rank,county,state,unenrolled_persons,method,n_pressured_banks,total_offices,largest_bank,largest_bank_assets_k,largest_bank_regulator,largest_bank_inv,largest_bank_svc,banks
1,Los Angeles,CA,796577,MODELED,10,81,Bank OZK,41606548,FDIC,Outstanding,Low Satisfactory,"Bank OZK(FDIC,2br,inv=Outstanding,svc=Low Satisfactory); Bank of Hope(FDIC,17br,inv=High Satisfactory,svc=Low Satisfactory); Hanmi Bank(FDIC,15br,inv=Low Satisfactory,svc=High Satisfactory); FIRST BANK(FED,15br,inv=-,svc=Low Satisfactory); CTBC Bank Corp. (USA)(FDIC,12br,inv=Substantial Non Complianc,svc=Substantial Non Complianc); Commercial Bank of California(FDIC,3br,inv=Low Satisfactory,svc=High Satisfactory); Habib American Bank(FDIC,2br,inv=Low Satisfactory,svc=Low Satisfactory); PCB Bank(FDIC,9br,inv=Low Satisfactory,svc=High Satisfactory); Shinhan Bank America(FDIC,2br,inv=Low Satisfactory,svc=Low Satisfactory); COMMONWEALTH BUSINESS BANK(FED,4br,inv=Low Satisfactory,svc=Low Satisfactory)"
2,Harris,TX,497207,survey-weighted,14,111,REGIONS BANK,151314000,FED,-,Low Satisfactory,"REGIONS BANK(FED,7br,inv=-,svc=Low Satisfactory); Bank OZK(FDIC,7br,inv=Outstanding,svc=Low Satisfactory); Prosperity Bank(FDIC,60br,inv=High Satisfactory,svc=Low Satisfactory); SIMMONS BANK(FED,2br,inv=-,svc=Low Satisfactory); Bank of Hope(FDIC,2br,inv=High Satisfactory,svc=Low Satisfactory); PLAINSCAPITAL BANK(FED,5br,inv=-,svc=Low Satisfactory); ORIGIN BANK(FED,9br,inv=Low Satisfactory,svc=Low Satisfactory); Hanmi Bank(FDIC,2br,inv=Low Satisfactory,svc=High Satisfactory); b1BANK(FDIC,4br,inv=Low Satisfactory,svc=Low Satisfactory); THIRD COAST BANK(FED,3br,inv=Low Satisfactory,svc=Low Satisfactory)"
3,Cook,IL,336202,survey-weighted,8,78,Bank of Hope,18082905,FDIC,High Satisfactory,Low Satisfactory,"Bank of Hope(FDIC,4br,inv=High Satisfactory,svc=Low Satisfactory); Hanmi Bank(FDIC,2br,inv=Low Satisfactory,svc=High Satisfactory); First American Bank(FDIC,22br,inv=Low Satisfactory,svc=Low Satisfactory); Parkway Bank and Trust Company(FDIC,16br,inv=Low Satisfactory,svc=Low Satisfactory); Republic Bank of Chicago(FDIC,13br,inv=Low Satisfactory,svc=High Satisfactory); Lakeside Bank(FDIC,8br,inv=Low Satisfactory,svc=Low Satisfactory); Peoples Bank(FDIC,10br,inv=Low Satisfactory,svc=High Satisfactory); First Bank Chicago(FDIC,3br,inv=Low Satisfactory,svc=Outstanding)"
4,Maricopa,AZ,333882,survey-weighted,10,30,Bank of Colorado,7572545,FDIC,Low Satisfactory,High Satisfactory,"Bank of Colorado(FDIC,2br,inv=Low Satisfactory,svc=High Satisfactory); First International Bank & Trust(FDIC,4br,inv=Low Satisfactory,svc=Low Satisfactory); Parkway Bank and Trust Company(FDIC,4br,inv=Low Satisfactory,svc=Low Satisfactory); Sunwest Bank(FDIC,1br,inv=Low Satisfactory,svc=High Satisfactory); Gulf Coast Bank and Trust Company(FDIC,1br,inv=Low Satisfactory,svc=Low Satisfactory); FIRST FIDELITY BANK(FED,6br,inv=Low Satisfactory,svc=Low Satisfactory); Banterra Bank(FDIC,4br,inv=Low Satisfactory,svc=Low Satisfactory); KS StateBank(FDIC,1br,inv=Low Satisfactory,svc=High Satisfactory); FIRST WESTERN BANK AND TRUST(FED,1br,inv=Low Satisfactory,svc=Low Satisfactory); Western State Bank(FDIC,6br,inv=Low Satisfactory,svc=High Satisfactory)"
5,Dallas,TX,248444,survey-weighted,25,86,REGIONS BANK,151314000,FED,-,Low Satisfactory,"REGIONS BANK(FED,2br,inv=-,svc=Low Satisfactory); Bank OZK(FDIC,4br,inv=Outstanding,svc=Low Satisfactory); Prosperity Bank(FDIC,27br,inv=High Satisfactory,svc=Low Satisfactory); SIMMONS BANK(FED,5br,inv=-,svc=Low Satisfactory); CENTENNIAL BANK(FED,1br,inv=-,svc=Low Satisfactory); Bank of Hope(FDIC,1br,inv=High Satisfactory,svc=Low Satisfactory); NexBank(FDIC,2br,inv=High Satisfactory,svc=Low Satisfactory); PLAINSCAPITAL BANK(FED,7br,inv=-,svc=Low Satisfactory); ORIGIN BANK(FED,5br,inv=Low Satisfactory,svc=Low Satisfactory); Hanmi Bank(FDIC,2br,inv=Low Satisfactory,svc=High Satisfactory)"
6,Kings,NY,205264,survey-weighted,6,27,Apple Bank for Savings,16888361,FDIC,Low Satisfactory,High Satisfactory,"Apple Bank for Savings(FDIC,17br,inv=Low Satisfactory,svc=High Satisfactory); ConnectOne Bank(FDIC,1br,inv=Outstanding,svc=Low Satisfactory); POPULAR BANK(FED,6br,inv=Low Satisfactory,svc=-); Amalgamated Bank(FDIC,1br,inv=High Satisfactory,svc=Low Satisfactory); CTBC Bank Corp. (USA)(FDIC,1br,inv=Substantial Non Complianc,svc=Substantial Non Complianc); Bankwell Bank(FDIC,1br,inv=High Satisfactory,svc=Low Satisfactory)"
7,San Diego,CA,203583,MODELED,4,6,Bank of Hope,18082905,FDIC,High Satisfactory,Low Satisfactory,"Bank of Hope(FDIC,1br,inv=High Satisfactory,svc=Low Satisfactory); Hanmi Bank(FDIC,1br,inv=Low Satisfactory,svc=High Satisfactory); FIRST BANK(FED,3br,inv=-,svc=Low Satisfactory); Shinhan Bank America(FDIC,1br,inv=Low Satisfactory,svc=Low Satisfactory)"
8,Orange,CA,193939,MODELED,9,33,Bank of Hope,18082905,FDIC,High Satisfactory,Low Satisfactory,"Bank of Hope(FDIC,6br,inv=High Satisfactory,svc=Low Satisfactory); Hanmi Bank(FDIC,3br,inv=Low Satisfactory,svc=High Satisfactory); FIRST BANK(FED,8br,inv=-,svc=Low Satisfactory); CTBC Bank Corp. (USA)(FDIC,2br,inv=Substantial Non Complianc,svc=Substantial Non Complianc); Commercial Bank of California(FDIC,3br,inv=Low Satisfactory,svc=High Satisfactory); Sunwest Bank(FDIC,3br,inv=Low Satisfactory,svc=High Satisfactory); PCB Bank(FDIC,4br,inv=Low Satisfactory,svc=High Satisfactory); Shinhan Bank America(FDIC,2br,inv=Low Satisfactory,svc=Low Satisfactory); COMMONWEALTH BUSINESS BANK(FED,2br,inv=Low Satisfactory,svc=Low Satisfactory)"
9,Queens,NY,189984,survey-weighted,11,25,Bank of Hope,18082905,FDIC,High Satisfactory,Low Satisfactory,"Bank of Hope(FDIC,4br,inv=High Satisfactory,svc=Low Satisfactory); Apple Bank for Savings(FDIC,6br,inv=Low Satisfactory,svc=High Satisfactory); ConnectOne Bank(FDIC,3br,inv=Outstanding,svc=Low Satisfactory); POPULAR BANK(FED,4br,inv=Low Satisfactory,svc=-); Hanmi Bank(FDIC,1br,inv=Low Satisfactory,svc=High Satisfactory); CTBC Bank Corp. (USA)(FDIC,1br,inv=Substantial Non Complianc,svc=Substantial Non Complianc); Habib American Bank(FDIC,1br,inv=Low Satisfactory,svc=Low Satisfactory); PCB Bank(FDIC,1br,inv=Low Satisfactory,svc=High Satisfactory); The Bank of Princeton(FDIC,1br,inv=High Satisfactory,svc=Low Satisfactory); Shinhan Bank America(FDIC,2br,inv=Low Satisfactory,svc=Low Satisfactory)"
10,Miami-Dade,FL,189669,survey-weighted,7,74,REGIONS BANK,151314000,FED,-,Low Satisfactory,"REGIONS BANK(FED,27br,inv=-,svc=Low Satisfactory); Bank OZK(FDIC,5br,inv=Outstanding,svc=Low Satisfactory); CENTENNIAL BANK(FED,3br,inv=-,svc=Low Satisfactory); POPULAR BANK(FED,10br,inv=Low Satisfactory,svc=-); First American Bank(FDIC,6br,inv=Low Satisfactory,svc=Low Satisfactory); Ocean Bank(FDIC,21br,inv=Low Satisfactory,svc=Low Satisfactory); Banco do Brasil Americas(FDIC,2br,inv=High Satisfactory,svc=Low Satisfactory)"
11,Riverside,CA,183784,MODELED,1,3,FIRST BANK,6554829,FED,-,Low Satisfactory,"FIRST BANK(FED,3br,inv=-,svc=Low Satisfactory)"
12,San Bernardino,CA,176091,MODELED,2,2,Bank of Hope,18082905,FDIC,High Satisfactory,Low Satisfactory,"Bank of Hope(FDIC,1br,inv=High Satisfactory,svc=Low Satisfactory); FIRST BANK(FED,1br,inv=-,svc=Low Satisfactory)"
13,Bexar,TX,173935,survey-weighted,11,39,Bank OZK,41606548,FDIC,Outstanding,Low Satisfactory,"Bank OZK(FDIC,2br,inv=Outstanding,svc=Low Satisfactory); Prosperity Bank(FDIC,13br,inv=High Satisfactory,svc=Low Satisfactory); CENTENNIAL BANK(FED,1br,inv=-,svc=Low Satisfactory); PLAINSCAPITAL BANK(FED,4br,inv=-,svc=Low Satisfactory); THIRD COAST BANK(FED,1br,inv=Low Satisfactory,svc=Low Satisfactory); ENCORE BANK(FED,1br,inv=Low Satisfactory,svc=Low Satisfactory); Jefferson Bank(FDIC,10br,inv=Low Satisfactory,svc=Outstanding); TEXAS REGIONAL BANK(FED,1br,inv=Low Satisfactory,svc=-); American Momentum Bank(FDIC,1br,inv=High Satisfactory,svc=Low Satisfactory); TEXAS COMMUNITY BANK(FED,3br,inv=Low Satisfactory,svc=Needs to Improve)"
14,Broward,FL,168737,survey-weighted,6,29,REGIONS BANK,151314000,FED,-,Low Satisfactory,"REGIONS BANK(FED,8br,inv=-,svc=Low Satisfactory); Bank OZK(FDIC,1br,inv=Outstanding,svc=Low Satisfactory); CENTENNIAL BANK(FED,15br,inv=-,svc=Low Satisfactory); POPULAR BANK(FED,2br,inv=Low Satisfactory,svc=-); Ocean Bank(FDIC,2br,inv=Low Satisfactory,svc=Low Satisfactory); Banco do Brasil Americas(FDIC,1br,inv=High Satisfactory,svc=Low Satisfactory)"
16,Tarrant,TX,164794,survey-weighted,16,57,Bank OZK,41606548,FDIC,Outstanding,Low Satisfactory,"Bank OZK(FDIC,5br,inv=Outstanding,svc=Low Satisfactory); Prosperity Bank(FDIC,11br,inv=High Satisfactory,svc=Low Satisfactory); SIMMONS BANK(FED,11br,inv=-,svc=Low Satisfactory); CENTENNIAL BANK(FED,4br,inv=-,svc=Low Satisfactory); PLAINSCAPITAL BANK(FED,5br,inv=-,svc=Low Satisfactory); ORIGIN BANK(FED,4br,inv=Low Satisfactory,svc=Low Satisfactory); Hanmi Bank(FDIC,1br,inv=Low Satisfactory,svc=High Satisfactory); NBH BANK(FED,2br,inv=-,svc=Low Satisfactory); THIRD COAST BANK(FED,1br,inv=Low Satisfactory,svc=Low Satisfactory); INTERBANK(FED,3br,inv=Low Satisfactory,svc=-)"
17,Wayne,MI,133605,survey-weighted,1,1,Bank of Ann Arbor,3150538,FDIC,Low Satisfactory,High Satisfactory,"Bank of Ann Arbor(FDIC,1br,inv=Low Satisfactory,svc=High Satisfactory)"
18,Philadelphia,PA,130533,survey-weighted,7,22,Tompkins Community Bank,7842153,FDIC,Low Satisfactory,High Satisfactory,"Tompkins Community Bank(FDIC,1br,inv=Low Satisfactory,svc=High Satisfactory); UNIVEST BANK AND TRUST CO.(FED,7br,inv=-,svc=Low Satisfactory); Firstrust Savings Bank(FDIC,5br,inv=Low Satisfactory,svc=Low Satisfactory); FIRST CITIZENS COMMUNITY BANK(FED,3br,inv=Low Satisfactory,svc=-); Parke Bank(FDIC,2br,inv=Low Satisfactory,svc=Low Satisfactory); The Bank of Princeton(FDIC,3br,inv=High Satisfactory,svc=Low Satisfactory); Meridian Bank(FDIC,1br,inv=Substantial Non Complianc,svc=Substantial Non Complianc)"
19,Hillsborough,FL,115855,survey-weighted,6,25,REGIONS BANK,151314000,FED,-,Low Satisfactory,"REGIONS BANK(FED,3br,inv=-,svc=Low Satisfactory); Bank OZK(FDIC,7br,inv=Outstanding,svc=Low Satisfactory); CENTENNIAL BANK(FED,4br,inv=-,svc=Low Satisfactory); ENCORE BANK(FED,1br,inv=Low Satisfactory,svc=Low Satisfactory); The Bank of Tampa(FDIC,8br,inv=Low Satisfactory,svc=High Satisfactory); American Momentum Bank(FDIC,2br,inv=High Satisfactory,svc=Low Satisfactory)"
20,Hidalgo,TX,113138,survey-weighted,5,46,PLAINSCAPITAL BANK,13674043,FED,-,Low Satisfactory,"PLAINSCAPITAL BANK(FED,7br,inv=-,svc=Low Satisfactory); International Bank of Commerce(FDIC,29br,inv=Outstanding,svc=Low Satisfactory); TEXAS REGIONAL BANK(FED,7br,inv=Low Satisfactory,svc=-); TEXAS COMMUNITY BANK(FED,1br,inv=Low Satisfactory,svc=Needs to Improve); Falcon International Bank(FDIC,2br,inv=High Satisfactory,svc=Low Satisfactory)"
21,Franklin,OH,110505,survey-weighted,3,23,German American Bank,6144423,FDIC,Low Satisfactory,Low Satisfactory,"German American Bank(FDIC,15br,inv=Low Satisfactory,svc=Low Satisfactory); Union Savings Bank(FDIC,6br,inv=High Satisfactory,svc=Low Satisfactory); CIVISTA BANK(FED,2br,inv=-,svc=Low Satisfactory)"
22,Bronx,NY,110484,survey-weighted,4,15,Apple Bank for Savings,16888361,FDIC,Low Satisfactory,High Satisfactory,"Apple Bank for Savings(FDIC,9br,inv=Low Satisfactory,svc=High Satisfactory); POPULAR BANK(FED,3br,inv=Low Satisfactory,svc=-); Amalgamated Bank(FDIC,1br,inv=High Satisfactory,svc=Low Satisfactory); ORANGE BANK & TRUST COMPANY(FED,2br,inv=Low Satisfactory,svc=-)"
23,New York,NY,109137,survey-weighted,11,32,Bank OZK,41606548,FDIC,Outstanding,Low Satisfactory,"Bank OZK(FDIC,1br,inv=Outstanding,svc=Low Satisfactory); CENTENNIAL BANK(FED,1br,inv=-,svc=Low Satisfactory); Bank of Hope(FDIC,1br,inv=High Satisfactory,svc=Low Satisfactory); Apple Bank for Savings(FDIC,14br,inv=Low Satisfactory,svc=High Satisfactory); ConnectOne Bank(FDIC,1br,inv=Outstanding,svc=Low Satisfactory); POPULAR BANK(FED,7br,inv=Low Satisfactory,svc=-); Amalgamated Bank(FDIC,2br,inv=High Satisfactory,svc=Low Satisfactory); Hanmi Bank(FDIC,1br,inv=Low Satisfactory,svc=High Satisfactory); PEAPACK-GLADSTONE BANK(FED,1br,inv=-,svc=Low Satisfactory); Habib American Bank(FDIC,1br,inv=Low Satisfactory,svc=Low Satisfactory)"
24,Orange,FL,108465,survey-weighted,7,16,REGIONS BANK,151314000,FED,-,Low Satisfactory,"REGIONS BANK(FED,6br,inv=-,svc=Low Satisfactory); Bank OZK(FDIC,2br,inv=Outstanding,svc=Low Satisfactory); Ameris Bank(FDIC,2br,inv=High Satisfactory,svc=Low Satisfactory); CENTENNIAL BANK(FED,2br,inv=-,svc=Low Satisfactory); Ocean Bank(FDIC,1br,inv=Low Satisfactory,svc=Low Satisfactory); Banco do Brasil Americas(FDIC,1br,inv=High Satisfactory,svc=Low Satisfactory); American Momentum Bank(FDIC,2br,inv=High Satisfactory,svc=Low Satisfactory)"
25,Sacramento,CA,107264,MODELED,5,12,FIRST BANK,6554829,FED,-,Low Satisfactory,"FIRST BANK(FED,1br,inv=-,svc=Low Satisfactory); Bank of Stockton(FDIC,1br,inv=Low Satisfactory,svc=High Satisfactory); Bank of Marin(FDIC,4br,inv=Low Satisfactory,svc=Low Satisfactory); Five Star Bank(FDIC,3br,inv=High Satisfactory,svc=Low Satisfactory); First Northern Bank of Dixon(FDIC,3br,inv=Low Satisfactory,svc=High Satisfactory)"
27,Palm Beach,FL,104095,survey-weighted,6,12,REGIONS BANK,151314000,FED,-,Low Satisfactory,"REGIONS BANK(FED,1br,inv=-,svc=Low Satisfactory); Bank OZK(FDIC,1br,inv=Outstanding,svc=Low Satisfactory); CENTENNIAL BANK(FED,7br,inv=-,svc=Low Satisfactory); ConnectOne Bank(FDIC,1br,inv=Outstanding,svc=Low Satisfactory); NBH BANK(FED,1br,inv=-,svc=Low Satisfactory); Ocean Bank(FDIC,1br,inv=Low Satisfactory,svc=Low Satisfactory)"
28,King,WA,100101,survey-weighted,5,14,Bank of Hope,18082905,FDIC,High Satisfactory,Low Satisfactory,"Bank of Hope(FDIC,3br,inv=High Satisfactory,svc=Low Satisfactory); Heritage Bank(FDIC,6br,inv=High Satisfactory,svc=Low Satisfactory); 1st Security Bank of Washington(FDIC,3br,inv=Outstanding,svc=Low Satisfactory); Peoples Bank(FDIC,1br,inv=High Satisfactory,svc=Low Satisfactory); Timberland Bank(FDIC,1br,inv=High Satisfactory,svc=Low Satisfactory)"
29,El Paso,TX,97007,survey-weighted,2,7,City Bank,4184122,FDIC,Low Satisfactory,Low Satisfactory,"City Bank(FDIC,3br,inv=Low Satisfactory,svc=Low Satisfactory); First American Bank(FDIC,4br,inv=Outstanding,svc=Low Satisfactory)"
31,Travis,TX,93843,survey-weighted,14,37,REGIONS BANK,151314000,FED,-,Low Satisfactory,"REGIONS BANK(FED,1br,inv=-,svc=Low Satisfactory); Bank OZK(FDIC,3br,inv=Outstanding,svc=Low Satisfactory); Prosperity Bank(FDIC,13br,inv=High Satisfactory,svc=Low Satisfactory); CENTENNIAL BANK(FED,1br,inv=-,svc=Low Satisfactory); PLAINSCAPITAL BANK(FED,2br,inv=-,svc=Low Satisfactory); NBH BANK(FED,3br,inv=-,svc=Low Satisfactory); THIRD COAST BANK(FED,4br,inv=Low Satisfactory,svc=Low Satisfactory); ENCORE BANK(FED,1br,inv=Low Satisfactory,svc=Low Satisfactory); Gulf Coast Bank and Trust Company(FDIC,1br,inv=Low Satisfactory,svc=Low Satisfactory); Jefferson Bank(FDIC,1br,inv=Low Satisfactory,svc=Outstanding)"
33,Alameda,CA,91425,MODELED,3,5,Hanmi Bank,7407990,FDIC,Low Satisfactory,High Satisfactory,"Hanmi Bank(FDIC,1br,inv=Low Satisfactory,svc=High Satisfactory); Bank of Marin(FDIC,3br,inv=Low Satisfactory,svc=Low Satisfactory); Commercial Bank of California(FDIC,1br,inv=Low Satisfactory,svc=High Satisfactory)"
34,Marion,IN,88230,survey-weighted,5,18,REGIONS BANK,151314000,FED,-,Low Satisfactory,"REGIONS BANK(FED,12br,inv=-,svc=Low Satisfactory); Horizon Bank(FDIC,1br,inv=Low Satisfactory,svc=High Satisfactory); LAKE CITY BANK(FED,3br,inv=Low Satisfactory,svc=-); First Business Bank(FDIC,1br,inv=Outstanding,svc=Low Satisfactory); Union Savings Bank(FDIC,1br,inv=High Satisfactory,svc=Low Satisfactory)"
35,Shelby,TN,85763,survey-weighted,3,25,REGIONS BANK,151314000,FED,-,Low Satisfactory,"REGIONS BANK(FED,15br,inv=-,svc=Low Satisfactory); SIMMONS BANK(FED,9br,inv=-,svc=Low Satisfactory); Community Bank of Mississippi(FDIC,1br,inv=Low Satisfactory,svc=High Satisfactory)"
36,Gwinnett,GA,85283,survey-weighted,9,17,REGIONS BANK,151314000,FED,-,Low Satisfactory,"REGIONS BANK(FED,1br,inv=-,svc=Low Satisfactory); Bank OZK(FDIC,3br,inv=Outstanding,svc=Low Satisfactory); Ameris Bank(FDIC,7br,inv=High Satisfactory,svc=Low Satisfactory); Bank of Hope(FDIC,1br,inv=High Satisfactory,svc=Low Satisfactory); Hanmi Bank(FDIC,1br,inv=Low Satisfactory,svc=High Satisfactory); HOMETRUST BANK(FED,1br,inv=Low Satisfactory,svc=Low Satisfactory); PCB Bank(FDIC,1br,inv=Low Satisfactory,svc=High Satisfactory); Pinnacle Bank(FDIC,1br,inv=Low Satisfactory,svc=High Satisfactory); Shinhan Bank America(FDIC,1br,inv=Low Satisfactory,svc=Low Satisfactory)"
37,Salt Lake,UT,82922,survey-weighted,6,6,WEX Bank,7597943,FDIC,Low Satisfactory,Low Satisfactory,"WEX Bank(FDIC,1br,inv=Low Satisfactory,svc=Low Satisfactory); NBH BANK(FED,1br,inv=-,svc=Low Satisfactory); Cache Valley Bank(FDIC,1br,inv=High Satisfactory,svc=Low Satisfactory); D. L. Evans Bank(FDIC,1br,inv=Low Satisfactory,svc=High Satisfactory); Sunwest Bank(FDIC,1br,inv=Low Satisfactory,svc=High Satisfactory); Banterra Bank(FDIC,1br,inv=Low Satisfactory,svc=Low Satisfactory)"
38,Duval,FL,82772,survey-weighted,3,14,Bank OZK,41606548,FDIC,Outstanding,Low Satisfactory,"Bank OZK(FDIC,4br,inv=Outstanding,svc=Low Satisfactory); Ameris Bank(FDIC,9br,inv=High Satisfactory,svc=Low Satisfactory); Colony Bank(FDIC,1br,inv=Low Satisfactory,svc=High Satisfactory)"
39,Santa Clara,CA,80391,MODELED,8,10,Bank of Hope,18082905,FDIC,High Satisfactory,Low Satisfactory,"Bank of Hope(FDIC,1br,inv=High Satisfactory,svc=Low Satisfactory); Hanmi Bank(FDIC,1br,inv=Low Satisfactory,svc=High Satisfactory); FIRST BANK(FED,1br,inv=-,svc=Low Satisfactory); CTBC Bank Corp. (USA)(FDIC,2br,inv=Substantial Non Complianc,svc=Substantial Non Complianc); Commercial Bank of California(FDIC,1br,inv=Low Satisfactory,svc=High Satisfactory); Exchange Bank(FDIC,1br,inv=Low Satisfactory,svc=Low Satisfactory); West Coast Community Bank(FDIC,2br,inv=High Satisfactory,svc=Low Satisfactory); Avidbank(FDIC,1br,inv=Low Satisfactory,svc=Low Satisfactory)"
40,New Haven,CT,79367,survey-weighted (LEGACY COUNTIES),1,1,Ion Bank,2083933,FDIC,Low Satisfactory,High Satisfactory,"Ion Bank(FDIC,1br,inv=Low Satisfactory,svc=High Satisfactory)"
41,Cuyahoga,OH,78938,survey-weighted,2,3,Union Savings Bank,3391585,FDIC,High Satisfactory,Low Satisfactory,"Union Savings Bank(FDIC,2br,inv=High Satisfactory,svc=Low Satisfactory); CIVISTA BANK(FED,1br,inv=-,svc=Low Satisfactory)"
42,Allegheny,PA,75711,survey-weighted,3,4,UNIVEST BANK AND TRUST CO.,6892885,FED,-,Low Satisfactory,"UNIVEST BANK AND TRUST CO.(FED,1br,inv=-,svc=Low Satisfactory); Union Savings Bank(FDIC,2br,inv=High Satisfactory,svc=Low Satisfactory); AMERISERV FINANCIAL BANK(FED,1br,inv=Low Satisfactory,svc=Low Satisfactory)"
43,Hennepin,MN,74079,survey-weighted,4,5,Great Southern Bank,5723662,FDIC,High Satisfactory,Low Satisfactory,"Great Southern Bank(FDIC,2br,inv=High Satisfactory,svc=Low Satisfactory); First International Bank & Trust(FDIC,1br,inv=Low Satisfactory,svc=Low Satisfactory); Gulf Coast Bank and Trust Company(FDIC,1br,inv=Low Satisfactory,svc=Low Satisfactory); FIRST WESTERN BANK AND TRUST(FED,1br,inv=Low Satisfactory,svc=Low Satisfactory)"
44,Mecklenburg,NC,73486,survey-weighted,7,11,Bank OZK,41606548,FDIC,Outstanding,Low Satisfactory,"Bank OZK(FDIC,3br,inv=Outstanding,svc=Low Satisfactory); Ameris Bank(FDIC,1br,inv=High Satisfactory,svc=Low Satisfactory); Carter Bank & Trust(FDIC,1br,inv=Low Satisfactory,svc=High Satisfactory); The Fidelity Bank(FDIC,1br,inv=Low Satisfactory,svc=Low Satisfactory); ENCORE BANK(FED,1br,inv=Low Satisfactory,svc=Low Satisfactory); HOMETRUST BANK(FED,2br,inv=Low Satisfactory,svc=Low Satisfactory); Peoples Bank(FDIC,2br,inv=Low Satisfactory,svc=High Satisfactory)"
45,Prince George's,MD,73007,survey-weighted,1,1,PRIMIS BANK,3831355,FED,Low Satisfactory,Low Satisfactory,"PRIMIS BANK(FED,1br,inv=Low Satisfactory,svc=Low Satisfactory)"
46,Jefferson,KY,72858,survey-weighted,4,6,German American Bank,6144423,FDIC,Low Satisfactory,Low Satisfactory,"German American Bank(FDIC,3br,inv=Low Satisfactory,svc=Low Satisfactory); INDEPENDENCE BANK OF KENTUCKY(FED,1br,inv=-,svc=Low Satisfactory); Traditional Bank, Inc.(FDIC,1br,inv=Low Satisfactory,svc=High Satisfactory); South Central Bank,  Inc.(FDIC,1br,inv=Low Satisfactory,svc=Low Satisfactory)"
47,Lee,FL,71737,survey-weighted,4,10,Bank OZK,41606548,FDIC,Outstanding,Low Satisfactory,"Bank OZK(FDIC,6br,inv=Outstanding,svc=Low Satisfactory); CENTENNIAL BANK(FED,2br,inv=-,svc=Low Satisfactory); American Momentum Bank(FDIC,1br,inv=High Satisfactory,svc=Low Satisfactory); Meridian Bank(FDIC,1br,inv=Substantial Non Complianc,svc=Substantial Non Complianc)"
49,Oklahoma,OK,69136,survey-weighted,10,74,Prosperity Bank,38274790,FDIC,High Satisfactory,Low Satisfactory,"Prosperity Bank(FDIC,8br,inv=High Satisfactory,svc=Low Satisfactory); SIMMONS BANK(FED,4br,inv=-,svc=Low Satisfactory); CENTRAL TRUST BANK THE(FED,3br,inv=Low Satisfactory,svc=-); BancFirst(FDIC+FED,22br,inv=High Satisfactory,svc=Low Satisfactory); INTERBANK(FED,5br,inv=Low Satisfactory,svc=-); RCB BANK(FED,7br,inv=Low Satisfactory,svc=Low Satisfactory); EQUITY BANK(FED,2br,inv=Low Satisfactory,svc=Low Satisfactory); FIRST FIDELITY BANK(FED,12br,inv=Low Satisfactory,svc=Low Satisfactory); Armstrong Bank(FDIC,1br,inv=High Satisfactory,svc=Low Satisfactory); International Bank of Commerce(FDIC,10br,inv=Outstanding,svc=Low Satisfactory)"
50,Fulton,GA,68787,survey-weighted,6,22,Bank OZK,41606548,FDIC,Outstanding,Low Satisfactory,"Bank OZK(FDIC,6br,inv=Outstanding,svc=Low Satisfactory); Ameris Bank(FDIC,12br,inv=High Satisfactory,svc=Low Satisfactory); HOMETRUST BANK(FED,1br,inv=Low Satisfactory,svc=Low Satisfactory); Colony Bank(FDIC,1br,inv=Low Satisfactory,svc=High Satisfactory); Shinhan Bank America(FDIC,1br,inv=Low Satisfactory,svc=Low Satisfactory); First Community Bank(FDIC,1br,inv=Low Satisfactory,svc=Low Satisfactory)"
51,Pinellas,FL,66804,survey-weighted,6,22,REGIONS BANK,151314000,FED,-,Low Satisfactory,"REGIONS BANK(FED,4br,inv=-,svc=Low Satisfactory); Bank OZK(FDIC,9br,inv=Outstanding,svc=Low Satisfactory); CENTENNIAL BANK(FED,3br,inv=-,svc=Low Satisfactory); The Bank of Tampa(FDIC,3br,inv=Low Satisfactory,svc=High Satisfactory); Gulf Coast Bank and Trust Company(FDIC,1br,inv=Low Satisfactory,svc=Low Satisfactory); American Momentum Bank(FDIC,2br,inv=High Satisfactory,svc=Low Satisfactory)"
52,Fort Bend,TX,66255,survey-weighted,5,16,Prosperity Bank,38274790,FDIC,High Satisfactory,Low Satisfactory,"Prosperity Bank(FDIC,12br,inv=High Satisfactory,svc=Low Satisfactory); SIMMONS BANK(FED,1br,inv=-,svc=Low Satisfactory); ORIGIN BANK(FED,1br,inv=Low Satisfactory,svc=Low Satisfactory); b1BANK(FDIC,1br,inv=Low Satisfactory,svc=Low Satisfactory); TEXAS REGIONAL BANK(FED,1br,inv=Low Satisfactory,svc=-)"
53,Middlesex,MA,64622,survey-weighted,9,70,Salem Five Cents Savings Bank,7117552,FDIC,Low Satisfactory,High Satisfactory,"Salem Five Cents Savings Bank(FDIC,12br,inv=Low Satisfactory,svc=High Satisfactory); BROOKLINE BANK(FED,12br,inv=Low Satisfactory,svc=Low Satisfactory); Northern Bank & Trust Company(FDIC,14br,inv=High Satisfactory,svc=Low Satisfactory); Avidia Bank(FDIC,5br,inv=Low Satisfactory,svc=Low Satisfactory); UniBank for Savings(FDIC,1br,inv=High Satisfactory,svc=Low Satisfactory); NEEDHAM BANK(FED,3br,inv=-,svc=Low Satisfactory); The Village Bank(FDIC,11br,inv=Low Satisfactory,svc=Low Satisfactory); North Shore Bank, a Co-operative Bank(FDIC,1br,inv=Substantial Non Complianc,svc=Substantial Non Complianc); EAST CAMBRIDGE SAVINGS BANK(FED,11br,inv=Low Satisfactory,svc=-)"
54,Essex,NJ,64368,survey-weighted,3,3,ConnectOne Bank,14013611,FDIC,Outstanding,Low Satisfactory,"ConnectOne Bank(FDIC,1br,inv=Outstanding,svc=Low Satisfactory); POPULAR BANK(FED,1br,inv=Low Satisfactory,svc=-); Blue Foundry Bank(FDIC,1br,inv=Low Satisfactory,svc=High Satisfactory)"
55,Honolulu,HI,63926,survey-weighted,2,26,Bank of Hope,18082905,FDIC,High Satisfactory,Low Satisfactory,"Bank of Hope(FDIC,23br,inv=High Satisfactory,svc=Low Satisfactory); COMMONWEALTH BUSINESS BANK(FED,3br,inv=Low Satisfactory,svc=Low Satisfactory)"
56,Collin,TX,63244,survey-weighted,13,39,Bank OZK,41606548,FDIC,Outstanding,Low Satisfactory,"Bank OZK(FDIC,5br,inv=Outstanding,svc=Low Satisfactory); Prosperity Bank(FDIC,16br,inv=High Satisfactory,svc=Low Satisfactory); SIMMONS BANK(FED,1br,inv=-,svc=Low Satisfactory); CENTENNIAL BANK(FED,1br,inv=-,svc=Low Satisfactory); PLAINSCAPITAL BANK(FED,4br,inv=-,svc=Low Satisfactory); ORIGIN BANK(FED,2br,inv=Low Satisfactory,svc=Low Satisfactory); b1BANK(FDIC,3br,inv=Low Satisfactory,svc=Low Satisfactory); THIRD COAST BANK(FED,1br,inv=Low Satisfactory,svc=Low Satisfactory); City Bank(FDIC,1br,inv=Low Satisfactory,svc=Low Satisfactory); First Guaranty Bank(FDIC,1br,inv=Low Satisfactory,svc=Low Satisfactory)"
57,Oakland,MI,63199,survey-weighted,3,4,Horizon Bank,7621571,FDIC,Low Satisfactory,High Satisfactory,"Horizon Bank(FDIC,1br,inv=Low Satisfactory,svc=High Satisfactory); Bank of Ann Arbor(FDIC,2br,inv=Low Satisfactory,svc=High Satisfactory); CHOICEONE BANK(FED,1br,inv=Low Satisfactory,svc=Low Satisfactory)"
58,Hamilton,OH,62575,survey-weighted,2,10,German American Bank,6144423,FDIC,Low Satisfactory,Low Satisfactory,"German American Bank(FDIC,1br,inv=Low Satisfactory,svc=Low Satisfactory); Union Savings Bank(FDIC,9br,inv=High Satisfactory,svc=Low Satisfactory)"
59,Erie,NY,62302,survey-weighted,2,2,Tompkins Community Bank,7842153,FDIC,Low Satisfactory,High Satisfactory,"Tompkins Community Bank(FDIC,1br,inv=Low Satisfactory,svc=High Satisfactory); CHEMUNG CANAL TRUST COMPANY(FED,1br,inv=Low Satisfactory,svc=-)"
60,Milwaukee,WI,61653,survey-weighted,3,31,North Shore Bank,2569494,FDIC,Low Satisfactory,High Satisfactory,"North Shore Bank(FDIC,17br,inv=Low Satisfactory,svc=High Satisfactory); WaterStone Bank, SSB(FDIC,11br,inv=High Satisfactory,svc=Low Satisfactory); Bank Five Nine(FDIC,3br,inv=Low Satisfactory,svc=High Satisfactory)"
61,Polk,FL,61216,survey-weighted,1,2,CENTENNIAL BANK,22808174,FED,-,Low Satisfactory,"CENTENNIAL BANK(FED,2br,inv=-,svc=Low Satisfactory)"
62,DeKalb,GA,58790,survey-weighted,3,8,REGIONS BANK,151314000,FED,-,Low Satisfactory,"REGIONS BANK(FED,1br,inv=-,svc=Low Satisfactory); Bank OZK(FDIC,2br,inv=Outstanding,svc=Low Satisfactory); Ameris Bank(FDIC,5br,inv=High Satisfactory,svc=Low Satisfactory)"
63,Westchester,NY,58000,survey-weighted,6,28,CUSTOMERS BANK,20879065,FDIC+FED,Low Satisfactory,Low Satisfactory,"CUSTOMERS BANK(FDIC+FED,1br,inv=Low Satisfactory,svc=Low Satisfactory); Apple Bank for Savings(FDIC,6br,inv=Low Satisfactory,svc=High Satisfactory); ConnectOne Bank(FDIC,1br,inv=Outstanding,svc=Low Satisfactory); Tompkins Community Bank(FDIC,5br,inv=Low Satisfactory,svc=High Satisfactory); BROOKLINE BANK(FED,9br,inv=Low Satisfactory,svc=Low Satisfactory); ORANGE BANK & TRUST COMPANY(FED,6br,inv=Low Satisfactory,svc=-)"
64,Contra Costa,CA,57980,MODELED,5,6,FIRST BANK,6554829,FED,-,Low Satisfactory,"FIRST BANK(FED,2br,inv=-,svc=Low Satisfactory); Bank of Stockton(FDIC,1br,inv=Low Satisfactory,svc=High Satisfactory); Bank of Marin(FDIC,1br,inv=Low Satisfactory,svc=Low Satisfactory); Commercial Bank of California(FDIC,1br,inv=Low Satisfactory,svc=High Satisfactory); Five Star Bank(FDIC,1br,inv=High Satisfactory,svc=Low Satisfactory)"
65,Davidson,TN,57883,survey-weighted,6,30,REGIONS BANK,151314000,FED,-,Low Satisfactory,"REGIONS BANK(FED,22br,inv=-,svc=Low Satisfactory); Bank OZK(FDIC,1br,inv=Outstanding,svc=Low Satisfactory); SIMMONS BANK(FED,3br,inv=-,svc=Low Satisfactory); COMMERCIAL BANK(FED,1br,inv=Low Satisfactory,svc=Low Satisfactory); Bank of Tennessee(FDIC,1br,inv=Low Satisfactory,svc=Low Satisfactory); FIRST FARMERS AND MERCHANTS BANK(FED,2br,inv=Low Satisfactory,svc=Low Satisfactory)"
66,Suffolk,NY,57872,survey-weighted,2,28,Apple Bank for Savings,16888361,FDIC,Low Satisfactory,High Satisfactory,"Apple Bank for Savings(FDIC,10br,inv=Low Satisfactory,svc=High Satisfactory); ConnectOne Bank(FDIC,18br,inv=Outstanding,svc=Low Satisfactory)"
67,San Joaquin,CA,57499,MODELED,2,9,Bank of Stockton,4320510,FDIC,Low Satisfactory,High Satisfactory,"Bank of Stockton(FDIC,8br,inv=Low Satisfactory,svc=High Satisfactory); Five Star Bank(FDIC,1br,inv=High Satisfactory,svc=Low Satisfactory)"
69,Montgomery,TX,57433,survey-weighted,7,20,Prosperity Bank,38274790,FDIC,High Satisfactory,Low Satisfactory,"Prosperity Bank(FDIC,7br,inv=High Satisfactory,svc=Low Satisfactory); SIMMONS BANK(FED,5br,inv=-,svc=Low Satisfactory); PLAINSCAPITAL BANK(FED,1br,inv=-,svc=Low Satisfactory); ORIGIN BANK(FED,1br,inv=Low Satisfactory,svc=Low Satisfactory); THIRD COAST BANK(FED,2br,inv=Low Satisfactory,svc=Low Satisfactory); TEXAS REGIONAL BANK(FED,1br,inv=Low Satisfactory,svc=-); TEXAS FIRST BANK(FED,3br,inv=Low Satisfactory,svc=-)"
70,Utah,UT,57177,survey-weighted,4,19,NBH BANK,6948775,FED,-,Low Satisfactory,"NBH BANK(FED,5br,inv=-,svc=Low Satisfactory); Cache Valley Bank(FDIC,1br,inv=High Satisfactory,svc=Low Satisfactory); D. L. Evans Bank(FDIC,1br,inv=Low Satisfactory,svc=High Satisfactory); Central Bank(FDIC,12br,inv=Low Satisfactory,svc=High Satisfactory)"
71,Nassau,NY,55249,survey-weighted,6,31,Bank of Hope,18082905,FDIC,High Satisfactory,Low Satisfactory,"Bank of Hope(FDIC,1br,inv=High Satisfactory,svc=Low Satisfactory); Apple Bank for Savings(FDIC,11br,inv=Low Satisfactory,svc=High Satisfactory); ConnectOne Bank(FDIC,16br,inv=Outstanding,svc=Low Satisfactory); PEAPACK-GLADSTONE BANK(FED,1br,inv=-,svc=Low Satisfactory); Habib American Bank(FDIC,1br,inv=Low Satisfactory,svc=Low Satisfactory); The Bank of Princeton(FDIC,1br,inv=High Satisfactory,svc=Low Satisfactory)"
72,Jefferson,AL,54642,survey-weighted,4,33,REGIONS BANK,151314000,FED,-,Low Satisfactory,"REGIONS BANK(FED,29br,inv=-,svc=Low Satisfactory); Community Bank of Mississippi(FDIC,2br,inv=Low Satisfactory,svc=High Satisfactory); SMARTBANK(FED,1br,inv=Low Satisfactory,svc=Low Satisfactory); BANKFIRST FINANCIAL SERVICES(FED,1br,inv=Low Satisfactory,svc=-)"
73,Tulsa,OK,53662,survey-weighted,10,47,Prosperity Bank,38274790,FDIC,High Satisfactory,Low Satisfactory,"Prosperity Bank(FDIC,9br,inv=High Satisfactory,svc=Low Satisfactory); SIMMONS BANK(FED,1br,inv=-,svc=Low Satisfactory); CENTRAL TRUST BANK THE(FED,5br,inv=Low Satisfactory,svc=-); BancFirst(FDIC+FED,10br,inv=High Satisfactory,svc=Low Satisfactory); Great Southern Bank(FDIC,1br,inv=High Satisfactory,svc=Low Satisfactory); RCB BANK(FED,5br,inv=Low Satisfactory,svc=Low Satisfactory); EQUITY BANK(FED,1br,inv=Low Satisfactory,svc=Low Satisfactory); FIRST FIDELITY BANK(FED,1br,inv=Low Satisfactory,svc=Low Satisfactory); Armstrong Bank(FDIC,3br,inv=High Satisfactory,svc=Low Satisfactory); International Bank of Commerce(FDIC,11br,inv=Outstanding,svc=Low Satisfactory)"
75,Wake,NC,52904,survey-weighted,6,19,Bank OZK,41606548,FDIC,Outstanding,Low Satisfactory,"Bank OZK(FDIC,1br,inv=Outstanding,svc=Low Satisfactory); CENTRAL TRUST BANK THE(FED,1br,inv=Low Satisfactory,svc=-); Southern Bank and Trust Company(FDIC,1br,inv=High Satisfactory,svc=Low Satisfactory); Carter Bank & Trust(FDIC,1br,inv=Low Satisfactory,svc=High Satisfactory); The Fidelity Bank(FDIC,13br,inv=Low Satisfactory,svc=Low Satisfactory); HOMETRUST BANK(FED,2br,inv=Low Satisfactory,svc=Low Satisfactory)"
76,Baltimore city,MD,52483,survey-weighted,7,10,UNIVEST BANK AND TRUST CO.,6892885,FED,-,Low Satisfactory,"UNIVEST BANK AND TRUST CO.(FED,1br,inv=-,svc=Low Satisfactory); UNIVEST BANK AND TRUST CO.(FED,1br,inv=-,svc=Low Satisfactory); Firstrust Savings Bank(FDIC,1br,inv=Low Satisfactory,svc=Low Satisfactory); CFG Bank(FDIC,1br,inv=High Satisfactory,svc=Low Satisfactory); CFG Bank(FDIC,1br,inv=High Satisfactory,svc=Low Satisfactory); ORRSTOWN BANK(FED,4br,inv=Low Satisfactory,svc=Low Satisfactory); FVCBANK(FED,1br,inv=Needs to Improve,svc=-)"
78,Jackson,MO,51947,survey-weighted,7,35,SIMMONS BANK,26749112,FED,-,Low Satisfactory,"SIMMONS BANK(FED,2br,inv=-,svc=Low Satisfactory); CENTRAL TRUST BANK THE(FED,15br,inv=Low Satisfactory,svc=-); NBH BANK(FED,5br,inv=-,svc=Low Satisfactory); Great Southern Bank(FDIC,2br,inv=High Satisfactory,svc=Low Satisfactory); EQUITY BANK(FED,3br,inv=Low Satisfactory,svc=Low Satisfactory); Security Bank of Kansas City(FDIC,6br,inv=Low Satisfactory,svc=High Satisfactory); Hawthorn Bank(FDIC,2br,inv=High Satisfactory,svc=Low Satisfactory)"
79,Greenville,SC,51775,survey-weighted,6,12,REGIONS BANK,151314000,FED,-,Low Satisfactory,"REGIONS BANK(FED,1br,inv=-,svc=Low Satisfactory); Ameris Bank(FDIC,4br,inv=High Satisfactory,svc=Low Satisfactory); The Fidelity Bank(FDIC,1br,inv=Low Satisfactory,svc=Low Satisfactory); ENCORE BANK(FED,1br,inv=Low Satisfactory,svc=Low Satisfactory); HOMETRUST BANK(FED,2br,inv=Low Satisfactory,svc=Low Satisfactory); First Community Bank(FDIC,3br,inv=Low Satisfactory,svc=Low Satisfactory)"
80,East Baton Rouge Parish,LA,51668,survey-weighted,5,26,REGIONS BANK,151314000,FED,-,Low Satisfactory,"REGIONS BANK(FED,10br,inv=-,svc=Low Satisfactory); BankPlus(FDIC,2br,inv=Outstanding,svc=Low Satisfactory); b1BANK(FDIC,5br,inv=Low Satisfactory,svc=Low Satisfactory); Red River Bank(FDIC,5br,inv=Low Satisfactory,svc=High Satisfactory); Gulf Coast Bank and Trust Company(FDIC,4br,inv=Low Satisfactory,svc=Low Satisfactory)"
81,Ventura,CA,51221,MODELED,1,2,FIRST BANK,6554829,FED,-,Low Satisfactory,"FIRST BANK(FED,2br,inv=-,svc=Low Satisfactory)"
82,Middlesex,NJ,50118,survey-weighted,8,26,Apple Bank for Savings,16888361,FDIC,Low Satisfactory,High Satisfactory,"Apple Bank for Savings(FDIC,1br,inv=Low Satisfactory,svc=High Satisfactory); POPULAR BANK(FED,1br,inv=Low Satisfactory,svc=-); CTBC Bank Corp. (USA)(FDIC,1br,inv=Substantial Non Complianc,svc=Substantial Non Complianc); Habib American Bank(FDIC,1br,inv=Low Satisfactory,svc=Low Satisfactory); AMBOY BANK(FED,13br,inv=Low Satisfactory,svc=-); Unity Bank(FDIC,4br,inv=Low Satisfactory,svc=High Satisfactory); Blue Foundry Bank(FDIC,1br,inv=Low Satisfactory,svc=High Satisfactory); The Bank of Princeton(FDIC,4br,inv=High Satisfactory,svc=Low Satisfactory)"
83,Cameron,TX,50116,survey-weighted,5,24,PLAINSCAPITAL BANK,13674043,FED,-,Low Satisfactory,"PLAINSCAPITAL BANK(FED,5br,inv=-,svc=Low Satisfactory); International Bank of Commerce(FDIC,12br,inv=Outstanding,svc=Low Satisfactory); TEXAS REGIONAL BANK(FED,5br,inv=Low Satisfactory,svc=-); TEXAS COMMUNITY BANK(FED,1br,inv=Low Satisfactory,svc=Needs to Improve); Falcon International Bank(FDIC,1br,inv=High Satisfactory,svc=Low Satisfactory)"
84,Ocean,NJ,49972,survey-weighted,3,4,Apple Bank for Savings,16888361,FDIC,Low Satisfactory,High Satisfactory,"Apple Bank for Savings(FDIC,1br,inv=Low Satisfactory,svc=High Satisfactory); Unity Bank(FDIC,1br,inv=Low Satisfactory,svc=High Satisfactory); The Bank of Princeton(FDIC,2br,inv=High Satisfactory,svc=Low Satisfactory)"
85,Hudson,NJ,49056,survey-weighted,3,4,ConnectOne Bank,14013611,FDIC,Outstanding,Low Satisfactory,"ConnectOne Bank(FDIC,1br,inv=Outstanding,svc=Low Satisfactory); POPULAR BANK(FED,1br,inv=Low Satisfactory,svc=-); Blue Foundry Bank(FDIC,2br,inv=Low Satisfactory,svc=High Satisfactory)"
86,Knox,TN,48640,survey-weighted,6,23,REGIONS BANK,151314000,FED,-,Low Satisfactory,"REGIONS BANK(FED,12br,inv=-,svc=Low Satisfactory); CENTENNIAL BANK(FED,2br,inv=-,svc=Low Satisfactory); SMARTBANK(FED,3br,inv=Low Satisfactory,svc=Low Satisfactory); Gulf Coast Bank and Trust Company(FDIC,1br,inv=Low Satisfactory,svc=Low Satisfactory); COMMERCIAL BANK(FED,4br,inv=Low Satisfactory,svc=Low Satisfactory); Bank of Tennessee(FDIC,1br,inv=Low Satisfactory,svc=Low Satisfactory)"
87,Pulaski,AR,48447,survey-weighted,6,61,REGIONS BANK,151314000,FED,-,Low Satisfactory,"REGIONS BANK(FED,10br,inv=-,svc=Low Satisfactory); Bank OZK(FDIC,16br,inv=Outstanding,svc=Low Satisfactory); SIMMONS BANK(FED,16br,inv=-,svc=Low Satisfactory); CENTENNIAL BANK(FED,15br,inv=-,svc=Low Satisfactory); ENCORE BANK(FED,2br,inv=Low Satisfactory,svc=Low Satisfactory); First Community Bank(FDIC,2br,inv=High Satisfactory,svc=Low Satisfactory)"
88,San Francisco,CA,48256,MODELED,8,10,Bank OZK,41606548,FDIC,Outstanding,Low Satisfactory,"Bank OZK(FDIC,2br,inv=Outstanding,svc=Low Satisfactory); Amalgamated Bank(FDIC,1br,inv=High Satisfactory,svc=Low Satisfactory); FIRST BANK(FED,2br,inv=-,svc=Low Satisfactory); CTBC Bank Corp. (USA)(FDIC,1br,inv=Substantial Non Complianc,svc=Substantial Non Complianc); Bank of Marin(FDIC,1br,inv=Low Satisfactory,svc=Low Satisfactory); Five Star Bank(FDIC,1br,inv=High Satisfactory,svc=Low Satisfactory); Bank of Guam(FDIC,1br,inv=Low Satisfactory,svc=Low Satisfactory); Avidbank(FDIC,1br,inv=Low Satisfactory,svc=Low Satisfactory)"
89,Cobb,GA,47753,survey-weighted,4,14,REGIONS BANK,151314000,FED,-,Low Satisfactory,"REGIONS BANK(FED,3br,inv=-,svc=Low Satisfactory); Bank OZK(FDIC,1br,inv=Outstanding,svc=Low Satisfactory); Ameris Bank(FDIC,9br,inv=High Satisfactory,svc=Low Satisfactory); The Fidelity Bank(FDIC,1br,inv=Low Satisfactory,svc=Low Satisfactory)"
90,Macomb,MI,47596,survey-weighted,1,1,CHOICEONE BANK,2724240,FED,Low Satisfactory,Low Satisfactory,"CHOICEONE BANK(FED,1br,inv=Low Satisfactory,svc=Low Satisfactory)"
92,Brevard,FL,46651,survey-weighted,1,2,REGIONS BANK,151314000,FED,-,Low Satisfactory,"REGIONS BANK(FED,2br,inv=-,svc=Low Satisfactory)"
93,Montgomery,MD,46137,survey-weighted,3,3,PRIMIS BANK,3831355,FED,Low Satisfactory,Low Satisfactory,"PRIMIS BANK(FED,1br,inv=Low Satisfactory,svc=Low Satisfactory); Burke & Herbert Bank & Trust Company(FDIC,1br,inv=Low Satisfactory,svc=High Satisfactory); FVCBANK(FED,1br,inv=Needs to Improve,svc=-)"
94,Denton,TX,45420,survey-weighted,8,21,Bank OZK,41606548,FDIC,Outstanding,Low Satisfactory,"Bank OZK(FDIC,6br,inv=Outstanding,svc=Low Satisfactory); Prosperity Bank(FDIC,5br,inv=High Satisfactory,svc=Low Satisfactory); PLAINSCAPITAL BANK(FED,1br,inv=-,svc=Low Satisfactory); NBH BANK(FED,1br,inv=-,svc=Low Satisfactory); b1BANK(FDIC,1br,inv=Low Satisfactory,svc=Low Satisfactory); First Guaranty Bank(FDIC,1br,inv=Low Satisfactory,svc=Low Satisfactory); TEXAS REGIONAL BANK(FED,3br,inv=Low Satisfactory,svc=-); FIRST STATE BANK(FED,3br,inv=Needs to Improve,svc=-)"
95,Monroe,NY,43986,survey-weighted,1,3,Tompkins Community Bank,7842153,FDIC,Low Satisfactory,High Satisfactory,"Tompkins Community Bank(FDIC,3br,inv=Low Satisfactory,svc=High Satisfactory)"
96,Multnomah,OR,43981,survey-weighted,1,2,Heritage Bank,7233406,FDIC,High Satisfactory,Low Satisfactory,"Heritage Bank(FDIC,2br,inv=High Satisfactory,svc=Low Satisfactory)"
97,Richmond,NY,43491,survey-weighted,1,1,Apple Bank for Savings,16888361,FDIC,Low Satisfactory,High Satisfactory,"Apple Bank for Savings(FDIC,1br,inv=Low Satisfactory,svc=High Satisfactory)"
98,Denver,CO,43328,survey-weighted,3,5,Bank of Colorado,7572545,FDIC,Low Satisfactory,High Satisfactory,"Bank of Colorado(FDIC,2br,inv=Low Satisfactory,svc=High Satisfactory); NBH BANK(FED,2br,inv=-,svc=Low Satisfactory); ENCORE BANK(FED,1br,inv=Low Satisfactory,svc=Low Satisfactory)"
99,Bergen,NJ,43178,survey-weighted,11,42,Bank of Hope,18082905,FDIC,High Satisfactory,Low Satisfactory,"Bank of Hope(FDIC,3br,inv=High Satisfactory,svc=Low Satisfactory); Apple Bank for Savings(FDIC,1br,inv=Low Satisfactory,svc=High Satisfactory); ConnectOne Bank(FDIC,6br,inv=Outstanding,svc=Low Satisfactory); Hanmi Bank(FDIC,1br,inv=Low Satisfactory,svc=High Satisfactory); PCB Bank(FDIC,2br,inv=Low Satisfactory,svc=High Satisfactory); Unity Bank(FDIC,2br,inv=Low Satisfactory,svc=High Satisfactory); Ion Bank(FDIC,11br,inv=Low Satisfactory,svc=High Satisfactory); Blue Foundry Bank(FDIC,11br,inv=Low Satisfactory,svc=High Satisfactory); The Bank of Princeton(FDIC,2br,inv=High Satisfactory,svc=Low Satisfactory); Shinhan Bank America(FDIC,2br,inv=Low Satisfactory,svc=Low Satisfactory)"
100,Snohomish,WA,43153,survey-weighted,4,17,Bank of Hope,18082905,FDIC,High Satisfactory,Low Satisfactory,"Bank of Hope(FDIC,1br,inv=High Satisfactory,svc=Low Satisfactory); Heritage Bank(FDIC,7br,inv=High Satisfactory,svc=Low Satisfactory); 1st Security Bank of Washington(FDIC,4br,inv=Outstanding,svc=Low Satisfactory); Peoples Bank(FDIC,5br,inv=High Satisfactory,svc=Low Satisfactory)"
101,Pasco,FL,43063,survey-weighted,2,4,Bank OZK,41606548,FDIC,Outstanding,Low Satisfactory,"Bank OZK(FDIC,1br,inv=Outstanding,svc=Low Satisfactory); CENTENNIAL BANK(FED,3br,inv=-,svc=Low Satisfactory)"
102,Montgomery,OH,42868,survey-weighted,2,7,Union Savings Bank,3391585,FDIC,High Satisfactory,Low Satisfactory,"Union Savings Bank(FDIC,4br,inv=High Satisfactory,svc=Low Satisfactory); CIVISTA BANK(FED,3br,inv=-,svc=Low Satisfactory)"
103,Bernalillo,NM,42755,survey-weighted,2,3,NBH BANK,6948775,FED,-,Low Satisfactory,"NBH BANK(FED,1br,inv=-,svc=Low Satisfactory); First American Bank(FDIC,2br,inv=Outstanding,svc=Low Satisfactory)"
104,Jefferson Parish,LA,42661,survey-weighted,5,18,REGIONS BANK,151314000,FED,-,Low Satisfactory,"REGIONS BANK(FED,6br,inv=-,svc=Low Satisfactory); BankPlus(FDIC,3br,inv=Outstanding,svc=Low Satisfactory); b1BANK(FDIC,1br,inv=Low Satisfactory,svc=Low Satisfactory); Red River Bank(FDIC,1br,inv=Low Satisfactory,svc=High Satisfactory); Gulf Coast Bank and Trust Company(FDIC,7br,inv=Low Satisfactory,svc=Low Satisfactory)"
105,Brazos,TX,42012,survey-weighted,4,16,Prosperity Bank,38274790,FDIC,High Satisfactory,Low Satisfactory,"Prosperity Bank(FDIC,10br,inv=High Satisfactory,svc=Low Satisfactory); SIMMONS BANK(FED,1br,inv=-,svc=Low Satisfactory); City Bank(FDIC,1br,inv=Low Satisfactory,svc=Low Satisfactory); American Momentum Bank(FDIC,4br,inv=High Satisfactory,svc=Low Satisfactory)"
106,Pinal,AZ,41810,survey-weighted,1,1,Western State Bank,2072686,FDIC,Low Satisfactory,High Satisfactory,"Western State Bank(FDIC,1br,inv=Low Satisfactory,svc=High Satisfactory)"
108,Montgomery,PA,41536,survey-weighted,8,42,Tompkins Community Bank,7842153,FDIC,Low Satisfactory,High Satisfactory,"Tompkins Community Bank(FDIC,3br,inv=Low Satisfactory,svc=High Satisfactory); UNIVEST BANK AND TRUST CO.(FED,20br,inv=-,svc=Low Satisfactory); Firstrust Savings Bank(FDIC,7br,inv=Low Satisfactory,svc=Low Satisfactory); Penn Community Bank(FDIC,2br,inv=Outstanding,svc=Low Satisfactory); FIRST CITIZENS COMMUNITY BANK(FED,2br,inv=Low Satisfactory,svc=-); The Bank of Princeton(FDIC,2br,inv=High Satisfactory,svc=Low Satisfactory); QNB Bank(FDIC,5br,inv=Low Satisfactory,svc=High Satisfactory); Meridian Bank(FDIC,1br,inv=Substantial Non Complianc,svc=Substantial Non Complianc)"
109,Sarasota,FL,41397,survey-weighted,5,9,Bank OZK,41606548,FDIC,Outstanding,Low Satisfactory,"Bank OZK(FDIC,1br,inv=Outstanding,svc=Low Satisfactory); CENTENNIAL BANK(FED,3br,inv=-,svc=Low Satisfactory); The Bank of Tampa(FDIC,1br,inv=Low Satisfactory,svc=High Satisfactory); Sunwest Bank(FDIC,1br,inv=Low Satisfactory,svc=High Satisfactory); American Momentum Bank(FDIC,3br,inv=High Satisfactory,svc=Low Satisfactory)"
110,Guilford,NC,41224,survey-weighted,2,7,Carter Bank & Trust,4446729,FDIC,Low Satisfactory,High Satisfactory,"Carter Bank & Trust(FDIC,3br,inv=Low Satisfactory,svc=High Satisfactory); The Fidelity Bank(FDIC,4br,inv=Low Satisfactory,svc=Low Satisfactory)"
111,Volusia,FL,40376,survey-weighted,2,4,REGIONS BANK,151314000,FED,-,Low Satisfactory,"REGIONS BANK(FED,3br,inv=-,svc=Low Satisfactory); Ameris Bank(FDIC,1br,inv=High Satisfactory,svc=Low Satisfactory)"
112,Kent,MI,40366,survey-weighted,3,21,Horizon Bank,7621571,FDIC,Low Satisfactory,High Satisfactory,"Horizon Bank(FDIC,2br,inv=Low Satisfactory,svc=High Satisfactory); Macatawa Bank(FDIC,11br,inv=High Satisfactory,svc=Low Satisfactory); CHOICEONE BANK(FED,8br,inv=Low Satisfactory,svc=Low Satisfactory)"
113,Orleans Parish,LA,40185,survey-weighted,3,9,BankPlus,7790270,FDIC,Outstanding,Low Satisfactory,"BankPlus(FDIC,2br,inv=Outstanding,svc=Low Satisfactory); Red River Bank(FDIC,1br,inv=Low Satisfactory,svc=High Satisfactory); Gulf Coast Bank and Trust Company(FDIC,6br,inv=Low Satisfactory,svc=Low Satisfactory)"
114,Fayette,KY,39996,survey-weighted,3,7,INDEPENDENCE BANK OF KENTUCKY,3062572,FED,-,Low Satisfactory,"INDEPENDENCE BANK OF KENTUCKY(FED,1br,inv=-,svc=Low Satisfactory); Traditional Bank, Inc.(FDIC,5br,inv=Low Satisfactory,svc=High Satisfactory); South Central Bank,  Inc.(FDIC,1br,inv=Low Satisfactory,svc=Low Satisfactory)"
115,Richland,SC,39872,survey-weighted,3,7,REGIONS BANK,151314000,FED,-,Low Satisfactory,"REGIONS BANK(FED,1br,inv=-,svc=Low Satisfactory); Ameris Bank(FDIC,2br,inv=High Satisfactory,svc=Low Satisfactory); First Community Bank(FDIC,4br,inv=Low Satisfactory,svc=Low Satisfactory)"
116,Pierce,WA,39777,survey-weighted,4,20,Bank of Hope,18082905,FDIC,High Satisfactory,Low Satisfactory,"Bank of Hope(FDIC,1br,inv=High Satisfactory,svc=Low Satisfactory); Heritage Bank(FDIC,11br,inv=High Satisfactory,svc=Low Satisfactory); 1st Security Bank of Washington(FDIC,2br,inv=Outstanding,svc=Low Satisfactory); Timberland Bank(FDIC,6br,inv=High Satisfactory,svc=Low Satisfactory)"
117,Lake,IN,39442,survey-weighted,2,18,Horizon Bank,7621571,FDIC,Low Satisfactory,High Satisfactory,"Horizon Bank(FDIC,6br,inv=Low Satisfactory,svc=High Satisfactory); Peoples Bank(FDIC,12br,inv=Low Satisfactory,svc=High Satisfactory)"
118,Stanislaus,CA,39387,MODELED,1,4,Bank of Stockton,4320510,FDIC,Low Satisfactory,High Satisfactory,"Bank of Stockton(FDIC,4br,inv=Low Satisfactory,svc=High Satisfactory)"
119,Sedgwick,KS,38793,survey-weighted,4,11,SIMMONS BANK,26749112,FED,-,Low Satisfactory,"SIMMONS BANK(FED,3br,inv=-,svc=Low Satisfactory); RCB BANK(FED,3br,inv=Low Satisfactory,svc=Low Satisfactory); EQUITY BANK(FED,4br,inv=Low Satisfactory,svc=Low Satisfactory); KS StateBank(FDIC,1br,inv=Low Satisfactory,svc=High Satisfactory)"
120,Arapahoe,CO,38728,survey-weighted,4,7,CENTRAL TRUST BANK THE,19551204,FED,Low Satisfactory,-,"CENTRAL TRUST BANK THE(FED,2br,inv=Low Satisfactory,svc=-); Bank of Colorado(FDIC,2br,inv=Low Satisfactory,svc=High Satisfactory); NBH BANK(FED,2br,inv=-,svc=Low Satisfactory); FIRST FIDELITY BANK(FED,1br,inv=Low Satisfactory,svc=Low Satisfactory)"
121,Suffolk,MA,38578,survey-weighted,5,12,Salem Five Cents Savings Bank,7117552,FDIC,Low Satisfactory,High Satisfactory,"Salem Five Cents Savings Bank(FDIC,1br,inv=Low Satisfactory,svc=High Satisfactory); BROOKLINE BANK(FED,7br,inv=Low Satisfactory,svc=Low Satisfactory); Hingham Institution for Savings(FDIC,1br,inv=High Satisfactory,svc=Low Satisfactory); NEEDHAM BANK(FED,2br,inv=-,svc=Low Satisfactory); EAST CAMBRIDGE SAVINGS BANK(FED,1br,inv=Low Satisfactory,svc=-)"
122,Santa Barbara,CA,38523,MODELED,1,3,FIRST BANK,6554829,FED,-,Low Satisfactory,"FIRST BANK(FED,3br,inv=-,svc=Low Satisfactory)"
123,Essex,MA,37939,survey-weighted,5,55,Salem Five Cents Savings Bank,7117552,FDIC,Low Satisfactory,High Satisfactory,"Salem Five Cents Savings Bank(FDIC,20br,inv=Low Satisfactory,svc=High Satisfactory); Institution for Savings in Newburyport and Its Vicinity(FDIC,13br,inv=Outstanding,svc=Low Satisfactory); BROOKLINE BANK(FED,6br,inv=Low Satisfactory,svc=Low Satisfactory); NEEDHAM BANK(FED,3br,inv=-,svc=Low Satisfactory); North Shore Bank, a Co-operative Bank(FDIC,13br,inv=Substantial Non Complianc,svc=Substantial Non Complianc)"
124,Dane,WI,37493,survey-weighted,5,30,First Business Bank,4082035,FDIC,Outstanding,Low Satisfactory,"First Business Bank(FDIC,1br,inv=Outstanding,svc=Low Satisfactory); Lake Ridge Bank(FDIC,16br,inv=High Satisfactory,svc=Low Satisfactory); ONE COMMUNITY BANK(FED,9br,inv=Low Satisfactory,svc=Needs to Improve); Bank Five Nine(FDIC,1br,inv=Low Satisfactory,svc=High Satisfactory); Starion Bank(FDIC,3br,inv=Low Satisfactory,svc=Low Satisfactory)"
126,Union,NJ,37424,survey-weighted,5,10,ConnectOne Bank,14013611,FDIC,Outstanding,Low Satisfactory,"ConnectOne Bank(FDIC,4br,inv=Outstanding,svc=Low Satisfactory); POPULAR BANK(FED,1br,inv=Low Satisfactory,svc=-); PEAPACK-GLADSTONE BANK(FED,1br,inv=-,svc=Low Satisfactory); Unity Bank(FDIC,3br,inv=Low Satisfactory,svc=High Satisfactory); Blue Foundry Bank(FDIC,1br,inv=Low Satisfactory,svc=High Satisfactory)"
127,Washington,AR,37396,survey-weighted,7,24,Bank OZK,41606548,FDIC,Outstanding,Low Satisfactory,"Bank OZK(FDIC,5br,inv=Outstanding,svc=Low Satisfactory); SIMMONS BANK(FED,5br,inv=-,svc=Low Satisfactory); CENTENNIAL BANK(FED,4br,inv=-,svc=Low Satisfactory); ENCORE BANK(FED,2br,inv=Low Satisfactory,svc=Low Satisfactory); First Community Bank(FDIC,1br,inv=High Satisfactory,svc=Low Satisfactory); Armstrong Bank(FDIC,1br,inv=High Satisfactory,svc=Low Satisfactory); FARMERS & MERCHANTS BANK THE(FED,6br,inv=Low Satisfactory,svc=-)"
128,Mobile,AL,37059,survey-weighted,5,23,REGIONS BANK,151314000,FED,-,Low Satisfactory,"REGIONS BANK(FED,17br,inv=-,svc=Low Satisfactory); ORIGIN BANK(FED,1br,inv=Low Satisfactory,svc=Low Satisfactory); BankPlus(FDIC,2br,inv=Outstanding,svc=Low Satisfactory); Community Bank of Mississippi(FDIC,2br,inv=Low Satisfactory,svc=High Satisfactory); SMARTBANK(FED,1br,inv=Low Satisfactory,svc=Low Satisfactory)"
130,New Castle,DE,36995,survey-weighted,1,3,FIRST CITIZENS COMMUNITY BANK,2208830,FED,Low Satisfactory,-,"FIRST CITIZENS COMMUNITY BANK(FED,3br,inv=Low Satisfactory,svc=-)"
131,Delaware,PA,36763,survey-weighted,2,3,Tompkins Community Bank,7842153,FDIC,Low Satisfactory,High Satisfactory,"Tompkins Community Bank(FDIC,1br,inv=Low Satisfactory,svc=High Satisfactory); Meridian Bank(FDIC,2br,inv=Substantial Non Complianc,svc=Substantial Non Complianc)"
132,Douglas,NE,36437,survey-weighted,3,6,Union Bank and Trust Company,8799880,FDIC,Low Satisfactory,Outstanding,"Union Bank and Trust Company(FDIC,2br,inv=Low Satisfactory,svc=Outstanding); EQUITY BANK(FED,1br,inv=Low Satisfactory,svc=Low Satisfactory); FIVE POINTS BANK(FED,3br,inv=Low Satisfactory,svc=-)"
133,Will,IL,36360,survey-weighted,3,11,MIDLAND STATES BANK,7782095,FED,Low Satisfactory,Low Satisfactory,"MIDLAND STATES BANK(FED,4br,inv=Low Satisfactory,svc=Low Satisfactory); First American Bank(FDIC,6br,inv=Low Satisfactory,svc=Low Satisfactory); Republic Bank of Chicago(FDIC,1br,inv=Low Satisfactory,svc=High Satisfactory)"
134,Allen,IN,36259,survey-weighted,3,9,Horizon Bank,7621571,FDIC,Low Satisfactory,High Satisfactory,"Horizon Bank(FDIC,3br,inv=Low Satisfactory,svc=High Satisfactory); LAKE CITY BANK(FED,5br,inv=Low Satisfactory,svc=-); Union Savings Bank(FDIC,1br,inv=High Satisfactory,svc=Low Satisfactory)"
135,Lehigh,PA,36190,survey-weighted,6,14,UNIVEST BANK AND TRUST CO.,6892885,FED,-,Low Satisfactory,"UNIVEST BANK AND TRUST CO.(FED,1br,inv=-,svc=Low Satisfactory); Firstrust Savings Bank(FDIC,1br,inv=Low Satisfactory,svc=Low Satisfactory); Penn Community Bank(FDIC,2br,inv=Outstanding,svc=Low Satisfactory); QNB Bank(FDIC,3br,inv=Low Satisfactory,svc=High Satisfactory); Embassy Bank for the Lehigh Valley(FDIC,6br,inv=Low Satisfactory,svc=High Satisfactory); AMERICAN BANK(FED,1br,inv=Low Satisfactory,svc=Low Satisfactory)"
136,DuPage,IL,36124,survey-weighted,6,21,Hanmi Bank,7407990,FDIC,Low Satisfactory,High Satisfactory,"Hanmi Bank(FDIC,1br,inv=Low Satisfactory,svc=High Satisfactory); First American Bank(FDIC,7br,inv=Low Satisfactory,svc=Low Satisfactory); Parkway Bank and Trust Company(FDIC,4br,inv=Low Satisfactory,svc=Low Satisfactory); Republic Bank of Chicago(FDIC,5br,inv=Low Satisfactory,svc=High Satisfactory); Lakeside Bank(FDIC,3br,inv=Low Satisfactory,svc=Low Satisfactory); Peoples Bank(FDIC,1br,inv=Low Satisfactory,svc=High Satisfactory)"
137,Worcester,MA,36042,survey-weighted,4,38,BROOKLINE BANK,4966140,FED,Low Satisfactory,Low Satisfactory,"BROOKLINE BANK(FED,11br,inv=Low Satisfactory,svc=Low Satisfactory); Avidia Bank(FDIC,5br,inv=Low Satisfactory,svc=Low Satisfactory); UniBank for Savings(FDIC,14br,inv=High Satisfactory,svc=Low Satisfactory); Country Bank for Savings(FDIC,8br,inv=High Satisfactory,svc=Low Satisfactory)"
138,Genesee,MI,35915,survey-weighted,1,9,CHOICEONE BANK,2724240,FED,Low Satisfactory,Low Satisfactory,"CHOICEONE BANK(FED,9br,inv=Low Satisfactory,svc=Low Satisfactory)"
139,Alachua,FL,35869,survey-weighted,1,7,Ameris Bank,23591556,FDIC,High Satisfactory,Low Satisfactory,"Ameris Bank(FDIC,7br,inv=High Satisfactory,svc=Low Satisfactory)"
140,Spartanburg,SC,35797,survey-weighted,1,1,The Fidelity Bank,4263695,FDIC,Low Satisfactory,Low Satisfactory,"The Fidelity Bank(FDIC,1br,inv=Low Satisfactory,svc=Low Satisfactory)"
141,Williamson,TX,35428,survey-weighted,7,13,REGIONS BANK,151314000,FED,-,Low Satisfactory,"REGIONS BANK(FED,3br,inv=-,svc=Low Satisfactory); Bank OZK(FDIC,2br,inv=Outstanding,svc=Low Satisfactory); Prosperity Bank(FDIC,4br,inv=High Satisfactory,svc=Low Satisfactory); CENTENNIAL BANK(FED,1br,inv=-,svc=Low Satisfactory); PLAINSCAPITAL BANK(FED,1br,inv=-,svc=Low Satisfactory); THIRD COAST BANK(FED,1br,inv=Low Satisfactory,svc=Low Satisfactory); Security State Bank & Trust(FDIC,1br,inv=Low Satisfactory,svc=High Satisfactory)"
142,Monterey,CA,34757,MODELED,1,3,West Coast Community Bank,2650147,FDIC,High Satisfactory,Low Satisfactory,"West Coast Community Bank(FDIC,3br,inv=High Satisfactory,svc=Low Satisfactory)"
143,Lake,IL,34653,survey-weighted,4,11,First American Bank,7074673,FDIC,Low Satisfactory,Low Satisfactory,"First American Bank(FDIC,7br,inv=Low Satisfactory,svc=Low Satisfactory); Parkway Bank and Trust Company(FDIC,2br,inv=Low Satisfactory,svc=Low Satisfactory); Republic Bank of Chicago(FDIC,1br,inv=Low Satisfactory,svc=High Satisfactory); First Bank Chicago(FDIC,1br,inv=Low Satisfactory,svc=Outstanding)"
144,Leon,FL,34559,survey-weighted,4,9,Ameris Bank,23591556,FDIC,High Satisfactory,Low Satisfactory,"Ameris Bank(FDIC,1br,inv=High Satisfactory,svc=Low Satisfactory); CENTENNIAL BANK(FED,6br,inv=-,svc=Low Satisfactory); SMARTBANK(FED,1br,inv=Low Satisfactory,svc=Low Satisfactory); Colony Bank(FDIC,1br,inv=Low Satisfactory,svc=High Satisfactory)"
145,Lubbock,TX,34435,survey-weighted,7,52,Prosperity Bank,38274790,FDIC,High Satisfactory,Low Satisfactory,"Prosperity Bank(FDIC,19br,inv=High Satisfactory,svc=Low Satisfactory); CENTENNIAL BANK(FED,5br,inv=-,svc=Low Satisfactory); PLAINSCAPITAL BANK(FED,9br,inv=-,svc=Low Satisfactory); NBH BANK(FED,4br,inv=-,svc=Low Satisfactory); City Bank(FDIC,9br,inv=Low Satisfactory,svc=Low Satisfactory); American Momentum Bank(FDIC,1br,inv=High Satisfactory,svc=Low Satisfactory); First United Bank(FDIC,5br,inv=High Satisfactory,svc=Low Satisfactory)"
146,Polk,IA,34012,survey-weighted,5,15,Great Southern Bank,5723662,FDIC,High Satisfactory,Low Satisfactory,"Great Southern Bank(FDIC,4br,inv=High Satisfactory,svc=Low Satisfactory); CENTRAL BANK(FED,5br,inv=Low Satisfactory,svc=-); BANK IOWA(FED,2br,inv=Low Satisfactory,svc=Low Satisfactory); Luana Savings Bank(FDIC,1br,inv=Low Satisfactory,svc=Low Satisfactory); Lincoln Savings Bank(FDIC,3br,inv=Low Satisfactory,svc=Low Satisfactory)"
147,Virginia Beach city,VA,33825,survey-weighted,1,3,Southern Bank and Trust Company,4758607,FDIC,High Satisfactory,Low Satisfactory,"Southern Bank and Trust Company(FDIC,3br,inv=High Satisfactory,svc=Low Satisfactory)"
148,Manatee,FL,33166,survey-weighted,3,12,Bank OZK,41606548,FDIC,Outstanding,Low Satisfactory,"Bank OZK(FDIC,6br,inv=Outstanding,svc=Low Satisfactory); Ameris Bank(FDIC,5br,inv=High Satisfactory,svc=Low Satisfactory); The Bank of Tampa(FDIC,1br,inv=Low Satisfactory,svc=High Satisfactory)"
149,Osceola,FL,32759,survey-weighted,2,3,CENTENNIAL BANK,22808174,FED,-,Low Satisfactory,"CENTENNIAL BANK(FED,2br,inv=-,svc=Low Satisfactory); Gulf Coast Bank and Trust Company(FDIC,1br,inv=Low Satisfactory,svc=Low Satisfactory)"
150,Marion,FL,32238,survey-weighted,2,3,Bank OZK,41606548,FDIC,Outstanding,Low Satisfactory,"Bank OZK(FDIC,1br,inv=Outstanding,svc=Low Satisfactory); Ameris Bank(FDIC,2br,inv=High Satisfactory,svc=Low Satisfactory)"
151,El Paso,CO,32192,survey-weighted,3,8,CENTRAL TRUST BANK THE,19551204,FED,Low Satisfactory,-,"CENTRAL TRUST BANK THE(FED,1br,inv=Low Satisfactory,svc=-); Bank of Colorado(FDIC,4br,inv=Low Satisfactory,svc=High Satisfactory); NBH BANK(FED,3br,inv=-,svc=Low Satisfactory)"
152,Jefferson,TX,32027,survey-weighted,3,15,Prosperity Bank,38274790,FDIC,High Satisfactory,Low Satisfactory,"Prosperity Bank(FDIC,10br,inv=High Satisfactory,svc=Low Satisfactory); THIRD COAST BANK(FED,2br,inv=Low Satisfactory,svc=Low Satisfactory); TEXAS FIRST BANK(FED,3br,inv=Low Satisfactory,svc=-)"
153,Providence,RI,31992,survey-weighted,2,20,BROOKLINE BANK,4966140,FED,Low Satisfactory,Low Satisfactory,"BROOKLINE BANK(FED,14br,inv=Low Satisfactory,svc=Low Satisfactory); BANKNEWPORT(FED,6br,inv=Low Satisfactory,svc=-)"
154,Monmouth,NJ,31529,survey-weighted,2,11,ConnectOne Bank,14013611,FDIC,Outstanding,Low Satisfactory,"ConnectOne Bank(FDIC,1br,inv=Outstanding,svc=Low Satisfactory); AMBOY BANK(FED,10br,inv=Low Satisfactory,svc=-)"
155,Nueces,TX,31418,survey-weighted,4,20,Prosperity Bank,38274790,FDIC,High Satisfactory,Low Satisfactory,"Prosperity Bank(FDIC,15br,inv=High Satisfactory,svc=Low Satisfactory); SIMMONS BANK(FED,1br,inv=-,svc=Low Satisfactory); PLAINSCAPITAL BANK(FED,3br,inv=-,svc=Low Satisfactory); Gulf Coast Bank and Trust Company(FDIC,1br,inv=Low Satisfactory,svc=Low Satisfactory)"
157,Passaic,NJ,31170,survey-weighted,1,1,Blue Foundry Bank,2022886,FDIC,Low Satisfactory,High Satisfactory,"Blue Foundry Bank(FDIC,1br,inv=Low Satisfactory,svc=High Satisfactory)"
158,District of Columbia,DC,31136,survey-weighted,3,3,Amalgamated Bank,8006087,FDIC,High Satisfactory,Low Satisfactory,"Amalgamated Bank(FDIC,1br,inv=High Satisfactory,svc=Low Satisfactory); Hingham Institution for Savings(FDIC,1br,inv=High Satisfactory,svc=Low Satisfactory); FVCBANK(FED,1br,inv=Needs to Improve,svc=-)"
159,Greene,MO,31085,survey-weighted,6,40,SIMMONS BANK,26749112,FED,-,Low Satisfactory,"SIMMONS BANK(FED,4br,inv=-,svc=Low Satisfactory); CENTRAL TRUST BANK THE(FED,15br,inv=Low Satisfactory,svc=-); Great Southern Bank(FDIC,15br,inv=High Satisfactory,svc=Low Satisfactory); ENCORE BANK(FED,1br,inv=Low Satisfactory,svc=Low Satisfactory); The Bank of Missouri(FDIC,4br,inv=Low Satisfactory,svc=High Satisfactory); Hawthorn Bank(FDIC,1br,inv=High Satisfactory,svc=Low Satisfactory)"
160,Rockland,NY,30670,survey-weighted,4,6,Apple Bank for Savings,16888361,FDIC,Low Satisfactory,High Satisfactory,"Apple Bank for Savings(FDIC,2br,inv=Low Satisfactory,svc=High Satisfactory); ConnectOne Bank(FDIC,1br,inv=Outstanding,svc=Low Satisfactory); BROOKLINE BANK(FED,1br,inv=Low Satisfactory,svc=Low Satisfactory); ORANGE BANK & TRUST COMPANY(FED,2br,inv=Low Satisfactory,svc=-)"
161,Madison,AL,30593,survey-weighted,4,18,REGIONS BANK,151314000,FED,-,Low Satisfactory,"REGIONS BANK(FED,11br,inv=-,svc=Low Satisfactory); SMARTBANK(FED,1br,inv=Low Satisfactory,svc=Low Satisfactory); BANK INDEPENDENT(FED,5br,inv=Low Satisfactory,svc=-); BANKFIRST FINANCIAL SERVICES(FED,1br,inv=Low Satisfactory,svc=-)"
163,Forsyth,NC,30313,survey-weighted,4,7,Bank OZK,41606548,FDIC,Outstanding,Low Satisfactory,"Bank OZK(FDIC,1br,inv=Outstanding,svc=Low Satisfactory); Carter Bank & Trust(FDIC,2br,inv=Low Satisfactory,svc=High Satisfactory); The Fidelity Bank(FDIC,3br,inv=Low Satisfactory,svc=Low Satisfactory); ENCORE BANK(FED,1br,inv=Low Satisfactory,svc=Low Satisfactory)"
166,Seminole,FL,30048,survey-weighted,2,2,Ameris Bank,23591556,FDIC,High Satisfactory,Low Satisfactory,"Ameris Bank(FDIC,1br,inv=High Satisfactory,svc=Low Satisfactory); CENTENNIAL BANK(FED,1br,inv=-,svc=Low Satisfactory)"
167,Lancaster,PA,29758,survey-weighted,7,24,UNIVEST BANK AND TRUST CO.,6892885,FED,-,Low Satisfactory,"UNIVEST BANK AND TRUST CO.(FED,5br,inv=-,svc=Low Satisfactory); Burke & Herbert Bank & Trust Company(FDIC,1br,inv=Low Satisfactory,svc=High Satisfactory); ORRSTOWN BANK(FED,9br,inv=Low Satisfactory,svc=Low Satisfactory); ACNB Bank(FDIC,3br,inv=Low Satisfactory,svc=Low Satisfactory); Wayne Bank(FDIC,2br,inv=High Satisfactory,svc=Low Satisfactory); Citizens & Northern Bank(FDIC,1br,inv=Low Satisfactory,svc=Low Satisfactory); FIRST CITIZENS COMMUNITY BANK(FED,3br,inv=Low Satisfactory,svc=-)"
168,Spokane,WA,29640,survey-weighted,1,1,Heritage Bank,7233406,FDIC,High Satisfactory,Low Satisfactory,"Heritage Bank(FDIC,1br,inv=High Satisfactory,svc=Low Satisfactory)"
169,Adams,CO,29502,survey-weighted,1,2,Bank of Colorado,7572545,FDIC,Low Satisfactory,High Satisfactory,"Bank of Colorado(FDIC,2br,inv=Low Satisfactory,svc=High Satisfactory)"
170,St. Louis city,MO,29419,survey-weighted,16,95,REGIONS BANK,151314000,FED,-,Low Satisfactory,"REGIONS BANK(FED,8br,inv=-,svc=Low Satisfactory); REGIONS BANK(FED,1br,inv=-,svc=Low Satisfactory); SIMMONS BANK(FED,13br,inv=-,svc=Low Satisfactory); SIMMONS BANK(FED,2br,inv=-,svc=Low Satisfactory); CENTRAL TRUST BANK THE(FED,10br,inv=Low Satisfactory,svc=-); MIDLAND STATES BANK(FED,7br,inv=Low Satisfactory,svc=Low Satisfactory); MIDLAND STATES BANK(FED,1br,inv=Low Satisfactory,svc=Low Satisfactory); FIRST BANK(FED,17br,inv=-,svc=Low Satisfactory); FIRST BANK(FED,3br,inv=-,svc=Low Satisfactory); Great Southern Bank(FDIC,11br,inv=High Satisfactory,svc=Low Satisfactory)"
171,Ingham,MI,29279,survey-weighted,2,3,Horizon Bank,7621571,FDIC,Low Satisfactory,High Satisfactory,"Horizon Bank(FDIC,2br,inv=Low Satisfactory,svc=High Satisfactory); CHOICEONE BANK(FED,1br,inv=Low Satisfactory,svc=Low Satisfactory)"
172,Collier,FL,29154,survey-weighted,4,5,REGIONS BANK,151314000,FED,-,Low Satisfactory,"REGIONS BANK(FED,1br,inv=-,svc=Low Satisfactory); CENTENNIAL BANK(FED,2br,inv=-,svc=Low Satisfactory); CENTRAL TRUST BANK THE(FED,1br,inv=Low Satisfactory,svc=-); American Momentum Bank(FDIC,1br,inv=High Satisfactory,svc=Low Satisfactory)"
173,Solano,CA,29132,MODELED,3,9,FIRST BANK,6554829,FED,-,Low Satisfactory,"FIRST BANK(FED,1br,inv=-,svc=Low Satisfactory); Bank of Stockton(FDIC,3br,inv=Low Satisfactory,svc=High Satisfactory); First Northern Bank of Dixon(FDIC,5br,inv=Low Satisfactory,svc=High Satisfactory)"
174,Berks,PA,29003,survey-weighted,4,16,CUSTOMERS BANK,20879065,FDIC+FED,Low Satisfactory,Low Satisfactory,"CUSTOMERS BANK(FDIC+FED,2br,inv=Low Satisfactory,svc=Low Satisfactory); Tompkins Community Bank(FDIC,12br,inv=Low Satisfactory,svc=High Satisfactory); UNIVEST BANK AND TRUST CO.(FED,1br,inv=-,svc=Low Satisfactory); FIRST CITIZENS COMMUNITY BANK(FED,1br,inv=Low Satisfactory,svc=-)"
175,San Mateo,CA,28819,MODELED,3,3,FIRST BANK,6554829,FED,-,Low Satisfactory,"FIRST BANK(FED,1br,inv=-,svc=Low Satisfactory); Commercial Bank of California(FDIC,1br,inv=Low Satisfactory,svc=High Satisfactory); Avidbank(FDIC,1br,inv=Low Satisfactory,svc=Low Satisfactory)"
176,Charleston,SC,28576,survey-weighted,2,5,Ameris Bank,23591556,FDIC,High Satisfactory,Low Satisfactory,"Ameris Bank(FDIC,4br,inv=High Satisfactory,svc=Low Satisfactory); ENCORE BANK(FED,1br,inv=Low Satisfactory,svc=Low Satisfactory)"
177,Boulder,CO,28534,survey-weighted,2,3,Bank of Colorado,7572545,FDIC,Low Satisfactory,High Satisfactory,"Bank of Colorado(FDIC,2br,inv=Low Satisfactory,svc=High Satisfactory); ENCORE BANK(FED,1br,inv=Low Satisfactory,svc=Low Satisfactory)"
178,St. Tammany Parish,LA,28509,survey-weighted,5,9,REGIONS BANK,151314000,FED,-,Low Satisfactory,"REGIONS BANK(FED,1br,inv=-,svc=Low Satisfactory); BankPlus(FDIC,2br,inv=Outstanding,svc=Low Satisfactory); b1BANK(FDIC,1br,inv=Low Satisfactory,svc=Low Satisfactory); Red River Bank(FDIC,1br,inv=Low Satisfactory,svc=High Satisfactory); Gulf Coast Bank and Trust Company(FDIC,4br,inv=Low Satisfactory,svc=Low Satisfactory)"
179,Champaign,IL,28418,survey-weighted,2,2,MIDLAND STATES BANK,7782095,FED,Low Satisfactory,Low Satisfactory,"MIDLAND STATES BANK(FED,1br,inv=Low Satisfactory,svc=Low Satisfactory); Morton Community Bank(FDIC,1br,inv=High Satisfactory,svc=Low Satisfactory)"
180,Norfolk,MA,28323,survey-weighted,6,39,Salem Five Cents Savings Bank,7117552,FDIC,Low Satisfactory,High Satisfactory,"Salem Five Cents Savings Bank(FDIC,1br,inv=Low Satisfactory,svc=High Satisfactory); BROOKLINE BANK(FED,9br,inv=Low Satisfactory,svc=Low Satisfactory); Hingham Institution for Savings(FDIC,1br,inv=High Satisfactory,svc=Low Satisfactory); NEEDHAM BANK(FED,8br,inv=-,svc=Low Satisfactory); North Shore Bank, a Co-operative Bank(FDIC,12br,inv=Substantial Non Complianc,svc=Substantial Non Complianc); SOUTH SHORE BANK(FED,8br,inv=Low Satisfactory,svc=-)"
181,Webb,TX,28282,survey-weighted,2,10,TEXAS COMMUNITY BANK,2104571,FED,Low Satisfactory,Needs to Improve,"TEXAS COMMUNITY BANK(FED,3br,inv=Low Satisfactory,svc=Needs to Improve); Falcon International Bank(FDIC,7br,inv=High Satisfactory,svc=Low Satisfactory)"
183,Summit,OH,28204,survey-weighted,1,1,CIVISTA BANK,3006039,FED,-,Low Satisfactory,"CIVISTA BANK(FED,1br,inv=-,svc=Low Satisfactory)"
184,Cumberland,NC,28133,survey-weighted,1,1,The Fidelity Bank,4263695,FDIC,Low Satisfactory,Low Satisfactory,"The Fidelity Bank(FDIC,1br,inv=Low Satisfactory,svc=Low Satisfactory)"
185,Ada,ID,28093,survey-weighted,4,11,Heritage Bank,7233406,FDIC,High Satisfactory,Low Satisfactory,"Heritage Bank(FDIC,1br,inv=High Satisfactory,svc=Low Satisfactory); NBH BANK(FED,1br,inv=-,svc=Low Satisfactory); D. L. Evans Bank(FDIC,8br,inv=Low Satisfactory,svc=High Satisfactory); Sunwest Bank(FDIC,1br,inv=Low Satisfactory,svc=High Satisfactory)"
186,McLennan,TX,28008,survey-weighted,2,2,First Guaranty Bank,3794968,FDIC,Low Satisfactory,Low Satisfactory,"First Guaranty Bank(FDIC,1br,inv=Low Satisfactory,svc=Low Satisfactory); FIRST STATE BANK(FED,1br,inv=Needs to Improve,svc=-)"
187,Onondaga,NY,27716,survey-weighted,1,2,Tompkins Community Bank,7842153,FDIC,Low Satisfactory,High Satisfactory,"Tompkins Community Bank(FDIC,2br,inv=Low Satisfactory,svc=High Satisfactory)"
188,Tuscaloosa,AL,27647,survey-weighted,3,11,REGIONS BANK,151314000,FED,-,Low Satisfactory,"REGIONS BANK(FED,6br,inv=-,svc=Low Satisfactory); SMARTBANK(FED,3br,inv=Low Satisfactory,svc=Low Satisfactory); BANKFIRST FINANCIAL SERVICES(FED,2br,inv=Low Satisfactory,svc=-)"
190,Albany,NY,27171,survey-weighted,2,8,BROOKLINE BANK,4966140,FED,Low Satisfactory,Low Satisfactory,"BROOKLINE BANK(FED,4br,inv=Low Satisfactory,svc=Low Satisfactory); CHEMUNG CANAL TRUST COMPANY(FED,4br,inv=Low Satisfactory,svc=-)"
191,Yavapai,AZ,27108,survey-weighted,1,3,Bank of Colorado,7572545,FDIC,Low Satisfactory,High Satisfactory,"Bank of Colorado(FDIC,3br,inv=Low Satisfactory,svc=High Satisfactory)"
192,Lee,AL,26955,survey-weighted,2,3,REGIONS BANK,151314000,FED,-,Low Satisfactory,"REGIONS BANK(FED,2br,inv=-,svc=Low Satisfactory); SMARTBANK(FED,1br,inv=Low Satisfactory,svc=Low Satisfactory)"
193,Brazoria,TX,26567,survey-weighted,4,7,REGIONS BANK,151314000,FED,-,Low Satisfactory,"REGIONS BANK(FED,1br,inv=-,svc=Low Satisfactory); Prosperity Bank(FDIC,3br,inv=High Satisfactory,svc=Low Satisfactory); THIRD COAST BANK(FED,2br,inv=Low Satisfactory,svc=Low Satisfactory); TEXAS FIRST BANK(FED,1br,inv=Low Satisfactory,svc=-)"
195,Benton,AR,26452,survey-weighted,10,22,REGIONS BANK,151314000,FED,-,Low Satisfactory,"REGIONS BANK(FED,1br,inv=-,svc=Low Satisfactory); Bank OZK(FDIC,8br,inv=Outstanding,svc=Low Satisfactory); SIMMONS BANK(FED,3br,inv=-,svc=Low Satisfactory); CENTENNIAL BANK(FED,4br,inv=-,svc=Low Satisfactory); Great Southern Bank(FDIC,1br,inv=High Satisfactory,svc=Low Satisfactory); EQUITY BANK(FED,1br,inv=Low Satisfactory,svc=Low Satisfactory); ENCORE BANK(FED,1br,inv=Low Satisfactory,svc=Low Satisfactory); First Community Bank(FDIC,1br,inv=High Satisfactory,svc=Low Satisfactory); Armstrong Bank(FDIC,1br,inv=High Satisfactory,svc=Low Satisfactory); FARMERS & MERCHANTS BANK THE(FED,1br,inv=Low Satisfactory,svc=-)"
196,Clayton,GA,26442,survey-weighted,2,2,Bank OZK,41606548,FDIC,Outstanding,Low Satisfactory,"Bank OZK(FDIC,1br,inv=Outstanding,svc=Low Satisfactory); Ameris Bank(FDIC,1br,inv=High Satisfactory,svc=Low Satisfactory)"
197,Rutherford,TN,26416,survey-weighted,4,7,REGIONS BANK,151314000,FED,-,Low Satisfactory,"REGIONS BANK(FED,4br,inv=-,svc=Low Satisfactory); Bank OZK(FDIC,1br,inv=Outstanding,svc=Low Satisfactory); SMARTBANK(FED,1br,inv=Low Satisfactory,svc=Low Satisfactory); South Central Bank,  Inc.(FDIC,1br,inv=Low Satisfactory,svc=Low Satisfactory)"
198,Lancaster,NE,26240,survey-weighted,3,23,Union Bank and Trust Company,8799880,FDIC,Low Satisfactory,Outstanding,"Union Bank and Trust Company(FDIC,19br,inv=Low Satisfactory,svc=Outstanding); EQUITY BANK(FED,2br,inv=Low Satisfactory,svc=Low Satisfactory); FIVE POINTS BANK(FED,2br,inv=Low Satisfactory,svc=-)"
199,St. Joseph,IN,26180,survey-weighted,2,5,Horizon Bank,7621571,FDIC,Low Satisfactory,High Satisfactory,"Horizon Bank(FDIC,1br,inv=Low Satisfactory,svc=High Satisfactory); LAKE CITY BANK(FED,4br,inv=Low Satisfactory,svc=-)"
200,Lexington,SC,26168,survey-weighted,2,9,Ameris Bank,23591556,FDIC,High Satisfactory,Low Satisfactory,"Ameris Bank(FDIC,3br,inv=High Satisfactory,svc=Low Satisfactory); First Community Bank(FDIC,6br,inv=Low Satisfactory,svc=Low Satisfactory)"
201,Bristol,MA,26143,survey-weighted,1,1,"North Shore Bank, a Co-operative Bank",1665529,FDIC,Substantial Non Complianc,Substantial Non Complianc,"North Shore Bank, a Co-operative Bank(FDIC,1br,inv=Substantial Non Complianc,svc=Substantial Non Complianc)"
202,Lane,OR,26101,survey-weighted,1,1,Heritage Bank,7233406,FDIC,High Satisfactory,Low Satisfactory,"Heritage Bank(FDIC,1br,inv=High Satisfactory,svc=Low Satisfactory)"
204,Luzerne,PA,25570,survey-weighted,2,10,Wayne Bank,2366498,FDIC,High Satisfactory,Low Satisfactory,"Wayne Bank(FDIC,2br,inv=High Satisfactory,svc=Low Satisfactory); First Keystone Community Bank(FDIC,8br,inv=Low Satisfactory,svc=Low Satisfactory)"
205,Washtenaw,MI,25445,survey-weighted,1,6,Bank of Ann Arbor,3150538,FDIC,Low Satisfactory,High Satisfactory,"Bank of Ann Arbor(FDIC,6br,inv=Low Satisfactory,svc=High Satisfactory)"
206,Clarke,GA,25051,survey-weighted,2,2,Bank OZK,41606548,FDIC,Outstanding,Low Satisfactory,"Bank OZK(FDIC,1br,inv=Outstanding,svc=Low Satisfactory); Pinnacle Bank(FDIC,1br,inv=Low Satisfactory,svc=High Satisfactory)"
207,Durham,NC,24913,survey-weighted,1,1,The Fidelity Bank,4263695,FDIC,Low Satisfactory,Low Satisfactory,"The Fidelity Bank(FDIC,1br,inv=Low Satisfactory,svc=Low Satisfactory)"
208,Galveston,TX,24834,survey-weighted,4,17,REGIONS BANK,151314000,FED,-,Low Satisfactory,"REGIONS BANK(FED,1br,inv=-,svc=Low Satisfactory); Bank OZK(FDIC,1br,inv=Outstanding,svc=Low Satisfactory); Prosperity Bank(FDIC,2br,inv=High Satisfactory,svc=Low Satisfactory); TEXAS FIRST BANK(FED,13br,inv=Low Satisfactory,svc=-)"
209,Weld,CO,24820,survey-weighted,2,8,Bank of Colorado,7572545,FDIC,Low Satisfactory,High Satisfactory,"Bank of Colorado(FDIC,6br,inv=Low Satisfactory,svc=High Satisfactory); NBH BANK(FED,2br,inv=-,svc=Low Satisfactory)"
210,Chatham,GA,24818,survey-weighted,3,8,Bank OZK,41606548,FDIC,Outstanding,Low Satisfactory,"Bank OZK(FDIC,1br,inv=Outstanding,svc=Low Satisfactory); Ameris Bank(FDIC,5br,inv=High Satisfactory,svc=Low Satisfactory); Colony Bank(FDIC,2br,inv=Low Satisfactory,svc=High Satisfactory)"
211,Larimer,CO,24804,survey-weighted,3,11,Union Bank and Trust Company,8799880,FDIC,Low Satisfactory,Outstanding,"Union Bank and Trust Company(FDIC,1br,inv=Low Satisfactory,svc=Outstanding); Bank of Colorado(FDIC,9br,inv=Low Satisfactory,svc=High Satisfactory); NBH BANK(FED,1br,inv=-,svc=Low Satisfactory)"
212,Sonoma,CA,24709,MODELED,2,23,Bank of Marin,4036176,FDIC,Low Satisfactory,Low Satisfactory,"Bank of Marin(FDIC,5br,inv=Low Satisfactory,svc=Low Satisfactory); Exchange Bank(FDIC,18br,inv=Low Satisfactory,svc=Low Satisfactory)"
213,Muscogee,GA,24615,survey-weighted,3,3,REGIONS BANK,151314000,FED,-,Low Satisfactory,"REGIONS BANK(FED,1br,inv=-,svc=Low Satisfactory); Bank OZK(FDIC,1br,inv=Outstanding,svc=Low Satisfactory); Colony Bank(FDIC,1br,inv=Low Satisfactory,svc=High Satisfactory)"
214,Montgomery,TN,24604,survey-weighted,1,4,REGIONS BANK,151314000,FED,-,Low Satisfactory,"REGIONS BANK(FED,4br,inv=-,svc=Low Satisfactory)"
215,Orange,NY,24550,survey-weighted,2,7,ConnectOne Bank,14013611,FDIC,Outstanding,Low Satisfactory,"ConnectOne Bank(FDIC,1br,inv=Outstanding,svc=Low Satisfactory); ORANGE BANK & TRUST COMPANY(FED,6br,inv=Low Satisfactory,svc=-)"
216,Ramsey,MN,24229,survey-weighted,1,1,Great Southern Bank,5723662,FDIC,High Satisfactory,Low Satisfactory,"Great Southern Bank(FDIC,1br,inv=High Satisfactory,svc=Low Satisfactory)"
217,Wyandotte,KS,23988,survey-weighted,4,13,CENTRAL TRUST BANK THE,19551204,FED,Low Satisfactory,-,"CENTRAL TRUST BANK THE(FED,1br,inv=Low Satisfactory,svc=-); Union Bank and Trust Company(FDIC,1br,inv=Low Satisfactory,svc=Outstanding); NBH BANK(FED,3br,inv=-,svc=Low Satisfactory); Security Bank of Kansas City(FDIC,8br,inv=Low Satisfactory,svc=High Satisfactory)"
218,Jefferson,CO,23889,survey-weighted,3,3,CENTRAL TRUST BANK THE,19551204,FED,Low Satisfactory,-,"CENTRAL TRUST BANK THE(FED,1br,inv=Low Satisfactory,svc=-); Bank of Colorado(FDIC,1br,inv=Low Satisfactory,svc=High Satisfactory); NBH BANK(FED,1br,inv=-,svc=Low Satisfactory)"
219,Hinds,MS,23543,survey-weighted,5,20,REGIONS BANK,151314000,FED,-,Low Satisfactory,"REGIONS BANK(FED,8br,inv=-,svc=Low Satisfactory); ORIGIN BANK(FED,1br,inv=Low Satisfactory,svc=Low Satisfactory); BankPlus(FDIC,8br,inv=Outstanding,svc=Low Satisfactory); Community Bank of Mississippi(FDIC,2br,inv=Low Satisfactory,svc=High Satisfactory); BANKFIRST FINANCIAL SERVICES(FED,1br,inv=Low Satisfactory,svc=-)"
220,Burlington,NJ,23371,survey-weighted,2,7,FIRST CITIZENS COMMUNITY BANK,2208830,FED,Low Satisfactory,-,"FIRST CITIZENS COMMUNITY BANK(FED,1br,inv=Low Satisfactory,svc=-); The Bank of Princeton(FDIC,6br,inv=High Satisfactory,svc=Low Satisfactory)"
221,Hamilton,TN,23360,survey-weighted,2,12,REGIONS BANK,151314000,FED,-,Low Satisfactory,"REGIONS BANK(FED,7br,inv=-,svc=Low Satisfactory); SMARTBANK(FED,5br,inv=Low Satisfactory,svc=Low Satisfactory)"
222,San Luis Obispo,CA,23318,MODELED,1,1,West Coast Community Bank,2650147,FDIC,High Satisfactory,Low Satisfactory,"West Coast Community Bank(FDIC,1br,inv=High Satisfactory,svc=Low Satisfactory)"
223,Ottawa,MI,23306,survey-weighted,3,18,Horizon Bank,7621571,FDIC,Low Satisfactory,High Satisfactory,"Horizon Bank(FDIC,1br,inv=Low Satisfactory,svc=High Satisfactory); Macatawa Bank(FDIC,15br,inv=High Satisfactory,svc=Low Satisfactory); CHOICEONE BANK(FED,2br,inv=Low Satisfactory,svc=Low Satisfactory)"
224,Washington,UT,23202,survey-weighted,2,5,NBH BANK,6948775,FED,-,Low Satisfactory,"NBH BANK(FED,1br,inv=-,svc=Low Satisfactory); Cache Valley Bank(FDIC,4br,inv=High Satisfactory,svc=Low Satisfactory)"
225,Johnson,KS,23074,survey-weighted,10,43,SIMMONS BANK,26749112,FED,-,Low Satisfactory,"SIMMONS BANK(FED,1br,inv=-,svc=Low Satisfactory); CENTRAL TRUST BANK THE(FED,13br,inv=Low Satisfactory,svc=-); Union Bank and Trust Company(FDIC,1br,inv=Low Satisfactory,svc=Outstanding); NBH BANK(FED,5br,inv=-,svc=Low Satisfactory); FIRST BANK(FED,1br,inv=-,svc=Low Satisfactory); Great Southern Bank(FDIC,5br,inv=High Satisfactory,svc=Low Satisfactory); First Business Bank(FDIC,1br,inv=Outstanding,svc=Low Satisfactory); EQUITY BANK(FED,2br,inv=Low Satisfactory,svc=Low Satisfactory); Security Bank of Kansas City(FDIC,13br,inv=Low Satisfactory,svc=High Satisfactory); Hawthorn Bank(FDIC,1br,inv=High Satisfactory,svc=Low Satisfactory)"
226,Butte,CA,23072,MODELED,1,1,Five Star Bank,3476132,FDIC,High Satisfactory,Low Satisfactory,"Five Star Bank(FDIC,1br,inv=High Satisfactory,svc=Low Satisfactory)"
227,Washington,OR,23016,survey-weighted,1,3,Heritage Bank,7233406,FDIC,High Satisfactory,Low Satisfactory,"Heritage Bank(FDIC,3br,inv=High Satisfactory,svc=Low Satisfactory)"
228,Escambia,FL,22938,survey-weighted,4,5,REGIONS BANK,151314000,FED,-,Low Satisfactory,"REGIONS BANK(FED,1br,inv=-,svc=Low Satisfactory); CENTENNIAL BANK(FED,2br,inv=-,svc=Low Satisfactory); Community Bank of Mississippi(FDIC,1br,inv=Low Satisfactory,svc=High Satisfactory); SMARTBANK(FED,1br,inv=Low Satisfactory,svc=Low Satisfactory)"
229,Montgomery,AL,22907,survey-weighted,3,12,REGIONS BANK,151314000,FED,-,Low Satisfactory,"REGIONS BANK(FED,10br,inv=-,svc=Low Satisfactory); Bank of Hope(FDIC,1br,inv=High Satisfactory,svc=Low Satisfactory); SMARTBANK(FED,1br,inv=Low Satisfactory,svc=Low Satisfactory)"
230,Mercer,NJ,22844,survey-weighted,2,8,CUSTOMERS BANK,20879065,FDIC+FED,Low Satisfactory,Low Satisfactory,"CUSTOMERS BANK(FDIC+FED,1br,inv=Low Satisfactory,svc=Low Satisfactory); The Bank of Princeton(FDIC,7br,inv=High Satisfactory,svc=Low Satisfactory)"
231,Kane,IL,22586,survey-weighted,2,7,First American Bank,7074673,FDIC,Low Satisfactory,Low Satisfactory,"First American Bank(FDIC,6br,inv=Low Satisfactory,svc=Low Satisfactory); Parkway Bank and Trust Company(FDIC,1br,inv=Low Satisfactory,svc=Low Satisfactory)"
232,Butler,OH,22542,survey-weighted,1,3,Union Savings Bank,3391585,FDIC,High Satisfactory,Low Satisfactory,"Union Savings Bank(FDIC,3br,inv=High Satisfactory,svc=Low Satisfactory)"
233,Camden,NJ,22536,survey-weighted,3,5,Firstrust Savings Bank,5122806,FDIC,Low Satisfactory,Low Satisfactory,"Firstrust Savings Bank(FDIC,1br,inv=Low Satisfactory,svc=Low Satisfactory); Parke Bank(FDIC,1br,inv=Low Satisfactory,svc=Low Satisfactory); The Bank of Princeton(FDIC,3br,inv=High Satisfactory,svc=Low Satisfactory)"
234,Prince William,VA,22497,survey-weighted,2,3,Burke & Herbert Bank & Trust Company,3563307,FDIC,Low Satisfactory,High Satisfactory,"Burke & Herbert Bank & Trust Company(FDIC,2br,inv=Low Satisfactory,svc=High Satisfactory); FVCBANK(FED,1br,inv=Needs to Improve,svc=-)"
235,Harrison,MS,22475,survey-weighted,4,8,REGIONS BANK,151314000,FED,-,Low Satisfactory,"REGIONS BANK(FED,1br,inv=-,svc=Low Satisfactory); BankPlus(FDIC,1br,inv=Outstanding,svc=Low Satisfactory); Community Bank of Mississippi(FDIC,5br,inv=Low Satisfactory,svc=High Satisfactory); BANKFIRST FINANCIAL SERVICES(FED,1br,inv=Low Satisfactory,svc=-)"
236,Tippecanoe,IN,22391,survey-weighted,3,10,REGIONS BANK,151314000,FED,-,Low Satisfactory,"REGIONS BANK(FED,4br,inv=-,svc=Low Satisfactory); Horizon Bank(FDIC,4br,inv=Low Satisfactory,svc=High Satisfactory); FIRST FARMERS BANK & TRUST CO.(FED,2br,inv=Low Satisfactory,svc=-)"
237,Centre,PA,22361,survey-weighted,2,2,FIRST CITIZENS COMMUNITY BANK,2208830,FED,Low Satisfactory,-,"FIRST CITIZENS COMMUNITY BANK(FED,1br,inv=Low Satisfactory,svc=-); AMERISERV FINANCIAL BANK(FED,1br,inv=Low Satisfactory,svc=Low Satisfactory)"
238,Gloucester,NJ,22309,survey-weighted,2,4,Parke Bank,2155246,FDIC,Low Satisfactory,Low Satisfactory,"Parke Bank(FDIC,2br,inv=Low Satisfactory,svc=Low Satisfactory); The Bank of Princeton(FDIC,2br,inv=High Satisfactory,svc=Low Satisfactory)"
239,Smith,TX,22235,survey-weighted,5,9,REGIONS BANK,151314000,FED,-,Low Satisfactory,"REGIONS BANK(FED,2br,inv=-,svc=Low Satisfactory); Bank OZK(FDIC,1br,inv=Outstanding,svc=Low Satisfactory); Prosperity Bank(FDIC,3br,inv=High Satisfactory,svc=Low Satisfactory); SIMMONS BANK(FED,1br,inv=-,svc=Low Satisfactory); ORIGIN BANK(FED,2br,inv=Low Satisfactory,svc=Low Satisfactory)"
240,Caddo Parish,LA,22192,survey-weighted,5,17,REGIONS BANK,151314000,FED,-,Low Satisfactory,"REGIONS BANK(FED,5br,inv=-,svc=Low Satisfactory); ORIGIN BANK(FED,2br,inv=Low Satisfactory,svc=Low Satisfactory); b1BANK(FDIC,4br,inv=Low Satisfactory,svc=Low Satisfactory); First Guaranty Bank(FDIC,2br,inv=Low Satisfactory,svc=Low Satisfactory); Red River Bank(FDIC,4br,inv=Low Satisfactory,svc=High Satisfactory)"
241,York,SC,22050,survey-weighted,1,1,First Community Bank,1735147,FDIC,Low Satisfactory,Low Satisfactory,"First Community Bank(FDIC,1br,inv=Low Satisfactory,svc=Low Satisfactory)"
242,Hawaii,HI,21997,survey-weighted,1,2,Bank of Hope,18082905,FDIC,High Satisfactory,Low Satisfactory,"Bank of Hope(FDIC,2br,inv=High Satisfactory,svc=Low Satisfactory)"
243,Lafayette Parish,LA,21770,survey-weighted,4,4,REGIONS BANK,151314000,FED,-,Low Satisfactory,"REGIONS BANK(FED,1br,inv=-,svc=Low Satisfactory); BankPlus(FDIC,1br,inv=Outstanding,svc=Low Satisfactory); b1BANK(FDIC,1br,inv=Low Satisfactory,svc=Low Satisfactory); Red River Bank(FDIC,1br,inv=Low Satisfactory,svc=High Satisfactory)"
244,Hall,GA,21451,survey-weighted,4,7,REGIONS BANK,151314000,FED,-,Low Satisfactory,"REGIONS BANK(FED,1br,inv=-,svc=Low Satisfactory); Bank OZK(FDIC,1br,inv=Outstanding,svc=Low Satisfactory); Ameris Bank(FDIC,2br,inv=High Satisfactory,svc=Low Satisfactory); Pinnacle Bank(FDIC,3br,inv=Low Satisfactory,svc=High Satisfactory)"
245,Yolo,CA,21447,MODELED,1,6,First Northern Bank of Dixon,1903284,FDIC,Low Satisfactory,High Satisfactory,"First Northern Bank of Dixon(FDIC,6br,inv=Low Satisfactory,svc=High Satisfactory)"
246,Pitt,NC,21244,survey-weighted,1,5,Southern Bank and Trust Company,4758607,FDIC,High Satisfactory,Low Satisfactory,"Southern Bank and Trust Company(FDIC,5br,inv=High Satisfactory,svc=Low Satisfactory)"
248,Hays,TX,21119,survey-weighted,4,6,Prosperity Bank,38274790,FDIC,High Satisfactory,Low Satisfactory,"Prosperity Bank(FDIC,1br,inv=High Satisfactory,svc=Low Satisfactory); TEXAS REGIONAL BANK(FED,3br,inv=Low Satisfactory,svc=-); Security State Bank & Trust(FDIC,1br,inv=Low Satisfactory,svc=High Satisfactory); Falcon International Bank(FDIC,1br,inv=High Satisfactory,svc=Low Satisfactory)"
249,York,PA,21046,survey-weighted,4,25,UNIVEST BANK AND TRUST CO.,6892885,FED,-,Low Satisfactory,"UNIVEST BANK AND TRUST CO.(FED,1br,inv=-,svc=Low Satisfactory); ORRSTOWN BANK(FED,14br,inv=Low Satisfactory,svc=Low Satisfactory); ACNB Bank(FDIC,9br,inv=Low Satisfactory,svc=Low Satisfactory); Citizens & Northern Bank(FDIC,1br,inv=Low Satisfactory,svc=Low Satisfactory)"
250,Santa Cruz,CA,20895,MODELED,1,5,West Coast Community Bank,2650147,FDIC,High Satisfactory,Low Satisfactory,"West Coast Community Bank(FDIC,5br,inv=High Satisfactory,svc=Low Satisfactory)"
251,Cleveland,OK,20885,survey-weighted,7,26,Prosperity Bank,38274790,FDIC,High Satisfactory,Low Satisfactory,"Prosperity Bank(FDIC,1br,inv=High Satisfactory,svc=Low Satisfactory); SIMMONS BANK(FED,1br,inv=-,svc=Low Satisfactory); BancFirst(FDIC+FED,8br,inv=High Satisfactory,svc=Low Satisfactory); RCB BANK(FED,2br,inv=Low Satisfactory,svc=Low Satisfactory); FIRST FIDELITY BANK(FED,6br,inv=Low Satisfactory,svc=Low Satisfactory); Armstrong Bank(FDIC,5br,inv=High Satisfactory,svc=Low Satisfactory); International Bank of Commerce(FDIC,3br,inv=Outstanding,svc=Low Satisfactory)"
252,Kalamazoo,MI,20798,survey-weighted,1,2,Horizon Bank,7621571,FDIC,Low Satisfactory,High Satisfactory,"Horizon Bank(FDIC,2br,inv=Low Satisfactory,svc=High Satisfactory)"
253,Washington,TN,20747,survey-weighted,8,19,REGIONS BANK,151314000,FED,-,Low Satisfactory,"REGIONS BANK(FED,3br,inv=-,svc=Low Satisfactory); CENTENNIAL BANK(FED,3br,inv=-,svc=Low Satisfactory); HOMETRUST BANK(FED,2br,inv=Low Satisfactory,svc=Low Satisfactory); FIRST COMMUNITY BANK(FED,2br,inv=-,svc=Low Satisfactory); FIRST BANK AND TRUST COMPANY THE(FED,2br,inv=Low Satisfactory,svc=Low Satisfactory); COMMERCIAL BANK(FED,1br,inv=Low Satisfactory,svc=Low Satisfactory); Bank of Tennessee(FDIC,5br,inv=Low Satisfactory,svc=Low Satisfactory); BANK OF MARION THE(FED,1br,inv=Low Satisfactory,svc=-)"
254,Placer,CA,20366,MODELED,5,9,FIRST BANK,6554829,FED,-,Low Satisfactory,"FIRST BANK(FED,2br,inv=-,svc=Low Satisfactory); Bank of Marin(FDIC,1br,inv=Low Satisfactory,svc=Low Satisfactory); Five Star Bank(FDIC,1br,inv=High Satisfactory,svc=Low Satisfactory); Exchange Bank(FDIC,1br,inv=Low Satisfactory,svc=Low Satisfactory); First Northern Bank of Dixon(FDIC,4br,inv=Low Satisfactory,svc=High Satisfactory)"
255,Lackawanna,PA,20353,survey-weighted,1,2,Wayne Bank,2366498,FDIC,High Satisfactory,Low Satisfactory,"Wayne Bank(FDIC,2br,inv=High Satisfactory,svc=Low Satisfactory)"
257,Chester,PA,20301,survey-weighted,7,9,CUSTOMERS BANK,20879065,FDIC+FED,Low Satisfactory,Low Satisfactory,"CUSTOMERS BANK(FDIC+FED,2br,inv=Low Satisfactory,svc=Low Satisfactory); UNIVEST BANK AND TRUST CO.(FED,1br,inv=-,svc=Low Satisfactory); Burke & Herbert Bank & Trust Company(FDIC,1br,inv=Low Satisfactory,svc=High Satisfactory); Wayne Bank(FDIC,2br,inv=High Satisfactory,svc=Low Satisfactory); Citizens & Northern Bank(FDIC,1br,inv=Low Satisfactory,svc=Low Satisfactory); FIRST CITIZENS COMMUNITY BANK(FED,1br,inv=Low Satisfactory,svc=-); Meridian Bank(FDIC,1br,inv=Substantial Non Complianc,svc=Substantial Non Complianc)"
258,Bucks,PA,20174,survey-weighted,8,47,CUSTOMERS BANK,20879065,FDIC+FED,Low Satisfactory,Low Satisfactory,"CUSTOMERS BANK(FDIC+FED,1br,inv=Low Satisfactory,svc=Low Satisfactory); UNIVEST BANK AND TRUST CO.(FED,8br,inv=-,svc=Low Satisfactory); Firstrust Savings Bank(FDIC,3br,inv=Low Satisfactory,svc=Low Satisfactory); Penn Community Bank(FDIC,18br,inv=Outstanding,svc=Low Satisfactory); Citizens & Northern Bank(FDIC,3br,inv=Low Satisfactory,svc=Low Satisfactory); FIRST CITIZENS COMMUNITY BANK(FED,3br,inv=Low Satisfactory,svc=-); QNB Bank(FDIC,10br,inv=Low Satisfactory,svc=High Satisfactory); Meridian Bank(FDIC,1br,inv=Substantial Non Complianc,svc=Substantial Non Complianc)"
259,Anderson,SC,20004,survey-weighted,2,2,REGIONS BANK,151314000,FED,-,Low Satisfactory,"REGIONS BANK(FED,1br,inv=-,svc=Low Satisfactory); First Community Bank(FDIC,1br,inv=Low Satisfactory,svc=Low Satisfactory)"
260,Peoria,IL,19979,survey-weighted,2,10,REGIONS BANK,151314000,FED,-,Low Satisfactory,"REGIONS BANK(FED,1br,inv=-,svc=Low Satisfactory); Morton Community Bank(FDIC,9br,inv=High Satisfactory,svc=Low Satisfactory)"
261,Gaston,NC,19903,survey-weighted,4,9,Bank OZK,41606548,FDIC,Outstanding,Low Satisfactory,"Bank OZK(FDIC,3br,inv=Outstanding,svc=Low Satisfactory); The Fidelity Bank(FDIC,3br,inv=Low Satisfactory,svc=Low Satisfactory); HOMETRUST BANK(FED,1br,inv=Low Satisfactory,svc=Low Satisfactory); COMMERCIAL BANK(FED,2br,inv=Low Satisfactory,svc=Low Satisfactory)"
262,Morris,NJ,19874,survey-weighted,5,16,ConnectOne Bank,14013611,FDIC,Outstanding,Low Satisfactory,"ConnectOne Bank(FDIC,1br,inv=Outstanding,svc=Low Satisfactory); PEAPACK-GLADSTONE BANK(FED,6br,inv=-,svc=Low Satisfactory); Unity Bank(FDIC,2br,inv=Low Satisfactory,svc=High Satisfactory); Ion Bank(FDIC,3br,inv=Low Satisfactory,svc=High Satisfactory); Blue Foundry Bank(FDIC,4br,inv=Low Satisfactory,svc=High Satisfactory)"
263,Chesapeake city,VA,19846,survey-weighted,1,2,Southern Bank and Trust Company,4758607,FDIC,High Satisfactory,Low Satisfactory,"Southern Bank and Trust Company(FDIC,2br,inv=High Satisfactory,svc=Low Satisfactory)"
265,Plymouth,MA,19709,survey-weighted,3,12,Hingham Institution for Savings,4449837,FDIC,High Satisfactory,Low Satisfactory,"Hingham Institution for Savings(FDIC,5br,inv=High Satisfactory,svc=Low Satisfactory); North Shore Bank, a Co-operative Bank(FDIC,2br,inv=Substantial Non Complianc,svc=Substantial Non Complianc); SOUTH SHORE BANK(FED,5br,inv=Low Satisfactory,svc=-)"
266,Waukesha,WI,19615,survey-weighted,4,21,First Business Bank,4082035,FDIC,Outstanding,Low Satisfactory,"First Business Bank(FDIC,1br,inv=Outstanding,svc=Low Satisfactory); North Shore Bank(FDIC,7br,inv=Low Satisfactory,svc=High Satisfactory); WaterStone Bank, SSB(FDIC,4br,inv=High Satisfactory,svc=Low Satisfactory); Bank Five Nine(FDIC,9br,inv=Low Satisfactory,svc=High Satisfactory)"
267,Dakota,MN,19539,survey-weighted,1,1,Great Southern Bank,5723662,FDIC,High Satisfactory,Low Satisfactory,"Great Southern Bank(FDIC,1br,inv=High Satisfactory,svc=Low Satisfactory)"
268,Norfolk city,VA,19291,survey-weighted,1,2,Southern Bank and Trust Company,4758607,FDIC,High Satisfactory,Low Satisfactory,"Southern Bank and Trust Company(FDIC,2br,inv=High Satisfactory,svc=Low Satisfactory)"
269,Aiken,SC,19289,survey-weighted,1,1,First Community Bank,1735147,FDIC,Low Satisfactory,Low Satisfactory,"First Community Bank(FDIC,1br,inv=Low Satisfactory,svc=Low Satisfactory)"
270,Hampden,MA,19067,survey-weighted,3,19,BROOKLINE BANK,4966140,FED,Low Satisfactory,Low Satisfactory,"BROOKLINE BANK(FED,11br,inv=Low Satisfactory,svc=Low Satisfactory); Country Bank for Savings(FDIC,5br,inv=High Satisfactory,svc=Low Satisfactory); EASTHAMPTON SAVINGS BANK(FED,3br,inv=Low Satisfactory,svc=-)"
271,Johnson,TX,18749,survey-weighted,1,1,SIMMONS BANK,26749112,FED,-,Low Satisfactory,"SIMMONS BANK(FED,1br,inv=-,svc=Low Satisfactory)"
272,Westmoreland,PA,18724,survey-weighted,2,20,Somerset Trust Company,2315834,FDIC,Low Satisfactory,High Satisfactory,"Somerset Trust Company(FDIC,18br,inv=Low Satisfactory,svc=High Satisfactory); AMERISERV FINANCIAL BANK(FED,2br,inv=Low Satisfactory,svc=Low Satisfactory)"
273,Monroe,IN,18703,survey-weighted,3,7,REGIONS BANK,151314000,FED,-,Low Satisfactory,"REGIONS BANK(FED,3br,inv=-,svc=Low Satisfactory); German American Bank(FDIC,3br,inv=Low Satisfactory,svc=Low Satisfactory); Union Savings Bank(FDIC,1br,inv=High Satisfactory,svc=Low Satisfactory)"
274,Dauphin,PA,18699,survey-weighted,3,4,Burke & Herbert Bank & Trust Company,3563307,FDIC,Low Satisfactory,High Satisfactory,"Burke & Herbert Bank & Trust Company(FDIC,2br,inv=Low Satisfactory,svc=High Satisfactory); ORRSTOWN BANK(FED,1br,inv=Low Satisfactory,svc=Low Satisfactory); Farmers and Merchants Trust Company of Chambersburg(FDIC,1br,inv=Low Satisfactory,svc=High Satisfactory)"
275,Anne Arundel,MD,18634,survey-weighted,3,3,CFG Bank,5027779,FDIC,High Satisfactory,Low Satisfactory,"CFG Bank(FDIC,1br,inv=High Satisfactory,svc=Low Satisfactory); Burke & Herbert Bank & Trust Company(FDIC,1br,inv=Low Satisfactory,svc=High Satisfactory); ORRSTOWN BANK(FED,1br,inv=Low Satisfactory,svc=Low Satisfactory)"
276,Oneida,NY,18625,survey-weighted,1,6,BROOKLINE BANK,4966140,FED,Low Satisfactory,Low Satisfactory,"BROOKLINE BANK(FED,6br,inv=Low Satisfactory,svc=Low Satisfactory)"
277,Calcasieu Parish,LA,18587,survey-weighted,2,7,b1BANK,5531431,FDIC,Low Satisfactory,Low Satisfactory,"b1BANK(FDIC,5br,inv=Low Satisfactory,svc=Low Satisfactory); Red River Bank(FDIC,2br,inv=Low Satisfactory,svc=High Satisfactory)"
278,Henrico,VA,18549,survey-weighted,3,4,Southern Bank and Trust Company,4758607,FDIC,High Satisfactory,Low Satisfactory,"Southern Bank and Trust Company(FDIC,1br,inv=High Satisfactory,svc=Low Satisfactory); PRIMIS BANK(FED,2br,inv=Low Satisfactory,svc=Low Satisfactory); FIRST COMMUNITY BANK(FED,1br,inv=-,svc=Low Satisfactory)"
279,Johnston,NC,18529,survey-weighted,1,2,Southern Bank and Trust Company,4758607,FDIC,High Satisfactory,Low Satisfactory,"Southern Bank and Trust Company(FDIC,2br,inv=High Satisfactory,svc=Low Satisfactory)"
280,Clark,WA,18476,survey-weighted,1,1,Heritage Bank,7233406,FDIC,High Satisfactory,Low Satisfactory,"Heritage Bank(FDIC,1br,inv=High Satisfactory,svc=Low Satisfactory)"
281,Hamilton,IN,18326,survey-weighted,4,16,REGIONS BANK,151314000,FED,-,Low Satisfactory,"REGIONS BANK(FED,5br,inv=-,svc=Low Satisfactory); Horizon Bank(FDIC,3br,inv=Low Satisfactory,svc=High Satisfactory); LAKE CITY BANK(FED,5br,inv=Low Satisfactory,svc=-); FIRST FARMERS BANK & TRUST CO.(FED,3br,inv=Low Satisfactory,svc=-)"
283,St. Johns,FL,18255,survey-weighted,1,5,Ameris Bank,23591556,FDIC,High Satisfactory,Low Satisfactory,"Ameris Bank(FDIC,5br,inv=High Satisfactory,svc=Low Satisfactory)"
284,Elkhart,IN,18090,survey-weighted,2,12,Horizon Bank,7621571,FDIC,Low Satisfactory,High Satisfactory,"Horizon Bank(FDIC,1br,inv=Low Satisfactory,svc=High Satisfactory); LAKE CITY BANK(FED,11br,inv=Low Satisfactory,svc=-)"
285,Loudoun,VA,18085,survey-weighted,2,2,PRIMIS BANK,3831355,FED,Low Satisfactory,Low Satisfactory,"PRIMIS BANK(FED,1br,inv=Low Satisfactory,svc=Low Satisfactory); Burke & Herbert Bank & Trust Company(FDIC,1br,inv=Low Satisfactory,svc=High Satisfactory)"
287,Yakima,WA,17990,survey-weighted,3,9,Heritage Bank,7233406,FDIC,High Satisfactory,Low Satisfactory,"Heritage Bank(FDIC,3br,inv=High Satisfactory,svc=Low Satisfactory); Cashmere Valley Bank(FDIC,2br,inv=Low Satisfactory,svc=High Satisfactory); Yakima Federal Savings and Loan Association(FDIC,4br,inv=High Satisfactory,svc=Low Satisfactory)"
288,Harford,MD,17940,survey-weighted,1,1,ORRSTOWN BANK,2780990,FED,Low Satisfactory,Low Satisfactory,"ORRSTOWN BANK(FED,1br,inv=Low Satisfactory,svc=Low Satisfactory)"
289,Lorain,OH,17821,survey-weighted,1,1,CIVISTA BANK,3006039,FED,-,Low Satisfactory,"CIVISTA BANK(FED,1br,inv=-,svc=Low Satisfactory)"
290,Pickens,SC,17791,survey-weighted,1,1,First Community Bank,1735147,FDIC,Low Satisfactory,Low Satisfactory,"First Community Bank(FDIC,1br,inv=Low Satisfactory,svc=Low Satisfactory)"
291,Boone,MO,17592,survey-weighted,6,27,REGIONS BANK,151314000,FED,-,Low Satisfactory,"REGIONS BANK(FED,2br,inv=-,svc=Low Satisfactory); SIMMONS BANK(FED,6br,inv=-,svc=Low Satisfactory); CENTRAL TRUST BANK THE(FED,14br,inv=Low Satisfactory,svc=-); Great Southern Bank(FDIC,1br,inv=High Satisfactory,svc=Low Satisfactory); The Bank of Missouri(FDIC,2br,inv=Low Satisfactory,svc=High Satisfactory); Hawthorn Bank(FDIC,2br,inv=High Satisfactory,svc=Low Satisfactory)"
294,Beaufort,SC,17409,survey-weighted,1,1,Ameris Bank,23591556,FDIC,High Satisfactory,Low Satisfactory,"Ameris Bank(FDIC,1br,inv=High Satisfactory,svc=Low Satisfactory)"
295,Atlantic,NJ,17241,survey-weighted,1,2,Parke Bank,2155246,FDIC,Low Satisfactory,Low Satisfactory,"Parke Bank(FDIC,2br,inv=Low Satisfactory,svc=Low Satisfactory)"
298,Garland,AR,17009,survey-weighted,3,15,REGIONS BANK,151314000,FED,-,Low Satisfactory,"REGIONS BANK(FED,5br,inv=-,svc=Low Satisfactory); Bank OZK(FDIC,7br,inv=Outstanding,svc=Low Satisfactory); SIMMONS BANK(FED,3br,inv=-,svc=Low Satisfactory)"
302,Hernando,FL,16295,survey-weighted,2,2,REGIONS BANK,151314000,FED,-,Low Satisfactory,"REGIONS BANK(FED,1br,inv=-,svc=Low Satisfactory); CENTENNIAL BANK(FED,1br,inv=-,svc=Low Satisfactory)"
303,Davis,UT,16228,survey-weighted,2,4,Cache Valley Bank,3281738,FDIC,High Satisfactory,Low Satisfactory,"Cache Valley Bank(FDIC,3br,inv=High Satisfactory,svc=Low Satisfactory); D. L. Evans Bank(FDIC,1br,inv=Low Satisfactory,svc=High Satisfactory)"
304,Weber,UT,16208,survey-weighted,2,2,Cache Valley Bank,3281738,FDIC,High Satisfactory,Low Satisfactory,"Cache Valley Bank(FDIC,1br,inv=High Satisfactory,svc=Low Satisfactory); D. L. Evans Bank(FDIC,1br,inv=Low Satisfactory,svc=High Satisfactory)"
305,Cumberland,PA,16157,survey-weighted,5,17,UNIVEST BANK AND TRUST CO.,6892885,FED,-,Low Satisfactory,"UNIVEST BANK AND TRUST CO.(FED,1br,inv=-,svc=Low Satisfactory); Burke & Herbert Bank & Trust Company(FDIC,2br,inv=Low Satisfactory,svc=High Satisfactory); ORRSTOWN BANK(FED,5br,inv=Low Satisfactory,svc=Low Satisfactory); ACNB Bank(FDIC,1br,inv=Low Satisfactory,svc=Low Satisfactory); Farmers and Merchants Trust Company of Chambersburg(FDIC,8br,inv=Low Satisfactory,svc=High Satisfactory)"
307,Houston,GA,16006,survey-weighted,2,5,Colony Bank,3091464,FDIC,Low Satisfactory,High Satisfactory,"Colony Bank(FDIC,2br,inv=Low Satisfactory,svc=High Satisfactory); Pinnacle Bank(FDIC,3br,inv=Low Satisfactory,svc=High Satisfactory)"
308,DeSoto,MS,15954,survey-weighted,4,12,REGIONS BANK,151314000,FED,-,Low Satisfactory,"REGIONS BANK(FED,3br,inv=-,svc=Low Satisfactory); BankPlus(FDIC,4br,inv=Outstanding,svc=Low Satisfactory); Community Bank of Mississippi(FDIC,3br,inv=Low Satisfactory,svc=High Satisfactory); BANKFIRST FINANCIAL SERVICES(FED,2br,inv=Low Satisfactory,svc=-)"
309,Benton,WA,15861,survey-weighted,2,5,1st Security Bank of Washington,2632273,FDIC,Outstanding,Low Satisfactory,"1st Security Bank of Washington(FDIC,1br,inv=Outstanding,svc=Low Satisfactory); Yakima Federal Savings and Loan Association(FDIC,4br,inv=High Satisfactory,svc=Low Satisfactory)"
310,Midland,TX,15813,survey-weighted,3,8,Prosperity Bank,38274790,FDIC,High Satisfactory,Low Satisfactory,"Prosperity Bank(FDIC,5br,inv=High Satisfactory,svc=Low Satisfactory); City Bank(FDIC,1br,inv=Low Satisfactory,svc=Low Satisfactory); American Momentum Bank(FDIC,2br,inv=High Satisfactory,svc=Low Satisfactory)"
311,Coconino,AZ,15657,survey-weighted,2,2,Bank of Colorado,7572545,FDIC,Low Satisfactory,High Satisfactory,"Bank of Colorado(FDIC,1br,inv=Low Satisfactory,svc=High Satisfactory); Sunwest Bank(FDIC,1br,inv=Low Satisfactory,svc=High Satisfactory)"
312,Harnett,NC,15645,survey-weighted,2,2,The Fidelity Bank,4263695,FDIC,Low Satisfactory,Low Satisfactory,"The Fidelity Bank(FDIC,1br,inv=Low Satisfactory,svc=Low Satisfactory); FIRST BANK AND TRUST COMPANY THE(FED,1br,inv=Low Satisfactory,svc=Low Satisfactory)"
314,Shelby,AL,15599,survey-weighted,1,6,REGIONS BANK,151314000,FED,-,Low Satisfactory,"REGIONS BANK(FED,6br,inv=-,svc=Low Satisfactory)"
315,Buncombe,NC,15591,survey-weighted,2,5,Bank OZK,41606548,FDIC,Outstanding,Low Satisfactory,"Bank OZK(FDIC,1br,inv=Outstanding,svc=Low Satisfactory); HOMETRUST BANK(FED,4br,inv=Low Satisfactory,svc=Low Satisfactory)"
316,Richmond,GA,15515,survey-weighted,4,7,REGIONS BANK,151314000,FED,-,Low Satisfactory,"REGIONS BANK(FED,3br,inv=-,svc=Low Satisfactory); Ameris Bank(FDIC,1br,inv=High Satisfactory,svc=Low Satisfactory); Pinnacle Bank(FDIC,2br,inv=Low Satisfactory,svc=High Satisfactory); First Community Bank(FDIC,1br,inv=Low Satisfactory,svc=Low Satisfactory)"
317,Sebastian,AR,15457,survey-weighted,5,12,REGIONS BANK,151314000,FED,-,Low Satisfactory,"REGIONS BANK(FED,2br,inv=-,svc=Low Satisfactory); Bank OZK(FDIC,3br,inv=Outstanding,svc=Low Satisfactory); SIMMONS BANK(FED,3br,inv=-,svc=Low Satisfactory); CENTENNIAL BANK(FED,2br,inv=-,svc=Low Satisfactory); Armstrong Bank(FDIC,2br,inv=High Satisfactory,svc=Low Satisfactory)"
320,Calhoun,AL,15410,survey-weighted,1,3,REGIONS BANK,151314000,FED,-,Low Satisfactory,"REGIONS BANK(FED,3br,inv=-,svc=Low Satisfactory)"
322,Charlotte,FL,15283,survey-weighted,2,5,Bank OZK,41606548,FDIC,Outstanding,Low Satisfactory,"Bank OZK(FDIC,3br,inv=Outstanding,svc=Low Satisfactory); CENTENNIAL BANK(FED,2br,inv=-,svc=Low Satisfactory)"
323,Hillsborough,NH,15145,survey-weighted,2,5,BANK OF NEW HAMPSHIRE,2583718,FED,Low Satisfactory,-,"BANK OF NEW HAMPSHIRE(FED,4br,inv=Low Satisfactory,svc=-); NEEDHAM BANK(FED,1br,inv=-,svc=Low Satisfactory)"
324,Dutchess,NY,15117,survey-weighted,2,5,Tompkins Community Bank,7842153,FDIC,Low Satisfactory,High Satisfactory,"Tompkins Community Bank(FDIC,3br,inv=Low Satisfactory,svc=High Satisfactory); BROOKLINE BANK(FED,2br,inv=Low Satisfactory,svc=Low Satisfactory)"
326,Baldwin,AL,15067,survey-weighted,7,17,REGIONS BANK,151314000,FED,-,Low Satisfactory,"REGIONS BANK(FED,4br,inv=-,svc=Low Satisfactory); CENTENNIAL BANK(FED,6br,inv=-,svc=Low Satisfactory); ORIGIN BANK(FED,1br,inv=Low Satisfactory,svc=Low Satisfactory); BankPlus(FDIC,1br,inv=Outstanding,svc=Low Satisfactory); Community Bank of Mississippi(FDIC,3br,inv=Low Satisfactory,svc=High Satisfactory); SMARTBANK(FED,1br,inv=Low Satisfactory,svc=Low Satisfactory); Gulf Coast Bank and Trust Company(FDIC,1br,inv=Low Satisfactory,svc=Low Satisfactory)"
328,Grayson,TX,15044,survey-weighted,2,8,SIMMONS BANK,26749112,FED,-,Low Satisfactory,"SIMMONS BANK(FED,5br,inv=-,svc=Low Satisfactory); FIRST STATE BANK(FED,3br,inv=Needs to Improve,svc=-)"
329,Randolph,NC,15032,survey-weighted,2,4,Bank OZK,41606548,FDIC,Outstanding,Low Satisfactory,"Bank OZK(FDIC,1br,inv=Outstanding,svc=Low Satisfactory); The Fidelity Bank(FDIC,3br,inv=Low Satisfactory,svc=Low Satisfactory)"
330,Lowndes,GA,14977,survey-weighted,3,6,Bank OZK,41606548,FDIC,Outstanding,Low Satisfactory,"Bank OZK(FDIC,4br,inv=Outstanding,svc=Low Satisfactory); Ameris Bank(FDIC,1br,inv=High Satisfactory,svc=Low Satisfactory); Colony Bank(FDIC,1br,inv=Low Satisfactory,svc=High Satisfactory)"
331,Clay,MO,14969,survey-weighted,4,17,CENTRAL TRUST BANK THE,19551204,FED,Low Satisfactory,-,"CENTRAL TRUST BANK THE(FED,9br,inv=Low Satisfactory,svc=-); NBH BANK(FED,3br,inv=-,svc=Low Satisfactory); Security Bank of Kansas City(FDIC,4br,inv=Low Satisfactory,svc=High Satisfactory); Hawthorn Bank(FDIC,1br,inv=High Satisfactory,svc=Low Satisfactory)"
332,New Hanover,NC,14834,survey-weighted,3,4,Bank OZK,41606548,FDIC,Outstanding,Low Satisfactory,"Bank OZK(FDIC,2br,inv=Outstanding,svc=Low Satisfactory); Southern Bank and Trust Company(FDIC,1br,inv=High Satisfactory,svc=Low Satisfactory); FIRST COMMUNITY BANK(FED,1br,inv=-,svc=Low Satisfactory)"
333,Coweta,GA,14807,survey-weighted,4,8,REGIONS BANK,151314000,FED,-,Low Satisfactory,"REGIONS BANK(FED,1br,inv=-,svc=Low Satisfactory); Bank OZK(FDIC,3br,inv=Outstanding,svc=Low Satisfactory); Ameris Bank(FDIC,2br,inv=High Satisfactory,svc=Low Satisfactory); United Bank(FDIC,2br,inv=Low Satisfactory,svc=Outstanding)"
335,Shawnee,KS,14755,survey-weighted,1,2,EQUITY BANK,3862184,FED,Low Satisfactory,Low Satisfactory,"EQUITY BANK(FED,2br,inv=Low Satisfactory,svc=Low Satisfactory)"
336,Okaloosa,FL,14752,survey-weighted,6,8,REGIONS BANK,151314000,FED,-,Low Satisfactory,"REGIONS BANK(FED,1br,inv=-,svc=Low Satisfactory); CENTENNIAL BANK(FED,1br,inv=-,svc=Low Satisfactory); ORIGIN BANK(FED,1br,inv=Low Satisfactory,svc=Low Satisfactory); Community Bank of Mississippi(FDIC,2br,inv=Low Satisfactory,svc=High Satisfactory); SMARTBANK(FED,1br,inv=Low Satisfactory,svc=Low Satisfactory); Gulf Coast Bank and Trust Company(FDIC,2br,inv=Low Satisfactory,svc=Low Satisfactory)"
337,Henry,GA,14639,survey-weighted,2,9,Bank OZK,41606548,FDIC,Outstanding,Low Satisfactory,"Bank OZK(FDIC,2br,inv=Outstanding,svc=Low Satisfactory); Ameris Bank(FDIC,7br,inv=High Satisfactory,svc=Low Satisfactory)"
339,Jackson,MS,14588,survey-weighted,2,3,REGIONS BANK,151314000,FED,-,Low Satisfactory,"REGIONS BANK(FED,1br,inv=-,svc=Low Satisfactory); Community Bank of Mississippi(FDIC,2br,inv=Low Satisfactory,svc=High Satisfactory)"
340,Sussex,DE,14572,survey-weighted,2,6,Burke & Herbert Bank & Trust Company,3563307,FDIC,Low Satisfactory,High Satisfactory,"Burke & Herbert Bank & Trust Company(FDIC,5br,inv=Low Satisfactory,svc=High Satisfactory); FIRST CITIZENS COMMUNITY BANK(FED,1br,inv=Low Satisfactory,svc=-)"
341,Wayne,NC,14546,survey-weighted,1,5,Southern Bank and Trust Company,4758607,FDIC,High Satisfactory,Low Satisfactory,"Southern Bank and Trust Company(FDIC,5br,inv=High Satisfactory,svc=Low Satisfactory)"
342,Northampton,PA,14522,survey-weighted,4,8,UNIVEST BANK AND TRUST CO.,6892885,FED,-,Low Satisfactory,"UNIVEST BANK AND TRUST CO.(FED,1br,inv=-,svc=Low Satisfactory); Unity Bank(FDIC,2br,inv=Low Satisfactory,svc=High Satisfactory); Embassy Bank for the Lehigh Valley(FDIC,4br,inv=Low Satisfactory,svc=High Satisfactory); First Keystone Community Bank(FDIC,1br,inv=Low Satisfactory,svc=Low Satisfactory)"
343,Cherokee,GA,14368,survey-weighted,3,9,REGIONS BANK,151314000,FED,-,Low Satisfactory,"REGIONS BANK(FED,4br,inv=-,svc=Low Satisfactory); Bank OZK(FDIC,2br,inv=Outstanding,svc=Low Satisfactory); Ameris Bank(FDIC,3br,inv=High Satisfactory,svc=Low Satisfactory)"
344,Cumberland,NJ,14362,survey-weighted,1,1,Parke Bank,2155246,FDIC,Low Satisfactory,Low Satisfactory,"Parke Bank(FDIC,1br,inv=Low Satisfactory,svc=Low Satisfactory)"
345,St. Charles,MO,14240,survey-weighted,7,28,REGIONS BANK,151314000,FED,-,Low Satisfactory,"REGIONS BANK(FED,3br,inv=-,svc=Low Satisfactory); SIMMONS BANK(FED,3br,inv=-,svc=Low Satisfactory); CENTRAL TRUST BANK THE(FED,6br,inv=Low Satisfactory,svc=-); MIDLAND STATES BANK(FED,2br,inv=Low Satisfactory,svc=Low Satisfactory); FIRST BANK(FED,6br,inv=-,svc=Low Satisfactory); Great Southern Bank(FDIC,7br,inv=High Satisfactory,svc=Low Satisfactory); MIDWEST BANKCENTRE(FED,1br,inv=Low Satisfactory,svc=-)"
346,Brown,WI,14169,survey-weighted,1,6,North Shore Bank,2569494,FDIC,Low Satisfactory,High Satisfactory,"North Shore Bank(FDIC,6br,inv=Low Satisfactory,svc=High Satisfactory)"
347,Canyon,ID,14060,survey-weighted,2,4,D. L. Evans Bank,3071088,FDIC,Low Satisfactory,High Satisfactory,"D. L. Evans Bank(FDIC,3br,inv=Low Satisfactory,svc=High Satisfactory); Sunwest Bank(FDIC,1br,inv=Low Satisfactory,svc=High Satisfactory)"
348,Ellis,TX,13925,survey-weighted,2,6,Prosperity Bank,38274790,FDIC,High Satisfactory,Low Satisfactory,"Prosperity Bank(FDIC,3br,inv=High Satisfactory,svc=Low Satisfactory); INTERBANK(FED,3br,inv=Low Satisfactory,svc=-)"
349,Winnebago,IL,13904,survey-weighted,1,9,MIDLAND STATES BANK,7782095,FED,Low Satisfactory,Low Satisfactory,"MIDLAND STATES BANK(FED,9br,inv=Low Satisfactory,svc=Low Satisfactory)"
350,Sullivan,TN,13837,survey-weighted,5,17,REGIONS BANK,151314000,FED,-,Low Satisfactory,"REGIONS BANK(FED,2br,inv=-,svc=Low Satisfactory); HOMETRUST BANK(FED,1br,inv=Low Satisfactory,svc=Low Satisfactory); FIRST BANK AND TRUST COMPANY THE(FED,4br,inv=Low Satisfactory,svc=Low Satisfactory); COMMERCIAL BANK(FED,3br,inv=Low Satisfactory,svc=Low Satisfactory); Bank of Tennessee(FDIC,7br,inv=Low Satisfactory,svc=Low Satisfactory)"
351,Berrien,MI,13824,survey-weighted,1,4,Horizon Bank,7621571,FDIC,Low Satisfactory,High Satisfactory,"Horizon Bank(FDIC,4br,inv=Low Satisfactory,svc=High Satisfactory)"
352,Madison,TN,13806,survey-weighted,2,8,REGIONS BANK,151314000,FED,-,Low Satisfactory,"REGIONS BANK(FED,5br,inv=-,svc=Low Satisfactory); SIMMONS BANK(FED,3br,inv=-,svc=Low Satisfactory)"
354,Bradley,TN,13779,survey-weighted,3,4,REGIONS BANK,151314000,FED,-,Low Satisfactory,"REGIONS BANK(FED,2br,inv=-,svc=Low Satisfactory); SIMMONS BANK(FED,1br,inv=-,svc=Low Satisfactory); SMARTBANK(FED,1br,inv=Low Satisfactory,svc=Low Satisfactory)"
355,Jefferson,MO,13728,survey-weighted,3,6,MIDLAND STATES BANK,7782095,FED,Low Satisfactory,Low Satisfactory,"MIDLAND STATES BANK(FED,1br,inv=Low Satisfactory,svc=Low Satisfactory); FIRST BANK(FED,1br,inv=-,svc=Low Satisfactory); MIDWEST BANKCENTRE(FED,4br,inv=Low Satisfactory,svc=-)"
356,Forsyth,GA,13723,survey-weighted,3,8,REGIONS BANK,151314000,FED,-,Low Satisfactory,"REGIONS BANK(FED,4br,inv=-,svc=Low Satisfactory); Bank OZK(FDIC,3br,inv=Outstanding,svc=Low Satisfactory); Ameris Bank(FDIC,1br,inv=High Satisfactory,svc=Low Satisfactory)"
358,Sumner,TN,13684,survey-weighted,4,6,REGIONS BANK,151314000,FED,-,Low Satisfactory,"REGIONS BANK(FED,2br,inv=-,svc=Low Satisfactory); SIMMONS BANK(FED,2br,inv=-,svc=Low Satisfactory); Bank of Tennessee(FDIC,1br,inv=Low Satisfactory,svc=Low Satisfactory); Citizens Bank of Lafayette(FDIC,1br,inv=High Satisfactory,svc=Low Satisfactory)"
359,Broome,NY,13680,survey-weighted,1,2,CHEMUNG CANAL TRUST COMPANY,2649923,FED,Low Satisfactory,-,"CHEMUNG CANAL TRUST COMPANY(FED,2br,inv=Low Satisfactory,svc=-)"
360,Bonneville,ID,13666,survey-weighted,2,7,D. L. Evans Bank,3071088,FDIC,Low Satisfactory,High Satisfactory,"D. L. Evans Bank(FDIC,2br,inv=Low Satisfactory,svc=High Satisfactory); The Bank of Commerce(FDIC,5br,inv=Low Satisfactory,svc=High Satisfactory)"
361,St. Clair,IL,13639,survey-weighted,5,21,REGIONS BANK,151314000,FED,-,Low Satisfactory,"REGIONS BANK(FED,11br,inv=-,svc=Low Satisfactory); CENTRAL TRUST BANK THE(FED,2br,inv=Low Satisfactory,svc=-); MIDLAND STATES BANK(FED,1br,inv=Low Satisfactory,svc=Low Satisfactory); FIRST BANK(FED,3br,inv=-,svc=Low Satisfactory); FCB Banks(FDIC,4br,inv=Low Satisfactory,svc=High Satisfactory)"
362,Comal,TX,13615,survey-weighted,5,12,Prosperity Bank,38274790,FDIC,High Satisfactory,Low Satisfactory,"Prosperity Bank(FDIC,6br,inv=High Satisfactory,svc=Low Satisfactory); CENTENNIAL BANK(FED,1br,inv=-,svc=Low Satisfactory); Jefferson Bank(FDIC,1br,inv=Low Satisfactory,svc=Outstanding); TEXAS REGIONAL BANK(FED,1br,inv=Low Satisfactory,svc=-); Security State Bank & Trust(FDIC,3br,inv=Low Satisfactory,svc=High Satisfactory)"
363,Iredell,NC,13592,survey-weighted,3,4,Carter Bank & Trust,4446729,FDIC,Low Satisfactory,High Satisfactory,"Carter Bank & Trust(FDIC,2br,inv=Low Satisfactory,svc=High Satisfactory); The Fidelity Bank(FDIC,1br,inv=Low Satisfactory,svc=Low Satisfactory); Peoples Bank(FDIC,1br,inv=Low Satisfactory,svc=High Satisfactory)"
364,Rapides Parish,LA,13551,survey-weighted,3,12,REGIONS BANK,151314000,FED,-,Low Satisfactory,"REGIONS BANK(FED,3br,inv=-,svc=Low Satisfactory); First Guaranty Bank(FDIC,1br,inv=Low Satisfactory,svc=Low Satisfactory); Red River Bank(FDIC,8br,inv=Low Satisfactory,svc=High Satisfactory)"
366,Tom Green,TX,13437,survey-weighted,1,2,Prosperity Bank,38274790,FDIC,High Satisfactory,Low Satisfactory,"Prosperity Bank(FDIC,2br,inv=High Satisfactory,svc=Low Satisfactory)"
367,Warren,KY,13377,survey-weighted,3,12,German American Bank,6144423,FDIC,Low Satisfactory,Low Satisfactory,"German American Bank(FDIC,5br,inv=Low Satisfactory,svc=Low Satisfactory); INDEPENDENCE BANK OF KENTUCKY(FED,2br,inv=-,svc=Low Satisfactory); South Central Bank,  Inc.(FDIC,5br,inv=Low Satisfactory,svc=Low Satisfactory)"
368,McHenry,IL,13268,survey-weighted,1,1,North Shore Bank,2569494,FDIC,Low Satisfactory,High Satisfactory,"North Shore Bank(FDIC,1br,inv=Low Satisfactory,svc=High Satisfactory)"
370,Sevier,TN,13213,survey-weighted,2,7,REGIONS BANK,151314000,FED,-,Low Satisfactory,"REGIONS BANK(FED,1br,inv=-,svc=Low Satisfactory); SMARTBANK(FED,6br,inv=Low Satisfactory,svc=Low Satisfactory)"
371,Kaufman,TX,13148,survey-weighted,1,1,City Bank,4184122,FDIC,Low Satisfactory,Low Satisfactory,"City Bank(FDIC,1br,inv=Low Satisfactory,svc=Low Satisfactory)"
372,Clermont,OH,13074,survey-weighted,1,1,Union Savings Bank,3391585,FDIC,High Satisfactory,Low Satisfactory,"Union Savings Bank(FDIC,1br,inv=High Satisfactory,svc=Low Satisfactory)"
373,Douglas,CO,13063,survey-weighted,2,2,Bank of Colorado,7572545,FDIC,Low Satisfactory,High Satisfactory,"Bank of Colorado(FDIC,1br,inv=Low Satisfactory,svc=High Satisfactory); NBH BANK(FED,1br,inv=-,svc=Low Satisfactory)"
374,Craighead,AR,13009,survey-weighted,7,23,REGIONS BANK,151314000,FED,-,Low Satisfactory,"REGIONS BANK(FED,2br,inv=-,svc=Low Satisfactory); Bank OZK(FDIC,1br,inv=Outstanding,svc=Low Satisfactory); SIMMONS BANK(FED,3br,inv=-,svc=Low Satisfactory); CENTENNIAL BANK(FED,7br,inv=-,svc=Low Satisfactory); ENCORE BANK(FED,1br,inv=Low Satisfactory,svc=Low Satisfactory); First Community Bank(FDIC,7br,inv=High Satisfactory,svc=Low Satisfactory); FARMERS & MERCHANTS BANK THE(FED,2br,inv=Low Satisfactory,svc=-)"
375,Williamson,TN,12976,survey-weighted,6,16,REGIONS BANK,151314000,FED,-,Low Satisfactory,"REGIONS BANK(FED,3br,inv=-,svc=Low Satisfactory); SIMMONS BANK(FED,5br,inv=-,svc=Low Satisfactory); CENTENNIAL BANK(FED,1br,inv=-,svc=Low Satisfactory); SMARTBANK(FED,2br,inv=Low Satisfactory,svc=Low Satisfactory); COMMERCIAL BANK(FED,1br,inv=Low Satisfactory,svc=Low Satisfactory); FIRST FARMERS AND MERCHANTS BANK(FED,4br,inv=Low Satisfactory,svc=Low Satisfactory)"
377,Alamance,NC,12809,survey-weighted,2,3,Bank OZK,41606548,FDIC,Outstanding,Low Satisfactory,"Bank OZK(FDIC,1br,inv=Outstanding,svc=Low Satisfactory); The Fidelity Bank(FDIC,2br,inv=Low Satisfactory,svc=Low Satisfactory)"
379,Matanuska-Susitna Borough,AK,12646,survey-weighted,1,2,Northrim Bank,2564795,FDIC,High Satisfactory,Low Satisfactory,"Northrim Bank(FDIC,2br,inv=High Satisfactory,svc=Low Satisfactory)"
382,Maui,HI,12593,survey-weighted,1,3,Bank of Hope,18082905,FDIC,High Satisfactory,Low Satisfactory,"Bank of Hope(FDIC,3br,inv=High Satisfactory,svc=Low Satisfactory)"
384,Henderson,NC,12505,survey-weighted,2,2,The Fidelity Bank,4263695,FDIC,Low Satisfactory,Low Satisfactory,"The Fidelity Bank(FDIC,1br,inv=Low Satisfactory,svc=Low Satisfactory); HOMETRUST BANK(FED,1br,inv=Low Satisfactory,svc=Low Satisfactory)"
385,Rockingham,NH,12498,survey-weighted,2,5,NEEDHAM BANK,2345536,FED,-,Low Satisfactory,"NEEDHAM BANK(FED,4br,inv=-,svc=Low Satisfactory); North Shore Bank, a Co-operative Bank(FDIC,1br,inv=Substantial Non Complianc,svc=Substantial Non Complianc)"
386,Lee,MS,12451,survey-weighted,4,9,REGIONS BANK,151314000,FED,-,Low Satisfactory,"REGIONS BANK(FED,2br,inv=-,svc=Low Satisfactory); BankPlus(FDIC,4br,inv=Outstanding,svc=Low Satisfactory); Community Bank of Mississippi(FDIC,2br,inv=Low Satisfactory,svc=High Satisfactory); BANKFIRST FINANCIAL SERVICES(FED,1br,inv=Low Satisfactory,svc=-)"
387,Wichita,TX,12421,survey-weighted,2,5,Prosperity Bank,38274790,FDIC,High Satisfactory,Low Satisfactory,"Prosperity Bank(FDIC,4br,inv=High Satisfactory,svc=Low Satisfactory); First United Bank(FDIC,1br,inv=High Satisfactory,svc=Low Satisfactory)"
388,Taylor,TX,12419,survey-weighted,3,9,Prosperity Bank,38274790,FDIC,High Satisfactory,Low Satisfactory,"Prosperity Bank(FDIC,7br,inv=High Satisfactory,svc=Low Satisfactory); CENTENNIAL BANK(FED,1br,inv=-,svc=Low Satisfactory); City Bank(FDIC,1br,inv=Low Satisfactory,svc=Low Satisfactory)"
389,McLean,IL,12397,survey-weighted,1,2,Morton Community Bank,5467281,FDIC,High Satisfactory,Low Satisfactory,"Morton Community Bank(FDIC,2br,inv=High Satisfactory,svc=Low Satisfactory)"
390,Henderson,TX,12374,survey-weighted,2,9,Prosperity Bank,38274790,FDIC,High Satisfactory,Low Satisfactory,"Prosperity Bank(FDIC,6br,inv=High Satisfactory,svc=Low Satisfactory); SIMMONS BANK(FED,3br,inv=-,svc=Low Satisfactory)"
391,Clay,FL,12341,survey-weighted,1,4,Ameris Bank,23591556,FDIC,High Satisfactory,Low Satisfactory,"Ameris Bank(FDIC,4br,inv=High Satisfactory,svc=Low Satisfactory)"
392,Vanderburgh,IN,12320,survey-weighted,3,10,REGIONS BANK,151314000,FED,-,Low Satisfactory,"REGIONS BANK(FED,1br,inv=-,svc=Low Satisfactory); German American Bank(FDIC,6br,inv=Low Satisfactory,svc=Low Satisfactory); Banterra Bank(FDIC,3br,inv=Low Satisfactory,svc=Low Satisfactory)"
393,Sangamon,IL,12318,survey-weighted,2,8,REGIONS BANK,151314000,FED,-,Low Satisfactory,"REGIONS BANK(FED,1br,inv=-,svc=Low Satisfactory); Morton Community Bank(FDIC,7br,inv=High Satisfactory,svc=Low Satisfactory)"
394,Newport News city,VA,12306,survey-weighted,2,2,Southern Bank and Trust Company,4758607,FDIC,High Satisfactory,Low Satisfactory,"Southern Bank and Trust Company(FDIC,1br,inv=High Satisfactory,svc=Low Satisfactory); PRIMIS BANK(FED,1br,inv=Low Satisfactory,svc=Low Satisfactory)"
395,Saline,AR,12302,survey-weighted,5,13,REGIONS BANK,151314000,FED,-,Low Satisfactory,"REGIONS BANK(FED,2br,inv=-,svc=Low Satisfactory); Bank OZK(FDIC,5br,inv=Outstanding,svc=Low Satisfactory); SIMMONS BANK(FED,3br,inv=-,svc=Low Satisfactory); CENTENNIAL BANK(FED,1br,inv=-,svc=Low Satisfactory); FARMERS BANK & TRUST COMPANY(FED,2br,inv=Low Satisfactory,svc=Low Satisfactory)"
396,Cache,UT,12298,survey-weighted,2,8,Cache Valley Bank,3281738,FDIC,High Satisfactory,Low Satisfactory,"Cache Valley Bank(FDIC,7br,inv=High Satisfactory,svc=Low Satisfactory); D. L. Evans Bank(FDIC,1br,inv=Low Satisfactory,svc=High Satisfactory)"
397,Floyd,GA,12263,survey-weighted,1,1,Bank OZK,41606548,FDIC,Outstanding,Low Satisfactory,"Bank OZK(FDIC,1br,inv=Outstanding,svc=Low Satisfactory)"
398,Saginaw,MI,12229,survey-weighted,1,5,CHOICEONE BANK,2724240,FED,Low Satisfactory,Low Satisfactory,"CHOICEONE BANK(FED,5br,inv=Low Satisfactory,svc=Low Satisfactory)"
400,Davidson,NC,12196,survey-weighted,3,4,Bank OZK,41606548,FDIC,Outstanding,Low Satisfactory,"Bank OZK(FDIC,1br,inv=Outstanding,svc=Low Satisfactory); The Fidelity Bank(FDIC,2br,inv=Low Satisfactory,svc=Low Satisfactory); HOMETRUST BANK(FED,1br,inv=Low Satisfactory,svc=Low Satisfactory)"
403,Kenton,KY,12180,survey-weighted,1,1,German American Bank,6144423,FDIC,Low Satisfactory,Low Satisfactory,"German American Bank(FDIC,1br,inv=Low Satisfactory,svc=Low Satisfactory)"
404,Tompkins,NY,12173,survey-weighted,2,11,Tompkins Community Bank,7842153,FDIC,Low Satisfactory,High Satisfactory,"Tompkins Community Bank(FDIC,9br,inv=Low Satisfactory,svc=High Satisfactory); CHEMUNG CANAL TRUST COMPANY(FED,2br,inv=Low Satisfactory,svc=-)"
405,Chesterfield,VA,12146,survey-weighted,3,5,PRIMIS BANK,3831355,FED,Low Satisfactory,Low Satisfactory,"PRIMIS BANK(FED,1br,inv=Low Satisfactory,svc=Low Satisfactory); Burke & Herbert Bank & Trust Company(FDIC,1br,inv=Low Satisfactory,svc=High Satisfactory); FIRST COMMUNITY BANK(FED,3br,inv=-,svc=Low Satisfactory)"
406,Lauderdale,AL,12023,survey-weighted,2,11,REGIONS BANK,151314000,FED,-,Low Satisfactory,"REGIONS BANK(FED,3br,inv=-,svc=Low Satisfactory); BANK INDEPENDENT(FED,8br,inv=Low Satisfactory,svc=-)"
407,Minnehaha,SD,12006,survey-weighted,4,9,First International Bank & Trust,4876751,FDIC,Low Satisfactory,Low Satisfactory,"First International Bank & Trust(FDIC,1br,inv=Low Satisfactory,svc=Low Satisfactory); FIRST PREMIER BANK(FED,5br,inv=Low Satisfactory,svc=-); FIRST WESTERN BANK AND TRUST(FED,1br,inv=Low Satisfactory,svc=Low Satisfactory); CENTRAL BANK(FED,2br,inv=Low Satisfactory,svc=-)"
408,Rankin,MS,11975,survey-weighted,5,19,REGIONS BANK,151314000,FED,-,Low Satisfactory,"REGIONS BANK(FED,4br,inv=-,svc=Low Satisfactory); ORIGIN BANK(FED,2br,inv=Low Satisfactory,svc=Low Satisfactory); BankPlus(FDIC,5br,inv=Outstanding,svc=Low Satisfactory); Community Bank of Mississippi(FDIC,7br,inv=Low Satisfactory,svc=High Satisfactory); BANKFIRST FINANCIAL SERVICES(FED,1br,inv=Low Satisfactory,svc=-)"
409,Columbia,GA,11928,survey-weighted,4,5,REGIONS BANK,151314000,FED,-,Low Satisfactory,"REGIONS BANK(FED,1br,inv=-,svc=Low Satisfactory); Colony Bank(FDIC,1br,inv=Low Satisfactory,svc=High Satisfactory); Pinnacle Bank(FDIC,2br,inv=Low Satisfactory,svc=High Satisfactory); First Community Bank(FDIC,1br,inv=Low Satisfactory,svc=Low Satisfactory)"
410,Whatcom,WA,11924,survey-weighted,3,14,Heritage Bank,7233406,FDIC,High Satisfactory,Low Satisfactory,"Heritage Bank(FDIC,2br,inv=High Satisfactory,svc=Low Satisfactory); Peoples Bank(FDIC,9br,inv=High Satisfactory,svc=Low Satisfactory); First Fed Bank(FDIC,3br,inv=Low Satisfactory,svc=High Satisfactory)"
411,Bibb,GA,11907,survey-weighted,3,6,Bank OZK,41606548,FDIC,Outstanding,Low Satisfactory,"Bank OZK(FDIC,3br,inv=Outstanding,svc=Low Satisfactory); Ameris Bank(FDIC,2br,inv=High Satisfactory,svc=Low Satisfactory); Colony Bank(FDIC,1br,inv=Low Satisfactory,svc=High Satisfactory)"
412,Madison,IL,11822,survey-weighted,2,17,REGIONS BANK,151314000,FED,-,Low Satisfactory,"REGIONS BANK(FED,8br,inv=-,svc=Low Satisfactory); FCB Banks(FDIC,9br,inv=Low Satisfactory,svc=High Satisfactory)"
414,Shasta,CA,11758,MODELED,1,1,Five Star Bank,3476132,FDIC,High Satisfactory,Low Satisfactory,"Five Star Bank(FDIC,1br,inv=High Satisfactory,svc=Low Satisfactory)"
416,Butler,PA,11753,survey-weighted,1,1,UNIVEST BANK AND TRUST CO.,6892885,FED,-,Low Satisfactory,"UNIVEST BANK AND TRUST CO.(FED,1br,inv=-,svc=Low Satisfactory)"
418,Marshall,AL,11531,survey-weighted,1,3,REGIONS BANK,151314000,FED,-,Low Satisfactory,"REGIONS BANK(FED,3br,inv=-,svc=Low Satisfactory)"
420,Bay,FL,11485,survey-weighted,5,14,REGIONS BANK,151314000,FED,-,Low Satisfactory,"REGIONS BANK(FED,2br,inv=-,svc=Low Satisfactory); Ameris Bank(FDIC,3br,inv=High Satisfactory,svc=Low Satisfactory); CENTENNIAL BANK(FED,6br,inv=-,svc=Low Satisfactory); Community Bank of Mississippi(FDIC,2br,inv=Low Satisfactory,svc=High Satisfactory); SMARTBANK(FED,1br,inv=Low Satisfactory,svc=Low Satisfactory)"
422,Howard,MD,11410,survey-weighted,1,1,ORRSTOWN BANK,2780990,FED,Low Satisfactory,Low Satisfactory,"ORRSTOWN BANK(FED,1br,inv=Low Satisfactory,svc=Low Satisfactory)"
423,DeKalb,AL,11402,survey-weighted,1,2,REGIONS BANK,151314000,FED,-,Low Satisfactory,"REGIONS BANK(FED,2br,inv=-,svc=Low Satisfactory)"
424,Forrest,MS,11395,survey-weighted,4,5,REGIONS BANK,151314000,FED,-,Low Satisfactory,"REGIONS BANK(FED,1br,inv=-,svc=Low Satisfactory); Community Bank of Mississippi(FDIC,1br,inv=Low Satisfactory,svc=High Satisfactory); Gulf Coast Bank and Trust Company(FDIC,1br,inv=Low Satisfactory,svc=Low Satisfactory); BANKFIRST FINANCIAL SERVICES(FED,2br,inv=Low Satisfactory,svc=-)"
425,Douglas,KS,11373,survey-weighted,3,10,CENTRAL TRUST BANK THE,19551204,FED,Low Satisfactory,-,"CENTRAL TRUST BANK THE(FED,7br,inv=Low Satisfactory,svc=-); NBH BANK(FED,1br,inv=-,svc=Low Satisfactory); RCB BANK(FED,2br,inv=Low Satisfactory,svc=Low Satisfactory)"
426,Jasper,MO,11322,survey-weighted,1,1,SIMMONS BANK,26749112,FED,-,Low Satisfactory,"SIMMONS BANK(FED,1br,inv=-,svc=Low Satisfactory)"
427,Ector,TX,11260,survey-weighted,3,10,Prosperity Bank,38274790,FDIC,High Satisfactory,Low Satisfactory,"Prosperity Bank(FDIC,4br,inv=High Satisfactory,svc=Low Satisfactory); City Bank(FDIC,2br,inv=Low Satisfactory,svc=Low Satisfactory); American Momentum Bank(FDIC,4br,inv=High Satisfactory,svc=Low Satisfactory)"
429,Cass,ND,11154,survey-weighted,4,11,First International Bank & Trust,4876751,FDIC,Low Satisfactory,Low Satisfactory,"First International Bank & Trust(FDIC,3br,inv=Low Satisfactory,svc=Low Satisfactory); FIRST WESTERN BANK AND TRUST(FED,3br,inv=Low Satisfactory,svc=Low Satisfactory); Western State Bank(FDIC,2br,inv=Low Satisfactory,svc=High Satisfactory); Starion Bank(FDIC,3br,inv=Low Satisfactory,svc=Low Satisfactory)"
430,Kitsap,WA,11112,survey-weighted,4,16,Heritage Bank,7233406,FDIC,High Satisfactory,Low Satisfactory,"Heritage Bank(FDIC,10br,inv=High Satisfactory,svc=Low Satisfactory); 1st Security Bank of Washington(FDIC,2br,inv=Outstanding,svc=Low Satisfactory); First Fed Bank(FDIC,2br,inv=Low Satisfactory,svc=High Satisfactory); Timberland Bank(FDIC,2br,inv=High Satisfactory,svc=Low Satisfactory)"
432,Mesa,CO,11086,survey-weighted,1,3,Bank of Colorado,7572545,FDIC,Low Satisfactory,High Satisfactory,"Bank of Colorado(FDIC,3br,inv=Low Satisfactory,svc=High Satisfactory)"
433,Montgomery,VA,11084,survey-weighted,4,8,Carter Bank & Trust,4446729,FDIC,Low Satisfactory,High Satisfactory,"Carter Bank & Trust(FDIC,3br,inv=Low Satisfactory,svc=High Satisfactory); Burke & Herbert Bank & Trust Company(FDIC,1br,inv=Low Satisfactory,svc=High Satisfactory); FIRST COMMUNITY BANK(FED,2br,inv=-,svc=Low Satisfactory); FIRST BANK AND TRUST COMPANY THE(FED,2br,inv=Low Satisfactory,svc=Low Satisfactory)"
434,Faulkner,AR,11072,survey-weighted,5,23,REGIONS BANK,151314000,FED,-,Low Satisfactory,"REGIONS BANK(FED,2br,inv=-,svc=Low Satisfactory); Bank OZK(FDIC,4br,inv=Outstanding,svc=Low Satisfactory); SIMMONS BANK(FED,2br,inv=-,svc=Low Satisfactory); CENTENNIAL BANK(FED,14br,inv=-,svc=Low Satisfactory); First Community Bank(FDIC,1br,inv=High Satisfactory,svc=Low Satisfactory)"
435,Paulding,GA,11042,survey-weighted,2,4,REGIONS BANK,151314000,FED,-,Low Satisfactory,"REGIONS BANK(FED,3br,inv=-,svc=Low Satisfactory); Bank OZK(FDIC,1br,inv=Outstanding,svc=Low Satisfactory)"
436,Rensselaer,NY,11035,survey-weighted,1,1,BROOKLINE BANK,4966140,FED,Low Satisfactory,Low Satisfactory,"BROOKLINE BANK(FED,1br,inv=Low Satisfactory,svc=Low Satisfactory)"
438,Franklin,PA,11009,survey-weighted,3,18,ORRSTOWN BANK,2780990,FED,Low Satisfactory,Low Satisfactory,"ORRSTOWN BANK(FED,5br,inv=Low Satisfactory,svc=Low Satisfactory); ACNB Bank(FDIC,1br,inv=Low Satisfactory,svc=Low Satisfactory); Farmers and Merchants Trust Company of Chambersburg(FDIC,12br,inv=Low Satisfactory,svc=High Satisfactory)"
439,Livingston Parish,LA,11007,survey-weighted,4,7,REGIONS BANK,151314000,FED,-,Low Satisfactory,"REGIONS BANK(FED,1br,inv=-,svc=Low Satisfactory); BankPlus(FDIC,2br,inv=Outstanding,svc=Low Satisfactory); b1BANK(FDIC,1br,inv=Low Satisfactory,svc=Low Satisfactory); First Guaranty Bank(FDIC,3br,inv=Low Satisfactory,svc=Low Satisfactory)"
440,Scott,IA,10996,survey-weighted,2,9,Great Southern Bank,5723662,FDIC,High Satisfactory,Low Satisfactory,"Great Southern Bank(FDIC,5br,inv=High Satisfactory,svc=Low Satisfactory); Blackhawk Bank & Trust(FDIC,4br,inv=Low Satisfactory,svc=Low Satisfactory)"
441,Whitfield,GA,10984,survey-weighted,1,1,Bank OZK,41606548,FDIC,Outstanding,Low Satisfactory,"Bank OZK(FDIC,1br,inv=Outstanding,svc=Low Satisfactory)"
443,Greene,OH,10944,survey-weighted,1,2,Union Savings Bank,3391585,FDIC,High Satisfactory,Low Satisfactory,"Union Savings Bank(FDIC,2br,inv=High Satisfactory,svc=Low Satisfactory)"
444,Jefferson,AR,10884,survey-weighted,1,8,SIMMONS BANK,26749112,FED,-,Low Satisfactory,"SIMMONS BANK(FED,8br,inv=-,svc=Low Satisfactory)"
445,Muskegon,MI,10883,survey-weighted,1,5,CHOICEONE BANK,2724240,FED,Low Satisfactory,Low Satisfactory,"CHOICEONE BANK(FED,5br,inv=Low Satisfactory,svc=Low Satisfactory)"
446,Santa Rosa,FL,10872,survey-weighted,1,1,CENTENNIAL BANK,22808174,FED,-,Low Satisfactory,"CENTENNIAL BANK(FED,1br,inv=-,svc=Low Satisfactory)"
447,Rowan,NC,10868,survey-weighted,2,2,Bank OZK,41606548,FDIC,Outstanding,Low Satisfactory,"Bank OZK(FDIC,1br,inv=Outstanding,svc=Low Satisfactory); The Fidelity Bank(FDIC,1br,inv=Low Satisfactory,svc=Low Satisfactory)"
448,Madison,MS,10826,survey-weighted,5,16,REGIONS BANK,151314000,FED,-,Low Satisfactory,"REGIONS BANK(FED,3br,inv=-,svc=Low Satisfactory); ORIGIN BANK(FED,2br,inv=Low Satisfactory,svc=Low Satisfactory); BankPlus(FDIC,8br,inv=Outstanding,svc=Low Satisfactory); Community Bank of Mississippi(FDIC,2br,inv=Low Satisfactory,svc=High Satisfactory); BANKFIRST FINANCIAL SERVICES(FED,1br,inv=Low Satisfactory,svc=-)"
449,Tangipahoa Parish,LA,10813,survey-weighted,4,13,REGIONS BANK,151314000,FED,-,Low Satisfactory,"REGIONS BANK(FED,4br,inv=-,svc=Low Satisfactory); BankPlus(FDIC,2br,inv=Outstanding,svc=Low Satisfactory); First Guaranty Bank(FDIC,6br,inv=Low Satisfactory,svc=Low Satisfactory); Gulf Coast Bank and Trust Company(FDIC,1br,inv=Low Satisfactory,svc=Low Satisfactory)"
451,Marin,CA,10786,MODELED,2,11,Bank of Marin,4036176,FDIC,Low Satisfactory,Low Satisfactory,"Bank of Marin(FDIC,10br,inv=Low Satisfactory,svc=Low Satisfactory); Exchange Bank(FDIC,1br,inv=Low Satisfactory,svc=Low Satisfactory)"
452,Kanawha,WV,10761,survey-weighted,1,2,Burke & Herbert Bank & Trust Company,3563307,FDIC,Low Satisfactory,High Satisfactory,"Burke & Herbert Bank & Trust Company(FDIC,2br,inv=Low Satisfactory,svc=High Satisfactory)"
454,Jefferson,NY,10719,survey-weighted,1,10,Watertown Savings Bank,925416,FDIC,Low Satisfactory,Outstanding,"Watertown Savings Bank(FDIC,10br,inv=Low Satisfactory,svc=Outstanding)"
457,Randall,TX,10640,survey-weighted,3,11,Prosperity Bank,38274790,FDIC,High Satisfactory,Low Satisfactory,"Prosperity Bank(FDIC,2br,inv=High Satisfactory,svc=Low Satisfactory); CENTENNIAL BANK(FED,6br,inv=-,svc=Low Satisfactory); First United Bank(FDIC,3br,inv=High Satisfactory,svc=Low Satisfactory)"
458,Douglas,GA,10613,survey-weighted,3,7,REGIONS BANK,151314000,FED,-,Low Satisfactory,"REGIONS BANK(FED,3br,inv=-,svc=Low Satisfactory); Bank OZK(FDIC,2br,inv=Outstanding,svc=Low Satisfactory); Ameris Bank(FDIC,2br,inv=High Satisfactory,svc=Low Satisfactory)"
459,Thurston,WA,10557,survey-weighted,3,12,Heritage Bank,7233406,FDIC,High Satisfactory,Low Satisfactory,"Heritage Bank(FDIC,4br,inv=High Satisfactory,svc=Low Satisfactory); 1st Security Bank of Washington(FDIC,2br,inv=Outstanding,svc=Low Satisfactory); Timberland Bank(FDIC,6br,inv=High Satisfactory,svc=Low Satisfactory)"
460,Etowah,AL,10438,survey-weighted,1,4,REGIONS BANK,151314000,FED,-,Low Satisfactory,"REGIONS BANK(FED,4br,inv=-,svc=Low Satisfactory)"
462,Ouachita Parish,LA,10423,survey-weighted,3,14,REGIONS BANK,151314000,FED,-,Low Satisfactory,"REGIONS BANK(FED,2br,inv=-,svc=Low Satisfactory); ORIGIN BANK(FED,6br,inv=Low Satisfactory,svc=Low Satisfactory); b1BANK(FDIC,6br,inv=Low Satisfactory,svc=Low Satisfactory)"
463,Monroe,PA,10412,survey-weighted,2,8,Wayne Bank,2366498,FDIC,High Satisfactory,Low Satisfactory,"Wayne Bank(FDIC,4br,inv=High Satisfactory,svc=Low Satisfactory); First Keystone Community Bank(FDIC,4br,inv=Low Satisfactory,svc=Low Satisfactory)"
464,Maury,TN,10406,survey-weighted,2,11,REGIONS BANK,151314000,FED,-,Low Satisfactory,"REGIONS BANK(FED,2br,inv=-,svc=Low Satisfactory); FIRST FARMERS AND MERCHANTS BANK(FED,9br,inv=Low Satisfactory,svc=Low Satisfactory)"
465,Wood,OH,10384,survey-weighted,1,1,CIVISTA BANK,3006039,FED,-,Low Satisfactory,"CIVISTA BANK(FED,1br,inv=-,svc=Low Satisfactory)"
466,St. Landry Parish,LA,10244,survey-weighted,1,2,b1BANK,5531431,FDIC,Low Satisfactory,Low Satisfactory,"b1BANK(FDIC,2br,inv=Low Satisfactory,svc=Low Satisfactory)"
467,Hampton city,VA,10223,survey-weighted,1,1,PRIMIS BANK,3831355,FED,Low Satisfactory,Low Satisfactory,"PRIMIS BANK(FED,1br,inv=Low Satisfactory,svc=Low Satisfactory)"
468,Lea,NM,10175,survey-weighted,1,3,First American Bank,1779138,FDIC,Outstanding,Low Satisfactory,"First American Bank(FDIC,3br,inv=Outstanding,svc=Low Satisfactory)"
469,Vigo,IN,10175,survey-weighted,1,2,FIRST FARMERS BANK & TRUST CO.,2298100,FED,Low Satisfactory,-,"FIRST FARMERS BANK & TRUST CO.(FED,2br,inv=Low Satisfactory,svc=-)"
470,Sandoval,NM,10150,survey-weighted,1,1,First American Bank,1779138,FDIC,Outstanding,Low Satisfactory,"First American Bank(FDIC,1br,inv=Outstanding,svc=Low Satisfactory)"
471,Comanche,OK,10088,survey-weighted,2,6,BancFirst,9485506,FDIC+FED,High Satisfactory,Low Satisfactory,"BancFirst(FDIC+FED,4br,inv=High Satisfactory,svc=Low Satisfactory); International Bank of Commerce(FDIC,2br,inv=Outstanding,svc=Low Satisfactory)"
472,Putnam,TN,10040,survey-weighted,3,6,REGIONS BANK,151314000,FED,-,Low Satisfactory,"REGIONS BANK(FED,3br,inv=-,svc=Low Satisfactory); SMARTBANK(FED,1br,inv=Low Satisfactory,svc=Low Satisfactory); Citizens Bank of Lafayette(FDIC,2br,inv=High Satisfactory,svc=Low Satisfactory)"
476,Somerset,NJ,9964,survey-weighted,3,12,PEAPACK-GLADSTONE BANK,5892261,FED,-,Low Satisfactory,"PEAPACK-GLADSTONE BANK(FED,7br,inv=-,svc=Low Satisfactory); Unity Bank(FDIC,3br,inv=Low Satisfactory,svc=High Satisfactory); The Bank of Princeton(FDIC,2br,inv=High Satisfactory,svc=Low Satisfactory)"
478,Flagler,FL,9946,survey-weighted,1,1,Ameris Bank,23591556,FDIC,High Satisfactory,Low Satisfactory,"Ameris Bank(FDIC,1br,inv=High Satisfactory,svc=Low Satisfactory)"
479,Racine,WI,9940,survey-weighted,1,4,North Shore Bank,2569494,FDIC,Low Satisfactory,High Satisfactory,"North Shore Bank(FDIC,4br,inv=Low Satisfactory,svc=High Satisfactory)"
480,Saratoga,NY,9930,survey-weighted,2,12,CHEMUNG CANAL TRUST COMPANY,2649923,FED,Low Satisfactory,-,"CHEMUNG CANAL TRUST COMPANY(FED,2br,inv=Low Satisfactory,svc=-); ADIRONDACK TRUST COMPANY THE(FED,10br,inv=Low Satisfactory,svc=Low Satisfactory)"
481,Fairbanks North Star Borough,AK,9919,survey-weighted,1,2,Northrim Bank,2564795,FDIC,High Satisfactory,Low Satisfactory,"Northrim Bank(FDIC,2br,inv=High Satisfactory,svc=Low Satisfactory)"
484,Sarpy,NE,9898,survey-weighted,2,4,Great Southern Bank,5723662,FDIC,High Satisfactory,Low Satisfactory,"Great Southern Bank(FDIC,2br,inv=High Satisfactory,svc=Low Satisfactory); FIVE POINTS BANK(FED,2br,inv=Low Satisfactory,svc=-)"
485,Black Hawk,IA,9894,survey-weighted,2,5,REGIONS BANK,151314000,FED,-,Low Satisfactory,"REGIONS BANK(FED,2br,inv=-,svc=Low Satisfactory); Lincoln Savings Bank(FDIC,3br,inv=Low Satisfactory,svc=Low Satisfactory)"
488,Hardin,KY,9818,survey-weighted,2,3,German American Bank,6144423,FDIC,Low Satisfactory,Low Satisfactory,"German American Bank(FDIC,1br,inv=Low Satisfactory,svc=Low Satisfactory); South Central Bank,  Inc.(FDIC,2br,inv=Low Satisfactory,svc=Low Satisfactory)"
490,Ascension Parish,LA,9799,survey-weighted,3,4,REGIONS BANK,151314000,FED,-,Low Satisfactory,"REGIONS BANK(FED,2br,inv=-,svc=Low Satisfactory); b1BANK(FDIC,1br,inv=Low Satisfactory,svc=Low Satisfactory); Red River Bank(FDIC,1br,inv=Low Satisfactory,svc=High Satisfactory)"
491,Arlington,VA,9798,survey-weighted,2,2,Burke & Herbert Bank & Trust Company,3563307,FDIC,Low Satisfactory,High Satisfactory,"Burke & Herbert Bank & Trust Company(FDIC,1br,inv=Low Satisfactory,svc=High Satisfactory); FVCBANK(FED,1br,inv=Needs to Improve,svc=-)"
493,Cabarrus,NC,9790,survey-weighted,1,2,Bank OZK,41606548,FDIC,Outstanding,Low Satisfactory,"Bank OZK(FDIC,2br,inv=Outstanding,svc=Low Satisfactory)"
494,Outagamie,WI,9789,survey-weighted,1,1,North Shore Bank,2569494,FDIC,Low Satisfactory,High Satisfactory,"North Shore Bank(FDIC,1br,inv=Low Satisfactory,svc=High Satisfactory)"
496,Catawba,NC,9753,survey-weighted,1,10,Peoples Bank,1620439,FDIC,Low Satisfactory,High Satisfactory,"Peoples Bank(FDIC,10br,inv=Low Satisfactory,svc=High Satisfactory)"
497,Warren,OH,9730,survey-weighted,1,1,Union Savings Bank,3391585,FDIC,High Satisfactory,Low Satisfactory,"Union Savings Bank(FDIC,1br,inv=High Satisfactory,svc=Low Satisfactory)"
498,Gregg,TX,9713,survey-weighted,3,6,REGIONS BANK,151314000,FED,-,Low Satisfactory,"REGIONS BANK(FED,3br,inv=-,svc=Low Satisfactory); Prosperity Bank(FDIC,1br,inv=High Satisfactory,svc=Low Satisfactory); ORIGIN BANK(FED,2br,inv=Low Satisfactory,svc=Low Satisfactory)"
500,Rockingham,VA,9589,survey-weighted,2,2,Burke & Herbert Bank & Trust Company,3563307,FDIC,Low Satisfactory,High Satisfactory,"Burke & Herbert Bank & Trust Company(FDIC,1br,inv=Low Satisfactory,svc=High Satisfactory); FIRST BANK AND TRUST COMPANY THE(FED,1br,inv=Low Satisfactory,svc=Low Satisfactory)"
502,Parker,TX,9561,survey-weighted,3,5,Prosperity Bank,38274790,FDIC,High Satisfactory,Low Satisfactory,"Prosperity Bank(FDIC,2br,inv=High Satisfactory,svc=Low Satisfactory); PLAINSCAPITAL BANK(FED,2br,inv=-,svc=Low Satisfactory); INTERBANK(FED,1br,inv=Low Satisfactory,svc=-)"
503,Franklin,MO,9547,survey-weighted,1,1,MIDLAND STATES BANK,7782095,FED,Low Satisfactory,Low Satisfactory,"MIDLAND STATES BANK(FED,1br,inv=Low Satisfactory,svc=Low Satisfactory)"
504,Canadian,OK,9543,survey-weighted,4,12,BancFirst,9485506,FDIC+FED,High Satisfactory,Low Satisfactory,"BancFirst(FDIC+FED,7br,inv=High Satisfactory,svc=Low Satisfactory); INTERBANK(FED,3br,inv=Low Satisfactory,svc=-); RCB BANK(FED,1br,inv=Low Satisfactory,svc=Low Satisfactory); FIRST FIDELITY BANK(FED,1br,inv=Low Satisfactory,svc=Low Satisfactory)"
505,Frederick,MD,9536,survey-weighted,1,4,ACNB Bank,2403350,FDIC,Low Satisfactory,Low Satisfactory,"ACNB Bank(FDIC,4br,inv=Low Satisfactory,svc=Low Satisfactory)"
507,Story,IA,9501,survey-weighted,1,1,Great Southern Bank,5723662,FDIC,High Satisfactory,Low Satisfactory,"Great Southern Bank(FDIC,1br,inv=High Satisfactory,svc=Low Satisfactory)"
508,Putnam,FL,9497,survey-weighted,1,2,Ameris Bank,23591556,FDIC,High Satisfactory,Low Satisfactory,"Ameris Bank(FDIC,2br,inv=High Satisfactory,svc=Low Satisfactory)"
511,Surry,NC,9248,survey-weighted,3,7,Carter Bank & Trust,4446729,FDIC,Low Satisfactory,High Satisfactory,"Carter Bank & Trust(FDIC,1br,inv=Low Satisfactory,svc=High Satisfactory); FIRST COMMUNITY BANK(FED,5br,inv=-,svc=Low Satisfactory); FIRST BANK AND TRUST COMPANY THE(FED,1br,inv=Low Satisfactory,svc=Low Satisfactory)"
512,Lamar,MS,9224,survey-weighted,3,4,REGIONS BANK,151314000,FED,-,Low Satisfactory,"REGIONS BANK(FED,1br,inv=-,svc=Low Satisfactory); Community Bank of Mississippi(FDIC,1br,inv=Low Satisfactory,svc=High Satisfactory); BANKFIRST FINANCIAL SERVICES(FED,2br,inv=Low Satisfactory,svc=-)"
513,Glynn,GA,9214,survey-weighted,2,5,Bank OZK,41606548,FDIC,Outstanding,Low Satisfactory,"Bank OZK(FDIC,2br,inv=Outstanding,svc=Low Satisfactory); Ameris Bank(FDIC,3br,inv=High Satisfactory,svc=Low Satisfactory)"
514,Sutter,CA,9117,MODELED,1,1,Five Star Bank,3476132,FDIC,High Satisfactory,Low Satisfactory,"Five Star Bank(FDIC,1br,inv=High Satisfactory,svc=Low Satisfactory)"
515,Franklin,WA,9083,survey-weighted,1,1,Yakima Federal Savings and Loan Association,1984560,FDIC,High Satisfactory,Low Satisfactory,"Yakima Federal Savings and Loan Association(FDIC,1br,inv=High Satisfactory,svc=Low Satisfactory)"
517,White,AR,9051,survey-weighted,4,13,REGIONS BANK,151314000,FED,-,Low Satisfactory,"REGIONS BANK(FED,2br,inv=-,svc=Low Satisfactory); SIMMONS BANK(FED,1br,inv=-,svc=Low Satisfactory); CENTENNIAL BANK(FED,5br,inv=-,svc=Low Satisfactory); First Community Bank(FDIC,5br,inv=High Satisfactory,svc=Low Satisfactory)"
518,Morgan,AL,9038,survey-weighted,2,7,REGIONS BANK,151314000,FED,-,Low Satisfactory,"REGIONS BANK(FED,3br,inv=-,svc=Low Satisfactory); BANK INDEPENDENT(FED,4br,inv=Low Satisfactory,svc=-)"
519,Twin Falls,ID,9000,survey-weighted,1,5,D. L. Evans Bank,3071088,FDIC,Low Satisfactory,High Satisfactory,"D. L. Evans Bank(FDIC,5br,inv=Low Satisfactory,svc=High Satisfactory)"
520,Kenosha,WI,8999,survey-weighted,2,5,First American Bank,7074673,FDIC,Low Satisfactory,Low Satisfactory,"First American Bank(FDIC,3br,inv=Low Satisfactory,svc=Low Satisfactory); North Shore Bank(FDIC,2br,inv=Low Satisfactory,svc=High Satisfactory)"
521,Cumberland,TN,8967,survey-weighted,1,1,SMARTBANK,4606198,FED,Low Satisfactory,Low Satisfactory,"SMARTBANK(FED,1br,inv=Low Satisfactory,svc=Low Satisfactory)"
523,Schenectady,NY,8889,survey-weighted,1,1,CHEMUNG CANAL TRUST COMPANY,2649923,FED,Low Satisfactory,-,"CHEMUNG CANAL TRUST COMPANY(FED,1br,inv=Low Satisfactory,svc=-)"
524,Lauderdale,MS,8876,survey-weighted,3,7,REGIONS BANK,151314000,FED,-,Low Satisfactory,"REGIONS BANK(FED,3br,inv=-,svc=Low Satisfactory); BankPlus(FDIC,2br,inv=Outstanding,svc=Low Satisfactory); Community Bank of Mississippi(FDIC,2br,inv=Low Satisfactory,svc=High Satisfactory)"
525,Jackson,MI,8850,survey-weighted,1,2,CHOICEONE BANK,2724240,FED,Low Satisfactory,Low Satisfactory,"CHOICEONE BANK(FED,2br,inv=Low Satisfactory,svc=Low Satisfactory)"
526,Carteret,NC,8818,survey-weighted,1,1,Southern Bank and Trust Company,4758607,FDIC,High Satisfactory,Low Satisfactory,"Southern Bank and Trust Company(FDIC,1br,inv=High Satisfactory,svc=Low Satisfactory)"
528,Lynchburg city,VA,8769,survey-weighted,1,2,Carter Bank & Trust,4446729,FDIC,Low Satisfactory,High Satisfactory,"Carter Bank & Trust(FDIC,2br,inv=Low Satisfactory,svc=High Satisfactory)"
529,Grant,IN,8764,survey-weighted,2,3,Horizon Bank,7621571,FDIC,Low Satisfactory,High Satisfactory,"Horizon Bank(FDIC,1br,inv=Low Satisfactory,svc=High Satisfactory); FIRST FARMERS BANK & TRUST CO.(FED,2br,inv=Low Satisfactory,svc=-)"
530,Dorchester,SC,8737,survey-weighted,1,1,Ameris Bank,23591556,FDIC,High Satisfactory,Low Satisfactory,"Ameris Bank(FDIC,1br,inv=High Satisfactory,svc=Low Satisfactory)"
531,Houston,AL,8717,survey-weighted,4,10,REGIONS BANK,151314000,FED,-,Low Satisfactory,"REGIONS BANK(FED,4br,inv=-,svc=Low Satisfactory); Ameris Bank(FDIC,3br,inv=High Satisfactory,svc=Low Satisfactory); BankPlus(FDIC,2br,inv=Outstanding,svc=Low Satisfactory); SMARTBANK(FED,1br,inv=Low Satisfactory,svc=Low Satisfactory)"
533,Jackson,AL,8687,survey-weighted,1,1,REGIONS BANK,151314000,FED,-,Low Satisfactory,"REGIONS BANK(FED,1br,inv=-,svc=Low Satisfactory)"
534,Bulloch,GA,8687,survey-weighted,2,4,Colony Bank,3091464,FDIC,Low Satisfactory,High Satisfactory,"Colony Bank(FDIC,1br,inv=Low Satisfactory,svc=High Satisfactory); Pinnacle Bank(FDIC,3br,inv=Low Satisfactory,svc=High Satisfactory)"
536,St. Clair,MI,8666,survey-weighted,1,3,CHOICEONE BANK,2724240,FED,Low Satisfactory,Low Satisfactory,"CHOICEONE BANK(FED,3br,inv=Low Satisfactory,svc=Low Satisfactory)"
538,Loudon,TN,8664,survey-weighted,1,1,REGIONS BANK,151314000,FED,-,Low Satisfactory,"REGIONS BANK(FED,1br,inv=-,svc=Low Satisfactory)"
540,Blount,TN,8598,survey-weighted,3,5,REGIONS BANK,151314000,FED,-,Low Satisfactory,"REGIONS BANK(FED,2br,inv=-,svc=Low Satisfactory); SIMMONS BANK(FED,1br,inv=-,svc=Low Satisfactory); SMARTBANK(FED,2br,inv=Low Satisfactory,svc=Low Satisfactory)"
542,Napa,CA,8563,MODELED,2,3,Bank of Stockton,4320510,FDIC,Low Satisfactory,High Satisfactory,"Bank of Stockton(FDIC,1br,inv=Low Satisfactory,svc=High Satisfactory); Bank of Marin(FDIC,2br,inv=Low Satisfactory,svc=Low Satisfactory)"
543,Washington,MD,8561,survey-weighted,3,3,ORRSTOWN BANK,2780990,FED,Low Satisfactory,Low Satisfactory,"ORRSTOWN BANK(FED,1br,inv=Low Satisfactory,svc=Low Satisfactory); Farmers and Merchants Trust Company of Chambersburg(FDIC,1br,inv=Low Satisfactory,svc=High Satisfactory); AMERISERV FINANCIAL BANK(FED,1br,inv=Low Satisfactory,svc=Low Satisfactory)"
544,Cleveland,NC,8559,survey-weighted,4,11,Bank OZK,41606548,FDIC,Outstanding,Low Satisfactory,"Bank OZK(FDIC,7br,inv=Outstanding,svc=Low Satisfactory); The Fidelity Bank(FDIC,1br,inv=Low Satisfactory,svc=Low Satisfactory); HOMETRUST BANK(FED,1br,inv=Low Satisfactory,svc=Low Satisfactory); COMMERCIAL BANK(FED,2br,inv=Low Satisfactory,svc=Low Satisfactory)"
545,Hampshire,MA,8528,survey-weighted,3,11,BROOKLINE BANK,4966140,FED,Low Satisfactory,Low Satisfactory,"BROOKLINE BANK(FED,1br,inv=Low Satisfactory,svc=Low Satisfactory); Country Bank for Savings(FDIC,2br,inv=High Satisfactory,svc=Low Satisfactory); EASTHAMPTON SAVINGS BANK(FED,8br,inv=Low Satisfactory,svc=-)"
547,Potter,TX,8500,survey-weighted,1,6,CENTENNIAL BANK,22808174,FED,-,Low Satisfactory,"CENTENNIAL BANK(FED,6br,inv=-,svc=Low Satisfactory)"
548,Victoria,TX,8483,survey-weighted,1,7,Prosperity Bank,38274790,FDIC,High Satisfactory,Low Satisfactory,"Prosperity Bank(FDIC,7br,inv=High Satisfactory,svc=Low Satisfactory)"
550,Wilson,NC,8469,survey-weighted,2,3,Southern Bank and Trust Company,4758607,FDIC,High Satisfactory,Low Satisfactory,"Southern Bank and Trust Company(FDIC,2br,inv=High Satisfactory,svc=Low Satisfactory); FIRST BANK AND TRUST COMPANY THE(FED,1br,inv=Low Satisfactory,svc=Low Satisfactory)"
555,Medina,OH,8383,survey-weighted,1,1,CIVISTA BANK,3006039,FED,-,Low Satisfactory,"CIVISTA BANK(FED,1br,inv=-,svc=Low Satisfactory)"
556,Lafourche Parish,LA,8373,survey-weighted,3,5,REGIONS BANK,151314000,FED,-,Low Satisfactory,"REGIONS BANK(FED,2br,inv=-,svc=Low Satisfactory); b1BANK(FDIC,2br,inv=Low Satisfactory,svc=Low Satisfactory); Gulf Coast Bank and Trust Company(FDIC,1br,inv=Low Satisfactory,svc=Low Satisfactory)"
558,Carroll,MD,8344,survey-weighted,1,5,ACNB Bank,2403350,FDIC,Low Satisfactory,Low Satisfactory,"ACNB Bank(FDIC,5br,inv=Low Satisfactory,svc=Low Satisfactory)"
559,Walton,GA,8344,survey-weighted,2,4,Bank OZK,41606548,FDIC,Outstanding,Low Satisfactory,"Bank OZK(FDIC,1br,inv=Outstanding,svc=Low Satisfactory); Pinnacle Bank(FDIC,3br,inv=Low Satisfactory,svc=High Satisfactory)"
560,Starr,TX,8331,survey-weighted,1,1,TEXAS REGIONAL BANK,2660302,FED,Low Satisfactory,-,"TEXAS REGIONAL BANK(FED,1br,inv=Low Satisfactory,svc=-)"
561,Delaware,OH,8329,survey-weighted,1,1,German American Bank,6144423,FDIC,Low Satisfactory,Low Satisfactory,"German American Bank(FDIC,1br,inv=Low Satisfactory,svc=Low Satisfactory)"
564,LaPorte,IN,8213,survey-weighted,1,9,Horizon Bank,7621571,FDIC,Low Satisfactory,High Satisfactory,"Horizon Bank(FDIC,9br,inv=Low Satisfactory,svc=High Satisfactory)"
565,Monongalia,WV,8210,survey-weighted,1,1,Burke & Herbert Bank & Trust Company,3563307,FDIC,Low Satisfactory,High Satisfactory,"Burke & Herbert Bank & Trust Company(FDIC,1br,inv=Low Satisfactory,svc=High Satisfactory)"
566,Bastrop,TX,8208,survey-weighted,2,5,Prosperity Bank,38274790,FDIC,High Satisfactory,Low Satisfactory,"Prosperity Bank(FDIC,4br,inv=High Satisfactory,svc=Low Satisfactory); THIRD COAST BANK(FED,1br,inv=Low Satisfactory,svc=Low Satisfactory)"
567,Fairfield,OH,8173,survey-weighted,2,2,German American Bank,6144423,FDIC,Low Satisfactory,Low Satisfactory,"German American Bank(FDIC,1br,inv=Low Satisfactory,svc=Low Satisfactory); Union Savings Bank(FDIC,1br,inv=High Satisfactory,svc=Low Satisfactory)"
568,Porter,IN,8156,survey-weighted,2,5,Horizon Bank,7621571,FDIC,Low Satisfactory,High Satisfactory,"Horizon Bank(FDIC,4br,inv=Low Satisfactory,svc=High Satisfactory); Peoples Bank(FDIC,1br,inv=Low Satisfactory,svc=High Satisfactory)"
571,Creek,OK,8128,survey-weighted,3,3,CENTRAL TRUST BANK THE,19551204,FED,Low Satisfactory,-,"CENTRAL TRUST BANK THE(FED,1br,inv=Low Satisfactory,svc=-); RCB BANK(FED,1br,inv=Low Satisfactory,svc=Low Satisfactory); International Bank of Commerce(FDIC,1br,inv=Outstanding,svc=Low Satisfactory)"
572,Miller,AR,8127,survey-weighted,3,4,REGIONS BANK,151314000,FED,-,Low Satisfactory,"REGIONS BANK(FED,1br,inv=-,svc=Low Satisfactory); Bank OZK(FDIC,1br,inv=Outstanding,svc=Low Satisfactory); FARMERS BANK & TRUST COMPANY(FED,2br,inv=Low Satisfactory,svc=Low Satisfactory)"
573,San Patricio,TX,8120,survey-weighted,1,5,Prosperity Bank,38274790,FDIC,High Satisfactory,Low Satisfactory,"Prosperity Bank(FDIC,5br,inv=High Satisfactory,svc=Low Satisfactory)"
574,Walker,GA,8114,survey-weighted,1,1,Colony Bank,3091464,FDIC,Low Satisfactory,High Satisfactory,"Colony Bank(FDIC,1br,inv=Low Satisfactory,svc=High Satisfactory)"
575,Madison,IN,8098,survey-weighted,1,1,FIRST FARMERS BANK & TRUST CO.,2298100,FED,Low Satisfactory,-,"FIRST FARMERS BANK & TRUST CO.(FED,1br,inv=Low Satisfactory,svc=-)"
577,Hamblen,TN,8070,survey-weighted,3,5,HOMETRUST BANK,3409271,FED,Low Satisfactory,Low Satisfactory,"HOMETRUST BANK(FED,2br,inv=Low Satisfactory,svc=Low Satisfactory); FIRST BANK AND TRUST COMPANY THE(FED,1br,inv=Low Satisfactory,svc=Low Satisfactory); COMMERCIAL BANK(FED,2br,inv=Low Satisfactory,svc=Low Satisfactory)"
579,Hancock,MS,8057,survey-weighted,1,1,Community Bank of Mississippi,4608467,FDIC,Low Satisfactory,High Satisfactory,"Community Bank of Mississippi(FDIC,1br,inv=Low Satisfactory,svc=High Satisfactory)"
580,Taney,MO,8052,survey-weighted,4,8,SIMMONS BANK,26749112,FED,-,Low Satisfactory,"SIMMONS BANK(FED,1br,inv=-,svc=Low Satisfactory); CENTRAL TRUST BANK THE(FED,4br,inv=Low Satisfactory,svc=-); Great Southern Bank(FDIC,2br,inv=High Satisfactory,svc=Low Satisfactory); The Bank of Missouri(FDIC,1br,inv=Low Satisfactory,svc=High Satisfactory)"
581,Allegan,MI,8042,survey-weighted,1,2,Macatawa Bank,2733572,FDIC,High Satisfactory,Low Satisfactory,"Macatawa Bank(FDIC,2br,inv=High Satisfactory,svc=Low Satisfactory)"
584,Orange,TX,7930,survey-weighted,1,2,Prosperity Bank,38274790,FDIC,High Satisfactory,Low Satisfactory,"Prosperity Bank(FDIC,2br,inv=High Satisfactory,svc=Low Satisfactory)"
586,Lycoming,PA,7893,survey-weighted,2,7,Citizens & Northern Bank,2311213,FDIC,Low Satisfactory,Low Satisfactory,"Citizens & Northern Bank(FDIC,6br,inv=Low Satisfactory,svc=Low Satisfactory); FIRST CITIZENS COMMUNITY BANK(FED,1br,inv=Low Satisfactory,svc=-)"
587,Calhoun,MI,7884,survey-weighted,1,1,Horizon Bank,7621571,FDIC,Low Satisfactory,High Satisfactory,"Horizon Bank(FDIC,1br,inv=Low Satisfactory,svc=High Satisfactory)"
588,Clark,IN,7877,survey-weighted,1,3,German American Bank,6144423,FDIC,Low Satisfactory,Low Satisfactory,"German American Bank(FDIC,3br,inv=Low Satisfactory,svc=Low Satisfactory)"
590,Jones,MS,7849,survey-weighted,2,9,Community Bank of Mississippi,4608467,FDIC,Low Satisfactory,High Satisfactory,"Community Bank of Mississippi(FDIC,7br,inv=Low Satisfactory,svc=High Satisfactory); BANKFIRST FINANCIAL SERVICES(FED,2br,inv=Low Satisfactory,svc=-)"
591,Kershaw,SC,7847,survey-weighted,1,1,First Community Bank,1735147,FDIC,Low Satisfactory,Low Satisfactory,"First Community Bank(FDIC,1br,inv=Low Satisfactory,svc=Low Satisfactory)"
592,Walton,FL,7827,survey-weighted,5,7,Ameris Bank,23591556,FDIC,High Satisfactory,Low Satisfactory,"Ameris Bank(FDIC,1br,inv=High Satisfactory,svc=Low Satisfactory); CENTENNIAL BANK(FED,2br,inv=-,svc=Low Satisfactory); BankPlus(FDIC,1br,inv=Outstanding,svc=Low Satisfactory); Community Bank of Mississippi(FDIC,1br,inv=Low Satisfactory,svc=High Satisfactory); Gulf Coast Bank and Trust Company(FDIC,2br,inv=Low Satisfactory,svc=Low Satisfactory)"
594,Lowndes,MS,7797,survey-weighted,2,5,REGIONS BANK,151314000,FED,-,Low Satisfactory,"REGIONS BANK(FED,2br,inv=-,svc=Low Satisfactory); BANKFIRST FINANCIAL SERVICES(FED,3br,inv=Low Satisfactory,svc=-)"
595,Pope,AR,7789,survey-weighted,4,10,REGIONS BANK,151314000,FED,-,Low Satisfactory,"REGIONS BANK(FED,1br,inv=-,svc=Low Satisfactory); Bank OZK(FDIC,2br,inv=Outstanding,svc=Low Satisfactory); SIMMONS BANK(FED,2br,inv=-,svc=Low Satisfactory); CENTENNIAL BANK(FED,5br,inv=-,svc=Low Satisfactory)"
596,Merrimack,NH,7783,survey-weighted,2,3,MASCOMA BANK,2886966,FED,-,Low Satisfactory,"MASCOMA BANK(FED,1br,inv=-,svc=Low Satisfactory); BANK OF NEW HAMPSHIRE(FED,2br,inv=Low Satisfactory,svc=-)"
597,Bossier Parish,LA,7754,survey-weighted,5,7,REGIONS BANK,151314000,FED,-,Low Satisfactory,"REGIONS BANK(FED,1br,inv=-,svc=Low Satisfactory); ORIGIN BANK(FED,1br,inv=Low Satisfactory,svc=Low Satisfactory); b1BANK(FDIC,1br,inv=Low Satisfactory,svc=Low Satisfactory); First Guaranty Bank(FDIC,2br,inv=Low Satisfactory,svc=Low Satisfactory); Red River Bank(FDIC,2br,inv=Low Satisfactory,svc=High Satisfactory)"
598,Rockingham,NC,7743,survey-weighted,2,4,Carter Bank & Trust,4446729,FDIC,Low Satisfactory,High Satisfactory,"Carter Bank & Trust(FDIC,2br,inv=Low Satisfactory,svc=High Satisfactory); HOMETRUST BANK(FED,2br,inv=Low Satisfactory,svc=Low Satisfactory)"
600,Payne,OK,7705,survey-weighted,4,13,SIMMONS BANK,26749112,FED,-,Low Satisfactory,"SIMMONS BANK(FED,3br,inv=-,svc=Low Satisfactory); BancFirst(FDIC+FED,5br,inv=High Satisfactory,svc=Low Satisfactory); RCB BANK(FED,4br,inv=Low Satisfactory,svc=Low Satisfactory); International Bank of Commerce(FDIC,1br,inv=Outstanding,svc=Low Satisfactory)"
601,Moore,NC,7698,survey-weighted,1,2,The Fidelity Bank,4263695,FDIC,Low Satisfactory,Low Satisfactory,"The Fidelity Bank(FDIC,2br,inv=Low Satisfactory,svc=Low Satisfactory)"
602,Erie,OH,7657,survey-weighted,1,6,CIVISTA BANK,3006039,FED,-,Low Satisfactory,"CIVISTA BANK(FED,6br,inv=-,svc=Low Satisfactory)"
603,Chelan,WA,7653,survey-weighted,2,8,Peoples Bank,2434624,FDIC,High Satisfactory,Low Satisfactory,"Peoples Bank(FDIC,1br,inv=High Satisfactory,svc=Low Satisfactory); Cashmere Valley Bank(FDIC,7br,inv=Low Satisfactory,svc=High Satisfactory)"
604,Kent,RI,7628,survey-weighted,2,8,BROOKLINE BANK,4966140,FED,Low Satisfactory,Low Satisfactory,"BROOKLINE BANK(FED,5br,inv=Low Satisfactory,svc=Low Satisfactory); BANKNEWPORT(FED,3br,inv=Low Satisfactory,svc=-)"
605,Suffolk city,VA,7616,survey-weighted,1,1,Southern Bank and Trust Company,4758607,FDIC,High Satisfactory,Low Satisfactory,"Southern Bank and Trust Company(FDIC,1br,inv=High Satisfactory,svc=Low Satisfactory)"
607,Strafford,NH,7580,survey-weighted,1,2,BANK OF NEW HAMPSHIRE,2583718,FED,Low Satisfactory,-,"BANK OF NEW HAMPSHIRE(FED,2br,inv=Low Satisfactory,svc=-)"
608,Iberia Parish,LA,7577,survey-weighted,2,2,REGIONS BANK,151314000,FED,-,Low Satisfactory,"REGIONS BANK(FED,1br,inv=-,svc=Low Satisfactory); b1BANK(FDIC,1br,inv=Low Satisfactory,svc=Low Satisfactory)"
609,Cambria,PA,7577,survey-weighted,2,13,Somerset Trust Company,2315834,FDIC,Low Satisfactory,High Satisfactory,"Somerset Trust Company(FDIC,5br,inv=Low Satisfactory,svc=High Satisfactory); AMERISERV FINANCIAL BANK(FED,8br,inv=Low Satisfactory,svc=Low Satisfactory)"
610,Kosciusko,IN,7531,survey-weighted,2,16,Horizon Bank,7621571,FDIC,Low Satisfactory,High Satisfactory,"Horizon Bank(FDIC,2br,inv=Low Satisfactory,svc=High Satisfactory); LAKE CITY BANK(FED,14br,inv=Low Satisfactory,svc=-)"
611,Rock Island,IL,7512,survey-weighted,2,13,Morton Community Bank,5467281,FDIC,High Satisfactory,Low Satisfactory,"Morton Community Bank(FDIC,1br,inv=High Satisfactory,svc=Low Satisfactory); Blackhawk Bank & Trust(FDIC,12br,inv=Low Satisfactory,svc=Low Satisfactory)"
612,Liberty,TX,7511,survey-weighted,2,5,Prosperity Bank,38274790,FDIC,High Satisfactory,Low Satisfactory,"Prosperity Bank(FDIC,4br,inv=High Satisfactory,svc=Low Satisfactory); TEXAS FIRST BANK(FED,1br,inv=Low Satisfactory,svc=-)"
613,Crawford,AR,7479,survey-weighted,2,5,Bank OZK,41606548,FDIC,Outstanding,Low Satisfactory,"Bank OZK(FDIC,4br,inv=Outstanding,svc=Low Satisfactory); CENTENNIAL BANK(FED,1br,inv=-,svc=Low Satisfactory)"
614,Lincoln,NC,7463,survey-weighted,4,5,Bank OZK,41606548,FDIC,Outstanding,Low Satisfactory,"Bank OZK(FDIC,1br,inv=Outstanding,svc=Low Satisfactory); The Fidelity Bank(FDIC,1br,inv=Low Satisfactory,svc=Low Satisfactory); COMMERCIAL BANK(FED,1br,inv=Low Satisfactory,svc=Low Satisfactory); Peoples Bank(FDIC,2br,inv=Low Satisfactory,svc=High Satisfactory)"
616,Licking,OH,7455,survey-weighted,1,2,German American Bank,6144423,FDIC,Low Satisfactory,Low Satisfactory,"German American Bank(FDIC,2br,inv=Low Satisfactory,svc=Low Satisfactory)"
617,Kent,DE,7437,survey-weighted,1,1,FIRST CITIZENS COMMUNITY BANK,2208830,FED,Low Satisfactory,-,"FIRST CITIZENS COMMUNITY BANK(FED,1br,inv=Low Satisfactory,svc=-)"
618,Steuben,NY,7433,survey-weighted,2,3,CHEMUNG CANAL TRUST COMPANY,2649923,FED,Low Satisfactory,-,"CHEMUNG CANAL TRUST COMPANY(FED,2br,inv=Low Satisfactory,svc=-); Citizens & Northern Bank(FDIC,1br,inv=Low Satisfactory,svc=Low Satisfactory)"
619,Monroe,TN,7426,survey-weighted,1,3,SIMMONS BANK,26749112,FED,-,Low Satisfactory,"SIMMONS BANK(FED,3br,inv=-,svc=Low Satisfactory)"
620,Pittsylvania,VA,7426,survey-weighted,1,2,Carter Bank & Trust,4446729,FDIC,Low Satisfactory,High Satisfactory,"Carter Bank & Trust(FDIC,2br,inv=Low Satisfactory,svc=High Satisfactory)"
621,Cape Girardeau,MO,7424,survey-weighted,3,8,REGIONS BANK,151314000,FED,-,Low Satisfactory,"REGIONS BANK(FED,2br,inv=-,svc=Low Satisfactory); The Bank of Missouri(FDIC,5br,inv=Low Satisfactory,svc=High Satisfactory); Banterra Bank(FDIC,1br,inv=Low Satisfactory,svc=Low Satisfactory)"
622,Terrebonne Parish,LA,7423,survey-weighted,2,4,REGIONS BANK,151314000,FED,-,Low Satisfactory,"REGIONS BANK(FED,1br,inv=-,svc=Low Satisfactory); b1BANK(FDIC,3br,inv=Low Satisfactory,svc=Low Satisfactory)"
624,Kenai Peninsula Borough,AK,7377,survey-weighted,1,2,Northrim Bank,2564795,FDIC,High Satisfactory,Low Satisfactory,"Northrim Bank(FDIC,2br,inv=High Satisfactory,svc=Low Satisfactory)"
625,Carroll,GA,7360,survey-weighted,2,4,REGIONS BANK,151314000,FED,-,Low Satisfactory,"REGIONS BANK(FED,1br,inv=-,svc=Low Satisfactory); Bank OZK(FDIC,3br,inv=Outstanding,svc=Low Satisfactory)"
626,Rogers,OK,7356,survey-weighted,4,14,BancFirst,9485506,FDIC+FED,High Satisfactory,Low Satisfactory,"BancFirst(FDIC+FED,5br,inv=High Satisfactory,svc=Low Satisfactory); RCB BANK(FED,7br,inv=Low Satisfactory,svc=Low Satisfactory); Armstrong Bank(FDIC,1br,inv=High Satisfactory,svc=Low Satisfactory); International Bank of Commerce(FDIC,1br,inv=Outstanding,svc=Low Satisfactory)"
627,Eddy,NM,7349,survey-weighted,1,3,First American Bank,1779138,FDIC,Outstanding,Low Satisfactory,"First American Bank(FDIC,3br,inv=Outstanding,svc=Low Satisfactory)"
629,Marathon,WI,7309,survey-weighted,1,3,ONE COMMUNITY BANK,2181049,FED,Low Satisfactory,Needs to Improve,"ONE COMMUNITY BANK(FED,3br,inv=Low Satisfactory,svc=Needs to Improve)"
630,Northumberland,PA,7297,survey-weighted,2,3,Burke & Herbert Bank & Trust Company,3563307,FDIC,Low Satisfactory,High Satisfactory,"Burke & Herbert Bank & Trust Company(FDIC,1br,inv=Low Satisfactory,svc=High Satisfactory); Citizens & Northern Bank(FDIC,2br,inv=Low Satisfactory,svc=Low Satisfactory)"
634,Vermilion Parish,LA,7238,survey-weighted,1,1,First Guaranty Bank,3794968,FDIC,Low Satisfactory,Low Satisfactory,"First Guaranty Bank(FDIC,1br,inv=Low Satisfactory,svc=Low Satisfactory)"
635,Wilkes,NC,7237,survey-weighted,1,1,FIRST COMMUNITY BANK,3213604,FED,-,Low Satisfactory,"FIRST COMMUNITY BANK(FED,1br,inv=-,svc=Low Satisfactory)"
637,Bedford,VA,7219,survey-weighted,2,3,Carter Bank & Trust,4446729,FDIC,Low Satisfactory,High Satisfactory,"Carter Bank & Trust(FDIC,2br,inv=Low Satisfactory,svc=High Satisfactory); FIRST BANK AND TRUST COMPANY THE(FED,1br,inv=Low Satisfactory,svc=Low Satisfactory)"
639,Cattaraugus,NY,7214,survey-weighted,1,1,Hamlin Bank and Trust Company,421614,FDIC,Low Satisfactory,Low Satisfactory,"Hamlin Bank and Trust Company(FDIC,1br,inv=Low Satisfactory,svc=Low Satisfactory)"
640,Harrison,WV,7190,survey-weighted,2,2,First Guaranty Bank,3794968,FDIC,Low Satisfactory,Low Satisfactory,"First Guaranty Bank(FDIC,1br,inv=Low Satisfactory,svc=Low Satisfactory); Burke & Herbert Bank & Trust Company(FDIC,1br,inv=Low Satisfactory,svc=High Satisfactory)"
641,Ontario,NY,7190,survey-weighted,1,1,Wayne Bank,2366498,FDIC,High Satisfactory,Low Satisfactory,"Wayne Bank(FDIC,1br,inv=High Satisfactory,svc=Low Satisfactory)"
643,Daviess,KY,7168,survey-weighted,3,9,German American Bank,6144423,FDIC,Low Satisfactory,Low Satisfactory,"German American Bank(FDIC,3br,inv=Low Satisfactory,svc=Low Satisfactory); INDEPENDENCE BANK OF KENTUCKY(FED,3br,inv=-,svc=Low Satisfactory); South Central Bank,  Inc.(FDIC,3br,inv=Low Satisfactory,svc=Low Satisfactory)"
644,Pearl River,MS,7162,survey-weighted,1,2,BankPlus,7790270,FDIC,Outstanding,Low Satisfactory,"BankPlus(FDIC,2br,inv=Outstanding,svc=Low Satisfactory)"
645,Guadalupe,TX,7143,survey-weighted,2,2,Prosperity Bank,38274790,FDIC,High Satisfactory,Low Satisfactory,"Prosperity Bank(FDIC,1br,inv=High Satisfactory,svc=Low Satisfactory); SIMMONS BANK(FED,1br,inv=-,svc=Low Satisfactory)"
646,Rock,WI,7122,survey-weighted,1,2,Lake Ridge Bank,3178632,FDIC,High Satisfactory,Low Satisfactory,"Lake Ridge Bank(FDIC,2br,inv=High Satisfactory,svc=Low Satisfactory)"
647,Lonoke,AR,7117,survey-weighted,5,11,REGIONS BANK,151314000,FED,-,Low Satisfactory,"REGIONS BANK(FED,1br,inv=-,svc=Low Satisfactory); Bank OZK(FDIC,2br,inv=Outstanding,svc=Low Satisfactory); SIMMONS BANK(FED,1br,inv=-,svc=Low Satisfactory); CENTENNIAL BANK(FED,5br,inv=-,svc=Low Satisfactory); First Community Bank(FDIC,2br,inv=High Satisfactory,svc=Low Satisfactory)"
649,Washington,RI,7078,survey-weighted,2,6,BROOKLINE BANK,4966140,FED,Low Satisfactory,Low Satisfactory,"BROOKLINE BANK(FED,4br,inv=Low Satisfactory,svc=Low Satisfactory); BANKNEWPORT(FED,2br,inv=Low Satisfactory,svc=-)"
650,Nacogdoches,TX,7048,survey-weighted,1,1,REGIONS BANK,151314000,FED,-,Low Satisfactory,"REGIONS BANK(FED,1br,inv=-,svc=Low Satisfactory)"
651,Buchanan,MO,7025,survey-weighted,2,4,NBH BANK,6948775,FED,-,Low Satisfactory,"NBH BANK(FED,1br,inv=-,svc=Low Satisfactory); EQUITY BANK(FED,3br,inv=Low Satisfactory,svc=Low Satisfactory)"
652,Pulaski,KY,6994,survey-weighted,1,1,"South Central Bank,  Inc.",1845172,FDIC,Low Satisfactory,Low Satisfactory,"South Central Bank,  Inc.(FDIC,1br,inv=Low Satisfactory,svc=Low Satisfactory)"
653,Albemarle,VA,6980,survey-weighted,1,2,Carter Bank & Trust,4446729,FDIC,Low Satisfactory,High Satisfactory,"Carter Bank & Trust(FDIC,2br,inv=Low Satisfactory,svc=High Satisfactory)"
655,Wilson,TN,6968,survey-weighted,3,6,REGIONS BANK,151314000,FED,-,Low Satisfactory,"REGIONS BANK(FED,2br,inv=-,svc=Low Satisfactory); Bank of Tennessee(FDIC,2br,inv=Low Satisfactory,svc=Low Satisfactory); Citizens Bank of Lafayette(FDIC,2br,inv=High Satisfactory,svc=Low Satisfactory)"
656,Effingham,GA,6949,survey-weighted,1,1,Ameris Bank,23591556,FDIC,High Satisfactory,Low Satisfactory,"Ameris Bank(FDIC,1br,inv=High Satisfactory,svc=Low Satisfactory)"
657,Craven,NC,6947,survey-weighted,1,1,Southern Bank and Trust Company,4758607,FDIC,High Satisfactory,Low Satisfactory,"Southern Bank and Trust Company(FDIC,1br,inv=High Satisfactory,svc=Low Satisfactory)"
659,Colbert,AL,6936,survey-weighted,2,9,REGIONS BANK,151314000,FED,-,Low Satisfactory,"REGIONS BANK(FED,1br,inv=-,svc=Low Satisfactory); BANK INDEPENDENT(FED,8br,inv=Low Satisfactory,svc=-)"
660,McKinley,NM,6921,survey-weighted,1,2,Bank of Colorado,7572545,FDIC,Low Satisfactory,High Satisfactory,"Bank of Colorado(FDIC,2br,inv=Low Satisfactory,svc=High Satisfactory)"
663,Macon,IL,6826,survey-weighted,1,2,REGIONS BANK,151314000,FED,-,Low Satisfactory,"REGIONS BANK(FED,2br,inv=-,svc=Low Satisfactory)"
664,Campbell,KY,6813,survey-weighted,1,1,German American Bank,6144423,FDIC,Low Satisfactory,Low Satisfactory,"German American Bank(FDIC,1br,inv=Low Satisfactory,svc=Low Satisfactory)"
666,Lebanon,PA,6769,survey-weighted,1,3,FIRST CITIZENS COMMUNITY BANK,2208830,FED,Low Satisfactory,-,"FIRST CITIZENS COMMUNITY BANK(FED,3br,inv=Low Satisfactory,svc=-)"
667,Rutherford,NC,6766,survey-weighted,1,1,Bank OZK,41606548,FDIC,Outstanding,Low Satisfactory,"Bank OZK(FDIC,1br,inv=Outstanding,svc=Low Satisfactory)"
669,Spalding,GA,6722,survey-weighted,1,4,United Bank,2120294,FDIC,Low Satisfactory,Outstanding,"United Bank(FDIC,4br,inv=Low Satisfactory,svc=Outstanding)"
671,Livingston,MI,6716,survey-weighted,2,10,Bank of Ann Arbor,3150538,FDIC,Low Satisfactory,High Satisfactory,"Bank of Ann Arbor(FDIC,9br,inv=Low Satisfactory,svc=High Satisfactory); CHOICEONE BANK(FED,1br,inv=Low Satisfactory,svc=Low Satisfactory)"
672,Woodbury,IA,6706,survey-weighted,2,10,Great Southern Bank,5723662,FDIC,High Satisfactory,Low Satisfactory,"Great Southern Bank(FDIC,5br,inv=High Satisfactory,svc=Low Satisfactory); CENTRAL BANK(FED,5br,inv=Low Satisfactory,svc=-)"
673,Berkeley,WV,6683,survey-weighted,1,3,Burke & Herbert Bank & Trust Company,3563307,FDIC,Low Satisfactory,High Satisfactory,"Burke & Herbert Bank & Trust Company(FDIC,3br,inv=Low Satisfactory,svc=High Satisfactory)"
674,Tazewell,IL,6678,survey-weighted,2,11,REGIONS BANK,151314000,FED,-,Low Satisfactory,"REGIONS BANK(FED,1br,inv=-,svc=Low Satisfactory); Morton Community Bank(FDIC,10br,inv=High Satisfactory,svc=Low Satisfactory)"
676,Schuylkill,PA,6663,survey-weighted,3,5,Tompkins Community Bank,7842153,FDIC,Low Satisfactory,High Satisfactory,"Tompkins Community Bank(FDIC,1br,inv=Low Satisfactory,svc=High Satisfactory); Burke & Herbert Bank & Trust Company(FDIC,2br,inv=Low Satisfactory,svc=High Satisfactory); FIRST CITIZENS COMMUNITY BANK(FED,2br,inv=Low Satisfactory,svc=-)"
678,Talladega,AL,6645,survey-weighted,1,3,REGIONS BANK,151314000,FED,-,Low Satisfactory,"REGIONS BANK(FED,3br,inv=-,svc=Low Satisfactory)"
680,Riley,KS,6632,survey-weighted,1,2,KS StateBank,2437059,FDIC,Low Satisfactory,High Satisfactory,"KS StateBank(FDIC,2br,inv=Low Satisfactory,svc=High Satisfactory)"
681,Lamar,TX,6597,survey-weighted,1,2,FARMERS BANK & TRUST COMPANY,1621234,FED,Low Satisfactory,Low Satisfactory,"FARMERS BANK & TRUST COMPANY(FED,2br,inv=Low Satisfactory,svc=Low Satisfactory)"
682,Johnson,IN,6589,survey-weighted,4,8,REGIONS BANK,151314000,FED,-,Low Satisfactory,"REGIONS BANK(FED,1br,inv=-,svc=Low Satisfactory); Horizon Bank(FDIC,5br,inv=Low Satisfactory,svc=High Satisfactory); LAKE CITY BANK(FED,1br,inv=Low Satisfactory,svc=-); Union Savings Bank(FDIC,1br,inv=High Satisfactory,svc=Low Satisfactory)"
683,Hanover,VA,6587,survey-weighted,2,4,PRIMIS BANK,3831355,FED,Low Satisfactory,Low Satisfactory,"PRIMIS BANK(FED,3br,inv=Low Satisfactory,svc=Low Satisfactory); FIRST BANK AND TRUST COMPANY THE(FED,1br,inv=Low Satisfactory,svc=Low Satisfactory)"
685,Carter,TN,6570,survey-weighted,1,5,Bank of Tennessee,1875869,FDIC,Low Satisfactory,Low Satisfactory,"Bank of Tennessee(FDIC,5br,inv=Low Satisfactory,svc=Low Satisfactory)"
686,Fayette,PA,6569,survey-weighted,1,9,Somerset Trust Company,2315834,FDIC,Low Satisfactory,High Satisfactory,"Somerset Trust Company(FDIC,9br,inv=Low Satisfactory,svc=High Satisfactory)"
688,McMinn,TN,6539,survey-weighted,1,1,REGIONS BANK,151314000,FED,-,Low Satisfactory,"REGIONS BANK(FED,1br,inv=-,svc=Low Satisfactory)"
689,Winnebago,WI,6483,survey-weighted,2,2,First Business Bank,4082035,FDIC,Outstanding,Low Satisfactory,"First Business Bank(FDIC,1br,inv=Outstanding,svc=Low Satisfactory); North Shore Bank(FDIC,1br,inv=Low Satisfactory,svc=High Satisfactory)"
690,Grafton,NH,6476,survey-weighted,2,12,MASCOMA BANK,2886966,FED,-,Low Satisfactory,"MASCOMA BANK(FED,8br,inv=-,svc=Low Satisfactory); BANK OF NEW HAMPSHIRE(FED,4br,inv=Low Satisfactory,svc=-)"
691,Charles,MD,6450,survey-weighted,1,1,Burke & Herbert Bank & Trust Company,3563307,FDIC,Low Satisfactory,High Satisfactory,"Burke & Herbert Bank & Trust Company(FDIC,1br,inv=Low Satisfactory,svc=High Satisfactory)"
694,Bullitt,KY,6425,survey-weighted,1,1,German American Bank,6144423,FDIC,Low Satisfactory,Low Satisfactory,"German American Bank(FDIC,1br,inv=Low Satisfactory,svc=Low Satisfactory)"
695,Miami,OH,6388,survey-weighted,1,1,Union Savings Bank,3391585,FDIC,High Satisfactory,Low Satisfactory,"Union Savings Bank(FDIC,1br,inv=High Satisfactory,svc=Low Satisfactory)"
696,Hunterdon,NJ,6385,survey-weighted,3,7,PEAPACK-GLADSTONE BANK,5892261,FED,-,Low Satisfactory,"PEAPACK-GLADSTONE BANK(FED,3br,inv=-,svc=Low Satisfactory); Unity Bank(FDIC,3br,inv=Low Satisfactory,svc=High Satisfactory); The Bank of Princeton(FDIC,1br,inv=High Satisfactory,svc=Low Satisfactory)"
697,Lenoir,NC,6372,survey-weighted,1,2,Southern Bank and Trust Company,4758607,FDIC,High Satisfactory,Low Satisfactory,"Southern Bank and Trust Company(FDIC,2br,inv=High Satisfactory,svc=Low Satisfactory)"
698,Boone,KY,6364,survey-weighted,1,1,German American Bank,6144423,FDIC,Low Satisfactory,Low Satisfactory,"German American Bank(FDIC,1br,inv=Low Satisfactory,svc=Low Satisfactory)"
700,Crittenden,AR,6334,survey-weighted,1,3,REGIONS BANK,151314000,FED,-,Low Satisfactory,"REGIONS BANK(FED,3br,inv=-,svc=Low Satisfactory)"
704,Floyd,IN,6307,survey-weighted,1,1,German American Bank,6144423,FDIC,Low Satisfactory,Low Satisfactory,"German American Bank(FDIC,1br,inv=Low Satisfactory,svc=Low Satisfactory)"
705,McCracken,KY,6306,survey-weighted,3,9,REGIONS BANK,151314000,FED,-,Low Satisfactory,"REGIONS BANK(FED,4br,inv=-,svc=Low Satisfactory); INDEPENDENCE BANK OF KENTUCKY(FED,3br,inv=-,svc=Low Satisfactory); Banterra Bank(FDIC,2br,inv=Low Satisfactory,svc=Low Satisfactory)"
706,Bannock,ID,6299,survey-weighted,2,3,D. L. Evans Bank,3071088,FDIC,Low Satisfactory,High Satisfactory,"D. L. Evans Bank(FDIC,2br,inv=Low Satisfactory,svc=High Satisfactory); The Bank of Commerce(FDIC,1br,inv=Low Satisfactory,svc=High Satisfactory)"
707,Chemung,NY,6293,survey-weighted,1,6,CHEMUNG CANAL TRUST COMPANY,2649923,FED,Low Satisfactory,-,"CHEMUNG CANAL TRUST COMPANY(FED,6br,inv=Low Satisfactory,svc=-)"
708,Cabell,WV,6282,survey-weighted,1,3,Burke & Herbert Bank & Trust Company,3563307,FDIC,Low Satisfactory,High Satisfactory,"Burke & Herbert Bank & Trust Company(FDIC,3br,inv=Low Satisfactory,svc=High Satisfactory)"
709,Wagoner,OK,6276,survey-weighted,3,5,BancFirst,9485506,FDIC+FED,High Satisfactory,Low Satisfactory,"BancFirst(FDIC+FED,3br,inv=High Satisfactory,svc=Low Satisfactory); RCB BANK(FED,1br,inv=Low Satisfactory,svc=Low Satisfactory); Armstrong Bank(FDIC,1br,inv=High Satisfactory,svc=Low Satisfactory)"
710,Butler,KS,6272,survey-weighted,2,4,RCB BANK,3899432,FED,Low Satisfactory,Low Satisfactory,"RCB BANK(FED,1br,inv=Low Satisfactory,svc=Low Satisfactory); EQUITY BANK(FED,3br,inv=Low Satisfactory,svc=Low Satisfactory)"
711,Coffee,AL,6262,survey-weighted,2,2,REGIONS BANK,151314000,FED,-,Low Satisfactory,"REGIONS BANK(FED,1br,inv=-,svc=Low Satisfactory); BankPlus(FDIC,1br,inv=Outstanding,svc=Low Satisfactory)"
712,Cherokee,OK,6262,survey-weighted,2,4,BancFirst,9485506,FDIC+FED,High Satisfactory,Low Satisfactory,"BancFirst(FDIC+FED,2br,inv=High Satisfactory,svc=Low Satisfactory); Armstrong Bank(FDIC,2br,inv=High Satisfactory,svc=Low Satisfactory)"
713,Danville city,VA,6253,survey-weighted,1,4,Carter Bank & Trust,4446729,FDIC,Low Satisfactory,High Satisfactory,"Carter Bank & Trust(FDIC,4br,inv=Low Satisfactory,svc=High Satisfactory)"
714,Val Verde,TX,6253,survey-weighted,2,4,TEXAS COMMUNITY BANK,2104571,FED,Low Satisfactory,Needs to Improve,"TEXAS COMMUNITY BANK(FED,2br,inv=Low Satisfactory,svc=Needs to Improve); Falcon International Bank(FDIC,2br,inv=High Satisfactory,svc=Low Satisfactory)"
718,Cole,MO,6202,survey-weighted,2,13,CENTRAL TRUST BANK THE,19551204,FED,Low Satisfactory,-,"CENTRAL TRUST BANK THE(FED,9br,inv=Low Satisfactory,svc=-); Hawthorn Bank(FDIC,4br,inv=High Satisfactory,svc=Low Satisfactory)"
720,Bartow,GA,6172,survey-weighted,2,5,Bank OZK,41606548,FDIC,Outstanding,Low Satisfactory,"Bank OZK(FDIC,3br,inv=Outstanding,svc=Low Satisfactory); Ameris Bank(FDIC,2br,inv=High Satisfactory,svc=Low Satisfactory)"
723,Chittenden,VT,6136,survey-weighted,1,3,MASCOMA BANK,2886966,FED,-,Low Satisfactory,"MASCOMA BANK(FED,3br,inv=-,svc=Low Satisfactory)"
724,Duplin,NC,6112,survey-weighted,1,2,Southern Bank and Trust Company,4758607,FDIC,High Satisfactory,Low Satisfactory,"Southern Bank and Trust Company(FDIC,2br,inv=High Satisfactory,svc=Low Satisfactory)"
725,Chatham,NC,6108,survey-weighted,1,2,The Fidelity Bank,4263695,FDIC,Low Satisfactory,Low Satisfactory,"The Fidelity Bank(FDIC,2br,inv=Low Satisfactory,svc=Low Satisfactory)"
727,Kittitas,WA,6098,survey-weighted,2,3,Cashmere Valley Bank,2008732,FDIC,Low Satisfactory,High Satisfactory,"Cashmere Valley Bank(FDIC,2br,inv=Low Satisfactory,svc=High Satisfactory); Yakima Federal Savings and Loan Association(FDIC,1br,inv=High Satisfactory,svc=Low Satisfactory)"
728,Richland,OH,6093,survey-weighted,1,2,CIVISTA BANK,3006039,FED,-,Low Satisfactory,"CIVISTA BANK(FED,2br,inv=-,svc=Low Satisfactory)"
729,Finney,KS,6090,survey-weighted,1,2,EQUITY BANK,3862184,FED,Low Satisfactory,Low Satisfactory,"EQUITY BANK(FED,2br,inv=Low Satisfactory,svc=Low Satisfactory)"
731,Bolivar,MS,6056,survey-weighted,2,2,REGIONS BANK,151314000,FED,-,Low Satisfactory,"REGIONS BANK(FED,1br,inv=-,svc=Low Satisfactory); BankPlus(FDIC,1br,inv=Outstanding,svc=Low Satisfactory)"
732,Rockwall,TX,6042,survey-weighted,2,2,CENTENNIAL BANK,22808174,FED,-,Low Satisfactory,"CENTENNIAL BANK(FED,1br,inv=-,svc=Low Satisfactory); b1BANK(FDIC,1br,inv=Low Satisfactory,svc=Low Satisfactory)"
733,Columbia,FL,6041,survey-weighted,1,1,Ameris Bank,23591556,FDIC,High Satisfactory,Low Satisfactory,"Ameris Bank(FDIC,1br,inv=High Satisfactory,svc=Low Satisfactory)"
735,Camden,GA,6024,survey-weighted,1,2,Ameris Bank,23591556,FDIC,High Satisfactory,Low Satisfactory,"Ameris Bank(FDIC,2br,inv=High Satisfactory,svc=Low Satisfactory)"
736,Wicomico,MD,6005,survey-weighted,1,7,Burke & Herbert Bank & Trust Company,3563307,FDIC,Low Satisfactory,High Satisfactory,"Burke & Herbert Bank & Trust Company(FDIC,7br,inv=Low Satisfactory,svc=High Satisfactory)"
737,Fauquier,VA,6005,survey-weighted,1,1,Burke & Herbert Bank & Trust Company,3563307,FDIC,Low Satisfactory,High Satisfactory,"Burke & Herbert Bank & Trust Company(FDIC,1br,inv=Low Satisfactory,svc=High Satisfactory)"
738,Colquitt,GA,5989,survey-weighted,2,5,Ameris Bank,23591556,FDIC,High Satisfactory,Low Satisfactory,"Ameris Bank(FDIC,4br,inv=High Satisfactory,svc=Low Satisfactory); Colony Bank(FDIC,1br,inv=Low Satisfactory,svc=High Satisfactory)"
741,Monroe,FL,5961,survey-weighted,1,8,CENTENNIAL BANK,22808174,FED,-,Low Satisfactory,"CENTENNIAL BANK(FED,8br,inv=-,svc=Low Satisfactory)"
743,Granville,NC,5940,survey-weighted,1,1,The Fidelity Bank,4263695,FDIC,Low Satisfactory,Low Satisfactory,"The Fidelity Bank(FDIC,1br,inv=Low Satisfactory,svc=Low Satisfactory)"
744,Berkshire,MA,5936,survey-weighted,1,13,BROOKLINE BANK,4966140,FED,Low Satisfactory,Low Satisfactory,"BROOKLINE BANK(FED,13br,inv=Low Satisfactory,svc=Low Satisfactory)"
745,Roanoke,VA,5929,survey-weighted,5,10,Carter Bank & Trust,4446729,FDIC,Low Satisfactory,High Satisfactory,"Carter Bank & Trust(FDIC,2br,inv=Low Satisfactory,svc=High Satisfactory); Carter Bank & Trust(FDIC,2br,inv=Low Satisfactory,svc=High Satisfactory); HOMETRUST BANK(FED,3br,inv=Low Satisfactory,svc=Low Satisfactory); HOMETRUST BANK(FED,2br,inv=Low Satisfactory,svc=Low Satisfactory); FIRST BANK AND TRUST COMPANY THE(FED,1br,inv=Low Satisfactory,svc=Low Satisfactory)"
746,Bedford,TN,5926,survey-weighted,2,2,REGIONS BANK,151314000,FED,-,Low Satisfactory,"REGIONS BANK(FED,1br,inv=-,svc=Low Satisfactory); Citizens Bank of Lafayette(FDIC,1br,inv=High Satisfactory,svc=Low Satisfactory)"
748,Rockdale,GA,5914,survey-weighted,2,2,Bank OZK,41606548,FDIC,Outstanding,Low Satisfactory,"Bank OZK(FDIC,1br,inv=Outstanding,svc=Low Satisfactory); Ameris Bank(FDIC,1br,inv=High Satisfactory,svc=Low Satisfactory)"
749,Otero,NM,5883,survey-weighted,1,1,First American Bank,1779138,FDIC,Outstanding,Low Satisfactory,"First American Bank(FDIC,1br,inv=Outstanding,svc=Low Satisfactory)"
750,Russell,AL,5867,survey-weighted,1,2,REGIONS BANK,151314000,FED,-,Low Satisfactory,"REGIONS BANK(FED,2br,inv=-,svc=Low Satisfactory)"
751,Putnam,NY,5862,survey-weighted,2,7,Tompkins Community Bank,7842153,FDIC,Low Satisfactory,High Satisfactory,"Tompkins Community Bank(FDIC,4br,inv=Low Satisfactory,svc=High Satisfactory); BROOKLINE BANK(FED,3br,inv=Low Satisfactory,svc=Low Satisfactory)"
752,Alexandria city,VA,5841,survey-weighted,1,4,Burke & Herbert Bank & Trust Company,3563307,FDIC,Low Satisfactory,High Satisfactory,"Burke & Herbert Bank & Trust Company(FDIC,4br,inv=Low Satisfactory,svc=High Satisfactory)"
753,Sampson,NC,5821,survey-weighted,1,3,Southern Bank and Trust Company,4758607,FDIC,High Satisfactory,Low Satisfactory,"Southern Bank and Trust Company(FDIC,3br,inv=High Satisfactory,svc=Low Satisfactory)"
754,Platte,MO,5808,survey-weighted,3,8,CENTRAL TRUST BANK THE,19551204,FED,Low Satisfactory,-,"CENTRAL TRUST BANK THE(FED,5br,inv=Low Satisfactory,svc=-); EQUITY BANK(FED,1br,inv=Low Satisfactory,svc=Low Satisfactory); Security Bank of Kansas City(FDIC,2br,inv=Low Satisfactory,svc=High Satisfactory)"
755,Howard,IN,5807,survey-weighted,2,7,Horizon Bank,7621571,FDIC,Low Satisfactory,High Satisfactory,"Horizon Bank(FDIC,1br,inv=Low Satisfactory,svc=High Satisfactory); FIRST FARMERS BANK & TRUST CO.(FED,6br,inv=Low Satisfactory,svc=-)"
756,Maverick,TX,5806,survey-weighted,1,2,Falcon International Bank,1975494,FDIC,High Satisfactory,Low Satisfactory,"Falcon International Bank(FDIC,2br,inv=High Satisfactory,svc=Low Satisfactory)"
758,Hopkins,KY,5801,survey-weighted,1,2,INDEPENDENCE BANK OF KENTUCKY,3062572,FED,-,Low Satisfactory,"INDEPENDENCE BANK OF KENTUCKY(FED,2br,inv=-,svc=Low Satisfactory)"
759,Pulaski,VA,5783,survey-weighted,3,3,Carter Bank & Trust,4446729,FDIC,Low Satisfactory,High Satisfactory,"Carter Bank & Trust(FDIC,1br,inv=Low Satisfactory,svc=High Satisfactory); FIRST COMMUNITY BANK(FED,1br,inv=-,svc=Low Satisfactory); FIRST BANK AND TRUST COMPANY THE(FED,1br,inv=Low Satisfactory,svc=Low Satisfactory)"
760,Sequoyah,OK,5780,survey-weighted,1,4,Armstrong Bank,2446898,FDIC,High Satisfactory,Low Satisfactory,"Armstrong Bank(FDIC,4br,inv=High Satisfactory,svc=Low Satisfactory)"
761,Walker,AL,5765,survey-weighted,2,2,REGIONS BANK,151314000,FED,-,Low Satisfactory,"REGIONS BANK(FED,1br,inv=-,svc=Low Satisfactory); BANKFIRST FINANCIAL SERVICES(FED,1br,inv=Low Satisfactory,svc=-)"
762,Augusta,VA,5762,survey-weighted,1,1,Burke & Herbert Bank & Trust Company,3563307,FDIC,Low Satisfactory,High Satisfactory,"Burke & Herbert Bank & Trust Company(FDIC,1br,inv=Low Satisfactory,svc=High Satisfactory)"
764,Washington,WI,5758,survey-weighted,3,6,North Shore Bank,2569494,FDIC,Low Satisfactory,High Satisfactory,"North Shore Bank(FDIC,1br,inv=Low Satisfactory,svc=High Satisfactory); WaterStone Bank, SSB(FDIC,1br,inv=High Satisfactory,svc=Low Satisfactory); Bank Five Nine(FDIC,4br,inv=Low Satisfactory,svc=High Satisfactory)"
765,Camden,MO,5745,survey-weighted,2,7,CENTRAL TRUST BANK THE,19551204,FED,Low Satisfactory,-,"CENTRAL TRUST BANK THE(FED,4br,inv=Low Satisfactory,svc=-); Great Southern Bank(FDIC,3br,inv=High Satisfactory,svc=Low Satisfactory)"
768,Hood,TX,5721,survey-weighted,3,3,Prosperity Bank,38274790,FDIC,High Satisfactory,Low Satisfactory,"Prosperity Bank(FDIC,1br,inv=High Satisfactory,svc=Low Satisfactory); PLAINSCAPITAL BANK(FED,1br,inv=-,svc=Low Satisfactory); INTERBANK(FED,1br,inv=Low Satisfactory,svc=-)"
769,Nash,NC,5708,survey-weighted,2,6,Southern Bank and Trust Company,4758607,FDIC,High Satisfactory,Low Satisfactory,"Southern Bank and Trust Company(FDIC,5br,inv=High Satisfactory,svc=Low Satisfactory); FIRST BANK AND TRUST COMPANY THE(FED,1br,inv=Low Satisfactory,svc=Low Satisfactory)"
772,Bryan,OK,5700,survey-weighted,1,2,SIMMONS BANK,26749112,FED,-,Low Satisfactory,"SIMMONS BANK(FED,2br,inv=-,svc=Low Satisfactory)"
773,Dallas,IA,5693,survey-weighted,4,5,CENTRAL BANK,2135960,FED,Low Satisfactory,-,"CENTRAL BANK(FED,1br,inv=Low Satisfactory,svc=-); BANK IOWA(FED,2br,inv=Low Satisfactory,svc=Low Satisfactory); Luana Savings Bank(FDIC,1br,inv=Low Satisfactory,svc=Low Satisfactory); Lincoln Savings Bank(FDIC,1br,inv=Low Satisfactory,svc=Low Satisfactory)"
774,Watauga,NC,5692,survey-weighted,2,2,FIRST COMMUNITY BANK,3213604,FED,-,Low Satisfactory,"FIRST COMMUNITY BANK(FED,1br,inv=-,svc=Low Satisfactory); Bank of Tennessee(FDIC,1br,inv=Low Satisfactory,svc=Low Satisfactory)"
778,Chaves,NM,5683,survey-weighted,1,2,First American Bank,1779138,FDIC,Outstanding,Low Satisfactory,"First American Bank(FDIC,2br,inv=Outstanding,svc=Low Satisfactory)"
779,Greene,AR,5656,survey-weighted,2,4,SIMMONS BANK,26749112,FED,-,Low Satisfactory,"SIMMONS BANK(FED,1br,inv=-,svc=Low Satisfactory); CENTENNIAL BANK(FED,3br,inv=-,svc=Low Satisfactory)"
780,Oktibbeha,MS,5631,survey-weighted,4,5,REGIONS BANK,151314000,FED,-,Low Satisfactory,"REGIONS BANK(FED,1br,inv=-,svc=Low Satisfactory); BankPlus(FDIC,1br,inv=Outstanding,svc=Low Satisfactory); Community Bank of Mississippi(FDIC,1br,inv=Low Satisfactory,svc=High Satisfactory); BANKFIRST FINANCIAL SERVICES(FED,2br,inv=Low Satisfactory,svc=-)"
781,Clallam,WA,5631,survey-weighted,3,12,Heritage Bank,7233406,FDIC,High Satisfactory,Low Satisfactory,"Heritage Bank(FDIC,2br,inv=High Satisfactory,svc=Low Satisfactory); 1st Security Bank of Washington(FDIC,2br,inv=Outstanding,svc=Low Satisfactory); First Fed Bank(FDIC,8br,inv=Low Satisfactory,svc=High Satisfactory)"
784,Otsego,NY,5602,survey-weighted,1,2,Wayne Bank,2366498,FDIC,High Satisfactory,Low Satisfactory,"Wayne Bank(FDIC,2br,inv=High Satisfactory,svc=Low Satisfactory)"
785,St. Martin Parish,LA,5601,survey-weighted,1,2,b1BANK,5531431,FDIC,Low Satisfactory,Low Satisfactory,"b1BANK(FDIC,2br,inv=Low Satisfactory,svc=Low Satisfactory)"
786,Thomas,GA,5590,survey-weighted,2,2,Ameris Bank,23591556,FDIC,High Satisfactory,Low Satisfactory,"Ameris Bank(FDIC,1br,inv=High Satisfactory,svc=Low Satisfactory); Colony Bank(FDIC,1br,inv=Low Satisfactory,svc=High Satisfactory)"
787,Lawrence,TN,5588,survey-weighted,1,3,FIRST FARMERS AND MERCHANTS BANK,1763096,FED,Low Satisfactory,Low Satisfactory,"FIRST FARMERS AND MERCHANTS BANK(FED,3br,inv=Low Satisfactory,svc=Low Satisfactory)"
788,Aransas,TX,5582,survey-weighted,1,2,Prosperity Bank,38274790,FDIC,High Satisfactory,Low Satisfactory,"Prosperity Bank(FDIC,2br,inv=High Satisfactory,svc=Low Satisfactory)"
794,Columbia,NY,5519,survey-weighted,1,1,BROOKLINE BANK,4966140,FED,Low Satisfactory,Low Satisfactory,"BROOKLINE BANK(FED,1br,inv=Low Satisfactory,svc=Low Satisfactory)"
796,Kauai,HI,5509,survey-weighted,1,1,Bank of Hope,18082905,FDIC,High Satisfactory,Low Satisfactory,"Bank of Hope(FDIC,1br,inv=High Satisfactory,svc=Low Satisfactory)"
797,Gordon,GA,5491,survey-weighted,1,1,Bank OZK,41606548,FDIC,Outstanding,Low Satisfactory,"Bank OZK(FDIC,1br,inv=Outstanding,svc=Low Satisfactory)"
801,Miami,IN,5478,survey-weighted,1,3,FIRST FARMERS BANK & TRUST CO.,2298100,FED,Low Satisfactory,-,"FIRST FARMERS BANK & TRUST CO.(FED,3br,inv=Low Satisfactory,svc=-)"
802,Cowlitz,WA,5476,survey-weighted,1,1,Heritage Bank,7233406,FDIC,High Satisfactory,Low Satisfactory,"Heritage Bank(FDIC,1br,inv=High Satisfactory,svc=Low Satisfactory)"
803,Midland,MI,5472,survey-weighted,1,2,Horizon Bank,7621571,FDIC,Low Satisfactory,High Satisfactory,"Horizon Bank(FDIC,2br,inv=Low Satisfactory,svc=High Satisfactory)"
804,Henry,VA,5471,survey-weighted,1,5,Carter Bank & Trust,4446729,FDIC,Low Satisfactory,High Satisfactory,"Carter Bank & Trust(FDIC,5br,inv=Low Satisfactory,svc=High Satisfactory)"
805,St. Clair,AL,5469,survey-weighted,1,1,REGIONS BANK,151314000,FED,-,Low Satisfactory,"REGIONS BANK(FED,1br,inv=-,svc=Low Satisfactory)"
806,Cass,MO,5466,survey-weighted,3,5,CENTRAL TRUST BANK THE,19551204,FED,Low Satisfactory,-,"CENTRAL TRUST BANK THE(FED,1br,inv=Low Satisfactory,svc=-); NBH BANK(FED,1br,inv=-,svc=Low Satisfactory); Hawthorn Bank(FDIC,3br,inv=High Satisfactory,svc=Low Satisfactory)"
808,St. Joseph,MI,5433,survey-weighted,1,1,Horizon Bank,7621571,FDIC,Low Satisfactory,High Satisfactory,"Horizon Bank(FDIC,1br,inv=Low Satisfactory,svc=High Satisfactory)"
809,Vermilion,IL,5427,survey-weighted,1,2,FIRST FARMERS BANK & TRUST CO.,2298100,FED,Low Satisfactory,-,"FIRST FARMERS BANK & TRUST CO.(FED,2br,inv=Low Satisfactory,svc=-)"
810,Newton,GA,5421,survey-weighted,3,3,The Fidelity Bank,4263695,FDIC,Low Satisfactory,Low Satisfactory,"The Fidelity Bank(FDIC,1br,inv=Low Satisfactory,svc=Low Satisfactory); Pinnacle Bank(FDIC,1br,inv=Low Satisfactory,svc=High Satisfactory); United Bank(FDIC,1br,inv=Low Satisfactory,svc=Outstanding)"
811,Franklin,NC,5417,survey-weighted,1,1,Carter Bank & Trust,4446729,FDIC,Low Satisfactory,High Satisfactory,"Carter Bank & Trust(FDIC,1br,inv=Low Satisfactory,svc=High Satisfactory)"
812,Anderson,TN,5413,survey-weighted,1,1,REGIONS BANK,151314000,FED,-,Low Satisfactory,"REGIONS BANK(FED,1br,inv=-,svc=Low Satisfactory)"
813,Wilson,TX,5411,survey-weighted,1,1,THIRD COAST BANK,4650798,FED,Low Satisfactory,Low Satisfactory,"THIRD COAST BANK(FED,1br,inv=Low Satisfactory,svc=Low Satisfactory)"
814,Atascosa,TX,5401,survey-weighted,1,1,Prosperity Bank,38274790,FDIC,High Satisfactory,Low Satisfactory,"Prosperity Bank(FDIC,1br,inv=High Satisfactory,svc=Low Satisfactory)"
815,Kankakee,IL,5374,survey-weighted,2,9,MIDLAND STATES BANK,7782095,FED,Low Satisfactory,Low Satisfactory,"MIDLAND STATES BANK(FED,8br,inv=Low Satisfactory,svc=Low Satisfactory); First American Bank(FDIC,1br,inv=Low Satisfactory,svc=Low Satisfactory)"
816,Stone,MO,5368,survey-weighted,3,5,SIMMONS BANK,26749112,FED,-,Low Satisfactory,"SIMMONS BANK(FED,2br,inv=-,svc=Low Satisfactory); CENTRAL TRUST BANK THE(FED,1br,inv=Low Satisfactory,svc=-); Great Southern Bank(FDIC,2br,inv=High Satisfactory,svc=Low Satisfactory)"
817,Raleigh,WV,5354,survey-weighted,2,4,Burke & Herbert Bank & Trust Company,3563307,FDIC,Low Satisfactory,High Satisfactory,"Burke & Herbert Bank & Trust Company(FDIC,2br,inv=Low Satisfactory,svc=High Satisfactory); FIRST COMMUNITY BANK(FED,2br,inv=-,svc=Low Satisfactory)"
818,Crow Wing,MN,5352,survey-weighted,1,5,FIRST WESTERN BANK AND TRUST,2208449,FED,Low Satisfactory,Low Satisfactory,"FIRST WESTERN BANK AND TRUST(FED,5br,inv=Low Satisfactory,svc=Low Satisfactory)"
819,Baxter,AR,5345,survey-weighted,4,8,Bank OZK,41606548,FDIC,Outstanding,Low Satisfactory,"Bank OZK(FDIC,2br,inv=Outstanding,svc=Low Satisfactory); CENTENNIAL BANK(FED,1br,inv=-,svc=Low Satisfactory); First Community Bank(FDIC,1br,inv=High Satisfactory,svc=Low Satisfactory); FARMERS & MERCHANTS BANK THE(FED,4br,inv=Low Satisfactory,svc=-)"
820,Tipton,TN,5341,survey-weighted,2,3,REGIONS BANK,151314000,FED,-,Low Satisfactory,"REGIONS BANK(FED,2br,inv=-,svc=Low Satisfactory); SIMMONS BANK(FED,1br,inv=-,svc=Low Satisfactory)"
822,Whitley,KY,5315,survey-weighted,1,1,COMMERCIAL BANK,2238247,FED,Low Satisfactory,Low Satisfactory,"COMMERCIAL BANK(FED,1br,inv=Low Satisfactory,svc=Low Satisfactory)"
823,Anderson,TX,5303,survey-weighted,1,1,Prosperity Bank,38274790,FDIC,High Satisfactory,Low Satisfactory,"Prosperity Bank(FDIC,1br,inv=High Satisfactory,svc=Low Satisfactory)"
824,Bowie,TX,5282,survey-weighted,4,6,REGIONS BANK,151314000,FED,-,Low Satisfactory,"REGIONS BANK(FED,1br,inv=-,svc=Low Satisfactory); Bank OZK(FDIC,1br,inv=Outstanding,svc=Low Satisfactory); SIMMONS BANK(FED,1br,inv=-,svc=Low Satisfactory); FARMERS BANK & TRUST COMPANY(FED,3br,inv=Low Satisfactory,svc=Low Satisfactory)"
825,Lewis,WA,5275,survey-weighted,1,3,Timberland Bank,1906715,FDIC,High Satisfactory,Low Satisfactory,"Timberland Bank(FDIC,3br,inv=High Satisfactory,svc=Low Satisfactory)"
826,Warren,TN,5267,survey-weighted,1,1,REGIONS BANK,151314000,FED,-,Low Satisfactory,"REGIONS BANK(FED,1br,inv=-,svc=Low Satisfactory)"
827,Spotsylvania,VA,5264,survey-weighted,2,4,Carter Bank & Trust,4446729,FDIC,Low Satisfactory,High Satisfactory,"Carter Bank & Trust(FDIC,2br,inv=Low Satisfactory,svc=High Satisfactory); Burke & Herbert Bank & Trust Company(FDIC,2br,inv=Low Satisfactory,svc=High Satisfactory)"
828,Weakley,TN,5263,survey-weighted,2,4,REGIONS BANK,151314000,FED,-,Low Satisfactory,"REGIONS BANK(FED,1br,inv=-,svc=Low Satisfactory); SIMMONS BANK(FED,3br,inv=-,svc=Low Satisfactory)"
831,Washington,VA,5256,survey-weighted,3,9,FIRST COMMUNITY BANK,3213604,FED,-,Low Satisfactory,"FIRST COMMUNITY BANK(FED,3br,inv=-,svc=Low Satisfactory); FIRST BANK AND TRUST COMPANY THE(FED,3br,inv=Low Satisfactory,svc=Low Satisfactory); BANK OF MARION THE(FED,3br,inv=Low Satisfactory,svc=-)"
832,Walker,TX,5249,survey-weighted,1,2,Prosperity Bank,38274790,FDIC,High Satisfactory,Low Satisfactory,"Prosperity Bank(FDIC,2br,inv=High Satisfactory,svc=Low Satisfactory)"
834,Matagorda,TX,5241,survey-weighted,1,2,Prosperity Bank,38274790,FDIC,High Satisfactory,Low Satisfactory,"Prosperity Bank(FDIC,2br,inv=High Satisfactory,svc=Low Satisfactory)"
835,Franklin,KY,5231,survey-weighted,2,4,INDEPENDENCE BANK OF KENTUCKY,3062572,FED,-,Low Satisfactory,"INDEPENDENCE BANK OF KENTUCKY(FED,2br,inv=-,svc=Low Satisfactory); Traditional Bank, Inc.(FDIC,2br,inv=Low Satisfactory,svc=High Satisfactory)"
837,Union,AR,5199,survey-weighted,1,3,SIMMONS BANK,26749112,FED,-,Low Satisfactory,"SIMMONS BANK(FED,3br,inv=-,svc=Low Satisfactory)"
839,Christian,MO,5182,survey-weighted,5,12,REGIONS BANK,151314000,FED,-,Low Satisfactory,"REGIONS BANK(FED,1br,inv=-,svc=Low Satisfactory); SIMMONS BANK(FED,2br,inv=-,svc=Low Satisfactory); CENTRAL TRUST BANK THE(FED,4br,inv=Low Satisfactory,svc=-); Great Southern Bank(FDIC,4br,inv=High Satisfactory,svc=Low Satisfactory); The Bank of Missouri(FDIC,1br,inv=Low Satisfactory,svc=High Satisfactory)"
841,Worcester,MD,5147,survey-weighted,1,1,Burke & Herbert Bank & Trust Company,3563307,FDIC,Low Satisfactory,High Satisfactory,"Burke & Herbert Bank & Trust Company(FDIC,1br,inv=Low Satisfactory,svc=High Satisfactory)"
843,Lee,NC,5143,survey-weighted,1,1,The Fidelity Bank,4263695,FDIC,Low Satisfactory,Low Satisfactory,"The Fidelity Bank(FDIC,1br,inv=Low Satisfactory,svc=Low Satisfactory)"
844,Clay,MN,5142,survey-weighted,1,1,First International Bank & Trust,4876751,FDIC,Low Satisfactory,Low Satisfactory,"First International Bank & Trust(FDIC,1br,inv=Low Satisfactory,svc=Low Satisfactory)"
847,Lafayette,MS,5129,survey-weighted,4,7,REGIONS BANK,151314000,FED,-,Low Satisfactory,"REGIONS BANK(FED,2br,inv=-,svc=Low Satisfactory); ORIGIN BANK(FED,1br,inv=Low Satisfactory,svc=Low Satisfactory); BankPlus(FDIC,1br,inv=Outstanding,svc=Low Satisfactory); BANKFIRST FINANCIAL SERVICES(FED,3br,inv=Low Satisfactory,svc=-)"
849,Hot Spring,AR,5103,survey-weighted,2,4,Bank OZK,41606548,FDIC,Outstanding,Low Satisfactory,"Bank OZK(FDIC,2br,inv=Outstanding,svc=Low Satisfactory); FARMERS BANK & TRUST COMPANY(FED,2br,inv=Low Satisfactory,svc=Low Satisfactory)"
850,Franklin,AL,5087,survey-weighted,1,3,BANK INDEPENDENT,2814773,FED,Low Satisfactory,-,"BANK INDEPENDENT(FED,3br,inv=Low Satisfactory,svc=-)"
851,Jasper,TX,5082,survey-weighted,1,3,Prosperity Bank,38274790,FDIC,High Satisfactory,Low Satisfactory,"Prosperity Bank(FDIC,3br,inv=High Satisfactory,svc=Low Satisfactory)"
852,Van Zandt,TX,5081,survey-weighted,1,1,Prosperity Bank,38274790,FDIC,High Satisfactory,Low Satisfactory,"Prosperity Bank(FDIC,1br,inv=High Satisfactory,svc=Low Satisfactory)"
853,Newton,MO,5075,survey-weighted,2,6,Great Southern Bank,5723662,FDIC,High Satisfactory,Low Satisfactory,"Great Southern Bank(FDIC,3br,inv=High Satisfactory,svc=Low Satisfactory); First Community Bank(FDIC,3br,inv=High Satisfactory,svc=Low Satisfactory)"
855,Sullivan,NY,5068,survey-weighted,1,5,Wayne Bank,2366498,FDIC,High Satisfactory,Low Satisfactory,"Wayne Bank(FDIC,5br,inv=High Satisfactory,svc=Low Satisfactory)"
857,Kerr,TX,5061,survey-weighted,4,8,Prosperity Bank,38274790,FDIC,High Satisfactory,Low Satisfactory,"Prosperity Bank(FDIC,2br,inv=High Satisfactory,svc=Low Satisfactory); CENTENNIAL BANK(FED,2br,inv=-,svc=Low Satisfactory); TEXAS REGIONAL BANK(FED,1br,inv=Low Satisfactory,svc=-); Security State Bank & Trust(FDIC,3br,inv=Low Satisfactory,svc=High Satisfactory)"
858,Carter,OK,5054,survey-weighted,3,5,SIMMONS BANK,26749112,FED,-,Low Satisfactory,"SIMMONS BANK(FED,1br,inv=-,svc=Low Satisfactory); BancFirst(FDIC+FED,3br,inv=High Satisfactory,svc=Low Satisfactory); International Bank of Commerce(FDIC,1br,inv=Outstanding,svc=Low Satisfactory)"
860,Lincoln,OR,5050,survey-weighted,1,2,1st Security Bank of Washington,2632273,FDIC,Outstanding,Low Satisfactory,"1st Security Bank of Washington(FDIC,2br,inv=Outstanding,svc=Low Satisfactory)"
862,Stafford,VA,5038,survey-weighted,1,3,Carter Bank & Trust,4446729,FDIC,Low Satisfactory,High Satisfactory,"Carter Bank & Trust(FDIC,3br,inv=Low Satisfactory,svc=High Satisfactory)"
863,Pike,MS,5028,survey-weighted,1,2,REGIONS BANK,151314000,FED,-,Low Satisfactory,"REGIONS BANK(FED,2br,inv=-,svc=Low Satisfactory)"
864,Muskogee,OK,5021,survey-weighted,2,6,BancFirst,9485506,FDIC+FED,High Satisfactory,Low Satisfactory,"BancFirst(FDIC+FED,2br,inv=High Satisfactory,svc=Low Satisfactory); Armstrong Bank(FDIC,4br,inv=High Satisfactory,svc=Low Satisfactory)"
867,Laurel,KY,5009,survey-weighted,1,5,COMMERCIAL BANK,2238247,FED,Low Satisfactory,Low Satisfactory,"COMMERCIAL BANK(FED,5br,inv=Low Satisfactory,svc=Low Satisfactory)"
868,Sauk,WI,5007,survey-weighted,1,1,Lake Ridge Bank,3178632,FDIC,High Satisfactory,Low Satisfactory,"Lake Ridge Bank(FDIC,1br,inv=High Satisfactory,svc=Low Satisfactory)"
870,Barrow,GA,5001,survey-weighted,2,8,Bank OZK,41606548,FDIC,Outstanding,Low Satisfactory,"Bank OZK(FDIC,5br,inv=Outstanding,svc=Low Satisfactory); Ameris Bank(FDIC,3br,inv=High Satisfactory,svc=Low Satisfactory)"
872,Huron,OH,4977,survey-weighted,1,5,CIVISTA BANK,3006039,FED,-,Low Satisfactory,"CIVISTA BANK(FED,5br,inv=-,svc=Low Satisfactory)"
874,Garfield,OK,4971,survey-weighted,2,2,INTERBANK,4193164,FED,Low Satisfactory,-,"INTERBANK(FED,1br,inv=Low Satisfactory,svc=-); EQUITY BANK(FED,1br,inv=Low Satisfactory,svc=Low Satisfactory)"
881,Lincoln Parish,LA,4936,survey-weighted,3,8,ORIGIN BANK,9882221,FED,Low Satisfactory,Low Satisfactory,"ORIGIN BANK(FED,6br,inv=Low Satisfactory,svc=Low Satisfactory); b1BANK(FDIC,1br,inv=Low Satisfactory,svc=Low Satisfactory); First Guaranty Bank(FDIC,1br,inv=Low Satisfactory,svc=Low Satisfactory)"
884,Burnet,TX,4916,survey-weighted,2,2,Prosperity Bank,38274790,FDIC,High Satisfactory,Low Satisfactory,"Prosperity Bank(FDIC,1br,inv=High Satisfactory,svc=Low Satisfactory); Security State Bank & Trust(FDIC,1br,inv=Low Satisfactory,svc=High Satisfactory)"
885,Reno,KS,4915,survey-weighted,2,5,SIMMONS BANK,26749112,FED,-,Low Satisfactory,"SIMMONS BANK(FED,1br,inv=-,svc=Low Satisfactory); RCB BANK(FED,4br,inv=Low Satisfactory,svc=Low Satisfactory)"
887,Erath,TX,4904,survey-weighted,2,5,INTERBANK,4193164,FED,Low Satisfactory,-,"INTERBANK(FED,4br,inv=Low Satisfactory,svc=-); City Bank(FDIC,1br,inv=Low Satisfactory,svc=Low Satisfactory)"
889,Barren,KY,4888,survey-weighted,2,7,German American Bank,6144423,FDIC,Low Satisfactory,Low Satisfactory,"German American Bank(FDIC,1br,inv=Low Satisfactory,svc=Low Satisfactory); South Central Bank,  Inc.(FDIC,6br,inv=Low Satisfactory,svc=Low Satisfactory)"
890,Ross,OH,4876,survey-weighted,1,1,Union Savings Bank,3391585,FDIC,High Satisfactory,Low Satisfactory,"Union Savings Bank(FDIC,1br,inv=High Satisfactory,svc=Low Satisfactory)"
891,Harlan,KY,4872,survey-weighted,1,2,COMMERCIAL BANK,2238247,FED,Low Satisfactory,Low Satisfactory,"COMMERCIAL BANK(FED,2br,inv=Low Satisfactory,svc=Low Satisfactory)"
892,Knox,KY,4872,survey-weighted,1,4,COMMERCIAL BANK,2238247,FED,Low Satisfactory,Low Satisfactory,"COMMERCIAL BANK(FED,4br,inv=Low Satisfactory,svc=Low Satisfactory)"
894,Troup,GA,4848,survey-weighted,1,1,Colony Bank,3091464,FDIC,Low Satisfactory,High Satisfactory,"Colony Bank(FDIC,1br,inv=Low Satisfactory,svc=High Satisfactory)"
895,Wharton,TX,4838,survey-weighted,1,5,Prosperity Bank,38274790,FDIC,High Satisfactory,Low Satisfactory,"Prosperity Bank(FDIC,5br,inv=High Satisfactory,svc=Low Satisfactory)"
897,Pontotoc,OK,4823,survey-weighted,1,1,SIMMONS BANK,26749112,FED,-,Low Satisfactory,"SIMMONS BANK(FED,1br,inv=-,svc=Low Satisfactory)"
898,Allegany,NY,4810,survey-weighted,1,1,FIRST CITIZENS COMMUNITY BANK,2208830,FED,Low Satisfactory,-,"FIRST CITIZENS COMMUNITY BANK(FED,1br,inv=Low Satisfactory,svc=-)"
899,Harrisonburg city,VA,4794,survey-weighted,2,2,Burke & Herbert Bank & Trust Company,3563307,FDIC,Low Satisfactory,High Satisfactory,"Burke & Herbert Bank & Trust Company(FDIC,1br,inv=Low Satisfactory,svc=High Satisfactory); FIRST BANK AND TRUST COMPANY THE(FED,1br,inv=Low Satisfactory,svc=Low Satisfactory)"
900,Somerset,PA,4790,survey-weighted,2,14,Somerset Trust Company,2315834,FDIC,Low Satisfactory,High Satisfactory,"Somerset Trust Company(FDIC,10br,inv=Low Satisfactory,svc=High Satisfactory); AMERISERV FINANCIAL BANK(FED,4br,inv=Low Satisfactory,svc=Low Satisfactory)"
901,Cherokee,TX,4786,survey-weighted,1,2,Prosperity Bank,38274790,FDIC,High Satisfactory,Low Satisfactory,"Prosperity Bank(FDIC,2br,inv=High Satisfactory,svc=Low Satisfactory)"
902,Rusk,TX,4786,survey-weighted,1,1,ORIGIN BANK,9882221,FED,Low Satisfactory,Low Satisfactory,"ORIGIN BANK(FED,1br,inv=Low Satisfactory,svc=Low Satisfactory)"
903,Dyer,TN,4784,survey-weighted,1,2,SIMMONS BANK,26749112,FED,-,Low Satisfactory,"SIMMONS BANK(FED,2br,inv=-,svc=Low Satisfactory)"
904,Obion,TN,4784,survey-weighted,1,3,SIMMONS BANK,26749112,FED,-,Low Satisfactory,"SIMMONS BANK(FED,3br,inv=-,svc=Low Satisfactory)"
905,Delaware,OK,4780,survey-weighted,2,2,BancFirst,9485506,FDIC+FED,High Satisfactory,Low Satisfactory,"BancFirst(FDIC+FED,1br,inv=High Satisfactory,svc=Low Satisfactory); RCB BANK(FED,1br,inv=Low Satisfactory,svc=Low Satisfactory)"
907,Poinsett,AR,4730,survey-weighted,2,2,SIMMONS BANK,26749112,FED,-,Low Satisfactory,"SIMMONS BANK(FED,1br,inv=-,svc=Low Satisfactory); First Community Bank(FDIC,1br,inv=High Satisfactory,svc=Low Satisfactory)"
909,Coffee,TN,4726,survey-weighted,2,3,SMARTBANK,4606198,FED,Low Satisfactory,Low Satisfactory,"SMARTBANK(FED,1br,inv=Low Satisfactory,svc=Low Satisfactory); Citizens Bank of Lafayette(FDIC,2br,inv=High Satisfactory,svc=Low Satisfactory)"
911,Henderson,KY,4724,survey-weighted,2,3,German American Bank,6144423,FDIC,Low Satisfactory,Low Satisfactory,"German American Bank(FDIC,1br,inv=Low Satisfactory,svc=Low Satisfactory); INDEPENDENCE BANK OF KENTUCKY(FED,2br,inv=-,svc=Low Satisfactory)"
912,Allegany,MD,4724,survey-weighted,1,2,Somerset Trust Company,2315834,FDIC,Low Satisfactory,High Satisfactory,"Somerset Trust Company(FDIC,2br,inv=Low Satisfactory,svc=High Satisfactory)"
914,Jackson,GA,4723,survey-weighted,3,4,REGIONS BANK,151314000,FED,-,Low Satisfactory,"REGIONS BANK(FED,2br,inv=-,svc=Low Satisfactory); Bank OZK(FDIC,1br,inv=Outstanding,svc=Low Satisfactory); Pinnacle Bank(FDIC,1br,inv=Low Satisfactory,svc=High Satisfactory)"
915,Sunflower,MS,4710,survey-weighted,1,1,Community Bank of Mississippi,4608467,FDIC,Low Satisfactory,High Satisfactory,"Community Bank of Mississippi(FDIC,1br,inv=Low Satisfactory,svc=High Satisfactory)"
917,Pottawatomie,OK,4697,survey-weighted,2,6,BancFirst,9485506,FDIC+FED,High Satisfactory,Low Satisfactory,"BancFirst(FDIC+FED,5br,inv=High Satisfactory,svc=Low Satisfactory); International Bank of Commerce(FDIC,1br,inv=Outstanding,svc=Low Satisfactory)"
918,Howell,MO,4696,survey-weighted,2,4,SIMMONS BANK,26749112,FED,-,Low Satisfactory,"SIMMONS BANK(FED,3br,inv=-,svc=Low Satisfactory); Great Southern Bank(FDIC,1br,inv=High Satisfactory,svc=Low Satisfactory)"
919,Oldham,KY,4686,survey-weighted,1,1,German American Bank,6144423,FDIC,Low Satisfactory,Low Satisfactory,"German American Bank(FDIC,1br,inv=Low Satisfactory,svc=Low Satisfactory)"
921,Warren,MS,4672,survey-weighted,1,1,REGIONS BANK,151314000,FED,-,Low Satisfactory,"REGIONS BANK(FED,1br,inv=-,svc=Low Satisfactory)"
923,Autauga,AL,4664,survey-weighted,1,1,REGIONS BANK,151314000,FED,-,Low Satisfactory,"REGIONS BANK(FED,1br,inv=-,svc=Low Satisfactory)"
925,Lapeer,MI,4654,survey-weighted,1,8,CHOICEONE BANK,2724240,FED,Low Satisfactory,Low Satisfactory,"CHOICEONE BANK(FED,8br,inv=Low Satisfactory,svc=Low Satisfactory)"
927,Dougherty,GA,4635,survey-weighted,3,5,REGIONS BANK,151314000,FED,-,Low Satisfactory,"REGIONS BANK(FED,3br,inv=-,svc=Low Satisfactory); Ameris Bank(FDIC,1br,inv=High Satisfactory,svc=Low Satisfactory); Colony Bank(FDIC,1br,inv=Low Satisfactory,svc=High Satisfactory)"
928,Gibson,TN,4631,survey-weighted,2,2,REGIONS BANK,151314000,FED,-,Low Satisfactory,"REGIONS BANK(FED,1br,inv=-,svc=Low Satisfactory); SIMMONS BANK(FED,1br,inv=-,svc=Low Satisfactory)"
929,Madison,ID,4628,survey-weighted,2,3,D. L. Evans Bank,3071088,FDIC,Low Satisfactory,High Satisfactory,"D. L. Evans Bank(FDIC,1br,inv=Low Satisfactory,svc=High Satisfactory); The Bank of Commerce(FDIC,2br,inv=Low Satisfactory,svc=High Satisfactory)"
931,Lincoln,SD,4600,survey-weighted,2,3,FIRST PREMIER BANK,3503723,FED,Low Satisfactory,-,"FIRST PREMIER BANK(FED,1br,inv=Low Satisfactory,svc=-); CENTRAL BANK(FED,2br,inv=Low Satisfactory,svc=-)"
934,Bartholomew,IN,4588,survey-weighted,3,6,Horizon Bank,7621571,FDIC,Low Satisfactory,High Satisfactory,"Horizon Bank(FDIC,1br,inv=Low Satisfactory,svc=High Satisfactory); German American Bank(FDIC,4br,inv=Low Satisfactory,svc=Low Satisfactory); Union Savings Bank(FDIC,1br,inv=High Satisfactory,svc=Low Satisfactory)"
938,Campbell,VA,4575,survey-weighted,1,1,Carter Bank & Trust,4446729,FDIC,Low Satisfactory,High Satisfactory,"Carter Bank & Trust(FDIC,1br,inv=Low Satisfactory,svc=High Satisfactory)"
939,Giles,TN,4572,survey-weighted,1,1,FIRST FARMERS AND MERCHANTS BANK,1763096,FED,Low Satisfactory,Low Satisfactory,"FIRST FARMERS AND MERCHANTS BANK(FED,1br,inv=Low Satisfactory,svc=Low Satisfactory)"
940,Adams,MS,4571,survey-weighted,1,3,REGIONS BANK,151314000,FED,-,Low Satisfactory,"REGIONS BANK(FED,3br,inv=-,svc=Low Satisfactory)"
941,Lincoln,MS,4571,survey-weighted,3,4,Bank OZK,41606548,FDIC,Outstanding,Low Satisfactory,"Bank OZK(FDIC,1br,inv=Outstanding,svc=Low Satisfactory); BankPlus(FDIC,2br,inv=Outstanding,svc=Low Satisfactory); BANKFIRST FINANCIAL SERVICES(FED,1br,inv=Low Satisfactory,svc=-)"
942,Medina,TX,4570,survey-weighted,1,1,American Momentum Bank,2579369,FDIC,High Satisfactory,Low Satisfactory,"American Momentum Bank(FDIC,1br,inv=High Satisfactory,svc=Low Satisfactory)"
945,Bee,TX,4567,survey-weighted,2,2,Prosperity Bank,38274790,FDIC,High Satisfactory,Low Satisfactory,"Prosperity Bank(FDIC,1br,inv=High Satisfactory,svc=Low Satisfactory); SIMMONS BANK(FED,1br,inv=-,svc=Low Satisfactory)"
946,Hoke,NC,4560,survey-weighted,1,1,The Fidelity Bank,4263695,FDIC,Low Satisfactory,Low Satisfactory,"The Fidelity Bank(FDIC,1br,inv=Low Satisfactory,svc=Low Satisfactory)"
948,Island,WA,4537,survey-weighted,2,7,Heritage Bank,7233406,FDIC,High Satisfactory,Low Satisfactory,"Heritage Bank(FDIC,5br,inv=High Satisfactory,svc=Low Satisfactory); Peoples Bank(FDIC,2br,inv=High Satisfactory,svc=Low Satisfactory)"
950,Grays Harbor,WA,4526,survey-weighted,2,12,1st Security Bank of Washington,2632273,FDIC,Outstanding,Low Satisfactory,"1st Security Bank of Washington(FDIC,6br,inv=Outstanding,svc=Low Satisfactory); Timberland Bank(FDIC,6br,inv=High Satisfactory,svc=Low Satisfactory)"
951,Burleigh,ND,4525,survey-weighted,3,7,First International Bank & Trust,4876751,FDIC,Low Satisfactory,Low Satisfactory,"First International Bank & Trust(FDIC,1br,inv=Low Satisfactory,svc=Low Satisfactory); FIRST WESTERN BANK AND TRUST(FED,2br,inv=Low Satisfactory,svc=Low Satisfactory); Starion Bank(FDIC,4br,inv=Low Satisfactory,svc=Low Satisfactory)"
953,Fayette,TN,4520,survey-weighted,1,1,REGIONS BANK,151314000,FED,-,Low Satisfactory,"REGIONS BANK(FED,1br,inv=-,svc=Low Satisfactory)"
955,Cooke,TX,4513,survey-weighted,3,7,Prosperity Bank,38274790,FDIC,High Satisfactory,Low Satisfactory,"Prosperity Bank(FDIC,2br,inv=High Satisfactory,svc=Low Satisfactory); SIMMONS BANK(FED,1br,inv=-,svc=Low Satisfactory); FIRST STATE BANK(FED,4br,inv=Needs to Improve,svc=-)"
958,Mecosta,MI,4508,survey-weighted,1,1,Horizon Bank,7621571,FDIC,Low Satisfactory,High Satisfactory,"Horizon Bank(FDIC,1br,inv=Low Satisfactory,svc=High Satisfactory)"
960,Columbia,PA,4473,survey-weighted,1,5,First Keystone Community Bank,1308680,FDIC,Low Satisfactory,Low Satisfactory,"First Keystone Community Bank(FDIC,5br,inv=Low Satisfactory,svc=Low Satisfactory)"
964,Overton,TN,4462,survey-weighted,1,1,Citizens Bank of Lafayette,1659215,FDIC,High Satisfactory,Low Satisfactory,"Citizens Bank of Lafayette(FDIC,1br,inv=High Satisfactory,svc=Low Satisfactory)"
965,Mercer,WV,4461,survey-weighted,2,10,Burke & Herbert Bank & Trust Company,3563307,FDIC,Low Satisfactory,High Satisfactory,"Burke & Herbert Bank & Trust Company(FDIC,4br,inv=Low Satisfactory,svc=High Satisfactory); FIRST COMMUNITY BANK(FED,6br,inv=-,svc=Low Satisfactory)"
967,Johnson,MO,4459,survey-weighted,2,4,CENTRAL TRUST BANK THE,19551204,FED,Low Satisfactory,-,"CENTRAL TRUST BANK THE(FED,2br,inv=Low Satisfactory,svc=-); EQUITY BANK(FED,2br,inv=Low Satisfactory,svc=Low Satisfactory)"
970,Waller,TX,4435,survey-weighted,1,2,Prosperity Bank,38274790,FDIC,High Satisfactory,Low Satisfactory,"Prosperity Bank(FDIC,2br,inv=High Satisfactory,svc=Low Satisfactory)"
971,Mississippi,AR,4434,survey-weighted,1,1,REGIONS BANK,151314000,FED,-,Low Satisfactory,"REGIONS BANK(FED,1br,inv=-,svc=Low Satisfactory)"
972,Pike,PA,4415,survey-weighted,1,2,Wayne Bank,2366498,FDIC,High Satisfactory,Low Satisfactory,"Wayne Bank(FDIC,2br,inv=High Satisfactory,svc=Low Satisfactory)"
974,Cocke,TN,4404,survey-weighted,1,2,COMMERCIAL BANK,2238247,FED,Low Satisfactory,Low Satisfactory,"COMMERCIAL BANK(FED,2br,inv=Low Satisfactory,svc=Low Satisfactory)"
975,Coffee,GA,4400,survey-weighted,2,4,Ameris Bank,23591556,FDIC,High Satisfactory,Low Satisfactory,"Ameris Bank(FDIC,2br,inv=High Satisfactory,svc=Low Satisfactory); Colony Bank(FDIC,2br,inv=Low Satisfactory,svc=High Satisfactory)"
980,Wabash,IN,4382,survey-weighted,1,1,FIRST FARMERS BANK & TRUST CO.,2298100,FED,Low Satisfactory,-,"FIRST FARMERS BANK & TRUST CO.(FED,1br,inv=Low Satisfactory,svc=-)"
983,Skagit,WA,4366,survey-weighted,2,7,Heritage Bank,7233406,FDIC,High Satisfactory,Low Satisfactory,"Heritage Bank(FDIC,3br,inv=High Satisfactory,svc=Low Satisfactory); Peoples Bank(FDIC,4br,inv=High Satisfactory,svc=Low Satisfactory)"
985,Wood,TX,4355,survey-weighted,2,4,Prosperity Bank,38274790,FDIC,High Satisfactory,Low Satisfactory,"Prosperity Bank(FDIC,1br,inv=High Satisfactory,svc=Low Satisfactory); ORIGIN BANK(FED,3br,inv=Low Satisfactory,svc=Low Satisfactory)"
986,Cape May,NJ,4355,survey-weighted,1,1,UNIVEST BANK AND TRUST CO.,6892885,FED,-,Low Satisfactory,"UNIVEST BANK AND TRUST CO.(FED,1br,inv=-,svc=Low Satisfactory)"
987,Logan,OK,4355,survey-weighted,3,5,BancFirst,9485506,FDIC+FED,High Satisfactory,Low Satisfactory,"BancFirst(FDIC+FED,2br,inv=High Satisfactory,svc=Low Satisfactory); INTERBANK(FED,2br,inv=Low Satisfactory,svc=-); International Bank of Commerce(FDIC,1br,inv=Outstanding,svc=Low Satisfactory)"
989,Washington,OK,4340,survey-weighted,3,4,BancFirst,9485506,FDIC+FED,High Satisfactory,Low Satisfactory,"BancFirst(FDIC+FED,2br,inv=High Satisfactory,svc=Low Satisfactory); RCB BANK(FED,1br,inv=Low Satisfactory,svc=Low Satisfactory); Armstrong Bank(FDIC,1br,inv=High Satisfactory,svc=Low Satisfactory)"
990,Roane,TN,4331,survey-weighted,1,1,SIMMONS BANK,26749112,FED,-,Low Satisfactory,"SIMMONS BANK(FED,1br,inv=-,svc=Low Satisfactory)"
991,Coahoma,MS,4319,survey-weighted,1,1,REGIONS BANK,151314000,FED,-,Low Satisfactory,"REGIONS BANK(FED,1br,inv=-,svc=Low Satisfactory)"
992,Cayuga,NY,4318,survey-weighted,2,3,Tompkins Community Bank,7842153,FDIC,Low Satisfactory,High Satisfactory,"Tompkins Community Bank(FDIC,1br,inv=Low Satisfactory,svc=High Satisfactory); CHEMUNG CANAL TRUST COMPANY(FED,2br,inv=Low Satisfactory,svc=-)"
993,Marshall,IN,4304,survey-weighted,2,4,LAKE CITY BANK,6412535,FED,Low Satisfactory,-,"LAKE CITY BANK(FED,3br,inv=Low Satisfactory,svc=-); FIRST FARMERS BANK & TRUST CO.(FED,1br,inv=Low Satisfactory,svc=-)"
994,Caldwell,TX,4299,survey-weighted,1,1,Bank OZK,41606548,FDIC,Outstanding,Low Satisfactory,"Bank OZK(FDIC,1br,inv=Outstanding,svc=Low Satisfactory)"
995,Scott,MO,4298,survey-weighted,2,2,REGIONS BANK,151314000,FED,-,Low Satisfactory,"REGIONS BANK(FED,1br,inv=-,svc=Low Satisfactory); The Bank of Missouri(FDIC,1br,inv=Low Satisfactory,svc=High Satisfactory)"
996,Hardin,TX,4296,survey-weighted,1,2,Prosperity Bank,38274790,FDIC,High Satisfactory,Low Satisfactory,"Prosperity Bank(FDIC,2br,inv=High Satisfactory,svc=Low Satisfactory)"
997,Tift,GA,4293,survey-weighted,2,5,Ameris Bank,23591556,FDIC,High Satisfactory,Low Satisfactory,"Ameris Bank(FDIC,4br,inv=High Satisfactory,svc=Low Satisfactory); Colony Bank(FDIC,1br,inv=Low Satisfactory,svc=High Satisfactory)"
998,Geary,KS,4291,survey-weighted,1,1,KS StateBank,2437059,FDIC,Low Satisfactory,High Satisfactory,"KS StateBank(FDIC,1br,inv=Low Satisfactory,svc=High Satisfactory)"
1000,Pittsburg,OK,4283,survey-weighted,1,2,BancFirst,9485506,FDIC+FED,High Satisfactory,Low Satisfactory,"BancFirst(FDIC+FED,2br,inv=High Satisfactory,svc=Low Satisfactory)"
1001,Beaufort,NC,4276,survey-weighted,1,1,Southern Bank and Trust Company,4758607,FDIC,High Satisfactory,Low Satisfactory,"Southern Bank and Trust Company(FDIC,1br,inv=High Satisfactory,svc=Low Satisfactory)"
1002,Carroll,AR,4276,survey-weighted,1,2,EQUITY BANK,3862184,FED,Low Satisfactory,Low Satisfactory,"EQUITY BANK(FED,2br,inv=Low Satisfactory,svc=Low Satisfactory)"
1003,Saline,KS,4273,survey-weighted,1,2,EQUITY BANK,3862184,FED,Low Satisfactory,Low Satisfactory,"EQUITY BANK(FED,2br,inv=Low Satisfactory,svc=Low Satisfactory)"
1006,Newport,RI,4238,survey-weighted,2,10,BROOKLINE BANK,4966140,FED,Low Satisfactory,Low Satisfactory,"BROOKLINE BANK(FED,4br,inv=Low Satisfactory,svc=Low Satisfactory); BANKNEWPORT(FED,6br,inv=Low Satisfactory,svc=-)"
1007,Morgan,IN,4237,survey-weighted,1,1,REGIONS BANK,151314000,FED,-,Low Satisfactory,"REGIONS BANK(FED,1br,inv=-,svc=Low Satisfactory)"
1008,Grady,OK,4227,survey-weighted,2,2,SIMMONS BANK,26749112,FED,-,Low Satisfactory,"SIMMONS BANK(FED,1br,inv=-,svc=Low Satisfactory); International Bank of Commerce(FDIC,1br,inv=Outstanding,svc=Low Satisfactory)"
1009,Ozaukee,WI,4223,survey-weighted,2,4,North Shore Bank,2569494,FDIC,Low Satisfactory,High Satisfactory,"North Shore Bank(FDIC,2br,inv=Low Satisfactory,svc=High Satisfactory); Bank Five Nine(FDIC,2br,inv=Low Satisfactory,svc=High Satisfactory)"
1012,Robertson,TN,4217,survey-weighted,2,2,REGIONS BANK,151314000,FED,-,Low Satisfactory,"REGIONS BANK(FED,1br,inv=-,svc=Low Satisfactory); SIMMONS BANK(FED,1br,inv=-,svc=Low Satisfactory)"
1015,Fremont,WY,4194,survey-weighted,1,1,NBH BANK,6948775,FED,-,Low Satisfactory,"NBH BANK(FED,1br,inv=-,svc=Low Satisfactory)"
1016,Richmond,NC,4180,survey-weighted,1,1,The Fidelity Bank,4263695,FDIC,Low Satisfactory,Low Satisfactory,"The Fidelity Bank(FDIC,1br,inv=Low Satisfactory,svc=Low Satisfactory)"
1017,Wise,TX,4171,survey-weighted,2,2,Prosperity Bank,38274790,FDIC,High Satisfactory,Low Satisfactory,"Prosperity Bank(FDIC,1br,inv=High Satisfactory,svc=Low Satisfactory); FIRST STATE BANK(FED,1br,inv=Needs to Improve,svc=-)"
1020,Manassas city,VA,4166,survey-weighted,1,2,Burke & Herbert Bank & Trust Company,3563307,FDIC,Low Satisfactory,High Satisfactory,"Burke & Herbert Bank & Trust Company(FDIC,2br,inv=Low Satisfactory,svc=High Satisfactory)"
1022,Tuolumne,CA,4154,MODELED,1,1,Bank of Stockton,4320510,FDIC,Low Satisfactory,High Satisfactory,"Bank of Stockton(FDIC,1br,inv=Low Satisfactory,svc=High Satisfactory)"
1027,Dearborn,IN,4148,survey-weighted,1,5,CIVISTA BANK,3006039,FED,-,Low Satisfactory,"CIVISTA BANK(FED,5br,inv=-,svc=Low Satisfactory)"
1031,Habersham,GA,4128,survey-weighted,3,4,REGIONS BANK,151314000,FED,-,Low Satisfactory,"REGIONS BANK(FED,1br,inv=-,svc=Low Satisfactory); Bank OZK(FDIC,1br,inv=Outstanding,svc=Low Satisfactory); Pinnacle Bank(FDIC,2br,inv=Low Satisfactory,svc=High Satisfactory)"
1036,Navarro,TX,4107,survey-weighted,1,3,Prosperity Bank,38274790,FDIC,High Satisfactory,Low Satisfactory,"Prosperity Bank(FDIC,3br,inv=High Satisfactory,svc=Low Satisfactory)"
1037,Mason,WA,4095,survey-weighted,1,2,Heritage Bank,7233406,FDIC,High Satisfactory,Low Satisfactory,"Heritage Bank(FDIC,2br,inv=High Satisfactory,svc=Low Satisfactory)"
1039,Palo Pinto,TX,4087,survey-weighted,1,2,SIMMONS BANK,26749112,FED,-,Low Satisfactory,"SIMMONS BANK(FED,2br,inv=-,svc=Low Satisfactory)"
1040,LaSalle,IL,4084,survey-weighted,1,4,MIDLAND STATES BANK,7782095,FED,Low Satisfactory,Low Satisfactory,"MIDLAND STATES BANK(FED,4br,inv=Low Satisfactory,svc=Low Satisfactory)"
1043,Vance,NC,4062,survey-weighted,1,1,Carter Bank & Trust,4446729,FDIC,Low Satisfactory,High Satisfactory,"Carter Bank & Trust(FDIC,1br,inv=Low Satisfactory,svc=High Satisfactory)"
1044,Butler,MO,4060,survey-weighted,1,1,The Bank of Missouri,2963315,FDIC,Low Satisfactory,High Satisfactory,"The Bank of Missouri(FDIC,1br,inv=Low Satisfactory,svc=High Satisfactory)"
1045,Chattooga,GA,4057,survey-weighted,1,1,REGIONS BANK,151314000,FED,-,Low Satisfactory,"REGIONS BANK(FED,1br,inv=-,svc=Low Satisfactory)"
1046,Bingham,ID,4049,survey-weighted,2,3,D. L. Evans Bank,3071088,FDIC,Low Satisfactory,High Satisfactory,"D. L. Evans Bank(FDIC,1br,inv=Low Satisfactory,svc=High Satisfactory); The Bank of Commerce(FDIC,2br,inv=Low Satisfactory,svc=High Satisfactory)"
1048,Cowley,KS,4039,survey-weighted,1,7,RCB BANK,3899432,FED,Low Satisfactory,Low Satisfactory,"RCB BANK(FED,7br,inv=Low Satisfactory,svc=Low Satisfactory)"
1050,Osage,OK,4030,survey-weighted,2,3,BancFirst,9485506,FDIC+FED,High Satisfactory,Low Satisfactory,"BancFirst(FDIC+FED,1br,inv=High Satisfactory,svc=Low Satisfactory); RCB BANK(FED,2br,inv=Low Satisfactory,svc=Low Satisfactory)"
1053,Juneau,WI,4011,survey-weighted,1,2,ONE COMMUNITY BANK,2181049,FED,Low Satisfactory,Needs to Improve,"ONE COMMUNITY BANK(FED,2br,inv=Low Satisfactory,svc=Needs to Improve)"
1054,Bell,KY,3986,survey-weighted,1,2,COMMERCIAL BANK,2238247,FED,Low Satisfactory,Low Satisfactory,"COMMERCIAL BANK(FED,2br,inv=Low Satisfactory,svc=Low Satisfactory)"
1056,Crawford,KS,3966,survey-weighted,1,1,EQUITY BANK,3862184,FED,Low Satisfactory,Low Satisfactory,"EQUITY BANK(FED,1br,inv=Low Satisfactory,svc=Low Satisfactory)"
1057,Warren,NJ,3964,survey-weighted,1,2,Unity Bank,2431532,FDIC,Low Satisfactory,High Satisfactory,"Unity Bank(FDIC,2br,inv=Low Satisfactory,svc=High Satisfactory)"
1060,Oconee,GA,3955,survey-weighted,2,2,Bank OZK,41606548,FDIC,Outstanding,Low Satisfactory,"Bank OZK(FDIC,1br,inv=Outstanding,svc=Low Satisfactory); Pinnacle Bank(FDIC,1br,inv=Low Satisfactory,svc=High Satisfactory)"
1061,Dare,NC,3947,survey-weighted,1,3,Southern Bank and Trust Company,4758607,FDIC,High Satisfactory,Low Satisfactory,"Southern Bank and Trust Company(FDIC,3br,inv=High Satisfactory,svc=Low Satisfactory)"
1070,Barton,KS,3908,survey-weighted,1,1,EQUITY BANK,3862184,FED,Low Satisfactory,Low Satisfactory,"EQUITY BANK(FED,1br,inv=Low Satisfactory,svc=Low Satisfactory)"
1072,Union,PA,3900,survey-weighted,2,4,Citizens & Northern Bank,2311213,FDIC,Low Satisfactory,Low Satisfactory,"Citizens & Northern Bank(FDIC,3br,inv=Low Satisfactory,svc=Low Satisfactory); FIRST CITIZENS COMMUNITY BANK(FED,1br,inv=Low Satisfactory,svc=-)"
1075,Halifax,NC,3861,survey-weighted,1,2,Southern Bank and Trust Company,4758607,FDIC,High Satisfactory,Low Satisfactory,"Southern Bank and Trust Company(FDIC,2br,inv=High Satisfactory,svc=Low Satisfactory)"
1076,Claiborne,TN,3857,survey-weighted,1,5,COMMERCIAL BANK,2238247,FED,Low Satisfactory,Low Satisfactory,"COMMERCIAL BANK(FED,5br,inv=Low Satisfactory,svc=Low Satisfactory)"
1077,Jefferson,WV,3856,survey-weighted,1,1,Burke & Herbert Bank & Trust Company,3563307,FDIC,Low Satisfactory,High Satisfactory,"Burke & Herbert Bank & Trust Company(FDIC,1br,inv=Low Satisfactory,svc=High Satisfactory)"
1084,Fayette,GA,3830,survey-weighted,2,4,Ameris Bank,23591556,FDIC,High Satisfactory,Low Satisfactory,"Ameris Bank(FDIC,3br,inv=High Satisfactory,svc=Low Satisfactory); Colony Bank(FDIC,1br,inv=Low Satisfactory,svc=High Satisfactory)"
1085,Herkimer,NY,3817,survey-weighted,1,2,BROOKLINE BANK,4966140,FED,Low Satisfactory,Low Satisfactory,"BROOKLINE BANK(FED,2br,inv=Low Satisfactory,svc=Low Satisfactory)"
1086,Callaway,MO,3790,survey-weighted,1,4,CENTRAL TRUST BANK THE,19551204,FED,Low Satisfactory,-,"CENTRAL TRUST BANK THE(FED,4br,inv=Low Satisfactory,svc=-)"
1088,Haralson,GA,3773,survey-weighted,1,3,Bank OZK,41606548,FDIC,Outstanding,Low Satisfactory,"Bank OZK(FDIC,3br,inv=Outstanding,svc=Low Satisfactory)"
1089,Polk,GA,3773,survey-weighted,1,2,Colony Bank,3091464,FDIC,Low Satisfactory,High Satisfactory,"Colony Bank(FDIC,2br,inv=Low Satisfactory,svc=High Satisfactory)"
1090,Noble,IN,3763,survey-weighted,2,4,Horizon Bank,7621571,FDIC,Low Satisfactory,High Satisfactory,"Horizon Bank(FDIC,1br,inv=Low Satisfactory,svc=High Satisfactory); LAKE CITY BANK(FED,3br,inv=Low Satisfactory,svc=-)"
1091,Monroe,MS,3761,survey-weighted,1,2,Community Bank of Mississippi,4608467,FDIC,Low Satisfactory,High Satisfactory,"Community Bank of Mississippi(FDIC,2br,inv=Low Satisfactory,svc=High Satisfactory)"
1092,Toombs,GA,3757,survey-weighted,1,2,Ameris Bank,23591556,FDIC,High Satisfactory,Low Satisfactory,"Ameris Bank(FDIC,2br,inv=High Satisfactory,svc=Low Satisfactory)"
1093,Texas,MO,3757,survey-weighted,1,2,SIMMONS BANK,26749112,FED,-,Low Satisfactory,"SIMMONS BANK(FED,2br,inv=-,svc=Low Satisfactory)"
1094,Hart,GA,3753,survey-weighted,1,1,Pinnacle Bank,2130759,FDIC,Low Satisfactory,High Satisfactory,"Pinnacle Bank(FDIC,1br,inv=Low Satisfactory,svc=High Satisfactory)"
1095,Shelby,KY,3749,survey-weighted,3,6,German American Bank,6144423,FDIC,Low Satisfactory,Low Satisfactory,"German American Bank(FDIC,4br,inv=Low Satisfactory,svc=Low Satisfactory); INDEPENDENCE BANK OF KENTUCKY(FED,1br,inv=-,svc=Low Satisfactory); Traditional Bank, Inc.(FDIC,1br,inv=Low Satisfactory,svc=High Satisfactory)"
1097,Blaine,ID,3742,survey-weighted,1,3,D. L. Evans Bank,3071088,FDIC,Low Satisfactory,High Satisfactory,"D. L. Evans Bank(FDIC,3br,inv=Low Satisfactory,svc=High Satisfactory)"
1098,Boone,AR,3741,survey-weighted,3,6,Bank OZK,41606548,FDIC,Outstanding,Low Satisfactory,"Bank OZK(FDIC,2br,inv=Outstanding,svc=Low Satisfactory); EQUITY BANK(FED,2br,inv=Low Satisfactory,svc=Low Satisfactory); First Community Bank(FDIC,2br,inv=High Satisfactory,svc=Low Satisfactory)"
1103,Tate,MS,3702,survey-weighted,1,3,BANKFIRST FINANCIAL SERVICES,2666230,FED,Low Satisfactory,-,"BANKFIRST FINANCIAL SERVICES(FED,3br,inv=Low Satisfactory,svc=-)"
1104,De Soto Parish,LA,3702,survey-weighted,1,1,Red River Bank,3166822,FDIC,Low Satisfactory,High Satisfactory,"Red River Bank(FDIC,1br,inv=Low Satisfactory,svc=High Satisfactory)"
1108,Mecklenburg,VA,3681,survey-weighted,1,2,Carter Bank & Trust,4446729,FDIC,Low Satisfactory,High Satisfactory,"Carter Bank & Trust(FDIC,2br,inv=Low Satisfactory,svc=High Satisfactory)"
1109,Mayes,OK,3677,survey-weighted,2,5,BancFirst,9485506,FDIC+FED,High Satisfactory,Low Satisfactory,"BancFirst(FDIC+FED,2br,inv=High Satisfactory,svc=Low Satisfactory); RCB BANK(FED,3br,inv=Low Satisfactory,svc=Low Satisfactory)"
1112,Ware,GA,3667,survey-weighted,1,2,Ameris Bank,23591556,FDIC,High Satisfactory,Low Satisfactory,"Ameris Bank(FDIC,2br,inv=High Satisfactory,svc=Low Satisfactory)"
1113,Buffalo,NE,3667,survey-weighted,2,4,CORNERSTONE BANK,2687176,FED,-,Low Satisfactory,"CORNERSTONE BANK(FED,1br,inv=-,svc=Low Satisfactory); FIVE POINTS BANK(FED,3br,inv=Low Satisfactory,svc=-)"
1116,Murray,GA,3661,survey-weighted,1,1,Bank OZK,41606548,FDIC,Outstanding,Low Satisfactory,"Bank OZK(FDIC,1br,inv=Outstanding,svc=Low Satisfactory)"
1117,Warrick,IN,3657,survey-weighted,2,3,German American Bank,6144423,FDIC,Low Satisfactory,Low Satisfactory,"German American Bank(FDIC,1br,inv=Low Satisfactory,svc=Low Satisfactory); Banterra Bank(FDIC,2br,inv=Low Satisfactory,svc=Low Satisfactory)"
1118,Calloway,KY,3651,survey-weighted,2,3,REGIONS BANK,151314000,FED,-,Low Satisfactory,"REGIONS BANK(FED,1br,inv=-,svc=Low Satisfactory); INDEPENDENCE BANK OF KENTUCKY(FED,2br,inv=-,svc=Low Satisfactory)"
1119,Blount,AL,3646,survey-weighted,1,1,REGIONS BANK,151314000,FED,-,Low Satisfactory,"REGIONS BANK(FED,1br,inv=-,svc=Low Satisfactory)"
1123,Jim Wells,TX,3630,survey-weighted,1,1,Prosperity Bank,38274790,FDIC,High Satisfactory,Low Satisfactory,"Prosperity Bank(FDIC,1br,inv=High Satisfactory,svc=Low Satisfactory)"
1124,Arkansas,AR,3628,survey-weighted,1,3,FARMERS & MERCHANTS BANK THE,1852126,FED,Low Satisfactory,-,"FARMERS & MERCHANTS BANK THE(FED,3br,inv=Low Satisfactory,svc=-)"
1125,Haywood,NC,3623,survey-weighted,1,2,HOMETRUST BANK,3409271,FED,Low Satisfactory,Low Satisfactory,"HOMETRUST BANK(FED,2br,inv=Low Satisfactory,svc=Low Satisfactory)"
1126,Chilton,AL,3622,survey-weighted,1,2,REGIONS BANK,151314000,FED,-,Low Satisfactory,"REGIONS BANK(FED,2br,inv=-,svc=Low Satisfactory)"
1130,Codington,SD,3615,survey-weighted,1,3,FIRST PREMIER BANK,3503723,FED,Low Satisfactory,-,"FIRST PREMIER BANK(FED,3br,inv=Low Satisfactory,svc=-)"
1131,Amherst,VA,3609,survey-weighted,1,1,Carter Bank & Trust,4446729,FDIC,Low Satisfactory,High Satisfactory,"Carter Bank & Trust(FDIC,1br,inv=Low Satisfactory,svc=High Satisfactory)"
1132,St. Mary Parish,LA,3605,survey-weighted,1,1,REGIONS BANK,151314000,FED,-,Low Satisfactory,"REGIONS BANK(FED,1br,inv=-,svc=Low Satisfactory)"
1135,Marion,IL,3595,survey-weighted,1,1,MIDLAND STATES BANK,7782095,FED,Low Satisfactory,Low Satisfactory,"MIDLAND STATES BANK(FED,1br,inv=Low Satisfactory,svc=Low Satisfactory)"
1137,Lawrence,IN,3589,survey-weighted,1,1,German American Bank,6144423,FDIC,Low Satisfactory,Low Satisfactory,"German American Bank(FDIC,1br,inv=Low Satisfactory,svc=Low Satisfactory)"
1140,Marshall,TN,3556,survey-weighted,1,1,FIRST FARMERS AND MERCHANTS BANK,1763096,FED,Low Satisfactory,Low Satisfactory,"FIRST FARMERS AND MERCHANTS BANK(FED,1br,inv=Low Satisfactory,svc=Low Satisfactory)"
1141,Adams,PA,3543,survey-weighted,1,10,ACNB Bank,2403350,FDIC,Low Satisfactory,Low Satisfactory,"ACNB Bank(FDIC,10br,inv=Low Satisfactory,svc=Low Satisfactory)"
1142,Boone,IN,3539,survey-weighted,1,1,FIRST FARMERS BANK & TRUST CO.,2298100,FED,Low Satisfactory,-,"FIRST FARMERS BANK & TRUST CO.(FED,1br,inv=Low Satisfactory,svc=-)"
1144,Chambers,TX,3534,survey-weighted,2,4,Prosperity Bank,38274790,FDIC,High Satisfactory,Low Satisfactory,"Prosperity Bank(FDIC,3br,inv=High Satisfactory,svc=Low Satisfactory); TEXAS FIRST BANK(FED,1br,inv=Low Satisfactory,svc=-)"
1145,Cheshire,NH,3530,survey-weighted,1,2,MASCOMA BANK,2886966,FED,-,Low Satisfactory,"MASCOMA BANK(FED,2br,inv=-,svc=Low Satisfactory)"
1146,Fayette,TX,3518,survey-weighted,1,4,Prosperity Bank,38274790,FDIC,High Satisfactory,Low Satisfactory,"Prosperity Bank(FDIC,4br,inv=High Satisfactory,svc=Low Satisfactory)"
1148,Shenandoah,VA,3511,survey-weighted,1,2,FIRST BANK AND TRUST COMPANY THE,3087425,FED,Low Satisfactory,Low Satisfactory,"FIRST BANK AND TRUST COMPANY THE(FED,2br,inv=Low Satisfactory,svc=Low Satisfactory)"
1150,Vernon,WI,3510,survey-weighted,1,3,ONE COMMUNITY BANK,2181049,FED,Low Satisfactory,Needs to Improve,"ONE COMMUNITY BANK(FED,3br,inv=Low Satisfactory,svc=Needs to Improve)"
1151,Upshur,TX,3509,survey-weighted,1,1,Prosperity Bank,38274790,FDIC,High Satisfactory,Low Satisfactory,"Prosperity Bank(FDIC,1br,inv=High Satisfactory,svc=Low Satisfactory)"
1154,Carroll,VA,3504,survey-weighted,2,2,Carter Bank & Trust,4446729,FDIC,Low Satisfactory,High Satisfactory,"Carter Bank & Trust(FDIC,1br,inv=Low Satisfactory,svc=High Satisfactory); FIRST COMMUNITY BANK(FED,1br,inv=-,svc=Low Satisfactory)"
1156,Houston,TX,3499,survey-weighted,1,2,Prosperity Bank,38274790,FDIC,High Satisfactory,Low Satisfactory,"Prosperity Bank(FDIC,2br,inv=High Satisfactory,svc=Low Satisfactory)"
1158,St. John the Baptist Parish,LA,3498,survey-weighted,1,1,REGIONS BANK,151314000,FED,-,Low Satisfactory,"REGIONS BANK(FED,1br,inv=-,svc=Low Satisfactory)"
1159,Pike,AL,3493,survey-weighted,1,1,REGIONS BANK,151314000,FED,-,Low Satisfactory,"REGIONS BANK(FED,1br,inv=-,svc=Low Satisfactory)"
1160,Little River,AR,3483,survey-weighted,1,1,FARMERS BANK & TRUST COMPANY,1621234,FED,Low Satisfactory,Low Satisfactory,"FARMERS BANK & TRUST COMPANY(FED,1br,inv=Low Satisfactory,svc=Low Satisfactory)"
1161,Logan,AR,3483,survey-weighted,2,2,Bank OZK,41606548,FDIC,Outstanding,Low Satisfactory,"Bank OZK(FDIC,1br,inv=Outstanding,svc=Low Satisfactory); FARMERS BANK & TRUST COMPANY(FED,1br,inv=Low Satisfactory,svc=Low Satisfactory)"
1163,St. Bernard Parish,LA,3482,survey-weighted,2,3,REGIONS BANK,151314000,FED,-,Low Satisfactory,"REGIONS BANK(FED,1br,inv=-,svc=Low Satisfactory); Gulf Coast Bank and Trust Company(FDIC,2br,inv=Low Satisfactory,svc=Low Satisfactory)"
1165,Stephens,OK,3475,survey-weighted,2,6,BancFirst,9485506,FDIC+FED,High Satisfactory,Low Satisfactory,"BancFirst(FDIC+FED,5br,inv=High Satisfactory,svc=Low Satisfactory); International Bank of Commerce(FDIC,1br,inv=Outstanding,svc=Low Satisfactory)"
1167,Shiawassee,MI,3467,survey-weighted,2,3,Horizon Bank,7621571,FDIC,Low Satisfactory,High Satisfactory,"Horizon Bank(FDIC,2br,inv=Low Satisfactory,svc=High Satisfactory); CHOICEONE BANK(FED,1br,inv=Low Satisfactory,svc=Low Satisfactory)"
1168,Ouachita,AR,3466,survey-weighted,1,3,FARMERS BANK & TRUST COMPANY,1621234,FED,Low Satisfactory,Low Satisfactory,"FARMERS BANK & TRUST COMPANY(FED,3br,inv=Low Satisfactory,svc=Low Satisfactory)"
1171,Grand Forks,ND,3461,survey-weighted,1,1,First International Bank & Trust,4876751,FDIC,Low Satisfactory,Low Satisfactory,"First International Bank & Trust(FDIC,1br,inv=Low Satisfactory,svc=Low Satisfactory)"
1172,Whiteside,IL,3459,survey-weighted,2,5,MIDLAND STATES BANK,7782095,FED,Low Satisfactory,Low Satisfactory,"MIDLAND STATES BANK(FED,3br,inv=Low Satisfactory,svc=Low Satisfactory); Morton Community Bank(FDIC,2br,inv=High Satisfactory,svc=Low Satisfactory)"
1174,Howard,TX,3436,survey-weighted,1,2,Prosperity Bank,38274790,FDIC,High Satisfactory,Low Satisfactory,"Prosperity Bank(FDIC,2br,inv=High Satisfactory,svc=Low Satisfactory)"
1179,Independence,AR,3402,survey-weighted,2,6,CENTENNIAL BANK,22808174,FED,-,Low Satisfactory,"CENTENNIAL BANK(FED,2br,inv=-,svc=Low Satisfactory); First Community Bank(FDIC,4br,inv=High Satisfactory,svc=Low Satisfactory)"
1180,Clark,AR,3402,survey-weighted,2,3,REGIONS BANK,151314000,FED,-,Low Satisfactory,"REGIONS BANK(FED,1br,inv=-,svc=Low Satisfactory); Bank OZK(FDIC,2br,inv=Outstanding,svc=Low Satisfactory)"
1182,Ottawa,OH,3395,survey-weighted,1,1,CIVISTA BANK,3006039,FED,-,Low Satisfactory,"CIVISTA BANK(FED,1br,inv=-,svc=Low Satisfactory)"
1184,Garfield,CO,3389,survey-weighted,1,2,Bank of Colorado,7572545,FDIC,Low Satisfactory,High Satisfactory,"Bank of Colorado(FDIC,2br,inv=Low Satisfactory,svc=High Satisfactory)"
1185,DeKalb,IN,3387,survey-weighted,2,3,Horizon Bank,7621571,FDIC,Low Satisfactory,High Satisfactory,"Horizon Bank(FDIC,2br,inv=Low Satisfactory,svc=High Satisfactory); LAKE CITY BANK(FED,1br,inv=Low Satisfactory,svc=-)"
1186,LaGrange,IN,3387,survey-weighted,2,3,Horizon Bank,7621571,FDIC,Low Satisfactory,High Satisfactory,"Horizon Bank(FDIC,1br,inv=Low Satisfactory,svc=High Satisfactory); LAKE CITY BANK(FED,2br,inv=Low Satisfactory,svc=-)"
1190,Halifax,VA,3375,survey-weighted,1,2,Carter Bank & Trust,4446729,FDIC,Low Satisfactory,High Satisfactory,"Carter Bank & Trust(FDIC,2br,inv=Low Satisfactory,svc=High Satisfactory)"
1193,Knox,IN,3353,survey-weighted,2,4,REGIONS BANK,151314000,FED,-,Low Satisfactory,"REGIONS BANK(FED,2br,inv=-,svc=Low Satisfactory); German American Bank(FDIC,2br,inv=Low Satisfactory,svc=Low Satisfactory)"
1194,Dickson,TN,3344,survey-weighted,1,1,FIRST FARMERS AND MERCHANTS BANK,1763096,FED,Low Satisfactory,Low Satisfactory,"FIRST FARMERS AND MERCHANTS BANK(FED,1br,inv=Low Satisfactory,svc=Low Satisfactory)"
1195,Newberry,SC,3338,survey-weighted,1,2,First Community Bank,1735147,FDIC,Low Satisfactory,Low Satisfactory,"First Community Bank(FDIC,2br,inv=Low Satisfactory,svc=Low Satisfactory)"
1197,Jones,GA,3333,survey-weighted,1,1,Pinnacle Bank,2130759,FDIC,Low Satisfactory,High Satisfactory,"Pinnacle Bank(FDIC,1br,inv=Low Satisfactory,svc=High Satisfactory)"
1198,Lawrence,MO,3327,survey-weighted,2,2,SIMMONS BANK,26749112,FED,-,Low Satisfactory,"SIMMONS BANK(FED,1br,inv=-,svc=Low Satisfactory); Great Southern Bank(FDIC,1br,inv=High Satisfactory,svc=Low Satisfactory)"
1199,Graves,KY,3319,survey-weighted,2,2,REGIONS BANK,151314000,FED,-,Low Satisfactory,"REGIONS BANK(FED,1br,inv=-,svc=Low Satisfactory); INDEPENDENCE BANK OF KENTUCKY(FED,1br,inv=-,svc=Low Satisfactory)"
1201,Ottawa,OK,3309,survey-weighted,1,1,International Bank of Commerce,1548823,FDIC,Outstanding,Low Satisfactory,"International Bank of Commerce(FDIC,1br,inv=Outstanding,svc=Low Satisfactory)"
1202,Madison,NE,3307,survey-weighted,2,3,EQUITY BANK,3862184,FED,Low Satisfactory,Low Satisfactory,"EQUITY BANK(FED,2br,inv=Low Satisfactory,svc=Low Satisfactory); CORNERSTONE BANK(FED,1br,inv=-,svc=Low Satisfactory)"
1204,Carroll,NH,3305,survey-weighted,1,3,BANK OF NEW HAMPSHIRE,2583718,FED,Low Satisfactory,-,"BANK OF NEW HAMPSHIRE(FED,3br,inv=Low Satisfactory,svc=-)"
1205,Kleberg,TX,3300,survey-weighted,1,1,Prosperity Bank,38274790,FDIC,High Satisfactory,Low Satisfactory,"Prosperity Bank(FDIC,1br,inv=High Satisfactory,svc=Low Satisfactory)"
1206,Suwannee,FL,3296,survey-weighted,1,1,Ameris Bank,23591556,FDIC,High Satisfactory,Low Satisfactory,"Ameris Bank(FDIC,1br,inv=High Satisfactory,svc=Low Satisfactory)"
1207,Jefferson,IL,3295,survey-weighted,1,1,Banterra Bank,2726883,FDIC,Low Satisfactory,Low Satisfactory,"Banterra Bank(FDIC,1br,inv=Low Satisfactory,svc=Low Satisfactory)"
1208,Pickens,GA,3295,survey-weighted,2,2,REGIONS BANK,151314000,FED,-,Low Satisfactory,"REGIONS BANK(FED,1br,inv=-,svc=Low Satisfactory); Bank OZK(FDIC,1br,inv=Outstanding,svc=Low Satisfactory)"
1209,Bradford,PA,3294,survey-weighted,3,17,CHEMUNG CANAL TRUST COMPANY,2649923,FED,Low Satisfactory,-,"CHEMUNG CANAL TRUST COMPANY(FED,2br,inv=Low Satisfactory,svc=-); Citizens & Northern Bank(FDIC,6br,inv=Low Satisfactory,svc=Low Satisfactory); FIRST CITIZENS COMMUNITY BANK(FED,9br,inv=Low Satisfactory,svc=-)"
1210,McCurtain,OK,3288,survey-weighted,1,2,FARMERS BANK & TRUST COMPANY,1621234,FED,Low Satisfactory,Low Satisfactory,"FARMERS BANK & TRUST COMPANY(FED,2br,inv=Low Satisfactory,svc=Low Satisfactory)"
1214,Montgomery,NY,3270,survey-weighted,1,1,BROOKLINE BANK,4966140,FED,Low Satisfactory,Low Satisfactory,"BROOKLINE BANK(FED,1br,inv=Low Satisfactory,svc=Low Satisfactory)"
1215,Logan,WV,3266,survey-weighted,1,1,FIRST COMMUNITY BANK,3213604,FED,-,Low Satisfactory,"FIRST COMMUNITY BANK(FED,1br,inv=-,svc=Low Satisfactory)"
1216,Marion,MS,3256,survey-weighted,1,1,BankPlus,7790270,FDIC,Outstanding,Low Satisfactory,"BankPlus(FDIC,1br,inv=Outstanding,svc=Low Satisfactory)"
1217,Kendall,TX,3253,survey-weighted,4,5,CENTENNIAL BANK,22808174,FED,-,Low Satisfactory,"CENTENNIAL BANK(FED,1br,inv=-,svc=Low Satisfactory); Jefferson Bank(FDIC,1br,inv=Low Satisfactory,svc=Outstanding); TEXAS REGIONAL BANK(FED,1br,inv=Low Satisfactory,svc=-); Security State Bank & Trust(FDIC,2br,inv=Low Satisfactory,svc=High Satisfactory)"
1218,Limestone,AL,3249,survey-weighted,2,4,REGIONS BANK,151314000,FED,-,Low Satisfactory,"REGIONS BANK(FED,1br,inv=-,svc=Low Satisfactory); BANK INDEPENDENT(FED,3br,inv=Low Satisfactory,svc=-)"
1220,Union,MS,3248,survey-weighted,1,1,REGIONS BANK,151314000,FED,-,Low Satisfactory,"REGIONS BANK(FED,1br,inv=-,svc=Low Satisfactory)"
1222,Kendall,IL,3247,survey-weighted,1,2,MIDLAND STATES BANK,7782095,FED,Low Satisfactory,Low Satisfactory,"MIDLAND STATES BANK(FED,2br,inv=Low Satisfactory,svc=Low Satisfactory)"
1224,Livingston,NY,3235,survey-weighted,1,3,Tompkins Community Bank,7842153,FDIC,Low Satisfactory,High Satisfactory,"Tompkins Community Bank(FDIC,3br,inv=Low Satisfactory,svc=High Satisfactory)"
1227,Calaveras,CA,3231,MODELED,1,1,Bank of Stockton,4320510,FDIC,Low Satisfactory,High Satisfactory,"Bank of Stockton(FDIC,1br,inv=Low Satisfactory,svc=High Satisfactory)"
1231,Cerro Gordo,IA,3222,survey-weighted,2,3,BANK IOWA,2117855,FED,Low Satisfactory,Low Satisfactory,"BANK IOWA(FED,1br,inv=Low Satisfactory,svc=Low Satisfactory); FIRST CITIZENS BANK(FED,2br,inv=Low Satisfactory,svc=Low Satisfactory)"
1234,Kay,OK,3217,survey-weighted,3,11,BancFirst,9485506,FDIC+FED,High Satisfactory,Low Satisfactory,"BancFirst(FDIC+FED,2br,inv=High Satisfactory,svc=Low Satisfactory); RCB BANK(FED,5br,inv=Low Satisfactory,svc=Low Satisfactory); EQUITY BANK(FED,4br,inv=Low Satisfactory,svc=Low Satisfactory)"
1235,Lawrence,AL,3207,survey-weighted,1,3,BANK INDEPENDENT,2814773,FED,Low Satisfactory,-,"BANK INDEPENDENT(FED,3br,inv=Low Satisfactory,svc=-)"
1239,Edgecombe,NC,3196,survey-weighted,1,2,Southern Bank and Trust Company,4758607,FDIC,High Satisfactory,Low Satisfactory,"Southern Bank and Trust Company(FDIC,2br,inv=High Satisfactory,svc=Low Satisfactory)"
1240,Lyon,KS,3192,survey-weighted,1,1,EQUITY BANK,3862184,FED,Low Satisfactory,Low Satisfactory,"EQUITY BANK(FED,1br,inv=Low Satisfactory,svc=Low Satisfactory)"
1241,Montgomery,KS,3192,survey-weighted,2,3,RCB BANK,3899432,FED,Low Satisfactory,Low Satisfactory,"RCB BANK(FED,1br,inv=Low Satisfactory,svc=Low Satisfactory); EQUITY BANK(FED,2br,inv=Low Satisfactory,svc=Low Satisfactory)"
1243,Cassia,ID,3176,survey-weighted,2,5,D. L. Evans Bank,3071088,FDIC,Low Satisfactory,High Satisfactory,"D. L. Evans Bank(FDIC,4br,inv=Low Satisfactory,svc=High Satisfactory); The Bank of Commerce(FDIC,1br,inv=Low Satisfactory,svc=High Satisfactory)"
1244,Ashley,AR,3174,survey-weighted,1,1,SIMMONS BANK,26749112,FED,-,Low Satisfactory,"SIMMONS BANK(FED,1br,inv=-,svc=Low Satisfactory)"
1246,Huntington,IN,3172,survey-weighted,2,2,LAKE CITY BANK,6412535,FED,Low Satisfactory,-,"LAKE CITY BANK(FED,1br,inv=Low Satisfactory,svc=-); FIRST FARMERS BANK & TRUST CO.(FED,1br,inv=Low Satisfactory,svc=-)"
1247,Liberty,GA,3172,survey-weighted,1,1,Ameris Bank,23591556,FDIC,High Satisfactory,Low Satisfactory,"Ameris Bank(FDIC,1br,inv=High Satisfactory,svc=Low Satisfactory)"
1249,Upson,GA,3163,survey-weighted,2,3,Colony Bank,3091464,FDIC,Low Satisfactory,High Satisfactory,"Colony Bank(FDIC,1br,inv=Low Satisfactory,svc=High Satisfactory); United Bank(FDIC,2br,inv=Low Satisfactory,svc=Outstanding)"
1251,Laurens,GA,3157,survey-weighted,2,3,Ameris Bank,23591556,FDIC,High Satisfactory,Low Satisfactory,"Ameris Bank(FDIC,1br,inv=High Satisfactory,svc=Low Satisfactory); Pinnacle Bank(FDIC,2br,inv=Low Satisfactory,svc=High Satisfactory)"
1253,Ward,ND,3155,survey-weighted,2,6,First International Bank & Trust,4876751,FDIC,Low Satisfactory,Low Satisfactory,"First International Bank & Trust(FDIC,3br,inv=Low Satisfactory,svc=Low Satisfactory); FIRST WESTERN BANK AND TRUST(FED,3br,inv=Low Satisfactory,svc=Low Satisfactory)"
1254,Avoyelles Parish,LA,3154,survey-weighted,2,5,First Guaranty Bank,3794968,FDIC,Low Satisfactory,Low Satisfactory,"First Guaranty Bank(FDIC,4br,inv=Low Satisfactory,svc=Low Satisfactory); Red River Bank(FDIC,1br,inv=Low Satisfactory,svc=High Satisfactory)"
1255,Jackson,IN,3154,survey-weighted,1,1,German American Bank,6144423,FDIC,Low Satisfactory,Low Satisfactory,"German American Bank(FDIC,1br,inv=Low Satisfactory,svc=Low Satisfactory)"
1257,Smyth,VA,3154,survey-weighted,2,7,FIRST COMMUNITY BANK,3213604,FED,-,Low Satisfactory,"FIRST COMMUNITY BANK(FED,1br,inv=-,svc=Low Satisfactory); BANK OF MARION THE(FED,6br,inv=Low Satisfactory,svc=-)"
1259,Scott,MS,3153,survey-weighted,1,1,Community Bank of Mississippi,4608467,FDIC,Low Satisfactory,High Satisfactory,"Community Bank of Mississippi(FDIC,1br,inv=Low Satisfactory,svc=High Satisfactory)"
1260,Box Elder,UT,3147,survey-weighted,1,2,D. L. Evans Bank,3071088,FDIC,Low Satisfactory,High Satisfactory,"D. L. Evans Bank(FDIC,2br,inv=Low Satisfactory,svc=High Satisfactory)"
1261,Rutland,VT,3132,survey-weighted,1,1,BROOKLINE BANK,4966140,FED,Low Satisfactory,Low Satisfactory,"BROOKLINE BANK(FED,1br,inv=Low Satisfactory,svc=Low Satisfactory)"
1262,Belknap,NH,3131,survey-weighted,1,3,BANK OF NEW HAMPSHIRE,2583718,FED,Low Satisfactory,-,"BANK OF NEW HAMPSHIRE(FED,3br,inv=Low Satisfactory,svc=-)"
1267,Tazewell,VA,3110,survey-weighted,2,5,Burke & Herbert Bank & Trust Company,3563307,FDIC,Low Satisfactory,High Satisfactory,"Burke & Herbert Bank & Trust Company(FDIC,1br,inv=Low Satisfactory,svc=High Satisfactory); FIRST COMMUNITY BANK(FED,4br,inv=-,svc=Low Satisfactory)"
1268,Warren,NY,3105,survey-weighted,2,4,BROOKLINE BANK,4966140,FED,Low Satisfactory,Low Satisfactory,"BROOKLINE BANK(FED,1br,inv=Low Satisfactory,svc=Low Satisfactory); ADIRONDACK TRUST COMPANY THE(FED,3br,inv=Low Satisfactory,svc=Low Satisfactory)"
1270,Williamson,IL,3088,survey-weighted,1,10,Banterra Bank,2726883,FDIC,Low Satisfactory,Low Satisfactory,"Banterra Bank(FDIC,10br,inv=Low Satisfactory,svc=Low Satisfactory)"
1271,Jackson,OK,3079,survey-weighted,1,2,EQUITY BANK,3862184,FED,Low Satisfactory,Low Satisfactory,"EQUITY BANK(FED,2br,inv=Low Satisfactory,svc=Low Satisfactory)"
1272,Perry,PA,3071,survey-weighted,1,1,ORRSTOWN BANK,2780990,FED,Low Satisfactory,Low Satisfactory,"ORRSTOWN BANK(FED,1br,inv=Low Satisfactory,svc=Low Satisfactory)"
1273,Iron,UT,3070,survey-weighted,1,1,Cache Valley Bank,3281738,FDIC,High Satisfactory,Low Satisfactory,"Cache Valley Bank(FDIC,1br,inv=High Satisfactory,svc=Low Satisfactory)"
1274,Cleburne,AR,3062,survey-weighted,1,2,CENTENNIAL BANK,22808174,FED,-,Low Satisfactory,"CENTENNIAL BANK(FED,2br,inv=-,svc=Low Satisfactory)"
1275,Charlottesville city,VA,3059,survey-weighted,1,1,Carter Bank & Trust,4446729,FDIC,Low Satisfactory,High Satisfactory,"Carter Bank & Trust(FDIC,1br,inv=Low Satisfactory,svc=High Satisfactory)"
1276,Webster Parish,LA,3054,survey-weighted,2,3,REGIONS BANK,151314000,FED,-,Low Satisfactory,"REGIONS BANK(FED,1br,inv=-,svc=Low Satisfactory); b1BANK(FDIC,2br,inv=Low Satisfactory,svc=Low Satisfactory)"
1277,Tyler,TX,3049,survey-weighted,1,1,Prosperity Bank,38274790,FDIC,High Satisfactory,Low Satisfactory,"Prosperity Bank(FDIC,1br,inv=High Satisfactory,svc=Low Satisfactory)"
1278,Cass,IN,3042,survey-weighted,2,3,Horizon Bank,7621571,FDIC,Low Satisfactory,High Satisfactory,"Horizon Bank(FDIC,1br,inv=Low Satisfactory,svc=High Satisfactory); FIRST FARMERS BANK & TRUST CO.(FED,2br,inv=Low Satisfactory,svc=-)"
1279,Newaygo,MI,3035,survey-weighted,2,4,Horizon Bank,7621571,FDIC,Low Satisfactory,High Satisfactory,"Horizon Bank(FDIC,1br,inv=Low Satisfactory,svc=High Satisfactory); CHOICEONE BANK(FED,3br,inv=Low Satisfactory,svc=Low Satisfactory)"
1280,Delaware,NY,3034,survey-weighted,1,5,Wayne Bank,2366498,FDIC,High Satisfactory,Low Satisfactory,"Wayne Bank(FDIC,5br,inv=High Satisfactory,svc=Low Satisfactory)"
1281,Columbia,AR,3033,survey-weighted,1,9,FARMERS BANK & TRUST COMPANY,1621234,FED,Low Satisfactory,Low Satisfactory,"FARMERS BANK & TRUST COMPANY(FED,9br,inv=Low Satisfactory,svc=Low Satisfactory)"
1282,Hempstead,AR,3033,survey-weighted,2,3,Bank OZK,41606548,FDIC,Outstanding,Low Satisfactory,"Bank OZK(FDIC,1br,inv=Outstanding,svc=Low Satisfactory); FARMERS BANK & TRUST COMPANY(FED,2br,inv=Low Satisfactory,svc=Low Satisfactory)"
1283,Jefferson Davis Parish,LA,3015,survey-weighted,1,1,First Guaranty Bank,3794968,FDIC,Low Satisfactory,Low Satisfactory,"First Guaranty Bank(FDIC,1br,inv=Low Satisfactory,svc=Low Satisfactory)"
1284,Laclede,MO,3010,survey-weighted,1,1,Great Southern Bank,5723662,FDIC,High Satisfactory,Low Satisfactory,"Great Southern Bank(FDIC,1br,inv=High Satisfactory,svc=Low Satisfactory)"
1285,Tippah,MS,3009,survey-weighted,1,1,REGIONS BANK,151314000,FED,-,Low Satisfactory,"REGIONS BANK(FED,1br,inv=-,svc=Low Satisfactory)"
1287,Wayne,PA,3003,survey-weighted,1,5,Wayne Bank,2366498,FDIC,High Satisfactory,Low Satisfactory,"Wayne Bank(FDIC,5br,inv=High Satisfactory,svc=Low Satisfactory)"
1288,Franklin,GA,3002,survey-weighted,1,3,Pinnacle Bank,2130759,FDIC,Low Satisfactory,High Satisfactory,"Pinnacle Bank(FDIC,3br,inv=Low Satisfactory,svc=High Satisfactory)"
1289,Stephens,GA,3002,survey-weighted,1,1,REGIONS BANK,151314000,FED,-,Low Satisfactory,"REGIONS BANK(FED,1br,inv=-,svc=Low Satisfactory)"
1292,Grimes,TX,2999,survey-weighted,1,1,Prosperity Bank,38274790,FDIC,High Satisfactory,Low Satisfactory,"Prosperity Bank(FDIC,1br,inv=High Satisfactory,svc=Low Satisfactory)"
1294,Glenn,CA,2997,MODELED,1,2,First Northern Bank of Dixon,1903284,FDIC,Low Satisfactory,High Satisfactory,"First Northern Bank of Dixon(FDIC,2br,inv=Low Satisfactory,svc=High Satisfactory)"
1296,Hale,TX,2995,survey-weighted,3,7,Prosperity Bank,38274790,FDIC,High Satisfactory,Low Satisfactory,"Prosperity Bank(FDIC,1br,inv=High Satisfactory,svc=Low Satisfactory); CENTENNIAL BANK(FED,2br,inv=-,svc=Low Satisfactory); First United Bank(FDIC,4br,inv=High Satisfactory,svc=Low Satisfactory)"
1297,Douglas,WA,2995,survey-weighted,2,2,Peoples Bank,2434624,FDIC,High Satisfactory,Low Satisfactory,"Peoples Bank(FDIC,1br,inv=High Satisfactory,svc=Low Satisfactory); Cashmere Valley Bank(FDIC,1br,inv=Low Satisfactory,svc=High Satisfactory)"
1299,Morehouse Parish,LA,2976,survey-weighted,3,3,REGIONS BANK,151314000,FED,-,Low Satisfactory,"REGIONS BANK(FED,1br,inv=-,svc=Low Satisfactory); ORIGIN BANK(FED,1br,inv=Low Satisfactory,svc=Low Satisfactory); b1BANK(FDIC,1br,inv=Low Satisfactory,svc=Low Satisfactory)"
1300,Windsor,VT,2975,survey-weighted,2,9,BROOKLINE BANK,4966140,FED,Low Satisfactory,Low Satisfactory,"BROOKLINE BANK(FED,1br,inv=Low Satisfactory,svc=Low Satisfactory); MASCOMA BANK(FED,8br,inv=-,svc=Low Satisfactory)"
1301,Warren,PA,2973,survey-weighted,1,1,Hamlin Bank and Trust Company,421614,FDIC,Low Satisfactory,Low Satisfactory,"Hamlin Bank and Trust Company(FDIC,1br,inv=Low Satisfactory,svc=Low Satisfactory)"
1305,Winston,AL,2960,survey-weighted,1,5,BANKFIRST FINANCIAL SERVICES,2666230,FED,Low Satisfactory,-,"BANKFIRST FINANCIAL SERVICES(FED,5br,inv=Low Satisfactory,svc=-)"
1307,Teton,ID,2945,survey-weighted,1,1,The Bank of Commerce,2111141,FDIC,Low Satisfactory,High Satisfactory,"The Bank of Commerce(FDIC,1br,inv=Low Satisfactory,svc=High Satisfactory)"
1308,Roscommon,MI,2941,survey-weighted,1,1,Horizon Bank,7621571,FDIC,Low Satisfactory,High Satisfactory,"Horizon Bank(FDIC,1br,inv=Low Satisfactory,svc=High Satisfactory)"
1309,Zapata,TX,2940,survey-weighted,1,1,Falcon International Bank,1975494,FDIC,High Satisfactory,Low Satisfactory,"Falcon International Bank(FDIC,1br,inv=High Satisfactory,svc=Low Satisfactory)"
1310,Platte,NE,2940,survey-weighted,2,5,Union Bank and Trust Company,8799880,FDIC,Low Satisfactory,Outstanding,"Union Bank and Trust Company(FDIC,1br,inv=Low Satisfactory,svc=Outstanding); CORNERSTONE BANK(FED,4br,inv=-,svc=Low Satisfactory)"
1312,Sumner,KS,2931,survey-weighted,1,2,RCB BANK,3899432,FED,Low Satisfactory,Low Satisfactory,"RCB BANK(FED,2br,inv=Low Satisfactory,svc=Low Satisfactory)"
1315,Gilmer,GA,2929,survey-weighted,2,3,REGIONS BANK,151314000,FED,-,Low Satisfactory,"REGIONS BANK(FED,1br,inv=-,svc=Low Satisfactory); Bank OZK(FDIC,2br,inv=Outstanding,svc=Low Satisfactory)"
1316,Alexander,NC,2928,survey-weighted,2,2,FIRST COMMUNITY BANK,3213604,FED,-,Low Satisfactory,"FIRST COMMUNITY BANK(FED,1br,inv=-,svc=Low Satisfactory); Peoples Bank(FDIC,1br,inv=Low Satisfactory,svc=High Satisfactory)"
1322,Jackson,IL,2916,survey-weighted,2,3,REGIONS BANK,151314000,FED,-,Low Satisfactory,"REGIONS BANK(FED,2br,inv=-,svc=Low Satisfactory); Banterra Bank(FDIC,1br,inv=Low Satisfactory,svc=Low Satisfactory)"
1324,Yazoo,MS,2915,survey-weighted,1,1,BankPlus,7790270,FDIC,Outstanding,Low Satisfactory,"BankPlus(FDIC,1br,inv=Outstanding,svc=Low Satisfactory)"
1325,Davie,NC,2913,survey-weighted,1,2,Bank OZK,41606548,FDIC,Outstanding,Low Satisfactory,"Bank OZK(FDIC,2br,inv=Outstanding,svc=Low Satisfactory)"
1327,Bandera,TX,2908,survey-weighted,1,1,Prosperity Bank,38274790,FDIC,High Satisfactory,Low Satisfactory,"Prosperity Bank(FDIC,1br,inv=High Satisfactory,svc=Low Satisfactory)"
1334,Gadsden,FL,2859,survey-weighted,1,1,CENTENNIAL BANK,22808174,FED,-,Low Satisfactory,"CENTENNIAL BANK(FED,1br,inv=-,svc=Low Satisfactory)"
1335,Jackson,AR,2858,survey-weighted,2,2,REGIONS BANK,151314000,FED,-,Low Satisfactory,"REGIONS BANK(FED,1br,inv=-,svc=Low Satisfactory); First Community Bank(FDIC,1br,inv=High Satisfactory,svc=Low Satisfactory)"
1337,Barbour,AL,2858,survey-weighted,1,1,Ameris Bank,23591556,FDIC,High Satisfactory,Low Satisfactory,"Ameris Bank(FDIC,1br,inv=High Satisfactory,svc=Low Satisfactory)"
1340,Seneca,NY,2841,survey-weighted,1,1,CHEMUNG CANAL TRUST COMPANY,2649923,FED,Low Satisfactory,-,"CHEMUNG CANAL TRUST COMPANY(FED,1br,inv=Low Satisfactory,svc=-)"
1341,Henry,IL,2839,survey-weighted,1,2,Blackhawk Bank & Trust,1835223,FDIC,Low Satisfactory,Low Satisfactory,"Blackhawk Bank & Trust(FDIC,2br,inv=Low Satisfactory,svc=Low Satisfactory)"
1342,Harrison,IN,2838,survey-weighted,1,1,REGIONS BANK,151314000,FED,-,Low Satisfactory,"REGIONS BANK(FED,1br,inv=-,svc=Low Satisfactory)"
1344,Snyder,PA,2836,survey-weighted,1,1,Citizens & Northern Bank,2311213,FDIC,Low Satisfactory,Low Satisfactory,"Citizens & Northern Bank(FDIC,1br,inv=Low Satisfactory,svc=Low Satisfactory)"
1351,Henderson,TN,2831,survey-weighted,1,1,SIMMONS BANK,26749112,FED,-,Low Satisfactory,"SIMMONS BANK(FED,1br,inv=-,svc=Low Satisfactory)"
1352,Clay,AR,2828,survey-weighted,1,1,CENTENNIAL BANK,22808174,FED,-,Low Satisfactory,"CENTENNIAL BANK(FED,1br,inv=-,svc=Low Satisfactory)"
1354,Sharp,AR,2828,survey-weighted,2,3,CENTENNIAL BANK,22808174,FED,-,Low Satisfactory,"CENTENNIAL BANK(FED,1br,inv=-,svc=Low Satisfactory); First Community Bank(FDIC,2br,inv=High Satisfactory,svc=Low Satisfactory)"
1356,Whitley,IN,2820,survey-weighted,2,2,Horizon Bank,7621571,FDIC,Low Satisfactory,High Satisfactory,"Horizon Bank(FDIC,1br,inv=Low Satisfactory,svc=High Satisfactory); LAKE CITY BANK(FED,1br,inv=Low Satisfactory,svc=-)"
1361,Jerome,ID,2807,survey-weighted,1,1,D. L. Evans Bank,3071088,FDIC,Low Satisfactory,High Satisfactory,"D. L. Evans Bank(FDIC,1br,inv=Low Satisfactory,svc=High Satisfactory)"
1362,Wythe,VA,2803,survey-weighted,5,9,Carter Bank & Trust,4446729,FDIC,Low Satisfactory,High Satisfactory,"Carter Bank & Trust(FDIC,1br,inv=Low Satisfactory,svc=High Satisfactory); Burke & Herbert Bank & Trust Company(FDIC,2br,inv=Low Satisfactory,svc=High Satisfactory); FIRST COMMUNITY BANK(FED,3br,inv=-,svc=Low Satisfactory); FIRST BANK AND TRUST COMPANY THE(FED,1br,inv=Low Satisfactory,svc=Low Satisfactory); BANK OF MARION THE(FED,2br,inv=Low Satisfactory,svc=-)"
1364,Grant,NM,2801,survey-weighted,1,2,First American Bank,1779138,FDIC,Outstanding,Low Satisfactory,"First American Bank(FDIC,2br,inv=Outstanding,svc=Low Satisfactory)"
1368,Dixie,FL,2788,survey-weighted,1,1,Ameris Bank,23591556,FDIC,High Satisfactory,Low Satisfactory,"Ameris Bank(FDIC,1br,inv=High Satisfactory,svc=Low Satisfactory)"
1369,Greenbrier,WV,2788,survey-weighted,1,2,Burke & Herbert Bank & Trust Company,3563307,FDIC,Low Satisfactory,High Satisfactory,"Burke & Herbert Bank & Trust Company(FDIC,2br,inv=Low Satisfactory,svc=High Satisfactory)"
1370,Franklin,TN,2780,survey-weighted,2,2,REGIONS BANK,151314000,FED,-,Low Satisfactory,"REGIONS BANK(FED,1br,inv=-,svc=Low Satisfactory); Citizens Bank of Lafayette(FDIC,1br,inv=High Satisfactory,svc=Low Satisfactory)"
1373,Person,NC,2772,survey-weighted,2,2,Carter Bank & Trust,4446729,FDIC,Low Satisfactory,High Satisfactory,"Carter Bank & Trust(FDIC,1br,inv=Low Satisfactory,svc=High Satisfactory); The Fidelity Bank(FDIC,1br,inv=Low Satisfactory,svc=Low Satisfactory)"
1374,Coles,IL,2763,survey-weighted,1,1,FIRST FARMERS BANK & TRUST CO.,2298100,FED,Low Satisfactory,-,"FIRST FARMERS BANK & TRUST CO.(FED,1br,inv=Low Satisfactory,svc=-)"
1376,Jasper,MS,2759,survey-weighted,1,4,BANKFIRST FINANCIAL SERVICES,2666230,FED,Low Satisfactory,-,"BANKFIRST FINANCIAL SERVICES(FED,4br,inv=Low Satisfactory,svc=-)"
1377,Seminole,OK,2753,survey-weighted,1,3,BancFirst,9485506,FDIC+FED,High Satisfactory,Low Satisfactory,"BancFirst(FDIC+FED,3br,inv=High Satisfactory,svc=Low Satisfactory)"
1378,Ellis,KS,2749,survey-weighted,1,2,EQUITY BANK,3862184,FED,Low Satisfactory,Low Satisfactory,"EQUITY BANK(FED,2br,inv=Low Satisfactory,svc=Low Satisfactory)"
1379,Conway,AR,2749,survey-weighted,3,3,REGIONS BANK,151314000,FED,-,Low Satisfactory,"REGIONS BANK(FED,1br,inv=-,svc=Low Satisfactory); CENTENNIAL BANK(FED,1br,inv=-,svc=Low Satisfactory); FARMERS & MERCHANTS BANK THE(FED,1br,inv=Low Satisfactory,svc=-)"
1380,Johnson,AR,2749,survey-weighted,4,4,REGIONS BANK,151314000,FED,-,Low Satisfactory,"REGIONS BANK(FED,1br,inv=-,svc=Low Satisfactory); Bank OZK(FDIC,1br,inv=Outstanding,svc=Low Satisfactory); SIMMONS BANK(FED,1br,inv=-,svc=Low Satisfactory); CENTENNIAL BANK(FED,1br,inv=-,svc=Low Satisfactory)"
1381,Yell,AR,2749,survey-weighted,1,1,CENTENNIAL BANK,22808174,FED,-,Low Satisfactory,"CENTENNIAL BANK(FED,1br,inv=-,svc=Low Satisfactory)"
1383,Wayne,MS,2747,survey-weighted,1,1,BankPlus,7790270,FDIC,Outstanding,Low Satisfactory,"BankPlus(FDIC,1br,inv=Outstanding,svc=Low Satisfactory)"
1384,Dubois,IN,2744,survey-weighted,1,8,German American Bank,6144423,FDIC,Low Satisfactory,Low Satisfactory,"German American Bank(FDIC,8br,inv=Low Satisfactory,svc=Low Satisfactory)"
1385,Freestone,TX,2738,survey-weighted,1,2,Prosperity Bank,38274790,FDIC,High Satisfactory,Low Satisfactory,"Prosperity Bank(FDIC,2br,inv=High Satisfactory,svc=Low Satisfactory)"
1389,Pulaski,MO,2728,survey-weighted,1,1,The Bank of Missouri,2963315,FDIC,Low Satisfactory,High Satisfactory,"The Bank of Missouri(FDIC,1br,inv=Low Satisfactory,svc=High Satisfactory)"
1391,Miller,MO,2721,survey-weighted,1,2,CENTRAL TRUST BANK THE,19551204,FED,Low Satisfactory,-,"CENTRAL TRUST BANK THE(FED,2br,inv=Low Satisfactory,svc=-)"
1392,Tioga,NY,2717,survey-weighted,1,2,CHEMUNG CANAL TRUST COMPANY,2649923,FED,Low Satisfactory,-,"CHEMUNG CANAL TRUST COMPANY(FED,2br,inv=Low Satisfactory,svc=-)"
1394,Calhoun,TX,2714,survey-weighted,1,1,Prosperity Bank,38274790,FDIC,High Satisfactory,Low Satisfactory,"Prosperity Bank(FDIC,1br,inv=High Satisfactory,svc=Low Satisfactory)"
1397,Brown,TX,2710,survey-weighted,1,2,Prosperity Bank,38274790,FDIC,High Satisfactory,Low Satisfactory,"Prosperity Bank(FDIC,2br,inv=High Satisfactory,svc=Low Satisfactory)"
1398,DeWitt,TX,2706,survey-weighted,2,4,Prosperity Bank,38274790,FDIC,High Satisfactory,Low Satisfactory,"Prosperity Bank(FDIC,3br,inv=High Satisfactory,svc=Low Satisfactory); SIMMONS BANK(FED,1br,inv=-,svc=Low Satisfactory)"
1399,Gonzales,TX,2706,survey-weighted,2,2,Prosperity Bank,38274790,FDIC,High Satisfactory,Low Satisfactory,"Prosperity Bank(FDIC,1br,inv=High Satisfactory,svc=Low Satisfactory); THIRD COAST BANK(FED,1br,inv=Low Satisfactory,svc=Low Satisfactory)"
1400,Lavaca,TX,2706,survey-weighted,1,1,Prosperity Bank,38274790,FDIC,High Satisfactory,Low Satisfactory,"Prosperity Bank(FDIC,1br,inv=High Satisfactory,svc=Low Satisfactory)"
1403,Cortland,NY,2698,survey-weighted,2,2,Tompkins Community Bank,7842153,FDIC,Low Satisfactory,High Satisfactory,"Tompkins Community Bank(FDIC,1br,inv=Low Satisfactory,svc=High Satisfactory); CHEMUNG CANAL TRUST COMPANY(FED,1br,inv=Low Satisfactory,svc=-)"
1406,Clinton,IL,2696,survey-weighted,1,3,FCB Banks,2384266,FDIC,Low Satisfactory,High Satisfactory,"FCB Banks(FDIC,3br,inv=Low Satisfactory,svc=High Satisfactory)"
1407,Custer,OK,2694,survey-weighted,2,2,BancFirst,9485506,FDIC+FED,High Satisfactory,Low Satisfactory,"BancFirst(FDIC+FED,1br,inv=High Satisfactory,svc=Low Satisfactory); INTERBANK(FED,1br,inv=Low Satisfactory,svc=-)"
1408,George,MS,2686,survey-weighted,1,1,Community Bank of Mississippi,4608467,FDIC,Low Satisfactory,High Satisfactory,"Community Bank of Mississippi(FDIC,1br,inv=Low Satisfactory,svc=High Satisfactory)"
1409,McDonald,MO,2684,survey-weighted,1,2,First Community Bank,2757543,FDIC,High Satisfactory,Low Satisfactory,"First Community Bank(FDIC,2br,inv=High Satisfactory,svc=Low Satisfactory)"
1410,Sullivan,IN,2684,survey-weighted,1,1,FIRST FARMERS BANK & TRUST CO.,2298100,FED,Low Satisfactory,-,"FIRST FARMERS BANK & TRUST CO.(FED,1br,inv=Low Satisfactory,svc=-)"
1413,Uvalde,TX,2680,survey-weighted,1,5,First State Bank of Uvalde,1823649,FDIC,Outstanding,Low Satisfactory,"First State Bank of Uvalde(FDIC,5br,inv=Outstanding,svc=Low Satisfactory)"
1415,Benton,MO,2676,survey-weighted,2,2,EQUITY BANK,3862184,FED,Low Satisfactory,Low Satisfactory,"EQUITY BANK(FED,1br,inv=Low Satisfactory,svc=Low Satisfactory); Hawthorn Bank(FDIC,1br,inv=High Satisfactory,svc=Low Satisfactory)"
1416,Polk,MO,2676,survey-weighted,2,3,Great Southern Bank,5723662,FDIC,High Satisfactory,Low Satisfactory,"Great Southern Bank(FDIC,1br,inv=High Satisfactory,svc=Low Satisfactory); The Bank of Missouri(FDIC,2br,inv=Low Satisfactory,svc=High Satisfactory)"
1417,Marion,AR,2672,survey-weighted,1,1,Bank OZK,41606548,FDIC,Outstanding,Low Satisfactory,"Bank OZK(FDIC,1br,inv=Outstanding,svc=Low Satisfactory)"
1419,Montgomery,NC,2654,survey-weighted,1,3,The Fidelity Bank,4263695,FDIC,Low Satisfactory,Low Satisfactory,"The Fidelity Bank(FDIC,3br,inv=Low Satisfactory,svc=Low Satisfactory)"
1425,Labette,KS,2644,survey-weighted,1,2,Great Southern Bank,5723662,FDIC,High Satisfactory,Low Satisfactory,"Great Southern Bank(FDIC,2br,inv=High Satisfactory,svc=Low Satisfactory)"
1426,Fentress,TN,2637,survey-weighted,1,1,SMARTBANK,4606198,FED,Low Satisfactory,Low Satisfactory,"SMARTBANK(FED,1br,inv=Low Satisfactory,svc=Low Satisfactory)"
1428,Wise,VA,2632,survey-weighted,1,1,FIRST BANK AND TRUST COMPANY THE,3087425,FED,Low Satisfactory,Low Satisfactory,"FIRST BANK AND TRUST COMPANY THE(FED,1br,inv=Low Satisfactory,svc=Low Satisfactory)"
1430,Marshall,OK,2631,survey-weighted,2,4,SIMMONS BANK,26749112,FED,-,Low Satisfactory,"SIMMONS BANK(FED,2br,inv=-,svc=Low Satisfactory); BancFirst(FDIC+FED,2br,inv=High Satisfactory,svc=Low Satisfactory)"
1431,Burleson,TX,2624,survey-weighted,1,1,Prosperity Bank,38274790,FDIC,High Satisfactory,Low Satisfactory,"Prosperity Bank(FDIC,1br,inv=High Satisfactory,svc=Low Satisfactory)"
1432,Milam,TX,2624,survey-weighted,1,1,Prosperity Bank,38274790,FDIC,High Satisfactory,Low Satisfactory,"Prosperity Bank(FDIC,1br,inv=High Satisfactory,svc=Low Satisfactory)"
1434,Llano,TX,2622,survey-weighted,2,3,Prosperity Bank,38274790,FDIC,High Satisfactory,Low Satisfactory,"Prosperity Bank(FDIC,2br,inv=High Satisfactory,svc=Low Satisfactory); Security State Bank & Trust(FDIC,1br,inv=Low Satisfactory,svc=High Satisfactory)"
1442,Clark,KY,2599,survey-weighted,2,3,Burke & Herbert Bank & Trust Company,3563307,FDIC,Low Satisfactory,High Satisfactory,"Burke & Herbert Bank & Trust Company(FDIC,1br,inv=Low Satisfactory,svc=High Satisfactory); Traditional Bank, Inc.(FDIC,2br,inv=Low Satisfactory,svc=High Satisfactory)"
1443,Fulton,IL,2598,survey-weighted,1,1,Morton Community Bank,5467281,FDIC,High Satisfactory,Low Satisfactory,"Morton Community Bank(FDIC,1br,inv=High Satisfactory,svc=Low Satisfactory)"
1445,Hall,NE,2590,survey-weighted,3,9,Union Bank and Trust Company,8799880,FDIC,Low Satisfactory,Outstanding,"Union Bank and Trust Company(FDIC,1br,inv=Low Satisfactory,svc=Outstanding); CORNERSTONE BANK(FED,3br,inv=-,svc=Low Satisfactory); FIVE POINTS BANK(FED,5br,inv=Low Satisfactory,svc=-)"
1448,Williams,ND,2576,survey-weighted,1,2,First International Bank & Trust,4876751,FDIC,Low Satisfactory,Low Satisfactory,"First International Bank & Trust(FDIC,2br,inv=Low Satisfactory,svc=Low Satisfactory)"
1449,Wakulla,FL,2573,survey-weighted,2,2,Ameris Bank,23591556,FDIC,High Satisfactory,Low Satisfactory,"Ameris Bank(FDIC,1br,inv=High Satisfactory,svc=Low Satisfactory); CENTENNIAL BANK(FED,1br,inv=-,svc=Low Satisfactory)"
1454,Lafayette,MO,2548,survey-weighted,3,4,CENTRAL TRUST BANK THE,19551204,FED,Low Satisfactory,-,"CENTRAL TRUST BANK THE(FED,2br,inv=Low Satisfactory,svc=-); NBH BANK(FED,1br,inv=-,svc=Low Satisfactory); EQUITY BANK(FED,1br,inv=Low Satisfactory,svc=Low Satisfactory)"
1456,Coos,NH,2544,survey-weighted,2,3,MASCOMA BANK,2886966,FED,-,Low Satisfactory,"MASCOMA BANK(FED,1br,inv=-,svc=Low Satisfactory); BANK OF NEW HAMPSHIRE(FED,2br,inv=Low Satisfactory,svc=-)"
1457,Sullivan,NH,2544,survey-weighted,2,2,MASCOMA BANK,2886966,FED,-,Low Satisfactory,"MASCOMA BANK(FED,1br,inv=-,svc=Low Satisfactory); BANK OF NEW HAMPSHIRE(FED,1br,inv=Low Satisfactory,svc=-)"
1459,Newton,TX,2541,survey-weighted,1,1,Prosperity Bank,38274790,FDIC,High Satisfactory,Low Satisfactory,"Prosperity Bank(FDIC,1br,inv=High Satisfactory,svc=Low Satisfactory)"
1460,Seward,KS,2538,survey-weighted,1,3,EQUITY BANK,3862184,FED,Low Satisfactory,Low Satisfactory,"EQUITY BANK(FED,3br,inv=Low Satisfactory,svc=Low Satisfactory)"
1461,Red River,TX,2537,survey-weighted,1,1,THIRD COAST BANK,4650798,FED,Low Satisfactory,Low Satisfactory,"THIRD COAST BANK(FED,1br,inv=Low Satisfactory,svc=Low Satisfactory)"
1462,Garvin,OK,2536,survey-weighted,3,4,SIMMONS BANK,26749112,FED,-,Low Satisfactory,"SIMMONS BANK(FED,1br,inv=-,svc=Low Satisfactory); BancFirst(FDIC+FED,1br,inv=High Satisfactory,svc=Low Satisfactory); International Bank of Commerce(FDIC,2br,inv=Outstanding,svc=Low Satisfactory)"
1463,McClain,OK,2536,survey-weighted,1,1,International Bank of Commerce,1548823,FDIC,Outstanding,Low Satisfactory,"International Bank of Commerce(FDIC,1br,inv=Outstanding,svc=Low Satisfactory)"
1465,Gillespie,TX,2530,survey-weighted,4,8,Prosperity Bank,38274790,FDIC,High Satisfactory,Low Satisfactory,"Prosperity Bank(FDIC,2br,inv=High Satisfactory,svc=Low Satisfactory); CENTENNIAL BANK(FED,1br,inv=-,svc=Low Satisfactory); TEXAS REGIONAL BANK(FED,1br,inv=Low Satisfactory,svc=-); Security State Bank & Trust(FDIC,4br,inv=Low Satisfactory,svc=High Satisfactory)"
1469,Jefferson,ID,2524,survey-weighted,2,4,D. L. Evans Bank,3071088,FDIC,Low Satisfactory,High Satisfactory,"D. L. Evans Bank(FDIC,1br,inv=Low Satisfactory,svc=High Satisfactory); The Bank of Commerce(FDIC,3br,inv=Low Satisfactory,svc=High Satisfactory)"
1470,Lincoln,NM,2521,survey-weighted,1,1,City Bank,4184122,FDIC,Low Satisfactory,Low Satisfactory,"City Bank(FDIC,1br,inv=Low Satisfactory,svc=Low Satisfactory)"
1471,Phelps,MO,2518,survey-weighted,1,1,The Bank of Missouri,2963315,FDIC,Low Satisfactory,High Satisfactory,"The Bank of Missouri(FDIC,1br,inv=Low Satisfactory,svc=High Satisfactory)"
1473,Otero,CO,2513,survey-weighted,1,1,NBH BANK,6948775,FED,-,Low Satisfactory,"NBH BANK(FED,1br,inv=-,svc=Low Satisfactory)"
1479,Morgan,GA,2503,survey-weighted,2,2,REGIONS BANK,151314000,FED,-,Low Satisfactory,"REGIONS BANK(FED,1br,inv=-,svc=Low Satisfactory); United Bank(FDIC,1br,inv=Low Satisfactory,svc=Outstanding)"
1481,Franklin,AR,2493,survey-weighted,2,6,Bank OZK,41606548,FDIC,Outstanding,Low Satisfactory,"Bank OZK(FDIC,4br,inv=Outstanding,svc=Low Satisfactory); SIMMONS BANK(FED,2br,inv=-,svc=Low Satisfactory)"
1488,Jefferson,WA,2477,survey-weighted,3,5,Heritage Bank,7233406,FDIC,High Satisfactory,Low Satisfactory,"Heritage Bank(FDIC,2br,inv=High Satisfactory,svc=Low Satisfactory); 1st Security Bank of Washington(FDIC,2br,inv=Outstanding,svc=Low Satisfactory); First Fed Bank(FDIC,1br,inv=Low Satisfactory,svc=High Satisfactory)"
1495,Montgomery,KY,2469,survey-weighted,1,5,"Traditional Bank, Inc.",2190086,FDIC,Low Satisfactory,High Satisfactory,"Traditional Bank, Inc.(FDIC,5br,inv=Low Satisfactory,svc=High Satisfactory)"
1496,Tallahatchie,MS,2468,survey-weighted,1,2,REGIONS BANK,151314000,FED,-,Low Satisfactory,"REGIONS BANK(FED,2br,inv=-,svc=Low Satisfactory)"
1498,Claiborne Parish,LA,2468,survey-weighted,1,1,First Guaranty Bank,3794968,FDIC,Low Satisfactory,Low Satisfactory,"First Guaranty Bank(FDIC,1br,inv=Low Satisfactory,svc=Low Satisfactory)"
1501,Clinton,PA,2466,survey-weighted,1,1,FIRST CITIZENS COMMUNITY BANK,2208830,FED,Low Satisfactory,-,"FIRST CITIZENS COMMUNITY BANK(FED,1br,inv=Low Satisfactory,svc=-)"
1504,La Plata,CO,2463,survey-weighted,3,5,CENTRAL TRUST BANK THE,19551204,FED,Low Satisfactory,-,"CENTRAL TRUST BANK THE(FED,1br,inv=Low Satisfactory,svc=-); Bank of Colorado(FDIC,2br,inv=Low Satisfactory,svc=High Satisfactory); NBH BANK(FED,2br,inv=-,svc=Low Satisfactory)"
1506,Polk,NC,2460,survey-weighted,1,2,HOMETRUST BANK,3409271,FED,Low Satisfactory,Low Satisfactory,"HOMETRUST BANK(FED,2br,inv=Low Satisfactory,svc=Low Satisfactory)"
1507,Jefferson,IN,2459,survey-weighted,1,4,German American Bank,6144423,FDIC,Low Satisfactory,Low Satisfactory,"German American Bank(FDIC,4br,inv=Low Satisfactory,svc=Low Satisfactory)"
1509,Lauderdale,TN,2452,survey-weighted,1,1,REGIONS BANK,151314000,FED,-,Low Satisfactory,"REGIONS BANK(FED,1br,inv=-,svc=Low Satisfactory)"
1512,Door,WI,2449,survey-weighted,1,2,North Shore Bank,2569494,FDIC,Low Satisfactory,High Satisfactory,"North Shore Bank(FDIC,2br,inv=Low Satisfactory,svc=High Satisfactory)"
1513,McIntosh,OK,2447,survey-weighted,1,1,Armstrong Bank,2446898,FDIC,High Satisfactory,Low Satisfactory,"Armstrong Bank(FDIC,1br,inv=High Satisfactory,svc=Low Satisfactory)"
1514,Salem city,VA,2446,survey-weighted,1,1,Carter Bank & Trust,4446729,FDIC,Low Satisfactory,High Satisfactory,"Carter Bank & Trust(FDIC,1br,inv=Low Satisfactory,svc=High Satisfactory)"
1516,Montrose,CO,2444,survey-weighted,3,5,CENTRAL TRUST BANK THE,19551204,FED,Low Satisfactory,-,"CENTRAL TRUST BANK THE(FED,1br,inv=Low Satisfactory,svc=-); Bank of Colorado(FDIC,3br,inv=Low Satisfactory,svc=High Satisfactory); NBH BANK(FED,1br,inv=-,svc=Low Satisfactory)"
1518,Hutchinson,TX,2427,survey-weighted,2,3,CENTENNIAL BANK,22808174,FED,-,Low Satisfactory,"CENTENNIAL BANK(FED,1br,inv=-,svc=Low Satisfactory); INTERBANK(FED,2br,inv=Low Satisfactory,svc=-)"
1519,Leflore,MS,2427,survey-weighted,2,2,REGIONS BANK,151314000,FED,-,Low Satisfactory,"REGIONS BANK(FED,1br,inv=-,svc=Low Satisfactory); BankPlus(FDIC,1br,inv=Outstanding,svc=Low Satisfactory)"
1520,Hardeman,TN,2426,survey-weighted,2,3,REGIONS BANK,151314000,FED,-,Low Satisfactory,"REGIONS BANK(FED,1br,inv=-,svc=Low Satisfactory); SIMMONS BANK(FED,2br,inv=-,svc=Low Satisfactory)"
1521,Morgan,MO,2419,survey-weighted,1,1,CENTRAL TRUST BANK THE,19551204,FED,Low Satisfactory,-,"CENTRAL TRUST BANK THE(FED,1br,inv=Low Satisfactory,svc=-)"
1522,Northampton,NC,2413,survey-weighted,1,1,Southern Bank and Trust Company,4758607,FDIC,High Satisfactory,Low Satisfactory,"Southern Bank and Trust Company(FDIC,1br,inv=High Satisfactory,svc=Low Satisfactory)"
1523,Floyd,VA,2410,survey-weighted,1,1,Carter Bank & Trust,4446729,FDIC,Low Satisfactory,High Satisfactory,"Carter Bank & Trust(FDIC,1br,inv=Low Satisfactory,svc=High Satisfactory)"
1524,Adair,OK,2408,survey-weighted,1,1,Armstrong Bank,2446898,FDIC,High Satisfactory,Low Satisfactory,"Armstrong Bank(FDIC,1br,inv=High Satisfactory,svc=Low Satisfactory)"
1525,Beauregard Parish,LA,2407,survey-weighted,1,1,b1BANK,5531431,FDIC,Low Satisfactory,Low Satisfactory,"b1BANK(FDIC,1br,inv=Low Satisfactory,svc=Low Satisfactory)"
1531,Worth,GA,2396,survey-weighted,1,1,Colony Bank,3091464,FDIC,Low Satisfactory,High Satisfactory,"Colony Bank(FDIC,1br,inv=Low Satisfactory,svc=High Satisfactory)"
1532,Bedford,PA,2395,survey-weighted,1,3,Somerset Trust Company,2315834,FDIC,Low Satisfactory,High Satisfactory,"Somerset Trust Company(FDIC,3br,inv=Low Satisfactory,svc=High Satisfactory)"
1533,Panola,TX,2393,survey-weighted,2,2,Prosperity Bank,38274790,FDIC,High Satisfactory,Low Satisfactory,"Prosperity Bank(FDIC,1br,inv=High Satisfactory,svc=Low Satisfactory); ORIGIN BANK(FED,1br,inv=Low Satisfactory,svc=Low Satisfactory)"
1536,Caswell,NC,2376,survey-weighted,1,1,The Fidelity Bank,4263695,FDIC,Low Satisfactory,Low Satisfactory,"The Fidelity Bank(FDIC,1br,inv=Low Satisfactory,svc=Low Satisfactory)"
1538,White,GA,2371,survey-weighted,1,1,REGIONS BANK,151314000,FED,-,Low Satisfactory,"REGIONS BANK(FED,1br,inv=-,svc=Low Satisfactory)"
1539,Crawford,OH,2370,survey-weighted,1,1,CIVISTA BANK,3006039,FED,-,Low Satisfactory,"CIVISTA BANK(FED,1br,inv=-,svc=Low Satisfactory)"
1541,Logan,OH,2369,survey-weighted,1,2,CIVISTA BANK,3006039,FED,-,Low Satisfactory,"CIVISTA BANK(FED,2br,inv=-,svc=Low Satisfactory)"
1547,Randolph,AR,2357,survey-weighted,1,1,FARMERS & MERCHANTS BANK THE,1852126,FED,Low Satisfactory,-,"FARMERS & MERCHANTS BANK THE(FED,1br,inv=Low Satisfactory,svc=-)"
1550,Patrick,VA,2345,survey-weighted,2,2,Carter Bank & Trust,4446729,FDIC,Low Satisfactory,High Satisfactory,"Carter Bank & Trust(FDIC,1br,inv=Low Satisfactory,svc=High Satisfactory); FIRST COMMUNITY BANK(FED,1br,inv=-,svc=Low Satisfactory)"
1551,Minidoka,ID,2339,survey-weighted,1,2,D. L. Evans Bank,3071088,FDIC,Low Satisfactory,High Satisfactory,"D. L. Evans Bank(FDIC,2br,inv=Low Satisfactory,svc=High Satisfactory)"
1552,Green,WI,2334,survey-weighted,1,1,Lake Ridge Bank,3178632,FDIC,High Satisfactory,Low Satisfactory,"Lake Ridge Bank(FDIC,1br,inv=High Satisfactory,svc=Low Satisfactory)"
1554,Hockley,TX,2329,survey-weighted,2,3,Prosperity Bank,38274790,FDIC,High Satisfactory,Low Satisfactory,"Prosperity Bank(FDIC,1br,inv=High Satisfactory,svc=Low Satisfactory); City Bank(FDIC,2br,inv=Low Satisfactory,svc=Low Satisfactory)"
1555,Gilchrist,FL,2324,survey-weighted,1,1,Ameris Bank,23591556,FDIC,High Satisfactory,Low Satisfactory,"Ameris Bank(FDIC,1br,inv=High Satisfactory,svc=Low Satisfactory)"
1556,Charlevoix,MI,2323,survey-weighted,1,1,Horizon Bank,7621571,FDIC,Low Satisfactory,High Satisfactory,"Horizon Bank(FDIC,1br,inv=Low Satisfactory,svc=High Satisfactory)"
1558,Sevier,AR,2322,survey-weighted,1,1,FARMERS BANK & TRUST COMPANY,1621234,FED,Low Satisfactory,Low Satisfactory,"FARMERS BANK & TRUST COMPANY(FED,1br,inv=Low Satisfactory,svc=Low Satisfactory)"
1560,Stewart,TN,2319,survey-weighted,1,1,REGIONS BANK,151314000,FED,-,Low Satisfactory,"REGIONS BANK(FED,1br,inv=-,svc=Low Satisfactory)"
1562,Amador,CA,2308,MODELED,2,3,Bank of Stockton,4320510,FDIC,Low Satisfactory,High Satisfactory,"Bank of Stockton(FDIC,1br,inv=Low Satisfactory,svc=High Satisfactory); Bank of Marin(FDIC,2br,inv=Low Satisfactory,svc=Low Satisfactory)"
1568,Pasquotank,NC,2289,survey-weighted,1,1,Southern Bank and Trust Company,4758607,FDIC,High Satisfactory,Low Satisfactory,"Southern Bank and Trust Company(FDIC,1br,inv=High Satisfactory,svc=Low Satisfactory)"
1571,Brookings,SD,2281,survey-weighted,1,1,CENTRAL BANK,2135960,FED,Low Satisfactory,-,"CENTRAL BANK(FED,1br,inv=Low Satisfactory,svc=-)"
1573,Tillamook,OR,2279,survey-weighted,1,2,1st Security Bank of Washington,2632273,FDIC,Outstanding,Low Satisfactory,"1st Security Bank of Washington(FDIC,2br,inv=Outstanding,svc=Low Satisfactory)"
1574,Starke,IN,2276,survey-weighted,1,2,FIRST FARMERS BANK & TRUST CO.,2298100,FED,Low Satisfactory,-,"FIRST FARMERS BANK & TRUST CO.(FED,2br,inv=Low Satisfactory,svc=-)"
1575,Huntingdon,PA,2276,survey-weighted,1,1,Farmers and Merchants Trust Company of Chambersburg,1827377,FDIC,Low Satisfactory,High Satisfactory,"Farmers and Merchants Trust Company of Chambersburg(FDIC,1br,inv=Low Satisfactory,svc=High Satisfactory)"
1576,Union,SD,2268,survey-weighted,1,1,CENTRAL BANK,2135960,FED,Low Satisfactory,-,"CENTRAL BANK(FED,1br,inv=Low Satisfactory,svc=-)"
1578,Desha,AR,2267,survey-weighted,1,1,SIMMONS BANK,26749112,FED,-,Low Satisfactory,"SIMMONS BANK(FED,1br,inv=-,svc=Low Satisfactory)"
1579,Drew,AR,2267,survey-weighted,1,1,SIMMONS BANK,26749112,FED,-,Low Satisfactory,"SIMMONS BANK(FED,1br,inv=-,svc=Low Satisfactory)"
1582,Clarke,AL,2261,survey-weighted,1,2,SMARTBANK,4606198,FED,Low Satisfactory,Low Satisfactory,"SMARTBANK(FED,2br,inv=Low Satisfactory,svc=Low Satisfactory)"
1585,Genesee,NY,2257,survey-weighted,1,4,Tompkins Community Bank,7842153,FDIC,Low Satisfactory,High Satisfactory,"Tompkins Community Bank(FDIC,4br,inv=Low Satisfactory,svc=High Satisfactory)"
1586,Nicholas,WV,2257,survey-weighted,1,3,FIRST COMMUNITY BANK,3213604,FED,-,Low Satisfactory,"FIRST COMMUNITY BANK(FED,3br,inv=-,svc=Low Satisfactory)"
1587,Allen,KY,2256,survey-weighted,1,1,"South Central Bank,  Inc.",1845172,FDIC,Low Satisfactory,Low Satisfactory,"South Central Bank,  Inc.(FDIC,1br,inv=Low Satisfactory,svc=Low Satisfactory)"
1589,Hart,KY,2256,survey-weighted,1,2,German American Bank,6144423,FDIC,Low Satisfactory,Low Satisfactory,"German American Bank(FDIC,2br,inv=Low Satisfactory,svc=Low Satisfactory)"
1590,Logan,KY,2256,survey-weighted,2,2,INDEPENDENCE BANK OF KENTUCKY,3062572,FED,-,Low Satisfactory,"INDEPENDENCE BANK OF KENTUCKY(FED,1br,inv=-,svc=Low Satisfactory); South Central Bank,  Inc.(FDIC,1br,inv=Low Satisfactory,svc=Low Satisfactory)"
1594,Ketchikan Gateway Borough,AK,2254,survey-weighted,1,1,Northrim Bank,2564795,FDIC,High Satisfactory,Low Satisfactory,"Northrim Bank(FDIC,1br,inv=High Satisfactory,svc=Low Satisfactory)"
1597,Warren,IA,2253,survey-weighted,1,1,Luana Savings Bank,2063244,FDIC,Low Satisfactory,Low Satisfactory,"Luana Savings Bank(FDIC,1br,inv=Low Satisfactory,svc=Low Satisfactory)"
1598,Leon,TX,2249,survey-weighted,1,1,b1BANK,5531431,FDIC,Low Satisfactory,Low Satisfactory,"b1BANK(FDIC,1br,inv=Low Satisfactory,svc=Low Satisfactory)"
1599,Robertson,TX,2249,survey-weighted,1,1,Prosperity Bank,38274790,FDIC,High Satisfactory,Low Satisfactory,"Prosperity Bank(FDIC,1br,inv=High Satisfactory,svc=Low Satisfactory)"
1600,DeKalb,TN,2249,survey-weighted,2,3,REGIONS BANK,151314000,FED,-,Low Satisfactory,"REGIONS BANK(FED,1br,inv=-,svc=Low Satisfactory); Citizens Bank of Lafayette(FDIC,2br,inv=High Satisfactory,svc=Low Satisfactory)"
1601,Macon,TN,2249,survey-weighted,1,4,Citizens Bank of Lafayette,1659215,FDIC,High Satisfactory,Low Satisfactory,"Citizens Bank of Lafayette(FDIC,4br,inv=High Satisfactory,svc=Low Satisfactory)"
1602,Smith,TN,2249,survey-weighted,1,2,Citizens Bank of Lafayette,1659215,FDIC,High Satisfactory,Low Satisfactory,"Citizens Bank of Lafayette(FDIC,2br,inv=High Satisfactory,svc=Low Satisfactory)"
1603,Colusa,CA,2248,MODELED,1,1,First Northern Bank of Dixon,1903284,FDIC,Low Satisfactory,High Satisfactory,"First Northern Bank of Dixon(FDIC,1br,inv=Low Satisfactory,svc=High Satisfactory)"
1606,Staunton city,VA,2241,survey-weighted,1,2,FIRST BANK AND TRUST COMPANY THE,3087425,FED,Low Satisfactory,Low Satisfactory,"FIRST BANK AND TRUST COMPANY THE(FED,2br,inv=Low Satisfactory,svc=Low Satisfactory)"
1607,Pettis,MO,2240,survey-weighted,3,7,SIMMONS BANK,26749112,FED,-,Low Satisfactory,"SIMMONS BANK(FED,1br,inv=-,svc=Low Satisfactory); CENTRAL TRUST BANK THE(FED,5br,inv=Low Satisfactory,svc=-); EQUITY BANK(FED,1br,inv=Low Satisfactory,svc=Low Satisfactory)"
1609,Ripley,IN,2233,survey-weighted,1,3,CIVISTA BANK,3006039,FED,-,Low Satisfactory,"CIVISTA BANK(FED,3br,inv=-,svc=Low Satisfactory)"
1610,Henry,OH,2233,survey-weighted,1,5,CIVISTA BANK,3006039,FED,-,Low Satisfactory,"CIVISTA BANK(FED,5br,inv=-,svc=Low Satisfactory)"
1613,Franklin Parish,LA,2232,survey-weighted,1,1,b1BANK,5531431,FDIC,Low Satisfactory,Low Satisfactory,"b1BANK(FDIC,1br,inv=Low Satisfactory,svc=Low Satisfactory)"
1614,Richland Parish,LA,2232,survey-weighted,1,2,b1BANK,5531431,FDIC,Low Satisfactory,Low Satisfactory,"b1BANK(FDIC,2br,inv=Low Satisfactory,svc=Low Satisfactory)"
1615,Union Parish,LA,2232,survey-weighted,1,3,ORIGIN BANK,9882221,FED,Low Satisfactory,Low Satisfactory,"ORIGIN BANK(FED,3br,inv=Low Satisfactory,svc=Low Satisfactory)"
1617,McDonough,IL,2230,survey-weighted,1,2,Morton Community Bank,5467281,FDIC,High Satisfactory,Low Satisfactory,"Morton Community Bank(FDIC,2br,inv=High Satisfactory,svc=Low Satisfactory)"
1618,Botetourt,VA,2228,survey-weighted,1,1,HOMETRUST BANK,3409271,FED,Low Satisfactory,Low Satisfactory,"HOMETRUST BANK(FED,1br,inv=Low Satisfactory,svc=Low Satisfactory)"
1620,Taos,NM,2227,survey-weighted,1,3,NBH BANK,6948775,FED,-,Low Satisfactory,"NBH BANK(FED,3br,inv=-,svc=Low Satisfactory)"
1623,Putnam,WV,2217,survey-weighted,1,1,Burke & Herbert Bank & Trust Company,3563307,FDIC,Low Satisfactory,High Satisfactory,"Burke & Herbert Bank & Trust Company(FDIC,1br,inv=Low Satisfactory,svc=High Satisfactory)"
1627,Daviess,IN,2209,survey-weighted,1,3,German American Bank,6144423,FDIC,Low Satisfactory,Low Satisfactory,"German American Bank(FDIC,3br,inv=Low Satisfactory,svc=Low Satisfactory)"
1630,Talbot,MD,2201,survey-weighted,1,2,Burke & Herbert Bank & Trust Company,3563307,FDIC,Low Satisfactory,High Satisfactory,"Burke & Herbert Bank & Trust Company(FDIC,2br,inv=Low Satisfactory,svc=High Satisfactory)"
1632,Tioga,PA,2196,survey-weighted,2,10,Citizens & Northern Bank,2311213,FDIC,Low Satisfactory,Low Satisfactory,"Citizens & Northern Bank(FDIC,6br,inv=Low Satisfactory,svc=Low Satisfactory); FIRST CITIZENS COMMUNITY BANK(FED,4br,inv=Low Satisfactory,svc=-)"
1636,Avery,NC,2189,survey-weighted,2,2,FIRST COMMUNITY BANK,3213604,FED,-,Low Satisfactory,"FIRST COMMUNITY BANK(FED,1br,inv=-,svc=Low Satisfactory); Bank of Tennessee(FDIC,1br,inv=Low Satisfactory,svc=Low Satisfactory)"
1639,McKean,PA,2183,survey-weighted,1,7,Hamlin Bank and Trust Company,421614,FDIC,Low Satisfactory,Low Satisfactory,"Hamlin Bank and Trust Company(FDIC,7br,inv=Low Satisfactory,svc=Low Satisfactory)"
1640,Webster,MO,2182,survey-weighted,2,2,SIMMONS BANK,26749112,FED,-,Low Satisfactory,"SIMMONS BANK(FED,1br,inv=-,svc=Low Satisfactory); CENTRAL TRUST BANK THE(FED,1br,inv=Low Satisfactory,svc=-)"
1641,Mahaska,IA,2181,survey-weighted,2,3,Great Southern Bank,5723662,FDIC,High Satisfactory,Low Satisfactory,"Great Southern Bank(FDIC,1br,inv=High Satisfactory,svc=Low Satisfactory); BANK IOWA(FED,2br,inv=Low Satisfactory,svc=Low Satisfactory)"
1642,Eagle,CO,2181,survey-weighted,2,3,Bank of Colorado,7572545,FDIC,Low Satisfactory,High Satisfactory,"Bank of Colorado(FDIC,1br,inv=Low Satisfactory,svc=High Satisfactory); NBH BANK(FED,2br,inv=-,svc=Low Satisfactory)"
1644,Clay,MS,2166,survey-weighted,1,1,BANKFIRST FINANCIAL SERVICES,2666230,FED,Low Satisfactory,-,"BANKFIRST FINANCIAL SERVICES(FED,1br,inv=Low Satisfactory,svc=-)"
1645,Winston,MS,2166,survey-weighted,1,1,REGIONS BANK,151314000,FED,-,Low Satisfactory,"REGIONS BANK(FED,1br,inv=-,svc=Low Satisfactory)"
1646,Elbert,GA,2157,survey-weighted,2,4,REGIONS BANK,151314000,FED,-,Low Satisfactory,"REGIONS BANK(FED,1br,inv=-,svc=Low Satisfactory); Pinnacle Bank(FDIC,3br,inv=Low Satisfactory,svc=High Satisfactory)"
1647,Oglethorpe,GA,2157,survey-weighted,1,1,Pinnacle Bank,2130759,FDIC,Low Satisfactory,High Satisfactory,"Pinnacle Bank(FDIC,1br,inv=Low Satisfactory,svc=High Satisfactory)"
1648,Champaign,OH,2154,survey-weighted,1,1,CIVISTA BANK,3006039,FED,-,Low Satisfactory,"CIVISTA BANK(FED,1br,inv=-,svc=Low Satisfactory)"
1650,Russell,VA,2153,survey-weighted,2,3,FIRST BANK AND TRUST COMPANY THE,3087425,FED,Low Satisfactory,Low Satisfactory,"FIRST BANK AND TRUST COMPANY THE(FED,2br,inv=Low Satisfactory,svc=Low Satisfactory); BANK OF MARION THE(FED,1br,inv=Low Satisfactory,svc=-)"
1654,Ben Hill,GA,2146,survey-weighted,1,1,Colony Bank,3091464,FDIC,Low Satisfactory,High Satisfactory,"Colony Bank(FDIC,1br,inv=Low Satisfactory,svc=High Satisfactory)"
1656,Brooks,GA,2146,survey-weighted,2,2,Ameris Bank,23591556,FDIC,High Satisfactory,Low Satisfactory,"Ameris Bank(FDIC,1br,inv=High Satisfactory,svc=Low Satisfactory); Colony Bank(FDIC,1br,inv=Low Satisfactory,svc=High Satisfactory)"
1657,Madison,OH,2144,survey-weighted,1,1,CIVISTA BANK,3006039,FED,-,Low Satisfactory,"CIVISTA BANK(FED,1br,inv=-,svc=Low Satisfactory)"
1658,Union,TN,2143,survey-weighted,1,2,COMMERCIAL BANK,2238247,FED,Low Satisfactory,Low Satisfactory,"COMMERCIAL BANK(FED,2br,inv=Low Satisfactory,svc=Low Satisfactory)"
1662,Newton,MS,2130,survey-weighted,2,3,BankPlus,7790270,FDIC,Outstanding,Low Satisfactory,"BankPlus(FDIC,1br,inv=Outstanding,svc=Low Satisfactory); BANKFIRST FINANCIAL SERVICES(FED,2br,inv=Low Satisfactory,svc=-)"
1664,Hickman,TN,2128,survey-weighted,1,2,FIRST FARMERS AND MERCHANTS BANK,1763096,FED,Low Satisfactory,Low Satisfactory,"FIRST FARMERS AND MERCHANTS BANK(FED,2br,inv=Low Satisfactory,svc=Low Satisfactory)"
1666,Crisp,GA,2127,survey-weighted,3,3,REGIONS BANK,151314000,FED,-,Low Satisfactory,"REGIONS BANK(FED,1br,inv=-,svc=Low Satisfactory); Ameris Bank(FDIC,1br,inv=High Satisfactory,svc=Low Satisfactory); Colony Bank(FDIC,1br,inv=Low Satisfactory,svc=High Satisfactory)"
1667,Gray,TX,2124,survey-weighted,1,1,CENTENNIAL BANK,22808174,FED,-,Low Satisfactory,"CENTENNIAL BANK(FED,1br,inv=-,svc=Low Satisfactory)"
1668,Grenada,MS,2124,survey-weighted,2,2,REGIONS BANK,151314000,FED,-,Low Satisfactory,"REGIONS BANK(FED,1br,inv=-,svc=Low Satisfactory); BankPlus(FDIC,1br,inv=Outstanding,svc=Low Satisfactory)"
1670,Lumpkin,GA,2108,survey-weighted,2,2,Bank OZK,41606548,FDIC,Outstanding,Low Satisfactory,"Bank OZK(FDIC,1br,inv=Outstanding,svc=Low Satisfactory); Pinnacle Bank(FDIC,1br,inv=Low Satisfactory,svc=High Satisfactory)"
1672,Union,GA,2108,survey-weighted,2,2,Bank OZK,41606548,FDIC,Outstanding,Low Satisfactory,"Bank OZK(FDIC,1br,inv=Outstanding,svc=Low Satisfactory); Pinnacle Bank(FDIC,1br,inv=Low Satisfactory,svc=High Satisfactory)"
1673,Decatur,IN,2108,survey-weighted,1,1,German American Bank,6144423,FDIC,Low Satisfactory,Low Satisfactory,"German American Bank(FDIC,1br,inv=Low Satisfactory,svc=Low Satisfactory)"
1674,Jennings,IN,2108,survey-weighted,1,1,German American Bank,6144423,FDIC,Low Satisfactory,Low Satisfactory,"German American Bank(FDIC,1br,inv=Low Satisfactory,svc=Low Satisfactory)"
1685,Jasper,GA,2086,survey-weighted,1,1,Ameris Bank,23591556,FDIC,High Satisfactory,Low Satisfactory,"Ameris Bank(FDIC,1br,inv=High Satisfactory,svc=Low Satisfactory)"
1686,Montague,TX,2085,survey-weighted,1,1,FIRST STATE BANK,1657003,FED,Needs to Improve,-,"FIRST STATE BANK(FED,1br,inv=Needs to Improve,svc=-)"
1687,Bourbon,KY,2079,survey-weighted,1,2,"Traditional Bank, Inc.",2190086,FDIC,Low Satisfactory,High Satisfactory,"Traditional Bank, Inc.(FDIC,2br,inv=Low Satisfactory,svc=High Satisfactory)"
1691,Yates,NY,2067,survey-weighted,1,1,Wayne Bank,2366498,FDIC,High Satisfactory,Low Satisfactory,"Wayne Bank(FDIC,1br,inv=High Satisfactory,svc=Low Satisfactory)"
1692,Franklin,IL,2059,survey-weighted,1,2,Banterra Bank,2726883,FDIC,Low Satisfactory,Low Satisfactory,"Banterra Bank(FDIC,2br,inv=Low Satisfactory,svc=Low Satisfactory)"
1693,Stoddard,MO,2057,survey-weighted,1,1,REGIONS BANK,151314000,FED,-,Low Satisfactory,"REGIONS BANK(FED,1br,inv=-,svc=Low Satisfactory)"
1696,Adams,WI,2053,survey-weighted,1,2,ONE COMMUNITY BANK,2181049,FED,Low Satisfactory,Needs to Improve,"ONE COMMUNITY BANK(FED,2br,inv=Low Satisfactory,svc=Needs to Improve)"
1699,Malheur,OR,2043,survey-weighted,1,1,1st Security Bank of Washington,2632273,FDIC,Outstanding,Low Satisfactory,"1st Security Bank of Washington(FDIC,1br,inv=Outstanding,svc=Low Satisfactory)"
1700,Van Buren,AR,2041,survey-weighted,3,3,REGIONS BANK,151314000,FED,-,Low Satisfactory,"REGIONS BANK(FED,1br,inv=-,svc=Low Satisfactory); Bank OZK(FDIC,1br,inv=Outstanding,svc=Low Satisfactory); SIMMONS BANK(FED,1br,inv=-,svc=Low Satisfactory)"
1702,Morrison,MN,2039,survey-weighted,1,1,First International Bank & Trust,4876751,FDIC,Low Satisfactory,Low Satisfactory,"First International Bank & Trust(FDIC,1br,inv=Low Satisfactory,svc=Low Satisfactory)"
1703,Todd,MN,2039,survey-weighted,1,1,First International Bank & Trust,4876751,FDIC,Low Satisfactory,Low Satisfactory,"First International Bank & Trust(FDIC,1br,inv=Low Satisfactory,svc=Low Satisfactory)"
1708,Franklin,TX,2030,survey-weighted,1,1,Prosperity Bank,38274790,FDIC,High Satisfactory,Low Satisfactory,"Prosperity Bank(FDIC,1br,inv=High Satisfactory,svc=Low Satisfactory)"
1713,Humphreys,MS,2019,survey-weighted,1,1,BankPlus,7790270,FDIC,Outstanding,Low Satisfactory,"BankPlus(FDIC,1br,inv=Outstanding,svc=Low Satisfactory)"
1714,Colorado,TX,2016,survey-weighted,1,1,Prosperity Bank,38274790,FDIC,High Satisfactory,Low Satisfactory,"Prosperity Bank(FDIC,1br,inv=High Satisfactory,svc=Low Satisfactory)"
1717,Clay,IN,2013,survey-weighted,1,2,FIRST FARMERS BANK & TRUST CO.,2298100,FED,Low Satisfactory,-,"FIRST FARMERS BANK & TRUST CO.(FED,2br,inv=Low Satisfactory,svc=-)"
1718,Adair,MO,2013,survey-weighted,2,4,NBH BANK,6948775,FED,-,Low Satisfactory,"NBH BANK(FED,1br,inv=-,svc=Low Satisfactory); EQUITY BANK(FED,3br,inv=Low Satisfactory,svc=Low Satisfactory)"
1720,Geneva,AL,2012,survey-weighted,1,1,BankPlus,7790270,FDIC,Outstanding,Low Satisfactory,"BankPlus(FDIC,1br,inv=Outstanding,svc=Low Satisfactory)"
1721,Henry,AL,2012,survey-weighted,1,1,Ameris Bank,23591556,FDIC,High Satisfactory,Low Satisfactory,"Ameris Bank(FDIC,1br,inv=High Satisfactory,svc=Low Satisfactory)"
1724,Franklin,FL,2002,survey-weighted,1,5,CENTENNIAL BANK,22808174,FED,-,Low Satisfactory,"CENTENNIAL BANK(FED,5br,inv=-,svc=Low Satisfactory)"
1725,Dorchester,MD,2001,survey-weighted,1,2,Burke & Herbert Bank & Trust Company,3563307,FDIC,Low Satisfactory,High Satisfactory,"Burke & Herbert Bank & Trust Company(FDIC,2br,inv=Low Satisfactory,svc=High Satisfactory)"
1726,Tama,IA,2000,survey-weighted,1,3,Lincoln Savings Bank,1883919,FDIC,Low Satisfactory,Low Satisfactory,"Lincoln Savings Bank(FDIC,3br,inv=Low Satisfactory,svc=Low Satisfactory)"
1728,Henry,MO,1996,survey-weighted,2,3,EQUITY BANK,3862184,FED,Low Satisfactory,Low Satisfactory,"EQUITY BANK(FED,2br,inv=Low Satisfactory,svc=Low Satisfactory); Hawthorn Bank(FDIC,1br,inv=High Satisfactory,svc=Low Satisfactory)"
1729,Vernon,MO,1996,survey-weighted,1,1,Great Southern Bank,5723662,FDIC,High Satisfactory,Low Satisfactory,"Great Southern Bank(FDIC,1br,inv=High Satisfactory,svc=Low Satisfactory)"
1733,Teton,WY,1994,survey-weighted,1,4,NBH BANK,6948775,FED,-,Low Satisfactory,"NBH BANK(FED,4br,inv=-,svc=Low Satisfactory)"
1737,Franklin,KS,1983,survey-weighted,2,2,NBH BANK,6948775,FED,-,Low Satisfactory,"NBH BANK(FED,1br,inv=-,svc=Low Satisfactory); Great Southern Bank(FDIC,1br,inv=High Satisfactory,svc=Low Satisfactory)"
1739,Butts,GA,1977,survey-weighted,2,2,Ameris Bank,23591556,FDIC,High Satisfactory,Low Satisfactory,"Ameris Bank(FDIC,1br,inv=High Satisfactory,svc=Low Satisfactory); United Bank(FDIC,1br,inv=Low Satisfactory,svc=Outstanding)"
1740,Pike,GA,1977,survey-weighted,1,1,United Bank,2120294,FDIC,Low Satisfactory,Outstanding,"United Bank(FDIC,1br,inv=Low Satisfactory,svc=Outstanding)"
1742,Martin,NC,1973,survey-weighted,1,1,Southern Bank and Trust Company,4758607,FDIC,High Satisfactory,Low Satisfactory,"Southern Bank and Trust Company(FDIC,1br,inv=High Satisfactory,svc=Low Satisfactory)"
1746,Smith,MS,1970,survey-weighted,2,2,Community Bank of Mississippi,4608467,FDIC,Low Satisfactory,High Satisfactory,"Community Bank of Mississippi(FDIC,1br,inv=Low Satisfactory,svc=High Satisfactory); BANKFIRST FINANCIAL SERVICES(FED,1br,inv=Low Satisfactory,svc=-)"
1748,Winchester city,VA,1965,survey-weighted,2,2,Burke & Herbert Bank & Trust Company,3563307,FDIC,Low Satisfactory,High Satisfactory,"Burke & Herbert Bank & Trust Company(FDIC,1br,inv=Low Satisfactory,svc=High Satisfactory); FIRST BANK AND TRUST COMPANY THE(FED,1br,inv=Low Satisfactory,svc=Low Satisfactory)"
1749,Covington,MS,1962,survey-weighted,1,1,REGIONS BANK,151314000,FED,-,Low Satisfactory,"REGIONS BANK(FED,1br,inv=-,svc=Low Satisfactory)"
1752,Wyoming,WV,1960,survey-weighted,2,5,Burke & Herbert Bank & Trust Company,3563307,FDIC,Low Satisfactory,High Satisfactory,"Burke & Herbert Bank & Trust Company(FDIC,3br,inv=Low Satisfactory,svc=High Satisfactory); FIRST COMMUNITY BANK(FED,2br,inv=-,svc=Low Satisfactory)"
1754,Carbon,UT,1956,survey-weighted,1,1,Cache Valley Bank,3281738,FDIC,High Satisfactory,Low Satisfactory,"Cache Valley Bank(FDIC,1br,inv=High Satisfactory,svc=Low Satisfactory)"
1756,Martinsville city,VA,1954,survey-weighted,2,2,Carter Bank & Trust,4446729,FDIC,Low Satisfactory,High Satisfactory,"Carter Bank & Trust(FDIC,1br,inv=Low Satisfactory,svc=High Satisfactory); The Fidelity Bank(FDIC,1br,inv=Low Satisfactory,svc=Low Satisfactory)"
1757,Pottawatomie,KS,1951,survey-weighted,1,1,KS StateBank,2437059,FDIC,Low Satisfactory,High Satisfactory,"KS StateBank(FDIC,1br,inv=Low Satisfactory,svc=High Satisfactory)"
1758,Fulton,IN,1951,survey-weighted,1,2,LAKE CITY BANK,6412535,FED,Low Satisfactory,-,"LAKE CITY BANK(FED,2br,inv=Low Satisfactory,svc=-)"
1761,Bristol,RI,1942,survey-weighted,1,3,BANKNEWPORT,2301356,FED,Low Satisfactory,-,"BANKNEWPORT(FED,3br,inv=Low Satisfactory,svc=-)"
1762,Plaquemines Parish,LA,1935,survey-weighted,1,1,REGIONS BANK,151314000,FED,-,Low Satisfactory,"REGIONS BANK(FED,1br,inv=-,svc=Low Satisfactory)"
1763,Garrett,MD,1933,survey-weighted,1,1,Somerset Trust Company,2315834,FDIC,Low Satisfactory,High Satisfactory,"Somerset Trust Company(FDIC,1br,inv=Low Satisfactory,svc=High Satisfactory)"
1766,Hertford,NC,1930,survey-weighted,1,2,Southern Bank and Trust Company,4758607,FDIC,High Satisfactory,Low Satisfactory,"Southern Bank and Trust Company(FDIC,2br,inv=High Satisfactory,svc=Low Satisfactory)"
1767,Boone,IL,1930,survey-weighted,1,2,MIDLAND STATES BANK,7782095,FED,Low Satisfactory,Low Satisfactory,"MIDLAND STATES BANK(FED,2br,inv=Low Satisfactory,svc=Low Satisfactory)"
1769,Radford city,VA,1928,survey-weighted,3,3,Carter Bank & Trust,4446729,FDIC,Low Satisfactory,High Satisfactory,"Carter Bank & Trust(FDIC,1br,inv=Low Satisfactory,svc=High Satisfactory); FIRST COMMUNITY BANK(FED,1br,inv=-,svc=Low Satisfactory); BANK OF MARION THE(FED,1br,inv=Low Satisfactory,svc=-)"
1770,Tillman,OK,1924,survey-weighted,1,2,BancFirst,9485506,FDIC+FED,High Satisfactory,Low Satisfactory,"BancFirst(FDIC+FED,2br,inv=High Satisfactory,svc=Low Satisfactory)"
1774,Gloucester,VA,1922,survey-weighted,1,1,PRIMIS BANK,3831355,FED,Low Satisfactory,Low Satisfactory,"PRIMIS BANK(FED,1br,inv=Low Satisfactory,svc=Low Satisfactory)"
1777,Rockbridge,VA,1921,survey-weighted,1,1,Carter Bank & Trust,4446729,FDIC,Low Satisfactory,High Satisfactory,"Carter Bank & Trust(FDIC,1br,inv=Low Satisfactory,svc=High Satisfactory)"
1778,Douglas,MN,1919,survey-weighted,1,3,FIRST WESTERN BANK AND TRUST,2208449,FED,Low Satisfactory,Low Satisfactory,"FIRST WESTERN BANK AND TRUST(FED,3br,inv=Low Satisfactory,svc=Low Satisfactory)"
1780,Ray,MO,1911,survey-weighted,2,2,CENTRAL TRUST BANK THE,19551204,FED,Low Satisfactory,-,"CENTRAL TRUST BANK THE(FED,1br,inv=Low Satisfactory,svc=-); NBH BANK(FED,1br,inv=-,svc=Low Satisfactory)"
1789,Meriwether,GA,1885,survey-weighted,2,2,Colony Bank,3091464,FDIC,Low Satisfactory,High Satisfactory,"Colony Bank(FDIC,1br,inv=Low Satisfactory,svc=High Satisfactory); United Bank(FDIC,1br,inv=Low Satisfactory,svc=Outstanding)"
1790,Cameron Parish,LA,1884,survey-weighted,1,1,b1BANK,5531431,FDIC,Low Satisfactory,Low Satisfactory,"b1BANK(FDIC,1br,inv=Low Satisfactory,svc=Low Satisfactory)"
1792,Simpson,KY,1880,survey-weighted,3,4,REGIONS BANK,151314000,FED,-,Low Satisfactory,"REGIONS BANK(FED,1br,inv=-,svc=Low Satisfactory); German American Bank(FDIC,2br,inv=Low Satisfactory,svc=Low Satisfactory); South Central Bank,  Inc.(FDIC,1br,inv=Low Satisfactory,svc=Low Satisfactory)"
1793,Bennington,VT,1879,survey-weighted,1,3,BROOKLINE BANK,4966140,FED,Low Satisfactory,Low Satisfactory,"BROOKLINE BANK(FED,3br,inv=Low Satisfactory,svc=Low Satisfactory)"
1794,Lincoln,OK,1879,survey-weighted,2,7,BancFirst,9485506,FDIC+FED,High Satisfactory,Low Satisfactory,"BancFirst(FDIC+FED,6br,inv=High Satisfactory,svc=Low Satisfactory); International Bank of Commerce(FDIC,1br,inv=Outstanding,svc=Low Satisfactory)"
1795,Wright,MO,1879,survey-weighted,1,2,Great Southern Bank,5723662,FDIC,High Satisfactory,Low Satisfactory,"Great Southern Bank(FDIC,2br,inv=High Satisfactory,svc=Low Satisfactory)"
1806,Monroe,GA,1852,survey-weighted,1,2,United Bank,2120294,FDIC,Low Satisfactory,Outstanding,"United Bank(FDIC,2br,inv=Low Satisfactory,svc=Outstanding)"
1810,Dawson,GA,1844,survey-weighted,1,1,Bank OZK,41606548,FDIC,Outstanding,Low Satisfactory,"Bank OZK(FDIC,1br,inv=Outstanding,svc=Low Satisfactory)"
1814,Craig,OK,1838,survey-weighted,2,4,BancFirst,9485506,FDIC+FED,High Satisfactory,Low Satisfactory,"BancFirst(FDIC+FED,2br,inv=High Satisfactory,svc=Low Satisfactory); RCB BANK(FED,2br,inv=Low Satisfactory,svc=Low Satisfactory)"
1815,Page,IA,1838,survey-weighted,1,4,BANK IOWA,2117855,FED,Low Satisfactory,Low Satisfactory,"BANK IOWA(FED,4br,inv=Low Satisfactory,svc=Low Satisfactory)"
1816,Dakota,NE,1837,survey-weighted,1,1,Great Southern Bank,5723662,FDIC,High Satisfactory,Low Satisfactory,"Great Southern Bank(FDIC,1br,inv=High Satisfactory,svc=Low Satisfactory)"
1820,Delta,CO,1833,survey-weighted,1,3,Bank of Colorado,7572545,FDIC,Low Satisfactory,High Satisfactory,"Bank of Colorado(FDIC,3br,inv=Low Satisfactory,svc=High Satisfactory)"
1822,Fannin,GA,1830,survey-weighted,1,1,Bank OZK,41606548,FDIC,Outstanding,Low Satisfactory,"Bank OZK(FDIC,1br,inv=Outstanding,svc=Low Satisfactory)"
1823,Spencer,IN,1829,survey-weighted,1,1,German American Bank,6144423,FDIC,Low Satisfactory,Low Satisfactory,"German American Bank(FDIC,1br,inv=Low Satisfactory,svc=Low Satisfactory)"
1824,Gibson,IN,1829,survey-weighted,2,3,REGIONS BANK,151314000,FED,-,Low Satisfactory,"REGIONS BANK(FED,1br,inv=-,svc=Low Satisfactory); German American Bank(FDIC,2br,inv=Low Satisfactory,svc=Low Satisfactory)"
1827,Cass,TX,1828,survey-weighted,1,1,REGIONS BANK,151314000,FED,-,Low Satisfactory,"REGIONS BANK(FED,1br,inv=-,svc=Low Satisfactory)"
1834,Attala,MS,1821,survey-weighted,1,1,REGIONS BANK,151314000,FED,-,Low Satisfactory,"REGIONS BANK(FED,1br,inv=-,svc=Low Satisfactory)"
1835,Holmes,MS,1821,survey-weighted,1,4,BankPlus,7790270,FDIC,Outstanding,Low Satisfactory,"BankPlus(FDIC,4br,inv=Outstanding,svc=Low Satisfactory)"
1836,Moore,TX,1821,survey-weighted,1,2,CENTENNIAL BANK,22808174,FED,-,Low Satisfactory,"CENTENNIAL BANK(FED,2br,inv=-,svc=Low Satisfactory)"
1837,Chicot,AR,1814,survey-weighted,1,2,SIMMONS BANK,26749112,FED,-,Low Satisfactory,"SIMMONS BANK(FED,2br,inv=-,svc=Low Satisfactory)"
1838,Lincoln,AR,1814,survey-weighted,1,1,SIMMONS BANK,26749112,FED,-,Low Satisfactory,"SIMMONS BANK(FED,1br,inv=-,svc=Low Satisfactory)"
1840,Fayette,OH,1809,survey-weighted,1,1,Union Savings Bank,3391585,FDIC,High Satisfactory,Low Satisfactory,"Union Savings Bank(FDIC,1br,inv=High Satisfactory,svc=Low Satisfactory)"
1844,Caroline,MD,1801,survey-weighted,1,4,Burke & Herbert Bank & Trust Company,3563307,FDIC,Low Satisfactory,High Satisfactory,"Burke & Herbert Bank & Trust Company(FDIC,4br,inv=Low Satisfactory,svc=High Satisfactory)"
1845,Cannon,TN,1799,survey-weighted,1,1,REGIONS BANK,151314000,FED,-,Low Satisfactory,"REGIONS BANK(FED,1br,inv=-,svc=Low Satisfactory)"
1846,Jackson,TN,1799,survey-weighted,1,1,Citizens Bank of Lafayette,1659215,FDIC,High Satisfactory,Low Satisfactory,"Citizens Bank of Lafayette(FDIC,1br,inv=High Satisfactory,svc=Low Satisfactory)"
1847,Pickens,AL,1798,survey-weighted,1,3,BANKFIRST FINANCIAL SERVICES,2666230,FED,Low Satisfactory,-,"BANKFIRST FINANCIAL SERVICES(FED,3br,inv=Low Satisfactory,svc=-)"
1849,Alamosa,CO,1795,survey-weighted,1,1,NBH BANK,6948775,FED,-,Low Satisfactory,"NBH BANK(FED,1br,inv=-,svc=Low Satisfactory)"
1851,Grundy,IL,1791,survey-weighted,1,1,MIDLAND STATES BANK,7782095,FED,Low Satisfactory,Low Satisfactory,"MIDLAND STATES BANK(FED,1br,inv=Low Satisfactory,svc=Low Satisfactory)"
1852,Sanpete,UT,1791,survey-weighted,1,3,Cache Valley Bank,3281738,FDIC,High Satisfactory,Low Satisfactory,"Cache Valley Bank(FDIC,3br,inv=High Satisfactory,svc=Low Satisfactory)"
1863,Clarke,MS,1775,survey-weighted,1,1,BankPlus,7790270,FDIC,Outstanding,Low Satisfactory,"BankPlus(FDIC,1br,inv=Outstanding,svc=Low Satisfactory)"
1865,Dawson,NE,1773,survey-weighted,1,1,FIVE POINTS BANK,2008090,FED,Low Satisfactory,-,"FIVE POINTS BANK(FED,1br,inv=Low Satisfactory,svc=-)"
1866,Payette,ID,1770,survey-weighted,1,1,D. L. Evans Bank,3071088,FDIC,Low Satisfactory,High Satisfactory,"D. L. Evans Bank(FDIC,1br,inv=Low Satisfactory,svc=High Satisfactory)"
1868,Cass,NE,1764,survey-weighted,1,2,CORNERSTONE BANK,2687176,FED,-,Low Satisfactory,"CORNERSTONE BANK(FED,2br,inv=-,svc=Low Satisfactory)"
1872,Bureau,IL,1760,survey-weighted,1,1,MIDLAND STATES BANK,7782095,FED,Low Satisfactory,Low Satisfactory,"MIDLAND STATES BANK(FED,1br,inv=Low Satisfactory,svc=Low Satisfactory)"
1874,Orleans,NY,1755,survey-weighted,1,1,Tompkins Community Bank,7842153,FDIC,Low Satisfactory,High Satisfactory,"Tompkins Community Bank(FDIC,1br,inv=Low Satisfactory,svc=High Satisfactory)"
1876,Johnston,OK,1754,survey-weighted,2,2,SIMMONS BANK,26749112,FED,-,Low Satisfactory,"SIMMONS BANK(FED,1br,inv=-,svc=Low Satisfactory); BancFirst(FDIC+FED,1br,inv=High Satisfactory,svc=Low Satisfactory)"
1877,Grayson,VA,1752,survey-weighted,1,1,Carter Bank & Trust,4446729,FDIC,Low Satisfactory,High Satisfactory,"Carter Bank & Trust(FDIC,1br,inv=Low Satisfactory,svc=High Satisfactory)"
1878,Bristol city,VA,1752,survey-weighted,3,4,FIRST COMMUNITY BANK,3213604,FED,-,Low Satisfactory,"FIRST COMMUNITY BANK(FED,2br,inv=-,svc=Low Satisfactory); FIRST BANK AND TRUST COMPANY THE(FED,1br,inv=Low Satisfactory,svc=Low Satisfactory); BANK OF MARION THE(FED,1br,inv=Low Satisfactory,svc=-)"
1882,Howard,AR,1741,survey-weighted,1,2,FARMERS BANK & TRUST COMPANY,1621234,FED,Low Satisfactory,Low Satisfactory,"FARMERS BANK & TRUST COMPANY(FED,2br,inv=Low Satisfactory,svc=Low Satisfactory)"
1884,Upshur,WV,1726,survey-weighted,1,2,FIRST COMMUNITY BANK,3213604,FED,-,Low Satisfactory,"FIRST COMMUNITY BANK(FED,2br,inv=-,svc=Low Satisfactory)"
1887,Pecos,TX,1718,survey-weighted,1,1,City Bank,4184122,FDIC,Low Satisfactory,Low Satisfactory,"City Bank(FDIC,1br,inv=Low Satisfactory,svc=Low Satisfactory)"
1888,Gulf,FL,1716,survey-weighted,1,2,CENTENNIAL BANK,22808174,FED,-,Low Satisfactory,"CENTENNIAL BANK(FED,2br,inv=-,svc=Low Satisfactory)"
1890,Calhoun,MS,1709,survey-weighted,1,1,REGIONS BANK,151314000,FED,-,Low Satisfactory,"REGIONS BANK(FED,1br,inv=-,svc=Low Satisfactory)"
1891,Chickasaw,MS,1709,survey-weighted,1,1,REGIONS BANK,151314000,FED,-,Low Satisfactory,"REGIONS BANK(FED,1br,inv=-,svc=Low Satisfactory)"
1894,San Juan,WA,1701,survey-weighted,1,1,Heritage Bank,7233406,FDIC,High Satisfactory,Low Satisfactory,"Heritage Bank(FDIC,1br,inv=High Satisfactory,svc=Low Satisfactory)"
1895,Montgomery,AR,1701,survey-weighted,1,1,FARMERS BANK & TRUST COMPANY,1621234,FED,Low Satisfactory,Low Satisfactory,"FARMERS BANK & TRUST COMPANY(FED,1br,inv=Low Satisfactory,svc=Low Satisfactory)"
1896,Pike,AR,1701,survey-weighted,1,1,FARMERS BANK & TRUST COMPANY,1621234,FED,Low Satisfactory,Low Satisfactory,"FARMERS BANK & TRUST COMPANY(FED,1br,inv=Low Satisfactory,svc=Low Satisfactory)"
1897,Clay,SD,1701,survey-weighted,1,1,FIRST PREMIER BANK,3503723,FED,Low Satisfactory,-,"FIRST PREMIER BANK(FED,1br,inv=Low Satisfactory,svc=-)"
1898,Decatur,GA,1697,survey-weighted,1,1,Bank OZK,41606548,FDIC,Outstanding,Low Satisfactory,"Bank OZK(FDIC,1br,inv=Outstanding,svc=Low Satisfactory)"
1899,Grady,GA,1697,survey-weighted,2,2,Bank OZK,41606548,FDIC,Outstanding,Low Satisfactory,"Bank OZK(FDIC,1br,inv=Outstanding,svc=Low Satisfactory); Ameris Bank(FDIC,1br,inv=High Satisfactory,svc=Low Satisfactory)"
1910,Fountain,IN,1677,survey-weighted,1,1,Horizon Bank,7621571,FDIC,Low Satisfactory,High Satisfactory,"Horizon Bank(FDIC,1br,inv=Low Satisfactory,svc=High Satisfactory)"
1918,Morton,ND,1667,survey-weighted,2,2,First International Bank & Trust,4876751,FDIC,Low Satisfactory,Low Satisfactory,"First International Bank & Trust(FDIC,1br,inv=Low Satisfactory,svc=Low Satisfactory); Starion Bank(FDIC,1br,inv=Low Satisfactory,svc=Low Satisfactory)"
1919,Poweshiek,IA,1667,survey-weighted,1,1,Lincoln Savings Bank,1883919,FDIC,Low Satisfactory,Low Satisfactory,"Lincoln Savings Bank(FDIC,1br,inv=Low Satisfactory,svc=Low Satisfactory)"
1921,Lamb,TX,1664,survey-weighted,3,5,Prosperity Bank,38274790,FDIC,High Satisfactory,Low Satisfactory,"Prosperity Bank(FDIC,1br,inv=High Satisfactory,svc=Low Satisfactory); CENTENNIAL BANK(FED,1br,inv=-,svc=Low Satisfactory); First United Bank(FDIC,3br,inv=High Satisfactory,svc=Low Satisfactory)"
1928,Allen,KS,1653,survey-weighted,1,1,Great Southern Bank,5723662,FDIC,High Satisfactory,Low Satisfactory,"Great Southern Bank(FDIC,1br,inv=High Satisfactory,svc=Low Satisfactory)"
1931,Kodiak Island Borough,AK,1651,survey-weighted,1,1,Northrim Bank,2564795,FDIC,High Satisfactory,Low Satisfactory,"Northrim Bank(FDIC,1br,inv=High Satisfactory,svc=Low Satisfactory)"
1932,Bertie,NC,1645,survey-weighted,1,1,Southern Bank and Trust Company,4758607,FDIC,High Satisfactory,Low Satisfactory,"Southern Bank and Trust Company(FDIC,1br,inv=High Satisfactory,svc=Low Satisfactory)"
1934,Lee,IL,1638,survey-weighted,1,1,MIDLAND STATES BANK,7782095,FED,Low Satisfactory,Low Satisfactory,"MIDLAND STATES BANK(FED,1br,inv=Low Satisfactory,svc=Low Satisfactory)"
1935,Elk,PA,1637,survey-weighted,1,1,Hamlin Bank and Trust Company,421614,FDIC,Low Satisfactory,Low Satisfactory,"Hamlin Bank and Trust Company(FDIC,1br,inv=Low Satisfactory,svc=Low Satisfactory)"
1937,Haywood,TN,1634,survey-weighted,2,3,REGIONS BANK,151314000,FED,-,Low Satisfactory,"REGIONS BANK(FED,1br,inv=-,svc=Low Satisfactory); SIMMONS BANK(FED,2br,inv=-,svc=Low Satisfactory)"
1940,Nodaway,MO,1630,survey-weighted,1,1,NBH BANK,6948775,FED,-,Low Satisfactory,"NBH BANK(FED,1br,inv=-,svc=Low Satisfactory)"
1942,Saline,MO,1629,survey-weighted,1,1,EQUITY BANK,3862184,FED,Low Satisfactory,Low Satisfactory,"EQUITY BANK(FED,1br,inv=Low Satisfactory,svc=Low Satisfactory)"
1945,Morgan,CO,1626,survey-weighted,1,2,Bank of Colorado,7572545,FDIC,Low Satisfactory,High Satisfactory,"Bank of Colorado(FDIC,2br,inv=Low Satisfactory,svc=High Satisfactory)"
1950,McKenzie,ND,1610,survey-weighted,1,3,First International Bank & Trust,4876751,FDIC,Low Satisfactory,Low Satisfactory,"First International Bank & Trust(FDIC,3br,inv=Low Satisfactory,svc=Low Satisfactory)"
1951,Jasper,IA,1609,survey-weighted,2,3,Great Southern Bank,5723662,FDIC,High Satisfactory,Low Satisfactory,"Great Southern Bank(FDIC,1br,inv=High Satisfactory,svc=Low Satisfactory); BANK IOWA(FED,2br,inv=Low Satisfactory,svc=Low Satisfactory)"
1952,Marion,IA,1609,survey-weighted,2,2,Great Southern Bank,5723662,FDIC,High Satisfactory,Low Satisfactory,"Great Southern Bank(FDIC,1br,inv=High Satisfactory,svc=Low Satisfactory); BANK IOWA(FED,1br,inv=Low Satisfactory,svc=Low Satisfactory)"
1953,Searcy,AR,1603,survey-weighted,2,2,Bank OZK,41606548,FDIC,Outstanding,Low Satisfactory,"Bank OZK(FDIC,1br,inv=Outstanding,svc=Low Satisfactory); SIMMONS BANK(FED,1br,inv=-,svc=Low Satisfactory)"
1957,Waynesboro city,VA,1601,survey-weighted,1,1,FIRST BANK AND TRUST COMPANY THE,3087425,FED,Low Satisfactory,Low Satisfactory,"FIRST BANK AND TRUST COMPANY THE(FED,1br,inv=Low Satisfactory,svc=Low Satisfactory)"
1961,Clinton,MO,1592,survey-weighted,1,1,CENTRAL TRUST BANK THE,19551204,FED,Low Satisfactory,-,"CENTRAL TRUST BANK THE(FED,1br,inv=Low Satisfactory,svc=-)"
1964,Bryan,GA,1586,survey-weighted,1,1,Ameris Bank,23591556,FDIC,High Satisfactory,Low Satisfactory,"Ameris Bank(FDIC,1br,inv=High Satisfactory,svc=Low Satisfactory)"
1965,Woodford,IL,1584,survey-weighted,1,5,Morton Community Bank,5467281,FDIC,High Satisfactory,Low Satisfactory,"Morton Community Bank(FDIC,5br,inv=High Satisfactory,svc=Low Satisfactory)"
1966,Arenac,MI,1584,survey-weighted,1,2,Horizon Bank,7621571,FDIC,Low Satisfactory,High Satisfactory,"Horizon Bank(FDIC,2br,inv=Low Satisfactory,svc=High Satisfactory)"
1967,Lamar,GA,1582,survey-weighted,1,2,United Bank,2120294,FDIC,Low Satisfactory,Outstanding,"United Bank(FDIC,2br,inv=Low Satisfactory,svc=Outstanding)"
1969,Murray,OK,1579,survey-weighted,3,3,SIMMONS BANK,26749112,FED,-,Low Satisfactory,"SIMMONS BANK(FED,1br,inv=-,svc=Low Satisfactory); BancFirst(FDIC+FED,1br,inv=High Satisfactory,svc=Low Satisfactory); International Bank of Commerce(FDIC,1br,inv=Outstanding,svc=Low Satisfactory)"
1970,Dodge,GA,1579,survey-weighted,1,1,Colony Bank,3091464,FDIC,Low Satisfactory,High Satisfactory,"Colony Bank(FDIC,1br,inv=Low Satisfactory,svc=High Satisfactory)"
1974,Greene,MS,1570,survey-weighted,1,1,Community Bank of Mississippi,4608467,FDIC,Low Satisfactory,High Satisfactory,"Community Bank of Mississippi(FDIC,1br,inv=Low Satisfactory,svc=High Satisfactory)"
1975,Jefferson Davis,MS,1570,survey-weighted,1,1,REGIONS BANK,151314000,FED,-,Low Satisfactory,"REGIONS BANK(FED,1br,inv=-,svc=Low Satisfactory)"
1982,Saline,IL,1565,survey-weighted,1,3,Banterra Bank,2726883,FDIC,Low Satisfactory,Low Satisfactory,"Banterra Bank(FDIC,3br,inv=Low Satisfactory,svc=Low Satisfactory)"
1983,Lee,TX,1563,survey-weighted,1,2,Prosperity Bank,38274790,FDIC,High Satisfactory,Low Satisfactory,"Prosperity Bank(FDIC,2br,inv=High Satisfactory,svc=Low Satisfactory)"
1988,Texas,OK,1553,survey-weighted,1,3,EQUITY BANK,3862184,FED,Low Satisfactory,Low Satisfactory,"EQUITY BANK(FED,3br,inv=Low Satisfactory,svc=Low Satisfactory)"
1989,Pawnee,OK,1550,survey-weighted,1,1,Armstrong Bank,2446898,FDIC,High Satisfactory,Low Satisfactory,"Armstrong Bank(FDIC,1br,inv=High Satisfactory,svc=Low Satisfactory)"
1991,Pemiscot,MO,1543,survey-weighted,1,2,The Bank of Missouri,2963315,FDIC,Low Satisfactory,High Satisfactory,"The Bank of Missouri(FDIC,2br,inv=Low Satisfactory,svc=High Satisfactory)"
1992,Fayette,IA,1541,survey-weighted,1,1,BANK IOWA,2117855,FED,Low Satisfactory,Low Satisfactory,"BANK IOWA(FED,1br,inv=Low Satisfactory,svc=Low Satisfactory)"
1993,Beckham,OK,1539,survey-weighted,1,2,INTERBANK,4193164,FED,Low Satisfactory,-,"INTERBANK(FED,2br,inv=Low Satisfactory,svc=-)"
1999,Marquette,WI,1531,survey-weighted,1,1,ONE COMMUNITY BANK,2181049,FED,Low Satisfactory,Needs to Improve,"ONE COMMUNITY BANK(FED,1br,inv=Low Satisfactory,svc=Needs to Improve)"
2004,Perry,IN,1524,survey-weighted,1,2,German American Bank,6144423,FDIC,Low Satisfactory,Low Satisfactory,"German American Bank(FDIC,2br,inv=Low Satisfactory,svc=Low Satisfactory)"
2007,McDuffie,GA,1521,survey-weighted,1,1,REGIONS BANK,151314000,FED,-,Low Satisfactory,"REGIONS BANK(FED,1br,inv=-,svc=Low Satisfactory)"
2008,Hardy,WV,1521,survey-weighted,1,4,Burke & Herbert Bank & Trust Company,3563307,FDIC,Low Satisfactory,High Satisfactory,"Burke & Herbert Bank & Trust Company(FDIC,4br,inv=Low Satisfactory,svc=High Satisfactory)"
2011,Wetzel,WV,1514,survey-weighted,1,2,FIRST COMMUNITY BANK,3213604,FED,-,Low Satisfactory,"FIRST COMMUNITY BANK(FED,2br,inv=-,svc=Low Satisfactory)"
2013,Klickitat,WA,1507,survey-weighted,1,2,1st Security Bank of Washington,2632273,FDIC,Outstanding,Low Satisfactory,"1st Security Bank of Washington(FDIC,2br,inv=Outstanding,svc=Low Satisfactory)"
2014,Wyoming,NY,1505,survey-weighted,1,4,Tompkins Community Bank,7842153,FDIC,Low Satisfactory,High Satisfactory,"Tompkins Community Bank(FDIC,4br,inv=Low Satisfactory,svc=High Satisfactory)"
2016,Monroe,KY,1504,survey-weighted,1,3,"South Central Bank,  Inc.",1845172,FDIC,Low Satisfactory,Low Satisfactory,"South Central Bank,  Inc.(FDIC,3br,inv=Low Satisfactory,svc=Low Satisfactory)"
2017,Banks,GA,1501,survey-weighted,1,1,REGIONS BANK,151314000,FED,-,Low Satisfactory,"REGIONS BANK(FED,1br,inv=-,svc=Low Satisfactory)"
2018,Madison,TX,1500,survey-weighted,1,1,Prosperity Bank,38274790,FDIC,High Satisfactory,Low Satisfactory,"Prosperity Bank(FDIC,1br,inv=High Satisfactory,svc=Low Satisfactory)"
2019,Fayette,AL,1499,survey-weighted,2,3,REGIONS BANK,151314000,FED,-,Low Satisfactory,"REGIONS BANK(FED,1br,inv=-,svc=Low Satisfactory); BANKFIRST FINANCIAL SERVICES(FED,2br,inv=Low Satisfactory,svc=-)"
2020,Sumter,AL,1499,survey-weighted,1,1,REGIONS BANK,151314000,FED,-,Low Satisfactory,"REGIONS BANK(FED,1br,inv=-,svc=Low Satisfactory)"
2023,Audrain,MO,1495,survey-weighted,2,4,CENTRAL TRUST BANK THE,19551204,FED,Low Satisfactory,-,"CENTRAL TRUST BANK THE(FED,2br,inv=Low Satisfactory,svc=-); The Bank of Missouri(FDIC,2br,inv=Low Satisfactory,svc=High Satisfactory)"
2024,Carroll,IN,1495,survey-weighted,2,2,Horizon Bank,7621571,FDIC,Low Satisfactory,High Satisfactory,"Horizon Bank(FDIC,1br,inv=Low Satisfactory,svc=High Satisfactory); FIRST FARMERS BANK & TRUST CO.(FED,1br,inv=Low Satisfactory,svc=-)"
2031,Monroe,IL,1471,survey-weighted,4,6,REGIONS BANK,151314000,FED,-,Low Satisfactory,"REGIONS BANK(FED,1br,inv=-,svc=Low Satisfactory); CENTRAL TRUST BANK THE(FED,1br,inv=Low Satisfactory,svc=-); MIDLAND STATES BANK(FED,3br,inv=Low Satisfactory,svc=Low Satisfactory); FCB Banks(FDIC,1br,inv=Low Satisfactory,svc=High Satisfactory)"
2032,Dimmit,TX,1470,survey-weighted,1,1,First State Bank of Uvalde,1823649,FDIC,Outstanding,Low Satisfactory,"First State Bank of Uvalde(FDIC,1br,inv=Outstanding,svc=Low Satisfactory)"
2034,Saunders,NE,1470,survey-weighted,2,2,Union Bank and Trust Company,8799880,FDIC,Low Satisfactory,Outstanding,"Union Bank and Trust Company(FDIC,1br,inv=Low Satisfactory,svc=Outstanding); CORNERSTONE BANK(FED,1br,inv=-,svc=Low Satisfactory)"
2042,Unicoi,TN,1460,survey-weighted,2,3,CENTENNIAL BANK,22808174,FED,-,Low Satisfactory,"CENTENNIAL BANK(FED,2br,inv=-,svc=Low Satisfactory); Bank of Tennessee(FDIC,1br,inv=Low Satisfactory,svc=Low Satisfactory)"
2044,Eastland,TX,1459,survey-weighted,1,2,Prosperity Bank,38274790,FDIC,High Satisfactory,Low Satisfactory,"Prosperity Bank(FDIC,2br,inv=High Satisfactory,svc=Low Satisfactory)"
2047,Livingston,IL,1459,survey-weighted,2,2,MIDLAND STATES BANK,7782095,FED,Low Satisfactory,Low Satisfactory,"MIDLAND STATES BANK(FED,1br,inv=Low Satisfactory,svc=Low Satisfactory); Morton Community Bank(FDIC,1br,inv=High Satisfactory,svc=Low Satisfactory)"
2048,Blanco,TX,1446,survey-weighted,2,3,TEXAS REGIONAL BANK,2660302,FED,Low Satisfactory,-,"TEXAS REGIONAL BANK(FED,2br,inv=Low Satisfactory,svc=-); Security State Bank & Trust(FDIC,1br,inv=Low Satisfactory,svc=High Satisfactory)"
2051,Andrews,TX,1437,survey-weighted,1,1,American Momentum Bank,2579369,FDIC,High Satisfactory,Low Satisfactory,"American Momentum Bank(FDIC,1br,inv=High Satisfactory,svc=Low Satisfactory)"
2052,Gaines,TX,1437,survey-weighted,2,3,American Momentum Bank,2579369,FDIC,High Satisfactory,Low Satisfactory,"American Momentum Bank(FDIC,1br,inv=High Satisfactory,svc=Low Satisfactory); First United Bank(FDIC,2br,inv=High Satisfactory,svc=Low Satisfactory)"
2054,Rio Grande,CO,1436,survey-weighted,1,1,NBH BANK,6948775,FED,-,Low Satisfactory,"NBH BANK(FED,1br,inv=-,svc=Low Satisfactory)"
2055,Scott,VA,1436,survey-weighted,2,4,FIRST COMMUNITY BANK,3213604,FED,-,Low Satisfactory,"FIRST COMMUNITY BANK(FED,2br,inv=-,svc=Low Satisfactory); BANK OF MARION THE(FED,2br,inv=Low Satisfactory,svc=-)"
2058,Prairie,AR,1429,survey-weighted,1,2,FARMERS & MERCHANTS BANK THE,1852126,FED,Low Satisfactory,-,"FARMERS & MERCHANTS BANK THE(FED,2br,inv=Low Satisfactory,svc=-)"
2059,Lincoln,WY,1424,survey-weighted,1,1,NBH BANK,6948775,FED,-,Low Satisfactory,"NBH BANK(FED,1br,inv=-,svc=Low Satisfactory)"
2060,Elbert,CO,1423,survey-weighted,1,1,NBH BANK,6948775,FED,-,Low Satisfactory,"NBH BANK(FED,1br,inv=-,svc=Low Satisfactory)"
2061,Logan,CO,1423,survey-weighted,1,1,Bank of Colorado,7572545,FDIC,Low Satisfactory,High Satisfactory,"Bank of Colorado(FDIC,1br,inv=Low Satisfactory,svc=High Satisfactory)"
2064,Taylor,GA,1418,survey-weighted,1,1,Ameris Bank,23591556,FDIC,High Satisfactory,Low Satisfactory,"Ameris Bank(FDIC,1br,inv=High Satisfactory,svc=Low Satisfactory)"
2068,Lewis,KY,1411,survey-weighted,1,1,First Guaranty Bank,3794968,FDIC,Low Satisfactory,Low Satisfactory,"First Guaranty Bank(FDIC,1br,inv=Low Satisfactory,svc=Low Satisfactory)"
2070,Douglas,MO,1409,survey-weighted,1,1,Great Southern Bank,5723662,FDIC,High Satisfactory,Low Satisfactory,"Great Southern Bank(FDIC,1br,inv=High Satisfactory,svc=Low Satisfactory)"
2082,Otsego,MI,1389,survey-weighted,1,1,Horizon Bank,7621571,FDIC,Low Satisfactory,High Satisfactory,"Horizon Bank(FDIC,1br,inv=Low Satisfactory,svc=High Satisfactory)"
2086,Tipton,IN,1383,survey-weighted,1,1,FIRST FARMERS BANK & TRUST CO.,2298100,FED,Low Satisfactory,-,"FIRST FARMERS BANK & TRUST CO.(FED,1br,inv=Low Satisfactory,svc=-)"
2088,Dawson,TX,1374,survey-weighted,1,1,First United Bank,2195446,FDIC,High Satisfactory,Low Satisfactory,"First United Bank(FDIC,1br,inv=High Satisfactory,svc=Low Satisfactory)"
2089,Baker,FL,1374,survey-weighted,1,1,Ameris Bank,23591556,FDIC,High Satisfactory,Low Satisfactory,"Ameris Bank(FDIC,1br,inv=High Satisfactory,svc=Low Satisfactory)"
2093,Lawrence,MS,1371,survey-weighted,2,2,REGIONS BANK,151314000,FED,-,Low Satisfactory,"REGIONS BANK(FED,1br,inv=-,svc=Low Satisfactory); BankPlus(FDIC,1br,inv=Outstanding,svc=Low Satisfactory)"
2096,Fulton,AR,1361,survey-weighted,1,1,SIMMONS BANK,26749112,FED,-,Low Satisfactory,"SIMMONS BANK(FED,1br,inv=-,svc=Low Satisfactory)"
2098,Stone,AR,1361,survey-weighted,2,3,SIMMONS BANK,26749112,FED,-,Low Satisfactory,"SIMMONS BANK(FED,1br,inv=-,svc=Low Satisfactory); CENTENNIAL BANK(FED,2br,inv=-,svc=Low Satisfactory)"
2100,Perry,MO,1358,survey-weighted,1,3,The Bank of Missouri,2963315,FDIC,Low Satisfactory,High Satisfactory,"The Bank of Missouri(FDIC,3br,inv=Low Satisfactory,svc=High Satisfactory)"
2103,Livingston,MO,1358,survey-weighted,1,1,NBH BANK,6948775,FED,-,Low Satisfactory,"NBH BANK(FED,1br,inv=-,svc=Low Satisfactory)"
2107,Iron,MO,1353,survey-weighted,1,3,Great Southern Bank,5723662,FDIC,High Satisfactory,Low Satisfactory,"Great Southern Bank(FDIC,3br,inv=High Satisfactory,svc=Low Satisfactory)"
2108,Madison,MO,1353,survey-weighted,1,1,Great Southern Bank,5723662,FDIC,High Satisfactory,Low Satisfactory,"Great Southern Bank(FDIC,1br,inv=High Satisfactory,svc=Low Satisfactory)"
2110,Wayne,MO,1353,survey-weighted,1,1,Great Southern Bank,5723662,FDIC,High Satisfactory,Low Satisfactory,"Great Southern Bank(FDIC,1br,inv=High Satisfactory,svc=Low Satisfactory)"
2111,Morgan,TN,1353,survey-weighted,1,1,SMARTBANK,4606198,FED,Low Satisfactory,Low Satisfactory,"SMARTBANK(FED,1br,inv=Low Satisfactory,svc=Low Satisfactory)"
2112,Jackson,TX,1353,survey-weighted,1,1,Prosperity Bank,38274790,FDIC,High Satisfactory,Low Satisfactory,"Prosperity Bank(FDIC,1br,inv=High Satisfactory,svc=Low Satisfactory)"
2113,Andrew,MO,1351,survey-weighted,1,1,NBH BANK,6948775,FED,-,Low Satisfactory,"NBH BANK(FED,1br,inv=-,svc=Low Satisfactory)"
2117,Webster,KY,1350,survey-weighted,1,2,INDEPENDENCE BANK OF KENTUCKY,3062572,FED,-,Low Satisfactory,"INDEPENDENCE BANK OF KENTUCKY(FED,2br,inv=-,svc=Low Satisfactory)"
2120,Floyd,IA,1342,survey-weighted,1,1,FIRST CITIZENS BANK,1905697,FED,Low Satisfactory,Low Satisfactory,"FIRST CITIZENS BANK(FED,1br,inv=Low Satisfactory,svc=Low Satisfactory)"
2131,Cedar,MO,1331,survey-weighted,2,3,SIMMONS BANK,26749112,FED,-,Low Satisfactory,"SIMMONS BANK(FED,2br,inv=-,svc=Low Satisfactory); Great Southern Bank(FDIC,1br,inv=High Satisfactory,svc=Low Satisfactory)"
2132,Wexford,MI,1327,survey-weighted,1,2,Horizon Bank,7621571,FDIC,Low Satisfactory,High Satisfactory,"Horizon Bank(FDIC,2br,inv=Low Satisfactory,svc=High Satisfactory)"
2135,Clayton,IA,1321,survey-weighted,1,1,Luana Savings Bank,2063244,FDIC,Low Satisfactory,Low Satisfactory,"Luana Savings Bank(FDIC,1br,inv=Low Satisfactory,svc=Low Satisfactory)"
2139,Washington,NC,1316,survey-weighted,1,1,Southern Bank and Trust Company,4758607,FDIC,High Satisfactory,Low Satisfactory,"Southern Bank and Trust Company(FDIC,1br,inv=High Satisfactory,svc=Low Satisfactory)"
2143,Effingham,IL,1312,survey-weighted,1,3,MIDLAND STATES BANK,7782095,FED,Low Satisfactory,Low Satisfactory,"MIDLAND STATES BANK(FED,3br,inv=Low Satisfactory,svc=Low Satisfactory)"
2148,Teller,CO,1307,survey-weighted,1,2,NBH BANK,6948775,FED,-,Low Satisfactory,"NBH BANK(FED,2br,inv=-,svc=Low Satisfactory)"
2150,Lake,SD,1304,survey-weighted,1,1,FIRST PREMIER BANK,3503723,FED,Low Satisfactory,-,"FIRST PREMIER BANK(FED,1br,inv=Low Satisfactory,svc=-)"
2151,Young,TX,1303,survey-weighted,1,2,INTERBANK,4193164,FED,Low Satisfactory,-,"INTERBANK(FED,2br,inv=Low Satisfactory,svc=-)"
2153,Pulaski,IN,1300,survey-weighted,1,1,LAKE CITY BANK,6412535,FED,Low Satisfactory,-,"LAKE CITY BANK(FED,1br,inv=Low Satisfactory,svc=-)"
2156,Lafayette,AR,1300,survey-weighted,1,1,FARMERS BANK & TRUST COMPANY,1621234,FED,Low Satisfactory,Low Satisfactory,"FARMERS BANK & TRUST COMPANY(FED,1br,inv=Low Satisfactory,svc=Low Satisfactory)"
2157,Nevada,AR,1300,survey-weighted,1,1,FARMERS BANK & TRUST COMPANY,1621234,FED,Low Satisfactory,Low Satisfactory,"FARMERS BANK & TRUST COMPANY(FED,1br,inv=Low Satisfactory,svc=Low Satisfactory)"
2159,Noxubee,MS,1299,survey-weighted,1,1,BANKFIRST FINANCIAL SERVICES,2666230,FED,Low Satisfactory,-,"BANKFIRST FINANCIAL SERVICES(FED,1br,inv=Low Satisfactory,svc=-)"
2160,Webster,MS,1299,survey-weighted,1,1,REGIONS BANK,151314000,FED,-,Low Satisfactory,"REGIONS BANK(FED,1br,inv=-,svc=Low Satisfactory)"
2161,Mason,IL,1299,survey-weighted,1,1,Morton Community Bank,5467281,FDIC,High Satisfactory,Low Satisfactory,"Morton Community Bank(FDIC,1br,inv=High Satisfactory,svc=Low Satisfactory)"
2167,Buena Vista,IA,1288,survey-weighted,1,3,CENTRAL BANK,2135960,FED,Low Satisfactory,-,"CENTRAL BANK(FED,3br,inv=Low Satisfactory,svc=-)"
2169,Crawford,IA,1288,survey-weighted,1,3,BANK IOWA,2117855,FED,Low Satisfactory,Low Satisfactory,"BANK IOWA(FED,3br,inv=Low Satisfactory,svc=Low Satisfactory)"
2173,Lee,GA,1279,survey-weighted,1,1,Colony Bank,3091464,FDIC,Low Satisfactory,High Satisfactory,"Colony Bank(FDIC,1br,inv=Low Satisfactory,svc=High Satisfactory)"
2174,Crawford,IL,1275,survey-weighted,1,1,REGIONS BANK,151314000,FED,-,Low Satisfactory,"REGIONS BANK(FED,1br,inv=-,svc=Low Satisfactory)"
2178,Potter,PA,1273,survey-weighted,2,3,Citizens & Northern Bank,2311213,FDIC,Low Satisfactory,Low Satisfactory,"Citizens & Northern Bank(FDIC,1br,inv=Low Satisfactory,svc=Low Satisfactory); FIRST CITIZENS COMMUNITY BANK(FED,2br,inv=Low Satisfactory,svc=-)"
2181,Southampton,VA,1269,survey-weighted,1,2,PRIMIS BANK,3831355,FED,Low Satisfactory,Low Satisfactory,"PRIMIS BANK(FED,2br,inv=Low Satisfactory,svc=Low Satisfactory)"
2190,Macon,MO,1258,survey-weighted,1,2,EQUITY BANK,3862184,FED,Low Satisfactory,Low Satisfactory,"EQUITY BANK(FED,2br,inv=Low Satisfactory,svc=Low Satisfactory)"
2191,Conecuh,AL,1256,survey-weighted,1,1,REGIONS BANK,151314000,FED,-,Low Satisfactory,"REGIONS BANK(FED,1br,inv=-,svc=Low Satisfactory)"
2192,Washington,AL,1256,survey-weighted,1,2,SMARTBANK,4606198,FED,Low Satisfactory,Low Satisfactory,"SMARTBANK(FED,2br,inv=Low Satisfactory,svc=Low Satisfactory)"
2198,Nantucket,MA,1246,survey-weighted,1,1,Hingham Institution for Savings,4449837,FDIC,High Satisfactory,Low Satisfactory,"Hingham Institution for Savings(FDIC,1br,inv=High Satisfactory,svc=Low Satisfactory)"
2202,Gunnison,CO,1232,survey-weighted,1,2,NBH BANK,6948775,FED,-,Low Satisfactory,"NBH BANK(FED,2br,inv=-,svc=Low Satisfactory)"
2203,Perry,AR,1230,survey-weighted,1,1,FARMERS & MERCHANTS BANK THE,1852126,FED,Low Satisfactory,-,"FARMERS & MERCHANTS BANK THE(FED,1br,inv=Low Satisfactory,svc=-)"
2207,Somervell,TX,1226,survey-weighted,2,2,Prosperity Bank,38274790,FDIC,High Satisfactory,Low Satisfactory,"Prosperity Bank(FDIC,1br,inv=High Satisfactory,svc=Low Satisfactory); INTERBANK(FED,1br,inv=Low Satisfactory,svc=-)"
2209,Montgomery,IA,1225,survey-weighted,1,2,BANK IOWA,2117855,FED,Low Satisfactory,Low Satisfactory,"BANK IOWA(FED,2br,inv=Low Satisfactory,svc=Low Satisfactory)"
2211,Okfuskee,OK,1224,survey-weighted,1,1,BancFirst,9485506,FDIC+FED,High Satisfactory,Low Satisfactory,"BancFirst(FDIC+FED,1br,inv=High Satisfactory,svc=Low Satisfactory)"
2213,Randolph,MO,1222,survey-weighted,2,4,CENTRAL TRUST BANK THE,19551204,FED,Low Satisfactory,-,"CENTRAL TRUST BANK THE(FED,3br,inv=Low Satisfactory,svc=-); EQUITY BANK(FED,1br,inv=Low Satisfactory,svc=Low Satisfactory)"
2216,Pike,IN,1219,survey-weighted,1,1,German American Bank,6144423,FDIC,Low Satisfactory,Low Satisfactory,"German American Bank(FDIC,1br,inv=Low Satisfactory,svc=Low Satisfactory)"
2217,Deaf Smith,TX,1214,survey-weighted,1,1,CENTENNIAL BANK,22808174,FED,-,Low Satisfactory,"CENTENNIAL BANK(FED,1br,inv=-,svc=Low Satisfactory)"
2218,Montgomery,MS,1214,survey-weighted,1,1,REGIONS BANK,151314000,FED,-,Low Satisfactory,"REGIONS BANK(FED,1br,inv=-,svc=Low Satisfactory)"
2219,Yalobusha,MS,1214,survey-weighted,1,2,BANKFIRST FINANCIAL SERVICES,2666230,FED,Low Satisfactory,-,"BANKFIRST FINANCIAL SERVICES(FED,2br,inv=Low Satisfactory,svc=-)"
2221,Moniteau,MO,1210,survey-weighted,2,3,CENTRAL TRUST BANK THE,19551204,FED,Low Satisfactory,-,"CENTRAL TRUST BANK THE(FED,2br,inv=Low Satisfactory,svc=-); Hawthorn Bank(FDIC,1br,inv=High Satisfactory,svc=Low Satisfactory)"
2224,Alleghany,NC,1206,survey-weighted,1,1,FIRST COMMUNITY BANK,3213604,FED,-,Low Satisfactory,"FIRST COMMUNITY BANK(FED,1br,inv=-,svc=Low Satisfactory)"
2230,Bond,IL,1198,survey-weighted,1,1,MIDLAND STATES BANK,7782095,FED,Low Satisfactory,Low Satisfactory,"MIDLAND STATES BANK(FED,1br,inv=Low Satisfactory,svc=Low Satisfactory)"
2231,Washington,IL,1198,survey-weighted,1,1,REGIONS BANK,151314000,FED,-,Low Satisfactory,"REGIONS BANK(FED,1br,inv=-,svc=Low Satisfactory)"
2236,Orange,VT,1182,survey-weighted,1,2,MASCOMA BANK,2886966,FED,-,Low Satisfactory,"MASCOMA BANK(FED,2br,inv=-,svc=Low Satisfactory)"
2238,Schuyler,NY,1174,survey-weighted,1,2,CHEMUNG CANAL TRUST COMPANY,2649923,FED,Low Satisfactory,-,"CHEMUNG CANAL TRUST COMPANY(FED,2br,inv=Low Satisfactory,svc=-)"
2248,Spencer,KY,1168,survey-weighted,1,1,German American Bank,6144423,FDIC,Low Satisfactory,Low Satisfactory,"German American Bank(FDIC,1br,inv=Low Satisfactory,svc=Low Satisfactory)"
2249,Montour,PA,1167,survey-weighted,1,1,First Keystone Community Bank,1308680,FDIC,Low Satisfactory,Low Satisfactory,"First Keystone Community Bank(FDIC,1br,inv=Low Satisfactory,svc=Low Satisfactory)"
2254,Crawford,MI,1158,survey-weighted,1,1,Horizon Bank,7621571,FDIC,Low Satisfactory,High Satisfactory,"Horizon Bank(FDIC,1br,inv=Low Satisfactory,svc=High Satisfactory)"
2257,Nobles,MN,1157,survey-weighted,1,1,FIRST WESTERN BANK AND TRUST,2208449,FED,Low Satisfactory,Low Satisfactory,"FIRST WESTERN BANK AND TRUST(FED,1br,inv=Low Satisfactory,svc=Low Satisfactory)"
2259,Kiowa,OK,1155,survey-weighted,2,4,BancFirst,9485506,FDIC+FED,High Satisfactory,Low Satisfactory,"BancFirst(FDIC+FED,2br,inv=High Satisfactory,svc=Low Satisfactory); INTERBANK(FED,2br,inv=Low Satisfactory,svc=-)"
2261,Taylor,WV,1150,survey-weighted,1,1,FIRST COMMUNITY BANK,3213604,FED,-,Low Satisfactory,"FIRST COMMUNITY BANK(FED,1br,inv=-,svc=Low Satisfactory)"
2264,Fayette,IL,1148,survey-weighted,1,2,MIDLAND STATES BANK,7782095,FED,Low Satisfactory,Low Satisfactory,"MIDLAND STATES BANK(FED,2br,inv=Low Satisfactory,svc=Low Satisfactory)"
2267,Calhoun,FL,1144,survey-weighted,2,2,Ameris Bank,23591556,FDIC,High Satisfactory,Low Satisfactory,"Ameris Bank(FDIC,1br,inv=High Satisfactory,svc=Low Satisfactory); CENTENNIAL BANK(FED,1br,inv=-,svc=Low Satisfactory)"
2268,Liberty,FL,1144,survey-weighted,1,1,CENTENNIAL BANK,22808174,FED,-,Low Satisfactory,"CENTENNIAL BANK(FED,1br,inv=-,svc=Low Satisfactory)"
2269,Miami,KS,1141,survey-weighted,2,2,Great Southern Bank,5723662,FDIC,High Satisfactory,Low Satisfactory,"Great Southern Bank(FDIC,1br,inv=High Satisfactory,svc=Low Satisfactory); Security Bank of Kansas City(FDIC,1br,inv=Low Satisfactory,svc=High Satisfactory)"
2275,Moffat,CO,1130,survey-weighted,1,1,Bank of Colorado,7572545,FDIC,Low Satisfactory,High Satisfactory,"Bank of Colorado(FDIC,1br,inv=Low Satisfactory,svc=High Satisfactory)"
2276,Metcalfe,KY,1128,survey-weighted,1,1,"South Central Bank,  Inc.",1845172,FDIC,Low Satisfactory,Low Satisfactory,"South Central Bank,  Inc.(FDIC,1br,inv=Low Satisfactory,svc=Low Satisfactory)"
2285,West Carroll Parish,LA,1116,survey-weighted,1,1,REGIONS BANK,151314000,FED,-,Low Satisfactory,"REGIONS BANK(FED,1br,inv=-,svc=Low Satisfactory)"
2286,Clay,TN,1116,survey-weighted,1,1,Citizens Bank of Lafayette,1659215,FDIC,High Satisfactory,Low Satisfactory,"Citizens Bank of Lafayette(FDIC,1br,inv=High Satisfactory,svc=Low Satisfactory)"
2288,Summers,WV,1115,survey-weighted,2,2,Burke & Herbert Bank & Trust Company,3563307,FDIC,Low Satisfactory,High Satisfactory,"Burke & Herbert Bank & Trust Company(FDIC,1br,inv=Low Satisfactory,svc=High Satisfactory); FIRST COMMUNITY BANK(FED,1br,inv=-,svc=Low Satisfactory)"
2289,Webster,WV,1115,survey-weighted,1,1,FIRST COMMUNITY BANK,3213604,FED,-,Low Satisfactory,"FIRST COMMUNITY BANK(FED,1br,inv=-,svc=Low Satisfactory)"
2297,Antelope,NE,1102,survey-weighted,1,2,CORNERSTONE BANK,2687176,FED,-,Low Satisfactory,"CORNERSTONE BANK(FED,2br,inv=-,svc=Low Satisfactory)"
2301,Knox,NE,1102,survey-weighted,1,1,CORNERSTONE BANK,2687176,FED,-,Low Satisfactory,"CORNERSTONE BANK(FED,1br,inv=-,svc=Low Satisfactory)"
2302,Fredericksburg city,VA,1102,survey-weighted,1,2,Burke & Herbert Bank & Trust Company,3563307,FDIC,Low Satisfactory,High Satisfactory,"Burke & Herbert Bank & Trust Company(FDIC,2br,inv=Low Satisfactory,svc=High Satisfactory)"
2304,Winneshiek,IA,1101,survey-weighted,1,1,Luana Savings Bank,2063244,FDIC,Low Satisfactory,Low Satisfactory,"Luana Savings Bank(FDIC,1br,inv=Low Satisfactory,svc=Low Satisfactory)"
2317,Owen,KY,1090,survey-weighted,1,1,German American Bank,6144423,FDIC,Low Satisfactory,Low Satisfactory,"German American Bank(FDIC,1br,inv=Low Satisfactory,svc=Low Satisfactory)"
2319,West Baton Rouge Parish,LA,1089,survey-weighted,1,2,b1BANK,5531431,FDIC,Low Satisfactory,Low Satisfactory,"b1BANK(FDIC,2br,inv=Low Satisfactory,svc=Low Satisfactory)"
2325,Ward,TX,1078,survey-weighted,2,3,City Bank,4184122,FDIC,Low Satisfactory,Low Satisfactory,"City Bank(FDIC,2br,inv=Low Satisfactory,svc=Low Satisfactory); American Momentum Bank(FDIC,1br,inv=High Satisfactory,svc=Low Satisfactory)"
2326,Winkler,TX,1078,survey-weighted,1,1,City Bank,4184122,FDIC,Low Satisfactory,Low Satisfactory,"City Bank(FDIC,1br,inv=Low Satisfactory,svc=Low Satisfactory)"
2330,Irwin,GA,1073,survey-weighted,1,1,Ameris Bank,23591556,FDIC,High Satisfactory,Low Satisfactory,"Ameris Bank(FDIC,1br,inv=High Satisfactory,svc=Low Satisfactory)"
2331,Turner,GA,1073,survey-weighted,1,1,Colony Bank,3091464,FDIC,Low Satisfactory,High Satisfactory,"Colony Bank(FDIC,1br,inv=Low Satisfactory,svc=High Satisfactory)"
2332,Cherokee,IA,1073,survey-weighted,1,1,CENTRAL BANK,2135960,FED,Low Satisfactory,-,"CENTRAL BANK(FED,1br,inv=Low Satisfactory,svc=-)"
2334,Newton,AR,1069,survey-weighted,1,2,Bank OZK,41606548,FDIC,Outstanding,Low Satisfactory,"Bank OZK(FDIC,2br,inv=Outstanding,svc=Low Satisfactory)"
2337,Fairfax city,VA,1069,survey-weighted,5,19,Hanmi Bank,7407990,FDIC,Low Satisfactory,High Satisfactory,"Hanmi Bank(FDIC,1br,inv=Low Satisfactory,svc=High Satisfactory); PRIMIS BANK(FED,1br,inv=Low Satisfactory,svc=Low Satisfactory); Burke & Herbert Bank & Trust Company(FDIC,13br,inv=Low Satisfactory,svc=High Satisfactory); FVCBANK(FED,3br,inv=Needs to Improve,svc=-); Somerset Trust Company(FDIC,1br,inv=Low Satisfactory,svc=High Satisfactory)"
2341,Middlesex,VA,1068,survey-weighted,1,2,PRIMIS BANK,3831355,FED,Low Satisfactory,Low Satisfactory,"PRIMIS BANK(FED,2br,inv=Low Satisfactory,svc=Low Satisfactory)"
2343,Northumberland,VA,1068,survey-weighted,1,3,PRIMIS BANK,3831355,FED,Low Satisfactory,Low Satisfactory,"PRIMIS BANK(FED,3br,inv=Low Satisfactory,svc=Low Satisfactory)"
2347,Wilson,KS,1064,survey-weighted,1,1,EQUITY BANK,3862184,FED,Low Satisfactory,Low Satisfactory,"EQUITY BANK(FED,1br,inv=Low Satisfactory,svc=Low Satisfactory)"
2350,Douglas,IL,1063,survey-weighted,1,2,Morton Community Bank,5467281,FDIC,High Satisfactory,Low Satisfactory,"Morton Community Bank(FDIC,2br,inv=High Satisfactory,svc=Low Satisfactory)"
2351,Edgar,IL,1063,survey-weighted,1,2,FIRST FARMERS BANK & TRUST CO.,2298100,FED,Low Satisfactory,-,"FIRST FARMERS BANK & TRUST CO.(FED,2br,inv=Low Satisfactory,svc=-)"
2364,Saline,NE,1052,survey-weighted,1,1,Union Bank and Trust Company,8799880,FDIC,Low Satisfactory,Outstanding,"Union Bank and Trust Company(FDIC,1br,inv=Low Satisfactory,svc=Outstanding)"
2366,Dickinson,IA,1051,survey-weighted,1,2,CENTRAL BANK,2135960,FED,Low Satisfactory,-,"CENTRAL BANK(FED,2br,inv=Low Satisfactory,svc=-)"
2370,Sublette,WY,1048,survey-weighted,1,1,NBH BANK,6948775,FED,-,Low Satisfactory,"NBH BANK(FED,1br,inv=-,svc=Low Satisfactory)"
2373,Comanche,TX,1042,survey-weighted,2,2,Prosperity Bank,38274790,FDIC,High Satisfactory,Low Satisfactory,"Prosperity Bank(FDIC,1br,inv=High Satisfactory,svc=Low Satisfactory); SIMMONS BANK(FED,1br,inv=-,svc=Low Satisfactory)"
2375,Kingfisher,OK,1035,survey-weighted,3,6,BancFirst,9485506,FDIC+FED,High Satisfactory,Low Satisfactory,"BancFirst(FDIC+FED,2br,inv=High Satisfactory,svc=Low Satisfactory); INTERBANK(FED,3br,inv=Low Satisfactory,svc=-); EQUITY BANK(FED,1br,inv=Low Satisfactory,svc=Low Satisfactory)"
2377,King William,VA,1033,survey-weighted,1,1,PRIMIS BANK,3831355,FED,Low Satisfactory,Low Satisfactory,"PRIMIS BANK(FED,1br,inv=Low Satisfactory,svc=Low Satisfactory)"
2381,Perry,IL,1029,survey-weighted,1,1,Banterra Bank,2726883,FDIC,Low Satisfactory,Low Satisfactory,"Banterra Bank(FDIC,1br,inv=Low Satisfactory,svc=Low Satisfactory)"
2382,Mississippi,MO,1028,survey-weighted,1,1,Banterra Bank,2726883,FDIC,Low Satisfactory,Low Satisfactory,"Banterra Bank(FDIC,1br,inv=Low Satisfactory,svc=Low Satisfactory)"
2383,Archuleta,CO,1026,survey-weighted,1,1,Bank of Colorado,7572545,FDIC,Low Satisfactory,High Satisfactory,"Bank of Colorado(FDIC,1br,inv=Low Satisfactory,svc=High Satisfactory)"
2389,Cooper,MO,1018,survey-weighted,1,2,CENTRAL TRUST BANK THE,19551204,FED,Low Satisfactory,-,"CENTRAL TRUST BANK THE(FED,2br,inv=Low Satisfactory,svc=-)"
2390,Lewis,TN,1016,survey-weighted,1,1,REGIONS BANK,151314000,FED,-,Low Satisfactory,"REGIONS BANK(FED,1br,inv=-,svc=Low Satisfactory)"
2394,Stevens,KS,1015,survey-weighted,1,1,EQUITY BANK,3862184,FED,Low Satisfactory,Low Satisfactory,"EQUITY BANK(FED,1br,inv=Low Satisfactory,svc=Low Satisfactory)"
2397,Jefferson,GA,1014,survey-weighted,1,1,REGIONS BANK,151314000,FED,-,Low Satisfactory,"REGIONS BANK(FED,1br,inv=-,svc=Low Satisfactory)"
2398,Wilkes,GA,1014,survey-weighted,1,1,REGIONS BANK,151314000,FED,-,Low Satisfactory,"REGIONS BANK(FED,1br,inv=-,svc=Low Satisfactory)"
2399,Warren,IL,1014,survey-weighted,1,1,Morton Community Bank,5467281,FDIC,High Satisfactory,Low Satisfactory,"Morton Community Bank(FDIC,1br,inv=High Satisfactory,svc=Low Satisfactory)"
2400,Hancock,KY,1012,survey-weighted,1,2,INDEPENDENCE BANK OF KENTUCKY,3062572,FED,-,Low Satisfactory,"INDEPENDENCE BANK OF KENTUCKY(FED,2br,inv=-,svc=Low Satisfactory)"
2401,McLean,KY,1012,survey-weighted,1,1,INDEPENDENCE BANK OF KENTUCKY,3062572,FED,-,Low Satisfactory,"INDEPENDENCE BANK OF KENTUCKY(FED,1br,inv=-,svc=Low Satisfactory)"
2408,Choctaw,AL,1005,survey-weighted,1,1,REGIONS BANK,151314000,FED,-,Low Satisfactory,"REGIONS BANK(FED,1br,inv=-,svc=Low Satisfactory)"
2412,Crosby,TX,998,survey-weighted,1,1,First United Bank,2195446,FDIC,High Satisfactory,Low Satisfactory,"First United Bank(FDIC,1br,inv=High Satisfactory,svc=Low Satisfactory)"
2413,Garza,TX,998,survey-weighted,1,1,CENTENNIAL BANK,22808174,FED,-,Low Satisfactory,"CENTENNIAL BANK(FED,1br,inv=-,svc=Low Satisfactory)"
2414,Lynn,TX,998,survey-weighted,1,1,CENTENNIAL BANK,22808174,FED,-,Low Satisfactory,"CENTENNIAL BANK(FED,1br,inv=-,svc=Low Satisfactory)"
2415,Terry,TX,998,survey-weighted,1,1,Prosperity Bank,38274790,FDIC,High Satisfactory,Low Satisfactory,"Prosperity Bank(FDIC,1br,inv=High Satisfactory,svc=Low Satisfactory)"
2417,St. Clair,MO,998,survey-weighted,1,1,Hawthorn Bank,1825851,FDIC,High Satisfactory,Low Satisfactory,"Hawthorn Bank(FDIC,1br,inv=High Satisfactory,svc=Low Satisfactory)"
2418,Ballard,KY,996,survey-weighted,1,1,REGIONS BANK,151314000,FED,-,Low Satisfactory,"REGIONS BANK(FED,1br,inv=-,svc=Low Satisfactory)"
2428,Rolette,ND,984,survey-weighted,1,2,Starion Bank,1720130,FDIC,Low Satisfactory,Low Satisfactory,"Starion Bank(FDIC,2br,inv=Low Satisfactory,svc=Low Satisfactory)"
2435,Pawnee,KS,977,survey-weighted,1,1,EQUITY BANK,3862184,FED,Low Satisfactory,Low Satisfactory,"EQUITY BANK(FED,1br,inv=Low Satisfactory,svc=Low Satisfactory)"
2436,Stafford,KS,977,survey-weighted,1,2,EQUITY BANK,3862184,FED,Low Satisfactory,Low Satisfactory,"EQUITY BANK(FED,2br,inv=Low Satisfactory,svc=Low Satisfactory)"
2437,St. Helena Parish,LA,971,survey-weighted,1,1,First Guaranty Bank,3794968,FDIC,Low Satisfactory,Low Satisfactory,"First Guaranty Bank(FDIC,1br,inv=Low Satisfactory,svc=Low Satisfactory)"
2441,Dickenson,VA,957,survey-weighted,1,1,FIRST COMMUNITY BANK,3213604,FED,-,Low Satisfactory,"FIRST COMMUNITY BANK(FED,1br,inv=-,svc=Low Satisfactory)"
2442,Sussex,VA,957,survey-weighted,1,2,PRIMIS BANK,3831355,FED,Low Satisfactory,Low Satisfactory,"PRIMIS BANK(FED,2br,inv=Low Satisfactory,svc=Low Satisfactory)"
2443,Colonial Heights city,VA,957,survey-weighted,1,1,PRIMIS BANK,3831355,FED,Low Satisfactory,Low Satisfactory,"PRIMIS BANK(FED,1br,inv=Low Satisfactory,svc=Low Satisfactory)"
2449,Love,OK,948,survey-weighted,1,2,BancFirst,9485506,FDIC+FED,High Satisfactory,Low Satisfactory,"BancFirst(FDIC+FED,2br,inv=High Satisfactory,svc=Low Satisfactory)"
2465,Chowan,NC,916,survey-weighted,1,1,Southern Bank and Trust Company,4758607,FDIC,High Satisfactory,Low Satisfactory,"Southern Bank and Trust Company(FDIC,1br,inv=High Satisfactory,svc=Low Satisfactory)"
2468,Grant,WV,912,survey-weighted,1,1,Burke & Herbert Bank & Trust Company,3563307,FDIC,Low Satisfactory,High Satisfactory,"Burke & Herbert Bank & Trust Company(FDIC,1br,inv=Low Satisfactory,svc=High Satisfactory)"
2469,Pendleton,WV,912,survey-weighted,1,1,Burke & Herbert Bank & Trust Company,3563307,FDIC,Low Satisfactory,High Satisfactory,"Burke & Herbert Bank & Trust Company(FDIC,1br,inv=Low Satisfactory,svc=High Satisfactory)"
2473,Castro,TX,910,survey-weighted,2,4,CENTENNIAL BANK,22808174,FED,-,Low Satisfactory,"CENTENNIAL BANK(FED,2br,inv=-,svc=Low Satisfactory); First United Bank(FDIC,2br,inv=High Satisfactory,svc=Low Satisfactory)"
2475,Swisher,TX,910,survey-weighted,1,2,CENTENNIAL BANK,22808174,FED,-,Low Satisfactory,"CENTENNIAL BANK(FED,2br,inv=-,svc=Low Satisfactory)"
2476,Ritchie,WV,909,survey-weighted,2,4,Burke & Herbert Bank & Trust Company,3563307,FDIC,Low Satisfactory,High Satisfactory,"Burke & Herbert Bank & Trust Company(FDIC,1br,inv=Low Satisfactory,svc=High Satisfactory); FIRST COMMUNITY BANK(FED,3br,inv=-,svc=Low Satisfactory)"
2477,Tyler,WV,909,survey-weighted,1,2,FIRST COMMUNITY BANK,3213604,FED,-,Low Satisfactory,"FIRST COMMUNITY BANK(FED,2br,inv=-,svc=Low Satisfactory)"
2483,Hamlin,SD,904,survey-weighted,1,2,FIRST PREMIER BANK,3503723,FED,Low Satisfactory,-,"FIRST PREMIER BANK(FED,2br,inv=Low Satisfactory,svc=-)"
2488,Wilcox,GA,902,survey-weighted,1,1,Colony Bank,3091464,FDIC,Low Satisfactory,High Satisfactory,"Colony Bank(FDIC,1br,inv=Low Satisfactory,svc=High Satisfactory)"
2489,Goliad,TX,902,survey-weighted,1,2,Prosperity Bank,38274790,FDIC,High Satisfactory,Low Satisfactory,"Prosperity Bank(FDIC,2br,inv=High Satisfactory,svc=Low Satisfactory)"
2505,Chickasaw,IA,881,survey-weighted,4,6,BANK IOWA,2117855,FED,Low Satisfactory,Low Satisfactory,"BANK IOWA(FED,3br,inv=Low Satisfactory,svc=Low Satisfactory); Luana Savings Bank(FDIC,1br,inv=Low Satisfactory,svc=Low Satisfactory); FIRST CITIZENS BANK(FED,1br,inv=Low Satisfactory,svc=Low Satisfactory); Lincoln Savings Bank(FDIC,1br,inv=Low Satisfactory,svc=Low Satisfactory)"
2506,Marshall,IL,880,survey-weighted,1,2,Morton Community Bank,5467281,FDIC,High Satisfactory,Low Satisfactory,"Morton Community Bank(FDIC,2br,inv=High Satisfactory,svc=Low Satisfactory)"
2507,Sullivan,PA,878,survey-weighted,1,2,Citizens & Northern Bank,2311213,FDIC,Low Satisfactory,Low Satisfactory,"Citizens & Northern Bank(FDIC,2br,inv=Low Satisfactory,svc=Low Satisfactory)"
2512,White,IL,869,survey-weighted,1,2,Banterra Bank,2726883,FDIC,Low Satisfactory,Low Satisfactory,"Banterra Bank(FDIC,2br,inv=Low Satisfactory,svc=Low Satisfactory)"
2520,Monona,IA,858,survey-weighted,1,1,Great Southern Bank,5723662,FDIC,High Satisfactory,Low Satisfactory,"Great Southern Bank(FDIC,1br,inv=High Satisfactory,svc=Low Satisfactory)"
2523,Montgomery,MO,855,survey-weighted,1,1,The Bank of Missouri,2963315,FDIC,Low Satisfactory,High Satisfactory,"The Bank of Missouri(FDIC,1br,inv=Low Satisfactory,svc=High Satisfactory)"
2535,Seward,NE,842,survey-weighted,1,1,Union Bank and Trust Company,8799880,FDIC,Low Satisfactory,Outstanding,"Union Bank and Trust Company(FDIC,1br,inv=Low Satisfactory,svc=Outstanding)"
2536,York,NE,842,survey-weighted,2,11,Union Bank and Trust Company,8799880,FDIC,Low Satisfactory,Outstanding,"Union Bank and Trust Company(FDIC,1br,inv=Low Satisfactory,svc=Outstanding); CORNERSTONE BANK(FED,10br,inv=-,svc=Low Satisfactory)"
2539,Monroe,WV,836,survey-weighted,1,1,FIRST COMMUNITY BANK,3213604,FED,-,Low Satisfactory,"FIRST COMMUNITY BANK(FED,1br,inv=-,svc=Low Satisfactory)"
2542,Runnels,TX,834,survey-weighted,1,1,THIRD COAST BANK,4650798,FED,Low Satisfactory,Low Satisfactory,"THIRD COAST BANK(FED,1br,inv=Low Satisfactory,svc=Low Satisfactory)"
2543,Scurry,TX,834,survey-weighted,2,2,Prosperity Bank,38274790,FDIC,High Satisfactory,Low Satisfactory,"Prosperity Bank(FDIC,1br,inv=High Satisfactory,svc=Low Satisfactory); b1BANK(FDIC,1br,inv=Low Satisfactory,svc=Low Satisfactory)"
2544,Missaukee,MI,830,survey-weighted,1,1,Horizon Bank,7621571,FDIC,Low Satisfactory,High Satisfactory,"Horizon Bank(FDIC,1br,inv=Low Satisfactory,svc=High Satisfactory)"
2545,Martin,IN,828,survey-weighted,1,1,German American Bank,6144423,FDIC,Low Satisfactory,Low Satisfactory,"German American Bank(FDIC,1br,inv=Low Satisfactory,svc=Low Satisfactory)"
2551,Pitkin,CO,818,survey-weighted,1,1,NBH BANK,6948775,FED,-,Low Satisfactory,"NBH BANK(FED,1br,inv=-,svc=Low Satisfactory)"
2554,Gallatin,KY,818,survey-weighted,1,1,German American Bank,6144423,FDIC,Low Satisfactory,Low Satisfactory,"German American Bank(FDIC,1br,inv=Low Satisfactory,svc=Low Satisfactory)"
2558,San Miguel,CO,815,survey-weighted,1,1,NBH BANK,6948775,FED,-,Low Satisfactory,"NBH BANK(FED,1br,inv=-,svc=Low Satisfactory)"
2562,Mercer,IL,811,survey-weighted,1,1,Blackhawk Bank & Trust,1835223,FDIC,Low Satisfactory,Low Satisfactory,"Blackhawk Bank & Trust(FDIC,1br,inv=Low Satisfactory,svc=Low Satisfactory)"
2563,DeKalb,MO,811,survey-weighted,1,1,NBH BANK,6948775,FED,-,Low Satisfactory,"NBH BANK(FED,1br,inv=-,svc=Low Satisfactory)"
2564,Heard,GA,808,survey-weighted,1,1,Bank OZK,41606548,FDIC,Outstanding,Low Satisfactory,"Bank OZK(FDIC,1br,inv=Outstanding,svc=Low Satisfactory)"
2566,Mitchell,IA,806,survey-weighted,1,1,FIRST CITIZENS BANK,1905697,FED,Low Satisfactory,Low Satisfactory,"FIRST CITIZENS BANK(FED,1br,inv=Low Satisfactory,svc=Low Satisfactory)"
2581,Clay,TX,782,survey-weighted,1,2,Prosperity Bank,38274790,FDIC,High Satisfactory,Low Satisfactory,"Prosperity Bank(FDIC,2br,inv=High Satisfactory,svc=Low Satisfactory)"
2582,Jack,TX,782,survey-weighted,1,1,Prosperity Bank,38274790,FDIC,High Satisfactory,Low Satisfactory,"Prosperity Bank(FDIC,1br,inv=High Satisfactory,svc=Low Satisfactory)"
2592,Bollinger,MO,771,survey-weighted,1,2,The Bank of Missouri,2963315,FDIC,Low Satisfactory,High Satisfactory,"The Bank of Missouri(FDIC,2br,inv=Low Satisfactory,svc=High Satisfactory)"
2604,Butler,IA,749,survey-weighted,1,3,Lincoln Savings Bank,1883919,FDIC,Low Satisfactory,Low Satisfactory,"Lincoln Savings Bank(FDIC,3br,inv=Low Satisfactory,svc=Low Satisfactory)"
2606,Wright,IA,749,survey-weighted,1,1,FIRST CITIZENS BANK,1905697,FED,Low Satisfactory,Low Satisfactory,"FIRST CITIZENS BANK(FED,1br,inv=Low Satisfactory,svc=Low Satisfactory)"
2608,Williamsburg city,VA,744,survey-weighted,1,1,PRIMIS BANK,3831355,FED,Low Satisfactory,Low Satisfactory,"PRIMIS BANK(FED,1br,inv=Low Satisfactory,svc=Low Satisfactory)"
2609,Beaverhead,MT,744,survey-weighted,1,1,The Bank of Commerce,2111141,FDIC,Low Satisfactory,High Satisfactory,"The Bank of Commerce(FDIC,1br,inv=Low Satisfactory,svc=High Satisfactory)"
2614,Dickey,ND,738,survey-weighted,1,2,Starion Bank,1720130,FDIC,Low Satisfactory,Low Satisfactory,"Starion Bank(FDIC,2br,inv=Low Satisfactory,svc=Low Satisfactory)"
2616,Boone,NE,735,survey-weighted,1,3,CORNERSTONE BANK,2687176,FED,-,Low Satisfactory,"CORNERSTONE BANK(FED,3br,inv=-,svc=Low Satisfactory)"
2621,Thurston,NE,735,survey-weighted,1,1,EQUITY BANK,3862184,FED,Low Satisfactory,Low Satisfactory,"EQUITY BANK(FED,1br,inv=Low Satisfactory,svc=Low Satisfactory)"
2630,Conejos,CO,718,survey-weighted,1,1,NBH BANK,6948775,FED,-,Low Satisfactory,"NBH BANK(FED,1br,inv=-,svc=Low Satisfactory)"
2634,Marion,GA,709,survey-weighted,1,1,Ameris Bank,23591556,FDIC,High Satisfactory,Low Satisfactory,"Ameris Bank(FDIC,1br,inv=High Satisfactory,svc=Low Satisfactory)"
2636,Schley,GA,709,survey-weighted,1,1,Ameris Bank,23591556,FDIC,High Satisfactory,Low Satisfactory,"Ameris Bank(FDIC,1br,inv=High Satisfactory,svc=Low Satisfactory)"
2639,Menifee,KY,705,survey-weighted,1,1,"Traditional Bank, Inc.",2190086,FDIC,Low Satisfactory,High Satisfactory,"Traditional Bank, Inc.(FDIC,1br,inv=Low Satisfactory,svc=High Satisfactory)"
2642,Galax city,VA,701,survey-weighted,1,1,Carter Bank & Trust,4446729,FDIC,Low Satisfactory,High Satisfactory,"Carter Bank & Trust(FDIC,1br,inv=Low Satisfactory,svc=High Satisfactory)"
2660,Johnson,IL,695,survey-weighted,1,2,Banterra Bank,2726883,FDIC,Low Satisfactory,Low Satisfactory,"Banterra Bank(FDIC,2br,inv=Low Satisfactory,svc=Low Satisfactory)"
2661,Massac,IL,695,survey-weighted,1,1,Banterra Bank,2726883,FDIC,Low Satisfactory,Low Satisfactory,"Banterra Bank(FDIC,1br,inv=Low Satisfactory,svc=Low Satisfactory)"
2672,Upton,TX,687,survey-weighted,1,1,American Momentum Bank,2579369,FDIC,High Satisfactory,Low Satisfactory,"American Momentum Bank(FDIC,1br,inv=High Satisfactory,svc=Low Satisfactory)"
2675,Gates,NC,687,survey-weighted,1,1,Southern Bank and Trust Company,4758607,FDIC,High Satisfactory,Low Satisfactory,"Southern Bank and Trust Company(FDIC,1br,inv=High Satisfactory,svc=Low Satisfactory)"
2681,Reynolds,MO,677,survey-weighted,1,1,Great Southern Bank,5723662,FDIC,High Satisfactory,Low Satisfactory,"Great Southern Bank(FDIC,1br,inv=High Satisfactory,svc=Low Satisfactory)"
2684,Kanabec,MN,675,survey-weighted,1,1,FIRST CITIZENS BANK,1905697,FED,Low Satisfactory,Low Satisfactory,"FIRST CITIZENS BANK(FED,1br,inv=Low Satisfactory,svc=Low Satisfactory)"
2686,Clay,NE,667,survey-weighted,1,6,CORNERSTONE BANK,2687176,FED,-,Low Satisfactory,"CORNERSTONE BANK(FED,6br,inv=-,svc=Low Satisfactory)"
2687,Franklin,NE,667,survey-weighted,1,2,CORNERSTONE BANK,2687176,FED,-,Low Satisfactory,"CORNERSTONE BANK(FED,2br,inv=-,svc=Low Satisfactory)"
2688,Kearney,NE,667,survey-weighted,1,1,CORNERSTONE BANK,2687176,FED,-,Low Satisfactory,"CORNERSTONE BANK(FED,1br,inv=-,svc=Low Satisfactory)"
2690,Webster,NE,667,survey-weighted,1,1,CORNERSTONE BANK,2687176,FED,-,Low Satisfactory,"CORNERSTONE BANK(FED,1br,inv=-,svc=Low Satisfactory)"
2691,Bailey,TX,666,survey-weighted,1,1,CENTENNIAL BANK,22808174,FED,-,Low Satisfactory,"CENTENNIAL BANK(FED,1br,inv=-,svc=Low Satisfactory)"
2692,Floyd,TX,666,survey-weighted,2,2,Prosperity Bank,38274790,FDIC,High Satisfactory,Low Satisfactory,"Prosperity Bank(FDIC,1br,inv=High Satisfactory,svc=Low Satisfactory); CENTENNIAL BANK(FED,1br,inv=-,svc=Low Satisfactory)"
2694,Dade,MO,665,survey-weighted,2,2,SIMMONS BANK,26749112,FED,-,Low Satisfactory,"SIMMONS BANK(FED,1br,inv=-,svc=Low Satisfactory); Great Southern Bank(FDIC,1br,inv=High Satisfactory,svc=Low Satisfactory)"
2704,Brooks,TX,660,survey-weighted,1,1,TEXAS REGIONAL BANK,2660302,FED,Low Satisfactory,-,"TEXAS REGIONAL BANK(FED,1br,inv=Low Satisfactory,svc=-)"
2719,Schuyler,IL,649,survey-weighted,1,1,Morton Community Bank,5467281,FDIC,High Satisfactory,Low Satisfactory,"Morton Community Bank(FDIC,1br,inv=High Satisfactory,svc=Low Satisfactory)"
2726,Essex,VA,641,survey-weighted,1,2,PRIMIS BANK,3831355,FED,Low Satisfactory,Low Satisfactory,"PRIMIS BANK(FED,2br,inv=Low Satisfactory,svc=Low Satisfactory)"
2728,Bath,VA,640,survey-weighted,1,1,Burke & Herbert Bank & Trust Company,3563307,FDIC,Low Satisfactory,High Satisfactory,"Burke & Herbert Bank & Trust Company(FDIC,1br,inv=Low Satisfactory,svc=High Satisfactory)"
2739,Miller,GA,636,survey-weighted,1,1,Ameris Bank,23591556,FDIC,High Satisfactory,Low Satisfactory,"Ameris Bank(FDIC,1br,inv=High Satisfactory,svc=Low Satisfactory)"
2740,Seminole,GA,636,survey-weighted,1,1,Ameris Bank,23591556,FDIC,High Satisfactory,Low Satisfactory,"Ameris Bank(FDIC,1br,inv=High Satisfactory,svc=Low Satisfactory)"
2741,Adair,IA,632,survey-weighted,1,1,Great Southern Bank,5723662,FDIC,High Satisfactory,Low Satisfactory,"Great Southern Bank(FDIC,1br,inv=High Satisfactory,svc=Low Satisfactory)"
2744,Butler,NE,631,survey-weighted,2,2,Union Bank and Trust Company,8799880,FDIC,Low Satisfactory,Outstanding,"Union Bank and Trust Company(FDIC,1br,inv=Low Satisfactory,svc=Outstanding); CORNERSTONE BANK(FED,1br,inv=-,svc=Low Satisfactory)"
2745,Jefferson,NE,631,survey-weighted,1,1,Union Bank and Trust Company,8799880,FDIC,Low Satisfactory,Outstanding,"Union Bank and Trust Company(FDIC,1br,inv=Low Satisfactory,svc=Outstanding)"
2746,Richardson,NE,631,survey-weighted,1,1,EQUITY BANK,3862184,FED,Low Satisfactory,Low Satisfactory,"EQUITY BANK(FED,1br,inv=Low Satisfactory,svc=Low Satisfactory)"
2751,Coleman,TX,625,survey-weighted,1,1,INTERBANK,4193164,FED,Low Satisfactory,-,"INTERBANK(FED,1br,inv=Low Satisfactory,svc=-)"
2752,Stephens,TX,625,survey-weighted,1,1,INTERBANK,4193164,FED,Low Satisfactory,-,"INTERBANK(FED,1br,inv=Low Satisfactory,svc=-)"
2764,Carson,TX,607,survey-weighted,1,2,CENTENNIAL BANK,22808174,FED,-,Low Satisfactory,"CENTENNIAL BANK(FED,2br,inv=-,svc=Low Satisfactory)"
2765,Childress,TX,607,survey-weighted,2,2,INTERBANK,4193164,FED,Low Satisfactory,-,"INTERBANK(FED,1br,inv=Low Satisfactory,svc=-); First United Bank(FDIC,1br,inv=High Satisfactory,svc=Low Satisfactory)"
2766,Dallam,TX,607,survey-weighted,1,2,CENTENNIAL BANK,22808174,FED,-,Low Satisfactory,"CENTENNIAL BANK(FED,2br,inv=-,svc=Low Satisfactory)"
2769,Lipscomb,TX,607,survey-weighted,1,1,INTERBANK,4193164,FED,Low Satisfactory,-,"INTERBANK(FED,1br,inv=Low Satisfactory,svc=-)"
2770,Parmer,TX,607,survey-weighted,2,2,CENTENNIAL BANK,22808174,FED,-,Low Satisfactory,"CENTENNIAL BANK(FED,1br,inv=-,svc=Low Satisfactory); INTERBANK(FED,1br,inv=Low Satisfactory,svc=-)"
2771,Wheeler,TX,607,survey-weighted,1,2,CENTENNIAL BANK,22808174,FED,-,Low Satisfactory,"CENTENNIAL BANK(FED,2br,inv=-,svc=Low Satisfactory)"
2772,Doddridge,WV,606,survey-weighted,1,1,Burke & Herbert Bank & Trust Company,3563307,FDIC,Low Satisfactory,High Satisfactory,"Burke & Herbert Bank & Trust Company(FDIC,1br,inv=Low Satisfactory,svc=High Satisfactory)"
2773,Pleasants,WV,606,survey-weighted,1,1,FIRST COMMUNITY BANK,3213604,FED,-,Low Satisfactory,"FIRST COMMUNITY BANK(FED,1br,inv=-,svc=Low Satisfactory)"
2776,Grundy,IA,599,survey-weighted,1,1,Lincoln Savings Bank,1883919,FDIC,Low Satisfactory,Low Satisfactory,"Lincoln Savings Bank(FDIC,1br,inv=Low Satisfactory,svc=Low Satisfactory)"
2777,Humboldt,IA,599,survey-weighted,1,2,BANK IOWA,2117855,FED,Low Satisfactory,Low Satisfactory,"BANK IOWA(FED,2br,inv=Low Satisfactory,svc=Low Satisfactory)"
2778,Fulton,PA,599,survey-weighted,1,2,Farmers and Merchants Trust Company of Chambersburg,1827377,FDIC,Low Satisfactory,High Satisfactory,"Farmers and Merchants Trust Company of Chambersburg(FDIC,2br,inv=Low Satisfactory,svc=High Satisfactory)"
2782,Bottineau,ND,592,survey-weighted,1,1,Starion Bank,1720130,FDIC,Low Satisfactory,Low Satisfactory,"Starion Bank(FDIC,1br,inv=Low Satisfactory,svc=Low Satisfactory)"
2802,Hamilton,NE,555,survey-weighted,1,3,CORNERSTONE BANK,2687176,FED,-,Low Satisfactory,"CORNERSTONE BANK(FED,3br,inv=-,svc=Low Satisfactory)"
2803,Merrick,NE,555,survey-weighted,1,1,CORNERSTONE BANK,2687176,FED,-,Low Satisfactory,"CORNERSTONE BANK(FED,1br,inv=-,svc=Low Satisfactory)"
2804,Atchison,MO,543,survey-weighted,1,1,NBH BANK,6948775,FED,-,Low Satisfactory,"NBH BANK(FED,1br,inv=-,svc=Low Satisfactory)"
2809,Schuyler,MO,543,survey-weighted,1,1,EQUITY BANK,3862184,FED,Low Satisfactory,Low Satisfactory,"EQUITY BANK(FED,1br,inv=Low Satisfactory,svc=Low Satisfactory)"
2816,Franklin,ID,525,survey-weighted,1,1,Cache Valley Bank,3281738,FDIC,High Satisfactory,Low Satisfactory,"Cache Valley Bank(FDIC,1br,inv=High Satisfactory,svc=Low Satisfactory)"
2817,Power,ID,525,survey-weighted,1,1,The Bank of Commerce,2111141,FDIC,Low Satisfactory,High Satisfactory,"The Bank of Commerce(FDIC,1br,inv=Low Satisfactory,svc=High Satisfactory)"
2824,Hamilton,IL,522,survey-weighted,1,1,Banterra Bank,2726883,FDIC,Low Satisfactory,Low Satisfactory,"Banterra Bank(FDIC,1br,inv=Low Satisfactory,svc=Low Satisfactory)"
2825,Baylor,TX,521,survey-weighted,1,1,INTERBANK,4193164,FED,Low Satisfactory,-,"INTERBANK(FED,1br,inv=Low Satisfactory,svc=-)"
2833,Juab,UT,512,survey-weighted,2,2,Cache Valley Bank,3281738,FDIC,High Satisfactory,Low Satisfactory,"Cache Valley Bank(FDIC,1br,inv=High Satisfactory,svc=Low Satisfactory); Central Bank(FDIC,1br,inv=Low Satisfactory,svc=High Satisfactory)"
2847,Huerfano,CO,505,survey-weighted,1,1,NBH BANK,6948775,FED,-,Low Satisfactory,"NBH BANK(FED,1br,inv=-,svc=Low Satisfactory)"
2848,Lake,CO,505,survey-weighted,1,1,NBH BANK,6948775,FED,-,Low Satisfactory,"NBH BANK(FED,1br,inv=-,svc=Low Satisfactory)"
2851,Scotland,MO,503,survey-weighted,1,1,EQUITY BANK,3862184,FED,Low Satisfactory,Low Satisfactory,"EQUITY BANK(FED,1br,inv=Low Satisfactory,svc=Low Satisfactory)"
2856,Pierce,ND,492,survey-weighted,1,1,First International Bank & Trust,4876751,FDIC,Low Satisfactory,Low Satisfactory,"First International Bank & Trust(FDIC,1br,inv=Low Satisfactory,svc=Low Satisfactory)"
2858,Wells,ND,492,survey-weighted,1,2,First International Bank & Trust,4876751,FDIC,Low Satisfactory,Low Satisfactory,"First International Bank & Trust(FDIC,2br,inv=Low Satisfactory,svc=Low Satisfactory)"
2860,McMullen,TX,490,survey-weighted,1,1,SIMMONS BANK,26749112,FED,-,Low Satisfactory,"SIMMONS BANK(FED,1br,inv=-,svc=Low Satisfactory)"
2869,Ramsey,ND,472,survey-weighted,1,1,Western State Bank,2072686,FDIC,Low Satisfactory,High Satisfactory,"Western State Bank(FDIC,1br,inv=Low Satisfactory,svc=High Satisfactory)"
2891,Real,TX,447,survey-weighted,1,2,First State Bank of Uvalde,1823649,FDIC,Outstanding,Low Satisfactory,"First State Bank of Uvalde(FDIC,2br,inv=Outstanding,svc=Low Satisfactory)"
2906,Franklin city,VA,423,survey-weighted,2,5,Carter Bank & Trust,4446729,FDIC,Low Satisfactory,High Satisfactory,"Carter Bank & Trust(FDIC,4br,inv=Low Satisfactory,svc=High Satisfactory); FIRST BANK AND TRUST COMPANY THE(FED,1br,inv=Low Satisfactory,svc=Low Satisfactory)"
2907,Fillmore,NE,421,survey-weighted,1,1,CORNERSTONE BANK,2687176,FED,-,Low Satisfactory,"CORNERSTONE BANK(FED,1br,inv=-,svc=Low Satisfactory)"
2909,Nemaha,NE,421,survey-weighted,1,1,Union Bank and Trust Company,8799880,FDIC,Low Satisfactory,Outstanding,"Union Bank and Trust Company(FDIC,1br,inv=Low Satisfactory,svc=Outstanding)"
2910,Polk,NE,421,survey-weighted,1,2,CORNERSTONE BANK,2687176,FED,-,Low Satisfactory,"CORNERSTONE BANK(FED,2br,inv=-,svc=Low Satisfactory)"
2911,Thayer,NE,421,survey-weighted,1,1,CORNERSTONE BANK,2687176,FED,-,Low Satisfactory,"CORNERSTONE BANK(FED,1br,inv=-,svc=Low Satisfactory)"
2915,Haskell,TX,417,survey-weighted,1,1,First United Bank,2195446,FDIC,High Satisfactory,Low Satisfactory,"First United Bank(FDIC,1br,inv=High Satisfactory,svc=Low Satisfactory)"
2922,Phillips,CO,407,survey-weighted,1,1,Bank of Colorado,7572545,FDIC,Low Satisfactory,High Satisfactory,"Bank of Colorado(FDIC,1br,inv=Low Satisfactory,svc=High Satisfactory)"
2923,Washington,CO,407,survey-weighted,1,1,Bank of Colorado,7572545,FDIC,Low Satisfactory,High Satisfactory,"Bank of Colorado(FDIC,1br,inv=Low Satisfactory,svc=High Satisfactory)"
2924,Yuma,CO,407,survey-weighted,1,2,Bank of Colorado,7572545,FDIC,Low Satisfactory,High Satisfactory,"Bank of Colorado(FDIC,2br,inv=Low Satisfactory,svc=High Satisfactory)"
2937,Surry,VA,383,survey-weighted,1,1,PRIMIS BANK,3831355,FED,Low Satisfactory,Low Satisfactory,"PRIMIS BANK(FED,1br,inv=Low Satisfactory,svc=Low Satisfactory)"
2939,Cherry,NE,376,survey-weighted,1,1,Union Bank and Trust Company,8799880,FDIC,Low Satisfactory,Outstanding,"Union Bank and Trust Company(FDIC,1br,inv=Low Satisfactory,svc=Outstanding)"
2943,Valley,NE,370,survey-weighted,1,1,CORNERSTONE BANK,2687176,FED,-,Low Satisfactory,"CORNERSTONE BANK(FED,1br,inv=-,svc=Low Satisfactory)"
2945,Cameron,PA,364,survey-weighted,1,1,Citizens & Northern Bank,2311213,FDIC,Low Satisfactory,Low Satisfactory,"Citizens & Northern Bank(FDIC,1br,inv=Low Satisfactory,svc=Low Satisfactory)"
2946,Crane,TX,359,survey-weighted,1,1,American Momentum Bank,2579369,FDIC,High Satisfactory,Low Satisfactory,"American Momentum Bank(FDIC,1br,inv=High Satisfactory,svc=Low Satisfactory)"
2956,Stark,IL,352,survey-weighted,1,1,Morton Community Bank,5467281,FDIC,High Satisfactory,Low Satisfactory,"Morton Community Bank(FDIC,1br,inv=High Satisfactory,svc=Low Satisfactory)"
2968,Gallatin,IL,348,survey-weighted,1,1,Banterra Bank,2726883,FDIC,Low Satisfactory,Low Satisfactory,"Banterra Bank(FDIC,1br,inv=Low Satisfactory,svc=Low Satisfactory)"
2969,Hardin,IL,348,survey-weighted,1,2,Banterra Bank,2726883,FDIC,Low Satisfactory,Low Satisfactory,"Banterra Bank(FDIC,2br,inv=Low Satisfactory,svc=Low Satisfactory)"
2970,Pope,IL,348,survey-weighted,1,1,Banterra Bank,2726883,FDIC,Low Satisfactory,Low Satisfactory,"Banterra Bank(FDIC,1br,inv=Low Satisfactory,svc=Low Satisfactory)"
2974,Gove,KS,344,survey-weighted,1,2,EQUITY BANK,3862184,FED,Low Satisfactory,Low Satisfactory,"EQUITY BANK(FED,2br,inv=Low Satisfactory,svc=Low Satisfactory)"
2980,Norton,KS,344,survey-weighted,1,1,EQUITY BANK,3862184,FED,Low Satisfactory,Low Satisfactory,"EQUITY BANK(FED,1br,inv=Low Satisfactory,svc=Low Satisfactory)"
2984,Sheridan,KS,344,survey-weighted,1,1,EQUITY BANK,3862184,FED,Low Satisfactory,Low Satisfactory,"EQUITY BANK(FED,1br,inv=Low Satisfactory,svc=Low Satisfactory)"
2994,Reagan,TX,344,survey-weighted,1,1,American Momentum Bank,2579369,FDIC,High Satisfactory,Low Satisfactory,"American Momentum Bank(FDIC,1br,inv=High Satisfactory,svc=Low Satisfactory)"
3008,Cochran,TX,333,survey-weighted,1,1,City Bank,4184122,FDIC,Low Satisfactory,Low Satisfactory,"City Bank(FDIC,1br,inv=Low Satisfactory,svc=Low Satisfactory)"
3011,Motley,TX,333,survey-weighted,1,1,CENTENNIAL BANK,22808174,FED,-,Low Satisfactory,"CENTENNIAL BANK(FED,1br,inv=-,svc=Low Satisfactory)"
3034,Dunn,ND,322,survey-weighted,1,1,First International Bank & Trust,4876751,FDIC,Low Satisfactory,Low Satisfactory,"First International Bank & Trust(FDIC,1br,inv=Low Satisfactory,svc=Low Satisfactory)"
3036,Grant,ND,322,survey-weighted,1,1,First International Bank & Trust,4876751,FDIC,Low Satisfactory,Low Satisfactory,"First International Bank & Trust(FDIC,1br,inv=Low Satisfactory,svc=Low Satisfactory)"
3038,Highland,VA,320,survey-weighted,1,1,Burke & Herbert Bank & Trust Company,3563307,FDIC,Low Satisfactory,High Satisfactory,"Burke & Herbert Bank & Trust Company(FDIC,1br,inv=Low Satisfactory,svc=High Satisfactory)"
3043,Briscoe,TX,303,survey-weighted,1,1,CENTENNIAL BANK,22808174,FED,-,Low Satisfactory,"CENTENNIAL BANK(FED,1br,inv=-,svc=Low Satisfactory)"
3045,Hall,TX,303,survey-weighted,1,1,CENTENNIAL BANK,22808174,FED,-,Low Satisfactory,"CENTENNIAL BANK(FED,1br,inv=-,svc=Low Satisfactory)"
3047,Hemphill,TX,303,survey-weighted,2,2,CENTENNIAL BANK,22808174,FED,-,Low Satisfactory,"CENTENNIAL BANK(FED,1br,inv=-,svc=Low Satisfactory); INTERBANK(FED,1br,inv=Low Satisfactory,svc=-)"
3048,Oldham,TX,303,survey-weighted,1,1,INTERBANK,4193164,FED,Low Satisfactory,-,"INTERBANK(FED,1br,inv=Low Satisfactory,svc=-)"
3050,Sherman,TX,303,survey-weighted,1,1,CENTENNIAL BANK,22808174,FED,-,Low Satisfactory,"CENTENNIAL BANK(FED,1br,inv=-,svc=Low Satisfactory)"
3059,Cottle,TX,261,survey-weighted,1,1,First United Bank,2195446,FDIC,High Satisfactory,Low Satisfactory,"First United Bank(FDIC,1br,inv=High Satisfactory,svc=Low Satisfactory)"
3064,Wayne,UT,256,survey-weighted,1,1,Cache Valley Bank,3281738,FDIC,High Satisfactory,Low Satisfactory,"Cache Valley Bank(FDIC,1br,inv=High Satisfactory,svc=Low Satisfactory)"
3093,Falls Church city,VA,240,survey-weighted,1,1,Burke & Herbert Bank & Trust Company,3563307,FDIC,Low Satisfactory,High Satisfactory,"Burke & Herbert Bank & Trust Company(FDIC,1br,inv=Low Satisfactory,svc=High Satisfactory)"
3094,Norton city,VA,239,survey-weighted,1,1,FIRST BANK AND TRUST COMPANY THE,3087425,FED,Low Satisfactory,Low Satisfactory,"FIRST BANK AND TRUST COMPANY THE(FED,1br,inv=Low Satisfactory,svc=Low Satisfactory)"
3107,Pawnee,NE,210,survey-weighted,1,1,Union Bank and Trust Company,8799880,FDIC,Low Satisfactory,Outstanding,"Union Bank and Trust Company(FDIC,1br,inv=Low Satisfactory,svc=Outstanding)"
3111,Throckmorton,TX,208,survey-weighted,1,1,INTERBANK,4193164,FED,Low Satisfactory,-,"INTERBANK(FED,1br,inv=Low Satisfactory,svc=-)"
3112,Dolores,CO,205,survey-weighted,1,1,NBH BANK,6948775,FED,-,Low Satisfactory,"NBH BANK(FED,1br,inv=-,svc=Low Satisfactory)"
3113,Hinsdale,CO,205,survey-weighted,1,1,NBH BANK,6948775,FED,-,Low Satisfactory,"NBH BANK(FED,1br,inv=-,svc=Low Satisfactory)"
3124,Brown,NE,188,survey-weighted,1,1,Union Bank and Trust Company,8799880,FDIC,Low Satisfactory,Outstanding,"Union Bank and Trust Company(FDIC,1br,inv=Low Satisfactory,svc=Outstanding)"
3135,Loup,NE,185,survey-weighted,1,1,Union Bank and Trust Company,8799880,FDIC,Low Satisfactory,Outstanding,"Union Bank and Trust Company(FDIC,1br,inv=Low Satisfactory,svc=Outstanding)"
3136,Sherman,NE,185,survey-weighted,1,1,CORNERSTONE BANK,2687176,FED,-,Low Satisfactory,"CORNERSTONE BANK(FED,1br,inv=-,svc=Low Satisfactory)"
3137,Wheeler,NE,185,survey-weighted,1,1,CORNERSTONE BANK,2687176,FED,-,Low Satisfactory,"CORNERSTONE BANK(FED,1br,inv=-,svc=Low Satisfactory)"
