election_id,election_date,state,jurisdiction_level,jurisdiction_name,office_or_issue,district_name,district_number,election_type,voter_facing,votenow_location_string,search_tokens,source_name,source_url,verification_status,verification_notes,last_verified_at,anomaly_flag
5229f810-b4bd-4825-820f-f12e2a82a203,2026-02-24,ME,state_legislative_district,Maine House of Representatives District 94,Special general election for Maine House of Representatives District 94,Maine House of Representatives District 94,94,special_general,Y,"Maine House of Representatives District 94, ME","maine,house,of,representatives,district,94,me",Ballotpedia Elections Calendar,https://ballotpedia.org/Elections_calendar,needs_official_verification,Source: Ballotpedia calendar — requires confirmation with official state source,,False
709c3263-a2b9-4d3b-a054-e288d2acd5e3,2026-02-24,PA,state_legislative_district,Pennsylvania House of Representatives District 22,Special election for Pennsylvania House of Representatives District 22,Pennsylvania House of Representatives District 22,22,special_general,Y,"Pennsylvania House of Representatives District 22, PA","pennsylvania,house,of,representatives,district,22,pa",Ballotpedia Elections Calendar,https://ballotpedia.org/Elections_calendar,needs_official_verification,Source: Ballotpedia calendar — requires confirmation with official state source,,False
8032392b-e89a-4644-85a0-f96d23efbc87,2026-02-24,PA,state_legislative_district,Pennsylvania House of Representatives District 42,Special election for Pennsylvania House of Representatives District 42,Pennsylvania House of Representatives District 42,42,special_general,Y,"Pennsylvania House of Representatives District 42, PA","pennsylvania,house,of,representatives,district,42,pa",Ballotpedia Elections Calendar,https://ballotpedia.org/Elections_calendar,needs_official_verification,Source: Ballotpedia calendar — requires confirmation with official state source,,False
43414558-d48d-4b9a-a6aa-bb71afef1df0,2026-03-03,AR,state_legislative_district,Arkansas House of Representatives District 70,Special general election for Arkansas House of Representatives District 70,Arkansas House of Representatives District 70,70,special_general,Y,"Arkansas House of Representatives District 70, AR","arkansas,house,of,representatives,district,70,ar",Ballotpedia Elections Calendar,https://ballotpedia.org/Elections_calendar,needs_official_verification,Source: Ballotpedia calendar — requires confirmation with official state source,,False
18eab97c-7601-4379-b118-d04ec591aaf0,2026-03-03,AR,state_legislative_district,Arkansas State Senate District 26,Special general election for Arkansas State Senate District 26,Arkansas State Senate District 26,26,special_general,Y,"Arkansas State Senate District 26, AR","arkansas,state,senate,district,26,ar",Ballotpedia Elections Calendar,https://ballotpedia.org/Elections_calendar,needs_official_verification,Source: Ballotpedia calendar — requires confirmation with official state source,,False
9fe04f8d-1dd2-4dc0-84c1-bba519e83a4e,2026-03-03,AR,recall,Deer-Mount Judea School District,Recall election,Deer-Mount Judea School District,,recall,Y,"Deer-Mount Judea School District, AR","deer,mount,judea,school,district,arkansas,ar",Ballotpedia Elections Calendar,https://ballotpedia.org/Elections_calendar,needs_official_verification,Source: Ballotpedia calendar — requires confirmation with official state source,,False
fba19156-6368-4c2d-a2f1-f631e6911827,2026-03-03,AR,statewide,Statewide,Arkansas statewide nonpartisan general election,Arkansas,,general,Y,AR Statewide,"statewide,arkansas,ar",Ballotpedia Elections Calendar,https://ballotpedia.org/Elections_calendar,needs_official_verification,Source: Ballotpedia calendar — requires confirmation with official state source | Ambiguous statewide listing retained for review | Unusual statewide general timing,,True
446bf610-f181-4a99-a719-b90878645228,2026-03-03,AR,statewide,Statewide,Arkansas statewide primary election,Arkansas statewide primary election,,primary,Y,AR Statewide,"statewide,arkansas,ar",Ballotpedia Elections Calendar,https://ballotpedia.org/Elections_calendar,needs_official_verification,Source: Ballotpedia calendar — requires confirmation with official state source,,False
e5944a31-cdfd-4a25-b93a-26f1b0bf79ce,2026-03-03,KS,city,Wichita,Special election,Wichita,,special_general,Y,"Wichita, KS","wichita,kansas,ks",Ballotpedia Elections Calendar,https://ballotpedia.org/Elections_calendar,needs_official_verification,Source: Ballotpedia calendar — requires confirmation with official state source,,False
c2ba8a85-d0ba-46c5-a21a-abad4daeb83c,2026-03-03,MA,special_district,Massachusetts House of Representatives 5th Essex District,Special primary election for Massachusetts House of Representatives 5th Essex District,Massachusetts House of Representatives 5th Essex District,,special_primary,Y,"Massachusetts House of Representatives 5th Essex District, MA","massachusetts,house,of,representatives,5th,essex,district,ma",Ballotpedia Elections Calendar,https://ballotpedia.org/Elections_calendar,needs_official_verification,Source: Ballotpedia calendar — requires confirmation with official state source,,False
fbd90de4-8f3d-4d88-83b6-1314c4f316c5,2026-03-03,MA,special_district,Massachusetts State Senate 1st Middlesex District,Massachusetts State Senate 1st Middlesex District special general election,Massachusetts State Senate 1st Middlesex District,,special_general,Y,"Massachusetts State Senate 1st Middlesex District, MA","massachusetts,state,senate,1st,middlesex,district,ma",Ballotpedia Elections Calendar,https://ballotpedia.org/Elections_calendar,needs_official_verification,Source: Ballotpedia calendar — requires confirmation with official state source,,False
75c833fd-ccfc-419b-9350-1ec2edd07a51,2026-03-03,NC,school_district,Durham Public Schools,Durham Public Schools general election,Durham Public Schools,,general,Y,"Durham Public Schools, NC","durham,public,schools,north,carolina,nc",Ballotpedia Elections Calendar,https://ballotpedia.org/Elections_calendar,needs_official_verification,Source: Ballotpedia calendar — requires confirmation with official state source,,False
1b1c1b7a-a8d2-4130-aad9-58c53cba0837,2026-03-03,NC,statewide,Statewide,North Carolina statewide primary election,North Carolina statewide primary election,,primary,Y,NC Statewide,"statewide,north,carolina,nc",Ballotpedia Elections Calendar,https://ballotpedia.org/Elections_calendar,needs_official_verification,Source: Ballotpedia calendar — requires confirmation with official state source,,False
a0f0bfb7-8d3f-4261-ae63-2b5ce65b114c,2026-03-03,TX,county,Harris County,Harris county attorney special primary,Harris County,,special_primary,Y,"Harris County, TX","harris,county,texas,tx",Ballotpedia Elections Calendar,https://ballotpedia.org/Elections_calendar,needs_official_verification,Source: Ballotpedia calendar — requires confirmation with official state source,,False
fbeac627-4a7e-4c2f-9a72-1207e0a796d5,2026-03-03,TX,statewide,Statewide,Texas statewide primary election,Texas statewide primary election,,primary,Y,TX Statewide,"statewide,texas,tx",Ballotpedia Elections Calendar,https://ballotpedia.org/Elections_calendar,needs_official_verification,Source: Ballotpedia calendar — requires confirmation with official state source,,False
28707833-f055-485d-9bf0-6bd2e4e4295b,2026-03-03,TX,judicial_district,Texas Appellate Court District 1,Special primary election for Texas First District Court of Appeals Place 4,Texas Appellate Court District 1,1,special_primary,Y,"Texas Appellate Court District 1, TX","texas,appellate,court,district,1,tx",Ballotpedia Elections Calendar,https://ballotpedia.org/Elections_calendar,needs_official_verification,Source: Ballotpedia calendar — requires confirmation with official state source,,False
d319b891-48a3-46d0-8b36-ee894e25a126,2026-03-03,TX,judicial_district,Texas Appellate Court District 12,Special primary election for Texas Twelfth District Court of Appeals Place 3,Texas Appellate Court District 12,12,special_primary,Y,"Texas Appellate Court District 12, TX","texas,appellate,court,district,12,tx",Ballotpedia Elections Calendar,https://ballotpedia.org/Elections_calendar,needs_official_verification,Source: Ballotpedia calendar — requires confirmation with official state source,,False
5552b933-916e-4f85-addd-9ec4f1a8b0df,2026-03-03,TX,county,Travis County Constable-Justice of the Peace District 4,Special primary election for Travis County Constable District 4,Travis County Constable-Justice of the Peace District 4,4,special_primary,Y,"Travis County Constable-Justice of the Peace District 4, TX","travis,county,constable,justice,of,the,peace,district,4,texas,tx",Ballotpedia Elections Calendar,https://ballotpedia.org/Elections_calendar,needs_official_verification,Source: Ballotpedia calendar — requires confirmation with official state source,,False
c06e8043-c9ca-480b-b09c-d1ceaf8c8527,2026-03-03,VA,county,Fairfax County School Board Braddock District,Special election for Fairfax County Public School Board Braddock District,Fairfax County School Board Braddock District,,special_general,Y,"Fairfax County School Board Braddock District, VA","fairfax,county,school,board,braddock,district,virginia,va",Ballotpedia Elections Calendar,https://ballotpedia.org/Elections_calendar,needs_official_verification,Source: Ballotpedia calendar — requires confirmation with official state source,,False
e16fdc12-2e1a-478d-a229-90804c8dca2c,2026-03-03,VT,city,Montpelier,Montpelier general election,Montpelier,,general,Y,"Montpelier, VT","montpelier,vermont,vt",Ballotpedia Elections Calendar,https://ballotpedia.org/Elections_calendar,needs_official_verification,Source: Ballotpedia calendar — requires confirmation with official state source,,False
9e81a11e-7b85-42fe-862b-c55bf265ab1b,2026-03-10,AZ,county,Pima County,"Pima County, Arizona, special election March 2026",Pima County,,special_general,Y,"Pima County, AZ","pima,county,arizona,az",Ballotpedia Elections Calendar,https://ballotpedia.org/Elections_calendar,needs_official_verification,Source: Ballotpedia calendar — requires confirmation with official state source,,False
ed4998e0-158f-4785-86a2-f3855dc372e2,2026-03-10,AZ,statewide,Statewide,General election,Arizona,,general,Y,AZ Statewide,"statewide,arizona,az",Ballotpedia Elections Calendar,https://ballotpedia.org/Elections_calendar,needs_official_verification,Source: Ballotpedia calendar — requires confirmation with official state source | Ambiguous statewide listing retained for review | Unusual statewide general timing,,True
a52c39b0-dd12-4991-96e8-210c620e02d1,2026-03-10,GA,federal_district,Georgia District 14,Special election for U.S. House Georgia District 14,Georgia District 14,14,special_general,Y,"Georgia District 14, GA","georgia,district,14,ga",Ballotpedia Elections Calendar,https://ballotpedia.org/Elections_calendar,needs_official_verification,Source: Ballotpedia calendar — requires confirmation with official state source,,False
90e93c87-6982-48a0-b683-95609b364f13,2026-03-10,GA,state_legislative_district,Georgia House of Representatives District 130,Special general election for Georgia House of Representatives District 130,Georgia House of Representatives District 130,130,special_general,Y,"Georgia House of Representatives District 130, GA","georgia,house,of,representatives,district,130,ga",Ballotpedia Elections Calendar,https://ballotpedia.org/Elections_calendar,needs_official_verification,Source: Ballotpedia calendar — requires confirmation with official state source,,False
a42ea5b4-b736-4511-9863-3f6a2cc905eb,2026-03-10,GA,state_legislative_district,Georgia House of Representatives District 94,Special general election for Georgia House of Representatives District 94,Georgia House of Representatives District 94,94,special_general,Y,"Georgia House of Representatives District 94, GA","georgia,house,of,representatives,district,94,ga",Ballotpedia Elections Calendar,https://ballotpedia.org/Elections_calendar,needs_official_verification,Source: Ballotpedia calendar — requires confirmation with official state source,,False
ac278c33-bd62-408b-8cd5-28e621580fc2,2026-03-10,GA,state_legislative_district,Georgia State Senate District 53,Special general election for Georgia State Senate District 53,Georgia State Senate District 53,53,special_general,Y,"Georgia State Senate District 53, GA","georgia,state,senate,district,53,ga",Ballotpedia Elections Calendar,https://ballotpedia.org/Elections_calendar,needs_official_verification,Source: Ballotpedia calendar — requires confirmation with official state source,,False
6ddc872d-7c6f-430b-a4d2-8cb1e90e7c7b,2026-03-10,MS,statewide,Statewide,Mississippi statewide primary election,Mississippi statewide primary election,,primary,Y,MS Statewide,"statewide,mississippi,ms",Ballotpedia Elections Calendar,https://ballotpedia.org/Elections_calendar,needs_official_verification,Source: Ballotpedia calendar — requires confirmation with official state source,,False
35fe2df6-4595-43a2-a199-40934b4d8f6d,2026-03-10,NH,state_legislative_district,New Hampshire House of Representatives Carroll 7,Special general election for New Hampshire House of Representatives District Carroll 7,New Hampshire House of Representatives Carroll 7,,special_general,Y,"New Hampshire House of Representatives Carroll 7, NH","new,hampshire,house,of,representatives,carroll,7,nh",Ballotpedia Elections Calendar,https://ballotpedia.org/Elections_calendar,needs_official_verification,Source: Ballotpedia calendar — requires confirmation with official state source,,False
45e2c6db-460f-4f7e-90f0-7f4e127f03b4,2026-03-14,LA,state_legislative_district,Louisiana House of Representatives District 100,Louisiana House of Representatives District 100 special general election,Louisiana House of Representatives District 100,100,special_general,Y,"Louisiana House of Representatives District 100, LA","louisiana,house,of,representatives,district,100,la",Ballotpedia Elections Calendar,https://ballotpedia.org/Elections_calendar,needs_official_verification,Source: Ballotpedia calendar — requires confirmation with official state source,,False
d79c9421-8fcb-40ac-90c7-2866121bc3f1,2026-03-14,LA,state_legislative_district,Louisiana House of Representatives District 69,Special primary election for Louisiana House of Representatives District 69,Louisiana House of Representatives District 69,69,special_primary,Y,"Louisiana House of Representatives District 69, LA","louisiana,house,of,representatives,district,69,la",Ballotpedia Elections Calendar,https://ballotpedia.org/Elections_calendar,needs_official_verification,Source: Ballotpedia calendar — requires confirmation with official state source,,False
db5d6eb6-0dda-479d-8920-fe7c2856add7,2026-03-14,LA,state_legislative_district,Louisiana State Senate District 3,Special general election for Louisiana State Senate District 3,Louisiana State Senate District 3,3,special_general,Y,"Louisiana State Senate District 3, LA","louisiana,state,senate,district,3,la",Ballotpedia Elections Calendar,https://ballotpedia.org/Elections_calendar,needs_official_verification,Source: Ballotpedia calendar — requires confirmation with official state source,,False
4ff7f579-4f02-4f1f-a8e6-765374bdee9b,2026-03-17,IL,special_district,Metropolitan Water Reclamation District of Greater Chicago,Special primary for Metropolitan Water Reclamation District of Greater Chicago,Metropolitan Water Reclamation District of Greater Chicago,of,special_primary,Y,"Metropolitan Water Reclamation District of Greater Chicago, IL","metropolitan,water,reclamation,district,of,greater,chicago,illinois,il",Ballotpedia Elections Calendar,https://ballotpedia.org/Elections_calendar,needs_official_verification,Source: Ballotpedia calendar — requires confirmation with official state source,,False
3cc7ba34-7950-4bbb-bee3-beb7c7cf36bd,2026-03-17,IL,statewide,Statewide,Illinois statewide primary election,Illinois statewide primary election,,primary,Y,IL Statewide,"statewide,illinois,il",Ballotpedia Elections Calendar,https://ballotpedia.org/Elections_calendar,needs_official_verification,Source: Ballotpedia calendar — requires confirmation with official state source,,False
cce83348-fd30-46cc-87bd-1a3bc0f728bd,2026-03-17,PA,state_legislative_district,Pennsylvania House of Representatives District 193,Special election for Pennsylvania House of Representatives District 193,Pennsylvania House of Representatives District 193,193,special_general,Y,"Pennsylvania House of Representatives District 193, PA","pennsylvania,house,of,representatives,district,193,pa",Ballotpedia Elections Calendar,https://ballotpedia.org/Elections_calendar,needs_official_verification,Source: Ballotpedia calendar — requires confirmation with official state source,,False
b64fbd06-04df-4153-bb4a-640b470d4dc8,2026-03-17,PA,state_legislative_district,Pennsylvania House of Representatives District 79,Special election for Pennsylvania House of Representatives District 79,Pennsylvania House of Representatives District 79,79,special_general,Y,"Pennsylvania House of Representatives District 79, PA","pennsylvania,house,of,representatives,district,79,pa",Ballotpedia Elections Calendar,https://ballotpedia.org/Elections_calendar,needs_official_verification,Source: Ballotpedia calendar — requires confirmation with official state source,,False
81f9b0dd-5c22-4bd5-b0f1-7c8e1876adbf,2026-03-24,CA,city,Ontario,Special election,Ontario,,special_general,Y,"Ontario, CA","ontario,california,ca",Ballotpedia Elections Calendar,https://ballotpedia.org/Elections_calendar,needs_official_verification,Source: Ballotpedia calendar — requires confirmation with official state source,,False
bf563ebc-04c3-415e-8b88-f03b69c3edff,2026-03-24,FL,state_legislative_district,Florida House of Representatives District 51,Special general election for Florida House of Representatives District 51,Florida House of Representatives District 51,51,special_general,Y,"Florida House of Representatives District 51, FL","florida,house,of,representatives,district,51,fl",Ballotpedia Elections Calendar,https://ballotpedia.org/Elections_calendar,needs_official_verification,Source: Ballotpedia calendar — requires confirmation with official state source,,False
f38d1872-4537-43ec-9842-eb1a338734a2,2026-03-24,FL,state_legislative_district,Florida House of Representatives District 87,Special general election for Florida House of Representatives District 87,Florida House of Representatives District 87,87,special_general,Y,"Florida House of Representatives District 87, FL","florida,house,of,representatives,district,87,fl",Ballotpedia Elections Calendar,https://ballotpedia.org/Elections_calendar,needs_official_verification,Source: Ballotpedia calendar — requires confirmation with official state source,,False
ba383056-c61d-4ab8-97c0-e10002a483cc,2026-03-24,FL,state_legislative_district,Florida State Senate District 14,Special general election for Florida State Senate District 14,Florida State Senate District 14,14,special_general,Y,"Florida State Senate District 14, FL","florida,state,senate,district,14,fl",Ballotpedia Elections Calendar,https://ballotpedia.org/Elections_calendar,needs_official_verification,Source: Ballotpedia calendar — requires confirmation with official state source,,False
95739b00-c1cd-48df-a419-509c60a05c6e,2026-03-31,AR,statewide,Statewide,Arkansas statewide primary runoff election,Arkansas,,runoff,Y,AR Statewide,"statewide,arkansas,ar",Ballotpedia Elections Calendar,https://ballotpedia.org/Elections_calendar,needs_official_verification,Source: Ballotpedia calendar — requires confirmation with official state source,,False
86fb07d2-ff2b-4d34-87e6-85141540146d,2026-03-31,MA,special_district,Massachusetts House of Representatives 5th Essex District,Special general election for Massachusetts House of Representatives 5th Essex District,Massachusetts House of Representatives 5th Essex District,,special_general,Y,"Massachusetts House of Representatives 5th Essex District, MA","massachusetts,house,of,representatives,5th,essex,district,ma",Ballotpedia Elections Calendar,https://ballotpedia.org/Elections_calendar,needs_official_verification,Source: Ballotpedia calendar — requires confirmation with official state source,,False
61167e6a-d29f-4bfd-8455-d414ee8c7c86,2026-04-04,TX,special_district,Houston City Council District C,Special general election for Houston City Council District C,Houston City Council District C,C,special_general,Y,"Houston City Council District C, TX","houston,city,council,district,c,texas,tx",Ballotpedia Elections Calendar,https://ballotpedia.org/Elections_calendar,needs_official_verification,Source: Ballotpedia calendar — requires confirmation with official state source,,False
50a81d93-d9db-463c-9951-a6e6b3de6958,2026-04-04,TX,city,Plano,Special general election runoff for Plano City Council Place 7,Plano,,runoff,Y,"Plano, TX","plano,texas,tx",Ballotpedia Elections Calendar,https://ballotpedia.org/Elections_calendar,needs_official_verification,Source: Ballotpedia calendar — requires confirmation with official state source,,False
6ac86322-3629-4e27-b311-4699fdd97529,2026-04-07,AK,city,Anchorage,Anchorage general election,Anchorage,,general,Y,"Anchorage, AK","anchorage,alaska,ak",Ballotpedia Elections Calendar,https://ballotpedia.org/Elections_calendar,needs_official_verification,Source: Ballotpedia calendar — requires confirmation with official state source,,False
9024b4b1-5a1c-4ae7-9d7c-9738e71252ac,2026-04-07,AK,school_district,Anchorage School District,Anchorage School District general election,Anchorage School District,,general,Y,"Anchorage School District, AK","anchorage,school,district,alaska,ak",Ballotpedia Elections Calendar,https://ballotpedia.org/Elections_calendar,needs_official_verification,Source: Ballotpedia calendar — requires confirmation with official state source,,False
6f82928d-7b46-43f4-8e0a-31ab0ccae96c,2026-04-07,CO,recall,Collbran,Jessica Price recall election,Collbran,,recall,Y,"Collbran, CO","collbran,colorado,co",Ballotpedia Elections Calendar,https://ballotpedia.org/Elections_calendar,needs_official_verification,Source: Ballotpedia calendar — requires confirmation with official state source,,False
46b4456e-fd0f-4f65-b61f-edad36255caa,2026-04-07,GA,state_legislative_district,Georgia House of Representatives District 130,Special general runoff for Georgia House of Representatives District 130,Georgia House of Representatives District 130,130,runoff,Y,"Georgia House of Representatives District 130, GA","georgia,house,of,representatives,district,130,ga",Ballotpedia Elections Calendar,https://ballotpedia.org/Elections_calendar,needs_official_verification,Source: Ballotpedia calendar — requires confirmation with official state source,,False
e3d02344-98b7-4e40-96ae-f9969e4a6209,2026-04-07,GA,state_legislative_district,Georgia House of Representatives District 94,Special general runoff for Georgia House of Representatives District 94,Georgia House of Representatives District 94,94,runoff,Y,"Georgia House of Representatives District 94, GA","georgia,house,of,representatives,district,94,ga",Ballotpedia Elections Calendar,https://ballotpedia.org/Elections_calendar,needs_official_verification,Source: Ballotpedia calendar — requires confirmation with official state source,,False
36279901-fda8-4910-b450-5ded238e780c,2026-04-07,GA,state_legislative_district,Georgia State Senate District 53,Special general runoff for Georgia State Senate District 53,Georgia State Senate District 53,53,runoff,Y,"Georgia State Senate District 53, GA","georgia,state,senate,district,53,ga",Ballotpedia Elections Calendar,https://ballotpedia.org/Elections_calendar,needs_official_verification,Source: Ballotpedia calendar — requires confirmation with official state source,,False
f5e7fd58-52ec-4f5d-9c01-63518b101837,2026-04-07,MO,school_district,Center School District,Center School District general election,Center School District,,general,Y,"Center School District, MO","center,school,district,missouri,mo",Ballotpedia Elections Calendar,https://ballotpedia.org/Elections_calendar,needs_official_verification,Source: Ballotpedia calendar — requires confirmation with official state source,,False
ecb62271-5ff3-432c-a145-2266ebf5f4e2,2026-04-07,MO,county,Clay County,Clay County general election,Clay County,,general,Y,"Clay County, MO","clay,county,missouri,mo",Ballotpedia Elections Calendar,https://ballotpedia.org/Elections_calendar,needs_official_verification,Source: Ballotpedia calendar — requires confirmation with official state source,,False
917f7c2a-e34e-41cc-b4c4-a262bab8061c,2026-04-07,MO,school_district,Grandview C-4 School District,Grandview C-4 School District general election,Grandview C-4 School District,,general,Y,"Grandview C-4 School District, MO","grandview,c,4,school,district,missouri,mo",Ballotpedia Elections Calendar,https://ballotpedia.org/Elections_calendar,needs_official_verification,Source: Ballotpedia calendar — requires confirmation with official state source,,False
9de52255-268d-4022-a8e8-2d1e451edb32,2026-04-07,MO,school_district,Hickman Mills C-1 School District,Hickman Mills C-1 School District general election,Hickman Mills C-1 School District,,general,Y,"Hickman Mills C-1 School District, MO","hickman,mills,c,1,school,district,missouri,mo",Ballotpedia Elections Calendar,https://ballotpedia.org/Elections_calendar,needs_official_verification,Source: Ballotpedia calendar — requires confirmation with official state source,,False
b8e0f117-94d3-46b2-9f72-81b385afb314,2026-04-07,MO,county,Jackson County,Jackson County general election,Jackson County,,general,Y,"Jackson County, MO","jackson,county,missouri,mo",Ballotpedia Elections Calendar,https://ballotpedia.org/Elections_calendar,needs_official_verification,Source: Ballotpedia calendar — requires confirmation with official state source,,False
4bb344ef-428e-4f3c-8709-3eda742100ab,2026-04-07,MO,city,Jefferson City,"General election in Jefferson City, Missouri",Jefferson City,,general,Y,"Jefferson City, MO","jefferson,city,missouri,mo",Ballotpedia Elections Calendar,https://ballotpedia.org/Elections_calendar,needs_official_verification,Source: Ballotpedia calendar — requires confirmation with official state source,,False
b35cdf93-f9e5-4f78-86f9-b868d4ea1abb,2026-04-07,MO,school_district,Liberty Public Schools,Liberty Public Schools general election,Liberty Public Schools,,general,Y,"Liberty Public Schools, MO","liberty,public,schools,missouri,mo",Ballotpedia Elections Calendar,https://ballotpedia.org/Elections_calendar,needs_official_verification,Source: Ballotpedia calendar — requires confirmation with official state source,,False
e6067afc-4db0-453c-abe7-2caace0af4aa,2026-04-07,MO,city,North Kansas City Schools,North Kansas City Schools general election,North Kansas City Schools,,general,Y,"North Kansas City Schools, MO","north,kansas,city,schools,missouri,mo",Ballotpedia Elections Calendar,https://ballotpedia.org/Elections_calendar,needs_official_verification,Source: Ballotpedia calendar — requires confirmation with official state source,,False
58a6a783-2bd5-4a4c-916a-a095c1b45326,2026-04-07,MO,school_district,Park Hill School District,Park Hill School District general election,Park Hill School District,,general,Y,"Park Hill School District, MO","park,hill,school,district,missouri,mo",Ballotpedia Elections Calendar,https://ballotpedia.org/Elections_calendar,needs_official_verification,Source: Ballotpedia calendar — requires confirmation with official state source,,False
d999670e-539c-4321-aa2a-f345865e1e45,2026-04-07,MO,county,Platte County,Platte County general election,Platte County,,general,Y,"Platte County, MO","platte,county,missouri,mo",Ballotpedia Elections Calendar,https://ballotpedia.org/Elections_calendar,needs_official_verification,Source: Ballotpedia calendar — requires confirmation with official state source,,False
a0a3c8ec-85fb-4ca4-b906-9fcf43b532da,2026-04-07,MO,school_district,St. Joseph School District,St. Joseph School District general election,St. Joseph School District,,general,Y,"St. Joseph School District, MO","st,joseph,school,district,missouri,mo",Ballotpedia Elections Calendar,https://ballotpedia.org/Elections_calendar,needs_official_verification,Source: Ballotpedia calendar — requires confirmation with official state source,,False
5ea282ee-f91d-473b-b836-98314e7257ab,2026-04-07,MO,city,St. Louis,"General election in St. Louis, Missouri",St. Louis,,general,Y,"St. Louis, MO","st,louis,missouri,mo",Ballotpedia Elections Calendar,https://ballotpedia.org/Elections_calendar,needs_official_verification,Source: Ballotpedia calendar — requires confirmation with official state source,,False
97198bfe-d38a-4adf-b63b-8484ce50a54b,2026-04-07,MO,special_district,St. Louis Community College Board of Trustees District,General election for St. Louis Community College District,St. Louis Community College Board of Trustees District,,general,Y,"St. Louis Community College Board of Trustees District, MO","st,louis,community,college,board,of,trustees,district,missouri,mo",Ballotpedia Elections Calendar,https://ballotpedia.org/Elections_calendar,needs_official_verification,Source: Ballotpedia calendar — requires confirmation with official state source,,False
be551d4a-f62b-40a3-b8d8-3b033e4a388e,2026-04-07,MS,statewide,Statewide,Mississippi statewide primary runoff election,Mississippi,,runoff,Y,MS Statewide,"statewide,mississippi,ms",Ballotpedia Elections Calendar,https://ballotpedia.org/Elections_calendar,needs_official_verification,Source: Ballotpedia calendar — requires confirmation with official state source,,False
a46c046e-afcd-4eea-aae5-d98e3383e670,2026-04-07,OK,school_district,Crooked Oak Public Schools,Crooked Oak Public Schools general election,Crooked Oak Public Schools,,general,Y,"Crooked Oak Public Schools, OK","crooked,oak,public,schools,oklahoma,ok",Ballotpedia Elections Calendar,https://ballotpedia.org/Elections_calendar,needs_official_verification,Source: Ballotpedia calendar — requires confirmation with official state source,,False
4c5c4faa-c65d-4952-b2d6-edeb498d7778,2026-04-07,OK,school_district,Edmond Public Schools,Edmond Public Schools general election,Edmond Public Schools,,general,Y,"Edmond Public Schools, OK","edmond,public,schools,oklahoma,ok",Ballotpedia Elections Calendar,https://ballotpedia.org/Elections_calendar,needs_official_verification,Source: Ballotpedia calendar — requires confirmation with official state source,,False
420aa529-0e2a-4701-8c2c-93893215fe28,2026-04-07,OK,school_district,Millwood Public Schools,Millwood Public Schools general election,Millwood Public Schools,,general,Y,"Millwood Public Schools, OK","millwood,public,schools,oklahoma,ok",Ballotpedia Elections Calendar,https://ballotpedia.org/Elections_calendar,needs_official_verification,Source: Ballotpedia calendar — requires confirmation with official state source,,False
1674a657-d7fc-4498-ac9d-446c6c7c0cbb,2026-04-07,OK,school_district,Moore Public Schools,Moore Public Schools general election,Moore Public Schools,,general,Y,"Moore Public Schools, OK","moore,public,schools,oklahoma,ok",Ballotpedia Elections Calendar,https://ballotpedia.org/Elections_calendar,needs_official_verification,Source: Ballotpedia calendar — requires confirmation with official state source,,False
12497a88-1dd0-40f2-a457-90066d3897ed,2026-04-07,OK,city,Oklahoma City,Oklahoma City general election runoff,Oklahoma City,,runoff,Y,"Oklahoma City, OK","oklahoma,city,ok",Ballotpedia Elections Calendar,https://ballotpedia.org/Elections_calendar,needs_official_verification,Source: Ballotpedia calendar — requires confirmation with official state source,,False
a86ce503-3da2-4002-9484-cf7eac2df160,2026-04-07,OK,school_district,Oklahoma City Public Schools,Oklahoma City Public Schools general election,Oklahoma City Public Schools,,general,Y,"Oklahoma City Public Schools, OK","oklahoma,city,public,schools,ok",Ballotpedia Elections Calendar,https://ballotpedia.org/Elections_calendar,needs_official_verification,Source: Ballotpedia calendar — requires confirmation with official state source,,False
369bee39-2b4f-4cc5-9a43-93fe4f0fc919,2026-04-07,OK,county,Oklahoma County,Oklahoma County general election,Oklahoma County,,general,Y,"Oklahoma County, OK","oklahoma,county,ok",Ballotpedia Elections Calendar,https://ballotpedia.org/Elections_calendar,needs_official_verification,Source: Ballotpedia calendar — requires confirmation with official state source,,False
2348f823-d39f-4039-b589-16f39b5febc2,2026-04-07,OK,school_district,Tulsa Public Schools,Tulsa Public Schools general election,Tulsa Public Schools,,general,Y,"Tulsa Public Schools, OK","tulsa,public,schools,oklahoma,ok",Ballotpedia Elections Calendar,https://ballotpedia.org/Elections_calendar,needs_official_verification,Source: Ballotpedia calendar — requires confirmation with official state source,,False
14564405-f598-4ce3-b06c-14d33e234740,2026-04-07,OK,city,Tulsa Tech,General election for Tulsa Technology Center Board of Education,Tulsa Tech,,general,Y,"Tulsa Tech, OK","tulsa,tech,oklahoma,ok",Ballotpedia Elections Calendar,https://ballotpedia.org/Elections_calendar,needs_official_verification,Source: Ballotpedia calendar — requires confirmation with official state source,,False
5510aa62-e4be-4e53-aae6-c31ba06b9a20,2026-04-07,WI,statewide,Statewide,Wisconsin spring statewide election,Wisconsin,,general,Y,WI Statewide,"statewide,wisconsin,wi",Ballotpedia Elections Calendar,https://ballotpedia.org/Elections_calendar,needs_official_verification,Source: Ballotpedia calendar — requires confirmation with official state source | Unusual statewide general timing,,True
9e7d9597-cd2b-4fa5-baa9-d78346624ba3,2026-04-10,ME,statewide,Statewide,General election,Maine,,general,Y,ME Statewide,"statewide,maine,me",Ballotpedia Elections Calendar,https://ballotpedia.org/Elections_calendar,needs_official_verification,Source: Ballotpedia calendar — requires confirmation with official state source | Ambiguous statewide listing retained for review | Unusual statewide general timing,,True
6378d1e1-0412-49d1-b0fd-3ae2b63103c5,2026-04-14,CA,special_district,Whitehawk Ranch Community Services District,Whitehawk Ranch Community Services District special election,Whitehawk Ranch Community Services District,,special_general,Y,"Whitehawk Ranch Community Services District, CA","whitehawk,ranch,community,services,district,california,ca",Ballotpedia Elections Calendar,https://ballotpedia.org/Elections_calendar,needs_official_verification,Source: Ballotpedia calendar — requires confirmation with official state source,,False
3795fa2c-82de-4e0b-9f47-8131b9874cb2,2026-04-16,NJ,federal_district,New Jersey District 11,Special general election for U.S. House New Jersey District 11,New Jersey District 11,11,special_general,Y,"New Jersey District 11, NJ","new,jersey,district,11,nj",Ballotpedia Elections Calendar,https://ballotpedia.org/Elections_calendar,needs_official_verification,Source: Ballotpedia calendar — requires confirmation with official state source,,False
4050f438-569b-459e-be49-b87c987986ee,2026-04-18,LA,state_legislative_district,Louisiana House of Representatives District 69,Special general election for Louisiana House of Representatives District 69,Louisiana House of Representatives District 69,69,special_general,Y,"Louisiana House of Representatives District 69, LA","louisiana,house,of,representatives,district,69,la",Ballotpedia Elections Calendar,https://ballotpedia.org/Elections_calendar,needs_official_verification,Source: Ballotpedia calendar — requires confirmation with official state source,,False
3b0cc977-a0fd-4efa-a7b8-d4225d4d268b,2026-04-21,CO,recall,Firestone,Firestone Board of Trustees recall election,Firestone,,recall,Y,"Firestone, CO","firestone,colorado,co",Ballotpedia Elections Calendar,https://ballotpedia.org/Elections_calendar,needs_official_verification,Source: Ballotpedia calendar — requires confirmation with official state source,,False
73daf451-5227-42f9-8fa8-51ea049b2fbf,2026-04-21,NJ,school_district,Newark Public Schools,Newark Public Schools general election,Newark Public Schools,,general,Y,"Newark Public Schools, NJ","newark,public,schools,new,jersey,nj",Ballotpedia Elections Calendar,https://ballotpedia.org/Elections_calendar,needs_official_verification,Source: Ballotpedia calendar — requires confirmation with official state source,,False
51d2d2b4-b2e7-4d28-b2a3-0a08f8dd10d8,2026-04-21,NJ,school_district,Newark Public Schools,Newark Public Schools special election,Newark Public Schools,,special_general,Y,"Newark Public Schools, NJ","newark,public,schools,new,jersey,nj",Ballotpedia Elections Calendar,https://ballotpedia.org/Elections_calendar,needs_official_verification,Source: Ballotpedia calendar — requires confirmation with official state source,,False
989961c5-0533-48f6-bff6-18475ddd1b18,2026-04-21,VA,ballot_measure,Virginia,Virginia special ballot measure election,Virginia,,ballot_measure,Y,"Virginia, VA","virginia,va",Ballotpedia Elections Calendar,https://ballotpedia.org/Elections_calendar,needs_official_verification,Source: Ballotpedia calendar — requires confirmation with official state source,,False
92c8f146-0048-4421-8deb-46bab700cbd6,2026-04-28,NY,special_district,New York City Council District 3,Special general election for New York City Council District 3,New York City Council District 3,3,special_general,Y,"New York City Council District 3, NY","new,york,city,council,district,3,ny",Ballotpedia Elections Calendar,https://ballotpedia.org/Elections_calendar,needs_official_verification,Source: Ballotpedia calendar — requires confirmation with official state source,,False
6e6f0d99-4507-4848-8d1d-1c9f02039710,2026-05-02,TX,school_district,Alamo Heights Independent School District,Alamo Heights Independent School District general election,Alamo Heights Independent School District,,general,Y,"Alamo Heights Independent School District, TX","alamo,heights,independent,school,district,texas,tx",Ballotpedia Elections Calendar,https://ballotpedia.org/Elections_calendar,needs_official_verification,Source: Ballotpedia calendar — requires confirmation with official state source,,False
d36a3b13-a477-43bb-88da-9cbabe3c6a1f,2026-05-02,TX,school_district,Allen Independent School District,Allen Independent School District general election,Allen Independent School District,,general,Y,"Allen Independent School District, TX","allen,independent,school,district,texas,tx",Ballotpedia Elections Calendar,https://ballotpedia.org/Elections_calendar,needs_official_verification,Source: Ballotpedia calendar — requires confirmation with official state source,,False
a230b122-cd73-4d7c-809e-3d376eeae2f7,2026-05-02,TX,city,Arlington,"General election in Arlington, Texas",Arlington,,general,Y,"Arlington, TX","arlington,texas,tx",Ballotpedia Elections Calendar,https://ballotpedia.org/Elections_calendar,needs_official_verification,Source: Ballotpedia calendar — requires confirmation with official state source,,False
ccd77e57-4b83-45d4-9fef-9577f0ca87d6,2026-05-02,TX,school_district,Arlington Independent School District,Arlington Independent School District general election,Arlington Independent School District,,general,Y,"Arlington Independent School District, TX","arlington,independent,school,district,texas,tx",Ballotpedia Elections Calendar,https://ballotpedia.org/Elections_calendar,needs_official_verification,Source: Ballotpedia calendar — requires confirmation with official state source,,False
37df0514-ba46-4881-8e73-7aa11273e32d,2026-05-02,TX,school_district,Burleson Independent School District,Burleson Independent School District general election,Burleson Independent School District,,general,Y,"Burleson Independent School District, TX","burleson,independent,school,district,texas,tx",Ballotpedia Elections Calendar,https://ballotpedia.org/Elections_calendar,needs_official_verification,Source: Ballotpedia calendar — requires confirmation with official state source,,False
bdbea159-0030-424e-be8e-dcb44e9b62ca,2026-05-02,TX,school_district,Carrollton-Farmers Branch Independent School District,Carrollton-Farmers Branch Independent School District general election,Carrollton-Farmers Branch Independent School District,,general,Y,"Carrollton-Farmers Branch Independent School District, TX","carrollton,farmers,branch,independent,school,district,texas,tx",Ballotpedia Elections Calendar,https://ballotpedia.org/Elections_calendar,needs_official_verification,Source: Ballotpedia calendar — requires confirmation with official state source,,False
e0c50732-d807-4120-afd6-ea7ecae2e266,2026-05-02,TX,school_district,Castleberry Independent School District,Castleberry Independent School District general election,Castleberry Independent School District,,general,Y,"Castleberry Independent School District, TX","castleberry,independent,school,district,texas,tx",Ballotpedia Elections Calendar,https://ballotpedia.org/Elections_calendar,needs_official_verification,Source: Ballotpedia calendar — requires confirmation with official state source,,False
f2ac7755-183e-453b-86af-b0d638f0a111,2026-05-02,TX,school_district,Clear Creek Independent School District,Clear Creek Independent School District general election,Clear Creek Independent School District,,general,Y,"Clear Creek Independent School District, TX","clear,creek,independent,school,district,texas,tx",Ballotpedia Elections Calendar,https://ballotpedia.org/Elections_calendar,needs_official_verification,Source: Ballotpedia calendar — requires confirmation with official state source,,False
9998ba87-a310-4bd1-a4ed-9506ecbd80fb,2026-05-02,TX,school_district,Coppell Independent School District,Coppell Independent School District general election,Coppell Independent School District,,general,Y,"Coppell Independent School District, TX","coppell,independent,school,district,texas,tx",Ballotpedia Elections Calendar,https://ballotpedia.org/Elections_calendar,needs_official_verification,Source: Ballotpedia calendar — requires confirmation with official state source,,False
bd8c1416-2498-473a-96f6-d539761fcee3,2026-05-02,TX,school_district,Crowley Independent School District,Crowley Independent School District general election,Crowley Independent School District,,general,Y,"Crowley Independent School District, TX","crowley,independent,school,district,texas,tx",Ballotpedia Elections Calendar,https://ballotpedia.org/Elections_calendar,needs_official_verification,Source: Ballotpedia calendar — requires confirmation with official state source,,False
bf4fe08a-b51d-4378-b7e2-9dac6fd3eb56,2026-05-02,TX,county,Dallas County,"General election in Dallas County, Texas",Dallas County,,general,Y,"Dallas County, TX","dallas,county,texas,tx",Ballotpedia Elections Calendar,https://ballotpedia.org/Elections_calendar,needs_official_verification,Source: Ballotpedia calendar — requires confirmation with official state source,,False
41c3e497-e3c9-48d3-8e95-93e4715d9058,2026-05-02,TX,school_district,Dallas Independent School District,Dallas Independent School District general election,Dallas Independent School District,,general,Y,"Dallas Independent School District, TX","dallas,independent,school,district,texas,tx",Ballotpedia Elections Calendar,https://ballotpedia.org/Elections_calendar,needs_official_verification,Source: Ballotpedia calendar — requires confirmation with official state source,,False
97fcfbf8-0473-42ae-932a-7e0ef66af826,2026-05-02,TX,school_district,Duncanville Independent School District,Duncanville Independent School District general election,Duncanville Independent School District,,general,Y,"Duncanville Independent School District, TX","duncanville,independent,school,district,texas,tx",Ballotpedia Elections Calendar,https://ballotpedia.org/Elections_calendar,needs_official_verification,Source: Ballotpedia calendar — requires confirmation with official state source,,False
ce3fe246-04e9-4671-9470-b72de909e139,2026-05-02,TX,school_district,Eagle Mountain-Saginaw Independent School District,Eagle Mountain-Saginaw Independent School District general election,Eagle Mountain-Saginaw Independent School District,,general,Y,"Eagle Mountain-Saginaw Independent School District, TX","eagle,mountain,saginaw,independent,school,district,texas,tx",Ballotpedia Elections Calendar,https://ballotpedia.org/Elections_calendar,needs_official_verification,Source: Ballotpedia calendar — requires confirmation with official state source,,False
ffc9491f-ea89-4834-a5d3-e8a32ac703a7,2026-05-02,TX,school_district,Eanes Independent School District,Eanes Independent School District general election,Eanes Independent School District,,general,Y,"Eanes Independent School District, TX","eanes,independent,school,district,texas,tx",Ballotpedia Elections Calendar,https://ballotpedia.org/Elections_calendar,needs_official_verification,Source: Ballotpedia calendar — requires confirmation with official state source,,False
3fa8447f-ac4e-47e3-ab8a-0073ec46aa5d,2026-05-02,TX,school_district,Everman Independent School District,Everman Independent School District general election,Everman Independent School District,,general,Y,"Everman Independent School District, TX","everman,independent,school,district,texas,tx",Ballotpedia Elections Calendar,https://ballotpedia.org/Elections_calendar,needs_official_verification,Source: Ballotpedia calendar — requires confirmation with official state source,,False
2196841b-5493-4f33-ae8d-06bbdee25f2e,2026-05-02,TX,school_district,Forney Independent School District,Forney Independent School District general election,Forney Independent School District,,general,Y,"Forney Independent School District, TX","forney,independent,school,district,texas,tx",Ballotpedia Elections Calendar,https://ballotpedia.org/Elections_calendar,needs_official_verification,Source: Ballotpedia calendar — requires confirmation with official state source,,False
b094e83b-24b5-46b1-a9e5-7eb1ba353273,2026-05-02,TX,special_district,Fort Worth City Council District 10,Special general election for Fort Worth City Council District 10,Fort Worth City Council District 10,10,special_general,Y,"Fort Worth City Council District 10, TX","fort,worth,city,council,district,10,texas,tx",Ballotpedia Elections Calendar,https://ballotpedia.org/Elections_calendar,needs_official_verification,Source: Ballotpedia calendar — requires confirmation with official state source,,False
00fa0c58-cb7e-4c68-9b6d-989d5df8aaaa,2026-05-02,TX,school_district,Frenship Independent School District,Frenship Independent School District general election,Frenship Independent School District,,general,Y,"Frenship Independent School District, TX","frenship,independent,school,district,texas,tx",Ballotpedia Elections Calendar,https://ballotpedia.org/Elections_calendar,needs_official_verification,Source: Ballotpedia calendar — requires confirmation with official state source,,False
82e121d8-0ab2-4b62-b684-800e88655861,2026-05-02,TX,school_district,Frisco Independent School District,Frisco Independent School District general election,Frisco Independent School District,,general,Y,"Frisco Independent School District, TX","frisco,independent,school,district,texas,tx",Ballotpedia Elections Calendar,https://ballotpedia.org/Elections_calendar,needs_official_verification,Source: Ballotpedia calendar — requires confirmation with official state source,,False
4ea1fb21-8afe-4b8f-9502-3a627ca02b5d,2026-05-02,TX,school_district,Galena Park Independent School District,Galena Park Independent School District general election,Galena Park Independent School District,,general,Y,"Galena Park Independent School District, TX","galena,park,independent,school,district,texas,tx",Ballotpedia Elections Calendar,https://ballotpedia.org/Elections_calendar,needs_official_verification,Source: Ballotpedia calendar — requires confirmation with official state source,,False
7eeea390-7306-4863-a972-6b16bc82766f,2026-05-02,TX,city,Garland,"General election in Garland, Texas",Garland,,general,Y,"Garland, TX","garland,texas,tx",Ballotpedia Elections Calendar,https://ballotpedia.org/Elections_calendar,needs_official_verification,Source: Ballotpedia calendar — requires confirmation with official state source,,False
aa6d5a1f-3067-4a47-9381-8e8f8cea95eb,2026-05-02,TX,school_district,Garland Independent School District,Garland Independent School District general election,Garland Independent School District,,general,Y,"Garland Independent School District, TX","garland,independent,school,district,texas,tx",Ballotpedia Elections Calendar,https://ballotpedia.org/Elections_calendar,needs_official_verification,Source: Ballotpedia calendar — requires confirmation with official state source,,False
c2eb2ac0-c242-4420-987b-404a20a1d6fc,2026-05-02,TX,school_district,Grand Prairie Independent School District,Grand Prairie Independent School District general election,Grand Prairie Independent School District,,general,Y,"Grand Prairie Independent School District, TX","grand,prairie,independent,school,district,texas,tx",Ballotpedia Elections Calendar,https://ballotpedia.org/Elections_calendar,needs_official_verification,Source: Ballotpedia calendar — requires confirmation with official state source,,False
f68b3410-83ec-4071-a8b7-b6e659e4ad83,2026-05-02,TX,school_district,Hays Consolidated Independent School District,Hays Consolidated Independent School District general election,Hays Consolidated Independent School District,,general,Y,"Hays Consolidated Independent School District, TX","hays,consolidated,independent,school,district,texas,tx",Ballotpedia Elections Calendar,https://ballotpedia.org/Elections_calendar,needs_official_verification,Source: Ballotpedia calendar — requires confirmation with official state source,,False
568829d4-cec0-4599-be0e-37456b4a2ee1,2026-05-02,TX,school_district,Highland Park Independent School District (Dallas),Highland Park Independent School District (Dallas) general election,Highland Park Independent School District (Dallas),,general,Y,"Highland Park Independent School District (Dallas), TX","highland,park,independent,school,district,dallas,texas,tx",Ballotpedia Elections Calendar,https://ballotpedia.org/Elections_calendar,needs_official_verification,Source: Ballotpedia calendar — requires confirmation with official state source,,False
3c701378-886f-4048-a400-0566169dc59a,2026-05-02,TX,school_district,Idalou Independent School District,Idalou Independent School District general election,Idalou Independent School District,,general,Y,"Idalou Independent School District, TX","idalou,independent,school,district,texas,tx",Ballotpedia Elections Calendar,https://ballotpedia.org/Elections_calendar,needs_official_verification,Source: Ballotpedia calendar — requires confirmation with official state source,,False
60bdea00-d576-44c1-b5f1-6449f0a50cae,2026-05-02,TX,city,Irving,"General election in Irving, Texas",Irving,,general,Y,"Irving, TX","irving,texas,tx",Ballotpedia Elections Calendar,https://ballotpedia.org/Elections_calendar,needs_official_verification,Source: Ballotpedia calendar — requires confirmation with official state source,,False
58398c81-2303-4ff7-b2b9-96d2d964a667,2026-05-02,TX,special_district,Irving City Council District 6,Special election for Irving City Council Place 6,Irving City Council District 6,6,special_general,Y,"Irving City Council District 6, TX","irving,city,council,district,6,texas,tx",Ballotpedia Elections Calendar,https://ballotpedia.org/Elections_calendar,needs_official_verification,Source: Ballotpedia calendar — requires confirmation with official state source,,False
cb183138-dde3-4711-a68e-de00a64ee0b6,2026-05-02,TX,school_district,Irving Independent School District,Irving Independent School District general election,Irving Independent School District,,general,Y,"Irving Independent School District, TX","irving,independent,school,district,texas,tx",Ballotpedia Elections Calendar,https://ballotpedia.org/Elections_calendar,needs_official_verification,Source: Ballotpedia calendar — requires confirmation with official state source,,False
782fc4d2-c1fd-405d-b8ec-b4a90a4ee111,2026-05-02,TX,school_district,Katy Independent School District,Katy Independent School District general election,Katy Independent School District,,general,Y,"Katy Independent School District, TX","katy,independent,school,district,texas,tx",Ballotpedia Elections Calendar,https://ballotpedia.org/Elections_calendar,needs_official_verification,Source: Ballotpedia calendar — requires confirmation with official state source,,False
679e66ea-2258-43ed-bc36-c5451fb57a03,2026-05-02,TX,school_district,Kennedale Independent School District,Kennedale Independent School District general election,Kennedale Independent School District,,general,Y,"Kennedale Independent School District, TX","kennedale,independent,school,district,texas,tx",Ballotpedia Elections Calendar,https://ballotpedia.org/Elections_calendar,needs_official_verification,Source: Ballotpedia calendar — requires confirmation with official state source,,False
0d03fa61-84e9-48ee-8e64-721928cf3ac5,2026-05-02,TX,school_district,Killeen Independent School District,Killeen Independent School District general election,Killeen Independent School District,,general,Y,"Killeen Independent School District, TX","killeen,independent,school,district,texas,tx",Ballotpedia Elections Calendar,https://ballotpedia.org/Elections_calendar,needs_official_verification,Source: Ballotpedia calendar — requires confirmation with official state source,,False
0c66d776-1662-4ed5-a88f-6b78f320c415,2026-05-02,TX,recall,Kingsville,Recall election,Kingsville,,recall,Y,"Kingsville, TX","kingsville,texas,tx",Ballotpedia Elections Calendar,https://ballotpedia.org/Elections_calendar,needs_official_verification,Source: Ballotpedia calendar — requires confirmation with official state source,,False
5d50e510-39d2-4209-8fcf-591cb57eed60,2026-05-02,TX,school_district,Lancaster Independent School District,Lancaster Independent School District general election,Lancaster Independent School District,,general,Y,"Lancaster Independent School District, TX","lancaster,independent,school,district,texas,tx",Ballotpedia Elections Calendar,https://ballotpedia.org/Elections_calendar,needs_official_verification,Source: Ballotpedia calendar — requires confirmation with official state source,,False
048365f1-0091-4b2e-8a28-ca05c802c44c,2026-05-02,TX,school_district,Lewisville Independent School District,Lewisville Independent School District general election,Lewisville Independent School District,,general,Y,"Lewisville Independent School District, TX","lewisville,independent,school,district,texas,tx",Ballotpedia Elections Calendar,https://ballotpedia.org/Elections_calendar,needs_official_verification,Source: Ballotpedia calendar — requires confirmation with official state source,,False
8b91efcc-413d-4281-8198-17ba210f7efc,2026-05-02,TX,city,Lubbock,"General election in Lubbock, Texas",Lubbock,,general,Y,"Lubbock, TX","lubbock,texas,tx",Ballotpedia Elections Calendar,https://ballotpedia.org/Elections_calendar,needs_official_verification,Source: Ballotpedia calendar — requires confirmation with official state source,,False
b68f658a-d7c8-4b4b-8caf-6c7786a7595e,2026-05-02,TX,school_district,Lubbock Independent School District,Lubbock Independent School District general election,Lubbock Independent School District,,general,Y,"Lubbock Independent School District, TX","lubbock,independent,school,district,texas,tx",Ballotpedia Elections Calendar,https://ballotpedia.org/Elections_calendar,needs_official_verification,Source: Ballotpedia calendar — requires confirmation with official state source,,False
16f5d9b7-d189-4003-b8e2-4bbdb136bcab,2026-05-02,TX,school_district,Lubbock-Cooper Independent School District,Lubbock-Cooper Independent School District general election,Lubbock-Cooper Independent School District,,general,Y,"Lubbock-Cooper Independent School District, TX","lubbock,cooper,independent,school,district,texas,tx",Ballotpedia Elections Calendar,https://ballotpedia.org/Elections_calendar,needs_official_verification,Source: Ballotpedia calendar — requires confirmation with official state source,,False
f59140b9-abac-42c9-aa97-916a78665ff6,2026-05-02,TX,school_district,Mansfield Independent School District,Mansfield Independent School District general election,Mansfield Independent School District,,general,Y,"Mansfield Independent School District, TX","mansfield,independent,school,district,texas,tx",Ballotpedia Elections Calendar,https://ballotpedia.org/Elections_calendar,needs_official_verification,Source: Ballotpedia calendar — requires confirmation with official state source,,False
6d55efbc-6d08-4e0c-8657-a69cae0cc077,2026-05-02,TX,school_district,Mesquite Independent School District,Mesquite Independent School District general election,Mesquite Independent School District,,general,Y,"Mesquite Independent School District, TX","mesquite,independent,school,district,texas,tx",Ballotpedia Elections Calendar,https://ballotpedia.org/Elections_calendar,needs_official_verification,Source: Ballotpedia calendar — requires confirmation with official state source,,False
41752eb7-c3bc-460c-83bc-fe9178d06d57,2026-05-02,TX,school_district,New Deal Independent School District,New Deal Independent School District general election,New Deal Independent School District,,general,Y,"New Deal Independent School District, TX","new,deal,independent,school,district,texas,tx",Ballotpedia Elections Calendar,https://ballotpedia.org/Elections_calendar,needs_official_verification,Source: Ballotpedia calendar — requires confirmation with official state source,,False
4c432789-8fcd-4ace-b5f9-e35cb0cb35b3,2026-05-02,TX,school_district,North East Independent School District,North East Independent School District general election,North East Independent School District,,general,Y,"North East Independent School District, TX","north,east,independent,school,district,texas,tx",Ballotpedia Elections Calendar,https://ballotpedia.org/Elections_calendar,needs_official_verification,Source: Ballotpedia calendar — requires confirmation with official state source,,False
a4b4318b-c0f3-482d-8b21-ae3aed17107e,2026-05-02,TX,school_district,Northwest Independent School District,Northwest Independent School District general election,Northwest Independent School District,,general,Y,"Northwest Independent School District, TX","northwest,independent,school,district,texas,tx",Ballotpedia Elections Calendar,https://ballotpedia.org/Elections_calendar,needs_official_verification,Source: Ballotpedia calendar — requires confirmation with official state source,,False
0d188873-413d-43df-b178-094920341eca,2026-05-02,TX,school_district,Port Aransas Independent School District,Port Aransas Independent School District general election,Port Aransas Independent School District,,general,Y,"Port Aransas Independent School District, TX","port,aransas,independent,school,district,texas,tx",Ballotpedia Elections Calendar,https://ballotpedia.org/Elections_calendar,needs_official_verification,Source: Ballotpedia calendar — requires confirmation with official state source,,False
e9e31a37-5d63-4216-8bbe-f0cf1d4d55f6,2026-05-02,TX,school_district,Richardson Independent School District,Richardson Independent School District general election,Richardson Independent School District,,general,Y,"Richardson Independent School District, TX","richardson,independent,school,district,texas,tx",Ballotpedia Elections Calendar,https://ballotpedia.org/Elections_calendar,needs_official_verification,Source: Ballotpedia calendar — requires confirmation with official state source,,False
18f6386a-ccdc-44a6-a43d-2d9f23e5884e,2026-05-02,TX,school_district,Rockport-Fulton Independent School District,Rockport-Fulton Independent School District general election,Rockport-Fulton Independent School District,,general,Y,"Rockport-Fulton Independent School District, TX","rockport,fulton,independent,school,district,texas,tx",Ballotpedia Elections Calendar,https://ballotpedia.org/Elections_calendar,needs_official_verification,Source: Ballotpedia calendar — requires confirmation with official state source,,False
825fee31-63f2-43b2-a68b-ce70f16cbe8a,2026-05-02,TX,school_district,Rockwall Independent School District,Rockwall Independent School District general election,Rockwall Independent School District,,general,Y,"Rockwall Independent School District, TX","rockwall,independent,school,district,texas,tx",Ballotpedia Elections Calendar,https://ballotpedia.org/Elections_calendar,needs_official_verification,Source: Ballotpedia calendar — requires confirmation with official state source,,False
0198f159-ffad-4aff-9b55-b7b29e28c076,2026-05-02,TX,school_district,Roosevelt Independent School District,Roosevelt Independent School District general election,Roosevelt Independent School District,,general,Y,"Roosevelt Independent School District, TX","roosevelt,independent,school,district,texas,tx",Ballotpedia Elections Calendar,https://ballotpedia.org/Elections_calendar,needs_official_verification,Source: Ballotpedia calendar — requires confirmation with official state source,,False
dee35613-6fa9-4985-ac52-52e725f07cb8,2026-05-02,TX,school_district,Southwest Independent School District,Southwest Independent School District general election,Southwest Independent School District,,general,Y,"Southwest Independent School District, TX","southwest,independent,school,district,texas,tx",Ballotpedia Elections Calendar,https://ballotpedia.org/Elections_calendar,needs_official_verification,Source: Ballotpedia calendar — requires confirmation with official state source,,False
359e9ff6-bc9f-4bc9-8007-a0bbe4133fa6,2026-05-02,TX,school_district,Spring Branch Independent School District,Spring Branch Independent School District general election,Spring Branch Independent School District,,general,Y,"Spring Branch Independent School District, TX","spring,branch,independent,school,district,texas,tx",Ballotpedia Elections Calendar,https://ballotpedia.org/Elections_calendar,needs_official_verification,Source: Ballotpedia calendar — requires confirmation with official state source,,False
788572fc-ece3-4d7f-8c69-6d046732cfbe,2026-05-02,TX,state_legislative_district,Texas State Senate District 4,Texas State Senate District 4 special general election,Texas State Senate District 4,4,special_general,Y,"Texas State Senate District 4, TX","texas,state,senate,district,4,tx",Ballotpedia Elections Calendar,https://ballotpedia.org/Elections_calendar,needs_official_verification,Source: Ballotpedia calendar — requires confirmation with official state source,,False
c49b62ec-fc3c-49ec-a369-68b517f22a45,2026-05-02,TX,county,Travis County,"General election in Travis County, Texas",Travis County,,general,Y,"Travis County, TX","travis,county,texas,tx",Ballotpedia Elections Calendar,https://ballotpedia.org/Elections_calendar,needs_official_verification,Source: Ballotpedia calendar — requires confirmation with official state source,,False
19267510-d863-480f-b8eb-58183a1a9856,2026-05-05,IN,statewide,Statewide,Indiana statewide primary election,Indiana statewide primary election,,primary,Y,IN Statewide,"statewide,indiana,in",Ballotpedia Elections Calendar,https://ballotpedia.org/Elections_calendar,needs_official_verification,Source: Ballotpedia calendar — requires confirmation with official state source,,False
d47032ee-3d42-463b-a870-a6626a266100,2026-05-05,MI,state_legislative_district,Michigan State Senate District 35,Special general election for Michigan State Senate District 35,Michigan State Senate District 35,35,special_general,Y,"Michigan State Senate District 35, MI","michigan,state,senate,district,35,mi",Ballotpedia Elections Calendar,https://ballotpedia.org/Elections_calendar,needs_official_verification,Source: Ballotpedia calendar — requires confirmation with official state source,,False
af4ce29b-40e9-42e8-8656-5cf74e10264a,2026-05-05,OH,statewide,Statewide,Ohio statewide primary election,Ohio statewide primary election,,primary,Y,OH Statewide,"statewide,ohio,oh",Ballotpedia Elections Calendar,https://ballotpedia.org/Elections_calendar,needs_official_verification,Source: Ballotpedia calendar — requires confirmation with official state source,,False
82913f05-a997-416d-8d14-4bc55d9fdb8a,2026-05-05,OH,statewide,Statewide,Special primary election for U.S. Senate Ohio,Ohio,,special_primary,Y,OH Statewide,"statewide,ohio,oh",Ballotpedia Elections Calendar,https://ballotpedia.org/Elections_calendar,needs_official_verification,Source: Ballotpedia calendar — requires confirmation with official state source,,False
9241043c-87cc-420b-b6ec-87b85c27d40b,2026-05-05,TN,county,Clarksville-Montgomery County School System,Clarksville-Montgomery County School System primary,Clarksville-Montgomery County School System,,primary,Y,"Clarksville-Montgomery County School System, TN","clarksville,montgomery,county,school,system,tennessee,tn",Ballotpedia Elections Calendar,https://ballotpedia.org/Elections_calendar,needs_official_verification,Source: Ballotpedia calendar — requires confirmation with official state source,,False
06fa4ccc-ef0b-480e-8c1c-f2929f97c6b0,2026-05-05,TN,county,Hamilton County Schools,Hamilton County Schools primary,Hamilton County Schools,,primary,Y,"Hamilton County Schools, TN","hamilton,county,schools,tennessee,tn",Ballotpedia Elections Calendar,https://ballotpedia.org/Elections_calendar,needs_official_verification,Source: Ballotpedia calendar — requires confirmation with official state source,,False
cabd671e-fe92-4c91-88b0-94a5fe25a297,2026-05-05,TN,county,Knox County Schools,Knox County Schools primary,Knox County Schools,,primary,Y,"Knox County Schools, TN","knox,county,schools,tennessee,tn",Ballotpedia Elections Calendar,https://ballotpedia.org/Elections_calendar,needs_official_verification,Source: Ballotpedia calendar — requires confirmation with official state source,,False
e08e3aa6-a59e-4393-b3fc-bc90e4f48504,2026-05-05,TN,county,Memphis-Shelby County Schools,Memphis-Shelby County Schools primary,Memphis-Shelby County Schools,,primary,Y,"Memphis-Shelby County Schools, TN","memphis,shelby,county,schools,tennessee,tn",Ballotpedia Elections Calendar,https://ballotpedia.org/Elections_calendar,needs_official_verification,Source: Ballotpedia calendar — requires confirmation with official state source,,False
6f503e2e-ba9f-4e7a-918c-ab42318db05f,2026-05-05,TN,school_district,Metropolitan Nashville Public Schools,Metropolitan Nashville Public Schools primary,Metropolitan Nashville Public Schools,,primary,Y,"Metropolitan Nashville Public Schools, TN","metropolitan,nashville,public,schools,tennessee,tn",Ballotpedia Elections Calendar,https://ballotpedia.org/Elections_calendar,needs_official_verification,Source: Ballotpedia calendar — requires confirmation with official state source,,False
5dcf78e6-ac3f-4aea-87cb-5c5c298f2fd6,2026-05-05,TN,county,Nashville,Nashville consolidated city-county primary,Nashville,,primary,Y,"Nashville, TN","nashville,tennessee,tn",Ballotpedia Elections Calendar,https://ballotpedia.org/Elections_calendar,needs_official_verification,Source: Ballotpedia calendar — requires confirmation with official state source,,False
d6ce93ac-4f86-4f4c-8767-60d0753a2a5b,2026-05-05,TN,county,Rutherford County Schools,Rutherford County Schools primary,Rutherford County Schools,,primary,Y,"Rutherford County Schools, TN","rutherford,county,schools,tennessee,tn",Ballotpedia Elections Calendar,https://ballotpedia.org/Elections_calendar,needs_official_verification,Source: Ballotpedia calendar — requires confirmation with official state source,,False
c041fb06-2dd7-4212-a89e-4faef9c8bbdf,2026-05-05,TN,county,Shelby County,Shelby County primary election,Shelby County,,primary,Y,"Shelby County, TN","shelby,county,tennessee,tn",Ballotpedia Elections Calendar,https://ballotpedia.org/Elections_calendar,needs_official_verification,Source: Ballotpedia calendar — requires confirmation with official state source,,False
1c2bb17f-4acf-4016-bc74-f86bd70352ac,2026-05-05,TN,county,Williamson County Schools,Williamson County Schools primary,Williamson County Schools,,primary,Y,"Williamson County Schools, TN","williamson,county,schools,tennessee,tn",Ballotpedia Elections Calendar,https://ballotpedia.org/Elections_calendar,needs_official_verification,Source: Ballotpedia calendar — requires confirmation with official state source,,False
63cdcb73-e3fa-49cc-9f5b-f6d3601f3b41,2026-05-12,NC,statewide,Statewide,North Carolina statewide primary runoff,North Carolina,,runoff,Y,NC Statewide,"statewide,north,carolina,nc",Ballotpedia Elections Calendar,https://ballotpedia.org/Elections_calendar,needs_official_verification,Source: Ballotpedia calendar — requires confirmation with official state source,,False
bab85686-b41b-40da-bbcf-b9f986589379,2026-05-12,NE,state_legislative_district,Nebraska State Senate District 41,Special primary election for Nebraska State Senate District 41,Nebraska State Senate District 41,41,special_primary,Y,"Nebraska State Senate District 41, NE","nebraska,state,senate,district,41,ne",Ballotpedia Elections Calendar,https://ballotpedia.org/Elections_calendar,needs_official_verification,Source: Ballotpedia calendar — requires confirmation with official state source,,False
b7991e00-1f88-4c2d-9eea-c0a1eaf6f583,2026-05-12,NE,statewide,Statewide,Nebraska statewide primary election,Nebraska statewide primary election,,primary,Y,NE Statewide,"statewide,nebraska,ne",Ballotpedia Elections Calendar,https://ballotpedia.org/Elections_calendar,needs_official_verification,Source: Ballotpedia calendar — requires confirmation with official state source,,False
e77c8506-d669-4692-9424-b48cd7f73ffe,2026-05-12,NE,special_district,University of Nebraska Board of Regents District 4,Special primary for University of Nebraska Board of Regents District 4,University of Nebraska Board of Regents District 4,4,special_primary,Y,"University of Nebraska Board of Regents District 4, NE","university,of,nebraska,board,regents,district,4,ne",Ballotpedia Elections Calendar,https://ballotpedia.org/Elections_calendar,needs_official_verification,Source: Ballotpedia calendar — requires confirmation with official state source,,False
2b2576d8-8f0a-426c-99aa-e87ff948b04b,2026-05-12,NE,city,Westside Community Schools,Westside Community Schools general election,Westside Community Schools,,general,Y,"Westside Community Schools, NE","westside,community,schools,nebraska,ne",Ballotpedia Elections Calendar,https://ballotpedia.org/Elections_calendar,needs_official_verification,Source: Ballotpedia calendar — requires confirmation with official state source,,False
58fc2ddd-22c1-4e6d-b5f9-9f699ccd774a,2026-05-12,NJ,city,Newark,Newark city general election,Newark,,general,Y,"Newark, NJ","newark,new,jersey,nj",Ballotpedia Elections Calendar,https://ballotpedia.org/Elections_calendar,needs_official_verification,Source: Ballotpedia calendar — requires confirmation with official state source,,False
b7664e7c-4606-4449-ad05-679f93240d2e,2026-05-12,WV,statewide,Statewide,West Virginia general election for judicial candidates,West Virginia,,general,Y,WV Statewide,"statewide,west,virginia,wv",Ballotpedia Elections Calendar,https://ballotpedia.org/Elections_calendar,needs_official_verification,Source: Ballotpedia calendar — requires confirmation with official state source | Unusual statewide general timing,,True
817e33ab-70c8-48cb-8334-a92d3d90e7e2,2026-05-12,WV,statewide,Statewide,West Virginia statewide primary election,West Virginia statewide primary election,,primary,Y,WV Statewide,"statewide,west,virginia,wv",Ballotpedia Elections Calendar,https://ballotpedia.org/Elections_calendar,needs_official_verification,Source: Ballotpedia calendar — requires confirmation with official state source,,False
537dcd18-b074-40da-8db6-3ed0794c252f,2026-05-12,WV,judicial_district,West Virginia,West Virginia Supreme Court special general election,West Virginia,,special_general,Y,"West Virginia, WV","west,virginia,wv",Ballotpedia Elections Calendar,https://ballotpedia.org/Elections_calendar,needs_official_verification,Source: Ballotpedia calendar — requires confirmation with official state source | Ambiguous statewide listing retained for review,,False
2a0ef709-5d99-409a-8926-cb630b1c6569,2026-05-12,WV,state_legislative_district,West Virginia State Senate District 17,Special primary election for West Virginia State Senate District 17,West Virginia State Senate District 17,17,special_primary,Y,"West Virginia State Senate District 17, WV","west,virginia,state,senate,district,17,wv",Ballotpedia Elections Calendar,https://ballotpedia.org/Elections_calendar,needs_official_verification,Source: Ballotpedia calendar — requires confirmation with official state source,,False
3503dd71-50ca-4a20-93dd-0098a34c94ea,2026-05-12,WV,state_legislative_district,West Virginia State Senate District 3,Special primary election for West Virginia State Senate District 3,West Virginia State Senate District 3,3,special_primary,Y,"West Virginia State Senate District 3, WV","west,virginia,state,senate,district,3,wv",Ballotpedia Elections Calendar,https://ballotpedia.org/Elections_calendar,needs_official_verification,Source: Ballotpedia calendar — requires confirmation with official state source,,False
0c934e5d-7459-4c5b-b26d-2c680a478c98,2026-05-16,LA,city,Baton Rouge,Baton Rouge special primary,Baton Rouge,,special_primary,Y,"Baton Rouge, LA","baton,rouge,louisiana,la",Ballotpedia Elections Calendar,https://ballotpedia.org/Elections_calendar,needs_official_verification,Source: Ballotpedia calendar — requires confirmation with official state source,,False
de753345-7b8b-4300-9d6e-104830a0a0a4,2026-05-16,LA,special_district,Caddo Parish School Board District 8,Special primary for Caddo Parish School Board District 8,Caddo Parish School Board District 8,8,special_primary,Y,"Caddo Parish School Board District 8, LA","caddo,parish,school,board,district,8,louisiana,la",Ballotpedia Elections Calendar,https://ballotpedia.org/Elections_calendar,needs_official_verification,Source: Ballotpedia calendar — requires confirmation with official state source,,False
af1090f1-555d-4dac-940e-a7320546de70,2026-05-16,LA,special_district,Louisiana Board of Elementary and Secondary Education District 1,Special election primary for Louisiana Board of Elementary and Secondary Education District 1,Louisiana Board of Elementary and Secondary Education District 1,1,special_primary,Y,"Louisiana Board of Elementary and Secondary Education District 1, LA","louisiana,board,of,elementary,and,secondary,education,district,1,la",Ballotpedia Elections Calendar,https://ballotpedia.org/Elections_calendar,needs_official_verification,Source: Ballotpedia calendar — requires confirmation with official state source,,False
312c4d90-f787-4b19-95ee-f7b968aa2c39,2026-05-16,LA,judicial_district,Louisiana Supreme Court District 1,Louisiana Supreme Court special primary,Louisiana Supreme Court District 1,1,special_primary,Y,"Louisiana Supreme Court District 1, LA","louisiana,supreme,court,district,1,la",Ballotpedia Elections Calendar,https://ballotpedia.org/Elections_calendar,needs_official_verification,Source: Ballotpedia calendar — requires confirmation with official state source,,False
f7ed1da0-c08c-4257-8727-895c99106411,2026-05-16,LA,city,New Orleans,Orleans Parish Civil and Criminal District Court special primary,New Orleans,,special_primary,Y,"New Orleans, LA","new,orleans,louisiana,la",Ballotpedia Elections Calendar,https://ballotpedia.org/Elections_calendar,needs_official_verification,Source: Ballotpedia calendar — requires confirmation with official state source,,False
0af6929a-6eb7-435a-8522-948c1e4930e3,2026-05-16,LA,statewide,Statewide,Louisiana statewide party primary,Louisiana statewide party primary,,primary,Y,LA Statewide,"statewide,louisiana,la",Ballotpedia Elections Calendar,https://ballotpedia.org/Elections_calendar,needs_official_verification,Source: Ballotpedia calendar — requires confirmation with official state source,,False
c09079e5-e040-4eb3-a0a6-515d8ba69c57,2026-05-19,AL,statewide,Statewide,Alabama statewide primary election,Alabama statewide primary election,,primary,Y,AL Statewide,"statewide,alabama,al",Ballotpedia Elections Calendar,https://ballotpedia.org/Elections_calendar,needs_official_verification,Source: Ballotpedia calendar — requires confirmation with official state source,,False
63dae149-f309-418a-8b2e-4db3871d8fb2,2026-05-19,AZ,recall,Benson,Benson City Council recall,Benson,,recall,Y,"Benson, AZ","benson,arizona,az",Ballotpedia Elections Calendar,https://ballotpedia.org/Elections_calendar,needs_official_verification,Source: Ballotpedia calendar — requires confirmation with official state source,,False
0d064ab5-5800-4069-ae3b-7937a39ed5e2,2026-05-19,GA,school_district,Cherokee County School District,Cherokee County School District District 3 special primary,Cherokee County School District,,special_primary,Y,"Cherokee County School District, GA","cherokee,county,school,district,georgia,ga",Ballotpedia Elections Calendar,https://ballotpedia.org/Elections_calendar,needs_official_verification,Source: Ballotpedia calendar — requires confirmation with official state source,,False
dd4719ff-6457-4ed3-a30e-13a7e47871cd,2026-05-19,GA,statewide,Statewide,Georgia statewide judicial and school board general election,Georgia,,general,Y,GA Statewide,"statewide,georgia,ga",Ballotpedia Elections Calendar,https://ballotpedia.org/Elections_calendar,needs_official_verification,Source: Ballotpedia calendar — requires confirmation with official state source | Ambiguous statewide listing retained for review | Unusual statewide general timing,,True
f13ccfaf-38a1-4628-8ad8-e343b9514226,2026-05-19,GA,statewide,Statewide,Georgia statewide primary election,Georgia statewide primary election,,primary,Y,GA Statewide,"statewide,georgia,ga",Ballotpedia Elections Calendar,https://ballotpedia.org/Elections_calendar,needs_official_verification,Source: Ballotpedia calendar — requires confirmation with official state source,,False
50bafd12-f727-45c4-b99e-5c17f406aad1,2026-05-19,ID,statewide,Statewide,Idaho statewide primary,Idaho statewide primary,,primary,Y,ID Statewide,"statewide,idaho,id",Ballotpedia Elections Calendar,https://ballotpedia.org/Elections_calendar,needs_official_verification,Source: Ballotpedia calendar — requires confirmation with official state source,,False
dfd9a46f-c5e8-49f2-971f-793837231557,2026-05-19,KY,statewide,Statewide,Kentucky statewide primary election,Kentucky statewide primary election,,primary,Y,KY Statewide,"statewide,kentucky,ky",Ballotpedia Elections Calendar,https://ballotpedia.org/Elections_calendar,needs_official_verification,Source: Ballotpedia calendar — requires confirmation with official state source,,False
54c52d30-a085-409b-bd67-38617a8dd948,2026-05-19,NY,school_district,Lackawanna City School District,Lackawanna City School District general election,Lackawanna City School District,,general,Y,"Lackawanna City School District, NY","lackawanna,city,school,district,new,york,ny",Ballotpedia Elections Calendar,https://ballotpedia.org/Elections_calendar,needs_official_verification,Source: Ballotpedia calendar — requires confirmation with official state source,,False
cbf4f087-4bd6-4e71-b435-377877fff2ff,2026-05-19,OR,statewide,Statewide,Oregon statewide primary election,Oregon statewide primary election,,primary,Y,OR Statewide,"statewide,oregon,or",Ballotpedia Elections Calendar,https://ballotpedia.org/Elections_calendar,needs_official_verification,Source: Ballotpedia calendar — requires confirmation with official state source,,False
0eb90107-80a1-4336-b784-343b2231204b,2026-05-19,PA,state_legislative_district,Pennsylvania House of Representatives District 196,Special election Pennsylvania House of Representatives District 196,Pennsylvania House of Representatives District 196,196,special_general,Y,"Pennsylvania House of Representatives District 196, PA","pennsylvania,house,of,representatives,district,196,pa",Ballotpedia Elections Calendar,https://ballotpedia.org/Elections_calendar,needs_official_verification,Source: Ballotpedia calendar — requires confirmation with official state source,,False
b9951c55-fab7-4aeb-bdf6-5c50c52e9ef3,2026-05-19,PA,statewide,Statewide,Pennsylvania statewide primary election,Pennsylvania statewide primary election,,primary,Y,PA Statewide,"statewide,pennsylvania,pa",Ballotpedia Elections Calendar,https://ballotpedia.org/Elections_calendar,needs_official_verification,Source: Ballotpedia calendar — requires confirmation with official state source,,False
941a9119-1de8-462d-9882-1fe9fc8aace6,2026-05-26,TX,statewide,Statewide,Texas statewide primary runoff election,Texas,,runoff,Y,TX Statewide,"statewide,texas,tx",Ballotpedia Elections Calendar,https://ballotpedia.org/Elections_calendar,needs_official_verification,Source: Ballotpedia calendar — requires confirmation with official state source,,False
da01a472-bc74-4742-b2d0-783468fa8b39,2026-06-02,CA,county,Alameda County,Alameda County District Attorney special primary election,Alameda County,,special_primary,Y,"Alameda County, CA","alameda,county,california,ca",Ballotpedia Elections Calendar,https://ballotpedia.org/Elections_calendar,needs_official_verification,Source: Ballotpedia calendar — requires confirmation with official state source,,False
9836657c-6bdb-464a-a12e-22341ce446ae,2026-06-02,CA,special_district,California District 1,California 1st Congressional District special primary election,California District 1,1,special_primary,Y,"California District 1, CA","california,district,1,ca",Ballotpedia Elections Calendar,https://ballotpedia.org/Elections_calendar,needs_official_verification,Source: Ballotpedia calendar — requires confirmation with official state source,,False
1851bcd6-76a2-4f14-aab6-ce86d6aafce9,2026-06-02,CA,school_district,Compton Unified School District,Compton Unified School District general election,Compton Unified School District,,general,Y,"Compton Unified School District, CA","compton,unified,school,district,california,ca",Ballotpedia Elections Calendar,https://ballotpedia.org/Elections_calendar,needs_official_verification,Source: Ballotpedia calendar — requires confirmation with official state source,,False
2058b782-3800-4d4c-a52f-d30f4e4cdd64,2026-06-02,CA,city,Riverside,"General election in Riverside, California",Riverside,,general,Y,"Riverside, CA","riverside,california,ca",Ballotpedia Elections Calendar,https://ballotpedia.org/Elections_calendar,needs_official_verification,Source: Ballotpedia calendar — requires confirmation with official state source,,False
5c6f7288-25e1-4ebf-a5b0-c298d1797b3e,2026-06-02,CA,recall,San Benito County,Recall election,San Benito County,,recall,Y,"San Benito County, CA","san,benito,county,california,ca",Ballotpedia Elections Calendar,https://ballotpedia.org/Elections_calendar,needs_official_verification,Source: Ballotpedia calendar — requires confirmation with official state source,,False
5593b807-a882-49ec-8c1f-03f2fba9dd00,2026-06-02,CA,city,San Francisco,San Francisco special election,San Francisco,,special_general,Y,"San Francisco, CA","san,francisco,california,ca",Ballotpedia Elections Calendar,https://ballotpedia.org/Elections_calendar,needs_official_verification,Source: Ballotpedia calendar — requires confirmation with official state source,,False
ec285580-46d7-4236-9685-50e76dba090d,2026-06-02,CA,statewide,Statewide,California statewide primary election,California statewide primary election,,primary,Y,CA Statewide,"statewide,california,ca",Ballotpedia Elections Calendar,https://ballotpedia.org/Elections_calendar,needs_official_verification,Source: Ballotpedia calendar — requires confirmation with official state source,,False
ae3d6e1d-058f-488e-9660-6cb85976151c,2026-06-02,CA,school_district,Twin Rivers Unified School District,Twin Rivers Unified School District general election,Twin Rivers Unified School District,,general,Y,"Twin Rivers Unified School District, CA","twin,rivers,unified,school,district,california,ca",Ballotpedia Elections Calendar,https://ballotpedia.org/Elections_calendar,needs_official_verification,Source: Ballotpedia calendar — requires confirmation with official state source,,False
2e2631c3-2a87-4ff7-be01-3cee82b35b97,2026-06-02,IA,statewide,Statewide,Iowa statewide primary election,Iowa statewide primary election,,primary,Y,IA Statewide,"statewide,iowa,ia",Ballotpedia Elections Calendar,https://ballotpedia.org/Elections_calendar,needs_official_verification,Source: Ballotpedia calendar — requires confirmation with official state source,,False
2dbf934e-98ec-4c3b-9f34-e635cdff4ab5,2026-06-02,MT,statewide,Statewide,Montana statewide primary election,Montana statewide primary election,,primary,Y,MT Statewide,"statewide,montana,mt",Ballotpedia Elections Calendar,https://ballotpedia.org/Elections_calendar,needs_official_verification,Source: Ballotpedia calendar — requires confirmation with official state source,,False
bacc5c0d-f427-46e6-bb03-471b9aab9fc3,2026-06-02,NJ,statewide,Statewide,New Jersey statewide primary election,New Jersey statewide primary election,,primary,Y,NJ Statewide,"statewide,new,jersey,nj",Ballotpedia Elections Calendar,https://ballotpedia.org/Elections_calendar,needs_official_verification,Source: Ballotpedia calendar — requires confirmation with official state source,,False
611e795c-8e2e-4795-940c-a4b7b4ad10ac,2026-06-02,NM,state_legislative_district,New Mexico State Senate District 33,New Mexico State Senate District 33 special primary election,New Mexico State Senate District 33,33,special_primary,Y,"New Mexico State Senate District 33, NM","new,mexico,state,senate,district,33,nm",Ballotpedia Elections Calendar,https://ballotpedia.org/Elections_calendar,needs_official_verification,Source: Ballotpedia calendar — requires confirmation with official state source,,False
9bcd5ec8-4100-455a-bd28-f87c683cf948,2026-06-02,NM,statewide,Statewide,New Mexico statewide primary election,New Mexico statewide primary election,,primary,Y,NM Statewide,"statewide,new,mexico,nm",Ballotpedia Elections Calendar,https://ballotpedia.org/Elections_calendar,needs_official_verification,Source: Ballotpedia calendar — requires confirmation with official state source,,False
83762c47-58d3-4b9d-8305-6bb019b9b535,2026-06-02,SD,statewide,Statewide,South Dakota statewide primary election,South Dakota statewide primary election,,primary,Y,SD Statewide,"statewide,south,dakota,sd",Ballotpedia Elections Calendar,https://ballotpedia.org/Elections_calendar,needs_official_verification,Source: Ballotpedia calendar — requires confirmation with official state source,,False
3ab24729-168d-464b-a083-bdc77973e7b5,2026-06-06,TX,special_district,Fort Worth City Council District 10,Special general runoff election for Fort Worth City Council District 10,Fort Worth City Council District 10,10,runoff,Y,"Fort Worth City Council District 10, TX","fort,worth,city,council,district,10,texas,tx",Ballotpedia Elections Calendar,https://ballotpedia.org/Elections_calendar,needs_official_verification,Source: Ballotpedia calendar — requires confirmation with official state source,,False
b29fe7b2-f8d5-47af-bf66-c1b4caa6ca9e,2026-06-09,ME,state_legislative_district,Maine House of Representatives District 29,Special general election for Maine House of Representatives District 29,Maine House of Representatives District 29,29,special_general,Y,"Maine House of Representatives District 29, ME","maine,house,of,representatives,district,29,me",Ballotpedia Elections Calendar,https://ballotpedia.org/Elections_calendar,needs_official_verification,Source: Ballotpedia calendar — requires confirmation with official state source,,False
7301c8f8-5d7a-4936-90c5-7289be45e276,2026-06-09,ME,statewide,Statewide,Maine statewide primary election,Maine statewide primary election,,primary,Y,ME Statewide,"statewide,maine,me",Ballotpedia Elections Calendar,https://ballotpedia.org/Elections_calendar,needs_official_verification,Source: Ballotpedia calendar — requires confirmation with official state source,,False
dd821863-7315-4791-b8e5-12f8ead77319,2026-06-09,ND,statewide,Statewide,North Dakota statewide primary election,North Dakota statewide primary election,,primary,Y,ND Statewide,"statewide,north,dakota,nd",Ballotpedia Elections Calendar,https://ballotpedia.org/Elections_calendar,needs_official_verification,Source: Ballotpedia calendar — requires confirmation with official state source,,False
2a4e35fc-c4f4-4688-a7bd-4756e9e3213e,2026-06-09,ND,statewide,Statewide,North Dakota statewide special election primary,North Dakota,,special_primary,Y,ND Statewide,"statewide,north,dakota,nd",Ballotpedia Elections Calendar,https://ballotpedia.org/Elections_calendar,needs_official_verification,Source: Ballotpedia calendar — requires confirmation with official state source,,False
75d2e72d-0802-4127-ba86-6f178fe97293,2026-06-09,NJ,city,Newark,Newark city general election runoff,Newark,,runoff,Y,"Newark, NJ","newark,new,jersey,nj",Ballotpedia Elections Calendar,https://ballotpedia.org/Elections_calendar,needs_official_verification,Source: Ballotpedia calendar — requires confirmation with official state source,,False
bd2ce474-62af-4d50-ac37-ee431c6775aa,2026-06-09,NV,statewide,Statewide,Nevada statewide primary election,Nevada statewide primary election,,primary,Y,NV Statewide,"statewide,nevada,nv",Ballotpedia Elections Calendar,https://ballotpedia.org/Elections_calendar,needs_official_verification,Source: Ballotpedia calendar — requires confirmation with official state source,,False
3b0891aa-bb78-428d-badc-8dac3890bf9f,2026-06-09,SC,statewide,Statewide,South Carolina statewide primary election,South Carolina statewide primary election,,primary,Y,SC Statewide,"statewide,south,carolina,sc",Ballotpedia Elections Calendar,https://ballotpedia.org/Elections_calendar,needs_official_verification,Source: Ballotpedia calendar — requires confirmation with official state source,,False
72756d0e-171e-4762-948a-e546fb869346,2026-06-16,AL,statewide,Statewide,Alabama statewide primary runoff election,Alabama,,runoff,Y,AL Statewide,"statewide,alabama,al",Ballotpedia Elections Calendar,https://ballotpedia.org/Elections_calendar,needs_official_verification,Source: Ballotpedia calendar — requires confirmation with official state source,,False
2faab038-fee6-4786-90f4-3491a0e842aa,2026-06-16,DC,special_district,District of Columbia 2026 primary election,District of Columbia 2026 primary election,District of Columbia 2026 primary election,of,primary,Y,"District of Columbia 2026 primary election, DC","district,of,columbia,2026,primary,election,dc",Ballotpedia Elections Calendar,https://ballotpedia.org/Elections_calendar,needs_official_verification,Source: Ballotpedia calendar — requires confirmation with official state source,,False
26ba87d8-0fa1-42f7-9247-0a03e7d4c345,2026-06-16,DC,statewide,Statewide,"Special general election for Washington, D.C., city council at-large",District of Columbia,of,special_general,Y,DC Statewide,"statewide,of,district,columbia,dc",Ballotpedia Elections Calendar,https://ballotpedia.org/Elections_calendar,needs_official_verification,Source: Ballotpedia calendar — requires confirmation with official state source | Unusual statewide general timing,,True
2dae8705-10c4-4ed2-a998-dd2228341e9a,2026-06-16,GA,school_district,Cherokee County School District,Cherokee County School District District 3 special primary runoff,Cherokee County School District,,runoff,Y,"Cherokee County School District, GA","cherokee,county,school,district,georgia,ga",Ballotpedia Elections Calendar,https://ballotpedia.org/Elections_calendar,needs_official_verification,Source: Ballotpedia calendar — requires confirmation with official state source,,False
719eb594-2c9e-4b21-b6a9-192edf923973,2026-06-16,GA,school_district,DeKalb County School District,DeKalb County School District general runoff election,DeKalb County School District,,runoff,Y,"DeKalb County School District, GA","dekalb,county,school,district,georgia,ga",Ballotpedia Elections Calendar,https://ballotpedia.org/Elections_calendar,needs_official_verification,Source: Ballotpedia calendar — requires confirmation with official state source,,False
5ae4b22e-a1eb-4cee-9bba-9e6f02d89425,2026-06-16,GA,county,Fulton County Schools,Fulton County Schools general runoff election,Fulton County Schools,,runoff,Y,"Fulton County Schools, GA","fulton,county,schools,georgia,ga",Ballotpedia Elections Calendar,https://ballotpedia.org/Elections_calendar,needs_official_verification,Source: Ballotpedia calendar — requires confirmation with official state source,,False
04c8e4e9-045d-4404-a92e-4d9e945e43c5,2026-06-16,GA,school_district,Gwinnett County Public Schools,Gwinnett County Public Schools general runoff election,Gwinnett County Public Schools,,runoff,Y,"Gwinnett County Public Schools, GA","gwinnett,county,public,schools,georgia,ga",Ballotpedia Elections Calendar,https://ballotpedia.org/Elections_calendar,needs_official_verification,Source: Ballotpedia calendar — requires confirmation with official state source,,False
55246fb9-36d0-44f3-a562-0e0698f0497d,2026-06-16,GA,county,Henry County Schools,Henry County Schools general runoff election,Henry County Schools,,runoff,Y,"Henry County Schools, GA","henry,county,schools,georgia,ga",Ballotpedia Elections Calendar,https://ballotpedia.org/Elections_calendar,needs_official_verification,Source: Ballotpedia calendar — requires confirmation with official state source,,False
147cbba8-6c48-418d-b46c-60941c766065,2026-06-16,GA,school_district,Muscogee County School District,Muscogee County School District general runoff election,Muscogee County School District,,runoff,Y,"Muscogee County School District, GA","muscogee,county,school,district,georgia,ga",Ballotpedia Elections Calendar,https://ballotpedia.org/Elections_calendar,needs_official_verification,Source: Ballotpedia calendar — requires confirmation with official state source,,False
24060f7c-8106-4ae6-ab1c-17f59c4bf5f8,2026-06-16,GA,county,Savannah-Chatham County Public School System,Savannah-Chatham County Public School System general runoff election,Savannah-Chatham County Public School System,,runoff,Y,"Savannah-Chatham County Public School System, GA","savannah,chatham,county,public,school,system,georgia,ga",Ballotpedia Elections Calendar,https://ballotpedia.org/Elections_calendar,needs_official_verification,Source: Ballotpedia calendar — requires confirmation with official state source,,False
889aa97b-19e9-4c75-bfe1-d3ea0a933a6a,2026-06-16,GA,statewide,Statewide,Georgia statewide primary runoff election,Georgia,,runoff,Y,GA Statewide,"statewide,georgia,ga",Ballotpedia Elections Calendar,https://ballotpedia.org/Elections_calendar,needs_official_verification,Source: Ballotpedia calendar — requires confirmation with official state source,,False
a9debb32-c064-4248-a6f8-fa16d3322a7d,2026-06-16,OK,state_legislative_district,Oklahoma House of Representatives District 92,Special primary for Oklahoma House of Representatives District 92,Oklahoma House of Representatives District 92,92,special_primary,Y,"Oklahoma House of Representatives District 92, OK","oklahoma,house,of,representatives,district,92,ok",Ballotpedia Elections Calendar,https://ballotpedia.org/Elections_calendar,needs_official_verification,Source: Ballotpedia calendar — requires confirmation with official state source,,False
96ed89fc-1d48-4e27-98bd-63c66b9df05e,2026-06-16,OK,state_legislative_district,Oklahoma State Senate District 17,Special primary for Oklahoma State Senate District 17,Oklahoma State Senate District 17,17,special_primary,Y,"Oklahoma State Senate District 17, OK","oklahoma,state,senate,district,17,ok",Ballotpedia Elections Calendar,https://ballotpedia.org/Elections_calendar,needs_official_verification,Source: Ballotpedia calendar — requires confirmation with official state source,,False
b727e275-7ecb-4e70-b0b6-d4273f2494b2,2026-06-16,OK,statewide,Statewide,Oklahoma statewide primary election,Oklahoma statewide primary election,,primary,Y,OK Statewide,"statewide,oklahoma,ok",Ballotpedia Elections Calendar,https://ballotpedia.org/Elections_calendar,needs_official_verification,Source: Ballotpedia calendar — requires confirmation with official state source,,False
c5acabcd-429a-454d-af08-607ed1297233,2026-06-16,VA,statewide,Statewide,Virginia statewide primary election,Virginia statewide primary election,,primary,Y,VA Statewide,"statewide,virginia,va",Ballotpedia Elections Calendar,https://ballotpedia.org/Elections_calendar,needs_official_verification,Source: Ballotpedia calendar — requires confirmation with official state source,,False
023cf018-b3a2-4e2c-978e-2f507851548e,2026-06-23,MD,statewide,Statewide,Maryland statewide primary election,Maryland statewide primary election,,primary,Y,MD Statewide,"statewide,maryland,md",Ballotpedia Elections Calendar,https://ballotpedia.org/Elections_calendar,needs_official_verification,Source: Ballotpedia calendar — requires confirmation with official state source,,False
00f20bcb-fb27-4ba7-8e83-c496366ac2ae,2026-06-23,NY,statewide,Statewide,New York statewide primary,New York statewide primary,,primary,Y,NY Statewide,"statewide,new,york,ny",Ballotpedia Elections Calendar,https://ballotpedia.org/Elections_calendar,needs_official_verification,Source: Ballotpedia calendar — requires confirmation with official state source,,False
a7ec7da7-5187-49af-8630-f79b10656361,2026-06-23,SC,statewide,Statewide,South Carolina statewide primary runoff election,South Carolina,,runoff,Y,SC Statewide,"statewide,south,carolina,sc",Ballotpedia Elections Calendar,https://ballotpedia.org/Elections_calendar,needs_official_verification,Source: Ballotpedia calendar — requires confirmation with official state source,,False
e889d336-e220-4469-9e4e-ce2ec0f1e383,2026-06-23,UT,statewide,Statewide,Utah statewide primary election,Utah statewide primary election,,primary,Y,UT Statewide,"statewide,utah,ut",Ballotpedia Elections Calendar,https://ballotpedia.org/Elections_calendar,needs_official_verification,Source: Ballotpedia calendar — requires confirmation with official state source,,False
27321bd2-2b7f-4e6f-a26b-ea7e2926b375,2026-06-23,UT,special_district,Utah State Board of Education District 7,Special election primary for Utah State Board of Education District 7,Utah State Board of Education District 7,7,special_primary,Y,"Utah State Board of Education District 7, UT","utah,state,board,of,education,district,7,ut",Ballotpedia Elections Calendar,https://ballotpedia.org/Elections_calendar,needs_official_verification,Source: Ballotpedia calendar — requires confirmation with official state source,,False
1b842f53-7da2-4bcf-8f29-258bab44a874,2026-06-27,LA,city,Baton Rouge,Baton Rouge special election,Baton Rouge,,special_general,Y,"Baton Rouge, LA","baton,rouge,louisiana,la",Ballotpedia Elections Calendar,https://ballotpedia.org/Elections_calendar,needs_official_verification,Source: Ballotpedia calendar — requires confirmation with official state source,,False
9b43d0c0-d69f-434a-bcc7-389713f88ee4,2026-06-27,LA,special_district,Caddo Parish School Board District 8,Special general election for Caddo Parish School Board District 8,Caddo Parish School Board District 8,8,special_general,Y,"Caddo Parish School Board District 8, LA","caddo,parish,school,board,district,8,louisiana,la",Ballotpedia Elections Calendar,https://ballotpedia.org/Elections_calendar,needs_official_verification,Source: Ballotpedia calendar — requires confirmation with official state source,,False
d7ba7a99-4bf5-44ab-9d4b-9340bf180fc6,2026-06-27,LA,city,New Orleans,Orleans Parish Civil and Criminal District Court special general election,New Orleans,,special_general,Y,"New Orleans, LA","new,orleans,louisiana,la",Ballotpedia Elections Calendar,https://ballotpedia.org/Elections_calendar,needs_official_verification,Source: Ballotpedia calendar — requires confirmation with official state source,,False
106e382d-fa82-4c58-ad13-d273d4b519fd,2026-06-27,LA,statewide,Statewide,Louisiana statewide party primary runoff,Louisiana,,runoff,Y,LA Statewide,"statewide,louisiana,la",Ballotpedia Elections Calendar,https://ballotpedia.org/Elections_calendar,needs_official_verification,Source: Ballotpedia calendar — requires confirmation with official state source,,False
e555afb3-355c-40b8-a3b1-ff1a496a6201,2026-06-30,CO,state_legislative_district,Colorado State Senate District 17,Special primary for Colorado State Senate District 17,Colorado State Senate District 17,17,special_primary,Y,"Colorado State Senate District 17, CO","colorado,state,senate,district,17,co",Ballotpedia Elections Calendar,https://ballotpedia.org/Elections_calendar,needs_official_verification,Source: Ballotpedia calendar — requires confirmation with official state source,,False
c06006e2-8ae2-4217-9a4d-ad3359b58942,2026-06-30,CO,state_legislative_district,Colorado State Senate District 29,Special primary for Colorado State Senate District 29,Colorado State Senate District 29,29,special_primary,Y,"Colorado State Senate District 29, CO","colorado,state,senate,district,29,co",Ballotpedia Elections Calendar,https://ballotpedia.org/Elections_calendar,needs_official_verification,Source: Ballotpedia calendar — requires confirmation with official state source,,False
8a8f1e69-a62c-4071-8d30-e51867108cce,2026-06-30,CO,state_legislative_district,Colorado State Senate District 31,Special primary for Colorado State Senate District 31,Colorado State Senate District 31,31,special_primary,Y,"Colorado State Senate District 31, CO","colorado,state,senate,district,31,co",Ballotpedia Elections Calendar,https://ballotpedia.org/Elections_calendar,needs_official_verification,Source: Ballotpedia calendar — requires confirmation with official state source,,False
1e7f8f4a-97c5-419b-bda6-2e0edcd5c990,2026-06-30,CO,statewide,Statewide,Colorado statewide primary election,Colorado statewide primary election,,primary,Y,CO Statewide,"statewide,colorado,co",Ballotpedia Elections Calendar,https://ballotpedia.org/Elections_calendar,needs_official_verification,Source: Ballotpedia calendar — requires confirmation with official state source,,False
bd5c5b8e-c34d-48da-ba43-67ae1dc29f48,2026-07-21,AZ,statewide,Statewide,Arizona statewide primary election,Arizona statewide primary election,,primary,Y,AZ Statewide,"statewide,arizona,az",Ballotpedia Elections Calendar,https://ballotpedia.org/Elections_calendar,needs_official_verification,Source: Ballotpedia calendar — requires confirmation with official state source,,False
5f969fe8-fac7-494d-ba82-9bfa7ecef388,2026-07-28,SD,statewide,Statewide,South Dakota statewide primary election,South Dakota,,primary,Y,SD Statewide,"statewide,south,dakota,sd",Ballotpedia Elections Calendar,https://ballotpedia.org/Elections_calendar,needs_official_verification,Source: Ballotpedia calendar — requires confirmation with official state source | Ambiguous statewide listing retained for review,,False
56e69f08-dbde-4097-ae8b-868c43565a13,2026-08-01,GU,statewide,Statewide,Guam territory-wide primary election,Guam territory-wide primary election,,primary,Y,GU Statewide,"statewide,guam,gu",Ballotpedia Elections Calendar,https://ballotpedia.org/Elections_calendar,needs_official_verification,Source: Ballotpedia calendar — requires confirmation with official state source,,False
191e00cd-4f18-4db2-9100-8589d4028eb1,2026-08-04,CA,special_district,California District 1,California 1st Congressional District special general election,California District 1,1,special_general,Y,"California District 1, CA","california,district,1,ca",Ballotpedia Elections Calendar,https://ballotpedia.org/Elections_calendar,needs_official_verification,Source: Ballotpedia calendar — requires confirmation with official state source,,False
7429707c-ae05-4ad0-87ca-baed4fa2608b,2026-08-04,KS,statewide,Statewide,Kansas statewide primary election,Kansas statewide primary election,,primary,Y,KS Statewide,"statewide,kansas,ks",Ballotpedia Elections Calendar,https://ballotpedia.org/Elections_calendar,needs_official_verification,Source: Ballotpedia calendar — requires confirmation with official state source,,False
f4465832-bf9e-460f-baf9-1447dbe50393,2026-08-04,MI,statewide,Statewide,Michigan statewide primary election,Michigan statewide primary election,,primary,Y,MI Statewide,"statewide,michigan,mi",Ballotpedia Elections Calendar,https://ballotpedia.org/Elections_calendar,needs_official_verification,Source: Ballotpedia calendar — requires confirmation with official state source,,False
a9aef088-117b-40fb-a81b-1d82a1c32174,2026-08-04,MO,statewide,Statewide,Missouri statewide primary election,Missouri statewide primary election,,primary,Y,MO Statewide,"statewide,missouri,mo",Ballotpedia Elections Calendar,https://ballotpedia.org/Elections_calendar,needs_official_verification,Source: Ballotpedia calendar — requires confirmation with official state source,,False
de01e951-3753-4cdc-9c00-7dcd274cf4b2,2026-08-04,WA,statewide,Statewide,Washington statewide primary election,Washington statewide primary election,,primary,Y,WA Statewide,"statewide,washington,wa",Ballotpedia Elections Calendar,https://ballotpedia.org/Elections_calendar,needs_official_verification,Source: Ballotpedia calendar — requires confirmation with official state source,,False
8ef08c60-dc0f-431c-b4cc-4f8fe6842fde,2026-08-04,WA,judicial_district,Washington,Washington State Supreme Court nonpartisan special primary election,Washington,,special_primary,Y,"Washington, WA","washington,wa",Ballotpedia Elections Calendar,https://ballotpedia.org/Elections_calendar,needs_official_verification,Source: Ballotpedia calendar — requires confirmation with official state source | Ambiguous statewide listing retained for review,,False
8000322a-e4cd-4f93-b724-49b2032782c0,2026-08-06,TN,statewide,Statewide,Tennessee judicial and local general elections,Tennessee,,general,Y,TN Statewide,"statewide,tennessee,tn",Ballotpedia Elections Calendar,https://ballotpedia.org/Elections_calendar,needs_official_verification,Source: Ballotpedia calendar — requires confirmation with official state source | Unusual statewide general timing,,True
236c7e43-4bd1-4fa4-b1dc-9b2f10e466fa,2026-08-06,TN,statewide,Statewide,Tennessee statewide primary election,Tennessee statewide primary election,,primary,Y,TN Statewide,"statewide,tennessee,tn",Ballotpedia Elections Calendar,https://ballotpedia.org/Elections_calendar,needs_official_verification,Source: Ballotpedia calendar — requires confirmation with official state source,,False
c93eba67-16f7-4839-a1d8-653311bc3819,2026-08-08,HI,statewide,Statewide,Hawaii statewide primary election,Hawaii statewide primary election,,primary,Y,HI Statewide,"statewide,hawaii,hi",Ballotpedia Elections Calendar,https://ballotpedia.org/Elections_calendar,needs_official_verification,Source: Ballotpedia calendar — requires confirmation with official state source,,False
691abf11-0112-4c67-af81-77445a9f2cbe,2026-08-11,CT,statewide,Statewide,Connecticut statewide primary election,Connecticut statewide primary election,,primary,Y,CT Statewide,"statewide,connecticut,ct",Ballotpedia Elections Calendar,https://ballotpedia.org/Elections_calendar,needs_official_verification,Source: Ballotpedia calendar — requires confirmation with official state source,,False
4f3f1cb6-8ee3-40dd-97cf-9301a6a162a3,2026-08-11,MN,statewide,Statewide,Minnesota statewide primary election,Minnesota statewide primary election,,primary,Y,MN Statewide,"statewide,minnesota,mn",Ballotpedia Elections Calendar,https://ballotpedia.org/Elections_calendar,needs_official_verification,Source: Ballotpedia calendar — requires confirmation with official state source,,False
f8cd3ed8-b6f4-49b8-bff7-ad8928e00097,2026-08-11,VT,statewide,Statewide,Vermont statewide primary election,Vermont statewide primary election,,primary,Y,VT Statewide,"statewide,vermont,vt",Ballotpedia Elections Calendar,https://ballotpedia.org/Elections_calendar,needs_official_verification,Source: Ballotpedia calendar — requires confirmation with official state source,,False
0d8b7d4a-f150-4681-9211-6b0cf3630269,2026-08-11,WI,statewide,Statewide,Wisconsin statewide primary election,Wisconsin statewide primary election,,primary,Y,WI Statewide,"statewide,wisconsin,wi",Ballotpedia Elections Calendar,https://ballotpedia.org/Elections_calendar,needs_official_verification,Source: Ballotpedia calendar — requires confirmation with official state source,,False
459f501c-3636-4b8b-aff3-a6221e62a8d7,2026-08-16,FL,county,Jacksonville,Jacksonville consolidated city-county primary,Jacksonville,,primary,Y,"Jacksonville, FL","jacksonville,florida,fl",Ballotpedia Elections Calendar,https://ballotpedia.org/Elections_calendar,needs_official_verification,Source: Ballotpedia calendar — requires confirmation with official state source,,False
440dc910-3e7a-476f-a7a8-2bdc2d10d720,2026-08-16,FL,city,St. Petersburg,St. Petersburg city primary,St. Petersburg,,primary,Y,"St. Petersburg, FL","st,petersburg,florida,fl",Ballotpedia Elections Calendar,https://ballotpedia.org/Elections_calendar,needs_official_verification,Source: Ballotpedia calendar — requires confirmation with official state source,,False
3898affe-e8b1-43be-b8df-dd61e765c47d,2026-08-18,AK,statewide,Statewide,Alaska statewide primary election,Alaska statewide primary election,,primary,Y,AK Statewide,"statewide,alaska,ak",Ballotpedia Elections Calendar,https://ballotpedia.org/Elections_calendar,needs_official_verification,Source: Ballotpedia calendar — requires confirmation with official state source,,False
3d6d13cd-dac9-4ca9-a405-d8d3794a6ad3,2026-08-18,FL,statewide,Statewide,Florida statewide primary election,Florida statewide primary election,,primary,Y,FL Statewide,"statewide,florida,fl",Ballotpedia Elections Calendar,https://ballotpedia.org/Elections_calendar,needs_official_verification,Source: Ballotpedia calendar — requires confirmation with official state source,,False
ea1e45d0-bd0e-4640-b245-b2d4f0abcee5,2026-08-18,FL,statewide,Statewide,Special primary election for U.S. Senate Florida,Florida,,special_primary,Y,FL Statewide,"statewide,florida,fl",Ballotpedia Elections Calendar,https://ballotpedia.org/Elections_calendar,needs_official_verification,Source: Ballotpedia calendar — requires confirmation with official state source,,False
77ac8f5c-d09a-4645-9b9e-cae27f7139ae,2026-08-18,WY,statewide,Statewide,Wyoming statewide primary election,Wyoming statewide primary election,,primary,Y,WY Statewide,"statewide,wyoming,wy",Ballotpedia Elections Calendar,https://ballotpedia.org/Elections_calendar,needs_official_verification,Source: Ballotpedia calendar — requires confirmation with official state source,,False
e854edf4-5486-4ea0-98fd-301b747bc691,2026-08-25,OK,state_legislative_district,Oklahoma House of Representatives District 92,Special primary runoff for Oklahoma House of Representatives District 92,Oklahoma House of Representatives District 92,92,runoff,Y,"Oklahoma House of Representatives District 92, OK","oklahoma,house,of,representatives,district,92,ok",Ballotpedia Elections Calendar,https://ballotpedia.org/Elections_calendar,needs_official_verification,Source: Ballotpedia calendar — requires confirmation with official state source,,False
acb3f709-4a9a-4c5b-a44e-27e3e7cd12f7,2026-08-25,OK,state_legislative_district,Oklahoma State Senate District 17,Special primary runoff for Oklahoma State Senate District 17,Oklahoma State Senate District 17,17,runoff,Y,"Oklahoma State Senate District 17, OK","oklahoma,state,senate,district,17,ok",Ballotpedia Elections Calendar,https://ballotpedia.org/Elections_calendar,needs_official_verification,Source: Ballotpedia calendar — requires confirmation with official state source,,False
4e5caed0-78c6-43cf-a03a-3f4f158056a9,2026-08-25,OK,statewide,Statewide,Oklahoma statewide primary runoff election,Oklahoma,,runoff,Y,OK Statewide,"statewide,oklahoma,ok",Ballotpedia Elections Calendar,https://ballotpedia.org/Elections_calendar,needs_official_verification,Source: Ballotpedia calendar — requires confirmation with official state source,,False
7cfa4f1f-b252-42e8-8dc7-2455a986a97a,2026-09-01,MA,statewide,Statewide,Massachusetts statewide primary election,Massachusetts statewide primary election,,primary,Y,MA Statewide,"statewide,massachusetts,ma",Ballotpedia Elections Calendar,https://ballotpedia.org/Elections_calendar,needs_official_verification,Source: Ballotpedia calendar — requires confirmation with official state source,,False
3f11841f-b2a5-4028-9986-baeb9ad310f9,2026-09-08,NH,statewide,Statewide,New Hampshire statewide primary election,New Hampshire statewide primary election,,primary,Y,NH Statewide,"statewide,new,hampshire,nh",Ballotpedia Elections Calendar,https://ballotpedia.org/Elections_calendar,needs_official_verification,Source: Ballotpedia calendar — requires confirmation with official state source,,False
52cb4ab2-58c0-4e79-9379-28bd161bbe2e,2026-09-08,RI,statewide,Statewide,Rhode Island statewide primary election,Rhode Island statewide primary election,,primary,Y,RI Statewide,"statewide,rhode,island,ri",Ballotpedia Elections Calendar,https://ballotpedia.org/Elections_calendar,needs_official_verification,Source: Ballotpedia calendar — requires confirmation with official state source,,False
ec7b1ec3-ea62-4684-898f-e98d8211cdc5,2026-09-15,DE,statewide,Statewide,Delaware statewide primary election,Delaware statewide primary election,,primary,Y,DE Statewide,"statewide,delaware,de",Ballotpedia Elections Calendar,https://ballotpedia.org/Elections_calendar,needs_official_verification,Source: Ballotpedia calendar — requires confirmation with official state source,,False
c7dd2d18-e039-436e-b498-1fde591dc7f2,2026-11-03,AK,statewide,Statewide,Alaska statewide general election,Alaska,,general,Y,AK Statewide,"statewide,alaska,ak",Ballotpedia Elections Calendar,https://ballotpedia.org/Elections_calendar,needs_official_verification,Source: Ballotpedia calendar — requires confirmation with official state source | Ambiguous statewide listing retained for review,,False
96bce15f-bb03-4a2b-9340-fe53d656deff,2026-11-03,AL,statewide,Statewide,Alabama statewide general election,Alabama,,general,Y,AL Statewide,"statewide,alabama,al",Ballotpedia Elections Calendar,https://ballotpedia.org/Elections_calendar,needs_official_verification,Source: Ballotpedia calendar — requires confirmation with official state source | Ambiguous statewide listing retained for review,,False
a4e81902-2031-4af4-bfff-1aba1bacd581,2026-11-03,AR,statewide,Statewide,Arkansas statewide judicial general runoff election,Arkansas,,runoff,Y,AR Statewide,"statewide,arkansas,ar",Ballotpedia Elections Calendar,https://ballotpedia.org/Elections_calendar,needs_official_verification,Source: Ballotpedia calendar — requires confirmation with official state source,,False
da8afadb-d280-4770-a4ae-68a0c53cd411,2026-11-03,AS,statewide,Statewide,American Samoa territory-wide general election,American Samoa,,general,Y,AS Statewide,"statewide,american,samoa,as",Ballotpedia Elections Calendar,https://ballotpedia.org/Elections_calendar,needs_official_verification,Source: Ballotpedia calendar — requires confirmation with official state source,,False
417ed6b0-df2a-4fd0-b67e-5b440e35a08e,2026-11-03,AZ,statewide,Statewide,Arizona statewide general election,Arizona,,general,Y,AZ Statewide,"statewide,arizona,az",Ballotpedia Elections Calendar,https://ballotpedia.org/Elections_calendar,needs_official_verification,Source: Ballotpedia calendar — requires confirmation with official state source | Ambiguous statewide listing retained for review,,False
64478558-62b8-48ed-80be-98e306d2b3c4,2026-11-03,CA,county,Alameda County,Alameda County District Attorney special general election,Alameda County,,special_general,Y,"Alameda County, CA","alameda,county,california,ca",Ballotpedia Elections Calendar,https://ballotpedia.org/Elections_calendar,needs_official_verification,Source: Ballotpedia calendar — requires confirmation with official state source,,False
f7c50f50-78fb-4029-86a7-236b8b6ed643,2026-11-03,CA,school_district,Central Unified School District,Central Unified School District Area 3 special election,Central Unified School District,,special_general,Y,"Central Unified School District, CA","central,unified,school,district,california,ca",Ballotpedia Elections Calendar,https://ballotpedia.org/Elections_calendar,needs_official_verification,Source: Ballotpedia calendar — requires confirmation with official state source,,False
e7d4a021-4a83-4fc1-b785-6e22449d11d5,2026-11-03,CA,school_district,East Side Union High School District,East Side Union Area 1 special general election,East Side Union High School District,,special_general,Y,"East Side Union High School District, CA","east,side,union,high,school,district,california,ca",Ballotpedia Elections Calendar,https://ballotpedia.org/Elections_calendar,needs_official_verification,Source: Ballotpedia calendar — requires confirmation with official state source,,False
5d7079fc-d54d-43e8-90fa-1142442fd039,2026-11-03,CA,school_district,Fruitvale School District,Fruitvale School District Area 3 special election,Fruitvale School District,,special_general,Y,"Fruitvale School District, CA","fruitvale,school,district,california,ca",Ballotpedia Elections Calendar,https://ballotpedia.org/Elections_calendar,needs_official_verification,Source: Ballotpedia calendar — requires confirmation with official state source,,False
3a4fdc6f-bfb6-4a62-b14d-d7b25707e7ef,2026-11-03,CA,school_district,Manteca Unified School District,Manteca Unified School District Area 3 special election,Manteca Unified School District,,special_general,Y,"Manteca Unified School District, CA","manteca,unified,school,district,california,ca",Ballotpedia Elections Calendar,https://ballotpedia.org/Elections_calendar,needs_official_verification,Source: Ballotpedia calendar — requires confirmation with official state source,,False
d5409a2f-b96f-4302-bfde-2ecc67896354,2026-11-03,CA,school_district,Panama-Buena Vista Union School District,Panama-Buena Vista Union School District Area 4 special election,Panama-Buena Vista Union School District,,special_general,Y,"Panama-Buena Vista Union School District, CA","panama,buena,vista,union,school,district,california,ca",Ballotpedia Elections Calendar,https://ballotpedia.org/Elections_calendar,needs_official_verification,Source: Ballotpedia calendar — requires confirmation with official state source,,False
e5cf5311-7b59-49ff-909f-ff9f25493887,2026-11-03,CA,city,Riverside,"General election runoff in Riverside, California",Riverside,,runoff,Y,"Riverside, CA","riverside,california,ca",Ballotpedia Elections Calendar,https://ballotpedia.org/Elections_calendar,needs_official_verification,Source: Ballotpedia calendar — requires confirmation with official state source,,False
bef45e4c-13cf-4638-87b2-1f0b5a6af98a,2026-11-03,CA,school_district,Sanger Unified School District,Sanger Unified School District Area 3 special election,Sanger Unified School District,,special_general,Y,"Sanger Unified School District, CA","sanger,unified,school,district,california,ca",Ballotpedia Elections Calendar,https://ballotpedia.org/Elections_calendar,needs_official_verification,Source: Ballotpedia calendar — requires confirmation with official state source,,False
657e2369-7b35-404d-961f-7173c6003e69,2026-11-03,CA,school_district,Solana Beach School District,Solana Beach School District Area 5 special election,Solana Beach School District,,special_general,Y,"Solana Beach School District, CA","solana,beach,school,district,california,ca",Ballotpedia Elections Calendar,https://ballotpedia.org/Elections_calendar,needs_official_verification,Source: Ballotpedia calendar — requires confirmation with official state source,,False
d5acc86f-b48e-40ce-92ee-b9abdd563659,2026-11-03,CA,statewide,Statewide,California statewide general election,California,,general,Y,CA Statewide,"statewide,california,ca",Ballotpedia Elections Calendar,https://ballotpedia.org/Elections_calendar,needs_official_verification,Source: Ballotpedia calendar — requires confirmation with official state source | Ambiguous statewide listing retained for review,,False
fe7581bf-d884-413e-b032-cbb9fecfec87,2026-11-03,CA,school_district,Vineland Elementary School District,Vineland Elementary School District special election,Vineland Elementary School District,,special_general,Y,"Vineland Elementary School District, CA","vineland,elementary,school,district,california,ca",Ballotpedia Elections Calendar,https://ballotpedia.org/Elections_calendar,needs_official_verification,Source: Ballotpedia calendar — requires confirmation with official state source,,False
aa600198-8dad-4345-8dfd-66dcd66231fb,2026-11-03,CO,state_legislative_district,Colorado State Senate District 17,Special general election for Colorado State Senate District 17,Colorado State Senate District 17,17,special_general,Y,"Colorado State Senate District 17, CO","colorado,state,senate,district,17,co",Ballotpedia Elections Calendar,https://ballotpedia.org/Elections_calendar,needs_official_verification,Source: Ballotpedia calendar — requires confirmation with official state source,,False
fbaa7f70-d354-48af-8c3e-0b88fd2a21d6,2026-11-03,CO,state_legislative_district,Colorado State Senate District 29,Special general election for Colorado State Senate District 29,Colorado State Senate District 29,29,special_general,Y,"Colorado State Senate District 29, CO","colorado,state,senate,district,29,co",Ballotpedia Elections Calendar,https://ballotpedia.org/Elections_calendar,needs_official_verification,Source: Ballotpedia calendar — requires confirmation with official state source,,False
9bf3d5be-489f-4295-9512-b7dc808f8a55,2026-11-03,CO,state_legislative_district,Colorado State Senate District 31,Special general election for Colorado State Senate District 31,Colorado State Senate District 31,31,special_general,Y,"Colorado State Senate District 31, CO","colorado,state,senate,district,31,co",Ballotpedia Elections Calendar,https://ballotpedia.org/Elections_calendar,needs_official_verification,Source: Ballotpedia calendar — requires confirmation with official state source,,False
46ef0351-135a-42b4-9bbb-c16ec0034ef4,2026-11-03,CO,statewide,Statewide,Colorado statewide general election,Colorado,,general,Y,CO Statewide,"statewide,colorado,co",Ballotpedia Elections Calendar,https://ballotpedia.org/Elections_calendar,needs_official_verification,Source: Ballotpedia calendar — requires confirmation with official state source | Ambiguous statewide listing retained for review,,False
3db7b16e-b427-4718-9241-9e4bda4ae226,2026-11-03,CT,statewide,Statewide,Connecticut statewide general election,Connecticut,,general,Y,CT Statewide,"statewide,connecticut,ct",Ballotpedia Elections Calendar,https://ballotpedia.org/Elections_calendar,needs_official_verification,Source: Ballotpedia calendar — requires confirmation with official state source | Ambiguous statewide listing retained for review,,False
89e8f724-4b01-4e3e-a030-d3b948aacfd9,2026-11-03,DC,statewide,Statewide,District of Columbia general election,District of Columbia,of,general,Y,DC Statewide,"statewide,of,district,columbia,dc",Ballotpedia Elections Calendar,https://ballotpedia.org/Elections_calendar,needs_official_verification,Source: Ballotpedia calendar — requires confirmation with official state source | Ambiguous statewide listing retained for review,,False
8cbbe202-c87f-42a7-8025-1c1b464ac2e4,2026-11-03,DE,statewide,Statewide,Delaware statewide general election,Delaware,,general,Y,DE Statewide,"statewide,delaware,de",Ballotpedia Elections Calendar,https://ballotpedia.org/Elections_calendar,needs_official_verification,Source: Ballotpedia calendar — requires confirmation with official state source | Ambiguous statewide listing retained for review,,False
8dd5b5f7-4dc2-4035-864f-bdee410fc2a5,2026-11-03,FL,statewide,Statewide,Special general election for U.S. Senate Florida,Florida,,special_general,Y,FL Statewide,"statewide,florida,fl",Ballotpedia Elections Calendar,https://ballotpedia.org/Elections_calendar,needs_official_verification,Source: Ballotpedia calendar — requires confirmation with official state source,,False
6588eb6f-6f52-48c9-b67d-797633fa8632,2026-11-03,GA,school_district,Cherokee County School District,Cherokee County School District District 3 special general,Cherokee County School District,,special_general,Y,"Cherokee County School District, GA","cherokee,county,school,district,georgia,ga",Ballotpedia Elections Calendar,https://ballotpedia.org/Elections_calendar,needs_official_verification,Source: Ballotpedia calendar — requires confirmation with official state source,,False
a22a10d9-6399-4704-9bfe-86c41e2739ec,2026-11-03,GA,statewide,Statewide,Georgia statewide general election,Georgia,,general,Y,GA Statewide,"statewide,georgia,ga",Ballotpedia Elections Calendar,https://ballotpedia.org/Elections_calendar,needs_official_verification,Source: Ballotpedia calendar — requires confirmation with official state source | Ambiguous statewide listing retained for review,,False
6921aef1-2321-4240-b770-e96eb2402992,2026-11-03,GU,statewide,Statewide,Guam territory-wide general election,Guam,,general,Y,GU Statewide,"statewide,guam,gu",Ballotpedia Elections Calendar,https://ballotpedia.org/Elections_calendar,needs_official_verification,Source: Ballotpedia calendar — requires confirmation with official state source,,False
09b0fa49-1e75-4096-963b-c324a18643fa,2026-11-03,HI,statewide,Statewide,Hawaii statewide general election,Hawaii,,general,Y,HI Statewide,"statewide,hawaii,hi",Ballotpedia Elections Calendar,https://ballotpedia.org/Elections_calendar,needs_official_verification,Source: Ballotpedia calendar — requires confirmation with official state source | Ambiguous statewide listing retained for review,,False
773570ee-7364-42d3-aeb2-3391c10a4e4f,2026-11-03,IA,statewide,Statewide,Iowa statewide general election,Iowa,,general,Y,IA Statewide,"statewide,iowa,ia",Ballotpedia Elections Calendar,https://ballotpedia.org/Elections_calendar,needs_official_verification,Source: Ballotpedia calendar — requires confirmation with official state source | Ambiguous statewide listing retained for review,,False
c40dd44c-13b9-4835-8fc7-03737b755644,2026-11-03,ID,statewide,Statewide,Idaho statewide general election,Idaho,,general,Y,ID Statewide,"statewide,idaho,id",Ballotpedia Elections Calendar,https://ballotpedia.org/Elections_calendar,needs_official_verification,Source: Ballotpedia calendar — requires confirmation with official state source | Ambiguous statewide listing retained for review,,False
5feaae7f-ecae-42d1-9b20-dd8f0e356680,2026-11-03,IL,special_district,Metropolitan Water Reclamation District of Greater Chicago,Special general election for Metropolitan Water Reclamation District of Greater Chicago,Metropolitan Water Reclamation District of Greater Chicago,of,special_general,Y,"Metropolitan Water Reclamation District of Greater Chicago, IL","metropolitan,water,reclamation,district,of,greater,chicago,illinois,il",Ballotpedia Elections Calendar,https://ballotpedia.org/Elections_calendar,needs_official_verification,Source: Ballotpedia calendar — requires confirmation with official state source,,False
fa7c0e86-1292-4532-a09f-ed6f02199ff1,2026-11-03,IL,statewide,Statewide,Illinois statewide general election,Illinois,,general,Y,IL Statewide,"statewide,illinois,il",Ballotpedia Elections Calendar,https://ballotpedia.org/Elections_calendar,needs_official_verification,Source: Ballotpedia calendar — requires confirmation with official state source | Ambiguous statewide listing retained for review,,False
03135f43-82a4-4c33-88c1-e17ea99485aa,2026-11-03,IN,statewide,Statewide,Indiana statewide general election,Indiana,,general,Y,IN Statewide,"statewide,indiana,in",Ballotpedia Elections Calendar,https://ballotpedia.org/Elections_calendar,needs_official_verification,Source: Ballotpedia calendar — requires confirmation with official state source | Ambiguous statewide listing retained for review,,False
26e3a277-8b21-4885-90dd-71e9cb997dde,2026-11-03,KS,statewide,Statewide,Kansas statewide general election,Kansas,,general,Y,KS Statewide,"statewide,kansas,ks",Ballotpedia Elections Calendar,https://ballotpedia.org/Elections_calendar,needs_official_verification,Source: Ballotpedia calendar — requires confirmation with official state source | Ambiguous statewide listing retained for review,,False
ae002386-c97a-4bee-8780-f76ee5afb504,2026-11-03,KY,judicial_district,Kentucky Appellate Court District 3,Special general election for Kentucky Court of Appeals 3rd Division 2,Kentucky Appellate Court District 3,3,special_general,Y,"Kentucky Appellate Court District 3, KY","kentucky,appellate,court,district,3,ky",Ballotpedia Elections Calendar,https://ballotpedia.org/Elections_calendar,needs_official_verification,Source: Ballotpedia calendar — requires confirmation with official state source,,False
f95515cf-9e4d-44d0-aad0-8f970f9b4f4c,2026-11-03,KY,judicial_district,Kentucky Appellate Court District 5,Special general election for Kentucky Court of Appeals 5th Division 1,Kentucky Appellate Court District 5,5,special_general,Y,"Kentucky Appellate Court District 5, KY","kentucky,appellate,court,district,5,ky",Ballotpedia Elections Calendar,https://ballotpedia.org/Elections_calendar,needs_official_verification,Source: Ballotpedia calendar — requires confirmation with official state source,,False
da87e38c-44ae-4861-b606-dd525a7601a6,2026-11-03,KY,statewide,Statewide,Kentucky statewide general election,Kentucky,,general,Y,KY Statewide,"statewide,kentucky,ky",Ballotpedia Elections Calendar,https://ballotpedia.org/Elections_calendar,needs_official_verification,Source: Ballotpedia calendar — requires confirmation with official state source | Ambiguous statewide listing retained for review,,False
455e0fd7-6ddb-479c-8a09-a97be6636177,2026-11-03,LA,special_district,East Baton Rouge Justice of the Peace Ward 2 District 3,"Special primary election for East Baton Rouge Parish Justice Court Ward 2, District 3",East Baton Rouge Justice of the Peace Ward 2 District 3,3,special_primary,Y,"East Baton Rouge Justice of the Peace Ward 2 District 3, LA","east,baton,rouge,justice,of,the,peace,ward,2,district,3,louisiana,la",Ballotpedia Elections Calendar,https://ballotpedia.org/Elections_calendar,needs_official_verification,Source: Ballotpedia calendar — requires confirmation with official state source,,False
f8556520-c16f-4bbc-ae81-15a96905a017,2026-11-03,LA,special_district,Louisiana Board of Elementary and Secondary Education District 1,Special election for Louisiana Board of Elementary and Secondary Education District 1,Louisiana Board of Elementary and Secondary Education District 1,1,special_general,Y,"Louisiana Board of Elementary and Secondary Education District 1, LA","louisiana,board,of,elementary,and,secondary,education,district,1,la",Ballotpedia Elections Calendar,https://ballotpedia.org/Elections_calendar,needs_official_verification,Source: Ballotpedia calendar — requires confirmation with official state source,,False
f6ea1fae-4588-4865-9e6a-8d1e3c51b93a,2026-11-03,LA,judicial_district,Louisiana Supreme Court District 1,Louisiana Supreme Court special general,Louisiana Supreme Court District 1,1,special_general,Y,"Louisiana Supreme Court District 1, LA","louisiana,supreme,court,district,1,la",Ballotpedia Elections Calendar,https://ballotpedia.org/Elections_calendar,needs_official_verification,Source: Ballotpedia calendar — requires confirmation with official state source,,False
6b2ab667-854e-4cb5-83f7-473a2b0d475c,2026-11-03,LA,statewide,Statewide,Louisiana statewide majority-vote system primary election,Louisiana statewide majority-vote system primary election,,primary,Y,LA Statewide,"statewide,louisiana,la",Ballotpedia Elections Calendar,https://ballotpedia.org/Elections_calendar,needs_official_verification,Source: Ballotpedia calendar — requires confirmation with official state source | Unusual statewide primary timing,,True
0000cd0e-a2a2-41fb-a123-f8e512131295,2026-11-03,LA,statewide,Statewide,Louisiana statewide party general election,Louisiana,,general,Y,LA Statewide,"statewide,louisiana,la",Ballotpedia Elections Calendar,https://ballotpedia.org/Elections_calendar,needs_official_verification,Source: Ballotpedia calendar — requires confirmation with official state source | Ambiguous statewide listing retained for review,,False
c695c914-d032-48bd-8b9e-ee5d766f20db,2026-11-03,MA,statewide,Statewide,Massachusetts statewide general election,Massachusetts,,general,Y,MA Statewide,"statewide,massachusetts,ma",Ballotpedia Elections Calendar,https://ballotpedia.org/Elections_calendar,needs_official_verification,Source: Ballotpedia calendar — requires confirmation with official state source | Ambiguous statewide listing retained for review,,False
7eaf1c04-618e-4664-9d15-e926a3e969c5,2026-11-03,MD,statewide,Statewide,Maryland statewide general election,Maryland,,general,Y,MD Statewide,"statewide,maryland,md",Ballotpedia Elections Calendar,https://ballotpedia.org/Elections_calendar,needs_official_verification,Source: Ballotpedia calendar — requires confirmation with official state source | Ambiguous statewide listing retained for review,,False
1949a4e6-dea2-49b5-858a-bf0e4501040f,2026-11-03,ME,statewide,Statewide,Maine statewide general election,Maine,,general,Y,ME Statewide,"statewide,maine,me",Ballotpedia Elections Calendar,https://ballotpedia.org/Elections_calendar,needs_official_verification,Source: Ballotpedia calendar — requires confirmation with official state source | Ambiguous statewide listing retained for review,,False
1bdecb50-0a0a-4dce-b4a3-2e157934ab79,2026-11-03,MI,statewide,Statewide,Michigan statewide general election,Michigan,,general,Y,MI Statewide,"statewide,michigan,mi",Ballotpedia Elections Calendar,https://ballotpedia.org/Elections_calendar,needs_official_verification,Source: Ballotpedia calendar — requires confirmation with official state source | Ambiguous statewide listing retained for review,,False
766d3c75-456b-482b-9014-4a6e24434e97,2026-11-03,MN,statewide,Statewide,Minnesota statewide general election,Minnesota,,general,Y,MN Statewide,"statewide,minnesota,mn",Ballotpedia Elections Calendar,https://ballotpedia.org/Elections_calendar,needs_official_verification,Source: Ballotpedia calendar — requires confirmation with official state source | Ambiguous statewide listing retained for review,,False
1c8b7bcc-77e0-4f1f-b30c-3e08607376e5,2026-11-03,MO,statewide,Statewide,Missouri statewide general election,Missouri,,general,Y,MO Statewide,"statewide,missouri,mo",Ballotpedia Elections Calendar,https://ballotpedia.org/Elections_calendar,needs_official_verification,Source: Ballotpedia calendar — requires confirmation with official state source | Ambiguous statewide listing retained for review,,False
a58d72d3-1019-4a3b-8d4e-381fa8e65a0f,2026-11-03,MP,statewide,Statewide,Northern Mariana Islands territory-wide general election,Northern Mariana Islands,,general,Y,MP Statewide,"statewide,northern,mariana,islands,mp",Ballotpedia Elections Calendar,https://ballotpedia.org/Elections_calendar,needs_official_verification,Source: Ballotpedia calendar — requires confirmation with official state source,,False
c9061143-8814-4490-a7d9-f5788b4eb0ab,2026-11-03,MS,special_district,Mississippi Appellate Court District 1,Mississippi IAC special election; Greenlee vacancy; District 1 Position 1,Mississippi Appellate Court District 1,1,special_general,Y,"Mississippi Appellate Court District 1, MS","mississippi,appellate,court,district,1,ms",Ballotpedia Elections Calendar,https://ballotpedia.org/Elections_calendar,needs_official_verification,Source: Ballotpedia calendar — requires confirmation with official state source,,False
39b67d4d-a8e9-469d-9549-540d208dcda3,2026-11-03,MS,statewide,Statewide,Mississippi statewide general election,Mississippi,,general,Y,MS Statewide,"statewide,mississippi,ms",Ballotpedia Elections Calendar,https://ballotpedia.org/Elections_calendar,needs_official_verification,Source: Ballotpedia calendar — requires confirmation with official state source | Ambiguous statewide listing retained for review,,False
7b4e0551-a1c6-4de2-a6cb-0d6118c85491,2026-11-03,MT,statewide,Statewide,Montana statewide general election,Montana,,general,Y,MT Statewide,"statewide,montana,mt",Ballotpedia Elections Calendar,https://ballotpedia.org/Elections_calendar,needs_official_verification,Source: Ballotpedia calendar — requires confirmation with official state source | Ambiguous statewide listing retained for review,,False
6549766f-708d-4f9a-bef5-2de1fae14f83,2026-11-03,NC,statewide,Statewide,North Carolina statewide general election,North Carolina,,general,Y,NC Statewide,"statewide,north,carolina,nc",Ballotpedia Elections Calendar,https://ballotpedia.org/Elections_calendar,needs_official_verification,Source: Ballotpedia calendar — requires confirmation with official state source | Ambiguous statewide listing retained for review,,False
67424533-915d-4f91-b840-477699b17f99,2026-11-03,ND,statewide,Statewide,North Dakota statewide special election,North Dakota,,special_general,Y,ND Statewide,"statewide,north,dakota,nd",Ballotpedia Elections Calendar,https://ballotpedia.org/Elections_calendar,needs_official_verification,Source: Ballotpedia calendar — requires confirmation with official state source,,False
1c50ef80-87f4-46fa-8d1c-9fdd62ff718c,2026-11-03,NE,state_legislative_district,Nebraska State Senate District 41,Special general election for Nebraska State Senate District 41,Nebraska State Senate District 41,41,special_general,Y,"Nebraska State Senate District 41, NE","nebraska,state,senate,district,41,ne",Ballotpedia Elections Calendar,https://ballotpedia.org/Elections_calendar,needs_official_verification,Source: Ballotpedia calendar — requires confirmation with official state source,,False
d427fdeb-2153-49fa-8f38-24b4a9b160ce,2026-11-03,NE,statewide,Statewide,Nebraska statewide general election,Nebraska,,general,Y,NE Statewide,"statewide,nebraska,ne",Ballotpedia Elections Calendar,https://ballotpedia.org/Elections_calendar,needs_official_verification,Source: Ballotpedia calendar — requires confirmation with official state source | Ambiguous statewide listing retained for review,,False
084ac827-7c92-4e96-b5f4-44b2edf145f0,2026-11-03,NE,special_district,University of Nebraska Board of Regents District 4,Special general election for University of Nebraska Board of Regents District 4,University of Nebraska Board of Regents District 4,4,special_general,Y,"University of Nebraska Board of Regents District 4, NE","university,of,nebraska,board,regents,district,4,ne",Ballotpedia Elections Calendar,https://ballotpedia.org/Elections_calendar,needs_official_verification,Source: Ballotpedia calendar — requires confirmation with official state source,,False
b542fa49-6a7d-4f04-a8ef-7a060ef306ae,2026-11-03,NH,statewide,Statewide,New Hampshire statewide general election,New Hampshire,,general,Y,NH Statewide,"statewide,new,hampshire,nh",Ballotpedia Elections Calendar,https://ballotpedia.org/Elections_calendar,needs_official_verification,Source: Ballotpedia calendar — requires confirmation with official state source | Ambiguous statewide listing retained for review,,False
60238dae-3d46-41fe-a762-76b9dba43926,2026-11-03,NJ,statewide,Statewide,New Jersey statewide general election,New Jersey,,general,Y,NJ Statewide,"statewide,new,jersey,nj",Ballotpedia Elections Calendar,https://ballotpedia.org/Elections_calendar,needs_official_verification,Source: Ballotpedia calendar — requires confirmation with official state source | Ambiguous statewide listing retained for review,,False
67834c43-855a-4ae2-aed4-d1c8ab76aac7,2026-11-03,NM,state_legislative_district,New Mexico State Senate District 33,New Mexico State Senate District 33 special general election,New Mexico State Senate District 33,33,special_general,Y,"New Mexico State Senate District 33, NM","new,mexico,state,senate,district,33,nm",Ballotpedia Elections Calendar,https://ballotpedia.org/Elections_calendar,needs_official_verification,Source: Ballotpedia calendar — requires confirmation with official state source,,False
1bf68c19-1a57-4c33-af70-9180c4f48173,2026-11-03,NM,statewide,Statewide,New Mexico statewide general election,New Mexico,,general,Y,NM Statewide,"statewide,new,mexico,nm",Ballotpedia Elections Calendar,https://ballotpedia.org/Elections_calendar,needs_official_verification,Source: Ballotpedia calendar — requires confirmation with official state source | Ambiguous statewide listing retained for review,,False
eb6e2def-7a4d-4836-9672-576a2e4b9dc1,2026-11-03,NV,special_district,Nevada Board of Regents District 8,Special election for Nevada Board of Regents District 8,Nevada Board of Regents District 8,8,special_general,Y,"Nevada Board of Regents District 8, NV","nevada,board,of,regents,district,8,nv",Ballotpedia Elections Calendar,https://ballotpedia.org/Elections_calendar,needs_official_verification,Source: Ballotpedia calendar — requires confirmation with official state source,,False
e0edd708-1c7c-4728-acb5-33a2d46612da,2026-11-03,NV,statewide,Statewide,Nevada statewide general election,Nevada,,general,Y,NV Statewide,"statewide,nevada,nv",Ballotpedia Elections Calendar,https://ballotpedia.org/Elections_calendar,needs_official_verification,Source: Ballotpedia calendar — requires confirmation with official state source | Ambiguous statewide listing retained for review,,False
69caee1b-738d-49a4-84ad-fdbbb1436c7c,2026-11-03,NY,statewide,Statewide,New York statewide general election,New York,,general,Y,NY Statewide,"statewide,new,york,ny",Ballotpedia Elections Calendar,https://ballotpedia.org/Elections_calendar,needs_official_verification,Source: Ballotpedia calendar — requires confirmation with official state source | Ambiguous statewide listing retained for review,,False
9a66818e-d48e-4315-ae91-f6da1c26cb53,2026-11-03,OH,statewide,Statewide,Special general election for U.S. Senate Ohio,Ohio,,special_general,Y,OH Statewide,"statewide,ohio,oh",Ballotpedia Elections Calendar,https://ballotpedia.org/Elections_calendar,needs_official_verification,Source: Ballotpedia calendar — requires confirmation with official state source,,False
6df6853d-1de6-4682-ab64-a89980b22377,2026-11-03,OK,state_legislative_district,Oklahoma House of Representatives District 92,Special general election for Oklahoma House of Representatives District 92,Oklahoma House of Representatives District 92,92,special_general,Y,"Oklahoma House of Representatives District 92, OK","oklahoma,house,of,representatives,district,92,ok",Ballotpedia Elections Calendar,https://ballotpedia.org/Elections_calendar,needs_official_verification,Source: Ballotpedia calendar — requires confirmation with official state source,,False
b547e71e-379a-4839-9116-4f43fa521c19,2026-11-03,OK,state_legislative_district,Oklahoma State Senate District 17,Special general election for Oklahoma State Senate District 17,Oklahoma State Senate District 17,17,special_general,Y,"Oklahoma State Senate District 17, OK","oklahoma,state,senate,district,17,ok",Ballotpedia Elections Calendar,https://ballotpedia.org/Elections_calendar,needs_official_verification,Source: Ballotpedia calendar — requires confirmation with official state source,,False
cd3ef3c6-c6e5-437f-b27b-983b43791b24,2026-11-03,OK,statewide,Statewide,Oklahoma statewide general election,Oklahoma,,general,Y,OK Statewide,"statewide,oklahoma,ok",Ballotpedia Elections Calendar,https://ballotpedia.org/Elections_calendar,needs_official_verification,Source: Ballotpedia calendar — requires confirmation with official state source | Ambiguous statewide listing retained for review,,False
dc53f162-aaaf-4386-835d-ef5663a3ceae,2026-11-03,OR,statewide,Statewide,Oregon statewide general election,Oregon,,general,Y,OR Statewide,"statewide,oregon,or",Ballotpedia Elections Calendar,https://ballotpedia.org/Elections_calendar,needs_official_verification,Source: Ballotpedia calendar — requires confirmation with official state source | Ambiguous statewide listing retained for review,,False
1853b31a-406f-4774-8609-20a77f87db3f,2026-11-03,PA,statewide,Statewide,Pennsylvania statewide general election,Pennsylvania,,general,Y,PA Statewide,"statewide,pennsylvania,pa",Ballotpedia Elections Calendar,https://ballotpedia.org/Elections_calendar,needs_official_verification,Source: Ballotpedia calendar — requires confirmation with official state source | Ambiguous statewide listing retained for review,,False
46b8aa3b-575d-4dd5-afce-88d320eeadea,2026-11-03,RI,statewide,Statewide,Rhode Island statewide general election,Rhode Island,,general,Y,RI Statewide,"statewide,rhode,island,ri",Ballotpedia Elections Calendar,https://ballotpedia.org/Elections_calendar,needs_official_verification,Source: Ballotpedia calendar — requires confirmation with official state source | Ambiguous statewide listing retained for review,,False
4a2e2c6b-86cc-40b0-b3de-60d3175b081d,2026-11-03,SC,statewide,Statewide,South Carolina statewide general election,South Carolina,,general,Y,SC Statewide,"statewide,south,carolina,sc",Ballotpedia Elections Calendar,https://ballotpedia.org/Elections_calendar,needs_official_verification,Source: Ballotpedia calendar — requires confirmation with official state source | Ambiguous statewide listing retained for review,,False
95a9c950-ba98-41c7-b0ff-52a5eb0b2502,2026-11-03,SD,statewide,Statewide,South Dakota statewide general election,South Dakota,,general,Y,SD Statewide,"statewide,south,dakota,sd",Ballotpedia Elections Calendar,https://ballotpedia.org/Elections_calendar,needs_official_verification,Source: Ballotpedia calendar — requires confirmation with official state source | Ambiguous statewide listing retained for review,,False
74f24a3b-c4ed-448c-aa8a-87661a1c9c80,2026-11-03,TN,statewide,Statewide,Tennessee statewide general election,Tennessee,,general,Y,TN Statewide,"statewide,tennessee,tn",Ballotpedia Elections Calendar,https://ballotpedia.org/Elections_calendar,needs_official_verification,Source: Ballotpedia calendar — requires confirmation with official state source | Ambiguous statewide listing retained for review,,False
822638d5-9021-4b23-9d29-071a6b67df67,2026-11-03,TX,county,Harris County,Harris county attorney special general election,Harris County,,special_general,Y,"Harris County, TX","harris,county,texas,tx",Ballotpedia Elections Calendar,https://ballotpedia.org/Elections_calendar,needs_official_verification,Source: Ballotpedia calendar — requires confirmation with official state source,,False
918ef00a-179a-43c0-bfbf-8193fcc10c69,2026-11-03,TX,statewide,Statewide,Texas statewide general election,Texas,,general,Y,TX Statewide,"statewide,texas,tx",Ballotpedia Elections Calendar,https://ballotpedia.org/Elections_calendar,needs_official_verification,Source: Ballotpedia calendar — requires confirmation with official state source | Ambiguous statewide listing retained for review,,False
ea9dce42-3028-4fc1-a1fc-a61d19ce916d,2026-11-03,TX,judicial_district,Texas Appellate Court District 1,Special election for Texas First District Court of Appeals Place 4,Texas Appellate Court District 1,1,special_general,Y,"Texas Appellate Court District 1, TX","texas,appellate,court,district,1,tx",Ballotpedia Elections Calendar,https://ballotpedia.org/Elections_calendar,needs_official_verification,Source: Ballotpedia calendar — requires confirmation with official state source,,False
3b620125-6395-4dce-ad52-762611378960,2026-11-03,TX,judicial_district,Texas Appellate Court District 12,Special election for Texas Twelfth District Court of Appeals Place 3,Texas Appellate Court District 12,12,special_general,Y,"Texas Appellate Court District 12, TX","texas,appellate,court,district,12,tx",Ballotpedia Elections Calendar,https://ballotpedia.org/Elections_calendar,needs_official_verification,Source: Ballotpedia calendar — requires confirmation with official state source,,False
3641913e-d51d-4b47-8e1a-cfa32ffa0824,2026-11-03,TX,county,Travis County Constable-Justice of the Peace District 4,Special general election for Travis County Constable District 4,Travis County Constable-Justice of the Peace District 4,4,special_general,Y,"Travis County Constable-Justice of the Peace District 4, TX","travis,county,constable,justice,of,the,peace,district,4,texas,tx",Ballotpedia Elections Calendar,https://ballotpedia.org/Elections_calendar,needs_official_verification,Source: Ballotpedia calendar — requires confirmation with official state source,,False
937456bf-fbea-4b10-b52f-43cabb1a04f4,2026-11-03,UT,statewide,Statewide,Utah statewide general election,Utah,,general,Y,UT Statewide,"statewide,utah,ut",Ballotpedia Elections Calendar,https://ballotpedia.org/Elections_calendar,needs_official_verification,Source: Ballotpedia calendar — requires confirmation with official state source | Ambiguous statewide listing retained for review,,False
186f3b4b-f412-434c-8356-54df978bfb0d,2026-11-03,UT,special_district,Utah State Board of Education District 7,Special election for Utah State Board of Education District 7,Utah State Board of Education District 7,7,special_general,Y,"Utah State Board of Education District 7, UT","utah,state,board,of,education,district,7,ut",Ballotpedia Elections Calendar,https://ballotpedia.org/Elections_calendar,needs_official_verification,Source: Ballotpedia calendar — requires confirmation with official state source,,False
74a70678-0618-44f1-af8d-2c2f2c14f258,2026-11-03,VA,statewide,Statewide,Virginia statewide general election,Virginia,,general,Y,VA Statewide,"statewide,virginia,va",Ballotpedia Elections Calendar,https://ballotpedia.org/Elections_calendar,needs_official_verification,Source: Ballotpedia calendar — requires confirmation with official state source | Ambiguous statewide listing retained for review,,False
4849f9e6-13d7-449a-90a4-9e2003774cf5,2026-11-03,VI,statewide,Statewide,Virgin Islands territory-wide general election,Virgin Islands,,general,Y,VI Statewide,"statewide,virgin,islands,vi",Ballotpedia Elections Calendar,https://ballotpedia.org/Elections_calendar,needs_official_verification,Source: Ballotpedia calendar — requires confirmation with official state source,,False
dbb73c69-4ba0-493a-a521-adc4bbcf870c,2026-11-03,VT,statewide,Statewide,Vermont statewide general election,Vermont,,general,Y,VT Statewide,"statewide,vermont,vt",Ballotpedia Elections Calendar,https://ballotpedia.org/Elections_calendar,needs_official_verification,Source: Ballotpedia calendar — requires confirmation with official state source | Ambiguous statewide listing retained for review,,False
e4acb0a8-b548-4c9f-9432-523b0a58e39e,2026-11-03,WI,statewide,Statewide,Wisconsin statewide general election,Wisconsin,,general,Y,WI Statewide,"statewide,wisconsin,wi",Ballotpedia Elections Calendar,https://ballotpedia.org/Elections_calendar,needs_official_verification,Source: Ballotpedia calendar — requires confirmation with official state source | Ambiguous statewide listing retained for review,,False
449d0c43-9455-4ccb-a23a-64fee226009b,2026-11-03,WV,statewide,Statewide,West Virginia statewide general election,West Virginia,,general,Y,WV Statewide,"statewide,west,virginia,wv",Ballotpedia Elections Calendar,https://ballotpedia.org/Elections_calendar,needs_official_verification,Source: Ballotpedia calendar — requires confirmation with official state source | Ambiguous statewide listing retained for review,,False
3ffd8499-1d87-428a-ab54-0d542316355a,2026-11-03,WV,state_legislative_district,West Virginia State Senate District 17,Special general election for West Virginia State Senate District 17,West Virginia State Senate District 17,17,special_general,Y,"West Virginia State Senate District 17, WV","west,virginia,state,senate,district,17,wv",Ballotpedia Elections Calendar,https://ballotpedia.org/Elections_calendar,needs_official_verification,Source: Ballotpedia calendar — requires confirmation with official state source,,False
815f0282-0d58-4a9e-94e2-ac37703a0ffb,2026-11-03,WV,state_legislative_district,West Virginia State Senate District 3,Special general election for West Virginia State Senate District 3,West Virginia State Senate District 3,3,special_general,Y,"West Virginia State Senate District 3, WV","west,virginia,state,senate,district,3,wv",Ballotpedia Elections Calendar,https://ballotpedia.org/Elections_calendar,needs_official_verification,Source: Ballotpedia calendar — requires confirmation with official state source,,False
0f105b41-0ae2-4187-b4fe-d9a43e7e7e49,2026-11-03,WY,statewide,Statewide,Wyoming statewide general election,Wyoming,,general,Y,WY Statewide,"statewide,wyoming,wy",Ballotpedia Elections Calendar,https://ballotpedia.org/Elections_calendar,needs_official_verification,Source: Ballotpedia calendar — requires confirmation with official state source | Ambiguous statewide listing retained for review,,False
d7967cea-79bb-4a33-ab4b-fca214277d49,2026-11-17,GU,statewide,Statewide,Guam territory-wide general runoff election,Guam,,runoff,Y,GU Statewide,"statewide,guam,gu",Ballotpedia Elections Calendar,https://ballotpedia.org/Elections_calendar,needs_official_verification,Source: Ballotpedia calendar — requires confirmation with official state source,,False
4eabc6b3-9b08-4294-920b-f6cc569523fa,2026-11-17,VI,statewide,Statewide,Virgin Islands territory-wide general runoff election,Virgin Islands,,runoff,Y,VI Statewide,"statewide,virgin,islands,vi",Ballotpedia Elections Calendar,https://ballotpedia.org/Elections_calendar,needs_official_verification,Source: Ballotpedia calendar — requires confirmation with official state source,,False
92a0cac3-d5ab-48c4-b9d8-720d9879e949,2026-12-01,AR,city,Little Rock,Little Rock general election runoff,Little Rock,,runoff,Y,"Little Rock, AR","little,rock,arkansas,ar",Ballotpedia Elections Calendar,https://ballotpedia.org/Elections_calendar,needs_official_verification,Source: Ballotpedia calendar — requires confirmation with official state source,,False
7af9ab46-8c85-4c60-bb34-e663a8b0131c,2026-12-01,GA,school_district,Cherokee County School District,Cherokee County School District District 3 special general runoff,Cherokee County School District,,runoff,Y,"Cherokee County School District, GA","cherokee,county,school,district,georgia,ga",Ballotpedia Elections Calendar,https://ballotpedia.org/Elections_calendar,needs_official_verification,Source: Ballotpedia calendar — requires confirmation with official state source,,False
6292cfa0-9ef2-493d-8ef2-b72d610a6905,2026-12-01,GA,statewide,Statewide,Georgia statewide general runoff election,Georgia,,runoff,Y,GA Statewide,"statewide,georgia,ga",Ballotpedia Elections Calendar,https://ballotpedia.org/Elections_calendar,needs_official_verification,Source: Ballotpedia calendar — requires confirmation with official state source,,False
67956b36-52d6-4055-8998-767ad00f1f07,2026-12-01,MS,statewide,Statewide,Mississippi statewide general runoff election,Mississippi,,runoff,Y,MS Statewide,"statewide,mississippi,ms",Ballotpedia Elections Calendar,https://ballotpedia.org/Elections_calendar,needs_official_verification,Source: Ballotpedia calendar — requires confirmation with official state source,,False
8631f31e-9435-478c-9312-877a7bcc937a,2026-12-08,NJ,city,Trenton,Trenton city general election runoff,Trenton,,runoff,Y,"Trenton, NJ","trenton,new,jersey,nj",Ballotpedia Elections Calendar,https://ballotpedia.org/Elections_calendar,needs_official_verification,Source: Ballotpedia calendar — requires confirmation with official state source,,False
df944d56-b81a-483e-8267-cdc3630552fb,2026-12-12,LA,special_district,East Baton Rouge Justice of the Peace Ward 2 District 3,"Special general election for East Baton Rouge Parish Justice Court Ward 2, District 3",East Baton Rouge Justice of the Peace Ward 2 District 3,3,special_general,Y,"East Baton Rouge Justice of the Peace Ward 2 District 3, LA","east,baton,rouge,justice,of,the,peace,ward,2,district,3,louisiana,la",Ballotpedia Elections Calendar,https://ballotpedia.org/Elections_calendar,needs_official_verification,Source: Ballotpedia calendar — requires confirmation with official state source,,False
ac8cea7a-811a-4149-95e9-63896a164ca8,2026-12-12,LA,statewide,Statewide,Louisiana statewide majority-vote system general election,Louisiana,,general,Y,LA Statewide,"statewide,louisiana,la",Ballotpedia Elections Calendar,https://ballotpedia.org/Elections_calendar,needs_official_verification,Source: Ballotpedia calendar — requires confirmation with official state source,,False
