cert,name,state,city,method,pe_date,overall,assets_k,inv,svc,file_id,svc_gap,in_old_universe
9846,Truist Bank,NC,CHARLOTTE,Large Bank Evaluation,01/01/2025,Outstanding,546228000.0,Outstanding,Outstanding,2023/9846_230410.PDF,False,False
59017,First Republic Bank,CA,SAN FRANCISCO,Large Bank Evaluation,04/01/2022,Satisfactory,172570503.0,High Satisfactory,Outstanding,2021/59017_210726.PDF,False,False
57053,Signature Bank,NY,NEW YORK,Large Bank Evaluation,10/01/2022,Satisfactory,115966803.0,Substantial Non Complianc,Substantial Non Complianc,2022/57053_220321.PDF,True,False
57565,UBS Bank USA,UT,SALT LAKE CITY,Strategic Plan Evaluation,07/01/2024,Outstanding,114351610.0,,,2024/57565_240108.PDF,False,False
5649,Discover Bank,DE,GREENWOOD,Strategic Plan Evaluation,10/01/2022,Satisfactory,113025156.0,,,2022/PPE5649-000000013.PDF,False,False
11063,First-Citizens Bank & Trust Company,NC,RALEIGH,Large Bank Evaluation,08/01/2023,Satisfactory,107542088.0,High Satisfactory,High Satisfactory,2022/11063_220719.PDF,False,False
3514,Bank of the West,CA,SAN FRANCISCO,Large Bank Evaluation,05/01/2021,Outstanding,96057998.0,Outstanding,Outstanding,2020/3514_200921.PDF,False,False
16022,New York Community Bank,NY,HICKSVILLE,Large Bank Evaluation,05/01/2021,Satisfactory,56282514.0,High Satisfactory,High Satisfactory,2020/16022_200924.PDF,False,False
17266,Umpqua Bank,OR,ROSEBURG,Large Bank Evaluation,07/01/2024,Satisfactory,51974259.0,Outstanding,High Satisfactory,2023/17266_231218.PDF,False,False
11813,Cadence Bank,MS,TUPELO,Large Bank Evaluation,08/01/2023,Outstanding,47753105.0,Outstanding,Outstanding,2022/11813_220815.PDF,False,False
33306,CIBC Bank USA,IL,CHICAGO,Large Bank Evaluation,02/01/2022,Outstanding,45859037.0,Outstanding,Outstanding,2021/33306_210823.PDF,False,False
57203,Barclays Bank Delaware,DE,WILMINGTON,Strategic Plan Evaluation,02/01/2026,Outstanding,44013000.0,,,2025/57203_251020.PDF,False,False
35583,Pinnacle Bank,TN,NASHVILLE,Large Bank Evaluation,01/01/2024,Satisfactory,41842515.0,Outstanding,High Satisfactory,2023/35583_230510.PDF,False,False
110,Bank OZK,AR,LITTLE ROCK,Large Bank Evaluation,06/01/2026,Satisfactory,41606548.0,Outstanding,Low Satisfactory,2025/110_251201.PDF,True,True
16835,Prosperity Bank,TX,EL CAMPO,Large Bank Evaluation,11/01/2023,Satisfactory,38274790.0,High Satisfactory,Low Satisfactory,2022/16835_220718.PDF,True,True
12441,Hancock Whitney Bank,MS,GULFPORT,Large Bank Evaluation,07/01/2025,Outstanding,35392436.0,Outstanding,Outstanding,2024/12441_241007.PDF,False,False
24045,Pacific Western Bank,CA,BEVERLY HILLS,Large Bank Evaluation,07/01/2021,Outstanding,29454911.0,Outstanding,Outstanding,2021/24045_210125.PDF,False,False
30788,Glacier Bank,MT,KALISPELL,Large Bank Evaluation,03/01/2026,Satisfactory,28986503.0,High Satisfactory,High Satisfactory,2025/30788_250819.PDF,False,False
34383,Texas Capital Bank,TX,DALLAS,Large Bank Evaluation,02/01/2024,Satisfactory,28591507.0,High Satisfactory,Outstanding,2023/34383_230724.PDF,False,False
58177,Sallie Mae Bank,UT,SALT LAKE CITY,Strategic Plan Evaluation,03/01/2024,Outstanding,27667921.0,,,2023/58177_230808.PDF,False,False
28892,Investors Bank,NJ,SHORT HILLS,Large Bank Evaluation,02/01/2022,Satisfactory,27286123.0,High Satisfactory,Outstanding,2020/28892_201201.PDF,False,False
32773,Eastern Bank,MA,BOSTON,Large Bank Evaluation,09/01/2025,Outstanding,25493211.0,Outstanding,Outstanding,2025/32773_250121.PDF,False,False
12010,Provident Bank,NJ,JERSEY CITY,Large Bank Evaluation,01/01/2026,Satisfactory,24052216.0,Outstanding,High Satisfactory,2024/12010_241007.PDF,False,False
17985,First Hawaiian Bank,HI,HONOLULU,Large Bank Evaluation,12/01/2025,Outstanding,23747623.0,Outstanding,Outstanding,2025/17985_250602.PDF,False,False
18503,Cathay Bank,CA,LOS ANGELES,Large Bank Evaluation,02/01/2026,Satisfactory,23709143.0,Outstanding,High Satisfactory,2025/18503_250818.PDF,False,False
20504,Ameris Bank,GA,ATLANTA,Large Bank Evaluation,05/01/2024,Satisfactory,23591556.0,High Satisfactory,Low Satisfactory,2022/20504_221031.PDF,True,True
28088,WaFd Bank,WA,SEATTLE,Large Bank Evaluation,03/01/2026,Satisfactory,22637277.0,High Satisfactory,High Satisfactory,2024/28088_240326.PDF,False,False
57408,"Optum Bank, Inc.",UT,DRAPER,Strategic Plan Evaluation,06/01/2026,Outstanding,20824000.0,,,2026/57408_260126.PDF,False,False
9712,Rockland Trust Company,MA,ROCKLAND,Large Bank Evaluation,04/01/2024,Outstanding,19405648.0,Outstanding,High Satisfactory,2023/9712_230822.PDF,False,False
8056,Merchants Bank of Indiana,IN,CARMEL,Strategic Plan Evaluation,07/01/2026,Satisfactory,19296676.0,,,2026/8056_260105.PDF,False,False
30387,FirstBank Puerto Rico,PR,SANTURCE,Large Bank Evaluation,02/01/2026,Satisfactory,18852409.0,Outstanding,High Satisfactory,2024/30387_241029.PDF,False,False
1768,Mechanics Bank,CA,WALNUT CREEK,Large Bank Evaluation,11/01/2022,Satisfactory,18616778.0,Outstanding,Substantial Non Complianc,2022/1768_220418.PDF,True,False
4365,First Merchants Bank,IN,MUNCIE,Large Bank Evaluation,10/01/2025,Satisfactory,18335693.0,Outstanding,High Satisfactory,2024/4365_241209.PDF,False,False
3076,Independent Bank,TX,MCKINNEY,Large Bank Evaluation,12/01/2023,Satisfactory,18252788.0,Low Satisfactory,Low Satisfactory,2023/3076_230424.PDF,True,True
26610,Bank of Hope,CA,LOS ANGELES,Large Bank Evaluation,01/01/2025,Satisfactory,18082905.0,High Satisfactory,Low Satisfactory,2024/26610_240708.PDF,True,True
33682,State Bank of India,NY,NEW YORK,Wholesale Bank Evaluation,10/01/2024,Satisfactory,17619486.0,,,2024/33682_240617.PDF,False,False
57993,ServisFirst Bank,AL,BIRMINGHAM,Large Bank Evaluation,07/01/2026,Satisfactory,17582987.0,High Satisfactory,High Satisfactory,2025/57993_251201.PDF,False,False
35095,TowneBank,VA,PORTSMOUTH,Large Bank Evaluation,02/01/2026,Outstanding,17511883.0,Outstanding,Outstanding,2025/35095_250707.PDF,False,False
12437,Renasant Bank,MS,TUPELO,Large Bank Evaluation,12/01/2024,Satisfactory,17224614.0,High Satisfactory,High Satisfactory,2023/12437_230918.PDF,False,False
16889,United Community Bank,GA,BLAIRSVILLE,Large Bank Evaluation,03/01/2021,Satisfactory,17126721.0,High Satisfactory,High Satisfactory,2020/16889_200803.PDF,False,False
16068,Apple Bank for Savings,NY,NEW YORK,Large Bank Evaluation,01/01/2024,Satisfactory,16888361.0,Low Satisfactory,High Satisfactory,2023/16068_230622.PDF,False,True
21716,Citizens Business Bank,CA,ONTARIO,Large Bank Evaluation,08/01/2023,Satisfactory,16758546.0,High Satisfactory,Outstanding,2023/21716_230227.PDF,False,False
803,"WesBanco Bank, Inc.",WV,WHEELING,Large Bank Evaluation,07/01/2023,Outstanding,16752817.0,,Outstanding,2022/803_221114.PDF,False,False
28489,Banner Bank,WA,WALLA WALLA,Large Bank Evaluation,07/01/2025,Outstanding,16199722.0,Outstanding,Outstanding,2024/28489_241217.PDF,False,False
4239,First United Bank and Trust Company,OK,DURANT,Large Bank Evaluation,06/01/2024,Satisfactory,15970712.0,High Satisfactory,High Satisfactory,2023/4239_231106.PDF,False,False
28178,Northwest Bank,PA,WARREN,Large Bank Evaluation,03/01/2024,Outstanding,14270252.0,High Satisfactory,High Satisfactory,2023/28178_230710.PDF,False,False
33826,Columbia State Bank,WA,Tacoma,Large Bank Evaluation,10/01/2020,Outstanding,14030107.0,Outstanding,Outstanding,2020/33826_200504.PDF,False,False
57919,ConnectOne Bank,NJ,ENGLEWOOD CLIFFS,Large Bank Evaluation,07/01/2026,Satisfactory,14013611.0,Outstanding,Low Satisfactory,2025/57919_251230.PDF,True,True
19581,Bell Bank,ND,FARGO,Large Bank Evaluation,12/01/2024,Satisfactory,14010713.0,High Satisfactory,High Satisfactory,2024/19581_240429.PDF,False,False
29209,NexBank,TX,DALLAS,Large Bank Evaluation,09/01/2025,Satisfactory,13943020.0,High Satisfactory,Low Satisfactory,2025/29209_250331.PDF,True,True
58647,First Foundation Bank,CA,IRVINE,Large Bank Evaluation,03/01/2025,Satisfactory,13684462.0,High Satisfactory,High Satisfactory,2024/58647_240910.PDF,False,False
27237,Enterprise Bank & Trust,MO,CLAYTON,Large Bank Evaluation,12/01/2023,Satisfactory,13300684.0,Outstanding,Outstanding,2023/27237_230605.PDF,False,False
58457,Tristate Capital Bank,PA,PITTSBURGH,Strategic Plan Evaluation,07/01/2022,Outstanding,12926161.0,,,2021/58457_210830.PDF,False,False
57570,Comenity Capital Bank,UT,DRAPER,Strategic Plan Evaluation,05/01/2026,Outstanding,12908706.0,,,2025/57570_251006.PDF,False,False
58665,Live Oak Banking Company,NC,WILMINGTON,Strategic Plan Evaluation,09/01/2025,Satisfactory,12855986.0,,,2025/58665_250311.PDF,False,False
35141,BMW Bank of North America,UT,SALT LAKE CITY,Strategic Plan Evaluation,06/01/2026,Satisfactory,12814515.0,,,2026/35141_260217.PDF,False,False
16450,Busey Bank,IL,CHAMPAIGN,Large Bank Evaluation,12/01/2022,Satisfactory,12453067.0,,Substantial Non Complianc,2022/16450_220325.PDF,True,False
8663,FirstBank,TN,NASHVILLE,Large Bank Evaluation,07/01/2023,Satisfactory,12236574.0,,Substantial Non Complianc,2022/8663_220606.PDF,True,False
19977,Israel Discount Bank of New York,NY,NEW YORK,Wholesale Bank Evaluation,02/01/2024,Outstanding,12224444.0,,,2023/19977_230801.PDF,False,False
23621,Berkshire Bank,MA,PITTSFIELD,Large Bank Evaluation,04/01/2023,Satisfactory,11656860.0,Outstanding,Substantial Non Complianc,2022/23621_220412.PDF,True,False
1281,Washington Trust Bank,WA,SPOKANE,Large Bank Evaluation,01/01/2026,Satisfactory,10702785.0,High Satisfactory,High Satisfactory,2025/1281_250707.PDF,False,False
58629,Stellar Bank,TX,HOUSTON,Large Bank Evaluation,08/01/2024,Satisfactory,10636734.0,High Satisfactory,High Satisfactory,2024/58629_240318.PDF,False,False
21943,Tri Counties Bank,CA,CHICO,Large Bank Evaluation,07/01/2025,Outstanding,9811273.0,Outstanding,Outstanding,2024/21943_240506.PDF,False,False
31469,Oriental Bank,PR,SAN JUAN,Large Bank Evaluation,07/01/2024,Satisfactory,9709667.0,Low Satisfactory,Low Satisfactory,2023/31469_230404.PDF,True,True
11124,S&T Bank,PA,INDIANA,Large Bank Evaluation,03/01/2025,Satisfactory,9628986.0,High Satisfactory,High Satisfactory,2024/11124_241007.PDF,False,False
7468,First Commonwealth Bank,PA,INDIANA,Large Bank Evaluation,09/01/2023,Satisfactory,9616830.0,High Satisfactory,High Satisfactory,2023/7468_230322.PDF,False,False
20624,Byline Bank,IL,CHICAGO,Large Bank Evaluation,11/01/2025,Satisfactory,9566291.0,High Satisfactory,High Satisfactory,2025/20624_250527.PDF,False,False
27476,BancFirst,OK,OKLAHOMA CITY,Large Bank Evaluation,08/01/2021,Satisfactory,9485506.0,High Satisfactory,Low Satisfactory,2021/27476_210308.PDF,True,True
32489,HomeStreet Bank,WA,SEATTLE,Large Bank Evaluation,03/01/2023,Satisfactory,9335429.0,Outstanding,,2022/32489_220822.PDF,False,False
33686,Bank Hapoalim B.M.,NY,NEW YORK,Wholesale Bank Evaluation,04/01/2025,Outstanding,9276847.0,,,2024/33686_241202.PDF,False,False
58458,HTLF Bank,CO,DENVER,Large Bank Evaluation,03/01/2023,Satisfactory,9178296.0,,,2022/58458_221017.PDF,False,False
57833,Beal Bank USA,NV,LAS VEGAS,Wholesale Bank Evaluation,06/01/2023,Satisfactory,9168938.0,,,2022/57833_220718.PDF,False,False
19629,International Bank of Commerce,TX,LAREDO,Large Bank Evaluation,01/01/2025,Satisfactory,9161809.0,Outstanding,High Satisfactory,2024/19629_240604.PDF,False,False
34519,Merrick Bank,UT,SOUTH JORDAN,Strategic Plan Evaluation,05/01/2026,Outstanding,9112904.0,,,2025/34519_251201.PDF,False,False
33681,Bank of Baroda,NY,NEW YORK,Wholesale Bank Evaluation,04/01/2024,Satisfactory,9084593.0,,,2023/33681_231129.PDF,False,False
58564,Flushing Bank,NY,UNIONDALE,Large Bank Evaluation,07/01/2025,Outstanding,9047149.0,High Satisfactory,High Satisfactory,2025/58564_250224.PDF,False,False
13421,Union Bank and Trust Company,NE,LINCOLN,Large Bank Evaluation,07/01/2025,Satisfactory,8799880.0,Low Satisfactory,Outstanding,2025/13421_250127.PDF,False,True
58410,Cross River Bank,NJ,FORT LEE,Large Bank Evaluation,10/01/2025,Outstanding,8725705.0,Outstanding,High Satisfactory,2024/58410_240308.PDF,False,False
10634,Pinnacle Bank,NE,LINCOLN,Large Bank Evaluation,03/01/2025,Satisfactory,8610829.0,High Satisfactory,High Satisfactory,2024/10634_240819.PDF,False,False
18297,Southside Bank,TX,TYLER,Large Bank Evaluation,04/01/2025,Satisfactory,8353301.0,Outstanding,High Satisfactory,2024/18297_240930.PDF,False,False
622,Amalgamated Bank,NY,NEW YORK,Large Bank Evaluation,10/01/2024,Satisfactory,8006087.0,High Satisfactory,Low Satisfactory,2024/622_240325.PDF,True,True
258,Stock Yards Bank & Trust Company,KY,LOUISVILLE,Large Bank Evaluation,08/01/2024,Outstanding,7901513.0,Outstanding,High Satisfactory,2024/258_240124.PDF,False,False
609,Tompkins Community Bank,NY,ITHACA,Large Bank Evaluation,09/01/2023,Satisfactory,7842153.0,Low Satisfactory,High Satisfactory,2023/609_230417.PDF,False,True
5903,BankPlus,MS,BELZONI,Large Bank Evaluation,09/01/2025,Satisfactory,7790270.0,Outstanding,Low Satisfactory,2024/5903_240603.PDF,True,True
12854,Centier Bank,IN,WHITING,Large Bank Evaluation,01/01/2024,Satisfactory,7774511.0,High Satisfactory,High Satisfactory,2023/12854_230821.PDF,False,False
33648,Bank of India,NY,NEW YORK,Wholesale Bank Evaluation,08/01/2026,Satisfactory,7724252.0,,,2026/33648_260504.PDF,False,False
28765,Kearny Bank,NJ,KEARNY,Large Bank Evaluation,10/01/2025,Satisfactory,7720773.0,Outstanding,Outstanding,2025/28765_250519.PDF,False,False
17943,Liberty Bank,CT,MIDDLETOWN,Large Bank Evaluation,12/01/2024,Outstanding,7669378.0,Outstanding,Outstanding,2024/17943_240520.PDF,False,False
4360,Horizon Bank,IN,MICHIGAN CITY,Large Bank Evaluation,04/01/2026,Satisfactory,7621571.0,Low Satisfactory,High Satisfactory,2025/4360_251006.PDF,False,True
33539,Preferred Bank,CA,LOS ANGELES,Large Bank Evaluation,07/01/2026,Satisfactory,7601679.0,High Satisfactory,Outstanding,2026/33539_260309.PDF,False,False
34697,WEX Bank,UT,SANDY,Large Bank Evaluation,10/01/2025,Satisfactory,7597943.0,Low Satisfactory,Low Satisfactory,2024/34697_241016.PDF,True,True
16980,Bank of Colorado,CO,FORT COLLINS,Large Bank Evaluation,03/01/2025,Satisfactory,7572545.0,Low Satisfactory,High Satisfactory,2024/16980_240819.PDF,False,True
953,Bankers Trust Company,IA,DES MOINES,Large Bank Evaluation,02/01/2026,Outstanding,7542729.0,Outstanding,Outstanding,2025/953_250922.PDF,False,False
58648,CrossFirst Bank,KS,LEAWOOD,Large Bank Evaluation,02/01/2025,Satisfactory,7474437.0,High Satisfactory,High Satisfactory,2024/58648_240715.PDF,False,False
27499,Comenity Bank,DE,WILMINGTON,Limited Purpose Evaluation,05/01/2026,Outstanding,7439587.0,,,2025/27499_251006.PDF,False,False
29845,Premier Bank,OH,YOUNGSTOWN,Large Bank Evaluation,06/01/2022,Satisfactory,7423952.0,Low Satisfactory,Low Satisfactory,2022/29845_220113.PDF,True,True
24170,Hanmi Bank,CA,LOS ANGELES,Large Bank Evaluation,01/01/2024,Satisfactory,7407990.0,Low Satisfactory,High Satisfactory,2023/24170_230606.PDF,False,True
16026,Ridgewood Savings Bank,NY,RIDGEWOOD,Large Bank Evaluation,06/01/2026,Satisfactory,7379699.0,High Satisfactory,High Satisfactory,2026/16026_260127.PDF,False,False
17308,Central Pacific Bank,HI,HONOLULU,Large Bank Evaluation,05/01/2023,Outstanding,7286591.0,Outstanding,,2022/17308_221025.PDF,False,False
18408,Bangor Savings Bank,ME,BANGOR,Large Bank Evaluation,10/01/2025,Outstanding,7237664.0,Outstanding,Outstanding,2025/18408_250224.PDF,False,False
29012,Heritage Bank,WA,OLYMPIA,Large Bank Evaluation,01/01/2024,Satisfactory,7233406.0,High Satisfactory,Low Satisfactory,2023/29012_230705.PDF,True,True
18203,United Bank,CT,HARTFORD,Large Bank Evaluation,04/01/2019,Satisfactory,7197597.0,Low Satisfactory,Low Satisfactory,2018/18203_181030.PDF,True,True
33806,Opus Bank,CA,IRVINE,Large Bank Evaluation,01/01/2019,Outstanding,7193326.0,Outstanding,Outstanding,2018/33806_180813.PDF,False,False
23296,Salem Five Cents Savings Bank,MA,SALEM,Large Bank Evaluation,06/01/2024,Satisfactory,7117552.0,Low Satisfactory,High Satisfactory,2023/23296_231211.PDF,False,True
32178,Luther Burbank Savings,CA,SANTA ROSA,Large Bank Evaluation,08/01/2021,Outstanding,7074983.0,High Satisfactory,Outstanding,2021/32178_210308.PDF,False,False
3657,First American Bank,IL,ELK GROVE VILLAGE,Large Bank Evaluation,09/01/2025,Satisfactory,7074673.0,Low Satisfactory,Low Satisfactory,2024/3657_241021.PDF,True,True
23627,Republic Bank & Trust Company,KY,LOUISVILLE,Large Bank Evaluation,07/01/2026,Outstanding,7038402.0,Outstanding,Outstanding,2026/23627_260202.PDF,False,False
19953,Lakeland Bank,NJ,NEWFOUNDLAND,Large Bank Evaluation,10/01/2020,Outstanding,7009565.0,Outstanding,Outstanding,2020/19953_200511.PDF,False,False
17870,Cambridge Savings Bank,MA,CAMBRIDGE,Large Bank Evaluation,04/01/2025,Outstanding,6936582.0,Outstanding,Outstanding,2024/17870_240130.PDF,False,False
35444,The Bancorp Bank,DE,WILMINGTON,Strategic Plan Evaluation,07/01/2022,Outstanding,6847710.0,,,2021/35444_210607.PDF,False,False
57903,Poppy Bank,CA,SANTA ROSA,Large Bank Evaluation,01/01/2026,Satisfactory,6791228.0,High Satisfactory,High Satisfactory,2025/57903_250714.PDF,False,False
5633,First Security Bank,AR,SEARCY,Large Bank Evaluation,01/01/2021,Satisfactory,6736235.0,High Satisfactory,High Satisfactory,2020/05633_200817.PDF,False,False
33510,East Boston Savings Bank,MA,BOSTON,Large Bank Evaluation,06/01/2021,Satisfactory,6619632.0,High Satisfactory,Low Satisfactory,2020/33510_201207.PDF,True,True
23091,Alpine Bank,CO,GLENWOOD SPRINGS,Large Bank Evaluation,01/01/2024,Satisfactory,6500313.0,Outstanding,High Satisfactory,2023/23091_230807.PDF,False,False
12054,Emigrant Bank,NY,NEW YORK,Large Bank Evaluation,03/01/2023,Satisfactory,6467421.0,Outstanding,,2022/12054_221003.PDF,False,False
16012,Dime Community Bank,NY,BROOKLYN,Large Bank Evaluation,12/01/2020,Satisfactory,6459775.0,High Satisfactory,High Satisfactory,2020/16012_200723.PDF,False,False
23623,"The Washington Trust Company, of Westerly",RI,WESTERLY,Large Bank Evaluation,05/01/2024,Satisfactory,6406972.0,High Satisfactory,High Satisfactory,2022/23623_221205.PDF,False,False
23498,"TBK BANK, SSB",TX,DALLAS,Large Bank Evaluation,07/01/2026,Satisfactory,6351153.0,High Satisfactory,Outstanding,2026/23498_260120.PDF,False,False
19943,Century Bank and Trust Company,MA,SOMERVILLE,Large Bank Evaluation,05/01/2021,Satisfactory,6342913.0,Outstanding,High Satisfactory,2020/19943_201109.PDF,False,False
10359,Happy State Bank,TX,HAPPY,Large Bank Evaluation,01/01/2022,Outstanding,6257903.0,High Satisfactory,Outstanding,2021/10359_210706.PDF,False,False
14843,MidWestOne Bank,IA,IOWA CITY,Large Bank Evaluation,10/01/2025,Satisfactory,6247944.0,High Satisfactory,Outstanding,2025/14843_250505.PDF,False,False
90183,Middlesex Savings Bank,MA,NATICK,Large Bank Evaluation,11/01/2023,Outstanding,6204550.0,Outstanding,Outstanding,2023/90183_230508.PDF,False,False
16191,Stockman Bank of Montana,MT,MILES CITY,Large Bank Evaluation,10/01/2023,Satisfactory,6180439.0,Outstanding,High Satisfactory,2023/16191_230522.PDF,False,False
17393,German American Bank,IN,JASPER,Large Bank Evaluation,10/01/2024,Satisfactory,6144423.0,Low Satisfactory,Low Satisfactory,2024/17393_240422.PDF,True,True
27332,Republic Bank,PA,PHILADELPHIA,Large Bank Evaluation,11/01/2023,Satisfactory,6034456.0,High Satisfactory,High Satisfactory,2023/27332_230424.PDF,False,False
24156,Ocean Bank,FL,MIAMI,Large Bank Evaluation,12/01/2023,Satisfactory,5986172.0,Low Satisfactory,Low Satisfactory,2023/24156_230606.PDF,True,True
57542,Toyota Financial Savings Bank,NV,HENDERSON,Wholesale Bank Evaluation,10/01/2024,Outstanding,5971011.0,,,2024/57542_240528.PDF,False,False
13876,CNB Bank,PA,CLEARFIELD,Large Bank Evaluation,03/01/2025,Satisfactory,5865071.0,High Satisfactory,High Satisfactory,2024/13876_240903.PDF,False,False
34598,Mercantile Bank,MI,GRAND RAPIDS,Large Bank Evaluation,07/01/2025,Satisfactory,5862869.0,Outstanding,High Satisfactory,2025/34598_250122.PDF,False,False
19222,Fremont Bank,CA,FREMONT,Large Bank Evaluation,06/01/2026,Satisfactory,5845630.0,High Satisfactory,High Satisfactory,2025/19222_250707.PDF,False,False
15697,Beneficial Bank,PA,PHILADELPHIA,Large Bank Evaluation,01/01/2018,Outstanding,5828410.0,Outstanding,Outstanding,2017/15697_170731.PDF,False,False
33661,"Mizrahi Tefahot Bank, Ltd.",CA,LOS ANGELES,Wholesale Bank Evaluation,03/01/2024,Satisfactory,5773447.0,,,2023/33661_231107.PDF,False,False
29546,Great Southern Bank,MO,REEDS SPRING,Large Bank Evaluation,09/01/2024,Satisfactory,5723662.0,High Satisfactory,Low Satisfactory,2023/29546_230905.PDF,True,True
1331,Farmers & Merchants Bank of Central California,CA,LODI,Large Bank Evaluation,05/01/2026,Outstanding,5631419.0,Outstanding,Outstanding,2025/1331_251201.PDF,False,False
26962,Wilson Bank and Trust,TN,LEBANON,Large Bank Evaluation,03/01/2026,Satisfactory,5630161.0,High Satisfactory,High Satisfactory,2025/26962_250908.PDF,False,False
58228,b1BANK,LA,BATON ROUGE,Large Bank Evaluation,10/01/2023,Satisfactory,5531431.0,Low Satisfactory,Low Satisfactory,2023/58228_230410.PDF,True,True
23287,The Cape Cod Five Cents Savings Bank,MA,HYANNIS,Large Bank Evaluation,06/01/2024,Outstanding,5506373.0,Outstanding,Outstanding,2023/23287_231106.PDF,False,False
18429,Morton Community Bank,IL,MORTON,Large Bank Evaluation,08/01/2024,Satisfactory,5467281.0,High Satisfactory,Low Satisfactory,2024/18429_240205.PDF,True,True
21265,Bradesco Bank,FL,CORAL GABLES,Large Bank Evaluation,05/01/2026,Satisfactory,5447306.0,Outstanding,High Satisfactory,2025/21265_251208.PDF,False,False
57614,Forbright Bank,MD,POTOMAC,Intermediate Small Bank Evaluation,07/01/2024,Needs to Improve,5445313.0,,,2022/57614_220809.PDF,False,False
58210,Bridgewater Bank,MN,SAINT LOUIS PARK,Large Bank Evaluation,07/01/2026,Outstanding,5398413.0,High Satisfactory,High Satisfactory,2026/58210_260223.PDF,False,False
34607,First Internet Bank of Indiana,IN,FISHERS,Strategic Plan Evaluation,11/01/2024,Satisfactory,5320616.0,,,2024/34607_240528.PDF,False,False
9423,Choice Financial Group,ND,FARGO,Large Bank Evaluation,06/01/2025,Satisfactory,5271199.0,High Satisfactory,High Satisfactory,2024/9423_241202.PDF,False,False
57815,Banesco USA,FL,MIAMI,Large Bank Evaluation,03/01/2026,Satisfactory,5214894.0,High Satisfactory,Outstanding,2025/57815_250825.PDF,False,False
20828,Banco Santander Puerto Rico,PR,SAN JUAN,Large Bank Evaluation,06/01/2019,Outstanding,5177922.0,High Satisfactory,Outstanding,2018/20828_181023.PDF,False,False
26647,Firstrust Savings Bank,PA,CONSHOHOCKEN,Large Bank Evaluation,07/01/2024,Satisfactory,5122806.0,Low Satisfactory,Low Satisfactory,2023/26647_231106.PDF,True,True
90250,Institution for Savings in Newburyport and Its Vicinity,MA,NEWBURYPORT,Large Bank Evaluation,02/01/2026,Satisfactory,5085006.0,Outstanding,Low Satisfactory,2024/90250_240624.PDF,True,True
34294,CFG Bank,MD,LUTHERVILLE,Large Bank Evaluation,09/01/2024,Satisfactory,5027779.0,High Satisfactory,Low Satisfactory,2024/34294_240226.PDF,True,True
20369,Heartland Bank and Trust Company,IL,BLOOMINGTON,Large Bank Evaluation,05/01/2024,Satisfactory,4988192.0,High Satisfactory,High Satisfactory,2023/20369_231113.PDF,False,False
18618,Manufacturers Bank,CA,LOS ANGELES,Large Bank Evaluation,08/01/2023,Satisfactory,4906144.0,High Satisfactory,High Satisfactory,2023/18618_230403.PDF,False,False
10248,First International Bank & Trust,ND,WATFORD CITY,Large Bank Evaluation,12/01/2023,Satisfactory,4876751.0,Low Satisfactory,Low Satisfactory,2023/10248_230717.PDF,True,True
19416,CTBC Bank Corp. (USA),CA,LOS ANGELES,Large Bank Evaluation,07/01/2023,Satisfactory,4816873.0,Substantial Non Complianc,Substantial Non Complianc,2023/19416_230206.PDF,True,True
15359,Southern Bank and Trust Company,NC,MOUNT OLIVE,Large Bank Evaluation,10/01/2024,Satisfactory,4758607.0,High Satisfactory,Low Satisfactory,2024/15359_240409.PDF,True,True
3973,First Bank & Trust,SD,BROOKINGS,Large Bank Evaluation,05/01/2026,Outstanding,4735956.0,Outstanding,High Satisfactory,2025/3973_251117.PDF,False,False
9889,Mid Penn Bank,PA,MILLERSBURG,Large Bank Evaluation,06/01/2023,Satisfactory,4665007.0,,,2022/9889_220630.PDF,False,False
59070,HarborOne Bank,MA,BROCKTON,Large Bank Evaluation,08/01/2021,Outstanding,4611118.0,Outstanding,Outstanding,2021/59070_210126.PDF,False,False
8879,Community Bank of Mississippi,MS,FLOWOOD,Large Bank Evaluation,10/01/2023,Satisfactory,4608467.0,Low Satisfactory,High Satisfactory,2023/8879_230227.PDF,False,True
90211,Hingham Institution for Savings,MA,HINGHAM,Large Bank Evaluation,03/01/2026,Satisfactory,4449837.0,High Satisfactory,Low Satisfactory,2024/90211_241104.PDF,True,True
58596,Carter Bank & Trust,VA,MARTINSVILLE,Large Bank Evaluation,05/01/2024,Satisfactory,4446729.0,Low Satisfactory,High Satisfactory,2023/58596_231023.PDF,False,True
27408,Enterprise Bank and Trust Company,MA,LOWELL,Large Bank Evaluation,01/01/2024,Satisfactory,4441891.0,High Satisfactory,Outstanding,2023/27408_230612.PDF,False,False
90213,PeoplesBank,MA,HOLYOKE,Large Bank Evaluation,11/01/2025,Satisfactory,4398977.0,Outstanding,High Satisfactory,2024/90213_240930.PDF,False,False
17842,Texas Bank and Trust Company,TX,LONGVIEW,Large Bank Evaluation,01/01/2026,Satisfactory,4342372.0,High Satisfactory,High Satisfactory,2025/17842_250804.PDF,False,False
1536,Bank of Stockton,CA,STOCKTON,Large Bank Evaluation,06/01/2025,Satisfactory,4320510.0,Low Satisfactory,High Satisfactory,2024/1536_240916.PDF,False,True
11507,The Fidelity Bank,NC,FUQUAY VARINA,Large Bank Evaluation,03/01/2026,Satisfactory,4263695.0,Low Satisfactory,Low Satisfactory,2025/11507_250902.PDF,True,True
25103,City Bank,TX,LUBBOCK,Large Bank Evaluation,04/01/2024,Satisfactory,4184122.0,Low Satisfactory,Low Satisfactory,2023/25103_240301.PDF,True,True
19690,Northeast Bank,ME,PORTLAND,Strategic Plan Evaluation,05/01/2026,Satisfactory,4171439.0,,,2025/19690_251201.PDF,False,False
22946,Scotiabank de Puerto Rico,PR,SAN JUAN,Large Bank Evaluation,01/01/2018,Satisfactory,4145913.0,Low Satisfactory,Low Satisfactory,2017/22946_170718.PDF,True,False
28866,Oritani Bank,NJ,TOWNSHIP OF WASHINGTON,Large Bank Evaluation,10/01/2018,Satisfactory,4141471.0,High Satisfactory,Low Satisfactory,2018/28866_180514.PDF,True,False
58816,Royal Business Bank,CA,LOS ANGELES,Large Bank Evaluation,10/01/2023,Satisfactory,4106226.0,High Satisfactory,High Satisfactory,2023/58816_230515.PDF,False,False
15229,First Business Bank,WI,MADISON,Large Bank Evaluation,07/01/2026,Satisfactory,4082035.0,Outstanding,Low Satisfactory,2026/15229_260317.PDF,True,True
35295,Southern First Bank,SC,GREENVILLE,Large Bank Evaluation,05/01/2025,Satisfactory,4056256.0,High Satisfactory,High Satisfactory,2024/35295_240415.PDF,False,False
18983,River City Bank,CA,SACRAMENTO,Large Bank Evaluation,04/01/2023,Satisfactory,4041345.0,Substantial Non Complianc,,2022/18983_221102.PDF,False,False
32779,Bank of Marin,CA,NOVATO,Large Bank Evaluation,06/01/2024,Satisfactory,4036176.0,Low Satisfactory,Low Satisfactory,2023/32779_231106.PDF,True,True
27614,Fulton Bank of New Jersey,NJ,MOUNT LAUREL,Large Bank Evaluation,03/01/2018,Outstanding,4030915.0,Outstanding,Outstanding,2017/27614_170822.PDF,False,False
11971,Bar Harbor Bank & Trust,ME,BAR HARBOR,Large Bank Evaluation,06/01/2025,Satisfactory,4025992.0,High Satisfactory,High Satisfactory,2024/11971_241209.PDF,False,False
33440,Citizens First Bank,FL,THE VILLAGES,Large Bank Evaluation,10/01/2022,Satisfactory,4013943.0,Substantial Non Complianc,,2022/33440_220429.PDF,False,True
8152,Cambridge Trust Company,MA,Cambridge,Large Bank Evaluation,02/01/2021,Satisfactory,3986816.0,High Satisfactory,Outstanding,2020/08152_200720.PDF,False,False
30076,"Spencer Savings Bank, SLA",NJ,ELMWOOD PARK,Large Bank Evaluation,04/01/2026,Outstanding,3982331.0,Outstanding,Outstanding,2025/30076_250915.PDF,False,False
34953,Northpointe Bank,MI,GRAND RAPIDS,Strategic Plan Evaluation,07/01/2023,Satisfactory,3978067.0,,,2023/34953_230306.PDF,False,False
25679,International Bank of Commerce,TX,BROWNSVILLE,Large Bank Evaluation,01/01/2025,Satisfactory,3958855.0,Outstanding,Low Satisfactory,2024/25679_240624.PDF,True,True
14650,Hills Bank and Trust Company,IA,HILLS,Large Bank Evaluation,07/01/2023,Outstanding,3936897.0,Outstanding,Outstanding,2023/14650_230316.PDF,False,False
34788,American Business Bank,CA,LOS ANGELES,Large Bank Evaluation,06/01/2024,Satisfactory,3874161.0,High Satisfactory,High Satisfactory,2024/34788_240129.PDF,False,False
19459,United Community Bank,IL,CHATHAM,Large Bank Evaluation,10/01/2025,Satisfactory,3859236.0,High Satisfactory,High Satisfactory,2025/19459_250324.PDF,False,False
35541,BCB Community Bank,NJ,BAYONNE,Large Bank Evaluation,01/01/2025,Satisfactory,3847694.0,High Satisfactory,Outstanding,2024/35541_240625.PDF,False,False
57417,Commercial Bank of California,CA,IRVINE,Large Bank Evaluation,06/01/2026,Satisfactory,3846280.0,Low Satisfactory,High Satisfactory,2026/57417_260112.PDF,False,True
17323,First State Community Bank,MO,FARMINGTON,Large Bank Evaluation,06/01/2023,Outstanding,3830509.0,Outstanding,Outstanding,2022/17323_221107.PDF,False,False
14028,First Guaranty Bank,LA,HAMMOND,Large Bank Evaluation,07/01/2026,Satisfactory,3794968.0,Low Satisfactory,Low Satisfactory,2026/14028_260127.PDF,True,True
22597,Bank of the Sierra,CA,PORTERVILLE,Large Bank Evaluation,06/01/2026,Outstanding,3706266.0,Outstanding,Outstanding,2025/22597_251208.PDF,False,False
57135,CresCom Bank,SC,CHARLESTON,Large Bank Evaluation,11/01/2018,Satisfactory,3695731.0,Low Satisfactory,Low Satisfactory,2018/57135_180521.PDF,True,False
7514,Peoples Security Bank and Trust Company,PA,SCRANTON,Large Bank Evaluation,01/01/2024,Satisfactory,3677877.0,High Satisfactory,High Satisfactory,2023/7514_230717.PDF,False,False
15614,West Bank,IA,WEST DES MOINES,Large Bank Evaluation,01/01/2024,Outstanding,3676875.0,High Satisfactory,High Satisfactory,2023/15614_230911.PDF,False,False
32749,New York Commercial Bank,NY,WESTBURY,Large Bank Evaluation,06/01/2018,Satisfactory,3651783.0,High Satisfactory,High Satisfactory,2017/32749_171108.PDF,False,False
58181,Metro City Bank,GA,DORAVILLE,Large Bank Evaluation,01/01/2026,Satisfactory,3644728.0,High Satisfactory,High Satisfactory,2025/58181_250630.PDF,False,False
15815,Central Bank & Trust Co.,KY,LEXINGTON,Large Bank Evaluation,07/01/2025,Satisfactory,3643067.0,Outstanding,Outstanding,2025/15815_250210.PDF,False,False
34102,"Summit Community Bank, Inc",WV,MOOREFIELD,Large Bank Evaluation,09/01/2022,Satisfactory,3620991.0,Low Satisfactory,High Satisfactory,2022/34102_220317.PDF,False,True
4705,Security Bank of Kansas City,KS,KANSAS CITY,Large Bank Evaluation,04/01/2024,Satisfactory,3613944.0,Low Satisfactory,High Satisfactory,2023/4705_231128.PDF,False,True
58481,First Bank,NJ,HAMILTON,Large Bank Evaluation,09/01/2024,Satisfactory,3609326.0,High Satisfactory,High Satisfactory,2024/58481_240221.PDF,False,False
11578,Burke & Herbert Bank & Trust Company,VA,ALEXANDRIA,Large Bank Evaluation,11/01/2023,Satisfactory,3563307.0,Low Satisfactory,High Satisfactory,2023/11578_230501.PDF,False,True
23030,Community West Bank,CA,FRESNO,Large Bank Evaluation,08/01/2025,Satisfactory,3518255.0,High Satisfactory,High Satisfactory,2025/23030_250218.PDF,False,False
34603,"MVB Bank, Inc",WV,FAIRMONT,Large Bank Evaluation,01/01/2024,Satisfactory,3505453.0,High Satisfactory,High Satisfactory,2023/34603_230605.PDF,False,False
35361,Five Star Bank,CA,ROSEVILLE,Large Bank Evaluation,02/01/2025,Satisfactory,3476132.0,High Satisfactory,Low Satisfactory,2024/35361_240722.PDF,True,True
12383,Carrollton Bank,IL,CARROLLTON,Large Bank Evaluation,06/01/2025,Outstanding,3444964.0,Outstanding,Outstanding,2024/12383_241212.PDF,False,False
19008,Parkway Bank and Trust Company,IL,HARWOOD HEIGHTS,Large Bank Evaluation,08/01/2024,Satisfactory,3435859.0,Low Satisfactory,Low Satisfactory,2024/19008_240401.PDF,True,True
32296,Union Savings Bank,OH,CINCINNATI,Large Bank Evaluation,05/01/2024,Satisfactory,3391585.0,High Satisfactory,Low Satisfactory,2023/32296_230613.PDF,True,True
5969,The Farmers & Merchants State Bank,OH,ARCHBOLD,Large Bank Evaluation,01/01/2026,Satisfactory,3379947.0,High Satisfactory,High Satisfactory,2025/5969_250707.PDF,False,False
8468,Exchange Bank,CA,SANTA ROSA,Large Bank Evaluation,07/01/2026,Satisfactory,3304145.0,Low Satisfactory,Low Satisfactory,2026/8468_260112.PDF,True,True
57348,SouthEast Bank,TN,FARRAGUT,Strategic Plan Evaluation,10/01/2025,Satisfactory,3294195.0,,,2025/57348_250901.PDF,False,False
4537,Landmark Bank,MO,COLUMBIA,Large Bank Evaluation,02/01/2020,Satisfactory,3290384.0,Low Satisfactory,High Satisfactory,2019/04537_190610.PDF,False,True
22134,Cache Valley Bank,UT,LOGAN,Large Bank Evaluation,08/01/2025,Satisfactory,3281738.0,High Satisfactory,Low Satisfactory,2025/22134_250210.PDF,True,True
57368,Bankwell Bank,CT,NEW CANAAN,Large Bank Evaluation,02/01/2026,Satisfactory,3230601.0,High Satisfactory,Low Satisfactory,2025/57368_250915.PDF,True,True
58390,Grandpoint Bank,CA,LOS ANGELES,Large Bank Evaluation,05/01/2018,Satisfactory,3198562.0,High Satisfactory,Outstanding,2017/58390_171023.PDF,False,False
15091,Lake Ridge Bank,WI,MIDDLETON,Large Bank Evaluation,03/01/2026,Satisfactory,3178632.0,High Satisfactory,Low Satisfactory,2025/15091_251103.PDF,True,True
34980,Red River Bank,LA,ALEXANDRIA,Large Bank Evaluation,02/01/2026,Satisfactory,3166822.0,Low Satisfactory,High Satisfactory,2025/34980_250902.PDF,False,True
16958,Minnwest Bank,MN,REDWOOD FALLS,Large Bank Evaluation,07/01/2025,Satisfactory,3161280.0,High Satisfactory,High Satisfactory,2025/16958_250210.PDF,False,False
34120,Bank of Ann Arbor,MI,ANN ARBOR,Large Bank Evaluation,05/01/2025,Satisfactory,3150538.0,Low Satisfactory,High Satisfactory,2024/34120_241112.PDF,False,True
24920,Woori America Bank,NY,NEW YORK,Large Bank Evaluation,11/01/2023,Satisfactory,3104798.0,High Satisfactory,High Satisfactory,2023/24920_230509.PDF,False,False
22257,Colony Bank,GA,FITZGERALD,Large Bank Evaluation,01/01/2024,Satisfactory,3091464.0,Low Satisfactory,High Satisfactory,2023/22257_230731.PDF,False,True
32574,Beal Bank,TX,PLANO,Wholesale Bank Evaluation,06/01/2023,Satisfactory,3076875.0,,,2022/32574_220718.PDF,False,False
11666,D. L. Evans Bank,ID,BURLEY,Large Bank Evaluation,03/01/2024,Satisfactory,3071088.0,Low Satisfactory,High Satisfactory,2023/11666_230918.PDF,False,True
26725,Banco do Brasil Americas,FL,MIAMI,Large Bank Evaluation,12/01/2025,Needs to Improve,3035260.0,High Satisfactory,Low Satisfactory,2025/26725_250512.PDF,True,True
21031,The Bank of Tampa,FL,TAMPA,Large Bank Evaluation,12/01/2025,Satisfactory,3024877.0,Low Satisfactory,High Satisfactory,2025/21031_250527.PDF,False,True
57607,First Western Trust Bank,CO,DENVER,Large Bank Evaluation,03/01/2026,Satisfactory,3021751.0,High Satisfactory,High Satisfactory,2025/57607_250929.PDF,False,False
18190,Union Savings Bank,CT,DANBURY,Large Bank Evaluation,11/01/2024,Satisfactory,3021272.0,High Satisfactory,High Satisfactory,2023/18190_230821.PDF,False,False
18266,Northern Bank & Trust Company,MA,WOBURN,Large Bank Evaluation,02/01/2024,Satisfactory,2986210.0,High Satisfactory,Low Satisfactory,2023/18266_230731.PDF,True,True
23622,Bristol County Savings Bank,MA,TAUNTON,Large Bank Evaluation,09/01/2023,Satisfactory,2974298.0,Outstanding,High Satisfactory,2022/23622_220912.PDF,False,False
20164,Sunwest Bank,UT,SANDY,Large Bank Evaluation,03/01/2025,Satisfactory,2974047.0,Low Satisfactory,High Satisfactory,2024/20164_240401.PDF,False,True
1617,The Bank of Missouri,MO,PERRYVILLE,Large Bank Evaluation,04/01/2025,Satisfactory,2963315.0,Low Satisfactory,High Satisfactory,2024/1617_240715.PDF,False,True
30401,Penn Community Bank,PA,DOYLESTOWN,Large Bank Evaluation,10/01/2025,Satisfactory,2934068.0,Outstanding,Low Satisfactory,2025/30401_250407.PDF,True,True
32974,Gulf Coast Bank and Trust Company,LA,NEW ORLEANS,Large Bank Evaluation,08/01/2023,Satisfactory,2927905.0,Low Satisfactory,Low Satisfactory,2023/32974_230313.PDF,True,True
27235,STAR Financial Bank,IN,FORT WAYNE,Large Bank Evaluation,08/01/2023,Satisfactory,2925303.0,High Satisfactory,High Satisfactory,2023/27235_230417.PDF,False,False
35530,First Carolina Bank,NC,ROCKY MOUNT,Intermediate Small Bank Evaluation,06/01/2025,Satisfactory,2890968.0,,,2024/35530_240715.PDF,False,False
90196,BayCoast Bank,MA,SWANSEA,Large Bank Evaluation,04/01/2025,Satisfactory,2882005.0,High Satisfactory,Outstanding,2024/90196_240130.PDF,False,False
25093,Habib American Bank,NY,NEW YORK,Large Bank Evaluation,12/01/2025,Satisfactory,2856490.0,Low Satisfactory,Low Satisfactory,2025/25093_250714.PDF,True,True
57463,PCB Bank,CA,LOS ANGELES,Large Bank Evaluation,02/01/2025,Satisfactory,2854271.0,Low Satisfactory,High Satisfactory,2024/57463_240729.PDF,False,True
58255,River Bank & Trust,AL,PRATTVILLE,Large Bank Evaluation,10/01/2023,Satisfactory,2833353.0,High Satisfactory,High Satisfactory,2023/58255_230427.PDF,False,False
16470,Jefferson Bank,TX,SAN ANTONIO,Large Bank Evaluation,03/01/2026,Satisfactory,2802550.0,Low Satisfactory,Outstanding,2025/16470_251014.PDF,False,True
30470,Manasquan Bank,NJ,MANASQUAN,Large Bank Evaluation,02/01/2024,Satisfactory,2795423.0,Outstanding,High Satisfactory,2023/30470_230911.PDF,False,False
34404,WebBank,UT,SALT LAKE CITY,Strategic Plan Evaluation,05/01/2021,Outstanding,2782223.0,,,2020/34404_201130.PDF,False,False
17741,Maine Community Bank,ME,PORTLAND,Intermediate Small Bank Evaluation,07/01/2026,Satisfactory,2778098.0,,,2025/17741_251208.PDF,False,False
34533,First Community Bank,AR,BATESVILLE,Large Bank Evaluation,09/01/2024,Satisfactory,2757543.0,High Satisfactory,Low Satisfactory,2024/34533_240318.PDF,True,True
20231,Pinnacle Bank,TX,FORT WORTH,Large Bank Evaluation,03/01/2025,Outstanding,2747997.0,High Satisfactory,High Satisfactory,2024/20231_240819.PDF,False,False
34618,Macatawa Bank,MI,HOLLAND,Large Bank Evaluation,11/01/2021,Satisfactory,2733572.0,High Satisfactory,Low Satisfactory,2021/34618_210524.PDF,True,True
17514,Banterra Bank,IL,MARION,Large Bank Evaluation,12/01/2023,Satisfactory,2726883.0,Low Satisfactory,Low Satisfactory,2023/17514_230213.PDF,True,True
17764,Centreville Bank,RI,WEST WARWICK,Large Bank Evaluation,03/01/2025,Satisfactory,2723778.0,High Satisfactory,High Satisfactory,2024/17764_240819.PDF,False,False
19333,Republic Bank of Chicago,IL,OAK BROOK,Large Bank Evaluation,04/01/2024,Satisfactory,2681738.0,Low Satisfactory,High Satisfactory,2023/19333_231016.PDF,False,True
20099,Texas Exchange Bank,TX,CROWLEY,Wholesale Bank Evaluation,11/01/2023,Satisfactory,2666616.0,,,2023/20099_230605.PDF,False,False
14863,LINKBANK,PA,CAMP HILL,Intermediate Small Bank Evaluation,07/01/2024,Satisfactory,2663209.0,,,2024/14863_240226.PDF,False,False
90215,Avidia Bank,MA,HUDSON,Large Bank Evaluation,08/01/2025,Satisfactory,2662177.0,Low Satisfactory,Low Satisfactory,2025/90215_250224.PDF,True,True
57591,West Coast Community Bank,CA,SANTA CRUZ,Large Bank Evaluation,03/01/2026,Satisfactory,2650147.0,High Satisfactory,Low Satisfactory,2025/57591_250922.PDF,True,True
57633,1st Security Bank of Washington,WA,MOUNTLAKE TERRACE,Large Bank Evaluation,06/01/2024,Satisfactory,2632273.0,Outstanding,Low Satisfactory,2023/57633_230403.PDF,True,True
19531,Machias Savings Bank,ME,MACHIAS,Large Bank Evaluation,02/01/2026,Outstanding,2611219.0,Outstanding,Outstanding,2025/19531_250908.PDF,False,False
35385,Home Savings Bank,OH,YOUNGSTOWN,Large Bank Evaluation,03/01/2018,Satisfactory,2595590.0,Low Satisfactory,Low Satisfactory,2017/35385_170905.PDF,True,False
33664,State Bank of India,IL,CHICAGO,Wholesale Bank Evaluation,02/01/2024,Satisfactory,2592437.0,,,2023/33664_230828.PDF,False,False
3256,"Horizon Bank, SSB",TX,AUSTIN,Large Bank Evaluation,02/01/2024,Satisfactory,2583927.0,Outstanding,High Satisfactory,2023/3256_231023.PDF,False,False
58309,American Momentum Bank,TX,COLLEGE STATION,Large Bank Evaluation,04/01/2024,Satisfactory,2579369.0,High Satisfactory,Low Satisfactory,2023/58309_231127.PDF,True,True
28679,North Shore Bank,WI,BROOKFIELD,Large Bank Evaluation,12/01/2024,Satisfactory,2569494.0,Low Satisfactory,High Satisfactory,2024/28679_240603.PDF,False,True
33216,Northrim Bank,AK,ANCHORAGE,Large Bank Evaluation,11/01/2023,Satisfactory,2564795.0,High Satisfactory,Low Satisfactory,2023/33216_230605.PDF,True,True
20884,Bank of Guam,GU,HAGATNA,Large Bank Evaluation,08/01/2025,Satisfactory,2563933.0,Low Satisfactory,Low Satisfactory,2025/20884_250317.PDF,True,True
19573,Lakeside Bank,IL,CHICAGO,Large Bank Evaluation,05/01/2024,Satisfactory,2559362.0,Low Satisfactory,Low Satisfactory,2023/19573_231204.PDF,True,True
58057,Tradition Capital Bank,MN,WAYZATA,Large Bank Evaluation,12/01/2024,Satisfactory,2522965.0,High Satisfactory,High Satisfactory,2024/58057_240625.PDF,False,False
90290,UniBank for Savings,MA,WHITINSVILLE,Large Bank Evaluation,06/01/2024,Satisfactory,2520940.0,High Satisfactory,Low Satisfactory,2023/90290_231211.PDF,True,True
57997,Bryant Bank,AL,TUSCALOOSA,Large Bank Evaluation,06/01/2023,Satisfactory,2517179.0,,,2022/57997_221122.PDF,False,False
58640,Revere Bank,MD,ROCKVILLE,Large Bank Evaluation,08/01/2019,Satisfactory,2510251.0,Low Satisfactory,High Satisfactory,2019/58640_190325.PDF,False,True
15310,"CB&S Bank, Inc.",AL,RUSSELLVILLE,Large Bank Evaluation,10/01/2024,Satisfactory,2487343.0,High Satisfactory,High Satisfactory,2023/15310_231127.PDF,False,False
23620,Dedham Institution for Savings,MA,DEDHAM,Large Bank Evaluation,10/01/2025,Satisfactory,2482010.0,High Satisfactory,High Satisfactory,2025/23620_250331.PDF,False,False
22559,Bravera Bank,ND,DICKINSON,Large Bank Evaluation,02/01/2024,Satisfactory,2467179.0,High Satisfactory,High Satisfactory,2023/22559_230918.PDF,False,False
24516,Interaudi Bank,NY,NEW YORK,Wholesale Bank Evaluation,08/01/2025,Satisfactory,2464704.0,,,2025/24516_250401.PDF,False,False
32647,Northwest Bank,IA,SPENCER,Large Bank Evaluation,10/01/2023,Satisfactory,2460801.0,High Satisfactory,High Satisfactory,2023/32647_230605.PDF,False,False
2315,Armstrong Bank,OK,MUSKOGEE,Large Bank Evaluation,07/01/2024,Satisfactory,2446898.0,High Satisfactory,Low Satisfactory,2024/2315_240108.PDF,True,True
19899,KS StateBank,KS,MANHATTAN,Large Bank Evaluation,11/01/2023,Satisfactory,2437059.0,Low Satisfactory,High Satisfactory,2023/19899_230612.PDF,False,True
6158,Peoples Bank,WA,BELLINGHAM,Large Bank Evaluation,11/01/2025,Satisfactory,2434624.0,High Satisfactory,Low Satisfactory,2025/6158_250527.PDF,True,True
33503,Unity Bank,NJ,CLINTON,Large Bank Evaluation,11/01/2023,Satisfactory,2431532.0,Low Satisfactory,High Satisfactory,2023/33503_230424.PDF,False,True
27244,The Columbia Bank,MD,COLUMBIA,Large Bank Evaluation,03/01/2018,Satisfactory,2428488.0,Outstanding,High Satisfactory,2017/27244_170822.PDF,False,False
17964,State Bank of Southern Utah,UT,CEDAR CITY,Large Bank Evaluation,12/01/2024,Satisfactory,2425785.0,Outstanding,High Satisfactory,2024/17964_240515.PDF,False,False
11868,The Fidelity Deposit and Discount Bank,PA,DUNMORE,Large Bank Evaluation,07/01/2023,Satisfactory,2420862.0,,,2023/11868_230109.PDF,False,False
4789,Emprise Bank,KS,WICHITA,Large Bank Evaluation,03/01/2024,Satisfactory,2415653.0,High Satisfactory,High Satisfactory,2023/4789_230828.PDF,False,False
13879,"PeoplesBank, a Codorus Valley Company",PA,YORK,Large Bank Evaluation,07/01/2022,Satisfactory,2414844.0,High Satisfactory,Low Satisfactory,2021/13879_210503.PDF,True,True
17159,Bank of Utah,UT,OGDEN,Large Bank Evaluation,11/01/2023,Satisfactory,2406732.0,High Satisfactory,High Satisfactory,2023/17159_230425.PDF,False,False
7506,ACNB Bank,PA,GETTYSBURG,Large Bank Evaluation,04/01/2025,Satisfactory,2403350.0,Low Satisfactory,Low Satisfactory,2024/7506_241118.PDF,True,True
10363,Citizens and Farmers Bank,VA,WEST POINT,Large Bank Evaluation,02/01/2024,Satisfactory,2398078.0,High Satisfactory,High Satisfactory,2023/10363_230731.PDF,False,False
57056,Celtic Bank,UT,SALT LAKE CITY,Strategic Plan Evaluation,01/01/2024,Satisfactory,2392860.0,,,2023/57056_230710.PDF,False,False
33005,FCB Banks,IL,COLLINSVILLE,Large Bank Evaluation,05/01/2025,Satisfactory,2384266.0,Low Satisfactory,High Satisfactory,2024/33005_241007.PDF,False,True
698,Wayne Bank,PA,HONESDALE,Large Bank Evaluation,03/01/2026,Satisfactory,2366498.0,High Satisfactory,Low Satisfactory,2025/698_250825.PDF,True,True
958,United Bank of Iowa,IA,IDA GROVE,Large Bank Evaluation,02/01/2024,Satisfactory,2350040.0,High Satisfactory,High Satisfactory,2023/958_231002.PDF,False,False
11112,Somerset Trust Company,PA,SOMERSET,Large Bank Evaluation,09/01/2025,Satisfactory,2315834.0,Low Satisfactory,High Satisfactory,2025/11112_250414.PDF,False,True
7799,Citizens & Northern Bank,PA,WELLSBORO,Large Bank Evaluation,08/01/2022,Satisfactory,2311213.0,Low Satisfactory,Low Satisfactory,2022/7799_220131.PDF,True,True
57510,Avidbank,CA,SAN JOSE,Large Bank Evaluation,08/01/2025,Satisfactory,2298340.0,Low Satisfactory,Low Satisfactory,2025/57510_250408.PDF,True,True
18204,First County Bank,CT,STAMFORD,Large Bank Evaluation,12/01/2025,Satisfactory,2281416.0,High Satisfactory,High Satisfactory,2025/18204_250519.PDF,False,False
57449,Medallion Bank,UT,SALT LAKE CITY,Strategic Plan Evaluation,06/01/2024,Outstanding,2262139.0,,,2023/57449_231127.PDF,False,False
28513,"WaterStone Bank, SSB",WI,WAUWATOSA,Large Bank Evaluation,06/01/2025,Satisfactory,2241040.0,High Satisfactory,Low Satisfactory,2025/28513_250106.PDF,True,True
57944,Open Bank,CA,LOS ANGELES,Large Bank Evaluation,01/01/2025,Outstanding,2234400.0,Outstanding,High Satisfactory,2024/57944_240604.PDF,False,False
28405,First Fed Bank,WA,PORT ANGELES,Large Bank Evaluation,01/01/2025,Satisfactory,2219706.0,Low Satisfactory,High Satisfactory,2024/28405_240618.PDF,False,True
58581,Texas Partners Bank,TX,SAN ANTONIO,Large Bank Evaluation,07/01/2024,Satisfactory,2200996.0,Low Satisfactory,Low Satisfactory,2024/58581_240205.PDF,True,True
12769,First United Bank,TX,DIMMITT,Large Bank Evaluation,09/01/2024,Satisfactory,2195446.0,High Satisfactory,Low Satisfactory,2024/12769_240408.PDF,True,True
30903,Community Bank of the Chesapeake,MD,WALDORF,Large Bank Evaluation,02/01/2022,Satisfactory,2192933.0,Low Satisfactory,High Satisfactory,2021/30903_210729.PDF,False,True
2711,"Traditional Bank, Inc.",KY,MOUNT STERLING,Large Bank Evaluation,11/01/2023,Satisfactory,2190086.0,Low Satisfactory,High Satisfactory,2023/2711_230717.PDF,False,True
28262,ESSA Bank & Trust,PA,STROUDSBURG,Large Bank Evaluation,12/01/2024,Satisfactory,2183164.0,High Satisfactory,High Satisfactory,2024/28262_240528.PDF,False,False
34351,USAA Savings Bank,NV,LAS VEGAS,Limited Purpose Evaluation,01/01/2023,Outstanding,2165188.0,,,2022/34351_220602.PDF,False,False
34888,Parke Bank,NJ,SEWELL,Large Bank Evaluation,03/01/2024,Needs to Improve,2155246.0,Low Satisfactory,Low Satisfactory,2021/34888_211130.PDF,True,True
58291,CalPrivate Bank,CA,LA JOLLA,Large Bank Evaluation,08/01/2024,Satisfactory,2152083.0,High Satisfactory,High Satisfactory,2024/58291_240318.PDF,False,False
14065,Pinnacle Bank,GA,ELBERTON,Large Bank Evaluation,10/01/2025,Satisfactory,2130759.0,Low Satisfactory,High Satisfactory,2025/14065_250127.PDF,False,True
58675,Hanover Community Bank,NY,GARDEN CITY PARK,Intermediate Small Bank Evaluation,03/01/2024,Satisfactory,2121181.0,,,2023/58675_230926.PDF,False,False
172,United Bank,GA,ZEBULON,Large Bank Evaluation,04/01/2025,Satisfactory,2120294.0,Low Satisfactory,Outstanding,2024/172_240909.PDF,False,True
23293,Florence Bank,MA,FLORENCE,Large Bank Evaluation,08/01/2025,Satisfactory,2118293.0,Outstanding,High Satisfactory,2024/23293_240513.PDF,False,False
18059,The Bank of Commerce,ID,AMMON,Large Bank Evaluation,06/01/2025,Satisfactory,2111141.0,Low Satisfactory,High Satisfactory,2024/18059_241104.PDF,False,True
19559,TexasBank,TX,BROWNWOOD,Intermediate Small Bank Evaluation,04/01/2024,Satisfactory,2094068.0,,,2023/19559_231016.PDF,False,False
21956,Montecito Bank & Trust,CA,SANTA BARBARA,Large Bank Evaluation,01/01/2024,Outstanding,2086522.0,Outstanding,Outstanding,2023/21956_230724.PDF,False,False
57369,U. S. Century Bank,FL,DORAL,Intermediate Small Bank Evaluation,04/01/2023,Satisfactory,2085834.0,,,2022/57369_221003.PDF,False,False
18198,Ion Bank,CT,NAUGATUCK,Large Bank Evaluation,08/01/2024,Satisfactory,2083933.0,Low Satisfactory,High Satisfactory,2023/18198_230530.PDF,False,True
58374,The Piedmont Bank,GA,PEACHTREE CORNERS,Large Bank Evaluation,11/01/2024,Satisfactory,2079824.0,Low Satisfactory,Low Satisfactory,2024/58374_240610.PDF,True,True
22221,SB One Bank,NJ,FRANKLIN,Intermediate Small Bank Evaluation,09/01/2020,Satisfactory,2077377.0,High Satisfactory,High Satisfactory,2020/22221_200323.PDF,False,False
23992,Country Bank for Savings,MA,WARE,Large Bank Evaluation,02/01/2026,Satisfactory,2073726.0,High Satisfactory,Low Satisfactory,2025/23992_250714.PDF,True,True
9123,Western State Bank,ND,DEVILS LAKE,Large Bank Evaluation,05/01/2024,Satisfactory,2072686.0,Low Satisfactory,High Satisfactory,2023/9123_231127.PDF,False,True
29523,Peoples Bank,IN,MUNSTER,Large Bank Evaluation,12/01/2024,Satisfactory,2072545.0,Low Satisfactory,High Satisfactory,2024/29523_240729.PDF,False,True
27744,MutualBank,IN,MUNCIE,Large Bank Evaluation,05/01/2020,Satisfactory,2068557.0,Low Satisfactory,High Satisfactory,2019/27744_190715.PDF,False,True
253,Luana Savings Bank,IA,LUANA,Large Bank Evaluation,10/01/2023,Satisfactory,2063244.0,Low Satisfactory,Low Satisfactory,2023/253_230522.PDF,True,True
27074,State Bank of Texas,TX,DALLAS,Intermediate Small Bank Evaluation,10/01/2023,Satisfactory,2054921.0,,,2023/27074_230320.PDF,False,False
17470,First Bank Chicago,IL,HIGHLAND PARK,Large Bank Evaluation,04/01/2026,Satisfactory,2024099.0,Low Satisfactory,Outstanding,2025/17470_251027.PDF,False,True
30052,Blue Foundry Bank,NJ,RUTHERFORD,Large Bank Evaluation,01/01/2025,Satisfactory,2022886.0,Low Satisfactory,High Satisfactory,2024/30052_240604.PDF,False,True
9204,Central Bank,UT,PROVO,Large Bank Evaluation,11/01/2023,Satisfactory,2014180.0,Low Satisfactory,High Satisfactory,2023/9204_230710.PDF,False,True
1265,Cashmere Valley Bank,WA,CASHMERE,Large Bank Evaluation,05/01/2024,Satisfactory,2008732.0,Low Satisfactory,High Satisfactory,2023/1265_231016.PDF,False,True
19772,IncredibleBank,WI,WAUSAU,Large Bank Evaluation,10/01/2025,Satisfactory,2004363.0,Outstanding,Outstanding,2025/19772_250421.PDF,False,False
8235,Planters Bank & Trust Company,MS,INDIANOLA,Large Bank Evaluation,11/01/2025,Satisfactory,1995139.0,High Satisfactory,High Satisfactory,2025/8235_250421.PDF,False,False
15809,Security State Bank & Trust,TX,FREDERICKSBURG,Large Bank Evaluation,05/01/2026,Satisfactory,1984577.0,Low Satisfactory,High Satisfactory,2025/15809_251117.PDF,False,True
28116,Yakima Federal Savings and Loan Association,WA,YAKIMA,Large Bank Evaluation,03/01/2024,Satisfactory,1984560.0,High Satisfactory,Low Satisfactory,2023/28116_231024.PDF,True,True
26856,Falcon International Bank,TX,LAREDO,Large Bank Evaluation,02/01/2024,Satisfactory,1975494.0,High Satisfactory,Low Satisfactory,2023/26856_231016.PDF,True,True
4857,First United Bank & Trust,MD,OAKLAND,Large Bank Evaluation,12/01/2025,Satisfactory,1955344.0,High Satisfactory,Outstanding,2025/4857_250521.PDF,False,False
26336,The Village Bank,MA,AUBURNDALE,Large Bank Evaluation,11/01/2024,Satisfactory,1946483.0,Low Satisfactory,Low Satisfactory,2024/26336_240520.PDF,True,True
58604,Level One Bank,MI,FARMINGTON HILLS,Large Bank Evaluation,10/01/2020,Satisfactory,1934218.0,High Satisfactory,Outstanding,2020/58604_200526.PDF,False,False
5415,Security First Bank,NE,LINCOLN,Intermediate Small Bank Evaluation,04/01/2025,Satisfactory,1930300.0,,,2024/5415_241028.PDF,False,False
18213,Fairfield County Bank,CT,RIDGEFIELD,Large Bank Evaluation,06/01/2023,Satisfactory,1923978.0,,,2022/18213_221128.PDF,False,False
58513,The Bank of Princeton,NJ,PRINCETON,Large Bank Evaluation,11/01/2024,Satisfactory,1916497.0,High Satisfactory,Low Satisfactory,2024/58513_240422.PDF,True,True
28453,Timberland Bank,WA,HOQUIAM,Large Bank Evaluation,01/01/2025,Satisfactory,1906715.0,High Satisfactory,Low Satisfactory,2024/28453_240806.PDF,True,True
3440,First Northern Bank of Dixon,CA,DIXON,Large Bank Evaluation,09/01/2023,Satisfactory,1903284.0,Low Satisfactory,High Satisfactory,2023/3440_230508.PDF,False,True
58490,Beneficial State Bank,CA,OAKLAND,Large Bank Evaluation,01/01/2026,Satisfactory,1895785.0,High Satisfactory,High Satisfactory,2024/58490_241203.PDF,False,False
18199,Newtown Savings Bank,CT,NEWTOWN,Large Bank Evaluation,05/01/2026,Outstanding,1893706.0,High Satisfactory,Outstanding,2025/18199_251117.PDF,False,False
58583,California Bank of Commerce,CA,WALNUT CREEK,Intermediate Small Bank Evaluation,06/01/2023,Satisfactory,1892472.0,,,2023/58583_230103.PDF,False,False
14207,Lincoln Savings Bank,IA,REINBECK,Large Bank Evaluation,12/01/2023,Satisfactory,1883919.0,Low Satisfactory,Low Satisfactory,2023/14207_230803.PDF,True,True
14382,Fidelity Bank & Trust,IA,DUBUQUE,Large Bank Evaluation,07/01/2024,Satisfactory,1883414.0,High Satisfactory,High Satisfactory,2024/14382_240318.PDF,False,False
15953,Guaranty Bank and Trust Company,MS,BELZONI,Intermediate Small Bank Evaluation,01/01/2024,Satisfactory,1881339.0,,,2023/15953_230404.PDF,False,False
15118,Gateway First Bank,OK,JENKS,Large Bank Evaluation,06/01/2023,Satisfactory,1877908.0,,Substantial Non Complianc,2023/15118_230130.PDF,True,False
21573,Bank of Tennessee,TN,KINGSPORT,Large Bank Evaluation,11/01/2024,Satisfactory,1875869.0,Low Satisfactory,Low Satisfactory,2024/21573_240520.PDF,True,True
7714,QNB Bank,PA,QUAKERTOWN,Large Bank Evaluation,01/01/2026,Satisfactory,1873899.0,Low Satisfactory,High Satisfactory,2025/7714_250721.PDF,False,True
3387,FirstBank Southwest,TX,AMARILLO,Large Bank Evaluation,04/01/2026,Satisfactory,1859619.0,Outstanding,High Satisfactory,2025/3387_251117.PDF,False,False
20741,Pioneer Bank,NY,ALBANY,Large Bank Evaluation,01/01/2024,Outstanding,1855879.0,Outstanding,Outstanding,2023/20741_230918.PDF,False,False
13063,Kennebunk Savings Bank,ME,KENNEBUNK,Large Bank Evaluation,01/01/2024,Satisfactory,1853851.0,High Satisfactory,High Satisfactory,2023/13063_230612.PDF,False,False
29147,NorthEast Community Bank,NY,WHITE PLAINS,Intermediate Small Bank Evaluation,11/01/2024,Outstanding,1851203.0,,,2024/29147_240506.PDF,False,False
12517,Bank Five Nine,WI,OCONOMOWOC,Large Bank Evaluation,06/01/2024,Satisfactory,1850194.0,Low Satisfactory,High Satisfactory,2024/12517_240108.PDF,False,True
5854,"South Central Bank,  Inc.",KY,GLASGOW,Large Bank Evaluation,08/01/2025,Satisfactory,1845172.0,Low Satisfactory,Low Satisfactory,2024/5854_241028.PDF,True,True
33188,Shinhan Bank America,NY,NEW YORK,Large Bank Evaluation,02/01/2025,Satisfactory,1841066.0,Low Satisfactory,Low Satisfactory,2024/33188_240729.PDF,True,True
18402,Blackhawk Bank & Trust,IL,MILAN,Large Bank Evaluation,04/01/2025,Satisfactory,1835223.0,Low Satisfactory,Low Satisfactory,2024/18402_240923.PDF,True,True
57777,Meridian Bank,PA,PAOLI,Large Bank Evaluation,07/01/2023,Satisfactory,1831464.0,Substantial Non Complianc,Substantial Non Complianc,2022/57777_221129.PDF,True,True
17751,Androscoggin Savings Bank,ME,LEWISTON,Intermediate Small Bank Evaluation,08/01/2026,Satisfactory,1830082.0,,,2026/17751_260217.PDF,False,False
34254,"Planters Bank, Inc.",KY,HOPKINSVILLE,Intermediate Small Bank Evaluation,02/01/2025,Satisfactory,1828263.0,,,2024/34254_240916.PDF,False,False
8405,Farmers and Merchants Trust Company of Chambersburg,PA,CHAMBERSBURG,Large Bank Evaluation,05/01/2024,Satisfactory,1827377.0,Low Satisfactory,High Satisfactory,2023/8405_231128.PDF,False,True
17658,Norway Savings Bank,ME,NORWAY,Large Bank Evaluation,02/01/2024,Outstanding,1826350.0,Outstanding,Outstanding,2023/17658_231003.PDF,False,False
10619,Hawthorn Bank,MO,JEFFERSON CITY,Large Bank Evaluation,11/01/2024,Satisfactory,1825851.0,High Satisfactory,Low Satisfactory,2024/10619_240429.PDF,True,True
9978,First State Bank of Uvalde,TX,UVALDE,Large Bank Evaluation,12/01/2025,Satisfactory,1823649.0,Outstanding,Low Satisfactory,2025/9978_250804.PDF,True,True
58264,Signature Bank,IL,ROSEMONT,Intermediate Small Bank Evaluation,03/01/2024,Satisfactory,1816139.0,,,2023/58264_231113.PDF,False,False
10307,Builtwell Bank,TN,CHATTANOOGA,Intermediate Small Bank Evaluation,08/01/2024,Satisfactory,1796911.0,,,2024/10307_240311.PDF,False,False
15995,PCSB Bank,NY,BREWSTER,Large Bank Evaluation,06/01/2021,Satisfactory,1788574.0,High Satisfactory,Low Satisfactory,2021/15995_210119.PDF,True,True
58783,Oakworth Capital Bank,AL,BIRMINGHAM,Intermediate Small Bank Evaluation,07/01/2025,Satisfactory,1787764.0,,,2025/58783_250225.PDF,False,False
90141,BankProv,MA,AMESBURY,Intermediate Small Bank Evaluation,12/01/2024,Satisfactory,1787694.0,,,2022/90141_221024.PDF,False,False
58558,Southern States Bank,AL,ANNISTON,Intermediate Small Bank Evaluation,06/01/2022,Satisfactory,1781732.0,High Satisfactory,High Satisfactory,2021/58558_211118.PDF,False,False
2240,First American Bank,NM,ARTESIA,Large Bank Evaluation,05/01/2025,Satisfactory,1779138.0,Outstanding,Low Satisfactory,2024/2240_241028.PDF,True,True
18012,Bank of New Hampshire,NH,LACONIA,Large Bank Evaluation,09/01/2020,Satisfactory,1774161.0,High Satisfactory,High Satisfactory,2020/18012_200323.PDF,False,False
7748,VIST Bank,PA,WYOMISSING,Large Bank Evaluation,07/01/2020,Satisfactory,1769026.0,High Satisfactory,High Satisfactory,2020/07748_200203.PDF,False,False
59205,Nelnet Bank,UT,DRAPER,Strategic Plan Evaluation,03/01/2026,Outstanding,1767193.0,,,2025/59205_251020.PDF,False,False
13198,Cornerstone Bank,ND,FARGO,Intermediate Small Bank Evaluation,03/01/2026,Satisfactory,1755510.0,,,2025/13198_251006.PDF,False,False
57228,Embassy Bank for the Lehigh Valley,PA,BETHLEHEM,Large Bank Evaluation,10/01/2025,Satisfactory,1754946.0,Low Satisfactory,High Satisfactory,2025/57228_250505.PDF,False,True
9923,Anderson Brothers Bank,SC,MULLINS,Intermediate Small Bank Evaluation,10/01/2024,Satisfactory,1752391.0,,,2024/9923_240226.PDF,False,False
29922,Riverview Bank,WA,VANCOUVER,Intermediate Small Bank Evaluation,05/01/2023,Satisfactory,1739030.0,,,2022/29922_221107.PDF,False,False
34047,First Community Bank,SC,LEXINGTON,Large Bank Evaluation,11/01/2023,Satisfactory,1735147.0,Low Satisfactory,Low Satisfactory,2023/34047_230626.PDF,True,True
34728,Independent Bank,TN,MEMPHIS,Intermediate Small Bank Evaluation,05/01/2026,Satisfactory,1728890.0,,,2025/34728_251103.PDF,False,False
33758,Starion Bank,ND,BISMARCK,Large Bank Evaluation,08/01/2023,Satisfactory,1720130.0,Low Satisfactory,Low Satisfactory,2023/33758_230320.PDF,True,True
57756,CoastalStates Bank,SC,HILTON HEAD ISLAND,Intermediate Small Bank Evaluation,11/01/2022,Satisfactory,1711718.0,,,2022/57756_220628.PDF,False,False
12013,Union County Savings Bank,NJ,ELIZABETH,Large Bank Evaluation,05/01/2024,Satisfactory,1710941.0,High Satisfactory,High Satisfactory,2023/12013_231023.PDF,False,False
4160,Regent Bank,OK,TULSA,Intermediate Small Bank Evaluation,08/01/2025,Satisfactory,1708249.0,,,2024/4160_241202.PDF,False,False
9963,F&M Bank,TN,CLARKSVILLE,Intermediate Small Bank Evaluation,08/01/2024,Satisfactory,1706916.0,,,2024/9963_240122.PDF,False,False
6161,Kitsap Bank,WA,PORT ORCHARD,Intermediate Small Bank Evaluation,05/01/2023,Satisfactory,1692845.0,,,2022/6161_221219.PDF,False,False
14969,Kish Bank,PA,BELLEVILLE,Intermediate Small Bank Evaluation,08/01/2025,Satisfactory,1691780.0,,,2025/14969_250331.PDF,False,False
90235,Main Street Bank,MA,MARLBOROUGH,Intermediate Small Bank Evaluation,03/01/2026,Satisfactory,1688610.0,,,2025/90235_250902.PDF,False,False
13716,The Middlefield Banking Company,OH,MIDDLEFIELD,Intermediate Small Bank Evaluation,04/01/2023,Satisfactory,1684434.0,,,2022/13716_221212.PDF,False,False
18355,North Dallas Bank & Trust Co.,TX,DALLAS,Large Bank Evaluation,03/01/2024,Satisfactory,1684358.0,High Satisfactory,High Satisfactory,2023/18355_230905.PDF,False,False
58689,South Atlantic Bank,SC,MYRTLE BEACH,Intermediate Small Bank Evaluation,12/01/2024,Satisfactory,1666789.0,,,2024/58689_240520.PDF,False,False
26484,"North Shore Bank, a Co-operative Bank",MA,PEABODY,Large Bank Evaluation,02/01/2023,Satisfactory,1665529.0,Substantial Non Complianc,Substantial Non Complianc,2022/26484_220725.PDF,True,True
1711,Citizens Bank of Lafayette,TN,LAFAYETTE,Large Bank Evaluation,07/01/2025,Satisfactory,1659215.0,High Satisfactory,Low Satisfactory,2024/1711_241216.PDF,True,True
29520,Washington Financial Bank,PA,WASHINGTON,Intermediate Small Bank Evaluation,04/01/2023,Satisfactory,1654591.0,,,2022/29520_221212.PDF,False,False
686,Journey Bank,PA,BLOOMSBURG,Intermediate Small Bank Evaluation,06/01/2026,Satisfactory,1651984.0,,,2025/686_251201.PDF,False,False
1117,American Bank & Trust,SD,SIOUX FALLS,Intermediate Small Bank Evaluation,04/01/2024,Satisfactory,1647634.0,,,2023/1117_231205.PDF,False,False
7472,FNCB Bank,PA,DUNMORE,Intermediate Small Bank Evaluation,08/01/2022,Satisfactory,1642809.0,High Satisfactory,High Satisfactory,2021/7472_211027.PDF,False,False
58316,Investar Bank,LA,BATON ROUGE,Intermediate Small Bank Evaluation,09/01/2018,Satisfactory,1642254.0,High Satisfactory,Outstanding,2018/58316_180312.PDF,False,False
12855,Farmers State Bank,IA,WATERLOO,Intermediate Small Bank Evaluation,08/01/2025,Outstanding,1641556.0,,,2025/12855_250409.PDF,False,False
58719,Progress Bank and Trust,AL,HUNTSVILLE,Intermediate Small Bank Evaluation,02/01/2022,Satisfactory,1632550.0,High Satisfactory,High Satisfactory,2021/58719_210809.PDF,False,False
5956,Peoples Bank,NC,NEWTON,Large Bank Evaluation,12/01/2023,Satisfactory,1620439.0,Low Satisfactory,High Satisfactory,2023/5956_230511.PDF,False,True
90227,The Lowell Five Cent Savings Bank,MA,TEWKSBURY,Large Bank Evaluation,10/01/2024,Satisfactory,1620024.0,High Satisfactory,High Satisfactory,2024/90227_240401.PDF,False,False
90251,Newburyport Five Cents Savings Bank,MA,NEWBURYPORT,Intermediate Small Bank Evaluation,05/01/2026,Satisfactory,1615728.0,,,2025/90251_251014.PDF,False,False
17748,Gorham Savings Bank,ME,GORHAM,Large Bank Evaluation,11/01/2023,Satisfactory,1607984.0,High Satisfactory,High Satisfactory,2023/17748_230501.PDF,False,False
18238,Chelsea Groton Bank,CT,GROTON,Large Bank Evaluation,01/01/2024,Satisfactory,1600324.0,High Satisfactory,Outstanding,2023/18238_230213.PDF,False,False
22451,Volunteer Bank,TN,NASHVILLE,Intermediate Small Bank Evaluation,04/01/2025,Satisfactory,1597861.0,,,2024/22451_241104.PDF,False,False
33119,"Heritage Bank, Inc.",KY,ERLANGER,Intermediate Small Bank Evaluation,04/01/2024,Satisfactory,1594809.0,,,2023/33119_231128.PDF,False,False
18258,Thomaston Savings Bank,CT,THOMASTON,Large Bank Evaluation,10/01/2023,Satisfactory,1583298.0,Low Satisfactory,High Satisfactory,2022/18258_220829.PDF,False,True
57071,Georgia Banking Company,GA,ATLANTA,Strategic Plan Evaluation,03/01/2024,Satisfactory,1580422.0,,,2023/57071_231030.PDF,False,False
34781,"Transportation Alliance Bank, Inc. d/b/a TAB Bank",UT,OGDEN,Strategic Plan Evaluation,05/01/2025,Satisfactory,1573233.0,,,2024/34781_241028.PDF,False,False
19506,Bank of Springfield,IL,SPRINGFIELD,Intermediate Small Bank Evaluation,10/01/2024,Satisfactory,1569936.0,,,2024/19506_240408.PDF,False,False
58310,US Metro Bank,CA,GARDEN GROVE,Intermediate Small Bank Evaluation,05/01/2026,Satisfactory,1566784.0,,,2026/58310_260120.PDF,False,False
90259,North Easton Savings Bank,MA,SOUTH EASTON,Intermediate Small Bank Evaluation,09/01/2024,Satisfactory,1566165.0,,,2024/90259_240318.PDF,False,False
14140,Northfield Savings Bank,VT,NORTHFIELD,Intermediate Small Bank Evaluation,01/01/2026,Satisfactory,1560737.0,,,2025/14140_250721.PDF,False,False
15752,First State Bank,IL,MENDOTA,Intermediate Small Bank Evaluation,08/01/2024,Satisfactory,1550854.0,,,2024/15752_240325.PDF,False,False
17910,Morris Bank,GA,DUBLIN,Intermediate Small Bank Evaluation,02/01/2026,Satisfactory,1550495.0,,,2025/17910_250922.PDF,False,False
15219,Dubuque Bank and Trust Company,IA,DUBUQUE,Large Bank Evaluation,10/01/2019,Satisfactory,1550487.0,High Satisfactory,Outstanding,2019/15219_190506.PDF,False,False
59093,International Bank of Commerce,OK,OKLAHOMA CITY,Large Bank Evaluation,01/01/2025,Satisfactory,1548823.0,Outstanding,Low Satisfactory,2024/59093_240624.PDF,True,True
26451,Fidelity Co-operative Bank,MA,LEOMINSTER,Intermediate Small Bank Evaluation,05/01/2025,Outstanding,1543566.0,,,2024/26451_241021.PDF,False,False
1402,Citizens Alliance Bank,MN,CLARA CITY,Intermediate Small Bank Evaluation,02/01/2025,Satisfactory,1543241.0,,,2024/1402_240715.PDF,False,False
34908,Cogent Bank,FL,ORLANDO,Intermediate Small Bank Evaluation,12/01/2023,Satisfactory,1538946.0,,,2023/34908_230710.PDF,False,False
5598,Troy Bank & Trust Company,AL,TROY,Intermediate Small Bank Evaluation,09/01/2024,Satisfactory,1533267.0,,,2024/5598_240220.PDF,False,False
5962,Sutton Bank,OH,ATTICA,Intermediate Small Bank Evaluation,03/01/2026,Satisfactory,1527789.0,,,2024/5962_250113.PDF,False,False
8774,The Cecilian Bank,KY,CECILIA,Intermediate Small Bank Evaluation,12/01/2024,Satisfactory,1524185.0,,,2024/8774_240715.PDF,False,False
8432,One Bank of Tennessee,TN,COOKEVILLE,Intermediate Small Bank Evaluation,08/01/2024,Satisfactory,1522887.0,,,2023/8432_231204.PDF,False,False
26517,Cape Cod Co-operative Bank,MA,YARMOUTH PORT,Intermediate Small Bank Evaluation,02/01/2025,Satisfactory,1522206.0,,,2023/26517_231120.PDF,False,False
57754,Providence Bank & Trust,IL,SOUTH HOLLAND,Intermediate Small Bank Evaluation,10/01/2023,Satisfactory,1520354.0,,,2023/57754_230515.PDF,False,False
4009,"BankWest, Inc.",SD,PIERRE,Intermediate Small Bank Evaluation,08/01/2023,Satisfactory,1519801.0,,,2023/4009_230213.PDF,False,False
31100,Security Federal Bank,SC,AIKEN,Intermediate Small Bank Evaluation,01/01/2026,Satisfactory,1519347.0,,,2025/31100_250623.PDF,False,False
13292,The Bank of Castile,NY,CASTILE,Large Bank Evaluation,10/01/2020,Outstanding,1518723.0,High Satisfactory,Outstanding,2020/13292_200608.PDF,False,False
26444,Everett Co-operative Bank,MA,EVERETT,Intermediate Small Bank Evaluation,01/01/2026,Satisfactory,1514739.0,,,2025/26444_250707.PDF,False,False
5019,Southern Michigan Bank & Trust,MI,COLDWATER,Intermediate Small Bank Evaluation,08/01/2025,Satisfactory,1507340.0,,,2025/5019_250127.PDF,False,False
14359,Jersey Shore State Bank,PA,WILLIAMSPORT,Intermediate Small Bank Evaluation,10/01/2023,Satisfactory,1501864.0,,,2023/14359_230515.PDF,False,False
28533,First Bank Richmond,IN,RICHMOND,Intermediate Small Bank Evaluation,06/01/2025,Satisfactory,1500367.0,,,2025/28533_250130.PDF,False,False
34726,New Mexico Bank & Trust,NM,ALBUQUERQUE,Large Bank Evaluation,10/01/2019,Satisfactory,1500024.0,Low Satisfactory,High Satisfactory,2019/34726_190603.PDF,False,True
58752,Northwest Bank,ID,BOISE,Intermediate Small Bank Evaluation,12/01/2025,Satisfactory,1495006.0,,,2025/58752_250707.PDF,False,False
11771,Availa Bank,IA,CARROLL,Intermediate Small Bank Evaluation,08/01/2023,Satisfactory,1494338.0,,,2023/11771_230418.PDF,False,False
16160,Waukesha State Bank,WI,WAUKESHA,Intermediate Small Bank Evaluation,12/01/2024,Outstanding,1493654.0,,,2024/16160_240708.PDF,False,False
35230,Evergreen Bank Group,IL,OAK BROOK,Strategic Plan Evaluation,12/01/2024,Satisfactory,1493532.0,,,2024/35230_240624.PDF,False,False
19608,The Park Bank,WI,MADISON,Intermediate Small Bank Evaluation,02/01/2025,Satisfactory,1488383.0,,,2024/19608_240923.PDF,False,False
17180,Meredith Village Savings Bank,NH,MEREDITH,Intermediate Small Bank Evaluation,05/01/2023,Satisfactory,1483609.0,,,2022/17180_220906.PDF,False,False
28362,Century Bank,NM,SANTA FE,Intermediate Small Bank Evaluation,07/01/2025,Satisfactory,1472060.0,,,2025/28362_250303.PDF,False,False
17897,Kennebec Savings Bank,ME,AUGUSTA,Intermediate Small Bank Evaluation,08/01/2023,Satisfactory,1471217.0,,,2023/17897_230306.PDF,False,False
11406,The State Bank,MI,FENTON,Intermediate Small Bank Evaluation,06/01/2023,Satisfactory,1470809.0,,,2022/11406_221128.PDF,False,False
7848,Community Bank,PA,CARMICHAELS,Intermediate Small Bank Evaluation,01/01/2025,Satisfactory,1470262.0,,,2024/7848_240701.PDF,False,False
57497,Pathfinder Bank,NY,OSWEGO,Large Bank Evaluation,07/01/2025,Satisfactory,1468976.0,High Satisfactory,High Satisfactory,2025/57497_250224.PDF,False,False
18609,American Bank of Commerce,TX,WOLFFORTH,Intermediate Small Bank Evaluation,07/01/2025,Satisfactory,1464340.0,,,2024/18609_241212.PDF,False,False
18569,Peoples State Bank,WI,WAUSAU,Intermediate Small Bank Evaluation,01/01/2026,Satisfactory,1459363.0,,,2025/18569_250728.PDF,False,False
58054,First Commerce Bank,NJ,LAKEWOOD,Intermediate Small Bank Evaluation,03/01/2025,Outstanding,1452486.0,,,2024/58054_240806.PDF,False,False
4931,Mountain Commerce Bank,TN,KNOXVILLE,Intermediate Small Bank Evaluation,08/01/2023,Satisfactory,1448805.0,,,2023/4931_230320.PDF,False,False
29847,Main Street Bank Corp.,OH,WOOSTER,Intermediate Small Bank Evaluation,03/01/2026,Satisfactory,1448348.0,,,2025/29847_250903.PDF,False,False
29058,First Financial Northwest Bank,WA,RENTON,Large Bank Evaluation,12/01/2021,Outstanding,1430753.0,High Satisfactory,Outstanding,2021/29058_210802.PDF,False,False
58811,One Florida Bank,FL,ORLANDO,Intermediate Small Bank Evaluation,04/01/2023,Satisfactory,1428073.0,,,2022/58811_220912.PDF,False,False
15912,Savings Bank of Danbury,CT,DANBURY,Intermediate Small Bank Evaluation,08/01/2023,Outstanding,1423186.0,,,2023/15912_230306.PDF,False,False
20818,Citizens Tri-County Bank,TN,DUNLAP,Intermediate Small Bank Evaluation,03/01/2025,Satisfactory,1419615.0,,,2024/20818_240923.PDF,False,False
17749,Bath Savings Institution,ME,BATH,Intermediate Small Bank Evaluation,12/01/2025,Satisfactory,1415126.0,,,2025/17749_250527.PDF,False,False
58424,Alma Bank,NY,ASTORIA,Intermediate Small Bank Evaluation,03/01/2025,Satisfactory,1411813.0,,,2024/58424_241021.PDF,False,False
28316,FIDELITY BANK,LA,NEW ORLEANS,Intermediate Small Bank Evaluation,07/01/2025,Satisfactory,1408768.0,,,2025/28316_250122.PDF,False,False
15545,Frontier Bank,NE,OMAHA,Intermediate Small Bank Evaluation,01/01/2026,Satisfactory,1408272.0,,,2025/15545_250811.PDF,False,False
11670,Central Bank Illinois,IL,GENESEO,Intermediate Small Bank Evaluation,05/01/2025,Satisfactory,1393517.0,,,2024/11670_241112.PDF,False,False
15970,Ulster Savings Bank,NY,KINGSTON,Intermediate Small Bank Evaluation,04/01/2026,Satisfactory,1381843.0,,,2025/15970_251014.PDF,False,False
1435,Exchange Bank,NE,KEARNEY,Intermediate Small Bank Evaluation,12/01/2023,Outstanding,1369885.0,,,2023/1435_230807.PDF,False,False
58088,SouthPoint Bank,AL,BIRMINGHAM,Intermediate Small Bank Evaluation,04/01/2023,Satisfactory,1366149.0,,,2022/58088_221019.PDF,False,False
57813,Sterling Bank,MO,POPLAR BLUFF,Intermediate Small Bank Evaluation,06/01/2024,Satisfactory,1364621.0,,,2023/57813_231113.PDF,False,False
58090,FFB Bank,CA,FRESNO,Intermediate Small Bank Evaluation,03/01/2025,Satisfactory,1362433.0,,,2024/58090_240116.PDF,False,False
228,American State Bank,IA,SIOUX CENTER,Intermediate Small Bank Evaluation,09/01/2024,Satisfactory,1362188.0,,,2024/228_240422.PDF,False,False
24823,International Finance Bank,FL,MIAMI,Intermediate Small Bank Evaluation,07/01/2026,Satisfactory,1360753.0,,,2025/24823_250728.PDF,False,False
2232,Pinnacle Bank - Wyoming,WY,CODY,Intermediate Small Bank Evaluation,03/01/2025,Satisfactory,1359330.0,,,2024/2232_240826.PDF,False,False
5694,PrimeSouth Bank,GA,BLACKSHEAR,Intermediate Small Bank Evaluation,06/01/2025,Satisfactory,1358534.0,,,2024/5694_241112.PDF,False,False
8149,First American Bank and Trust,LA,VACHERIE,Intermediate Small Bank Evaluation,11/01/2024,Satisfactory,1357121.0,,,2024/8149_240610.PDF,False,False
58239,Providence Bank,NC,ROCKY MOUNT,Intermediate Small Bank Evaluation,10/01/2025,Satisfactory,1354984.0,,,2025/58239_250505.PDF,False,False
9314,"Limestone Bank, Inc.",KY,LOUISVILLE,Intermediate Small Bank Evaluation,10/01/2021,Satisfactory,1354362.0,High Satisfactory,High Satisfactory,2021/9314_210608.PDF,False,False
11492,InBank,NM,RATON,Intermediate Small Bank Evaluation,05/01/2025,Satisfactory,1352859.0,,,2024/11492_241202.PDF,False,False
8426,1st Summit Bank,PA,JOHNSTOWN,Large Bank Evaluation,01/01/2024,Satisfactory,1351272.0,Outstanding,High Satisfactory,2023/8426_230828.PDF,False,False
30544,Marquette Savings Bank,PA,ERIE,Intermediate Small Bank Evaluation,05/01/2026,Satisfactory,1350599.0,,,2025/30544_251117.PDF,False,False
27998,Guardian Savings Bank,OH,WEST CHESTER,Intermediate Small Bank Evaluation,02/01/2026,Satisfactory,1347887.0,,,2025/27998_250922.PDF,False,False
12181,Monroe Bank & Trust,MI,MONROE,Large Bank Evaluation,03/01/2018,Satisfactory,1347101.0,Low Satisfactory,High Satisfactory,2017/12181_170403.PDF,False,False
11569,Alliance Bank,TX,SULPHUR SPRINGS,Intermediate Small Bank Evaluation,09/01/2023,Satisfactory,1340354.0,,,2023/11569_230306.PDF,False,False
30846,Heritage Southeast Bank,GA,JONESBORO,Intermediate Small Bank Evaluation,06/01/2020,Satisfactory,1336835.0,High Satisfactory,High Satisfactory,2019/30846_191216.PDF,False,False
8904,The Nodaway Valley Bank,MO,MARYVILLE,Intermediate Small Bank Evaluation,05/01/2024,Satisfactory,1336090.0,,,2023/8904_231211.PDF,False,False
8851,Park State Bank,MN,DULUTH,Intermediate Small Bank Evaluation,11/01/2024,Satisfactory,1334792.0,,,2024/8851_240708.PDF,False,False
14158,Union Bank,VT,MORRISVILLE,Intermediate Small Bank Evaluation,05/01/2024,Outstanding,1334466.0,,,2023/14158_231016.PDF,False,False
17743,Saco & Biddeford Savings Institution,ME,SACO,Intermediate Small Bank Evaluation,03/01/2024,Satisfactory,1333208.0,,,2023/17743_230828.PDF,False,False
12501,Citizens State Bank,TX,BUFFALO,Intermediate Small Bank Evaluation,08/01/2023,Satisfactory,1330530.0,,,2023/12501_230417.PDF,False,False
1673,1st Financial Bank USA,SD,DAKOTA DUNES,Strategic Plan Evaluation,03/01/2026,Satisfactory,1329491.0,,,2025/1673_251103.PDF,False,False
34837,"Premier Bank, Inc.",WV,HUNTINGTON,Intermediate Small Bank Evaluation,12/01/2020,Satisfactory,1327627.0,High Satisfactory,Outstanding,2020/34837_200601.PDF,False,False
8011,Savings Bank of Mendocino County,CA,UKIAH,Intermediate Small Bank Evaluation,01/01/2024,Satisfactory,1327480.0,,,2023/8011_230814.PDF,False,False
14851,Citizens Bank,TN,ELIZABETHTON,Intermediate Small Bank Evaluation,12/01/2025,Satisfactory,1324247.0,,,2025/14851_250804.PDF,False,False
14078,Blackhawk  Bank,WI,BELOIT,Intermediate Small Bank Evaluation,09/01/2022,Satisfactory,1317777.0,High Satisfactory,High Satisfactory,2022/14078_220411.PDF,False,False
16389,Bank of Travelers Rest,SC,TRAVELERS REST,Intermediate Small Bank Evaluation,12/01/2023,Satisfactory,1317464.0,,,2023/16389_230814.PDF,False,False
7404,First Keystone Community Bank,PA,BERWICK,Large Bank Evaluation,11/01/2023,Satisfactory,1308680.0,Low Satisfactory,Low Satisfactory,2023/7404_230620.PDF,True,True
23998,State Bank of India (California),CA,LOS ANGELES,Intermediate Small Bank Evaluation,03/01/2026,Outstanding,1304087.0,,,2025/23998_250922.PDF,False,False
18100,CoreFirst Bank & Trust,KS,TOPEKA,Intermediate Small Bank Evaluation,04/01/2026,Satisfactory,1302409.0,,,2025/18100_251103.PDF,False,False
58281,American Riviera Bank,CA,SANTA BARBARA,Intermediate Small Bank Evaluation,09/01/2023,Outstanding,1301506.0,,,2023/58281_230410.PDF,False,False
12204,"The Citizens Bank of Philadelphia, Mississippi",MS,PHILADELPHIA,Intermediate Small Bank Evaluation,07/01/2023,Satisfactory,1298752.0,,,2023/12204_230123.PDF,False,False
20845,Wallis Bank,TX,WALLIS,Intermediate Small Bank Evaluation,02/01/2025,Satisfactory,1295536.0,,,2024/20845_240903.PDF,False,False
13397,Bank of Utica,NY,UTICA,Large Bank Evaluation,06/01/2024,Satisfactory,1294984.0,High Satisfactory,Outstanding,2024/13397_240220.PDF,False,False
8141,Sabine State Bank and Trust Company,LA,MANY,Intermediate Small Bank Evaluation,01/01/2025,Satisfactory,1289822.0,,,2024/8141_240304.PDF,False,False
5673,Citizens Bank and Trust,FL,FROSTPROOF,Intermediate Small Bank Evaluation,09/01/2024,Satisfactory,1288984.0,,,2023/5673_231031.PDF,False,False
20989,Independence Bank,MT,HAVRE,Intermediate Small Bank Evaluation,10/01/2025,Satisfactory,1283425.0,,,2025/20989_250603.PDF,False,False
26333,Genesee Regional Bank,NY,ROCHESTER,Intermediate Small Bank Evaluation,04/01/2026,Satisfactory,1282291.0,,,2025/26333_251014.PDF,False,False
11935,First Texas Bank,TX,GEORGETOWN,Intermediate Small Bank Evaluation,06/01/2025,Satisfactory,1281115.0,,,2025/11935_250218.PDF,False,False
17960,Merrimack County Savings Bank,NH,CONCORD,Intermediate Small Bank Evaluation,05/01/2023,Satisfactory,1278487.0,,,2022/17960_220906.PDF,False,False
1678,Plains Commerce Bank,SD,SIOUX FALLS,Intermediate Small Bank Evaluation,01/01/2024,Satisfactory,1274774.0,,,2023/1678_230814.PDF,False,False
16032,Rhinebeck Bank,NY,RHINEBECK,Large Bank Evaluation,03/01/2026,Satisfactory,1274046.0,High Satisfactory,Outstanding,2025/16032_250825.PDF,False,False
22537,Peoples Bank of Alabama,AL,CULLMAN,Intermediate Small Bank Evaluation,07/01/2023,Satisfactory,1266115.0,,,2023/22537_230306.PDF,False,False
12299,"SouthStar Bank, S.S.B.",TX,MOULTON,Intermediate Small Bank Evaluation,02/01/2026,Satisfactory,1264496.0,,,2025/12299_250818.PDF,False,False
9176,Apex Bank,TN,CAMDEN,Intermediate Small Bank Evaluation,10/01/2025,Satisfactory,1262637.0,,,2025/9176_250303.PDF,False,False
26395,MutualOne Bank,MA,FRAMINGHAM,Intermediate Small Bank Evaluation,11/01/2025,Satisfactory,1260426.0,,,2025/26395_250428.PDF,False,False
21122,Bridgeview Bank Group,IL,BRIDGEVIEW,Intermediate Small Bank Evaluation,01/01/2019,Satisfactory,1260397.0,High Satisfactory,High Satisfactory,2018/21122_180709.PDF,False,False
11236,Horicon Bank,WI,HORICON,Intermediate Small Bank Evaluation,12/01/2023,Satisfactory,1251474.0,,,2023/11236_230410.PDF,False,False
59074,Bank of Bird-in-Hand,PA,BIRD IN HAND,Intermediate Small Bank Evaluation,12/01/2023,Satisfactory,1241916.0,,,2023/59074_230814.PDF,False,False
19850,West Gate Bank,NE,LINCOLN,Intermediate Small Bank Evaluation,03/01/2024,Satisfactory,1241151.0,,,2023/19850_231106.PDF,False,False
5615,Chambers Bank,AR,DANVILLE,Intermediate Small Bank Evaluation,12/01/2022,Satisfactory,1239937.0,,,2022/5615_220621.PDF,False,False
24540,Bank of New England,NH,SALEM,Intermediate Small Bank Evaluation,06/01/2023,Satisfactory,1234978.0,,,2022/24540_221114.PDF,False,False
22444,INLAND BANK & TRUST,IL,OAK BROOK,Intermediate Small Bank Evaluation,05/01/2023,Satisfactory,1232506.0,,,2022/22444_221128.PDF,False,False
19215,Benchmark Bank,TX,PLANO,Intermediate Small Bank Evaluation,05/01/2024,Satisfactory,1224531.0,,,2023/19215_230515.PDF,False,False
14240,Northway Bank,NH,BERLIN,Intermediate Small Bank Evaluation,06/01/2023,Outstanding,1221074.0,,,2022/14240_221128.PDF,False,False
58722,Meadows Bank,NV,LAS VEGAS,Intermediate Small Bank Evaluation,07/01/2024,Satisfactory,1209800.0,,,2024/58722_240304.PDF,False,False
23041,Bank of the Pacific,WA,ABERDEEN,Intermediate Small Bank Evaluation,01/01/2024,Satisfactory,1207740.0,,,2023/23041_230821.PDF,False,False
18200,Dime Bank,CT,NORWICH,Large Bank Evaluation,05/01/2026,Satisfactory,1204960.0,High Satisfactory,High Satisfactory,2025/18200_251112.PDF,False,False
30011,Prudential Bank,PA,PHILADELPHIA,Intermediate Small Bank Evaluation,09/01/2021,Satisfactory,1203999.0,High Satisfactory,High Satisfactory,2021/30011_210329.PDF,False,False
10618,BTC Bank,MO,BETHANY,Intermediate Small Bank Evaluation,01/01/2025,Satisfactory,1198300.0,,,2024/10618_240819.PDF,False,False
58,United Bank,AL,ATMORE,Intermediate Small Bank Evaluation,11/01/2023,Outstanding,1197030.0,,,2023/58_230213.PDF,False,False
1060,Wood & Huston Bank,MO,MARSHALL,Intermediate Small Bank Evaluation,11/01/2025,Satisfactory,1194541.0,,,2025/1060_250714.PDF,False,False
90206,Greenfield Savings Bank,MA,GREENFIELD,Intermediate Small Bank Evaluation,05/01/2025,Outstanding,1193277.0,,,2024/90206_241216.PDF,False,False
17509,First State Bank of the Florida Keys,FL,KEY WEST,Intermediate Small Bank Evaluation,06/01/2024,Satisfactory,1192712.0,,,2023/17509_231030.PDF,False,False
58626,GBank,NV,LAS VEGAS,Intermediate Small Bank Evaluation,10/01/2025,Needs to Improve,1186200.0,,,2025/58626_250512.PDF,False,False
1365,Peoples Bank and Trust Company,KS,MCPHERSON,Intermediate Small Bank Evaluation,02/01/2025,Satisfactory,1185096.0,,,2024/1365_241007.PDF,False,False
34401,Fortis Private Bank,CO,DENVER,Intermediate Small Bank Evaluation,08/01/2023,Satisfactory,1183143.0,,,2023/34401_230403.PDF,False,False
57095,Dogwood State Bank,NC,RALEIGH,Intermediate Small Bank Evaluation,03/01/2024,Satisfactory,1175114.0,,,2023/57095_230620.PDF,False,False
16546,JD Bank,LA,JENNINGS,Intermediate Small Bank Evaluation,04/01/2024,Satisfactory,1169968.0,,,2023/16546_231030.PDF,False,False
3182,MapleMark Bank,TX,DALLAS,Intermediate Small Bank Evaluation,12/01/2024,Satisfactory,1168141.0,,,2024/3182_240708.PDF,False,False
8892,SULLIVAN BANK,MO,SULLIVAN,Intermediate Small Bank Evaluation,07/01/2025,Satisfactory,1167708.0,,,2025/8892_250310.PDF,False,False
58739,Texas Security Bank,TX,DALLAS,Intermediate Small Bank Evaluation,07/01/2025,Satisfactory,1165137.0,,,2025/58739_250224.PDF,False,False
58060,First General Bank,CA,ROWLAND HEIGHTS,Intermediate Small Bank Evaluation,04/01/2024,Outstanding,1162607.0,,,2023/58060_231204.PDF,False,False
18194,Ascend Bank,CT,GUILFORD,Intermediate Small Bank Evaluation,09/01/2025,Satisfactory,1161835.0,,,2025/18194_250310.PDF,False,False
34934,Union Bank,NC,GREENVILLE,Intermediate Small Bank Evaluation,05/01/2022,Satisfactory,1158054.0,High Satisfactory,High Satisfactory,2021/34934_211116.PDF,False,False
58013,Two Rivers Bank & Trust,IA,BURLINGTON,Intermediate Small Bank Evaluation,04/01/2026,Satisfactory,1147776.0,,,2025/58013_251119.PDF,False,False
14578,Farmers State Bank,IN,LAGRANGE,Intermediate Small Bank Evaluation,02/01/2024,Satisfactory,1144127.0,,,2023/14578_231002.PDF,False,False
22876,Southwest Missouri Bank,MO,CARTHAGE,Intermediate Small Bank Evaluation,10/01/2024,Satisfactory,1136766.0,,,2024/22876_240624.PDF,False,False
34812,GrandSouth Bank,SC,GREENVILLE,Intermediate Small Bank Evaluation,11/01/2021,Satisfactory,1136089.0,High Satisfactory,High Satisfactory,2021/34812_210621.PDF,False,False
34998,First IC Bank,GA,DORAVILLE,Intermediate Small Bank Evaluation,02/01/2024,Satisfactory,1134982.0,,,2023/34998_230911.PDF,False,False
35014,nbkc bank,KS,LEAWOOD,Strategic Plan Evaluation,08/01/2026,Satisfactory,1134324.0,,,2025/35014_250519.PDF,False,False
8878,State Bank & Trust Company,MS,GREENWOOD,Intermediate Small Bank Evaluation,11/01/2018,Outstanding,1132767.0,High Satisfactory,Outstanding,2018/08878_180430.PDF,False,False
31223,First Harrison Bank,IN,CORYDON,Intermediate Small Bank Evaluation,11/01/2023,Satisfactory,1129754.0,,,2023/31223_230612.PDF,False,False
20156,Kirkpatrick Bank,OK,EDMOND,Intermediate Small Bank Evaluation,08/01/2023,Satisfactory,1129528.0,,,2023/20156_230327.PDF,False,False
2832,First Bank of Alabama,AL,TALLADEGA,Intermediate Small Bank Evaluation,05/01/2026,Satisfactory,1124896.0,,,2025/2832_251103.PDF,False,False
28788,Sturdy Savings Bank,NJ,STONE HARBOR,Large Bank Evaluation,08/01/2025,Satisfactory,1121383.0,High Satisfactory,High Satisfactory,2025/28788_250306.PDF,False,False
33492,Crescent Bank,LA,NEW ORLEANS,Strategic Plan Evaluation,10/01/2025,Satisfactory,1121005.0,,,2025/33492_250421.PDF,False,False
7461,Centric Bank,PA,HARRISBURG,Intermediate Small Bank Evaluation,06/01/2021,Satisfactory,1117496.0,High Satisfactory,High Satisfactory,2021/7461_210111.PDF,False,False
58796,Parkside Financial Bank & Trust,MO,CLAYTON,Intermediate Small Bank Evaluation,04/01/2026,Satisfactory,1116387.0,,,2025/58796_251209.PDF,False,False
34353,Crestmark Bank,MI,TROY,Strategic Plan Evaluation,03/01/2018,Outstanding,1113322.0,,,2017/34353_171017.PDF,False,False
30039,Haven Savings Bank,NJ,HOBOKEN,Intermediate Small Bank Evaluation,04/01/2025,Satisfactory,1112722.0,,,2024/30039_240117.PDF,False,False
18467,Salisbury Bank and Trust Company,CT,LAKEVILLE,Large Bank Evaluation,07/01/2020,Satisfactory,1112449.0,Low Satisfactory,Low Satisfactory,2020/18467_200121.PDF,True,True
90208,Pentucket  Bank,MA,HAVERHILL,Intermediate Small Bank Evaluation,05/01/2026,Satisfactory,1110001.0,,,2025/90208_251014.PDF,False,False
7598,Riverview Bank,PA,MARYSVILLE,Intermediate Small Bank Evaluation,03/01/2020,Satisfactory,1109649.0,High Satisfactory,High Satisfactory,2019/07598_191104.PDF,False,False
13622,Dayspring Bank,NE,GOTHENBURG,Intermediate Small Bank Evaluation,06/01/2025,Satisfactory,1108863.0,,,2024/13622_241202.PDF,False,False
12969,The Union Bank Company,OH,COLUMBUS GROVE,Intermediate Small Bank Evaluation,07/01/2023,Satisfactory,1107966.0,,,2023/12969_230221.PDF,False,False
57483,Citizens Bank & Trust,AL,GUNTERSVILLE,Intermediate Small Bank Evaluation,11/01/2025,Satisfactory,1104951.0,,,2025/57483_250602.PDF,False,False
8889,Midwest Regional Bank,MO,CLAYTON,Intermediate Small Bank Evaluation,10/01/2025,Satisfactory,1104470.0,,,2025/8889_250623.PDF,False,False
35412,American Community Bank & Trust,IL,WOODSTOCK,Intermediate Small Bank Evaluation,05/01/2026,Satisfactory,1094715.0,,,2025/35412_251117.PDF,False,False
9678,Edmonton State Bank,KY,GLASGOW,Intermediate Small Bank Evaluation,10/01/2025,Satisfactory,1088948.0,,,2025/9678_250519.PDF,False,False
90297,Webster Five Cents Savings Bank,MA,WEBSTER,Large Bank Evaluation,05/01/2023,Outstanding,1088820.0,Outstanding,Outstanding,2022/90297_221114.PDF,False,False
14778,First Bank & Trust,TX,LUBBOCK,Intermediate Small Bank Evaluation,01/01/2020,Satisfactory,1088796.0,High Satisfactory,High Satisfactory,2019/14778_190603.PDF,False,False
18229,Northwest Community Bank,CT,WINSTED,Intermediate Small Bank Evaluation,01/01/2025,Satisfactory,1088172.0,,,2023/18229_231010.PDF,False,False
35426,Two River Community Bank,NJ,MIDDLETOWN,Intermediate Small Bank Evaluation,05/01/2019,Outstanding,1085933.0,High Satisfactory,Outstanding,2018/35426_181210.PDF,False,False
17809,Citizens Bank,OR,CORVALLIS,Intermediate Small Bank Evaluation,07/01/2023,Satisfactory,1078834.0,,,2023/17809_230227.PDF,False,False
20856,Liberty Bank and Trust Company,LA,NEW ORLEANS,Intermediate Small Bank Evaluation,03/01/2024,Satisfactory,1077834.0,,,2023/20856_230905.PDF,False,False
13055,Citizens Bank,WI,MUKWONAGO,Intermediate Small Bank Evaluation,06/01/2025,Satisfactory,1077485.0,,,2025/13055_250218.PDF,False,False
9100,Pilot Grove Savings Bank,IA,PILOT GROVE,Intermediate Small Bank Evaluation,01/01/2026,Satisfactory,1074992.0,,,2025/9100_250922.PDF,False,False
58479,Bank of Central Florida,FL,LAKELAND,Intermediate Small Bank Evaluation,11/01/2023,Satisfactory,1074023.0,,,2023/58479_230612.PDF,False,False
27510,Metro Bank,AL,PELL CITY,Intermediate Small Bank Evaluation,01/01/2025,Satisfactory,1073685.0,,,2024/27510_240909.PDF,False,False
14995,River Bank,WI,STODDARD,Intermediate Small Bank Evaluation,08/01/2024,Satisfactory,1072693.0,,,2024/14995_240325.PDF,False,False
12484,First Oklahoma Bank,OK,JENKS,Intermediate Small Bank Evaluation,01/01/2025,Satisfactory,1072236.0,,,2024/12484_240722.PDF,False,False
17077,First US Bank,AL,BIRMINGHAM,Intermediate Small Bank Evaluation,04/01/2024,Satisfactory,1067674.0,,,2023/17077_230919.PDF,False,False
32203,Summit State Bank,CA,SANTA ROSA,Intermediate Small Bank Evaluation,07/01/2025,Satisfactory,1067557.0,,,2025/32203_250310.PDF,False,False
32718,Helm Bank USA,FL,MIAMI,Intermediate Small Bank Evaluation,01/01/2026,Needs to Improve,1065367.0,,,2025/32718_250616.PDF,False,False
28778,Somerset Regal Bank ,NJ,BOUND BROOK,Intermediate Small Bank Evaluation,08/01/2025,Satisfactory,1063443.0,,,2025/28778_250407.PDF,False,False
12627,Bank of Washington,MO,WASHINGTON,Intermediate Small Bank Evaluation,10/01/2023,Satisfactory,1063156.0,,,2023/12627_230501.PDF,False,False
20130,BankFirst,NE,NORFOLK,Intermediate Small Bank Evaluation,01/01/2024,Satisfactory,1059033.0,,,2023/20130_230828.PDF,False,False
57451,Sound Community Bank,WA,SEATTLE,Intermediate Small Bank Evaluation,02/01/2026,Satisfactory,1058363.0,,,2025/57451_250922.PDF,False,False
26403,Bank of Idaho,ID,IDAHO FALLS,Intermediate Small Bank Evaluation,06/01/2024,Satisfactory,1057034.0,,,2023/26403_231128.PDF,False,False
16265,Peoples Bank,IA,ROCK VALLEY,Intermediate Small Bank Evaluation,09/01/2025,Satisfactory,1055630.0,,,2025/16265_250421.PDF,False,False
27757,"Standard Bank, PaSB",PA,MURRYSVILLE,Intermediate Small Bank Evaluation,06/01/2021,Satisfactory,1051383.0,Outstanding,High Satisfactory,2021/27757_210209.PDF,False,False
5123,Deerwood Bank,MN,WAITE PARK,Intermediate Small Bank Evaluation,10/01/2023,Satisfactory,1048558.0,,,2023/5123_230612.PDF,False,False
21292,PeoplesSouth Bank,GA,COLQUITT,Intermediate Small Bank Evaluation,09/01/2023,Satisfactory,1046629.0,,,2023/21292_230331.PDF,False,False
90140,Adams Community Bank,MA,ADAMS,Intermediate Small Bank Evaluation,03/01/2026,Outstanding,1044490.0,,,2025/90140_250929.PDF,False,False
9172,Security Bank and Trust Company,TN,PARIS,Intermediate Small Bank Evaluation,11/01/2023,Satisfactory,1042457.0,,,2023/9172_230501.PDF,False,False
17115,Partners Bank of New England,ME,SANFORD,Intermediate Small Bank Evaluation,08/01/2025,Satisfactory,1041970.0,,,2025/17115_250407.PDF,False,False
28396,First Palmetto Bank,SC,CAMDEN,Intermediate Small Bank Evaluation,06/01/2026,Satisfactory,1041246.0,,,2025/28396_251201.PDF,False,False
14209,Farmers State Bank,IA,MARION,Intermediate Small Bank Evaluation,09/01/2023,Satisfactory,1040259.0,,,2023/14209_230418.PDF,False,False
33458,Monona Bank,WI,MONONA,Intermediate Small Bank Evaluation,01/01/2021,Satisfactory,1037754.0,High Satisfactory,High Satisfactory,2020/33458_200817.PDF,False,False
20776,Border Bank,ND,FARGO,Intermediate Small Bank Evaluation,05/01/2026,Satisfactory,1037268.0,,,2025/20776_251201.PDF,False,False
8941,Bank Forward,ND,FARGO,Intermediate Small Bank Evaluation,07/01/2025,Satisfactory,1036320.0,,,2025/8941_250218.PDF,False,False
8660,Commercial Bank & Trust Co.,TN,PARIS,Intermediate Small Bank Evaluation,01/01/2024,Satisfactory,1035825.0,,,2023/8660_230731.PDF,False,False
34363,Core Bank,NE,OMAHA,Intermediate Small Bank Evaluation,09/01/2023,Satisfactory,1035351.0,,,2023/34363_230515.PDF,False,False
1874,Bank of Labor,KS,OVERLAND PARK,Strategic Plan Evaluation,11/01/2025,Satisfactory,1034136.0,,,2025/1874_250630.PDF,False,False
26555,OneLocal Bank,MA,NORWOOD,Intermediate Small Bank Evaluation,07/01/2026,Satisfactory,1032621.0,,,2026/26555_260112.PDF,False,False
13023,Wisconsin Bank & Trust,WI,MADISON,Intermediate Small Bank Evaluation,10/01/2019,Outstanding,1031305.0,Outstanding,Outstanding,2019/13023_190603.PDF,False,False
15932,The Citizens Bank,SC,OLANTA,Intermediate Small Bank Evaluation,10/01/2025,Satisfactory,1027511.0,,,2025/15932_250331.PDF,False,False
12611,The Evangeline Bank and Trust Company,LA,VILLE PLATTE,Intermediate Small Bank Evaluation,10/01/2025,Satisfactory,1025174.0,,,2024/12611_241021.PDF,False,False
16636,The Torrington Savings Bank,CT,TORRINGTON,Intermediate Small Bank Evaluation,03/01/2026,Satisfactory,1023142.0,,,2025/16636_250908.PDF,False,False
27078,First Bank & Trust,SD,SIOUX FALLS,Intermediate Small Bank Evaluation,04/01/2020,Satisfactory,1023008.0,High Satisfactory,High Satisfactory,2019/27078_191118.PDF,False,False
21714,Premier Bank,MN,MAPLEWOOD,Intermediate Small Bank Evaluation,02/01/2024,Satisfactory,1022306.0,,,2023/21714_230918.PDF,False,False
16753,Citizens State Bank,TX,SOMERVILLE,Intermediate Small Bank Evaluation,10/01/2023,Satisfactory,1022116.0,,,2023/16753_230605.PDF,False,False
19512,Royal Banks of Missouri,MO,UNIVERSITY CITY,Intermediate Small Bank Evaluation,12/01/2024,Satisfactory,1019214.0,,,2024/19512_240506.PDF,False,False
15565,First Southern Bank,IL,MARION,Large Bank Evaluation,05/01/2024,Satisfactory,1018103.0,High Satisfactory,High Satisfactory,2023/15565_231204.PDF,False,False
12874,Katahdin Trust Company,ME,PATTEN,Intermediate Small Bank Evaluation,08/01/2024,Satisfactory,1015573.0,,,2024/12874_240129.PDF,False,False
5874,"Calvin B. Taylor Banking Company of Berlin, Maryland",MD,BERLIN,Intermediate Small Bank Evaluation,05/01/2026,Satisfactory,1012711.0,,,2025/5874_251103.PDF,False,False
13109,Jackson County Bank,IN,SEYMOUR,Intermediate Small Bank Evaluation,06/01/2025,Satisfactory,1011206.0,,,2025/13109_250122.PDF,False,False
34210,Community Bank of the Bay,CA,OAKLAND,Intermediate Small Bank Evaluation,01/01/2024,Satisfactory,1008821.0,,,2023/34210_230717.PDF,False,False
20161,Citizens Bank of Las Cruces,NM,LAS CRUCES,Intermediate Small Bank Evaluation,04/01/2025,Satisfactory,1005163.0,,,2024/20161_240923.PDF,False,False
16553,Elkhorn Valley Bank & Trust,NE,NORFOLK,Intermediate Small Bank Evaluation,09/01/2023,Satisfactory,1002071.0,,,2023/16553_230327.PDF,False,False
34803,Resource Bank,LA,COVINGTON,Intermediate Small Bank Evaluation,03/01/2025,Satisfactory,1001080.0,,,2024/34803_240903.PDF,False,False
16849,First Arkansas Bank and Trust,AR,JACKSONVILLE,Intermediate Small Bank Evaluation,10/01/2023,Satisfactory,1000423.0,,,2023/16849_230612.PDF,False,False
21606,HCN Bank,CA,RIVERSIDE,Intermediate Small Bank Evaluation,09/01/2025,Satisfactory,997524.0,,,2025/21606_250505.PDF,False,False
90253,MountainOne Bank,MA,NORTH ADAMS,Intermediate Small Bank Evaluation,10/01/2024,Satisfactory,995167.0,,,2024/90253_240415.PDF,False,False
11807,United Bank of Michigan,MI,GRAND RAPIDS,Intermediate Small Bank Evaluation,08/01/2025,Satisfactory,994673.0,,,2025/11807_250310.PDF,False,False
4533,Citizens Bank and Trust Company,MO,KANSAS CITY,Intermediate Small Bank Evaluation,12/01/2020,Satisfactory,993699.0,High Satisfactory,High Satisfactory,2020/04533_200720.PDF,False,False
9888,The Dime Bank,PA,HONESDALE,Intermediate Small Bank Evaluation,10/01/2024,Outstanding,988665.0,,,2024/9888_240422.PDF,False,False
58485,1st Capital Bank,CA,SALINAS,Intermediate Small Bank Evaluation,09/01/2024,Satisfactory,988433.0,,,2024/58485_240304.PDF,False,False
16402,The Bennington State Bank,KS,SALINA,Intermediate Small Bank Evaluation,07/01/2024,Satisfactory,987146.0,,,2023/16402_230807.PDF,False,False
30704,Magyar Bank,NJ,NEW BRUNSWICK,Intermediate Small Bank Evaluation,01/01/2026,Satisfactory,986851.0,,,2025/30704_250818.PDF,False,False
17614,Farmers Bank & Trust,KS,GREAT BEND,Intermediate Small Bank Evaluation,08/01/2024,Needs to Improve,985167.0,,,2024/17614_240212.PDF,False,False
34969,First Central Savings Bank,NY,GLEN COVE,Intermediate Small Bank Evaluation,11/01/2025,Satisfactory,983613.0,,,2025/34969_250505.PDF,False,False
33708,International Bank of Chicago,IL,CHICAGO,Intermediate Small Bank Evaluation,03/01/2026,Satisfactory,982762.0,,,2025/33708_250915.PDF,False,False
58935,R Bank,TX,ROUND ROCK,Intermediate Small Bank Evaluation,03/01/2024,Satisfactory,981671.0,,,2023/58935_230905.PDF,False,False
12506,Industry State Bank,TX,INDUSTRY,Intermediate Small Bank Evaluation,07/01/2022,Satisfactory,980724.0,High Satisfactory,High Satisfactory,2022/12506_220207.PDF,False,False
29782,First Federal Bank,TN,DICKSON,Intermediate Small Bank Evaluation,03/01/2024,Satisfactory,979367.0,,,2023/29782_230814.PDF,False,False
2036,Farmers & Merchants Bank,NC,GRANITE QUARRY,Intermediate Small Bank Evaluation,10/01/2023,Satisfactory,978850.0,,,2023/2036_230404.PDF,False,False
5033,The Dart Bank,MI,MASON,Intermediate Small Bank Evaluation,09/01/2023,Satisfactory,974045.0,,,2023/5033_230419.PDF,False,False
90203,Cape Ann Savings Bank,MA,GLOUCESTER,Intermediate Small Bank Evaluation,01/01/2025,Satisfactory,972002.0,,,2024/90203_240715.PDF,False,False
35214,First Reliance Bank,SC,FLORENCE,Intermediate Small Bank Evaluation,09/01/2024,Satisfactory,971957.0,,,2024/35214_240304.PDF,False,False
28599,Olympia Federal Savings and Loan Association,WA,OLYMPIA,Intermediate Small Bank Evaluation,12/01/2024,Satisfactory,969311.0,,,2024/28599_240716.PDF,False,False
10677,"Jonestown Bank and Trust Company, of Jonestown, Pennsylvania",PA,JONESTOWN,Intermediate Small Bank Evaluation,11/01/2025,Satisfactory,968617.0,,,2025/10677_250623.PDF,False,False
57522,Tolleson Private Bank,TX,DALLAS,Strategic Plan Evaluation,04/01/2025,Satisfactory,964399.0,,,2024/57522_240916.PDF,False,False
58165,Belmont Bank & Trust Company,IL,CHICAGO,Intermediate Small Bank Evaluation,02/01/2026,Satisfactory,963792.0,,,2025/58165_250902.PDF,False,False
57706,Summit Bank,OR,EUGENE,Intermediate Small Bank Evaluation,06/01/2023,Satisfactory,960204.0,,,2023/57706_230130.PDF,False,False
29047,First Federal Bank of Kansas City,MO,LEES SUMMIT,Strategic Plan Evaluation,08/01/2024,Outstanding,960134.0,,,2024/29047_240304.PDF,False,False
8021,Wauchula State Bank,FL,WAUCHULA,Intermediate Small Bank Evaluation,07/01/2023,Satisfactory,959786.0,,,2023/8021_230130.PDF,False,False
15562,Pioneer Bank & Trust,SD,BELLE FOURCHE,Intermediate Small Bank Evaluation,04/01/2026,Satisfactory,958731.0,,,2025/15562_250915.PDF,False,False
59106,Beacon Community Bank,SC,MOUNT PLEASANT,Intermediate Small Bank Evaluation,05/01/2026,Satisfactory,957482.0,,,2025/59106_251201.PDF,False,False
9359,Bank of Commerce,MS,GREENWOOD,Intermediate Small Bank Evaluation,11/01/2024,Satisfactory,954152.0,,,2024/9359_240520.PDF,False,False
28400,Westbury Bank,WI,WAUKESHA,Intermediate Small Bank Evaluation,08/01/2023,Satisfactory,954079.0,,,2023/28400_230403.PDF,False,False
15657,Alliance Bank Central Texas,TX,WOODWAY,Intermediate Small Bank Evaluation,01/01/2025,Satisfactory,953556.0,,,2024/15657_240805.PDF,False,False
19288,Firstar Bank,OK,SALLISAW,Intermediate Small Bank Evaluation,08/01/2023,Satisfactory,952630.0,,,2023/19288_230501.PDF,False,False
58727,Access Bank,NE,OMAHA,Intermediate Small Bank Evaluation,07/01/2025,Satisfactory,952234.0,,,2025/58727_250224.PDF,False,False
16175,West Alabama Bank & Trust,AL,REFORM,Intermediate Small Bank Evaluation,02/01/2026,Satisfactory,946592.0,,,2025/16175_250804.PDF,False,False
34010,EverTrust Bank,CA,CITY OF INDUSTRY,Intermediate Small Bank Evaluation,09/01/2025,Satisfactory,946458.0,,,2025/34010_250303.PDF,False,False
27943,Brentwood Bank,PA,BETHEL PARK,Intermediate Small Bank Evaluation,06/01/2024,Satisfactory,943218.0,,,2024/27943_240205.PDF,False,False
15136,Bank of Wisconsin Dells,WI,WISCONSIN DELLS,Intermediate Small Bank Evaluation,01/01/2024,Satisfactory,943038.0,,,2023/15136_230828.PDF,False,False
9437,First State Bank,OH,WINCHESTER,Intermediate Small Bank Evaluation,02/01/2024,Satisfactory,941487.0,,,2023/9437_230919.PDF,False,False
14587,University Bank,MI,ANN ARBOR,Strategic Plan Evaluation,02/01/2025,Satisfactory,940473.0,,,2024/14587_240819.PDF,False,False
17478,FirsTier Bank,NE,KIMBALL,Intermediate Small Bank Evaluation,08/01/2024,Satisfactory,937215.0,,,2024/17478_240318.PDF,False,False
25886,Rio Bank,TX,MCALLEN,Intermediate Small Bank Evaluation,03/01/2025,Satisfactory,936408.0,,,2024/25886_241104.PDF,False,False
28530,Forward Bank,WI,MARSHFIELD,Intermediate Small Bank Evaluation,10/01/2023,Satisfactory,935505.0,,,2023/28530_230424.PDF,False,False
10958,United Prairie Bank,MN,MOUNTAIN LAKE,Intermediate Small Bank Evaluation,04/01/2026,Satisfactory,931437.0,,,2025/10958_251208.PDF,False,False
29657,"Great Midwest Bank, S.S.B.",WI,BROOKFIELD,Intermediate Small Bank Evaluation,11/01/2023,Satisfactory,926824.0,,,2023/29657_230706.PDF,False,False
15990,Watertown Savings Bank,NY,WATERTOWN,Large Bank Evaluation,11/01/2025,Satisfactory,925416.0,Low Satisfactory,Outstanding,2025/15990_250714.PDF,False,True
57973,Biscayne Bank,FL,COCONUT GROVE,Intermediate Small Bank Evaluation,09/01/2018,Satisfactory,924688.0,High Satisfactory,High Satisfactory,2018/57973_180502.PDF,False,False
15584,Mid-Missouri Bank,MO,SPRINGFIELD,Intermediate Small Bank Evaluation,10/01/2024,Satisfactory,915728.0,,,2024/15584_240325.PDF,False,False
8698,The Port Washington State Bank,WI,PORT WASHINGTON,Intermediate Small Bank Evaluation,02/01/2024,Satisfactory,915096.0,,,2023/8698_230918.PDF,False,False
15663,First State Bank,MS,WAYNESBORO,Intermediate Small Bank Evaluation,08/01/2025,Outstanding,914593.0,,,2025/15663_250224.PDF,False,False
59183,Trustar Bank,VA,GREAT FALLS,Intermediate Small Bank Evaluation,03/01/2025,Satisfactory,913655.0,,,2024/59183_241112.PDF,False,False
30090,"Heritage Bank USA, Inc.",KY,HOPKINSVILLE,Intermediate Small Bank Evaluation,06/01/2018,Satisfactory,910753.0,High Satisfactory,High Satisfactory,2018/30090_180116.PDF,False,False
57069,Story Bank DBA Story Financial Partners,MS,JACKSON,Intermediate Small Bank Evaluation,04/01/2026,Satisfactory,910535.0,,,2025/57069_251027.PDF,False,False
3869,Anstaff Bank,AR,GREEN FOREST,Intermediate Small Bank Evaluation,10/01/2021,Satisfactory,907307.0,High Satisfactory,Outstanding,2021/3869_210524.PDF,False,False
23806,TrailWest Bank,MT,LOLO,Intermediate Small Bank Evaluation,08/01/2024,Satisfactory,906628.0,,,2024/23806_240321.PDF,False,False
27381,First Metro Bank,AL,MUSCLE SHOALS,Intermediate Small Bank Evaluation,10/01/2023,Satisfactory,899078.0,,,2023/27381_230605.PDF,False,False
19532,Skowhegan Savings Bank,ME,SKOWHEGAN,Intermediate Small Bank Evaluation,01/01/2025,Satisfactory,898226.0,,,2024/19532_240708.PDF,False,False
35139,Seattle Bank,WA,SEATTLE,Intermediate Small Bank Evaluation,10/01/2024,Satisfactory,897123.0,,,2024/35139_240513.PDF,False,False
28593,Sturgis Bank & Trust Company,MI,STURGIS,Intermediate Small Bank Evaluation,01/01/2024,Satisfactory,894260.0,,,2023/28593_230814.PDF,False,False
58694,Prime Meridian Bank,FL,TALLAHASSEE,Intermediate Small Bank Evaluation,04/01/2025,Satisfactory,893283.0,,,2024/58694_250301.PDF,False,False
16810,Farmers and Merchants Bank,NE,MILFORD,Intermediate Small Bank Evaluation,10/01/2024,Satisfactory,891915.0,,,2024/16810_240610.PDF,False,False
35568,"American Bank & Trust Company, Inc.",KY,BOWLING GREEN,Intermediate Small Bank Evaluation,12/01/2025,Satisfactory,890172.0,,,2025/35568_250813.PDF,False,False
4032,NBC OKLAHOMA,OK,OKLAHOMA CITY,Intermediate Small Bank Evaluation,07/01/2023,Satisfactory,889382.0,,,2023/4032_230227.PDF,False,False
903,Amalgamated Bank of Chicago,IL,CHICAGO,Intermediate Small Bank Evaluation,11/01/2023,Satisfactory,887833.0,,,2023/903_230717.PDF,False,False
12591,The Converse County Bank,WY,DOUGLAS,Intermediate Small Bank Evaluation,02/01/2024,Satisfactory,887447.0,,,2023/12591_230918.PDF,False,False
58175,Bank of New Jersey,NJ,FORT LEE,Intermediate Small Bank Evaluation,05/01/2018,Satisfactory,887407.0,High Satisfactory,High Satisfactory,2017/58175_171030.PDF,False,False
57425,Sanibel Captiva Community Bank,FL,SANIBEL,Intermediate Small Bank Evaluation,01/01/2025,Satisfactory,886730.0,,,2024/57425_240610.PDF,False,False
57920,Prime Alliance Bank,UT,WOODS CROSS,Strategic Plan Evaluation,09/01/2025,Satisfactory,886706.0,,,2025/57920_250527.PDF,False,False
1696,The Farmers Bank,TN,PORTLAND,Intermediate Small Bank Evaluation,05/01/2025,Satisfactory,885733.0,,,2025/1696_250127.PDF,False,False
1373,BOM Bank,LA,NATCHITOCHES,Intermediate Small Bank Evaluation,11/01/2023,Satisfactory,884021.0,,,2023/1373_230501.PDF,False,False
29009,Liberty Bank for Savings,IL,CHICAGO,Intermediate Small Bank Evaluation,09/01/2023,Satisfactory,881478.0,,,2023/29009_230424.PDF,False,False
10344,Schertz Bank & Trust,TX,SCHERTZ,Intermediate Small Bank Evaluation,08/01/2025,Satisfactory,880647.0,,,2025/10344_250421.PDF,False,False
11729,CIBM Bank,IL,CHAMPAIGN,Intermediate Small Bank Evaluation,06/01/2025,Satisfactory,880452.0,,,2025/11729_250121.PDF,False,False
16858,First American Bank and Trust Company,GA,ATHENS,Intermediate Small Bank Evaluation,10/01/2025,Satisfactory,879178.0,,,2025/16858_250428.PDF,False,False
15465,United Southern Bank,FL,UMATILLA,Intermediate Small Bank Evaluation,12/01/2025,Satisfactory,873950.0,,,2025/15465_250623.PDF,False,False
31461,Harleysville Bank,PA,HARLEYSVILLE,Intermediate Small Bank Evaluation,10/01/2025,Satisfactory,871750.0,,,2025/31461_250609.PDF,False,False
17120,First Security Bank,MS,BATESVILLE,Intermediate Small Bank Evaluation,02/01/2025,Satisfactory,870767.0,,,2024/17120_250101.PDF,False,False
26218,Park Bank,WI,MILWAUKEE,Intermediate Small Bank Evaluation,09/01/2018,Satisfactory,869783.0,High Satisfactory,Outstanding,2018/26218_180416.PDF,False,False
27799,William Penn Bank,PA,LEVITTOWN,Intermediate Small Bank Evaluation,03/01/2023,Satisfactory,868598.0,,,2022/27799_221012.PDF,False,False
58509,Frontier Bank of Texas,TX,ELGIN,Intermediate Small Bank Evaluation,04/01/2025,Satisfactory,867668.0,,,2024/58509_241125.PDF,False,False
11459,Mid America Bank,MO,JEFFERSON CITY,Intermediate Small Bank Evaluation,04/01/2024,Satisfactory,866969.0,,,2023/11459_231211.PDF,False,False
15632,Greenfield Banking Company,IN,GREENFIELD,Intermediate Small Bank Evaluation,10/01/2024,Satisfactory,866848.0,,,2024/15632_240513.PDF,False,False
57874,Paragon Bank,TN,MEMPHIS,Intermediate Small Bank Evaluation,02/01/2026,Satisfactory,865248.0,,,2025/57874_250915.PDF,False,False
12814,Peoples State Bank,WI,PRAIRIE DU CHIEN,Intermediate Small Bank Evaluation,11/01/2023,Satisfactory,864914.0,,,2023/12814_230717.PDF,False,False
9751,21st Century Bank,MN,LORETTO,Intermediate Small Bank Evaluation,03/01/2026,Satisfactory,864569.0,,,2025/9751_251117.PDF,False,False
57598,Mainstreet Community Bank of Florida,FL,DELAND,Intermediate Small Bank Evaluation,10/01/2025,Satisfactory,864491.0,,,2025/57598_250505.PDF,False,False
14134,Passumpsic Savings Bank,VT,SAINT JOHNSBURY,Intermediate Small Bank Evaluation,09/01/2024,Satisfactory,862974.0,,,2024/14134_240205.PDF,False,False
32737,Drummond Community Bank,FL,CHIEFLAND,Intermediate Small Bank Evaluation,09/01/2021,Satisfactory,859431.0,High Satisfactory,High Satisfactory,2021/32737_210419.PDF,False,False
34496,First Commercial Bank (USA),CA,ALHAMBRA,Intermediate Small Bank Evaluation,01/01/2024,Satisfactory,855612.0,,,2023/34496_230918.PDF,False,False
57098,Premier Valley Bank,CA,FRESNO,Intermediate Small Bank Evaluation,10/01/2019,Satisfactory,855473.0,High Satisfactory,High Satisfactory,2019/57098_190603.PDF,False,False
1426,Focus Bank,MO,CHARLESTON,Intermediate Small Bank Evaluation,02/01/2026,Satisfactory,854995.0,,,2025/1426_250811.PDF,False,False
17282,BankIowa,IA,CEDAR RAPIDS,Intermediate Small Bank Evaluation,11/01/2025,Outstanding,853215.0,,,2025/17282_250630.PDF,False,False
26559,"StonehamBank,  A Co-operative Bank",MA,STONEHAM,Intermediate Small Bank Evaluation,03/01/2026,Satisfactory,852858.0,,,2025/26559_250804.PDF,False,False
34599,"The Pitney Bowes Bank, Inc.",UT,SALT LAKE CITY,Strategic Plan Evaluation,07/01/2025,Outstanding,851731.0,,,2025/34599_250303.PDF,False,False
29941,Bogota Savings Bank,NJ,TEANECK,Intermediate Small Bank Evaluation,08/01/2023,Satisfactory,850711.0,,,2023/29941_230313.PDF,False,False
19358,Round Top State Bank,TX,ROUND TOP,Intermediate Small Bank Evaluation,12/01/2023,Satisfactory,849762.0,,,2023/19358_230828.PDF,False,False
32527,BayVanguard Bank,MD,BALTIMORE,Intermediate Small Bank Evaluation,12/01/2023,Satisfactory,849680.0,,,2023/32527_230718.PDF,False,False
7614,The Juniata Valley Bank,PA,MIFFLINTOWN,Intermediate Small Bank Evaluation,07/01/2025,Satisfactory,848356.0,,,2025/7614_250303.PDF,False,False
14017,Middletown Valley Bank,MD,MIDDLETOWN,Intermediate Small Bank Evaluation,08/01/2023,Satisfactory,845552.0,,,2023/14017_230124.PDF,False,False
12828,"The Farmers Bank, Frankfort, Indiana",IN,FRANKFORT,Intermediate Small Bank Evaluation,12/01/2023,Satisfactory,845165.0,,,2023/12828_230725.PDF,False,False
59112,Studio Bank,TN,NASHVILLE,Intermediate Small Bank Evaluation,11/01/2023,Satisfactory,843458.0,,,2023/59112_230605.PDF,False,False
34978,Synergy Bank,LA,HOUMA,Intermediate Small Bank Evaluation,12/01/2023,Satisfactory,840560.0,,,2023/34978_230620.PDF,False,False
57511,Community First Bank of Indiana,IN,KOKOMO,Intermediate Small Bank Evaluation,09/01/2025,Satisfactory,838727.0,,,2025/57511_250414.PDF,False,False
57554,Traditions Bank,AL,CULLMAN,Intermediate Small Bank Evaluation,02/01/2026,Satisfactory,838450.0,,,2025/57554_251006.PDF,False,False
57585,Golden State Bank,CA,GLENDALE,Intermediate Small Bank Evaluation,09/01/2025,Satisfactory,836818.0,,,2025/57585_250331.PDF,False,False
18519,First Service Bank,AR,GREENBRIER,Intermediate Small Bank Evaluation,03/01/2026,Satisfactory,836370.0,,,2025/18519_251006.PDF,False,False
26960,First Bank of the Lake,MO,OSAGE BEACH,Strategic Plan Evaluation,05/01/2024,Outstanding,835982.0,,,2024/26960_240116.PDF,False,False
27394,First Bank & Trust Co.,OK,DUNCAN,Intermediate Small Bank Evaluation,12/01/2023,Satisfactory,834983.0,,,2023/27394_230731.PDF,False,False
14769,DMB Community Bank,WI,MADISON,Intermediate Small Bank Evaluation,04/01/2024,Satisfactory,831323.0,,,2023/14769_231218.PDF,False,False
9463,Unified Bank,OH,MARTINS FERRY,Intermediate Small Bank Evaluation,12/01/2024,Satisfactory,830383.0,,,2024/9463_240701.PDF,False,False
58348,Millennium Bank,IL,DES PLAINES,Intermediate Small Bank Evaluation,01/01/2026,Satisfactory,829713.0,,,2025/58348_250804.PDF,False,False
34936,Legends Bank,TN,CLARKSVILLE,Intermediate Small Bank Evaluation,06/01/2023,Satisfactory,829056.0,,,2022/34936_221110.PDF,False,False
26634,Mechanics Cooperative Bank,MA,TAUNTON,Intermediate Small Bank Evaluation,11/01/2025,Satisfactory,828366.0,,,2025/26634_250505.PDF,False,False
17933,Blue Ridge Bank and Trust Co.,MO,INDEPENDENCE,Intermediate Small Bank Evaluation,04/01/2026,Satisfactory,828253.0,,,2025/17933_251117.PDF,False,False
1833,State Bank,IN,BROWNSBURG,Intermediate Small Bank Evaluation,07/01/2024,Satisfactory,826123.0,,,2024/1833_240213.PDF,False,False
27601,Inland Northwest Bank,WA,SPOKANE,Intermediate Small Bank Evaluation,07/01/2018,Satisfactory,825975.0,High Satisfactory,Outstanding,2017/27601_171227.PDF,False,False
5676,Brannen Bank,FL,INVERNESS,Intermediate Small Bank Evaluation,08/01/2023,Satisfactory,825604.0,,,2023/5676_230306.PDF,False,False
17739,Plains State Bank,TX,HUMBLE,Intermediate Small Bank Evaluation,10/01/2024,Satisfactory,824545.0,,,2024/17739_240513.PDF,False,False
19434,BAC Community Bank,CA,STOCKTON,Intermediate Small Bank Evaluation,05/01/2025,Satisfactory,822914.0,,,2025/19434_250115.PDF,False,False
27267,Amerasia Bank,NY,FLUSHING,Intermediate Small Bank Evaluation,04/01/2024,Satisfactory,821002.0,,,2023/27267_231106.PDF,False,False
21074,Texas Bank,TX,HENDERSON,Intermediate Small Bank Evaluation,08/01/2024,Satisfactory,820747.0,,,2024/21074_240304.PDF,False,False
1895,Farmers and Merchants Bank,MD,UPPERCO,Intermediate Small Bank Evaluation,02/01/2026,Satisfactory,817249.0,,,2025/1895_250708.PDF,False,False
58657,PromiseOne Bank,GA,DULUTH,Intermediate Small Bank Evaluation,02/01/2026,Satisfactory,814694.0,,,2025/58657_250825.PDF,False,False
35599,Apollo Bank,FL,MIAMI,Intermediate Small Bank Evaluation,11/01/2020,Satisfactory,813174.0,High Satisfactory,High Satisfactory,2020/35599_200803.PDF,False,False
58716,"Third Coast Bank, SSB",TX,HUMBLE,Intermediate Small Bank Evaluation,03/01/2019,Satisfactory,811340.0,High Satisfactory,High Satisfactory,2018/58716_181105.PDF,False,False
27211,First Community Bank of Tennessee,TN,SHELBYVILLE,Intermediate Small Bank Evaluation,07/01/2025,Satisfactory,811253.0,,,2024/27211_250601.PDF,False,False
1720,Western Bank,TX,LUBBOCK,Intermediate Small Bank Evaluation,12/01/2025,Satisfactory,811134.0,,,2025/1720_250804.PDF,False,False
13951,Community Bank of Louisiana,LA,MANSFIELD,Intermediate Small Bank Evaluation,10/01/2024,Satisfactory,810672.0,,,2024/13951_240422.PDF,False,False
90175,The Bank of Canton,MA,CANTON,Intermediate Small Bank Evaluation,12/01/2023,Satisfactory,810561.0,,,2023/90175_230626.PDF,False,False
34076,Illinois Bank & Trust,IL,ROCKFORD,Intermediate Small Bank Evaluation,10/01/2019,Satisfactory,810357.0,High Satisfactory,High Satisfactory,2019/34076_190603.PDF,False,False
340,"The Peoples Bank, Biloxi, Mississippi",MS,BILOXI,Intermediate Small Bank Evaluation,05/01/2024,Satisfactory,810028.0,,,2023/340_231113.PDF,False,False
29809,First Savings Bank of Hegewisch,IL,CHICAGO,Intermediate Small Bank Evaluation,11/01/2023,Satisfactory,808975.0,,,2023/29809_230710.PDF,False,False
9023,Bank of Charles Town,WV,CHARLES TOWN,Intermediate Small Bank Evaluation,07/01/2024,Outstanding,808630.0,,,2024/9023_240129.PDF,False,False
2829,First Southern State Bank,AL,STEVENSON,Intermediate Small Bank Evaluation,01/01/2025,Satisfactory,807004.0,,,2024/2829_240806.PDF,False,False
17588,The First State Bank,TX,LOUISE,Intermediate Small Bank Evaluation,11/01/2023,Satisfactory,806683.0,,,2023/17588_230717.PDF,False,False
29011,Mechanics Bank,OH,MANSFIELD,Intermediate Small Bank Evaluation,10/01/2024,Satisfactory,806594.0,,,2024/29011_240401.PDF,False,False
34072,Heritage Bank of Nevada,NV,RENO,Intermediate Small Bank Evaluation,05/01/2018,Satisfactory,804734.0,High Satisfactory,High Satisfactory,2017/34072_171127.PDF,False,False
26627,Bank of the West,TX,GRAPEVINE,Intermediate Small Bank Evaluation,08/01/2025,Satisfactory,802927.0,,,2025/26627_250331.PDF,False,False
16221,Reliabank Dakota,SD,ESTELLINE,Intermediate Small Bank Evaluation,06/01/2024,Satisfactory,801075.0,,,2023/16221_231016.PDF,False,False
35456,1st Colonial Community Bank,NJ,COLLINGSWOOD,Intermediate Small Bank Evaluation,02/01/2025,Satisfactory,800406.0,,,2023/35456_230614.PDF,False,False
34685,People's Bank of Commerce,OR,MEDFORD,Intermediate Small Bank Evaluation,07/01/2025,Satisfactory,798653.0,,,2025/34685_250218.PDF,False,False
1497,Security State Bank,TX,PEARSALL,Intermediate Small Bank Evaluation,03/01/2024,Satisfactory,798607.0,,,2023/1497_231120.PDF,False,False
10255,The Old Fort Banking Company,OH,OLD FORT,Intermediate Small Bank Evaluation,09/01/2023,Satisfactory,798180.0,,,2023/10255_230411.PDF,False,False
2824,FNB Bank,AL,SCOTTSBORO,Intermediate Small Bank Evaluation,05/01/2021,Satisfactory,795734.0,High Satisfactory,Outstanding,2020/2824_201203.PDF,False,False
58307,The First Bank of Greenwich,CT,COS COB,Intermediate Small Bank Evaluation,05/01/2025,Satisfactory,795426.0,,,2024/58307_241104.PDF,False,False
35430,OptimumBank,FL,FORT LAUDERDALE,Intermediate Small Bank Evaluation,09/01/2024,Satisfactory,791052.0,,,2024/35430_240214.PDF,False,False
1164,The Citizens Bank,NM,FARMINGTON,Intermediate Small Bank Evaluation,08/01/2024,Satisfactory,790557.0,,,2024/1164_240422.PDF,False,False
16723,Carolina Bank & Trust Co.,SC,LAMAR,Intermediate Small Bank Evaluation,04/01/2023,Satisfactory,790549.0,,,2022/16723_220926.PDF,False,False
6176,"Pendleton Community Bank, Inc.",WV,FRANKLIN,Intermediate Small Bank Evaluation,01/01/2026,Satisfactory,790103.0,,,2025/6176_250804.PDF,False,False
32084,Grand Savings Bank,OK,GROVE,Intermediate Small Bank Evaluation,06/01/2023,Satisfactory,789748.0,,,2023/32084_230130.PDF,False,False
14929,West Shore Bank,MI,LUDINGTON,Intermediate Small Bank Evaluation,03/01/2026,Satisfactory,789628.0,,,2025/14929_250908.PDF,False,False
58297,Pinnacle Bank,CA,GILROY,Intermediate Small Bank Evaluation,06/01/2023,Satisfactory,788825.0,,,2023/58297_230117.PDF,False,False
10214,Vermillion State Bank,MN,VERMILLION,Intermediate Small Bank Evaluation,02/01/2024,Satisfactory,788388.0,,,2023/10214_231023.PDF,False,False
10973,Alliance Bank,MN,LAKE CITY,Intermediate Small Bank Evaluation,06/01/2025,Satisfactory,784945.0,,,2025/10973_250224.PDF,False,False
57922,Harmony Bank,TX,DALLAS,Intermediate Small Bank Evaluation,07/01/2025,Satisfactory,784501.0,,,2025/57922_250303.PDF,False,False
9325,Jonesboro State Bank,LA,JONESBORO,Intermediate Small Bank Evaluation,03/01/2025,Satisfactory,783410.0,,,2024/9325_240916.PDF,False,False
19448,BNA Bank,MS,NEW ALBANY,Intermediate Small Bank Evaluation,05/01/2024,Satisfactory,780115.0,,,2024/19448_240122.PDF,False,False
14885,First Bank,AK,KETCHIKAN,Intermediate Small Bank Evaluation,12/01/2023,Outstanding,780047.0,,,2023/14885_230724.PDF,False,False
15423,American Bank Of Freedom,MO,WELLSVILLE,Intermediate Small Bank Evaluation,03/01/2024,Satisfactory,779764.0,,,2023/15423_231010.PDF,False,False
8283,Lead Bank,MO,KANSAS CITY,Strategic Plan Evaluation,09/01/2023,Satisfactory,778855.0,,,2023/8283_230103.PDF,False,False
22874,Hickory Point Bank and Trust,IL,DECATUR,Intermediate Small Bank Evaluation,11/01/2024,Satisfactory,776806.0,,,2024/22874_240506.PDF,False,False
58483,Pegasus Bank,TX,DALLAS,Intermediate Small Bank Evaluation,02/01/2021,Satisfactory,776213.0,High Satisfactory,Outstanding,2020/58483_200803.PDF,False,False
35497,Quaint Oak Bank,PA,SOUTHAMPTON,Intermediate Small Bank Evaluation,01/01/2025,Satisfactory,774147.0,,,2024/35497_241212.PDF,False,False
3031,Points West Community Bank,CO,WINDSOR,Intermediate Small Bank Evaluation,05/01/2024,Satisfactory,773310.0,,,2024/3031_240122.PDF,False,False
16243,Bank of Eastern Oregon,OR,HEPPNER,Intermediate Small Bank Evaluation,07/01/2023,Outstanding,770684.0,,,2023/16243_230207.PDF,False,False
27362,Prairie State Bank and Trust,IL,SPRINGFIELD,Intermediate Small Bank Evaluation,01/01/2025,Satisfactory,770382.0,,,2024/27362_240729.PDF,False,False
58208,First Freedom Bank,TN,LEBANON,Intermediate Small Bank Evaluation,09/01/2025,Satisfactory,769676.0,,,2025/58208_250505.PDF,False,False
90308,Winchester Savings Bank,MA,WINCHESTER,Intermediate Small Bank Evaluation,08/01/2024,Satisfactory,769285.0,,,2024/90308_240129.PDF,False,False
58712,Freedom Bank,NJ,MAYWOOD,Intermediate Small Bank Evaluation,07/01/2025,Satisfactory,768667.0,,,2025/58712_250218.PDF,False,False
9499,Thread Bank,TN,ROGERSVILLE,Intermediate Small Bank Evaluation,03/01/2026,Satisfactory,767770.0,,,2025/9499_250210.PDF,False,False
18740,Heartland Bank,NE,GENEVA,Intermediate Small Bank Evaluation,09/01/2023,Satisfactory,767127.0,,,2023/18740_230508.PDF,False,False
35151,New Millennium Bank,NJ,FORT LEE,Intermediate Small Bank Evaluation,02/01/2025,Satisfactory,766925.0,,,2023/35151_231106.PDF,False,False
4549,CNB St Louis Bank,MO,MAPLEWOOD,Intermediate Small Bank Evaluation,12/01/2024,Satisfactory,766648.0,,,2024/4549_240812.PDF,False,False
4048,SpiritBank,OK,TULSA,Intermediate Small Bank Evaluation,02/01/2025,Satisfactory,766232.0,,,2024/4048_241021.PDF,False,False
10334,Oakwood Bank,TX,DALLAS,Intermediate Small Bank Evaluation,05/01/2023,Needs to Improve,765597.0,,,2022/10334_221031.PDF,False,False
21848,Quail Creek Bank,OK,OKLAHOMA CITY,Intermediate Small Bank Evaluation,07/01/2024,Satisfactory,765292.0,,,2024/21848_240207.PDF,False,False
13107,"Citizens State Bank of New Castle, Indiana",IN,NEW CASTLE,Intermediate Small Bank Evaluation,06/01/2023,Satisfactory,764876.0,,,2023/13107_230124.PDF,False,False
8439,Centennial Bank,TN,TREZEVANT,Intermediate Small Bank Evaluation,09/01/2025,Satisfactory,764009.0,,,2025/8439_250210.PDF,False,False
59099,Endeavor Bank,CA,SAN DIEGO,Intermediate Small Bank Evaluation,04/01/2026,Satisfactory,759714.0,,,2025/59099_251103.PDF,False,False
18389,Western Commerce Bank,NM,CARLSBAD,Intermediate Small Bank Evaluation,06/01/2024,Satisfactory,759556.0,,,2023/18389_231127.PDF,False,False
27238,Winchester Co-operative Bank,MA,WINCHESTER,Intermediate Small Bank Evaluation,01/01/2024,Satisfactory,759172.0,,,2023/27238_230620.PDF,False,False
16111,Highland Bank,MN,SAINT PAUL,Intermediate Small Bank Evaluation,04/01/2025,Satisfactory,759078.0,,,2024/16111_240903.PDF,False,False
8810,The Bank of Delmarva,DE,SEAFORD,Intermediate Small Bank Evaluation,11/01/2019,Satisfactory,759078.0,High Satisfactory,High Satisfactory,2019/08810_190617.PDF,False,False
20250,Marine Bank,IL,SPRINGFIELD,Intermediate Small Bank Evaluation,09/01/2022,Satisfactory,756235.0,High Satisfactory,High Satisfactory,2022/20250_220321.PDF,False,False
14679,Industrial Bank,DC,WASHINGTON,Large Bank Evaluation,08/01/2026,Satisfactory,754310.0,Outstanding,Outstanding,2025/14679_250714.PDF,False,False
12761,F&M Bank,OK,EDMOND,Intermediate Small Bank Evaluation,12/01/2025,Satisfactory,753354.0,,,2025/12761_250728.PDF,False,False
8811,Hebron Savings Bank,MD,HEBRON,Intermediate Small Bank Evaluation,06/01/2025,Satisfactory,753348.0,,,2024/8811_250116.PDF,False,False
8745,First State Bank of Middlebury,IN,MIDDLEBURY,Intermediate Small Bank Evaluation,03/01/2024,Satisfactory,752523.0,,,2023/8745_231106.PDF,False,False
22139,Progressive Bank,LA,MONROE,Intermediate Small Bank Evaluation,02/01/2024,Satisfactory,751386.0,,,2023/22139_231010.PDF,False,False
89,Signature Bank of Arkansas,AR,FAYETTEVILLE,Intermediate Small Bank Evaluation,06/01/2021,Satisfactory,749590.0,High Satisfactory,High Satisfactory,2021/89_210111.PDF,False,False
11178,"Transpecos Banks, SSB",TX,PECOS,Intermediate Small Bank Evaluation,05/01/2024,Satisfactory,748433.0,,,2023/11178_231127.PDF,False,False
58121,Triad Bank,MO,FRONTENAC,Intermediate Small Bank Evaluation,10/01/2023,Satisfactory,747942.0,,,2023/58121_230710.PDF,False,False
90245,Monson Savings Bank,MA,MONSON,Intermediate Small Bank Evaluation,06/01/2026,Satisfactory,747779.0,,,2025/90245_251201.PDF,False,False
57377,Traditions Bank,PA,YORK,Intermediate Small Bank Evaluation,09/01/2022,Outstanding,747615.0,Outstanding,Outstanding,2021/57377_211025.PDF,False,False
15085,Arthur State Bank,SC,UNION,Intermediate Small Bank Evaluation,10/01/2023,Satisfactory,745082.0,,,2023/15085_230508.PDF,False,False
16307,Manufacturers Bank & Trust Company,IA,FOREST CITY,Intermediate Small Bank Evaluation,06/01/2024,Satisfactory,743497.0,,,2024/16307_240118.PDF,False,False
57923,Peach State Bank & Trust,GA,GAINESVILLE,Intermediate Small Bank Evaluation,07/01/2025,Satisfactory,743492.0,,,2025/57923_250324.PDF,False,False
88,Generations Bank,AR,ROGERS,Intermediate Small Bank Evaluation,06/01/2023,Satisfactory,743472.0,,,2022/88_221205.PDF,False,False
13565,Bank of Sun Prairie,WI,SUN PRAIRIE,Intermediate Small Bank Evaluation,01/01/2025,Satisfactory,742440.0,,,2024/13565_240812.PDF,False,False
6137,Bank of Botetourt,VA,BUCHANAN,Intermediate Small Bank Evaluation,07/01/2024,Satisfactory,741916.0,,,2024/6137_240117.PDF,False,False
13454,Royal Bank,WI,ELROY,Intermediate Small Bank Evaluation,07/01/2025,Satisfactory,740410.0,,,2025/13454_250127.PDF,False,False
9620,First Bank,FL,CLEWISTON,Intermediate Small Bank Evaluation,07/01/2025,Satisfactory,739517.0,,,2025/9620_250218.PDF,False,False
9737,Midwest Bank,MN,DETROIT LAKES,Intermediate Small Bank Evaluation,07/01/2024,Satisfactory,737670.0,,,2024/9737_240306.PDF,False,False
9155,Countybank,SC,GREENWOOD,Intermediate Small Bank Evaluation,05/01/2026,Satisfactory,736413.0,,,2025/9155_251117.PDF,False,False
3722,Prospect Bank,IL,PARIS,Intermediate Small Bank Evaluation,03/01/2024,Satisfactory,736375.0,,,2023/3722_231016.PDF,False,False
23275,Plumas Bank,CA,QUINCY,Intermediate Small Bank Evaluation,10/01/2018,Satisfactory,736088.0,High Satisfactory,Outstanding,2018/23275_180413.PDF,False,False
19716,First Central State Bank,IA,DEWITT,Intermediate Small Bank Evaluation,11/01/2025,Satisfactory,735847.0,,,2025/19716_250804.PDF,False,False
35111,Village Bank,VA,MIDLOTHIAN,Intermediate Small Bank Evaluation,09/01/2024,Satisfactory,734665.0,,,2024/35111_240220.PDF,False,False
17937,Franklin Bank & Trust Company,KY,FRANKLIN,Intermediate Small Bank Evaluation,03/01/2024,Satisfactory,734488.0,,,2023/17937_231023.PDF,False,False
22964,First Community Bank,TX,SAN BENITO,Intermediate Small Bank Evaluation,08/01/2025,Satisfactory,734078.0,,,2025/22964_250505.PDF,False,False
58619,MRV Banks,MO,SAINTE GENEVIEVE,Intermediate Small Bank Evaluation,03/01/2025,Satisfactory,733191.0,,,2024/58619_240422.PDF,False,False
90291,The Savings Bank,MA,WAKEFIELD,Intermediate Small Bank Evaluation,12/01/2023,Satisfactory,731617.0,,,2022/90291_221128.PDF,False,False
12203,Merchants & Marine Bank,MS,PASCAGOULA,Intermediate Small Bank Evaluation,01/01/2026,Satisfactory,729622.0,,,2025/12203_250609.PDF,False,False
34683,Community Bank and Trust of Florida,FL,OCALA,Intermediate Small Bank Evaluation,04/01/2018,Satisfactory,729512.0,High Satisfactory,High Satisfactory,2017/34683_171127.PDF,False,False
22939,Wheatland Bank,WA,SPOKANE,Intermediate Small Bank Evaluation,08/01/2023,Outstanding,728441.0,,,2023/22939_230404.PDF,False,False
21906,PriorityOne  Bank,MS,MAGEE,Intermediate Small Bank Evaluation,08/01/2020,Satisfactory,727401.0,High Satisfactory,Outstanding,2019/21906_191029.PDF,False,False
893,Citizens Bank,TN,CARTHAGE,Intermediate Small Bank Evaluation,10/01/2023,Satisfactory,726776.0,,,2023/893_230424.PDF,False,False
10693,SimplyBank.,TN,DAYTON,Intermediate Small Bank Evaluation,11/01/2022,Satisfactory,723003.0,,,2022/10693_220425.PDF,False,False
9632,Fortress Bank,IL,PEORIA,Intermediate Small Bank Evaluation,12/01/2024,Satisfactory,722150.0,,,2024/9632_240610.PDF,False,False
16666,Itasca Bank & Trust Co.,IL,ITASCA,Intermediate Small Bank Evaluation,01/01/2024,Satisfactory,721575.0,,,2023/16666_230807.PDF,False,False
13264,Bank of Luxemburg,WI,LUXEMBURG,Intermediate Small Bank Evaluation,04/01/2026,Satisfactory,720749.0,,,2025/13264_251201.PDF,False,False
17162,Dairy State Bank,WI,RICE LAKE,Intermediate Small Bank Evaluation,02/01/2026,Satisfactory,720644.0,,,2025/17162_250925.PDF,False,False
13220,The Peoples Bank Co.,OH,COLDWATER,Intermediate Small Bank Evaluation,10/01/2024,Satisfactory,720315.0,,,2024/13220_240513.PDF,False,False
26455,Savers Co-operative Bank,MA,SOUTHBRIDGE,Intermediate Small Bank Evaluation,09/01/2024,Satisfactory,718151.0,,,2024/26455_240311.PDF,False,False
22738,First Utah Bank,UT,SALT LAKE CITY,Intermediate Small Bank Evaluation,08/01/2024,Satisfactory,717616.0,,,2024/22738_240422.PDF,False,False
19101,Harford Bank,MD,ABERDEEN,Intermediate Small Bank Evaluation,08/01/2025,Satisfactory,713432.0,,,2025/19101_250204.PDF,False,False
16659,Northeast Bank,MN,MINNEAPOLIS,Intermediate Small Bank Evaluation,10/01/2023,Outstanding,712829.0,,,2023/16659_230628.PDF,False,False
58018,St. Louis Bank,MO,SAINT LOUIS,Intermediate Small Bank Evaluation,05/01/2023,Satisfactory,712349.0,,,2023/58018_230117.PDF,False,False
15032,First State Bank,MI,EASTPOINTE,Intermediate Small Bank Evaluation,05/01/2019,Satisfactory,711727.0,High Satisfactory,High Satisfactory,2019/15032_190122.PDF,False,False
34384,Premier Bank,IA,ROCK VALLEY,Intermediate Small Bank Evaluation,11/01/2025,Satisfactory,710877.0,,,2025/34384_250707.PDF,False,False
15324,Security Bank & Trust Company,MN,GLENCOE,Intermediate Small Bank Evaluation,03/01/2024,Satisfactory,708993.0,,,2023/15324_231116.PDF,False,False
25158,"Finance Factors, Ltd.",HI,HONOLULU,Intermediate Small Bank Evaluation,03/01/2026,Outstanding,708870.0,,,2025/25158_250826.PDF,False,False
59086,Primary Bank,NH,BEDFORD,Intermediate Small Bank Evaluation,10/01/2025,Satisfactory,708844.0,,,2025/59086_250407.PDF,False,False
12322,Chippewa Valley Bank,WI,HAYWARD,Intermediate Small Bank Evaluation,05/01/2025,Satisfactory,708820.0,,,2024/12322_241209.PDF,False,False
58020,Commerce State Bank,WI,WEST BEND,Intermediate Small Bank Evaluation,05/01/2020,Satisfactory,706816.0,High Satisfactory,Outstanding,2019/58020_191202.PDF,False,False
22394,Peoples Community Bank,MO,GREENVILLE,Intermediate Small Bank Evaluation,05/01/2026,Satisfactory,706435.0,,,2025/22394_251020.PDF,False,False
12869,Farmers Bank and Trust Company,KY,MARION,Intermediate Small Bank Evaluation,12/01/2025,Satisfactory,704975.0,,,2025/12869_250804.PDF,False,False
27226,Country Bank,NY,NEW YORK,Intermediate Small Bank Evaluation,12/01/2018,Satisfactory,703855.0,High Satisfactory,High Satisfactory,2018/27226_180806.PDF,False,False
17951,Franklin Savings Bank,NH,FRANKLIN,Intermediate Small Bank Evaluation,09/01/2023,Satisfactory,702702.0,,,2023/17951_230206.PDF,False,False
1607,The Bank of Elk River,MN,ELK RIVER,Intermediate Small Bank Evaluation,02/01/2026,Satisfactory,702497.0,,,2025/1607_251008.PDF,False,False
58432,Carolina Alliance Bank,SC,SPARTANBURG,Intermediate Small Bank Evaluation,08/01/2018,Satisfactory,699339.0,High Satisfactory,High Satisfactory,2017/58432_170918.PDF,False,False
29875,NVE Bank,NJ,ENGLEWOOD,Intermediate Small Bank Evaluation,11/01/2023,Satisfactory,698943.0,,,2023/29875_230606.PDF,False,False
15206,First State Bank,TX,ATHENS,Intermediate Small Bank Evaluation,05/01/2024,Satisfactory,698667.0,,,2023/15206_231127.PDF,False,False
8816,The Queenstown Bank of Maryland,MD,QUEENSTOWN,Intermediate Small Bank Evaluation,03/01/2026,Satisfactory,698600.0,,,2025/8816_250811.PDF,False,False
17123,Artisans' Bank,DE,WILMINGTON,Intermediate Small Bank Evaluation,02/01/2026,Satisfactory,695616.0,,,2025/17123_250930.PDF,False,False
14410,City State Bank,IA,NORWALK,Intermediate Small Bank Evaluation,11/01/2023,Satisfactory,695034.0,,,2023/14410_230807.PDF,False,False
2759,"FNB Bank, Inc.",KY,MAYFIELD,Intermediate Small Bank Evaluation,07/01/2023,Outstanding,694764.0,,,2023/2759_230306.PDF,False,False
23144,South Louisiana Bank,LA,HOUMA,Intermediate Small Bank Evaluation,05/01/2025,Satisfactory,693254.0,,,2024/23144_241202.PDF,False,False
58257,DR Bank,CT,DARIEN,Strategic Plan Evaluation,02/01/2026,Satisfactory,692001.0,,,2025/58257_250218.PDF,False,False
58533,Vinings Bank,GA,SMYRNA,Intermediate Small Bank Evaluation,06/01/2021,Satisfactory,690908.0,High Satisfactory,High Satisfactory,2021/58533_210201.PDF,False,False
7123,Jeff Bank,NY,JEFFERSONVILLE,Intermediate Small Bank Evaluation,02/01/2024,Satisfactory,690200.0,,,2023/7123_231030.PDF,False,False
58039,First Resource Bank,MN,LINO LAKES,Intermediate Small Bank Evaluation,09/01/2025,Satisfactory,689425.0,,,2025/58039_250527.PDF,False,False
18030,Savings Bank of Walpole,NH,WALPOLE,Intermediate Small Bank Evaluation,05/01/2023,Satisfactory,687772.0,,,2022/18030_220906.PDF,False,False
2241,CNB Bank,NM,CARLSBAD,Intermediate Small Bank Evaluation,01/01/2024,Satisfactory,687646.0,,,2023/2241_230710.PDF,False,False
57857,Timberline Bank,CO,GRAND JUNCTION,Intermediate Small Bank Evaluation,06/01/2023,Satisfactory,687529.0,,,2023/57857_230206.PDF,False,False
18031,Woodsville Guaranty Savings Bank,NH,WOODSVILLE,Intermediate Small Bank Evaluation,03/01/2024,Satisfactory,686908.0,,,2023/18031_230828.PDF,False,False
34456,"Keystone Bank, SSB",TX,AUSTIN,Intermediate Small Bank Evaluation,06/01/2023,Satisfactory,686459.0,,,2023/34456_230206.PDF,False,False
1513,Citizens State Bank of La Crosse,WI,LA CROSSE,Intermediate Small Bank Evaluation,08/01/2025,Satisfactory,684372.0,,,2025/1513_250324.PDF,False,False
17676,Legacy Bank,KS,COLWICH,Intermediate Small Bank Evaluation,04/01/2024,Satisfactory,683664.0,,,2023/17676_231204.PDF,False,False
17040,Wilson & Muir Bank & Trust Company,KY,BARDSTOWN,Intermediate Small Bank Evaluation,05/01/2023,Satisfactory,683049.0,,,2023/17040_230123.PDF,False,False
23772,Commerce Bank,TX,LAREDO,Intermediate Small Bank Evaluation,01/01/2025,Satisfactory,679929.0,,,2024/23772_240624.PDF,False,False
11739,BankOrion,IL,ORION,Intermediate Small Bank Evaluation,02/01/2026,Satisfactory,679272.0,,,2025/11739_250929.PDF,False,False
15200,Decorah Bank & Trust Company,IA,DECORAH,Intermediate Small Bank Evaluation,03/01/2024,Outstanding,678814.0,,,2023/15200_231106.PDF,False,False
13232,Security State Bank,WA,CENTRALIA,Intermediate Small Bank Evaluation,04/01/2022,Satisfactory,678356.0,High Satisfactory,High Satisfactory,2021/13232_210913.PDF,False,False
26760,Green Belt Bank & Trust,IA,IOWA FALLS,Intermediate Small Bank Evaluation,11/01/2024,Satisfactory,677063.0,,,2024/26760_240627.PDF,False,False
11722,"The Peoples State Bank of Newton, Illinois",IL,NEWTON,Intermediate Small Bank Evaluation,11/01/2024,Satisfactory,676208.0,,,2024/11722_240606.PDF,False,False
11580,The Bank of Southside Virginia,VA,CARSON,Intermediate Small Bank Evaluation,06/01/2025,Satisfactory,675263.0,,,2024/11580_241202.PDF,False,False
7613,Pennian Bank,PA,MIFFLINTOWN,Intermediate Small Bank Evaluation,01/01/2026,Satisfactory,674363.0,,,2025/7613_250818.PDF,False,False
1756,Central Bank,AR,LITTLE ROCK,Intermediate Small Bank Evaluation,04/01/2025,Satisfactory,673988.0,,,2024/1756_241104.PDF,False,False
5286,Fortifi Bank,WI,BERLIN,Intermediate Small Bank Evaluation,12/01/2025,Satisfactory,673356.0,,,2025/5286_250811.PDF,False,False
16125,The Eastern Colorado Bank,CO,CHEYENNE WELLS,Intermediate Small Bank Evaluation,06/01/2025,Satisfactory,673237.0,,,2025/16125_250203.PDF,False,False
16891,Pilgrim Bank,TX,PITTSBURG,Intermediate Small Bank Evaluation,06/01/2023,Satisfactory,673091.0,,,2023/16891_230117.PDF,False,False
9797,M1 Bank,MO,CLAYTON,Strategic Plan Evaluation,08/01/2023,Satisfactory,671981.0,,,2023/9797_230417.PDF,False,False
58069,Bank of San Francisco,CA,SAN FRANCISCO,Intermediate Small Bank Evaluation,01/01/2026,Satisfactory,671915.0,,,2025/58069_250819.PDF,False,False
6091,Macon Bank and Trust Company,TN,LAFAYETTE,Intermediate Small Bank Evaluation,10/01/2024,Satisfactory,670989.0,,,2024/6091_240311.PDF,False,False
5768,The Fountain Trust Company,IN,COVINGTON,Intermediate Small Bank Evaluation,08/01/2025,Satisfactory,670246.0,,,2025/5768_250414.PDF,False,False
15478,United Valley Bank,ND,CAVALIER,Intermediate Small Bank Evaluation,06/01/2025,Satisfactory,669851.0,,,2025/15478_250203.PDF,False,False
57620,Arizona Bank & Trust,AZ,PHOENIX,Intermediate Small Bank Evaluation,10/01/2019,Satisfactory,669806.0,High Satisfactory,Outstanding,2019/57620_190603.PDF,False,False
25621,"Sage Capital Bank,",TX,GONZALES,Intermediate Small Bank Evaluation,06/01/2023,Satisfactory,668961.0,,,2022/25621_221128.PDF,False,False
27763,InFirst Bank,PA,INDIANA,Intermediate Small Bank Evaluation,05/01/2026,Satisfactory,665546.0,,,2025/27763_260105.PDF,False,False
16595,CCB Community Bank,AL,ANDALUSIA,Intermediate Small Bank Evaluation,07/01/2025,Satisfactory,664753.0,,,2025/16595_250303.PDF,False,False
1122,First Fidelity Bank,SD,BURKE,Intermediate Small Bank Evaluation,10/01/2025,Satisfactory,664560.0,,,2025/1122_250623.PDF,False,False
16652,Southwest Bank,TX,ODESSA,Intermediate Small Bank Evaluation,07/01/2024,Satisfactory,664203.0,,,2024/16652_240226.PDF,False,False
19143,United Community Bank,LA,RACELAND,Intermediate Small Bank Evaluation,05/01/2024,Satisfactory,663975.0,,,2023/19143_231127.PDF,False,False
9647,Citizens Bank,IN,MOORESVILLE,Intermediate Small Bank Evaluation,01/01/2026,Satisfactory,663281.0,,,2025/9647_250728.PDF,False,False
15264,Peoples Savings Bank of Rhineland,MO,RHINELAND,Intermediate Small Bank Evaluation,10/01/2025,Satisfactory,663279.0,,,2025/15264_250421.PDF,False,False
33542,Rock Canyon Bank,UT,PROVO,Intermediate Small Bank Evaluation,03/01/2021,Satisfactory,662371.0,High Satisfactory,High Satisfactory,2020/33542_201109.PDF,False,False
24353,First Community Bank,TX,CORPUS CHRISTI,Intermediate Small Bank Evaluation,06/01/2025,Satisfactory,661826.0,,,2025/24353_250203.PDF,False,False
3178,Bank of Houston,TX,HOUSTON,Intermediate Small Bank Evaluation,08/01/2024,Satisfactory,660759.0,,,2024/3178_240401.PDF,False,False
12082,South Side Trust & Savings Bank of Peoria,IL,PEORIA,Intermediate Small Bank Evaluation,03/01/2018,Satisfactory,657446.0,High Satisfactory,High Satisfactory,2017/12082_171016.PDF,False,False
90181,Clinton Savings Bank,MA,CLINTON,Intermediate Small Bank Evaluation,05/01/2023,Satisfactory,656390.0,,,2022/90181_221017.PDF,False,False
22366,GBC International Bank,CA,LOS ANGELES,Intermediate Small Bank Evaluation,01/01/2026,Satisfactory,655141.0,,,2025/22366_250616.PDF,False,False
19001,First Midwest Bank of Dexter,MO,DEXTER,Intermediate Small Bank Evaluation,09/01/2025,Satisfactory,654910.0,,,2025/19001_250506.PDF,False,False
34233,Marine Bank & Trust Company,FL,VERO BEACH,Intermediate Small Bank Evaluation,10/01/2024,Satisfactory,654321.0,,,2024/34233_240401.PDF,False,False
5867,Bank of Ocean City,MD,OCEAN CITY,Intermediate Small Bank Evaluation,06/01/2024,Satisfactory,654194.0,,,2023/5867_231220.PDF,False,False
6760,"Citizens Bank of West Virginia, Inc.",WV,ELKINS,Intermediate Small Bank Evaluation,10/01/2024,Satisfactory,651855.0,,,2024/6760_240326.PDF,False,False
10886,Legence Bank,IL,ELDORADO,Intermediate Small Bank Evaluation,08/01/2023,Satisfactory,650952.0,,,2023/10886_230327.PDF,False,False
35020,Community First Bank,LA,NEW IBERIA,Intermediate Small Bank Evaluation,03/01/2024,Satisfactory,649762.0,,,2023/35020_230919.PDF,False,False
58203,NewBank,NY,FLUSHING,Intermediate Small Bank Evaluation,06/01/2024,Satisfactory,649281.0,,,2024/58203_240116.PDF,False,False
19212,First Midwest Bank of the Ozarks,MO,POPLAR BLUFF,Intermediate Small Bank Evaluation,06/01/2023,Satisfactory,648776.0,,,2023/19212_230206.PDF,False,False
15771,Northeast Georgia Bank,GA,LAVONIA,Intermediate Small Bank Evaluation,09/01/2025,Satisfactory,647845.0,,,2025/15771_250505.PDF,False,False
58341,Mountain Pacific Bank,WA,EVERETT,Intermediate Small Bank Evaluation,07/01/2024,Satisfactory,647316.0,,,2024/58341_240205.PDF,False,False
5716,Farmers and Merchants Bank,GA,LAKELAND,Intermediate Small Bank Evaluation,06/01/2024,Satisfactory,646846.0,,,2024/5716_240129.PDF,False,False
26912,The Bank of South Carolina,SC,CHARLESTON,Intermediate Small Bank Evaluation,11/01/2023,Satisfactory,646413.0,,,2023/26912_230605.PDF,False,False
57841,Valliance Bank,OK,OKLAHOMA CITY,Intermediate Small Bank Evaluation,11/01/2024,Satisfactory,644637.0,,,2024/57841_240603.PDF,False,False
17108,"Community Bank & Trust, Waco, Texas",TX,WACO,Intermediate Small Bank Evaluation,07/01/2025,Satisfactory,643974.0,,,2025/17108_250324.PDF,False,False
30117,Reliance Savings Bank,PA,ALTOONA,Intermediate Small Bank Evaluation,06/01/2023,Satisfactory,643871.0,,,2023/30117_230206.PDF,False,False
33508,State Bank of Arizona,AZ,LAKE HAVASU CITY,Intermediate Small Bank Evaluation,02/01/2019,Outstanding,642902.0,High Satisfactory,Outstanding,2018/33508_181022.PDF,False,False
2777,MidSouth Bank,AL,DOTHAN,Intermediate Small Bank Evaluation,11/01/2024,Satisfactory,642893.0,,,2024/2777_240507.PDF,False,False
57967,First Resource Bank,PA,EXTON,Intermediate Small Bank Evaluation,03/01/2025,Satisfactory,640647.0,,,2024/57967_241029.PDF,False,False
30428,Century Savings Bank,NJ,VINELAND,Intermediate Small Bank Evaluation,12/01/2023,Satisfactory,640416.0,,,2023/30428_230620.PDF,False,False
18143,Oconee State Bank,GA,WATKINSVILLE,Intermediate Small Bank Evaluation,09/01/2025,Satisfactory,639898.0,,,2025/18143_250317.PDF,False,False
35131,Sauk Valley Bank & Trust Company,IL,STERLING,Intermediate Small Bank Evaluation,06/01/2024,Satisfactory,639529.0,,,2023/35131_231213.PDF,False,False
32838,"Community First Bank, Inc.",SC,WALHALLA,Intermediate Small Bank Evaluation,02/01/2022,Satisfactory,638217.0,High Satisfactory,High Satisfactory,2021/32838_210816.PDF,False,False
19525,Mt. McKinley Bank,AK,FAIRBANKS,Intermediate Small Bank Evaluation,01/01/2025,Outstanding,637245.0,,,2024/19525_240911.PDF,False,False
90191,Eagle Bank,MA,EVERETT,Intermediate Small Bank Evaluation,12/01/2025,Satisfactory,636419.0,,,2025/90191_250602.PDF,False,False
14660,Bank of Prairie du Sac,WI,PRAIRIE DU SAC,Intermediate Small Bank Evaluation,08/01/2025,Satisfactory,635899.0,,,2025/14660_250414.PDF,False,False
15272,Marion County State Bank,IA,PELLA,Intermediate Small Bank Evaluation,02/01/2024,Satisfactory,635396.0,,,2023/15272_230911.PDF,False,False
58276,River Valley Community Bank,CA,YUBA CITY,Intermediate Small Bank Evaluation,09/01/2025,Satisfactory,635192.0,,,2025/58276_250505.PDF,False,False
8527,Concordia Bank & Trust Company,LA,VIDALIA,Intermediate Small Bank Evaluation,12/01/2025,Satisfactory,634239.0,,,2025/8527_250729.PDF,False,False
10643,Dundee Bank,NE,OMAHA,Intermediate Small Bank Evaluation,12/01/2024,Satisfactory,632208.0,,,2024/10643_240729.PDF,False,False
10678,The Muncy Bank and Trust Company,PA,MUNCY,Intermediate Small Bank Evaluation,03/01/2023,Satisfactory,632066.0,,,2022/10678_221114.PDF,False,False
18344,UBank,TX,HUNTINGTON,Intermediate Small Bank Evaluation,08/01/2024,Satisfactory,631527.0,,,2024/18344_240129.PDF,False,False
90270,Envision Bank,MA,RANDOLPH,Intermediate Small Bank Evaluation,07/01/2020,Satisfactory,631256.0,High Satisfactory,High Satisfactory,2020/90270_200218.PDF,False,False
2850,Farmers Bank,ID,BUHL,Intermediate Small Bank Evaluation,05/01/2023,Satisfactory,630670.0,,,2023/2850_230109.PDF,False,False
19795,AbbyBank,WI,ABBOTSFORD,Intermediate Small Bank Evaluation,06/01/2024,Satisfactory,630524.0,,,2024/19795_240205.PDF,False,False
9803,Bank of Odessa,MO,ODESSA,Intermediate Small Bank Evaluation,02/01/2026,Satisfactory,627755.0,,,2025/9803_250819.PDF,False,False
17580,FNBT BANK,FL,FORT WALTON BEACH,Intermediate Small Bank Evaluation,09/01/2023,Satisfactory,626993.0,,,2023/17580_230306.PDF,False,False
12781,Hometown Bank,WI,FOND DU LAC,Intermediate Small Bank Evaluation,10/01/2022,Satisfactory,626335.0,,,2022/12781_220331.PDF,False,False
12594,The Pueblo Bank and Trust Company,CO,PUEBLO,Intermediate Small Bank Evaluation,07/01/2024,Satisfactory,624971.0,,,2024/12594_240601.PDF,False,False
4419,Springs Valley Bank & Trust Company,IN,FRENCH LICK,Intermediate Small Bank Evaluation,01/01/2025,Satisfactory,622662.0,,,2024/4419_240903.PDF,False,False
23966,OneUnited Bank,MA,BOSTON,Intermediate Small Bank Evaluation,06/01/2026,Satisfactory,622449.0,,,2025/23966_251110.PDF,False,False
20311,American Bank,MT,BOZEMAN,Intermediate Small Bank Evaluation,05/01/2024,Satisfactory,622249.0,,,2023/20311_231128.PDF,False,False
8714,Unity Bank,WI,AUGUSTA,Intermediate Small Bank Evaluation,12/01/2024,Satisfactory,620653.0,,,2024/8714_240603.PDF,False,False
57026,Carolina Trust Bank,NC,LINCOLNTON,Intermediate Small Bank Evaluation,10/01/2019,Satisfactory,620621.0,High Satisfactory,High Satisfactory,2019/57026_190429.PDF,False,False
28818,Crest Savings Bank,NJ,WILDWOOD,Intermediate Small Bank Evaluation,05/01/2026,Outstanding,620226.0,,,2025/28818_251027.PDF,False,False
19401,Capital Bank,TX,JACINTO CITY,Intermediate Small Bank Evaluation,02/01/2025,Satisfactory,620198.0,,,2024/19401_241015.PDF,False,False
17685,Outdoor Bank,KS,MANHATTAN,Intermediate Small Bank Evaluation,04/01/2026,Satisfactory,619429.0,,,2025/17685_251027.PDF,False,False
5981,The Community Bank,OH,ZANESVILLE,Intermediate Small Bank Evaluation,09/01/2024,Satisfactory,619312.0,,,2024/5981_240304.PDF,False,False
3121,First Bank,TX,BURKBURNETT,Intermediate Small Bank Evaluation,09/01/2023,Satisfactory,617324.0,,,2023/3121_230227.PDF,False,False
2359,Mauch Chunk Trust Company,PA,JIM THORPE,Intermediate Small Bank Evaluation,11/01/2023,Satisfactory,617136.0,,,2023/2359_230724.PDF,False,False
33450,Arbor Bank,NE,NEBRASKA CITY,Intermediate Small Bank Evaluation,10/01/2025,Satisfactory,616500.0,,,2025/33450_250602.PDF,False,False
35241,OPTUS Bank,SC,COLUMBIA,Intermediate Small Bank Evaluation,10/01/2025,Satisfactory,615384.0,,,2024/35241_241104.PDF,False,False
33823,Capital Community Bank,UT,PROVO,Strategic Plan Evaluation,06/01/2023,Satisfactory,615323.0,,,2023/33823_230109.PDF,False,False
20093,All America Bank,OK,OKLAHOMA CITY,Intermediate Small Bank Evaluation,10/01/2025,Satisfactory,612798.0,,,2025/20093_250602.PDF,False,False
15684,Border Bank,MN,GREENBUSH,Intermediate Small Bank Evaluation,10/01/2020,Satisfactory,612060.0,High Satisfactory,High Satisfactory,2020/15684_200601.PDF,False,False
35407,Yampa Valley Bank,CO,STEAMBOAT SPRINGS,Intermediate Small Bank Evaluation,10/01/2024,Satisfactory,611005.0,,,2024/35407_240603.PDF,False,False
34074,Capitol Bank,WI,MADISON,Intermediate Small Bank Evaluation,04/01/2025,Satisfactory,609975.0,,,2024/34074_241202.PDF,False,False
4042,Legacy Bank,OK,HINTON,Intermediate Small Bank Evaluation,03/01/2024,Satisfactory,608769.0,,,2023/4042_230807.PDF,False,False
29995,Phoenixville Federal Bank and Trust,PA,PHOENIXVILLE,Intermediate Small Bank Evaluation,10/01/2023,Satisfactory,606821.0,,,2023/29995_230614.PDF,False,False
35276,Freedom Bank of Southern Missouri,MO,CASSVILLE,Intermediate Small Bank Evaluation,02/01/2024,Satisfactory,606499.0,,,2023/35276_230911.PDF,False,False
29056,First Federal Savings Bank,IN,EVANSVILLE,Intermediate Small Bank Evaluation,11/01/2025,Satisfactory,605103.0,,,2025/29056_250527.PDF,False,False
5685,Southeastern Bank,GA,DARIEN,Intermediate Small Bank Evaluation,11/01/2024,Satisfactory,603995.0,,,2024/5685_240506.PDF,False,False
57465,First Commerce Bank,TN,LEWISBURG,Intermediate Small Bank Evaluation,01/01/2024,Satisfactory,603655.0,,,2023/57465_230831.PDF,False,False
22205,Barwick Banking Company,GA,BARWICK,Intermediate Small Bank Evaluation,12/01/2025,Satisfactory,603254.0,,,2025/22205_250527.PDF,False,False
34313,Eaglemark Savings Bank,NV,RENO,Limited Purpose Evaluation,01/01/2025,Satisfactory,602957.0,,,2024/34313_240624.PDF,False,False
17563,Palmetto State Bank,SC,HAMPTON,Intermediate Small Bank Evaluation,05/01/2024,Satisfactory,602537.0,,,2023/17563_231016.PDF,False,False
14276,"First Bank, Upper Michigan",MI,GLADSTONE,Intermediate Small Bank Evaluation,11/01/2024,Satisfactory,602528.0,,,2024/14276_240429.PDF,False,False
10998,FM Bank,MN,WASECA,Intermediate Small Bank Evaluation,08/01/2024,Satisfactory,602428.0,,,2024/10998_240319.PDF,False,False
17145,Heritage Bank,NE,WOOD RIVER,Intermediate Small Bank Evaluation,02/01/2024,Satisfactory,601666.0,,,2023/17145_230918.PDF,False,False
12514,Ixonia Bank,WI,IXONIA,Intermediate Small Bank Evaluation,01/01/2023,Satisfactory,601094.0,,,2022/12514_220906.PDF,False,False
15444,American State Bank & Trust Company of Williston,ND,WILLISTON,Intermediate Small Bank Evaluation,02/01/2025,Satisfactory,601075.0,,,2024/15444_240930.PDF,False,False
57252,First Chatham Bank,GA,SAVANNAH,Intermediate Small Bank Evaluation,07/01/2022,Satisfactory,600341.0,High Satisfactory,High Satisfactory,2022/57252_220118.PDF,False,False
1655,The Bank of Old Monroe,MO,OLD MONROE,Intermediate Small Bank Evaluation,06/01/2023,Satisfactory,600234.0,,,2023/1655_230214.PDF,False,False
33009,County Bank,DE,REHOBOTH BEACH,Intermediate Small Bank Evaluation,10/01/2023,Satisfactory,599576.0,,,2023/33009_230522.PDF,False,False
20198,South Georgia Banking Company,GA,OMEGA,Intermediate Small Bank Evaluation,02/01/2024,Satisfactory,598802.0,,,2023/20198_230828.PDF,False,False
9536,Community State Bank,WI,UNION GROVE,Intermediate Small Bank Evaluation,07/01/2024,Satisfactory,598086.0,,,2024/9536_240220.PDF,False,False
57162,Main Street Bank Corp.,WV,WHEELING,Intermediate Small Bank Evaluation,05/01/2024,Satisfactory,597342.0,,,2023/57162_231016.PDF,False,False
59114,CommerceOne Bank,AL,BIRMINGHAM,Intermediate Small Bank Evaluation,12/01/2023,Satisfactory,596924.0,,,2023/59114_230719.PDF,False,False
14029,First Liberty Bank,OK,OKLAHOMA CITY,Intermediate Small Bank Evaluation,11/01/2023,Satisfactory,595576.0,,,2023/14029_230717.PDF,False,False
8421,Susquehanna Community Bank,PA,WEST MILTON,Intermediate Small Bank Evaluation,06/01/2025,Satisfactory,595525.0,,,2025/8421_250121.PDF,False,False
57131,Beach Bank,FL,FORT WALTON BEACH,Intermediate Small Bank Evaluation,02/01/2022,Satisfactory,595213.0,High Satisfactory,High Satisfactory,2021/57131_210817.PDF,False,False
35513,Community Bank of Pickens County,GA,JASPER,Intermediate Small Bank Evaluation,03/01/2026,Satisfactory,595140.0,,,2025/35513_251016.PDF,False,False
29227,Washington Savings Bank,IL,EFFINGHAM,Intermediate Small Bank Evaluation,03/01/2024,Satisfactory,594304.0,,,2023/29227_231016.PDF,False,False
18748,Bruning Bank,NE,BRUNING,Intermediate Small Bank Evaluation,05/01/2024,Satisfactory,593580.0,,,2024/18748_240116.PDF,False,False
3195,Fayetteville Bank,TX,FAYETTEVILLE,Intermediate Small Bank Evaluation,12/01/2023,Satisfactory,593312.0,,,2023/3195_230731.PDF,False,False
18592,First Bank of Owasso,OK,OWASSO,Intermediate Small Bank Evaluation,01/01/2026,Satisfactory,592811.0,,,2025/18592_250902.PDF,False,False
26411,Haverhill Bank,MA,HAVERHILL,Intermediate Small Bank Evaluation,08/01/2024,Satisfactory,591732.0,,,2024/26411_240117.PDF,False,False
34627,Community First Bank,WA,KENNEWICK,Intermediate Small Bank Evaluation,11/01/2024,Satisfactory,591543.0,,,2024/34627_240701.PDF,False,False
27686,Slovenian Savings and Loan Association of Canonsburg,PA,STRABANE,Intermediate Small Bank Evaluation,02/01/2025,Satisfactory,591361.0,,,2024/27686_240812.PDF,False,False
17320,Peoples Bank & Trust,IL,PANA,Intermediate Small Bank Evaluation,01/01/2026,Satisfactory,591283.0,,,2025/17320_250804.PDF,False,False
21121,The Western State Bank,KS,GARDEN CITY,Intermediate Small Bank Evaluation,08/01/2023,Satisfactory,591078.0,,,2023/21121_230222.PDF,False,False
14633,Community Savings Bank,IA,EDGEWOOD,Intermediate Small Bank Evaluation,10/01/2024,Satisfactory,587961.0,,,2024/14633_240506.PDF,False,False
15489,West Plains Bank and Trust Company,MO,WEST PLAINS,Intermediate Small Bank Evaluation,06/01/2023,Satisfactory,587491.0,,,2023/15489_230206.PDF,False,False
11559,First State Bank and Trust Company,TX,CARTHAGE,Intermediate Small Bank Evaluation,11/01/2024,Satisfactory,587323.0,,,2024/11559_240520.PDF,False,False
29771,"KS Bank, Inc.",NC,SMITHFIELD,Intermediate Small Bank Evaluation,02/01/2024,Satisfactory,586583.0,,,2023/29771_230918.PDF,False,False
7586,The Luzerne Bank,PA,LUZERNE,Intermediate Small Bank Evaluation,06/01/2022,Satisfactory,586199.0,High Satisfactory,High Satisfactory,2021/7586_211213.PDF,False,False
8063,The North Salem State Bank,IN,NORTH SALEM,Intermediate Small Bank Evaluation,02/01/2024,Satisfactory,585259.0,,,2023/8063_230310.PDF,False,False
15496,First State Bank of Blakely,GA,BLAKELY,Intermediate Small Bank Evaluation,03/01/2024,Satisfactory,585256.0,,,2023/15496_230925.PDF,False,False
8813,"Provident State Bank, Inc.",MD,PRESTON,Intermediate Small Bank Evaluation,05/01/2022,Satisfactory,584950.0,High Satisfactory,High Satisfactory,2021/8813_211116.PDF,False,False
14507,"CNB Bank, Inc.",WV,BERKELEY SPRINGS,Intermediate Small Bank Evaluation,09/01/2023,Satisfactory,584852.0,,,2023/14507_230424.PDF,False,False
5907,First Bank,MS,MCCOMB,Intermediate Small Bank Evaluation,12/01/2023,Satisfactory,583655.0,,,2023/5907_230608.PDF,False,False
5072,Range Bank,MI,MARQUETTE,Intermediate Small Bank Evaluation,12/01/2025,Satisfactory,583116.0,,,2025/5072_250630.PDF,False,False
16539,Metairie Bank & Trust Company,LA,METAIRIE,Intermediate Small Bank Evaluation,10/01/2023,Satisfactory,583062.0,,,2023/16539_230515.PDF,False,False
90146,Athol Savings Bank,MA,ATHOL,Intermediate Small Bank Evaluation,11/01/2023,Satisfactory,582843.0,,,2023/90146_230426.PDF,False,False
11306,FNBC Bank & Trust,IL,LA GRANGE,Intermediate Small Bank Evaluation,09/01/2024,Satisfactory,582404.0,,,2024/11306_240325.PDF,False,False
16101,The Milford Bank,CT,MILFORD,Intermediate Small Bank Evaluation,07/01/2023,Satisfactory,582358.0,,,2022/16101_220810.PDF,False,False
19396,Unison Bank,ND,JAMESTOWN,Intermediate Small Bank Evaluation,05/01/2024,Satisfactory,580594.0,,,2023/19396_231106.PDF,False,False
21784,First Port City Bank,GA,BAINBRIDGE,Intermediate Small Bank Evaluation,01/01/2026,Satisfactory,580559.0,,,2025/21784_250825.PDF,False,False
58095,Idaho First Bank,ID,MCCALL,Intermediate Small Bank Evaluation,10/01/2023,Satisfactory,579738.0,,,2023/58095_230508.PDF,False,False
1700,First Century Bank,TN,TAZEWELL,Intermediate Small Bank Evaluation,11/01/2023,Satisfactory,579519.0,,,2023/1700_230620.PDF,False,False
33859,Catskill Hudson Bank,NY,MONTICELLO,Intermediate Small Bank Evaluation,06/01/2022,Satisfactory,579117.0,High Satisfactory,High Satisfactory,2022/33859_220118.PDF,False,False
58692,Intracoastal Bank,FL,PALM COAST,Intermediate Small Bank Evaluation,03/01/2026,Satisfactory,578418.0,,,2025/58692_251027.PDF,False,False
57127,Guardian Bank,GA,VALDOSTA,Intermediate Small Bank Evaluation,03/01/2026,Satisfactory,576762.0,,,2025/57127_251103.PDF,False,False
24922,Grand Valley Bank,UT,HEBER CITY,Intermediate Small Bank Evaluation,02/01/2024,Satisfactory,576581.0,,,2023/24922_231024.PDF,False,False
12936,Steuben Trust Company,NY,HORNELL,Intermediate Small Bank Evaluation,04/01/2020,Satisfactory,575985.0,Outstanding,High Satisfactory,2019/12936_191202.PDF,False,False
17348,South Story Bank & Trust,IA,SLATER,Intermediate Small Bank Evaluation,07/01/2025,Satisfactory,574716.0,,,2025/17348_250317.PDF,False,False
58574,Regal Bank,NJ,LIVINGSTON,Intermediate Small Bank Evaluation,07/01/2022,Satisfactory,572672.0,High Satisfactory,High Satisfactory,2022/58574_220228.PDF,False,False
18584,Commercial Bank,MI,ITHACA,Intermediate Small Bank Evaluation,02/01/2025,Satisfactory,572263.0,,,2024/18584_240916.PDF,False,False
57101,Mission Valley Bank,CA,SUN VALLEY,Strategic Plan Evaluation,04/01/2024,Satisfactory,572100.0,,,2023/57101_240321.PDF,False,False
8232,Bank of Holly Springs,MS,HOLLY SPRINGS,Intermediate Small Bank Evaluation,02/01/2026,Satisfactory,572064.0,,,2025/8232_250804.PDF,False,False
444,PS Bank,PA,WYALUSING,Intermediate Small Bank Evaluation,05/01/2025,Satisfactory,570525.0,,,2024/444_241118.PDF,False,False
34259,Crown Bank,NJ,ELIZABETH,Intermediate Small Bank Evaluation,06/01/2023,Outstanding,569908.0,,,2023/34259_230124.PDF,False,False
35221,Freedom Bank,IN,HUNTINGBURG,Intermediate Small Bank Evaluation,09/01/2025,Satisfactory,569113.0,,,2025/35221_250527.PDF,False,False
11952,"The Poca Valley Bank, Inc.",WV,WALTON,Intermediate Small Bank Evaluation,11/01/2024,Satisfactory,568336.0,,,2024/11952_240507.PDF,False,False
15321,First State Bank,IA,WEBSTER CITY,Intermediate Small Bank Evaluation,02/01/2024,Satisfactory,567346.0,,,2023/15321_231023.PDF,False,False
12241,Washington County Bank,NE,BLAIR,Intermediate Small Bank Evaluation,08/01/2023,Satisfactory,566518.0,,,2023/12241_230410.PDF,False,False
8200,Citizens Bank Minnesota,MN,NEW ULM,Intermediate Small Bank Evaluation,04/01/2025,Satisfactory,565982.0,,,2024/8200_241202.PDF,False,False
57124,First Community Bank of Central Alabama,AL,WETUMPKA,Intermediate Small Bank Evaluation,03/01/2024,Satisfactory,565938.0,,,2023/57124_231002.PDF,False,False
10685,Mifflinburg Bank and Trust Company,PA,MIFFLINBURG,Intermediate Small Bank Evaluation,01/01/2025,Satisfactory,565869.0,,,2024/10685_240826.PDF,False,False
26564,Delta Bank,LA,VIDALIA,Intermediate Small Bank Evaluation,03/01/2024,Satisfactory,565665.0,,,2023/26564_231016.PDF,False,False
8576,The Maries County Bank,MO,VIENNA,Intermediate Small Bank Evaluation,07/01/2023,Satisfactory,565347.0,,,2023/8576_230213.PDF,False,False
1143,Bank of Blue Valley,KS,MERRIAM,Intermediate Small Bank Evaluation,10/01/2019,Satisfactory,564833.0,High Satisfactory,High Satisfactory,2019/01143_190603.PDF,False,False
15871,The Peoples Bank,MS,RIPLEY,Intermediate Small Bank Evaluation,04/01/2026,Satisfactory,563936.0,,,2025/15871_251103.PDF,False,False
34973,Peoples Savings Bank,IA,INDIANOLA,Intermediate Small Bank Evaluation,08/01/2025,Satisfactory,563800.0,,,2025/34973_250407.PDF,False,False
21952,Countryside Bank,IL,COUNTRYSIDE,Large Bank Evaluation,11/01/2018,Satisfactory,563720.0,High Satisfactory,High Satisfactory,2018/21952_180416.PDF,False,False
17445,Community Bank,OR,JOSEPH,Intermediate Small Bank Evaluation,02/01/2022,Satisfactory,563467.0,High Satisfactory,High Satisfactory,2021/17445_211004.PDF,False,False
4619,Exchange Bank & Trust,KS,ATCHISON,Intermediate Small Bank Evaluation,05/01/2025,Satisfactory,562872.0,,,2025/4619_250113.PDF,False,False
58654,Gold Coast Bank,NY,ISLANDIA,Intermediate Small Bank Evaluation,10/01/2019,Satisfactory,562523.0,High Satisfactory,High Satisfactory,2019/58654_190614.PDF,False,False
31028,HomeTown  Bank,MN,REDWOOD FALLS,Intermediate Small Bank Evaluation,02/01/2024,Satisfactory,561867.0,,,2023/31028_231023.PDF,False,False
445,Mercer County State Bank,PA,SANDY LAKE,Intermediate Small Bank Evaluation,09/01/2024,Satisfactory,560933.0,,,2024/445_280408.PDF,False,False
35257,Union Community Bank,PA,MOUNT JOY,Intermediate Small Bank Evaluation,11/01/2018,Satisfactory,560249.0,High Satisfactory,High Satisfactory,2018/35257_180716.PDF,False,False
17431,Stone Bank,AR,MOUNTAIN VIEW,Intermediate Small Bank Evaluation,02/01/2021,Satisfactory,560085.0,High Satisfactory,High Satisfactory,2020/17431_200928.PDF,False,False
10903,Central State Bank,IA,STATE CENTER,Intermediate Small Bank Evaluation,04/01/2025,Satisfactory,559677.0,,,2024/10903_241113.PDF,False,False
29800,Lisle Savings Bank,IL,LISLE,Intermediate Small Bank Evaluation,04/01/2024,Satisfactory,559422.0,,,2023/29800_231113.PDF,False,False
17453,Apple River State Bank,IL,APPLE RIVER,Intermediate Small Bank Evaluation,10/01/2024,Satisfactory,557918.0,,,2024/17453_240429.PDF,False,False
13305,The New Washington State Bank,IN,NEW WASHINGTON,Intermediate Small Bank Evaluation,03/01/2025,Satisfactory,556960.0,,,2024/13305_240930.PDF,False,False
18038,Claremont Savings Bank,NH,CLAREMONT,Intermediate Small Bank Evaluation,05/01/2024,Satisfactory,555533.0,,,2023/18038_231127.PDF,False,False
29332,First Southern Bank,AL,FLORENCE,Intermediate Small Bank Evaluation,11/01/2023,Satisfactory,554384.0,,,2023/29332_230531.PDF,False,False
57298,1st Bank Yuma,AZ,YUMA,Intermediate Small Bank Evaluation,12/01/2022,Outstanding,553701.0,,,2022/57298_220801.PDF,False,False
12017,RSI BANK,NJ,RAHWAY,Intermediate Small Bank Evaluation,09/01/2020,Satisfactory,553265.0,Outstanding,High Satisfactory,2020/12017_200316.PDF,False,False
18361,Coulee Bank,WI,LA CROSSE,Intermediate Small Bank Evaluation,08/01/2025,Satisfactory,553149.0,,,2025/18361_250310.PDF,False,False
14869,Platte Valley Bank of Missouri,MO,PLATTE CITY,Intermediate Small Bank Evaluation,07/01/2018,Satisfactory,552095.0,High Satisfactory,High Satisfactory,2018/14869_180312.PDF,False,False
17639,RVR Bank,NE,FREMONT,Intermediate Small Bank Evaluation,01/01/2026,Satisfactory,551383.0,,,2025/17639_250728.PDF,False,False
57610,Redwood Capital Bank,CA,EUREKA,Intermediate Small Bank Evaluation,07/01/2023,Satisfactory,551130.0,,,2023/57610_230601.PDF,False,False
12219,"First State Bank of St. Charles, Missouri",MO,ST. CHARLES,Intermediate Small Bank Evaluation,01/01/2025,Satisfactory,549922.0,,,2024/12219_240722.PDF,False,False
21247,"First Kentucky Bank, Inc.",KY,MAYFIELD,Intermediate Small Bank Evaluation,07/01/2023,Satisfactory,549531.0,,,2023/21247_230308.PDF,False,False
1852,First Security Bank and Trust Company,IA,CHARLES CITY,Intermediate Small Bank Evaluation,11/01/2025,Satisfactory,549339.0,,,2025/1852_250811.PDF,False,False
13240,Denmark State Bank,WI,DENMARK,Intermediate Small Bank Evaluation,10/01/2020,Satisfactory,547481.0,High Satisfactory,High Satisfactory,2020/13240_200504.PDF,False,False
193,The Heritage Bank,GA,HINESVILLE,Intermediate Small Bank Evaluation,05/01/2018,Satisfactory,546780.0,High Satisfactory,High Satisfactory,2018/00193_180116.PDF,False,False
30464,Huntingdon Valley Bank,PA,HUNTINGDON VALLEY,Intermediate Small Bank Evaluation,02/01/2022,Satisfactory,546531.0,High Satisfactory,High Satisfactory,2021/30464_210823.PDF,False,False
18431,First Bank Kansas,KS,SALINA,Intermediate Small Bank Evaluation,09/01/2024,Satisfactory,545787.0,,,2024/18431_240402.PDF,False,False
20179,First Independence Bank,MI,DETROIT,Intermediate Small Bank Evaluation,11/01/2023,Satisfactory,545679.0,,,2023/20179_230523.PDF,False,False
20268,Scale Bank,MN,EDINA,Strategic Plan Evaluation,05/01/2025,Satisfactory,545668.0,,,2025/20268_250113.PDF,False,False
15969,Rondout Savings Bank,NY,KINGSTON,Intermediate Small Bank Evaluation,02/01/2025,Satisfactory,545068.0,,,2024/15969_240909.PDF,False,False
8785,Peoples Exchange Bank,KY,WINCHESTER,Intermediate Small Bank Evaluation,08/01/2024,Satisfactory,544878.0,,,2024/8785_240311.PDF,False,False
59185,Gulf Capital Bank,TX,HOUSTON,Intermediate Small Bank Evaluation,03/01/2025,Satisfactory,544422.0,,,2024/59185_241118.PDF,False,False
25291,Bank of the Valley,NE,BELLWOOD,Intermediate Small Bank Evaluation,05/01/2026,Satisfactory,544190.0,,,2025/25291_260106.PDF,False,False
29839,Crossroads Bank,IN,WABASH,Intermediate Small Bank Evaluation,05/01/2024,Satisfactory,543624.0,,,2023/29839_231024.PDF,False,False
34150,First United Bank and Trust Company,KY,MADISONVILLE,Intermediate Small Bank Evaluation,10/01/2023,Satisfactory,543542.0,,,2023/34150_230530.PDF,False,False
11407,Highpoint Community Bank,MI,HASTINGS,Intermediate Small Bank Evaluation,02/01/2024,Satisfactory,543414.0,,,2023/11407_231002.PDF,False,False
12285,Cattlemens Bank,OK,ALTUS,Intermediate Small Bank Evaluation,12/01/2025,Satisfactory,543271.0,,,2025/12285_250721.PDF,False,False
27503,The Berkshire Bank,NY,NEW YORK,Intermediate Small Bank Evaluation,08/01/2026,Needs to Improve,542277.0,,,2026/27503_260504.PDF,False,False
30022,Millington Bank,NJ,MILLINGTON,Intermediate Small Bank Evaluation,03/01/2018,Satisfactory,541746.0,High Satisfactory,High Satisfactory,2017/30022_170905.PDF,False,False
27678,"First Federal Community Bank, SSB",TX,PARIS,Intermediate Small Bank Evaluation,11/01/2023,Satisfactory,541477.0,,,2023/27678_230626.PDF,False,False
8321,Stockmens Bank,CO,COLORADO SPRINGS,Intermediate Small Bank Evaluation,02/01/2026,Satisfactory,541445.0,,,2024/8321_240318.PDF,False,False
57540,The Hometown Bank of Alabama,AL,ONEONTA,Intermediate Small Bank Evaluation,11/01/2023,Satisfactory,539856.0,,,2023/57540_230424.PDF,False,False
12616,Legends Bank,MO,LINN,Intermediate Small Bank Evaluation,02/01/2025,Satisfactory,539499.0,,,2024/12616_240903.PDF,False,False
58345,Marquis Bank,FL,CORAL GABLES,Intermediate Small Bank Evaluation,07/01/2018,Satisfactory,539184.0,High Satisfactory,High Satisfactory,2018/58345_180326.PDF,False,False
9099,South Ottumwa Savings Bank,IA,OTTUMWA,Intermediate Small Bank Evaluation,04/01/2025,Satisfactory,537201.0,,,2024/9099_241202.PDF,False,False
30260,Cross County Savings Bank,NY,MIDDLE VILLAGE,Intermediate Small Bank Evaluation,08/01/2025,Satisfactory,536300.0,,,2025/30260_250331.PDF,False,False
8853,Glenwood State Bank (Incorporated),MN,GLENWOOD,Intermediate Small Bank Evaluation,08/01/2024,Satisfactory,536260.0,,,2024/8853_240122.PDF,False,False
5295,PremierBank,WI,FORT ATKINSON,Intermediate Small Bank Evaluation,04/01/2024,Satisfactory,535606.0,,,2023/5295_231127.PDF,False,False
21978,Frontier State Bank,OK,OKLAHOMA CITY,Intermediate Small Bank Evaluation,07/01/2025,Satisfactory,535539.0,,,2025/21978_250303.PDF,False,False
18841,Phelps County Bank,MO,ROLLA,Intermediate Small Bank Evaluation,11/01/2025,Satisfactory,535093.0,,,2025/18841_250602.PDF,False,False
18385,Regional Missouri Bank,MO,MARCELINE,Intermediate Small Bank Evaluation,05/01/2025,Satisfactory,534632.0,,,2025/18385_250121.PDF,False,False
14334,United Bank of Union,MO,UNION,Intermediate Small Bank Evaluation,06/01/2024,Satisfactory,534357.0,,,2024/14334_240205.PDF,False,False
58114,Bank of Belleville,IL,BELLEVILLE,Intermediate Small Bank Evaluation,06/01/2026,Satisfactory,533808.0,,,2025/58114_251209.PDF,False,False
13216,The Savings Bank,OH,CIRCLEVILLE,Intermediate Small Bank Evaluation,07/01/2023,Satisfactory,533770.0,,,2023/13216_230307.PDF,False,False
35138,Millennium Bank,TN,OOLTEWAH,Intermediate Small Bank Evaluation,02/01/2024,Satisfactory,531367.0,,,2023/35138_231016.PDF,False,False
59188,Triad Business Bank,NC,GREENSBORO,Intermediate Small Bank Evaluation,01/01/2026,Satisfactory,531327.0,,,2025/59188_250922.PDF,False,False
25795,Peoples Bank & Trust,GA,BUFORD,Intermediate Small Bank Evaluation,10/01/2023,Satisfactory,530321.0,,,2023/25795_230501.PDF,False,False
5885,The Farmers Bank of Willards,MD,WILLARDS,Intermediate Small Bank Evaluation,10/01/2023,Satisfactory,529421.0,,,2023/5885_230508.PDF,False,False
11448,Century Bank,MS,LUCEDALE,Intermediate Small Bank Evaluation,05/01/2025,Satisfactory,528949.0,,,2024/11448_241118.PDF,False,False
15271,First State Bank,WI,NEW LONDON,Intermediate Small Bank Evaluation,02/01/2025,Satisfactory,528806.0,,,2024/15271_240828.PDF,False,False
18626,Norstates Bank,IL,WAUKEGAN,Intermediate Small Bank Evaluation,11/01/2018,Satisfactory,528734.0,High Satisfactory,High Satisfactory,2018/18626_180507.PDF,False,False
34899,First Citrus Bank,FL,TAMPA,Intermediate Small Bank Evaluation,06/01/2021,Satisfactory,528634.0,High Satisfactory,High Satisfactory,2021/34899_210208.PDF,False,False
24332,First Credit Bank,CA,LOS ANGELES,Intermediate Small Bank Evaluation,12/01/2025,Satisfactory,526240.0,,,2025/24332_250811.PDF,False,False
9322,Cross Keys Bank,LA,SAINT JOSEPH,Intermediate Small Bank Evaluation,10/01/2023,Satisfactory,525085.0,,,2023/9322_230221.PDF,False,False
12166,West Point Bank,KY,RADCLIFF,Intermediate Small Bank Evaluation,08/01/2025,Satisfactory,525049.0,,,2025/12166_250317.PDF,False,False
8386,KodaBank,ND,DRAYTON,Intermediate Small Bank Evaluation,09/01/2025,Satisfactory,524745.0,,,2025/8386_250505.PDF,False,False
18400,Iowa Trust & Savings Bank,IA,EMMETSBURG,Intermediate Small Bank Evaluation,04/01/2026,Satisfactory,524127.0,,,2025/18400_251203.PDF,False,False
22015,Andrew Johnson Bank,TN,GREENEVILLE,Intermediate Small Bank Evaluation,05/01/2023,Satisfactory,522260.0,,,2023/22015_230125.PDF,False,False
11623,The Greenwood's State Bank,WI,LAKE MILLS,Intermediate Small Bank Evaluation,05/01/2023,Satisfactory,521999.0,,,2023/11623_230109.PDF,False,False
9047,Citizens State Bank,IA,MONTICELLO,Intermediate Small Bank Evaluation,07/01/2024,Satisfactory,521769.0,,,2024/9047_240220.PDF,False,False
26530,Denali State Bank,AK,FAIRBANKS,Intermediate Small Bank Evaluation,11/01/2025,Satisfactory,521505.0,,,2025/26530_250616.PDF,False,False
14492,HomeBank,MO,PALMYRA,Intermediate Small Bank Evaluation,04/01/2024,Satisfactory,520412.0,,,2023/14492_230320.PDF,False,False
31236,Hearthside Bank Corporation,KY,MIDDLESBORO,Intermediate Small Bank Evaluation,10/01/2024,Satisfactory,519818.0,,,2024/31236_240603.PDF,False,False
58371,Hyperion Bank,PA,PHILADELPHIA,Intermediate Small Bank Evaluation,05/01/2026,Satisfactory,519508.0,,,2025/58371_251209.PDF,False,False
57741,First Southwest Bank,CO,ALAMOSA,Intermediate Small Bank Evaluation,09/01/2023,Satisfactory,518898.0,,,2023/57741_230508.PDF,False,False
58401,Mega Bank,CA,SAN GABRIEL,Intermediate Small Bank Evaluation,05/01/2025,Needs to Improve,517535.0,,,2025/58401_250121.PDF,False,False
8387,BankNorth,ND,ARTHUR,Intermediate Small Bank Evaluation,08/01/2023,Satisfactory,517311.0,,,2023/8387_230501.PDF,False,False
11228,First Citizens State Bank,WI,WHITEWATER,Intermediate Small Bank Evaluation,11/01/2025,Satisfactory,515908.0,,,2025/11228_250707.PDF,False,False
26922,The Cooperative Bank,MA,ROSLINDALE,Intermediate Small Bank Evaluation,07/01/2023,Satisfactory,515880.0,,,2023/26922_230131.PDF,False,False
15443,Lake Elmo Bank,MN,LAKE ELMO,Intermediate Small Bank Evaluation,08/01/2025,Satisfactory,515771.0,,,2025/15443_250403.PDF,False,False
35223,First Secure Community Bank,IL,SUGAR GROVE,Intermediate Small Bank Evaluation,08/01/2025,Satisfactory,515404.0,,,2025/35223_250218.PDF,False,False
9319,Merchants & Farmers Bank & Trust Company,LA,LEESVILLE,Intermediate Small Bank Evaluation,07/01/2025,Satisfactory,515017.0,,,2024/9319_241105.PDF,False,False
90311,Bay State Savings Bank,MA,WORCESTER,Intermediate Small Bank Evaluation,10/01/2023,Satisfactory,514816.0,,,2023/90311_230320.PDF,False,False
7910,Mars Bank,PA,MARS,Intermediate Small Bank Evaluation,02/01/2023,Satisfactory,514573.0,,,2022/7910_220919.PDF,False,False
10608,UNICO Bank,MO,MINERAL POINT,Intermediate Small Bank Evaluation,04/01/2026,Satisfactory,514028.0,,,2025/10608_250929.PDF,False,False
16332,First State Bank and Trust,IL,MONTICELLO,Intermediate Small Bank Evaluation,02/01/2026,Satisfactory,513967.0,,,2025/16332_250929.PDF,False,False
15734,Security Savings Bank,SD,CANTON,Intermediate Small Bank Evaluation,04/01/2025,Satisfactory,513608.0,,,2024/15734_241118.PDF,False,False
9719,Oxford Bank,MI,OXFORD,Intermediate Small Bank Evaluation,09/01/2020,Satisfactory,513484.0,High Satisfactory,High Satisfactory,2020/09719_200309.PDF,False,False
11482,Homestead Bank,NE,COZAD,Intermediate Small Bank Evaluation,06/01/2024,Satisfactory,512713.0,,,2024/11482_240226.PDF,False,False
14801,First State Bank & Trust,ND,WILLISTON,Intermediate Small Bank Evaluation,02/01/2025,Satisfactory,512401.0,,,2024/14801_240930.PDF,False,False
5216,American Bank of the North,MN,NASHWAUK,Intermediate Small Bank Evaluation,11/01/2019,Satisfactory,512237.0,High Satisfactory,High Satisfactory,2019/05216_190722.PDF,False,False
26575,Coastal Heritage Bank,MA,WEYMOUTH,Intermediate Small Bank Evaluation,08/01/2018,Satisfactory,511852.0,High Satisfactory,High Satisfactory,2018/26575_180205.PDF,False,False
57301,"United Community Bank of West Kentucky, Inc.",KY,MORGANFIELD,Intermediate Small Bank Evaluation,07/01/2026,Satisfactory,511664.0,,,2025/57301_260105.PDF,False,False
21227,CBBC Bank,TN,MARYVILLE,Intermediate Small Bank Evaluation,09/01/2025,Satisfactory,510787.0,,,2025/21227_250527.PDF,False,False
5835,The First State Bank,KS,NORTON,Intermediate Small Bank Evaluation,04/01/2026,Satisfactory,510631.0,,,2025/5835_251208.PDF,False,False
33645,Lee Bank,MA,LEE,Intermediate Small Bank Evaluation,05/01/2023,Satisfactory,509222.0,,,2022/33645_221024.PDF,False,False
22282,First Nations Bank,IL,CHICAGO,Intermediate Small Bank Evaluation,01/01/2024,Satisfactory,508851.0,,,2023/22282_230911.PDF,False,False
33753,Citizens Community Bank,IL,MASCOUTAH,Intermediate Small Bank Evaluation,09/01/2025,Satisfactory,507887.0,,,2025/33753_250421.PDF,False,False
58691,BlueHarbor Bank,NC,MOORESVILLE,Intermediate Small Bank Evaluation,08/01/2025,Satisfactory,507232.0,,,2025/58691_250407.PDF,False,False
17068,Labette Bank,KS,ALTAMONT,Intermediate Small Bank Evaluation,02/01/2025,Satisfactory,506117.0,,,2024/17068_241015.PDF,False,False
58852,Liberty Capital Bank,TX,ADDISON,Intermediate Small Bank Evaluation,12/01/2025,Satisfactory,505291.0,,,2025/58852_250818.PDF,False,False
33999,The Simsbury Bank & Trust Company,CT,SIMSBURY,Intermediate Small Bank Evaluation,07/01/2018,Satisfactory,504081.0,High Satisfactory,High Satisfactory,2018/33999_180124.PDF,False,False
5635,CS Bank,AR,EUREKA SPRINGS,Intermediate Small Bank Evaluation,03/01/2023,Satisfactory,504000.0,,,2022/5635_220901.PDF,False,False
1484,Bank of Frankewing,TN,FRANKEWING,Intermediate Small Bank Evaluation,12/01/2025,Satisfactory,502997.0,,,2025/1484_250714.PDF,False,False
57740,Pacific Valley Bank,CA,SALINAS,Intermediate Small Bank Evaluation,05/01/2023,Satisfactory,502850.0,,,2022/57740_221205.PDF,False,False
34229,The Citizens Bank of Georgia,GA,CUMMING,Intermediate Small Bank Evaluation,01/01/2024,Satisfactory,502659.0,,,2023/34229_230731.PDF,False,False
12858,Farmers Trust and Savings Bank,IA,SPENCER,Intermediate Small Bank Evaluation,06/01/2023,Satisfactory,501975.0,,,2023/12858_230306.PDF,False,False
16249,Devon Bank,IL,CHICAGO,Intermediate Small Bank Evaluation,08/01/2025,Satisfactory,501427.0,,,2025/16249_250303.PDF,False,False
11934,Dominion Bank,TX,DALLAS,Intermediate Small Bank Evaluation,12/01/2023,Satisfactory,501239.0,,,2023/11934_230622.PDF,False,False
9997,Jefferson Security Bank,WV,SHEPHERDSTOWN,Intermediate Small Bank Evaluation,09/01/2024,Satisfactory,500613.0,,,2024/9997_240304.PDF,False,False
35406,BankVista,MN,SARTELL,Intermediate Small Bank Evaluation,11/01/2023,Satisfactory,498832.0,,,2023/35406_230717.PDF,False,False
3230,Grandview Bank,TX,GRANDVIEW,Intermediate Small Bank Evaluation,01/01/2024,Satisfactory,498088.0,,,2023/3230_230821.PDF,False,False
16689,Gibsland Bank & Trust Company,LA,GIBSLAND,Intermediate Small Bank Evaluation,11/01/2024,Satisfactory,497846.0,,,2024/16689_240513.PDF,False,False
28701,Ambler Savings Bank,PA,AMBLER,Intermediate Small Bank Evaluation,01/01/2025,Satisfactory,497799.0,,,2024/28701_240812.PDF,False,False
10641,Riverstone Bank,NE,EAGLE,Intermediate Small Bank Evaluation,05/01/2024,Satisfactory,497668.0,,,2023/10641_231211.PDF,False,False
20568,Lumbee Guaranty Bank,NC,PEMBROKE,Intermediate Small Bank Evaluation,07/01/2024,Satisfactory,497105.0,,,2024/20568_240102.PDF,False,False
35441,Four Corners Community Bank,NM,FARMINGTON,Intermediate Small Bank Evaluation,06/01/2024,Satisfactory,496477.0,,,2024/35441_240129.PDF,False,False
17262,Essex Savings Bank,CT,ESSEX,Intermediate Small Bank Evaluation,07/01/2024,Satisfactory,494072.0,,,2024/17262_240205.PDF,False,False
21083,United Mississippi Bank,MS,NATCHEZ,Intermediate Small Bank Evaluation,10/01/2025,Satisfactory,494004.0,,,2025/21083_250407.PDF,False,False
5568,Herring Bank,TX,AMARILLO,Intermediate Small Bank Evaluation,11/01/2024,Satisfactory,493111.0,,,2024/5568_240422.PDF,False,False
20353,Gulf Coast Bank,LA,ABBEVILLE,Intermediate Small Bank Evaluation,04/01/2025,Satisfactory,492851.0,,,2024/20353_241118.PDF,False,False
26703,"River City Bank, Inc.",KY,LOUISVILLE,Intermediate Small Bank Evaluation,06/01/2025,Satisfactory,492254.0,,,2025/26703_250212.PDF,False,False
16970,"Peoples Bank of  Kentucky, Inc.",KY,FLEMINGSBURG,Intermediate Small Bank Evaluation,02/01/2025,Satisfactory,492192.0,,,2024/16970_240805.PDF,False,False
16817,Citizens Bank,TX,KILGORE,Intermediate Small Bank Evaluation,09/01/2023,Satisfactory,492153.0,,,2023/16817_230410.PDF,False,False
34108,Pan American Bank & Trust,IL,MELROSE PARK,Intermediate Small Bank Evaluation,08/01/2024,Satisfactory,491496.0,,,2024/34108_240226.PDF,False,False
11741,Solutions Bank,IL,FORRESTON,Intermediate Small Bank Evaluation,09/01/2025,Satisfactory,491365.0,,,2025/11741_250421.PDF,False,False
28348,Belmont Savings Bank,OH,BELLAIRE,Intermediate Small Bank Evaluation,02/01/2025,Outstanding,491344.0,,,2024/28348_240813.PDF,False,False
17863,Sterling State Bank,MN,AUSTIN,Intermediate Small Bank Evaluation,08/01/2025,Satisfactory,491040.0,,,2025/17863_250331.PDF,False,False
20310,Rocky Mountain Bank,MT,BILLINGS,Intermediate Small Bank Evaluation,10/01/2019,Satisfactory,489135.0,High Satisfactory,Outstanding,2019/20310_190603.PDF,False,False
34116,First Bank,GA,DALTON,Intermediate Small Bank Evaluation,11/01/2021,Satisfactory,489132.0,High Satisfactory,Outstanding,2021/34116_210518.PDF,False,False
58502,Covenant Bank,PA,DOYLESTOWN,Intermediate Small Bank Evaluation,09/01/2019,Satisfactory,488761.0,High Satisfactory,High Satisfactory,2019/58502_190528.PDF,False,False
59154,Piermont Bank,NY,NEW YORK,Intermediate Small Bank Evaluation,11/01/2025,Satisfactory,488742.0,,,2025/59154_250505.PDF,False,False
58049,"Eclipse Bank, Inc.",KY,LOUISVILLE,Intermediate Small Bank Evaluation,12/01/2025,Satisfactory,488274.0,,,2025/58049_250804.PDF,False,False
15799,Premier Community Bank,WI,MARION,Intermediate Small Bank Evaluation,04/01/2024,Satisfactory,488212.0,,,2023/15799_231204.PDF,False,False
1900,First Independent Bank,MN,RUSSELL,Intermediate Small Bank Evaluation,03/01/2024,Satisfactory,485430.0,,,2023/1900_231113.PDF,False,False
58184,Merchants Commercial Bank,VI,ST THOMAS,Intermediate Small Bank Evaluation,01/01/2025,Satisfactory,484557.0,,,2024/58184_240910.PDF,False,False
58580,BlackRidgeBANK,ND,FARGO,Intermediate Small Bank Evaluation,06/01/2020,Satisfactory,484305.0,High Satisfactory,High Satisfactory,2020/58580_200121.PDF,False,False
12258,Southwest Capital Bank,NM,ALBUQUERQUE,Intermediate Small Bank Evaluation,06/01/2025,Satisfactory,484231.0,,,2025/12258_250121.PDF,False,False
5015,Century Bank and Trust,MI,COLDWATER,Intermediate Small Bank Evaluation,12/01/2025,Satisfactory,483347.0,,,2025/5015_250721.PDF,False,False
58464,Capital Bank of New Jersey,NJ,VINELAND,Intermediate Small Bank Evaluation,12/01/2018,Outstanding,483138.0,High Satisfactory,Outstanding,2018/58464_180716.PDF,False,False
9137,Osgood Bank,OH,OSGOOD,Intermediate Small Bank Evaluation,02/01/2026,Satisfactory,483134.0,,,2025/9137_250930.PDF,False,False
59144,Ohio State Bank,OH,BEXLEY,Intermediate Small Bank Evaluation,08/01/2026,Needs to Improve,482811.0,,,2026/59144_260420.PDF,False,False
14445,Farmers and Merchants Union Bank,WI,COLUMBUS,Intermediate Small Bank Evaluation,06/01/2024,Satisfactory,481951.0,,,2024/14445_240122.PDF,False,False
10011,Woodford State Bank,WI,MONROE,Intermediate Small Bank Evaluation,02/01/2026,Satisfactory,481392.0,,,2025/10011_251006.PDF,False,False
58511,Platinum Bank,MN,OAKDALE,Intermediate Small Bank Evaluation,06/01/2023,Satisfactory,479568.0,,,2023/58511_230214.PDF,False,False
24961,International Bank of Commerce,TX,ZAPATA,Intermediate Small Bank Evaluation,01/01/2025,Satisfactory,479542.0,,,2024/24961_240624.PDF,False,False
17736,The Hometown Savings Bank,IN,TERRE HAUTE,Intermediate Small Bank Evaluation,02/01/2026,Satisfactory,478831.0,,,2025/17736_250818.PDF,False,False
324,Citizens Bank,MS,COLUMBIA,Intermediate Small Bank Evaluation,12/01/2025,Satisfactory,478781.0,,,2025/324_250811.PDF,False,False
26601,Beverly Bank,MA,BEVERLY,Intermediate Small Bank Evaluation,12/01/2018,Satisfactory,478521.0,High Satisfactory,Outstanding,2018/26601_180618.PDF,False,False
21220,Brickell Bank,FL,MIAMI,Intermediate Small Bank Evaluation,05/01/2019,Satisfactory,478242.0,High Satisfactory,High Satisfactory,2018/21220_181210.PDF,False,False
58278,Golden Valley Bank,CA,CHICO,Intermediate Small Bank Evaluation,03/01/2023,Satisfactory,478089.0,,,2022/58278_220913.PDF,False,False
14974,First State Bank and Trust,KS,TONGANOXIE,Intermediate Small Bank Evaluation,02/01/2025,Satisfactory,474333.0,,,2024/14974_240909.PDF,False,False
16075,Rayne State Bank & Trust Company,LA,RAYNE,Intermediate Small Bank Evaluation,05/01/2023,Satisfactory,474321.0,,,2023/16075_230117.PDF,False,False
39,Robertson Banking Company,AL,DEMOPOLIS,Intermediate Small Bank Evaluation,10/01/2025,Satisfactory,474020.0,,,2025/39_250520.PDF,False,False
26799,EvaBank,AL,EVA,Intermediate Small Bank Evaluation,04/01/2026,Satisfactory,473387.0,,,2025/26799_251027.PDF,False,False
58588,Partners Bank of California,CA,MISSION VIEJO,Intermediate Small Bank Evaluation,05/01/2025,Satisfactory,472887.0,,,2024/58588_241211.PDF,False,False
14812,TS Bank,IA,TREYNOR,Intermediate Small Bank Evaluation,02/01/2026,Satisfactory,472359.0,,,2025/14812_250825.PDF,False,False
28454,Anchor Bank,WA,ABERDEEN,Intermediate Small Bank Evaluation,06/01/2018,Satisfactory,472203.0,High Satisfactory,High Satisfactory,2017/28454_171227.PDF,False,False
3614,Casey State Bank,IL,CASEY,Intermediate Small Bank Evaluation,01/01/2025,Satisfactory,471896.0,,,2024/3614_240722.PDF,False,False
9760,Community Bank Mankato,MN,VERNON CENTER,Intermediate Small Bank Evaluation,08/01/2023,Satisfactory,471631.0,,,2023/9760_230501.PDF,False,False
27269,Dean Co-operative Bank,MA,FRANKLIN,Intermediate Small Bank Evaluation,07/01/2025,Satisfactory,471025.0,,,2025/27269_250113.PDF,False,False
22065,Grand Bank,OK,TULSA,Intermediate Small Bank Evaluation,12/01/2021,Satisfactory,470973.0,High Satisfactory,Outstanding,2021/22065_210816.PDF,False,False
26522,The Bank,KS,OBERLIN,Intermediate Small Bank Evaluation,08/01/2024,Satisfactory,470364.0,,,2024/26522_240422.PDF,False,False
15699,Pineland Bank,GA,ALMA,Intermediate Small Bank Evaluation,12/01/2024,Satisfactory,469875.0,,,2024/15699_240624.PDF,False,False
34643,Sunstate Bank,FL,MIAMI,Intermediate Small Bank Evaluation,05/01/2023,Satisfactory,469336.0,,,2022/34643_221121.PDF,False,False
1635,Bank of Kirksville,MO,KIRKSVILLE,Intermediate Small Bank Evaluation,08/01/2023,Satisfactory,468428.0,,,2023/1635_230424.PDF,False,False
10378,The Bank of New Glarus,WI,NEW GLARUS,Intermediate Small Bank Evaluation,04/01/2024,Outstanding,467169.0,,,2023/10378_231127.PDF,False,False
8798,Cottonport Bank,LA,COTTONPORT,Intermediate Small Bank Evaluation,07/01/2023,Satisfactory,466872.0,,,2023/8798_230206.PDF,False,False
35365,Bank of Oak Ridge,NC,OAK RIDGE,Intermediate Small Bank Evaluation,04/01/2020,Satisfactory,466828.0,High Satisfactory,High Satisfactory,2019/35365_190923.PDF,False,False
15966,Fulton Savings Bank,NY,FULTON,Intermediate Small Bank Evaluation,12/01/2023,Satisfactory,465206.0,,,2023/15966_230807.PDF,False,False
35022,"Citizens First Bank, Inc.",KY,BOWLING GREEN,Intermediate Small Bank Evaluation,06/01/2018,Satisfactory,465120.0,High Satisfactory,High Satisfactory,2018/35022_180122.PDF,False,False
10956,Northview Bank,MN,SANDSTONE,Intermediate Small Bank Evaluation,09/01/2025,Satisfactory,465081.0,,,2025/10956_250430.PDF,False,False
12113,Germantown Trust & Savings Bank,IL,BREESE,Intermediate Small Bank Evaluation,11/01/2023,Satisfactory,464582.0,,,2023/12113_230626.PDF,False,False
6078,One American Bank,SD,CENTERVILLE,Intermediate Small Bank Evaluation,08/01/2025,Needs to Improve,463949.0,,,2024/6078_240805.PDF,False,False
34038,Time Bank,IL,PARK RIDGE,Intermediate Small Bank Evaluation,04/01/2025,Satisfactory,463148.0,,,2024/34038_240923.PDF,False,False
14735,"First Community Bank of the Heartland, Inc.",KY,CLINTON,Intermediate Small Bank Evaluation,11/01/2025,Satisfactory,462186.0,,,2025/14735_250715.PDF,False,False
9037,Mound City Bank,WI,PLATTEVILLE,Intermediate Small Bank Evaluation,10/01/2023,Satisfactory,462078.0,,,2023/9037_230515.PDF,False,False
16976,Community State Bank of Orbisonia,PA,ORBISONIA,Intermediate Small Bank Evaluation,11/01/2025,Satisfactory,461938.0,,,2025/16976_250707.PDF,False,False
11347,Grinnell State Bank,IA,GRINNELL,Intermediate Small Bank Evaluation,10/01/2023,Satisfactory,461641.0,,,2023/11347_230706.PDF,False,False
2326,AVB Bank,OK,BROKEN ARROW,Intermediate Small Bank Evaluation,04/01/2024,Satisfactory,460993.0,,,2023/2326_231204.PDF,False,False
57373,Oregon Coast Bank,OR,NEWPORT,Intermediate Small Bank Evaluation,06/01/2025,Satisfactory,460700.0,,,2024/57373_241105.PDF,False,False
15323,Silver Lake Bank,KS,TOPEKA,Intermediate Small Bank Evaluation,11/01/2024,Satisfactory,460473.0,,,2024/15323_240715.PDF,False,False
12331,State Bank of Chilton,WI,CHILTON,Intermediate Small Bank Evaluation,12/01/2024,Satisfactory,460416.0,,,2024/12331_240624.PDF,False,False
11539,Enterprise Bank of South Carolina,SC,EHRHARDT,Intermediate Small Bank Evaluation,06/01/2025,Satisfactory,459189.0,,,2025/11539_250106.PDF,False,False
27824,Salem Co-operative Bank,NH,SALEM,Intermediate Small Bank Evaluation,09/01/2023,Satisfactory,458925.0,,,2023/27824_230320.PDF,False,False
59051,Urban Partnership Bank,IL,CHICAGO,Intermediate Small Bank Evaluation,09/01/2018,Outstanding,458899.0,Outstanding,Outstanding,2018/59051_180312.PDF,False,False
35333,Oak Bank,WI,FITCHBURG,Intermediate Small Bank Evaluation,04/01/2024,Satisfactory,458228.0,,,2023/35333_231113.PDF,False,False
11491,The Citizens Bank of Clovis,NM,CLOVIS,Intermediate Small Bank Evaluation,03/01/2024,Satisfactory,458004.0,,,2023/11491_231023.PDF,False,False
1047,Bank & Trust Company,IL,LITCHFIELD,Intermediate Small Bank Evaluation,05/01/2024,Satisfactory,457601.0,,,2023/1047_231218.PDF,False,False
245,Raccoon Valley Bank,IA,PERRY,Intermediate Small Bank Evaluation,03/01/2025,Satisfactory,457467.0,,,2024/245_240715.PDF,False,False
9366,Peoples Bank,MS,MENDENHALL,Intermediate Small Bank Evaluation,04/01/2024,Satisfactory,457208.0,,,2023/9366_230821.PDF,False,False
15305,The Denison State Bank,KS,HOLTON,Intermediate Small Bank Evaluation,01/01/2026,Satisfactory,456950.0,,,2025/15305_250929.PDF,False,False
8120,"Magnolia Bank, Incorporated",KY,ELIZABETHTOWN,Intermediate Small Bank Evaluation,02/01/2024,Satisfactory,452507.0,,,2022/8120_221011.PDF,False,False
16442,Citizens Bank of Florida,FL,OVIEDO,Intermediate Small Bank Evaluation,06/01/2021,Satisfactory,452253.0,High Satisfactory,High Satisfactory,2021/16442_210302.PDF,False,False
35417,TriStar Bank,TN,DICKSON,Intermediate Small Bank Evaluation,03/01/2024,Satisfactory,452118.0,,,2023/35417_231026.PDF,False,False
29690,First Federal Savings Bank,IN,HUNTINGTON,Intermediate Small Bank Evaluation,11/01/2023,Satisfactory,452007.0,,,2023/29690_230714.PDF,False,False
21329,NBT Financial Bank,TX,FORT WORTH,Intermediate Small Bank Evaluation,09/01/2024,Satisfactory,451922.0,,,2024/21329_240513.PDF,False,False
1808,Better Banks,IL,PEORIA,Intermediate Small Bank Evaluation,01/01/2024,Satisfactory,451074.0,,,2023/1808_230814.PDF,False,False
27233,Peoples Independent Bank,AL,BOAZ,Intermediate Small Bank Evaluation,12/01/2024,Satisfactory,449260.0,,,2024/27233_240520.PDF,False,False
57626,1st State Bank,MI,SAGINAW,Intermediate Small Bank Evaluation,12/01/2025,Satisfactory,449175.0,,,2025/57626_250707.PDF,False,False
28836,United Savings Bank,PA,PHILADELPHIA,Intermediate Small Bank Evaluation,07/01/2026,Satisfactory,448273.0,,,2026/28836_260223.PDF,False,False
22081,Magnolia State Bank,MS,BAY SPRINGS,Intermediate Small Bank Evaluation,10/01/2022,Satisfactory,448065.0,,,2022/PPE22081-000000008.PDF,False,False
10168,First Farmers & Merchants Bank,MN,CANNON FALLS,Intermediate Small Bank Evaluation,07/01/2023,Satisfactory,447074.0,,,2023/10168_230315.PDF,False,False
58556,Gold Coast Bank,IL,CHICAGO,Intermediate Small Bank Evaluation,04/01/2024,Satisfactory,446760.0,,,2023/58556_230911.PDF,False,False
9327,Farmers-Merchants Bank & Trust Company,LA,BREAUX BRIDGE,Intermediate Small Bank Evaluation,05/01/2025,Satisfactory,445259.0,,,2024/9327_241112.PDF,False,False
175,The Commercial Bank,GA,CRAWFORD,Intermediate Small Bank Evaluation,11/01/2024,Satisfactory,445201.0,,,2024/175_240520.PDF,False,False
11159,Texas Champion Bank,TX,CORPUS CHRISTI,Intermediate Small Bank Evaluation,07/01/2025,Satisfactory,444038.0,,,2025/11159_250331.PDF,False,False
14327,Horizon Bank,NE,WAVERLY,Intermediate Small Bank Evaluation,10/01/2024,Needs to Improve,443196.0,,,2024/14327_240513.PDF,False,False
28868,Broadstreet Bank S S B,TX,MINEOLA,Intermediate Small Bank Evaluation,09/01/2025,Satisfactory,442449.0,,,2025/28868_250428.PDF,False,False
17280,The Bank of Tioga,ND,TIOGA,Intermediate Small Bank Evaluation,01/01/2026,Satisfactory,441944.0,,,2025/17280_250908.PDF,False,False
9168,Wayne County Bank,TN,WAYNESBORO,Intermediate Small Bank Evaluation,01/01/2024,Satisfactory,441191.0,,,2023/9168_230623.PDF,False,False
90268,Seamen's Bank,MA,PROVINCETOWN,Intermediate Small Bank Evaluation,04/01/2025,Outstanding,440195.0,,,2024/90268_241015.PDF,False,False
22308,West Michigan Community Bank,MI,HUDSONVILLE,Intermediate Small Bank Evaluation,10/01/2018,Satisfactory,439538.0,High Satisfactory,High Satisfactory,2018/22308_180521.PDF,False,False
10111,Ohnward Bank & Trust,IA,CASCADE,Intermediate Small Bank Evaluation,05/01/2025,Satisfactory,439493.0,,,2025/10111_250203.PDF,False,False
8172,Lake-Osceola State Bank,MI,BALDWIN,Intermediate Small Bank Evaluation,06/01/2024,Satisfactory,439418.0,,,2024/8172_240116.PDF,False,False
35005,Coastal Commerce Bank,LA,HOUMA,Intermediate Small Bank Evaluation,03/01/2018,Satisfactory,439168.0,High Satisfactory,Outstanding,2017/35005_170919.PDF,False,False
17672,The Citizens State Bank,KS,MOUNDRIDGE,Intermediate Small Bank Evaluation,10/01/2025,Satisfactory,438355.0,,,2025/17672_250623.PDF,False,False
15703,Town & Country Bank and Trust Company,KY,BARDSTOWN,Intermediate Small Bank Evaluation,02/01/2024,Satisfactory,438214.0,,,2023/15703_231010.PDF,False,False
28747,Hoyne Savings Bank,IL,CHICAGO,Intermediate Small Bank Evaluation,02/01/2025,Satisfactory,438084.0,,,2024/28747_240903.PDF,False,False
28567,Roselle Bank,NJ,ROSELLE,Intermediate Small Bank Evaluation,11/01/2019,Satisfactory,437518.0,High Satisfactory,High Satisfactory,2019/28567_190722.PDF,False,False
57359,American Eagle Bank,IL,SOUTH ELGIN,Intermediate Small Bank Evaluation,11/01/2024,Satisfactory,436640.0,,,2024/57359_240506.PDF,False,False
13712,The Libertyville Savings Bank,IA,FAIRFIELD,Intermediate Small Bank Evaluation,06/01/2023,Satisfactory,433625.0,,,2023/13712_230207.PDF,False,False
15286,Northern State Bank of Thief River Falls,MN,THIEF RIVER FALLS,Intermediate Small Bank Evaluation,02/01/2024,Satisfactory,433534.0,,,2023/15286_231030.PDF,False,False
9465,Alva State Bank & Trust Company,OK,ALVA,Intermediate Small Bank Evaluation,08/01/2023,Satisfactory,433233.0,,,2023/9465_230410.PDF,False,False
16116,Nebraska Bank,NE,DODGE,Intermediate Small Bank Evaluation,09/01/2024,Satisfactory,432628.0,,,2024/16116_240408.PDF,False,False
15808,Iowa State Bank,IA,DES MOINES,Intermediate Small Bank Evaluation,10/01/2024,Satisfactory,432230.0,,,2024/15808_240528.PDF,False,False
950,Iowa State Bank,IA,ALGONA,Intermediate Small Bank Evaluation,09/01/2023,Satisfactory,431598.0,,,2023/950_230530.PDF,False,False
27119,Northmark Bank,MA,NORTH ANDOVER,Intermediate Small Bank Evaluation,05/01/2021,Satisfactory,431578.0,High Satisfactory,High Satisfactory,2020/27119_201130.PDF,False,False
15463,State Bank of De Kalb,TX,DE KALB,Intermediate Small Bank Evaluation,04/01/2024,Satisfactory,429975.0,,,2023/15463_231023.PDF,False,False
1868,The Bank of Tescott,KS,TESCOTT,Intermediate Small Bank Evaluation,09/01/2023,Satisfactory,429812.0,,,2023/1868_230501.PDF,False,False
25267,TruBank,IA,INDIANOLA,Intermediate Small Bank Evaluation,12/01/2023,Satisfactory,428495.0,,,2023/25267_230814.PDF,False,False
12266,Mechanics & Farmers Bank,NC,DURHAM,Intermediate Small Bank Evaluation,01/01/2025,Satisfactory,427985.0,,,2024/12266_240625.PDF,False,False
18384,Northeast Security Bank,IA,SUMNER,Intermediate Small Bank Evaluation,08/01/2023,Satisfactory,427617.0,,,2023/18384_230417.PDF,False,False
197,Alliance Bank,IN,FRANCESVILLE,Intermediate Small Bank Evaluation,05/01/2025,Satisfactory,426280.0,,,2024/197_241203.PDF,False,False
8094,NSB Bank,IA,MASON CITY,Intermediate Small Bank Evaluation,01/01/2024,Satisfactory,425943.0,,,2023/8094_231011.PDF,False,False
15477,Citizens Bank of Americus,GA,AMERICUS,Intermediate Small Bank Evaluation,02/01/2025,Satisfactory,425564.0,,,2024/15477_241011.PDF,False,False
33316,"ANZ Guam, Inc.",GU,HAGATNA,Intermediate Small Bank Evaluation,05/01/2022,Outstanding,425373.0,Outstanding,Outstanding,2021/33316_211012.PDF,False,False
769,The Farmers Bank and Savings Company,OH,POMEROY,Intermediate Small Bank Evaluation,07/01/2024,Satisfactory,424222.0,,,2023/769_231211.PDF,False,False
17636,Astra Bank,KS,SCANDIA,Intermediate Small Bank Evaluation,03/01/2025,Satisfactory,423925.0,,,2024/17636_241028.PDF,False,False
14546,New Era Bank,MO,FREDERICKTOWN,Intermediate Small Bank Evaluation,10/01/2023,Satisfactory,423395.0,,,2023/14546_230620.PDF,False,False
15669,MCBank,TX,GOLDTHWAITE,Intermediate Small Bank Evaluation,07/01/2024,Satisfactory,423324.0,,,2024/15669_240108.PDF,False,False
11767,FreedomBank,IA,ELKADER,Intermediate Small Bank Evaluation,03/01/2024,Satisfactory,423139.0,,,2023/11767_231127.PDF,False,False
10474,Citizens State Bank,IL,LENA,Intermediate Small Bank Evaluation,09/01/2025,Satisfactory,422945.0,,,2025/10474_250428.PDF,False,False
28401,Eureka Savings Bank,IL,LA SALLE,Intermediate Small Bank Evaluation,03/01/2026,Satisfactory,422642.0,,,2025/28401_251103.PDF,False,False
10101,The Napoleon State Bank,IN,NAPOLEON,Intermediate Small Bank Evaluation,12/01/2023,Satisfactory,422078.0,High Satisfactory,High Satisfactory,2023/10101_230608.PDF,False,False
11113,Hamlin Bank and Trust Company,PA,SMETHPORT,Large Bank Evaluation,01/01/2025,Satisfactory,421614.0,Low Satisfactory,Low Satisfactory,2024/11113_240715.PDF,True,True
14113,The Peoples State Bank,IN,ELLETTSVILLE,Intermediate Small Bank Evaluation,06/01/2023,Satisfactory,421038.0,,,2023/14113_230126.PDF,False,False
15205,Bank3,TN,MEMPHIS,Intermediate Small Bank Evaluation,07/01/2023,Satisfactory,419057.0,,,2023/15205_230130.PDF,False,False
15466,West Texas State Bank,TX,ODESSA,Intermediate Small Bank Evaluation,07/01/2019,Satisfactory,417489.0,Outstanding,High Satisfactory,2019/15466_190204.PDF,False,False
1660,Farmers and Merchants Bank of South Carolina,SC,HOLLY HILL,Intermediate Small Bank Evaluation,11/01/2025,Satisfactory,416467.0,,,2025/1660_250602.PDF,False,False
35479,Mariner's Bank,NJ,EDGEWATER,Intermediate Small Bank Evaluation,12/01/2020,Satisfactory,415241.0,High Satisfactory,High Satisfactory,2020/35479_200727.PDF,False,False
17598,Soy Capital Bank and Trust Company,IL,DECATUR,Intermediate Small Bank Evaluation,03/01/2018,Outstanding,415167.0,Outstanding,Outstanding,2017/17598_170919.PDF,False,False
16968,The Peoples Bank,SC,IVA,Intermediate Small Bank Evaluation,05/01/2025,Satisfactory,415019.0,,,2024/16968_241016.PDF,False,False
18698,Texas State Bank,TX,SAN ANGELO,Intermediate Small Bank Evaluation,10/01/2023,Satisfactory,414837.0,,,2023/18698_230612.PDF,False,False
22551,First Texas Bank,TX,KILLEEN,Intermediate Small Bank Evaluation,01/01/2024,Satisfactory,413115.0,,,2023/22551_230925.PDF,False,False
13303,Bank of England,AR,ENGLAND,Intermediate Small Bank Evaluation,06/01/2025,Satisfactory,412782.0,,,2024/13303_240401.PDF,False,False
1376,Citizens Bank & Trust Company,LA,PLAQUEMINE,Intermediate Small Bank Evaluation,11/01/2023,Satisfactory,410904.0,,,2023/1376_230710.PDF,False,False
33761,Village Bank,MN,SAINT FRANCIS,Intermediate Small Bank Evaluation,08/01/2024,Satisfactory,410440.0,,,2024/33761_240425.PDF,False,False
28841,Community Savings Bank,IL,CHICAGO,Intermediate Small Bank Evaluation,12/01/2025,Outstanding,408191.0,,,2025/28841_250519.PDF,False,False
14730,Frontier Bank,CO,LAMAR,Intermediate Small Bank Evaluation,01/01/2024,Satisfactory,407584.0,,,2023/14730_230918.PDF,False,False
13025,Farmers Savings Bank,WI,MINERAL POINT,Intermediate Small Bank Evaluation,09/01/2024,Satisfactory,407551.0,,,2024/13025_240506.PDF,False,False
27086,Charlotte State Bank & Trust,FL,PORT CHARLOTTE,Intermediate Small Bank Evaluation,09/01/2020,Satisfactory,407359.0,High Satisfactory,High Satisfactory,2020/27086_200518.PDF,False,False
57073,Community Bank of Santa Maria,CA,SANTA MARIA,Intermediate Small Bank Evaluation,06/01/2025,Satisfactory,405527.0,,,2025/57073_250203.PDF,False,False
28151,West Town Bank & Trust,IL,NORTH RIVERSIDE,Strategic Plan Evaluation,04/01/2022,Satisfactory,402932.0,,,2021/28151_211129.PDF,False,False
18237,Jewett City Savings Bank,CT,JEWETT CITY,Intermediate Small Bank Evaluation,07/01/2023,Satisfactory,401888.0,,,2022/18237_221215.PDF,False,False
35013,Premier Community Bank,OR,HILLSBORO,Intermediate Small Bank Evaluation,06/01/2018,Satisfactory,400294.0,High Satisfactory,High Satisfactory,2018/35013_180108.PDF,False,False
26393,The Pittsfield Co-operative Bank,MA,PITTSFIELD,Intermediate Small Bank Evaluation,10/01/2023,Satisfactory,399377.0,,,2023/26393_230313.PDF,False,False
12327,Bank of Mauston,WI,MAUSTON,Intermediate Small Bank Evaluation,11/01/2024,Satisfactory,399068.0,,,2024/12327_240715.PDF,False,False
2710,"First State Bank of the Southeast, Inc",KY,MIDDLESBORO,Intermediate Small Bank Evaluation,02/01/2025,Satisfactory,399059.0,,,2024/2710_240806.PDF,False,False
5796,Earlham Savings Bank,IA,WEST DES MOINES,Intermediate Small Bank Evaluation,05/01/2023,Satisfactory,398393.0,,,2023/5796_230130.PDF,False,False
17476,Mechanics' Savings Bank,ME,AUBURN,Intermediate Small Bank Evaluation,06/01/2018,Satisfactory,396476.0,High Satisfactory,High Satisfactory,2018/17476_180108.PDF,False,False
23376,"First Jackson Bank, Inc.",AL,STEVENSON,Intermediate Small Bank Evaluation,08/01/2023,Satisfactory,395288.0,,,2023/23376_230213.PDF,False,False
25127,Points West Community Bank,NE,SIDNEY,Intermediate Small Bank Evaluation,03/01/2019,Satisfactory,392802.0,High Satisfactory,High Satisfactory,2018/25127_181001.PDF,False,False
14720,First Community Bank,AL,CHATOM,Intermediate Small Bank Evaluation,03/01/2018,Satisfactory,391596.0,High Satisfactory,High Satisfactory,2017/14720_170906.PDF,False,False
7909,Marion Center Bank,PA,INDIANA,Intermediate Small Bank Evaluation,02/01/2024,Satisfactory,391412.0,,,2023/7909_231010.PDF,False,False
58148,Milestone Bank,UT,SALT LAKE CITY,Wholesale Bank Evaluation,01/01/2026,Satisfactory,391045.0,,,2025/58148_250825.PDF,False,False
28222,Haddon Savings Bank,NJ,HADDON HEIGHTS,Intermediate Small Bank Evaluation,05/01/2023,Satisfactory,389740.0,,,2022/28222_221212.PDF,False,False
29188,Fox Valley Savings Bank,WI,FOND DU LAC,Intermediate Small Bank Evaluation,11/01/2023,Satisfactory,389194.0,,,2023/29188_230605.PDF,False,False
13407,Farmers State Bank,TX,CENTER,Intermediate Small Bank Evaluation,07/01/2023,Satisfactory,388977.0,,,2023/13407_230306.PDF,False,False
19904,Centinel Bank of Taos,NM,TAOS,Intermediate Small Bank Evaluation,05/01/2023,Outstanding,386069.0,,,2023/19904_230123.PDF,False,False
20040,Merchants and Manufacturers Bank,IL,JOLIET,Strategic Plan Evaluation,12/01/2022,Satisfactory,385456.0,,,2022/20040_220718.PDF,False,False
14333,Commercial Bank and Trust of PA,PA,LATROBE,Intermediate Small Bank Evaluation,09/01/2024,Satisfactory,384652.0,,,2024/14333_240520.PDF,False,False
34058,Lusitania Savings Bank,NJ,NEWARK,Intermediate Small Bank Evaluation,02/01/2024,Satisfactory,382716.0,,,2023/34058_230814.PDF,False,False
10249,United Community Bank of North Dakota,ND,LEEDS,Intermediate Small Bank Evaluation,04/01/2023,Satisfactory,379153.0,,,2022/10249_221219.PDF,False,False
57552,First Capital Bank,TN,GERMANTOWN,Intermediate Small Bank Evaluation,01/01/2022,Satisfactory,377714.0,High Satisfactory,High Satisfactory,2021/57552_210719.PDF,False,False
34565,Victory State Bank,NY,STATEN ISLAND,Intermediate Small Bank Evaluation,04/01/2019,Satisfactory,376979.0,High Satisfactory,High Satisfactory,2018/34565_181001.PDF,False,False
16375,HomeStar Bank and Financial Services,IL,MANTENO,Intermediate Small Bank Evaluation,07/01/2019,Satisfactory,375439.0,High Satisfactory,High Satisfactory,2019/16375_190204.PDF,False,False
16825,Sunmark Community Bank,GA,PERRY,Intermediate Small Bank Evaluation,10/01/2024,Satisfactory,374355.0,,,2024/16825_240429.PDF,False,False
35323,FinWise Bank,UT,MURRAY,Strategic Plan Evaluation,10/01/2023,Satisfactory,373830.0,,,2022/35323_221128.PDF,False,False
20698,Southern Heritage Bank,LA,JONESVILLE,Intermediate Small Bank Evaluation,08/01/2023,Satisfactory,373829.0,,,2023/20698_230117.PDF,False,False
47,Traders & Farmers Bank,AL,HALEYVILLE,Intermediate Small Bank Evaluation,10/01/2018,Satisfactory,366304.0,High Satisfactory,High Satisfactory,2018/00047_180611.PDF,False,False
5151,First Minnesota Bank,MN,MINNETONKA,Intermediate Small Bank Evaluation,02/01/2019,Satisfactory,363125.0,High Satisfactory,High Satisfactory,2018/05151_180910.PDF,False,False
23090,Peoples Bank and Trust Company of Pointe Coupee Parish,LA,NEW ROADS,Intermediate Small Bank Evaluation,11/01/2022,Satisfactory,361355.0,,,2022/23090_220502.PDF,False,False
35109,SENB Bank,IL,MOLINE,Intermediate Small Bank Evaluation,05/01/2023,Satisfactory,360465.0,,,2022/35109_221129.PDF,False,False
35422,The Leaders Bank,IL,OAK BROOK,Intermediate Small Bank Evaluation,03/01/2022,Satisfactory,358771.0,High Satisfactory,High Satisfactory,2021/35422_211018.PDF,False,False
17884,The First State Bank,OK,OKLAHOMA CITY,Intermediate Small Bank Evaluation,08/01/2020,Satisfactory,353711.0,High Satisfactory,High Satisfactory,2020/17884_200401.PDF,False,False
28963,Lincoln 1st  Bank,NJ,LINCOLN PARK,Intermediate Small Bank Evaluation,10/01/2019,Satisfactory,338400.0,High Satisfactory,High Satisfactory,2019/28963_190429.PDF,False,False
1390,Lake Area Bank,MN,LINDSTROM,Intermediate Small Bank Evaluation,10/01/2019,Satisfactory,333066.0,High Satisfactory,High Satisfactory,2019/01390_190617.PDF,False,False
22536,First Secure Bank and Trust Co.,IL,PALOS HILLS,Intermediate Small Bank Evaluation,09/01/2022,Satisfactory,332786.0,High Satisfactory,High Satisfactory,2022/22536_220228.PDF,False,False
58196,Noah Bank,PA,ELKINS PARK,Intermediate Small Bank Evaluation,06/01/2021,Satisfactory,331176.0,High Satisfactory,High Satisfactory,2021/58196_210208.PDF,False,False
59177,"Square Financial Services, Inc.",UT,SALT LAKE CITY,Strategic Plan Evaluation,08/01/2023,Outstanding,327975.0,,,2023/59177_230314.PDF,False,False
57888,NewDominion Bank,NC,CHARLOTTE,Intermediate Small Bank Evaluation,05/01/2018,Satisfactory,321889.0,High Satisfactory,High Satisfactory,2017/57888_171127.PDF,False,False
14058,Great Plains State Bank,NE,PETERSBURG,Intermediate Small Bank Evaluation,03/01/2023,Satisfactory,317286.0,,,2022/14058_221114.PDF,False,False
12396,State Bank of Lincoln,IL,LINCOLN,Intermediate Small Bank Evaluation,10/01/2020,Satisfactory,312830.0,High Satisfactory,High Satisfactory,2020/12396_200422.PDF,False,False
11329,Farmers-Merchants Bank of Illinois,IL,JOY,Strategic Plan Evaluation,08/01/2022,Satisfactory,308943.0,,,2022/11329_220321.PDF,False,False
26392,Deutsche Bank Trust Company Delaware,DE,WILMINGTON,Wholesale Bank Evaluation,09/01/2018,Outstanding,306562.0,,,2018/26392_180426.PDF,False,False
25803,Hatch Bank,CA,SAN MARCOS,Limited Purpose Evaluation,10/01/2021,Satisfactory,267942.0,,,2021/25803_210412.PDF,False,False
18641,First Bank and Trust Company of Illinois,IL,PALATINE,Wholesale Bank Evaluation,06/01/2025,Satisfactory,213870.0,,,2024/18641_241216.PDF,False,False
57571,Continental Bank,UT,SALT LAKE CITY,Strategic Plan Evaluation,07/01/2025,Satisfactory,171418.0,,,2024/57571_241202.PDF,False,False
58294,First Covenant Bank,GA,COMMERCE,Strategic Plan Evaluation,06/01/2019,Outstanding,133425.0,,,2018/58294_181212.PDF,False,False
35533,First Electronic Bank,UT,SALT LAKE CITY,Strategic Plan Evaluation,02/01/2024,Satisfactory,131170.0,,,2022/35533_221031.PDF,False,False
9502,Movement Bank,VA,DANVILLE,Strategic Plan Evaluation,09/01/2021,Outstanding,82711.0,,,2021/9502_210510.PDF,False,False
16247,Neighbors Bank,MO,CLARENCE,Strategic Plan Evaluation,04/01/2025,Satisfactory,77299.0,,,2024/16247_241007.PDF,False,False
13959,CBW Bank,KS,WEIR,Strategic Plan Evaluation,12/01/2023,Satisfactory,68702.0,,,2022/13959_221219.PDF,False,False
