cert,bank,state,regulator,assets_k,exam_method,inv_rating,svc_rating,pe_date,route,contact,title,channel,address,source
628,"JPMorgan Chase Bank, National Association",OH,OCC,4091315000,Large Bank,,,03/11/2024,named,Kristen Comstock,CRA Strategic Planning & Governance Director,,"1111 Polaris Pkwy, Columbus, OH 43240","CBA Community Reinvestment Committee roster, 2026-08-26"
3510,"Bank of America, National Association",NC,OCC,2654645000,Large Bank,,,01/03/2022,named,Alicia Vela,"SVP, CRA Senior Manager",,"100 N Tryon St, Charlotte, NC 28202","CBA Community Reinvestment Committee roster, 2026-08-26"
7213,"Citibank, National Association",SD,OCC,1976180000,Large Bank,,,05/06/2024,role,CRA Officer,"designated public-file contact, Citibank, National Association",,"5800 S Corporate Pl, Sioux Falls, SD 57108",FDIC BankFind main office; 12 CFR __.43
3511,"Wells Fargo Bank, National Association",SD,OCC,1907928000,Large Bank,,,02/06/2023,named,Jada Grandy-Mock,Head of CRA Strategy and Program Management,,"3201 N 4th Ave, Sioux Falls, SD 57104","CBA Community Reinvestment Committee roster, 2026-08-26"
33124,Goldman Sachs Bank USA,NY,FED,758788000,Wholesale,,,"Jul 08, 2019",role,CRA Officer,"designated public-file contact, Goldman Sachs Bank USA",,"200 West St, New York, NY 10282",FDIC BankFind main office; 12 CFR __.43
6548,U.S. Bank National Association,OH,OCC,705554946,Large Bank,,,01/18/2022,role,CRA Officer,"designated public-file contact, U.S. Bank National Association",,"425 Walnut St, Cincinnati, OH 45202",FDIC BankFind main office; 12 CFR __.43
4297,"Capital One, National Association",VA,OCC,662157000,Large Bank,,,08/28/2023,named,Jim Matthews,"Senior VP, CRA Strategy",,"1680 Capital One Dr, Mclean, VA 22102","CBA Community Reinvestment Committee roster, 2026-08-26"
6384,"PNC Bank, National Association",DE,OCC,609771726,Large Bank,,,06/06/2022,named,Danny Spears,"Director, CRA Performance Management",,"222 Delaware Ave, Wilmington, DE 19801","CBA Community Reinvestment Committee roster, 2026-08-26"
9846,Truist Bank,NC,FDIC,548346000,Large Bank Evaluation,Outstanding,Outstanding,01/01/2025,named,Anthony Weekly,"Chief EVP, Chief CRA Officer",,"214 N Tryon St, Charlotte, NC 28202","CBA Community Reinvestment Committee roster, 2026-08-26"
639,The Bank of New York Mellon,NY,FED,425115000,Wholesale,Outstanding,Low Satisfactory,"Nov 19, 2018",role,CRA Officer,"designated public-file contact, The Bank of New York Mellon",,"240 E Greenwich St, New York, NY 10007",FDIC BankFind main office; 12 CFR __.43
32992,"Morgan Stanley Bank, National Association",UT,OCC,419318000,Strategic Plan,,,02/13/2023,role,CRA Officer,"designated public-file contact, Morgan Stanley Bank, National Association",,"201 S Main St, Salt Lake City, UT 84111",FDIC BankFind main office; 12 CFR __.43
14,State Street Bank and Trust Company,MA,FED,412620000,Wholesale,,,"Sep 27, 2021",role,CRA Officer,"designated public-file contact, State Street Bank and Trust Company",,"One Congress Street, Boston, MA 02114",FDIC BankFind main office; 12 CFR __.43
18409,"TD Bank, National Association",DE,OCC,342803746,Large Bank,,,07/01/2024,named,Michael Innis-Thompson,"SVP, Head of Community Development",,"2035 Limestone Rd, Wilmington, DE 19808","CBA Community Reinvestment Committee roster, 2026-08-26"
6672,"Fifth Third Bank, National Association",OH,OCC,299177000,Large Bank,,,07/07/2025,named,Liza Mistry,Sr. Director of Fair Lending & CRA Compliance,,"38 Fountain Square Plz, Cincinnati, OH 45202","CBA Community Reinvestment Committee roster, 2026-08-26"
6560,The Huntington National Bank,OH,OCC,283073605,Large Bank,,,07/31/2023,named,Staci Glenn Short,"SVP, Community Development Program Director",,"17 S High St, Columbus, OH 43215","CBA Community Reinvestment Committee roster, 2026-08-26"
16571,BMO Bank National Association,IL,OCC,254972746,Large Bank,,,04/03/2023,named,Melissa Borino,"Director, CRA Governance",,"320 S Canal St, Chicago, IL 60606","CBA Community Reinvestment Committee roster, 2026-08-26"
57450,"Charles Schwab Bank, SSB",TX,FED,250828000,Strategic Plan,,,"Oct 14, 2025",role,CRA Officer,"designated public-file contact, Charles Schwab Bank, SSB",,"3000 Schwab Way, Westlake, TX 76262",FDIC BankFind main office; 12 CFR __.43
34221,"Morgan Stanley Private Bank, National Association",NY,OCC,250425000,Strategic Plan,,,02/03/2025,role,CRA Officer,"designated public-file contact, Morgan Stanley Private Bank, National Association",,"2000 Westchester Ave, Purchase, NY 10577",FDIC BankFind main office; 12 CFR __.43
11063,First-Citizens Bank & Trust Company,NC,FDIC,236317000,Large Bank Evaluation,High Satisfactory,High Satisfactory,08/01/2023,role,CRA Officer,"designated public-file contact, First-Citizens Bank & Trust Company",,"239 Fayetteville St, Raleigh, NC 27601",FDIC BankFind main office; 12 CFR __.43
59017,First Republic Bank,CA,FDIC,232944161,Large Bank Evaluation,High Satisfactory,Outstanding,04/01/2022,role,CRA Officer,"designated public-file contact, First Republic Bank",,"111 Pine St, San Francisco, CA 94111",FDIC BankFind main office; 12 CFR __.43
57957,"Citizens Bank, National Association",RI,OCC,232517438,Large Bank,,,09/26/2022,named,Reza Aghamirzadeh,"EVP, Head of Community Development",,"1 Citizens Plz, Providence, RI 02903","CBA Community Reinvestment Committee roster, 2026-08-26"
588,Manufacturers and Traders Trust Company,NY,FED,218788000,Large Bank,High Satisfactory,High Satisfactory,"Sep 07, 2020",role,CRA Officer,"designated public-file contact, Manufacturers and Traders Trust Company",,"1 M And T Plz, Buffalo, NY 14203",FDIC BankFind main office; 12 CFR __.43
27471,American Express National  Bank,UT,OCC,213946192,Limited Purpose Bank,,,06/02/2025,named,Steven Akerlow,CRA Officer,,"115 W Towne Ridge Pkwy, Sandy, UT 84070","CBA Community Reinvestment Committee roster, 2026-08-26"
17534,KeyBank National Association,OH,OCC,188555486,Large Bank,,,04/03/2023,named,Stephanie Cameron,"SVP, CRA Director",,"127 Public Sq, Cleveland, OH 44114","CBA Community Reinvestment Committee roster, 2026-08-26"
57803,Ally Bank,UT,FED,188184000,Strategic Plan,,,"Sep 28, 2020",named,Jan Bergeson,Executive Compliance Director and CRA Officer,,"200 W Civic Center Dr, Sandy, UT 84070","CBA Community Reinvestment Committee roster, 2026-08-26"
913,The Northern Trust Company,IL,FED,178566494,Wholesale,Outstanding,High Satisfactory,"Oct 15, 2018",role,CRA Officer,"designated public-file contact, The Northern Trust Company",,"50 S La Salle St, Chicago, IL 60603",FDIC BankFind main office; 12 CFR __.43
57890,"HSBC Bank USA, National Association",VA,OCC,173101278,Large Bank,,,09/30/2024,role,CRA Officer,"designated public-file contact, HSBC Bank USA, National Association",,"1800 Tysons Blvd, Tysons, VA 22102",FDIC BankFind main office; 12 CFR __.43
12368,Regions Bank,AL,FED,159787000,Large Bank,High Satisfactory,Low Satisfactory,"Mar 04, 2019",named,Cecil Williams,"EVP, Fair Banking Director",,"1900 5th Ave N, Birmingham, AL 35203","CBA Community Reinvestment Committee roster, 2026-08-26"
5649,Discover Bank,DE,FDIC,145412640,Strategic Plan Evaluation,,,10/01/2022,role,CRA Officer,"designated public-file contact, Discover Bank",,"502 E Market St, Greenwood, DE 19950",FDIC BankFind main office; 12 CFR __.43
35583,Pinnacle Bank,TN,FED,128791735,Large Bank Evaluation,Outstanding,High Satisfactory,01/01/2024,role,CRA Officer,"designated public-file contact, Pinnacle Bank",,"21 Platform Way S, Nashville, TN 37203",FDIC BankFind main office; 12 CFR __.43
57565,"UBS Bank USA, National Association",UT,OCC,124438468,Strategic Plan Evaluation,,,07/01/2024,role,CRA Officer,"designated public-file contact, UBS Bank USA, National Association",,"95 S State St, Salt Lake City, UT 84111",FDIC BankFind main office; 12 CFR __.43
27314,Synchrony Bank,UT,OCC,115217000,Limited Purpose Bank,,,05/05/2025,named,Alan Urie,SVP & CRA Officer,,"170 W Election Rd, Draper, UT 84020","CBA Community Reinvestment Committee roster, 2026-08-26"
57053,Signature Bank,NY,FDIC,110363650,Large Bank Evaluation,Substantial Non Complianc,Substantial Non Complianc,10/01/2022,role,CRA Officer,"designated public-file contact, Signature Bank",,"565 5th Ave, New York, NY 10017",FDIC BankFind main office; 12 CFR __.43
32188,USAA Federal Savings Bank,AZ,OCC,106188000,Strategic Plan,,,06/16/2025,named,Cade Stubblefield,"Director, Compliance Risk Management - CRA",,"1 Norterra Dr, Phoenix, AZ 85085","CBA Community Reinvestment Committee roster, 2026-08-26"
29950,"Santander Bank, N.A.",DE,OCC,103964782,Large Bank,,,01/08/2024,role,CRA Officer,"designated public-file contact, Santander Bank, N.A.",,"824 N Market St, Wilmington, DE 19801",FDIC BankFind main office; 12 CFR __.43
17281,City National Bank,CA,OCC,99102519,Large Bank,,,03/27/2023,role,CRA Officer,"designated public-file contact, City National Bank",,"555 S Flower St, Los Angeles, CA 90071",FDIC BankFind main office; 12 CFR __.43
57512,Western Alliance Bank,AZ,FED,98568765,Strategic Plan,High Satisfactory,High Satisfactory,"May 27, 2025",named,Craig Robinson,Head of Community Relations,(408) 689-8417,"1 E Washington St, Phoenix, AZ 85004","2024-2026 CRA Strategic Plan public notice, hosted by the Federal Reserve"
3514,Bank of the West,CA,FDIC,91580361,Large Bank Evaluation,Outstanding,Outstanding,05/01/2021,role,CRA Officer,"designated public-file contact, Bank of the West",,"180 Montgomery St, San Francisco, CA 94104",FDIC BankFind main office; 12 CFR __.43
2270,"Zions Bancorporation, N.A.",UT,OCC,89041284,Large Bank,,,07/08/2024,role,CRA Officer,"designated public-file contact, Zions Bancorporation, N.A.",,"1 S Main St, Salt Lake City, UT 84133",FDIC BankFind main office; 12 CFR __.43
32541,"Flagstar Bank, National Association",NY,OCC,87714456,Large Bank,,,10/09/2023,named,Beverly Meek,CRA Director,,"102 Duffy Ave, Hicksville, NY 11801","CBA Community Reinvestment Committee roster, 2026-08-26"
18221,"Webster Bank, National Association",CT,OCC,85895199,Large Bank,,,09/11/2023,named,Kevin Girvin,"Managing Director, CRA Program Management",,"1959 Summer St, Stamford, CT 06905","CBA Community Reinvestment Committee roster, 2026-08-26"
31628,East West Bank,CA,FED,84318631,Large Bank,Needs to Improve,Low Satisfactory,"Mar 08, 2021",role,CRA Officer,"designated public-file contact, East West Bank",,"135 N Los Robles Ave, Pasadena, CA 91101",FDIC BankFind main office; 12 CFR __.43
4977,First Horizon Bank,TN,FED,84116168,Large Bank,Outstanding,High Satisfactory,"Nov 30, 2020",named,Beth Trotter Broussard,"EVP, CRA Officer",,"165 Madison Ave, Memphis, TN 38103","CBA Community Reinvestment Committee roster, 2026-08-26"
3832,Old National Bank,IN,OCC,73857462,Large Bank,,,11/03/2025,role,CRA Officer,"designated public-file contact, Old National Bank",,"1 Main St, Evansville, IN 47708",FDIC BankFind main office; 12 CFR __.43
8273,"UMB Bank, National Association",MO,OCC,71898588,Large Bank,,,06/22/2023,role,CRA Officer,"designated public-file contact, UMB Bank, National Association",,"1010 Grand Blvd, Kansas City, MO 64106",FDIC BankFind main office; 12 CFR __.43
33555,"SouthState Bank, National Association",FL,OCC,68794317,Large Bank,,,05/06/2024,role,CRA Officer,"designated public-file contact, SouthState Bank, National Association",,"1101 1st St S, Winter Haven, FL 33880",FDIC BankFind main office; 12 CFR __.43
33306,CIBC Bank USA,IL,FED,66504376,Large Bank Evaluation,Outstanding,Outstanding,02/01/2022,role,CRA Officer,"designated public-file contact, CIBC Bank USA",,"120 S La Salle St, Chicago, IL 60603",FDIC BankFind main office; 12 CFR __.43
9396,Valley National Bank,NJ,OCC,66227555,Large Bank,,,07/14/2025,named,Bernadette Mueller,EVP and Chief CSR-CRA Officer,,"615 Main Ave, Passaic, NJ 07055","CBA Community Reinvestment Committee roster, 2026-08-26"
17266,Columbia Bank,OR,FDIC,65367657,Large Bank Evaluation,Outstanding,High Satisfactory,07/01/2024,role,CRA Officer,"designated public-file contact, Columbia Bank",,"445 Se Main St, Roseburg, OR 97470",FDIC BankFind main office; 12 CFR __.43
34968,Banco Popular de Puerto Rico,PR,FED,63342000,Large Bank,Low Satisfactory,High Satisfactory,"Jun 23, 2025",role,CRA Officer,"designated public-file contact, Banco Popular de Puerto Rico",,"209 Avenida Luis Munoz Rivera, San Juan, PR 00918",FDIC BankFind main office; 12 CFR __.43
16022,New York Community Bank,NY,FDIC,62909410,Large Bank Evaluation,High Satisfactory,High Satisfactory,05/01/2021,role,CRA Officer,"designated public-file contact, New York Community Bank",,"102 Duffy Ave, Hicksville, NY 11801",FDIC BankFind main office; 12 CFR __.43
5510,Frost  Bank,TX,FED,53950075,Large Bank,Outstanding,High Satisfactory,"Mar 04, 2024",named,Sawyer Williams,"Senior VP, CRA Officer",,"111 W Houston St, San Antonio, TX 78205","CBA Community Reinvestment Committee roster, 2026-08-26"
11813,Cadence Bank,MS,FED,53529044,Large Bank Evaluation,Outstanding,Outstanding,08/01/2023,role,CRA Officer,"designated public-file contact, Cadence Bank",,"201 S Spring St, Tupelo, MS 38804",FDIC BankFind main office; 12 CFR __.43
4214,"BOKF, National Association",OK,OCC,52984896,Large Bank,,,07/10/2023,role,CRA Officer,"designated public-file contact, BOKF, National Association",,"1 Williams Ctr, Tulsa, OK 74172",FDIC BankFind main office; 12 CFR __.43
5296,"Associated Bank, National Association",WI,OCC,51756540,Large Bank,,,09/09/2024,named,Chandra Rodgers,Risk and Compliance Director,,"200 N Adams St, Green Bay, WI 54301","CBA Community Reinvestment Committee roster, 2026-08-26"
7888,First National Bank of Pennsylvania,PA,OCC,50801922,Large Bank,,,08/26/2024,role,CRA Officer,"designated public-file contact, First National Bank of Pennsylvania",,"166 Main St, Greenville, PA 16125",FDIC BankFind main office; 12 CFR __.43
33653,Bank of China,NY,OCC,48520695,Wholesale Bank,,,01/06/2025,role,CRA Officer,"designated public-file contact, Bank of China",,"1045 Avenue Of The Americas, New York, NY 10018",FDIC BankFind main office; 12 CFR __.43
34775,"EverBank, National Association",FL,OCC,46690554,Large Bank,,,11/11/2024,named,Kimberly Topping Morris,"SVP, Head of CRA",,"301 W Bay St, Jacksonville, FL 32202","CBA Community Reinvestment Committee roster, 2026-08-26"
33893,Raymond James Bank,FL,FED,45602712,Large Bank,Outstanding,High Satisfactory,"May 22, 2023",role,CRA Officer,"designated public-file contact, Raymond James Bank",,"710 Carillon Pkwy, Saint Petersburg, FL 33716",FDIC BankFind main office; 12 CFR __.43
16835,Prosperity Bank,TX,FDIC,43875300,Large Bank Evaluation,High Satisfactory,Low Satisfactory,11/01/2023,role,CRA Officer,"designated public-file contact, Prosperity Bank",,"1301 N Mechanic St, El Campo, TX 77437",FDIC BankFind main office; 12 CFR __.43
57203,Barclays Bank Delaware,DE,FDIC,43454000,Strategic Plan Evaluation,,,02/01/2026,role,CRA Officer,"designated public-file contact, Barclays Bank Delaware",,"125 S West St, Wilmington, DE 19801",FDIC BankFind main office; 12 CFR __.43
4063,MidFirst Bank,OK,OCC,42834126,Large Bank,,,10/23/2023,named,Charles Lee,"1st VP, Director of Regulatory Affairs, CRA Officer",,"501 Nw Grand Blvd, Oklahoma City, OK 73118","CBA Community Reinvestment Committee roster, 2026-08-26"
110,Bank OZK,AR,FDIC,41703134,Large Bank Evaluation,Outstanding,Low Satisfactory,06/01/2026,named,Lasha Marshall,Director of Compliance - CRA,,"18000 Cantrell Rd, Little Rock, AR 72223","CBA Community Reinvestment Committee roster, 2026-08-26"
623,Deutsche Bank Trust Company Americas,NY,FED,40535000,Wholesale,,,"Jun 18, 2018",role,CRA Officer,"designated public-file contact, Deutsche Bank Trust Company Americas",,"1 Columbus Cir, New York, NY 10019",FDIC BankFind main office; 12 CFR __.43
34589,Atlantic Union Bank,VA,FED,38020862,Large Bank,Low Satisfactory,Low Satisfactory,"Oct 16, 2023",named,Nathalia Artus,Head of Community Impact,,"1051 E Cary St, Richmond City, VA 23219","CBA Community Reinvestment Committee roster, 2026-08-26"
12441,Hancock Whitney Bank,MS,FDIC,36329257,Large Bank Evaluation,Outstanding,Outstanding,07/01/2025,role,CRA Officer,"designated public-file contact, Hancock Whitney Bank",,"2510 14th St, Gulfport, MS 39501",FDIC BankFind main office; 12 CFR __.43
24998,Commerce Bank,MO,FED,35017320,Large Bank,Outstanding,Outstanding,"Nov 28, 2022",role,CRA Officer,"designated public-file contact, Commerce Bank",,"1000 Walnut St, Kansas City, MO 64106",FDIC BankFind main office; 12 CFR __.43
24045,Banc of California,CA,FED,34899077,Large Bank Evaluation,Outstanding,Outstanding,07/01/2021,role,CRA Officer,"designated public-file contact, Banc of California",,"11611 San Vicente Blvd, Los Angeles, CA 90049",FDIC BankFind main office; 12 CFR __.43
58979,"BankUnited, National Association",FL,OCC,34864976,Large Bank,,,10/21/2024,role,CRA Officer,"designated public-file contact, BankUnited, National Association",,"14817 Oak Ln, Miami Lakes, FL 33016",FDIC BankFind main office; 12 CFR __.43
5452,First National Bank of Omaha,NE,OCC,34201445,Large Bank,,,05/27/2025,role,CRA Officer,"designated public-file contact, First National Bank of Omaha",,"1601 Capitol Avenue, Omaha, NE 68102",FDIC BankFind main office; 12 CFR __.43
22858,United Bank,VA,FED,33638881,Large Bank,Needs to Improve,High Satisfactory,"Oct 17, 2022",role,CRA Officer,"designated public-file contact, United Bank",,"11185 Fairfax Blvd, Fairfax, VA 22030",FDIC BankFind main office; 12 CFR __.43
34383,Texas Capital Bank,TX,FED,33622998,Large Bank Evaluation,High Satisfactory,Outstanding,02/01/2024,named,Wayne Hilliard,"Vice President, CRA",,"2000 Mckinney Ave, Dallas, TX 75201","CBA Community Reinvestment Committee roster, 2026-08-26"
7551,"Fulton Bank, National Association",PA,OCC,32561169,Large Bank,,,07/15/2024,role,CRA Officer,"designated public-file contact, Fulton Bank, National Association",,"1 Penn Sq, Lancaster, PA 17602",FDIC BankFind main office; 12 CFR __.43
33947,"TD Bank USA, National Association",DE,OCC,32125899,Limited Purpose Bank,,,09/18/2023,role,CRA Officer,"designated public-file contact, TD Bank USA, National Association",,"2035 Limestone Rd, Wilmington, DE 19808",FDIC BankFind main office; 12 CFR __.43
30788,Glacier Bank,MT,FDIC,31577225,Large Bank Evaluation,High Satisfactory,High Satisfactory,03/01/2026,role,CRA Officer,"designated public-file contact, Glacier Bank",,"49 Commons Loop, Kalispell, MT 59901",FDIC BankFind main office; 12 CFR __.43
32773,Eastern Bank,MA,FDIC,31129348,Large Bank Evaluation,Outstanding,Outstanding,09/01/2025,role,CRA Officer,"designated public-file contact, Eastern Bank",,"125 High St, Boston, MA 02110",FDIC BankFind main office; 12 CFR __.43
7946,"BNY Mellon, National Association",PA,OCC,30616000,Wholesale Bank,,,07/10/2023,role,CRA Officer,"designated public-file contact, BNY Mellon, National Association",,"500 Grant St, Pittsburgh, PA 15258",FDIC BankFind main office; 12 CFR __.43
20234,City National Bank of Florida,FL,OCC,29112337,Large Bank,,,08/19/2024,role,CRA Officer,"designated public-file contact, City National Bank of Florida",,"25 W Flagler St, Miami, FL 33130",FDIC BankFind main office; 12 CFR __.43
16889,United Community Bank,SC,FED,28987812,Large Bank Evaluation,High Satisfactory,High Satisfactory,03/01/2021,role,CRA Officer,"designated public-file contact, United Community Bank",,"200 E Camperdown Way, Greenville, SC 29601",FDIC BankFind main office; 12 CFR __.43
35546,Axos Bank,CA,OCC,28870387,Large Bank,,,04/24/2023,role,CRA Officer,"designated public-file contact, Axos Bank",,"4350 La Jolla Village Dr, San Diego, CA 92122",FDIC BankFind main office; 12 CFR __.43
58177,Sallie Mae Bank,UT,FDIC,28541289,Strategic Plan Evaluation,,,03/01/2024,role,CRA Officer,"designated public-file contact, Sallie Mae Bank",,"175 S West Temple, Salt Lake City, UT 84101",FDIC BankFind main office; 12 CFR __.43
20504,Ameris Bank,GA,FDIC,28419119,Large Bank Evaluation,High Satisfactory,Low Satisfactory,05/01/2024,role,CRA Officer,"designated public-file contact, Ameris Bank",,"3490 Piedmont Rd Ne, Atlanta, GA 30305",FDIC BankFind main office; 12 CFR __.43
8728,Arvest Bank,AR,FED,28053172,Large Bank,Needs to Improve,Low Satisfactory,"Sep 27, 2021",role,CRA Officer,"designated public-file contact, Arvest Bank",,"75 N East Ave, Fayetteville, AR 72701",FDIC BankFind main office; 12 CFR __.43
28892,Investors Bank,NJ,FDIC,27951072,Large Bank Evaluation,High Satisfactory,Outstanding,02/01/2022,role,CRA Officer,"designated public-file contact, Investors Bank",,"101 John F Kennedy Pkwy, Short Hills, NJ 07078",FDIC BankFind main office; 12 CFR __.43
803,"WesBanco Bank, Inc.",WV,FDIC,27745993,Large Bank Evaluation,,Outstanding,07/01/2023,named,LaReta Lowther,Director of Community Development,,"1 Bank Plz, Wheeling, WV 26003","CBA Community Reinvestment Committee roster, 2026-08-26"
28088,WaFd Bank,WA,FDIC,27577403,Large Bank Evaluation,High Satisfactory,High Satisfactory,03/01/2026,role,CRA Officer,"designated public-file contact, WaFd Bank",,"425 Pike St, Seattle, WA 98101",FDIC BankFind main office; 12 CFR __.43
12437,Renasant Bank,MS,FED,26986725,Large Bank Evaluation,High Satisfactory,High Satisfactory,12/01/2024,role,CRA Officer,"designated public-file contact, Renasant Bank",,"209 Troy St, Tupelo, MS 38804",FDIC BankFind main office; 12 CFR __.43
33497,"Charles Schwab Premier Bank, SSB",TX,FED,26576000,Strategic Plan,,,"Oct 14, 2025",role,CRA Officer,"designated public-file contact, Charles Schwab Premier Bank, SSB",,"3000 Schwab Way, Westlake, TX 76262",FDIC BankFind main office; 12 CFR __.43
34444,Customers Bank,PA,FED,26503549,Large Bank,Low Satisfactory,Low Satisfactory,"Nov 02, 2020",role,CRA Officer,"designated public-file contact, Customers Bank",,"40 General Warren Blvd, Malvern, PA 19355",FDIC BankFind main office; 12 CFR __.43
1105,First Interstate Bank,MT,FED,25794971,Large Bank,Low Satisfactory,High Satisfactory,"Mar 18, 2019",named,Rhonda Jones,Community Development Officer,,"401 N 31st St, Billings, MT 59101","CBA Community Reinvestment Committee roster, 2026-08-26"
12010,Provident Bank,NJ,FDIC,25650552,Large Bank Evaluation,Outstanding,High Satisfactory,01/01/2026,role,CRA Officer,"designated public-file contact, Provident Bank",,"239 Washington St, Jersey City, NJ 07302",FDIC BankFind main office; 12 CFR __.43
58303,"Ameriprise Bank, FSB",MN,OCC,25480877,Large Bank,,,04/25/2022,named,Ryan Demarco Anderson,"Director, Bank Community Reinvestment",,"901 3rd Avenue South, Minneapolis, MN 55402","CBA Community Reinvestment Committee roster, 2026-08-26"
9712,Rockland Trust Company,MA,FDIC,24968842,Large Bank Evaluation,Outstanding,High Satisfactory,04/01/2024,named,Isabel Cruz,CRA & Community Development Reporting Officer,,"288 Union St, Rockland, MA 02370","CBA Community Reinvestment Committee roster, 2026-08-26"
3890,Simmons Bank,AR,FED,24732685,Large Bank,Low Satisfactory,Low Satisfactory,"Sep 06, 2022",role,CRA Officer,"designated public-file contact, Simmons Bank",,"501 S Main St, Pine Bluff, AR 71601",FDIC BankFind main office; 12 CFR __.43
18503,Cathay Bank,CA,FDIC,24640966,Large Bank Evaluation,Outstanding,High Satisfactory,02/01/2026,role,CRA Officer,"designated public-file contact, Cathay Bank",,"777 N Broadway, Los Angeles, CA 90012",FDIC BankFind main office; 12 CFR __.43
11241,Centennial Bank,AR,FED,24551658,Large Bank,Low Satisfactory,Low Satisfactory,"Sep 10, 2018",role,CRA Officer,"designated public-file contact, Centennial Bank",,"620 Chestnut St, Conway, AR 72032",FDIC BankFind main office; 12 CFR __.43
58457,TriState Capital Bank,PA,FED,24258271,Strategic Plan Evaluation,,,07/01/2022,role,CRA Officer,"designated public-file contact, TriState Capital Bank",,"1 Oxford Ctr, Pittsburgh, PA 15219",FDIC BankFind main office; 12 CFR __.43
18053,Bank of Hawaii,HI,FED,23808407,Large Bank,Outstanding,Outstanding,"Mar 13, 2023",named,Oscar Solis,"SVP, Director of Consumer Compliance",,"111 S King St, Honolulu, HI 96813","CBA Community Reinvestment Committee roster, 2026-08-26"
17985,First Hawaiian Bank,HI,FDIC,23648513,Large Bank Evaluation,Outstanding,Outstanding,12/01/2025,role,CRA Officer,"designated public-file contact, First Hawaiian Bank",,"999 Bishop St, Honolulu, HI 96813",FDIC BankFind main office; 12 CFR __.43
28359,"OceanFirst Bank, National Association",NJ,OCC,23172826,Large Bank,,,11/18/2024,role,CRA Officer,"designated public-file contact, OceanFirst Bank, National Association",,"975 Hooper Ave, Toms River, NJ 08753",FDIC BankFind main office; 12 CFR __.43
35095,TowneBank,VA,FDIC,22616959,Large Bank Evaluation,Outstanding,Outstanding,02/01/2026,role,CRA Officer,"designated public-file contact, TowneBank",,"5716 High St W, Portsmouth, VA 23703",FDIC BankFind main office; 12 CFR __.43
17838,"Wilmington Savings Fund Society, FSB",DE,OCC,22565353,Large Bank,,,10/23/2023,role,CRA Officer,"designated public-file contact, Wilmington Savings Fund Society, FSB",,"500 Delaware Ave, Wilmington, DE 19801",FDIC BankFind main office; 12 CFR __.43
33682,State Bank of India,NY,FDIC,22507930,Wholesale Bank Evaluation,,,10/01/2024,role,CRA Officer,"designated public-file contact, State Bank of India",,"425 Park Ave, New York, NY 10022",FDIC BankFind main office; 12 CFR __.43
6600,First Financial Bank,OH,FED,22351293,Large Bank,Low Satisfactory,High Satisfactory,"Jun 12, 2023",role,CRA Officer,"designated public-file contact, First Financial Bank",,"255 E 5th St, Cincinnati, OH 45202",FDIC BankFind main office; 12 CFR __.43
17798,Beacon Bank and Trust,MA,FED,22201546,Large Bank,Low Satisfactory,Low Satisfactory,"Sep 09, 2024",role,CRA Officer,"designated public-file contact, Beacon Bank and Trust",,"131 Clarendon St, Boston, MA 02116",FDIC BankFind main office; 12 CFR __.43
57408,"Optum Bank, Inc.",UT,FDIC,21430000,Strategic Plan Evaluation,,,06/01/2026,role,CRA Officer,"designated public-file contact, Optum Bank, Inc.",,"12921 S Vista Station Blvd, Draper, UT 84020",FDIC BankFind main office; 12 CFR __.43
131,Seacoast National Bank,FL,OCC,21335888,Large Bank,,,05/05/2025,role,CRA Officer,"designated public-file contact, Seacoast National Bank",,"815 S Colorado Ave, Stuart, FL 34994",FDIC BankFind main office; 12 CFR __.43
4365,First Merchants Bank,IN,FDIC,21320482,Large Bank Evaluation,Outstanding,High Satisfactory,10/01/2025,role,CRA Officer,"designated public-file contact, First Merchants Bank",,"200 E Jackson St, Muncie, IN 47305",FDIC BankFind main office; 12 CFR __.43
1768,Mechanics Bank,CA,FDIC,21245166,Large Bank Evaluation,Outstanding,Substantial Non Complianc,11/01/2022,named,Courtney Williams,"EVP, Director of CRA Strategy",,"1111 Civic Dr, Walnut Creek, CA 94596","CBA Community Reinvestment Committee roster, 2026-08-26"
21716,"Citizens Business Bank, National Association",CA,OCC,21182524,Large Bank Evaluation,High Satisfactory,Outstanding,08/01/2023,role,CRA Officer,"designated public-file contact, Citizens Business Bank, National Association",,"701 N Haven Ave, Ontario, CA 91764",FDIC BankFind main office; 12 CFR __.43
8056,Merchants Bank of Indiana,IN,FDIC,21170764,Strategic Plan Evaluation,,,07/01/2026,role,CRA Officer,"designated public-file contact, Merchants Bank of Indiana",,"410 Monon Blvd, Carmel, IN 46032",FDIC BankFind main office; 12 CFR __.43
12633,The Central Trust Bank,MO,FED,20307848,Large Bank,Low Satisfactory,High Satisfactory,"Oct 01, 2018",role,CRA Officer,"designated public-file contact, The Central Trust Bank",,"238 Madison St, Jefferson City, MO 65101",FDIC BankFind main office; 12 CFR __.43
33826,Columbia State Bank,WA,FDIC,20258988,Large Bank Evaluation,Outstanding,Outstanding,10/01/2020,role,CRA Officer,"designated public-file contact, Columbia State Bank",,"1301 A St, Tacoma, WA 98402",FDIC BankFind main office; 12 CFR __.43
16068,Apple Bank,NY,FDIC,19887242,Large Bank Evaluation,Low Satisfactory,High Satisfactory,01/01/2024,role,CRA Officer,"designated public-file contact, Apple Bank",,"122 E 42nd St, New York, NY 10168",FDIC BankFind main office; 12 CFR __.43
57311,Stifel Bank and Trust,MO,FED,19620017,Strategic Plan,Outstanding,High Satisfactory,"Mar 23, 2020",role,CRA Officer,"designated public-file contact, Stifel Bank and Trust",,"501 N Broadway, Saint Louis, MO 63102",FDIC BankFind main office; 12 CFR __.43
30387,FirstBank Puerto Rico,PR,FDIC,19222073,Large Bank Evaluation,Outstanding,High Satisfactory,02/01/2026,role,CRA Officer,"designated public-file contact, FirstBank Puerto Rico",,"1519 Ave Ponce De Leon, Santurce, PR 00909",FDIC BankFind main office; 12 CFR __.43
26610,Bank of Hope,CA,FDIC,18987133,Large Bank Evaluation,High Satisfactory,Low Satisfactory,01/01/2025,role,CRA Officer,"designated public-file contact, Bank of Hope",,"3200 Wilshire Blvd, Los Angeles, CA 90010",FDIC BankFind main office; 12 CFR __.43
57993,ServisFirst Bank,AL,FDIC,18344113,Large Bank Evaluation,High Satisfactory,High Satisfactory,07/01/2026,role,CRA Officer,"designated public-file contact, ServisFirst Bank",,"2500 Woodcrest Pl, Birmingham, AL 35209",FDIC BankFind main office; 12 CFR __.43
16450,Busey Bank,IL,FED,18147004,Large Bank Evaluation,,Substantial Non Complianc,12/01/2022,named,Matthew Sabatino,named for written CRA comments,CRA@busey.com,"100 W University Ave, Champaign, IL 61820",busey.com CRA public file page
30012,Third Federal Savings and Loan Association of Cleveland,OH,OCC,18062658,Large Bank,,,11/20/2023,role,CRA Officer,"designated public-file contact, Third Federal Savings and Loan Association of Cleveland",,"7007 Broadway Ave, Cleveland, OH 44105",FDIC BankFind main office; 12 CFR __.43
3076,Independent Bank,TX,FDIC,17535258,Large Bank Evaluation,Low Satisfactory,Low Satisfactory,12/01/2023,role,CRA Officer,"designated public-file contact, Independent Bank",,"7777 Henneman Way, Mckinney, TX 75070",FDIC BankFind main office; 12 CFR __.43
6989,"Community Bank, National Association",NY,OCC,17447957,Large Bank,,,10/06/2025,role,CRA Officer,"designated public-file contact, Community Bank, National Association",,"45-49 Court Street, Canton, NY 13617",FDIC BankFind main office; 12 CFR __.43
27237,Enterprise Bank & Trust,MO,FED,17357139,Large Bank Evaluation,Outstanding,Outstanding,12/01/2023,role,CRA Officer,"designated public-file contact, Enterprise Bank & Trust",,"150 N Meramec Ave, Clayton, MO 63105",FDIC BankFind main office; 12 CFR __.43
28178,Northwest Bank,PA,FDIC,17206047,Large Bank Evaluation,High Satisfactory,High Satisfactory,03/01/2024,role,CRA Officer,"designated public-file contact, Northwest Bank",,"100 Liberty St, Warren, PA 16365",FDIC BankFind main office; 12 CFR __.43
58458,HTLF Bank,CO,FDIC,17203997,Large Bank Evaluation,,,03/01/2023,role,CRA Officer,"designated public-file contact, HTLF Bank",,"1800 Larimer St, Denver, CO 80202",FDIC BankFind main office; 12 CFR __.43
57542,Toyota Financial Savings Bank,NV,FDIC,16786286,Wholesale Bank Evaluation,,,10/01/2024,role,CRA Officer,"designated public-file contact, Toyota Financial Savings Bank",,"2485 Village View Dr, Henderson, NV 89074",FDIC BankFind main office; 12 CFR __.43
8663,FirstBank,TN,FED,16760169,Large Bank Evaluation,,Substantial Non Complianc,07/01/2023,role,CRA Officer,"designated public-file contact, FirstBank",,"1221 Broadway, Nashville, TN 37203",FDIC BankFind main office; 12 CFR __.43
4239,First United Bank and Trust Company,OK,FED,16594244,Large Bank Evaluation,High Satisfactory,High Satisfactory,06/01/2024,role,CRA Officer,"designated public-file contact, First United Bank and Trust Company",,"1400 W Main St, Durant, OK 74701",FDIC BankFind main office; 12 CFR __.43
28489,Banner Bank,WA,FDIC,16586212,Large Bank Evaluation,Outstanding,Outstanding,07/01/2025,named,Camino Smith,"SVP, Manager - Community Reinvestment",,"10 S 1st Ave, Walla Walla, WA 99362","CBA Community Reinvestment Committee roster, 2026-08-26"
33681,Bank of Baroda,NY,FDIC,16237538,Wholesale Bank Evaluation,,,04/01/2024,role,CRA Officer,"designated public-file contact, Bank of Baroda",,"1 Park Ave, New York, NY 10016",FDIC BankFind main office; 12 CFR __.43
7230,"NBT Bank, National Association",NY,OCC,16091731,Large Bank,,,10/02/2023,role,CRA Officer,"designated public-file contact, NBT Bank, National Association",,"52 S Broad St, Norwich, NY 13815",FDIC BankFind main office; 12 CFR __.43
58665,Live Oak Banking Company,NC,FDIC,15959938,Strategic Plan Evaluation,,,09/01/2025,role,CRA Officer,"designated public-file contact, Live Oak Banking Company",,"1757 Tiburon Dr, Wilmington, NC 28403",FDIC BankFind main office; 12 CFR __.43
26876,Safra National Bank of New York,NY,OCC,15692063,Wholesale Bank,,,06/23/2025,role,CRA Officer,"designated public-file contact, Safra National Bank of New York",,"546 5th Ave, New York, NY 10036",FDIC BankFind main office; 12 CFR __.43
4767,"Sunflower Bank, National Association",TX,OCC,15653917,Large Bank,,,11/20/2023,role,CRA Officer,"designated public-file contact, Sunflower Bank, National Association",,"8117 Preston Rd, Dallas, TX 75225",FDIC BankFind main office; 12 CFR __.43
57038,Nicolet National Bank,WI,OCC,15390715,Large Bank,,,07/29/2024,role,CRA Officer,"designated public-file contact, Nicolet National Bank",,"111 N Washington St, Green Bay, WI 54301",FDIC BankFind main office; 12 CFR __.43
3066,First Financial Bank,TX,FED,15234117,Large Bank,Outstanding,Outstanding,"Jun 03, 2024",role,CRA Officer,"designated public-file contact, First Financial Bank",,"400 Pine St, Abilene, TX 79601",FDIC BankFind main office; 12 CFR __.43
19581,Bell Bank,ND,FDIC,15182711,Large Bank Evaluation,High Satisfactory,High Satisfactory,12/01/2024,role,CRA Officer,"designated public-file contact, Bell Bank",,"520 Main Ave, Fargo, ND 58103",FDIC BankFind main office; 12 CFR __.43
6976,Dime Commercial Bank,NY,FED,15033530,Large Bank,High Satisfactory,High Satisfactory,"Jul 30, 2018",role,CRA Officer,"designated public-file contact, Dime Commercial Bank",,"898 Veterans Memorial Hwy, Hauppauge, NY 11788",FDIC BankFind main office; 12 CFR __.43
34967,Popular Bank,NY,FED,15032815,Large Bank,Low Satisfactory,High Satisfactory,"Sep 15, 2025",role,CRA Officer,"designated public-file contact, Popular Bank",,"85 Broad St, New York, NY 10004",FDIC BankFind main office; 12 CFR __.43
25178,"Bank of America California, National Association",CA,OCC,14814000,Wholesale Bank,,,12/31/2015,role,CRA Officer,"designated public-file contact, Bank of America California, National Association",,"555 California St, San Francisco, CA 94104",FDIC BankFind main office; 12 CFR __.43
57358,Stifel Bank,MO,FED,14623006,Strategic Plan,,,"Mar 04, 2024",role,CRA Officer,"designated public-file contact, Stifel Bank",,"501 N Broadway, Saint Louis, MO 63102",FDIC BankFind main office; 12 CFR __.43
57919,ConnectOne Bank,NJ,FDIC,14402382,Large Bank Evaluation,Outstanding,Low Satisfactory,07/01/2026,role,CRA Officer,"designated public-file contact, ConnectOne Bank",,"301 Sylvan Ave, Englewood Cliffs, NJ 07632",FDIC BankFind main office; 12 CFR __.43
19977,Israel Discount Bank of New York,NY,FDIC,14393999,Wholesale Bank Evaluation,,,02/01/2024,role,CRA Officer,"designated public-file contact, Israel Discount Bank of New York",,"1114 Avenue Of The Americas, New York, NY 10036",FDIC BankFind main office; 12 CFR __.43
29209,NexBank,TX,FDIC,14159389,Large Bank Evaluation,High Satisfactory,Low Satisfactory,09/01/2025,role,CRA Officer,"designated public-file contact, NexBank",,"2515 Mckinney Ave, Dallas, TX 75201",FDIC BankFind main office; 12 CFR __.43
57570,Comenity Capital Bank,UT,FDIC,13859050,Strategic Plan Evaluation,,,05/01/2026,role,CRA Officer,"designated public-file contact, Comenity Capital Bank",,"12921 S Vista Station Blvd, Draper, UT 84020",FDIC BankFind main office; 12 CFR __.43
35141,BMW Bank of North America,UT,FDIC,13795765,Strategic Plan Evaluation,,,06/01/2026,role,CRA Officer,"designated public-file contact, BMW Bank of North America",,"2855 East Cottonwood Parkway, Salt Lake City, UT 84121",FDIC BankFind main office; 12 CFR __.43
15019,First Bank,NC,FED,13032205,Large Bank,High Satisfactory,High Satisfactory,"Nov 06, 2023",role,CRA Officer,"designated public-file contact, First Bank",,"205 Se Broad St, Southern Pines, NC 28387",FDIC BankFind main office; 12 CFR __.43
27476,BancFirst,OK,FED,12804688,Large Bank Evaluation,High Satisfactory,Low Satisfactory,08/01/2021,role,CRA Officer,"designated public-file contact, BancFirst",,"100 N Broadway Ave, Oklahoma City, OK 73102",FDIC BankFind main office; 12 CFR __.43
32245,"Dollar Bank, Federal Savings Bank",PA,OCC,12696318,Large Bank,,,01/02/2024,role,CRA Officer,"designated public-file contact, Dollar Bank, Federal Savings Bank",,"340 4th Ave, Pittsburgh, PA 15222",FDIC BankFind main office; 12 CFR __.43
17491,PlainsCapital Bank,TX,FED,12684839,Large Bank,Needs to Improve,Low Satisfactory,"May 17, 2021",role,CRA Officer,"designated public-file contact, PlainsCapital Bank",,"6565 Hillcrest Ave, University Park, TX 75205",FDIC BankFind main office; 12 CFR __.43
6653,The Park National Bank,OH,OCC,12608562,Large Bank,,,04/10/2023,role,CRA Officer,"designated public-file contact, The Park National Bank",,"50 N 3rd St, Newark, OH 43055",FDIC BankFind main office; 12 CFR __.43
59052,NBH Bank,CO,FED,12537055,Large Bank,Low Satisfactory,Low Satisfactory,"Sep 17, 2018",role,CRA Officer,"designated public-file contact, NBH Bank",,"7800 E Orchard Rd, Greenwood Village, CO 80111",FDIC BankFind main office; 12 CFR __.43
32551,"Happen Bank, National Association",UT,OCC,12476843,Intermediate Small Bank,,,08/19/2024,role,CRA Officer,"designated public-file contact, Happen Bank, National Association",,"2701 N Thanksgiving Way, Lehi, UT 84043",FDIC BankFind main office; 12 CFR __.43
7468,First Commonwealth Bank,PA,FDIC,12175009,Large Bank Evaluation,High Satisfactory,High Satisfactory,09/01/2023,named,Evan Zuverink,"Vice President, CRA Officer",,"654 Philadelphia St, Indiana, PA 15701","CBA Community Reinvestment Committee roster, 2026-08-26"
28834,Columbia Bank,NJ,OCC,12166315,Large Bank,,,09/02/2023,role,CRA Officer,"designated public-file contact, Columbia Bank",,"19-01 Route 208, Fair Lawn, NJ 07410",FDIC BankFind main office; 12 CFR __.43
31469,Oriental Bank,PR,FDIC,12043258,Large Bank Evaluation,Low Satisfactory,Low Satisfactory,07/01/2024,role,CRA Officer,"designated public-file contact, Oriental Bank",,"254 Munoz Rivera, San Juan, PR 00918",FDIC BankFind main office; 12 CFR __.43
23621,Berkshire Bank,MA,FDIC,12027717,Large Bank Evaluation,Outstanding,Substantial Non Complianc,04/01/2023,role,CRA Officer,"designated public-file contact, Berkshire Bank",,"24 North St, Pittsfield, MA 01201",FDIC BankFind main office; 12 CFR __.43
1225,Farmers and Merchants Bank of Long Beach,CA,FED,11770092,Large Bank,Low Satisfactory,Outstanding,"Sep 17, 2018",role,CRA Officer,"designated public-file contact, Farmers and Merchants Bank of Long Beach",,"302 Pine Ave, Long Beach, CA 90802",FDIC BankFind main office; 12 CFR __.43
58647,First Foundation Bank,CA,FDIC,11343543,Large Bank Evaluation,High Satisfactory,High Satisfactory,03/01/2025,role,CRA Officer,"designated public-file contact, First Foundation Bank",,"18101 Von Karman Ave, Irvine, CA 92612",FDIC BankFind main office; 12 CFR __.43
57833,Beal Bank USA,NV,FDIC,11045111,Wholesale Bank Evaluation,,,06/01/2023,role,CRA Officer,"designated public-file contact, Beal Bank USA",,"1970 Village Center Cir, Las Vegas, NV 89134",FDIC BankFind main office; 12 CFR __.43
33686,Bank Hapoalim B.M.,NY,FDIC,11040725,Wholesale Bank Evaluation,,,04/01/2025,role,CRA Officer,"designated public-file contact, Bank Hapoalim B.M.",,"1120 Avenue Of The Americas, New York, NY 10036",FDIC BankFind main office; 12 CFR __.43
11578,Burke & Herbert Bank & Trust Company,VA,FED,10984290,Large Bank Evaluation,Low Satisfactory,High Satisfactory,11/01/2023,role,CRA Officer,"designated public-file contact, Burke & Herbert Bank & Trust Company",,"100 S Fairfax St, Alexandria, VA 22314",FDIC BankFind main office; 12 CFR __.43
19953,Lakeland Bank,NJ,FDIC,10961829,Large Bank Evaluation,Outstanding,Outstanding,10/01/2020,role,CRA Officer,"designated public-file contact, Lakeland Bank",,"2717 Route 23, Newfoundland, NJ 07435",FDIC BankFind main office; 12 CFR __.43
34697,WEX Bank,UT,FDIC,10708586,Large Bank Evaluation,Low Satisfactory,Low Satisfactory,10/01/2025,role,CRA Officer,"designated public-file contact, WEX Bank",,"111 E Sego Lily Dr, Sandy, UT 84070",FDIC BankFind main office; 12 CFR __.43
1281,Washington Trust Bank,WA,FDIC,10536386,Large Bank Evaluation,High Satisfactory,High Satisfactory,01/01/2026,role,CRA Officer,"designated public-file contact, Washington Trust Bank",,"717 W Sprague Ave, Spokane, WA 99201",FDIC BankFind main office; 12 CFR __.43
12854,Centier Bank,IN,FDIC,10411663,Large Bank Evaluation,High Satisfactory,High Satisfactory,01/01/2024,role,CRA Officer,"designated public-file contact, Centier Bank",,"1500 119th St, Whiting, IN 46394",FDIC BankFind main office; 12 CFR __.43
58629,Stellar Bank,TX,FED,10404868,Large Bank Evaluation,High Satisfactory,High Satisfactory,08/01/2024,role,CRA Officer,"designated public-file contact, Stellar Bank",,"9 Greenway Plz, Houston, TX 77046",FDIC BankFind main office; 12 CFR __.43
14531,Amarillo National Bank,TX,OCC,10380511,Large Bank,,,09/08/2025,role,CRA Officer,"designated public-file contact, Amarillo National Bank",,"410 S Taylor St, Amarillo, TX 79101",FDIC BankFind main office; 12 CFR __.43
258,Stock Yards Bank & Trust Company,KY,FDIC,10360306,Large Bank Evaluation,Outstanding,High Satisfactory,08/01/2024,role,CRA Officer,"designated public-file contact, Stock Yards Bank & Trust Company",,"1040 E Main St, Louisville, KY 40206",FDIC BankFind main office; 12 CFR __.43
22953,"Amerant Bank, National Association",FL,OCC,10274427,Large Bank,,,07/14/2025,role,CRA Officer,"designated public-file contact, Amerant Bank, National Association",,"220 Alhambra Cir, Coral Gables, FL 33134",FDIC BankFind main office; 12 CFR __.43
19629,International Bank of Commerce,TX,FDIC,10194733,Large Bank Evaluation,Outstanding,High Satisfactory,01/01/2025,named,Irene Guzman,First VP - Corporate CRA Officer,,"1200 San Bernardo Ave, Laredo, TX 78040","CBA Community Reinvestment Committee roster, 2026-08-26"
12614,Origin Bank,LA,FED,10177963,Large Bank,Low Satisfactory,Low Satisfactory,"Nov 04, 2019",role,CRA Officer,"designated public-file contact, Origin Bank",,"3921 Elm St, Choudrant, LA 71227",FDIC BankFind main office; 12 CFR __.43
11124,S&T Bank,PA,FDIC,9935678,Large Bank Evaluation,High Satisfactory,High Satisfactory,03/01/2025,role,CRA Officer,"designated public-file contact, S&T Bank",,"800 Philadelphia St, Indiana, PA 15701",FDIC BankFind main office; 12 CFR __.43
21943,Tri Counties Bank,CA,FDIC,9929055,Large Bank Evaluation,Outstanding,Outstanding,07/01/2025,role,CRA Officer,"designated public-file contact, Tri Counties Bank",,"63 Constitution Dr, Chico, CA 95973",FDIC BankFind main office; 12 CFR __.43
20624,Byline Bank,IL,FDIC,9909436,Large Bank Evaluation,High Satisfactory,High Satisfactory,11/01/2025,role,CRA Officer,"designated public-file contact, Byline Bank",,"180 N La Salle St, Chicago, IL 60601",FDIC BankFind main office; 12 CFR __.43
27981,Capitol Federal Savings Bank,KS,OCC,9677291,Large Bank,,,07/22/2024,role,CRA Officer,"designated public-file contact, Capitol Federal Savings Bank",,"700 S Kansas Ave, Topeka, KS 66603",FDIC BankFind main office; 12 CFR __.43
34742,EagleBank,MD,FED,9618012,Large Bank,Low Satisfactory,Low Satisfactory,"Oct 28, 2024",role,CRA Officer,"designated public-file contact, EagleBank",,"7500 Old Georgetown Rd, Bethesda, MD 20814",FDIC BankFind main office; 12 CFR __.43
26342,"RBC Bank, (Georgia) National Association",GA,OCC,9594495,Large Bank,,,10/27/2025,role,CRA Officer,"designated public-file contact, RBC Bank, (Georgia) National Association",,"3550 Lenox Rd Ne, Atlanta, GA 30326",FDIC BankFind main office; 12 CFR __.43
33935,"Wintrust Bank, National Association",IL,OCC,9567734,Large Bank,,,09/08/2025,role,CRA Officer,"designated public-file contact, Wintrust Bank, National Association",,"231 S La Salle St, Chicago, IL 60604",FDIC BankFind main office; 12 CFR __.43
6544,Peoples Bank,OH,FED,9530050,Large Bank,Outstanding,High Satisfactory,"Mar 23, 2020",role,CRA Officer,"designated public-file contact, Peoples Bank",,"138 Putnam St, Marietta, OH 45750",FDIC BankFind main office; 12 CFR __.43
622,Amalgamated Bank,NY,FDIC,9409107,Large Bank Evaluation,High Satisfactory,Low Satisfactory,10/01/2024,role,CRA Officer,"designated public-file contact, Amalgamated Bank",,"275 7th Ave, New York, NY 10001",FDIC BankFind main office; 12 CFR __.43
17943,Liberty Bank,CT,FDIC,9379852,Large Bank Evaluation,Outstanding,Outstanding,12/01/2024,role,CRA Officer,"designated public-file contact, Liberty Bank",,"245 Long Hill Rd, Middletown, CT 06457",FDIC BankFind main office; 12 CFR __.43
9087,1st Source Bank,IN,FED,9259143,Large Bank,Needs to Improve,High Satisfactory,"Sep 25, 2023",role,CRA Officer,"designated public-file contact, 1st Source Bank",,"100 N Michigan St Ste B, South Bend, IN 46601",FDIC BankFind main office; 12 CFR __.43
27589,"Lake Forest Bank & Trust Company, National Association",IL,OCC,9250823,Large Bank,,,07/29/2024,role,CRA Officer,"designated public-file contact, Lake Forest Bank & Trust Company, National Association",,"727 N Bank Ln, Lake Forest, IL 60045",FDIC BankFind main office; 12 CFR __.43
13421,Union Bank and Trust Company,NE,FDIC,9238781,Large Bank Evaluation,Low Satisfactory,Outstanding,07/01/2025,role,CRA Officer,"designated public-file contact, Union Bank and Trust Company",,"3643 S 48th St, Lincoln, NE 68506",FDIC BankFind main office; 12 CFR __.43
35444,"The Bancorp Bank, National Association",SD,OCC,9205913,Strategic Plan Evaluation,,,07/01/2022,role,CRA Officer,"designated public-file contact, The Bancorp Bank, National Association",,"345 N Reid Pl, Sioux Falls, SD 57103",FDIC BankFind main office; 12 CFR __.43
10634,Pinnacle Bank,NE,FDIC,9177122,Large Bank Evaluation,High Satisfactory,High Satisfactory,03/01/2025,role,CRA Officer,"designated public-file contact, Pinnacle Bank",,"1401 N St, Lincoln, NE 68508",FDIC BankFind main office; 12 CFR __.43
3705,"First Mid Bank & Trust, National Association",IL,OCC,9142999,Large Bank,,,01/06/2025,role,CRA Officer,"designated public-file contact, First Mid Bank & Trust, National Association",,"1515 Charleston Ave, Mattoon, IL 61938",FDIC BankFind main office; 12 CFR __.43
34519,Merrick Bank,UT,FDIC,9129523,Strategic Plan Evaluation,,,05/01/2026,role,CRA Officer,"designated public-file contact, Merrick Bank",,"10705 S Jordan Gtwy, South Jordan, UT 84095",FDIC BankFind main office; 12 CFR __.43
32526,"American Savings Bank, National Association",HI,OCC,9049160,Large Bank,,,04/03/2023,role,CRA Officer,"designated public-file contact, American Savings Bank, National Association",,"300 N Beretania St, Honolulu, HI 96817",FDIC BankFind main office; 12 CFR __.43
23220,Woodforest National Bank,TX,OCC,8984913,Large Bank,,,05/22/2023,named,Doug Schaeffer,"Executive Director, CRA & Community Development",,"1330 Lake Robbins Dr, The Woodlands, TX 77380","CBA Community Reinvestment Committee roster, 2026-08-26"
58228,b1BANK,LA,FDIC,8893460,Large Bank Evaluation,Low Satisfactory,Low Satisfactory,10/01/2023,role,CRA Officer,"designated public-file contact, b1BANK",,"500 Laurel St, Baton Rouge, LA 70801",FDIC BankFind main office; 12 CFR __.43
58564,Flushing Bank,NY,FDIC,8860980,Large Bank Evaluation,High Satisfactory,High Satisfactory,07/01/2025,role,CRA Officer,"designated public-file contact, Flushing Bank",,"260e Rxr Plz, Uniondale, NY 11556",FDIC BankFind main office; 12 CFR __.43
34699,Metropolitan Commercial Bank,NY,FED,8857429,Large Bank,High Satisfactory,High Satisfactory,"Nov 03, 2025",role,CRA Officer,"designated public-file contact, Metropolitan Commercial Bank",,"99 Park Ave, New York, NY 10016",FDIC BankFind main office; 12 CFR __.43
23296,Salem Five Cents Savings Bank,MA,FDIC,8820482,Large Bank Evaluation,Low Satisfactory,High Satisfactory,06/01/2024,role,CRA Officer,"designated public-file contact, Salem Five Cents Savings Bank",,"71 Washington St, Salem, MA 01970",FDIC BankFind main office; 12 CFR __.43
609,Tompkins Bank & Trust,NY,FDIC,8790772,Large Bank Evaluation,Low Satisfactory,High Satisfactory,09/01/2023,role,CRA Officer,"designated public-file contact, Tompkins Bank & Trust",,"118 E Seneca St, Ithaca, NY 14850",FDIC BankFind main office; 12 CFR __.43
27389,Wells Fargo National Bank West,NV,OCC,8769681,Limited Purpose Bank,,,02/04/2019,role,CRA Officer,"designated public-file contact, Wells Fargo National Bank West",,"4455 Spring Mountain Rd, Las Vegas, NV 89102",FDIC BankFind main office; 12 CFR __.43
18297,Southside Bank,TX,FDIC,8758892,Large Bank Evaluation,Outstanding,High Satisfactory,04/01/2025,role,CRA Officer,"designated public-file contact, Southside Bank",,"1201 S Beckham Ave, Tyler, TX 75701",FDIC BankFind main office; 12 CFR __.43
3657,First American Bank,IL,FDIC,8626339,Large Bank Evaluation,Low Satisfactory,Low Satisfactory,09/01/2025,named,David J. Leeney,CRA Officer,website contact form,"700 Busse Rd, Elk Grove Village, IL 60007",firstambank.com CRA page
5633,First Security Bank,AR,FED,8583002,Large Bank Evaluation,High Satisfactory,High Satisfactory,01/01/2021,role,CRA Officer,"designated public-file contact, First Security Bank",,"314 N Spring St, Searcy, AR 72143",FDIC BankFind main office; 12 CFR __.43
29845,Premier Bank,OH,FDIC,8556139,Large Bank Evaluation,Low Satisfactory,Low Satisfactory,06/01/2022,role,CRA Officer,"designated public-file contact, Premier Bank",,"275 W Federal St, Youngstown, OH 44503",FDIC BankFind main office; 12 CFR __.43
58410,Cross River Bank,NJ,FDIC,8527799,Large Bank Evaluation,Outstanding,High Satisfactory,10/01/2025,role,CRA Officer,"designated public-file contact, Cross River Bank",,"2115 Linwood Ave, Fort Lee, NJ 07024",FDIC BankFind main office; 12 CFR __.43
57614,Forbright Bank,MD,FDIC,8480361,Intermediate Small Bank Evaluation,,,07/01/2024,role,CRA Officer,"designated public-file contact, Forbright Bank",,"7963 Tuckerman Ln, Potomac, MD 20854",FDIC BankFind main office; 12 CFR __.43
17393,German American Bank,IN,FDIC,8426559,Large Bank Evaluation,Low Satisfactory,Low Satisfactory,10/01/2024,role,CRA Officer,"designated public-file contact, German American Bank",,"711 Main St, Jasper, IN 47546",FDIC BankFind main office; 12 CFR __.43
29012,Heritage Bank,WA,FDIC,8424258,Large Bank Evaluation,High Satisfactory,Low Satisfactory,01/01/2024,role,CRA Officer,"designated public-file contact, Heritage Bank",,"201 5th Ave Sw, Olympia, WA 98501",FDIC BankFind main office; 12 CFR __.43
13876,CNB Bank,PA,FED,8414627,Large Bank Evaluation,High Satisfactory,High Satisfactory,03/01/2025,role,CRA Officer,"designated public-file contact, CNB Bank",,"1 S 2nd St, Clearfield, PA 16830",FDIC BankFind main office; 12 CFR __.43
33806,Opus Bank,CA,FDIC,8383194,Large Bank Evaluation,Outstanding,Outstanding,01/01/2019,role,CRA Officer,"designated public-file contact, Opus Bank",,"19900 Macarthur Blvd., 12th Floor, Irvine, CA 92612",FDIC BankFind main office; 12 CFR __.43
5903,BankPlus,MS,FED,8376253,Large Bank Evaluation,Outstanding,Low Satisfactory,09/01/2025,role,CRA Officer,"designated public-file contact, BankPlus",,"202 E Jackson St, Belzoni, MS 39038",FDIC BankFind main office; 12 CFR __.43
57903,Poppy Bank,CA,FDIC,8318539,Large Bank Evaluation,High Satisfactory,High Satisfactory,01/01/2026,role,CRA Officer,"designated public-file contact, Poppy Bank",,"111 Santa Rosa Avenue, Santa Rosa, CA 95404",FDIC BankFind main office; 12 CFR __.43
32178,Luther Burbank Savings,CA,FDIC,8229363,Large Bank Evaluation,High Satisfactory,Outstanding,08/01/2021,role,CRA Officer,"designated public-file contact, Luther Burbank Savings",,"500 3rd St, Santa Rosa, CA 95401",FDIC BankFind main office; 12 CFR __.43
7759,Univest  Bank and Trust Co.,PA,FED,8168987,Large Bank,Needs to Improve,Low Satisfactory,"Jan 13, 2020",role,CRA Officer,"designated public-file contact, Univest  Bank and Trust Co.",,"790 Route 113, Souderton, PA 18964",FDIC BankFind main office; 12 CFR __.43
11035,Peapack Private Bank & Trust,NJ,FED,7963962,Large Bank,Low Satisfactory,Low Satisfactory,"Jun 07, 2021",role,CRA Officer,"designated public-file contact, Peapack Private Bank & Trust",,"500 Hills Drive Suite 300, Bedminster, NJ 07921",FDIC BankFind main office; 12 CFR __.43
24170,Hanmi Bank,CA,FDIC,7954215,Large Bank Evaluation,Low Satisfactory,High Satisfactory,01/01/2024,channel,CRA Officer,"role, no name published",hanmi.com/community-reinvestment-act/ · (213) 382-2200,"3660 Wilshire Blvd Ste Ph-A, Los Angeles, CA 90010",bank website
953,Bankers Trust Company,IA,FDIC,7832471,Large Bank Evaluation,Outstanding,Outstanding,02/01/2026,role,CRA Officer,"designated public-file contact, Bankers Trust Company",,"453 7th St, Des Moines, IA 50309",FDIC BankFind main office; 12 CFR __.43
16191,Stockman Bank of Montana,MT,FDIC,7746640,Large Bank Evaluation,Outstanding,High Satisfactory,10/01/2023,role,CRA Officer,"designated public-file contact, Stockman Bank of Montana",,"700 Main St, Miles City, MT 59301",FDIC BankFind main office; 12 CFR __.43
18408,Bangor Savings Bank,ME,FDIC,7739717,Large Bank Evaluation,Outstanding,Outstanding,10/01/2025,role,CRA Officer,"designated public-file contact, Bangor Savings Bank",,"24 Hamlin Way, Bangor, ME 04401",FDIC BankFind main office; 12 CFR __.43
33539,Preferred Bank,CA,FDIC,7731004,Large Bank Evaluation,High Satisfactory,Outstanding,07/01/2026,role,CRA Officer,"designated public-file contact, Preferred Bank",,"601 S Figueroa St, Los Angeles, CA 90017",FDIC BankFind main office; 12 CFR __.43
25858,Equity Bank,KS,FED,7714314,Large Bank,Low Satisfactory,Low Satisfactory,"Aug 07, 2023",role,CRA Officer,"designated public-file contact, Equity Bank",,"345 N Andover Rd, Andover, KS 67002",FDIC BankFind main office; 12 CFR __.43
28765,Kearny Bank,NJ,FDIC,7665322,Large Bank Evaluation,Outstanding,Outstanding,10/01/2025,role,CRA Officer,"designated public-file contact, Kearny Bank",,"614 Kearny Ave, Kearny, NJ 07032",FDIC BankFind main office; 12 CFR __.43
24156,Ocean Bank,FL,FDIC,7625472,Large Bank Evaluation,Low Satisfactory,Low Satisfactory,12/01/2023,channel,CRA Officer,"role, no name published",oceanbank.com CRA public file section,"780 Nw 42nd Ave, Miami, FL 33126",bank website
16980,Bank of Colorado,CO,FDIC,7610881,Large Bank Evaluation,Low Satisfactory,High Satisfactory,03/01/2025,role,CRA Officer,"designated public-file contact, Bank of Colorado",,"1609 E Harmony Rd, Fort Collins, CO 80525",FDIC BankFind main office; 12 CFR __.43
32489,HomeStreet Bank,WA,FDIC,7604778,Large Bank Evaluation,Outstanding,,03/01/2023,role,CRA Officer,"designated public-file contact, HomeStreet Bank",,"601 Union Street, Suite 2000, Seattle, WA 98101",FDIC BankFind main office; 12 CFR __.43
16026,Ridgewood Savings Bank,NY,FDIC,7548632,Large Bank Evaluation,High Satisfactory,High Satisfactory,06/01/2026,role,CRA Officer,"designated public-file contact, Ridgewood Savings Bank",,"7102 Forest Ave, Ridgewood, NY 11385",FDIC BankFind main office; 12 CFR __.43
34953,Northpointe Bank,MI,FDIC,7529347,Strategic Plan Evaluation,,,07/01/2023,role,CRA Officer,"designated public-file contact, Northpointe Bank",,"3333 Deposit Dr Ne, Grand Rapids, MI 49546",FDIC BankFind main office; 12 CFR __.43
17308,Central Pacific Bank,HI,FED,7495070,Large Bank Evaluation,Outstanding,,05/01/2023,role,CRA Officer,"designated public-file contact, Central Pacific Bank",,"220 S King St, Honolulu, HI 96813",FDIC BankFind main office; 12 CFR __.43
58648,CrossFirst Bank,KS,FDIC,7447108,Large Bank Evaluation,High Satisfactory,High Satisfactory,02/01/2025,role,CRA Officer,"designated public-file contact, CrossFirst Bank",,"11440 Tomahawk Creek Pkwy, Leawood, KS 66211",FDIC BankFind main office; 12 CFR __.43
26483,Needham Bank,MA,FED,7416433,Large Bank,Low Satisfactory,Low Satisfactory,"Nov 07, 2022",role,CRA Officer,"designated public-file contact, Needham Bank",,"1063 Great Plain Ave, Needham, MA 02492",FDIC BankFind main office; 12 CFR __.43
33648,Bank of India,NY,FDIC,7415358,Wholesale Bank Evaluation,,,08/01/2026,role,CRA Officer,"designated public-file contact, Bank of India",,"277 Park Ave, New York, NY 10017",FDIC BankFind main office; 12 CFR __.43
23498,"TBK BANK, SSB",TX,FDIC,7399039,Large Bank Evaluation,High Satisfactory,Outstanding,07/01/2026,role,CRA Officer,"designated public-file contact, TBK BANK, SSB",,"12700 Park Central Dr, Dallas, TX 75251",FDIC BankFind main office; 12 CFR __.43
33661,"Mizrahi Tefahot Bank, Ltd.",CA,FDIC,7389525,Wholesale Bank Evaluation,,,03/01/2024,role,CRA Officer,"designated public-file contact, Mizrahi Tefahot Bank, Ltd.",,"633 W 5th St, Los Angeles, CA 90071",FDIC BankFind main office; 12 CFR __.43
27499,Comenity Bank,DE,FDIC,7370991,Limited Purpose Evaluation,,,05/01/2026,role,CRA Officer,"designated public-file contact, Comenity Bank",,"1 Righter Pkwy, Wilmington, DE 19803",FDIC BankFind main office; 12 CFR __.43
30776,"Pathward, National Association",SD,OCC,7313151,Strategic Plan,,,01/29/2024,role,CRA Officer,"designated public-file contact, Pathward, National Association",,"5501 S Broadband Ln, Sioux Falls, SD 57108",FDIC BankFind main office; 12 CFR __.43
13102,Lake City Bank,IN,FED,7237115,Large Bank,Low Satisfactory,High Satisfactory,"Mar 01, 2021",role,CRA Officer,"designated public-file contact, Lake City Bank",,"202 E Center St, Warsaw, IN 46580",FDIC BankFind main office; 12 CFR __.43
18203,United Bank,CT,FDIC,7184258,Large Bank Evaluation,Low Satisfactory,Low Satisfactory,04/01/2019,role,CRA Officer,"designated public-file contact, United Bank",,"151 Asylum Street, Hartford, CT 06103",FDIC BankFind main office; 12 CFR __.43
6540,The Farmers National Bank of Canfield,OH,OCC,7159502,Large Bank,,,10/07/2024,role,CRA Officer,"designated public-file contact, The Farmers National Bank of Canfield",,"20 S Broad St, Canfield, OH 44406",FDIC BankFind main office; 12 CFR __.43
19943,Century Bank and Trust Company,MA,FDIC,7112322,Large Bank Evaluation,Outstanding,High Satisfactory,05/01/2021,role,CRA Officer,"designated public-file contact, Century Bank and Trust Company",,"102 Fellsway W, Somerville, MA 02145",FDIC BankFind main office; 12 CFR __.43
20296,Johnson Bank,WI,FED,7068332,Large Bank,Low Satisfactory,High Satisfactory,"Sep 29, 2025",role,CRA Officer,"designated public-file contact, Johnson Bank",,"555 Main St, Racine, WI 53403",FDIC BankFind main office; 12 CFR __.43
23627,Republic Bank & Trust Company,KY,FDIC,7054835,Large Bank Evaluation,Outstanding,Outstanding,07/01/2026,role,CRA Officer,"designated public-file contact, Republic Bank & Trust Company",,"601 W Market St, Louisville, KY 40202",FDIC BankFind main office; 12 CFR __.43
9889,Mid Penn Bank,PA,FDIC,7038845,Large Bank Evaluation,,,06/01/2023,role,CRA Officer,"designated public-file contact, Mid Penn Bank",,"349 Union St, Millersburg, PA 17061",FDIC BankFind main office; 12 CFR __.43
17870,Cambridge Savings Bank,MA,FDIC,6980671,Large Bank Evaluation,Outstanding,Outstanding,04/01/2025,role,CRA Officer,"designated public-file contact, Cambridge Savings Bank",,"1374 Massachusetts Ave, Cambridge, MA 02138",FDIC BankFind main office; 12 CFR __.43
2720,"Community Trust Bank, Inc.",KY,FED,6947398,Large Bank,Low Satisfactory,Low Satisfactory,"Oct 07, 2019",role,CRA Officer,"designated public-file contact, Community Trust Bank, Inc.",,"346 N Mayo Trl, Pikeville, KY 41501",FDIC BankFind main office; 12 CFR __.43
4255,The Camden National Bank,ME,OCC,6940603,Large Bank,,,11/18/2024,role,CRA Officer,"designated public-file contact, The Camden National Bank",,"2 Elm St, Camden, ME 04843",FDIC BankFind main office; 12 CFR __.43
3603,Old Second National Bank,IL,OCC,6861243,Large Bank,,,09/15/2025,role,CRA Officer,"designated public-file contact, Old Second National Bank",,"37 S River St, Aurora, IL 60506",FDIC BankFind main office; 12 CFR __.43
17438,First National Bank of America,MI,OCC,6818824,Large Bank,,,06/03/2024,role,CRA Officer,"designated public-file contact, First National Bank of America",,"241 E Saginaw St, East Lansing, MI 48823",FDIC BankFind main office; 12 CFR __.43
33849,"Hinsdale Bank & Trust Company, National Association",IL,OCC,6800738,Large Bank,,,02/02/2026,role,CRA Officer,"designated public-file contact, Hinsdale Bank & Trust Company, National Association",,"25 E 1st St, Hinsdale, IL 60521",FDIC BankFind main office; 12 CFR __.43
16012,Dime Community Bank,NY,FDIC,6775780,Large Bank Evaluation,High Satisfactory,High Satisfactory,12/01/2020,role,CRA Officer,"designated public-file contact, Dime Community Bank",,"149 Kent Avenue, Brooklyn, NY 11249",FDIC BankFind main office; 12 CFR __.43
4799,"Intrust Bank, National Association",KS,OCC,6761946,Large Bank,,,01/17/2023,role,CRA Officer,"designated public-file contact, Intrust Bank, National Association",,"105 N Main St, Wichita, KS 67202",FDIC BankFind main office; 12 CFR __.43
17735,City National Bank of West Virginia,WV,OCC,6756219,Large Bank,,,08/25/2025,role,CRA Officer,"designated public-file contact, City National Bank of West Virginia",,"3601 Maccorkle Ave Se, Charleston, WV 25304",FDIC BankFind main office; 12 CFR __.43
10359,Happy State Bank,TX,FDIC,6749038,Large Bank Evaluation,High Satisfactory,Outstanding,01/01/2022,role,CRA Officer,"designated public-file contact, Happy State Bank",,"100 East Main Street, Happy, TX 79042",FDIC BankFind main office; 12 CFR __.43
58716,Third Coast Bank,TX,FED,6728468,Intermediate Small Bank Evaluation,High Satisfactory,High Satisfactory,03/01/2019,role,CRA Officer,"designated public-file contact, Third Coast Bank",,"20202 Highway 59 N, Humble, TX 77338",FDIC BankFind main office; 12 CFR __.43
20369,Heartland Bank and Trust Company,IL,FDIC,6721503,Large Bank Evaluation,High Satisfactory,High Satisfactory,05/01/2024,role,CRA Officer,"designated public-file contact, Heartland Bank and Trust Company",,"401 N Hershey Rd, Bloomington, IL 61704",FDIC BankFind main office; 12 CFR __.43
23091,Alpine Bank,CO,FDIC,6694329,Large Bank Evaluation,Outstanding,High Satisfactory,01/01/2024,role,CRA Officer,"designated public-file contact, Alpine Bank",,"2200 Grand Ave, Glenwood Springs, CO 81601",FDIC BankFind main office; 12 CFR __.43
1040,Midland States Bank,IL,FED,6691838,Large Bank,Low Satisfactory,Low Satisfactory,"Jun 21, 2021",role,CRA Officer,"designated public-file contact, Midland States Bank",,"1201 Network Centre Dr, Effingham, IL 62401",FDIC BankFind main office; 12 CFR __.43
12229,First Bank,MO,FED,6654998,Large Bank,Low Satisfactory,Low Satisfactory,"Jan 29, 2024",role,CRA Officer,"designated public-file contact, First Bank",,"11901 Olive Boulevard, St. Louis, MO 63141",FDIC BankFind main office; 12 CFR __.43
18618,SMBC MANUBANK,CA,FDIC,6596628,Large Bank Evaluation,High Satisfactory,High Satisfactory,08/01/2023,role,CRA Officer,"designated public-file contact, SMBC MANUBANK",,"515 South Figueroa Street, Ground Floor, Los Angeles, CA 90071",FDIC BankFind main office; 12 CFR __.43
23623,"The Washington Trust Company, of Westerly",RI,FDIC,6551001,Large Bank Evaluation,High Satisfactory,High Satisfactory,05/01/2024,role,CRA Officer,"designated public-file contact, The Washington Trust Company, of Westerly",,"23 Broad St, Westerly, RI 02891",FDIC BankFind main office; 12 CFR __.43
4360,Horizon Bank,IN,FDIC,6548335,Large Bank Evaluation,Low Satisfactory,High Satisfactory,04/01/2026,role,CRA Officer,"designated public-file contact, Horizon Bank",,"515 Franklin St, Michigan City, IN 46360",FDIC BankFind main office; 12 CFR __.43
31945,TrustCo Bank,NY,OCC,6523938,Large Bank,,,08/14/2023,role,CRA Officer,"designated public-file contact, TrustCo Bank",,"1 Sarnowski Dr, Glenville, NY 12302",FDIC BankFind main office; 12 CFR __.43
29566,"United Fidelity Bank, fsb",IN,OCC,6493323,Intermediate Small Bank,,,01/08/2024,role,CRA Officer,"designated public-file contact, United Fidelity Bank, fsb",,"18 Nw 4th St, Evansville, IN 47708",FDIC BankFind main office; 12 CFR __.43
12054,Emigrant Bank,NY,FDIC,6412660,Large Bank Evaluation,Outstanding,,03/01/2023,role,CRA Officer,"designated public-file contact, Emigrant Bank",,"5 E 42nd St, New York, NY 10017",FDIC BankFind main office; 12 CFR __.43
9423,Choice Financial Group,ND,FDIC,6383512,Large Bank Evaluation,High Satisfactory,High Satisfactory,06/01/2025,role,CRA Officer,"designated public-file contact, Choice Financial Group",,"4501 23rd Ave S, Fargo, ND 58104",FDIC BankFind main office; 12 CFR __.43
57082,"Northbrook Bank and Trust Company, National Association",IL,OCC,6366430,Large Bank,,,07/21/2025,role,CRA Officer,"designated public-file contact, Northbrook Bank and Trust Company, National Association",,"1100 Waukegan Rd, Northbrook, IL 60062",FDIC BankFind main office; 12 CFR __.43
659,Five Star Bank,NY,FED,6294915,Large Bank,High Satisfactory,Needs to Improve,"May 06, 2019",role,CRA Officer,"designated public-file contact, Five Star Bank",,"100 Chestnut St, Rochester, NY 14604",FDIC BankFind main office; 12 CFR __.43
14843,MidWestOne Bank,IA,FDIC,6254039,Large Bank Evaluation,High Satisfactory,Outstanding,10/01/2025,role,CRA Officer,"designated public-file contact, MidWestOne Bank",,"102 S Clinton St, Iowa City, IA 52240",FDIC BankFind main office; 12 CFR __.43
34598,Mercantile Bank,MI,FDIC,6240347,Large Bank Evaluation,Outstanding,High Satisfactory,07/01/2025,role,CRA Officer,"designated public-file contact, Mercantile Bank",,"310 Leonard St Nw, Grand Rapids, MI 49504",FDIC BankFind main office; 12 CFR __.43
10248,First International Bank & Trust,ND,FDIC,6175429,Large Bank Evaluation,Low Satisfactory,Low Satisfactory,12/01/2023,role,CRA Officer,"designated public-file contact, First International Bank & Trust",,"100 N Main St, Watford City, ND 58854",FDIC BankFind main office; 12 CFR __.43
4382,"First Financial Bank, National Association",IN,OCC,6171777,Large Bank,,,08/12/2024,role,CRA Officer,"designated public-file contact, First Financial Bank, National Association",,"1 First Financial Plz, Terre Haute, IN 47807",FDIC BankFind main office; 12 CFR __.43
90183,Middlesex Savings Bank,MA,FDIC,6148813,Large Bank Evaluation,Outstanding,Outstanding,11/01/2023,role,CRA Officer,"designated public-file contact, Middlesex Savings Bank",,"6 Main St, Natick, MA 01760",FDIC BankFind main office; 12 CFR __.43
4832,"Shore United Bank, National Association",MD,OCC,6148263,Large Bank,,,07/21/2025,role,CRA Officer,"designated public-file contact, Shore United Bank, National Association",,"18 E Dover St, Easton, MD 21601",FDIC BankFind main office; 12 CFR __.43
33510,East Boston Savings Bank,MA,FDIC,6127605,Large Bank Evaluation,High Satisfactory,Low Satisfactory,06/01/2021,role,CRA Officer,"designated public-file contact, East Boston Savings Bank",,"10 Meridian St, Boston, MA 02128",FDIC BankFind main office; 12 CFR __.43
34294,CFG Bank,MD,FDIC,6121189,Large Bank Evaluation,High Satisfactory,Low Satisfactory,09/01/2024,role,CRA Officer,"designated public-file contact, CFG Bank",,"11 W Ridgely Rd, Lutherville, MD 21093",FDIC BankFind main office; 12 CFR __.43
58463,SmartBank,TN,FED,6107436,Large Bank,Needs to Improve,Low Satisfactory,"Sep 13, 2021",role,CRA Officer,"designated public-file contact, SmartBank",,"2430 Teaster Ln, Pigeon Forge, TN 37863",FDIC BankFind main office; 12 CFR __.43
21265,Bradesco Bank,FL,FDIC,6098846,Large Bank Evaluation,Outstanding,High Satisfactory,05/01/2026,role,CRA Officer,"designated public-file contact, Bradesco Bank",,"3011 Ponce De Leon Boulevard Ph1, Coral Gables, FL 33134",FDIC BankFind main office; 12 CFR __.43
18983,River City Bank,CA,FDIC,6042514,Large Bank Evaluation,Substantial Non Complianc,,04/01/2023,channel,CRA Officer,"role, no name published",rivercitybank.com/cra-public-file/,"2480 Natomas Park Dr, Sacramento, CA 95833",bank CRA public file page
20828,Banco Santander Puerto Rico,PR,FDIC,5990637,Large Bank Evaluation,High Satisfactory,Outstanding,06/01/2019,role,CRA Officer,"designated public-file contact, Banco Santander Puerto Rico",,"207 Ave Ponce De Leon, San Juan, PR 00917",FDIC BankFind main office; 12 CFR __.43
57815,Banesco USA,FL,FDIC,5980882,Large Bank Evaluation,High Satisfactory,Outstanding,03/01/2026,role,CRA Officer,"designated public-file contact, Banesco USA",,"3155 Nw 77 Avenue, Miami, FL 33122",FDIC BankFind main office; 12 CFR __.43
26962,Wilson Bank and Trust,TN,FDIC,5978782,Large Bank Evaluation,High Satisfactory,High Satisfactory,03/01/2026,role,CRA Officer,"designated public-file contact, Wilson Bank and Trust",,"623 W Main St, Lebanon, TN 37087",FDIC BankFind main office; 12 CFR __.43
19222,Fremont Bank,CA,FDIC,5966572,Large Bank Evaluation,High Satisfactory,High Satisfactory,06/01/2026,role,CRA Officer,"designated public-file contact, Fremont Bank",,"39150 Fremont Blvd, Fremont, CA 94538",FDIC BankFind main office; 12 CFR __.43
5304,"Bank First, N.A.",WI,OCC,5944186,Large Bank,,,10/02/2023,role,CRA Officer,"designated public-file contact, Bank First, N.A.",,"402 N 8th St, Manitowoc, WI 54220",FDIC BankFind main office; 12 CFR __.43
19416,CTBC Bank Corp. (USA),CA,FDIC,5872649,Large Bank Evaluation,Substantial Non Complianc,Substantial Non Complianc,07/01/2023,named,Robert De Acevedo,SVP & CRA Officer,not published,"801 S Figueroa St, Los Angeles, CA 90017",web search result; NOT confirmed on the bank's own site
27332,Republic Bank,PA,FDIC,5866190,Large Bank Evaluation,High Satisfactory,High Satisfactory,11/01/2023,role,CRA Officer,"designated public-file contact, Republic Bank",,"50 S 16th St, Philadelphia, PA 19102",FDIC BankFind main office; 12 CFR __.43
1331,Farmers & Merchants Bank of Central California,CA,FDIC,5834435,Large Bank Evaluation,Outstanding,Outstanding,05/01/2026,role,CRA Officer,"designated public-file contact, Farmers & Merchants Bank of Central California",,"121 W Pine St, Lodi, CA 95240",FDIC BankFind main office; 12 CFR __.43
15697,Beneficial Bank,PA,FDIC,5808297,Large Bank Evaluation,Outstanding,Outstanding,01/01/2018,role,CRA Officer,"designated public-file contact, Beneficial Bank",,"1139 Chestnut Street, Philadelphia, PA 19107",FDIC BankFind main office; 12 CFR __.43
3430,Westamerica Bank,CA,FED,5768175,Large Bank,Low Satisfactory,High Satisfactory,"Oct 01, 2018",role,CRA Officer,"designated public-file contact, Westamerica Bank",,"1108 5th Ave, San Rafael, CA 94901",FDIC BankFind main office; 12 CFR __.43
27811,Independent Bank,MI,FED,5656124,Large Bank,Low Satisfactory,Low Satisfactory,"Oct 30, 2023",role,CRA Officer,"designated public-file contact, Independent Bank",,"4200 E Beltline Ave Ne, Grand Rapids, MI 49525",FDIC BankFind main office; 12 CFR __.43
59070,HarborOne Bank,MA,FDIC,5627193,Large Bank Evaluation,Outstanding,Outstanding,08/01/2021,role,CRA Officer,"designated public-file contact, HarborOne Bank",,"68 Legion Pkwy, Brockton, MA 02301",FDIC BankFind main office; 12 CFR __.43
26647,Firstrust Savings Bank,PA,FDIC,5622445,Large Bank Evaluation,Low Satisfactory,Low Satisfactory,07/01/2024,role,CRA Officer,"designated public-file contact, Firstrust Savings Bank",,"15 E Ridge Pike, Conshohocken, PA 19428",FDIC BankFind main office; 12 CFR __.43
23287,The Cape Cod Five Cents Savings Bank,MA,FDIC,5619396,Large Bank Evaluation,Outstanding,Outstanding,06/01/2024,role,CRA Officer,"designated public-file contact, The Cape Cod Five Cents Savings Bank",,"1500 Iyannough Rd, Hyannis, MA 02601",FDIC BankFind main office; 12 CFR __.43
713,Orrstown Bank,PA,FED,5611609,Large Bank,Low Satisfactory,Low Satisfactory,"Jan 25, 2021",role,CRA Officer,"designated public-file contact, Orrstown Bank",,"4750 Lindle Rd, Harrisburg, PA 17111",FDIC BankFind main office; 12 CFR __.43
90250,Institution for Savings in Newburyport and Its Vicinity,MA,FDIC,5564409,Large Bank Evaluation,Outstanding,Low Satisfactory,02/01/2026,role,CRA Officer,"designated public-file contact, Institution for Savings in Newburyport and Its Vicinity",,"93 State St, Newburyport, MA 01950",FDIC BankFind main office; 12 CFR __.43
34607,First Internet Bank of Indiana,IN,FDIC,5526397,Strategic Plan Evaluation,,,11/01/2024,role,CRA Officer,"designated public-file contact, First Internet Bank of Indiana",,"8701 E 116th St, Fishers, IN 46038",FDIC BankFind main office; 12 CFR __.43
29546,Great Southern Bank,MO,FDIC,5526075,Large Bank Evaluation,High Satisfactory,Low Satisfactory,09/01/2024,role,CRA Officer,"designated public-file contact, Great Southern Bank",,"14309 State Highway 13, Reeds Spring, MO 65737",FDIC BankFind main office; 12 CFR __.43
23474,The American National Bank of Texas,TX,OCC,5505445,Large Bank,,,05/15/2023,role,CRA Officer,"designated public-file contact, The American National Bank of Texas",,"102 W Moore Ave, Terrell, TX 75160",FDIC BankFind main office; 12 CFR __.43
28710,Northfield Bank,NY,OCC,5501333,Large Bank,,,05/15/2023,role,CRA Officer,"designated public-file contact, Northfield Bank",,"4142 Hylan Blvd, Staten Island, NY 10308",FDIC BankFind main office; 12 CFR __.43
34403,Coastal Community Bank,WA,FED,5452231,Int Small Bank,,,"Mar 07, 2022",role,CRA Officer,"designated public-file contact, Coastal Community Bank",,"5415 Evergreen Way, Everett, WA 98203",FDIC BankFind main office; 12 CFR __.43
22653,Green Dot Bank DBA Bonneville Bank,UT,FED,5442537,Strategic Plan,,,"Nov 12, 2024",role,CRA Officer,"designated public-file contact, Green Dot Bank DBA Bonneville Bank",,"1675 N 200 W, Provo, UT 84604",FDIC BankFind main office; 12 CFR __.43
7514,Peoples Security Bank and Trust Company,PA,FDIC,5432891,Large Bank Evaluation,High Satisfactory,High Satisfactory,01/01/2024,role,CRA Officer,"designated public-file contact, Peoples Security Bank and Trust Company",,"100 S Blakely St, Dunmore, PA 18512",FDIC BankFind main office; 12 CFR __.43
15797,Broadway National Bank,TX,OCC,5422636,Large Bank,,,11/06/2023,role,CRA Officer,"designated public-file contact, Broadway National Bank",,"1177 Ne Loop 410, San Antonio, TX 78209",FDIC BankFind main office; 12 CFR __.43
4091,"Stride Bank, National Association",OK,OCC,5417575,Large Bank,,,08/04/2025,role,CRA Officer,"designated public-file contact, Stride Bank, National Association",,"324 W Broadway Ave, Enid, OK 73701",FDIC BankFind main office; 12 CFR __.43
6985,The Canandaigua National Bank and Trust Company,NY,OCC,5405882,Large Bank,,,11/04/2024,role,CRA Officer,"designated public-file contact, The Canandaigua National Bank and Trust Company",,"72 S Main St, Canandaigua, NY 14424",FDIC BankFind main office; 12 CFR __.43
25103,City Bank,TX,FDIC,5388227,Large Bank Evaluation,Low Satisfactory,Low Satisfactory,04/01/2024,role,CRA Officer,"designated public-file contact, City Bank",,"5219 City Bank Pkwy, Lubbock, TX 79407",FDIC BankFind main office; 12 CFR __.43
58210,Bridgewater Bank,MN,FDIC,5377688,Large Bank Evaluation,High Satisfactory,High Satisfactory,07/01/2026,role,CRA Officer,"designated public-file contact, Bridgewater Bank",,"4450 Excelsior Blvd, Saint Louis Park, MN 55416",FDIC BankFind main office; 12 CFR __.43
35361,Five Star Bank,CA,FDIC,5377033,Large Bank Evaluation,High Satisfactory,Low Satisfactory,02/01/2025,role,CRA Officer,"designated public-file contact, Five Star Bank",,"2240 Douglas Blvd, Roseville, CA 95661",FDIC BankFind main office; 12 CFR __.43
18429,Morton Community Bank,IL,FDIC,5349867,Large Bank Evaluation,High Satisfactory,Low Satisfactory,08/01/2024,role,CRA Officer,"designated public-file contact, Morton Community Bank",,"721 W Jackson St, Morton, IL 61550",FDIC BankFind main office; 12 CFR __.43
57056,Celtic Bank,UT,FDIC,5333882,Strategic Plan Evaluation,,,01/01/2024,role,CRA Officer,"designated public-file contact, Celtic Bank",,"268 S State St, Salt Lake City, UT 84111",FDIC BankFind main office; 12 CFR __.43
27210,InterBank,OK,FED,5329352,Large Bank,Needs to Improve,Low Satisfactory,"Jul 10, 2023",role,CRA Officer,"designated public-file contact, InterBank",,"4921 N May Ave, Oklahoma City, OK 73112",FDIC BankFind main office; 12 CFR __.43
8152,Cambridge Trust Company,MA,FDIC,5325505,Large Bank Evaluation,High Satisfactory,Outstanding,02/01/2021,role,CRA Officer,"designated public-file contact, Cambridge Trust Company",,"1336 Massachusetts Ave, Cambridge, MA 02138",FDIC BankFind main office; 12 CFR __.43
15359,Southern Bank and Trust Company,NC,FDIC,5304325,Large Bank Evaluation,High Satisfactory,Low Satisfactory,10/01/2024,role,CRA Officer,"designated public-file contact, Southern Bank and Trust Company",,"100 N Center St, Mount Olive, NC 28365",FDIC BankFind main office; 12 CFR __.43
57134,"Leader Bank, National Association",MA,OCC,5284723,Large Bank,,,06/09/2025,role,CRA Officer,"designated public-file contact, Leader Bank, National Association",,"141 Massachusetts Ave, Arlington, MA 02474",FDIC BankFind main office; 12 CFR __.43
3931,"Alerus Financial, National Association",ND,OCC,5276612,Large Bank,,,07/14/2025,role,CRA Officer,"designated public-file contact, Alerus Financial, National Association",,"401 Demers Ave, Grand Forks, ND 58201",FDIC BankFind main office; 12 CFR __.43
19690,Northeast Bank,ME,FDIC,5227725,Strategic Plan Evaluation,,,05/01/2026,role,CRA Officer,"designated public-file contact, Northeast Bank",,"27 Pearl St, Portland, ME 04101",FDIC BankFind main office; 12 CFR __.43
28332,Southern Bank,MO,FED,5185949,Large Bank,High Satisfactory,High Satisfactory,"Oct 16, 2023",role,CRA Officer,"designated public-file contact, Southern Bank",,"2991 Oak Grove Rd, Poplar Bluff, MO 63901",FDIC BankFind main office; 12 CFR __.43
34395,"Barrington Bank & Trust Company, National Association",IL,OCC,5165793,Large Bank,,,06/03/2024,role,CRA Officer,"designated public-file contact, Barrington Bank & Trust Company, National Association",,"201 S Hough St, Barrington, IL 60010",FDIC BankFind main office; 12 CFR __.43
3405,Vantage Bank Texas,TX,FED,5137149,Int Small Bank,Low Satisfactory,Low Satisfactory,"May 06, 2019",role,CRA Officer,"designated public-file contact, Vantage Bank Texas",,"45 Ne Loop 410, San Antonio, TX 78216",FDIC BankFind main office; 12 CFR __.43
16130,First National Bank Alaska,AK,OCC,5123849,Large Bank,,,01/02/2024,role,CRA Officer,"designated public-file contact, First National Bank Alaska",,"360 K St, Anchorage, AK 99501",FDIC BankFind main office; 12 CFR __.43
8879,Community Bank of Mississippi,MS,FDIC,5089438,Large Bank Evaluation,Low Satisfactory,High Satisfactory,10/01/2023,role,CRA Officer,"designated public-file contact, Community Bank of Mississippi",,"1905 Community Bank Way, Flowood, MS 39232",FDIC BankFind main office; 12 CFR __.43
23030,Community West Bank,CA,FDIC,5024446,Large Bank Evaluation,High Satisfactory,High Satisfactory,08/01/2025,role,CRA Officer,"designated public-file contact, Community West Bank",,"7100 N Financial Dr, Fresno, CA 93720",FDIC BankFind main office; 12 CFR __.43
1536,Bank of Stockton,CA,FDIC,4994340,Large Bank Evaluation,Low Satisfactory,High Satisfactory,06/01/2025,role,CRA Officer,"designated public-file contact, Bank of Stockton",,"301 E Miner Ave, Stockton, CA 95202",FDIC BankFind main office; 12 CFR __.43
27408,Enterprise Bank and Trust Company,MA,FDIC,4953455,Large Bank Evaluation,High Satisfactory,Outstanding,01/01/2024,role,CRA Officer,"designated public-file contact, Enterprise Bank and Trust Company",,"222 Merrimack St, Lowell, MA 01852",FDIC BankFind main office; 12 CFR __.43
35237,"John Deere Financial, f.s.b.",WI,OCC,4934911,Limited Purpose Bank,,,03/09/2026,role,CRA Officer,"designated public-file contact, John Deere Financial, f.s.b.",,"8383 Greenway Blvd, Middleton, WI 53562",FDIC BankFind main office; 12 CFR __.43
17437,Dacotah Bank,SD,FED,4922868,Large Bank,Low Satisfactory,High Satisfactory,"Mar 27, 2023",role,CRA Officer,"designated public-file contact, Dacotah Bank",,"308 S Main St, Aberdeen, SD 57401",FDIC BankFind main office; 12 CFR __.43
57135,CresCom Bank,SC,FDIC,4801769,Large Bank Evaluation,Low Satisfactory,Low Satisfactory,11/01/2018,role,CRA Officer,"designated public-file contact, CresCom Bank",,"288 Meeting Street, Charleston, SC 29401",FDIC BankFind main office; 12 CFR __.43
58596,Carter Bank & Trust,VA,FED,4797064,Large Bank Evaluation,Low Satisfactory,High Satisfactory,05/01/2024,role,CRA Officer,"designated public-file contact, Carter Bank & Trust",,"4 Commonwealth Blvd E, Martinsville, VA 24112",FDIC BankFind main office; 12 CFR __.43
14650,Hills Bank and Trust Company,IA,FDIC,4794969,Large Bank Evaluation,Outstanding,Outstanding,07/01/2023,role,CRA Officer,"designated public-file contact, Hills Bank and Trust Company",,"131 Main St, Hills, IA 52235",FDIC BankFind main office; 12 CFR __.43
33803,"Wheaton Bank & Trust, National Association",IL,OCC,4790736,Large Bank,,,06/27/2022,role,CRA Officer,"designated public-file contact, Wheaton Bank & Trust, National Association",,"100 N Wheaton Ave, Wheaton, IL 60187",FDIC BankFind main office; 12 CFR __.43
3973,First Bank & Trust,SD,FDIC,4784894,Large Bank Evaluation,Outstanding,High Satisfactory,05/01/2026,role,CRA Officer,"designated public-file contact, First Bank & Trust",,"520 6th St, Brookings, SD 57006",FDIC BankFind main office; 12 CFR __.43
11971,Bar Harbor Bank & Trust,ME,FDIC,4734427,Large Bank Evaluation,High Satisfactory,High Satisfactory,06/01/2025,role,CRA Officer,"designated public-file contact, Bar Harbor Bank & Trust",,"82 Main St, Bar Harbor, ME 04609",FDIC BankFind main office; 12 CFR __.43
34717,"Town Bank, National Association",WI,OCC,4708678,Large Bank,,,06/20/2022,role,CRA Officer,"designated public-file contact, Town Bank, National Association",,"850 W North Shore Dr, Hartland, WI 53029",FDIC BankFind main office; 12 CFR __.43
35295,Southern First Bank,SC,FDIC,4703075,Large Bank Evaluation,High Satisfactory,High Satisfactory,05/01/2025,role,CRA Officer,"designated public-file contact, Southern First Bank",,"6 Verdae Blvd, Greenville, SC 29607",FDIC BankFind main office; 12 CFR __.43
11507,The Fidelity Bank,NC,FDIC,4662244,Large Bank Evaluation,Low Satisfactory,Low Satisfactory,03/01/2026,role,CRA Officer,"designated public-file contact, The Fidelity Bank",,"100 S Main St, Fuquay Varina, NC 27526",FDIC BankFind main office; 12 CFR __.43
3285,First National Bank Texas,TX,OCC,4644738,Large Bank,,,07/17/2023,role,CRA Officer,"designated public-file contact, First National Bank Texas",,"901 E Central Texas Expy, Killeen, TX 76541",FDIC BankFind main office; 12 CFR __.43
34102,"Summit Community Bank, Inc",WV,FDIC,4633672,Large Bank Evaluation,Low Satisfactory,High Satisfactory,09/01/2022,role,CRA Officer,"designated public-file contact, Summit Community Bank, Inc",,"310 N Main St, Moorefield, WV 26836",FDIC BankFind main office; 12 CFR __.43
90213,PeoplesBank,MA,FDIC,4622834,Large Bank Evaluation,Outstanding,High Satisfactory,11/01/2025,role,CRA Officer,"designated public-file contact, PeoplesBank",,"330 Whitney Ave, Holyoke, MA 01040",FDIC BankFind main office; 12 CFR __.43
3250,"VeraBank, National Association",TX,OCC,4582833,Large Bank,,,02/21/2023,role,CRA Officer,"designated public-file contact, VeraBank, National Association",,"201 W Main St, Henderson, TX 75652",FDIC BankFind main office; 12 CFR __.43
25679,International Bank of Commerce,TX,FDIC,4561812,Large Bank Evaluation,Outstanding,Low Satisfactory,01/01/2025,named,Irene Guzman,First VP - Corporate CRA Officer,,"1600 Fm 802, Brownsville, TX 78521","CBA Community Reinvestment Committee roster, 2026-08-26"
90211,Hingham Institution for Savings,MA,FDIC,4556545,Large Bank Evaluation,High Satisfactory,Low Satisfactory,03/01/2026,role,CRA Officer,"designated public-file contact, Hingham Institution for Savings",,"55 Main St, Hingham, MA 02043",FDIC BankFind main office; 12 CFR __.43
17323,First State Community Bank,MO,FDIC,4505753,Large Bank Evaluation,Outstanding,Outstanding,06/01/2023,role,CRA Officer,"designated public-file contact, First State Community Bank",,"201 E Columbia St, Farmington, MO 63640",FDIC BankFind main office; 12 CFR __.43
20099,Texas Exchange Bank,TX,FDIC,4490496,Wholesale Bank Evaluation,,,11/01/2023,role,CRA Officer,"designated public-file contact, Texas Exchange Bank",,"109 N Crowley Rd, Crowley, TX 76036",FDIC BankFind main office; 12 CFR __.43
31313,First Federal Bank,FL,OCC,4485958,Large Bank,,,07/31/2023,role,CRA Officer,"designated public-file contact, First Federal Bank",,"4705 W Us Highway 90, Lake City, FL 32055",FDIC BankFind main office; 12 CFR __.43
58181,Metro City Bank,GA,FDIC,4465591,Large Bank Evaluation,High Satisfactory,High Satisfactory,01/01/2026,role,CRA Officer,"designated public-file contact, Metro City Bank",,"5114 Buford Hwy Ne, Doraville, GA 30340",FDIC BankFind main office; 12 CFR __.43
7074,Arrow Bank National Association,NY,OCC,4456940,Large Bank,,,08/12/2024,role,CRA Officer,"designated public-file contact, Arrow Bank National Association",,"250 Glen St, Glens Falls, NY 12801",FDIC BankFind main office; 12 CFR __.43
1014,ChoiceOne Bank,MI,FED,4453559,Large Bank,Low Satisfactory,Low Satisfactory,"Oct 21, 2024",role,CRA Officer,"designated public-file contact, ChoiceOne Bank",,"109 E Division St, Sparta, MI 49345",FDIC BankFind main office; 12 CFR __.43
9622,Capital City Bank,FL,FED,4447362,Large Bank,Needs to Improve,Low Satisfactory,"Sep 30, 2019",role,CRA Officer,"designated public-file contact, Capital City Bank",,"217 N Monroe St, Tallahassee, FL 32301",FDIC BankFind main office; 12 CFR __.43
27677,HomeTrust Bank,NC,FED,4437045,Large Bank,Low Satisfactory,Low Satisfactory,"Sep 13, 2021",role,CRA Officer,"designated public-file contact, HomeTrust Bank",,"10 Woodfin St, Asheville, NC 28801",FDIC BankFind main office; 12 CFR __.43
34788,American Business Bank,CA,FDIC,4417375,Large Bank Evaluation,High Satisfactory,High Satisfactory,06/01/2024,role,CRA Officer,"designated public-file contact, American Business Bank",,"400 S Hope St, Los Angeles, CA 90071",FDIC BankFind main office; 12 CFR __.43
15229,First Business Bank,WI,FDIC,4410309,Large Bank Evaluation,Outstanding,Low Satisfactory,07/01/2026,role,CRA Officer,"designated public-file contact, First Business Bank",,"401 Charmany Dr, Madison, WI 53719",FDIC BankFind main office; 12 CFR __.43
20164,Sunwest Bank,UT,FDIC,4408654,Large Bank Evaluation,Low Satisfactory,High Satisfactory,03/01/2025,role,CRA Officer,"designated public-file contact, Sunwest Bank",,"10011 S Centennial Pkwy, Sandy, UT 84070",FDIC BankFind main office; 12 CFR __.43
17842,Texas Bank and Trust Company,TX,FDIC,4339112,Large Bank Evaluation,High Satisfactory,High Satisfactory,01/01/2026,role,CRA Officer,"designated public-file contact, Texas Bank and Trust Company",,"300 E Whaley St, Longview, TX 75601",FDIC BankFind main office; 12 CFR __.43
57968,Primis Bank,VA,FED,4336833,Large Bank,Low Satisfactory,Low Satisfactory,"Nov 29, 2021",role,CRA Officer,"designated public-file contact, Primis Bank",,"1665 Tappahannock Blvd, Tappahannock, VA 22560",FDIC BankFind main office; 12 CFR __.43
32612,"NATIONAL COOPERATIVE BANK, N.A.",OH,OCC,4329072,Large Bank,,,10/14/2025,role,CRA Officer,"designated public-file contact, NATIONAL COOPERATIVE BANK, N.A.",,"139 S High St, Hillsboro, OH 45133",FDIC BankFind main office; 12 CFR __.43
33664,State Bank of India,IL,FDIC,4321255,Wholesale Bank Evaluation,,,02/01/2024,role,CRA Officer,"designated public-file contact, State Bank of India",,"200 N La Salle St, Chicago, IL 60601",FDIC BankFind main office; 12 CFR __.43
12982,Civista Bank,OH,FED,4286454,Large Bank,Low Satisfactory,Low Satisfactory,"May 13, 2019",role,CRA Officer,"designated public-file contact, Civista Bank",,"100 E Water St, Sandusky, OH 44870",FDIC BankFind main office; 12 CFR __.43
22918,The First Bank and Trust Company,VA,FED,4275801,Large Bank,Low Satisfactory,Low Satisfactory,"Oct 19, 2020",role,CRA Officer,"designated public-file contact, The First Bank and Trust Company",,"359 W Main St, Lebanon, VA 24266",FDIC BankFind main office; 12 CFR __.43
58816,Royal Business Bank,CA,FDIC,4267264,Large Bank Evaluation,High Satisfactory,High Satisfactory,10/01/2023,role,CRA Officer,"designated public-file contact, Royal Business Bank",,"1055 Wilshire Blvd, Los Angeles, CA 90017",FDIC BankFind main office; 12 CFR __.43
19080,Inwood National Bank,TX,OCC,4260043,Large Bank,,,08/07/2023,role,CRA Officer,"designated public-file contact, Inwood National Bank",,"7621 Inwood Rd, Dallas, TX 75209",FDIC BankFind main office; 12 CFR __.43
27614,Fulton Bank of New Jersey,NJ,FDIC,4238175,Large Bank Evaluation,Outstanding,Outstanding,03/01/2018,role,CRA Officer,"designated public-file contact, Fulton Bank of New Jersey",,"533 Fellowship Road, Suite 250, Mount Laurel, NJ 08054",FDIC BankFind main office; 12 CFR __.43
1617,The Bank of Missouri,MO,FDIC,4225030,Large Bank Evaluation,Low Satisfactory,High Satisfactory,04/01/2025,role,CRA Officer,"designated public-file contact, The Bank of Missouri",,"916 N Kings Hwy, Perryville, MO 63775",FDIC BankFind main office; 12 CFR __.43
19459,United Community Bank,IL,FDIC,4129042,Large Bank Evaluation,High Satisfactory,High Satisfactory,10/01/2025,role,CRA Officer,"designated public-file contact, United Community Bank",,"301 N Main St, Chatham, IL 62629",FDIC BankFind main office; 12 CFR __.43
24920,Woori America Bank,NY,FDIC,4116181,Large Bank Evaluation,High Satisfactory,High Satisfactory,11/01/2023,role,CRA Officer,"designated public-file contact, Woori America Bank",,"330 5th Ave, New York, NY 10001",FDIC BankFind main office; 12 CFR __.43
58481,First Bank,NJ,FDIC,4087406,Large Bank Evaluation,High Satisfactory,High Satisfactory,09/01/2024,role,CRA Officer,"designated public-file contact, First Bank",,"2465 Kuser Rd, Hamilton, NJ 08690",FDIC BankFind main office; 12 CFR __.43
33440,Citizens First Bank,FL,FDIC,4064821,Large Bank Evaluation,Substantial Non Complianc,,10/01/2022,role,CRA Officer,"designated public-file contact, Citizens First Bank",,"1050 Lake Sumter Lndg, The Villages, FL 32162",FDIC BankFind main office; 12 CFR __.43
27774,Gate City Bank,ND,OCC,4043047,Large Bank,,,09/02/2025,role,CRA Officer,"designated public-file contact, Gate City Bank",,"500 2nd Ave N, Fargo, ND 58102",FDIC BankFind main office; 12 CFR __.43
30076,"Spencer Savings Bank, SLA",NJ,FDIC,4036255,Large Bank Evaluation,Outstanding,Outstanding,04/01/2026,role,CRA Officer,"designated public-file contact, Spencer Savings Bank, SLA",,"611 River Dr, Elmwood Park, NJ 07407",FDIC BankFind main office; 12 CFR __.43
15614,West Bank,IA,FDIC,4029129,Large Bank Evaluation,High Satisfactory,High Satisfactory,01/01/2024,role,CRA Officer,"designated public-file contact, West Bank",,"3330 Westown Parkway, West Des Moines, IA 50266",FDIC BankFind main office; 12 CFR __.43
57044,"California Bank of Commerce, National Association",CA,OCC,4022876,Intermediate Small Bank,,,03/18/2024,role,CRA Officer,"designated public-file contact, California Bank of Commerce, National Association",,"12265 El Camino Real, San Diego, CA 92130",FDIC BankFind main office; 12 CFR __.43
32296,Union Savings Bank,OH,FDIC,4019642,Large Bank Evaluation,High Satisfactory,Low Satisfactory,05/01/2024,role,CRA Officer,"designated public-file contact, Union Savings Bank",,"8805 Governors Hill Dr, Cincinnati, OH 45249",FDIC BankFind main office; 12 CFR __.43
58255,River Bank & Trust,AL,FDIC,4017745,Large Bank Evaluation,High Satisfactory,High Satisfactory,10/01/2023,role,CRA Officer,"designated public-file contact, River Bank & Trust",,"2611 Legends Dr, Prattville, AL 36066",FDIC BankFind main office; 12 CFR __.43
15815,Central Bank & Trust Co.,KY,FDIC,4011565,Large Bank Evaluation,Outstanding,Outstanding,07/01/2025,role,CRA Officer,"designated public-file contact, Central Bank & Trust Co.",,"300 W Vine St, Lexington, KY 40507",FDIC BankFind main office; 12 CFR __.43
28866,Oritani Bank,NJ,FDIC,3988696,Large Bank Evaluation,High Satisfactory,Low Satisfactory,10/01/2018,role,CRA Officer,"designated public-file contact, Oritani Bank",,"370 Pascack Road, Township Of Washington, NJ 07676",FDIC BankFind main office; 12 CFR __.43
14065,Vallant Bank,GA,FDIC,3985347,Large Bank Evaluation,Low Satisfactory,High Satisfactory,10/01/2025,role,CRA Officer,"designated public-file contact, Vallant Bank",,"884 Elbert St, Elberton, GA 30635",FDIC BankFind main office; 12 CFR __.43
15399,RCB Bank,OK,FED,3984900,Large Bank,Low Satisfactory,Low Satisfactory,"Sep 08, 2025",role,CRA Officer,"designated public-file contact, RCB Bank",,"300 W Patti Page Blvd, Claremore, OK 74017",FDIC BankFind main office; 12 CFR __.43
57417,Commercial Bank of California,CA,FDIC,3979541,Large Bank Evaluation,Low Satisfactory,High Satisfactory,06/01/2026,role,CRA Officer,"designated public-file contact, Commercial Bank of California",,"19752 Macarthur Blvd, Irvine, CA 92612",FDIC BankFind main office; 12 CFR __.43
14028,First Guaranty Bank,LA,FDIC,3892365,Large Bank Evaluation,Low Satisfactory,Low Satisfactory,07/01/2026,role,CRA Officer,"designated public-file contact, First Guaranty Bank",,"400 E Thomas St, Hammond, LA 70401",FDIC BankFind main office; 12 CFR __.43
12383,Carrollton Bank,IL,FDIC,3881264,Large Bank Evaluation,Outstanding,Outstanding,06/01/2025,role,CRA Officer,"designated public-file contact, Carrollton Bank",,"315 6th St, Carrollton, IL 62016",FDIC BankFind main office; 12 CFR __.43
4705,Security Bank of Kansas City,KS,FDIC,3858042,Large Bank Evaluation,Low Satisfactory,High Satisfactory,04/01/2024,role,CRA Officer,"designated public-file contact, Security Bank of Kansas City",,"701 Minnesota Ave, Kansas City, KS 66101",FDIC BankFind main office; 12 CFR __.43
32974,Gulf Coast Bank and Trust Company,LA,FDIC,3856151,Large Bank Evaluation,Low Satisfactory,Low Satisfactory,08/01/2023,role,CRA Officer,"designated public-file contact, Gulf Coast Bank and Trust Company",,"200 Saint Charles Ave, New Orleans, LA 70130",FDIC BankFind main office; 12 CFR __.43
32779,Bank of Marin,CA,FDIC,3856103,Large Bank Evaluation,Low Satisfactory,Low Satisfactory,06/01/2024,role,CRA Officer,"designated public-file contact, Bank of Marin",,"504 Redwood Blvd, Novato, CA 94947",FDIC BankFind main office; 12 CFR __.43
58316,"Investar Bank, National Association",LA,OCC,3851603,Intermediate Small Bank Evaluation,High Satisfactory,Outstanding,09/01/2018,role,CRA Officer,"designated public-file contact, Investar Bank, National Association",,"7244 Perkins Rd, Baton Rouge, LA 70808",FDIC BankFind main office; 12 CFR __.43
35278,"Capital Bank, National Association",MD,OCC,3837265,Intermediate Small Bank,,,04/30/2024,role,CRA Officer,"designated public-file contact, Capital Bank, National Association",,"2275 Research Blvd, Rockville, MD 20850",FDIC BankFind main office; 12 CFR __.43
8136,Independence Bank of Kentucky,KY,FED,3826419,Large Bank,High Satisfactory,Low Satisfactory,"Oct 25, 2021",role,CRA Officer,"designated public-file contact, Independence Bank of Kentucky",,"2425 Frederica St, Owensboro, KY 42301",FDIC BankFind main office; 12 CFR __.43
22559,Bravera Bank,ND,FDIC,3809909,Large Bank Evaluation,High Satisfactory,High Satisfactory,02/01/2024,role,CRA Officer,"designated public-file contact, Bravera Bank",,"220 1st Ave W, Dickinson, ND 58601",FDIC BankFind main office; 12 CFR __.43
17159,Bank of Utah,UT,FDIC,3785735,Large Bank Evaluation,High Satisfactory,High Satisfactory,11/01/2023,role,CRA Officer,"designated public-file contact, Bank of Utah",,"2605 Washington Blvd, Ogden, UT 84401",FDIC BankFind main office; 12 CFR __.43
22597,Bank of the Sierra,CA,FDIC,3718414,Large Bank Evaluation,Outstanding,Outstanding,06/01/2026,role,CRA Officer,"designated public-file contact, Bank of the Sierra",,"90 N Main St, Porterville, CA 93257",FDIC BankFind main office; 12 CFR __.43
34562,ENCORE BANK,AR,FED,3702801,Large Bank,Low Satisfactory,Low Satisfactory,"Oct 20, 2025",role,CRA Officer,"designated public-file contact, ENCORE BANK",,"1801 Rahling Rd, Little Rock, AR 72223",FDIC BankFind main office; 12 CFR __.43
11666,D. L. Evans Bank,ID,FDIC,3701851,Large Bank Evaluation,Low Satisfactory,High Satisfactory,03/01/2024,role,CRA Officer,"designated public-file contact, D. L. Evans Bank",,"375 N Overland Ave, Burley, ID 83318",FDIC BankFind main office; 12 CFR __.43
34618,"Macatawa Bank, National Association",MI,OCC,3689079,Large Bank Evaluation,High Satisfactory,Low Satisfactory,11/01/2021,role,CRA Officer,"designated public-file contact, Macatawa Bank, National Association",,"10753 Macatawa Dr, Holland, MI 49424",FDIC BankFind main office; 12 CFR __.43
27052,"St. Charles Bank & Trust Company, National Association",IL,OCC,3686173,Large Bank,,,06/02/2025,role,CRA Officer,"designated public-file contact, St. Charles Bank & Trust Company, National Association",,"411 W Main St, Saint Charles, IL 60174",FDIC BankFind main office; 12 CFR __.43
33646,The Bank of East Asia Ltd.,NY,OCC,3660680,Wholesale Bank,,,06/05/2023,role,CRA Officer,"designated public-file contact, The Bank of East Asia Ltd.",,"540 Madison Ave, New York, NY 10022",FDIC BankFind main office; 12 CFR __.43
1399,Frandsen Bank & Trust,MN,FED,3656900,Large Bank,High Satisfactory,High Satisfactory,"May 21, 2018",role,CRA Officer,"designated public-file contact, Frandsen Bank & Trust",,"116 Central St W, Lonsdale, MN 55046",FDIC BankFind main office; 12 CFR __.43
19008,Parkway Bank and Trust Company,IL,FDIC,3655049,Large Bank Evaluation,Low Satisfactory,Low Satisfactory,08/01/2024,role,CRA Officer,"designated public-file contact, Parkway Bank and Trust Company",,"4800 N Harlem Ave, Harwood Heights, IL 60706",FDIC BankFind main office; 12 CFR __.43
6085,First PREMIER Bank,SD,FED,3640978,Large Bank,Low Satisfactory,High Satisfactory,"Sep 12, 2022",role,CRA Officer,"designated public-file contact, First PREMIER Bank",,"500 S Minnesota Ave, Sioux Falls, SD 57104",FDIC BankFind main office; 12 CFR __.43
34533,First Community Bank,AR,FDIC,3629998,Large Bank Evaluation,High Satisfactory,Low Satisfactory,09/01/2024,role,CRA Officer,"designated public-file contact, First Community Bank",,"1325 Harrison St, Batesville, AR 72501",FDIC BankFind main office; 12 CFR __.43
34011,"Village Bank and Trust, National Association",IL,OCC,3625764,Large Bank,,,05/23/2022,role,CRA Officer,"designated public-file contact, Village Bank and Trust, National Association",,"234 W Northwest Hwy, Arlington Heights, IL 60004",FDIC BankFind main office; 12 CFR __.43
22257,Colony Bank,GA,FDIC,3613411,Large Bank Evaluation,Low Satisfactory,High Satisfactory,01/01/2024,role,CRA Officer,"designated public-file contact, Colony Bank",,"302 S Main St, Fitzgerald, GA 31750",FDIC BankFind main office; 12 CFR __.43
13012,First Community Bank,VA,FED,3607625,Large Bank,High Satisfactory,Low Satisfactory,"Sep 10, 2018",role,CRA Officer,"designated public-file contact, First Community Bank",,"29 College Dr, Bluefield, VA 24605",FDIC BankFind main office; 12 CFR __.43
28094,"Home Bank, National Association",LA,OCC,3602958,Large Bank,,,10/06/2025,role,CRA Officer,"designated public-file contact, Home Bank, National Association",,"503 Kaliste Saloom Rd, Lafayette, LA 70508",FDIC BankFind main office; 12 CFR __.43
30470,Manasquan Bank,NJ,FDIC,3586933,Large Bank Evaluation,Outstanding,High Satisfactory,02/01/2024,role,CRA Officer,"designated public-file contact, Manasquan Bank",,"2221 Landmark Pl, Manasquan, NJ 08736",FDIC BankFind main office; 12 CFR __.43
57348,SouthEast Bank,TN,FED,3583462,Strategic Plan Evaluation,,,10/01/2025,role,CRA Officer,"designated public-file contact, SouthEast Bank",,"12700 Kingston Pike, Farragut, TN 37934",FDIC BankFind main office; 12 CFR __.43
4537,Landmark Bank,MO,FDIC,3556045,Large Bank Evaluation,Low Satisfactory,High Satisfactory,02/01/2020,role,CRA Officer,"designated public-file contact, Landmark Bank",,"801 East Broadway, Columbia, MO 65201",FDIC BankFind main office; 12 CFR __.43
58314,"Old Plank Trail Community Bank, National Association",IL,OCC,3532211,Large Bank,,,07/29/2024,role,CRA Officer,"designated public-file contact, Old Plank Trail Community Bank, National Association",,"280 Veterans Pkwy, New Lenox, IL 60451",FDIC BankFind main office; 12 CFR __.43
22946,Scotiabank de Puerto Rico,PR,FDIC,3508462,Large Bank Evaluation,Low Satisfactory,Low Satisfactory,01/01/2018,role,CRA Officer,"designated public-file contact, Scotiabank de Puerto Rico",,"290 Jesus T. Pinero Avenue, San Juan, PR 00918",FDIC BankFind main office; 12 CFR __.43
34603,"MVB Bank, Inc",WV,FDIC,3497075,Large Bank Evaluation,High Satisfactory,High Satisfactory,01/01/2024,role,CRA Officer,"designated public-file contact, MVB Bank, Inc",,"301 Virginia Ave, Fairmont, WV 26554",FDIC BankFind main office; 12 CFR __.43
34120,Bank of Ann Arbor,MI,FDIC,3496950,Large Bank Evaluation,Low Satisfactory,High Satisfactory,05/01/2025,role,CRA Officer,"designated public-file contact, Bank of Ann Arbor",,"125 S 5th Ave, Ann Arbor, MI 48104",FDIC BankFind main office; 12 CFR __.43
12839,First Farmers Bank & Trust Co.,IN,FED,3495725,Large Bank,Low Satisfactory,High Satisfactory,"Sep 20, 2021",role,CRA Officer,"designated public-file contact, First Farmers Bank & Trust Co.",,"123 N Jefferson St, Converse, IN 46919",FDIC BankFind main office; 12 CFR __.43
5969,The Farmers & Merchants State Bank,OH,FDIC,3490494,Large Bank Evaluation,High Satisfactory,High Satisfactory,01/01/2026,role,CRA Officer,"designated public-file contact, The Farmers & Merchants State Bank",,"307 N Defiance St, Archbold, OH 43502",FDIC BankFind main office; 12 CFR __.43
22134,Cache Valley Bank,UT,FDIC,3486738,Large Bank Evaluation,High Satisfactory,Low Satisfactory,08/01/2025,role,CRA Officer,"designated public-file contact, Cache Valley Bank",,"101 N Main St, Logan, UT 84321",FDIC BankFind main office; 12 CFR __.43
31189,"Ponce Bank, National Association",NY,OCC,3485007,Intermediate Small Bank,,,09/23/2024,role,CRA Officer,"designated public-file contact, Ponce Bank, National Association",,"2244 Westchester Ave, Bronx, NY 10462",FDIC BankFind main office; 12 CFR __.43
26725,Banco do Brasil Americas,FL,FDIC,3472123,Large Bank Evaluation,High Satisfactory,Low Satisfactory,12/01/2025,role,CRA Officer,"designated public-file contact, Banco do Brasil Americas",,"1221 Brickell Ave, Miami, FL 33131",FDIC BankFind main office; 12 CFR __.43
57463,PCB Bank,CA,FDIC,3469065,Large Bank Evaluation,Low Satisfactory,High Satisfactory,02/01/2025,role,CRA Officer,"designated public-file contact, PCB Bank",,"3701 Wilshire Blvd, Los Angeles, CA 90010",FDIC BankFind main office; 12 CFR __.43
57368,Bankwell Bank,CT,FDIC,3466328,Large Bank Evaluation,High Satisfactory,Low Satisfactory,02/01/2026,role,CRA Officer,"designated public-file contact, Bankwell Bank",,"156 Cherry St, New Canaan, CT 06840",FDIC BankFind main office; 12 CFR __.43
32749,New York Commercial Bank,NY,FDIC,3452289,Large Bank Evaluation,High Satisfactory,High Satisfactory,06/01/2018,role,CRA Officer,"designated public-file contact, New York Commercial Bank",,"615 Merrick Ave., Westbury, NY 11590",FDIC BankFind main office; 12 CFR __.43
35530,First Carolina Bank,NC,FDIC,3405879,Intermediate Small Bank Evaluation,,,06/01/2025,role,CRA Officer,"designated public-file contact, First Carolina Bank",,"171 N Winstead Ave, Rocky Mount, NC 27804",FDIC BankFind main office; 12 CFR __.43
33216,Northrim Bank,AK,FDIC,3395565,Large Bank Evaluation,High Satisfactory,Low Satisfactory,11/01/2023,role,CRA Officer,"designated public-file contact, Northrim Bank",,"3111 C St, Anchorage, AK 99503",FDIC BankFind main office; 12 CFR __.43
4028,First Dakota National Bank,SD,OCC,3390171,Large Bank,,,09/23/2024,role,CRA Officer,"designated public-file contact, First Dakota National Bank",,"225 Cedar St, Yankton, SD 57078",FDIC BankFind main office; 12 CFR __.43
18266,Northern Bank & Trust Company,MA,FDIC,3384849,Large Bank Evaluation,High Satisfactory,Low Satisfactory,02/01/2024,role,CRA Officer,"designated public-file contact, Northern Bank & Trust Company",,"275 Mishawum Rd, Woburn, MA 01801",FDIC BankFind main office; 12 CFR __.43
17514,Banterra Bank,IL,FDIC,3358778,Large Bank Evaluation,Low Satisfactory,Low Satisfactory,12/01/2023,role,CRA Officer,"designated public-file contact, Banterra Bank",,"3201 Banterra Dr, Marion, IL 62959",FDIC BankFind main office; 12 CFR __.43
15091,Lake Ridge Bank,WI,FDIC,3353305,Large Bank Evaluation,High Satisfactory,Low Satisfactory,03/01/2026,role,CRA Officer,"designated public-file contact, Lake Ridge Bank",,"8301 University Ave, Middleton, WI 53562",FDIC BankFind main office; 12 CFR __.43
34073,"Libertyville Bank & Trust Company, National Association",IL,OCC,3338776,Large Bank,,,07/21/2025,role,CRA Officer,"designated public-file contact, Libertyville Bank & Trust Company, National Association",,"507 N Milwaukee Ave, Libertyville, IL 60048",FDIC BankFind main office; 12 CFR __.43
3276,"Austin Bank, Texas National Association",TX,OCC,3331259,Large Bank,,,04/17/2023,role,CRA Officer,"designated public-file contact, Austin Bank, Texas National Association",,"200 E Commerce St, Jacksonville, TX 75766",FDIC BankFind main office; 12 CFR __.43
26484,TruNorth Bank,MA,FED,3324667,Large Bank Evaluation,Substantial Non Complianc,Substantial Non Complianc,02/01/2023,role,CRA Officer,"designated public-file contact, TruNorth Bank",,"248 Andover St, Peabody, MA 01960",FDIC BankFind main office; 12 CFR __.43
34980,Red River Bank,LA,FDIC,3310081,Large Bank Evaluation,Low Satisfactory,High Satisfactory,02/01/2026,role,CRA Officer,"designated public-file contact, Red River Bank",,"1412 Centre Ct, Alexandria, LA 71301",FDIC BankFind main office; 12 CFR __.43
8870,BankFirst Financial Services,MS,FED,3306390,Large Bank,Low Satisfactory,High Satisfactory,"Oct 30, 2023",role,CRA Officer,"designated public-file contact, BankFirst Financial Services",,"900 Main St, Columbus, MS 39701",FDIC BankFind main office; 12 CFR __.43
7506,ACNB Bank,PA,FDIC,3303705,Large Bank Evaluation,Low Satisfactory,Low Satisfactory,04/01/2025,role,CRA Officer,"designated public-file contact, ACNB Bank",,"16 Lincoln Sq, Gettysburg, PA 17325",FDIC BankFind main office; 12 CFR __.43
18190,Union Savings Bank,CT,FDIC,3303137,Large Bank Evaluation,High Satisfactory,High Satisfactory,11/01/2024,role,CRA Officer,"designated public-file contact, Union Savings Bank",,"226 Main St, Danbury, CT 06810",FDIC BankFind main office; 12 CFR __.43
30895,"Fidelity Bank, National Association",KS,OCC,3298672,Large Bank,,,07/22/2024,role,CRA Officer,"designated public-file contact, Fidelity Bank, National Association",,"100 E English St, Wichita, KS 67202",FDIC BankFind main office; 12 CFR __.43
58115,Oakstar Bank,MO,FED,3287696,Int Small Bank,High Satisfactory,High Satisfactory,"Jun 13, 2022",role,CRA Officer,"designated public-file contact, Oakstar Bank",,"1020 E Battlefield St, Springfield, MO 65807",FDIC BankFind main office; 12 CFR __.43
24347,Lone Star National Bank,TX,OCC,3283357,Large Bank,,,07/24/2023,role,CRA Officer,"designated public-file contact, Lone Star National Bank",,"206 W Ferguson St, Pharr, TX 78577",FDIC BankFind main office; 12 CFR __.43
32941,WestStar Bank,TX,FED,3279902,Large Bank,Low Satisfactory,High Satisfactory,"Mar 20, 2023",role,CRA Officer,"designated public-file contact, WestStar Bank",,"601 N Mesa St Ste 1100, El Paso, TX 79901",FDIC BankFind main office; 12 CFR __.43
10988,Stearns Bank National Association,MN,OCC,3274377,Large Bank,,,07/15/2024,role,CRA Officer,"designated public-file contact, Stearns Bank National Association",,"4191 2nd St S, Saint Cloud, MN 56301",FDIC BankFind main office; 12 CFR __.43
23622,Bristol County Savings Bank,MA,FDIC,3259107,Large Bank Evaluation,Outstanding,High Satisfactory,09/01/2023,role,CRA Officer,"designated public-file contact, Bristol County Savings Bank",,"35 Broadway, Taunton, MA 02780",FDIC BankFind main office; 12 CFR __.43
57071,Georgia Banking Company,GA,FDIC,3258872,Strategic Plan Evaluation,,,03/01/2024,role,CRA Officer,"designated public-file contact, Georgia Banking Company",,"1776 Peachtree St Nw, Atlanta, GA 30309",FDIC BankFind main office; 12 CFR __.43
57607,First Western Trust Bank,CO,FDIC,3236756,Large Bank Evaluation,High Satisfactory,High Satisfactory,03/01/2026,role,CRA Officer,"designated public-file contact, First Western Trust Bank",,"1900 16th St, Denver, CO 80202",FDIC BankFind main office; 12 CFR __.43
20884,Bank of Guam,GU,FDIC,3235930,Large Bank Evaluation,Low Satisfactory,Low Satisfactory,08/01/2025,role,CRA Officer,"designated public-file contact, Bank of Guam",,"111 W Chalan Santo Papa, Hagatna, GU 96910",FDIC BankFind main office; 12 CFR __.43
27235,STAR Financial Bank,IN,FDIC,3230682,Large Bank Evaluation,High Satisfactory,High Satisfactory,08/01/2023,role,CRA Officer,"designated public-file contact, STAR Financial Bank",,"215 W. Main Street, Fort Wayne, IN 46802",FDIC BankFind main office; 12 CFR __.43
19600,"Academy Bank, National Association",MO,OCC,3228118,Large Bank,,,12/02/2024,role,CRA Officer,"designated public-file contact, Academy Bank, National Association",,"1201 Walnut St, Kansas City, MO 64106",FDIC BankFind main office; 12 CFR __.43
29708,"North American Savings Bank, F.S.B.",MO,OCC,3198829,Large Bank,,,07/17/2023,role,CRA Officer,"designated public-file contact, North American Savings Bank, F.S.B.",,"12498 S Us Highway 71, Grandview, MO 64030",FDIC BankFind main office; 12 CFR __.43
7593,First Citizens Community Bank,PA,FED,3187334,Large Bank,Needs to Improve,High Satisfactory,"Mar 28, 2022",role,CRA Officer,"designated public-file contact, First Citizens Community Bank",,"15 S Main St, Mansfield, PA 16933",FDIC BankFind main office; 12 CFR __.43
8468,Exchange Bank,CA,FDIC,3185278,Large Bank Evaluation,Low Satisfactory,Low Satisfactory,07/01/2026,role,CRA Officer,"designated public-file contact, Exchange Bank",,"545 4th St, Santa Rosa, CA 95401",FDIC BankFind main office; 12 CFR __.43
21591,The Bank of Greene County,NY,OCC,3184349,Large Bank,,,10/14/2025,role,CRA Officer,"designated public-file contact, The Bank of Greene County",,"425 Main St, Catskill, NY 12414",FDIC BankFind main office; 12 CFR __.43
33503,Unity Bank,NJ,FDIC,3184193,Large Bank Evaluation,Low Satisfactory,High Satisfactory,11/01/2023,role,CRA Officer,"designated public-file contact, Unity Bank",,"64 Old Highway 22, Clinton, NJ 08809",FDIC BankFind main office; 12 CFR __.43
4256,First National Bank,ME,OCC,3180486,Large Bank,,,01/26/2026,role,CRA Officer,"designated public-file contact, First National Bank",,"223 Main St, Damariscotta, ME 04543",FDIC BankFind main office; 12 CFR __.43
57633,1st Security Bank of Washington,WA,FDIC,3178672,Large Bank Evaluation,Outstanding,Low Satisfactory,06/01/2024,role,CRA Officer,"designated public-file contact, 1st Security Bank of Washington",,"6920 220th St Sw, Mountlake Terrace, WA 98043",FDIC BankFind main office; 12 CFR __.43
32574,Monet Bank,TX,FDIC,3160448,Wholesale Bank Evaluation,,,06/01/2023,role,CRA Officer,"designated public-file contact, Monet Bank",,"6000 Legacy Dr, Plano, TX 75024",FDIC BankFind main office; 12 CFR __.43
1291,Farmers Bank & Trust Company,AR,FED,3159678,Large Bank,Low Satisfactory,Low Satisfactory,"Nov 07, 2022",role,CRA Officer,"designated public-file contact, Farmers Bank & Trust Company",,"200 E Main St, Magnolia, AR 71753",FDIC BankFind main office; 12 CFR __.43
17764,Centreville Bank,RI,FDIC,3152569,Large Bank Evaluation,High Satisfactory,High Satisfactory,03/01/2025,role,CRA Officer,"designated public-file contact, Centreville Bank",,"1218 Main St, West Warwick, RI 02893",FDIC BankFind main office; 12 CFR __.43
7799,Citizens & Northern Bank,PA,FED,3143130,Large Bank Evaluation,Low Satisfactory,Low Satisfactory,08/01/2022,role,CRA Officer,"designated public-file contact, Citizens & Northern Bank",,"90 Main St, Wellsboro, PA 16901",FDIC BankFind main office; 12 CFR __.43
6423,Amboy Bank,NJ,FED,3122546,Large Bank,Low Satisfactory,Low Satisfactory,"Jun 10, 2024",role,CRA Officer,"designated public-file contact, Amboy Bank",,"3590 Us Highway 9, Old Bridge, NJ 08857",FDIC BankFind main office; 12 CFR __.43
35541,BCB Community Bank,NJ,FDIC,3117295,Large Bank Evaluation,High Satisfactory,Outstanding,01/01/2025,role,CRA Officer,"designated public-file contact, BCB Community Bank",,"860 Broadway, Bayonne, NJ 07002",FDIC BankFind main office; 12 CFR __.43
14863,LINKBANK,PA,FDIC,3117180,Intermediate Small Bank Evaluation,,,07/01/2024,role,CRA Officer,"designated public-file contact, LINKBANK",,"3045 Market St, Camp Hill, PA 17011",FDIC BankFind main office; 12 CFR __.43
90290,UniBank for Savings,MA,FDIC,3109431,Large Bank Evaluation,High Satisfactory,Low Satisfactory,06/01/2024,role,CRA Officer,"designated public-file contact, UniBank for Savings",,"49 Church St, Whitinsville, MA 01588",FDIC BankFind main office; 12 CFR __.43
58390,Grandpoint Bank,CA,FDIC,3102869,Large Bank Evaluation,High Satisfactory,Outstanding,05/01/2018,role,CRA Officer,"designated public-file contact, Grandpoint Bank",,"333 S. Grand Avenue, Suite 3580, Los Angeles, CA 90071",FDIC BankFind main office; 12 CFR __.43
30401,Penn Community Bank,PA,FDIC,3069584,Large Bank Evaluation,Outstanding,Low Satisfactory,10/01/2025,role,CRA Officer,"designated public-file contact, Penn Community Bank",,"3969 Durham Rd, Doylestown, PA 18902",FDIC BankFind main office; 12 CFR __.43
15310,"CB&S Bank, Inc.",AL,FDIC,3069404,Large Bank Evaluation,High Satisfactory,High Satisfactory,10/01/2024,role,CRA Officer,"designated public-file contact, CB&S Bank, Inc.",,"201 Jackson Ave S, Russellville, AL 35653",FDIC BankFind main office; 12 CFR __.43
1058,Midwest BankCentre,MO,FED,3069248,Large Bank,Low Satisfactory,Low Satisfactory,"Feb 22, 2022",role,CRA Officer,"designated public-file contact, Midwest BankCentre",,"2191 Lemay Ferry Rd, Lemay, MO 63125",FDIC BankFind main office; 12 CFR __.43
15953,Guaranty Bank and Trust Company,MS,FDIC,3069091,Intermediate Small Bank Evaluation,,,01/01/2024,role,CRA Officer,"designated public-file contact, Guaranty Bank and Trust Company",,"210 N Hayden St, Belzoni, MS 39038",FDIC BankFind main office; 12 CFR __.43
18129,BankNewport,RI,FED,3067450,Large Bank,Low Satisfactory,High Satisfactory,"Sep 16, 2019",role,CRA Officer,"designated public-file contact, BankNewport",,"184 John Clarke Rd, Middletown, RI 02842",FDIC BankFind main office; 12 CFR __.43
22451,Lawrence Bank,TN,FDIC,3043615,Intermediate Small Bank Evaluation,,,04/01/2025,role,CRA Officer,"designated public-file contact, Lawrence Bank",,"3200 West End Ave, Nashville, TN 37203",FDIC BankFind main office; 12 CFR __.43
33860,The National Bank of Indianapolis,IN,OCC,3037564,Large Bank,,,05/05/2025,role,CRA Officer,"designated public-file contact, The National Bank of Indianapolis",,"107 N Pennsylvania St, Indianapolis, IN 46204",FDIC BankFind main office; 12 CFR __.43
18013,Mascoma Bank,NH,FED,3034815,Large Bank,Low Satisfactory,Low Satisfactory,"Nov 02, 2020",role,CRA Officer,"designated public-file contact, Mascoma Bank",,"67 N Park St, Lebanon, NH 03766",FDIC BankFind main office; 12 CFR __.43
21031,The Bank of Tampa,FL,FDIC,3024333,Large Bank Evaluation,Low Satisfactory,High Satisfactory,12/01/2025,role,CRA Officer,"designated public-file contact, The Bank of Tampa",,"601 Bayshore Blvd, Tampa, FL 33606",FDIC BankFind main office; 12 CFR __.43
57369,U. S. Century Bank,FL,FDIC,3015990,Intermediate Small Bank Evaluation,,,04/01/2023,role,CRA Officer,"designated public-file contact, U. S. Century Bank",,"2301 Nw 87th Ave, Doral, FL 33172",FDIC BankFind main office; 12 CFR __.43
1528,Southern Bancorp Bank,AR,FED,3012822,Large Bank,Outstanding,Outstanding,"Mar 17, 2025",role,CRA Officer,"designated public-file contact, Southern Bancorp Bank",,"601 Main St, Arkadelphia, AR 71923",FDIC BankFind main office; 12 CFR __.43
32647,Northwest Bank,IA,FDIC,2999288,Large Bank Evaluation,High Satisfactory,High Satisfactory,10/01/2023,role,CRA Officer,"designated public-file contact, Northwest Bank",,"705 Grand Ave, Spencer, IA 51301",FDIC BankFind main office; 12 CFR __.43
59205,Nelnet Bank,UT,FDIC,2997294,Strategic Plan Evaluation,,,03/01/2026,role,CRA Officer,"designated public-file contact, Nelnet Bank",,"13907 S Minuteman Dr, Draper, UT 84020",FDIC BankFind main office; 12 CFR __.43
34885,Susser Bank,TX,FED,2990330,Int Small Bank,,,"Feb 28, 2022",role,CRA Officer,"designated public-file contact, Susser Bank",,"4020 Maple Ave, Dallas, TX 75219",FDIC BankFind main office; 12 CFR __.43
17741,Maine Community Bank,ME,FDIC,2983602,Intermediate Small Bank Evaluation,,,07/01/2026,role,CRA Officer,"designated public-file contact, Maine Community Bank",,"1 India St, Portland, ME 04101",FDIC BankFind main office; 12 CFR __.43
23473,First Fidelity Bank,OK,FED,2978571,Large Bank,Low Satisfactory,Low Satisfactory,"Nov 30, 2020",role,CRA Officer,"designated public-file contact, First Fidelity Bank",,"5100 N Classen Blvd, Oklahoma City, OK 73118",FDIC BankFind main office; 12 CFR __.43
11868,The Fidelity Deposit and Discount Bank,PA,FDIC,2971307,Large Bank Evaluation,,,07/01/2023,role,CRA Officer,"designated public-file contact, The Fidelity Deposit and Discount Bank",,"101 N Blakely St, Dunmore, PA 18512",FDIC BankFind main office; 12 CFR __.43
14778,First Bank & Trust,TX,FDIC,2949987,Intermediate Small Bank Evaluation,High Satisfactory,High Satisfactory,01/01/2020,role,CRA Officer,"designated public-file contact, First Bank & Trust",,"9816 Slide Rd, Lubbock, TX 79424",FDIC BankFind main office; 12 CFR __.43
26906,Texas Regional Bank,TX,FED,2949812,Int Small Bank,Low Satisfactory,High Satisfactory,"May 28, 2019",role,CRA Officer,"designated public-file contact, Texas Regional Bank",,"6770 West Interstate 2, Harlingen, TX 78552",FDIC BankFind main office; 12 CFR __.43
57591,West Coast Community Bank,CA,FDIC,2944293,Large Bank Evaluation,High Satisfactory,Low Satisfactory,03/01/2026,role,CRA Officer,"designated public-file contact, West Coast Community Bank",,"75 River St, Santa Cruz, CA 95060",FDIC BankFind main office; 12 CFR __.43
29488,First Federal Savings and Loan Association of Lakewood,OH,OCC,2942482,Large Bank,,,04/01/2024,role,CRA Officer,"designated public-file contact, First Federal Savings and Loan Association of Lakewood",,"14806 Detroit Ave, Lakewood, OH 44107",FDIC BankFind main office; 12 CFR __.43
16958,Minnwest Bank,MN,FDIC,2940968,Large Bank Evaluation,High Satisfactory,High Satisfactory,07/01/2025,role,CRA Officer,"designated public-file contact, Minnwest Bank",,"300 S Washington St, Redwood Falls, MN 56283",FDIC BankFind main office; 12 CFR __.43
57997,Bryant Bank,AL,FDIC,2937170,Large Bank Evaluation,,,06/01/2023,role,CRA Officer,"designated public-file contact, Bryant Bank",,"1550 Mcfarland Blvd N, Tuscaloosa, AL 35406",FDIC BankFind main office; 12 CFR __.43
7900,"NEXTIER BANK, NATIONAL ASSOCIATION",PA,OCC,2928192,Intermediate Small Bank,,,05/08/2023,role,CRA Officer,"designated public-file contact, NEXTIER BANK, NATIONAL ASSOCIATION",,"222 Market St, Kittanning, PA 16201",FDIC BankFind main office; 12 CFR __.43
698,Wayne Bank,PA,FDIC,2905992,Large Bank Evaluation,High Satisfactory,Low Satisfactory,03/01/2026,role,CRA Officer,"designated public-file contact, Wayne Bank",,"717 Main St, Honesdale, PA 18431",FDIC BankFind main office; 12 CFR __.43
57244,Cedar Rapids Bank and Trust Company,IA,FED,2900018,Int Small Bank,High Satisfactory,High Satisfactory,"Sep 10, 2018",role,CRA Officer,"designated public-file contact, Cedar Rapids Bank and Trust Company",,"500 1st Ave Ne, Cedar Rapids, IA 52401",FDIC BankFind main office; 12 CFR __.43
10044,National Exchange Bank and Trust,WI,OCC,2890553,Large Bank,,,05/20/2024,role,CRA Officer,"designated public-file contact, National Exchange Bank and Trust",,"130 S Main St, Fond Du Lac, WI 54935",FDIC BankFind main office; 12 CFR __.43
34656,American First National Bank,TX,OCC,2886145,Large Bank,,,05/05/2025,role,CRA Officer,"designated public-file contact, American First National Bank",,"9999 Bellaire Blvd, Houston, TX 77036",FDIC BankFind main office; 12 CFR __.43
8866,"Merchants Bank, National Association",MN,OCC,2881736,Large Bank,,,02/23/2026,role,CRA Officer,"designated public-file contact, Merchants Bank, National Association",,"100 E 3rd St, Winona, MN 55987",FDIC BankFind main office; 12 CFR __.43
22957,West Texas National Bank,TX,OCC,2881219,Large Bank,,,05/28/2025,role,CRA Officer,"designated public-file contact, West Texas National Bank",,"6 Desta Dr, Midland, TX 79705",FDIC BankFind main office; 12 CFR __.43
16470,Jefferson Bank,TX,FDIC,2875424,Large Bank Evaluation,Low Satisfactory,Outstanding,03/01/2026,role,CRA Officer,"designated public-file contact, Jefferson Bank",,"1900 Broadway, Suite 100, San Antonio, TX 78215",FDIC BankFind main office; 12 CFR __.43
58558,Southern States Bank,AL,FDIC,2874540,Intermediate Small Bank Evaluation,High Satisfactory,High Satisfactory,06/01/2022,role,CRA Officer,"designated public-file contact, Southern States Bank",,"615 Quintard Ave, Anniston, AL 36201",FDIC BankFind main office; 12 CFR __.43
90196,BayCoast Bank,MA,FDIC,2863572,Large Bank Evaluation,High Satisfactory,Outstanding,04/01/2025,role,CRA Officer,"designated public-file contact, BayCoast Bank",,"330 Swansea Mall Dr, Swansea, MA 02777",FDIC BankFind main office; 12 CFR __.43
34404,WebBank,UT,FDIC,2861274,Strategic Plan Evaluation,,,05/01/2021,role,CRA Officer,"designated public-file contact, WebBank",,"215 S State St, Salt Lake City, UT 84111",FDIC BankFind main office; 12 CFR __.43
16604,Bank Independent,AL,FED,2860149,Large Bank,Low Satisfactory,Low Satisfactory,"Mar 13, 2023",role,CRA Officer,"designated public-file contact, Bank Independent",,"710 S Montgomery Ave, Sheffield, AL 35660",FDIC BankFind main office; 12 CFR __.43
24387,"Industrial and Commercial Bank of China USA, National Association",NY,OCC,2859720,Large Bank,,,01/08/2024,role,CRA Officer,"designated public-file contact, Industrial and Commercial Bank of China USA, National Association",,"1185 Avenue Of The Americas, New York, NY 10036",FDIC BankFind main office; 12 CFR __.43
35385,Home Savings Bank,OH,FDIC,2856895,Large Bank Evaluation,Low Satisfactory,Low Satisfactory,03/01/2018,role,CRA Officer,"designated public-file contact, Home Savings Bank",,"275 West Federal Street, Youngstown, OH 44503",FDIC BankFind main office; 12 CFR __.43
19220,ANB Bank,CO,FED,2854440,Large Bank,Outstanding,Low Satisfactory,"Sep 23, 2024",role,CRA Officer,"designated public-file contact, ANB Bank",,"3033 E 1st Ave, Denver, CO 80206",FDIC BankFind main office; 12 CFR __.43
19573,Lakeside Bank,IL,FDIC,2850054,Large Bank Evaluation,Low Satisfactory,Low Satisfactory,05/01/2024,role,CRA Officer,"designated public-file contact, Lakeside Bank",,"55 W Wacker Dr, Chicago, IL 60601",FDIC BankFind main office; 12 CFR __.43
58309,American Momentum Bank,TX,FDIC,2845758,Large Bank Evaluation,High Satisfactory,Low Satisfactory,04/01/2024,role,CRA Officer,"designated public-file contact, American Momentum Bank",,"1 Momentum Blvd, College Station, TX 77845",FDIC BankFind main office; 12 CFR __.43
2315,Armstrong Bank,OK,FED,2842870,Large Bank Evaluation,High Satisfactory,Low Satisfactory,07/01/2024,role,CRA Officer,"designated public-file contact, Armstrong Bank",,"1215 W Okmulgee St, Muskogee, OK 74401",FDIC BankFind main office; 12 CFR __.43
58640,Revere Bank,MD,FDIC,2839693,Large Bank Evaluation,Low Satisfactory,High Satisfactory,08/01/2019,role,CRA Officer,"designated public-file contact, Revere Bank",,"2101 Gaither Road, 6th Floor, Rockville, MD 20850",FDIC BankFind main office; 12 CFR __.43
25093,Habib American Bank,NY,FDIC,2837908,Large Bank Evaluation,Low Satisfactory,Low Satisfactory,12/01/2025,role,CRA Officer,"designated public-file contact, Habib American Bank",not published,"150 East 45th Street, New York, NY 10017",FDIC BankFind main office; 12 CFR __.43
57449,Medallion Bank,UT,FDIC,2834690,Strategic Plan Evaluation,,,06/01/2024,role,CRA Officer,"designated public-file contact, Medallion Bank",,"1100 E 6600 S, Salt Lake City, UT 84121",FDIC BankFind main office; 12 CFR __.43
4789,Emprise Bank,KS,FDIC,2820619,Large Bank Evaluation,High Satisfactory,High Satisfactory,03/01/2024,role,CRA Officer,"designated public-file contact, Emprise Bank",,"257 N Broadway Ave, Wichita, KS 67202",FDIC BankFind main office; 12 CFR __.43
597,Chemung Canal Trust Company,NY,FED,2818102,Large Bank,Low Satisfactory,High Satisfactory,"Sep 25, 2023",role,CRA Officer,"designated public-file contact, Chemung Canal Trust Company",,"1 Chemung Canal Plz, Elmira, NY 14901",FDIC BankFind main office; 12 CFR __.43
5744,"State Bank of the Lakes, National Association",IL,OCC,2811675,Large Bank,,,05/02/2022,role,CRA Officer,"designated public-file contact, State Bank of the Lakes, National Association",,"440 Lake St, Antioch, IL 60002",FDIC BankFind main office; 12 CFR __.43
18012,Bank of New Hampshire,NH,FED,2803647,Large Bank Evaluation,High Satisfactory,High Satisfactory,09/01/2020,role,CRA Officer,"designated public-file contact, Bank of New Hampshire",,"62 Pleasant St, Laconia, NH 03246",FDIC BankFind main office; 12 CFR __.43
12944,Orange Bank & Trust Company,NY,FED,2792253,Int Small Bank,Low Satisfactory,High Satisfactory,"Nov 05, 2018",role,CRA Officer,"designated public-file contact, Orange Bank & Trust Company",,"212 Dolson Ave, Middletown, NY 10940",FDIC BankFind main office; 12 CFR __.43
10363,Citizens and Farmers Bank,VA,FDIC,2787917,Large Bank Evaluation,High Satisfactory,High Satisfactory,02/01/2024,role,CRA Officer,"designated public-file contact, Citizens and Farmers Bank",,"415 14th Street, West Point, VA 23181",FDIC BankFind main office; 12 CFR __.43
18198,Ion Bank,CT,FED,2783038,Large Bank Evaluation,Low Satisfactory,High Satisfactory,08/01/2024,role,CRA Officer,"designated public-file contact, Ion Bank",,"251 Church St, Naugatuck, CT 06770",FDIC BankFind main office; 12 CFR __.43
18561,"Sunrise Banks, National Association",SD,OCC,2780318,Intermediate Small Bank,,,08/14/2023,role,CRA Officer,"designated public-file contact, Sunrise Banks, National Association",,"5105 S Crossing Pl, Sioux Falls, SD 57108",FDIC BankFind main office; 12 CFR __.43
33867,Quad City Bank and Trust Company,IA,FED,2774878,Large Bank,Low Satisfactory,High Satisfactory,"Nov 12, 2018",role,CRA Officer,"designated public-file contact, Quad City Bank and Trust Company",,"2118 Middle Rd, Bettendorf, IA 52722",FDIC BankFind main office; 12 CFR __.43
90215,Avidia Bank,MA,FDIC,2770996,Large Bank Evaluation,Low Satisfactory,Low Satisfactory,08/01/2025,role,CRA Officer,"designated public-file contact, Avidia Bank",,"42 Main St, Hudson, MA 01749",FDIC BankFind main office; 12 CFR __.43
8283,Lead Bank,MO,FDIC,2760473,Strategic Plan Evaluation,,,09/01/2023,role,CRA Officer,"designated public-file contact, Lead Bank",,"1801 Main St, Kansas City, MO 64108",FDIC BankFind main office; 12 CFR __.43
57944,Open Bank,CA,FDIC,2745961,Large Bank Evaluation,Outstanding,High Satisfactory,01/01/2025,role,CRA Officer,"designated public-file contact, Open Bank",,"1000 Wilshire Blvd, Los Angeles, CA 90017",FDIC BankFind main office; 12 CFR __.43
17964,State Bank of Southern Utah,UT,FDIC,2738337,Large Bank Evaluation,Outstanding,High Satisfactory,12/01/2024,role,CRA Officer,"designated public-file contact, State Bank of Southern Utah",,"377 N Main St, Cedar City, UT 84721",FDIC BankFind main office; 12 CFR __.43
5496,Cornerstone Bank,NE,FED,2730249,Large Bank,Outstanding,Low Satisfactory,"May 02, 2022",role,CRA Officer,"designated public-file contact, Cornerstone Bank",,"529 N Lincoln Ave, York, NE 68467",FDIC BankFind main office; 12 CFR __.43
90300,Westfield Bank,MA,OCC,2727921,Large Bank,,,10/27/2025,role,CRA Officer,"designated public-file contact, Westfield Bank",,"141 Elm St, Westfield, MA 01085",FDIC BankFind main office; 12 CFR __.43
29683,Home Federal Bank of Tennessee,TN,OCC,2725901,Large Bank,,,11/17/2025,role,CRA Officer,"designated public-file contact, Home Federal Bank of Tennessee",,"515 Market St, Knoxville, TN 37902",FDIC BankFind main office; 12 CFR __.43
20231,Pinnacle Bank,TX,FDIC,2721044,Large Bank Evaluation,High Satisfactory,High Satisfactory,03/01/2025,role,CRA Officer,"designated public-file contact, Pinnacle Bank",,"250 W Lancaster Ave, Fort Worth, TX 76102",FDIC BankFind main office; 12 CFR __.43
58057,Tradition Capital Bank,MN,FDIC,2717129,Large Bank Evaluation,High Satisfactory,High Satisfactory,12/01/2024,role,CRA Officer,"designated public-file contact, Tradition Capital Bank",,"100 Lake St W, Wayzata, MN 55391",FDIC BankFind main office; 12 CFR __.43
8235,Planters Bank & Trust Company,MS,FDIC,2711794,Large Bank Evaluation,High Satisfactory,High Satisfactory,11/01/2025,role,CRA Officer,"designated public-file contact, Planters Bank & Trust Company",,"212 Catchings Ave, Indianola, MS 38751",FDIC BankFind main office; 12 CFR __.43
58291,CalPrivate Bank,CA,FDIC,2707809,Large Bank Evaluation,High Satisfactory,High Satisfactory,08/01/2024,role,CRA Officer,"designated public-file contact, CalPrivate Bank",,"9404 Genesee Ave, La Jolla, CA 92037",FDIC BankFind main office; 12 CFR __.43
57701,"Beverly Bank & Trust Company, National Association",IL,OCC,2692444,Large Bank,,,06/03/2024,role,CRA Officer,"designated public-file contact, Beverly Bank & Trust Company, National Association",,"10258 S Western Ave, Chicago, IL 60643",FDIC BankFind main office; 12 CFR __.43
3664,"INB, National Association",IL,OCC,2684002,Intermediate Small Bank,,,05/30/2023,role,CRA Officer,"designated public-file contact, INB, National Association",,"322 E Capitol Ave, Springfield, IL 62701",FDIC BankFind main office; 12 CFR __.43
24516,Interaudi Bank,NY,FDIC,2677078,Wholesale Bank Evaluation,,,08/01/2025,role,CRA Officer,"designated public-file contact, Interaudi Bank",,"19 E 54th St, New York, NY 10022",FDIC BankFind main office; 12 CFR __.43
19531,Machias Savings Bank,ME,FDIC,2671397,Large Bank Evaluation,Outstanding,Outstanding,02/01/2026,role,CRA Officer,"designated public-file contact, Machias Savings Bank",,"4 Center St, Machias, ME 04654",FDIC BankFind main office; 12 CFR __.43
57510,Avidbank,CA,FDIC,2652805,Large Bank Evaluation,Low Satisfactory,Low Satisfactory,08/01/2025,role,CRA Officer,"designated public-file contact, Avidbank",,"1732 N 1st St, San Jose, CA 95112",FDIC BankFind main office; 12 CFR __.43
27244,The Columbia Bank,MD,FDIC,2643875,Large Bank Evaluation,Outstanding,High Satisfactory,03/01/2018,role,CRA Officer,"designated public-file contact, The Columbia Bank",,"7185 Columbia Gateway Drive, Columbia, MD 21046",FDIC BankFind main office; 12 CFR __.43
33005,FCB Banks,IL,FDIC,2641469,Large Bank Evaluation,Low Satisfactory,High Satisfactory,05/01/2025,role,CRA Officer,"designated public-file contact, FCB Banks",,"800 Belt Line Rd, Collinsville, IL 62234",FDIC BankFind main office; 12 CFR __.43
22334,One Community Bank,WI,FED,2627958,Int Small Bank,Low Satisfactory,Needs to Improve,"Nov 28, 2022",role,CRA Officer,"designated public-file contact, One Community Bank",,"733 N Main St, Oregon, WI 53575",FDIC BankFind main office; 12 CFR __.43
34351,USAA Savings Bank,NV,FDIC,2624123,Limited Purpose Evaluation,,,01/01/2023,role,CRA Officer,"designated public-file contact, USAA Savings Bank",,"3773 Howard Hughes Pkwy, Las Vegas, NV 89169",FDIC BankFind main office; 12 CFR __.43
19333,Republic Bank of Chicago,IL,FDIC,2611110,Large Bank Evaluation,Low Satisfactory,High Satisfactory,04/01/2024,role,CRA Officer,"designated public-file contact, Republic Bank of Chicago",,"2221 Camden Ct, Oak Brook, IL 60523",FDIC BankFind main office; 12 CFR __.43
28679,North Shore Bank,WI,FDIC,2608511,Large Bank Evaluation,Low Satisfactory,High Satisfactory,12/01/2024,role,CRA Officer,"designated public-file contact, North Shore Bank",,"15700 W Bluemound Rd, Brookfield, WI 53005",FDIC BankFind main office; 12 CFR __.43
14382,Fidelity Bank & Trust,IA,FDIC,2603348,Large Bank Evaluation,High Satisfactory,High Satisfactory,07/01/2024,role,CRA Officer,"designated public-file contact, Fidelity Bank & Trust",,"4250 Asbury Rd, Dubuque, IA 52002",FDIC BankFind main office; 12 CFR __.43
23620,Dedham Institution for Savings,MA,FDIC,2600580,Large Bank Evaluation,High Satisfactory,High Satisfactory,10/01/2025,role,CRA Officer,"designated public-file contact, Dedham Institution for Savings",,"55 Elm St, Dedham, MA 02026",FDIC BankFind main office; 12 CFR __.43
19899,KS StateBank,KS,FDIC,2597041,Large Bank Evaluation,Low Satisfactory,High Satisfactory,11/01/2023,role,CRA Officer,"designated public-file contact, KS StateBank",,"1010 Westloop Pl, Manhattan, KS 66502",FDIC BankFind main office; 12 CFR __.43
34726,New Mexico Bank & Trust,NM,FDIC,2592766,Large Bank Evaluation,Low Satisfactory,High Satisfactory,10/01/2019,role,CRA Officer,"designated public-file contact, New Mexico Bank & Trust",,"320 Gold Ave Sw, Albuquerque, NM 87102",FDIC BankFind main office; 12 CFR __.43
57777,Meridian Bank,PA,FDIC,2591552,Large Bank Evaluation,Substantial Non Complianc,Substantial Non Complianc,07/01/2023,channel,CRA Officer,"role, no name published",(484) 235-0349,"220 W. Lancaster Avenue, Wayne, PA 19087",bank website
27074,State Bank of Texas,TX,FDIC,2585922,Intermediate Small Bank Evaluation,,,10/01/2023,role,CRA Officer,"designated public-file contact, State Bank of Texas",,"111 W John Carpenter Frwy, Irving, TX 75039",FDIC BankFind main office; 12 CFR __.43
3887,First National Bank,AR,OCC,2585603,Large Bank,,,12/01/2025,role,CRA Officer,"designated public-file contact, First National Bank",,"200 W Court St, Paragould, AR 72450",FDIC BankFind main office; 12 CFR __.43
5551,"Extraco Banks, National Association",TX,OCC,2574832,Large Bank,,,10/07/2024,role,CRA Officer,"designated public-file contact, Extraco Banks, National Association",,"3615 S 31st St, Temple, TX 76502",FDIC BankFind main office; 12 CFR __.43
90282,Cornerstone Bank,MA,FED,2574340,Int Small Bank,,,"Oct 15, 2018",role,CRA Officer,"designated public-file contact, Cornerstone Bank",,"176 Main St, Spencer, MA 01562",FDIC BankFind main office; 12 CFR __.43
57716,United Business Bank,CA,FED,2564693,Int Small Bank,High Satisfactory,High Satisfactory,"Sep 09, 2019",role,CRA Officer,"designated public-file contact, United Business Bank",,"500 Ygnacio Valley Rd, Walnut Creek, CA 94596",FDIC BankFind main office; 12 CFR __.43
57103,"Schaumburg Bank & Trust Company, National Association",IL,OCC,2559637,Large Bank,,,07/29/2024,role,CRA Officer,"designated public-file contact, Schaumburg Bank & Trust Company, National Association",,"1180 E Higgins Rd, Schaumburg, IL 60173",FDIC BankFind main office; 12 CFR __.43
3256,"Horizon Bank, SSB",TX,FDIC,2553778,Large Bank Evaluation,Outstanding,High Satisfactory,02/01/2024,role,CRA Officer,"designated public-file contact, Horizon Bank, SSB",,"600 West 5th Street, Austin, TX 78701",FDIC BankFind main office; 12 CFR __.43
24897,Community National Bank,TX,OCC,2541691,Large Bank,,,12/01/2025,role,CRA Officer,"designated public-file contact, Community National Bank",,"500 W Illinois Ave, Midland, TX 79701",FDIC BankFind main office; 12 CFR __.43
22373,American National Bank & Trust,TX,OCC,2536428,Intermediate Small Bank,,,10/16/2023,role,CRA Officer,"designated public-file contact, American National Bank & Trust",,"2732a Midwestern Pkwy, Wichita Falls, TX 76308",FDIC BankFind main office; 12 CFR __.43
12517,Bank Five Nine,WI,FDIC,2532644,Large Bank Evaluation,Low Satisfactory,High Satisfactory,06/01/2024,role,CRA Officer,"designated public-file contact, Bank Five Nine",,"155 W Wisconsin Ave, Oconomowoc, WI 53066",FDIC BankFind main office; 12 CFR __.43
27046,Community National Bank & Trust,KS,OCC,2532014,Intermediate Small Bank,,,10/10/2023,role,CRA Officer,"designated public-file contact, Community National Bank & Trust",,"14 N Lincoln Ave, Chanute, KS 66720",FDIC BankFind main office; 12 CFR __.43
90303,South Shore Bank,MA,FED,2523127,Large Bank,Low Satisfactory,High Satisfactory,"Oct 07, 2019",role,CRA Officer,"designated public-file contact, South Shore Bank",,"1530 Main St, South Weymouth, MA 02190",FDIC BankFind main office; 12 CFR __.43
958,United Bank of Iowa,IA,FDIC,2495750,Large Bank Evaluation,High Satisfactory,High Satisfactory,02/01/2024,role,CRA Officer,"designated public-file contact, United Bank of Iowa",,"501 2nd St, Ida Grove, IA 51445",FDIC BankFind main office; 12 CFR __.43
58140,"Esquire Bank, National Association",NY,OCC,2494969,Strategic Plan,,,04/21/2025,role,CRA Officer,"designated public-file contact, Esquire Bank, National Association",,"100 Jericho Quadrangle, Jericho, NY 11753",FDIC BankFind main office; 12 CFR __.43
9123,Western State Bank,ND,FDIC,2485275,Large Bank Evaluation,Low Satisfactory,High Satisfactory,05/01/2024,role,CRA Officer,"designated public-file contact, Western State Bank",,"110 4th St Se, Devils Lake, ND 58301",FDIC BankFind main office; 12 CFR __.43
19559,TexasBank,TX,FDIC,2479690,Intermediate Small Bank Evaluation,,,04/01/2024,role,CRA Officer,"designated public-file contact, TexasBank",,"4521 S Hulen St, Fort Worth, TX 76109",FDIC BankFind main office; 12 CFR __.43
11112,Somerset Trust Company,PA,FDIC,2467590,Large Bank Evaluation,Low Satisfactory,High Satisfactory,09/01/2025,role,CRA Officer,"designated public-file contact, Somerset Trust Company",,"151 W Main St, Somerset, PA 15501",FDIC BankFind main office; 12 CFR __.43
30903,Community Bank of the Chesapeake,MD,FDIC,2460952,Large Bank Evaluation,Low Satisfactory,High Satisfactory,02/01/2022,role,CRA Officer,"designated public-file contact, Community Bank of the Chesapeake",,"3035 Leonardtown Rd, Waldorf, MD 20601",FDIC BankFind main office; 12 CFR __.43
34908,Cogent Bank,FL,FDIC,2454078,Intermediate Small Bank Evaluation,,,12/01/2023,role,CRA Officer,"designated public-file contact, Cogent Bank",,"420 S Orange Ave, Orlando, FL 32801",FDIC BankFind main office; 12 CFR __.43
2711,"Traditional Bank, Inc.",KY,FDIC,2440347,Large Bank Evaluation,Low Satisfactory,High Satisfactory,11/01/2023,role,CRA Officer,"designated public-file contact, Traditional Bank, Inc.",,"49 W Main St, Mount Sterling, KY 40353",FDIC BankFind main office; 12 CFR __.43
25620,"Credit One Bank, National Association",NV,OCC,2439105,Limited Purpose Bank,,,03/17/2025,role,CRA Officer,"designated public-file contact, Credit One Bank, National Association",,"6801 S Cimarron Rd, Las Vegas, NV 89113",FDIC BankFind main office; 12 CFR __.43
30953,"El Dorado Savings Bank, F.S.B.",CA,OCC,2438455,Large Bank,,,04/29/2024,role,CRA Officer,"designated public-file contact, El Dorado Savings Bank, F.S.B.",,"4040 El Dorado Rd, Placerville, CA 95667",FDIC BankFind main office; 12 CFR __.43
58581,Texas Partners Bank,TX,FDIC,2425763,Large Bank Evaluation,Low Satisfactory,Low Satisfactory,07/01/2024,role,CRA Officer,"designated public-file contact, Texas Partners Bank",,"1900 Nw Loop 410, San Antonio, TX 78213",FDIC BankFind main office; 12 CFR __.43
18204,First County Bank,CT,FDIC,2422335,Large Bank Evaluation,High Satisfactory,High Satisfactory,12/01/2025,role,CRA Officer,"designated public-file contact, First County Bank",,"117 Prospect St, Stamford, CT 06901",FDIC BankFind main office; 12 CFR __.43
6158,Peoples Bank,WA,FDIC,2418341,Large Bank Evaluation,High Satisfactory,Low Satisfactory,11/01/2025,role,CRA Officer,"designated public-file contact, Peoples Bank",,"3100 Woburn St, Bellingham, WA 98226",FDIC BankFind main office; 12 CFR __.43
57756,Coastal States Bank,SC,FED,2418168,Intermediate Small Bank Evaluation,,,11/01/2022,role,CRA Officer,"designated public-file contact, Coastal States Bank",,"5 Bow Cir, Hilton Head Island, SC 29928",FDIC BankFind main office; 12 CFR __.43
12769,First United Bank,TX,FDIC,2409073,Large Bank Evaluation,High Satisfactory,Low Satisfactory,09/01/2024,role,CRA Officer,"designated public-file contact, First United Bank",,"201 N Broadway St, Dimmitt, TX 79027",FDIC BankFind main office; 12 CFR __.43
58374,The Piedmont Bank,GA,FDIC,2401362,Large Bank Evaluation,Low Satisfactory,Low Satisfactory,11/01/2024,role,CRA Officer,"designated public-file contact, The Piedmont Bank",,"5100 Peachtree Pkwy, Peachtree Corners, GA 30092",FDIC BankFind main office; 12 CFR __.43
58243,John Marshall Bank,VA,FED,2398504,Int Small Bank,High Satisfactory,High Satisfactory,"Mar 15, 2021",role,CRA Officer,"designated public-file contact, John Marshall Bank",,"1943 Isaac Newton Sq E, Reston, VA 20190",FDIC BankFind main office; 12 CFR __.43
7493,The Ephrata National Bank,PA,OCC,2389971,Large Bank,,,09/30/2024,role,CRA Officer,"designated public-file contact, The Ephrata National Bank",,"31 E Main St, Ephrata, PA 17522",FDIC BankFind main office; 12 CFR __.43
58604,Level One Bank,MI,FDIC,2387692,Large Bank Evaluation,High Satisfactory,Outstanding,10/01/2020,role,CRA Officer,"designated public-file contact, Level One Bank",,"32991 Hamilton Court, Farmington Hills, MI 48334",FDIC BankFind main office; 12 CFR __.43
19123,First Western Bank & Trust,ND,FED,2386276,Large Bank,Low Satisfactory,Low Satisfactory,"Sep 23, 2024",role,CRA Officer,"designated public-file contact, First Western Bank & Trust",,"900 S Broadway, Minot, ND 58701",FDIC BankFind main office; 12 CFR __.43
58892,Guaranty Bank,MO,FED,2383523,Int Small Bank,High Satisfactory,High Satisfactory,"May 01, 2023",role,CRA Officer,"designated public-file contact, Guaranty Bank",,"2144 E Republic Rd, Springfield, MO 65804",FDIC BankFind main office; 12 CFR __.43
34047,First Community Bank,SC,FDIC,2380900,Large Bank Evaluation,Low Satisfactory,Low Satisfactory,11/01/2023,role,CRA Officer,"designated public-file contact, First Community Bank",,"5455 Sunset Blvd, Lexington, SC 29072",FDIC BankFind main office; 12 CFR __.43
9923,Anderson Brothers Bank,SC,FDIC,2380274,Intermediate Small Bank Evaluation,,,10/01/2024,role,CRA Officer,"designated public-file contact, Anderson Brothers Bank",,"101 N Main St, Mullins, SC 29574",FDIC BankFind main office; 12 CFR __.43
7714,QNB Bank,PA,FDIC,2374999,Large Bank Evaluation,Low Satisfactory,High Satisfactory,01/01/2026,role,CRA Officer,"designated public-file contact, QNB Bank",,"15 N 3rd St, Quakertown, PA 18951",FDIC BankFind main office; 12 CFR __.43
25258,"Pibank, National Association",FL,OCC,2373337,Intermediate Small Bank,,,10/14/2025,role,CRA Officer,"designated public-file contact, Pibank, National Association",,"860 Nw 42nd Ave, Miami, FL 33126",FDIC BankFind main office; 12 CFR __.43
57095,Dogwood State Bank,NC,FDIC,2368823,Intermediate Small Bank Evaluation,,,03/01/2024,role,CRA Officer,"designated public-file contact, Dogwood State Bank",,"5401 Six Forks Rd, Raleigh, NC 27609",FDIC BankFind main office; 12 CFR __.43
58696,FVCbank,VA,FED,2362694,Large Bank,Needs to Improve,High Satisfactory,"Jul 31, 2023",role,CRA Officer,"designated public-file contact, FVCbank",,"11325 Random Hills Rd, Fairfax, VA 22030",FDIC BankFind main office; 12 CFR __.43
8252,Omb Bank,MO,FED,2358824,Int Small Bank,,,"Mar 06, 2023",role,CRA Officer,"designated public-file contact, Omb Bank",,"3570 S National Ave, Springfield, MO 65807",FDIC BankFind main office; 12 CFR __.43
22354,Commercial Bank,TN,FED,2355536,Large Bank,Needs to Improve,Low Satisfactory,"Oct 06, 2025",role,CRA Officer,"designated public-file contact, Commercial Bank",,"6710 Cumberland Gap Pkwy, Harrogate, TN 37752",FDIC BankFind main office; 12 CFR __.43
14521,Bank Iowa,IA,FED,2348695,Large Bank,Low Satisfactory,Low Satisfactory,"Sep 09, 2024",role,CRA Officer,"designated public-file contact, Bank Iowa",,"1225 Jordan Creek Pkwy, West Des Moines, IA 50266",FDIC BankFind main office; 12 CFR __.43
23799,Texas First Bank,TX,FED,2345157,Large Bank,Low Satisfactory,High Satisfactory,"May 28, 2024",channel,CRA Officer,"role, no name published",CRA public file PDF on texasfirst.bank,"3232 Palmer Hwy, Texas City, TX 77590",bank CRA public file (2024)
18059,The Bank of Commerce,ID,FDIC,2344611,Large Bank Evaluation,Low Satisfactory,High Satisfactory,06/01/2025,role,CRA Officer,"designated public-file contact, The Bank of Commerce",,"3113 S 25th E, Ammon, ID 83406",FDIC BankFind main office; 12 CFR __.43
253,Luana Savings Bank,IA,FDIC,2341323,Large Bank Evaluation,Low Satisfactory,Low Satisfactory,10/01/2023,role,CRA Officer,"designated public-file contact, Luana Savings Bank",,"100 Harvest Dr, Luana, IA 52156",FDIC BankFind main office; 12 CFR __.43
20741,"Pioneer Bank, National Association",NY,OCC,2340761,Large Bank Evaluation,Outstanding,Outstanding,01/01/2024,role,CRA Officer,"designated public-file contact, Pioneer Bank, National Association",,"652 Albany Shaker Rd, Albany, NY 12211",FDIC BankFind main office; 12 CFR __.43
8405,Farmers and Merchants Trust Company of Chambersburg,PA,FDIC,2336081,Large Bank Evaluation,Low Satisfactory,High Satisfactory,05/01/2024,role,CRA Officer,"designated public-file contact, Farmers and Merchants Trust Company of Chambersburg",,"20 S Main St, Chambersburg, PA 17201",FDIC BankFind main office; 12 CFR __.43
26960,First Bank of the Lake,MO,FDIC,2335767,Strategic Plan Evaluation,,,05/01/2024,role,CRA Officer,"designated public-file contact, First Bank of the Lake",,"4558 Osage Beach Pkwy, Osage Beach, MO 65065",FDIC BankFind main office; 12 CFR __.43
58675,Hanover Community Bank,NY,FDIC,2334897,Intermediate Small Bank Evaluation,,,03/01/2024,role,CRA Officer,"designated public-file contact, Hanover Community Bank",,"2131 Jericho Tpke, Garden City Park, NY 11040",FDIC BankFind main office; 12 CFR __.43
8021,Crews Bank & Trust,FL,FDIC,2333967,Intermediate Small Bank Evaluation,,,07/01/2023,role,CRA Officer,"designated public-file contact, Crews Bank & Trust",,"106 E Main St, Wauchula, FL 33873",FDIC BankFind main office; 12 CFR __.43
5415,Security First Bank,NE,FDIC,2321341,Intermediate Small Bank Evaluation,,,04/01/2025,role,CRA Officer,"designated public-file contact, Security First Bank",,"5505 Red Rock Ln, Lincoln, NE 68516",FDIC BankFind main office; 12 CFR __.43
1265,Cashmere Valley Bank,WA,FDIC,2316834,Large Bank Evaluation,Low Satisfactory,High Satisfactory,05/01/2024,role,CRA Officer,"designated public-file contact, Cashmere Valley Bank",,"117 Aplets Way, Cashmere, WA 98815",FDIC BankFind main office; 12 CFR __.43
33111,Colorado Federal Savings Bank,CO,OCC,2311952,Large Bank,,,09/29/2025,role,CRA Officer,"designated public-file contact, Colorado Federal Savings Bank",,"8400 E Prentice Ave, Greenwood Village, CO 80111",FDIC BankFind main office; 12 CFR __.43
3864,The First National Bank of Fort Smith,AR,OCC,2311601,Large Bank,,,07/03/2023,role,CRA Officer,"designated public-file contact, The First National Bank of Fort Smith",,"602 Garrison Ave, Fort Smith, AR 72901",FDIC BankFind main office; 12 CFR __.43
35274,"Blue Ridge Bank,  National Association",VA,OCC,2310031,Intermediate Small Bank,,,03/08/2023,role,CRA Officer,"designated public-file contact, Blue Ridge Bank,  National Association",,"1 E Market St, Martinsville, VA 24112",FDIC BankFind main office; 12 CFR __.43
34888,Parke Bank,NJ,FDIC,2302646,Large Bank Evaluation,Low Satisfactory,Low Satisfactory,03/01/2024,role,CRA Officer,"designated public-file contact, Parke Bank",,"601 Delsea Dr, Sewell, NJ 08080",FDIC BankFind main office; 12 CFR __.43
15555,Central Bank,IA,FED,2290918,Int Small Bank,Low Satisfactory,Outstanding,"Nov 16, 2020",role,CRA Officer,"designated public-file contact, Central Bank",,"600 Lake Ave, Storm Lake, IA 50588",FDIC BankFind main office; 12 CFR __.43
10307,Builtwell Bank,TN,FDIC,2284013,Intermediate Small Bank Evaluation,,,08/01/2024,role,CRA Officer,"designated public-file contact, Builtwell Bank",,"728 Broad St, Chattanooga, TN 37402",FDIC BankFind main office; 12 CFR __.43
2138,Queensborough National Bank & Trust Company,GA,OCC,2280085,Large Bank,,,03/11/2024,role,CRA Officer,"designated public-file contact, Queensborough National Bank & Trust Company",,"113 E Broad St, Louisville, GA 30434",FDIC BankFind main office; 12 CFR __.43
23275,Plumas Bank,CA,FED,2277465,Intermediate Small Bank Evaluation,High Satisfactory,Outstanding,10/01/2018,role,CRA Officer,"designated public-file contact, Plumas Bank",,"336 Main St, Quincy, CA 95971",FDIC BankFind main office; 12 CFR __.43
34681,"Crystal Lake Bank and Trust Company, National Association",IL,OCC,2259402,Large Bank,,,06/02/2025,role,CRA Officer,"designated public-file contact, Crystal Lake Bank and Trust Company, National Association",,"70 N Williams St, Crystal Lake, IL 60014",FDIC BankFind main office; 12 CFR __.43
5854,"South Central Bank,  Inc.",KY,FDIC,2257592,Large Bank Evaluation,Low Satisfactory,Low Satisfactory,08/01/2025,role,CRA Officer,"designated public-file contact, South Central Bank,  Inc.",,"208 S Broadway St, Glasgow, KY 42141",FDIC BankFind main office; 12 CFR __.43
28513,"WaterStone Bank, SSB",WI,FDIC,2252894,Large Bank Evaluation,High Satisfactory,Low Satisfactory,06/01/2025,role,CRA Officer,"designated public-file contact, WaterStone Bank, SSB",,"11200 W Plank Ct, Wauwatosa, WI 53226",FDIC BankFind main office; 12 CFR __.43
21573,Bank of Tennessee,TN,FDIC,2250406,Large Bank Evaluation,Low Satisfactory,Low Satisfactory,11/01/2024,role,CRA Officer,"designated public-file contact, Bank of Tennessee",,"301 E Center St, Kingsport, TN 37660",FDIC BankFind main office; 12 CFR __.43
58513,The Bank of Princeton,NJ,FDIC,2250271,Large Bank Evaluation,High Satisfactory,Low Satisfactory,11/01/2024,role,CRA Officer,"designated public-file contact, The Bank of Princeton",,"183 Bayard Ln, Princeton, NJ 08540",FDIC BankFind main office; 12 CFR __.43
26856,Falcon International Bank,TX,FDIC,2249533,Large Bank Evaluation,High Satisfactory,Low Satisfactory,02/01/2024,role,CRA Officer,"designated public-file contact, Falcon International Bank",,"7718 Mcpherson Rd Bldg F, Laredo, TX 78045",FDIC BankFind main office; 12 CFR __.43
1117,American Bank & Trust,SD,FDIC,2248298,Intermediate Small Bank Evaluation,,,04/01/2024,role,CRA Officer,"designated public-file contact, American Bank & Trust",,"6810 S Minnesota Ave, Sioux Falls, SD 57108",FDIC BankFind main office; 12 CFR __.43
20488,Five Points Bank,NE,FED,2243094,Int Small Bank,Low Satisfactory,Low Satisfactory,"Oct 21, 2019",role,CRA Officer,"designated public-file contact, Five Points Bank",,"2015 N Broadwell Ave, Grand Island, NE 68803",FDIC BankFind main office; 12 CFR __.43
4160,Regent Bank,OK,FDIC,2241430,Intermediate Small Bank Evaluation,,,08/01/2025,role,CRA Officer,"designated public-file contact, Regent Bank",,"7136 S Yale Ave, Tulsa, OK 74136",FDIC BankFind main office; 12 CFR __.43
57742,MainStreet Bank,VA,FED,2238825,Large Bank,Outstanding,High Satisfactory,"Jul 28, 2025",role,CRA Officer,"designated public-file contact, MainStreet Bank",,"10089 Fairfax Blvd, Fairfax, VA 22030",FDIC BankFind main office; 12 CFR __.43
23992,Country Bank for Savings,MA,FDIC,2236949,Large Bank Evaluation,High Satisfactory,Low Satisfactory,02/01/2026,role,CRA Officer,"designated public-file contact, Country Bank for Savings",,"155 West St, Ware, MA 01082",FDIC BankFind main office; 12 CFR __.43
33188,Shinhan Bank America,NY,FDIC,2234648,Large Bank Evaluation,Low Satisfactory,Low Satisfactory,02/01/2025,role,CRA Officer,"designated public-file contact, Shinhan Bank America",,"475 Park Ave S, New York, NY 10016",FDIC BankFind main office; 12 CFR __.43
14266,National Bank of Commerce,WI,OCC,2233301,Intermediate Small Bank,,,07/14/2025,role,CRA Officer,"designated public-file contact, National Bank of Commerce",,"1127 Tower Ave, Superior, WI 54880",FDIC BankFind main office; 12 CFR __.43
58536,Think Mutual Bank,MN,OCC,2229410,Large Bank,,,07/10/2023,role,CRA Officer,"designated public-file contact, Think Mutual Bank",,"5200 Members Pkwy Nw, Rochester, MN 55901",FDIC BankFind main office; 12 CFR __.43
17470,First Bank Chicago,IL,FDIC,2228645,Large Bank Evaluation,Low Satisfactory,Outstanding,04/01/2026,role,CRA Officer,"designated public-file contact, First Bank Chicago",,"1835 1st St, Highland Park, IL 60035",FDIC BankFind main office; 12 CFR __.43
6623,LCNB National Bank,OH,OCC,2219306,Large Bank,,,07/21/2025,role,CRA Officer,"designated public-file contact, LCNB National Bank",,"2 N Broadway St, Lebanon, OH 45036",FDIC BankFind main office; 12 CFR __.43
13879,"PeoplesBank, a Codorus Valley Company",PA,FDIC,2218961,Large Bank Evaluation,High Satisfactory,Low Satisfactory,07/01/2022,role,CRA Officer,"designated public-file contact, PeoplesBank, a Codorus Valley Company",,"109 Leaders Heights Rd, York, PA 17403",FDIC BankFind main office; 12 CFR __.43
30303,Maspeth Federal Savings and Loan Association,NY,OCC,2211470,Large Bank,,,05/22/2023,role,CRA Officer,"designated public-file contact, Maspeth Federal Savings and Loan Association",,"5618 69th St, Maspeth, NY 11378",FDIC BankFind main office; 12 CFR __.43
24563,Texas Community Bank,TX,FED,2204656,Large Bank,Low Satisfactory,Needs to Improve,"Oct 23, 2023",role,CRA Officer,"designated public-file contact, Texas Community Bank",,"6721 Mcpherson Rd, Laredo, TX 78041",FDIC BankFind main office; 12 CFR __.43
22221,SB One Bank,NJ,FDIC,2198930,Intermediate Small Bank Evaluation,High Satisfactory,High Satisfactory,09/01/2020,role,CRA Officer,"designated public-file contact, SB One Bank",,"399 Route 23, Franklin, NJ 07416",FDIC BankFind main office; 12 CFR __.43
58595,"Chain Bridge Bank, National Association",VA,OCC,2192216,Intermediate Small Bank,,,02/24/2025,role,CRA Officer,"designated public-file contact, Chain Bridge Bank, National Association",,"1445a Laughlin Ave, Mclean, VA 22101",FDIC BankFind main office; 12 CFR __.43
5574,Citizens National Bank of Texas,TX,OCC,2188815,Large Bank,,,04/04/2024,role,CRA Officer,"designated public-file contact, Citizens National Bank of Texas",,"200 N Elm St, Waxahachie, TX 75165",FDIC BankFind main office; 12 CFR __.43
34068,Thomasville National Bank,GA,OCC,2181324,Intermediate Small Bank,,,02/12/2024,role,CRA Officer,"designated public-file contact, Thomasville National Bank",,"301 N Broad St, Thomasville, GA 31792",FDIC BankFind main office; 12 CFR __.43
15809,Security State Bank & Trust,TX,FDIC,2176648,Large Bank Evaluation,Low Satisfactory,High Satisfactory,05/01/2026,role,CRA Officer,"designated public-file contact, Security State Bank & Trust",,"201 W Main St, Fredericksburg, TX 78624",FDIC BankFind main office; 12 CFR __.43
13063,Kennebunk Savings Bank,ME,FDIC,2172557,Large Bank Evaluation,High Satisfactory,High Satisfactory,01/01/2024,role,CRA Officer,"designated public-file contact, Kennebunk Savings Bank",,"104 Main St, Kennebunk, ME 04043",FDIC BankFind main office; 12 CFR __.43
1005,Isabella Bank,MI,FED,2170035,Large Bank,Needs to Improve,Low Satisfactory,"Nov 13, 2023",role,CRA Officer,"designated public-file contact, Isabella Bank",,"139 E Broadway St, Mount Pleasant, MI 48858",FDIC BankFind main office; 12 CFR __.43
28263,"CFBank, National Association",OH,OCC,2167338,Intermediate Small Bank,,,10/10/2023,role,CRA Officer,"designated public-file contact, CFBank, National Association",,"4960 E Dublin Granville Rd, Columbus, OH 43081",FDIC BankFind main office; 12 CFR __.43
9204,Central Bank,UT,FDIC,2164532,Large Bank Evaluation,Low Satisfactory,High Satisfactory,11/01/2023,role,CRA Officer,"designated public-file contact, Central Bank",,"75 N University Ave, Provo, UT 84601",FDIC BankFind main office; 12 CFR __.43
28262,ESSA Bank & Trust,PA,FDIC,2163484,Large Bank Evaluation,High Satisfactory,High Satisfactory,12/01/2024,role,CRA Officer,"designated public-file contact, ESSA Bank & Trust",,"200 Palmer St, Stroudsburg, PA 18360",FDIC BankFind main office; 12 CFR __.43
172,United Bank,GA,FDIC,2159044,Large Bank Evaluation,Low Satisfactory,Outstanding,04/01/2025,role,CRA Officer,"designated public-file contact, United Bank",,"685 Griffin St, Zebulon, GA 30295",FDIC BankFind main office; 12 CFR __.43
17658,Norway Savings Bank,ME,FDIC,2155525,Large Bank Evaluation,Outstanding,Outstanding,02/01/2024,role,CRA Officer,"designated public-file contact, Norway Savings Bank",,"261 Main St, Norway, ME 04268",FDIC BankFind main office; 12 CFR __.43
21843,Mizuho Bank (USA),NY,FED,2137445,Wholesale,,,"Feb 22, 2021",role,CRA Officer,"designated public-file contact, Mizuho Bank (USA)",,"1271 Avenue Of The Americas, New York, NY 10020",FDIC BankFind main office; 12 CFR __.43
7151,The Lyons National Bank,NY,OCC,2134066,Large Bank,,,04/29/2024,role,CRA Officer,"designated public-file contact, The Lyons National Bank",,"35 William St, Lyons, NY 14489",FDIC BankFind main office; 12 CFR __.43
58783,Oakworth Capital Bank,AL,FDIC,2132047,Intermediate Small Bank Evaluation,,,07/01/2025,role,CRA Officer,"designated public-file contact, Oakworth Capital Bank",,"850 Shades Creek Pkwy, Birmingham, AL 35209",FDIC BankFind main office; 12 CFR __.43
30182,Opportunity Bank of Montana,MT,FED,2122995,Int Small Bank,,,"Oct 24, 2022",role,CRA Officer,"designated public-file contact, Opportunity Bank of Montana",,"1400 Prospect Ave, Helena, MT 59601",FDIC BankFind main office; 12 CFR __.43
4016,The First National Bank in Sioux Falls,SD,OCC,2119293,Large Bank,,,07/07/2025,role,CRA Officer,"designated public-file contact, The First National Bank in Sioux Falls",,"100 S Phillips Ave, Sioux Falls, SD 57104",FDIC BankFind main office; 12 CFR __.43
29147,NorthEast Community Bank,NY,FDIC,2111015,Intermediate Small Bank Evaluation,,,11/01/2024,role,CRA Officer,"designated public-file contact, NorthEast Community Bank",,"325 Hamilton Ave, White Plains, NY 10601",FDIC BankFind main office; 12 CFR __.43
28405,First Fed Bank,WA,FDIC,2106581,Large Bank Evaluation,Low Satisfactory,High Satisfactory,01/01/2025,role,CRA Officer,"designated public-file contact, First Fed Bank",,"105 W 8th St, Port Angeles, WA 98362",FDIC BankFind main office; 12 CFR __.43
19772,IncredibleBank,WI,FDIC,2103655,Large Bank Evaluation,Outstanding,Outstanding,10/01/2025,role,CRA Officer,"designated public-file contact, IncredibleBank",,"327 N 17th Ave, Wausau, WI 54401",FDIC BankFind main office; 12 CFR __.43
15995,PCSB Bank,NY,FED,2100952,Large Bank Evaluation,High Satisfactory,Low Satisfactory,06/01/2021,role,CRA Officer,"designated public-file contact, PCSB Bank",,"2477 Route 6, Brewster, NY 10509",FDIC BankFind main office; 12 CFR __.43
33758,Starion Bank,ND,FDIC,2097919,Large Bank Evaluation,Low Satisfactory,Low Satisfactory,08/01/2023,role,CRA Officer,"designated public-file contact, Starion Bank",,"333 N 4th St, Bismarck, ND 58501",FDIC BankFind main office; 12 CFR __.43
16250,Marquette Bank,IL,FED,2094911,Large Bank,Low Satisfactory,High Satisfactory,"Sep 16, 2024",role,CRA Officer,"designated public-file contact, Marquette Bank",,"6316 S Western Ave, Chicago, IL 60636",FDIC BankFind main office; 12 CFR __.43
14969,Kish Bank,PA,FDIC,2084448,Intermediate Small Bank Evaluation,,,08/01/2025,role,CRA Officer,"designated public-file contact, Kish Bank",,"4255 E Main St, Belleville, PA 17004",FDIC BankFind main office; 12 CFR __.43
3809,"Peoples National Bank , N.A.",IL,OCC,2083619,Intermediate Small Bank,,,05/07/2024,role,CRA Officer,"designated public-file contact, Peoples National Bank , N.A.",,"520 S 42nd St, Mount Vernon, IL 62864",FDIC BankFind main office; 12 CFR __.43
6917,First Bank,VA,FED,2073688,Int Small Bank,,,"Jun 23, 2025",role,CRA Officer,"designated public-file contact, First Bank",,"112 W King St, Strasburg, VA 22657",FDIC BankFind main office; 12 CFR __.43
3719,"American Commercial Bank & Trust, National Association",IL,OCC,2069383,Intermediate Small Bank,,,12/01/2025,role,CRA Officer,"designated public-file contact, American Commercial Bank & Trust, National Association",,"701 La Salle St, Ottawa, IL 61350",FDIC BankFind main office; 12 CFR __.43
58264,Signature Bank,IL,FDIC,2068707,Intermediate Small Bank Evaluation,,,03/01/2024,role,CRA Officer,"designated public-file contact, Signature Bank",,"9450 Bryn Mawr Ave Ste 300, Rosemont, IL 60018",FDIC BankFind main office; 12 CFR __.43
26336,The Village Bank,MA,FDIC,2068136,Large Bank Evaluation,Low Satisfactory,Low Satisfactory,11/01/2024,role,CRA Officer,"designated public-file contact, The Village Bank",,"320 Needham St, Newton, MA 02464",FDIC BankFind main office; 12 CFR __.43
58811,One Florida Bank,FL,FDIC,2067773,Intermediate Small Bank Evaluation,,,04/01/2023,role,CRA Officer,"designated public-file contact, One Florida Bank",,"1601 S Orange Ave, Orlando, FL 32806",FDIC BankFind main office; 12 CFR __.43
15118,Gateway First Bank,OK,FDIC,2062041,Large Bank Evaluation,,Substantial Non Complianc,06/01/2023,role,CRA Officer,"designated public-file contact, Gateway First Bank",,"244 S Gateway Pl, Jenks, OK 74037",FDIC BankFind main office; 12 CFR __.43
28453,Timberland Bank,WA,FDIC,2060726,Large Bank Evaluation,High Satisfactory,Low Satisfactory,01/01/2025,role,CRA Officer,"designated public-file contact, Timberland Bank",,"624 Simpson Ave, Hoquiam, WA 98550",FDIC BankFind main office; 12 CFR __.43
27744,MutualBank,IN,FDIC,2058934,Large Bank Evaluation,Low Satisfactory,High Satisfactory,05/01/2020,role,CRA Officer,"designated public-file contact, MutualBank",,"110 East Charles St, Muncie, IN 47305",FDIC BankFind main office; 12 CFR __.43
59177,"Square Financial Services, Inc.",UT,FDIC,2057172,Strategic Plan Evaluation,,,08/01/2023,role,CRA Officer,"designated public-file contact, Square Financial Services, Inc.",,"3165 E Millrock Dr, Salt Lake City, UT 84121",FDIC BankFind main office; 12 CFR __.43
4857,First United Bank & Trust,MD,FDIC,2054956,Large Bank Evaluation,High Satisfactory,Outstanding,12/01/2025,role,CRA Officer,"designated public-file contact, First United Bank & Trust",,"19 S 2nd St, Oakland, MD 21550",FDIC BankFind main office; 12 CFR __.43
29523,Peoples Bank,IN,FDIC,2040214,Large Bank Evaluation,Low Satisfactory,High Satisfactory,12/01/2024,role,CRA Officer,"designated public-file contact, Peoples Bank",,"9204 Columbia Ave, Munster, IN 46321",FDIC BankFind main office; 12 CFR __.43
28905,First Financial Bank,AR,FED,2036916,Int Small Bank,Low Satisfactory,Low Satisfactory,"Sep 06, 2021",role,CRA Officer,"designated public-file contact, First Financial Bank",,"300 East Peach Street, El Dorado, AR 71730",FDIC BankFind main office; 12 CFR __.43
18402,Blackhawk Bank & Trust,IL,FDIC,2036767,Large Bank Evaluation,Low Satisfactory,Low Satisfactory,04/01/2025,role,CRA Officer,"designated public-file contact, Blackhawk Bank & Trust",,"301 4th St W, Milan, IL 61264",FDIC BankFind main office; 12 CFR __.43
14712,First National Bank,SD,OCC,2032246,Intermediate Small Bank,,,03/11/2024,role,CRA Officer,"designated public-file contact, First National Bank",,"307 E Hustan Ave, Fort Pierre, SD 57532",FDIC BankFind main office; 12 CFR __.43
58490,Beneficial State Bank,CA,FDIC,2027009,Large Bank Evaluation,High Satisfactory,High Satisfactory,01/01/2026,role,CRA Officer,"designated public-file contact, Beneficial State Bank",,"2100 Franklin St, Oakland, CA 94612",FDIC BankFind main office; 12 CFR __.43
10667,Mabrey Bank,OK,FED,2021750,Int Small Bank,High Satisfactory,Outstanding,"Oct 07, 2019",role,CRA Officer,"designated public-file contact, Mabrey Bank",,"14821 S Memorial Dr, Bixby, OK 74008",FDIC BankFind main office; 12 CFR __.43
21956,Montecito Bank & Trust,CA,FDIC,2018080,Large Bank Evaluation,Outstanding,Outstanding,01/01/2024,role,CRA Officer,"designated public-file contact, Montecito Bank & Trust",,"1000 State St, Santa Barbara, CA 93101",FDIC BankFind main office; 12 CFR __.43
90188,Bankesb,MA,FED,2015070,Large Bank,Low Satisfactory,High Satisfactory,"Oct 16, 2023",role,CRA Officer,"designated public-file contact, Bankesb",,"36 Main St, Easthampton, MA 01027",FDIC BankFind main office; 12 CFR __.43
16216,The Farmers & Merchants Bank,AR,FED,2015057,Int Small Bank,Low Satisfactory,,"Jun 03, 2019",role,CRA Officer,"designated public-file contact, The Farmers & Merchants Bank",,"708 S Main St, Stuttgart, AR 72160",FDIC BankFind main office; 12 CFR __.43
23293,Florence Bank,MA,FDIC,2014204,Large Bank Evaluation,Outstanding,High Satisfactory,08/01/2025,role,CRA Officer,"designated public-file contact, Florence Bank",,"85 Main St, Florence, MA 01062",FDIC BankFind main office; 12 CFR __.43
34805,Mission Bank,CA,FED,2010002,Int Small Bank,,,"Jul 29, 2019",role,CRA Officer,"designated public-file contact, Mission Bank",,"1301 17th St, Bakersfield, CA 93301",FDIC BankFind main office; 12 CFR __.43
33457,Oak Valley Community Bank,CA,FED,2001344,Int Small Bank,,,"Oct 21, 2019",role,CRA Officer,"designated public-file contact, Oak Valley Community Bank",,"125 N 3rd Ave, Oakdale, CA 95361",FDIC BankFind main office; 12 CFR __.43
19506,Bank of Springfield,IL,FDIC,2000417,Intermediate Small Bank Evaluation,,,10/01/2024,role,CRA Officer,"designated public-file contact, Bank of Springfield",,"3400 Wabash Ave, Springfield, IL 62711",FDIC BankFind main office; 12 CFR __.43
2102,The Conway National Bank,SC,OCC,1997130,Large Bank,,,10/09/2023,role,CRA Officer,"designated public-file contact, The Conway National Bank",,"1400 3rd Ave, Conway, SC 29526",FDIC BankFind main office; 12 CFR __.43
28116,Yakima Federal Savings and Loan Association,WA,FDIC,1997102,Large Bank Evaluation,High Satisfactory,Low Satisfactory,03/01/2024,role,CRA Officer,"designated public-file contact, Yakima Federal Savings and Loan Association",,"118 E Yakima Ave, Yakima, WA 98901",FDIC BankFind main office; 12 CFR __.43
33119,"Heritage Bank, Inc.",KY,FDIC,1993366,Intermediate Small Bank Evaluation,,,04/01/2024,role,CRA Officer,"designated public-file contact, Heritage Bank, Inc.",,"1818 Florence Pike, Burlington, KY 41005",FDIC BankFind main office; 12 CFR __.43
58689,South Atlantic Bank,SC,FDIC,1979313,Intermediate Small Bank Evaluation,,,12/01/2024,role,CRA Officer,"designated public-file contact, South Atlantic Bank",,"630 29th Ave N, Myrtle Beach, SC 29577",FDIC BankFind main office; 12 CFR __.43
57620,Arizona Bank & Trust,AZ,FDIC,1977640,Intermediate Small Bank Evaluation,High Satisfactory,Outstanding,10/01/2019,role,CRA Officer,"designated public-file contact, Arizona Bank & Trust",,"2036 E Camelback Rd, Phoenix, AZ 85016",FDIC BankFind main office; 12 CFR __.43
57873,Commonwealth Business Bank,CA,FED,1966224,Large Bank,Low Satisfactory,Low Satisfactory,"Sep 23, 2024",role,CRA Officer,"designated public-file contact, Commonwealth Business Bank",,"3435 Wilshire Blvd, Los Angeles, CA 90010",FDIC BankFind main office; 12 CFR __.43
58054,First Commerce Bank,NJ,FDIC,1964972,Intermediate Small Bank Evaluation,,,03/01/2025,role,CRA Officer,"designated public-file contact, First Commerce Bank",,"105 River Ave, Lakewood, NJ 08701",FDIC BankFind main office; 12 CFR __.43
34254,"Planters Bank, Inc.",KY,FDIC,1960775,Intermediate Small Bank Evaluation,,,02/01/2025,role,CRA Officer,"designated public-file contact, Planters Bank, Inc.",,"1312 S Main St, Hopkinsville, KY 42240",FDIC BankFind main office; 12 CFR __.43
20954,Citizens National Bank,TN,OCC,1958426,Intermediate Small Bank,,,06/30/2025,named,Reza Aghamirzadeh,"EVP, Head of Community Development",,"200 Forks Of The River Pkwy, Sevierville, TN 37862","CBA Community Reinvestment Committee roster, 2026-08-26"
18922,Tri City National Bank,WI,OCC,1952347,Large Bank,,,12/02/2024,role,CRA Officer,"designated public-file contact, Tri City National Bank",,"6400 S 27th St, Oak Creek, WI 53154",FDIC BankFind main office; 12 CFR __.43
7748,VIST Bank,PA,FDIC,1945388,Large Bank Evaluation,High Satisfactory,High Satisfactory,07/01/2020,role,CRA Officer,"designated public-file contact, VIST Bank",,"1240 Broadcasting Road, Wyomissing, PA 19610",FDIC BankFind main office; 12 CFR __.43
18258,Thomaston Savings Bank,CT,FDIC,1934794,Large Bank Evaluation,Low Satisfactory,High Satisfactory,10/01/2023,role,CRA Officer,"designated public-file contact, Thomaston Savings Bank",,"203 Main St, Thomaston, CT 06787",FDIC BankFind main office; 12 CFR __.43
4009,"BankWest, Inc.",SD,FDIC,1934619,Intermediate Small Bank Evaluation,,,08/01/2023,role,CRA Officer,"designated public-file contact, BankWest, Inc.",,"420 S Pierre St, Pierre, SD 57501",FDIC BankFind main office; 12 CFR __.43
34207,Great Plains National Bank,OK,OCC,1928955,Intermediate Small Bank,,,10/28/2024,role,CRA Officer,"designated public-file contact, Great Plains National Bank",,"2017 W 3rd St, Elk City, OK 73644",FDIC BankFind main office; 12 CFR __.43
32912,Whitaker Bank,KY,FED,1926362,Large Bank,Needs to Improve,Low Satisfactory,"Nov 27, 2023",role,CRA Officer,"designated public-file contact, Whitaker Bank",,"2001 Pleasant Ridge Dr, Lexington, KY 40509",FDIC BankFind main office; 12 CFR __.43
3440,First Northern Bank of Dixon,CA,FDIC,1925947,Large Bank Evaluation,Low Satisfactory,High Satisfactory,09/01/2023,role,CRA Officer,"designated public-file contact, First Northern Bank of Dixon",,"195 N 1st St, Dixon, CA 95620",FDIC BankFind main office; 12 CFR __.43
18213,Fairfield County Bank,CT,FDIC,1919913,Large Bank Evaluation,,,06/01/2023,role,CRA Officer,"designated public-file contact, Fairfield County Bank",,"150 Danbury Rd, Ridgefield, CT 06877",FDIC BankFind main office; 12 CFR __.43
2240,First American Bank,NM,FDIC,1914506,Large Bank Evaluation,Outstanding,Low Satisfactory,05/01/2025,named,David J. Leeney,CRA Officer,website contact form,"303 W Main St, Artesia, NM 88210",firstambank.com CRA page
4147,Bank 7,OK,FED,1913316,Int Small Bank,,,"Sep 17, 2018",role,CRA Officer,"designated public-file contact, Bank 7",,"1039 Nw 63rd St, Oklahoma City, OK 73116",FDIC BankFind main office; 12 CFR __.43
58583,California Bank of Commerce,CA,FDIC,1913149,Intermediate Small Bank Evaluation,,,06/01/2023,role,CRA Officer,"designated public-file contact, California Bank of Commerce",,"2999 Oak Rd, Walnut Creek, CA 94597",FDIC BankFind main office; 12 CFR __.43
10618,BTC Bank,MO,FDIC,1912499,Intermediate Small Bank Evaluation,,,01/01/2025,role,CRA Officer,"designated public-file contact, BTC Bank",,"3606 Miller St, Bethany, MO 64424",FDIC BankFind main office; 12 CFR __.43
59074,Bank of Bird-in-Hand,PA,FDIC,1907569,Intermediate Small Bank Evaluation,,,12/01/2023,role,CRA Officer,"designated public-file contact, Bank of Bird-in-Hand",,"309 N Ronks Rd, Bird In Hand, PA 17505",FDIC BankFind main office; 12 CFR __.43
13716,The Middlefield Banking Company,OH,FDIC,1901612,Intermediate Small Bank Evaluation,,,04/01/2023,role,CRA Officer,"designated public-file contact, The Middlefield Banking Company",,"15985 E High St, Middlefield, OH 44062",FDIC BankFind main office; 12 CFR __.43
90227,The Lowell Five Cent Savings Bank,MA,FDIC,1900746,Large Bank Evaluation,High Satisfactory,High Satisfactory,10/01/2024,role,CRA Officer,"designated public-file contact, The Lowell Five Cent Savings Bank",,"30 International Pl, Tewksbury, MA 01876",FDIC BankFind main office; 12 CFR __.43
30052,Blue Foundry Bank,NJ,FDIC,1889913,Large Bank Evaluation,Low Satisfactory,High Satisfactory,01/01/2025,role,CRA Officer,"designated public-file contact, Blue Foundry Bank",,"19 Park Ave, Rutherford, NJ 07070",FDIC BankFind main office; 12 CFR __.43
4993,The Citizens National Bank of Meridian,MS,OCC,1888606,Large Bank,,,03/04/2024,role,CRA Officer,"designated public-file contact, The Citizens National Bank of Meridian",,"512 22nd Ave, Meridian, MS 39301",FDIC BankFind main office; 12 CFR __.43
15219,Dubuque Bank and Trust Company,IA,FDIC,1882254,Large Bank Evaluation,High Satisfactory,Outstanding,10/01/2019,role,CRA Officer,"designated public-file contact, Dubuque Bank and Trust Company",,"700 Locust St, Dubuque, IA 52001",FDIC BankFind main office; 12 CFR __.43
3387,FirstBank Southwest,TX,FDIC,1876348,Large Bank Evaluation,Outstanding,High Satisfactory,04/01/2026,role,CRA Officer,"designated public-file contact, FirstBank Southwest",,"2401 S Georgia St, Amarillo, TX 79109",FDIC BankFind main office; 12 CFR __.43
18199,Newtown Savings Bank,CT,FDIC,1871941,Large Bank Evaluation,High Satisfactory,Outstanding,05/01/2026,role,CRA Officer,"designated public-file contact, Newtown Savings Bank",,"39 Main St, Newtown, CT 06470",FDIC BankFind main office; 12 CFR __.43
17897,Kennebec Savings Bank,ME,FDIC,1871320,Intermediate Small Bank Evaluation,,,08/01/2023,role,CRA Officer,"designated public-file contact, Kennebec Savings Bank",,"150 State St, Augusta, ME 04330",FDIC BankFind main office; 12 CFR __.43
13292,The Bank of Castile,NY,FDIC,1865267,Large Bank Evaluation,High Satisfactory,Outstanding,10/01/2020,role,CRA Officer,"designated public-file contact, The Bank of Castile",,"50 Main Street, Castile, NY 14427",FDIC BankFind main office; 12 CFR __.43
18609,American Bank of Commerce,TX,FDIC,1862140,Intermediate Small Bank Evaluation,,,07/01/2025,role,CRA Officer,"designated public-file contact, American Bank of Commerce",,"530 E Highway 62-82, Wolfforth, TX 79382",FDIC BankFind main office; 12 CFR __.43
57228,Embassy Bank for the Lehigh Valley,PA,FDIC,1860416,Large Bank Evaluation,Low Satisfactory,High Satisfactory,10/01/2025,role,CRA Officer,"designated public-file contact, Embassy Bank for the Lehigh Valley",,"100 Gateway Dr, Bethlehem, PA 18017",FDIC BankFind main office; 12 CFR __.43
19213,Security National Bank of Omaha,NE,OCC,1860383,Intermediate Small Bank,,,01/27/2025,role,CRA Officer,"designated public-file contact, Security National Bank of Omaha",,"1120 S 101st St, Omaha, NE 68124",FDIC BankFind main office; 12 CFR __.43
23286,Fall River Five Cents Savings Bank,MA,FED,1856605,Int Small Bank,Outstanding,Outstanding,"Mar 14, 2022",role,CRA Officer,"designated public-file contact, Fall River Five Cents Savings Bank",,"79 N Main St, Fall River, MA 02720",FDIC BankFind main office; 12 CFR __.43
34728,Independent Bank,TN,FDIC,1853799,Intermediate Small Bank Evaluation,,,05/01/2026,role,CRA Officer,"designated public-file contact, Independent Bank",,"5050 Poplar Avenue, Memphis, TN 38157",FDIC BankFind main office; 12 CFR __.43
13198,Cornerstone Bank,ND,FDIC,1853302,Intermediate Small Bank Evaluation,,,03/01/2026,role,CRA Officer,"designated public-file contact, Cornerstone Bank",,"2280 45th St S, Fargo, ND 58104",FDIC BankFind main office; 12 CFR __.43
15511,First State Bank,TX,FED,1851537,Int Small Bank,Needs to Improve,High Satisfactory,"Mar 01, 2021",role,CRA Officer,"designated public-file contact, First State Bank",,"801 E California St, Gainesville, TX 76240",FDIC BankFind main office; 12 CFR __.43
6123,Bank Of Clarke,VA,FED,1847024,Int Small Bank,,Outstanding,"Sep 16, 2024",role,CRA Officer,"designated public-file contact, Bank Of Clarke",,"2 E Main St, Berryville, VA 22611",FDIC BankFind main office; 12 CFR __.43
90259,North Easton Savings Bank,MA,FDIC,1844765,Intermediate Small Bank Evaluation,,,09/01/2024,role,CRA Officer,"designated public-file contact, North Easton Savings Bank",,"20 Eastman St, South Easton, MA 02375",FDIC BankFind main office; 12 CFR __.43
1711,Wellworth Bank,TN,FDIC,1838229,Large Bank Evaluation,High Satisfactory,Low Satisfactory,07/01/2025,role,CRA Officer,"designated public-file contact, Wellworth Bank",,"400 Highway 52 Byp W, Lafayette, TN 37083",FDIC BankFind main office; 12 CFR __.43
6821,The National Bank of Blacksburg,VA,OCC,1832140,Intermediate Small Bank,,,02/26/2024,role,CRA Officer,"designated public-file contact, The National Bank of Blacksburg",,"100 S Main St, Blacksburg, VA 24060",FDIC BankFind main office; 12 CFR __.43
24540,Bank of New England,NH,FDIC,1819911,Intermediate Small Bank Evaluation,,,06/01/2023,role,CRA Officer,"designated public-file contact, Bank of New England",,"31 Pelham Rd, Salem, NH 03079",FDIC BankFind main office; 12 CFR __.43
7472,FNCB Bank,PA,FDIC,1812547,Intermediate Small Bank Evaluation,High Satisfactory,High Satisfactory,08/01/2022,role,CRA Officer,"designated public-file contact, FNCB Bank",,"100 S Blakely St, Dunmore, PA 18512",FDIC BankFind main office; 12 CFR __.43
57265,CCFBank National Association,WI,OCC,1811475,Intermediate Small Bank,,,03/06/2023,role,CRA Officer,"designated public-file contact, CCFBank National Association",,"219 Fairfax St, Altoona, WI 54720",FDIC BankFind main office; 12 CFR __.43
18355,North Dallas Bank & Trust Co.,TX,FDIC,1809980,Large Bank Evaluation,High Satisfactory,High Satisfactory,03/01/2024,role,CRA Officer,"designated public-file contact, North Dallas Bank & Trust Co.",,"12900 Preston Rd, Dallas, TX 75230",FDIC BankFind main office; 12 CFR __.43
11406,The State Bank,MI,FDIC,1806828,Intermediate Small Bank Evaluation,,,06/01/2023,role,CRA Officer,"designated public-file contact, The State Bank",,"175 N Leroy St, Fenton, MI 48430",FDIC BankFind main office; 12 CFR __.43
4433,First Citizens Bank,IA,FED,1797291,Large Bank,Low Satisfactory,Low Satisfactory,"Nov 13, 2023",role,CRA Officer,"designated public-file contact, First Citizens Bank",,"2601 4th St Sw, Mason City, IA 50401",FDIC BankFind main office; 12 CFR __.43
58504,Old Dominion National Bank,VA,OCC,1795397,Intermediate Small Bank,,,05/27/2025,role,CRA Officer,"designated public-file contact, Old Dominion National Bank",,"852 W Main St, Charlottesville, VA 22903",FDIC BankFind main office; 12 CFR __.43
4931,Mountain Commerce Bank,TN,FDIC,1781141,Intermediate Small Bank Evaluation,,,08/01/2023,role,CRA Officer,"designated public-file contact, Mountain Commerce Bank",,"6101 Kingston Pike, Knoxville, TN 37919",FDIC BankFind main office; 12 CFR __.43
3325,First National Bank of Central Texas,TX,OCC,1774437,Intermediate Small Bank,,,01/13/2025,role,CRA Officer,"designated public-file contact, First National Bank of Central Texas",,"1835 N Valley Mills Dr, Waco, TX 76710",FDIC BankFind main office; 12 CFR __.43
58433,"Waterford Bank, N.A.",OH,OCC,1771847,Intermediate Small Bank,,,01/12/2026,role,CRA Officer,"designated public-file contact, Waterford Bank, N.A.",,"3900 N Mccord Rd, Toledo, OH 43617",FDIC BankFind main office; 12 CFR __.43
5956,Peoples Bank,NC,FDIC,1764418,Large Bank Evaluation,Low Satisfactory,High Satisfactory,12/01/2023,role,CRA Officer,"designated public-file contact, Peoples Bank",,"518 W C St, Newton, NC 28658",FDIC BankFind main office; 12 CFR __.43
17751,Androscoggin Savings Bank,ME,FDIC,1764177,Intermediate Small Bank Evaluation,,,08/01/2026,role,CRA Officer,"designated public-file contact, Androscoggin Savings Bank",,"505 Sabattus St, Lewiston, ME 04240",FDIC BankFind main office; 12 CFR __.43
1487,First Farmers and Merchants Bank,TN,FED,1762742,Large Bank,Low Satisfactory,Low Satisfactory,"Mar 20, 2023",role,CRA Officer,"designated public-file contact, First Farmers and Merchants Bank",,"816 S Garden St, Columbia, TN 38401",FDIC BankFind main office; 12 CFR __.43
10619,Hawthorn Bank,MO,FDIC,1759840,Large Bank Evaluation,High Satisfactory,Low Satisfactory,11/01/2024,role,CRA Officer,"designated public-file contact, Hawthorn Bank",,"132 E High St, Jefferson City, MO 65101",FDIC BankFind main office; 12 CFR __.43
58719,Progress Bank and Trust,AL,FDIC,1757159,Intermediate Small Bank Evaluation,High Satisfactory,High Satisfactory,02/01/2022,role,CRA Officer,"designated public-file contact, Progress Bank and Trust",,"201 Williams Ave Sw, Huntsville, AL 35801",FDIC BankFind main office; 12 CFR __.43
18238,Chelsea Groton Bank,CT,FDIC,1752542,Large Bank Evaluation,High Satisfactory,Outstanding,01/01/2024,role,CRA Officer,"designated public-file contact, Chelsea Groton Bank",,"904 Poquonnock Rd, Groton, CT 06340",FDIC BankFind main office; 12 CFR __.43
18272,Community State Bank,IA,FED,1746309,Int Small Bank,,,"Oct 28, 2024",role,CRA Officer,"designated public-file contact, Community State Bank",,"2750 Ne 36th St, Ankeny, IA 50021",FDIC BankFind main office; 12 CFR __.43
5962,Sutton Bank,OH,FDIC,1740659,Intermediate Small Bank Evaluation,,,03/01/2026,role,CRA Officer,"designated public-file contact, Sutton Bank",,"1 S Main St, Attica, OH 44807",FDIC BankFind main office; 12 CFR __.43
15912,Ives Bank,CT,FDIC,1733499,Intermediate Small Bank Evaluation,,,08/01/2023,role,CRA Officer,"designated public-file contact, Ives Bank",,"220 Main St, Danbury, CT 06810",FDIC BankFind main office; 12 CFR __.43
11771,Availa Bank,IA,FDIC,1732398,Intermediate Small Bank Evaluation,,,08/01/2023,role,CRA Officer,"designated public-file contact, Availa Bank",,"126 W 6th St, Carroll, IA 51401",FDIC BankFind main office; 12 CFR __.43
6862,Chesapeake Bank,VA,FED,1724973,Int Small Bank,,,"Nov 18, 2024",role,CRA Officer,"designated public-file contact, Chesapeake Bank",,"97 N Main St, Kilmarnock, VA 22482",FDIC BankFind main office; 12 CFR __.43
14207,Lincoln Savings Bank,IA,FDIC,1712237,Large Bank Evaluation,Low Satisfactory,Low Satisfactory,12/01/2023,role,CRA Officer,"designated public-file contact, Lincoln Savings Bank",,"508 Main St, Reinbeck, IA 50669",FDIC BankFind main office; 12 CFR __.43
1552,CBI Bank & Trust,IA,FED,1703404,Int Small Bank,High Satisfactory,High Satisfactory,"Oct 20, 2025",role,CRA Officer,"designated public-file contact, CBI Bank & Trust",,"301 Iowa Ave, Muscatine, IA 52761",FDIC BankFind main office; 12 CFR __.43
660,The Adirondack Trust Company,NY,FED,1701861,Int Small Bank,Low Satisfactory,Low Satisfactory,"Mar 11, 2019",role,CRA Officer,"designated public-file contact, The Adirondack Trust Company",,"473 Broadway, Saratoga Springs, NY 12866",FDIC BankFind main office; 12 CFR __.43
9172,Security Bank and Trust Company,TN,FDIC,1698276,Intermediate Small Bank Evaluation,,,11/01/2023,role,CRA Officer,"designated public-file contact, Security Bank and Trust Company",,"210 W Washington St, Paris, TN 38242",FDIC BankFind main office; 12 CFR __.43
4506,"The Security National Bank of Sioux City, Iowa",IA,OCC,1690263,Intermediate Small Bank,,,02/26/2024,role,CRA Officer,"designated public-file contact, The Security National Bank of Sioux City, Iowa",,"601 Pierce St, Sioux City, IA 51101",FDIC BankFind main office; 12 CFR __.43
1209,"Commercial Bank of Texas, National Association",TX,OCC,1685806,Intermediate Small Bank,,,05/19/2025,role,CRA Officer,"designated public-file contact, Commercial Bank of Texas, National Association",,"215 E Main St, Nacogdoches, TX 75961",FDIC BankFind main office; 12 CFR __.43
9978,First State Bank of Uvalde,TX,FDIC,1684362,Large Bank Evaluation,Outstanding,Low Satisfactory,12/01/2025,role,CRA Officer,"designated public-file contact, First State Bank of Uvalde",,"200 E Nopal St, Uvalde, TX 78801",FDIC BankFind main office; 12 CFR __.43
18185,Community National Bank & Trust of Texas,TX,OCC,1681828,Intermediate Small Bank,,,06/03/2024,role,CRA Officer,"designated public-file contact, Community National Bank & Trust of Texas",,"321 N 15th St, Corsicana, TX 75110",FDIC BankFind main office; 12 CFR __.43
5019,Southern Michigan Bank & Trust,MI,FDIC,1681505,Intermediate Small Bank Evaluation,,,08/01/2025,role,CRA Officer,"designated public-file contact, Southern Michigan Bank & Trust",,"45 W Pearl St, Coldwater, MI 49036",FDIC BankFind main office; 12 CFR __.43
26517,Cape & Coast Bank,MA,FDIC,1676041,Intermediate Small Bank Evaluation,,,02/01/2025,role,CRA Officer,"designated public-file contact, Cape & Coast Bank",,"121 Main St, Yarmouth Port, MA 02675",FDIC BankFind main office; 12 CFR __.43
26444,Everett Co-operative Bank,MA,FDIC,1671230,Intermediate Small Bank Evaluation,,,01/01/2026,role,CRA Officer,"designated public-file contact, Everett Co-operative Bank",,"419 Broadway, Everett, MA 02149",FDIC BankFind main office; 12 CFR __.43
686,Journey Bank,PA,FDIC,1669098,Intermediate Small Bank Evaluation,,,06/01/2026,role,CRA Officer,"designated public-file contact, Journey Bank",,"1199 Lightstreet Rd, Bloomsburg, PA 17815",FDIC BankFind main office; 12 CFR __.43
8432,One Bank of Tennessee,TN,FDIC,1666983,Intermediate Small Bank Evaluation,,,08/01/2024,role,CRA Officer,"designated public-file contact, One Bank of Tennessee",,"140 S Jefferson Ave, Cookeville, TN 38501",FDIC BankFind main office; 12 CFR __.43
90235,Main Street Bank,MA,FDIC,1665454,Intermediate Small Bank Evaluation,,,03/01/2026,role,CRA Officer,"designated public-file contact, Main Street Bank",,"81 Granger Blvd, Marlborough, MA 01752",FDIC BankFind main office; 12 CFR __.43
90173,East Cambridge Savings Bank,MA,FED,1664735,Large Bank,Low Satisfactory,,"Sep 11, 2023",role,CRA Officer,"designated public-file contact, East Cambridge Savings Bank",,"292 Cambridge St, Cambridge, MA 02141",FDIC BankFind main office; 12 CFR __.43
7848,Community Bank,PA,FDIC,1656420,Intermediate Small Bank Evaluation,,,01/01/2025,role,CRA Officer,"designated public-file contact, Community Bank",,"100 N Market St, Carmichaels, PA 15320",FDIC BankFind main office; 12 CFR __.43
6161,Kitsap Bank,WA,FDIC,1653440,Intermediate Small Bank Evaluation,,,05/01/2023,role,CRA Officer,"designated public-file contact, Kitsap Bank",,"619 Bay St, Port Orchard, WA 98366",FDIC BankFind main office; 12 CFR __.43
11236,Horicon Bank,WI,FDIC,1653274,Intermediate Small Bank Evaluation,,,12/01/2023,role,CRA Officer,"designated public-file contact, Horicon Bank",,"326 E Lake St, Horicon, WI 53032",FDIC BankFind main office; 12 CFR __.43
19215,Benchmark Bank,TX,FED,1649360,Intermediate Small Bank Evaluation,,,05/01/2024,role,CRA Officer,"designated public-file contact, Benchmark Bank",,"5700 Legacy Dr Ste 10, Plano, TX 75024",FDIC BankFind main office; 12 CFR __.43
34076,Illinois Bank & Trust,IL,FDIC,1647488,Intermediate Small Bank Evaluation,High Satisfactory,High Satisfactory,10/01/2019,role,CRA Officer,"designated public-file contact, Illinois Bank & Trust",,"4571 Guilford Rd, Rockford, IL 61107",FDIC BankFind main office; 12 CFR __.43
384,The Ohio Valley Bank Company,OH,FED,1646225,Int Small Bank,,,"Mar 31, 2025",role,CRA Officer,"designated public-file contact, The Ohio Valley Bank Company",,"420 3rd Ave, Gallipolis, OH 45631",FDIC BankFind main office; 12 CFR __.43
57415,"Forcht Bank, National Association",KY,OCC,1645945,Intermediate Small Bank,,,07/21/2025,role,CRA Officer,"designated public-file contact, Forcht Bank, National Association",,"2404 Sir Barton Way, Lexington, KY 40509",FDIC BankFind main office; 12 CFR __.43
17180,Meredith Village Savings Bank,NH,FDIC,1644910,Intermediate Small Bank Evaluation,,,05/01/2023,role,CRA Officer,"designated public-file contact, Meredith Village Savings Bank",,"24 Nh 25, Meredith, NH 03253",FDIC BankFind main office; 12 CFR __.43
58310,US Metro Bank,CA,FDIC,1640896,Intermediate Small Bank Evaluation,,,05/01/2026,role,CRA Officer,"designated public-file contact, US Metro Bank",,"9866 Garden Grove Blvd, Garden Grove, CA 92844",FDIC BankFind main office; 12 CFR __.43
20818,Citizens Tri-County Bank,TN,FDIC,1640668,Intermediate Small Bank Evaluation,,,03/01/2025,role,CRA Officer,"designated public-file contact, Citizens Tri-County Bank",,"15699 Rankin Ave, Dunlap, TN 37327",FDIC BankFind main office; 12 CFR __.43
34755,Virginia National Bank,VA,OCC,1636058,Large Bank,,,08/25/2025,role,CRA Officer,"designated public-file contact, Virginia National Bank",,"222 E Main St, Charlottesville, VA 22902",FDIC BankFind main office; 12 CFR __.43
89,Signature Bank of Arkansas,AR,FED,1631775,Intermediate Small Bank Evaluation,High Satisfactory,High Satisfactory,06/01/2021,role,CRA Officer,"designated public-file contact, Signature Bank of Arkansas",,"3878 N Crossover Rd, Fayetteville, AR 72703",FDIC BankFind main office; 12 CFR __.43
59093,International Bank of Commerce,OK,FDIC,1631027,Large Bank Evaluation,Outstanding,Low Satisfactory,01/01/2025,named,Irene Guzman,First VP - Corporate CRA Officer,,"3817 N West Expy, Oklahoma City, OK 73112","CBA Community Reinvestment Committee roster, 2026-08-26"
16160,Waukesha State Bank,WI,FDIC,1624971,Intermediate Small Bank Evaluation,,,12/01/2024,role,CRA Officer,"designated public-file contact, Waukesha State Bank",,"151 E Saint Paul Ave, Waukesha, WI 53188",FDIC BankFind main office; 12 CFR __.43
90169,Bluestone Bank,MA,FED,1621698,Int Small Bank,,,"Nov 04, 2024",role,CRA Officer,"designated public-file contact, Bluestone Bank",,"756 Orchard St, Raynham, MA 02767",FDIC BankFind main office; 12 CFR __.43
58090,FFB Bank,CA,FDIC,1618057,Intermediate Small Bank Evaluation,,,03/01/2025,role,CRA Officer,"designated public-file contact, FFB Bank",,"7690 N Palm Ave, Fresno, CA 93711",FDIC BankFind main office; 12 CFR __.43
24823,International Finance Bank,FL,FDIC,1617291,Intermediate Small Bank Evaluation,,,07/01/2026,role,CRA Officer,"designated public-file contact, International Finance Bank",,"777 Sw 37th Ave, Miami, FL 33135",FDIC BankFind main office; 12 CFR __.43
17211,The Citizens Bank,AR,FED,1616832,Int Small Bank,High Satisfactory,High Satisfactory,"May 15, 2023",named,Reza Aghamirzadeh,"EVP, Head of Community Development",,"655 S Saint Louis St, Batesville, AR 72501","CBA Community Reinvestment Committee roster, 2026-08-26"
8904,The Nodaway Valley Bank,MO,FDIC,1616201,Intermediate Small Bank Evaluation,,,05/01/2024,role,CRA Officer,"designated public-file contact, The Nodaway Valley Bank",,"304 N Main St, Maryville, MO 64468",FDIC BankFind main office; 12 CFR __.43
14359,Jersey Shore State Bank,PA,FDIC,1615808,Intermediate Small Bank Evaluation,,,10/01/2023,role,CRA Officer,"designated public-file contact, Jersey Shore State Bank",,"300 Market St, Williamsport, PA 17701",FDIC BankFind main office; 12 CFR __.43
13339,The State Bank and Trust Company,OH,FED,1612519,Large Bank,Needs to Improve,Low Satisfactory,"Jan 30, 2023",role,CRA Officer,"designated public-file contact, The State Bank and Trust Company",,"401 Clinton St, Defiance, OH 43512",FDIC BankFind main office; 12 CFR __.43
26299,Pacific National Bank,FL,OCC,1610170,Wholesale Bank,,,06/02/2025,role,CRA Officer,"designated public-file contact, Pacific National Bank",,"1390 Brickell Ave, Miami, FL 33131",FDIC BankFind main office; 12 CFR __.43
1373,BOM Bank,LA,FDIC,1609147,Intermediate Small Bank Evaluation,,,11/01/2023,role,CRA Officer,"designated public-file contact, BOM Bank",,"814 Washington St, Natchitoches, LA 71457",FDIC BankFind main office; 12 CFR __.43
17748,Gorham Savings Bank,ME,FDIC,1608101,Large Bank Evaluation,High Satisfactory,High Satisfactory,11/01/2023,role,CRA Officer,"designated public-file contact, Gorham Savings Bank",,"64 Main St, Gorham, ME 04038",FDIC BankFind main office; 12 CFR __.43
16389,Bank of Travelers Rest,SC,FDIC,1602110,Intermediate Small Bank Evaluation,,,12/01/2023,role,CRA Officer,"designated public-file contact, Bank of Travelers Rest",,"42 Plaza Dr, Travelers Rest, SC 29690",FDIC BankFind main office; 12 CFR __.43
5694,PrimeSouth Bank,GA,FDIC,1601685,Intermediate Small Bank Evaluation,,,06/01/2025,role,CRA Officer,"designated public-file contact, PrimeSouth Bank",,"3473 Us Highway 84, Blackshear, GA 31516",FDIC BankFind main office; 12 CFR __.43
5826,Landmark National Bank,KS,OCC,1601369,Intermediate Small Bank,,,11/24/2025,role,CRA Officer,"designated public-file contact, Landmark National Bank",,"701 Poyntz Ave, Manhattan, KS 66502",FDIC BankFind main office; 12 CFR __.43
5598,Troy Bank & Trust Company,AL,FDIC,1600939,Intermediate Small Bank Evaluation,,,09/01/2024,role,CRA Officer,"designated public-file contact, Troy Bank & Trust Company",,"1000 Highway 231 S, Troy, AL 36081",FDIC BankFind main office; 12 CFR __.43
26523,Bankhometown,MA,FED,1599494,Int Small Bank,,,"Mar 02, 2026",role,CRA Officer,"designated public-file contact, Bankhometown",,"31 Sutton Ave, Oxford, MA 01540",FDIC BankFind main office; 12 CFR __.43
17910,Morris Bank,GA,FDIC,1598703,Intermediate Small Bank Evaluation,,,02/01/2026,role,CRA Officer,"designated public-file contact, Morris Bank",,"301 Bellevue Ave, Dublin, GA 31021",FDIC BankFind main office; 12 CFR __.43
12855,Farmers State Bank,IA,FDIC,1598373,Intermediate Small Bank Evaluation,,,08/01/2025,role,CRA Officer,"designated public-file contact, Farmers State Bank",,"131 Tower Park Dr, Waterloo, IA 50701",FDIC BankFind main office; 12 CFR __.43
58424,Alma Bank,NY,FDIC,1597811,Intermediate Small Bank Evaluation,,,03/01/2025,role,CRA Officer,"designated public-file contact, Alma Bank",,"2831 31st St, Astoria, NY 11102",FDIC BankFind main office; 12 CFR __.43
32629,First Savings Bank,SD,OCC,1594265,Intermediate Small Bank,,,01/06/2025,role,CRA Officer,"designated public-file contact, First Savings Bank",,"201 N 3rd St, Beresford, SD 57004",FDIC BankFind main office; 12 CFR __.43
34781,"Transportation Alliance Bank, Inc. d/b/a TAB Bank",UT,FDIC,1591983,Strategic Plan Evaluation,,,05/01/2025,role,CRA Officer,"designated public-file contact, Transportation Alliance Bank, Inc. d/b/a TAB Bank",,"4185 Harrison Blvd, Ogden, UT 84403",FDIC BankFind main office; 12 CFR __.43
8774,The Cecilian Bank,KY,FDIC,1591839,Intermediate Small Bank Evaluation,,,12/01/2024,role,CRA Officer,"designated public-file contact, The Cecilian Bank",,"104 E Main St, Cecilia, KY 42724",FDIC BankFind main office; 12 CFR __.43
1365,Peoples Bank and Trust Company,KS,FDIC,1591618,Intermediate Small Bank Evaluation,,,02/01/2025,role,CRA Officer,"designated public-file contact, Peoples Bank and Trust Company",,"101 S Main St, Mcpherson, KS 67460",FDIC BankFind main office; 12 CFR __.43
16418,BankSouth,GA,OCC,1589684,Intermediate Small Bank,,,04/08/2024,role,CRA Officer,"designated public-file contact, BankSouth",,"6340 Lake Oconee Pkwy, Greensboro, GA 30642",FDIC BankFind main office; 12 CFR __.43
6636,THE VINTON COUNTY NATIONAL BANK,OH,OCC,1588792,Intermediate Small Bank,,,05/06/2024,role,CRA Officer,"designated public-file contact, THE VINTON COUNTY NATIONAL BANK",,"203 West Main Street, Mcarthur, OH 45651",FDIC BankFind main office; 12 CFR __.43
5615,Chambers Bank,AR,FED,1587615,Intermediate Small Bank Evaluation,,,12/01/2022,role,CRA Officer,"designated public-file contact, Chambers Bank",,"901 Main St, Danville, AR 72833",FDIC BankFind main office; 12 CFR __.43
30846,Heritage Southeast Bank,GA,FDIC,1578620,Intermediate Small Bank Evaluation,High Satisfactory,High Satisfactory,06/01/2020,role,CRA Officer,"designated public-file contact, Heritage Southeast Bank",,"101 N Main St, Jonesboro, GA 30236",FDIC BankFind main office; 12 CFR __.43
14140,Northfield Savings Bank,VT,FDIC,1576574,Intermediate Small Bank Evaluation,,,01/01/2026,role,CRA Officer,"designated public-file contact, Northfield Savings Bank",,"33 S Main St, Northfield, VT 05663",FDIC BankFind main office; 12 CFR __.43
1435,Exchange Bank,NE,FDIC,1575285,Intermediate Small Bank Evaluation,,,12/01/2023,role,CRA Officer,"designated public-file contact, Exchange Bank",,"3110 2nd Ave, Kearney, NE 68847",FDIC BankFind main office; 12 CFR __.43
90251,Newburyport Five Cents Savings Bank,MA,FDIC,1573796,Intermediate Small Bank Evaluation,,,05/01/2026,role,CRA Officer,"designated public-file contact, Newburyport Five Cents Savings Bank",,"63 State St, Newburyport, MA 01950",FDIC BankFind main office; 12 CFR __.43
7404,First Keystone Community Bank,PA,FDIC,1572543,Large Bank Evaluation,Low Satisfactory,Low Satisfactory,11/01/2023,role,CRA Officer,"designated public-file contact, First Keystone Community Bank",,"111 W Front St, Berwick, PA 18603",FDIC BankFind main office; 12 CFR __.43
6063,CorTrust Bank National Association,SD,OCC,1564404,Large Bank,,,09/03/2025,role,CRA Officer,"designated public-file contact, CorTrust Bank National Association",,"100 E Havens Ave, Mitchell, SD 57301",FDIC BankFind main office; 12 CFR __.43
57813,Sterling Bank,MO,FDIC,1563784,Intermediate Small Bank Evaluation,,,06/01/2024,role,CRA Officer,"designated public-file contact, Sterling Bank",,"1100 Sterling Dr, Poplar Bluff, MO 63901",FDIC BankFind main office; 12 CFR __.43
34352,"City First Bank, National Association",DC,OCC,1562007,Intermediate Small Bank,,,08/18/2025,role,CRA Officer,"designated public-file contact, City First Bank, National Association",,"1432 U St Nw, Washington, DC 20009",FDIC BankFind main office; 12 CFR __.43
15752,First State Bank,IL,FDIC,1559346,Intermediate Small Bank Evaluation,,,08/01/2024,role,CRA Officer,"designated public-file contact, First State Bank",,"706 Washington St, Mendota, IL 61342",FDIC BankFind main office; 12 CFR __.43
57754,Providence Bank & Trust,IL,FDIC,1558709,Intermediate Small Bank Evaluation,,,10/01/2023,role,CRA Officer,"designated public-file contact, Providence Bank & Trust",,"630 E 162nd St, South Holland, IL 60473",FDIC BankFind main office; 12 CFR __.43
18467,Salisbury Bank and Trust Company,CT,FDIC,1558336,Large Bank Evaluation,Low Satisfactory,Low Satisfactory,07/01/2020,role,CRA Officer,"designated public-file contact, Salisbury Bank and Trust Company",,"5 Bissell St, Lakeville, CT 06039",FDIC BankFind main office; 12 CFR __.43
14158,Union Bank,VT,FDIC,1558133,Intermediate Small Bank Evaluation,,,05/01/2024,role,CRA Officer,"designated public-file contact, Union Bank",,"20 Main St, Morrisville, VT 05661",FDIC BankFind main office; 12 CFR __.43
12204,"The Citizens Bank of Philadelphia, Mississippi",MS,FDIC,1555742,Intermediate Small Bank Evaluation,,,07/01/2023,role,CRA Officer,"designated public-file contact, The Citizens Bank of Philadelphia, Mississippi",,"521 W Main St, Philadelphia, MS 39350",FDIC BankFind main office; 12 CFR __.43
33823,Quill Bank,UT,FDIC,1555310,Strategic Plan Evaluation,,,06/01/2023,role,CRA Officer,"designated public-file contact, Quill Bank",,"3280 N University Ave, Provo, UT 84604",FDIC BankFind main office; 12 CFR __.43
29847,Main Street Bank Corp.,OH,FDIC,1553716,Intermediate Small Bank Evaluation,,,03/01/2026,role,CRA Officer,"designated public-file contact, Main Street Bank Corp.",,"151 N Market St, Wooster, OH 44691",FDIC BankFind main office; 12 CFR __.43
3787,Dieterich Bank,IL,FED,1553674,Int Small Bank,,,"Jan 21, 2025",role,CRA Officer,"designated public-file contact, Dieterich Bank",,"300 Sur Woods Dr, Effingham, IL 62401",FDIC BankFind main office; 12 CFR __.43
26381,"Bonvenu Bank, National Association",LA,OCC,1552898,Intermediate Small Bank,,,06/03/2024,role,CRA Officer,"designated public-file contact, Bonvenu Bank, National Association",,"2711 E Texas St, Bossier City, LA 71111",FDIC BankFind main office; 12 CFR __.43
9963,F&M Bank,TN,FDIC,1549080,Intermediate Small Bank Evaluation,,,08/01/2024,role,CRA Officer,"designated public-file contact, F&M Bank",,"50 Franklin St, Clarksville, TN 37040",FDIC BankFind main office; 12 CFR __.43
28533,First Bank Midwest,IN,FDIC,1546784,Intermediate Small Bank Evaluation,,,06/01/2025,role,CRA Officer,"designated public-file contact, First Bank Midwest",,"9 E Clinton St, Frankfort, IN 46041",FDIC BankFind main office; 12 CFR __.43
3210,The Moody National Bank,TX,OCC,1543622,Large Bank,,,02/21/2024,role,CRA Officer,"designated public-file contact, The Moody National Bank",,"2302 Post Office St, Galveston, TX 77550",FDIC BankFind main office; 12 CFR __.43
31100,Security Federal Bank,SC,FDIC,1539653,Intermediate Small Bank Evaluation,,,01/01/2026,role,CRA Officer,"designated public-file contact, Security Federal Bank",,"238 Richland Ave W, Aiken, SC 29801",FDIC BankFind main office; 12 CFR __.43
19608,The Park Bank,WI,FDIC,1537993,Intermediate Small Bank Evaluation,,,02/01/2025,role,CRA Officer,"designated public-file contact, The Park Bank",,"2401 S Park St, Madison, WI 53713",FDIC BankFind main office; 12 CFR __.43
90206,Greenfield Savings Bank,MA,FDIC,1522592,Intermediate Small Bank Evaluation,,,05/01/2025,role,CRA Officer,"designated public-file contact, Greenfield Savings Bank",,"400 Main St, Greenfield, MA 01301",FDIC BankFind main office; 12 CFR __.43
8426,1st Summit Bank,PA,FDIC,1520450,Large Bank Evaluation,Outstanding,High Satisfactory,01/01/2024,role,CRA Officer,"designated public-file contact, 1st Summit Bank",,"125 Donald Ln, Johnstown, PA 15904",FDIC BankFind main office; 12 CFR __.43
5123,Deerwood Bank,MN,FDIC,1517800,Intermediate Small Bank Evaluation,,,10/01/2023,role,CRA Officer,"designated public-file contact, Deerwood Bank",,"131 6th Ave S, Waite Park, MN 56387",FDIC BankFind main office; 12 CFR __.43
58239,Providence Bank,NC,FDIC,1514517,Intermediate Small Bank Evaluation,,,10/01/2025,role,CRA Officer,"designated public-file contact, Providence Bank",,"450 N Winstead Ave, Rocky Mount, NC 27804",FDIC BankFind main office; 12 CFR __.43
13397,Bank of Utica,NY,FDIC,1508615,Large Bank Evaluation,High Satisfactory,Outstanding,06/01/2024,role,CRA Officer,"designated public-file contact, Bank of Utica",,"222 Genesee St, Utica, NY 13502",FDIC BankFind main office; 12 CFR __.43
17749,Bath Savings Institution,ME,FDIC,1503065,Intermediate Small Bank Evaluation,,,12/01/2025,role,CRA Officer,"designated public-file contact, Bath Savings Institution",,"105 Front St, Bath, ME 04530",FDIC BankFind main office; 12 CFR __.43
18569,Peoples State Bank,WI,FDIC,1502133,Intermediate Small Bank Evaluation,,,01/01/2026,role,CRA Officer,"designated public-file contact, Peoples State Bank",,"1905 Stewart Ave, Wausau, WI 54401",FDIC BankFind main office; 12 CFR __.43
15572,First National Bank of Pulaski,TN,OCC,1499944,Intermediate Small Bank,,,04/29/2024,role,CRA Officer,"designated public-file contact, First National Bank of Pulaski",,"206 S 1st St, Pulaski, TN 38478",FDIC BankFind main office; 12 CFR __.43
18194,Ascend Bank,CT,FDIC,1494910,Intermediate Small Bank Evaluation,,,09/01/2025,role,CRA Officer,"designated public-file contact, Ascend Bank",,"1 Park St, Guilford, CT 06437",FDIC BankFind main office; 12 CFR __.43
8851,Park State Bank,MN,FDIC,1492454,Intermediate Small Bank Evaluation,,,11/01/2024,role,CRA Officer,"designated public-file contact, Park State Bank",,"2630 W Superior St, Duluth, MN 55806",FDIC BankFind main office; 12 CFR __.43
90141,BankProv,MA,FDIC,1491604,Intermediate Small Bank Evaluation,,,12/01/2024,role,CRA Officer,"designated public-file contact, BankProv",,"5 Market St, Amesbury, MA 01913",FDIC BankFind main office; 12 CFR __.43
16553,Elkhorn Valley Bank & Trust,NE,FDIC,1490613,Intermediate Small Bank Evaluation,,,09/01/2023,role,CRA Officer,"designated public-file contact, Elkhorn Valley Bank & Trust",,"404 S 25th St, Norfolk, NE 68701",FDIC BankFind main office; 12 CFR __.43
9314,"Limestone Bank, Inc.",KY,FDIC,1487347,Intermediate Small Bank Evaluation,High Satisfactory,High Satisfactory,10/01/2021,role,CRA Officer,"designated public-file contact, Limestone Bank, Inc.",,"2500 Eastpoint Pkwy, Louisville, KY 40223",FDIC BankFind main office; 12 CFR __.43
57497,Pathfinder Bank,NY,FDIC,1485888,Large Bank Evaluation,High Satisfactory,High Satisfactory,07/01/2025,role,CRA Officer,"designated public-file contact, Pathfinder Bank",,"214 W 1st St, Oswego, NY 13126",FDIC BankFind main office; 12 CFR __.43
4190,American Heritage Bank,OK,FED,1484205,Int Small Bank,High Satisfactory,High Satisfactory,"May 18, 2026",role,CRA Officer,"designated public-file contact, American Heritage Bank",,"2 S Main St, Sapulpa, OK 74066",FDIC BankFind main office; 12 CFR __.43
58,United Bank,AL,FDIC,1480601,Intermediate Small Bank Evaluation,,,11/01/2023,role,CRA Officer,"designated public-file contact, United Bank",,"200 E Nashville Ave, Atmore, AL 36502",FDIC BankFind main office; 12 CFR __.43
5673,Citizens Bank and Trust,FL,FDIC,1480129,Intermediate Small Bank Evaluation,,,09/01/2024,named,Reza Aghamirzadeh,"EVP, Head of Community Development",,"2 E Wall St, Frostproof, FL 33843","CBA Community Reinvestment Committee roster, 2026-08-26"
12013,Union County Savings Bank,NJ,FDIC,1478885,Large Bank Evaluation,High Satisfactory,High Satisfactory,05/01/2024,role,CRA Officer,"designated public-file contact, Union County Savings Bank",,"320 N Broad St, Elizabeth, NJ 07208",FDIC BankFind main office; 12 CFR __.43
25738,Sovereign Bank,OK,FED,1474578,Int Small Bank,,,"Nov 18, 2024",role,CRA Officer,"designated public-file contact, Sovereign Bank",,"130 E Macarthur St, Shawnee, OK 74804",FDIC BankFind main office; 12 CFR __.43
14078,Blackhawk  Bank,WI,FDIC,1474412,Intermediate Small Bank Evaluation,High Satisfactory,High Satisfactory,09/01/2022,role,CRA Officer,"designated public-file contact, Blackhawk  Bank",,"400 Broad St, Beloit, WI 53511",FDIC BankFind main office; 12 CFR __.43
22396,Central National Bank,TX,OCC,1474092,Intermediate Small Bank,,,10/27/2025,role,CRA Officer,"designated public-file contact, Central National Bank",,"8320 W Highway 84, Waco, TX 76712",FDIC BankFind main office; 12 CFR __.43
34836,North American Banking Company,MN,FED,1473505,Int Small Bank,,,"Jun 09, 2025",role,CRA Officer,"designated public-file contact, North American Banking Company",,"2230 Albert St N, Roseville, MN 55113",FDIC BankFind main office; 12 CFR __.43
19850,West Gate Bank,NE,FDIC,1473290,Intermediate Small Bank Evaluation,,,03/01/2024,role,CRA Officer,"designated public-file contact, West Gate Bank",,"6003 Old Cheney Rd, Lincoln, NE 68516",FDIC BankFind main office; 12 CFR __.43
5033,The Dart Bank,MI,FDIC,1472234,Intermediate Small Bank Evaluation,,,09/01/2023,role,CRA Officer,"designated public-file contact, The Dart Bank",,"368 S Park St, Mason, MI 48854",FDIC BankFind main office; 12 CFR __.43
17743,Saco & Biddeford Savings Institution,ME,FDIC,1471276,Intermediate Small Bank Evaluation,,,03/01/2024,role,CRA Officer,"designated public-file contact, Saco & Biddeford Savings Institution",,"252 Main St, Saco, ME 04072",FDIC BankFind main office; 12 CFR __.43
16032,Rhinebeck Bank,NY,FDIC,1469845,Large Bank Evaluation,High Satisfactory,Outstanding,03/01/2026,role,CRA Officer,"designated public-file contact, Rhinebeck Bank",,"6414 Montgomery St, Rhinebeck, NY 12572",FDIC BankFind main office; 12 CFR __.43
29922,Riverview Bank,WA,FDIC,1468113,Intermediate Small Bank Evaluation,,,05/01/2023,role,CRA Officer,"designated public-file contact, Riverview Bank",,"900 Washington St, Vancouver, WA 98660",FDIC BankFind main office; 12 CFR __.43
11670,Central Bank Illinois,IL,FDIC,1462374,Intermediate Small Bank Evaluation,,,05/01/2025,role,CRA Officer,"designated public-file contact, Central Bank Illinois",,"101 N State St, Geneseo, IL 61254",FDIC BankFind main office; 12 CFR __.43
35519,North State Bank,NC,FED,1461914,Int Small Bank,,,"Jun 30, 2025",role,CRA Officer,"designated public-file contact, North State Bank",,"6204 Falls Of The Neuse Road, Raleigh, NC 27609",FDIC BankFind main office; 12 CFR __.43
7542,Ameriserv Financial Bank,PA,FED,1458453,Large Bank,Low Satisfactory,Low Satisfactory,"Jun 09, 2025",role,CRA Officer,"designated public-file contact, Ameriserv Financial Bank",,"216 Franklin St, Johnstown, PA 15901",FDIC BankFind main office; 12 CFR __.43
58483,Pegasus Bank,TX,FED,1458168,Intermediate Small Bank Evaluation,High Satisfactory,Outstanding,02/01/2021,role,CRA Officer,"designated public-file contact, Pegasus Bank",,"4515 W Mockingbird Ln, Dallas, TX 75209",FDIC BankFind main office; 12 CFR __.43
9176,Apex Bank,TN,FDIC,1456375,Intermediate Small Bank Evaluation,,,10/01/2025,role,CRA Officer,"designated public-file contact, Apex Bank",,"102 E Main St, Camden, TN 38320",FDIC BankFind main office; 12 CFR __.43
58752,Northwest Bank,ID,FDIC,1453753,Intermediate Small Bank Evaluation,,,12/01/2025,role,CRA Officer,"designated public-file contact, Northwest Bank",,"1750 W Front St, Boise, ID 83702",FDIC BankFind main office; 12 CFR __.43
58722,Meadows Bank,NV,FDIC,1452569,Intermediate Small Bank Evaluation,,,07/01/2024,role,CRA Officer,"designated public-file contact, Meadows Bank",,"8912 Spanish Ridge Ave, Las Vegas, NV 89148",FDIC BankFind main office; 12 CFR __.43
32282,Malaga Bank F.S.B.,CA,OCC,1448853,Intermediate Small Bank,,,05/20/2024,role,CRA Officer,"designated public-file contact, Malaga Bank F.S.B.",,"2514 Via Tejon, Palos Verdes Peninsula, CA 90274",FDIC BankFind main office; 12 CFR __.43
228,American State Bank,IA,FDIC,1447885,Intermediate Small Bank Evaluation,,,09/01/2024,role,CRA Officer,"designated public-file contact, American State Bank",,"525 N Main Ave, Sioux Center, IA 51250",FDIC BankFind main office; 12 CFR __.43
12969,The Union Bank Company,OH,FDIC,1443930,Intermediate Small Bank Evaluation,,,07/01/2023,role,CRA Officer,"designated public-file contact, The Union Bank Company",,"101 Progressive Dr, Columbus Grove, OH 45830",FDIC BankFind main office; 12 CFR __.43
58281,American Riviera Bank,CA,FDIC,1442372,Intermediate Small Bank Evaluation,,,09/01/2023,role,CRA Officer,"designated public-file contact, American Riviera Bank",,"1033 Anacapa St, Santa Barbara, CA 93101",FDIC BankFind main office; 12 CFR __.43
30544,Marquette Savings Bank,PA,FDIC,1442022,Intermediate Small Bank Evaluation,,,05/01/2026,role,CRA Officer,"designated public-file contact, Marquette Savings Bank",,"920 Peach St, Erie, PA 16501",FDIC BankFind main office; 12 CFR __.43
29058,First Financial Northwest Bank,WA,FDIC,1439590,Large Bank Evaluation,High Satisfactory,Outstanding,12/01/2021,role,CRA Officer,"designated public-file contact, First Financial Northwest Bank",,"201 Wells Ave S, Renton, WA 98057",FDIC BankFind main office; 12 CFR __.43
23298,Watertown Savings Bank,MA,FED,1439099,Int Small Bank,,,"Oct 23, 2023",role,CRA Officer,"designated public-file contact, Watertown Savings Bank",,"60 Main St, Watertown, MA 02472",FDIC BankFind main office; 12 CFR __.43
1402,Citizens Alliance Bank,MN,FDIC,1436180,Intermediate Small Bank Evaluation,,,02/01/2025,role,CRA Officer,"designated public-file contact, Citizens Alliance Bank",,"55 1st St Nw, Clara City, MN 56222",FDIC BankFind main office; 12 CFR __.43
29520,Washington Financial Bank,PA,FDIC,1435217,Intermediate Small Bank Evaluation,,,04/01/2023,role,CRA Officer,"designated public-file contact, Washington Financial Bank",,"77 S Main St, Washington, PA 15301",FDIC BankFind main office; 12 CFR __.43
1143,Bank of Blue Valley,KS,FDIC,1433092,Intermediate Small Bank Evaluation,High Satisfactory,High Satisfactory,10/01/2019,role,CRA Officer,"designated public-file contact, Bank of Blue Valley",,"11935 Riley St, Overland Park, KS 66213",FDIC BankFind main office; 12 CFR __.43
19371,Relyance Bank,AR,FED,1431912,Int Small Bank,,,"Jun 05, 2023",role,CRA Officer,"designated public-file contact, Relyance Bank",,"8500 Sheridan Rd, White Hall, AR 71602",FDIC BankFind main office; 12 CFR __.43
15545,Frontier Bank,NE,FDIC,1431193,Intermediate Small Bank Evaluation,,,01/01/2026,role,CRA Officer,"designated public-file contact, Frontier Bank",,"13333 California St, Omaha, NE 68154",FDIC BankFind main office; 12 CFR __.43
58626,GBank,NV,FDIC,1427371,Intermediate Small Bank Evaluation,,,10/01/2025,role,CRA Officer,"designated public-file contact, GBank",,"9115 W Russell Rd, Las Vegas, NV 89148",FDIC BankFind main office; 12 CFR __.43
22537,Peoples Bank of Alabama,AL,FDIC,1424772,Intermediate Small Bank Evaluation,,,07/01/2023,role,CRA Officer,"designated public-file contact, Peoples Bank of Alabama",,"1912 Cherokee Ave Sw, Cullman, AL 35055",FDIC BankFind main office; 12 CFR __.43
25886,Rio Bank,TX,FDIC,1423994,Intermediate Small Bank Evaluation,,,03/01/2025,role,CRA Officer,"designated public-file contact, Rio Bank",,"701 E Expressway 83, Mcallen, TX 78501",FDIC BankFind main office; 12 CFR __.43
14851,Citizens Bank,TN,FDIC,1423669,Intermediate Small Bank Evaluation,,,12/01/2025,named,Reza Aghamirzadeh,"EVP, Head of Community Development",,"300 Broad St, Elizabethton, TN 37643","CBA Community Reinvestment Committee roster, 2026-08-26"
4666,"Armed Forces Bank, National Association",KS,OCC,1423100,Intermediate Small Bank,,,12/02/2024,role,CRA Officer,"designated public-file contact, Armed Forces Bank, National Association",,"320 Kansas Ave, Fort Leavenworth, KS 66027",FDIC BankFind main office; 12 CFR __.43
28845,First Federal Savings Bank of Twin Falls,ID,OCC,1420568,Intermediate Small Bank,,,10/06/2025,role,CRA Officer,"designated public-file contact, First Federal Savings Bank of Twin Falls",,"383 Shoshone St N, Twin Falls, ID 83301",FDIC BankFind main office; 12 CFR __.43
35230,Evergreen Bank Group,IL,FDIC,1419506,Strategic Plan Evaluation,,,12/01/2024,role,CRA Officer,"designated public-file contact, Evergreen Bank Group",,"1515 W 22nd St Ste 100w, Oak Brook, IL 60523",FDIC BankFind main office; 12 CFR __.43
16402,The Bennington State Bank,KS,FDIC,1419345,Intermediate Small Bank Evaluation,,,07/01/2024,role,CRA Officer,"designated public-file contact, The Bennington State Bank",,"2130 S Ohio St, Salina, KS 67401",FDIC BankFind main office; 12 CFR __.43
34837,"Premier Bank, Inc.",WV,FDIC,1418684,Intermediate Small Bank Evaluation,High Satisfactory,Outstanding,12/01/2020,role,CRA Officer,"designated public-file contact, Premier Bank, Inc.",,"2883 Fifth Ave, Huntington, WV 25702",FDIC BankFind main office; 12 CFR __.43
17612,Central Bank,TX,FED,1416138,Int Small Bank,,,"Nov 09, 2020",role,CRA Officer,"designated public-file contact, Central Bank",,"11201 Clay Rd, Houston, TX 77041",FDIC BankFind main office; 12 CFR __.43
13341,The Croghan Colonial Bank,OH,FED,1414784,Int Small Bank,Needs to Improve,High Satisfactory,"Sep 25, 2023",role,CRA Officer,"designated public-file contact, The Croghan Colonial Bank",,"323 Croghan St, Fremont, OH 43420",FDIC BankFind main office; 12 CFR __.43
8018,Grove Bank & Trust,FL,FED,1414037,Int Small Bank,High Satisfactory,Needs to Improve,"Sep 17, 2018",role,CRA Officer,"designated public-file contact, Grove Bank & Trust",,"2701 S Bayshore Dr, Miami, FL 33133",FDIC BankFind main office; 12 CFR __.43
20484,Benchmark Community Bank,VA,FED,1413774,Int Small Bank,Needs to Improve,High Satisfactory,"Aug 15, 2022",role,CRA Officer,"designated public-file contact, Benchmark Community Bank",,"100 S Broad St, Kenbridge, VA 23944",FDIC BankFind main office; 12 CFR __.43
17960,Merrimack County Savings Bank,NH,FDIC,1407191,Intermediate Small Bank Evaluation,,,05/01/2023,role,CRA Officer,"designated public-file contact, Merrimack County Savings Bank",,"89 N Main St, Concord, NH 03301",FDIC BankFind main office; 12 CFR __.43
1673,1st Financial Bank USA,SD,FDIC,1404116,Strategic Plan Evaluation,,,03/01/2026,role,CRA Officer,"designated public-file contact, 1st Financial Bank USA",,"331 Dakota Dunes Blvd, Dakota Dunes, SD 57049",FDIC BankFind main office; 12 CFR __.43
8892,SULLIVAN BANK,MO,FDIC,1396624,Intermediate Small Bank Evaluation,,,07/01/2025,role,CRA Officer,"designated public-file contact, SULLIVAN BANK",,"318 W Main St, Sullivan, MO 63080",FDIC BankFind main office; 12 CFR __.43
8668,Farmers & Merchants Bank,VA,FED,1395901,Int Small Bank,Low Satisfactory,,"Sep 22, 2025",role,CRA Officer,"designated public-file contact, Farmers & Merchants Bank",,"165 New Market Rd, Timberville, VA 22853",FDIC BankFind main office; 12 CFR __.43
27998,Guardian Savings Bank,OH,FDIC,1394713,Intermediate Small Bank Evaluation,,,02/01/2026,role,CRA Officer,"designated public-file contact, Guardian Savings Bank",,"6100 W Chester Rd, West Chester, OH 45069",FDIC BankFind main office; 12 CFR __.43
15970,Ulster Savings Bank,NY,FDIC,1392069,Intermediate Small Bank Evaluation,,,04/01/2026,role,CRA Officer,"designated public-file contact, Ulster Savings Bank",,"180 Schwenk Dr, Kingston, NY 12401",FDIC BankFind main office; 12 CFR __.43
34319,Southwestern National Bank,TX,OCC,1391657,Intermediate Small Bank,,,04/29/2024,role,CRA Officer,"designated public-file contact, Southwestern National Bank",,"6901 Corporate Dr, Houston, TX 77036",FDIC BankFind main office; 12 CFR __.43
11569,Alliance Bank,TX,FDIC,1389330,Intermediate Small Bank Evaluation,,,09/01/2023,role,CRA Officer,"designated public-file contact, Alliance Bank",,"100 Jefferson St W, Sulphur Springs, TX 75482",FDIC BankFind main office; 12 CFR __.43
20989,Independence Bank,MT,FDIC,1389110,Intermediate Small Bank Evaluation,,,10/01/2025,role,CRA Officer,"designated public-file contact, Independence Bank",,"435 3rd St, Havre, MT 59501",FDIC BankFind main office; 12 CFR __.43
4702,Central National Bank,KS,OCC,1388578,Intermediate Small Bank,,,01/13/2025,role,CRA Officer,"designated public-file contact, Central National Bank",,"802 N Washington St, Junction City, KS 66441",FDIC BankFind main office; 12 CFR __.43
13023,Wisconsin Bank & Trust,WI,FDIC,1388430,Intermediate Small Bank Evaluation,Outstanding,Outstanding,10/01/2019,role,CRA Officer,"designated public-file contact, Wisconsin Bank & Trust",,"119 Junction Rd, Madison, WI 53717",FDIC BankFind main office; 12 CFR __.43
15728,"Dakota Community Bank & Trust, National Association",ND,OCC,1388252,Intermediate Small Bank,,,03/13/2023,role,CRA Officer,"designated public-file contact, Dakota Community Bank & Trust, National Association",,"609 Main St, Hebron, ND 58638",FDIC BankFind main office; 12 CFR __.43
35430,OptimumBank,FL,FDIC,1386526,Intermediate Small Bank Evaluation,,,09/01/2024,role,CRA Officer,"designated public-file contact, OptimumBank",,"2929 E Commercial Blvd, Fort Lauderdale, FL 33308",FDIC BankFind main office; 12 CFR __.43
20845,Wallis Bank,TX,FDIC,1384007,Intermediate Small Bank Evaluation,,,02/01/2025,role,CRA Officer,"designated public-file contact, Wallis Bank",,"6510 Railroad St, Wallis, TX 77485",FDIC BankFind main office; 12 CFR __.43
23998,State Bank of India (California),CA,FDIC,1382642,Intermediate Small Bank Evaluation,,,03/01/2026,role,CRA Officer,"designated public-file contact, State Bank of India (California)",,"707 Wilshire Blvd, Los Angeles, CA 90017",FDIC BankFind main office; 12 CFR __.43
8149,First American Bank and Trust,LA,FDIC,1381519,Intermediate Small Bank Evaluation,,,11/01/2024,role,CRA Officer,"designated public-file contact, First American Bank and Trust",,"2785 Highway 20, Vacherie, LA 70090",FDIC BankFind main office; 12 CFR __.43
19502,First National Bank of Tennessee,TN,OCC,1379919,Intermediate Small Bank,,,10/27/2025,role,CRA Officer,"designated public-file contact, First National Bank of Tennessee",,"214 E Main St, Livingston, TN 38570",FDIC BankFind main office; 12 CFR __.43
58739,Texas Security Bank,TX,FDIC,1375315,Intermediate Small Bank Evaluation,,,07/01/2025,role,CRA Officer,"designated public-file contact, Texas Security Bank",,"1212 Turtle Creek Blvd, Dallas, TX 75207",FDIC BankFind main office; 12 CFR __.43
5544,The City National Bank of Sulphur Springs,TX,OCC,1374878,Intermediate Small Bank,,,04/01/2024,role,CRA Officer,"designated public-file contact, The City National Bank of Sulphur Springs",,"201 Connally St, Sulphur Springs, TX 75482",FDIC BankFind main office; 12 CFR __.43
287,Community Financial Services Bank,KY,FED,1371632,Int Small Bank,,,"Oct 11, 2022",role,CRA Officer,"designated public-file contact, Community Financial Services Bank",,"221 W 5th St, Benton, KY 42025",FDIC BankFind main office; 12 CFR __.43
12299,"SouthStar Bank, S.S.B.",TX,FDIC,1369693,Intermediate Small Bank Evaluation,,,02/01/2026,role,CRA Officer,"designated public-file contact, SouthStar Bank, S.S.B.",,"100 S Main St, Moulton, TX 77975",FDIC BankFind main office; 12 CFR __.43
6959,Ballston Spa National Bank,NY,OCC,1369479,Intermediate Small Bank,,,02/09/2026,role,CRA Officer,"designated public-file contact, Ballston Spa National Bank",,"87 Front St, Ballston Spa, NY 12020",FDIC BankFind main office; 12 CFR __.43
57825,Truxton Trust Company,TN,FED,1365858,Int Small Bank,,,"Oct 31, 2022",role,CRA Officer,"designated public-file contact, Truxton Trust Company",,"20 Burton Hills Blvd, Nashville, TN 37215",FDIC BankFind main office; 12 CFR __.43
14073,County National Bank,MI,OCC,1364594,Intermediate Small Bank,,,10/27/2025,role,CRA Officer,"designated public-file contact, County National Bank",,"1 S Howell St, Hillsdale, MI 49242",FDIC BankFind main office; 12 CFR __.43
2832,First Bank of Alabama,AL,FDIC,1362045,Intermediate Small Bank Evaluation,,,05/01/2026,role,CRA Officer,"designated public-file contact, First Bank of Alabama",,"120 North St E, Talladega, AL 35160",FDIC BankFind main office; 12 CFR __.43
58088,SouthPoint Bank,AL,FDIC,1360933,Intermediate Small Bank Evaluation,,,04/01/2023,role,CRA Officer,"designated public-file contact, SouthPoint Bank",,"3501 Grandview Pkwy, Birmingham, AL 35243",FDIC BankFind main office; 12 CFR __.43
28362,Century Bank,NM,FDIC,1360343,Intermediate Small Bank Evaluation,,,07/01/2025,role,CRA Officer,"designated public-file contact, Century Bank",,"100 S Federal Pl, Santa Fe, NM 87501",FDIC BankFind main office; 12 CFR __.43
29613,Rosedale Bank,MD,OCC,1360147,Intermediate Small Bank,,,11/06/2023,role,CRA Officer,"designated public-file contact, Rosedale Bank",,"9616 Belair Rd, Nottingham, MD 21236",FDIC BankFind main office; 12 CFR __.43
58095,Idaho First Bank,ID,FDIC,1358688,Intermediate Small Bank Evaluation,,,10/01/2023,role,CRA Officer,"designated public-file contact, Idaho First Bank",,"475 E Deinhard Ln, Mccall, ID 83638",FDIC BankFind main office; 12 CFR __.43
34401,Fortis Bank,CO,FDIC,1353120,Intermediate Small Bank Evaluation,,,08/01/2023,role,CRA Officer,"designated public-file contact, Fortis Bank",,"7001 E Belleview Ave, Denver, CO 80237",FDIC BankFind main office; 12 CFR __.43
14899,Blue Sky Bank,OK,FED,1352864,Int Small Bank,,,"Dec 01, 2025",role,CRA Officer,"designated public-file contact, Blue Sky Bank",,"101 E 8th St, Pawhuska, OK 74056",FDIC BankFind main office; 12 CFR __.43
58864,Coastal Carolina National Bank,SC,OCC,1350489,Intermediate Small Bank,,,09/11/2023,role,CRA Officer,"designated public-file contact, Coastal Carolina National Bank",,"1012 38th Ave N, Myrtle Beach, SC 29577",FDIC BankFind main office; 12 CFR __.43
11492,InBank,NM,FDIC,1350435,Intermediate Small Bank Evaluation,,,05/01/2025,role,CRA Officer,"designated public-file contact, InBank",,"1233 S 2nd St, Raton, NM 87740",FDIC BankFind main office; 12 CFR __.43
8141,Sabine State Bank and Trust Company,LA,FDIC,1349578,Intermediate Small Bank Evaluation,,,01/01/2025,role,CRA Officer,"designated public-file contact, Sabine State Bank and Trust Company",,"297 Elizabeth St, Many, LA 71449",FDIC BankFind main office; 12 CFR __.43
15032,First State Bank,MI,FED,1349122,Intermediate Small Bank Evaluation,High Satisfactory,High Satisfactory,05/01/2019,role,CRA Officer,"designated public-file contact, First State Bank",,"16100 E 9 Mile Rd, Eastpointe, MI 48021",FDIC BankFind main office; 12 CFR __.43
12203,Merchants & Marine Bank,MS,FDIC,1348702,Intermediate Small Bank Evaluation,,,01/01/2026,role,CRA Officer,"designated public-file contact, Merchants & Marine Bank",,"3118 Pascagoula St, Pascagoula, MS 39567",FDIC BankFind main office; 12 CFR __.43
5170,Bank Midwest,IA,FED,1345670,Int Small Bank,,High Satisfactory,"May 19, 2025",role,CRA Officer,"designated public-file contact, Bank Midwest",,"1800 Royal Ave, Spirit Lake, IA 51360",FDIC BankFind main office; 12 CFR __.43
59112,Studio Bank,TN,FED,1344256,Intermediate Small Bank Evaluation,,,11/01/2023,role,CRA Officer,"designated public-file contact, Studio Bank",,"124 12th Ave S, Nashville, TN 37203",FDIC BankFind main office; 12 CFR __.43
1978,The Yellowstone Bank,MT,FED,1339307,Int Small Bank,,,"Sep 12, 2022",role,CRA Officer,"designated public-file contact, The Yellowstone Bank",,"12 1st Ave, Laurel, MT 59044",FDIC BankFind main office; 12 CFR __.43
12484,First Oklahoma Bank,OK,FDIC,1336144,Intermediate Small Bank Evaluation,,,01/01/2025,role,CRA Officer,"designated public-file contact, First Oklahoma Bank",,"100 S Riverfront Dr, Jenks, OK 74037",FDIC BankFind main office; 12 CFR __.43
6861,SKYLINE NATIONAL BANK,VA,OCC,1331608,Intermediate Small Bank,,,08/25/2025,role,CRA Officer,"designated public-file contact, SKYLINE NATIONAL BANK",,"113 W Main St, Independence, VA 24348",FDIC BankFind main office; 12 CFR __.43
57706,Summit Bank,OR,FDIC,1329158,Intermediate Small Bank Evaluation,,,06/01/2023,role,CRA Officer,"designated public-file contact, Summit Bank",,"96 E Broadway, Eugene, OR 97401",FDIC BankFind main office; 12 CFR __.43
903,Amalgamated Bank of Chicago,IL,FDIC,1328907,Intermediate Small Bank Evaluation,,,11/01/2023,role,CRA Officer,"designated public-file contact, Amalgamated Bank of Chicago",,"30 N La Salle St, Chicago, IL 60602",FDIC BankFind main office; 12 CFR __.43
15324,Security Bank & Trust Company,MN,FDIC,1328769,Intermediate Small Bank Evaluation,,,03/01/2024,role,CRA Officer,"designated public-file contact, Security Bank & Trust Company",,"735 11th St E, Glencoe, MN 55336",FDIC BankFind main office; 12 CFR __.43
90190,Martha's Vineyard Bank,MA,FED,1328004,Int Small Bank,,,"Sep 25, 2023",role,CRA Officer,"designated public-file contact, Martha's Vineyard Bank",,"78 Main St, Edgartown, MA 02539",FDIC BankFind main office; 12 CFR __.43
1068,Cass Commercial Bank,MO,FED,1326197,Int Small Bank,High Satisfactory,Low Satisfactory,"May 13, 2024",role,CRA Officer,"designated public-file contact, Cass Commercial Bank",,"12412 Powerscourt Dr, Des Peres, MO 63131",FDIC BankFind main office; 12 CFR __.43
12181,Monroe Bank & Trust,MI,FDIC,1325155,Large Bank Evaluation,Low Satisfactory,High Satisfactory,03/01/2018,role,CRA Officer,"designated public-file contact, Monroe Bank & Trust",,"102 East Front Street, Monroe, MI 48161",FDIC BankFind main office; 12 CFR __.43
15657,Alliance Bank Central Texas,TX,FDIC,1323064,Intermediate Small Bank Evaluation,,,01/01/2025,role,CRA Officer,"designated public-file contact, Alliance Bank Central Texas",,"191 Archway Dr, Woodway, TX 76712",FDIC BankFind main office; 12 CFR __.43
33928,"Patriot Bank, National Association",CT,OCC,1322925,Intermediate Small Bank,,,06/02/2025,role,CRA Officer,"designated public-file contact, Patriot Bank, National Association",,"999 Bedford St, Stamford, CT 06905",FDIC BankFind main office; 12 CFR __.43
11522,Liberty National Bank,OK,OCC,1321040,Intermediate Small Bank,,,11/17/2025,role,CRA Officer,"designated public-file contact, Liberty National Bank",,"629 Sw C Ave, Lawton, OK 73501",FDIC BankFind main office; 12 CFR __.43
34353,Crestmark Bank,MI,FDIC,1320696,Strategic Plan Evaluation,,,03/01/2018,role,CRA Officer,"designated public-file contact, Crestmark Bank",,"5480 Corporate Drive, Suite 350, Troy, MI 48098",FDIC BankFind main office; 12 CFR __.43
57098,Premier Valley Bank,CA,FDIC,1319210,Intermediate Small Bank Evaluation,High Satisfactory,High Satisfactory,10/01/2019,role,CRA Officer,"designated public-file contact, Premier Valley Bank",,"255 East River Park Circle  Suite 180, Fresno, CA 93720",FDIC BankFind main office; 12 CFR __.43
34966,First Capital Bank,SC,FED,1318461,Int Small Bank,,,"May 19, 2025",role,CRA Officer,"designated public-file contact, First Capital Bank",,"304 Meeting St, Charleston, SC 29401",FDIC BankFind main office; 12 CFR __.43
27619,Piedmont Federal Savings Bank,NC,OCC,1316062,Intermediate Small Bank,,,05/30/2023,role,CRA Officer,"designated public-file contact, Piedmont Federal Savings Bank",,"201 S Stratford Rd, Winston Salem, NC 27103",FDIC BankFind main office; 12 CFR __.43
14578,Farmers State Bank,IN,FDIC,1314941,Intermediate Small Bank Evaluation,,,02/01/2024,role,CRA Officer,"designated public-file contact, Farmers State Bank",,"220 S Detroit St, Lagrange, IN 46761",FDIC BankFind main office; 12 CFR __.43
4540,HNB National Bank,MO,OCC,1314273,Intermediate Small Bank,,,11/12/2024,role,CRA Officer,"designated public-file contact, HNB National Bank",,"100 N Main St, Hannibal, MO 63401",FDIC BankFind main office; 12 CFR __.43
26451,Fidelity Co-operative Bank,MA,FDIC,1310138,Intermediate Small Bank Evaluation,,,05/01/2025,role,CRA Officer,"designated public-file contact, Fidelity Co-operative Bank",,"9 Leominster Connector, Leominster, MA 01453",FDIC BankFind main office; 12 CFR __.43
90297,Webster Five Cents Savings Bank,MA,FDIC,1309969,Large Bank Evaluation,Outstanding,Outstanding,05/01/2023,role,CRA Officer,"designated public-file contact, Webster Five Cents Savings Bank",,"136 Thompson Rd, Webster, MA 01570",FDIC BankFind main office; 12 CFR __.43
11935,First Texas Bank,TX,FDIC,1309968,Intermediate Small Bank Evaluation,,,06/01/2025,role,CRA Officer,"designated public-file contact, First Texas Bank",,"900 S Austin Ave, Georgetown, TX 78626",FDIC BankFind main office; 12 CFR __.43
26333,Genesee Regional Bank,NY,FDIC,1309654,Intermediate Small Bank Evaluation,,,04/01/2026,role,CRA Officer,"designated public-file contact, Genesee Regional Bank",,"1850 Winton Rd S, Rochester, NY 14618",FDIC BankFind main office; 12 CFR __.43
57269,"Signature Bank, National Association",OH,OCC,1309420,Intermediate Small Bank,,,09/16/2024,role,CRA Officer,"designated public-file contact, Signature Bank, National Association",,"4607 W Sylvania Ave, Toledo, OH 43623",FDIC BankFind main office; 12 CFR __.43
26403,Bank of Idaho,ID,FDIC,1302348,Intermediate Small Bank Evaluation,,,06/01/2024,role,CRA Officer,"designated public-file contact, Bank of Idaho",,"399 North Capital Avenue, Idaho Falls, ID 83402",FDIC BankFind main office; 12 CFR __.43
1678,Plains Commerce Bank,SD,FDIC,1298838,Intermediate Small Bank Evaluation,,,01/01/2024,role,CRA Officer,"designated public-file contact, Plains Commerce Bank",,"3905 W 49th St, Sioux Falls, SD 57106",FDIC BankFind main office; 12 CFR __.43
9325,Jonesboro State Bank,LA,FDIC,1298497,Intermediate Small Bank Evaluation,,,03/01/2025,role,CRA Officer,"designated public-file contact, Jonesboro State Bank",,"109 Jimmie Davis Blvd, Jonesboro, LA 71251",FDIC BankFind main office; 12 CFR __.43
2232,Pinnacle Bank - Wyoming,WY,FDIC,1298471,Intermediate Small Bank Evaluation,,,03/01/2025,role,CRA Officer,"designated public-file contact, Pinnacle Bank - Wyoming",,"1702 Sheridan Ave, Cody, WY 82414",FDIC BankFind main office; 12 CFR __.43
12978,The Richwood Banking Company,OH,FED,1296076,Int Small Bank,,,"May 12, 2025",role,CRA Officer,"designated public-file contact, The Richwood Banking Company",,"28 N Franklin St, Richwood, OH 43344",FDIC BankFind main office; 12 CFR __.43
9139,"The Commercial and Savings Bank of Millersburg, Ohio",OH,FED,1295187,Int Small Bank,Needs to Improve,Low Satisfactory,"Mar 25, 2024",role,CRA Officer,"designated public-file contact, The Commercial and Savings Bank of Millersburg, Ohio",,"91 N Clay St, Millersburg, OH 44654",FDIC BankFind main office; 12 CFR __.43
18489,Adams Bank & Trust,NE,FED,1291499,Int Small Bank,Low Satisfactory,High Satisfactory,"Jul 27, 2020",role,CRA Officer,"designated public-file contact, Adams Bank & Trust",,"315 N Spruce St, Ogallala, NE 69153",FDIC BankFind main office; 12 CFR __.43
31223,First Harrison Bank,IN,FDIC,1287594,Intermediate Small Bank Evaluation,,,11/01/2023,role,CRA Officer,"designated public-file contact, First Harrison Bank",,"220 Federal Dr Nw, Corydon, IN 47112",FDIC BankFind main office; 12 CFR __.43
8011,Savings Bank of Mendocino County,CA,FDIC,1284117,Intermediate Small Bank Evaluation,,,01/01/2024,role,CRA Officer,"designated public-file contact, Savings Bank of Mendocino County",,"200 N School St, Ukiah, CA 95482",FDIC BankFind main office; 12 CFR __.43
28530,Forward Bank,WI,FDIC,1283079,Intermediate Small Bank Evaluation,,,10/01/2023,role,CRA Officer,"designated public-file contact, Forward Bank",,"1001 N Central Ave, Marshfield, WI 54449",FDIC BankFind main office; 12 CFR __.43
34978,Synergy Bank,LA,FDIC,1282792,Intermediate Small Bank Evaluation,,,12/01/2023,role,CRA Officer,"designated public-file contact, Synergy Bank",,"210 Synergy Center Blvd, Houma, LA 70360",FDIC BankFind main office; 12 CFR __.43
2700,First Southern National Bank,KY,OCC,1282399,Intermediate Small Bank,,,07/08/2024,role,CRA Officer,"designated public-file contact, First Southern National Bank",,"27 Public Sq, Lancaster, KY 40444",FDIC BankFind main office; 12 CFR __.43
19482,Consumers National Bank,OH,OCC,1279390,Intermediate Small Bank,,,08/11/2025,role,CRA Officer,"designated public-file contact, Consumers National Bank",,"614 E Lincolnway, Minerva, OH 44657",FDIC BankFind main office; 12 CFR __.43
3108,"Legend Bank, N.A.",TX,OCC,1271315,Intermediate Small Bank,,,06/10/2024,role,CRA Officer,"designated public-file contact, Legend Bank, N.A.",,"101 W Tarrant St, Bowie, TX 76230",FDIC BankFind main office; 12 CFR __.43
6605,The Merchants National Bank,OH,OCC,1266936,Intermediate Small Bank,,,08/11/2025,role,CRA Officer,"designated public-file contact, The Merchants National Bank",,"100 N High St, Hillsboro, OH 45133",FDIC BankFind main office; 12 CFR __.43
10685,Central Penn Bank & Trust,PA,FDIC,1266788,Intermediate Small Bank Evaluation,,,01/01/2025,role,CRA Officer,"designated public-file contact, Central Penn Bank & Trust",,"250 E Chestnut St, Mifflinburg, PA 17844",FDIC BankFind main office; 12 CFR __.43
23041,Bank of the Pacific,WA,FDIC,1263711,Intermediate Small Bank Evaluation,,,01/01/2024,role,CRA Officer,"designated public-file contact, Bank of the Pacific",,"300 E Market St, Aberdeen, WA 98520",FDIC BankFind main office; 12 CFR __.43
35005,PEDESTAL BANK,LA,FDIC,1261472,Intermediate Small Bank Evaluation,High Satisfactory,Outstanding,03/01/2018,role,CRA Officer,"designated public-file contact, PEDESTAL BANK",,"1300 West Tunnell Boulevard, Houma, LA 70360",FDIC BankFind main office; 12 CFR __.43
16546,JD Bank,LA,FDIC,1259065,Intermediate Small Bank Evaluation,,,04/01/2024,role,CRA Officer,"designated public-file contact, JD Bank",,"507 N Main St, Jennings, LA 70546",FDIC BankFind main office; 12 CFR __.43
13953,Iowa State Bank,IA,FED,1257038,Int Small Bank,,,"Mar 08, 2021",role,CRA Officer,"designated public-file contact, Iowa State Bank",,"1101 Main St, Hull, IA 51239",FDIC BankFind main office; 12 CFR __.43
18229,Northwest Community Bank,CT,FDIC,1255449,Intermediate Small Bank Evaluation,,,01/01/2025,role,CRA Officer,"designated public-file contact, Northwest Community Bank",,"86 Main St, Winsted, CT 06098",FDIC BankFind main office; 12 CFR __.43
18100,CoreFirst Bank & Trust,KS,FDIC,1255376,Intermediate Small Bank Evaluation,,,04/01/2026,role,CRA Officer,"designated public-file contact, CoreFirst Bank & Trust",,"3035 Sw Topeka Blvd, Topeka, KS 66611",FDIC BankFind main office; 12 CFR __.43
16265,Peoples Bank,IA,FDIC,1253069,Intermediate Small Bank Evaluation,,,09/01/2025,role,CRA Officer,"designated public-file contact, Peoples Bank",,"1230 Valley Dr, Rock Valley, IA 51247",FDIC BankFind main office; 12 CFR __.43
34211,Platte Valley Bank,NE,FED,1248096,Int Small Bank,,,"May 14, 2018",role,CRA Officer,"designated public-file contact, Platte Valley Bank",,"1212 Circle Dr, Scottsbluff, NE 69361",FDIC BankFind main office; 12 CFR __.43
58479,Bank of Central Florida,FL,FDIC,1247505,Intermediate Small Bank Evaluation,,,11/01/2023,role,CRA Officer,"designated public-file contact, Bank of Central Florida",,"5015 S Florida Ave, Lakeland, FL 33813",FDIC BankFind main office; 12 CFR __.43
34998,First IC Bank,GA,FDIC,1243029,Intermediate Small Bank Evaluation,,,02/01/2024,role,CRA Officer,"designated public-file contact, First IC Bank",,"5593 Buford Hwy Ne, Doraville, GA 30340",FDIC BankFind main office; 12 CFR __.43
14587,University Bank,MI,FDIC,1242309,Strategic Plan Evaluation,,,02/01/2025,role,CRA Officer,"designated public-file contact, University Bank",,"2015 Washtenaw Ave, Ann Arbor, MI 48104",FDIC BankFind main office; 12 CFR __.43
7598,Riverview Bank,PA,FDIC,1241968,Intermediate Small Bank Evaluation,High Satisfactory,High Satisfactory,03/01/2020,role,CRA Officer,"designated public-file contact, Riverview Bank",,"200 Front Street, Marysville, PA 17053",FDIC BankFind main office; 12 CFR __.43
33458,Monona Bank,WI,FDIC,1241838,Intermediate Small Bank Evaluation,High Satisfactory,High Satisfactory,01/01/2021,role,CRA Officer,"designated public-file contact, Monona Bank",,"5515 Monona Dr, Monona, WI 53716",FDIC BankFind main office; 12 CFR __.43
35014,nbkc bank,KS,FDIC,1241298,Strategic Plan Evaluation,,,08/01/2026,role,CRA Officer,"designated public-file contact, nbkc bank",,"3510 W 95th St, Leawood, KS 66206",FDIC BankFind main office; 12 CFR __.43
9437,First State Bank,OH,FDIC,1240816,Intermediate Small Bank Evaluation,,,02/01/2024,role,CRA Officer,"designated public-file contact, First State Bank",,"19230 State Route 136, Winchester, OH 45697",FDIC BankFind main office; 12 CFR __.43
19288,Firstar Bank,OK,FDIC,1239358,Intermediate Small Bank Evaluation,,,08/01/2023,role,CRA Officer,"designated public-file contact, Firstar Bank",,"1720 E Cherokee Ave, Sallisaw, OK 74955",FDIC BankFind main office; 12 CFR __.43
13255,Midwest Bank,NE,FED,1237744,Int Small Bank,,,"Nov 27, 2023",role,CRA Officer,"designated public-file contact, Midwest Bank",,"114 W Main St, Pierce, NE 68767",FDIC BankFind main office; 12 CFR __.43
1060,Wood & Huston Bank,MO,FDIC,1233304,Intermediate Small Bank Evaluation,,,11/01/2025,role,CRA Officer,"designated public-file contact, Wood & Huston Bank",,"27 E North St, Marshall, MO 65340",FDIC BankFind main office; 12 CFR __.43
13622,Dayspring Bank,NE,FDIC,1231229,Intermediate Small Bank Evaluation,,,06/01/2025,role,CRA Officer,"designated public-file contact, Dayspring Bank",,"914 Lake Ave, Gothenburg, NE 69138",FDIC BankFind main office; 12 CFR __.43
28316,FIDELITY BANK,LA,FDIC,1226355,Intermediate Small Bank Evaluation,,,07/01/2025,role,CRA Officer,"designated public-file contact, FIDELITY BANK",,"353 Carondelet St, New Orleans, LA 70130",FDIC BankFind main office; 12 CFR __.43
16501,"First Bankers Trust Company, National Association",IL,OCC,1223841,Intermediate Small Bank,,,06/23/2025,role,CRA Officer,"designated public-file contact, First Bankers Trust Company, National Association",,"1201 Broadway St, Quincy, IL 62301",FDIC BankFind main office; 12 CFR __.43
9100,Pilot Grove Savings Bank,IA,FDIC,1223296,Intermediate Small Bank Evaluation,,,01/01/2026,role,CRA Officer,"designated public-file contact, Pilot Grove Savings Bank",,"1341 Pilot Grove Rd, Pilot Grove, IA 52648",FDIC BankFind main office; 12 CFR __.43
24919,Uwharrie Bank,NC,FED,1220465,Int Small Bank,,,"Nov 16, 2020",role,CRA Officer,"designated public-file contact, Uwharrie Bank",,"167 N 2nd St, Albemarle, NC 28001",FDIC BankFind main office; 12 CFR __.43
16753,Citizens State Bank,TX,FDIC,1219362,Intermediate Small Bank Evaluation,,,10/01/2023,role,CRA Officer,"designated public-file contact, Citizens State Bank",,"155 8th St, Somerville, TX 77879",FDIC BankFind main office; 12 CFR __.43
26395,MutualOne Bank,MA,FDIC,1217844,Intermediate Small Bank Evaluation,,,11/01/2025,role,CRA Officer,"designated public-file contact, MutualOne Bank",,"828 Concord St, Framingham, MA 01701",FDIC BankFind main office; 12 CFR __.43
21292,PeoplesSouth Bank,GA,FDIC,1214987,Intermediate Small Bank Evaluation,,,09/01/2023,role,CRA Officer,"designated public-file contact, PeoplesSouth Bank",,"203 W Crawford St, Colquitt, GA 39837",FDIC BankFind main office; 12 CFR __.43
20387,Bank of the Orient,CA,FED,1214471,Int Small Bank,Low Satisfactory,Low Satisfactory,"Aug 20, 2018",role,CRA Officer,"designated public-file contact, Bank of the Orient",,"1023 Stockton St, San Francisco, CA 94108",FDIC BankFind main office; 12 CFR __.43
22308,West Michigan Community Bank,MI,FED,1212138,Intermediate Small Bank Evaluation,High Satisfactory,High Satisfactory,10/01/2018,role,CRA Officer,"designated public-file contact, West Michigan Community Bank",,"3467 Kelly St, Hudsonville, MI 49426",FDIC BankFind main office; 12 CFR __.43
20130,BankFirst,NE,FDIC,1211820,Intermediate Small Bank Evaluation,,,01/01/2024,role,CRA Officer,"designated public-file contact, BankFirst",,"100 N 13th St, Norfolk, NE 68701",FDIC BankFind main office; 12 CFR __.43
22876,Southwest Missouri Bank,MO,FDIC,1208499,Intermediate Small Bank Evaluation,,,10/01/2024,role,CRA Officer,"designated public-file contact, Southwest Missouri Bank",,"300 W 3rd St, Carthage, MO 64836",FDIC BankFind main office; 12 CFR __.43
4697,The First National Bank of Hutchinson,KS,OCC,1208135,Intermediate Small Bank,,,02/09/2026,role,CRA Officer,"designated public-file contact, The First National Bank of Hutchinson",,"1 N Main St, Hutchinson, KS 67501",FDIC BankFind main office; 12 CFR __.43
30879,"Provident Savings Bank, F.S.B.",CA,OCC,1208112,Intermediate Small Bank,,,02/27/2023,role,CRA Officer,"designated public-file contact, Provident Savings Bank, F.S.B.",,"6570 Magnolia Ave, Riverside, CA 92506",FDIC BankFind main office; 12 CFR __.43
20727,"Dallas Capital Bank, National Association",TX,OCC,1206317,Intermediate Small Bank,,,04/10/2023,role,CRA Officer,"designated public-file contact, Dallas Capital Bank, National Association",,"14185 Dallas Pkwy, Dallas, TX 75254",FDIC BankFind main office; 12 CFR __.43
18200,Dime Bank,CT,FDIC,1205489,Large Bank Evaluation,High Satisfactory,High Satisfactory,05/01/2026,role,CRA Officer,"designated public-file contact, Dime Bank",,"290 Salem Tpke, Norwich, CT 06360",FDIC BankFind main office; 12 CFR __.43
57483,Citizens Bank & Trust,AL,FDIC,1201077,Intermediate Small Bank Evaluation,,,11/01/2025,named,Reza Aghamirzadeh,"EVP, Head of Community Development",,"711 Gunter Ave, Guntersville, AL 35976","CBA Community Reinvestment Committee roster, 2026-08-26"
13297,Solvay Bank,NY,FED,1197828,Int Small Bank,Low Satisfactory,Outstanding,"Oct 06, 2025",role,CRA Officer,"designated public-file contact, Solvay Bank",,"1537 Milton Ave, Solvay, NY 13209",FDIC BankFind main office; 12 CFR __.43
58013,Two Rivers Bank & Trust,IA,FDIC,1197423,Intermediate Small Bank Evaluation,,,04/01/2026,role,CRA Officer,"designated public-file contact, Two Rivers Bank & Trust",,"222 N Main St, Burlington, IA 52601",FDIC BankFind main office; 12 CFR __.43
9797,M1 Bank,MO,FDIC,1196604,Strategic Plan Evaluation,,,08/01/2023,role,CRA Officer,"designated public-file contact, M1 Bank",,"7801 Forsyth Boulevard, Clayton, MO 63105",FDIC BankFind main office; 12 CFR __.43
57176,Commerce West Bank,CA,FED,1196315,Int Small Bank,,,"Jan 07, 2019",role,CRA Officer,"designated public-file contact, Commerce West Bank",,"2445 Mccabe Way, Irvine, CA 92614",FDIC BankFind main office; 12 CFR __.43
34812,GrandSouth Bank,SC,FDIC,1196164,Intermediate Small Bank Evaluation,High Satisfactory,High Satisfactory,11/01/2021,role,CRA Officer,"designated public-file contact, GrandSouth Bank",,"381 Halton Rd, Greenville, SC 29607",FDIC BankFind main office; 12 CFR __.43
9888,The Dime Bank,PA,FDIC,1194923,Intermediate Small Bank Evaluation,,,10/01/2024,role,CRA Officer,"designated public-file contact, The Dime Bank",,"820 Church St, Honesdale, PA 18431",FDIC BankFind main office; 12 CFR __.43
14017,Middletown Valley Bank,MD,FDIC,1193543,Intermediate Small Bank Evaluation,,,08/01/2023,role,CRA Officer,"designated public-file contact, Middletown Valley Bank",,"803 E Main St, Middletown, MD 21769",FDIC BankFind main office; 12 CFR __.43
32718,Helm Bank USA,FL,FDIC,1192829,Intermediate Small Bank Evaluation,,,01/01/2026,role,CRA Officer,"designated public-file contact, Helm Bank USA",,"999 Brickell Ave, Miami, FL 33131",FDIC BankFind main office; 12 CFR __.43
22444,INLAND BANK & TRUST,IL,FDIC,1191380,Intermediate Small Bank Evaluation,,,05/01/2023,role,CRA Officer,"designated public-file contact, INLAND BANK & TRUST",,"2805 Butterfield Rd, Oak Brook, IL 60523",FDIC BankFind main office; 12 CFR __.43
28778,Somerset Regal Bank,NJ,FDIC,1189079,Intermediate Small Bank Evaluation,,,08/01/2025,role,CRA Officer,"designated public-file contact, Somerset Regal Bank",,"220 W Union Ave, Bound Brook, NJ 08805",FDIC BankFind main office; 12 CFR __.43
1299,Evolve Bank & Trust,AR,FED,1188644,Int Small Bank,,,"Nov 09, 2020",role,CRA Officer,"designated public-file contact, Evolve Bank & Trust",,"301 Shoppingway Blvd, West Memphis, AR 72301",FDIC BankFind main office; 12 CFR __.43
14240,Northway Bank,NH,FDIC,1188010,Intermediate Small Bank Evaluation,,,06/01/2023,role,CRA Officer,"designated public-file contact, Northway Bank",,"9 Main St, Berlin, NH 03570",FDIC BankFind main office; 12 CFR __.43
26620,Reading Co-operative Bank,MA,FED,1186904,Int Small Bank,,,"Jul 31, 2023",role,CRA Officer,"designated public-file contact, Reading Co-operative Bank",,"180 Haven St, Reading, MA 01867",FDIC BankFind main office; 12 CFR __.43
17509,First State Bank,FL,FDIC,1184888,Intermediate Small Bank Evaluation,,,06/01/2024,role,CRA Officer,"designated public-file contact, First State Bank",,"1201 Simonton St, Key West, FL 33040",FDIC BankFind main office; 12 CFR __.43
8255,Montgomery Bank,MO,FED,1184557,Int Small Bank,,,"May 01, 2023",role,CRA Officer,"designated public-file contact, Montgomery Bank",,"1 Montgomery Bank Plaza St, Sikeston, MO 63801",FDIC BankFind main office; 12 CFR __.43
21714,Premier Bank,MN,FDIC,1184433,Intermediate Small Bank Evaluation,,,02/01/2024,role,CRA Officer,"designated public-file contact, Premier Bank",,"2866 White Bear Ave N, Maplewood, MN 55109",FDIC BankFind main office; 12 CFR __.43
21906,PriorityOne Bank,MS,FED,1183847,Intermediate Small Bank Evaluation,High Satisfactory,Outstanding,08/01/2020,role,CRA Officer,"designated public-file contact, PriorityOne Bank",,"220 Main Ave N, Magee, MS 39111",FDIC BankFind main office; 12 CFR __.43
27510,Metro Bank,AL,FDIC,1182553,Intermediate Small Bank Evaluation,,,01/01/2025,role,CRA Officer,"designated public-file contact, Metro Bank",,"800 Martin St S, Pell City, AL 35128",FDIC BankFind main office; 12 CFR __.43
11459,Mid America Bank,MO,FDIC,1181463,Intermediate Small Bank Evaluation,,,04/01/2024,role,CRA Officer,"designated public-file contact, Mid America Bank",,"1200 W Stadium Blvd, Jefferson City, MO 65109",FDIC BankFind main office; 12 CFR __.43
3091,The First National Bank of Bastrop,TX,OCC,1180522,Intermediate Small Bank,,,08/11/2025,role,CRA Officer,"designated public-file contact, The First National Bank of Bastrop",,"489 Highway 71 W, Bastrop, TX 78602",FDIC BankFind main office; 12 CFR __.43
3869,Anstaff Bank,AR,FED,1180508,Intermediate Small Bank Evaluation,High Satisfactory,Outstanding,10/01/2021,role,CRA Officer,"designated public-file contact, Anstaff Bank",,"100 First National Ave, Green Forest, AR 72638",FDIC BankFind main office; 12 CFR __.43
16982,Bank of Pontiac,IL,FED,1178764,Int Small Bank,,,"Jun 21, 2021",role,CRA Officer,"designated public-file contact, Bank of Pontiac",,"300 W Washington St, Pontiac, IL 61764",FDIC BankFind main office; 12 CFR __.43
35412,American Community Bank & Trust,IL,FDIC,1177625,Intermediate Small Bank Evaluation,,,05/01/2026,role,CRA Officer,"designated public-file contact, American Community Bank & Trust",,"1290 Lake Ave, Woodstock, IL 60098",FDIC BankFind main office; 12 CFR __.43
20161,Citizens Bank of Las Cruces,NM,FDIC,1174965,Intermediate Small Bank Evaluation,,,04/01/2025,role,CRA Officer,"designated public-file contact, Citizens Bank of Las Cruces",,"505 S Main St, Las Cruces, NM 88001",FDIC BankFind main office; 12 CFR __.43
58060,First General Bank,CA,FDIC,1174806,Intermediate Small Bank Evaluation,,,04/01/2024,role,CRA Officer,"designated public-file contact, First General Bank",,"19036 Colima Rd, Rowland Heights, CA 91748",FDIC BankFind main office; 12 CFR __.43
6271,Community National Bank,VT,OCC,1172186,Intermediate Small Bank,,,01/02/2024,role,CRA Officer,"designated public-file contact, Community National Bank",,"4811 U.S. Route 5, Derby, VT 05855",FDIC BankFind main office; 12 CFR __.43
9457,The North Side Bank and Trust Company,OH,FED,1172039,Int Small Bank,Substantial Noncompliance,Low Satisfactory,"Oct 07, 2024",role,CRA Officer,"designated public-file contact, The North Side Bank and Trust Company",,"4125 Hamilton Ave, Cincinnati, OH 45223",FDIC BankFind main office; 12 CFR __.43
8878,State Bank & Trust Company,MS,FDIC,1169616,Intermediate Small Bank Evaluation,High Satisfactory,Outstanding,11/01/2018,role,CRA Officer,"designated public-file contact, State Bank & Trust Company",,"916 Highway 82 Bypass, Greenwood, MS 38935",FDIC BankFind main office; 12 CFR __.43
7526,The Honesdale National Bank,PA,OCC,1168760,Intermediate Small Bank,,,05/20/2024,role,CRA Officer,"designated public-file contact, The Honesdale National Bank",,"733 Main St, Honesdale, PA 18431",FDIC BankFind main office; 12 CFR __.43
13055,Citizens Bank,WI,FDIC,1167142,Intermediate Small Bank Evaluation,,,06/01/2025,named,Reza Aghamirzadeh,"EVP, Head of Community Development",,"301 N Rochester St, Mukwonago, WI 53149","CBA Community Reinvestment Committee roster, 2026-08-26"
7658,First National Bank and Trust Company of Newtown,PA,OCC,1166108,Intermediate Small Bank,,,07/08/2024,role,CRA Officer,"designated public-file contact, First National Bank and Trust Company of Newtown",,"40 S State St, Newtown, PA 18940",FDIC BankFind main office; 12 CFR __.43
57097,Northstar Bank,MI,FED,1161394,Int Small Bank,,,"Feb 06, 2023",role,CRA Officer,"designated public-file contact, Northstar Bank",,"833 S Van Dyke Rd, Bad Axe, MI 48413",FDIC BankFind main office; 12 CFR __.43
3389,Pointbank,TX,FED,1161379,Int Small Bank,,,"Jul 26, 2021",role,CRA Officer,"designated public-file contact, Pointbank",,"200 S Highway 377, Pilot Point, TX 76258",FDIC BankFind main office; 12 CFR __.43
27078,First Bank & Trust,SD,FDIC,1161100,Intermediate Small Bank Evaluation,High Satisfactory,High Satisfactory,04/01/2020,role,CRA Officer,"designated public-file contact, First Bank & Trust",,"110 North Minnesota  Avenue, Sioux Falls, SD 57104",FDIC BankFind main office; 12 CFR __.43
12874,Katahdin Trust Company,ME,FDIC,1158202,Intermediate Small Bank Evaluation,,,08/01/2024,role,CRA Officer,"designated public-file contact, Katahdin Trust Company",,"11 Main St, Patten, ME 04765",FDIC BankFind main office; 12 CFR __.43
9678,Edmonton State Bank,KY,FDIC,1152722,Intermediate Small Bank Evaluation,,,10/01/2025,role,CRA Officer,"designated public-file contact, Edmonton State Bank",,"909 W Main St, Glasgow, KY 42141",FDIC BankFind main office; 12 CFR __.43
30441,First Federal Bank of Louisiana,LA,OCC,1148244,Intermediate Small Bank,,,04/10/2023,role,CRA Officer,"designated public-file contact, First Federal Bank of Louisiana",,"1135 Lake Shore Dr, Lake Charles, LA 70601",FDIC BankFind main office; 12 CFR __.43
12627,Bank of Washington,MO,FDIC,1148041,Intermediate Small Bank Evaluation,,,10/01/2023,role,CRA Officer,"designated public-file contact, Bank of Washington",,"200 W Main St, Washington, MO 63090",FDIC BankFind main office; 12 CFR __.43
17077,First US Bank,AL,FDIC,1147614,Intermediate Small Bank Evaluation,,,04/01/2024,role,CRA Officer,"designated public-file contact, First US Bank",,"3291 Highway 280 E, Birmingham, AL 35243",FDIC BankFind main office; 12 CFR __.43
21122,Bridgeview Bank Group,IL,FDIC,1144827,Intermediate Small Bank Evaluation,High Satisfactory,High Satisfactory,01/01/2019,role,CRA Officer,"designated public-file contact, Bridgeview Bank Group",,"7940 South Harlem Avenue, Bridgeview, IL 60455",FDIC BankFind main office; 12 CFR __.43
28788,Sturdy Savings Bank,NJ,FDIC,1143729,Large Bank Evaluation,High Satisfactory,High Satisfactory,08/01/2025,role,CRA Officer,"designated public-file contact, Sturdy Savings Bank",,"9417 3rd Ave, Stone Harbor, NJ 08247",FDIC BankFind main office; 12 CFR __.43
59183,Trustar Bank,VA,FDIC,1143324,Intermediate Small Bank Evaluation,,,03/01/2025,role,CRA Officer,"designated public-file contact, Trustar Bank",,"748 Walker Rd, Great Falls, VA 22066",FDIC BankFind main office; 12 CFR __.43
16849,First Arkansas Bank and Trust,AR,FDIC,1140573,Intermediate Small Bank Evaluation,,,10/01/2023,role,CRA Officer,"designated public-file contact, First Arkansas Bank and Trust",,"600 W Main St, Jacksonville, AR 72076",FDIC BankFind main office; 12 CFR __.43
10308,The Bank of Fayette County,TN,FED,1139937,Int Small Bank,,,"Jul 22, 2024",role,CRA Officer,"designated public-file contact, The Bank of Fayette County",,"1265 Highway 57, Piperton, TN 38017",FDIC BankFind main office; 12 CFR __.43
6811,First National Bank,VA,OCC,1139443,Intermediate Small Bank,,,08/14/2023,role,CRA Officer,"designated public-file contact, First National Bank",,"622 Broad St, Altavista, VA 24517",FDIC BankFind main office; 12 CFR __.43
1497,Security State Bank,TX,FDIC,1138646,Intermediate Small Bank Evaluation,,,03/01/2024,role,CRA Officer,"designated public-file contact, Security State Bank",,"1000 N Oak St, Pearsall, TX 78061",FDIC BankFind main office; 12 CFR __.43
34934,Union Bank,NC,FDIC,1138451,Intermediate Small Bank Evaluation,High Satisfactory,High Satisfactory,05/01/2022,role,CRA Officer,"designated public-file contact, Union Bank",,"1011 Red Banks Rd, Greenville, NC 27858",FDIC BankFind main office; 12 CFR __.43
15932,The Citizens Bank,SC,FDIC,1137975,Intermediate Small Bank Evaluation,,,10/01/2025,named,Reza Aghamirzadeh,"EVP, Head of Community Development",,"124 East Main Street, Olanta, SC 29114","CBA Community Reinvestment Committee roster, 2026-08-26"
12828,"The Farmers Bank, Frankfort, Indiana",IN,FDIC,1136158,Intermediate Small Bank Evaluation,,,12/01/2023,role,CRA Officer,"designated public-file contact, The Farmers Bank, Frankfort, Indiana",,"9 E Clinton St, Frankfort, IN 46041",FDIC BankFind main office; 12 CFR __.43
34997,BayFirst National Bank,FL,OCC,1136157,Intermediate Small Bank,,,10/06/2025,role,CRA Officer,"designated public-file contact, BayFirst National Bank",,"700 Central Ave, Saint Petersburg, FL 33701",FDIC BankFind main office; 12 CFR __.43
19184,Hilltop National Bank,WY,OCC,1135748,Large Bank,,,01/29/2024,role,CRA Officer,"designated public-file contact, Hilltop National Bank",,"300 Country Club Rd, Casper, WY 82609",FDIC BankFind main office; 12 CFR __.43
13868,First State Bank Nebraska,NE,FED,1134968,Int Small Bank,,,"May 24, 2021",role,CRA Officer,"designated public-file contact, First State Bank Nebraska",,"2701 Grainger Pkwy, Lincoln, NE 68516",FDIC BankFind main office; 12 CFR __.43
9359,Bank of Commerce,MS,FDIC,1134517,Intermediate Small Bank Evaluation,,,11/01/2024,role,CRA Officer,"designated public-file contact, Bank of Commerce",,"310 Howard St, Greenwood, MS 38930",FDIC BankFind main office; 12 CFR __.43
8941,Bank Forward,ND,FDIC,1130017,Intermediate Small Bank Evaluation,,,07/01/2025,role,CRA Officer,"designated public-file contact, Bank Forward",,"5650 37th Ave S, Fargo, ND 58104",FDIC BankFind main office; 12 CFR __.43
20856,Liberty Bank and Trust Company,LA,FDIC,1129360,Intermediate Small Bank Evaluation,,,03/01/2024,role,CRA Officer,"designated public-file contact, Liberty Bank and Trust Company",,"6600 Plaza Dr, New Orleans, LA 70127",FDIC BankFind main office; 12 CFR __.43
34010,EverTrust Bank,CA,FDIC,1125370,Intermediate Small Bank Evaluation,,,09/01/2025,role,CRA Officer,"designated public-file contact, EverTrust Bank",,"13191 Crossroads Pkwy N, City Of Industry, CA 91746",FDIC BankFind main office; 12 CFR __.43
35214,First Reliance Bank,SC,FDIC,1125355,Intermediate Small Bank Evaluation,,,09/01/2024,role,CRA Officer,"designated public-file contact, First Reliance Bank",,"2170 W Palmetto St, Florence, SC 29501",FDIC BankFind main office; 12 CFR __.43
31840,Financial Federal Bank,TN,FED,1123486,Int Small Bank,,,"May 30, 2023",role,CRA Officer,"designated public-file contact, Financial Federal Bank",,"1715 Aaron Brenner Dr, Memphis, TN 38120",FDIC BankFind main office; 12 CFR __.43
90208,Pentucket  Bank,MA,FDIC,1121201,Intermediate Small Bank Evaluation,,,05/01/2026,role,CRA Officer,"designated public-file contact, Pentucket  Bank",,"1 Merrimack St, Haverhill, MA 01830",FDIC BankFind main office; 12 CFR __.43
35426,Two River Community Bank,NJ,FDIC,1120265,Intermediate Small Bank Evaluation,High Satisfactory,Outstanding,05/01/2019,role,CRA Officer,"designated public-file contact, Two River Community Bank",,"766 Shrewsbury Avenue, Tinton Falls, NJ 07724",FDIC BankFind main office; 12 CFR __.43
14209,Farmers State Bank,IA,FDIC,1118564,Intermediate Small Bank Evaluation,,,09/01/2023,role,CRA Officer,"designated public-file contact, Farmers State Bank",,"1240 8th Ave, Marion, IA 52302",FDIC BankFind main office; 12 CFR __.43
12611,The Evangeline Bank and Trust Company,LA,FDIC,1113786,Intermediate Small Bank Evaluation,,,10/01/2025,role,CRA Officer,"designated public-file contact, The Evangeline Bank and Trust Company",,"497 W Main St, Ville Platte, LA 70586",FDIC BankFind main office; 12 CFR __.43
34422,American Bank,PA,FED,1111851,Large Bank,Low Satisfactory,Low Satisfactory,"Sep 23, 2019",role,CRA Officer,"designated public-file contact, American Bank",,"4029 W Tilghman St, Allentown, PA 18104",FDIC BankFind main office; 12 CFR __.43
29782,First Federal Bank,TN,FDIC,1111708,Intermediate Small Bank Evaluation,,,03/01/2024,role,CRA Officer,"designated public-file contact, First Federal Bank",,"611 E College St, Dickson, TN 37055",FDIC BankFind main office; 12 CFR __.43
32242,"Liberty Savings Bank, F.S.B.",OH,OCC,1111698,Intermediate Small Bank,,,08/14/2023,role,CRA Officer,"designated public-file contact, Liberty Savings Bank, F.S.B.",,"2251 Rombach Ave, Wilmington, OH 45177",FDIC BankFind main office; 12 CFR __.43
1545,"First National Bank, Ames, Iowa",IA,OCC,1111663,Intermediate Small Bank,,,10/07/2024,role,CRA Officer,"designated public-file contact, First National Bank, Ames, Iowa",,"405 5th St, Ames, IA 50010",FDIC BankFind main office; 12 CFR __.43
1874,Bank of Labor,KS,FDIC,1110876,Strategic Plan Evaluation,,,11/01/2025,role,CRA Officer,"designated public-file contact, Bank of Labor",,"6301 Glenwood St, Third Floor, Overland Park, KS 66202",FDIC BankFind main office; 12 CFR __.43
26218,Park Bank,WI,FDIC,1110741,Intermediate Small Bank Evaluation,High Satisfactory,Outstanding,09/01/2018,role,CRA Officer,"designated public-file contact, Park Bank",,"330 East Kilbourn Avenue, Milwaukee, WI 53202",FDIC BankFind main office; 12 CFR __.43
9499,Thread Bank,TN,FDIC,1110596,Intermediate Small Bank Evaluation,,,03/01/2026,role,CRA Officer,"designated public-file contact, Thread Bank",,"210 E Main St, Rogersville, TN 37857",FDIC BankFind main office; 12 CFR __.43
13109,Jackson County Bank,IN,FDIC,1109838,Intermediate Small Bank Evaluation,,,06/01/2025,role,CRA Officer,"designated public-file contact, Jackson County Bank",,"125 S Chestnut St, Seymour, IN 47274",FDIC BankFind main office; 12 CFR __.43
58018,St. Louis Bank,MO,FDIC,1109444,Intermediate Small Bank Evaluation,,,05/01/2023,role,CRA Officer,"designated public-file contact, St. Louis Bank",,"9811 S 40 Dr, Saint Louis, MO 63124",FDIC BankFind main office; 12 CFR __.43
23806,TrailWest Bank,MT,FDIC,1105812,Intermediate Small Bank Evaluation,,,08/01/2024,role,CRA Officer,"designated public-file contact, TrailWest Bank",,"11300 Us Highway 93 S, Lolo, MT 59847",FDIC BankFind main office; 12 CFR __.43
58121,Triad Bank,MO,FDIC,1105166,Intermediate Small Bank Evaluation,,,10/01/2023,role,CRA Officer,"designated public-file contact, Triad Bank",,"10375 Clayton Rd, Frontenac, MO 63131",FDIC BankFind main office; 12 CFR __.43
6531,The Citizens National Bank of Bluffton,OH,OCC,1103400,Intermediate Small Bank,,,09/05/2023,role,CRA Officer,"designated public-file contact, The Citizens National Bank of Bluffton",,"102 S Main St, Bluffton, OH 45817",FDIC BankFind main office; 12 CFR __.43
58727,Access Bank,NE,FDIC,1102864,Intermediate Small Bank Evaluation,,,07/01/2025,role,CRA Officer,"designated public-file contact, Access Bank",,"8712 W Dodge Rd, Omaha, NE 68114",FDIC BankFind main office; 12 CFR __.43
57703,"T Bank, National Association",TX,OCC,1102281,Intermediate Small Bank,,,02/24/2025,role,CRA Officer,"designated public-file contact, T Bank, National Association",,"16200 Dallas Pkwy, Dallas, TX 75248",FDIC BankFind main office; 12 CFR __.43
28396,First Palmetto Bank,SC,FDIC,1100982,Intermediate Small Bank Evaluation,,,06/01/2026,role,CRA Officer,"designated public-file contact, First Palmetto Bank",,"315 E Dekalb St, Camden, SC 29020",FDIC BankFind main office; 12 CFR __.43
27872,Pioneer Bank,NM,OCC,1094643,Intermediate Small Bank,,,05/08/2023,role,CRA Officer,"designated public-file contact, Pioneer Bank",,"3000 N Main St, Roswell, NM 88201",FDIC BankFind main office; 12 CFR __.43
12591,The Converse County Bank,WY,FDIC,1093243,Intermediate Small Bank Evaluation,,,02/01/2024,role,CRA Officer,"designated public-file contact, The Converse County Bank",,"332 E Walnut St, Douglas, WY 82633",FDIC BankFind main office; 12 CFR __.43
88,Generations Bank,AR,FED,1091001,Intermediate Small Bank Evaluation,,,06/01/2023,role,CRA Officer,"designated public-file contact, Generations Bank",,"3710 W Southern Hills Blvd, Rogers, AR 72758",FDIC BankFind main office; 12 CFR __.43
90308,Winchester Savings Bank,MA,FDIC,1087221,Intermediate Small Bank Evaluation,,,08/01/2024,role,CRA Officer,"designated public-file contact, Winchester Savings Bank",,"661 Main St, Winchester, MA 01890",FDIC BankFind main office; 12 CFR __.43
9288,First Bank of Berne,IN,FED,1087178,Int Small Bank,Low Satisfactory,Low Satisfactory,"Mar 03, 2025",role,CRA Officer,"designated public-file contact, First Bank of Berne",,"222 Heritage Trl, Berne, IN 46711",FDIC BankFind main office; 12 CFR __.43
17115,Partners Bank of New England,ME,FDIC,1087056,Intermediate Small Bank Evaluation,,,08/01/2025,role,CRA Officer,"designated public-file contact, Partners Bank of New England",,"900 Main St, Sanford, ME 04073",FDIC BankFind main office; 12 CFR __.43
57920,Prime Alliance Bank,UT,FDIC,1086025,Strategic Plan Evaluation,,,09/01/2025,role,CRA Officer,"designated public-file contact, Prime Alliance Bank",,"1868 S 500 W, Woods Cross, UT 84010",FDIC BankFind main office; 12 CFR __.43
35,AuburnBank,AL,FED,1085002,Int Small Bank,High Satisfactory,High Satisfactory,"Mar 03, 2025",role,CRA Officer,"designated public-file contact, AuburnBank",,"100 N Gay St, Auburn, AL 36830",FDIC BankFind main office; 12 CFR __.43
27267,Amerasia Bank,NY,FDIC,1084973,Intermediate Small Bank Evaluation,,,04/01/2024,role,CRA Officer,"designated public-file contact, Amerasia Bank",,"4106 Main St, Flushing, NY 11355",FDIC BankFind main office; 12 CFR __.43
58039,First Resource Bank,MN,FDIC,1084566,Intermediate Small Bank Evaluation,,,09/01/2025,role,CRA Officer,"designated public-file contact, First Resource Bank",,"7449 Village Dr, Lino Lakes, MN 55014",FDIC BankFind main office; 12 CFR __.43
90253,MountainOne Bank,MA,FDIC,1082351,Intermediate Small Bank Evaluation,,,10/01/2024,role,CRA Officer,"designated public-file contact, MountainOne Bank",,"93 Main St, North Adams, MA 01247",FDIC BankFind main office; 12 CFR __.43
34415,First Command Bank,TX,OCC,1081696,Intermediate Small Bank,,,05/19/2025,role,CRA Officer,"designated public-file contact, First Command Bank",,"1 Firstcomm Plz, Fort Worth, TX 76109",FDIC BankFind main office; 12 CFR __.43
35518,The Federal Savings Bank,IL,OCC,1080675,Intermediate Small Bank,,,05/06/2024,role,CRA Officer,"designated public-file contact, The Federal Savings Bank",,"4120 W Diversey Ave, Chicago, IL 60639",FDIC BankFind main office; 12 CFR __.43
58796,Parkside Financial Bank & Trust,MO,FDIC,1080613,Intermediate Small Bank Evaluation,,,04/01/2026,role,CRA Officer,"designated public-file contact, Parkside Financial Bank & Trust",,"8112 Maryland Ave, Clayton, MO 63105",FDIC BankFind main office; 12 CFR __.43
15136,Bank of Wisconsin Dells,WI,FDIC,1079952,Intermediate Small Bank Evaluation,,,01/01/2024,role,CRA Officer,"designated public-file contact, Bank of Wisconsin Dells",,"716 Superior St, Wisconsin Dells, WI 53965",FDIC BankFind main office; 12 CFR __.43
8660,Commercial Bank & Trust Co.,TN,FDIC,1079676,Intermediate Small Bank Evaluation,,,01/01/2024,role,CRA Officer,"designated public-file contact, Commercial Bank & Trust Co.",,"101 N Poplar St, Paris, TN 38242",FDIC BankFind main office; 12 CFR __.43
7461,Centric Bank,PA,FDIC,1078774,Intermediate Small Bank Evaluation,High Satisfactory,High Satisfactory,06/01/2021,role,CRA Officer,"designated public-file contact, Centric Bank",,"4320 Linglestown Rd, Harrisburg, PA 17112",FDIC BankFind main office; 12 CFR __.43
35521,InsBank,TN,FED,1078594,Int Small Bank,,,"Nov 07, 2022",role,CRA Officer,"designated public-file contact, InsBank",,"2106 Crestmoor Rd, Nashville, TN 37215",FDIC BankFind main office; 12 CFR __.43
5093,The First National Bank of Bemidji,MN,OCC,1078508,Intermediate Small Bank,,,07/21/2025,role,CRA Officer,"designated public-file contact, The First National Bank of Bemidji",,"1600 Paul Bunyan Dr Nw, Bemidji, MN 56601",FDIC BankFind main office; 12 CFR __.43
58509,Frontier Bank of Texas,TX,FDIC,1076630,Intermediate Small Bank Evaluation,,,04/01/2025,role,CRA Officer,"designated public-file contact, Frontier Bank of Texas",,"1213 Highway 290 E, Elgin, TX 78621",FDIC BankFind main office; 12 CFR __.43
3330,The First National Bank of McGregor,TX,OCC,1075946,Intermediate Small Bank,,,06/30/2025,role,CRA Officer,"designated public-file contact, The First National Bank of McGregor",,"401 S Main St, Mc Gregor, TX 76657",FDIC BankFind main office; 12 CFR __.43
12514,Ixonia Bank,WI,FDIC,1075557,Intermediate Small Bank Evaluation,,,01/01/2023,role,CRA Officer,"designated public-file contact, Ixonia Bank",,"W 1046 Marietta  Ave, Ixonia, WI 53036",FDIC BankFind main office; 12 CFR __.43
33418,Ledyard National Bank,VT,OCC,1071557,Intermediate Small Bank,,,10/21/2024,role,CRA Officer,"designated public-file contact, Ledyard National Bank",,"320 Main St, Norwich, VT 05055",FDIC BankFind main office; 12 CFR __.43
28865,MidCountry Bank,MN,OCC,1070620,Intermediate Small Bank,,,03/13/2023,role,CRA Officer,"designated public-file contact, MidCountry Bank",,"7825 Washington Ave S, Minneapolis, MN 55439",FDIC BankFind main office; 12 CFR __.43
4062,"The First National Bank and Trust Co., Chickasha, Oklahoma",OK,OCC,1070151,Intermediate Small Bank,,,09/22/2025,role,CRA Officer,"designated public-file contact, The First National Bank and Trust Co., Chickasha, Oklahoma",,"302 W Chickasha Ave, Chickasha, OK 73018",FDIC BankFind main office; 12 CFR __.43
90203,Cape Ann Savings Bank,MA,FDIC,1069781,Intermediate Small Bank Evaluation,,,01/01/2025,role,CRA Officer,"designated public-file contact, Cape Ann Savings Bank",,"109 Main St, Gloucester, MA 01930",FDIC BankFind main office; 12 CFR __.43
292,The Monticello Banking Company,KY,FED,1067848,Int Small Bank,,,"Sep 05, 2023",role,CRA Officer,"designated public-file contact, The Monticello Banking Company",,"50 N Main St, Monticello, KY 42633",FDIC BankFind main office; 12 CFR __.43
16664,The Paducah Bank and Trust Company,KY,FED,1067411,Int Small Bank,,,"Sep 20, 2021",role,CRA Officer,"designated public-file contact, The Paducah Bank and Trust Company",,"555 Jefferson St, Paducah, KY 42001",FDIC BankFind main office; 12 CFR __.43
34363,Core Bank,NE,FDIC,1066282,Intermediate Small Bank Evaluation,,,09/01/2023,role,CRA Officer,"designated public-file contact, Core Bank",,"17807 Burke St, Omaha, NE 68118",FDIC BankFind main office; 12 CFR __.43
2241,CNB Bank,NM,FDIC,1066187,Intermediate Small Bank Evaluation,,,01/01/2024,role,CRA Officer,"designated public-file contact, CNB Bank",,"202 W Stevens St, Carlsbad, NM 88220",FDIC BankFind main office; 12 CFR __.43
57451,Sound Community Bank,WA,FDIC,1065857,Intermediate Small Bank Evaluation,,,02/01/2026,role,CRA Officer,"designated public-file contact, Sound Community Bank",,"2400 3rd Ave, Seattle, WA 98121",FDIC BankFind main office; 12 CFR __.43
33492,Crescent Bank,LA,FDIC,1065126,Strategic Plan Evaluation,,,10/01/2025,role,CRA Officer,"designated public-file contact, Crescent Bank",,"2201 Veterans Memorial Blvd, Metairie, LA 70002",FDIC BankFind main office; 12 CFR __.43
34811,Nebraskaland Bank,NE,FED,1064337,Int Small Bank,,,"May 01, 2023",role,CRA Officer,"designated public-file contact, Nebraskaland Bank",,"1400 S Dewey St, North Platte, NE 69101",FDIC BankFind main office; 12 CFR __.43
59114,CommerceOne Bank,AL,FDIC,1062980,Intermediate Small Bank Evaluation,,,12/01/2023,role,CRA Officer,"designated public-file contact, CommerceOne Bank",,"17 20th St N, Birmingham, AL 35203",FDIC BankFind main office; 12 CFR __.43
11807,United Bank of Michigan,MI,FDIC,1062468,Intermediate Small Bank Evaluation,,,08/01/2025,role,CRA Officer,"designated public-file contact, United Bank of Michigan",,"900 East Paris Ave Se, Grand Rapids, MI 49546",FDIC BankFind main office; 12 CFR __.43
8439,Centennial Bank,TN,FDIC,1062127,Intermediate Small Bank Evaluation,,,09/01/2025,role,CRA Officer,"designated public-file contact, Centennial Bank",,"5420 Broad St S, Trezevant, TN 38258",FDIC BankFind main office; 12 CFR __.43
29657,"Great Midwest Bank, S.S.B.",WI,FDIC,1061434,Intermediate Small Bank Evaluation,,,11/01/2023,role,CRA Officer,"designated public-file contact, Great Midwest Bank, S.S.B.",,"15900 W Bluemound Rd, Brookfield, WI 53005",FDIC BankFind main office; 12 CFR __.43
35157,Farm Bureau Bank FSB,NV,OCC,1060938,Intermediate Small Bank,,,02/17/2025,role,CRA Officer,"designated public-file contact, Farm Bureau Bank FSB",,"10345 Professional Cir, Reno, NV 89521",FDIC BankFind main office; 12 CFR __.43
20776,Border Bank,ND,FDIC,1059623,Intermediate Small Bank Evaluation,,,05/01/2026,role,CRA Officer,"designated public-file contact, Border Bank",,"4530 17th Ave S, Fargo, ND 58103",FDIC BankFind main office; 12 CFR __.43
11623,Bank Cmg,WI,FED,1057888,Intermediate Small Bank Evaluation,,,05/01/2023,role,CRA Officer,"designated public-file contact, Bank Cmg",,"8020 Excelsior Dr, Madison, WI 53717",FDIC BankFind main office; 12 CFR __.43
16810,Farmers and Merchants Bank,NE,FDIC,1054570,Intermediate Small Bank Evaluation,,,10/01/2024,role,CRA Officer,"designated public-file contact, Farmers and Merchants Bank",,"617 1st St, Milford, NE 68405",FDIC BankFind main office; 12 CFR __.43
17614,Farmers Bank & Trust,KS,FDIC,1053887,Intermediate Small Bank Evaluation,,,08/01/2024,role,CRA Officer,"designated public-file contact, Farmers Bank & Trust",,"1017 Harrison St, Great Bend, KS 67530",FDIC BankFind main office; 12 CFR __.43
26626,"United Texas Bank, National Association",TX,OCC,1053439,Int Small Bank,,,"Nov 03, 2021",role,CRA Officer,"designated public-file contact, United Texas Bank, National Association",,"13101 Preston Rd, Dallas, TX 75240",FDIC BankFind main office; 12 CFR __.43
4673,"GNBank, National Association",KS,OCC,1053271,Intermediate Small Bank,,,09/08/2025,role,CRA Officer,"designated public-file contact, GNBank, National Association",,"100 E Forest Ave, Girard, KS 66743",FDIC BankFind main office; 12 CFR __.43
26555,OneLocal Bank,MA,FDIC,1051449,Intermediate Small Bank Evaluation,,,07/01/2026,role,CRA Officer,"designated public-file contact, OneLocal Bank",,"11 Central St, Norwood, MA 02062",FDIC BankFind main office; 12 CFR __.43
58165,Belmont Bank & Trust Company,IL,FDIC,1050480,Intermediate Small Bank Evaluation,,,02/01/2026,role,CRA Officer,"designated public-file contact, Belmont Bank & Trust Company",,"8250 W Belmont Ave, Chicago, IL 60634",FDIC BankFind main office; 12 CFR __.43
14264,Cornhusker Bank,NE,FED,1049484,Int Small Bank,,,"Oct 23, 2023",role,CRA Officer,"designated public-file contact, Cornhusker Bank",,"8310 O St, Lincoln, NE 68510",FDIC BankFind main office; 12 CFR __.43
17478,FirsTier Bank,NE,FDIC,1048233,Intermediate Small Bank Evaluation,,,08/01/2024,role,CRA Officer,"designated public-file contact, FirsTier Bank",,"115 S Walnut St, Kimball, NE 69145",FDIC BankFind main office; 12 CFR __.43
30704,Magyar Bank,NJ,FDIC,1047615,Intermediate Small Bank Evaluation,,,01/01/2026,role,CRA Officer,"designated public-file contact, Magyar Bank",,"400 Somerset St, New Brunswick, NJ 08901",FDIC BankFind main office; 12 CFR __.43
18344,UBank,TX,FDIC,1046394,Intermediate Small Bank Evaluation,,,08/01/2024,role,CRA Officer,"designated public-file contact, UBank",,"208 S Us Highway 69, Huntington, TX 75949",FDIC BankFind main office; 12 CFR __.43
27943,Brentwood Bank,PA,FDIC,1046318,Intermediate Small Bank Evaluation,,,06/01/2024,role,CRA Officer,"designated public-file contact, Brentwood Bank",,"411 Mcmurray Rd, Bethel Park, PA 15102",FDIC BankFind main office; 12 CFR __.43
57197,BNC National Bank,AZ,OCC,1045071,Intermediate Small Bank,,,10/20/2025,role,CRA Officer,"designated public-file contact, BNC National Bank",,"20175 N 67th Ave, Glendale, AZ 85308",FDIC BankFind main office; 12 CFR __.43
15565,First Southern Bank,IL,FDIC,1042148,Large Bank Evaluation,High Satisfactory,High Satisfactory,05/01/2024,role,CRA Officer,"designated public-file contact, First Southern Bank",,"300 Tower Square Plz, Marion, IL 62959",FDIC BankFind main office; 12 CFR __.43
5058,Superior National Bank,MI,OCC,1042146,Intermediate Small Bank,,,09/08/2025,role,CRA Officer,"designated public-file contact, Superior National Bank",,"235 Quincy St, Hancock, MI 49930",FDIC BankFind main office; 12 CFR __.43
14222,Security Financial Bank,WI,FED,1040797,Int Small Bank,,,"May 05, 2025",role,CRA Officer,"designated public-file contact, Security Financial Bank",,"212 W Prospect St, Durand, WI 54736",FDIC BankFind main office; 12 CFR __.43
57184,The Freedom Bank of Virginia,VA,FED,1037780,Int Small Bank,,,"Sep 24, 2018",role,CRA Officer,"designated public-file contact, The Freedom Bank of Virginia",,"10555 Main St, Fairfax, VA 22030",FDIC BankFind main office; 12 CFR __.43
35207,Bank of the James,VA,FED,1033600,Int Small Bank,,,"May 27, 2025",role,CRA Officer,"designated public-file contact, Bank of the James",,"828 Main St, Lynchburg, VA 24504",FDIC BankFind main office; 12 CFR __.43
58935,R Bank,TX,FDIC,1032360,Intermediate Small Bank Evaluation,,,03/01/2024,role,CRA Officer,"designated public-file contact, R Bank",,"3600 E Palm Valley Blvd, Round Rock, TX 78665",FDIC BankFind main office; 12 CFR __.43
28706,First Federal Savings and Loan Association of Greene Co,PA,OCC,1031873,Intermediate Small Bank,,,06/30/2025,role,CRA Officer,"designated public-file contact, First Federal Savings and Loan Association of Greene Co",,"25 E High St, Waynesburg, PA 15370",FDIC BankFind main office; 12 CFR __.43
19512,Royal Banks of Missouri,MO,FDIC,1031635,Intermediate Small Bank Evaluation,,,12/01/2024,role,CRA Officer,"designated public-file contact, Royal Banks of Missouri",,"8550 Olive Blvd, Saint Louis, MO 63132",FDIC BankFind main office; 12 CFR __.43
32084,Grand Savings Bank,OK,FDIC,1031498,Intermediate Small Bank Evaluation,,,06/01/2023,role,CRA Officer,"designated public-file contact, Grand Savings Bank",,"1022 S Main St, Grove, OK 74344",FDIC BankFind main office; 12 CFR __.43
5676,Brannen Bank,FL,FDIC,1030928,Intermediate Small Bank Evaluation,,,08/01/2023,role,CRA Officer,"designated public-file contact, Brannen Bank",,"320 S Highway 41, Inverness, FL 34450",FDIC BankFind main office; 12 CFR __.43
35599,Apollo Bank,FL,FDIC,1029825,Intermediate Small Bank Evaluation,High Satisfactory,High Satisfactory,11/01/2020,role,CRA Officer,"designated public-file contact, Apollo Bank",,"1150 S Miami Ave, Miami, FL 33130",FDIC BankFind main office; 12 CFR __.43
28593,Sturgis Bank & Trust Company,MI,FDIC,1028907,Intermediate Small Bank Evaluation,,,01/01/2024,role,CRA Officer,"designated public-file contact, Sturgis Bank & Trust Company",,"113 E Chicago Rd, Sturgis, MI 49091",FDIC BankFind main office; 12 CFR __.43
29294,Prevail Bank,WI,OCC,1028213,Intermediate Small Bank,,,04/17/2023,role,CRA Officer,"designated public-file contact, Prevail Bank",,"675 E Broadway Ave, Medford, WI 54451",FDIC BankFind main office; 12 CFR __.43
2443,Clear Mountain Bank,WV,FED,1026081,Int Small Bank,,,"Oct 07, 2019",role,CRA Officer,"designated public-file contact, Clear Mountain Bank",,"160 Morgantown St, Bruceton Mills, WV 26525",FDIC BankFind main office; 12 CFR __.43
3067,"Clear Fork Bank, National Association",TX,OCC,1025678,Intermediate Small Bank,,,09/09/2024,role,CRA Officer,"designated public-file contact, Clear Fork Bank, National Association",,"100 S Main St, Albany, TX 76430",FDIC BankFind main office; 12 CFR __.43
34969,First Central Savings Bank,NY,FDIC,1025375,Intermediate Small Bank Evaluation,,,11/01/2025,role,CRA Officer,"designated public-file contact, First Central Savings Bank",,"70 Glen St, Glen Cove, NY 11542",FDIC BankFind main office; 12 CFR __.43
18519,First Service Bank,AR,FDIC,1022815,Intermediate Small Bank Evaluation,,,03/01/2026,role,CRA Officer,"designated public-file contact, First Service Bank",,"134 S Broadview St, Greenbrier, AR 72058",FDIC BankFind main office; 12 CFR __.43
57973,Biscayne Bank,FL,FDIC,1020634,Intermediate Small Bank Evaluation,High Satisfactory,High Satisfactory,09/01/2018,role,CRA Officer,"designated public-file contact, Biscayne Bank",,"2601 South Bayshore Drive, 6th Floor, Coconut Grove, FL 33133",FDIC BankFind main office; 12 CFR __.43
15987,Walden Savings Bank,NY,OCC,1020287,Intermediate Small Bank,,,09/22/2025,role,CRA Officer,"designated public-file contact, Walden Savings Bank",,"15 Scotts Corner Dr, Montgomery, NY 12549",FDIC BankFind main office; 12 CFR __.43
32737,Drummond Community Bank,FL,FDIC,1020206,Intermediate Small Bank Evaluation,High Satisfactory,High Satisfactory,09/01/2021,role,CRA Officer,"designated public-file contact, Drummond Community Bank",,"1627 N Young Blvd, Chiefland, FL 32626",FDIC BankFind main office; 12 CFR __.43
28599,Olympia Federal Savings and Loan Association,WA,FDIC,1019363,Intermediate Small Bank Evaluation,,,12/01/2024,role,CRA Officer,"designated public-file contact, Olympia Federal Savings and Loan Association",,"421 Capitol Way S, Olympia, WA 98501",FDIC BankFind main office; 12 CFR __.43
5874,"Calvin B. Taylor Banking Company of Berlin, Maryland",MD,FDIC,1018991,Intermediate Small Bank Evaluation,,,05/01/2026,role,CRA Officer,"designated public-file contact, Calvin B. Taylor Banking Company of Berlin, Maryland",,"24 N Main St, Berlin, MD 21811",FDIC BankFind main office; 12 CFR __.43
14995,River Bank,WI,FDIC,1018687,Intermediate Small Bank Evaluation,,,08/01/2024,role,CRA Officer,"designated public-file contact, River Bank",,"145 N Main St, Stoddard, WI 54658",FDIC BankFind main office; 12 CFR __.43
34456,"Keystone Bank, SSB",TX,FDIC,1018424,Intermediate Small Bank Evaluation,,,06/01/2023,role,CRA Officer,"designated public-file contact, Keystone Bank, SSB",,"13715 E Ladera Blvd, Austin, TX 78738",FDIC BankFind main office; 12 CFR __.43
27381,First Metro Bank,AL,FDIC,1012341,Intermediate Small Bank Evaluation,,,10/01/2023,role,CRA Officer,"designated public-file contact, First Metro Bank",,"406 Avalon Ave, Muscle Shoals, AL 35661",FDIC BankFind main office; 12 CFR __.43
32363,"Presidential Bank, FSB",MD,OCC,1012028,Intermediate Small Bank,,,03/25/2024,role,CRA Officer,"designated public-file contact, Presidential Bank, FSB",,"4520 East West Hwy, Bethesda, MD 20814",FDIC BankFind main office; 12 CFR __.43
8698,The Port Washington State Bank,WI,FDIC,1009818,Intermediate Small Bank Evaluation,,,02/01/2024,role,CRA Officer,"designated public-file contact, The Port Washington State Bank",,"206 N Franklin St, Port Washington, WI 53074",FDIC BankFind main office; 12 CFR __.43
57069,Story Bank DBA Story Financial Partners,MS,FDIC,1009751,Intermediate Small Bank Evaluation,,,04/01/2026,role,CRA Officer,"designated public-file contact, Story Bank DBA Story Financial Partners",,"4450 Old Canton Rd, Jackson, MS 39211",FDIC BankFind main office; 12 CFR __.43
15562,Pioneer Bank & Trust,SD,FDIC,1009488,Intermediate Small Bank Evaluation,,,04/01/2026,role,CRA Officer,"designated public-file contact, Pioneer Bank & Trust",,"700 State St, Belle Fourche, SD 57717",FDIC BankFind main office; 12 CFR __.43
34210,Community Bank of the Bay,CA,FDIC,1008464,Intermediate Small Bank Evaluation,,,01/01/2024,role,CRA Officer,"designated public-file contact, Community Bank of the Bay",,"180 Grand Ave, Oakland, CA 94612",FDIC BankFind main office; 12 CFR __.43
57061,Cornerstone National Bank & Trust Company,IL,OCC,1007582,Intermediate Small Bank,,,11/17/2025,role,CRA Officer,"designated public-file contact, Cornerstone National Bank & Trust Company",,"1 W Northwest Hwy, Palatine, IL 60067",FDIC BankFind main office; 12 CFR __.43
3182,MapleMark Bank,OK,FED,1007399,Intermediate Small Bank Evaluation,,,12/01/2024,role,CRA Officer,"designated public-file contact, MapleMark Bank",,"2431 E 61st St, Tulsa, OK 74136",FDIC BankFind main office; 12 CFR __.43
90140,Adams Community Bank,MA,FDIC,1007240,Intermediate Small Bank Evaluation,,,03/01/2026,role,CRA Officer,"designated public-file contact, Adams Community Bank",,"2 Center St, Adams, MA 01220",FDIC BankFind main office; 12 CFR __.43
10677,"Jonestown Bank and Trust Company, of Jonestown, Pennsylvania",PA,FDIC,1005140,Intermediate Small Bank Evaluation,,,11/01/2025,role,CRA Officer,"designated public-file contact, Jonestown Bank and Trust Company, of Jonestown, Pennsylvania",,"2 W Market St, Jonestown, PA 17038",FDIC BankFind main office; 12 CFR __.43
20156,Kirkpatrick Bank,OK,FDIC,1002607,Intermediate Small Bank Evaluation,,,08/01/2023,role,CRA Officer,"designated public-file contact, Kirkpatrick Bank",,"15 E 15th St, Edmond, OK 73013",FDIC BankFind main office; 12 CFR __.43
16636,The Torrington Savings Bank,CT,FDIC,1001277,Intermediate Small Bank Evaluation,,,03/01/2026,role,CRA Officer,"designated public-file contact, The Torrington Savings Bank",,"129 Main St, Torrington, CT 06790",FDIC BankFind main office; 12 CFR __.43
57585,Golden State Bank,CA,FDIC,1000102,Intermediate Small Bank Evaluation,,,09/01/2025,role,CRA Officer,"designated public-file contact, Golden State Bank",,"500 N Brand Blvd, Glendale, CA 91203",FDIC BankFind main office; 12 CFR __.43
4029,Vision Bank,OK,FED,999611,Int Small Bank,,,"Nov 04, 2024",role,CRA Officer,"designated public-file contact, Vision Bank",,"101 E Main St, Ada, OK 74820",FDIC BankFind main office; 12 CFR __.43
2036,Farmers & Merchants Bank,NC,FDIC,998750,Intermediate Small Bank Evaluation,,,10/01/2023,role,CRA Officer,"designated public-file contact, Farmers & Merchants Bank",,"138 N Salisbury Gq Ave, Granite Quarry, NC 28146",FDIC BankFind main office; 12 CFR __.43
21606,HCN Bank,CA,FDIC,998433,Intermediate Small Bank Evaluation,,,09/01/2025,role,CRA Officer,"designated public-file contact, HCN Bank",,"3715 Sunnyside Dr, Riverside, CA 92506",FDIC BankFind main office; 12 CFR __.43
27757,Standard Bank,PA,OCC,996262,Intermediate Small Bank Evaluation,Outstanding,High Satisfactory,06/01/2021,role,CRA Officer,"designated public-file contact, Standard Bank",,"4785 Old William Penn Hwy, Murrysville, PA 15668",FDIC BankFind main office; 12 CFR __.43
1655,The Bank of Old Monroe,MO,FDIC,994586,Intermediate Small Bank Evaluation,,,06/01/2023,role,CRA Officer,"designated public-file contact, The Bank of Old Monroe",,"2100 Highway C, Old Monroe, MO 63369",FDIC BankFind main office; 12 CFR __.43
29787,"First Federal Community Bank, National Association",OH,OCC,994585,Intermediate Small Bank,,,01/08/2024,role,CRA Officer,"designated public-file contact, First Federal Community Bank, National Association",,"141 W Ohio Ave, Dover, OH 44622",FDIC BankFind main office; 12 CFR __.43
12814,Peoples State Bank,WI,FDIC,992960,Intermediate Small Bank Evaluation,,,11/01/2023,role,CRA Officer,"designated public-file contact, Peoples State Bank",,"301 E Blackhawk Ave, Prairie Du Chien, WI 53821",FDIC BankFind main office; 12 CFR __.43
3226,Ciera Bank,TX,FED,992919,Int Small Bank,,,"Sep 10, 2018",role,CRA Officer,"designated public-file contact, Ciera Bank",,"623 Elm St, Graham, TX 76450",FDIC BankFind main office; 12 CFR __.43
29047,First Federal Bank of Kansas City,MO,FDIC,992550,Strategic Plan Evaluation,,,08/01/2024,role,CRA Officer,"designated public-file contact, First Federal Bank of Kansas City",,"1255 Se Oldham Pkwy, Lees Summit, MO 64081",FDIC BankFind main office; 12 CFR __.43
20720,Tennessee State Bank,TN,FED,990829,Int Small Bank,Needs to Improve,Low Satisfactory,"Jun 12, 2023",role,CRA Officer,"designated public-file contact, Tennessee State Bank",,"2210 Parkway, Pigeon Forge, TN 37863",FDIC BankFind main office; 12 CFR __.43
19603,"HomeTown Bank, National Association",TX,OCC,990420,Intermediate Small Bank,,,02/05/2024,role,CRA Officer,"designated public-file contact, HomeTown Bank, National Association",,"1801 45th St, Galveston, TX 77550",FDIC BankFind main office; 12 CFR __.43
2740,The Farmers National Bank of Danville,KY,OCC,989832,Intermediate Small Bank,,,03/20/2023,role,CRA Officer,"designated public-file contact, The Farmers National Bank of Danville",,"304 W Main St, Danville, KY 40422",FDIC BankFind main office; 12 CFR __.43
58259,First National Bank of Michigan,MI,OCC,988867,Intermediate Small Bank,,,01/29/2024,role,CRA Officer,"designated public-file contact, First National Bank of Michigan",,"348 W Michigan Ave, Kalamazoo, MI 49007",FDIC BankFind main office; 12 CFR __.43
30039,Haven Savings Bank,NJ,FDIC,986876,Intermediate Small Bank Evaluation,,,04/01/2025,role,CRA Officer,"designated public-file contact, Haven Savings Bank",,"621 Washington St, Hoboken, NJ 07030",FDIC BankFind main office; 12 CFR __.43
9737,Midwest Bank,MN,FDIC,984523,Intermediate Small Bank Evaluation,,,07/01/2024,role,CRA Officer,"designated public-file contact, Midwest Bank",,"613 Highway 10 E, Detroit Lakes, MN 56501",FDIC BankFind main office; 12 CFR __.43
58485,1st Capital Bank,CA,FDIC,984277,Intermediate Small Bank Evaluation,,,09/01/2024,role,CRA Officer,"designated public-file contact, 1st Capital Bank",,"150 Main Street, Suite 150, Salinas, CA 93901",FDIC BankFind main office; 12 CFR __.43
26591,Coastal Heritage Bank,MA,FED,983644,Int Small Bank,,,"Jun 18, 2018",role,CRA Officer,"designated public-file contact, Coastal Heritage Bank",,"195 Washington St, Weymouth, MA 02188",FDIC BankFind main office; 12 CFR __.43
33708,International Bank of Chicago,IL,FDIC,982667,Intermediate Small Bank Evaluation,,,03/01/2026,role,CRA Officer,"designated public-file contact, International Bank of Chicago",,"5069 N Broadway St, Chicago, IL 60640",FDIC BankFind main office; 12 CFR __.43
2208,First Northern Bank of Wyoming,WY,FED,982644,Int Small Bank,,,"Oct 25, 2021",role,CRA Officer,"designated public-file contact, First Northern Bank of Wyoming",,"141 S Main St, Buffalo, WY 82834",FDIC BankFind main office; 12 CFR __.43
59106,Beacon Community Bank,SC,FDIC,982303,Intermediate Small Bank Evaluation,,,05/01/2026,role,CRA Officer,"designated public-file contact, Beacon Community Bank",,"2347 Highway 17n, Mount Pleasant, SC 29466",FDIC BankFind main office; 12 CFR __.43
57522,Tolleson Private Bank,TX,FDIC,981963,Strategic Plan Evaluation,,,04/01/2025,role,CRA Officer,"designated public-file contact, Tolleson Private Bank",,"5550 Preston Rd, Dallas, TX 75205",FDIC BankFind main office; 12 CFR __.43
34803,Resource Bank,LA,FDIC,980745,Intermediate Small Bank Evaluation,,,03/01/2025,role,CRA Officer,"designated public-file contact, Resource Bank",,"70533 Highway 21, Covington, LA 70433",FDIC BankFind main office; 12 CFR __.43
57511,Community First Bank of Indiana,IN,FDIC,980300,Intermediate Small Bank Evaluation,,,09/01/2025,role,CRA Officer,"designated public-file contact, Community First Bank of Indiana",,"201 W Sycamore St, Kokomo, IN 46901",FDIC BankFind main office; 12 CFR __.43
9023,Potomac Bank,WV,FDIC,980213,Intermediate Small Bank Evaluation,,,07/01/2024,role,CRA Officer,"designated public-file contact, Potomac Bank",,"111 E Washington St, Charles Town, WV 25414",FDIC BankFind main office; 12 CFR __.43
17120,First Security Bank,MS,FDIC,976545,Intermediate Small Bank Evaluation,,,02/01/2025,role,CRA Officer,"designated public-file contact, First Security Bank",,"295 Highway 6 W, Batesville, MS 38606",FDIC BankFind main office; 12 CFR __.43
57425,Sanibel Captiva Community Bank,FL,FDIC,976168,Intermediate Small Bank Evaluation,,,01/01/2025,role,CRA Officer,"designated public-file contact, Sanibel Captiva Community Bank",,"2406 Periwinkle Way, Sanibel, FL 33957",FDIC BankFind main office; 12 CFR __.43
10643,Dundee Bank,NE,FDIC,975648,Intermediate Small Bank Evaluation,,,12/01/2024,role,CRA Officer,"designated public-file contact, Dundee Bank",,"5015 Underwood Ave, Omaha, NE 68132",FDIC BankFind main office; 12 CFR __.43
19358,Round Top State Bank,TX,FDIC,974057,Intermediate Small Bank Evaluation,,,12/01/2023,role,CRA Officer,"designated public-file contact, Round Top State Bank",,"301 N Washington St, Round Top, TX 78954",FDIC BankFind main office; 12 CFR __.43
11178,"Transpecos Banks, SSB",TX,FDIC,972067,Intermediate Small Bank Evaluation,,,05/01/2024,role,CRA Officer,"designated public-file contact, Transpecos Banks, SSB",,"217 W 3rd St, Pecos, TX 79772",FDIC BankFind main office; 12 CFR __.43
15990,Watertown Savings Bank,NY,FDIC,970986,Large Bank Evaluation,Low Satisfactory,Outstanding,11/01/2025,role,CRA Officer,"designated public-file contact, Watertown Savings Bank",,"111 Clinton St, Watertown, NY 13601",FDIC BankFind main office; 12 CFR __.43
4533,Citizens Bank and Trust Company,MO,FDIC,968802,Intermediate Small Bank Evaluation,High Satisfactory,High Satisfactory,12/01/2020,named,Reza Aghamirzadeh,"EVP, Head of Community Development",,"7553 Nw Barry Rd, Kansas City, MO 64153","CBA Community Reinvestment Committee roster, 2026-08-26"
58827,Oak View National Bank,VA,OCC,966136,Intermediate Small Bank,,,07/07/2025,role,CRA Officer,"designated public-file contact, Oak View National Bank",,"340 Waterloo Street, Warrenton, VA 20186",FDIC BankFind main office; 12 CFR __.43
4779,"Dream First Bank, National Association",KS,OCC,963672,Intermediate Small Bank,,,08/07/2023,role,CRA Officer,"designated public-file contact, Dream First Bank, National Association",,"11 N Main St, Syracuse, KS 67878",FDIC BankFind main office; 12 CFR __.43
31461,Harleysville Bank,PA,FDIC,963589,Intermediate Small Bank Evaluation,,,10/01/2025,role,CRA Officer,"designated public-file contact, Harleysville Bank",,"271 Main St, Harleysville, PA 19438",FDIC BankFind main office; 12 CFR __.43
32203,Summit State Bank,CA,FDIC,959783,Intermediate Small Bank Evaluation,,,07/01/2025,role,CRA Officer,"designated public-file contact, Summit State Bank",,"500 Bicentennial Way, Santa Rosa, CA 95403",FDIC BankFind main office; 12 CFR __.43
1527,Diamond Bank,AR,FED,957206,Int Small Bank,,,"Mar 17, 2025",role,CRA Officer,"designated public-file contact, Diamond Bank",,"319 E Main, Murfreesboro, AR 71958",FDIC BankFind main office; 12 CFR __.43
58694,Prime Meridian Bank,FL,FDIC,956408,Intermediate Small Bank Evaluation,,,04/01/2025,role,CRA Officer,"designated public-file contact, Prime Meridian Bank",,"1471 Timberlane Rd, Tallahassee, FL 32312",FDIC BankFind main office; 12 CFR __.43
1756,Central Bank,AR,FDIC,954592,Intermediate Small Bank Evaluation,,,04/01/2025,role,CRA Officer,"designated public-file contact, Central Bank",,"1506 Market St, Little Rock, AR 72211",FDIC BankFind main office; 12 CFR __.43
21074,Texas Bank,TX,FDIC,953909,Intermediate Small Bank Evaluation,,,08/01/2024,role,CRA Officer,"designated public-file contact, Texas Bank",,"1120 Us Highway 79 N, Henderson, TX 75652",FDIC BankFind main office; 12 CFR __.43
11860,The Killbuck Savings Bank Company,OH,FED,953780,Int Small Bank,Needs to Improve,High Satisfactory,"Jul 29, 2024",role,CRA Officer,"designated public-file contact, The Killbuck Savings Bank Company",,"165 N Main St, Killbuck, OH 44637",FDIC BankFind main office; 12 CFR __.43
57598,Mainstreet Community Bank of Florida,FL,FDIC,953357,Intermediate Small Bank Evaluation,,,10/01/2025,role,CRA Officer,"designated public-file contact, Mainstreet Community Bank of Florida",,"204 S Woodland Blvd, Deland, FL 32720",FDIC BankFind main office; 12 CFR __.43
4952,The First National Bank of Middle Tennessee,TN,OCC,952383,Intermediate Small Bank,,,06/03/2024,role,CRA Officer,"designated public-file contact, The First National Bank of Middle Tennessee",,"200 E Main St, Mcminnville, TN 37110",FDIC BankFind main office; 12 CFR __.43
27394,First Bank & Trust Co.,OK,FDIC,952058,Intermediate Small Bank Evaluation,,,12/01/2023,role,CRA Officer,"designated public-file contact, First Bank & Trust Co.",,"923 W Main St, Duncan, OK 73533",FDIC BankFind main office; 12 CFR __.43
15663,First State Bank,MS,FDIC,951506,Intermediate Small Bank Evaluation,,,08/01/2025,role,CRA Officer,"designated public-file contact, First State Bank",,"708 Azalea Dr, Waynesboro, MS 39367",FDIC BankFind main office; 12 CFR __.43
17431,Stone Bank,AR,FED,950691,Intermediate Small Bank Evaluation,High Satisfactory,High Satisfactory,02/01/2021,role,CRA Officer,"designated public-file contact, Stone Bank",,"802 E Main St, Mountain View, AR 72560",FDIC BankFind main office; 12 CFR __.43
12501,Citizens State Bank,TX,FDIC,950336,Intermediate Small Bank Evaluation,,,08/01/2023,role,CRA Officer,"designated public-file contact, Citizens State Bank",,"1330 W Commerce St, Buffalo, TX 75831",FDIC BankFind main office; 12 CFR __.43
4211,First National Bank of Oklahoma,OK,OCC,949873,Intermediate Small Bank,,,10/21/2024,role,CRA Officer,"designated public-file contact, First National Bank of Oklahoma",,"10900 Hefner Pointe Dr, Oklahoma City, OK 73120",FDIC BankFind main office; 12 CFR __.43
15779,The Farmers & Merchants Bank,WI,FED,949397,Int Small Bank,,,"Sep 15, 2025",role,CRA Officer,"designated public-file contact, The Farmers & Merchants Bank",,"123 W Huron St, Berlin, WI 54923",FDIC BankFind main office; 12 CFR __.43
25249,"C3bank, National Association",CA,OCC,949272,Intermediate Small Bank,,,02/18/2025,role,CRA Officer,"designated public-file contact, C3bank, National Association",,"850 S Coast Highway 101, Encinitas, CA 92024",FDIC BankFind main office; 12 CFR __.43
8889,Midwest Regional Bank,MO,FDIC,948967,Intermediate Small Bank Evaluation,,,10/01/2025,role,CRA Officer,"designated public-file contact, Midwest Regional Bank",,"135 N Meramec Ave, Clayton, MO 63105",FDIC BankFind main office; 12 CFR __.43
15423,American Bank of Freedom,MO,FDIC,948266,Intermediate Small Bank Evaluation,,,03/01/2024,role,CRA Officer,"designated public-file contact, American Bank of Freedom",,"106 E Hudson St, Wellsville, MO 63384",FDIC BankFind main office; 12 CFR __.43
1720,Western Bank,TX,FDIC,947176,Intermediate Small Bank Evaluation,,,12/01/2025,role,CRA Officer,"designated public-file contact, Western Bank",,"1617 Broadway, Lubbock, TX 79401",FDIC BankFind main office; 12 CFR __.43
27238,Winchester Co-operative Bank,MA,FDIC,946884,Intermediate Small Bank Evaluation,,,01/01/2024,role,CRA Officer,"designated public-file contact, Winchester Co-operative Bank",,"19 Church St, Winchester, MA 01890",FDIC BankFind main office; 12 CFR __.43
15584,Mid-Missouri Bank,MO,FDIC,946738,Intermediate Small Bank Evaluation,,,10/01/2024,role,CRA Officer,"designated public-file contact, Mid-Missouri Bank",,"1615 E Independence St, Springfield, MO 65804",FDIC BankFind main office; 12 CFR __.43
3228,The First National Bank of Granbury,TX,OCC,946349,Intermediate Small Bank,,,07/31/2023,role,CRA Officer,"designated public-file contact, The First National Bank of Granbury",,"101 E Bridge St, Granbury, TX 76048",FDIC BankFind main office; 12 CFR __.43
27211,First Community Bank of Tennessee,TN,FDIC,943790,Intermediate Small Bank Evaluation,,,07/01/2025,role,CRA Officer,"designated public-file contact, First Community Bank of Tennessee",,"207 Elm St, Shelbyville, TN 37160",FDIC BankFind main office; 12 CFR __.43
1696,The Farmers Bank,TN,FDIC,942795,Intermediate Small Bank Evaluation,,,05/01/2025,role,CRA Officer,"designated public-file contact, The Farmers Bank",,"120 Village Dr, Portland, TN 37148",FDIC BankFind main office; 12 CFR __.43
34890,"New Peoples Bank, Inc.",VA,FED,942461,Int Small Bank,Needs to Improve,Low Satisfactory,"Jul 22, 2019",role,CRA Officer,"designated public-file contact, New Peoples Bank, Inc.",,"53 Commerce Dr, Honaker, VA 24260",FDIC BankFind main office; 12 CFR __.43
58175,Bank of New Jersey,NJ,FDIC,939920,Intermediate Small Bank Evaluation,High Satisfactory,High Satisfactory,05/01/2018,role,CRA Officer,"designated public-file contact, Bank of New Jersey",,"1365 Palisade Avenue, Fort Lee, NJ 07024",FDIC BankFind main office; 12 CFR __.43
5005,FNB Oxford Bank,MS,FED,939718,Int Small Bank,,,"Mar 03, 2025",role,CRA Officer,"designated public-file contact, FNB Oxford Bank",,"101 Courthouse Sq, Oxford, MS 38655",FDIC BankFind main office; 12 CFR __.43
6137,Bank of Botetourt,VA,FDIC,939409,Intermediate Small Bank Evaluation,,,07/01/2024,role,CRA Officer,"designated public-file contact, Bank of Botetourt",,"19747 Main St, Buchanan, VA 24066",FDIC BankFind main office; 12 CFR __.43
10958,United Prairie Bank,MN,FDIC,939274,Intermediate Small Bank Evaluation,,,04/01/2026,role,CRA Officer,"designated public-file contact, United Prairie Bank",,"1141 3rd Ave, Mountain Lake, MN 56159",FDIC BankFind main office; 12 CFR __.43
4178,Security Bank,OK,FED,938970,Int Small Bank,,,"Jan 24, 2022",role,CRA Officer,"designated public-file contact, Security Bank",,"10727 E 51st St, Tulsa, OK 74146",FDIC BankFind main office; 12 CFR __.43
58297,Pinnacle Bank,CA,FDIC,936970,Intermediate Small Bank Evaluation,,,06/01/2023,role,CRA Officer,"designated public-file contact, Pinnacle Bank",,"7597 Monterey St, Gilroy, CA 95020",FDIC BankFind main office; 12 CFR __.43
57465,First Commerce Bank,TN,FDIC,935084,Intermediate Small Bank Evaluation,,,01/01/2024,role,CRA Officer,"designated public-file contact, First Commerce Bank",,"500 N Ellington Pkwy, Lewisburg, TN 37091",FDIC BankFind main office; 12 CFR __.43
58469,"American Plus Bank, N.A.",CA,OCC,935046,Intermediate Small Bank,,,08/15/2024,role,CRA Officer,"designated public-file contact, American Plus Bank, N.A.",,"630 W Duarte Rd, Arcadia, CA 91007",FDIC BankFind main office; 12 CFR __.43
3183,NewFirst National Bank,TX,OCC,934933,Intermediate Small Bank,,,10/10/2023,role,CRA Officer,"designated public-file contact, NewFirst National Bank",,"200 E Jackson St, El Campo, TX 77437",FDIC BankFind main office; 12 CFR __.43
14134,Passumpsic Savings Bank,VT,FDIC,934455,Intermediate Small Bank Evaluation,,,09/01/2024,role,CRA Officer,"designated public-file contact, Passumpsic Savings Bank",,"497 Railroad St, Saint Johnsbury, VT 05819",FDIC BankFind main office; 12 CFR __.43
16243,Bank of Eastern Oregon,OR,FDIC,933601,Intermediate Small Bank Evaluation,,,07/01/2023,role,CRA Officer,"designated public-file contact, Bank of Eastern Oregon",,"279 N Main St, Heppner, OR 97836",FDIC BankFind main office; 12 CFR __.43
30090,"Heritage Bank USA, Inc.",KY,FDIC,932176,Intermediate Small Bank Evaluation,High Satisfactory,High Satisfactory,06/01/2018,role,CRA Officer,"designated public-file contact, Heritage Bank USA, Inc.",,"4155 Lafayette Rd, Hopkinsville, KY 42240",FDIC BankFind main office; 12 CFR __.43
17951,Franklin Savings Bank,NH,FDIC,931389,Intermediate Small Bank Evaluation,,,09/01/2023,role,CRA Officer,"designated public-file contact, Franklin Savings Bank",,"387 Central St, Franklin, NH 03235",FDIC BankFind main office; 12 CFR __.43
10214,Vermillion State Bank,MN,FDIC,931375,Intermediate Small Bank Evaluation,,,02/01/2024,role,CRA Officer,"designated public-file contact, Vermillion State Bank",,"107 Main St E, Vermillion, MN 55085",FDIC BankFind main office; 12 CFR __.43
9719,Oxford Bank,MI,FED,930519,Intermediate Small Bank Evaluation,High Satisfactory,High Satisfactory,09/01/2020,role,CRA Officer,"designated public-file contact, Oxford Bank",,"60 S Washington St, Oxford, MI 48371",FDIC BankFind main office; 12 CFR __.43
15632,Greenfield Banking Company,IN,FDIC,930490,Intermediate Small Bank Evaluation,,,10/01/2024,role,CRA Officer,"designated public-file contact, Greenfield Banking Company",,"1920 N State St, Greenfield, IN 46140",FDIC BankFind main office; 12 CFR __.43
3842,First National Bank of Waterloo,IL,OCC,929324,Intermediate Small Bank,,,11/03/2025,role,CRA Officer,"designated public-file contact, First National Bank of Waterloo",,"228 S Main St, Waterloo, IL 62298",FDIC BankFind main office; 12 CFR __.43
16175,West Alabama Bank & Trust,AL,FDIC,928951,Intermediate Small Bank Evaluation,,,02/01/2026,role,CRA Officer,"designated public-file contact, West Alabama Bank & Trust",,"509 1st Ave W, Reform, AL 35481",FDIC BankFind main office; 12 CFR __.43
34936,Legends Bank,TN,FDIC,927663,Intermediate Small Bank Evaluation,,,06/01/2023,role,CRA Officer,"designated public-file contact, Legends Bank",,"310 N 1st St, Clarksville, TN 37040",FDIC BankFind main office; 12 CFR __.43
35568,"American Bank & Trust Company, Inc.",KY,FDIC,924409,Intermediate Small Bank Evaluation,,,12/01/2025,role,CRA Officer,"designated public-file contact, American Bank & Trust Company, Inc.",,"531 Lovers Ln, Bowling Green, KY 42103",FDIC BankFind main office; 12 CFR __.43
57841,Valliance Bank,OK,FDIC,923291,Intermediate Small Bank Evaluation,,,11/01/2024,role,CRA Officer,"designated public-file contact, Valliance Bank",,"1601 Nw Expressway, Oklahoma City, OK 73118",FDIC BankFind main office; 12 CFR __.43
27601,Inland Northwest Bank,WA,FDIC,922671,Intermediate Small Bank Evaluation,High Satisfactory,Outstanding,07/01/2018,role,CRA Officer,"designated public-file contact, Inland Northwest Bank",,"421 West Riverside, Suite 113, Spokane, WA 99201",FDIC BankFind main office; 12 CFR __.43
7675,First Northern Bank and Trust Company,PA,FED,921494,Large Bank,Low Satisfactory,Low Satisfactory,"Mar 08, 2021",role,CRA Officer,"designated public-file contact, First Northern Bank and Trust Company",,"4th Street And Lafayette Avenue, Palmerton, PA 18071",FDIC BankFind main office; 12 CFR __.43
26559,"StonehamBank,  A Co-operative Bank",MA,FDIC,918261,Intermediate Small Bank Evaluation,,,03/01/2026,role,CRA Officer,"designated public-file contact, StonehamBank,  A Co-operative Bank",,"80 Montvale Ave, Stoneham, MA 02180",FDIC BankFind main office; 12 CFR __.43
7614,The Juniata Valley Bank,PA,FDIC,917861,Intermediate Small Bank Evaluation,,,07/01/2025,role,CRA Officer,"designated public-file contact, The Juniata Valley Bank",,"1 S Main St, Mifflintown, PA 17059",FDIC BankFind main office; 12 CFR __.43
29700,Century Next Bank,LA,OCC,916376,Intermediate Small Bank,,,10/02/2023,role,CRA Officer,"designated public-file contact, Century Next Bank",,"505 N Vienna St, Ruston, LA 71270",FDIC BankFind main office; 12 CFR __.43
1833,State Bank,IN,FDIC,916099,Intermediate Small Bank Evaluation,,,07/01/2024,role,CRA Officer,"designated public-file contact, State Bank",,"900 E 56th St, Brownsburg, IN 46112",FDIC BankFind main office; 12 CFR __.43
35323,FinWise Bank,UT,FDIC,915475,Strategic Plan Evaluation,,,10/01/2023,role,CRA Officer,"designated public-file contact, FinWise Bank",,"756 E Winchester St, Murray, UT 84107",FDIC BankFind main office; 12 CFR __.43
12761,F&M Bank,OK,FDIC,915290,Intermediate Small Bank Evaluation,,,12/01/2025,role,CRA Officer,"designated public-file contact, F&M Bank",,"17100 N May Ave, Edmond, OK 73012",FDIC BankFind main office; 12 CFR __.43
1073,Lindell Bank & Trust Company,MO,FED,915166,Int Small Bank,Low Satisfactory,Low Satisfactory,"Sep 05, 2023",role,CRA Officer,"designated public-file contact, Lindell Bank & Trust Company",,"6900 Clayton Ave, St. Louis, MO 63139",FDIC BankFind main office; 12 CFR __.43
4048,SpiritBank,OK,FDIC,912801,Intermediate Small Bank Evaluation,,,02/01/2025,role,CRA Officer,"designated public-file contact, SpiritBank",,"4815 S Harvard Ave, Tulsa, OK 74135",FDIC BankFind main office; 12 CFR __.43
58257,DR Bank,CT,FDIC,912610,Strategic Plan Evaluation,,,02/01/2026,role,CRA Officer,"designated public-file contact, DR Bank",,"1001 Post Rd, Darien, CT 06820",FDIC BankFind main office; 12 CFR __.43
18740,Heartland Bank,NE,FDIC,911086,Intermediate Small Bank Evaluation,,,09/01/2023,role,CRA Officer,"designated public-file contact, Heartland Bank",,"896 G St, Geneva, NE 68361",FDIC BankFind main office; 12 CFR __.43
13107,"Citizens State Bank of New Castle, Indiana",IN,FDIC,908766,Intermediate Small Bank Evaluation,,,06/01/2023,role,CRA Officer,"designated public-file contact, Citizens State Bank of New Castle, Indiana",,"1238 Broad St, New Castle, IN 47362",FDIC BankFind main office; 12 CFR __.43
8903,Peoples Bank & Trust Co.,MO,FED,908283,Int Small Bank,,,"Feb 03, 2020",role,CRA Officer,"designated public-file contact, Peoples Bank & Trust Co.",,"430 E Wood St, Troy, MO 63379",FDIC BankFind main office; 12 CFR __.43
57874,Paragon Bank,TN,FDIC,908076,Intermediate Small Bank Evaluation,,,02/01/2026,role,CRA Officer,"designated public-file contact, Paragon Bank",,"5400 Poplar Ave, Memphis, TN 38119",FDIC BankFind main office; 12 CFR __.43
16858,First American Bank and Trust Company,GA,FDIC,901901,Intermediate Small Bank Evaluation,,,10/01/2025,role,CRA Officer,"designated public-file contact, First American Bank and Trust Company",,"300 College Ave, Athens, GA 30601",FDIC BankFind main office; 12 CFR __.43
26397,Greenfield Co-operative Bank,MA,FED,901813,Int Small Bank,,,"Oct 05, 2020",role,CRA Officer,"designated public-file contact, Greenfield Co-operative Bank",,"63 Federal St, Greenfield, MA 01301",FDIC BankFind main office; 12 CFR __.43
35151,New Millennium Bank,NJ,FDIC,899076,Intermediate Small Bank Evaluation,,,02/01/2025,role,CRA Officer,"designated public-file contact, New Millennium Bank",,"222 Bridge Plz S, Fort Lee, NJ 07024",FDIC BankFind main office; 12 CFR __.43
26634,Mechanics Cooperative Bank,MA,FDIC,898764,Intermediate Small Bank Evaluation,,,11/01/2025,role,CRA Officer,"designated public-file contact, Mechanics Cooperative Bank",,"316 Broadway, Taunton, MA 02780",FDIC BankFind main office; 12 CFR __.43
9632,Fortress Bank,IL,FDIC,897175,Intermediate Small Bank Evaluation,,,12/01/2024,role,CRA Officer,"designated public-file contact, Fortress Bank",,"9000 N Knoxville Ave, Peoria, IL 61615",FDIC BankFind main office; 12 CFR __.43
29011,Mechanics Bank,OH,FDIC,896438,Intermediate Small Bank Evaluation,,,10/01/2024,named,Courtney Williams,"EVP, Director of CRA Strategy",,"2 S Main St, Mansfield, OH 44902","CBA Community Reinvestment Committee roster, 2026-08-26"
58341,Mountain Pacific Bank,WA,FDIC,896432,Intermediate Small Bank Evaluation,,,07/01/2024,role,CRA Officer,"designated public-file contact, Mountain Pacific Bank",,"3732 Broadway, Everett, WA 98201",FDIC BankFind main office; 12 CFR __.43
11763,VISIONBANK OF IOWA,IA,FED,896116,Int Small Bank,,,"Sep 16, 2019",role,CRA Officer,"designated public-file contact, VISIONBANK OF IOWA",,"104 Chestnut St, Ames, IA 50010",FDIC BankFind main office; 12 CFR __.43
3225,"Titan Bank, N.A.",TX,OCC,896113,Strategic Plan,,,04/21/2025,role,CRA Officer,"designated public-file contact, Titan Bank, N.A.",,"1701 E Hubbard St, Mineral Wells, TX 76067",FDIC BankFind main office; 12 CFR __.43
3732,Farmers National Bank,IL,OCC,895663,Intermediate Small Bank,,,10/28/2024,role,CRA Officer,"designated public-file contact, Farmers National Bank",,"114 W 3rd St, Prophetstown, IL 61277",FDIC BankFind main office; 12 CFR __.43
29632,Windsor Federal Bank,CT,OCC,895437,Intermediate Small Bank,,,09/15/2025,role,CRA Officer,"designated public-file contact, Windsor Federal Bank",,"270 Broad St, Windsor, CT 06095",FDIC BankFind main office; 12 CFR __.43
17588,The First State Bank,TX,FDIC,895174,Intermediate Small Bank Evaluation,,,11/01/2023,role,CRA Officer,"designated public-file contact, The First State Bank",,"206 North St., Louise, TX 77455",FDIC BankFind main office; 12 CFR __.43
9751,21st Century Bank,MN,FDIC,894830,Intermediate Small Bank Evaluation,,,03/01/2026,role,CRA Officer,"designated public-file contact, 21st Century Bank",,"699 N Medina St, Loretto, MN 55357",FDIC BankFind main office; 12 CFR __.43
4032,NBC OKLAHOMA,OK,FDIC,894163,Intermediate Small Bank Evaluation,,,07/01/2023,role,CRA Officer,"designated public-file contact, NBC OKLAHOMA",,"13401 N Pennsylvania Ave, Oklahoma City, OK 73120",FDIC BankFind main office; 12 CFR __.43
2829,First Southern State Bank,AL,FDIC,893481,Intermediate Small Bank Evaluation,,,01/01/2025,role,CRA Officer,"designated public-file contact, First Southern State Bank",,"80 Bank St, Stevenson, AL 35772",FDIC BankFind main office; 12 CFR __.43
17477,United Bank & Trust,KS,FED,892914,Int Small Bank,,,"Oct 24, 2022",role,CRA Officer,"designated public-file contact, United Bank & Trust",,"823 Broadway, Marysville, KS 66508",FDIC BankFind main office; 12 CFR __.43
29087,Southwest Heritage Bank,AZ,OCC,892796,Intermediate Small Bank,,,03/10/2025,role,CRA Officer,"designated public-file contact, Southwest Heritage Bank",,"8777 E Hartford Dr, Scottsdale, AZ 85255",FDIC BankFind main office; 12 CFR __.43
8810,The Bank of Delmarva,DE,FED,892349,Intermediate Small Bank Evaluation,High Satisfactory,High Satisfactory,11/01/2019,role,CRA Officer,"designated public-file contact, The Bank of Delmarva",,"910 Norman Eskridge Hwy, Seaford, DE 19973",FDIC BankFind main office; 12 CFR __.43
35139,Seattle Bank,WA,FDIC,891449,Intermediate Small Bank Evaluation,,,10/01/2024,role,CRA Officer,"designated public-file contact, Seattle Bank",,"401 Union Street, Seattle, WA 98101",FDIC BankFind main office; 12 CFR __.43
90291,The Savings Bank,MA,FDIC,890995,Intermediate Small Bank Evaluation,,,12/01/2023,role,CRA Officer,"designated public-file contact, The Savings Bank",,"357 Main St, Wakefield, MA 01880",FDIC BankFind main office; 12 CFR __.43
57554,Traditions Bank,AL,FDIC,890938,Intermediate Small Bank Evaluation,,,02/01/2026,role,CRA Officer,"designated public-file contact, Traditions Bank",,"109 2nd Ave Nw, Cullman, AL 35055",FDIC BankFind main office; 12 CFR __.43
72,Central State Bank,AL,FED,890704,Int Small Bank,,,"Sep 25, 2023",role,CRA Officer,"designated public-file contact, Central State Bank",,"11025 Highway 25, Calera, AL 35040",FDIC BankFind main office; 12 CFR __.43
14885,First Bank,AK,FDIC,889887,Intermediate Small Bank Evaluation,,,12/01/2023,role,CRA Officer,"designated public-file contact, First Bank",,"331 Dock St, Ketchikan, AK 99901",FDIC BankFind main office; 12 CFR __.43
14646,Newfield National Bank,NJ,OCC,889115,Intermediate Small Bank,,,08/11/2025,role,CRA Officer,"designated public-file contact, Newfield National Bank",,"18 S West Blvd, Newfield, NJ 08344",FDIC BankFind main office; 12 CFR __.43
14029,First Liberty Bank,OK,FDIC,885016,Intermediate Small Bank Evaluation,,,11/01/2023,role,CRA Officer,"designated public-file contact, First Liberty Bank",,"9601 N May Ave, Oklahoma City, OK 73120",FDIC BankFind main office; 12 CFR __.43
5193,Pioneer Bank,MN,FED,883758,Int Small Bank,,,"Jan 25, 2021",role,CRA Officer,"designated public-file contact, Pioneer Bank",,"301 Main St E, Mapleton, MN 56065",FDIC BankFind main office; 12 CFR __.43
35456,1st Colonial Community Bank,NJ,FDIC,881807,Intermediate Small Bank Evaluation,,,02/01/2025,role,CRA Officer,"designated public-file contact, 1st Colonial Community Bank",,"1040 Haddon Ave, Collingswood, NJ 08108",FDIC BankFind main office; 12 CFR __.43
3031,Points West Community Bank,CO,FDIC,877585,Intermediate Small Bank Evaluation,,,05/01/2024,role,CRA Officer,"designated public-file contact, Points West Community Bank",,"1291 Main St, Windsor, CO 80550",FDIC BankFind main office; 12 CFR __.43
20179,First Independence Bank,MI,FDIC,875302,Intermediate Small Bank Evaluation,,,11/01/2023,role,CRA Officer,"designated public-file contact, First Independence Bank",,"7310 Woodward Ave, Detroit, MI 48202",FDIC BankFind main office; 12 CFR __.43
1895,Farmers and Merchants Bank,MD,FDIC,874465,Intermediate Small Bank Evaluation,,,02/01/2026,role,CRA Officer,"designated public-file contact, Farmers and Merchants Bank",,"15226 Hanover Pike, Upperco, MD 21155",FDIC BankFind main office; 12 CFR __.43
29771,"KS Bank, Inc.",NC,FDIC,874460,Intermediate Small Bank Evaluation,,,02/01/2024,role,CRA Officer,"designated public-file contact, KS Bank, Inc.",,"1031 N Brightleaf Blvd, Smithfield, NC 27577",FDIC BankFind main office; 12 CFR __.43
3301,First Liberty Bank,TX,FED,873243,Int Small Bank,,,"Dec 02, 2024",role,CRA Officer,"designated public-file contact, First Liberty Bank",,"1900 Sam Houston St, Liberty, TX 77575",FDIC BankFind main office; 12 CFR __.43
57603,Falcon National Bank,MN,OCC,872309,Intermediate Small Bank,,,01/29/2024,role,CRA Officer,"designated public-file contact, Falcon National Bank",,"183 Cedar Dr, Foley, MN 56329",FDIC BankFind main office; 12 CFR __.43
14445,Farmers and Merchants Union Bank,WI,FDIC,872148,Intermediate Small Bank Evaluation,,,06/01/2024,role,CRA Officer,"designated public-file contact, Farmers and Merchants Union Bank",,"159 W James St, Columbus, WI 53925",FDIC BankFind main office; 12 CFR __.43
29941,Bogota Savings Bank,NJ,FDIC,871758,Intermediate Small Bank Evaluation,,,08/01/2023,role,CRA Officer,"designated public-file contact, Bogota Savings Bank",,"819 Teaneck Rd, Teaneck, NJ 07666",FDIC BankFind main office; 12 CFR __.43
9463,Unified Bank,OH,FDIC,871724,Intermediate Small Bank Evaluation,,,12/01/2024,role,CRA Officer,"designated public-file contact, Unified Bank",,"201 S 4th St, Martins Ferry, OH 43935",FDIC BankFind main office; 12 CFR __.43
18296,Hawaii National Bank,HI,OCC,871698,Intermediate Small Bank,,,10/23/2023,named,Oscar Solis,"SVP, Director of Consumer Compliance",,"45 N King St Fl 7, Honolulu, HI 96817","CBA Community Reinvestment Committee roster, 2026-08-26"
57377,Traditions Bank,PA,FDIC,870088,Intermediate Small Bank Evaluation,Outstanding,Outstanding,09/01/2022,role,CRA Officer,"designated public-file contact, Traditions Bank",,"235 Saint Charles Way, York, PA 17402",FDIC BankFind main office; 12 CFR __.43
32527,BayVanguard Bank,MD,FDIC,868706,Intermediate Small Bank Evaluation,,,12/01/2023,role,CRA Officer,"designated public-file contact, BayVanguard Bank",,"7114 N Point Rd, Baltimore, MD 21219",FDIC BankFind main office; 12 CFR __.43
29009,Liberty Bank for Savings,IL,FDIC,868650,Intermediate Small Bank Evaluation,,,09/01/2023,role,CRA Officer,"designated public-file contact, Liberty Bank for Savings",,"2392 N Milwaukee Ave, Chicago, IL 60647",FDIC BankFind main office; 12 CFR __.43
3701,"Resource Bank, National Association",IL,OCC,868634,Intermediate Small Bank,,,07/29/2025,role,CRA Officer,"designated public-file contact, Resource Bank, National Association",,"555 Bethany Rd, Dekalb, IL 60115",FDIC BankFind main office; 12 CFR __.43
58741,Fieldpoint Private Bank & Trust,CT,FED,867112,Int Small Bank,,,"Jan 16, 2024",role,CRA Officer,"designated public-file contact, Fieldpoint Private Bank & Trust",,"130 Mason St, Greenwich, CT 06830",FDIC BankFind main office; 12 CFR __.43
17933,Blue Ridge Bank and Trust Co.,MO,FDIC,866612,Intermediate Small Bank Evaluation,,,04/01/2026,role,CRA Officer,"designated public-file contact, Blue Ridge Bank and Trust Co.",,"4200 Little Blue Pkwy, Independence, MO 64057",FDIC BankFind main office; 12 CFR __.43
17676,Legacy Bank,KS,FDIC,864965,Intermediate Small Bank Evaluation,,,04/01/2024,role,CRA Officer,"designated public-file contact, Legacy Bank",,"123 E Chicago Ave, Colwich, KS 67030",FDIC BankFind main office; 12 CFR __.43
5269,First National Bank North,MN,OCC,864309,Intermediate Small Bank,,,06/26/2023,role,CRA Officer,"designated public-file contact, First National Bank North",,"600 Minnesota Ave W, Walker, MN 56484",FDIC BankFind main office; 12 CFR __.43
58069,Bank of San Francisco,CA,FDIC,863552,Intermediate Small Bank Evaluation,,,01/01/2026,role,CRA Officer,"designated public-file contact, Bank of San Francisco",,"345 California St, San Francisco, CA 94104",FDIC BankFind main office; 12 CFR __.43
18389,Western Commerce Bank,NM,FDIC,863536,Intermediate Small Bank Evaluation,,,06/01/2024,role,CRA Officer,"designated public-file contact, Western Commerce Bank",,"127 S Canyon St, Carlsbad, NM 88220",FDIC BankFind main office; 12 CFR __.43
10334,Oakwood Bank,TX,FDIC,862027,Intermediate Small Bank Evaluation,,,05/01/2023,role,CRA Officer,"designated public-file contact, Oakwood Bank",,"8411 Preston Rd, Dallas, TX 75225",FDIC BankFind main office; 12 CFR __.43
5716,Farmers and Merchants Bank,GA,FDIC,861957,Intermediate Small Bank Evaluation,,,06/01/2024,role,CRA Officer,"designated public-file contact, Farmers and Merchants Bank",,"4 N Carter St, Lakeland, GA 31635",FDIC BankFind main office; 12 CFR __.43
13220,The Peoples Bank Co.,OH,FDIC,859237,Intermediate Small Bank Evaluation,,,10/01/2024,role,CRA Officer,"designated public-file contact, The Peoples Bank Co.",,"112 W Main St, Coldwater, OH 45828",FDIC BankFind main office; 12 CFR __.43
18030,Savings Bank of Walpole,NH,FDIC,857937,Intermediate Small Bank Evaluation,,,05/01/2023,role,CRA Officer,"designated public-file contact, Savings Bank of Walpole",,"68 Ames Plaza Ln, Walpole, NH 03608",FDIC BankFind main office; 12 CFR __.43
19448,BNA Bank,MS,FDIC,855706,Intermediate Small Bank Evaluation,,,05/01/2024,role,CRA Officer,"designated public-file contact, BNA Bank",,"205 W Bankhead St, New Albany, MS 38652",FDIC BankFind main office; 12 CFR __.43
57922,Harmony Bank,TX,FDIC,855269,Intermediate Small Bank Evaluation,,,07/01/2025,role,CRA Officer,"designated public-file contact, Harmony Bank",,"4161 Mckinney Ave, Dallas, TX 75204",FDIC BankFind main office; 12 CFR __.43
19532,Skowhegan Savings Bank,ME,FDIC,855010,Intermediate Small Bank Evaluation,,,01/01/2025,role,CRA Officer,"designated public-file contact, Skowhegan Savings Bank",,"13 Elm St, Skowhegan, ME 04976",FDIC BankFind main office; 12 CFR __.43
15264,PSB Bank,MO,FDIC,854488,Intermediate Small Bank Evaluation,,,10/01/2025,role,CRA Officer,"designated public-file contact, PSB Bank",,"101 Bluff St, Rhineland, MO 65069",FDIC BankFind main office; 12 CFR __.43
1426,Focus Bank,MO,FDIC,854141,Intermediate Small Bank Evaluation,,,02/01/2026,role,CRA Officer,"designated public-file contact, Focus Bank",,"101 South Main Street, Charleston, MO 63834",FDIC BankFind main office; 12 CFR __.43
25665,Community National Bank,KS,OCC,853137,Intermediate Small Bank,,,04/24/2023,role,CRA Officer,"designated public-file contact, Community National Bank",,"210 Main St, Seneca, KS 66538",FDIC BankFind main office; 12 CFR __.43
13951,Community Bank of Louisiana,LA,FDIC,852855,Intermediate Small Bank Evaluation,,,10/01/2024,role,CRA Officer,"designated public-file contact, Community Bank of Louisiana",,"118 Jefferson St, Mansfield, LA 71052",FDIC BankFind main office; 12 CFR __.43
26181,Texas National Bank of Jacksonville,TX,OCC,852407,Intermediate Small Bank,,,08/14/2023,role,CRA Officer,"designated public-file contact, Texas National Bank of Jacksonville",,"300 Neches St, Jacksonville, TX 75766",FDIC BankFind main office; 12 CFR __.43
35276,Freedom Bank of Southern Missouri,MO,FDIC,850072,Intermediate Small Bank Evaluation,,,02/01/2024,role,CRA Officer,"designated public-file contact, Freedom Bank of Southern Missouri",,"97 Main St, Cassville, MO 65625",FDIC BankFind main office; 12 CFR __.43
34496,First Commercial Bank (USA),CA,FDIC,849866,Intermediate Small Bank Evaluation,,,01/01/2024,role,CRA Officer,"designated public-file contact, First Commercial Bank (USA)",,"200 E Main St, Alhambra, CA 91801",FDIC BankFind main office; 12 CFR __.43
6176,"Pendleton Community Bank, Inc.",WV,FDIC,849733,Intermediate Small Bank Evaluation,,,01/01/2026,role,CRA Officer,"designated public-file contact, Pendleton Community Bank, Inc.",,"128 N Main St, Franklin, WV 26807",FDIC BankFind main office; 12 CFR __.43
58020,Commerce State Bank,WI,FDIC,846691,Intermediate Small Bank Evaluation,High Satisfactory,Outstanding,05/01/2020,role,CRA Officer,"designated public-file contact, Commerce State Bank",,"1700 S Silverbrook Dr, West Bend, WI 53095",FDIC BankFind main office; 12 CFR __.43
17282,BankIowa,IA,FDIC,846173,Intermediate Small Bank Evaluation,,,11/01/2025,role,CRA Officer,"designated public-file contact, BankIowa",,"7045 C Ave Ne, Cedar Rapids, IA 52402",FDIC BankFind main office; 12 CFR __.43
5768,The Fountain Trust Company,IN,FDIC,844615,Intermediate Small Bank Evaluation,,,08/01/2025,role,CRA Officer,"designated public-file contact, The Fountain Trust Company",,"615 3rd St, Covington, IN 47932",FDIC BankFind main office; 12 CFR __.43
16723,Carolina Bank & Trust Co.,SC,FDIC,844589,Intermediate Small Bank Evaluation,,,04/01/2023,role,CRA Officer,"designated public-file contact, Carolina Bank & Trust Co.",,"112 Main St, Lamar, SC 29069",FDIC BankFind main office; 12 CFR __.43
58348,Millennium Bank,IL,FDIC,844463,Intermediate Small Bank Evaluation,,,01/01/2026,role,CRA Officer,"designated public-file contact, Millennium Bank",,"2077 Miner St, Des Plaines, IL 60016",FDIC BankFind main office; 12 CFR __.43
10255,The Old Fort Banking Company,OH,FDIC,843865,Intermediate Small Bank Evaluation,,,09/01/2023,role,CRA Officer,"designated public-file contact, The Old Fort Banking Company",,"8034 Main St, Old Fort, OH 44861",FDIC BankFind main office; 12 CFR __.43
1294,FNBC Bank,AR,FED,843316,Int Small Bank,,,"Mar 04, 2019",role,CRA Officer,"designated public-file contact, FNBC Bank",,"636 Ash Flat Dr, Ash Flat, AR 72513",FDIC BankFind main office; 12 CFR __.43
15465,United Southern Bank,FL,FDIC,843004,Intermediate Small Bank Evaluation,,,12/01/2025,role,CRA Officer,"designated public-file contact, United Southern Bank",,"750 N Central Ave, Umatilla, FL 32784",FDIC BankFind main office; 12 CFR __.43
34072,Heritage Bank of Nevada,NV,FDIC,842335,Intermediate Small Bank Evaluation,High Satisfactory,High Satisfactory,05/01/2018,role,CRA Officer,"designated public-file contact, Heritage Bank of Nevada",,"2330 South Virginia Street, Reno, NV 89502",FDIC BankFind main office; 12 CFR __.43
13565,Bank of Sun Prairie,WI,FDIC,841180,Intermediate Small Bank Evaluation,,,01/01/2025,role,CRA Officer,"designated public-file contact, Bank of Sun Prairie",,"228 E Main St, Sun Prairie, WI 53590",FDIC BankFind main office; 12 CFR __.43
57967,First Resource Bank,PA,FDIC,840919,Intermediate Small Bank Evaluation,,,03/01/2025,role,CRA Officer,"designated public-file contact, First Resource Bank",,"800 N Pottstown Pike, Exton, PA 19341",FDIC BankFind main office; 12 CFR __.43
22738,First Utah Bank,UT,FDIC,840298,Intermediate Small Bank Evaluation,,,08/01/2024,role,CRA Officer,"designated public-file contact, First Utah Bank",,"3826 S 2300 E, Salt Lake City, UT 84109",FDIC BankFind main office; 12 CFR __.43
27362,Prairie State Bank and Trust,IL,FDIC,840081,Intermediate Small Bank Evaluation,,,01/01/2025,role,CRA Officer,"designated public-file contact, Prairie State Bank and Trust",,"3751 Wabash Ave, Springfield, IL 62711",FDIC BankFind main office; 12 CFR __.43
8811,Hebron Savings Bank,MD,FDIC,838796,Intermediate Small Bank Evaluation,,,06/01/2025,role,CRA Officer,"designated public-file contact, Hebron Savings Bank",,"101 N Main St, Hebron, MD 21830",FDIC BankFind main office; 12 CFR __.43
58712,Freedom Bank,NJ,FDIC,838268,Intermediate Small Bank Evaluation,,,07/01/2025,role,CRA Officer,"designated public-file contact, Freedom Bank",,"99 W Essex St, Maywood, NJ 07607",FDIC BankFind main office; 12 CFR __.43
16659,Northeast Bank,MN,FDIC,837317,Intermediate Small Bank Evaluation,,,10/01/2023,role,CRA Officer,"designated public-file contact, Northeast Bank",,"77 Broadway St Ne, Minneapolis, MN 55413",FDIC BankFind main office; 12 CFR __.43
8745,First State Bank of Middlebury,IN,FDIC,836222,Intermediate Small Bank Evaluation,,,03/01/2024,role,CRA Officer,"designated public-file contact, First State Bank of Middlebury",,"111 South Main Street, Middlebury, IN 46540",FDIC BankFind main office; 12 CFR __.43
14769,DMB Community Bank,WI,FDIC,835042,Intermediate Small Bank Evaluation,,,04/01/2024,role,CRA Officer,"designated public-file contact, DMB Community Bank",,"10 Terrace Ct, Madison, WI 53718",FDIC BankFind main office; 12 CFR __.43
14929,West Shore Bank,MI,FDIC,833574,Intermediate Small Bank Evaluation,,,03/01/2026,role,CRA Officer,"designated public-file contact, West Shore Bank",,"201 W Loomis St, Ludington, MI 49431",FDIC BankFind main office; 12 CFR __.43
57857,Timberline Bank,CO,FDIC,832564,Intermediate Small Bank Evaluation,,,06/01/2023,role,CRA Officer,"designated public-file contact, Timberline Bank",,"649 Market St, Grand Junction, CO 81505",FDIC BankFind main office; 12 CFR __.43
893,Citizens Bank,TN,FDIC,832450,Intermediate Small Bank Evaluation,,,10/01/2023,named,Reza Aghamirzadeh,"EVP, Head of Community Development",,"407 Main St N, Carthage, TN 37030","CBA Community Reinvestment Committee roster, 2026-08-26"
15085,Arthur State Bank,SC,FDIC,831914,Intermediate Small Bank Evaluation,,,10/01/2023,role,CRA Officer,"designated public-file contact, Arthur State Bank",,"100 E Main St, Union, SC 29379",FDIC BankFind main office; 12 CFR __.43
90270,Envision Bank,MA,FDIC,831747,Intermediate Small Bank Evaluation,High Satisfactory,High Satisfactory,07/01/2020,role,CRA Officer,"designated public-file contact, Envision Bank",,"129 N Main St, Randolph, MA 02368",FDIC BankFind main office; 12 CFR __.43
57123,"First Century Bank, National Association",GA,OCC,831624,Strategic Plan,,,05/22/2023,role,CRA Officer,"designated public-file contact, First Century Bank, National Association",,"1731 N Elm St, Commerce, GA 30529",FDIC BankFind main office; 12 CFR __.43
21848,Quail Creek Bank,OK,FDIC,831201,Intermediate Small Bank Evaluation,,,07/01/2024,role,CRA Officer,"designated public-file contact, Quail Creek Bank",,"12201 N May Ave, Oklahoma City, OK 73120",FDIC BankFind main office; 12 CFR __.43
26627,Bank of the West,TX,FDIC,829755,Intermediate Small Bank Evaluation,,,08/01/2025,role,CRA Officer,"designated public-file contact, Bank of the West",,"108 W Northwest Hwy, Grapevine, TX 76051",FDIC BankFind main office; 12 CFR __.43
22205,Barwick Banking Company,GA,FDIC,829615,Intermediate Small Bank Evaluation,,,12/01/2025,role,CRA Officer,"designated public-file contact, Barwick Banking Company",,"2020 E Main St, Barwick, GA 31720",FDIC BankFind main office; 12 CFR __.43
17739,Plains State Bank,TX,FDIC,828404,Intermediate Small Bank Evaluation,,,10/01/2024,role,CRA Officer,"designated public-file contact, Plains State Bank",,"19404 Kenswick Dr, Humble, TX 77338",FDIC BankFind main office; 12 CFR __.43
30011,Prudential Bank,PA,FDIC,827225,Intermediate Small Bank Evaluation,High Satisfactory,High Satisfactory,09/01/2021,role,CRA Officer,"designated public-file contact, Prudential Bank",,"1834 W Oregon Ave, Philadelphia, PA 19145",FDIC BankFind main office; 12 CFR __.43
57129,Community Federal Savings Bank,NY,OCC,826976,Intermediate Small Bank,,,09/15/2025,role,CRA Officer,"designated public-file contact, Community Federal Savings Bank",,"8916 Jamaica Ave, Woodhaven, NY 11421",FDIC BankFind main office; 12 CFR __.43
34384,Premier Bank,IA,FDIC,826499,Intermediate Small Bank Evaluation,,,11/01/2025,role,CRA Officer,"designated public-file contact, Premier Bank",,"1004 21st Ave, Rock Valley, IA 51247",FDIC BankFind main office; 12 CFR __.43
23007,Oregon Pacific Banking Company dba Oregon Pacific Bank,OR,FED,825432,Int Small Bank,,,"Jan 12, 2026",role,CRA Officer,"designated public-file contact, Oregon Pacific Banking Company dba Oregon Pacific Bank",,"1355 Highway 101, Florence, OR 97439",FDIC BankFind main office; 12 CFR __.43
2824,FNB Bank,AL,FDIC,825321,Intermediate Small Bank Evaluation,High Satisfactory,Outstanding,05/01/2021,role,CRA Officer,"designated public-file contact, FNB Bank",,"Broad And Appletree Streets, Scottsboro, AL 35768",FDIC BankFind main office; 12 CFR __.43
17809,Citizens Bank,OR,FDIC,823403,Intermediate Small Bank Evaluation,,,07/01/2023,named,Reza Aghamirzadeh,"EVP, Head of Community Development",,"275 Sw 3rd St, Corvallis, OR 97333","CBA Community Reinvestment Committee roster, 2026-08-26"
33542,Rock Canyon Bank,UT,FDIC,823185,Intermediate Small Bank Evaluation,High Satisfactory,High Satisfactory,03/01/2021,role,CRA Officer,"designated public-file contact, Rock Canyon Bank",,"215 W 2230 N, Provo, UT 84604",FDIC BankFind main office; 12 CFR __.43
10378,The Bank of New Glarus,WI,FDIC,823152,Intermediate Small Bank Evaluation,,,04/01/2024,role,CRA Officer,"designated public-file contact, The Bank of New Glarus",,"501 1st St, New Glarus, WI 53574",FDIC BankFind main office; 12 CFR __.43
59099,Endeavor Bank,CA,FDIC,822656,Intermediate Small Bank Evaluation,,,04/01/2026,role,CRA Officer,"designated public-file contact, Endeavor Bank",,"750 B St, San Diego, CA 92101",FDIC BankFind main office; 12 CFR __.43
6091,Macon Bank and Trust Company,TN,FDIC,820507,Intermediate Small Bank Evaluation,,,10/01/2024,role,CRA Officer,"designated public-file contact, Macon Bank and Trust Company",,"609 Red Boiling Springs Rd, Lafayette, TN 37083",FDIC BankFind main office; 12 CFR __.43
11729,CIBM Bank,IL,FDIC,819740,Intermediate Small Bank Evaluation,,,06/01/2025,role,CRA Officer,"designated public-file contact, CIBM Bank",,"2913 W Kirby Ave, Champaign, IL 61821",FDIC BankFind main office; 12 CFR __.43
17040,Wilson & Muir Bank & Trust Company,KY,FDIC,818397,Intermediate Small Bank Evaluation,,,05/01/2023,role,CRA Officer,"designated public-file contact, Wilson & Muir Bank & Trust Company",,"107 N 3rd St, Bardstown, KY 40004",FDIC BankFind main office; 12 CFR __.43
58208,First Freedom Bank,TN,FDIC,817794,Intermediate Small Bank Evaluation,,,09/01/2025,role,CRA Officer,"designated public-file contact, First Freedom Bank",,"1620 W Main St, Lebanon, TN 37087",FDIC BankFind main office; 12 CFR __.43
4746,First Option Bank,KS,FED,817581,Int Small Bank,,,"Mar 06, 2023",role,CRA Officer,"designated public-file contact, First Option Bank",,"601 Main St, Osawatomie, KS 66064",FDIC BankFind main office; 12 CFR __.43
17797,Rollstone Bank & Trust,MA,OCC,816326,Intermediate Small Bank,,,09/25/2023,role,CRA Officer,"designated public-file contact, Rollstone Bank & Trust",,"780 Main St, Fitchburg, MA 01420",FDIC BankFind main office; 12 CFR __.43
13454,Royal Bank,WI,FDIC,816093,Intermediate Small Bank Evaluation,,,07/01/2025,role,CRA Officer,"designated public-file contact, Royal Bank",,"202 Main St, Elroy, WI 53929",FDIC BankFind main office; 12 CFR __.43
2691,Cumberland Valley National Bank & Trust Company,KY,OCC,816053,Intermediate Small Bank,,,07/28/2025,role,CRA Officer,"designated public-file contact, Cumberland Valley National Bank & Trust Company",,"100 S Main St, London, KY 40741",FDIC BankFind main office; 12 CFR __.43
12594,PB&T Bank - Main,CO,FDIC,815168,Intermediate Small Bank Evaluation,,,07/01/2024,role,CRA Officer,"designated public-file contact, PB&T Bank - Main",,"301 W 5th St, Pueblo, CO 81003",FDIC BankFind main office; 12 CFR __.43
4549,CNB St Louis Bank,MO,FDIC,812872,Intermediate Small Bank Evaluation,,,12/01/2024,role,CRA Officer,"designated public-file contact, CNB St Louis Bank",,"7305 Manchester Rd, Maplewood, MO 63143",FDIC BankFind main office; 12 CFR __.43
4319,"FCN Bank, National Association",IN,OCC,812493,Intermediate Small Bank,,,06/10/2024,role,CRA Officer,"designated public-file contact, FCN Bank, National Association",,"501 Main St, Brookville, IN 47012",FDIC BankFind main office; 12 CFR __.43
58307,The First Bank of Greenwich,CT,FDIC,812287,Intermediate Small Bank Evaluation,,,05/01/2025,role,CRA Officer,"designated public-file contact, The First Bank of Greenwich",,"444 E Putnam Ave, Cos Cob, CT 06807",FDIC BankFind main office; 12 CFR __.43
58657,PromiseOne Bank,GA,FDIC,812160,Intermediate Small Bank Evaluation,,,02/01/2026,role,CRA Officer,"designated public-file contact, PromiseOne Bank",,"2385 Pleasant Hill Rd, Duluth, GA 30096",FDIC BankFind main office; 12 CFR __.43
18443,CUSB Bank,IA,FED,812110,Int Small Bank,,,"May 16, 2022",role,CRA Officer,"designated public-file contact, CUSB Bank",,"111 N Elm St, Cresco, IA 52136",FDIC BankFind main office; 12 CFR __.43
763,Minster Bank,OH,FED,811604,Int Small Bank,,,"Oct 14, 2025",role,CRA Officer,"designated public-file contact, Minster Bank",,"95 W 4th St, Minster, OH 45865",FDIC BankFind main office; 12 CFR __.43
1715,Citizens 1st Bank,TX,FED,810982,Int Small Bank,,,"Oct 21, 2019",role,CRA Officer,"designated public-file contact, Citizens 1st Bank",,"2001 E Southeast Loop 323, Tyler, TX 75701",FDIC BankFind main office; 12 CFR __.43
9620,First Bank,FL,FDIC,810512,Intermediate Small Bank Evaluation,,,07/01/2025,role,CRA Officer,"designated public-file contact, First Bank",,"300 E Sugarland Hwy, Clewiston, FL 33440",FDIC BankFind main office; 12 CFR __.43
1700,First Century Bank,TN,FDIC,809789,Intermediate Small Bank Evaluation,,,11/01/2023,role,CRA Officer,"designated public-file contact, First Century Bank",,"1780 N Broad St, Tazewell, TN 37879",FDIC BankFind main office; 12 CFR __.43
5442,Platte Valley Bank,WY,FED,809176,Int Small Bank,,,"Mar 07, 2022",role,CRA Officer,"designated public-file contact, Platte Valley Bank",,"2201 Main St, Torrington, WY 82240",FDIC BankFind main office; 12 CFR __.43
90245,Monson Savings Bank,MA,FDIC,806333,Intermediate Small Bank Evaluation,,,06/01/2026,role,CRA Officer,"designated public-file contact, Monson Savings Bank",,"146 Main St, Monson, MA 01057",FDIC BankFind main office; 12 CFR __.43
14507,"CNB Bank, Inc.",WV,FDIC,805671,Intermediate Small Bank Evaluation,,,09/01/2023,role,CRA Officer,"designated public-file contact, CNB Bank, Inc.",,"101 S Washington St, Berkeley Springs, WV 25411",FDIC BankFind main office; 12 CFR __.43
1164,The Citizens Bank,NM,FDIC,804307,Intermediate Small Bank Evaluation,,,08/01/2024,named,Reza Aghamirzadeh,"EVP, Head of Community Development",,"500 W Broadway, Farmington, NM 87401","CBA Community Reinvestment Committee roster, 2026-08-26"
17937,Franklin Bank & Trust Company,KY,FDIC,803588,Intermediate Small Bank Evaluation,,,03/01/2024,role,CRA Officer,"designated public-file contact, Franklin Bank & Trust Company",,"317 N Main St, Franklin, KY 42134",FDIC BankFind main office; 12 CFR __.43
58619,MRV Banks,MO,FDIC,803087,Intermediate Small Bank Evaluation,,,03/01/2025,role,CRA Officer,"designated public-file contact, MRV Banks",,"871 Sainte Genevieve Drive, Sainte Genevieve, MO 63670",FDIC BankFind main office; 12 CFR __.43
2224,"Bank of Bridger, National Association",MT,OCC,802733,Intermediate Small Bank,,,03/25/2024,role,CRA Officer,"designated public-file contact, Bank of Bridger, National Association",,"101 S Main St, Bridger, MT 59014",FDIC BankFind main office; 12 CFR __.43
21121,The Western State Bank,KS,FDIC,802147,Intermediate Small Bank Evaluation,,,08/01/2023,role,CRA Officer,"designated public-file contact, The Western State Bank",,"1500 E Kansas Ave, Garden City, KS 67846",FDIC BankFind main office; 12 CFR __.43
8101,Primebank,IA,FED,800575,Int Small Bank,,,"Sep 21, 2020",role,CRA Officer,"designated public-file contact, Primebank",,"37 1st Ave Nw, Le Mars, IA 51031",FDIC BankFind main office; 12 CFR __.43
13305,The New Washington State Bank,IN,FDIC,798096,Intermediate Small Bank Evaluation,,,03/01/2025,role,CRA Officer,"designated public-file contact, The New Washington State Bank",,"402 E Main St, New Washington, IN 47162",FDIC BankFind main office; 12 CFR __.43
34599,"The Pitney Bowes Bank, Inc.",UT,FDIC,796327,Strategic Plan Evaluation,,,07/01/2025,role,CRA Officer,"designated public-file contact, The Pitney Bowes Bank, Inc.",,"215 S State St, Salt Lake City, UT 84111",FDIC BankFind main office; 12 CFR __.43
29140,American Federal Bank,ND,OCC,795836,Intermediate Small Bank,,,10/23/2023,role,CRA Officer,"designated public-file contact, American Federal Bank",,"215 5th St N, Fargo, ND 58102",FDIC BankFind main office; 12 CFR __.43
27226,Country Bank,NY,FDIC,795727,Intermediate Small Bank Evaluation,High Satisfactory,High Satisfactory,12/01/2018,role,CRA Officer,"designated public-file contact, Country Bank",,"655 Third Avenue, 9th Floor, New York, NY 10017",FDIC BankFind main office; 12 CFR __.43
22964,First Community Bank,TX,FDIC,794385,Intermediate Small Bank Evaluation,,,08/01/2025,role,CRA Officer,"designated public-file contact, First Community Bank",,"1151 W Us Highway 77, San Benito, TX 78586",FDIC BankFind main office; 12 CFR __.43
15200,Decorah Bank & Trust Company,IA,FDIC,794121,Intermediate Small Bank Evaluation,,,03/01/2024,role,CRA Officer,"designated public-file contact, Decorah Bank & Trust Company",,"202 E Water St, Decorah, IA 52101",FDIC BankFind main office; 12 CFR __.43
12869,Farmers Bank and Trust Company,KY,FDIC,793954,Intermediate Small Bank Evaluation,,,12/01/2025,role,CRA Officer,"designated public-file contact, Farmers Bank and Trust Company",,"201 S Main St, Marion, KY 42064",FDIC BankFind main office; 12 CFR __.43
58276,River Valley Community Bank,CA,FDIC,793113,Intermediate Small Bank Evaluation,,,09/01/2025,role,CRA Officer,"designated public-file contact, River Valley Community Bank",,"1629 Colusa Hwy, Yuba City, CA 95993",FDIC BankFind main office; 12 CFR __.43
13083,First Western Bank,AR,FED,792662,Int Small Bank,,,"May 12, 2025",role,CRA Officer,"designated public-file contact, First Western Bank",,"80 W Main St, Booneville, AR 72927",FDIC BankFind main office; 12 CFR __.43
35131,Sauk Valley Bank & Trust Company,IL,FDIC,790755,Intermediate Small Bank Evaluation,,,06/01/2024,role,CRA Officer,"designated public-file contact, Sauk Valley Bank & Trust Company",,"201 W 3rd St, Sterling, IL 61081",FDIC BankFind main office; 12 CFR __.43
342,Farmers State Bank,MT,FED,790327,Int Small Bank,,,"May 10, 2021",role,CRA Officer,"designated public-file contact, Farmers State Bank",,"103 Main St, Victor, MT 59875",FDIC BankFind main office; 12 CFR __.43
8033,Citizens Trust Bank,GA,FED,790287,Int Small Bank,Needs to Improve,Outstanding,"May 20, 2019",named,Reza Aghamirzadeh,"EVP, Head of Community Development",,"965 Martin Luther King Jr Dr Nw, Atlanta, GA 30314","CBA Community Reinvestment Committee roster, 2026-08-26"
16221,Reliabank Dakota,SD,FDIC,788411,Intermediate Small Bank Evaluation,,,06/01/2024,role,CRA Officer,"designated public-file contact, Reliabank Dakota",,"211 Main St N, Estelline, SD 57234",FDIC BankFind main office; 12 CFR __.43
14410,City State Bank,IA,FDIC,787947,Intermediate Small Bank Evaluation,,,11/01/2023,role,CRA Officer,"designated public-file contact, City State Bank",,"801 Main St, Norwalk, IA 50211",FDIC BankFind main office; 12 CFR __.43
29809,First Savings Bank of Hegewisch,IL,FDIC,787046,Intermediate Small Bank Evaluation,,,11/01/2023,role,CRA Officer,"designated public-file contact, First Savings Bank of Hegewisch",,"13220 S Baltimore Ave, Chicago, IL 60633",FDIC BankFind main office; 12 CFR __.43
57807,Quontic Bank,NY,OCC,787018,Intermediate Small Bank,,,06/23/2025,role,CRA Officer,"designated public-file contact, Quontic Bank",,"3105 Broadway, Astoria, NY 11106",FDIC BankFind main office; 12 CFR __.43
19836,Franklin Savings Bank,ME,FED,786863,Int Small Bank,Low Satisfactory,High Satisfactory,"Nov 05, 2018",role,CRA Officer,"designated public-file contact, Franklin Savings Bank",,"197 Main St, Farmington, ME 04938",FDIC BankFind main office; 12 CFR __.43
57923,Peach State Bank & Trust,GA,FDIC,786017,Intermediate Small Bank Evaluation,,,07/01/2025,role,CRA Officer,"designated public-file contact, Peach State Bank & Trust",,"121 E E Butler Pkwy, Gainesville, GA 30501",FDIC BankFind main office; 12 CFR __.43
26455,Savers Co-operative Bank,MA,FDIC,783177,Intermediate Small Bank Evaluation,,,09/01/2024,role,CRA Officer,"designated public-file contact, Savers Co-operative Bank",,"270 Main St, Southbridge, MA 01550",FDIC BankFind main office; 12 CFR __.43
90175,The Bank of Canton,MA,FDIC,782536,Intermediate Small Bank Evaluation,,,12/01/2023,role,CRA Officer,"designated public-file contact, The Bank of Canton",,"490 Turnpike St, Canton, MA 02021",FDIC BankFind main office; 12 CFR __.43
57101,Mission Valley Bank,CA,FDIC,782004,Strategic Plan Evaluation,,,04/01/2024,role,CRA Officer,"designated public-file contact, Mission Valley Bank",,"8823 Sunland Blvd, Sun Valley, CA 91352",FDIC BankFind main office; 12 CFR __.43
35020,Community First Bank,LA,FDIC,781602,Intermediate Small Bank Evaluation,,,03/01/2024,role,CRA Officer,"designated public-file contact, Community First Bank",,"1101 E Admiral Doyle Dr, New Iberia, LA 70560",FDIC BankFind main office; 12 CFR __.43
13058,Hiawatha National Bank,WI,OCC,781326,Intermediate Small Bank,,,06/03/2024,role,CRA Officer,"designated public-file contact, Hiawatha National Bank",,"N1555 770th St, Hager City, WI 54014",FDIC BankFind main office; 12 CFR __.43
35138,Millennium Bank,TN,FDIC,780768,Intermediate Small Bank Evaluation,,,02/01/2024,role,CRA Officer,"designated public-file contact, Millennium Bank",,"6392 Artesian Cir, Ooltewah, TN 37363",FDIC BankFind main office; 12 CFR __.43
34685,People's Bank of Commerce,OR,FDIC,776717,Intermediate Small Bank Evaluation,,,07/01/2025,role,CRA Officer,"designated public-file contact, People's Bank of Commerce",,"1528 Biddle Rd, Medford, OR 97504",FDIC BankFind main office; 12 CFR __.43
19101,Harford Bank,MD,FDIC,776634,Intermediate Small Bank Evaluation,,,08/01/2025,role,CRA Officer,"designated public-file contact, Harford Bank",,"8 W Bel Air Ave, Aberdeen, MD 21001",FDIC BankFind main office; 12 CFR __.43
12815,"Home State Bank, National Association",IL,OCC,775950,Intermediate Small Bank,,,11/05/2024,role,CRA Officer,"designated public-file contact, Home State Bank, National Association",,"40 Grant St, Crystal Lake, IL 60014",FDIC BankFind main office; 12 CFR __.43
16111,Highland Bank,MN,FDIC,775919,Intermediate Small Bank Evaluation,,,04/01/2025,role,CRA Officer,"designated public-file contact, Highland Bank",,"2100 Ford Pkwy, Saint Paul, MN 55116",FDIC BankFind main office; 12 CFR __.43
14679,Industrial Bank,DC,FDIC,774247,Large Bank Evaluation,Outstanding,Outstanding,08/01/2026,role,CRA Officer,"designated public-file contact, Industrial Bank",,"4812 Georgia Ave Nw, Washington, DC 20011",FDIC BankFind main office; 12 CFR __.43
6760,"Citizens Bank of West Virginia, Inc.",WV,FDIC,772465,Intermediate Small Bank Evaluation,,,10/01/2024,role,CRA Officer,"designated public-file contact, Citizens Bank of West Virginia, Inc.",,"211 3rd St, Elkins, WV 26241",FDIC BankFind main office; 12 CFR __.43
19716,First Central State Bank,IA,FDIC,772354,Intermediate Small Bank Evaluation,,,11/01/2025,role,CRA Officer,"designated public-file contact, First Central State Bank",,"914 6th Ave, Dewitt, IA 52742",FDIC BankFind main office; 12 CFR __.43
34069,"Wilmington Trust, National Association",DE,OCC,772076,Limited Purpose Bank,,,05/06/2013,role,CRA Officer,"designated public-file contact, Wilmington Trust, National Association",,"1100 N Market St, Wilmington, DE 19801",FDIC BankFind main office; 12 CFR __.43
28400,Westbury Bank,WI,FDIC,771888,Intermediate Small Bank Evaluation,,,08/01/2023,role,CRA Officer,"designated public-file contact, Westbury Bank",,"N16w23250 Stone Ridge Dr, Waukesha, WI 53188",FDIC BankFind main office; 12 CFR __.43
2777,MidSouth Bank,AL,FDIC,771483,Intermediate Small Bank Evaluation,,,11/01/2024,role,CRA Officer,"designated public-file contact, MidSouth Bank",,"2526 W Main St, Dothan, AL 36301",FDIC BankFind main office; 12 CFR __.43
16666,Itasca Bank & Trust Co.,IL,FDIC,770773,Intermediate Small Bank Evaluation,,,01/01/2024,role,CRA Officer,"designated public-file contact, Itasca Bank & Trust Co.",,"308 W Irving Park Rd, Itasca, IL 60143",FDIC BankFind main office; 12 CFR __.43
340,"The Peoples Bank, Biloxi, Mississippi",MS,FDIC,770659,Intermediate Small Bank Evaluation,,,05/01/2024,role,CRA Officer,"designated public-file contact, The Peoples Bank, Biloxi, Mississippi",,"152 Lameuse St, Biloxi, MS 39530",FDIC BankFind main office; 12 CFR __.43
10344,Schertz Bank & Trust,TX,FDIC,770133,Intermediate Small Bank Evaluation,,,08/01/2025,role,CRA Officer,"designated public-file contact, Schertz Bank & Trust",,"519 Main St, Schertz, TX 78154",FDIC BankFind main office; 12 CFR __.43
2759,"FNB Bank, Inc.",KY,FDIC,769966,Intermediate Small Bank Evaluation,,,07/01/2023,role,CRA Officer,"designated public-file contact, FNB Bank, Inc.",,"101 E Broadway, Mayfield, KY 42066",FDIC BankFind main office; 12 CFR __.43
8063,The North Salem State Bank,IN,FDIC,769633,Intermediate Small Bank Evaluation,,,02/01/2024,role,CRA Officer,"designated public-file contact, The North Salem State Bank",,"7 N Broadway St, North Salem, IN 46165",FDIC BankFind main office; 12 CFR __.43
59086,Primary Bank,NH,FDIC,769549,Intermediate Small Bank Evaluation,,,10/01/2025,role,CRA Officer,"designated public-file contact, Primary Bank",,"207 Route 101, Bedford, NH 03110",FDIC BankFind main office; 12 CFR __.43
25621,"Sage Capital Bank,",TX,FDIC,768884,Intermediate Small Bank Evaluation,,,06/01/2023,role,CRA Officer,"designated public-file contact, Sage Capital Bank,",,"1606 N Sarah Dewitt Dr, Gonzales, TX 78629",FDIC BankFind main office; 12 CFR __.43
22139,Progressive Bank,LA,FDIC,767955,Intermediate Small Bank Evaluation,,,02/01/2024,role,CRA Officer,"designated public-file contact, Progressive Bank",,"1411 N 19th St, Monroe, LA 71201",FDIC BankFind main office; 12 CFR __.43
58852,Liberty Capital Bank,TX,FDIC,767870,Intermediate Small Bank Evaluation,,,12/01/2025,role,CRA Officer,"designated public-file contact, Liberty Capital Bank",,"5055 Keller Springs Rd, Addison, TX 75001",FDIC BankFind main office; 12 CFR __.43
15489,West Plains Bank and Trust Company,MO,FDIC,767869,Intermediate Small Bank Evaluation,,,06/01/2023,role,CRA Officer,"designated public-file contact, West Plains Bank and Trust Company",,"11 Court Sq, West Plains, MO 65775",FDIC BankFind main office; 12 CFR __.43
27799,William Penn Bank,PA,FDIC,766134,Intermediate Small Bank Evaluation,,,03/01/2023,role,CRA Officer,"designated public-file contact, William Penn Bank",,"1309 Woodbourne Rd, Levittown, PA 19057",FDIC BankFind main office; 12 CFR __.43
35241,OPTUS Bank,SC,FDIC,764188,Intermediate Small Bank Evaluation,,,10/01/2025,role,CRA Officer,"designated public-file contact, OPTUS Bank",,"1501 Gervais St, Columbia, SC 29201",FDIC BankFind main office; 12 CFR __.43
23772,Commerce Bank,TX,FDIC,762489,Intermediate Small Bank Evaluation,,,01/01/2025,role,CRA Officer,"designated public-file contact, Commerce Bank",,"5800 San Dario Ave, Laredo, TX 78041",FDIC BankFind main office; 12 CFR __.43
19434,BAC Community Bank,CA,FDIC,761910,Intermediate Small Bank Evaluation,,,05/01/2025,role,CRA Officer,"designated public-file contact, BAC Community Bank",,"517 East Weber  Avenue, Stockton, CA 95202",FDIC BankFind main office; 12 CFR __.43
15206,First State Bank,TX,FDIC,761734,Intermediate Small Bank Evaluation,,,05/01/2024,role,CRA Officer,"designated public-file contact, First State Bank",,"130 E Corsicana St, Athens, TX 75751",FDIC BankFind main office; 12 CFR __.43
26760,Green Belt Bank & Trust,IA,FDIC,758705,Intermediate Small Bank Evaluation,,,11/01/2024,role,CRA Officer,"designated public-file contact, Green Belt Bank & Trust",,"616 Washington Ave, Iowa Falls, IA 50126",FDIC BankFind main office; 12 CFR __.43
58432,Carolina Alliance Bank,SC,FDIC,757297,Intermediate Small Bank Evaluation,High Satisfactory,High Satisfactory,08/01/2018,role,CRA Officer,"designated public-file contact, Carolina Alliance Bank",,"200 South Church Street, Spartanburg, SC 29306",FDIC BankFind main office; 12 CFR __.43
10973,Alliance Bank,MN,FDIC,755850,Intermediate Small Bank Evaluation,,,06/01/2025,role,CRA Officer,"designated public-file contact, Alliance Bank",,"105 E Lyon Ave, Lake City, MN 55041",FDIC BankFind main office; 12 CFR __.43
34313,Eaglemark Savings Bank,NV,FDIC,755671,Limited Purpose Evaluation,,,01/01/2025,role,CRA Officer,"designated public-file contact, Eaglemark Savings Bank",,"9850 Double R Blvd, Reno, NV 89521",FDIC BankFind main office; 12 CFR __.43
15478,United Valley Bank,ND,FDIC,751561,Intermediate Small Bank Evaluation,,,06/01/2025,role,CRA Officer,"designated public-file contact, United Valley Bank",,"211 Division Ave S, Cavalier, ND 58220",FDIC BankFind main office; 12 CFR __.43
5286,Fortifi Bank,WI,FDIC,750376,Intermediate Small Bank Evaluation,,,12/01/2025,role,CRA Officer,"designated public-file contact, Fortifi Bank",,"240 Broadway, Berlin, WI 54923",FDIC BankFind main office; 12 CFR __.43
2285,The Genoa Banking Company,OH,FED,747848,Int Small Bank,,,"Sep 26, 2022",role,CRA Officer,"designated public-file contact, The Genoa Banking Company",,"801 Main St, Genoa, OH 43430",FDIC BankFind main office; 12 CFR __.43
13071,Town & Country Bank,MO,FED,747729,Int Small Bank,,,"May 20, 2019",role,CRA Officer,"designated public-file contact, Town & Country Bank",,"1009 E. Scenic Rivers Blvd., Salem, MO 65560",FDIC BankFind main office; 12 CFR __.43
90181,Clinton Savings Bank,MA,FDIC,744700,Intermediate Small Bank Evaluation,,,05/01/2023,role,CRA Officer,"designated public-file contact, Clinton Savings Bank",,"200 Church St, Clinton, MA 01510",FDIC BankFind main office; 12 CFR __.43
14660,Bank of Prairie du Sac,WI,FDIC,744547,Intermediate Small Bank Evaluation,,,08/01/2025,role,CRA Officer,"designated public-file contact, Bank of Prairie du Sac",,"555 Park Ave, Prairie Du Sac, WI 53578",FDIC BankFind main office; 12 CFR __.43
18143,Oconee State Bank,GA,FDIC,744122,Intermediate Small Bank Evaluation,,,09/01/2025,role,CRA Officer,"designated public-file contact, Oconee State Bank",,"35 N Main St, Watkinsville, GA 30677",FDIC BankFind main office; 12 CFR __.43
34683,Community Bank and Trust of Florida,FL,FDIC,743628,Intermediate Small Bank Evaluation,High Satisfactory,High Satisfactory,04/01/2018,role,CRA Officer,"designated public-file contact, Community Bank and Trust of Florida",,"1603 Southwest 19th Avenue, Ocala, FL 34471",FDIC BankFind main office; 12 CFR __.43
2093,The National Capital Bank of Washington,DC,OCC,742180,Intermediate Small Bank,,,09/03/2024,role,CRA Officer,"designated public-file contact, The National Capital Bank of Washington",,"316 Pennsylvania Ave Se, Washington, DC 20003",FDIC BankFind main office; 12 CFR __.43
4519,First Bank,IA,FED,739902,Int Small Bank,,,"Sep 09, 2024",role,CRA Officer,"designated public-file contact, First Bank",,"316 E Bremer Ave, Waverly, IA 50677",FDIC BankFind main office; 12 CFR __.43
58446,Commencement Bank,WA,FED,739604,Int Small Bank,,,"Oct 06, 2025",role,CRA Officer,"designated public-file contact, Commencement Bank",,"1313 Broadway, Suite 400, Tacoma, WA 98402",FDIC BankFind main office; 12 CFR __.43
58511,Platinum Bank,MN,FDIC,739060,Intermediate Small Bank Evaluation,,,06/01/2023,role,CRA Officer,"designated public-file contact, Platinum Bank",,"7667 10th St N, Oakdale, MN 55128",FDIC BankFind main office; 12 CFR __.43
35111,Village Bank,VA,FDIC,738615,Intermediate Small Bank Evaluation,,,09/01/2024,role,CRA Officer,"designated public-file contact, Village Bank",,"13531 Midlothian Tpke, Midlothian, VA 23113",FDIC BankFind main office; 12 CFR __.43
10998,FM Bank,MN,FDIC,738443,Intermediate Small Bank Evaluation,,,08/01/2024,role,CRA Officer,"designated public-file contact, FM Bank",,"220 Elm Ave E, Waseca, MN 56093",FDIC BankFind main office; 12 CFR __.43
12259,Lea County State Bank,NM,FED,738343,Int Small Bank,,,"Mar 06, 2023",role,CRA Officer,"designated public-file contact, Lea County State Bank",,"1017 N Turner St, Hobbs, NM 88240",FDIC BankFind main office; 12 CFR __.43
16307,Manufacturers Bank & Trust Company,IA,FDIC,738183,Intermediate Small Bank Evaluation,,,06/01/2024,role,CRA Officer,"designated public-file contact, Manufacturers Bank & Trust Company",,"245 E J St, Forest City, IA 50436",FDIC BankFind main office; 12 CFR __.43
3286,"Kleberg  Bank, N.A.",TX,OCC,736776,Intermediate Small Bank,,,11/17/2025,role,CRA Officer,"designated public-file contact, Kleberg  Bank, N.A.",,"100 E Kleberg Ave, Kingsville, TX 78363",FDIC BankFind main office; 12 CFR __.43
11722,"The Peoples State Bank of Newton, Illinois",IL,FDIC,736713,Intermediate Small Bank Evaluation,,,11/01/2024,role,CRA Officer,"designated public-file contact, The Peoples State Bank of Newton, Illinois",,"104 W Washington St, Newton, IL 62448",FDIC BankFind main office; 12 CFR __.43
3711,Midwest Bank,IL,FED,736415,Int Small Bank,Low Satisfactory,Low Satisfactory,"Sep 23, 2019",role,CRA Officer,"designated public-file contact, Midwest Bank",,"200 E Broadway, Monmouth, IL 61462",FDIC BankFind main office; 12 CFR __.43
3747,"First Neighbor Bank, National Association",IL,OCC,736010,Intermediate Small Bank,,,08/19/2024,role,CRA Officer,"designated public-file contact, First Neighbor Bank, National Association",,"201 N Meridian St, Toledo, IL 62468",FDIC BankFind main office; 12 CFR __.43
12322,Chippewa Valley Bank,WI,FDIC,735805,Intermediate Small Bank Evaluation,,,05/01/2025,role,CRA Officer,"designated public-file contact, Chippewa Valley Bank",,"15755 W County Road B, Hayward, WI 54843",FDIC BankFind main office; 12 CFR __.43
22394,Peoples Community Bank,MO,FDIC,735215,Intermediate Small Bank Evaluation,,,05/01/2026,role,CRA Officer,"designated public-file contact, Peoples Community Bank",,"101 Sycamore St, Greenville, MO 63944",FDIC BankFind main office; 12 CFR __.43
5335,WOODTRUST BANK,WI,FED,734754,Int Small Bank,,,"Oct 06, 2025",role,CRA Officer,"designated public-file contact, WOODTRUST BANK",,"181 2nd St S, Wisconsin Rapids, WI 54494",FDIC BankFind main office; 12 CFR __.43
14492,HomeBank,MO,FDIC,733311,Intermediate Small Bank Evaluation,,,04/01/2024,role,CRA Officer,"designated public-file contact, HomeBank",,"400 S Main St, Palmyra, MO 63461",FDIC BankFind main office; 12 CFR __.43
19212,First Midwest Bank of the Ozarks,MO,FDIC,733205,Intermediate Small Bank Evaluation,,,06/01/2023,role,CRA Officer,"designated public-file contact, First Midwest Bank of the Ozarks",,"704 N Westwood Blvd, Poplar Bluff, MO 63901",FDIC BankFind main office; 12 CFR __.43
9155,Countybank,SC,FDIC,732955,Intermediate Small Bank Evaluation,,,05/01/2026,role,CRA Officer,"designated public-file contact, Countybank",,"419 Main St, Greenwood, SC 29646",FDIC BankFind main office; 12 CFR __.43
31390,"Axiom Bank, National Association",FL,OCC,732391,Intermediate Small Bank,,,07/22/2024,role,CRA Officer,"designated public-file contact, Axiom Bank, National Association",,"258 Southhall Ln, Maitland, FL 32751",FDIC BankFind main office; 12 CFR __.43
17162,Dairy State Bank,WI,FDIC,730298,Intermediate Small Bank Evaluation,,,02/01/2026,role,CRA Officer,"designated public-file contact, Dairy State Bank",,"16 S Main St, Rice Lake, WI 54868",FDIC BankFind main office; 12 CFR __.43
8816,The Queenstown Bank of Maryland,MD,FDIC,729528,Intermediate Small Bank Evaluation,,,03/01/2026,role,CRA Officer,"designated public-file contact, The Queenstown Bank of Maryland",,"7101 Main St, Queenstown, MD 21658",FDIC BankFind main office; 12 CFR __.43
3230,Grandview Bank,TX,FDIC,729344,Intermediate Small Bank Evaluation,,,01/01/2024,role,CRA Officer,"designated public-file contact, Grandview Bank",,"105 E Criner St, Grandview, TX 76050",FDIC BankFind main office; 12 CFR __.43
14644,The Malvern National Bank,AR,OCC,728383,Intermediate Small Bank,,,06/10/2024,role,CRA Officer,"designated public-file contact, The Malvern National Bank",,"501 S Main St, Malvern, AR 72104",FDIC BankFind main office; 12 CFR __.43
22939,Wheatland Bank,WA,FDIC,728272,Intermediate Small Bank Evaluation,,,08/01/2023,role,CRA Officer,"designated public-file contact, Wheatland Bank",,"222 N Wall St, Spokane, WA 99201",FDIC BankFind main office; 12 CFR __.43
3206,"Texas Gulf Bank, National Association",TX,OCC,726942,Intermediate Small Bank,,,03/03/2025,role,CRA Officer,"designated public-file contact, Texas Gulf Bank, National Association",,"1626 S Voss Rd, Houston, TX 77057",FDIC BankFind main office; 12 CFR __.43
2468,Northwestern Bank,WI,FED,725616,Int Small Bank,,,"Nov 02, 2020",role,CRA Officer,"designated public-file contact, Northwestern Bank",,"202 N Bridge St, Chippewa Falls, WI 54729",FDIC BankFind main office; 12 CFR __.43
13264,Bank of Luxemburg,WI,FDIC,723372,Intermediate Small Bank Evaluation,,,04/01/2026,role,CRA Officer,"designated public-file contact, Bank of Luxemburg",,"630 Main St, Luxemburg, WI 54217",FDIC BankFind main office; 12 CFR __.43
57295,AMG National Trust Bank,CO,OCC,722874,Intermediate Small Bank,,,08/11/2025,role,CRA Officer,"designated public-file contact, AMG National Trust Bank",,"1155 Canyon Blvd, Boulder, CO 80302",FDIC BankFind main office; 12 CFR __.43
3799,The Bradford National Bank of Greenville,IL,OCC,722824,Intermediate Small Bank,,,06/23/2025,role,CRA Officer,"designated public-file contact, The Bradford National Bank of Greenville",,"100 E College Ave, Greenville, IL 62246",FDIC BankFind main office; 12 CFR __.43
7586,The Luzerne Bank,PA,FDIC,722235,Intermediate Small Bank Evaluation,High Satisfactory,High Satisfactory,06/01/2022,role,CRA Officer,"designated public-file contact, The Luzerne Bank",,"118 Main St, Luzerne, PA 18709",FDIC BankFind main office; 12 CFR __.43
5531,The First National Bank of Sonora,TX,OCC,721953,Intermediate Small Bank,,,01/08/2024,role,CRA Officer,"designated public-file contact, The First National Bank of Sonora",,"102 E Main St, Sonora, TX 76950",FDIC BankFind main office; 12 CFR __.43
17230,Albank National Association,IL,OCC,721796,Intermediate Small Bank,,,12/01/2025,role,CRA Officer,"designated public-file contact, Albank National Association",,"3400 W Lawrence Ave, Chicago, IL 60625",FDIC BankFind main office; 12 CFR __.43
16125,The Eastern Colorado Bank,CO,FDIC,720859,Intermediate Small Bank Evaluation,,,06/01/2025,role,CRA Officer,"designated public-file contact, The Eastern Colorado Bank",,"10 S 1st St E, Cheyenne Wells, CO 80810",FDIC BankFind main office; 12 CFR __.43
1869,Union State Bank,KS,FED,719142,Int Small Bank,,,"Mar 17, 2025",role,CRA Officer,"designated public-file contact, Union State Bank",,"127 S Summit St, Arkansas City, KS 67005",FDIC BankFind main office; 12 CFR __.43
1607,The Bank of Elk River,MN,FDIC,719068,Intermediate Small Bank Evaluation,,,02/01/2026,role,CRA Officer,"designated public-file contact, The Bank of Elk River",,"630 Main St Nw, Elk River, MN 55330",FDIC BankFind main office; 12 CFR __.43
11501,First National Bank of Scotia,NY,OCC,719046,Intermediate Small Bank,,,12/16/2024,role,CRA Officer,"designated public-file contact, First National Bank of Scotia",,"201 Mohawk Ave, Scotia, NY 12302",FDIC BankFind main office; 12 CFR __.43
17123,Artisans' Bank,DE,FDIC,718226,Intermediate Small Bank Evaluation,,,02/01/2026,role,CRA Officer,"designated public-file contact, Artisans' Bank",,"2961 Centerville Rd, Wilmington, DE 19808",FDIC BankFind main office; 12 CFR __.43
22874,Hickory Point Bank and Trust,IL,FDIC,717520,Intermediate Small Bank Evaluation,,,11/01/2024,role,CRA Officer,"designated public-file contact, Hickory Point Bank and Trust",,"225 N Water St, Decatur, IL 62523",FDIC BankFind main office; 12 CFR __.43
1122,First Fidelity Bank,SD,FDIC,717008,Intermediate Small Bank Evaluation,,,10/01/2025,role,CRA Officer,"designated public-file contact, First Fidelity Bank",,"745 Main St, Burke, SD 57523",FDIC BankFind main office; 12 CFR __.43
3722,Prospect Bank,IL,FDIC,715630,Intermediate Small Bank Evaluation,,,03/01/2024,role,CRA Officer,"designated public-file contact, Prospect Bank",,"177 W Wood St, Paris, IL 61944",FDIC BankFind main office; 12 CFR __.43
16891,Pilgrim Bank,TX,FDIC,714560,Intermediate Small Bank Evaluation,,,06/01/2023,role,CRA Officer,"designated public-file contact, Pilgrim Bank",,"145 E Marshall St, Pittsburg, TX 75686",FDIC BankFind main office; 12 CFR __.43
2738,"First & Farmers National Bank, Inc.",KY,OCC,714152,Intermediate Small Bank,,,06/30/2025,role,CRA Officer,"designated public-file contact, First & Farmers National Bank, Inc.",,"2020 S Highway 27, Somerset, KY 42501",FDIC BankFind main office; 12 CFR __.43
26323,"Florida Capital Bank, National Association",FL,OCC,713145,Intermediate Small Bank,,,07/17/2023,role,CRA Officer,"designated public-file contact, Florida Capital Bank, National Association",,"10151 Deerwood Park Blvd Bldg 100 Ste 200, Jacksonville, FL 32256",FDIC BankFind main office; 12 CFR __.43
12082,South Side Trust & Savings Bank of Peoria,IL,FDIC,712873,Intermediate Small Bank Evaluation,High Satisfactory,High Satisfactory,03/01/2018,role,CRA Officer,"designated public-file contact, South Side Trust & Savings Bank of Peoria",,"2119 S.W. Adams Street, Peoria, IL 61602",FDIC BankFind main office; 12 CFR __.43
22065,Grand Bank,OK,FED,712799,Intermediate Small Bank Evaluation,High Satisfactory,Outstanding,12/01/2021,role,CRA Officer,"designated public-file contact, Grand Bank",,"2642 E 21st St, Tulsa, OK 74114",FDIC BankFind main office; 12 CFR __.43
34038,Time Bank,IL,FDIC,712767,Intermediate Small Bank Evaluation,,,04/01/2025,role,CRA Officer,"designated public-file contact, Time Bank",,"626 W Talcott Rd, Park Ridge, IL 60068",FDIC BankFind main office; 12 CFR __.43
19827,"Pioneer Trust Bank, National Association",OR,OCC,712508,Intermediate Small Bank,,,08/04/2025,role,CRA Officer,"designated public-file contact, Pioneer Trust Bank, National Association",,"109 Commercial St Ne, Salem, OR 97301",FDIC BankFind main office; 12 CFR __.43
90191,Eagle Bank,MA,FDIC,708976,Intermediate Small Bank Evaluation,,,12/01/2025,role,CRA Officer,"designated public-file contact, Eagle Bank",,"350 Broadway, Everett, MA 02149",FDIC BankFind main office; 12 CFR __.43
15243,Putnam County Bank,WV,FED,704221,Int Small Bank,Needs to Improve,High Satisfactory,"Dec 03, 2018",role,CRA Officer,"designated public-file contact, Putnam County Bank",,"2761 Main St, Hurricane, WV 25526",FDIC BankFind main office; 12 CFR __.43
3121,First Bank,TX,FDIC,703566,Intermediate Small Bank Evaluation,,,09/01/2023,role,CRA Officer,"designated public-file contact, First Bank",,"300 E 3rd St, Burkburnett, TX 76354",FDIC BankFind main office; 12 CFR __.43
33450,Arbor Bank,NE,FDIC,701698,Intermediate Small Bank Evaluation,,,10/01/2025,role,CRA Officer,"designated public-file contact, Arbor Bank",,"911 Central Ave, Nebraska City, NE 68410",FDIC BankFind main office; 12 CFR __.43
2725,The Citizens National Bank of Somerset,KY,OCC,700903,Intermediate Small Bank,,,05/31/2023,role,CRA Officer,"designated public-file contact, The Citizens National Bank of Somerset",,"44 Public Sq, Somerset, KY 42501",FDIC BankFind main office; 12 CFR __.43
20310,Rocky Mountain Bank,MT,FDIC,697123,Intermediate Small Bank Evaluation,High Satisfactory,Outstanding,10/01/2019,role,CRA Officer,"designated public-file contact, Rocky Mountain Bank",,"2615 King Ave W, Billings, MT 59102",FDIC BankFind main office; 12 CFR __.43
33009,County Bank,DE,FDIC,696396,Intermediate Small Bank Evaluation,,,10/01/2023,role,CRA Officer,"designated public-file contact, County Bank",,"19927 Shuttle Rd, Rehoboth Beach, DE 19971",FDIC BankFind main office; 12 CFR __.43
5867,Bank of Ocean City,MD,FDIC,694973,Intermediate Small Bank Evaluation,,,06/01/2024,role,CRA Officer,"designated public-file contact, Bank of Ocean City",,"10005 Golf Course Rd, Ocean City, MD 21842",FDIC BankFind main office; 12 CFR __.43
57124,First Community Bank of Central Alabama,AL,FDIC,694298,Intermediate Small Bank Evaluation,,,03/01/2024,role,CRA Officer,"designated public-file contact, First Community Bank of Central Alabama",,"715 Wilson St, Wetumpka, AL 36092",FDIC BankFind main office; 12 CFR __.43
8387,BankNorth,ND,FDIC,694056,Intermediate Small Bank Evaluation,,,08/01/2023,role,CRA Officer,"designated public-file contact, BankNorth",,"340 Main St, Arthur, ND 58006",FDIC BankFind main office; 12 CFR __.43
16652,Southwest Bank,TX,FDIC,693660,Intermediate Small Bank Evaluation,,,07/01/2024,role,CRA Officer,"designated public-file contact, Southwest Bank",,"4800 E 42nd St, Odessa, TX 79762",FDIC BankFind main office; 12 CFR __.43
2987,Baker-Boyer National Bank,WA,OCC,692859,Intermediate Small Bank,,,09/22/2025,role,CRA Officer,"designated public-file contact, Baker-Boyer National Bank",,"7 W Main St, Walla Walla, WA 99362",FDIC BankFind main office; 12 CFR __.43
34899,First Citrus Bank,FL,FDIC,692073,Intermediate Small Bank Evaluation,High Satisfactory,High Satisfactory,06/01/2021,role,CRA Officer,"designated public-file contact, First Citrus Bank",,"10824 N Dale Mabry Hwy, Tampa, FL 33618",FDIC BankFind main office; 12 CFR __.43
31028,HomeTown  Bank,MN,FDIC,691865,Intermediate Small Bank Evaluation,,,02/01/2024,role,CRA Officer,"designated public-file contact, HomeTown  Bank",,"1600 Monroe Drive, Carver, MN 55315",FDIC BankFind main office; 12 CFR __.43
3127,Citizens National Bank,TX,OCC,691811,Intermediate Small Bank,,,07/08/2024,named,Reza Aghamirzadeh,"EVP, Head of Community Development",,"118 S Houston Ave, Cameron, TX 76520","CBA Community Reinvestment Committee roster, 2026-08-26"
24472,American Nation Bank,OK,FED,691486,Int Small Bank,,,"Sep 27, 2021",role,CRA Officer,"designated public-file contact, American Nation Bank",,"1901 N Commerce St, Ardmore, OK 73401",FDIC BankFind main office; 12 CFR __.43
21883,TruPoint Bank,VA,FED,690754,Int Small Bank,,,"Oct 15, 2018",role,CRA Officer,"designated public-file contact, TruPoint Bank",,"20089 Riverside Dr, Grundy, VA 24614",FDIC BankFind main office; 12 CFR __.43
9647,Citizens Bank,IN,FDIC,690633,Intermediate Small Bank Evaluation,,,01/01/2026,named,Reza Aghamirzadeh,"EVP, Head of Community Development",,"33 N Indiana St, Mooresville, IN 46158","CBA Community Reinvestment Committee roster, 2026-08-26"
14869,Platte Valley Bank of Missouri,MO,FDIC,690421,Intermediate Small Bank Evaluation,High Satisfactory,High Satisfactory,07/01/2018,role,CRA Officer,"designated public-file contact, Platte Valley Bank of Missouri",,"2400 Prairie View Road, Platte City, MO 64079",FDIC BankFind main office; 12 CFR __.43
19401,Capital Bank,TX,FDIC,689721,Intermediate Small Bank Evaluation,,,02/01/2025,role,CRA Officer,"designated public-file contact, Capital Bank",,"10304 East Fwy, Jacinto City, TX 77029",FDIC BankFind main office; 12 CFR __.43
15898,First State Bank of Livingston,TX,FED,689298,Int Small Bank,,,"Mar 03, 2025",role,CRA Officer,"designated public-file contact, First State Bank of Livingston",,"112 W Polk St, Livingston, TX 77351",FDIC BankFind main office; 12 CFR __.43
11739,BankOrion,IL,FDIC,688077,Intermediate Small Bank Evaluation,,,02/01/2026,role,CRA Officer,"designated public-file contact, BankOrion",,"1114 4th St, Orion, IL 61273",FDIC BankFind main office; 12 CFR __.43
35407,Yampa Valley Bank,CO,FDIC,687604,Intermediate Small Bank Evaluation,,,10/01/2024,role,CRA Officer,"designated public-file contact, Yampa Valley Bank",,"600 S Lincoln Ave, Steamboat Springs, CO 80487",FDIC BankFind main office; 12 CFR __.43
4037,First National Bank and Trust Company of Ardmore,OK,OCC,686745,Intermediate Small Bank,,,10/13/2025,role,CRA Officer,"designated public-file contact, First National Bank and Trust Company of Ardmore",,"405 W Main St, Ardmore, OK 73401",FDIC BankFind main office; 12 CFR __.43
31516,First Federal Savings Bank,IN,OCC,686611,Intermediate Small Bank,,,07/31/2023,role,CRA Officer,"designated public-file contact, First Federal Savings Bank",,"301 E 9th St, Rochester, IN 46975",FDIC BankFind main office; 12 CFR __.43
4042,Legacy Bank,OK,FDIC,686469,Intermediate Small Bank Evaluation,,,03/01/2024,role,CRA Officer,"designated public-file contact, Legacy Bank",,"101 W Main St, Hinton, OK 73047",FDIC BankFind main office; 12 CFR __.43
7123,Jeff Bank,NY,FDIC,686247,Intermediate Small Bank Evaluation,,,02/01/2024,role,CRA Officer,"designated public-file contact, Jeff Bank",,"4864 State Route 52, Jeffersonville, NY 12748",FDIC BankFind main office; 12 CFR __.43
34759,Asian Bank,PA,FED,685892,Int Small Bank,,,"Jun 02, 2025",role,CRA Officer,"designated public-file contact, Asian Bank",,"1023 Race St, Philadelphia, PA 19107",FDIC BankFind main office; 12 CFR __.43
30397,Geddes Federal Savings and Loan Association,NY,OCC,685729,Intermediate Small Bank,,,08/21/2023,role,CRA Officer,"designated public-file contact, Geddes Federal Savings and Loan Association",,"2208 W Genesee St, Syracuse, NY 13219",FDIC BankFind main office; 12 CFR __.43
3178,Bank of Houston,TX,FDIC,685585,Intermediate Small Bank Evaluation,,,08/01/2024,role,CRA Officer,"designated public-file contact, Bank of Houston",,"4400 Post Oak Pkwy, Houston, TX 77027",FDIC BankFind main office; 12 CFR __.43
3612,MidAmerica National Bank,IL,OCC,685045,Intermediate Small Bank,,,01/05/2025,role,CRA Officer,"designated public-file contact, MidAmerica National Bank",,"100 W Elm St, Canton, IL 61520",FDIC BankFind main office; 12 CFR __.43
14331,FirstBank,OK,FED,684342,Int Small Bank,,,"Feb 23, 2026",role,CRA Officer,"designated public-file contact, FirstBank",,"100 N High St, Antlers, OK 74523",FDIC BankFind main office; 12 CFR __.43
25158,"Finance Factors, Ltd.",HI,FDIC,683726,Intermediate Small Bank Evaluation,,,03/01/2026,role,CRA Officer,"designated public-file contact, Finance Factors, Ltd.",,"1164 Bishop St, Honolulu, HI 96813",FDIC BankFind main office; 12 CFR __.43
27763,InFirst Bank,PA,FDIC,683196,Intermediate Small Bank Evaluation,,,05/01/2026,role,CRA Officer,"designated public-file contact, InFirst Bank",,"935 Philadelphia St, Indiana, PA 15701",FDIC BankFind main office; 12 CFR __.43
16276,"Constitution Bank, National Association",IL,OCC,683067,Intermediate Small Bank,,,12/04/2019,role,CRA Officer,"designated public-file contact, Constitution Bank, National Association",,"230 S Main St, Hillsboro, IL 62049",FDIC BankFind main office; 12 CFR __.43
10693,SimplyBank.,TN,FDIC,683028,Intermediate Small Bank Evaluation,,,11/01/2022,role,CRA Officer,"designated public-file contact, SimplyBank.",,"420 3rd Ave, Dayton, TN 37321",FDIC BankFind main office; 12 CFR __.43
5981,The Community Bank,OH,FDIC,680084,Intermediate Small Bank Evaluation,,,09/01/2024,role,CRA Officer,"designated public-file contact, The Community Bank",,"113 N 5th St, Zanesville, OH 43701",FDIC BankFind main office; 12 CFR __.43
13240,Denmark State Bank,WI,FDIC,679960,Intermediate Small Bank Evaluation,High Satisfactory,High Satisfactory,10/01/2020,role,CRA Officer,"designated public-file contact, Denmark State Bank",,"103 Main St, Denmark, WI 54208",FDIC BankFind main office; 12 CFR __.43
32838,"Community First Bank, Inc.",SC,FDIC,679834,Intermediate Small Bank Evaluation,High Satisfactory,High Satisfactory,02/01/2022,role,CRA Officer,"designated public-file contact, Community First Bank, Inc.",,"3685 Blue Ridge Blvd, Walhalla, SC 29691",FDIC BankFind main office; 12 CFR __.43
30111,Oconee Federal Savings and Loan Association,SC,OCC,679380,Intermediate Small Bank,,,03/04/2024,role,CRA Officer,"designated public-file contact, Oconee Federal Savings and Loan Association",,"115 E North 2nd St, Seneca, SC 29678",FDIC BankFind main office; 12 CFR __.43
29332,First Southern Bank,AL,FDIC,679154,Intermediate Small Bank Evaluation,,,11/01/2023,role,CRA Officer,"designated public-file contact, First Southern Bank",,"201 S Court Street, Florence, AL 35630",FDIC BankFind main office; 12 CFR __.43
29624,First Federal Savings and Loan Association of McMinnville,OR,OCC,678693,Intermediate Small Bank,,,02/24/2025,role,CRA Officer,"designated public-file contact, First Federal Savings and Loan Association of McMinnville",,"118 Ne 3rd St, Mcminnville, OR 97128",FDIC BankFind main office; 12 CFR __.43
2850,Farmers Bank,ID,FDIC,678408,Intermediate Small Bank Evaluation,,,05/01/2023,role,CRA Officer,"designated public-file contact, Farmers Bank",,"914 Main St, Buhl, ID 83316",FDIC BankFind main office; 12 CFR __.43
90146,Athol Savings Bank,MA,FDIC,677842,Intermediate Small Bank Evaluation,,,11/01/2023,role,CRA Officer,"designated public-file contact, Athol Savings Bank",,"388 Main St, Athol, MA 01331",FDIC BankFind main office; 12 CFR __.43
33508,State Bank of Arizona,AZ,FDIC,677589,Intermediate Small Bank Evaluation,High Satisfactory,Outstanding,02/01/2019,role,CRA Officer,"designated public-file contact, State Bank of Arizona",,"1771 Mcculloch Boulevard, Lake Havasu City, AZ 86403",FDIC BankFind main office; 12 CFR __.43
5306,The Stephenson National Bank and Trust,WI,OCC,676836,Intermediate Small Bank,,,10/20/2025,role,CRA Officer,"designated public-file contact, The Stephenson National Bank and Trust",,"1818 Hall Ave, Marinette, WI 54143",FDIC BankFind main office; 12 CFR __.43
20993,The Hardin County Bank,TN,FED,676671,Int Small Bank,,,"Jan 22, 2024",role,CRA Officer,"designated public-file contact, The Hardin County Bank",,"235 Wayne Rd, Savannah, TN 38372",FDIC BankFind main office; 12 CFR __.43
4419,Springs Valley Bank & Trust Company,IN,FDIC,675306,Intermediate Small Bank Evaluation,,,01/01/2025,role,CRA Officer,"designated public-file contact, Springs Valley Bank & Trust Company",,"8482 W State Road 56, French Lick, IN 47432",FDIC BankFind main office; 12 CFR __.43
17453,Apple River State Bank,IL,FDIC,675231,Intermediate Small Bank Evaluation,,,10/01/2024,role,CRA Officer,"designated public-file contact, Apple River State Bank",,"103 Main St, Apple River, IL 61001",FDIC BankFind main office; 12 CFR __.43
444,PS Bank,PA,FDIC,674545,Intermediate Small Bank Evaluation,,,05/01/2025,role,CRA Officer,"designated public-file contact, PS Bank",,"42621 Route 6, Wyalusing, PA 18853",FDIC BankFind main office; 12 CFR __.43
15321,First State Bank,IA,FDIC,674287,Intermediate Small Bank Evaluation,,,02/01/2024,role,CRA Officer,"designated public-file contact, First State Bank",,"505 2nd St, Webster City, IA 50595",FDIC BankFind main office; 12 CFR __.43
7659,New Tripoli Bank,PA,FED,673984,Int Small Bank,,,"Jan 09, 2023",role,CRA Officer,"designated public-file contact, New Tripoli Bank",,"6748 Madison St, New Tripoli, PA 18066",FDIC BankFind main office; 12 CFR __.43
34627,Community First Bank,WA,FDIC,672009,Intermediate Small Bank Evaluation,,,11/01/2024,role,CRA Officer,"designated public-file contact, Community First Bank",,"6401 W Clearwater Ave, Kennewick, WA 99336",FDIC BankFind main office; 12 CFR __.43
5216,American Bank of the North,MN,FDIC,671717,Intermediate Small Bank Evaluation,High Satisfactory,High Satisfactory,11/01/2019,role,CRA Officer,"designated public-file contact, American Bank of the North",,"117 Central Avenue, Nashwauk, MN 55769",FDIC BankFind main office; 12 CFR __.43
11580,The Bank of Southside Virginia,VA,FDIC,670315,Intermediate Small Bank Evaluation,,,06/01/2025,role,CRA Officer,"designated public-file contact, The Bank of Southside Virginia",,"17208 Halligan Park Rd, Carson, VA 23830",FDIC BankFind main office; 12 CFR __.43
2718,"Citizens Bank of Kentucky, Inc.",KY,FED,669889,Int Small Bank,,,"Nov 29, 2021",role,CRA Officer,"designated public-file contact, Citizens Bank of Kentucky, Inc.",,"620 Broadway St, Paintsville, KY 41240",FDIC BankFind main office; 12 CFR __.43
18031,Woodsville Guaranty Savings Bank,NH,FDIC,669249,Intermediate Small Bank Evaluation,,,03/01/2024,role,CRA Officer,"designated public-file contact, Woodsville Guaranty Savings Bank",,"63 Central St, Woodsville, NH 03785",FDIC BankFind main office; 12 CFR __.43
15345,TXN Bank,TX,FED,669161,Int Small Bank,,,"Jun 02, 2025",role,CRA Officer,"designated public-file contact, TXN Bank",,"103 19th Street, Hondo, TX 78861",FDIC BankFind main office; 12 CFR __.43
20250,Marine Bank,IL,FDIC,668662,Intermediate Small Bank Evaluation,High Satisfactory,High Satisfactory,09/01/2022,role,CRA Officer,"designated public-file contact, Marine Bank",,"3050 Wabash Ave, Springfield, IL 62704",FDIC BankFind main office; 12 CFR __.43
15496,First State Bank of Blakely,GA,FDIC,668198,Intermediate Small Bank Evaluation,,,03/01/2024,role,CRA Officer,"designated public-file contact, First State Bank of Blakely",,"2213 S Main St, Blakely, GA 39823",FDIC BankFind main office; 12 CFR __.43
7613,Pennian Bank,PA,FDIC,667947,Intermediate Small Bank Evaluation,,,01/01/2026,role,CRA Officer,"designated public-file contact, Pennian Bank",,"2 N Main St, Mifflintown, PA 17059",FDIC BankFind main office; 12 CFR __.43
9536,Community State Bank,WI,FDIC,667468,Intermediate Small Bank Evaluation,,,07/01/2024,role,CRA Officer,"designated public-file contact, Community State Bank",,"1500 Main St, Union Grove, WI 53182",FDIC BankFind main office; 12 CFR __.43
9803,Bank of Odessa,MO,FDIC,667099,Intermediate Small Bank Evaluation,,,02/01/2026,role,CRA Officer,"designated public-file contact, Bank of Odessa",,"301 W Us Highway 40, Odessa, MO 64076",FDIC BankFind main office; 12 CFR __.43
8527,Concordia Bank & Trust Company,LA,FDIC,667023,Intermediate Small Bank Evaluation,,,12/01/2025,role,CRA Officer,"designated public-file contact, Concordia Bank & Trust Company",,"904 Carter St, Vidalia, LA 71373",FDIC BankFind main office; 12 CFR __.43
11952,"The Poca Valley Bank, Inc.",WV,FDIC,666227,Intermediate Small Bank Evaluation,,,11/01/2024,role,CRA Officer,"designated public-file contact, The Poca Valley Bank, Inc.",,"7033 Charleston Rd, Walton, WV 25286",FDIC BankFind main office; 12 CFR __.43
16539,Metairie Bank & Trust Company,LA,FDIC,666037,Intermediate Small Bank Evaluation,,,10/01/2023,role,CRA Officer,"designated public-file contact, Metairie Bank & Trust Company",,"3344 Metairie Rd, Metairie, LA 70001",FDIC BankFind main office; 12 CFR __.43
19143,United Community Bank,LA,FDIC,665541,Intermediate Small Bank Evaluation,,,05/01/2024,role,CRA Officer,"designated public-file contact, United Community Bank",,"4626 Highway 1, Raceland, LA 70394",FDIC BankFind main office; 12 CFR __.43
13632,First State Bank,AR,FED,665372,Int Small Bank,,,"Dec 02, 2024",role,CRA Officer,"designated public-file contact, First State Bank",,"3103 E Main St, Russellville, AR 72802",FDIC BankFind main office; 12 CFR __.43
24353,First Community Bank,TX,FDIC,662791,Intermediate Small Bank Evaluation,,,06/01/2025,role,CRA Officer,"designated public-file contact, First Community Bank",,"416 N Water St, Corpus Christi, TX 78401",FDIC BankFind main office; 12 CFR __.43
35441,Four Corners Community Bank,NM,FDIC,662303,Intermediate Small Bank Evaluation,,,06/01/2024,role,CRA Officer,"designated public-file contact, Four Corners Community Bank",,"500 W Main St, Farmington, NM 87401",FDIC BankFind main office; 12 CFR __.43
12241,Washington County Bank,NE,FDIC,662263,Intermediate Small Bank Evaluation,,,08/01/2023,role,CRA Officer,"designated public-file contact, Washington County Bank",,"1523 Washington St, Blair, NE 68008",FDIC BankFind main office; 12 CFR __.43
19795,AbbyBank,WI,FDIC,662202,Intermediate Small Bank Evaluation,,,06/01/2024,role,CRA Officer,"designated public-file contact, AbbyBank",,"401 E Spruce St, Abbotsford, WI 54405",FDIC BankFind main office; 12 CFR __.43
2380,Carroll Bank and Trust,TN,FED,662057,Int Small Bank,,,"Jun 03, 2024",role,CRA Officer,"designated public-file contact, Carroll Bank and Trust",,"19510 Main St W, Huntingdon, TN 38344",FDIC BankFind main office; 12 CFR __.43
16595,CCB Community Bank,AL,FDIC,661943,Intermediate Small Bank Evaluation,,,07/01/2025,role,CRA Officer,"designated public-file contact, CCB Community Bank",,"225 E Three Notch St, Andalusia, AL 36420",FDIC BankFind main office; 12 CFR __.43
30350,The Bank of Bennington,VT,OCC,661897,Intermediate Small Bank,,,08/18/2025,role,CRA Officer,"designated public-file contact, The Bank of Bennington",,"155 North St, Bennington, VT 05201",FDIC BankFind main office; 12 CFR __.43
57540,The Hometown Bank of Alabama,AL,FDIC,660676,Intermediate Small Bank Evaluation,,,11/01/2023,role,CRA Officer,"designated public-file contact, The Hometown Bank of Alabama",,"2002 2nd Ave E, Oneonta, AL 35121",FDIC BankFind main office; 12 CFR __.43
10678,The Muncy Bank and Trust Company,PA,FDIC,659970,Intermediate Small Bank Evaluation,,,03/01/2023,role,CRA Officer,"designated public-file contact, The Muncy Bank and Trust Company",,"2 N Main St, Muncy, PA 17756",FDIC BankFind main office; 12 CFR __.43
15684,Border Bank,MN,FDIC,659968,Intermediate Small Bank Evaluation,High Satisfactory,High Satisfactory,10/01/2020,role,CRA Officer,"designated public-file contact, Border Bank",,"133 Main Street North, Greenbush, MN 56726",FDIC BankFind main office; 12 CFR __.43
18748,Bruning Bank,NE,FDIC,659944,Intermediate Small Bank Evaluation,,,05/01/2024,role,CRA Officer,"designated public-file contact, Bruning Bank",,"104 E Main St, Bruning, NE 68322",FDIC BankFind main office; 12 CFR __.43
23144,South Louisiana Bank,LA,FDIC,659836,Intermediate Small Bank Evaluation,,,05/01/2025,role,CRA Officer,"designated public-file contact, South Louisiana Bank",,"1362 W Tunnel Blvd, Houma, LA 70360",FDIC BankFind main office; 12 CFR __.43
1219,Wellington State Bank,TX,FED,659733,Int Small Bank,,,"Oct 23, 2023",role,CRA Officer,"designated public-file contact, Wellington State Bank",,"1000 8th St, Wellington, TX 79095",FDIC BankFind main office; 12 CFR __.43
14185,"First State Bank and Trust Company, Inc.",MO,FED,658983,Int Small Bank,,,"Oct 20, 2025",role,CRA Officer,"designated public-file contact, First State Bank and Trust Company, Inc.",,"100 W 3rd St, Caruthersville, MO 63830",FDIC BankFind main office; 12 CFR __.43
22366,GBC International Bank,CA,FDIC,658463,Intermediate Small Bank Evaluation,,,01/01/2026,role,CRA Officer,"designated public-file contact, GBC International Bank",,"333 S Grand Ave, Los Angeles, CA 90071",FDIC BankFind main office; 12 CFR __.43
35365,Bank of Oak Ridge,NC,FED,658107,Intermediate Small Bank Evaluation,High Satisfactory,High Satisfactory,04/01/2020,role,CRA Officer,"designated public-file contact, Bank of Oak Ridge",,"2211 Oak Ridge Rd, Oak Ridge, NC 27310",FDIC BankFind main office; 12 CFR __.43
30394,Carver Federal Savings Bank,NY,OCC,658052,Intermediate Small Bank,,,06/16/2025,role,CRA Officer,"designated public-file contact, Carver Federal Savings Bank",,"75 W 125th St, New York, NY 10027",FDIC BankFind main office; 12 CFR __.43
57741,First Southwest Bank,CO,FDIC,657464,Intermediate Small Bank Evaluation,,,09/01/2023,role,CRA Officer,"designated public-file contact, First Southwest Bank",,"600 E 2nd Ave, Durango, CO 81301",FDIC BankFind main office; 12 CFR __.43
3126,"Classic Bank, National Association",TX,OCC,657456,Intermediate Small Bank,,,07/22/2024,role,CRA Officer,"designated public-file contact, Classic Bank, National Association",,"102 N Houston Ave, Cameron, TX 76520",FDIC BankFind main office; 12 CFR __.43
34233,Marine Bank & Trust Company,FL,FDIC,657265,Intermediate Small Bank Evaluation,,,10/01/2024,role,CRA Officer,"designated public-file contact, Marine Bank & Trust Company",,"571 Beachland Blvd, Vero Beach, FL 32963",FDIC BankFind main office; 12 CFR __.43
6354,"First Hope Bank, A National Banking Association",NJ,OCC,656678,Intermediate Small Bank,,,02/24/2020,role,CRA Officer,"designated public-file contact, First Hope Bank, A National Banking Association",,"1301 Hope Bridgeville Rd., Hope, NJ 07844",FDIC BankFind main office; 12 CFR __.43
17320,Peoples Bank & Trust,IL,FDIC,656601,Intermediate Small Bank Evaluation,,,01/01/2026,role,CRA Officer,"designated public-file contact, Peoples Bank & Trust",,"200 S Locust St, Pana, IL 62557",FDIC BankFind main office; 12 CFR __.43
57414,Worthington Bank,TX,FED,655440,Int Small Bank,,,"Apr 07, 2025",role,CRA Officer,"designated public-file contact, Worthington Bank",,"200 W Main St, Arlington, TX 76010",FDIC BankFind main office; 12 CFR __.43
28368,"Middlesex Federal Savings, F.A.",MA,OCC,654367,Intermediate Small Bank,,,09/09/2024,role,CRA Officer,"designated public-file contact, Middlesex Federal Savings, F.A.",,"1 College Ave, Somerville, MA 02144",FDIC BankFind main office; 12 CFR __.43
12781,Hometown Bank,WI,FDIC,653980,Intermediate Small Bank Evaluation,,,10/01/2022,role,CRA Officer,"designated public-file contact, Hometown Bank",,"80 Sheboygan St, Fond Du Lac, WI 54935",FDIC BankFind main office; 12 CFR __.43
4465,"Midstates Bank, National Association",IA,OCC,653874,Intermediate Small Bank,,,06/26/2023,role,CRA Officer,"designated public-file contact, Midstates Bank, National Association",,"1851 Madison Ave, Council Bluffs, IA 51503",FDIC BankFind main office; 12 CFR __.43
57740,Pacific Valley Bank,CA,FDIC,653300,Intermediate Small Bank Evaluation,,,05/01/2023,role,CRA Officer,"designated public-file contact, Pacific Valley Bank",,"150 Main St, Salinas, CA 93901",FDIC BankFind main office; 12 CFR __.43
5495,Citizens State Bank,NE,FED,652991,Int Small Bank,,,"Nov 04, 2019",role,CRA Officer,"designated public-file contact, Citizens State Bank",,"921 Avenue E, Wisner, NE 68791",FDIC BankFind main office; 12 CFR __.43
19001,First Midwest Bank of Dexter,MO,FDIC,652045,Intermediate Small Bank Evaluation,,,09/01/2025,role,CRA Officer,"designated public-file contact, First Midwest Bank of Dexter",,"819 West Business Highway 60, Dexter, MO 63841",FDIC BankFind main office; 12 CFR __.43
16101,The Milford Bank,CT,FDIC,652010,Intermediate Small Bank Evaluation,,,07/01/2023,role,CRA Officer,"designated public-file contact, The Milford Bank",,"33 Broad St, Milford, CT 06460",FDIC BankFind main office; 12 CFR __.43
18880,First National Bank of Gillette,WY,OCC,651928,Intermediate Small Bank,,,04/22/2024,role,CRA Officer,"designated public-file contact, First National Bank of Gillette",,"319 S Gillette Ave, Gillette, WY 82716",FDIC BankFind main office; 12 CFR __.43
35406,BankVista,MN,FDIC,651092,Intermediate Small Bank Evaluation,,,11/01/2023,role,CRA Officer,"designated public-file contact, BankVista",,"125 Twin Rivers Ct, Sartell, MN 56377",FDIC BankFind main office; 12 CFR __.43
8321,Stockmens Bank,CO,FDIC,650796,Intermediate Small Bank Evaluation,,,02/01/2026,role,CRA Officer,"designated public-file contact, Stockmens Bank",,"25 N Cascade Ave, Colorado Springs, CO 80903",FDIC BankFind main office; 12 CFR __.43
15771,Northeast Georgia Bank,GA,FDIC,650600,Intermediate Small Bank Evaluation,,,09/01/2025,role,CRA Officer,"designated public-file contact, Northeast Georgia Bank",,"12461 Augusta Rd, Lavonia, GA 30553",FDIC BankFind main office; 12 CFR __.43
25883,First Eagle  Bank,IL,FED,649615,Int Small Bank,,,"Nov 05, 2018",role,CRA Officer,"designated public-file contact, First Eagle  Bank",,"1201 W Madison St, Chicago, IL 60607",FDIC BankFind main office; 12 CFR __.43
15690,Clear Lake Bank and Trust Company,IA,FED,649331,Int Small Bank,,,"Oct 21, 2019",role,CRA Officer,"designated public-file contact, Clear Lake Bank and Trust Company",,"322 Main Ave, Clear Lake, IA 50428",FDIC BankFind main office; 12 CFR __.43
17108,"Community Bank & Trust, Waco, Texas",TX,FDIC,649072,Intermediate Small Bank Evaluation,,,07/01/2025,role,CRA Officer,"designated public-file contact, Community Bank & Trust, Waco, Texas",,"1800 Washington Ave, Waco, TX 76701",FDIC BankFind main office; 12 CFR __.43
30117,Reliance Savings Bank,PA,FDIC,648920,Intermediate Small Bank Evaluation,,,06/01/2023,role,CRA Officer,"designated public-file contact, Reliance Savings Bank",,"1300 11th Avenue, Altoona, PA 16601",FDIC BankFind main office; 12 CFR __.43
17685,Outdoor Bank,KS,FDIC,648754,Intermediate Small Bank Evaluation,,,04/01/2026,role,CRA Officer,"designated public-file contact, Outdoor Bank",,"2401 N Seth Child Rd, Manhattan, KS 66503",FDIC BankFind main office; 12 CFR __.43
22398,"Modern Bank, National Association",NY,OCC,648549,Wholesale Bank,,,02/05/2024,role,CRA Officer,"designated public-file contact, Modern Bank, National Association",,"410 Park Ave, New York, NY 10022",FDIC BankFind main office; 12 CFR __.43
1513,Citizens State Bank of La Crosse,WI,FDIC,648501,Intermediate Small Bank Evaluation,,,08/01/2025,role,CRA Officer,"designated public-file contact, Citizens State Bank of La Crosse",,"620 Main St, La Crosse, WI 54601",FDIC BankFind main office; 12 CFR __.43
1868,The Bank of Tescott,KS,FDIC,648341,Intermediate Small Bank Evaluation,,,09/01/2023,role,CRA Officer,"designated public-file contact, The Bank of Tescott",,"104 S Main St, Tescott, KS 67484",FDIC BankFind main office; 12 CFR __.43
29995,Phoenixville Federal Bank and Trust,PA,FDIC,648020,Intermediate Small Bank Evaluation,,,10/01/2023,role,CRA Officer,"designated public-file contact, Phoenixville Federal Bank and Trust",,"564 Nutt Rd, Phoenixville, PA 19460",FDIC BankFind main office; 12 CFR __.43
11934,Dominion Bank,TX,FDIC,647363,Intermediate Small Bank Evaluation,,,12/01/2023,role,CRA Officer,"designated public-file contact, Dominion Bank",,"17304 Preston Rd, Dallas, TX 75252",FDIC BankFind main office; 12 CFR __.43
26487,Walpole Co-operative Bank,MA,FED,646470,Int Small Bank,,,"May 08, 2023",role,CRA Officer,"designated public-file contact, Walpole Co-operative Bank",,"982 Main St, Walpole, MA 02081",FDIC BankFind main office; 12 CFR __.43
4290,The First National Bank of Jeanerette,LA,OCC,646453,Intermediate Small Bank,,,11/17/2025,role,CRA Officer,"designated public-file contact, The First National Bank of Jeanerette",,"1331 Main St, Jeanerette, LA 70544",FDIC BankFind main office; 12 CFR __.43
58345,Marquis Bank,FL,FDIC,646038,Intermediate Small Bank Evaluation,High Satisfactory,High Satisfactory,07/01/2018,role,CRA Officer,"designated public-file contact, Marquis Bank",,"355 Alhambra Circle, Suite 125, Coral Gables, FL 33134",FDIC BankFind main office; 12 CFR __.43
9263,Stillman BancCorp N.A.,IL,OCC,645634,Intermediate Small Bank,,,12/10/2024,role,CRA Officer,"designated public-file contact, Stillman BancCorp N.A.",,"101 E Main St, Stillman Valley, IL 61084",FDIC BankFind main office; 12 CFR __.43
29875,NVE Bank,NJ,FDIC,645178,Intermediate Small Bank Evaluation,,,11/01/2023,role,CRA Officer,"designated public-file contact, NVE Bank",,"76 Engle St, Englewood, NJ 07631",FDIC BankFind main office; 12 CFR __.43
27654,Home Federal Bank,LA,OCC,644022,Intermediate Small Bank,,,03/04/2024,role,CRA Officer,"designated public-file contact, Home Federal Bank",,"222 Florida St, Shreveport, LA 71105",FDIC BankFind main office; 12 CFR __.43
15444,American State Bank & Trust Company of Williston,ND,FDIC,643470,Intermediate Small Bank Evaluation,,,02/01/2025,role,CRA Officer,"designated public-file contact, American State Bank & Trust Company of Williston",,"223 Main St, Williston, ND 58801",FDIC BankFind main office; 12 CFR __.43
10886,Legence Bank,IL,FDIC,642942,Intermediate Small Bank Evaluation,,,08/01/2023,role,CRA Officer,"designated public-file contact, Legence Bank",,"1108 Us Highway 45 N, Eldorado, IL 62930",FDIC BankFind main office; 12 CFR __.43
2359,Mauch Chunk Trust Company,PA,FDIC,642783,Intermediate Small Bank Evaluation,,,11/01/2023,role,CRA Officer,"designated public-file contact, Mauch Chunk Trust Company",,"1111 North St, Jim Thorpe, PA 18229",FDIC BankFind main office; 12 CFR __.43
13703,Greenville National Bank,OH,OCC,641498,Intermediate Small Bank,,,03/30/2020,role,CRA Officer,"designated public-file contact, Greenville National Bank",,"446 S Broadway St, Greenville, OH 45331",FDIC BankFind main office; 12 CFR __.43
1047,Bank & Trust Company,IL,FDIC,641344,Intermediate Small Bank Evaluation,,,05/01/2024,role,CRA Officer,"designated public-file contact, Bank & Trust Company",,"401 N Madison St, Litchfield, IL 62056",FDIC BankFind main office; 12 CFR __.43
12506,Industry State Bank,TX,FDIC,641203,Intermediate Small Bank Evaluation,High Satisfactory,High Satisfactory,07/01/2022,role,CRA Officer,"designated public-file contact, Industry State Bank",,"16886 Fordtran Blvd, Industry, TX 78944",FDIC BankFind main office; 12 CFR __.43
33136,Woodlands Bank,PA,FED,640262,Int Small Bank,,,"Sep 20, 2021",role,CRA Officer,"designated public-file contact, Woodlands Bank",,"2450 E 3rd St, Williamsport, PA 17701",FDIC BankFind main office; 12 CFR __.43
3103,The State National Bank of Big Spring,TX,OCC,640047,Intermediate Small Bank,,,04/30/2024,role,CRA Officer,"designated public-file contact, The State National Bank of Big Spring",,"901 S Main St, Big Spring, TX 79720",FDIC BankFind main office; 12 CFR __.43
18592,First Bank of Owasso,OK,FDIC,639268,Intermediate Small Bank Evaluation,,,01/01/2026,role,CRA Officer,"designated public-file contact, First Bank of Owasso",,"8601 N Garnett Rd, Owasso, OK 74055",FDIC BankFind main office; 12 CFR __.43
28930,Verimore Bank,MO,FED,639088,Int Small Bank,,,"Dec 01, 2025",role,CRA Officer,"designated public-file contact, Verimore Bank",,"300 W Lockling St, Brookfield, MO 64628",FDIC BankFind main office; 12 CFR __.43
977,Tri-County Bank,MI,FED,638618,Int Small Bank,,,"Aug 14, 2023",role,CRA Officer,"designated public-file contact, Tri-County Bank",,"4190 Main St, Brown City, MI 48416",FDIC BankFind main office; 12 CFR __.43
23966,OneUnited Bank,MA,FDIC,637943,Intermediate Small Bank Evaluation,,,06/01/2026,role,CRA Officer,"designated public-file contact, OneUnited Bank",,"185 Devonshire St, Boston, MA 02110",FDIC BankFind main office; 12 CFR __.43
9967,American State Bank,TX,FED,637822,Int Small Bank,,,"Sep 26, 2022",role,CRA Officer,"designated public-file contact, American State Bank",,"102 W Front, Arp, TX 75750",FDIC BankFind main office; 12 CFR __.43
26411,Haverhill Bank,MA,FDIC,636836,Intermediate Small Bank Evaluation,,,08/01/2024,role,CRA Officer,"designated public-file contact, Haverhill Bank",,"180 Merrimack St, Haverhill, MA 01830",FDIC BankFind main office; 12 CFR __.43
12616,Legends Bank,MO,FDIC,635540,Intermediate Small Bank Evaluation,,,02/01/2025,role,CRA Officer,"designated public-file contact, Legends Bank",,"200 E Main St, Linn, MO 65051",FDIC BankFind main office; 12 CFR __.43
19525,Mt. McKinley Bank,AK,FDIC,635232,Intermediate Small Bank Evaluation,,,01/01/2025,role,CRA Officer,"designated public-file contact, Mt. McKinley Bank",,"500 4th Ave, Fairbanks, AK 99701",FDIC BankFind main office; 12 CFR __.43
30428,Century Savings Bank,NJ,FDIC,634824,Intermediate Small Bank Evaluation,,,12/01/2023,role,CRA Officer,"designated public-file contact, Century Savings Bank",,"1376 W Sherman Ave, Vineland, NJ 08360",FDIC BankFind main office; 12 CFR __.43
3034,First National Bank Colorado,CO,OCC,634277,Intermediate Small Bank,,,07/05/2023,role,CRA Officer,"designated public-file contact, First National Bank Colorado",,"535 Bent Ave, Las Animas, CO 81054",FDIC BankFind main office; 12 CFR __.43
11595,Community First Bank,WI,FED,634077,Int Small Bank,,,"Aug 12, 2024",role,CRA Officer,"designated public-file contact, Community First Bank",,"925 Wisconsin Ave, Boscobel, WI 53805",FDIC BankFind main office; 12 CFR __.43
9507,The Bank of Marion,VA,FED,634069,Large Bank,Low Satisfactory,Low Satisfactory,"Oct 19, 2020",role,CRA Officer,"designated public-file contact, The Bank of Marion",,"102 W Main St, Marion, VA 24354",FDIC BankFind main office; 12 CFR __.43
1900,First Independent Bank,MN,FDIC,632336,Intermediate Small Bank Evaluation,,,03/01/2024,role,CRA Officer,"designated public-file contact, First Independent Bank",,"300 Front St, Russell, MN 56169",FDIC BankFind main office; 12 CFR __.43
26564,Delta Bank,LA,FDIC,631971,Intermediate Small Bank Evaluation,,,03/01/2024,role,CRA Officer,"designated public-file contact, Delta Bank",,"1617 Carter St, Vidalia, LA 71373",FDIC BankFind main office; 12 CFR __.43
35497,Quaint Oak Bank,PA,FDIC,631468,Intermediate Small Bank Evaluation,,,01/01/2025,role,CRA Officer,"designated public-file contact, Quaint Oak Bank",,"501 Knowles Ave, Southampton, PA 18966",FDIC BankFind main office; 12 CFR __.43
4288,First National Bank of Louisiana,LA,OCC,631070,Intermediate Small Bank,,,01/12/2026,role,CRA Officer,"designated public-file contact, First National Bank of Louisiana",,"128 N Parkerson Ave, Crowley, LA 70526",FDIC BankFind main office; 12 CFR __.43
20311,American Bank,MT,FDIC,630350,Intermediate Small Bank Evaluation,,,05/01/2024,role,CRA Officer,"designated public-file contact, American Bank",,"1632 W Main St, Bozeman, MT 59715",FDIC BankFind main office; 12 CFR __.43
29177,BankTennessee,TN,FED,630255,Int Small Bank,,,"Mar 24, 2025",role,CRA Officer,"designated public-file contact, BankTennessee",,"1125 W Poplar Ave, Collierville, TN 38017",FDIC BankFind main office; 12 CFR __.43
14276,"First Bank, Upper Michigan",MI,FDIC,629487,Intermediate Small Bank Evaluation,,,11/01/2024,role,CRA Officer,"designated public-file contact, First Bank, Upper Michigan",,"1400 Delta Ave, Gladstone, MI 49837",FDIC BankFind main office; 12 CFR __.43
27086,Charlotte State Bank & Trust,FL,FDIC,629389,Intermediate Small Bank Evaluation,High Satisfactory,High Satisfactory,09/01/2020,role,CRA Officer,"designated public-file contact, Charlotte State Bank & Trust",,"1100 Tamiami Trl, Port Charlotte, FL 33953",FDIC BankFind main office; 12 CFR __.43
15272,Marion County State Bank,IA,FDIC,628650,Intermediate Small Bank Evaluation,,,02/01/2024,role,CRA Officer,"designated public-file contact, Marion County State Bank",,"800 Main St, Pella, IA 50219",FDIC BankFind main office; 12 CFR __.43
35513,Community Bank of Pickens County,GA,FDIC,628587,Intermediate Small Bank Evaluation,,,03/01/2026,role,CRA Officer,"designated public-file contact, Community Bank of Pickens County",,"15 Sammy Mcghee Blvd, Jasper, GA 30143",FDIC BankFind main office; 12 CFR __.43
17580,FNBT BANK,FL,FDIC,628511,Intermediate Small Bank Evaluation,,,09/01/2023,role,CRA Officer,"designated public-file contact, FNBT BANK",,"29 Eglin Pkwy Ne, Fort Walton Beach, FL 32548",FDIC BankFind main office; 12 CFR __.43
5635,CS Bank,AR,FED,628453,Intermediate Small Bank Evaluation,,,03/01/2023,role,CRA Officer,"designated public-file contact, CS Bank",,"70 S Main St, Eureka Springs, AR 72632",FDIC BankFind main office; 12 CFR __.43
58691,BlueHarbor Bank,NC,FDIC,628408,Intermediate Small Bank Evaluation,,,08/01/2025,role,CRA Officer,"designated public-file contact, BlueHarbor Bank",,"106 Corporate Park Dr, Mooresville, NC 28117",FDIC BankFind main office; 12 CFR __.43
9322,Cross Keys Bank,LA,FDIC,627030,Intermediate Small Bank Evaluation,,,10/01/2023,role,CRA Officer,"designated public-file contact, Cross Keys Bank",,"307 Plank Rd, Saint Joseph, LA 71366",FDIC BankFind main office; 12 CFR __.43
27686,Slovenian Savings and Loan Association of Canonsburg,PA,FDIC,626985,Intermediate Small Bank Evaluation,,,02/01/2025,role,CRA Officer,"designated public-file contact, Slovenian Savings and Loan Association of Canonsburg",,"130 Boone Ave, Strabane, PA 15363",FDIC BankFind main office; 12 CFR __.43
4619,Exchange Bank & Trust,KS,FDIC,626801,Intermediate Small Bank Evaluation,,,05/01/2025,role,CRA Officer,"designated public-file contact, Exchange Bank & Trust",,"600 Commercial St, Atchison, KS 66002",FDIC BankFind main office; 12 CFR __.43
30464,Huntingdon Valley Bank,PA,FDIC,626740,Intermediate Small Bank Evaluation,High Satisfactory,High Satisfactory,02/01/2022,role,CRA Officer,"designated public-file contact, Huntingdon Valley Bank",,"2617 Huntingdon Pike, Huntingdon Valley, PA 19006",FDIC BankFind main office; 12 CFR __.43
20268,Scale Bank,MN,FDIC,626677,Strategic Plan Evaluation,,,05/01/2025,role,CRA Officer,"designated public-file contact, Scale Bank",,"7600 Parklawn Ave, Edina, MN 55435",FDIC BankFind main office; 12 CFR __.43
23886,"American Bank, National Association",TX,OCC,625218,Intermediate Small Bank,,,05/12/2025,role,CRA Officer,"designated public-file contact, American Bank, National Association",,"200 W State Highway 6, Waco, TX 76712",FDIC BankFind main office; 12 CFR __.43
9410,Tioga State Bank National Association,NY,OCC,625189,Intermediate Small Bank,,,12/30/2024,role,CRA Officer,"designated public-file contact, Tioga State Bank National Association",,"1 N Main St, Spencer, NY 14883",FDIC BankFind main office; 12 CFR __.43
5685,Southeastern Bank,GA,FDIC,624919,Intermediate Small Bank Evaluation,,,11/01/2024,role,CRA Officer,"designated public-file contact, Southeastern Bank",,"1010 North Way, Darien, GA 31305",FDIC BankFind main office; 12 CFR __.43
57505,Liberty National Bank,IA,OCC,624382,Intermediate Small Bank,,,06/02/2025,role,CRA Officer,"designated public-file contact, Liberty National Bank",,"4425 Singing Hills Blvd, Sioux City, IA 51106",FDIC BankFind main office; 12 CFR __.43
21784,First Port City Bank,GA,FDIC,623944,Intermediate Small Bank Evaluation,,,01/01/2026,role,CRA Officer,"designated public-file contact, First Port City Bank",,"400 W Shotwell St, Bainbridge, GA 39819",FDIC BankFind main office; 12 CFR __.43
17348,South Story Bank & Trust,IA,FDIC,623907,Intermediate Small Bank Evaluation,,,07/01/2025,role,CRA Officer,"designated public-file contact, South Story Bank & Trust",,"501 Linn St, Slater, IA 50244",FDIC BankFind main office; 12 CFR __.43
57026,Carolina Trust Bank,NC,FDIC,622582,Intermediate Small Bank Evaluation,High Satisfactory,High Satisfactory,10/01/2019,role,CRA Officer,"designated public-file contact, Carolina Trust Bank",,"901 East Main Street, Lincolnton, NC 28092",FDIC BankFind main office; 12 CFR __.43
3777,The First National Bank of Carmi,IL,OCC,622202,Intermediate Small Bank,,,01/20/2026,role,CRA Officer,"designated public-file contact, The First National Bank of Carmi",,"201 E Main St, Carmi, IL 62821",FDIC BankFind main office; 12 CFR __.43
15883,DeMotte State Bank,IN,FED,622049,Int Small Bank,,,"Aug 14, 2023",role,CRA Officer,"designated public-file contact, DeMotte State Bank",,"210 S Halleck St, Demotte, IN 46310",FDIC BankFind main office; 12 CFR __.43
18841,Phelps County Bank,MO,FDIC,621719,Intermediate Small Bank Evaluation,,,11/01/2025,role,CRA Officer,"designated public-file contact, Phelps County Bank",,"718 N Pine St, Rolla, MO 65401",FDIC BankFind main office; 12 CFR __.43
28914,Evergreen Federal Bank,OR,OCC,621553,Intermediate Small Bank,,,07/15/2024,role,CRA Officer,"designated public-file contact, Evergreen Federal Bank",,"969 Se 6th St, Grants Pass, OR 97526",FDIC BankFind main office; 12 CFR __.43
14079,GNB Bank,IA,FED,621332,Int Small Bank,,,"Oct 15, 2018",role,CRA Officer,"designated public-file contact, GNB Bank",,"529 G Ave, Grundy Center, IA 50638",FDIC BankFind main office; 12 CFR __.43
12017,RSI BANK,NJ,FDIC,621113,Intermediate Small Bank Evaluation,Outstanding,High Satisfactory,09/01/2020,role,CRA Officer,"designated public-file contact, RSI BANK",,"1500 Irving Street, Rahway, NJ 07065",FDIC BankFind main office; 12 CFR __.43
3792,The Fairfield National Bank,IL,OCC,620899,Intermediate Small Bank,,,04/17/2023,role,CRA Officer,"designated public-file contact, The Fairfield National Bank",,"220 E Main St, Fairfield, IL 62837",FDIC BankFind main office; 12 CFR __.43
18038,Claremont Savings Bank,NH,FDIC,619704,Intermediate Small Bank Evaluation,,,05/01/2024,role,CRA Officer,"designated public-file contact, Claremont Savings Bank",,"145 Broad St, Claremont, NH 03743",FDIC BankFind main office; 12 CFR __.43
57131,Beach Bank,FL,FDIC,619248,Intermediate Small Bank Evaluation,High Satisfactory,High Satisfactory,02/01/2022,role,CRA Officer,"designated public-file contact, Beach Bank",,"17 Eglin Pkwy Se, Fort Walton Beach, FL 32548",FDIC BankFind main office; 12 CFR __.43
21329,NBT Financial Bank,TX,FDIC,618692,Intermediate Small Bank Evaluation,,,09/01/2024,role,CRA Officer,"designated public-file contact, NBT Financial Bank",,"2535 Ne 28th St, Fort Worth, TX 76106",FDIC BankFind main office; 12 CFR __.43
18431,First Bank Kansas,KS,FDIC,618519,Intermediate Small Bank Evaluation,,,09/01/2024,role,CRA Officer,"designated public-file contact, First Bank Kansas",,"235 S Santa Fe Ave, Salina, KS 67401",FDIC BankFind main office; 12 CFR __.43
58203,NewBank,NY,FDIC,617994,Intermediate Small Bank Evaluation,,,06/01/2024,role,CRA Officer,"designated public-file contact, NewBank",,"14601 Northern Blvd, Flushing, NY 11354",FDIC BankFind main office; 12 CFR __.43
12858,Farmers Trust and Savings Bank,IA,FDIC,617971,Intermediate Small Bank Evaluation,,,06/01/2023,role,CRA Officer,"designated public-file contact, Farmers Trust and Savings Bank",,"125 W 4th St, Spencer, IA 51301",FDIC BankFind main office; 12 CFR __.43
57672,Empire State Bank,NY,FED,617793,Int Small Bank,,,"Nov 30, 2020",role,CRA Officer,"designated public-file contact, Empire State Bank",,"1441 South Ave, Staten Island, NY 10314",FDIC BankFind main office; 12 CFR __.43
26522,The Bank,KS,FDIC,617258,Intermediate Small Bank Evaluation,,,08/01/2024,role,CRA Officer,"designated public-file contact, The Bank",,"205 S Penn Ave, Oberlin, KS 67749",FDIC BankFind main office; 12 CFR __.43
9298,Farmers & Merchants Savings Bank,IA,FED,616834,Int Small Bank,,,"Jul 27, 2020",role,CRA Officer,"designated public-file contact, Farmers & Merchants Savings Bank",,"101 E Main St, Manchester, IA 52057",FDIC BankFind main office; 12 CFR __.43
29839,Crossroads Bank,IN,FDIC,616124,Intermediate Small Bank Evaluation,,,05/01/2024,role,CRA Officer,"designated public-file contact, Crossroads Bank",,"1205 N Cass St, Wabash, IN 46992",FDIC BankFind main office; 12 CFR __.43
34259,Crown Bank,NJ,FDIC,614282,Intermediate Small Bank Evaluation,,,06/01/2023,role,CRA Officer,"designated public-file contact, Crown Bank",,"400 Westminster Ave, Elizabeth, NJ 07208",FDIC BankFind main office; 12 CFR __.43
14633,Community Savings Bank,IA,FDIC,613590,Intermediate Small Bank Evaluation,,,10/01/2024,role,CRA Officer,"designated public-file contact, Community Savings Bank",,"101 E Union St, Edgewood, IA 52042",FDIC BankFind main office; 12 CFR __.43
31999,Madison County Bank,NE,FED,613167,Int Small Bank,,,"May 14, 2018",role,CRA Officer,"designated public-file contact, Madison County Bank",,"111 W 3rd St, Madison, NE 68748",FDIC BankFind main office; 12 CFR __.43
13232,Security State Bank,WA,FDIC,612965,Intermediate Small Bank Evaluation,High Satisfactory,High Satisfactory,04/01/2022,role,CRA Officer,"designated public-file contact, Security State Bank",,"1930 S Gold St, Centralia, WA 98531",FDIC BankFind main office; 12 CFR __.43
28348,Belmont Savings Bank,OH,FDIC,612927,Intermediate Small Bank Evaluation,,,02/01/2025,role,CRA Officer,"designated public-file contact, Belmont Savings Bank",,"426 34th Street, Bellaire, OH 43906",FDIC BankFind main office; 12 CFR __.43
2326,AVB Bank,OK,FDIC,612338,Intermediate Small Bank Evaluation,,,04/01/2024,role,CRA Officer,"designated public-file contact, AVB Bank",,"322 S Main St, Broken Arrow, OK 74012",FDIC BankFind main office; 12 CFR __.43
22015,Andrew Johnson Bank,TN,FDIC,611858,Intermediate Small Bank Evaluation,,,05/01/2023,role,CRA Officer,"designated public-file contact, Andrew Johnson Bank",,"124 N Main St, Greeneville, TN 37743",FDIC BankFind main office; 12 CFR __.43
17145,Heritage Bank,NE,FDIC,611641,Intermediate Small Bank Evaluation,,,02/01/2024,role,CRA Officer,"designated public-file contact, Heritage Bank",,"110 E 9th St, Wood River, NE 68883",FDIC BankFind main office; 12 CFR __.43
20093,All America Bank,OK,FDIC,611477,Intermediate Small Bank Evaluation,,,10/01/2025,role,CRA Officer,"designated public-file contact, All America Bank",,"200 S Rockwell Ave, Oklahoma City, OK 73128",FDIC BankFind main office; 12 CFR __.43
445,Mercer County State Bank,PA,FDIC,611253,Intermediate Small Bank Evaluation,,,09/01/2024,role,CRA Officer,"designated public-file contact, Mercer County State Bank",,"3279 South Main Street, Sandy Lake, PA 16145",FDIC BankFind main office; 12 CFR __.43
34973,Peoples Savings Bank,IA,FDIC,610436,Intermediate Small Bank Evaluation,,,08/01/2025,role,CRA Officer,"designated public-file contact, Peoples Savings Bank",,"400 E Iowa Ave, Indianola, IA 50125",FDIC BankFind main office; 12 CFR __.43
8785,Peoples Exchange Bank,KY,FDIC,609826,Intermediate Small Bank Evaluation,,,08/01/2024,role,CRA Officer,"designated public-file contact, Peoples Exchange Bank",,"101 N Main St, Winchester, KY 40391",FDIC BankFind main office; 12 CFR __.43
30022,Millington Bank,NJ,FDIC,609194,Intermediate Small Bank Evaluation,High Satisfactory,High Satisfactory,03/01/2018,role,CRA Officer,"designated public-file contact, Millington Bank",,"1902 Long Hill Road, Millington, NJ 07946",FDIC BankFind main office; 12 CFR __.43
31236,Hearthside Bank Corporation,KY,FDIC,608940,Intermediate Small Bank Evaluation,,,10/01/2024,role,CRA Officer,"designated public-file contact, Hearthside Bank Corporation",,"1602 Cumberland Ave, Middlesboro, KY 40965",FDIC BankFind main office; 12 CFR __.43
21978,Frontier State Bank,OK,FDIC,608627,Intermediate Small Bank Evaluation,,,07/01/2025,role,CRA Officer,"designated public-file contact, Frontier State Bank",,"5100 S I 35 Service Rd, Oklahoma City, OK 73129",FDIC BankFind main office; 12 CFR __.43
58502,Covenant Bank,PA,FDIC,608001,Intermediate Small Bank Evaluation,High Satisfactory,High Satisfactory,09/01/2019,role,CRA Officer,"designated public-file contact, Covenant Bank",,"1980 South Easton Road, Suite 110, Doylestown, PA 18901",FDIC BankFind main office; 12 CFR __.43
58278,Golden Valley Bank,CA,FDIC,604748,Intermediate Small Bank Evaluation,,,03/01/2023,role,CRA Officer,"designated public-file contact, Golden Valley Bank",,"190 Cohasset Rd, Chico, CA 95926",FDIC BankFind main office; 12 CFR __.43
8843,American Heritage National Bank,MN,OCC,604661,Intermediate Small Bank,,,09/22/2025,role,CRA Officer,"designated public-file contact, American Heritage National Bank",,"24 2nd St S, Long Prairie, MN 56347",FDIC BankFind main office; 12 CFR __.43
57252,First Chatham Bank,GA,FDIC,604491,Intermediate Small Bank Evaluation,High Satisfactory,High Satisfactory,07/01/2022,role,CRA Officer,"designated public-file contact, First Chatham Bank",,"111 Barnard St, Savannah, GA 31401",FDIC BankFind main office; 12 CFR __.43
5072,Range Bank,MI,FDIC,604142,Intermediate Small Bank Evaluation,,,12/01/2025,role,CRA Officer,"designated public-file contact, Range Bank",,"100 N Front St, Marquette, MI 49855",FDIC BankFind main office; 12 CFR __.43
27678,"First Federal Community Bank, SSB",TX,FDIC,603645,Intermediate Small Bank Evaluation,,,11/01/2023,role,CRA Officer,"designated public-file contact, First Federal Community Bank, SSB",,"630 Clarksville St, Paris, TX 75460",FDIC BankFind main office; 12 CFR __.43
57162,Main Street Bank Corp.,WV,FDIC,602778,Intermediate Small Bank Evaluation,,,05/01/2024,role,CRA Officer,"designated public-file contact, Main Street Bank Corp.",,"2001 Main St, Wheeling, WV 26003",FDIC BankFind main office; 12 CFR __.43
58588,Partners Bank of California,CA,FDIC,602153,Intermediate Small Bank Evaluation,,,05/01/2025,role,CRA Officer,"designated public-file contact, Partners Bank of California",,"27201 Puerta Real, Mission Viejo, CA 92691",FDIC BankFind main office; 12 CFR __.43
9465,Wisdom Heritage Bank,OK,FED,601348,Intermediate Small Bank Evaluation,,,08/01/2023,role,CRA Officer,"designated public-file contact, Wisdom Heritage Bank",,"518 College Ave, Alva, OK 73717",FDIC BankFind main office; 12 CFR __.43
214,Washington State Bank,IA,FED,601122,Int Small Bank,,,"Jan 22, 2024",role,CRA Officer,"designated public-file contact, Washington State Bank",,"121 S Marion Ave, Washington, IA 52353",FDIC BankFind main office; 12 CFR __.43
8576,The Maries County Bank,MO,FDIC,600499,Intermediate Small Bank Evaluation,,,07/01/2023,role,CRA Officer,"designated public-file contact, The Maries County Bank",,"205 Highway 63 N, Vienna, MO 65582",FDIC BankFind main office; 12 CFR __.43
24922,Grand Valley Bank,UT,FDIC,599377,Intermediate Small Bank Evaluation,,,02/01/2024,role,CRA Officer,"designated public-file contact, Grand Valley Bank",,"191 E Gateway Dr, Heber City, UT 84032",FDIC BankFind main office; 12 CFR __.43
8850,North Shore Bank of Commerce,MN,FED,598527,Int Small Bank,,,"May 08, 2023",role,CRA Officer,"designated public-file contact, North Shore Bank of Commerce",,"131 W Superior St, Duluth, MN 55802",FDIC BankFind main office; 12 CFR __.43
34229,The Citizens Bank of Georgia,GA,FDIC,598515,Intermediate Small Bank Evaluation,,,01/01/2024,role,CRA Officer,"designated public-file contact, The Citizens Bank of Georgia",,"651 Veterans Memorial Blvd, Cumming, GA 30040",FDIC BankFind main office; 12 CFR __.43
57127,Guardian Bank,GA,FDIC,597901,Intermediate Small Bank Evaluation,,,03/01/2026,role,CRA Officer,"designated public-file contact, Guardian Bank",,"701 Wildwood Plantation Dr, Valdosta, GA 31602",FDIC BankFind main office; 12 CFR __.43
30155,"Hatboro Federal Savings, FA",PA,OCC,597767,Intermediate Small Bank,,,08/07/2023,role,CRA Officer,"designated public-file contact, Hatboro Federal Savings, FA",,"221 S York Rd, Hatboro, PA 19040",FDIC BankFind main office; 12 CFR __.43
17563,Palmetto State Bank,SC,FDIC,597494,Intermediate Small Bank Evaluation,,,05/01/2024,role,CRA Officer,"designated public-file contact, Palmetto State Bank",,"601 1st St W, Hampton, SC 29924",FDIC BankFind main office; 12 CFR __.43
18385,Regional Missouri Bank,MO,FDIC,597401,Intermediate Small Bank Evaluation,,,05/01/2025,role,CRA Officer,"designated public-file contact, Regional Missouri Bank",,"1201 S Missouri Ave, Marceline, MO 64658",FDIC BankFind main office; 12 CFR __.43
28859,First Piedmont Federal Savings and Loan Association of Gaffney,SC,OCC,597116,Intermediate Small Bank,,,05/30/2023,role,CRA Officer,"designated public-file contact, First Piedmont Federal Savings and Loan Association of Gaffney",,"1229 W Floyd Baker Blvd, Gaffney, SC 29341",FDIC BankFind main office; 12 CFR __.43
3193,The Falls City National Bank,TX,OCC,597107,Intermediate Small Bank,,,09/09/2024,role,CRA Officer,"designated public-file contact, The Falls City National Bank",,"100 S Front St, Falls City, TX 78113",FDIC BankFind main office; 12 CFR __.43
15699,Pineland Bank,GA,FDIC,597074,Intermediate Small Bank Evaluation,,,12/01/2024,role,CRA Officer,"designated public-file contact, Pineland Bank",,"501 W 12th St, Alma, GA 31510",FDIC BankFind main office; 12 CFR __.43
19396,Unison Bank,ND,FDIC,596855,Intermediate Small Bank Evaluation,,,05/01/2024,role,CRA Officer,"designated public-file contact, Unison Bank",,"401 1st Ave S, Jamestown, ND 58401",FDIC BankFind main office; 12 CFR __.43
59185,Gulf Capital Bank,TX,FDIC,596450,Intermediate Small Bank Evaluation,,,03/01/2025,role,CRA Officer,"designated public-file contact, Gulf Capital Bank",,"1 Riverway, Houston, TX 77056",FDIC BankFind main office; 12 CFR __.43
8200,Citizens Bank Minnesota,MN,FDIC,595964,Intermediate Small Bank Evaluation,,,04/01/2025,role,CRA Officer,"designated public-file contact, Citizens Bank Minnesota",,"105 N Minnesota St, New Ulm, MN 56073",FDIC BankFind main office; 12 CFR __.43
12285,Cattlemens Bank,OK,FDIC,595206,Intermediate Small Bank Evaluation,,,12/01/2025,role,CRA Officer,"designated public-file contact, Cattlemens Bank",,"3421 N Main St, Altus, OK 73521",FDIC BankFind main office; 12 CFR __.43
9168,Wayne County Bank,TN,FED,595120,Intermediate Small Bank Evaluation,,,01/01/2024,role,CRA Officer,"designated public-file contact, Wayne County Bank",,"216 S High St, Waynesboro, TN 38485",FDIC BankFind main office; 12 CFR __.43
10663,The Andover Bank,OH,FED,595104,Int Small Bank,,,"Feb 24, 2025",role,CRA Officer,"designated public-file contact, The Andover Bank",,"19 Public Sq, Andover, OH 44003",FDIC BankFind main office; 12 CFR __.43
3218,The First National Bank of East Texas,TX,OCC,594788,Intermediate Small Bank,,,10/30/2023,role,CRA Officer,"designated public-file contact, The First National Bank of East Texas",,"206 Us Highway 271 N, Gilmer, TX 75644",FDIC BankFind main office; 12 CFR __.43
9047,Citizens State Bank,IA,FDIC,594400,Intermediate Small Bank Evaluation,,,07/01/2024,role,CRA Officer,"designated public-file contact, Citizens State Bank",,"117 W 1st St, Monticello, IA 52310",FDIC BankFind main office; 12 CFR __.43
28818,Crest Savings Bank,NJ,FDIC,594240,Intermediate Small Bank Evaluation,,,05/01/2026,role,CRA Officer,"designated public-file contact, Crest Savings Bank",,"3301 Pacific Ave, Wildwood, NJ 08260",FDIC BankFind main office; 12 CFR __.43
5434,MNB BANK,NE,FED,594103,Int Small Bank,,,"Nov 15, 2021",role,CRA Officer,"designated public-file contact, MNB BANK",,"220 Norris Ave, Mccook, NE 69001",FDIC BankFind main office; 12 CFR __.43
10641,Riverstone Bank,NE,FDIC,593442,Intermediate Small Bank Evaluation,,,05/01/2024,role,CRA Officer,"designated public-file contact, Riverstone Bank",,"600 S 4th St, Eagle, NE 68347",FDIC BankFind main office; 12 CFR __.43
11407,Highpoint Community Bank,MI,FDIC,592373,Intermediate Small Bank Evaluation,,,02/01/2024,role,CRA Officer,"designated public-file contact, Highpoint Community Bank",,"150 W Court St, Hastings, MI 49058",FDIC BankFind main office; 12 CFR __.43
22020,INSOUTH Bank,TN,FED,591890,Int Small Bank,,,"Mar 15, 2021",role,CRA Officer,"designated public-file contact, INSOUTH Bank",,"111 S Washington Ave, Brownsville, TN 38012",FDIC BankFind main office; 12 CFR __.43
34150,First United Bank and Trust Company,KY,FDIC,591360,Intermediate Small Bank Evaluation,,,10/01/2023,role,CRA Officer,"designated public-file contact, First United Bank and Trust Company",,"162 N Main St, Madisonville, KY 42431",FDIC BankFind main office; 12 CFR __.43
33645,Lee Bank,MA,FDIC,591159,Intermediate Small Bank Evaluation,,,05/01/2023,role,CRA Officer,"designated public-file contact, Lee Bank",,"75 Park St, Lee, MA 01238",FDIC BankFind main office; 12 CFR __.43
21952,Countryside Bank,IL,FDIC,590684,Large Bank Evaluation,High Satisfactory,High Satisfactory,11/01/2018,role,CRA Officer,"designated public-file contact, Countryside Bank",,"6734 Joliet Road, Countryside, IL 60525",FDIC BankFind main office; 12 CFR __.43
3863,First National Bank of Eastern Arkansas,AR,OCC,589488,Intermediate Small Bank,,,04/10/2023,role,CRA Officer,"designated public-file contact, First National Bank of Eastern Arkansas",,"101 N Washington St, Forrest City, AR 72335",FDIC BankFind main office; 12 CFR __.43
29120,"PyraMax Bank, FSB",WI,OCC,588736,Intermediate Small Bank,,,02/12/2024,role,CRA Officer,"designated public-file contact, PyraMax Bank, FSB",,"7001 W Edgerton Ave, Greenfield, WI 53220",FDIC BankFind main office; 12 CFR __.43
926,Peoples National Bank of Kewanee,IL,OCC,587626,Intermediate Small Bank,,,10/28/2024,role,CRA Officer,"designated public-file contact, Peoples National Bank of Kewanee",,"207 N Tremont St, Kewanee, IL 61443",FDIC BankFind main office; 12 CFR __.43
8232,Bank of Holly Springs,MS,FDIC,587508,Intermediate Small Bank Evaluation,,,02/01/2026,role,CRA Officer,"designated public-file contact, Bank of Holly Springs",,"114 S Memphis St, Holly Springs, MS 38635",FDIC BankFind main office; 12 CFR __.43
8421,Susquehanna Community Bank,PA,FDIC,587268,Intermediate Small Bank Evaluation,,,06/01/2025,role,CRA Officer,"designated public-file contact, Susquehanna Community Bank",,"940 High St, West Milton, PA 17886",FDIC BankFind main office; 12 CFR __.43
6616,Kingston National Bank,OH,OCC,586277,Intermediate Small Bank,,,10/20/2025,role,CRA Officer,"designated public-file contact, Kingston National Bank",,"2 N Main St, Kingston, OH 45644",FDIC BankFind main office; 12 CFR __.43
35221,Freedom Bank,IN,FDIC,585737,Intermediate Small Bank Evaluation,,,09/01/2025,role,CRA Officer,"designated public-file contact, Freedom Bank",,"1405 N Main St, Huntingburg, IN 47542",FDIC BankFind main office; 12 CFR __.43
21247,"First Kentucky Bank, Inc.",KY,FDIC,585564,Intermediate Small Bank Evaluation,,,07/01/2023,role,CRA Officer,"designated public-file contact, First Kentucky Bank, Inc.",,"223 S 6th St, Mayfield, KY 42066",FDIC BankFind main office; 12 CFR __.43
29227,Washington Savings Bank,IL,FDIC,585335,Intermediate Small Bank Evaluation,,,03/01/2024,role,CRA Officer,"designated public-file contact, Washington Savings Bank",,"200 S Banker St, Effingham, IL 62401",FDIC BankFind main office; 12 CFR __.43
34116,First Bank,GA,FDIC,585264,Intermediate Small Bank Evaluation,High Satisfactory,Outstanding,11/01/2021,role,CRA Officer,"designated public-file contact, First Bank",,"118 North Hamilton Street, Dalton, GA 30721",FDIC BankFind main office; 12 CFR __.43
3269,First National Bank of Huntsville,TX,OCC,584870,Intermediate Small Bank,,,10/10/2023,role,CRA Officer,"designated public-file contact, First National Bank of Huntsville",,"1300 11th St, Huntsville, TX 77340",FDIC BankFind main office; 12 CFR __.43
193,The Heritage Bank,GA,FDIC,584145,Intermediate Small Bank Evaluation,High Satisfactory,High Satisfactory,05/01/2018,role,CRA Officer,"designated public-file contact, The Heritage Bank",,"300 South Main Street, Hinesville, GA 31313",FDIC BankFind main office; 12 CFR __.43
5295,PremierBank,WI,FDIC,583852,Intermediate Small Bank Evaluation,,,04/01/2024,role,CRA Officer,"designated public-file contact, PremierBank",,"70 N Main St, Fort Atkinson, WI 53538",FDIC BankFind main office; 12 CFR __.43
1184,"The Bank and Trust, S.S.B.",TX,FED,583769,Int Small Bank,,High Satisfactory,"Oct 04, 2021",role,CRA Officer,"designated public-file contact, The Bank and Trust, S.S.B.",,"1200 Veterans Blvd, Del Rio, TX 78840",FDIC BankFind main office; 12 CFR __.43
5280,"WNB FINANCIAL, N.A.",MN,OCC,583746,Intermediate Small Bank,,,11/25/2024,role,CRA Officer,"designated public-file contact, WNB FINANCIAL, N.A.",,"204 Main St, Winona, MN 55987",FDIC BankFind main office; 12 CFR __.43
20568,Lumbee Guaranty Bank,NC,FDIC,583492,Intermediate Small Bank Evaluation,,,07/01/2024,role,CRA Officer,"designated public-file contact, Lumbee Guaranty Bank",,"403 E 3rd St, Pembroke, NC 28372",FDIC BankFind main office; 12 CFR __.43
25291,Bank of the Valley,NE,FDIC,581917,Intermediate Small Bank Evaluation,,,05/01/2026,named,Bernadette Mueller,EVP and Chief CSR-CRA Officer,,"404 State St, Bellwood, NE 68624","CBA Community Reinvestment Committee roster, 2026-08-26"
15871,The Peoples Bank,MS,FDIC,581801,Intermediate Small Bank Evaluation,,,04/01/2026,role,CRA Officer,"designated public-file contact, The Peoples Bank",,"305 E Jefferson St, Ripley, MS 38663",FDIC BankFind main office; 12 CFR __.43
8798,Cottonport Bank,LA,FDIC,581618,Intermediate Small Bank Evaluation,,,07/01/2023,role,CRA Officer,"designated public-file contact, Cottonport Bank",,"942 Bryan St, Cottonport, LA 71327",FDIC BankFind main office; 12 CFR __.43
11306,FNBC Bank & Trust,IL,FDIC,581583,Intermediate Small Bank Evaluation,,,09/01/2024,role,CRA Officer,"designated public-file contact, FNBC Bank & Trust",,"620 W Burlington Ave, La Grange, IL 60525",FDIC BankFind main office; 12 CFR __.43
34643,Sunstate Bank,FL,FDIC,580359,Intermediate Small Bank Evaluation,,,05/01/2023,role,CRA Officer,"designated public-file contact, Sunstate Bank",,"14095 S Dixie Hwy, Miami, FL 33176",FDIC BankFind main office; 12 CFR __.43
4145,First National Bank & Trust Company of McAlester,OK,OCC,580353,Intermediate Small Bank,,,07/07/2025,role,CRA Officer,"designated public-file contact, First National Bank & Trust Company of McAlester",,"235 E Choctaw Ave, Mcalester, OK 74501",FDIC BankFind main office; 12 CFR __.43
90311,Bay State Savings Bank,MA,FDIC,580268,Intermediate Small Bank Evaluation,,,10/01/2023,role,CRA Officer,"designated public-file contact, Bay State Savings Bank",,"28 Franklin St, Worcester, MA 01608",FDIC BankFind main office; 12 CFR __.43
27824,Salem Co-operative Bank,NH,FDIC,579997,Intermediate Small Bank Evaluation,,,09/01/2023,role,CRA Officer,"designated public-file contact, Salem Co-operative Bank",,"3 S Broadway, Salem, NH 03079",FDIC BankFind main office; 12 CFR __.43
13919,"SouthTrust Bank, N.A.",TX,OCC,578803,Intermediate Small Bank,,,01/05/2026,role,CRA Officer,"designated public-file contact, SouthTrust Bank, N.A.",,"601 Guadalupe St, George West, TX 78022",FDIC BankFind main office; 12 CFR __.43
823,Citizens Bank and Trust Company,VA,FED,577555,Int Small Bank,Low Satisfactory,Low Satisfactory,"Sep 27, 2021",named,Reza Aghamirzadeh,"EVP, Head of Community Development",,"126 S Main St, Blackstone, VA 23824","CBA Community Reinvestment Committee roster, 2026-08-26"
14334,United Bank of Union,MO,FDIC,577546,Intermediate Small Bank Evaluation,,,06/01/2024,role,CRA Officer,"designated public-file contact, United Bank of Union",,"15 E Main St, Union, MO 63084",FDIC BankFind main office; 12 CFR __.43
3279,The Karnes County National Bank of Karnes City,TX,OCC,577379,Intermediate Small Bank,,,07/15/2024,role,CRA Officer,"designated public-file contact, The Karnes County National Bank of Karnes City",,"311 E Calvert Ave, Karnes City, TX 78118",FDIC BankFind main office; 12 CFR __.43
29744,First Seacoast Bank,NH,OCC,576306,Intermediate Small Bank,,,05/06/2024,role,CRA Officer,"designated public-file contact, First Seacoast Bank",,"633 Central Ave, Dover, NH 03820",FDIC BankFind main office; 12 CFR __.43
29056,First Federal Savings Bank,IN,FDIC,575607,Intermediate Small Bank Evaluation,,,11/01/2025,role,CRA Officer,"designated public-file contact, First Federal Savings Bank",,"5001 Davis Lant Dr, Evansville, IN 47715",FDIC BankFind main office; 12 CFR __.43
8714,Unity Bank,WI,FDIC,574753,Intermediate Small Bank Evaluation,,,12/01/2024,role,CRA Officer,"designated public-file contact, Unity Bank",,"207 W Lincoln St, Augusta, WI 54722",FDIC BankFind main office; 12 CFR __.43
16689,Gibsland Bank & Trust Company,LA,FDIC,574319,Intermediate Small Bank Evaluation,,,11/01/2024,role,CRA Officer,"designated public-file contact, Gibsland Bank & Trust Company",,"1246 S 3rd St, Gibsland, LA 71028",FDIC BankFind main office; 12 CFR __.43
14327,Horizon Bank,NE,FDIC,574260,Intermediate Small Bank Evaluation,,,10/01/2024,role,CRA Officer,"designated public-file contact, Horizon Bank",,"10841 N 142nd St, Waverly, NE 68462",FDIC BankFind main office; 12 CFR __.43
33380,Enterprise Bank,NE,FED,573973,Int Small Bank,,,"Aug 07, 2023",role,CRA Officer,"designated public-file contact, Enterprise Bank",,"525 N 132nd Street, Omaha, NE 68154",FDIC BankFind main office; 12 CFR __.43
29838,First Federal Savings and Loan Association of Lorain,OH,OCC,573808,Intermediate Small Bank,,,05/28/2024,role,CRA Officer,"designated public-file contact, First Federal Savings and Loan Association of Lorain",,"3721 Oberlin Ave, Lorain, OH 44053",FDIC BankFind main office; 12 CFR __.43
58692,Intracoastal Bank,FL,FDIC,573182,Intermediate Small Bank Evaluation,,,03/01/2026,role,CRA Officer,"designated public-file contact, Intracoastal Bank",,"1290 Palm Coast Pkwy Nw, Palm Coast, FL 32137",FDIC BankFind main office; 12 CFR __.43
26912,The Bank of South Carolina,SC,FDIC,571241,Intermediate Small Bank Evaluation,,,11/01/2023,role,CRA Officer,"designated public-file contact, The Bank of South Carolina",,"256 Meeting St, Charleston, SC 29401",FDIC BankFind main office; 12 CFR __.43
12936,Steuben Trust Company,NY,FDIC,570863,Intermediate Small Bank Evaluation,Outstanding,High Satisfactory,04/01/2020,role,CRA Officer,"designated public-file contact, Steuben Trust Company",,"One Steuben Square, Hornell, NY 14843",FDIC BankFind main office; 12 CFR __.43
17639,RVR Bank,NE,FDIC,570154,Intermediate Small Bank Evaluation,,,01/01/2026,role,CRA Officer,"designated public-file contact, RVR Bank",,"1005 E 23rd St, Fremont, NE 68025",FDIC BankFind main office; 12 CFR __.43
20198,South Georgia Banking Company,GA,FDIC,570107,Intermediate Small Bank Evaluation,,,02/01/2024,role,CRA Officer,"designated public-file contact, South Georgia Banking Company",,"5515 Alabama Ave, Omega, GA 31775",FDIC BankFind main office; 12 CFR __.43
58371,Hyperion Bank,PA,FDIC,569877,Intermediate Small Bank Evaluation,,,05/01/2026,role,CRA Officer,"designated public-file contact, Hyperion Bank",,"199 W Girard Ave, Philadelphia, PA 19123",FDIC BankFind main office; 12 CFR __.43
12788,Baraboo State Bank,WI,FED,569602,Int Small Bank,,,"Jan 13, 2020",role,CRA Officer,"designated public-file contact, Baraboo State Bank",,"101 3rd Ave, Baraboo, WI 53913",FDIC BankFind main office; 12 CFR __.43
57543,"Trinity Bank, N.A.",TX,OCC,569129,Intermediate Small Bank,,,03/02/2026,role,CRA Officer,"designated public-file contact, Trinity Bank, N.A.",,"3500 W Vickery Blvd, Fort Worth, TX 76107",FDIC BankFind main office; 12 CFR __.43
8813,"Provident State Bank, Inc.",MD,FDIC,568274,Intermediate Small Bank Evaluation,High Satisfactory,High Satisfactory,05/01/2022,role,CRA Officer,"designated public-file contact, Provident State Bank, Inc.",,"312 Main St, Preston, MD 21655",FDIC BankFind main office; 12 CFR __.43
24961,International Bank of Commerce,TX,FDIC,567779,Intermediate Small Bank Evaluation,,,01/01/2025,named,Irene Guzman,First VP - Corporate CRA Officer,,"908 N Us Highway 83, Zapata, TX 78076","CBA Community Reinvestment Committee roster, 2026-08-26"
4539,Farmers Bank of Northern Missouri,MO,FED,566542,Int Small Bank,,,"Feb 08, 2021",role,CRA Officer,"designated public-file contact, Farmers Bank of Northern Missouri",,"1604 Main St, Unionville, MO 63565",FDIC BankFind main office; 12 CFR __.43
8738,Citizens' Bank & Trust Co.,AR,FED,566429,Int Small Bank,,,"Oct 24, 2022",named,Reza Aghamirzadeh,"EVP, Head of Community Development",,"3110 Alma Hwy, Van Buren, AR 72956","CBA Community Reinvestment Committee roster, 2026-08-26"
11448,Century Bank,MS,FDIC,566204,Intermediate Small Bank Evaluation,,,05/01/2025,role,CRA Officer,"designated public-file contact, Century Bank",,"4282 Main St, Lucedale, MS 39452",FDIC BankFind main office; 12 CFR __.43
9997,Jefferson Security Bank,WV,FDIC,566071,Intermediate Small Bank Evaluation,,,09/01/2024,role,CRA Officer,"designated public-file contact, Jefferson Security Bank",,"105 E Washington St, Shepherdstown, WV 25443",FDIC BankFind main office; 12 CFR __.43
57610,Redwood Capital Bank,CA,FDIC,566043,Intermediate Small Bank Evaluation,,,07/01/2023,role,CRA Officer,"designated public-file contact, Redwood Capital Bank",,"402 G St, Eureka, CA 95501",FDIC BankFind main office; 12 CFR __.43
24603,"First Commercial Bank, National Association",TX,OCC,565931,Intermediate Small Bank,,,06/30/2025,role,CRA Officer,"designated public-file contact, First Commercial Bank, National Association",,"1336 E Court St, Seguin, TX 78155",FDIC BankFind main office; 12 CFR __.43
15801,Farmers and Merchants Bank,MS,FED,565839,Int Small Bank,,,"Aug 24, 2020",role,CRA Officer,"designated public-file contact, Farmers and Merchants Bank",,"111 W Clayton St, Baldwyn, MS 38824",FDIC BankFind main office; 12 CFR __.43
9099,South Ottumwa Savings Bank,IA,FDIC,565445,Intermediate Small Bank Evaluation,,,04/01/2025,role,CRA Officer,"designated public-file contact, South Ottumwa Savings Bank",,"320 Church St, Ottumwa, IA 52501",FDIC BankFind main office; 12 CFR __.43
34074,Capitol Bank,WI,FDIC,565303,Intermediate Small Bank Evaluation,,,04/01/2025,role,CRA Officer,"designated public-file contact, Capitol Bank",,"710 N High Point Rd, Madison, WI 53717",FDIC BankFind main office; 12 CFR __.43
16970,"Peoples Bank of  Kentucky, Inc.",KY,FDIC,564890,Intermediate Small Bank Evaluation,,,02/01/2025,role,CRA Officer,"designated public-file contact, Peoples Bank of  Kentucky, Inc.",,"106 S Main Cross St, Flemingsburg, KY 41041",FDIC BankFind main office; 12 CFR __.43
25795,Peoples Bank & Trust,GA,FDIC,563262,Intermediate Small Bank Evaluation,,,10/01/2023,role,CRA Officer,"designated public-file contact, Peoples Bank & Trust",,"1899 Buford Hwy, Buford, GA 30518",FDIC BankFind main office; 12 CFR __.43
5907,First Bank,MS,FDIC,562943,Intermediate Small Bank Evaluation,,,12/01/2023,role,CRA Officer,"designated public-file contact, First Bank",,"105 S Broadway St, Mccomb, MS 39648",FDIC BankFind main office; 12 CFR __.43
58114,Bank of Belleville,IL,FDIC,562888,Intermediate Small Bank Evaluation,,,06/01/2026,role,CRA Officer,"designated public-file contact, Bank of Belleville",,"215 S Illinois St, Belleville, IL 62220",FDIC BankFind main office; 12 CFR __.43
58396,Jonah Bank of Wyoming,WY,FED,562802,Int Small Bank,,,"Mar 18, 2024",role,CRA Officer,"designated public-file contact, Jonah Bank of Wyoming",,"777 W 1st St, Casper, WY 82601",FDIC BankFind main office; 12 CFR __.43
35417,TriStar Bank,TN,FDIC,562678,Intermediate Small Bank Evaluation,,,03/01/2024,role,CRA Officer,"designated public-file contact, TriStar Bank",,"719 E College St, Dickson, TN 37055",FDIC BankFind main office; 12 CFR __.43
21227,CBBC Bank,TN,FDIC,562116,Intermediate Small Bank Evaluation,,,09/01/2025,role,CRA Officer,"designated public-file contact, CBBC Bank",,"330 E Broadway Ave, Maryville, TN 37804",FDIC BankFind main office; 12 CFR __.43
5006,First Choice Bank,MS,FED,561000,Int Small Bank,,,"Mar 20, 2023",role,CRA Officer,"designated public-file contact, First Choice Bank",,"19 S Main St, Pontotoc, MS 38863",FDIC BankFind main office; 12 CFR __.43
21083,United Mississippi Bank,MS,FDIC,560698,Intermediate Small Bank Evaluation,,,10/01/2025,role,CRA Officer,"designated public-file contact, United Mississippi Bank",,"75 Melrose Montebello Pkwy, Natchez, MS 39120",FDIC BankFind main office; 12 CFR __.43
12166,West Point Bank,KY,FDIC,560614,Intermediate Small Bank Evaluation,,,08/01/2025,role,CRA Officer,"designated public-file contact, West Point Bank",,"600 W Lincoln Trail Blvd, Radcliff, KY 40160",FDIC BankFind main office; 12 CFR __.43
8386,KodaBank,ND,FDIC,559839,Intermediate Small Bank Evaluation,,,09/01/2025,role,CRA Officer,"designated public-file contact, KodaBank",,"104 S Main St, Drayton, ND 58225",FDIC BankFind main office; 12 CFR __.43
58654,Gold Coast Bank,NY,FDIC,559827,Intermediate Small Bank Evaluation,High Satisfactory,High Satisfactory,10/01/2019,role,CRA Officer,"designated public-file contact, Gold Coast Bank",,"2929 Expressway Drive North, Islandia, NY 11749",FDIC BankFind main office; 12 CFR __.43
4185,First Pryority Bank,OK,FED,558094,Int Small Bank,,,"Nov 17, 2025",role,CRA Officer,"designated public-file contact, First Pryority Bank",,"310 E Graham Ave, Pryor, OK 74361",FDIC BankFind main office; 12 CFR __.43
15271,First State Bank,WI,FDIC,558088,Intermediate Small Bank Evaluation,,,02/01/2025,role,CRA Officer,"designated public-file contact, First State Bank",,"220 W Waupaca St, New London, WI 54961",FDIC BankFind main office; 12 CFR __.43
10903,Central State Bank,IA,FDIC,557818,Intermediate Small Bank Evaluation,,,04/01/2025,role,CRA Officer,"designated public-file contact, Central State Bank",,"109 Main St W, State Center, IA 50247",FDIC BankFind main office; 12 CFR __.43
15734,Security Savings Bank,SD,FDIC,557378,Intermediate Small Bank Evaluation,,,04/01/2025,role,CRA Officer,"designated public-file contact, Security Savings Bank",,"100 S West St, Canton, SD 57013",FDIC BankFind main office; 12 CFR __.43
11521,Chickasaw Community Bank,OK,FED,557057,Int Small Bank,,,"Apr 28, 2025",role,CRA Officer,"designated public-file contact, Chickasaw Community Bank",,"7500 W Memorial Rd, Oklahoma City, OK 73142",FDIC BankFind main office; 12 CFR __.43
16825,Sunmark Community Bank,GA,FDIC,556590,Intermediate Small Bank Evaluation,,,10/01/2024,role,CRA Officer,"designated public-file contact, Sunmark Community Bank",,"1005 Northside Dr, Perry, GA 31069",FDIC BankFind main office; 12 CFR __.43
17411,Mountain Valley Bank,CO,FED,556545,Int Small Bank,,,"Jun 09, 2025",role,CRA Officer,"designated public-file contact, Mountain Valley Bank",,"461 Main St, Walden, CO 80480",FDIC BankFind main office; 12 CFR __.43
35257,Union Community Bank,PA,FDIC,553831,Intermediate Small Bank Evaluation,High Satisfactory,High Satisfactory,11/01/2018,role,CRA Officer,"designated public-file contact, Union Community Bank",,"101 East Main Street, Mount Joy, PA 17552",FDIC BankFind main office; 12 CFR __.43
982,Eastern Michigan Bank,MI,FED,553623,Int Small Bank,,,"Jun 03, 2019",role,CRA Officer,"designated public-file contact, Eastern Michigan Bank",,"65 N Howard Ave, Croswell, MI 48422",FDIC BankFind main office; 12 CFR __.43
29690,First Federal Savings Bank,IN,FDIC,553577,Intermediate Small Bank Evaluation,,,11/01/2023,role,CRA Officer,"designated public-file contact, First Federal Savings Bank",,"648 N Jefferson St, Huntington, IN 46750",FDIC BankFind main office; 12 CFR __.43
14883,Community State Bank,IN,FED,553569,Int Small Bank,,,"Mar 04, 2024",role,CRA Officer,"designated public-file contact, Community State Bank",,"802 E Albion St, Avilla, IN 46710",FDIC BankFind main office; 12 CFR __.43
6275,The National Bank of Middlebury,VT,OCC,553549,Intermediate Small Bank,,,08/19/2024,role,CRA Officer,"designated public-file contact, The National Bank of Middlebury",,"30 Main St, Middlebury, VT 05753",FDIC BankFind main office; 12 CFR __.43
57298,1st Bank Yuma,AZ,FDIC,553397,Intermediate Small Bank Evaluation,,,12/01/2022,role,CRA Officer,"designated public-file contact, 1st Bank Yuma",,"2799 S 4th Ave, Yuma, AZ 85364",FDIC BankFind main office; 12 CFR __.43
18584,Commercial Bank,MI,FDIC,552692,Intermediate Small Bank Evaluation,,,02/01/2025,role,CRA Officer,"designated public-file contact, Commercial Bank",,"101 N Pine River St, Ithaca, MI 48847",FDIC BankFind main office; 12 CFR __.43
34760,Portage Community Bank,OH,FED,552199,Int Small Bank,,,"Nov 26, 2018",role,CRA Officer,"designated public-file contact, Portage Community Bank",,"1311 E Main St, Ravenna, OH 44266",FDIC BankFind main office; 12 CFR __.43
15799,Premier Community Bank,WI,FDIC,552101,Intermediate Small Bank Evaluation,,,04/01/2024,role,CRA Officer,"designated public-file contact, Premier Community Bank",,"230 Mavis Rd, Marion, WI 54950",FDIC BankFind main office; 12 CFR __.43
23123,Bank of Bartlett,TN,FED,551838,Int Small Bank,Low Satisfactory,High Satisfactory,"Mar 28, 2022",role,CRA Officer,"designated public-file contact, Bank of Bartlett",,"6281 Stage Rd, Bartlett, TN 38134",FDIC BankFind main office; 12 CFR __.43
14312,Five Points Bank of Hastings,NE,FED,551656,Int Small Bank,,,"Jul 29, 2024",role,CRA Officer,"designated public-file contact, Five Points Bank of Hastings",,"2815 Osborne Dr W, Hastings, NE 68901",FDIC BankFind main office; 12 CFR __.43
16116,Nebraska Bank,NE,FDIC,551638,Intermediate Small Bank Evaluation,,,09/01/2024,role,CRA Officer,"designated public-file contact, Nebraska Bank",,"355 2nd St, Dodge, NE 68633",FDIC BankFind main office; 12 CFR __.43
9037,Mound City Bank,WI,FDIC,550667,Intermediate Small Bank Evaluation,,,10/01/2023,role,CRA Officer,"designated public-file contact, Mound City Bank",,"25 E Pine St, Platteville, WI 53818",FDIC BankFind main office; 12 CFR __.43
15286,Northern State Bank of Thief River Falls,MN,FDIC,549992,Intermediate Small Bank Evaluation,,,02/01/2024,role,CRA Officer,"designated public-file contact, Northern State Bank of Thief River Falls",,"201 3rd St E, Thief River Falls, MN 56701",FDIC BankFind main office; 12 CFR __.43
4707,Citizens Bank of Kansas,KS,FED,548444,Int Small Bank,,,"Aug 14, 2023",role,CRA Officer,"designated public-file contact, Citizens Bank of Kansas",,"300 N Main St, Kingman, KS 67068",FDIC BankFind main office; 12 CFR __.43
58580,BlackRidgeBANK,ND,FDIC,548355,Intermediate Small Bank Evaluation,High Satisfactory,High Satisfactory,06/01/2020,role,CRA Officer,"designated public-file contact, BlackRidgeBANK",,"4040 42nd Street South, Fargo, ND 58104",FDIC BankFind main office; 12 CFR __.43
26922,The Cooperative Bank,MA,FDIC,548294,Intermediate Small Bank Evaluation,,,07/01/2023,role,CRA Officer,"designated public-file contact, The Cooperative Bank",,"40 Belgrade Ave, Roslindale, MA 02131",FDIC BankFind main office; 12 CFR __.43
15323,Silver Lake Bank,KS,FDIC,548246,Intermediate Small Bank Evaluation,,,11/01/2024,role,CRA Officer,"designated public-file contact, Silver Lake Bank",,"201 Nw Us Highway 24, Topeka, KS 66608",FDIC BankFind main office; 12 CFR __.43
26185,CHARTER WEST BANK,NE,FED,547900,Int Small Bank,,,"Jan 09, 2023",role,CRA Officer,"designated public-file contact, CHARTER WEST BANK",,"201 S Main St, West Point, NE 68788",FDIC BankFind main office; 12 CFR __.43
5885,The Farmers Bank of Willards,MD,FDIC,547649,Intermediate Small Bank Evaluation,,,10/01/2023,role,CRA Officer,"designated public-file contact, The Farmers Bank of Willards",,"7484 Market St, Willards, MD 21874",FDIC BankFind main office; 12 CFR __.43
18626,Norstates Bank,IL,FDIC,547484,Intermediate Small Bank Evaluation,High Satisfactory,High Satisfactory,11/01/2018,role,CRA Officer,"designated public-file contact, Norstates Bank",,"1601 North Lewis Avenue, Waukegan, IL 60085",FDIC BankFind main office; 12 CFR __.43
11559,First State Bank and Trust Company,TX,FDIC,547414,Intermediate Small Bank Evaluation,,,11/01/2024,role,CRA Officer,"designated public-file contact, First State Bank and Trust Company",,"110 W Panola St, Carthage, TX 75633",FDIC BankFind main office; 12 CFR __.43
19644,Fidelity Bank,AR,FED,546819,Int Small Bank,,,"May 05, 2025",role,CRA Officer,"designated public-file contact, Fidelity Bank",,"330 W Broadway St, West Memphis, AR 72301",FDIC BankFind main office; 12 CFR __.43
8120,"Magnolia Bank, Incorporated",KY,FDIC,546325,Intermediate Small Bank Evaluation,,,02/01/2024,role,CRA Officer,"designated public-file contact, Magnolia Bank, Incorporated",,"651 W Dixie Ave, Elizabethtown, KY 42701",FDIC BankFind main office; 12 CFR __.43
8853,Glenwood State Bank (Incorporated),MN,FDIC,545208,Intermediate Small Bank Evaluation,,,08/01/2024,role,CRA Officer,"designated public-file contact, Glenwood State Bank (Incorporated)",,"5 E Minnesota Ave, Glenwood, MN 56334",FDIC BankFind main office; 12 CFR __.43
29835,Milford Federal Bank,MA,OCC,545081,Intermediate Small Bank,,,06/23/2025,role,CRA Officer,"designated public-file contact, Milford Federal Bank",,"246 Main St, Milford, MA 01757",FDIC BankFind main office; 12 CFR __.43
29800,Lisle Savings Bank,IL,FDIC,544528,Intermediate Small Bank Evaluation,,,04/01/2024,role,CRA Officer,"designated public-file contact, Lisle Savings Bank",,"1450 Maple Ave, Lisle, IL 60532",FDIC BankFind main office; 12 CFR __.43
4791,Bank of the Flint Hills,KS,FED,544519,Int Small Bank,,,"Jul 07, 2025",role,CRA Officer,"designated public-file contact, Bank of the Flint Hills",,"806 5th St, Wamego, KS 66547",FDIC BankFind main office; 12 CFR __.43
17068,Labette Bank,KS,FDIC,544419,Intermediate Small Bank Evaluation,,,02/01/2025,role,CRA Officer,"designated public-file contact, Labette Bank",,"319 E 4th St, Altamont, KS 67330",FDIC BankFind main office; 12 CFR __.43
13130,The Friendship State Bank,IN,FED,543777,Int Small Bank,,,"Oct 17, 2022",role,CRA Officer,"designated public-file contact, The Friendship State Bank",,"5908 E Main Street, Friendship, IN 47021",FDIC BankFind main office; 12 CFR __.43
18576,Bank of Texas,TX,FED,543558,Int Small Bank,,,"Sep 16, 2024",role,CRA Officer,"designated public-file contact, Bank of Texas",,"306 W Wall St, Midland, TX 79701",FDIC BankFind main office; 12 CFR __.43
14801,First State Bank & Trust,ND,FDIC,542573,Intermediate Small Bank Evaluation,,,02/01/2025,role,CRA Officer,"designated public-file contact, First State Bank & Trust",,"22 4th St E, Williston, ND 58801",FDIC BankFind main office; 12 CFR __.43
9319,Merchants & Farmers Bank & Trust Company,LA,FDIC,541448,Intermediate Small Bank Evaluation,,,07/01/2025,role,CRA Officer,"designated public-file contact, Merchants & Farmers Bank & Trust Company",,"501 S 5th St, Leesville, LA 71446",FDIC BankFind main office; 12 CFR __.43
955,Connection Bank,IA,FED,540910,Int Small Bank,,,"Apr 14, 2025",role,CRA Officer,"designated public-file contact, Connection Bank",,"636 Avenue G, Fort Madison, IA 52627",FDIC BankFind main office; 12 CFR __.43
16075,Rayne State Bank & Trust Company,LA,FDIC,540519,Intermediate Small Bank Evaluation,,,05/01/2023,role,CRA Officer,"designated public-file contact, Rayne State Bank & Trust Company",,"200 S Adams Ave, Rayne, LA 70578",FDIC BankFind main office; 12 CFR __.43
5568,Herring Bank,TX,FDIC,540503,Intermediate Small Bank Evaluation,,,11/01/2024,role,CRA Officer,"designated public-file contact, Herring Bank",,"2201 Civic Cir, Amarillo, TX 79109",FDIC BankFind main office; 12 CFR __.43
23737,"Vast Bank, National Association",OK,OCC,540408,Intermediate Small Bank,,,11/17/2025,role,CRA Officer,"designated public-file contact, Vast Bank, National Association",,"110 N Elgin Ave, Tulsa, OK 74120",FDIC BankFind main office; 12 CFR __.43
9760,Community Bank Mankato,MN,FDIC,538319,Intermediate Small Bank Evaluation,,,08/01/2023,role,CRA Officer,"designated public-file contact, Community Bank Mankato",,"201 Main St E, Vernon Center, MN 56090",FDIC BankFind main office; 12 CFR __.43
1852,First Security Bank and Trust Company,IA,FDIC,538199,Intermediate Small Bank Evaluation,,,11/01/2025,role,CRA Officer,"designated public-file contact, First Security Bank and Trust Company",,"809 Clark St, Charles City, IA 50616",FDIC BankFind main office; 12 CFR __.43
3195,Fayetteville Bank,TX,FDIC,537367,Intermediate Small Bank Evaluation,,,12/01/2023,role,CRA Officer,"designated public-file contact, Fayetteville Bank",,"107 W Fayette St, Fayetteville, TX 78940",FDIC BankFind main office; 12 CFR __.43
11482,Homestead Bank,NE,FDIC,537000,Intermediate Small Bank Evaluation,,,06/01/2024,role,CRA Officer,"designated public-file contact, Homestead Bank",,"915 Meridian Ave, Cozad, NE 69130",FDIC BankFind main office; 12 CFR __.43
17262,Essex Bank,CT,FDIC,536624,Intermediate Small Bank Evaluation,,,07/01/2024,role,CRA Officer,"designated public-file contact, Essex Bank",,"35 Plains Rd, Essex, CT 06426",FDIC BankFind main office; 12 CFR __.43
22282,First Nations Bank,IL,FDIC,536612,Intermediate Small Bank Evaluation,,,01/01/2024,role,CRA Officer,"designated public-file contact, First Nations Bank",,"7757 W Devon Ave, Chicago, IL 60631",FDIC BankFind main office; 12 CFR __.43
34108,Pan American Bank & Trust,IL,FDIC,536110,Intermediate Small Bank Evaluation,,,08/01/2024,role,CRA Officer,"designated public-file contact, Pan American Bank & Trust",,"1440 W North Ave, Melrose Park, IL 60160",FDIC BankFind main office; 12 CFR __.43
59188,Triad Business Bank,NC,FDIC,536046,Intermediate Small Bank Evaluation,,,01/01/2026,role,CRA Officer,"designated public-file contact, Triad Business Bank",,"1501 Highwoods Blvd, Greensboro, NC 27410",FDIC BankFind main office; 12 CFR __.43
12219,"First State Bank of St. Charles, Missouri",MO,FDIC,535197,Intermediate Small Bank Evaluation,,,01/01/2025,role,CRA Officer,"designated public-file contact, First State Bank of St. Charles, Missouri",,"206 N 5th St, St. Charles, MO 63301",FDIC BankFind main office; 12 CFR __.43
11539,Enterprise Bank of South Carolina,SC,FDIC,535133,Intermediate Small Bank Evaluation,,,06/01/2025,role,CRA Officer,"designated public-file contact, Enterprise Bank of South Carolina",,"13497 Broxton Bridge Rd, Ehrhardt, SC 29081",FDIC BankFind main office; 12 CFR __.43
27417,Shoreham Bank,RI,OCC,534750,Intermediate Small Bank,,,10/24/2022,role,CRA Officer,"designated public-file contact, Shoreham Bank",,"1 Shoreham Way, Warwick, RI 02886",FDIC BankFind main office; 12 CFR __.43
35161,The Murray Bank,KY,OCC,534147,Intermediate Small Bank,,,06/02/2025,role,CRA Officer,"designated public-file contact, The Murray Bank",,"405 S 12th St, Murray, KY 42071",FDIC BankFind main office; 12 CFR __.43
1905,"Profinium, Inc.",MN,FED,533111,Int Small Bank,,,"Sep 22, 2025",role,CRA Officer,"designated public-file contact, Profinium, Inc.",,"414 N 5th Ave E, Truman, MN 56088",FDIC BankFind main office; 12 CFR __.43
5800,"American Bank, National Association",IA,OCC,533050,Intermediate Small Bank,,,07/07/2025,role,CRA Officer,"designated public-file contact, American Bank, National Association",,"234 5th Ave Sw, Le Mars, IA 51031",FDIC BankFind main office; 12 CFR __.43
27884,Huntington Federal Savings Bank,WV,OCC,532286,Intermediate Small Bank,,,02/10/2025,role,CRA Officer,"designated public-file contact, Huntington Federal Savings Bank",,"1049 5th Ave, Huntington, WV 25701",FDIC BankFind main office; 12 CFR __.43
33999,The Simsbury Bank & Trust Company,CT,FDIC,531873,Intermediate Small Bank Evaluation,High Satisfactory,High Satisfactory,07/01/2018,role,CRA Officer,"designated public-file contact, The Simsbury Bank & Trust Company",,"981 Hopmeadow Street, Simsbury, CT 06070",FDIC BankFind main office; 12 CFR __.43
27697,Fifth District Savings Bank,LA,OCC,531766,Intermediate Small Bank,,,07/28/2025,role,CRA Officer,"designated public-file contact, Fifth District Savings Bank",,"4000 General Degaulle Dr, New Orleans, LA 70114",FDIC BankFind main office; 12 CFR __.43
1147,The Peoples Bank,KS,FED,531095,Int Small Bank,,,"Oct 22, 2018",role,CRA Officer,"designated public-file contact, The Peoples Bank",,"222 S Main St, Pratt, KS 67124",FDIC BankFind main office; 12 CFR __.43
33753,Citizens Community Bank,IL,FDIC,531041,Intermediate Small Bank Evaluation,,,09/01/2025,role,CRA Officer,"designated public-file contact, Citizens Community Bank",,"9 E Main St, Mascoutah, IL 62258",FDIC BankFind main office; 12 CFR __.43
363,"First Montana Bank, Inc.",MT,FED,530272,Int Small Bank,,,"Sep 11, 2023",role,CRA Officer,"designated public-file contact, First Montana Bank, Inc.",,"201 N Higgins Ave, Missoula, MT 59802",FDIC BankFind main office; 12 CFR __.43
27503,The Berkshire Bank,NY,FDIC,529978,Intermediate Small Bank Evaluation,,,08/01/2026,role,CRA Officer,"designated public-file contact, The Berkshire Bank",,"4 E 39th St, New York, NY 10016",FDIC BankFind main office; 12 CFR __.43
15443,Lake Elmo Bank,MN,FDIC,529749,Intermediate Small Bank Evaluation,,,08/01/2025,role,CRA Officer,"designated public-file contact, Lake Elmo Bank",,"11465 39th St N, Lake Elmo, MN 55042",FDIC BankFind main office; 12 CFR __.43
14692,Peoples Bank,IA,FED,529640,Int Small Bank,,,"Oct 27, 2025",role,CRA Officer,"designated public-file contact, Peoples Bank",,"12701 University Ave, Clive, IA 50325",FDIC BankFind main office; 12 CFR __.43
7910,Mars Bank,PA,FDIC,529562,Intermediate Small Bank Evaluation,,,02/01/2023,role,CRA Officer,"designated public-file contact, Mars Bank",,"145 Grand Ave, Mars, PA 16046",FDIC BankFind main office; 12 CFR __.43
26575,Coastal Heritage Bank,MA,FDIC,529424,Intermediate Small Bank Evaluation,High Satisfactory,High Satisfactory,08/01/2018,role,CRA Officer,"designated public-file contact, Coastal Heritage Bank",,"195 Washington Street, Weymouth, MA 02188",FDIC BankFind main office; 12 CFR __.43
17445,Community Bank,OR,FDIC,529173,Intermediate Small Bank Evaluation,High Satisfactory,High Satisfactory,02/01/2022,role,CRA Officer,"designated public-file contact, Community Bank",,"609 N Main St, Joseph, OR 97846",FDIC BankFind main office; 12 CFR __.43
35223,First Secure Community Bank,IL,FDIC,528760,Intermediate Small Bank Evaluation,,,08/01/2025,role,CRA Officer,"designated public-file contact, First Secure Community Bank",,"670 N Sugar Grove Pkwy, Sugar Grove, IL 60554",FDIC BankFind main office; 12 CFR __.43
29783,High Country Bank,CO,FED,528482,Int Small Bank,,,"Jul 10, 2023",role,CRA Officer,"designated public-file contact, High Country Bank",,"7360 W Us Highway 50, Salida, CO 81201",FDIC BankFind main office; 12 CFR __.43
34876,"Connecticut Community Bank, National Association",CT,OCC,526018,Intermediate Small Bank,,,09/23/2024,role,CRA Officer,"designated public-file contact, Connecticut Community Bank, National Association",,"605 West Ave, Norwalk, CT 06850",FDIC BankFind main office; 12 CFR __.43
33859,Catskill Hudson Bank,NY,FDIC,525725,Intermediate Small Bank Evaluation,High Satisfactory,High Satisfactory,06/01/2022,role,CRA Officer,"designated public-file contact, Catskill Hudson Bank",,"4445 State Route 42, Monticello, NY 12701",FDIC BankFind main office; 12 CFR __.43
30260,Cross County Savings Bank,NY,FDIC,525421,Intermediate Small Bank Evaluation,,,08/01/2025,role,CRA Officer,"designated public-file contact, Cross County Savings Bank",,"7921 Metropolitan Ave, Middle Village, NY 11379",FDIC BankFind main office; 12 CFR __.43
11228,First Citizens State Bank,WI,FDIC,525244,Intermediate Small Bank Evaluation,,,11/01/2025,role,CRA Officer,"designated public-file contact, First Citizens State Bank",,"207 W Main St, Whitewater, WI 53190",FDIC BankFind main office; 12 CFR __.43
57301,"United Community Bank of West Kentucky, Inc.",KY,FDIC,524948,Intermediate Small Bank Evaluation,,,07/01/2026,role,CRA Officer,"designated public-file contact, United Community Bank of West Kentucky, Inc.",,"500 N Morgan St, Morganfield, KY 42437",FDIC BankFind main office; 12 CFR __.43
58563,Select Bank,VA,FED,524446,Int Small Bank,,,"Apr 17, 2023",role,CRA Officer,"designated public-file contact, Select Bank",,"211 Gristmill Dr, Forest, VA 24551",FDIC BankFind main office; 12 CFR __.43
18361,Coulee Bank,WI,FDIC,524374,Intermediate Small Bank Evaluation,,,08/01/2025,role,CRA Officer,"designated public-file contact, Coulee Bank",,"1516 Losey Blvd S, La Crosse, WI 54601",FDIC BankFind main office; 12 CFR __.43
12113,Germantown Trust & Savings Bank,IL,FDIC,523623,Intermediate Small Bank Evaluation,,,11/01/2023,role,CRA Officer,"designated public-file contact, Germantown Trust & Savings Bank",,"205 N Germantown Rd, Breese, IL 62230",FDIC BankFind main office; 12 CFR __.43
31485,Equitable Bank,NE,FED,523535,Int Small Bank,,,"Jun 06, 2022",role,CRA Officer,"designated public-file contact, Equitable Bank",,"113 N Locust St, Grand Island, NE 68801",FDIC BankFind main office; 12 CFR __.43
32441,"United Midwest Savings Bank, National Association",OH,OCC,523437,Intermediate Small Bank,,,08/11/2025,role,CRA Officer,"designated public-file contact, United Midwest Savings Bank, National Association",,"101 S Main St, Degraff, OH 43318",FDIC BankFind main office; 12 CFR __.43
58533,Vinings Bank,GA,FDIC,523404,Intermediate Small Bank Evaluation,High Satisfactory,High Satisfactory,06/01/2021,role,CRA Officer,"designated public-file contact, Vinings Bank",,"4135 Atlanta Rd Se, Smyrna, GA 30080",FDIC BankFind main office; 12 CFR __.43
10011,Woodford State Bank,WI,FDIC,523354,Intermediate Small Bank Evaluation,,,02/01/2026,role,CRA Officer,"designated public-file contact, Woodford State Bank",,"403 W 8th St, Monroe, WI 53566",FDIC BankFind main office; 12 CFR __.43
26530,Denali State Bank,AK,FDIC,522646,Intermediate Small Bank Evaluation,,,11/01/2025,role,CRA Officer,"designated public-file contact, Denali State Bank",,"119 N Cushman St, Fairbanks, AK 99701",FDIC BankFind main office; 12 CFR __.43
18400,Iowa Trust & Savings Bank,IA,FDIC,521983,Intermediate Small Bank Evaluation,,,04/01/2026,role,CRA Officer,"designated public-file contact, Iowa Trust & Savings Bank",,"2101 10th St, Emmetsburg, IA 50536",FDIC BankFind main office; 12 CFR __.43
13216,The Savings Bank,OH,FDIC,520058,Intermediate Small Bank Evaluation,,,07/01/2023,role,CRA Officer,"designated public-file contact, The Savings Bank",,"118 N Court St, Circleville, OH 43113",FDIC BankFind main office; 12 CFR __.43
15463,State Bank of De Kalb,TX,FDIC,519892,Intermediate Small Bank Evaluation,,,04/01/2024,role,CRA Officer,"designated public-file contact, State Bank of De Kalb",,"102 S Runnels St, De Kalb, TX 75559",FDIC BankFind main office; 12 CFR __.43
28151,West Town Bank & Trust,IL,FDIC,518401,Strategic Plan Evaluation,,,04/01/2022,role,CRA Officer,"designated public-file contact, West Town Bank & Trust",,"7820 W 26th St, North Riverside, IL 60546",FDIC BankFind main office; 12 CFR __.43
23086,"New OMNI Bank, National Association",CA,OCC,517936,Intermediate Small Bank,,,07/31/2023,role,CRA Officer,"designated public-file contact, New OMNI Bank, National Association",,"10 S 1st St, Alhambra, CA 91801",FDIC BankFind main office; 12 CFR __.43
28812,Armor Bank,AR,FED,516927,Int Small Bank,,,"Oct 15, 2024",role,CRA Officer,"designated public-file contact, Armor Bank",,"715 N Washington St, Forrest City, AR 72335",FDIC BankFind main office; 12 CFR __.43
1095,Central Savings Bank,MI,FED,516761,Int Small Bank,,,"Jan 29, 2024",role,CRA Officer,"designated public-file contact, Central Savings Bank",,"511 Bingham Ave, Sault Sainte Marie, MI 49783",FDIC BankFind main office; 12 CFR __.43
12331,State Bank of Chilton,WI,FDIC,516519,Intermediate Small Bank Evaluation,,,12/01/2024,role,CRA Officer,"designated public-file contact, State Bank of Chilton",,"26 E Main St, Chilton, WI 53014",FDIC BankFind main office; 12 CFR __.43
6863,Powell Valley National Bank,VA,OCC,516491,Intermediate Small Bank,,,08/25/2025,role,CRA Officer,"designated public-file contact, Powell Valley National Bank",,"33785 Main Street, Jonesville, VA 24263",FDIC BankFind main office; 12 CFR __.43
24332,First Credit Bank,CA,FDIC,515839,Intermediate Small Bank Evaluation,,,12/01/2025,role,CRA Officer,"designated public-file contact, First Credit Bank",,"9255 W Sunset Blvd, Los Angeles, CA 90069",FDIC BankFind main office; 12 CFR __.43
14974,First State Bank and Trust,KS,FDIC,514926,Intermediate Small Bank Evaluation,,,02/01/2025,role,CRA Officer,"designated public-file contact, First State Bank and Trust",,"400 S Bury St, Tonganoxie, KS 66086",FDIC BankFind main office; 12 CFR __.43
20353,Gulf Coast Bank,LA,FDIC,513667,Intermediate Small Bank Evaluation,,,04/01/2025,role,CRA Officer,"designated public-file contact, Gulf Coast Bank",,"221 S State St, Abbeville, LA 70510",FDIC BankFind main office; 12 CFR __.43
58464,Capital Bank of New Jersey,NJ,FDIC,513515,Intermediate Small Bank Evaluation,High Satisfactory,Outstanding,12/01/2018,role,CRA Officer,"designated public-file contact, Capital Bank of New Jersey",,"175 South Main Road, Vineland, NJ 08360",FDIC BankFind main office; 12 CFR __.43
28105,"First Robinson Savings Bank, National Association",IL,OCC,512141,Intermediate Small Bank,,,11/13/2024,role,CRA Officer,"designated public-file contact, First Robinson Savings Bank, National Association",,"501 E Main St, Robinson, IL 62454",FDIC BankFind main office; 12 CFR __.43
10383,State Bank Financial,WI,FED,512060,Int Small Bank,Low Satisfactory,High Satisfactory,"Mar 11, 2024",role,CRA Officer,"designated public-file contact, State Bank Financial",,"401 Main St, La Crosse, WI 54601",FDIC BankFind main office; 12 CFR __.43
15969,Rondout Savings Bank,NY,FDIC,512033,Intermediate Small Bank Evaluation,,,02/01/2025,role,CRA Officer,"designated public-file contact, Rondout Savings Bank",,"300 Broadway, Kingston, NY 12401",FDIC BankFind main office; 12 CFR __.43
12223,The Callaway Bank,MO,FED,511521,Int Small Bank,,,"Oct 06, 2025",role,CRA Officer,"designated public-file contact, The Callaway Bank",,"5 E 5th St, Fulton, MO 65251",FDIC BankFind main office; 12 CFR __.43
15477,Citizens Bank of Americus,GA,FDIC,511051,Intermediate Small Bank Evaluation,,,02/01/2025,role,CRA Officer,"designated public-file contact, Citizens Bank of Americus",,"119 N Lee St, Americus, GA 31709",FDIC BankFind main office; 12 CFR __.43
3400,"Texas Republic Bank, National Association",TX,OCC,510633,Intermediate Small Bank,,,08/11/2025,role,CRA Officer,"designated public-file contact, Texas Republic Bank, National Association",,"2595 Preston Rd, Frisco, TX 75034",FDIC BankFind main office; 12 CFR __.43
9369,The Bank of Advance,MO,FED,509944,Int Small Bank,,High Satisfactory,"Jul 24, 2023",role,CRA Officer,"designated public-file contact, The Bank of Advance",,"105 E Gabriel St, Advance, MO 63730",FDIC BankFind main office; 12 CFR __.43
16332,First State Bank and Trust,IL,FDIC,509624,Intermediate Small Bank Evaluation,,,02/01/2026,role,CRA Officer,"designated public-file contact, First State Bank and Trust",,"201 W Main St, Monticello, IL 61856",FDIC BankFind main office; 12 CFR __.43
29035,"Hancock County Savings Bank, F.S.B.",WV,OCC,508027,Intermediate Small Bank,,,10/02/2023,role,CRA Officer,"designated public-file contact, Hancock County Savings Bank, F.S.B.",,"351 Carolina Ave, Chester, WV 26034",FDIC BankFind main office; 12 CFR __.43
58789,Grand River Bank,MI,FED,507301,Int Small Bank,,,"Jul 07, 2025",role,CRA Officer,"designated public-file contact, Grand River Bank",,"4471 Wilson Ave Sw, Grandville, MI 49418",FDIC BankFind main office; 12 CFR __.43
58401,Mega Bank,CA,FDIC,506664,Intermediate Small Bank Evaluation,,,05/01/2025,role,CRA Officer,"designated public-file contact, Mega Bank",,"245 W Valley Blvd, San Gabriel, CA 91776",FDIC BankFind main office; 12 CFR __.43
14113,The Peoples State Bank,IN,FDIC,506621,Intermediate Small Bank Evaluation,,,06/01/2023,role,CRA Officer,"designated public-file contact, The Peoples State Bank",,"601 E Temperance St, Ellettsville, IN 47429",FDIC BankFind main office; 12 CFR __.43
14735,"First Community Bank of the Heartland, Inc.",KY,FED,505974,Intermediate Small Bank Evaluation,,,11/01/2025,role,CRA Officer,"designated public-file contact, First Community Bank of the Heartland, Inc.",,"114 E Jackson St, Clinton, KY 42031",FDIC BankFind main office; 12 CFR __.43
58184,Merchants Commercial Bank,VI,FDIC,505964,Intermediate Small Bank Evaluation,,,01/01/2025,role,CRA Officer,"designated public-file contact, Merchants Commercial Bank",,"4608 Tutu Park Mall, St Thomas, VI 00802",FDIC BankFind main office; 12 CFR __.43
3873,Eagle Bank and Trust Company,AR,FED,505674,Int Small Bank,,,"Sep 03, 2024",role,CRA Officer,"designated public-file contact, Eagle Bank and Trust Company",,"650 S Shackleford Rd, Little Rock, AR 72211",FDIC BankFind main office; 12 CFR __.43
59154,Piermont Bank,NY,FDIC,505063,Intermediate Small Bank Evaluation,,,11/01/2025,role,CRA Officer,"designated public-file contact, Piermont Bank",,"4 Bryant Park, New York, NY 10018",FDIC BankFind main office; 12 CFR __.43
9366,Peoples Bank,MS,FDIC,503471,Intermediate Small Bank Evaluation,,,04/01/2024,role,CRA Officer,"designated public-file contact, Peoples Bank",,"160 E Maud Ave, Mendenhall, MS 39114",FDIC BankFind main office; 12 CFR __.43
11113,Hamlin Bank and Trust Company,PA,FDIC,503390,Large Bank Evaluation,Low Satisfactory,Low Satisfactory,01/01/2025,role,CRA Officer,"designated public-file contact, Hamlin Bank and Trust Company",,"333 W Main St, Smethport, PA 16749",FDIC BankFind main office; 12 CFR __.43
35533,First Electronic Bank,UT,FDIC,502862,Strategic Plan Evaluation,,,02/01/2024,role,CRA Officer,"designated public-file contact, First Electronic Bank",,"2150 S 1300 E, Salt Lake City, UT 84106",FDIC BankFind main office; 12 CFR __.43
10608,UNICO Bank,MO,FDIC,502638,Intermediate Small Bank Evaluation,,,04/01/2026,role,CRA Officer,"designated public-file contact, UNICO Bank",,"625 Veterans Dr, Mineral Point, MO 63660",FDIC BankFind main office; 12 CFR __.43
28701,Ambler Savings Bank,PA,FDIC,502301,Intermediate Small Bank Evaluation,,,01/01/2025,role,CRA Officer,"designated public-file contact, Ambler Savings Bank",,"155 E Butler Ave, Ambler, PA 19002",FDIC BankFind main office; 12 CFR __.43
26601,Beverly Bank,MA,FDIC,502198,Intermediate Small Bank Evaluation,High Satisfactory,Outstanding,12/01/2018,role,CRA Officer,"designated public-file contact, Beverly Bank",,"254 Cabot Street, Beverly, MA 01915",FDIC BankFind main office; 12 CFR __.43
4801,Southwest National Bank,KS,OCC,502120,Intermediate Small Bank,,,11/12/2024,role,CRA Officer,"designated public-file contact, Southwest National Bank",,"400 E Douglas Ave, Wichita, KS 67202",FDIC BankFind main office; 12 CFR __.43
31361,"Colonial Savings, F.A.",TX,OCC,501794,Intermediate Small Bank,,,12/01/2025,role,CRA Officer,"designated public-file contact, Colonial Savings, F.A.",,"2626c West Fwy, Fort Worth, TX 76102",FDIC BankFind main office; 12 CFR __.43
3339,The First National Bank of Mertzon,TX,OCC,500293,Intermediate Small Bank,,,10/21/2024,role,CRA Officer,"designated public-file contact, The First National Bank of Mertzon",,"106 S Broadway St Ave, Mertzon, TX 76941",FDIC BankFind main office; 12 CFR __.43
10101,The Napoleon State Bank,IN,FDIC,499218,Intermediate Small Bank Evaluation,High Satisfactory,High Satisfactory,12/01/2023,role,CRA Officer,"designated public-file contact, The Napoleon State Bank",,"8912 N Us Highway 421, Napoleon, IN 47034",FDIC BankFind main office; 12 CFR __.43
10111,Ohnward Bank & Trust,IA,FDIC,499085,Intermediate Small Bank Evaluation,,,05/01/2025,role,CRA Officer,"designated public-file contact, Ohnward Bank & Trust",,"332 1st Ave W, Cascade, IA 52033",FDIC BankFind main office; 12 CFR __.43
3840,The FNB Community Bank,IL,FED,498909,Int Small Bank,,,"Jul 24, 2023",role,CRA Officer,"designated public-file contact, The FNB Community Bank",,"432 W Gallatin St, Vandalia, IL 62471",FDIC BankFind main office; 12 CFR __.43
11347,Grinnell State Bank,IA,FDIC,498585,Intermediate Small Bank Evaluation,,,10/01/2023,role,CRA Officer,"designated public-file contact, Grinnell State Bank",,"814 4th Ave, Grinnell, IA 50112",FDIC BankFind main office; 12 CFR __.43
26217,Bank of Commerce,KS,FED,497495,Int Small Bank,,Outstanding,"Apr 15, 2024",role,CRA Officer,"designated public-file contact, Bank of Commerce",,"101 W Main St, Chanute, KS 66720",FDIC BankFind main office; 12 CFR __.43
7356,Champlain National Bank,NY,OCC,497060,Intermediate Small Bank,,,01/06/2026,role,CRA Officer,"designated public-file contact, Champlain National Bank",,"7558 Us Route 9, Elizabethtown, NY 12932",FDIC BankFind main office; 12 CFR __.43
3614,Casey State Bank,IL,FDIC,496687,Intermediate Small Bank Evaluation,,,01/01/2025,role,CRA Officer,"designated public-file contact, Casey State Bank",,"305 N Central Ave, Casey, IL 62420",FDIC BankFind main office; 12 CFR __.43
57686,"American Commerce Bank, National Association",GA,OCC,495670,Intermediate Small Bank,,,03/03/2025,role,CRA Officer,"designated public-file contact, American Commerce Bank, National Association",,"400 Us Highway 27 Byp, Bremen, GA 30110",FDIC BankFind main office; 12 CFR __.43
16442,Citizens Bank of Florida,FL,FDIC,495584,Intermediate Small Bank Evaluation,High Satisfactory,High Satisfactory,06/01/2021,role,CRA Officer,"designated public-file contact, Citizens Bank of Florida",,"156 Geneva Dr, Oviedo, FL 32765",FDIC BankFind main office; 12 CFR __.43
26703,"River City Bank, Inc.",KY,FDIC,494862,Intermediate Small Bank Evaluation,,,06/01/2025,role,CRA Officer,"designated public-file contact, River City Bank, Inc.",,"500 S 6th St, Louisville, KY 40202",FDIC BankFind main office; 12 CFR __.43
25267,TruBank,IA,FDIC,494589,Intermediate Small Bank Evaluation,,,12/01/2023,role,CRA Officer,"designated public-file contact, TruBank",,"1401 N Jefferson Way, Indianola, IA 50125",FDIC BankFind main office; 12 CFR __.43
27269,Dean Co-operative Bank,MA,FDIC,494314,Intermediate Small Bank Evaluation,,,07/01/2025,role,CRA Officer,"designated public-file contact, Dean Co-operative Bank",,"21 Main St, Franklin, MA 02038",FDIC BankFind main office; 12 CFR __.43
5015,Century Bank and Trust,MI,FDIC,493988,Intermediate Small Bank Evaluation,,,12/01/2025,role,CRA Officer,"designated public-file contact, Century Bank and Trust",,"100 W Chicago St, Coldwater, MI 49036",FDIC BankFind main office; 12 CFR __.43
18237,Jewett City Savings Bank,CT,FDIC,493863,Intermediate Small Bank Evaluation,,,07/01/2023,role,CRA Officer,"designated public-file contact, Jewett City Savings Bank",,"111 Main St, Jewett City, CT 06351",FDIC BankFind main office; 12 CFR __.43
5835,The First State Bank,KS,FDIC,493174,Intermediate Small Bank Evaluation,,,04/01/2026,role,CRA Officer,"designated public-file contact, The First State Bank",,"105 W Main St, Norton, KS 67654",FDIC BankFind main office; 12 CFR __.43
11491,The Citizens Bank of Clovis,NM,FDIC,493107,Intermediate Small Bank Evaluation,,,03/01/2024,role,CRA Officer,"designated public-file contact, The Citizens Bank of Clovis",,"421 Pile St, Clovis, NM 88101",FDIC BankFind main office; 12 CFR __.43
15966,Fulton Savings Bank,NY,FDIC,492262,Intermediate Small Bank Evaluation,,,12/01/2023,role,CRA Officer,"designated public-file contact, Fulton Savings Bank",,"75 S 1st St, Fulton, NY 13069",FDIC BankFind main office; 12 CFR __.43
28780,Arundel Bank,MD,OCC,492082,Intermediate Small Bank,,,09/15/2025,role,CRA Officer,"designated public-file contact, Arundel Bank",,"655 Crain Hwy S, Glen Burnie, MD 21061",FDIC BankFind main office; 12 CFR __.43
15205,Bank3,TN,FDIC,491787,Intermediate Small Bank Evaluation,,,07/01/2023,role,CRA Officer,"designated public-file contact, Bank3",,"5210 Poplar Ave, Memphis, TN 38119",FDIC BankFind main office; 12 CFR __.43
11741,Solutions Bank,IL,FDIC,491597,Intermediate Small Bank Evaluation,,,09/01/2025,role,CRA Officer,"designated public-file contact, Solutions Bank",,"200 E Main St, Forreston, IL 61030",FDIC BankFind main office; 12 CFR __.43
31217,LifeStore Bank,NC,FED,491321,Int Small Bank,,,"Oct 14, 2025",role,CRA Officer,"designated public-file contact, LifeStore Bank",,"205 S Jefferson Ave, West Jefferson, NC 28694",FDIC BankFind main office; 12 CFR __.43
26799,EvaBank,AL,FDIC,490603,Intermediate Small Bank Evaluation,,,04/01/2026,role,CRA Officer,"designated public-file contact, EvaBank",,"4113 Eva Rd, Eva, AL 35621",FDIC BankFind main office; 12 CFR __.43
57626,1st State Bank,MI,FDIC,490075,Intermediate Small Bank Evaluation,,,12/01/2025,role,CRA Officer,"designated public-file contact, 1st State Bank",,"4800 Fashion Square Blvd, Saginaw, MI 48604",FDIC BankFind main office; 12 CFR __.43
16817,Citizens Bank,TX,FDIC,488811,Intermediate Small Bank Evaluation,,,09/01/2023,named,Reza Aghamirzadeh,"EVP, Head of Community Development",,"301 E Main St, Kilgore, TX 75662","CBA Community Reinvestment Committee roster, 2026-08-26"
10168,First Farmers & Merchants Bank,MN,FDIC,486424,Intermediate Small Bank Evaluation,,,07/01/2023,role,CRA Officer,"designated public-file contact, First Farmers & Merchants Bank",,"920 4th St S, Cannon Falls, MN 55009",FDIC BankFind main office; 12 CFR __.43
35333,Oak Bank,WI,FDIC,486337,Intermediate Small Bank Evaluation,,,04/01/2024,role,CRA Officer,"designated public-file contact, Oak Bank",,"5951 Mckee Rd, Fitchburg, WI 53719",FDIC BankFind main office; 12 CFR __.43
245,Raccoon Valley Bank,IA,FDIC,486033,Intermediate Small Bank Evaluation,,,03/01/2025,role,CRA Officer,"designated public-file contact, Raccoon Valley Bank",,"1202 2nd St, Perry, IA 50220",FDIC BankFind main office; 12 CFR __.43
30315,First Federal Savings Bank of Lincolnton,NC,OCC,485771,Strategic Plan,,,05/30/2023,role,CRA Officer,"designated public-file contact, First Federal Savings Bank of Lincolnton",,"320 E Main St, Lincolnton, NC 28092",FDIC BankFind main office; 12 CFR __.43
9137,Osgood Bank,OH,FDIC,485771,Intermediate Small Bank Evaluation,,,02/01/2026,role,CRA Officer,"designated public-file contact, Osgood Bank",,"275 W Main St, Osgood, OH 45351",FDIC BankFind main office; 12 CFR __.43
58049,"Eclipse Bank, Inc.",KY,FDIC,485690,Intermediate Small Bank Evaluation,,,12/01/2025,role,CRA Officer,"designated public-file contact, Eclipse Bank, Inc.",,"13903 Promenade Green Way, Louisville, KY 40245",FDIC BankFind main office; 12 CFR __.43
27233,Peoples Independent Bank,AL,FDIC,485680,Intermediate Small Bank Evaluation,,,12/01/2024,role,CRA Officer,"designated public-file contact, Peoples Independent Bank",,"121 Billy B. Dyar Boulevard, Boaz, AL 35957",FDIC BankFind main office; 12 CFR __.43
28870,Wallkill Valley Federal Savings and Loan Association,NY,OCC,484967,Intermediate Small Bank,,,09/22/2025,role,CRA Officer,"designated public-file contact, Wallkill Valley Federal Savings and Loan Association",,"23 Wallkill Ave, Wallkill, NY 12589",FDIC BankFind main office; 12 CFR __.43
57359,American Eagle Bank,IL,FDIC,484737,Intermediate Small Bank Evaluation,,,11/01/2024,role,CRA Officer,"designated public-file contact, American Eagle Bank",,"556 Randall Rd, South Elgin, IL 60177",FDIC BankFind main office; 12 CFR __.43
15334,Rolling Hills Bank & Trust,IA,FED,484409,Int Small Bank,,,"Feb 23, 2026",role,CRA Officer,"designated public-file contact, Rolling Hills Bank & Trust",,"1307 E 7th St, Atlantic, IA 50022",FDIC BankFind main office; 12 CFR __.43
59144,Ohio State Bank,OH,FDIC,483982,Intermediate Small Bank Evaluation,,,08/01/2026,role,CRA Officer,"designated public-file contact, Ohio State Bank",,"2106 E Main St, Bexley, OH 43209",FDIC BankFind main office; 12 CFR __.43
12258,Southwest Capital Bank,NM,FDIC,482915,Intermediate Small Bank Evaluation,,,06/01/2025,role,CRA Officer,"designated public-file contact, Southwest Capital Bank",,"1410 Central Ave Sw, Albuquerque, NM 87104",FDIC BankFind main office; 12 CFR __.43
27664,"Sterling Federal Bank, F.S.B.",IL,OCC,481614,Intermediate Small Bank,,,04/29/2024,role,CRA Officer,"designated public-file contact, Sterling Federal Bank, F.S.B.",,"110 E 4th St, Sterling, IL 61081",FDIC BankFind main office; 12 CFR __.43
34955,"American Bank and Trust Company, National Association",IA,OCC,480853,Intermediate Small Bank,,,11/25/2024,role,CRA Officer,"designated public-file contact, American Bank and Trust Company, National Association",,"4301 E 53rd St, Davenport, IA 52807",FDIC BankFind main office; 12 CFR __.43
1376,Citizens Bank & Trust Company,LA,FDIC,480828,Intermediate Small Bank Evaluation,,,11/01/2023,named,Reza Aghamirzadeh,"EVP, Head of Community Development",,"57910 Main St, Plaquemine, LA 70764","CBA Community Reinvestment Committee roster, 2026-08-26"
15808,Iowa State Bank,IA,FDIC,480546,Intermediate Small Bank Evaluation,,,10/01/2024,role,CRA Officer,"designated public-file contact, Iowa State Bank",,"627 E Locust St, Des Moines, IA 50309",FDIC BankFind main office; 12 CFR __.43
16127,FNB Community Bank,OK,FED,480189,Int Small Bank,,,"Sep 19, 2022",role,CRA Officer,"designated public-file contact, FNB Community Bank",,"2911 S Air Depot Blvd, Midwest City, OK 73110",FDIC BankFind main office; 12 CFR __.43
28747,Hoyne Savings Bank,IL,FDIC,479907,Intermediate Small Bank Evaluation,,,02/01/2025,role,CRA Officer,"designated public-file contact, Hoyne Savings Bank",,"4786 N Milwaukee Ave, Chicago, IL 60630",FDIC BankFind main office; 12 CFR __.43
90268,Seamen's Bank,MA,FDIC,478455,Intermediate Small Bank Evaluation,,,04/01/2025,role,CRA Officer,"designated public-file contact, Seamen's Bank",,"221 Commercial St, Provincetown, MA 02657",FDIC BankFind main office; 12 CFR __.43
28454,Anchor Bank,WA,FDIC,478333,Intermediate Small Bank Evaluation,High Satisfactory,High Satisfactory,06/01/2018,role,CRA Officer,"designated public-file contact, Anchor Bank",,"120 North Broadway, Aberdeen, WA 98520",FDIC BankFind main office; 12 CFR __.43
16416,"FSNB, National Association",OK,OCC,478276,Intermediate Small Bank,,,05/19/2025,role,CRA Officer,"designated public-file contact, FSNB, National Association",,"1420 Sw Lee Blvd, Lawton, OK 73501",FDIC BankFind main office; 12 CFR __.43
25894,First National Bank,SD,OCC,477821,Intermediate Small Bank,,,07/07/2025,role,CRA Officer,"designated public-file contact, First National Bank",,"141 E Main St, Oldham, SD 57051",FDIC BankFind main office; 12 CFR __.43
20040,Merchants and Manufacturers Bank,IL,FDIC,477598,Strategic Plan Evaluation,,,12/01/2022,role,CRA Officer,"designated public-file contact, Merchants and Manufacturers Bank",,"601 E Cass St, Joliet, IL 60432",FDIC BankFind main office; 12 CFR __.43
12266,Mechanics & Farmers Bank,NC,FDIC,475992,Intermediate Small Bank Evaluation,,,01/01/2025,role,CRA Officer,"designated public-file contact, Mechanics & Farmers Bank",,"116 W Parrish St, Durham, NC 27701",FDIC BankFind main office; 12 CFR __.43
16976,Community State Bank of Orbisonia,PA,FDIC,473456,Intermediate Small Bank Evaluation,,,11/01/2025,role,CRA Officer,"designated public-file contact, Community State Bank of Orbisonia",,"478 Ridgley St, Orbisonia, PA 17243",FDIC BankFind main office; 12 CFR __.43
26499,American National Bank of Minnesota,MN,OCC,473220,Intermediate Small Bank,,,02/18/2025,role,CRA Officer,"designated public-file contact, American National Bank of Minnesota",,"7638 Woida Rd, Baxter, MN 56425",FDIC BankFind main office; 12 CFR __.43
5432,First Northeast Bank of Nebraska,NE,FED,472630,Int Small Bank,,,"Apr 20, 2026",role,CRA Officer,"designated public-file contact, First Northeast Bank of Nebraska",,"440 Main St, Lyons, NE 68038",FDIC BankFind main office; 12 CFR __.43
769,The Farmers Bank and Savings Company,OH,FDIC,471968,Intermediate Small Bank Evaluation,,,07/01/2024,role,CRA Officer,"designated public-file contact, The Farmers Bank and Savings Company",,"640 E Main St, Pomeroy, OH 45769",FDIC BankFind main office; 12 CFR __.43
5018,Citizens National Bank of Cheboygan,MI,OCC,470958,Intermediate Small Bank,,,07/21/2025,role,CRA Officer,"designated public-file contact, Citizens National Bank of Cheboygan",,"303 N Main St, Cheboygan, MI 49721",FDIC BankFind main office; 12 CFR __.43
7646,The Neffs National Bank,PA,OCC,470812,Intermediate Small Bank,,,07/21/2025,role,CRA Officer,"designated public-file contact, The Neffs National Bank",,"5629 Route 873, Neffs, PA 18065",FDIC BankFind main office; 12 CFR __.43
950,Iowa State Bank,IA,FDIC,470727,Intermediate Small Bank Evaluation,,,09/01/2023,role,CRA Officer,"designated public-file contact, Iowa State Bank",,"5 E Call St, Algona, IA 50511",FDIC BankFind main office; 12 CFR __.43
10956,Northview Bank,MN,FDIC,469656,Intermediate Small Bank Evaluation,,,09/01/2025,role,CRA Officer,"designated public-file contact, Northview Bank",,"510 Main St, Sandstone, MN 55072",FDIC BankFind main office; 12 CFR __.43
8172,Lake-Osceola State Bank,MI,FDIC,469413,Intermediate Small Bank Evaluation,,,06/01/2024,role,CRA Officer,"designated public-file contact, Lake-Osceola State Bank",,"790 Michigan Ave, Baldwin, MI 49304",FDIC BankFind main office; 12 CFR __.43
14567,First National Bank in Olney,IL,OCC,469292,Intermediate Small Bank,,,02/11/2025,role,CRA Officer,"designated public-file contact, First National Bank in Olney",,"101 E Main St, Olney, IL 62450",FDIC BankFind main office; 12 CFR __.43
15669,MCBank,TX,FDIC,467170,Intermediate Small Bank Evaluation,,,07/01/2024,role,CRA Officer,"designated public-file contact, MCBank",,"1017 Parker St, Goldthwaite, TX 76844",FDIC BankFind main office; 12 CFR __.43
3305,The First National Bank of Livingston,TX,OCC,467161,Intermediate Small Bank,,,04/03/2023,role,CRA Officer,"designated public-file contact, The First National Bank of Livingston",,"2121 Us Highway 190 W, Livingston, TX 77351",FDIC BankFind main office; 12 CFR __.43
324,Citizens Bank,MS,FDIC,466261,Intermediate Small Bank Evaluation,,,12/01/2025,named,Reza Aghamirzadeh,"EVP, Head of Community Development",,"814 Main St, Columbia, MS 39429","CBA Community Reinvestment Committee roster, 2026-08-26"
22081,Magnolia State Bank,MS,FDIC,465611,Intermediate Small Bank Evaluation,,,10/01/2022,role,CRA Officer,"designated public-file contact, Magnolia State Bank",,"28 Highway 528, Bay Springs, MS 39422",FDIC BankFind main office; 12 CFR __.43
175,The Commercial Bank,GA,FDIC,463730,Intermediate Small Bank Evaluation,,,11/01/2024,role,CRA Officer,"designated public-file contact, The Commercial Bank",,"102 N. Church Street, Crawford, GA 30630",FDIC BankFind main office; 12 CFR __.43
58556,Gold Coast Bank,IL,FDIC,463108,Intermediate Small Bank Evaluation,,,04/01/2024,role,CRA Officer,"designated public-file contact, Gold Coast Bank",,"1165 N Clark St, Chicago, IL 60610",FDIC BankFind main office; 12 CFR __.43
9831,Alden State Bank,NY,FED,463060,Int Small Bank,,,"Oct 31, 2022",role,CRA Officer,"designated public-file contact, Alden State Bank",,"13216 Broadway St, Alden, NY 14004",FDIC BankFind main office; 12 CFR __.43
39,Robertson Banking Company,AL,FDIC,462662,Intermediate Small Bank Evaluation,,,10/01/2025,role,CRA Officer,"designated public-file contact, Robertson Banking Company",,"216 N Walnut Ave, Demopolis, AL 36732",FDIC BankFind main office; 12 CFR __.43
18384,Northeast Security Bank,IA,FDIC,461927,Intermediate Small Bank Evaluation,,,08/01/2023,role,CRA Officer,"designated public-file contact, Northeast Security Bank",,"1150 W 1st St, Sumner, IA 50674",FDIC BankFind main office; 12 CFR __.43
17863,Sterling State Bank,MN,FDIC,461880,Intermediate Small Bank Evaluation,,,08/01/2025,role,CRA Officer,"designated public-file contact, Sterling State Bank",,"1419 1st Ave Sw, Austin, MN 55912",FDIC BankFind main office; 12 CFR __.43
14036,The Missouri Bank,MO,FED,461453,Int Small Bank,,,"Aug 18, 2025",role,CRA Officer,"designated public-file contact, The Missouri Bank",,"104 North Highway 47, Warrenton, MO 63383",FDIC BankFind main office; 12 CFR __.43
13025,Farmers Savings Bank,WI,FDIC,461179,Intermediate Small Bank Evaluation,,,09/01/2024,role,CRA Officer,"designated public-file contact, Farmers Savings Bank",,"305 Doty St, Mineral Point, WI 53565",FDIC BankFind main office; 12 CFR __.43
58574,Regal Bank,NJ,FDIC,461071,Intermediate Small Bank Evaluation,High Satisfactory,High Satisfactory,07/01/2022,role,CRA Officer,"designated public-file contact, Regal Bank",,"570 W Mount Pleasant Ave, Livingston, NJ 07039",FDIC BankFind main office; 12 CFR __.43
8094,NSB Bank,IA,FDIC,460803,Intermediate Small Bank Evaluation,,,01/01/2024,role,CRA Officer,"designated public-file contact, NSB Bank",,"2650 4th St Sw, Mason City, IA 50401",FDIC BankFind main office; 12 CFR __.43
28836,United Savings Bank,PA,FDIC,460566,Intermediate Small Bank Evaluation,,,07/01/2026,role,CRA Officer,"designated public-file contact, United Savings Bank",,"1510 Packer Ave, Philadelphia, PA 19145",FDIC BankFind main office; 12 CFR __.43
17736,The Hometown Savings Bank,IN,FDIC,455656,Intermediate Small Bank Evaluation,,,02/01/2026,role,CRA Officer,"designated public-file contact, The Hometown Savings Bank",,"533 Ohio St, Terre Haute, IN 47807",FDIC BankFind main office; 12 CFR __.43
35022,"Citizens First Bank, Inc.",KY,FDIC,455318,Intermediate Small Bank Evaluation,High Satisfactory,High Satisfactory,06/01/2018,role,CRA Officer,"designated public-file contact, Citizens First Bank, Inc.",,"1805 Campbell Lane, Bowling Green, KY 42104",FDIC BankFind main office; 12 CFR __.43
197,Alliance Bank,IN,FDIC,454838,Intermediate Small Bank Evaluation,,,05/01/2025,role,CRA Officer,"designated public-file contact, Alliance Bank",,"101 W Montgomery St., Francesville, IN 47946",FDIC BankFind main office; 12 CFR __.43
15305,The Denison State Bank,KS,FDIC,453577,Intermediate Small Bank Evaluation,,,01/01/2026,role,CRA Officer,"designated public-file contact, The Denison State Bank",,"421 New York Ave, Holton, KS 66436",FDIC BankFind main office; 12 CFR __.43
10474,Citizens State Bank,IL,FDIC,453297,Intermediate Small Bank Evaluation,,,09/01/2025,role,CRA Officer,"designated public-file contact, Citizens State Bank",,"102 W Main St, Lena, IL 61048",FDIC BankFind main office; 12 CFR __.43
14546,New Era Bank,MO,FDIC,453114,Intermediate Small Bank Evaluation,,,10/01/2023,role,CRA Officer,"designated public-file contact, New Era Bank",,"101 S Mine La Motte St, Fredericktown, MO 63645",FDIC BankFind main office; 12 CFR __.43
17643,First National Bank,NM,OCC,452824,Intermediate Small Bank,,,06/23/2025,role,CRA Officer,"designated public-file contact, First National Bank",,"414 10th St, Alamogordo, NM 88310",FDIC BankFind main office; 12 CFR __.43
3384,The Liberty National Bank in Paris,TX,OCC,452142,Intermediate Small Bank,,,08/26/2024,role,CRA Officer,"designated public-file contact, The Liberty National Bank in Paris",,"305 Lamar Ave, Paris, TX 75460",FDIC BankFind main office; 12 CFR __.43
26393,The Pittsfield Co-operative Bank,MA,FDIC,451501,Intermediate Small Bank Evaluation,,,10/01/2023,role,CRA Officer,"designated public-file contact, The Pittsfield Co-operative Bank",,"70 South St, Pittsfield, MA 01201",FDIC BankFind main office; 12 CFR __.43
57416,Patriot Bank,TN,FED,451158,Int Small Bank,,,"Mar 04, 2019",role,CRA Officer,"designated public-file contact, Patriot Bank",,"8376 Us Highway 51 N, Millington, TN 38053",FDIC BankFind main office; 12 CFR __.43
17672,The Citizens State Bank,KS,FDIC,450637,Intermediate Small Bank Evaluation,,,10/01/2025,role,CRA Officer,"designated public-file contact, The Citizens State Bank",,"201 S Christian Ave, Moundridge, KS 67107",FDIC BankFind main office; 12 CFR __.43
12592,Security State Bank,WY,FED,449139,Int Small Bank,,,"Mar 08, 2021",role,CRA Officer,"designated public-file contact, Security State Bank",,"201 S 4th St, Basin, WY 82410",FDIC BankFind main office; 12 CFR __.43
9327,Farmers-Merchants Bank & Trust Company,LA,FDIC,448243,Intermediate Small Bank Evaluation,,,05/01/2025,role,CRA Officer,"designated public-file contact, Farmers-Merchants Bank & Trust Company",,"100 S Main St, Breaux Bridge, LA 70517",FDIC BankFind main office; 12 CFR __.43
16968,The Peoples Bank,SC,FDIC,446694,Intermediate Small Bank Evaluation,,,05/01/2025,role,CRA Officer,"designated public-file contact, The Peoples Bank",,"801 E Front St, Iva, SC 29655",FDIC BankFind main office; 12 CFR __.43
57373,Oregon Coast Bank,OR,FDIC,446289,Intermediate Small Bank Evaluation,,,06/01/2025,role,CRA Officer,"designated public-file contact, Oregon Coast Bank",,"909 Se Bay Blvd, Newport, OR 97365",FDIC BankFind main office; 12 CFR __.43
4132,"The City National Bank and Trust Company of Lawton, Oklahoma",OK,OCC,446240,Intermediate Small Bank,,,04/03/2023,role,CRA Officer,"designated public-file contact, The City National Bank and Trust Company of Lawton, Oklahoma",,"500 Montgomery Sq, Lawton, OK 73501",FDIC BankFind main office; 12 CFR __.43
1808,Better Banks,IL,FDIC,445751,Intermediate Small Bank Evaluation,,,01/01/2024,role,CRA Officer,"designated public-file contact, Better Banks",,"10225 N Knoxville Ave, Peoria, IL 61615",FDIC BankFind main office; 12 CFR __.43
13068,Community Bank and Trust,MO,FED,445058,Int Small Bank,Low Satisfactory,High Satisfactory,"May 02, 2022",role,CRA Officer,"designated public-file contact, Community Bank and Trust",,"100 S Wood St, Neosho, MO 64850",FDIC BankFind main office; 12 CFR __.43
3814,The City National Bank of Metropolis,IL,OCC,444355,Intermediate Small Bank,,,05/19/2025,role,CRA Officer,"designated public-file contact, The City National Bank of Metropolis",,"423 Ferry St, Metropolis, IL 62960",FDIC BankFind main office; 12 CFR __.43
23376,"First Jackson Bank, Inc.",AL,FDIC,444259,Intermediate Small Bank Evaluation,,,08/01/2023,role,CRA Officer,"designated public-file contact, First Jackson Bank, Inc.",,"43243 Us Highway 72, Stevenson, AL 35772",FDIC BankFind main office; 12 CFR __.43
58111,NobleBank & Trust,AL,FED,444047,Int Small Bank,,,"Mar 25, 2024",role,CRA Officer,"designated public-file contact, NobleBank & Trust",,"1509 Quintard Ave, Anniston, AL 36201",FDIC BankFind main office; 12 CFR __.43
28868,Broadstreet Bank S S B,TX,FDIC,442833,Intermediate Small Bank Evaluation,,,09/01/2025,role,CRA Officer,"designated public-file contact, Broadstreet Bank S S B",,"215 W Broad St, Mineola, TX 75773",FDIC BankFind main office; 12 CFR __.43
5473,JONES BANK,NE,FED,441170,Int Small Bank,,,"Sep 26, 2022",role,CRA Officer,"designated public-file contact, JONES BANK",,"203 S 6th St, Seward, NE 68434",FDIC BankFind main office; 12 CFR __.43
59051,Urban Partnership Bank,IL,FDIC,438816,Intermediate Small Bank Evaluation,Outstanding,Outstanding,09/01/2018,role,CRA Officer,"designated public-file contact, Urban Partnership Bank",,"7936 South Cottage Grove Avenue, Chicago, IL 60619",FDIC BankFind main office; 12 CFR __.43
11159,Texas Champion Bank,TX,FDIC,436608,Intermediate Small Bank Evaluation,,,07/01/2025,role,CRA Officer,"designated public-file contact, Texas Champion Bank",,"6124 S Staples St, Corpus Christi, TX 78413",FDIC BankFind main office; 12 CFR __.43
14730,Frontier Bank,CO,FDIC,436363,Intermediate Small Bank Evaluation,,,01/01/2024,role,CRA Officer,"designated public-file contact, Frontier Bank",,"200 S Main St, Lamar, CO 81052",FDIC BankFind main office; 12 CFR __.43
28401,Eureka Savings Bank,IL,FDIC,435791,Intermediate Small Bank Evaluation,,,03/01/2026,role,CRA Officer,"designated public-file contact, Eureka Savings Bank",,"250 Marquette St, La Salle, IL 61301",FDIC BankFind main office; 12 CFR __.43
9871,The St. Henry Bank,OH,FED,435566,Int Small Bank,,,"Jan 27, 2025",role,CRA Officer,"designated public-file contact, The St. Henry Bank",,"231 E Main St, St. Henry, OH 45883",FDIC BankFind main office; 12 CFR __.43
35479,Mariner's Bank,NJ,FDIC,435327,Intermediate Small Bank Evaluation,High Satisfactory,High Satisfactory,12/01/2020,role,CRA Officer,"designated public-file contact, Mariner's Bank",,"2 Pembroke Place, Edgewater, NJ 07020",FDIC BankFind main office; 12 CFR __.43
11767,FreedomBank,IA,FDIC,433877,Intermediate Small Bank Evaluation,,,03/01/2024,role,CRA Officer,"designated public-file contact, FreedomBank",,"210 S Main St, Elkader, IA 52043",FDIC BankFind main office; 12 CFR __.43
15703,Town & Country Bank and Trust Company,KY,FDIC,433675,Intermediate Small Bank Evaluation,,,02/01/2024,role,CRA Officer,"designated public-file contact, Town & Country Bank and Trust Company",,"201 N 3rd St, Bardstown, KY 40004",FDIC BankFind main office; 12 CFR __.43
29881,Home Bank SB,IN,OCC,433127,Intermediate Small Bank,,,07/21/2025,role,CRA Officer,"designated public-file contact, Home Bank SB",,"59 W Washington St, Martinsville, IN 46151",FDIC BankFind main office; 12 CFR __.43
14812,TS Bank,IA,FDIC,432744,Intermediate Small Bank Evaluation,,,02/01/2026,role,CRA Officer,"designated public-file contact, TS Bank",,"15 E Main St, Treynor, IA 51575",FDIC BankFind main office; 12 CFR __.43
15466,West Texas State Bank,TX,FDIC,431247,Intermediate Small Bank Evaluation,Outstanding,High Satisfactory,07/01/2019,role,CRA Officer,"designated public-file contact, West Texas State Bank",,"1501 West University Boulevard, Odessa, TX 79764",FDIC BankFind main office; 12 CFR __.43
27119,Northmark Bank,MA,FDIC,431134,Intermediate Small Bank Evaluation,High Satisfactory,High Satisfactory,05/01/2021,role,CRA Officer,"designated public-file contact, Northmark Bank",,"89 Turnpike St, North Andover, MA 01845",FDIC BankFind main office; 12 CFR __.43
4364,The First National Bank of Monterey,IN,OCC,430515,Intermediate Small Bank,,,10/23/2023,role,CRA Officer,"designated public-file contact, The First National Bank of Monterey",,"6222 E Main St, Monterey, IN 46960",FDIC BankFind main office; 12 CFR __.43
17903,Maquoketa State Bank,IA,FED,429013,Int Small Bank,,,"Apr 25, 2022",role,CRA Officer,"designated public-file contact, Maquoketa State Bank",,"203 N Main St, Maquoketa, IA 52060",FDIC BankFind main office; 12 CFR __.43
18610,The Union State Bank of Everest,KS,FED,427293,Int Small Bank,,,"Dec 09, 2024",role,CRA Officer,"designated public-file contact, The Union State Bank of Everest",,"545 Main St, Everest, KS 66424",FDIC BankFind main office; 12 CFR __.43
12327,Bank of Mauston,WI,FDIC,426704,Intermediate Small Bank Evaluation,,,11/01/2024,role,CRA Officer,"designated public-file contact, Bank of Mauston",,"503 Highway 82, Mauston, WI 53948",FDIC BankFind main office; 12 CFR __.43
18698,Texas State Bank,TX,FDIC,425535,Intermediate Small Bank Evaluation,,,10/01/2023,role,CRA Officer,"designated public-file contact, Texas State Bank",,"2201 Sherwood Way, San Angelo, TX 76901",FDIC BankFind main office; 12 CFR __.43
7909,Marion Center Bank,PA,FDIC,425181,Intermediate Small Bank Evaluation,,,02/01/2024,role,CRA Officer,"designated public-file contact, Marion Center Bank",,"1271 Indian Springs Rd, Indiana, PA 15701",FDIC BankFind main office; 12 CFR __.43
19904,Centinel Bank of Taos,NM,FDIC,424807,Intermediate Small Bank Evaluation,,,05/01/2023,role,CRA Officer,"designated public-file contact, Centinel Bank of Taos",,"512 Paseo Del Pueblo Sur, Taos, NM 87571",FDIC BankFind main office; 12 CFR __.43
17476,Mechanics' Savings Bank,ME,FDIC,424705,Intermediate Small Bank Evaluation,High Satisfactory,High Satisfactory,06/01/2018,named,Courtney Williams,"EVP, Director of CRA Strategy",,"100 Minot Avenue, Auburn, ME 04210","CBA Community Reinvestment Committee roster, 2026-08-26"
17636,Astra Bank,KS,FDIC,423288,Intermediate Small Bank Evaluation,,,03/01/2025,role,CRA Officer,"designated public-file contact, Astra Bank",,"323 4th St, Scandia, KS 66966",FDIC BankFind main office; 12 CFR __.43
28567,Roselle Bank,NJ,FDIC,421971,Intermediate Small Bank Evaluation,High Satisfactory,High Satisfactory,11/01/2019,role,CRA Officer,"designated public-file contact, Roselle Bank",,"235 Chestnut St, Roselle, NJ 07203",FDIC BankFind main office; 12 CFR __.43
28222,Haddon Savings Bank,NJ,FDIC,421352,Intermediate Small Bank Evaluation,,,05/01/2023,role,CRA Officer,"designated public-file contact, Haddon Savings Bank",,"201 White Horse Pike, Haddon Heights, NJ 08035",FDIC BankFind main office; 12 CFR __.43
17884,The First State Bank,OK,FDIC,420744,Intermediate Small Bank Evaluation,High Satisfactory,High Satisfactory,08/01/2020,role,CRA Officer,"designated public-file contact, The First State Bank",,"3030 Nw Expressway Suite 1, Oklahoma City, OK 73112",FDIC BankFind main office; 12 CFR __.43
17598,Soy Capital Bank and Trust Company,IL,FDIC,420023,Intermediate Small Bank Evaluation,Outstanding,Outstanding,03/01/2018,role,CRA Officer,"designated public-file contact, Soy Capital Bank and Trust Company",,"1501 East Eldorado Street, Decatur, IL 62525",FDIC BankFind main office; 12 CFR __.43
1550,Central State Bank,IA,FED,419323,Int Small Bank,,,"Jun 06, 2022",role,CRA Officer,"designated public-file contact, Central State Bank",,"805 22nd Ave, Coralville, IA 52241",FDIC BankFind main office; 12 CFR __.43
16249,Devon Bank,IL,FDIC,418565,Intermediate Small Bank Evaluation,,,08/01/2025,role,CRA Officer,"designated public-file contact, Devon Bank",,"6445 N Western Ave, Chicago, IL 60645",FDIC BankFind main office; 12 CFR __.43
34058,Lusitania Savings Bank,NJ,FDIC,418125,Intermediate Small Bank Evaluation,,,02/01/2024,role,CRA Officer,"designated public-file contact, Lusitania Savings Bank",,"107 Pulaski St, Newark, NJ 07105",FDIC BankFind main office; 12 CFR __.43
58687,Touchmark National Bank,GA,OCC,416900,Intermediate Small Bank,,,10/02/2023,role,CRA Officer,"designated public-file contact, Touchmark National Bank",,"3651 Old Milton Pkwy, Alpharetta, GA 30005",FDIC BankFind main office; 12 CFR __.43
22551,First Texas Bank,TX,FDIC,416663,Intermediate Small Bank Evaluation,,,01/01/2024,role,CRA Officer,"designated public-file contact, First Texas Bank",,"3514 South Ws Young Drive, Killeen, TX 76542",FDIC BankFind main office; 12 CFR __.43
14009,Chelsea State Bank,MI,FED,416526,Int Small Bank,,,"Feb 26, 2024",role,CRA Officer,"designated public-file contact, Chelsea State Bank",,"1010 S Main St, Chelsea, MI 48118",FDIC BankFind main office; 12 CFR __.43
58030,Paradise Bank,FL,FED,415216,Int Small Bank,,,"Sep 19, 2022",role,CRA Officer,"designated public-file contact, Paradise Bank",,"3800 N Federal Hwy, Boca Raton, FL 33431",FDIC BankFind main office; 12 CFR __.43
1660,Farmers and Merchants Bank of South Carolina,SC,FDIC,413556,Intermediate Small Bank Evaluation,,,11/01/2025,role,CRA Officer,"designated public-file contact, Farmers and Merchants Bank of South Carolina",,"8624 Old State Rd, Holly Hill, SC 29059",FDIC BankFind main office; 12 CFR __.43
1484,Bank of Frankewing,TN,FDIC,413119,Intermediate Small Bank Evaluation,,,12/01/2025,role,CRA Officer,"designated public-file contact, Bank of Frankewing",,"2324 Highway 64, Frankewing, TN 38459",FDIC BankFind main office; 12 CFR __.43
2710,"First State Bank of the Southeast, Inc",KY,FDIC,412302,Intermediate Small Bank Evaluation,,,02/01/2025,role,CRA Officer,"designated public-file contact, First State Bank of the Southeast, Inc",,"1820 Cumberland Ave, Middlesboro, KY 40965",FDIC BankFind main office; 12 CFR __.43
17280,The Bank of Tioga,ND,FDIC,412068,Intermediate Small Bank Evaluation,,,01/01/2026,role,CRA Officer,"designated public-file contact, The Bank of Tioga",,"7 N Main St, Tioga, ND 58852",FDIC BankFind main office; 12 CFR __.43
33761,Village Bank,MN,FDIC,411867,Intermediate Small Bank Evaluation,,,08/01/2024,role,CRA Officer,"designated public-file contact, Village Bank",,"3350 Bridge St Nw, Saint Francis, MN 55070",FDIC BankFind main office; 12 CFR __.43
21220,Brickell Bank,FL,FDIC,410395,Intermediate Small Bank Evaluation,High Satisfactory,High Satisfactory,05/01/2019,role,CRA Officer,"designated public-file contact, Brickell Bank",,"1395 Brickell Avenue, Miami, FL 33131",FDIC BankFind main office; 12 CFR __.43
28841,Community Savings Bank,IL,FDIC,410173,Intermediate Small Bank Evaluation,,,12/01/2025,role,CRA Officer,"designated public-file contact, Community Savings Bank",,"4801 W Belmont Ave, Chicago, IL 60641",FDIC BankFind main office; 12 CFR __.43
9770,First State Bank Southwest,MN,FED,409937,Int Small Bank,,,"Aug 14, 2023",role,CRA Officer,"designated public-file contact, First State Bank Southwest",,"202 2nd St Se, Pipestone, MN 56164",FDIC BankFind main office; 12 CFR __.43
28213,"Winter Hill Bank, FSB",MA,OCC,407948,Intermediate Small Bank,,,08/04/2025,role,CRA Officer,"designated public-file contact, Winter Hill Bank, FSB",,"342 Broadway, Somerville, MA 02145",FDIC BankFind main office; 12 CFR __.43
1635,Bank of Kirksville,MO,FDIC,407398,Intermediate Small Bank Evaluation,,,08/01/2023,role,CRA Officer,"designated public-file contact, Bank of Kirksville",,"214 S Franklin St, Kirksville, MO 63501",FDIC BankFind main office; 12 CFR __.43
25127,Points West Community Bank,NE,FDIC,404068,Intermediate Small Bank Evaluation,High Satisfactory,High Satisfactory,03/01/2019,role,CRA Officer,"designated public-file contact, Points West Community Bank",,"809 Illinois Street, Sidney, NE 69162",FDIC BankFind main office; 12 CFR __.43
34565,Victory State Bank,NY,FDIC,403315,Intermediate Small Bank Evaluation,High Satisfactory,High Satisfactory,04/01/2019,role,CRA Officer,"designated public-file contact, Victory State Bank",,"4142 Hylan Boulevard, Staten Island, NY 10308",FDIC BankFind main office; 12 CFR __.43
14720,First Community Bank,AL,FDIC,400550,Intermediate Small Bank Evaluation,High Satisfactory,High Satisfactory,03/01/2018,role,CRA Officer,"designated public-file contact, First Community Bank",,"34 Court St, Chatom, AL 36518",FDIC BankFind main office; 12 CFR __.43
14966,The Security National Bank of Enid,OK,OCC,400374,Intermediate Small Bank,,,09/16/2024,role,CRA Officer,"designated public-file contact, The Security National Bank of Enid",,"100 S Independence St, Enid, OK 73701",FDIC BankFind main office; 12 CFR __.43
20698,Southern Heritage Bank,LA,FDIC,397875,Intermediate Small Bank Evaluation,,,08/01/2023,role,CRA Officer,"designated public-file contact, Southern Heritage Bank",,"701 Fourth St, Jonesville, LA 71343",FDIC BankFind main office; 12 CFR __.43
16375,HomeStar Bank and Financial Services,IL,FDIC,396808,Intermediate Small Bank Evaluation,High Satisfactory,High Satisfactory,07/01/2019,role,CRA Officer,"designated public-file contact, HomeStar Bank and Financial Services",,"303 Section Line Road, Manteno, IL 60950",FDIC BankFind main office; 12 CFR __.43
57073,Community Bank of Santa Maria,CA,FDIC,396520,Intermediate Small Bank Evaluation,,,06/01/2025,role,CRA Officer,"designated public-file contact, Community Bank of Santa Maria",,"2739 Santa Maria Way, Santa Maria, CA 93455",FDIC BankFind main office; 12 CFR __.43
4439,The Clinton National Bank,IA,OCC,396417,Intermediate Small Bank,,,10/16/2023,role,CRA Officer,"designated public-file contact, The Clinton National Bank",,"235 6th Ave S, Clinton, IA 52732",FDIC BankFind main office; 12 CFR __.43
22536,First Secure Bank and Trust Co.,IL,FDIC,396243,Intermediate Small Bank Evaluation,High Satisfactory,High Satisfactory,09/01/2022,role,CRA Officer,"designated public-file contact, First Secure Bank and Trust Co.",,"10360 S Roberts Rd, Palos Hills, IL 60465",FDIC BankFind main office; 12 CFR __.43
58407,UniBank,WA,FED,392997,Int Small Bank,,,"Jul 31, 2023",role,CRA Officer,"designated public-file contact, UniBank",,"19315 Highway 99, Lynnwood, WA 98036",FDIC BankFind main office; 12 CFR __.43
14058,Great Plains State Bank,NE,FDIC,392018,Intermediate Small Bank Evaluation,,,03/01/2023,role,CRA Officer,"designated public-file contact, Great Plains State Bank",,"140 Main St, Petersburg, NE 68652",FDIC BankFind main office; 12 CFR __.43
13407,Farmers State Bank,TX,FDIC,391479,Intermediate Small Bank Evaluation,,,07/01/2023,role,CRA Officer,"designated public-file contact, Farmers State Bank",,"115 Shelbyville St, Center, TX 75935",FDIC BankFind main office; 12 CFR __.43
29188,Fox Valley Savings Bank,WI,FDIC,387333,Intermediate Small Bank Evaluation,,,11/01/2023,role,CRA Officer,"designated public-file contact, Fox Valley Savings Bank",,"51 E 1st St, Fond Du Lac, WI 54935",FDIC BankFind main office; 12 CFR __.43
5062,First National Bank & Trust Co.,MI,OCC,386385,Intermediate Small Bank,,,09/29/2025,role,CRA Officer,"designated public-file contact, First National Bank & Trust Co.",,"233 S Stephenson Ave, Iron Mountain, MI 49801",FDIC BankFind main office; 12 CFR __.43
19070,First National Bank of Clarksdale,MS,OCC,386095,Intermediate Small Bank,,,01/05/2026,role,CRA Officer,"designated public-file contact, First National Bank of Clarksdale",,"402 E 2nd St, Clarksdale, MS 38614",FDIC BankFind main office; 12 CFR __.43
10249,United Community Bank of North Dakota,ND,FDIC,384944,Intermediate Small Bank Evaluation,,,04/01/2023,role,CRA Officer,"designated public-file contact, United Community Bank of North Dakota",,"105 Central Avenue South, Leeds, ND 58346",FDIC BankFind main office; 12 CFR __.43
13712,The Libertyville Savings Bank,IA,FDIC,384129,Intermediate Small Bank Evaluation,,,06/01/2023,role,CRA Officer,"designated public-file contact, The Libertyville Savings Bank",,"2000 W Jefferson Ave, Fairfield, IA 52556",FDIC BankFind main office; 12 CFR __.43
5796,Earlham Savings Bank,IA,FDIC,382508,Intermediate Small Bank Evaluation,,,05/01/2023,role,CRA Officer,"designated public-file contact, Earlham Savings Bank",,"7300 Lake Dr, West Des Moines, IA 50266",FDIC BankFind main office; 12 CFR __.43
34535,"TCM Bank, National Association",FL,OCC,382352,Limited Purpose Bank,,,02/03/2025,role,CRA Officer,"designated public-file contact, TCM Bank, National Association",,"3501 E Frontage Rd, Tampa, FL 33607",FDIC BankFind main office; 12 CFR __.43
35013,Premier Community Bank,OR,FDIC,381294,Intermediate Small Bank Evaluation,High Satisfactory,High Satisfactory,06/01/2018,role,CRA Officer,"designated public-file contact, Premier Community Bank",,"314 East Main Street, Hillsboro, OR 97123",FDIC BankFind main office; 12 CFR __.43
2229,RSNB Bank,WY,FED,380994,Int Small Bank,,,"Sep 23, 2019",role,CRA Officer,"designated public-file contact, RSNB Bank",,"200 2nd St, Rock Springs, WY 82901",FDIC BankFind main office; 12 CFR __.43
47,Traders & Farmers Bank,AL,FDIC,379039,Intermediate Small Bank Evaluation,High Satisfactory,High Satisfactory,10/01/2018,role,CRA Officer,"designated public-file contact, Traders & Farmers Bank",,"819 20th St, Haleyville, AL 35565",FDIC BankFind main office; 12 CFR __.43
57552,First Capital Bank,TN,FDIC,376173,Intermediate Small Bank Evaluation,High Satisfactory,High Satisfactory,01/01/2022,role,CRA Officer,"designated public-file contact, First Capital Bank",,"7575 Poplar Ave, Germantown, TN 38138",FDIC BankFind main office; 12 CFR __.43
19254,Heritage Bank National Association,MN,OCC,361058,Intermediate Small Bank,,,07/05/2022,role,CRA Officer,"designated public-file contact, Heritage Bank National Association",,"110 W South St, Spicer, MN 56288",FDIC BankFind main office; 12 CFR __.43
58658,"Locus Bank, Inc.",VA,FED,359356,Limited Purpose,,,"Jan 06, 2020",role,CRA Officer,"designated public-file contact, Locus Bank, Inc.",,"7814 Carousel Ln, Richmond, VA 23294",FDIC BankFind main office; 12 CFR __.43
31184,Citizens Savings Bank,PA,OCC,358979,Intermediate Small Bank,,,04/28/2025,named,Reza Aghamirzadeh,"EVP, Head of Community Development",,"500 S State St, Clarks Summit, PA 18411","CBA Community Reinvestment Committee roster, 2026-08-26"
34849,Premier Bank,IA,FED,357734,Int Small Bank,,,"Sep 21, 2020",role,CRA Officer,"designated public-file contact, Premier Bank",,"2625 Nw Arterial, Dubuque, IA 52002",FDIC BankFind main office; 12 CFR __.43
14333,Commercial Bank and Trust of PA,PA,FDIC,357463,Intermediate Small Bank Evaluation,,,09/01/2024,role,CRA Officer,"designated public-file contact, Commercial Bank and Trust of PA",,"900 Ligonier St, Latrobe, PA 15650",FDIC BankFind main office; 12 CFR __.43
4031,Frazer Bank,OK,FED,354251,Int Small Bank,,,"Jul 09, 2018",role,CRA Officer,"designated public-file contact, Frazer Bank",,"110 E Broadway St, Altus, OK 73521",FDIC BankFind main office; 12 CFR __.43
5151,First Minnesota Bank,MN,FDIC,351952,Intermediate Small Bank Evaluation,High Satisfactory,High Satisfactory,02/01/2019,role,CRA Officer,"designated public-file contact, First Minnesota Bank",,"4625 County Highway 101, Minnetonka, MN 55345",FDIC BankFind main office; 12 CFR __.43
12396,State Bank of Lincoln,IL,FDIC,349362,Intermediate Small Bank Evaluation,High Satisfactory,High Satisfactory,10/01/2020,role,CRA Officer,"designated public-file contact, State Bank of Lincoln",,"508 Broadway, Lincoln, IL 62656",FDIC BankFind main office; 12 CFR __.43
35422,The Leaders Bank,IL,FDIC,345360,Intermediate Small Bank Evaluation,High Satisfactory,High Satisfactory,03/01/2022,role,CRA Officer,"designated public-file contact, The Leaders Bank",,"2001 York Rd, Oak Brook, IL 60523",FDIC BankFind main office; 12 CFR __.43
58148,Milestone Bank,UT,FDIC,342168,Wholesale Bank Evaluation,,,01/01/2026,role,CRA Officer,"designated public-file contact, Milestone Bank",,"310 South Main St., Suite 900, Salt Lake City, UT 84101",FDIC BankFind main office; 12 CFR __.43
59190,"Varo Bank, National Association",UT,OCC,337821,Strategic Plan,,,02/27/2023,role,CRA Officer,"designated public-file contact, Varo Bank, National Association",,"11781 S Lone Peak Pkwy, Draper, UT 84020",FDIC BankFind main office; 12 CFR __.43
13303,Bank of England,AR,FDIC,332323,Intermediate Small Bank Evaluation,,,06/01/2025,role,CRA Officer,"designated public-file contact, Bank of England",,"123 S Main St, England, AR 72046",FDIC BankFind main office; 12 CFR __.43
35109,SENB Bank,IL,FDIC,331627,Intermediate Small Bank Evaluation,,,05/01/2023,role,CRA Officer,"designated public-file contact, SENB Bank",,"3535 Avenue Of The Cities, Moline, IL 61265",FDIC BankFind main office; 12 CFR __.43
57888,NewDominion Bank,NC,FDIC,328629,Intermediate Small Bank Evaluation,High Satisfactory,High Satisfactory,05/01/2018,role,CRA Officer,"designated public-file contact, NewDominion Bank",,"1111 Metropolitan Avenue, Charlotte, NC 28204",FDIC BankFind main office; 12 CFR __.43
23090,"The Peoples Bank and Trust Company of Pointe Coupee Parish, Louisiana",LA,FDIC,319736,Intermediate Small Bank Evaluation,,,11/01/2022,role,CRA Officer,"designated public-file contact, The Peoples Bank and Trust Company of Pointe Coupee Parish, Louisiana",,"805 Hospital Rd, New Roads, LA 70760",FDIC BankFind main office; 12 CFR __.43
11329,Farmers-Merchants Bank of Illinois,IL,FDIC,286687,Strategic Plan Evaluation,,,08/01/2022,role,CRA Officer,"designated public-file contact, Farmers-Merchants Bank of Illinois",,"101 W Main St, Joy, IL 61260",FDIC BankFind main office; 12 CFR __.43
6078,One American Bank,SD,FDIC,285193,Intermediate Small Bank Evaluation,,,08/01/2025,role,CRA Officer,"designated public-file contact, One American Bank",,"549 Broadway St, Centerville, SD 57014",FDIC BankFind main office; 12 CFR __.43
22381,Anahuac National Bank,TX,OCC,266425,Intermediate Small Bank,,,11/27/2023,role,CRA Officer,"designated public-file contact, Anahuac National Bank",,"801 Ross Sterling Ave, Anahuac, TX 77514",FDIC BankFind main office; 12 CFR __.43
28963,Lincoln 1st  Bank,NJ,FDIC,264238,Intermediate Small Bank Evaluation,High Satisfactory,High Satisfactory,10/01/2019,role,CRA Officer,"designated public-file contact, Lincoln 1st  Bank",,"261 Comly Rd, Lincoln Park, NJ 07035",FDIC BankFind main office; 12 CFR __.43
58196,Noah Bank,PA,FDIC,241562,Intermediate Small Bank Evaluation,High Satisfactory,High Satisfactory,06/01/2021,role,CRA Officer,"designated public-file contact, Noah Bank",,"7301 Old York Rd, Elkins Park, PA 19027",FDIC BankFind main office; 12 CFR __.43
18641,First Bank and Trust Company of Illinois,IL,FDIC,228579,Wholesale Bank Evaluation,,,06/01/2025,role,CRA Officer,"designated public-file contact, First Bank and Trust Company of Illinois",,"300 E Northwest Hwy, Palatine, IL 60067",FDIC BankFind main office; 12 CFR __.43
57571,Continental Bank,UT,FDIC,181836,Strategic Plan Evaluation,,,07/01/2025,role,CRA Officer,"designated public-file contact, Continental Bank",,"15 W South Temple, Salt Lake City, UT 84101",FDIC BankFind main office; 12 CFR __.43
25803,Hatch Bank,CA,FDIC,177458,Limited Purpose Evaluation,,,10/01/2021,role,CRA Officer,"designated public-file contact, Hatch Bank",,"1001 W San Marcos Blvd, San Marcos, CA 92078",FDIC BankFind main office; 12 CFR __.43
9502,Movement Bank,VA,FDIC,165482,Strategic Plan Evaluation,,,09/01/2021,role,CRA Officer,"designated public-file contact, Movement Bank",,"1296 Piney Forest Road, Danville, VA 24540",FDIC BankFind main office; 12 CFR __.43
34710,"Nationwide Trust Company, FSB",OH,OCC,153595,Large Bank,,,04/15/2015,role,CRA Officer,"designated public-file contact, Nationwide Trust Company, FSB",,"1 Nationwide Plz, Columbus, OH 43215",FDIC BankFind main office; 12 CFR __.43
24211,"Bank of Whittier, National Association",CA,OCC,152608,Strategic Plan,,,05/30/2023,role,CRA Officer,"designated public-file contact, Bank of Whittier, National Association",,"15141 Whittier Blvd, Whittier, CA 90603",FDIC BankFind main office; 12 CFR __.43
1390,Lake Area Bank,MN,FDIC,149191,Intermediate Small Bank Evaluation,High Satisfactory,High Satisfactory,10/01/2019,role,CRA Officer,"designated public-file contact, Lake Area Bank",,"12790 N 1st Ave, Lindstrom, MN 55045",FDIC BankFind main office; 12 CFR __.43
26392,Deutsche Bank Trust Company Delaware,DE,FDIC,141395,Wholesale Bank Evaluation,,,09/01/2018,role,CRA Officer,"designated public-file contact, Deutsche Bank Trust Company Delaware",,"111 Continental Dr, Newark, DE 19713",FDIC BankFind main office; 12 CFR __.43
5214,The First National Bank of Moose Lake,MN,OCC,133658,Large Bank,,,08/12/2024,role,CRA Officer,"designated public-file contact, The First National Bank of Moose Lake",,"400 Elm Ave, Moose Lake, MN 55767",FDIC BankFind main office; 12 CFR __.43
16247,Neighbors Bank,MO,FDIC,115638,Strategic Plan Evaluation,,,04/01/2025,role,CRA Officer,"designated public-file contact, Neighbors Bank",,"109 East St, Clarence, MO 63437",FDIC BankFind main office; 12 CFR __.43
58294,First Covenant Bank,GA,FDIC,112422,Strategic Plan Evaluation,,,06/01/2019,role,CRA Officer,"designated public-file contact, First Covenant Bank",,"1731 N Elm St, Commerce, GA 30529",FDIC BankFind main office; 12 CFR __.43
13959,CBW Bank,KS,FDIC,80511,Strategic Plan Evaluation,,,12/01/2023,role,CRA Officer,"designated public-file contact, CBW Bank",,"109 E Main St, Weir, KS 66781",FDIC BankFind main office; 12 CFR __.43
20026,Eastern National Bank,FL,OCC,65158,Intermediate Small Bank,,,07/24/2024,role,CRA Officer,"designated public-file contact, Eastern National Bank",,"9700 S Dixie Hwy, Miami, FL 33156",FDIC BankFind main office; 12 CFR __.43
58188,"HSBC Trust Company (Delaware), National Association",DE,OCC,57157,Limited Purpose Bank,,,12/31/2014,role,CRA Officer,"designated public-file contact, HSBC Trust Company (Delaware), National Association",,"300 Delaware Ave Ste 1401, Wilmington, DE 19801",FDIC BankFind main office; 12 CFR __.43
33855,Credit First National Association,OH,OCC,39766,Limited Purpose Bank,,,10/17/2022,role,CRA Officer,"designated public-file contact, Credit First National Association",,"6275 Eastland Rd, Brook Park, OH 44142",FDIC BankFind main office; 12 CFR __.43
23826,2unifi Bank,WY,FED,38466,Int Small Bank,,,"Feb 24, 2020",role,CRA Officer,"designated public-file contact, 2unifi Bank",,"990 W Broadway, Jackson, WY 83001",FDIC BankFind main office; 12 CFR __.43
33316,"ANZ Guam, Inc.",GU,FDIC,37424,Intermediate Small Bank Evaluation,Outstanding,Outstanding,05/01/2022,role,CRA Officer,"designated public-file contact, ANZ Guam, Inc.",,"424 W Obrien Dr, Hagatna, GU 96932",FDIC BankFind main office; 12 CFR __.43
33656,Metropolitan Bank and Trust Company,NY,OCC,31987,Wholesale Bank,,,09/16/2024,role,CRA Officer,"designated public-file contact, Metropolitan Bank and Trust Company",,"10 E 53rd St, New York, NY 10022",FDIC BankFind main office; 12 CFR __.43
34478,Cedar Hill National Bank,NC,OCC,15981,Limited Purpose Bank,,,08/22/2022,role,CRA Officer,"designated public-file contact, Cedar Hill National Bank",,"8100 Denmark Rd, Charlotte, NC 28273",FDIC BankFind main office; 12 CFR __.43
34331,DSRM National Bank,NM,OCC,4418,Limited Purpose Bank,,,01/13/2025,role,CRA Officer,"designated public-file contact, DSRM National Bank",,"5600 Wyoming Blvd Ne, Albuquerque, NM 87109",FDIC BankFind main office; 12 CFR __.43
33652,Bank of China,NY,OCC,,Wholesale Bank,,,01/06/2025,role,CRA Officer,"designated public-file contact, Bank of China",,"4235 Main St, Flushing, NY 11355",FDIC BankFind main office; 12 CFR __.43
