geoid,county,state,pop_poverty_universe,pop_under_130_fpl,pop_under_200_fpl,snap_hh,poor_hh,eligible_unenrolled,method
06037,"Los Angeles County, CA",CA,9656697,1820083,2984091,493104.0,477681.0,251560,FNS state total allocated by share of under-130% FPL population
48201,"Harris County, TX",TX,4786324,1047567,1679755,235477.0,262833.0,186774,FNS state total allocated by share of under-130% FPL population
04013,"Maricopa County, AZ",AZ,4489967,673710,1157731,148499.0,178458.0,103061,FNS state total allocated by share of under-130% FPL population
48113,"Dallas County, TX",TX,2588967,506815,874422,103078.0,126108.0,90361,FNS state total allocated by share of under-130% FPL population
12086,"Miami-Dade County, FL",FL,2698120,554926,938509,222489.0,155575.0,80452,FNS state total allocated by share of under-130% FPL population
48029,"Bexar County, TX",TX,2027961,413475,691908,103965.0,105648.0,73720,FNS state total allocated by share of under-130% FPL population
06073,"San Diego County, CA",CA,3198446,448171,745140,116541.0,115837.0,61943,FNS state total allocated by share of under-130% FPL population
48439,"Tarrant County, TX",TX,2136011,334790,585690,74867.0,83640.0,59691,FNS state total allocated by share of under-130% FPL population
06059,"Orange County, CA",CA,3126062,416625,701873,91924.0,105401.0,57583,FNS state total allocated by share of under-130% FPL population
48215,"Hidalgo County, TX",TX,883207,312797,460727,75177.0,68350.0,55769,FNS state total allocated by share of under-130% FPL population
06071,"San Bernardino County, CA",CA,2156389,399986,697297,106798.0,89620.0,55283,FNS state total allocated by share of under-130% FPL population
06065,"Riverside County, CA",CA,2443638,370996,675828,97172.0,84094.0,51277,FNS state total allocated by share of under-130% FPL population
12011,"Broward County, FL",FL,1958597,336041,577934,99630.0,97944.0,48719,FNS state total allocated by share of under-130% FPL population
36047,"Kings County, NY",NY,2604790,640891,944541,231177.0,185803.0,41354,FNS state total allocated by share of under-130% FPL population
48141,"El Paso County, TX",TX,856719,224464,371903,57900.0,58704.0,40020,FNS state total allocated by share of under-130% FPL population
12057,"Hillsborough County, FL",FL,1494451,263034,439938,77704.0,74887.0,38134,FNS state total allocated by share of under-130% FPL population
12095,"Orange County, FL",FL,1433107,259876,456761,72240.0,68153.0,37676,FNS state total allocated by share of under-130% FPL population
06067,"Sacramento County, CA",CA,1575171,265650,434672,81145.0,68493.0,36716,FNS state total allocated by share of under-130% FPL population
12099,"Palm Beach County, FL",FL,1508059,238375,410830,60523.0,67525.0,34559,FNS state total allocated by share of under-130% FPL population
06019,"Fresno County, CA",CA,999115,246778,391710,70903.0,57069.0,34108,FNS state total allocated by share of under-130% FPL population
48453,"Travis County, TX",TX,1304589,182150,292622,32506.0,59521.0,32476,FNS state total allocated by share of under-130% FPL population
06029,"Kern County, CA",CA,891050,233738,373618,57456.0,51370.0,32306,FNS state total allocated by share of under-130% FPL population
04019,"Pima County, AZ",AZ,1032494,202121,331308,53119.0,60186.0,30920,FNS state total allocated by share of under-130% FPL population
36005,"Bronx County, NY",NY,1374967,478476,677838,206275.0,151659.0,30874,FNS state total allocated by share of under-130% FPL population
06001,"Alameda County, CA",CA,1621569,200621,321897,59416.0,58251.0,27729,FNS state total allocated by share of under-130% FPL population
12031,"Duval County, FL",FL,1000290,190667,318405,59377.0,57149.0,27643,FNS state total allocated by share of under-130% FPL population
36081,"Queens County, NY",NY,2296816,412726,683431,133891.0,112134.0,26631,FNS state total allocated by share of under-130% FPL population
48061,"Cameron County, TX",TX,422446,140134,212341,34273.0,33198.0,24985,FNS state total allocated by share of under-130% FPL population
05119,"Pulaski County, AR",AR,391984,86681,137779,17233.0,27958.0,24384,FNS state total allocated by share of under-130% FPL population
06085,"Santa Clara County, CA",CA,1869227,176210,293346,43418.0,47303.0,24355,FNS state total allocated by share of under-130% FPL population
21111,"Jefferson County, KY",KY,768974,147514,237260,36575.0,46422.0,24337,FNS state total allocated by share of under-130% FPL population
12105,"Polk County, FL",FL,774119,156972,277504,42205.0,40943.0,22758,FNS state total allocated by share of under-130% FPL population
47157,"Shelby County, TN",TN,902923,211387,338116,56268.0,60699.0,22480,FNS state total allocated by share of under-130% FPL population
12103,"Pinellas County, FL",FL,944399,152786,254424,36876.0,49813.0,22151,FNS state total allocated by share of under-130% FPL population
36061,"New York County, NY",NY,1578522,320634,448375,112139.0,121633.0,20689,FNS state total allocated by share of under-130% FPL population
15003,"Honolulu County, HI",HI,969622,121023,199266,34575.0,31570.0,19571,FNS state total allocated by share of under-130% FPL population
12071,"Lee County, FL",FL,804385,131657,230000,27154.0,38444.0,19087,FNS state total allocated by share of under-130% FPL population
06077,"San Joaquin County, CA",CA,785218,133123,226593,38226.0,30081.0,18399,FNS state total allocated by share of under-130% FPL population
48085,"Collin County, TX",TX,1154388,102533,179915,12768.0,26488.0,18281,FNS state total allocated by share of under-130% FPL population
06013,"Contra Costa County, CA",CA,1155874,131085,215632,35128.0,34626.0,18118,FNS state total allocated by share of under-130% FPL population
48157,"Fort Bend County, TX",TX,886828,94408,176346,19922.0,23263.0,16832,FNS state total allocated by share of under-130% FPL population
48121,"Denton County, TX",TX,967766,93641,162095,15679.0,25918.0,16696,FNS state total allocated by share of under-130% FPL population
06107,"Tulare County, CA",CA,473100,120516,201892,34511.0,23265.0,16657,FNS state total allocated by share of under-130% FPL population
48339,"Montgomery County, TX",TX,680151,91541,152355,16304.0,23835.0,16321,FNS state total allocated by share of under-130% FPL population
06075,"San Francisco County, CA",CA,817138,117902,175889,41556.0,42654.0,16296,FNS state total allocated by share of under-130% FPL population
49035,"Salt Lake County, UT",UT,1179694,137701,254225,22043.0,35480.0,15962,FNS state total allocated by share of under-130% FPL population
45079,"Richland County, SC",SC,395120,88828,138431,17881.0,28188.0,15874,FNS state total allocated by share of under-130% FPL population
24510,"Baltimore city, MD",MD,553387,142078,208122,59197.0,51676.0,15092,FNS state total allocated by share of under-130% FPL population
45045,"Greenville County, SC",SC,535929,82444,146567,16773.0,24452.0,14734,FNS state total allocated by share of under-130% FPL population
06099,"Stanislaus County, CA",CA,548756,105236,183459,27603.0,24248.0,14545,FNS state total allocated by share of under-130% FPL population
06111,"Ventura County, CA",CA,827795,104231,188206,23939.0,25225.0,14406,FNS state total allocated by share of under-130% FPL population
48355,"Nueces County, TX",TX,345578,78557,126420,22892.0,22068.0,14006,FNS state total allocated by share of under-130% FPL population
05143,"Washington County, AR",AR,247448,49576,85320,5413.0,13390.0,13946,FNS state total allocated by share of under-130% FPL population
48479,"Webb County, TX",TX,266254,78136,125521,19282.0,17776.0,13931,FNS state total allocated by share of under-130% FPL population
24033,"Prince George's County, MD",MD,937096,130282,216040,42353.0,35546.0,13839,FNS state total allocated by share of under-130% FPL population
47037,"Davidson County, TN",TN,693756,129912,207451,26860.0,41807.0,13816,FNS state total allocated by share of under-130% FPL population
48027,"Bell County, TX",TX,376070,76849,130166,18429.0,20069.0,13702,FNS state total allocated by share of under-130% FPL population
12127,"Volusia County, FL",FL,562647,94380,170019,29057.0,28107.0,13683,FNS state total allocated by share of under-130% FPL population
12101,"Pasco County, FL",FL,603563,94078,170109,25322.0,28280.0,13639,FNS state total allocated by share of under-130% FPL population
12009,"Brevard County, FL",FL,624135,90014,161289,24283.0,25572.0,13050,FNS state total allocated by share of under-130% FPL population
45051,"Horry County, SC",SC,375755,70683,120627,11900.0,19863.0,12632,FNS state total allocated by share of under-130% FPL population
48303,"Lubbock County, TX",TX,306150,70467,111958,13478.0,21905.0,12564,FNS state total allocated by share of under-130% FPL population
28049,"Hinds County, MS",MS,209895,62272,94618,13226.0,19456.0,12148,FNS state total allocated by share of under-130% FPL population
18097,"Marion County, IN",IN,958028,198816,333669,49932.0,58215.0,12039,FNS state total allocated by share of under-130% FPL population
45083,"Spartanburg County, SC",SC,340020,67279,117843,14389.0,19112.0,12023,FNS state total allocated by share of under-130% FPL population
24005,"Baltimore County, MD",MD,831275,112316,192768,37563.0,33173.0,11930,FNS state total allocated by share of under-130% FPL population
06083,"Santa Barbara County, CA",CA,423298,84704,131431,16287.0,19709.0,11707,FNS state total allocated by share of under-130% FPL population
12097,"Osceola County, FL",FL,423945,80555,151967,24572.0,18253.0,11679,FNS state total allocated by share of under-130% FPL population
12083,"Marion County, FL",FL,390908,80135,143539,21760.0,23519.0,11618,FNS state total allocated by share of under-130% FPL population
48041,"Brazos County, TX",TX,223745,64729,91226,7858.0,21501.0,11541,FNS state total allocated by share of under-130% FPL population
24031,"Montgomery County, MD",MD,1057024,106133,184673,28972.0,28631.0,11273,FNS state total allocated by share of under-130% FPL population
36029,"Erie County, NY",NY,927487,174242,269775,63474.0,57098.0,11243,FNS state total allocated by share of under-130% FPL population
51059,"Fairfax County, VA",VA,1136737,94051,159026,17970.0,23076.0,11172,FNS state total allocated by share of under-130% FPL population
48245,"Jefferson County, TX",TX,238359,62206,92649,16008.0,18098.0,11091,FNS state total allocated by share of under-130% FPL population
45019,"Charleston County, SC",SC,409940,60538,101077,11493.0,19989.0,10819,FNS state total allocated by share of under-130% FPL population
04021,"Pinal County, AZ",AZ,451304,70072,128234,17512.0,17718.0,10719,FNS state total allocated by share of under-130% FPL population
06053,"Monterey County, CA",CA,420883,77367,138156,12764.0,15708.0,10693,FNS state total allocated by share of under-130% FPL population
13121,"Fulton County, GA",GA,1046637,169968,271015,53763.0,57308.0,10692,FNS state total allocated by share of under-130% FPL population
48491,"Williamson County, TX",TX,667407,58994,108498,11096.0,16202.0,10518,FNS state total allocated by share of under-130% FPL population
20173,"Sedgwick County, KS",KS,519191,97360,161914,19278.0,27539.0,10505,FNS state total allocated by share of under-130% FPL population
48309,"McLennan County, TX",TX,256700,58389,90607,11783.0,16579.0,10410,FNS state total allocated by share of under-130% FPL population
01073,"Jefferson County, AL",AL,650069,135042,218047,38255.0,40745.0,10286,FNS state total allocated by share of under-130% FPL population
21067,"Fayette County, KY",KY,311423,62105,99583,11918.0,20513.0,10246,FNS state total allocated by share of under-130% FPL population
06047,"Merced County, CA",CA,285864,73056,119996,18102.0,16320.0,10097,FNS state total allocated by share of under-130% FPL population
12001,"Alachua County, FL",FL,268068,68991,99808,10714.0,23971.0,10002,FNS state total allocated by share of under-130% FPL population
49049,"Utah County, UT",UT,689427,85306,160275,8173.0,17999.0,9889,FNS state total allocated by share of under-130% FPL population
05007,"Benton County, AR",AR,300159,34636,69491,4337.0,8554.0,9743,FNS state total allocated by share of under-130% FPL population
48167,"Galveston County, TX",TX,352806,54377,93600,14723.0,17880.0,9695,FNS state total allocated by share of under-130% FPL population
34013,"Essex County, NJ",NJ,843895,164003,255122,47471.0,51078.0,9559,FNS state total allocated by share of under-130% FPL population
13135,"Gwinnett County, GA",GA,972805,151361,268822,25467.0,32731.0,9522,FNS state total allocated by share of under-130% FPL population
12073,"Leon County, FL",FL,279233,64922,98929,14294.0,22318.0,9412,FNS state total allocated by share of under-130% FPL population
06081,"San Mateo County, CA",CA,736087,66272,109988,13399.0,17036.0,9160,FNS state total allocated by share of under-130% FPL population
12081,"Manatee County, FL",FL,424960,62620,111049,13315.0,17739.0,9079,FNS state total allocated by share of under-130% FPL population
12033,"Escambia County, FL",FL,307204,62388,105127,19304.0,18366.0,9045,FNS state total allocated by share of under-130% FPL population
28047,"Harrison County, MS",MS,205627,46068,78001,12489.0,14316.0,8987,FNS state total allocated by share of under-130% FPL population
12111,"St. Lucie County, FL",FL,356386,61083,110370,16751.0,16162.0,8856,FNS state total allocated by share of under-130% FPL population
13089,"DeKalb County, GA",GA,753374,140469,225763,36708.0,35725.0,8837,FNS state total allocated by share of under-130% FPL population
47093,"Knox County, TN",TN,481020,81437,138955,17979.0,25666.0,8660,FNS state total allocated by share of under-130% FPL population
36103,"Suffolk County, NY",NY,1502720,133696,230880,36965.0,34831.0,8627,FNS state total allocated by share of under-130% FPL population
45063,"Lexington County, SC",SC,302119,47990,85024,11870.0,13759.0,8576,FNS state total allocated by share of under-130% FPL population
16001,"Ada County, ID",ID,505759,58152,109583,10389.0,17459.0,8547,FNS state total allocated by share of under-130% FPL population
12117,"Seminole County, FL",FL,476338,58414,114038,17186.0,16783.0,8469,FNS state total allocated by share of under-130% FPL population
06095,"Solano County, CA",CA,442305,60686,99142,17882.0,16277.0,8388,FNS state total allocated by share of under-130% FPL population
36055,"Monroe County, NY",NY,728971,128660,205151,47855.0,42441.0,8302,FNS state total allocated by share of under-130% FPL population
12021,"Collier County, FL",FL,394172,56836,97700,9273.0,16276.0,8240,FNS state total allocated by share of under-130% FPL population
05131,"Sebastian County, AR",AR,126925,29176,48487,6031.0,8722.0,8207,FNS state total allocated by share of under-130% FPL population
05031,"Craighead County, AR",AR,109452,29074,43474,5240.0,8297.0,8179,FNS state total allocated by share of under-130% FPL population
12115,"Sarasota County, FL",FL,450793,54478,101148,11108.0,18660.0,7898,FNS state total allocated by share of under-130% FPL population
34017,"Hudson County, NJ",NJ,710001,135199,212014,44096.0,43956.0,7880,FNS state total allocated by share of under-130% FPL population
06097,"Sonoma County, CA",CA,478922,56979,97826,15299.0,17032.0,7875,FNS state total allocated by share of under-130% FPL population
12069,"Lake County, FL",FL,408090,53882,103713,15818.0,16026.0,7812,FNS state total allocated by share of under-130% FPL population
48039,"Brazoria County, TX",TX,377608,43615,80846,10824.0,10194.0,7776,FNS state total allocated by share of under-130% FPL population
48209,"Hays County, TX",TX,260378,42672,71869,5032.0,12897.0,7608,FNS state total allocated by share of under-130% FPL population
36119,"Westchester County, NY",NY,978043,117301,188730,34921.0,37934.0,7569,FNS state total allocated by share of under-130% FPL population
45007,"Anderson County, SC",SC,207177,40797,69465,8864.0,12405.0,7291,FNS state total allocated by share of under-130% FPL population
48423,"Smith County, TX",TX,234771,40834,72507,7560.0,9507.0,7280,FNS state total allocated by share of under-130% FPL population
04015,"Mohave County, AZ",AZ,215691,47559,80709,13386.0,16205.0,7275,FNS state total allocated by share of under-130% FPL population
04027,"Yuma County, AZ",AZ,203814,47283,83330,14530.0,12517.0,7233,FNS state total allocated by share of under-130% FPL population
06007,"Butte County, CA",CA,203191,50257,75200,13346.0,15142.0,6946,FNS state total allocated by share of under-130% FPL population
05045,"Faulkner County, AR",AR,122204,24473,41342,3499.0,7390.0,6884,FNS state total allocated by share of under-130% FPL population
01097,"Mobile County, AL",AL,404346,89850,152169,27937.0,26891.0,6844,FNS state total allocated by share of under-130% FPL population
47065,"Hamilton County, TN",TN,367137,63344,100437,14488.0,19215.0,6736,FNS state total allocated by share of under-130% FPL population
06025,"Imperial County, CA",CA,173150,48458,80395,14225.0,9862.0,6698,FNS state total allocated by share of under-130% FPL population
02020,"Anchorage Municipality, AK",AK,282595,35552,60314,9473.0,8900.0,6694,FNS state total allocated by share of under-130% FPL population
29095,"Jackson County, MO",MO,709791,133865,225296,31623.0,43358.0,6653,FNS state total allocated by share of under-130% FPL population
36059,"Nassau County, NY",NY,1370579,102856,178741,22835.0,28181.0,6637,FNS state total allocated by share of under-130% FPL population
29189,"St. Louis County, MO",MO,972716,129198,218205,33196.0,41309.0,6421,FNS state total allocated by share of under-130% FPL population
48135,"Ector County, TX",TX,162467,35211,57732,8102.0,10488.0,6278,FNS state total allocated by share of under-130% FPL population
15001,"Hawaii County, HI",HI,202960,38705,61759,13197.0,11888.0,6259,FNS state total allocated by share of under-130% FPL population
51810,"Virginia Beach city, VA",VA,448158,52513,94608,11892.0,15599.0,6238,FNS state total allocated by share of under-130% FPL population
04025,"Yavapai County, AZ",AZ,241492,40575,68579,9130.0,13478.0,6207,FNS state total allocated by share of under-130% FPL population
05051,"Garland County, AR",AR,98780,21976,37717,3945.0,6855.0,6182,FNS state total allocated by share of under-130% FPL population
06113,"Yolo County, CA",CA,212568,44261,64655,10072.0,12797.0,6117,FNS state total allocated by share of under-130% FPL population
06079,"San Luis Obispo County, CA",CA,267830,44098,67449,8972.0,13169.0,6095,FNS state total allocated by share of under-130% FPL population
51760,"Richmond city, VA",VA,219610,51168,79383,15789.0,17851.0,6078,FNS state total allocated by share of under-130% FPL population
45091,"York County, SC",SC,289439,34007,63949,7393.0,10633.0,6077,FNS state total allocated by share of under-130% FPL population
27053,"Hennepin County, MN",MN,1245143,165124,262423,43784.0,54431.0,5945,FNS state total allocated by share of under-130% FPL population
45015,"Berkeley County, SC",SC,242190,33247,61928,6615.0,9150.0,5942,FNS state total allocated by share of under-130% FPL population
13067,"Cobb County, GA",GA,764550,93246,159791,18374.0,25170.0,5866,FNS state total allocated by share of under-130% FPL population
45003,"Aiken County, SC",SC,171557,32468,54414,7543.0,10162.0,5802,FNS state total allocated by share of under-130% FPL population
45041,"Florence County, SC",SC,134047,31953,49375,8488.0,9669.0,5710,FNS state total allocated by share of under-130% FPL population
18089,"Lake County, IN",IN,494110,93910,148937,25127.0,28111.0,5687,FNS state total allocated by share of under-130% FPL population
06039,"Madera County, CA",CA,154275,41040,65721,9864.0,7752.0,5672,FNS state total allocated by share of under-130% FPL population
16027,"Canyon County, ID",ID,246545,38409,74435,7423.0,8379.0,5645,FNS state total allocated by share of under-130% FPL population
34023,"Middlesex County, NJ",NJ,845639,96577,160486,24330.0,27245.0,5629,FNS state total allocated by share of under-130% FPL population
37119,"Mecklenburg County, NC",NC,1136222,166274,286299,40445.0,46316.0,5589,FNS state total allocated by share of under-130% FPL population
48375,"Potter County, TX",TX,109370,31339,49413,6211.0,8199.0,5588,FNS state total allocated by share of under-130% FPL population
34029,"Ocean County, NJ",NJ,647270,93473,162107,15692.0,22900.0,5448,FNS state total allocated by share of under-130% FPL population
28059,"Jackson County, MS",MS,143668,27914,49653,5291.0,8538.0,5445,FNS state total allocated by share of under-130% FPL population
06061,"Placer County, CA",CA,415629,38926,66427,9051.0,11831.0,5380,FNS state total allocated by share of under-130% FPL population
51710,"Norfolk city, VA",VA,214071,45249,71888,16170.0,14447.0,5375,FNS state total allocated by share of under-130% FPL population
32003,"Clark County, NV",NV,2307841,421458,725401,117447.0,110347.0,5373,FNS state total allocated by share of under-130% FPL population
36067,"Onondaga County, NY",NY,449426,83265,129071,28395.0,26265.0,5373,FNS state total allocated by share of under-130% FPL population
51153,"Prince William County, VA",VA,483038,44841,83726,9124.0,9211.0,5327,FNS state total allocated by share of under-130% FPL population
34031,"Passaic County, NJ",NJ,513261,91214,152638,34016.0,24664.0,5316,FNS state total allocated by share of under-130% FPL population
06087,"Santa Cruz County, CA",CA,253688,38395,61713,9588.0,10854.0,5307,FNS state total allocated by share of under-130% FPL population
21227,"Warren County, KY",KY,134893,31747,50621,7118.0,9299.0,5238,FNS state total allocated by share of under-130% FPL population
05145,"White County, AR",AR,74861,18577,30571,3417.0,5159.0,5226,FNS state total allocated by share of under-130% FPL population
48427,"Starr County, TX",TX,65584,28930,40348,8146.0,7271.0,5158,FNS state total allocated by share of under-130% FPL population
28033,"DeSoto County, MS",MS,190026,25947,46746,5309.0,7381.0,5062,FNS state total allocated by share of under-130% FPL population
48441,"Taylor County, TX",TX,139904,28384,47193,6088.0,8272.0,5061,FNS state total allocated by share of under-130% FPL population
47149,"Rutherford County, TN",TN,355293,47522,89433,9079.0,10997.0,5054,FNS state total allocated by share of under-130% FPL population
45077,"Pickens County, SC",SC,126041,28271,46089,4369.0,8807.0,5052,FNS state total allocated by share of under-130% FPL population
04017,"Navajo County, AZ",AZ,105673,32820,50433,8879.0,9575.0,5021,FNS state total allocated by share of under-130% FPL population
36085,"Richmond County, NY",NY,490009,77233,123422,22803.0,20705.0,4984,FNS state total allocated by share of under-130% FPL population
12053,"Hernando County, FL",FL,204178,34146,61931,10208.0,10266.0,4950,FNS state total allocated by share of under-130% FPL population
34007,"Camden County, NJ",NJ,521654,84708,133033,26941.0,25761.0,4937,FNS state total allocated by share of under-130% FPL population
20091,"Johnson County, KS",KS,614986,45630,87118,5014.0,14634.0,4923,FNS state total allocated by share of under-130% FPL population
34003,"Bergen County, NJ",NJ,951352,84105,144012,18954.0,27135.0,4902,FNS state total allocated by share of under-130% FPL population
48251,"Johnson County, TX",TX,192263,27488,53205,5079.0,7002.0,4901,FNS state total allocated by share of under-130% FPL population
12017,"Citrus County, FL",FL,159617,32786,55680,8574.0,11149.0,4753,FNS state total allocated by share of under-130% FPL population
48183,"Gregg County, TX",TX,121689,26600,45979,6530.0,7221.0,4743,FNS state total allocated by share of under-130% FPL population
06023,"Humboldt County, CA",CA,131689,34268,53155,11540.0,10261.0,4736,FNS state total allocated by share of under-130% FPL population
36087,"Rockland County, NY",NY,336779,73326,104346,12398.0,12427.0,4731,FNS state total allocated by share of under-130% FPL population
13063,"Clayton County, GA",GA,294686,74762,126254,20461.0,17712.0,4703,FNS state total allocated by share of under-130% FPL population
24003,"Anne Arundel County, MD",MD,584318,44081,79883,14710.0,13442.0,4682,FNS state total allocated by share of under-130% FPL population
05125,"Saline County, AR",AR,125888,16526,31064,1974.0,4552.0,4649,FNS state total allocated by share of under-130% FPL population
48329,"Midland County, TX",TX,173205,25951,43087,4750.0,7953.0,4627,FNS state total allocated by share of under-130% FPL population
48257,"Kaufman County, TX",TX,170891,25869,48497,5054.0,4944.0,4612,FNS state total allocated by share of under-130% FPL population
51087,"Henrico County, VA",VA,331808,38802,72241,11106.0,12299.0,4609,FNS state total allocated by share of under-130% FPL population
04005,"Coconino County, AZ",AZ,132531,29882,46630,5857.0,9524.0,4571,FNS state total allocated by share of under-130% FPL population
05069,"Jefferson County, AR",AR,59129,16247,26414,3534.0,4589.0,4570,FNS state total allocated by share of under-130% FPL population
21117,"Kenton County, KY",KY,169550,27699,44465,4818.0,7530.0,4570,FNS state total allocated by share of under-130% FPL population
48485,"Wichita County, TX",TX,118245,25489,41640,5991.0,7576.0,4545,FNS state total allocated by share of under-130% FPL population
36071,"Orange County, NY",NY,398216,70351,106789,14898.0,15325.0,4539,FNS state total allocated by share of under-130% FPL population
45035,"Dorchester County, SC",SC,164742,25287,45620,5597.0,6899.0,4519,FNS state total allocated by share of under-130% FPL population
48291,"Liberty County, TX",TX,97711,25133,40955,5190.0,5827.0,4481,FNS state total allocated by share of under-130% FPL population
10003,"New Castle County, DE",DE,561666,75822,127282,21942.0,22346.0,4466,FNS state total allocated by share of under-130% FPL population
12091,"Okaloosa County, FL",FL,211534,30732,55230,6711.0,7536.0,4455,FNS state total allocated by share of under-130% FPL population
01101,"Montgomery County, AL",AL,216698,58074,83450,18479.0,17792.0,4424,FNS state total allocated by share of under-130% FPL population
51041,"Chesterfield County, VA",VA,372425,37244,68968,9081.0,10077.0,4424,FNS state total allocated by share of under-130% FPL population
37183,"Wake County, NC",NC,1156873,131348,220400,28628.0,36903.0,4415,FNS state total allocated by share of under-130% FPL population
06031,"Kings County, CA",CA,139658,31811,54004,8805.0,6729.0,4397,FNS state total allocated by share of under-130% FPL population
06089,"Shasta County, CA",CA,178431,31772,53471,9569.0,9766.0,4391,FNS state total allocated by share of under-130% FPL population
45013,"Beaufort County, SC",SC,188310,24369,41863,4306.0,7860.0,4355,FNS state total allocated by share of under-130% FPL population
45085,"Sumter County, SC",SC,101949,24366,40809,6454.0,7604.0,4354,FNS state total allocated by share of under-130% FPL population
12005,"Bay County, FL",FL,183322,29964,54876,9924.0,8984.0,4344,FNS state total allocated by share of under-130% FPL population
34039,"Union County, NJ",NJ,573099,74316,135583,17870.0,18431.0,4332,FNS state total allocated by share of under-130% FPL population
48187,"Guadalupe County, TX",TX,181649,24288,41581,5919.0,6302.0,4330,FNS state total allocated by share of under-130% FPL population
12019,"Clay County, FL",FL,225173,29439,54087,7240.0,7505.0,4268,FNS state total allocated by share of under-130% FPL population
28075,"Lauderdale County, MS",MS,68610,21868,29820,5270.0,7078.0,4266,FNS state total allocated by share of under-130% FPL population
28035,"Forrest County, MS",MS,73845,21787,32494,5016.0,6608.0,4250,FNS state total allocated by share of under-130% FPL population
01089,"Madison County, AL",AL,393766,55758,92419,12536.0,17538.0,4247,FNS state total allocated by share of under-130% FPL population
48139,"Ellis County, TX",TX,210653,23767,45610,4902.0,5207.0,4237,FNS state total allocated by share of under-130% FPL population
28121,"Rankin County, MS",MS,154040,21645,37750,3326.0,5681.0,4223,FNS state total allocated by share of under-130% FPL population
51700,"Newport News city, VA",VA,177462,35413,57417,11796.0,10438.0,4207,FNS state total allocated by share of under-130% FPL population
48181,"Grayson County, TX",TX,140436,23482,42589,4565.0,6010.0,4187,FNS state total allocated by share of under-130% FPL population
18003,"Allen County, IN",IN,385775,68315,118697,14273.0,18582.0,4137,FNS state total allocated by share of under-130% FPL population
20209,"Wyandotte County, KS",KS,165682,37824,64310,7381.0,9803.0,4081,FNS state total allocated by share of under-130% FPL population
45075,"Orangeburg County, SC",SC,79701,22783,35833,6856.0,7981.0,4072,FNS state total allocated by share of under-130% FPL population
05115,"Pope County, AR",AR,61032,14436,24632,2411.0,4090.0,4061,FNS state total allocated by share of under-130% FPL population
04001,"Apache County, AZ",AZ,63929,26251,36290,6428.0,6684.0,4016,FNS state total allocated by share of under-130% FPL population
04003,"Cochise County, AZ",AZ,119600,26112,45285,7575.0,8177.0,3995,FNS state total allocated by share of under-130% FPL population
47125,"Montgomery County, TN",TN,229228,37561,67481,7142.0,9905.0,3994,FNS state total allocated by share of under-130% FPL population
51550,"Chesapeake city, VA",VA,248339,32639,52341,6728.0,8756.0,3877,FNS state total allocated by share of under-130% FPL population
12109,"St. Johns County, FL",FL,303631,26619,48108,4890.0,8411.0,3859,FNS state total allocated by share of under-130% FPL population
49011,"Davis County, UT",UT,367776,33165,63558,5317.0,7812.0,3845,FNS state total allocated by share of under-130% FPL population
12015,"Charlotte County, FL",FL,196637,26406,50495,6585.0,8600.0,3828,FNS state total allocated by share of under-130% FPL population
12085,"Martin County, FL",FL,158679,26109,41953,4446.0,7096.0,3785,FNS state total allocated by share of under-130% FPL population
05091,"Miller County, AR",AR,41072,13284,19485,2563.0,3856.0,3737,FNS state total allocated by share of under-130% FPL population
29510,"St. Louis city, MO",MO,279870,74566,106105,26878.0,29041.0,3706,FNS state total allocated by share of under-130% FPL population
48005,"Angelina County, TX",TX,84720,20507,33097,5405.0,5133.0,3656,FNS state total allocated by share of under-130% FPL population
01125,"Tuscaloosa County, AL",AL,222542,47693,75597,9798.0,15551.0,3633,FNS state total allocated by share of under-130% FPL population
49057,"Weber County, UT",UT,266702,31168,63036,5705.0,7887.0,3613,FNS state total allocated by share of under-130% FPL population
12061,"Indian River County, FL",FL,165290,24847,43064,5342.0,7571.0,3602,FNS state total allocated by share of under-130% FPL population
48469,"Victoria County, TX",TX,89677,20082,30782,4948.0,5312.0,3580,FNS state total allocated by share of under-130% FPL population
12107,"Putnam County, FL",FL,73986,24625,35854,7110.0,7371.0,3570,FNS state total allocated by share of under-130% FPL population
06041,"Marin County, CA",CA,253599,25800,41823,5615.0,7806.0,3566,FNS state total allocated by share of under-130% FPL population
47163,"Sullivan County, TN",TN,158351,33376,53762,9053.0,10277.0,3549,FNS state total allocated by share of under-130% FPL population
05035,"Crittenden County, AR",AR,46410,12554,22422,2924.0,3587.0,3532,FNS state total allocated by share of under-130% FPL population
13051,"Chatham County, GA",GA,288213,55940,94102,14265.0,16359.0,3519,FNS state total allocated by share of under-130% FPL population
48381,"Randall County, TX",TX,143256,19599,35298,3917.0,5674.0,3494,FNS state total allocated by share of under-130% FPL population
33011,"Hillsborough County, NH",NH,418518,37702,69454,11060.0,11906.0,3484,FNS state total allocated by share of under-130% FPL population
05033,"Crawford County, AR",AR,60097,12281,22279,2391.0,3100.0,3455,FNS state total allocated by share of under-130% FPL population
37081,"Guilford County, NC",NC,522969,102600,173024,33985.0,31152.0,3449,FNS state total allocated by share of under-130% FPL population
16055,"Kootenai County, ID",ID,179883,23432,46119,4783.0,6502.0,3444,FNS state total allocated by share of under-130% FPL population
48451,"Tom Green County, TX",TX,114838,19275,37613,4490.0,5230.0,3437,FNS state total allocated by share of under-130% FPL population
12113,"Santa Rosa County, FL",FL,193188,23575,42379,7071.0,6318.0,3418,FNS state total allocated by share of under-130% FPL population
28067,"Jones County, MS",MS,64969,17374,28298,3556.0,4647.0,3389,FNS state total allocated by share of under-130% FPL population
48037,"Bowie County, TX",TX,86368,18993,31304,5109.0,6051.0,3386,FNS state total allocated by share of under-130% FPL population
34025,"Monmouth County, NJ",NJ,639024,57463,95167,13702.0,18401.0,3349,FNS state total allocated by share of under-130% FPL population
48323,"Maverick County, TX",TX,57580,18734,29319,5191.0,4592.0,3340,FNS state total allocated by share of under-130% FPL population
15009,"Maui County, HI",HI,162774,20644,37057,5781.0,5457.0,3338,FNS state total allocated by share of under-130% FPL population
45073,"Oconee County, SC",SC,79743,18551,28227,3940.0,5839.0,3315,FNS state total allocated by share of under-130% FPL population
05085,"Lonoke County, AR",AR,74452,11778,21454,2037.0,2897.0,3313,FNS state total allocated by share of under-130% FPL population
20177,"Shawnee County, KS",KS,173564,30597,52030,6756.0,9621.0,3301,FNS state total allocated by share of under-130% FPL population
21093,"Hardin County, KY",KY,109106,20004,34956,4385.0,6093.0,3300,FNS state total allocated by share of under-130% FPL population
31055,"Douglas County, NE",NE,579792,93251,150443,22724.0,28221.0,3255,FNS state total allocated by share of under-130% FPL population
48231,"Hunt County, TX",TX,105429,18239,32251,4508.0,4537.0,3252,FNS state total allocated by share of under-130% FPL population
21059,"Daviess County, KY",KY,101047,19634,33702,4761.0,6498.0,3239,FNS state total allocated by share of under-130% FPL population
48213,"Henderson County, TX",TX,83393,18164,29399,4306.0,5121.0,3239,FNS state total allocated by share of under-130% FPL population
48367,"Parker County, TX",TX,163184,18051,33218,2873.0,4971.0,3218,FNS state total allocated by share of under-130% FPL population
49053,"Washington County, UT",UT,194330,27694,50300,3112.0,6494.0,3210,FNS state total allocated by share of under-130% FPL population
13245,"Richmond County, GA",GA,196773,50787,80475,16177.0,14976.0,3195,FNS state total allocated by share of under-130% FPL population
36001,"Albany County, NY",NY,300412,49512,73974,14841.0,17559.0,3195,FNS state total allocated by share of under-130% FPL population
12055,"Highlands County, FL",FL,104129,22027,39228,7346.0,7854.0,3193,FNS state total allocated by share of under-130% FPL population
28089,"Madison County, MS",MS,109946,16327,26306,3154.0,4473.0,3185,FNS state total allocated by share of under-130% FPL population
27123,"Ramsey County, MN",MN,529185,88189,148065,25313.0,25266.0,3175,FNS state total allocated by share of under-130% FPL population
48091,"Comal County, TX",TX,182313,17696,31995,3111.0,5349.0,3155,FNS state total allocated by share of under-130% FPL population
48347,"Nacogdoches County, TX",TX,60090,17686,25251,4205.0,5851.0,3153,FNS state total allocated by share of under-130% FPL population
05055,"Greene County, AR",AR,45217,11083,18368,2625.0,3081.0,3118,FNS state total allocated by share of under-130% FPL population
13215,"Muscogee County, GA",GA,198118,49524,77945,13700.0,15393.0,3115,FNS state total allocated by share of under-130% FPL population
28081,"Lee County, MS",MS,81739,15862,27196,3382.0,5457.0,3094,FNS state total allocated by share of under-130% FPL population
34021,"Mercer County, NJ",NJ,368376,53028,89385,13377.0,15845.0,3091,FNS state total allocated by share of under-130% FPL population
45031,"Darlington County, SC",SC,61419,17095,27515,4986.0,5426.0,3055,FNS state total allocated by share of under-130% FPL population
28151,"Washington County, MS",MS,41927,15642,21590,3017.0,4461.0,3051,FNS state total allocated by share of under-130% FPL population
01081,"Lee County, AL",AL,173479,39680,58436,6949.0,14171.0,3022,FNS state total allocated by share of under-130% FPL population
30111,"Yellowstone County, MT",MT,165356,21607,41489,5532.0,6707.0,3015,FNS state total allocated by share of under-130% FPL population
47179,"Washington County, TN",TN,131747,28292,45285,4886.0,8744.0,3009,FNS state total allocated by share of under-130% FPL population
28105,"Oktibbeha County, MS",MS,45957,15349,20995,2571.0,6664.0,2994,FNS state total allocated by share of under-130% FPL population
21199,"Pulaski County, KY",KY,64553,18109,27383,3994.0,5489.0,2988,FNS state total allocated by share of under-130% FPL population
05093,"Mississippi County, AR",AR,38196,10587,15795,2953.0,3496.0,2978,FNS state total allocated by share of under-130% FPL population
18141,"St. Joseph County, IN",IN,261247,49099,82600,10469.0,14851.0,2973,FNS state total allocated by share of under-130% FPL population
13021,"Bibb County, GA",GA,150293,47119,66706,13362.0,14038.0,2964,FNS state total allocated by share of under-130% FPL population
48361,"Orange County, TX",TX,84456,16590,27780,4455.0,4713.0,2958,FNS state total allocated by share of under-130% FPL population
36065,"Oneida County, NY",NY,218388,45743,70250,15855.0,13494.0,2952,FNS state total allocated by share of under-130% FPL population
48471,"Walker County, TX",TX,63074,16524,28489,2736.0,5163.0,2946,FNS state total allocated by share of under-130% FPL population
21195,"Pike County, KY",KY,55483,17817,25988,4957.0,6568.0,2939,FNS state total allocated by share of under-130% FPL population
51650,"Hampton city, VA",VA,133648,24693,40774,9340.0,7370.0,2933,FNS state total allocated by share of under-130% FPL population
21047,"Christian County, KY",KY,67311,17712,29388,3269.0,4786.0,2922,FNS state total allocated by share of under-130% FPL population
21151,"Madison County, KY",KY,90041,17708,30770,4958.0,5964.0,2921,FNS state total allocated by share of under-130% FPL population
29077,"Greene County, MO",MO,293291,58569,100160,13120.0,18739.0,2911,FNS state total allocated by share of under-130% FPL population
45059,"Laurens County, SC",SC,66754,16204,26262,4730.0,5110.0,2896,FNS state total allocated by share of under-130% FPL population
51107,"Loudoun County, VA",VA,430965,24377,41354,4541.0,5900.0,2896,FNS state total allocated by share of under-130% FPL population
05063,"Independence County, AR",AR,37316,10169,15665,2001.0,2923.0,2861,FNS state total allocated by share of under-130% FPL population
45057,"Lancaster County, SC",SC,102724,15896,27937,3874.0,4680.0,2841,FNS state total allocated by share of under-130% FPL population
36007,"Broome County, NY",NY,186198,43950,65444,12589.0,14792.0,2836,FNS state total allocated by share of under-130% FPL population
48021,"Bastrop County, TX",TX,103305,15883,33079,2750.0,3726.0,2832,FNS state total allocated by share of under-130% FPL population
34001,"Atlantic County, NJ",NJ,270285,48564,80688,13416.0,13894.0,2831,FNS state total allocated by share of under-130% FPL population
51121,"Montgomery County, VA",VA,88315,23823,31706,1782.0,8067.0,2830,FNS state total allocated by share of under-130% FPL population
28087,"Lowndes County, MS",MS,56253,14482,23182,3020.0,4356.0,2825,FNS state total allocated by share of under-130% FPL population
05005,"Baxter County, AR",AR,41906,10012,16286,1647.0,2975.0,2816,FNS state total allocated by share of under-130% FPL population
02170,"Matanuska-Susitna Borough, AK",AK,110188,14949,25116,3741.0,4026.0,2815,FNS state total allocated by share of under-130% FPL population
56021,"Laramie County, WY",WY,99441,13721,23109,2337.0,3864.0,2815,FNS state total allocated by share of under-130% FPL population
38017,"Cass County, ND",ND,187021,26848,45136,5219.0,9345.0,2791,FNS state total allocated by share of under-130% FPL population
06017,"El Dorado County, CA",CA,191327,20138,33408,4965.0,6292.0,2783,FNS state total allocated by share of under-130% FPL population
16019,"Bonneville County, ID",ID,127853,18714,38019,4007.0,4181.0,2751,FNS state total allocated by share of under-130% FPL population
51770,"Roanoke city, VA",VA,96723,23149,37737,7359.0,7868.0,2750,FNS state total allocated by share of under-130% FPL population
21125,"Laurel County, KY",KY,61342,16605,24732,4245.0,5230.0,2739,FNS state total allocated by share of under-130% FPL population
51013,"Arlington County, VA",VA,233425,22817,34994,4480.0,8346.0,2710,FNS state total allocated by share of under-130% FPL population
05139,"Union County, AR",AR,37270,9626,14598,1414.0,2814.0,2708,FNS state total allocated by share of under-130% FPL population
45047,"Greenwood County, SC",SC,66184,15116,26206,3806.0,4480.0,2701,FNS state total allocated by share of under-130% FPL population
24043,"Washington County, MD",MD,148355,25392,41874,9180.0,7425.0,2697,FNS state total allocated by share of under-130% FPL population
49005,"Cache County, UT",UT,135496,23246,40462,2127.0,4920.0,2695,FNS state total allocated by share of under-130% FPL population
48409,"San Patricio County, TX",TX,69345,15078,25560,3623.0,3665.0,2688,FNS state total allocated by share of under-130% FPL population
01003,"Baldwin County, AL",AL,243473,34881,64307,6568.0,10666.0,2657,FNS state total allocated by share of under-130% FPL population
28113,"Pike County, MS",MS,38335,13588,20078,2726.0,4079.0,2651,FNS state total allocated by share of under-130% FPL population
24025,"Harford County, MD",MD,261825,24952,42953,7558.0,8262.0,2650,FNS state total allocated by share of under-130% FPL population
12119,"Sumter County, FL",FL,135493,18127,30525,4027.0,5623.0,2628,FNS state total allocated by share of under-130% FPL population
51740,"Portsmouth city, VA",VA,94660,21981,36735,8008.0,6767.0,2611,FNS state total allocated by share of under-130% FPL population
12035,"Flagler County, FL",FL,125277,17979,32479,3987.0,5122.0,2607,FNS state total allocated by share of under-130% FPL population
45021,"Cherokee County, SC",SC,55512,14478,22976,3105.0,4259.0,2587,FNS state total allocated by share of under-130% FPL population
37067,"Forsyth County, NC",NC,379232,76774,125804,22305.0,22516.0,2581,FNS state total allocated by share of under-130% FPL population
06101,"Sutter County, CA",CA,98022,18654,32302,4385.0,4944.0,2578,FNS state total allocated by share of under-130% FPL population
06045,"Mendocino County, CA",CA,88773,18385,30182,6072.0,5437.0,2541,FNS state total allocated by share of under-130% FPL population
18157,"Tippecanoe County, IN",IN,172405,41760,67255,5470.0,14864.0,2529,FNS state total allocated by share of under-130% FPL population
28071,"Lafayette County, MS",MS,52159,12958,18592,997.0,3264.0,2528,FNS state total allocated by share of under-130% FPL population
47165,"Sumner County, TN",TN,202113,23463,42723,4779.0,6997.0,2495,FNS state total allocated by share of under-130% FPL population
34005,"Burlington County, NJ",NJ,457553,42611,73176,8705.0,12388.0,2484,FNS state total allocated by share of under-130% FPL population
24027,"Howard County, MD",MD,332782,23377,40080,6828.0,6550.0,2483,FNS state total allocated by share of under-130% FPL population
40109,"Oklahoma County, OK",OK,790768,169616,280836,48425.0,51375.0,2463,FNS state total allocated by share of under-130% FPL population
28073,"Lamar County, MS",MS,65162,12574,22111,2447.0,3785.0,2453,FNS state total allocated by share of under-130% FPL population
28109,"Pearl River County, MS",MS,56204,12370,21784,2939.0,3897.0,2413,FNS state total allocated by share of under-130% FPL population
37051,"Cumberland County, NC",NC,320695,71776,120063,24156.0,20990.0,2413,FNS state total allocated by share of under-130% FPL population
12023,"Columbia County, FL",FL,67337,16540,26092,5611.0,4503.0,2398,FNS state total allocated by share of under-130% FPL population
24021,"Frederick County, MD",MD,282629,22462,40693,7732.0,6713.0,2386,FNS state total allocated by share of under-130% FPL population
13059,"Clarke County, GA",GA,119347,37717,53291,5127.0,13013.0,2373,FNS state total allocated by share of under-130% FPL population
30031,"Gallatin County, MT",MT,119701,16982,28246,1448.0,4792.0,2369,FNS state total allocated by share of under-130% FPL population
48203,"Harrison County, TX",TX,67667,13276,23746,3371.0,4153.0,2367,FNS state total allocated by share of under-130% FPL population
16083,"Twin Falls County, ID",ID,92354,16088,31248,3320.0,3905.0,2365,FNS state total allocated by share of under-130% FPL population
16005,"Bannock County, ID",ID,86711,16059,27439,4916.0,4591.0,2360,FNS state total allocated by share of under-130% FPL population
30063,"Missoula County, MT",MT,118024,16867,31249,3964.0,6043.0,2353,FNS state total allocated by share of under-130% FPL population
36063,"Niagara County, NY",NY,207016,36261,58771,13529.0,12546.0,2340,FNS state total allocated by share of under-130% FPL population
21145,"McCracken County, KY",KY,66314,13999,23060,2750.0,4103.0,2310,FNS state total allocated by share of under-130% FPL population
47113,"Madison County, TN",TN,95306,21707,34830,6540.0,7296.0,2308,FNS state total allocated by share of under-130% FPL population
56025,"Natrona County, WY",WY,78759,11244,21361,2197.0,3303.0,2307,FNS state total allocated by share of under-130% FPL population
46099,"Minnehaha County, SD",SD,198348,25846,49037,7124.0,7153.0,2303,FNS state total allocated by share of under-130% FPL population
20045,"Douglas County, KS",KS,111939,21141,33756,2652.0,8100.0,2281,FNS state total allocated by share of under-130% FPL population
28011,"Bolivar County, MS",MS,27521,11606,15215,3094.0,3792.0,2264,FNS state total allocated by share of under-130% FPL population
48349,"Navarro County, TX",TX,53199,12610,20513,2635.0,3117.0,2248,FNS state total allocated by share of under-130% FPL population
10005,"Sussex County, DE",DE,252418,38114,65841,11267.0,11813.0,2245,FNS state total allocated by share of under-130% FPL population
06055,"Napa County, CA",CA,132242,15989,27278,3425.0,4100.0,2210,FNS state total allocated by share of under-130% FPL population
45043,"Georgetown County, SC",SC,64124,12357,19857,3112.0,3968.0,2208,FNS state total allocated by share of under-130% FPL population
21015,"Boone County, KY",KY,138597,13312,24248,3329.0,3529.0,2196,FNS state total allocated by share of under-130% FPL population
48277,"Lamar County, TX",TX,49872,12246,18731,2494.0,3930.0,2183,FNS state total allocated by share of under-130% FPL population
18039,"Elkhart County, IN",IN,204191,36042,65631,5087.0,8494.0,2182,FNS state total allocated by share of under-130% FPL population
06115,"Yuba County, CA",CA,83190,15764,27529,5516.0,3819.0,2179,FNS state total allocated by share of under-130% FPL population
36027,"Dutchess County, NY",NY,282927,33769,54982,9145.0,10277.0,2179,FNS state total allocated by share of under-130% FPL population
45025,"Chesterfield County, SC",SC,43293,12152,19545,3158.0,3567.0,2172,FNS state total allocated by share of under-130% FPL population
48099,"Coryell County, TX",TX,68170,12088,23102,3416.0,3044.0,2155,FNS state total allocated by share of under-130% FPL population
13139,"Hall County, GA",GA,210143,34231,64246,7051.0,8421.0,2153,FNS state total allocated by share of under-130% FPL population
30029,"Flathead County, MT",MT,109445,15435,28404,2870.0,4555.0,2153,FNS state total allocated by share of under-130% FPL population
47011,"Bradley County, TN",TN,107935,20224,35125,4973.0,5753.0,2151,FNS state total allocated by share of under-130% FPL population
47155,"Sevier County, TN",TN,98566,20220,35280,2911.0,5430.0,2150,FNS state total allocated by share of under-130% FPL population
06033,"Lake County, CA",CA,66897,15534,24959,6553.0,4583.0,2147,FNS state total allocated by share of under-130% FPL population
47141,"Putnam County, TN",TN,78926,20139,30492,3111.0,6265.0,2142,FNS state total allocated by share of under-130% FPL population
28107,"Panola County, MS",MS,32482,10904,15371,2002.0,2883.0,2127,FNS state total allocated by share of under-130% FPL population
04023,"Santa Cruz County, AZ",AZ,48805,13846,23624,4056.0,3260.0,2118,FNS state total allocated by share of under-130% FPL population
45055,"Kershaw County, SC",SC,67940,11824,20455,3175.0,3512.0,2113,FNS state total allocated by share of under-130% FPL population
21121,"Knox County, KY",KY,29162,12753,16722,3730.0,4321.0,2104,FNS state total allocated by share of under-130% FPL population
48249,"Jim Wells County, TX",TX,38498,11793,19459,3190.0,3140.0,2103,FNS state total allocated by share of under-130% FPL population
18163,"Vanderburgh County, IN",IN,174047,34642,57142,8778.0,10797.0,2098,FNS state total allocated by share of under-130% FPL population
28083,"Leflore County, MS",MS,25816,10748,15101,2866.0,3357.0,2097,FNS state total allocated by share of under-130% FPL population
21037,"Campbell County, KY",KY,90819,12669,19931,2445.0,4982.0,2090,FNS state total allocated by share of under-130% FPL population
01015,"Calhoun County, AL",AL,111531,27387,44910,8057.0,8233.0,2086,FNS state total allocated by share of under-130% FPL population
48001,"Anderson County, TX",TX,48218,11682,19374,3161.0,2969.0,2083,FNS state total allocated by share of under-130% FPL population
06057,"Nevada County, CA",CA,101478,14873,24861,3454.0,5198.0,2056,FNS state total allocated by share of under-130% FPL population
36111,"Ulster County, NY",NY,175158,31680,45573,7262.0,8599.0,2044,FNS state total allocated by share of under-130% FPL population
30013,"Cascade County, MT",MT,82433,14621,25586,3704.0,4664.0,2040,FNS state total allocated by share of under-130% FPL population
48073,"Cherokee County, TX",TX,48681,11395,20654,2668.0,3290.0,2032,FNS state total allocated by share of under-130% FPL population
13151,"Henry County, GA",GA,248309,32291,61248,9110.0,7404.0,2031,FNS state total allocated by share of under-130% FPL population
21071,"Floyd County, KY",KY,34265,12273,15826,3538.0,3980.0,2025,FNS state total allocated by share of under-130% FPL population
06103,"Tehama County, CA",CA,64435,14552,24569,3457.0,3950.0,2011,FNS state total allocated by share of under-130% FPL population
51680,"Lynchburg city, VA",VA,68759,16879,26982,4361.0,5388.0,2005,FNS state total allocated by share of under-130% FPL population
24045,"Wicomico County, MD",MD,101167,18771,31482,6951.0,5443.0,1994,FNS state total allocated by share of under-130% FPL population
48373,"Polk County, TX",TX,48887,11175,18426,3170.0,3381.0,1992,FNS state total allocated by share of under-130% FPL population
16065,"Madison County, ID",ID,43121,13537,20470,1266.0,3108.0,1990,FNS state total allocated by share of under-130% FPL population
21009,"Barren County, KY",KY,44130,12054,19982,2931.0,3480.0,1989,FNS state total allocated by share of under-130% FPL population
51510,"Alexandria city, VA",VA,155379,16629,28471,3899.0,5653.0,1975,FNS state total allocated by share of under-130% FPL population
45067,"Marion County, SC",SC,28389,11005,17084,2710.0,3390.0,1967,FNS state total allocated by share of under-130% FPL population
28093,"Marshall County, MS",MS,32094,10048,14562,1829.0,2999.0,1960,FNS state total allocated by share of under-130% FPL population
12039,"Gadsden County, FL",FL,40703,13490,20013,4340.0,3882.0,1956,FNS state total allocated by share of under-130% FPL population
40143,"Tulsa County, OK",OK,668954,134192,225783,34993.0,39008.0,1948,FNS state total allocated by share of under-130% FPL population
33015,"Rockingham County, NH",NH,316783,21050,37970,4216.0,7145.0,1945,FNS state total allocated by share of under-130% FPL population
05015,"Carroll County, AR",AR,28319,6899,11842,590.0,2035.0,1941,FNS state total allocated by share of under-130% FPL population
21235,"Whitley County, KY",KY,35111,11727,17712,2670.0,3628.0,1935,FNS state total allocated by share of under-130% FPL population
05009,"Boone County, AR",AR,37461,6862,14358,1285.0,2090.0,1930,FNS state total allocated by share of under-130% FPL population
34011,"Cumberland County, NJ",NJ,144964,33068,53422,9464.0,8860.0,1927,FNS state total allocated by share of under-130% FPL population
48013,"Atascosa County, TX",TX,50338,10785,18064,2725.0,2921.0,1923,FNS state total allocated by share of under-130% FPL population
48465,"Val Verde County, TX",TX,46005,10753,18553,3666.0,2947.0,1917,FNS state total allocated by share of under-130% FPL population
28149,"Warren County, MS",MS,42461,9806,15469,2203.0,3131.0,1913,FNS state total allocated by share of under-130% FPL population
48473,"Waller County, TX",TX,56878,10678,17944,2365.0,2665.0,1904,FNS state total allocated by share of under-130% FPL population
01069,"Houston County, AL",AL,106993,24907,40597,6964.0,7230.0,1897,FNS state total allocated by share of under-130% FPL population
36013,"Chautauqua County, NY",NY,120805,29356,45793,10617.0,8846.0,1894,FNS state total allocated by share of under-130% FPL population
56001,"Albany County, WY",WY,35570,9218,12614,694.0,3729.0,1891,FNS state total allocated by share of under-130% FPL population
05071,"Johnson County, AR",AR,25161,6690,12341,1240.0,2229.0,1882,FNS state total allocated by share of under-130% FPL population
05059,"Hot Spring County, AR",AR,30872,6672,11782,1326.0,2109.0,1877,FNS state total allocated by share of under-130% FPL population
45029,"Colleton County, SC",SC,38078,10498,17533,3837.0,3137.0,1876,FNS state total allocated by share of under-130% FPL population
34027,"Morris County, NJ",NJ,506944,32099,59215,7093.0,11232.0,1871,FNS state total allocated by share of under-130% FPL population
05123,"St. Francis County, AR",AR,19503,6640,10317,1888.0,2176.0,1868,FNS state total allocated by share of under-130% FPL population
28001,"Adams County, MS",MS,27030,9577,13053,1893.0,2887.0,1868,FNS state total allocated by share of under-130% FPL population
01055,"Etowah County, AL",AL,101715,24439,40183,6173.0,6894.0,1862,FNS state total allocated by share of under-130% FPL population
21029,"Bullitt County, KY",KY,83620,11277,19543,2308.0,3249.0,1860,FNS state total allocated by share of under-130% FPL population
47189,"Wilson County, TN",TN,156430,17384,30993,3158.0,4883.0,1849,FNS state total allocated by share of under-130% FPL population
28085,"Lincoln County, MS",MS,34446,9401,14650,1552.0,2875.0,1834,FNS state total allocated by share of under-130% FPL population
29019,"Boone County, MO",MO,178019,36759,53529,5088.0,11989.0,1827,FNS state total allocated by share of under-130% FPL population
12131,"Walton County, FL",FL,80993,12566,21096,3236.0,3942.0,1822,FNS state total allocated by share of under-130% FPL population
13185,"Lowndes County, GA",GA,115412,28902,47465,7456.0,9302.0,1818,FNS state total allocated by share of under-130% FPL population
18105,"Monroe County, IN",IN,126485,30008,44019,3564.0,12224.0,1817,FNS state total allocated by share of under-130% FPL population
05111,"Poinsett County, AR",AR,22150,6397,10019,1686.0,1927.0,1800,FNS state total allocated by share of under-130% FPL population
48401,"Rusk County, TX",TX,47865,10096,16016,2012.0,2538.0,1800,FNS state total allocated by share of under-130% FPL population
21107,"Hopkins County, KY",KY,43786,10874,17483,2544.0,3568.0,1794,FNS state total allocated by share of under-130% FPL population
21019,"Boyd County, KY",KY,45906,10858,17688,3341.0,3522.0,1791,FNS state total allocated by share of under-130% FPL population
12089,"Nassau County, FL",FL,97002,12332,21513,2714.0,3954.0,1788,FNS state total allocated by share of under-130% FPL population
45033,"Dillon County, SC",SC,27526,10004,14099,2596.0,2753.0,1788,FNS state total allocated by share of under-130% FPL population
47009,"Blount County, TN",TN,137378,16772,32100,3281.0,4808.0,1784,FNS state total allocated by share of under-130% FPL population
04007,"Gila County, AZ",AZ,52713,11628,19358,3455.0,3678.0,1779,FNS state total allocated by share of under-130% FPL population
34015,"Gloucester County, NJ",NJ,300277,30251,53197,7447.0,9442.0,1763,FNS state total allocated by share of under-130% FPL population
48467,"Van Zandt County, TX",TX,61897,9886,19883,2503.0,2711.0,1763,FNS state total allocated by share of under-130% FPL population
31109,"Lancaster County, NE",NE,313294,50288,86662,11241.0,16329.0,1755,FNS state total allocated by share of under-130% FPL population
48497,"Wise County, TX",TX,73520,9829,17997,1959.0,2191.0,1752,FNS state total allocated by share of under-130% FPL population
48199,"Hardin County, TX",TX,57095,9819,16424,2866.0,2778.0,1751,FNS state total allocated by share of under-130% FPL population
28027,"Coahoma County, MS",MS,19981,8928,11590,2262.0,2662.0,1742,FNS state total allocated by share of under-130% FPL population
28095,"Monroe County, MS",MS,32839,8932,13708,1821.0,2699.0,1742,FNS state total allocated by share of under-130% FPL population
28123,"Scott County, MS",MS,27374,8913,12923,1457.0,2190.0,1739,FNS state total allocated by share of under-130% FPL population
01103,"Morgan County, AL",AL,122053,22623,38140,6004.0,6729.0,1723,FNS state total allocated by share of under-130% FPL population
51660,"Harrisonburg city, VA",VA,44259,14505,20258,1900.0,4032.0,1723,FNS state total allocated by share of under-130% FPL population
02122,"Kenai Peninsula Borough, AK",AK,58952,9139,14532,2329.0,2760.0,1721,FNS state total allocated by share of under-130% FPL population
37063,"Durham County, NC",NC,319644,51196,87650,12872.0,14387.0,1721,FNS state total allocated by share of under-130% FPL population
47063,"Hamblen County, TN",TN,64512,16183,27512,3650.0,4554.0,1721,FNS state total allocated by share of under-130% FPL population
51177,"Spotsylvania County, VA",VA,145762,14488,26951,3489.0,3661.0,1721,FNS state total allocated by share of under-130% FPL population
12051,"Hendry County, FL",FL,41510,11864,19181,2575.0,2956.0,1720,FNS state total allocated by share of under-130% FPL population
01117,"Shelby County, AL",AL,226151,22519,40402,4014.0,7049.0,1715,FNS state total allocated by share of under-130% FPL population
28045,"Hancock County, MS",MS,45807,8766,13612,2125.0,3151.0,1710,FNS state total allocated by share of under-130% FPL population
28029,"Copiah County, MS",MS,26770,8728,12300,1811.0,2242.0,1703,FNS state total allocated by share of under-130% FPL population
13057,"Cherokee County, GA",GA,278515,27058,49632,3534.0,7172.0,1702,FNS state total allocated by share of under-130% FPL population
36093,"Schenectady County, NY",NY,156023,26313,39344,9338.0,8707.0,1698,FNS state total allocated by share of under-130% FPL population
18035,"Delaware County, IN",IN,104289,27946,41187,6562.0,8946.0,1692,FNS state total allocated by share of under-130% FPL population
05003,"Ashley County, AR",AR,18282,6005,8841,969.0,1627.0,1689,FNS state total allocated by share of under-130% FPL population
12075,"Levy County, FL",FL,45036,11652,18254,3201.0,3189.0,1689,FNS state total allocated by share of under-130% FPL population
05103,"Ouachita County, AR",AR,21646,5986,9697,1279.0,1616.0,1684,FNS state total allocated by share of under-130% FPL population
01095,"Marshall County, AL",AL,98234,22048,36799,4512.0,5995.0,1679,FNS state total allocated by share of under-130% FPL population
12087,"Monroe County, FL",FL,80902,11572,19310,2573.0,3488.0,1678,FNS state total allocated by share of under-130% FPL population
47187,"Williamson County, TN",TN,259189,15775,30440,1728.0,5122.0,1678,FNS state total allocated by share of under-130% FPL population
24017,"Charles County, MD",MD,169262,15755,26695,5885.0,5040.0,1674,FNS state total allocated by share of under-130% FPL population
01049,"DeKalb County, AL",AL,71091,21965,34025,4627.0,5508.0,1673,FNS state total allocated by share of under-130% FPL population
21083,"Graves County, KY",KY,36148,10118,16088,2096.0,2793.0,1669,FNS state total allocated by share of under-130% FPL population
09110,"Capitol Planning Region, CT",CT,944799,128534,205608,51086.0,44070.0,1664,FNS state total allocated by share of under-130% FPL population
12063,"Jackson County, FL",FL,41176,11458,17499,3234.0,2993.0,1661,FNS state total allocated by share of under-130% FPL population
48273,"Kleberg County, TX",TX,28749,9294,12371,2531.0,3258.0,1657,FNS state total allocated by share of under-130% FPL population
13095,"Dougherty County, GA",GA,79630,26146,38379,9925.0,8000.0,1645,FNS state total allocated by share of under-130% FPL population
48321,"Matagorda County, TX",TX,35957,9168,15224,2628.0,3017.0,1635,FNS state total allocated by share of under-130% FPL population
05027,"Columbia County, AR",AR,20260,5797,8989,993.0,1807.0,1631,FNS state total allocated by share of under-130% FPL population
47119,"Maury County, TN",TN,106313,15287,29016,2674.0,4966.0,1626,FNS state total allocated by share of under-130% FPL population
05121,"Randolph County, AR",AR,18320,5775,8874,1150.0,1629.0,1625,FNS state total allocated by share of under-130% FPL population
13153,"Houston County, GA",GA,167500,25794,47042,6588.0,7228.0,1623,FNS state total allocated by share of under-130% FPL population
39049,"Franklin County, OH",OH,1303117,253739,401805,60349.0,73602.0,1621,FNS state total allocated by share of under-130% FPL population
18167,"Vigo County, IN",IN,98549,26690,41564,5726.0,8151.0,1616,FNS state total allocated by share of under-130% FPL population
28099,"Neshoba County, MS",MS,28030,8275,13166,1666.0,2366.0,1614,FNS state total allocated by share of under-130% FPL population
51143,"Pittsylvania County, VA",VA,58464,13579,23383,3733.0,4125.0,1613,FNS state total allocated by share of under-130% FPL population
39035,"Cuyahoga County, OH",OH,1221489,252230,392741,90557.0,91106.0,1611,FNS state total allocated by share of under-130% FPL population
05107,"Phillips County, AR",AR,15334,5713,8512,1934.0,1811.0,1607,FNS state total allocated by share of under-130% FPL population
05029,"Conway County, AR",AR,20863,5705,9188,1122.0,1750.0,1605,FNS state total allocated by share of under-130% FPL population
21073,"Franklin County, KY",KY,50114,9673,16918,3000.0,3081.0,1596,FNS state total allocated by share of under-130% FPL population
51590,"Danville city, VA",VA,40651,13392,19845,5197.0,4567.0,1591,FNS state total allocated by share of under-130% FPL population
20161,"Riley County, KS",KS,61592,14738,21904,1843.0,5913.0,1590,FNS state total allocated by share of under-130% FPL population
05057,"Hempstead County, AR",AR,19229,5650,8656,767.0,1548.0,1589,FNS state total allocated by share of under-130% FPL population
28133,"Sunflower County, MS",MS,21243,8132,11758,2657.0,2351.0,1586,FNS state total allocated by share of under-130% FPL population
24015,"Cecil County, MD",MD,103531,14921,25398,5452.0,4101.0,1585,FNS state total allocated by share of under-130% FPL population
10001,"Kent County, DE",DE,182824,26653,48768,8005.0,7216.0,1570,FNS state total allocated by share of under-130% FPL population
48143,"Erath County, TX",TX,40379,8757,14181,1143.0,3040.0,1561,FNS state total allocated by share of under-130% FPL population
12027,"DeSoto County, FL",FL,33590,10753,16426,2870.0,2882.0,1559,FNS state total allocated by share of under-130% FPL population
48189,"Hale County, TX",TX,30162,8727,14066,2532.0,2144.0,1556,FNS state total allocated by share of under-130% FPL population
48265,"Kerr County, TX",TX,51367,8717,14744,1452.0,2628.0,1554,FNS state total allocated by share of under-130% FPL population
36075,"Oswego County, NY",NY,112467,23974,37095,7542.0,6909.0,1547,FNS state total allocated by share of under-130% FPL population
36083,"Rensselaer County, NY",NY,153939,23929,36758,7264.0,7592.0,1544,FNS state total allocated by share of under-130% FPL population
48241,"Jasper County, TX",TX,31431,8660,12799,2161.0,2778.0,1544,FNS state total allocated by share of under-130% FPL population
45069,"Marlboro County, SC",SC,23524,8635,13128,2254.0,2690.0,1543,FNS state total allocated by share of under-130% FPL population
48459,"Upshur County, TX",TX,41908,8637,14958,1922.0,2045.0,1540,FNS state total allocated by share of under-130% FPL population
28163,"Yazoo County, MS",MS,20217,7872,10567,2280.0,2286.0,1536,FNS state total allocated by share of under-130% FPL population
47059,"Greene County, TN",TN,69746,14444,26325,3329.0,4666.0,1536,FNS state total allocated by share of under-130% FPL population
56037,"Sweetwater County, WY",WY,40996,7410,11492,1289.0,2234.0,1520,FNS state total allocated by share of under-130% FPL population
02090,"Fairbanks North Star Borough, AK",AK,91697,8004,17707,2467.0,2586.0,1507,FNS state total allocated by share of under-130% FPL population
37071,"Gaston County, NC",NC,231321,44827,75373,15034.0,13223.0,1507,FNS state total allocated by share of under-130% FPL population
45089,"Williamsburg County, SC",SC,28736,8421,12357,2582.0,3338.0,1505,FNS state total allocated by share of under-130% FPL population
37021,"Buncombe County, NC",NC,267512,44679,75879,9660.0,11483.0,1502,FNS state total allocated by share of under-130% FPL population
13045,"Carroll County, GA",GA,120857,23851,38291,6397.0,6510.0,1500,FNS state total allocated by share of under-130% FPL population
29047,"Clay County, MO",MO,255005,30108,56076,6168.0,8822.0,1496,FNS state total allocated by share of under-130% FPL population
18095,"Madison County, IN",IN,126230,24684,41312,7365.0,7083.0,1495,FNS state total allocated by share of under-130% FPL population
48481,"Wharton County, TX",TX,41070,8385,13616,2206.0,2119.0,1495,FNS state total allocated by share of under-130% FPL population
37147,"Pitt County, NC",NC,170955,44408,67422,11320.0,14974.0,1493,FNS state total allocated by share of under-130% FPL population
47001,"Anderson County, TN",TN,77787,14038,25863,3901.0,4747.0,1493,FNS state total allocated by share of under-130% FPL population
28115,"Pontotoc County, MS",MS,31292,7648,12729,1150.0,2109.0,1492,FNS state total allocated by share of under-130% FPL population
45071,"Newberry County, SC",SC,37076,8338,13549,1964.0,2296.0,1490,FNS state total allocated by share of under-130% FPL population
21101,"Henderson County, KY",KY,43400,9026,16156,2851.0,3015.0,1489,FNS state total allocated by share of under-130% FPL population
48055,"Caldwell County, TX",TX,46527,8330,16249,1893.0,1798.0,1485,FNS state total allocated by share of under-130% FPL population
51800,"Suffolk city, VA",VA,97783,12481,22561,3807.0,3542.0,1483,FNS state total allocated by share of under-130% FPL population
21193,"Perry County, KY",KY,26736,8961,13586,3168.0,2975.0,1478,FNS state total allocated by share of under-130% FPL population
24001,"Allegany County, MD",MD,61133,13901,23146,5751.0,4515.0,1477,FNS state total allocated by share of under-130% FPL population
21095,"Harlan County, KY",KY,25114,8948,13839,2839.0,3015.0,1476,FNS state total allocated by share of under-130% FPL population
33013,"Merrimack County, NH",NH,150135,15930,27258,4269.0,4587.0,1472,FNS state total allocated by share of under-130% FPL population
05023,"Cleburne County, AR",AR,24849,5203,10053,903.0,1571.0,1464,FNS state total allocated by share of under-130% FPL population
49021,"Iron County, UT",UT,61332,12632,23683,1797.0,2744.0,1464,FNS state total allocated by share of under-130% FPL population
47035,"Cumberland County, TN",TN,63047,13734,23640,3191.0,3959.0,1461,FNS state total allocated by share of under-130% FPL population
47019,"Carter County, TN",TN,55139,13729,22420,3483.0,4372.0,1460,FNS state total allocated by share of under-130% FPL population
05019,"Clark County, AR",AR,18555,5184,7778,950.0,1846.0,1458,FNS state total allocated by share of under-130% FPL population
34035,"Somerset County, NJ",NJ,346781,24992,42392,4857.0,7133.0,1457,FNS state total allocated by share of under-130% FPL population
48493,"Wilson County, TX",TX,52217,8167,12811,1522.0,2109.0,1456,FNS state total allocated by share of under-130% FPL population
46103,"Pennington County, SD",SD,110029,16324,27085,3738.0,4869.0,1454,FNS state total allocated by share of under-130% FPL population
21013,"Bell County, KY",KY,22735,8802,13054,2440.0,3306.0,1452,FNS state total allocated by share of under-130% FPL population
45087,"Union County, SC",SC,26481,8108,12235,2276.0,2627.0,1449,FNS state total allocated by share of under-130% FPL population
12121,"Suwannee County, FL",FL,43052,9989,17477,2569.0,2551.0,1448,FNS state total allocated by share of under-130% FPL population
29183,"St. Charles County, MO",MO,407654,29082,56548,5871.0,9251.0,1445,FNS state total allocated by share of under-130% FPL population
48499,"Wood County, TX",TX,44988,8105,15653,2078.0,2527.0,1445,FNS state total allocated by share of under-130% FPL population
29099,"Jefferson County, MO",MO,226700,28985,51782,6252.0,8542.0,1440,FNS state total allocated by share of under-130% FPL population
47031,"Coffee County, TN",TN,58993,13533,21650,2706.0,3558.0,1439,FNS state total allocated by share of under-130% FPL population
56013,"Fremont County, WY",WY,38548,7004,13227,1217.0,1778.0,1437,FNS state total allocated by share of under-130% FPL population
48097,"Cooke County, TX",TX,42401,8042,12918,1561.0,2067.0,1434,FNS state total allocated by share of under-130% FPL population
28003,"Alcorn County, MS",MS,33595,7331,14409,2323.0,2912.0,1430,FNS state total allocated by share of under-130% FPL population
12093,"Okeechobee County, FL",FL,38082,9856,16151,2483.0,2590.0,1429,FNS state total allocated by share of under-130% FPL population
01121,"Talladega County, AL",AL,77390,18747,30926,5717.0,6332.0,1428,FNS state total allocated by share of under-130% FPL population
45023,"Chester County, SC",SC,32028,7992,12983,2204.0,2531.0,1428,FNS state total allocated by share of under-130% FPL population
01043,"Cullman County, AL",AL,89628,18729,33288,3531.0,5586.0,1427,FNS state total allocated by share of under-130% FPL population
36091,"Saratoga County, NY",NY,234507,22066,40302,6660.0,7768.0,1424,FNS state total allocated by share of under-130% FPL population
29097,"Jasper County, MO",MO,121950,28594,46535,7323.0,8414.0,1421,FNS state total allocated by share of under-130% FPL population
15007,"Kauai County, HI",HI,72935,8770,16082,2680.0,2303.0,1418,FNS state total allocated by share of under-130% FPL population
13097,"Douglas County, GA",GA,146397,22423,40738,6682.0,6016.0,1411,FNS state total allocated by share of under-130% FPL population
13031,"Bulloch County, GA",GA,75677,22323,32354,5085.0,6621.0,1404,FNS state total allocated by share of under-130% FPL population
51089,"Henry County, VA",VA,49034,11785,20546,3613.0,3808.0,1400,FNS state total allocated by share of under-130% FPL population
48449,"Titus County, TX",TX,31076,7839,13288,2159.0,1897.0,1398,FNS state total allocated by share of under-130% FPL population
48053,"Burnet County, TX",TX,51473,7827,13510,1531.0,1882.0,1395,FNS state total allocated by share of under-130% FPL population
47073,"Hawkins County, TN",TN,57265,13101,22583,3041.0,3815.0,1393,FNS state total allocated by share of under-130% FPL population
28153,"Wayne County, MS",MS,19660,7136,10466,1605.0,1747.0,1392,FNS state total allocated by share of under-130% FPL population
36045,"Jefferson County, NY",NY,109997,21580,35533,7529.0,6263.0,1392,FNS state total allocated by share of under-130% FPL population
18057,"Hamilton County, IN",IN,362401,22847,44011,3433.0,6700.0,1383,FNS state total allocated by share of under-130% FPL population
27037,"Dakota County, MN",MN,442814,38420,71423,8479.0,11059.0,1383,FNS state total allocated by share of under-130% FPL population
36089,"St. Lawrence County, NY",NY,96376,21411,35006,6467.0,7210.0,1382,FNS state total allocated by share of under-130% FPL population
37155,"Robeson County, NC",NC,113373,40974,60799,14065.0,11748.0,1377,FNS state total allocated by share of under-130% FPL population
51165,"Rockingham County, VA",VA,83217,11518,20424,1941.0,3238.0,1368,FNS state total allocated by share of under-130% FPL population
13115,"Floyd County, GA",GA,95616,21694,35055,5482.0,5666.0,1365,FNS state total allocated by share of under-130% FPL population
05043,"Drew County, AR",AR,16299,4839,7738,1179.0,1497.0,1361,FNS state total allocated by share of under-130% FPL population
05149,"Yell County, AR",AR,19641,4827,8616,853.0,1350.0,1358,FNS state total allocated by share of under-130% FPL population
21035,"Calloway County, KY",KY,35367,8212,14207,1432.0,2825.0,1355,FNS state total allocated by share of under-130% FPL population
28091,"Marion County, MS",MS,23368,6932,10777,1188.0,1563.0,1352,FNS state total allocated by share of under-130% FPL population
48221,"Hood County, TX",TX,64987,7582,13391,1166.0,2127.0,1352,FNS state total allocated by share of under-130% FPL population
24013,"Carroll County, MD",MD,171674,12668,21939,3352.0,3570.0,1346,FNS state total allocated by share of under-130% FPL population
06093,"Siskiyou County, CA",CA,42954,9707,15444,2953.0,3319.0,1342,FNS state total allocated by share of under-130% FPL population
13313,"Whitfield County, GA",GA,102510,21217,36560,4110.0,5152.0,1335,FNS state total allocated by share of under-130% FPL population
05083,"Logan County, AR",AR,20956,4732,8188,840.0,1160.0,1331,FNS state total allocated by share of under-130% FPL population
18127,"Porter County, IN",IN,171232,21984,38038,3825.0,6700.0,1331,FNS state total allocated by share of under-130% FPL population
28051,"Holmes County, MS",MS,15287,6811,9495,2032.0,2314.0,1329,FNS state total allocated by share of under-130% FPL population
21113,"Jessamine County, KY",KY,53119,8032,16823,1858.0,2293.0,1325,FNS state total allocated by share of under-130% FPL population
37129,"New Hanover County, NC",NC,229767,39429,65899,9694.0,12746.0,1325,FNS state total allocated by share of under-130% FPL population
45027,"Clarendon County, SC",SC,29599,7414,12492,2111.0,2241.0,1325,FNS state total allocated by share of under-130% FPL population
48049,"Brown County, TX",TX,36559,7425,13716,1776.0,2400.0,1324,FNS state total allocated by share of under-130% FPL population
27003,"Anoka County, MN",MN,366968,36724,68292,9849.0,9590.0,1322,FNS state total allocated by share of under-130% FPL population
33017,"Strafford County, NH",NH,123916,14167,24963,3816.0,5459.0,1309,FNS state total allocated by share of under-130% FPL population
48325,"Medina County, TX",TX,51049,7333,13584,1902.0,1918.0,1307,FNS state total allocated by share of under-130% FPL population
51179,"Stafford County, VA",VA,159409,10942,19275,2299.0,2429.0,1300,FNS state total allocated by share of under-130% FPL population
01113,"Russell County, AL",AL,58225,17039,26022,4814.0,4820.0,1298,FNS state total allocated by share of under-130% FPL population
05075,"Lawrence County, AR",AR,15623,4601,7567,1061.0,1406.0,1294,FNS state total allocated by share of under-130% FPL population
05113,"Polk County, AR",AR,19093,4592,8721,991.0,1331.0,1292,FNS state total allocated by share of under-130% FPL population
05067,"Jackson County, AR",AR,14264,4560,7127,1174.0,1348.0,1283,FNS state total allocated by share of under-130% FPL population
28043,"Grenada County, MS",MS,20788,6557,9909,992.0,1914.0,1279,FNS state total allocated by share of under-130% FPL population
48397,"Rockwall County, TX",TX,122551,7175,13771,1759.0,1796.0,1279,FNS state total allocated by share of under-130% FPL population
01077,"Lauderdale County, AL",AL,92754,16783,28292,3925.0,5034.0,1278,FNS state total allocated by share of under-130% FPL population
30049,"Lewis and Clark County, MT",MT,72084,9127,17764,2432.0,2502.0,1273,FNS state total allocated by share of under-130% FPL population
48067,"Cass County, TX",TX,28173,7135,11471,1963.0,2317.0,1272,FNS state total allocated by share of under-130% FPL population
48071,"Chambers County, TX",TX,51085,7131,12039,995.0,2036.0,1271,FNS state total allocated by share of under-130% FPL population
21209,"Scott County, KY",KY,58193,7653,13075,1955.0,2539.0,1263,FNS state total allocated by share of under-130% FPL population
04009,"Graham County, AZ",AZ,36466,8231,13940,2073.0,2177.0,1259,FNS state total allocated by share of under-130% FPL population
48217,"Hill County, TX",TX,36541,7049,13355,1535.0,1953.0,1257,FNS state total allocated by share of under-130% FPL population
38035,"Grand Forks County, ND",ND,68278,12064,20286,1892.0,4674.0,1254,FNS state total allocated by share of under-130% FPL population
13217,"Newton County, GA",GA,116309,19895,34890,5614.0,4302.0,1252,FNS state total allocated by share of under-130% FPL population
28145,"Union County, MS",MS,27885,6398,11060,712.0,1455.0,1248,FNS state total allocated by share of under-130% FPL population
51003,"Albemarle County, VA",VA,106857,10479,18905,2100.0,3877.0,1245,FNS state total allocated by share of under-130% FPL population
05037,"Cross County, AR",AR,16392,4416,7180,668.0,1403.0,1242,FNS state total allocated by share of under-130% FPL population
05047,"Franklin County, AR",AR,17064,4412,7110,786.0,1343.0,1241,FNS state total allocated by share of under-130% FPL population
24037,"St. Mary's County, MD",MD,112537,11656,20542,4752.0,3822.0,1238,FNS state total allocated by share of under-130% FPL population
27137,"St. Louis County, MN",MN,193487,34373,57268,8885.0,12110.0,1238,FNS state total allocated by share of under-130% FPL population
21051,"Clay County, KY",KY,18338,7483,10218,2528.0,2426.0,1235,FNS state total allocated by share of under-130% FPL population
05001,"Arkansas County, AR",AR,16247,4384,7009,996.0,1211.0,1233,FNS state total allocated by share of under-130% FPL population
51019,"Bedford County, VA",VA,80177,10368,19089,2164.0,2895.0,1232,FNS state total allocated by share of under-130% FPL population
28079,"Leake County, MS",MS,20793,6312,9956,968.0,1384.0,1231,FNS state total allocated by share of under-130% FPL population
05089,"Marion County, AR",AR,17072,4336,7655,851.0,1257.0,1220,FNS state total allocated by share of under-130% FPL population
05135,"Sharp County, AR",AR,17532,4334,8701,1189.0,1332.0,1219,FNS state total allocated by share of under-130% FPL population
45053,"Jasper County, SC",SC,30544,6812,10976,1467.0,2517.0,1217,FNS state total allocated by share of under-130% FPL population
21147,"McCreary County, KY",KY,15076,7363,9786,1954.0,2375.0,1215,FNS state total allocated by share of under-130% FPL population
28127,"Simpson County, MS",MS,25249,6215,10523,1186.0,1669.0,1212,FNS state total allocated by share of under-130% FPL population
48463,"Uvalde County, TX",TX,24010,6779,12083,2041.0,1905.0,1209,FNS state total allocated by share of under-130% FPL population
48407,"San Jacinto County, TX",TX,28025,6770,10708,1862.0,1867.0,1207,FNS state total allocated by share of under-130% FPL population
05133,"Sevier County, AR",AR,15583,4284,7225,1211.0,1042.0,1205,FNS state total allocated by share of under-130% FPL population
16011,"Bingham County, ID",ID,49137,8198,15828,1665.0,1841.0,1205,FNS state total allocated by share of under-130% FPL population
48147,"Fannin County, TX",TX,34296,6759,12223,1314.0,1701.0,1205,FNS state total allocated by share of under-130% FPL population
56005,"Campbell County, WY",WY,46436,5847,10658,604.0,1963.0,1200,FNS state total allocated by share of under-130% FPL population
21089,"Greenup County, KY",KY,34913,7267,12783,2045.0,2399.0,1199,FNS state total allocated by share of under-130% FPL population
20155,"Reno County, KS",KS,58121,11078,20374,2127.0,3333.0,1195,FNS state total allocated by share of under-130% FPL population
16057,"Latah County, ID",ID,37108,8118,13077,880.0,3063.0,1193,FNS state total allocated by share of under-130% FPL population
37133,"Onslow County, NC",NC,185911,35489,63874,9138.0,8496.0,1193,FNS state total allocated by share of under-130% FPL population
48223,"Hopkins County, TX",TX,37224,6689,11720,1041.0,1815.0,1193,FNS state total allocated by share of under-130% FPL population
51161,"Roanoke County, VA",VA,94623,10047,20588,2930.0,3114.0,1193,FNS state total allocated by share of under-130% FPL population
47167,"Tipton County, TN",TN,60931,11200,18330,2817.0,3196.0,1191,FNS state total allocated by share of under-130% FPL population
21179,"Nelson County, KY",KY,47097,7204,13710,1866.0,2135.0,1189,FNS state total allocated by share of under-130% FPL population
51540,"Charlottesville city, VA",VA,42479,9963,14635,1967.0,3634.0,1184,FNS state total allocated by share of under-130% FPL population
18091,"LaPorte County, IN",IN,104625,19497,32361,4318.0,5454.0,1181,FNS state total allocated by share of under-130% FPL population
48419,"Shelby County, TX",TX,23887,6618,11514,1474.0,2041.0,1180,FNS state total allocated by share of under-130% FPL population
02050,"Bethel Census Area, AK",AK,18064,6257,9105,2047.0,1106.0,1178,FNS state total allocated by share of under-130% FPL population
23005,"Cumberland County, ME",ME,299280,31198,54329,9897.0,10848.0,1173,FNS state total allocated by share of under-130% FPL population
37101,"Johnston County, NC",NC,231746,34907,61403,9747.0,9115.0,1173,FNS state total allocated by share of under-130% FPL population
51067,"Franklin County, VA",VA,53886,9866,16619,2939.0,3043.0,1172,FNS state total allocated by share of under-130% FPL population
21133,"Letcher County, KY",KY,20365,7080,10719,2331.0,2175.0,1168,FNS state total allocated by share of under-130% FPL population
36009,"Cattaraugus County, NY",NY,73591,18039,28681,5729.0,5982.0,1164,FNS state total allocated by share of under-130% FPL population
47123,"Monroe County, TN",TN,46374,10943,18160,3064.0,3559.0,1164,FNS state total allocated by share of under-130% FPL population
28101,"Newton County, MS",MS,20064,5951,8810,903.0,1583.0,1161,FNS state total allocated by share of under-130% FPL population
47029,"Cocke County, TN",TN,36207,10918,17335,2913.0,3135.0,1161,FNS state total allocated by share of under-130% FPL population
48489,"Willacy County, TX",TX,18332,6503,9080,1813.0,1568.0,1159,FNS state total allocated by share of under-130% FPL population
05041,"Desha County, AR",AR,10671,4115,6265,1073.0,1271.0,1158,FNS state total allocated by share of under-130% FPL population
21115,"Johnson County, KY",KY,21743,7014,11079,2284.0,2326.0,1157,FNS state total allocated by share of under-130% FPL population
38015,"Burleigh County, ND",ND,96428,11126,17719,2377.0,3657.0,1157,FNS state total allocated by share of under-130% FPL population
05065,"Izard County, AR",AR,12857,4100,6245,756.0,1048.0,1153,FNS state total allocated by share of under-130% FPL population
20037,"Crawford County, KS",KS,37333,10677,16822,1886.0,3288.0,1152,FNS state total allocated by share of under-130% FPL population
16017,"Bonner County, ID",ID,50509,7827,16486,1302.0,2296.0,1150,FNS state total allocated by share of under-130% FPL population
45011,"Barnwell County, SC",SC,20074,6392,9022,1990.0,2029.0,1142,FNS state total allocated by share of under-130% FPL population
28137,"Tate County, MS",MS,26804,5845,10560,1147.0,1937.0,1140,FNS state total allocated by share of under-130% FPL population
21043,"Carter County, KY",KY,25715,6902,11018,2118.0,2366.0,1139,FNS state total allocated by share of under-130% FPL population
21177,"Muhlenberg County, KY",KY,29342,6898,11064,1948.0,2346.0,1138,FNS state total allocated by share of under-130% FPL population
01127,"Walker County, AL",AL,63636,14933,24237,3632.0,4974.0,1137,FNS state total allocated by share of under-130% FPL population
36101,"Steuben County, NY",NY,91180,17596,29225,4761.0,5340.0,1135,FNS state total allocated by share of under-130% FPL population
01083,"Limestone County, AL",AL,107826,14833,26749,3620.0,4341.0,1130,FNS state total allocated by share of under-130% FPL population
05141,"Van Buren County, AR",AR,15798,4017,7328,795.0,1414.0,1130,FNS state total allocated by share of under-130% FPL population
36109,"Tompkins County, NY",NY,89313,17377,25749,3869.0,8054.0,1121,FNS state total allocated by share of under-130% FPL population
13127,"Glynn County, GA",GA,84125,17791,28678,4403.0,5383.0,1119,FNS state total allocated by share of under-130% FPL population
21085,"Grayson County, KY",KY,26073,6767,10858,1292.0,2217.0,1116,FNS state total allocated by share of under-130% FPL population
21049,"Clark County, KY",KY,36421,6751,11281,2030.0,2172.0,1114,FNS state total allocated by share of under-130% FPL population
28117,"Prentiss County, MS",MS,24111,5704,10250,1101.0,1862.0,1113,FNS state total allocated by share of under-130% FPL population
51730,"Petersburg city, VA",VA,33118,9335,14703,3428.0,3227.0,1109,FNS state total allocated by share of under-130% FPL population
05087,"Madison County, AR",AR,17128,3938,7062,747.0,796.0,1108,FNS state total allocated by share of under-130% FPL population
06009,"Calaveras County, CA",CA,45806,8000,13354,1760.0,2170.0,1106,FNS state total allocated by share of under-130% FPL population
21211,"Shelby County, KY",KY,47691,6693,11500,1567.0,2197.0,1104,FNS state total allocated by share of under-130% FPL population
51185,"Tazewell County, VA",VA,37904,9290,16691,2490.0,3106.0,1104,FNS state total allocated by share of under-130% FPL population
01047,"Dallas County, AL",AL,36464,14461,19745,5765.0,4686.0,1101,FNS state total allocated by share of under-130% FPL population
37001,"Alamance County, NC",NC,171342,32722,57853,9499.0,9247.0,1100,FNS state total allocated by share of under-130% FPL population
47013,"Campbell County, TN",TN,39091,10305,17037,3181.0,3541.0,1096,FNS state total allocated by share of under-130% FPL population
48363,"Palo Pinto County, TX",TX,29008,6134,10290,1679.0,1923.0,1094,FNS state total allocated by share of under-130% FPL population
47107,"McMinn County, TN",TN,53468,10280,19046,2873.0,3042.0,1093,FNS state total allocated by share of under-130% FPL population
28039,"George County, MS",MS,24374,5574,9477,1025.0,1625.0,1087,FNS state total allocated by share of under-130% FPL population
09170,"South Central Connecticut Planning Region, CT",CT,549839,83604,137701,31116.0,27409.0,1083,FNS state total allocated by share of under-130% FPL population
28017,"Chickasaw County, MS",MS,16463,5546,8300,987.0,1732.0,1082,FNS state total allocated by share of under-130% FPL population
47053,"Gibson County, TN",TN,49833,10177,17644,3366.0,3121.0,1082,FNS state total allocated by share of under-130% FPL population
13297,"Walton County, GA",GA,102014,17178,28710,4106.0,3734.0,1081,FNS state total allocated by share of under-130% FPL population
36015,"Chemung County, NY",NY,78810,16754,25627,5824.0,5526.0,1081,FNS state total allocated by share of under-130% FPL population
47147,"Robertson County, TN",TN,74689,10143,18646,2086.0,2899.0,1079,FNS state total allocated by share of under-130% FPL population
21205,"Rowan County, KY",KY,21551,6535,9430,1610.0,2339.0,1078,FNS state total allocated by share of under-130% FPL population
37025,"Cabarrus County, NC",NC,234099,32078,54456,8695.0,8049.0,1078,FNS state total allocated by share of under-130% FPL population
28139,"Tippah County, MS",MS,20849,5522,8973,731.0,1435.0,1077,FNS state total allocated by share of under-130% FPL population
06109,"Tuolumne County, CA",CA,51578,7777,13493,2662.0,2259.0,1075,FNS state total allocated by share of under-130% FPL population
16069,"Nez Perce County, ID",ID,41325,7316,12699,1267.0,2173.0,1075,FNS state total allocated by share of under-130% FPL population
51191,"Washington County, VA",VA,52592,9050,16328,2816.0,2673.0,1075,FNS state total allocated by share of under-130% FPL population
13073,"Columbia County, GA",GA,161123,16989,32900,3669.0,4292.0,1069,FNS state total allocated by share of under-130% FPL population
13015,"Bartow County, GA",GA,111912,16857,28811,3559.0,4707.0,1060,FNS state total allocated by share of under-130% FPL population
01051,"Elmore County, AL",AL,85123,13887,22430,3465.0,3510.0,1058,FNS state total allocated by share of under-130% FPL population
18019,"Clark County, IN",IN,122565,17462,32407,3939.0,5268.0,1057,FNS state total allocated by share of under-130% FPL population
28025,"Clay County, MS",MS,18089,5412,8769,1638.0,1747.0,1056,FNS state total allocated by share of under-130% FPL population
51031,"Campbell County, VA",VA,54388,8877,16902,2735.0,2490.0,1055,FNS state total allocated by share of under-130% FPL population
13223,"Paulding County, GA",GA,177865,16758,34354,4821.0,4116.0,1054,FNS state total allocated by share of under-130% FPL population
48015,"Austin County, TX",TX,30860,5909,9432,1111.0,1716.0,1054,FNS state total allocated by share of under-130% FPL population
23019,"Penobscot County, ME",ME,147433,27941,47301,10162.0,9714.0,1050,FNS state total allocated by share of under-130% FPL population
28159,"Winston County, MS",MS,17148,5371,8378,1321.0,1651.0,1048,FNS state total allocated by share of under-130% FPL population
37057,"Davidson County, NC",NC,171005,31144,57744,9151.0,8867.0,1047,FNS state total allocated by share of under-130% FPL population
13255,"Spalding County, GA",GA,67899,16567,28472,4900.0,4606.0,1042,FNS state total allocated by share of under-130% FPL population
21173,"Montgomery County, KY",KY,27923,6318,10172,1816.0,1987.0,1042,FNS state total allocated by share of under-130% FPL population
21021,"Boyle County, KY",KY,27902,6297,10342,1433.0,2235.0,1039,FNS state total allocated by share of under-130% FPL population
21231,"Wayne County, KY",KY,19320,6290,9791,1638.0,2088.0,1038,FNS state total allocated by share of under-130% FPL population
36105,"Sullivan County, NY",NY,76778,16050,26202,5383.0,4239.0,1036,FNS state total allocated by share of under-130% FPL population
47099,"Lawrence County, TN",TN,44703,9692,16869,2390.0,2986.0,1031,FNS state total allocated by share of under-130% FPL population
33009,"Grafton County, NH",NH,85408,11147,19364,2364.0,4164.0,1030,FNS state total allocated by share of under-130% FPL population
12049,"Hardee County, FL",FL,23820,7081,10437,2048.0,1998.0,1027,FNS state total allocated by share of under-130% FPL population
05021,"Clay County, AR",AR,14106,3636,5950,607.0,1032.0,1023,FNS state total allocated by share of under-130% FPL population
45037,"Edgefield County, SC",SC,25215,5724,8064,1201.0,1919.0,1023,FNS state total allocated by share of under-130% FPL population
18081,"Johnson County, IN",IN,162877,16861,32640,4075.0,5153.0,1021,FNS state total allocated by share of under-130% FPL population
48505,"Zapata County, TX",TX,13518,5719,8368,1430.0,1755.0,1020,FNS state total allocated by share of under-130% FPL population
21141,"Logan County, KY",KY,27635,6158,10207,1506.0,1826.0,1016,FNS state total allocated by share of under-130% FPL population
39061,"Hamilton County, OH",OH,811927,159054,240610,43374.0,53262.0,1016,FNS state total allocated by share of under-130% FPL population
28057,"Itawamba County, MS",MS,22609,5205,8343,702.0,1604.0,1015,FNS state total allocated by share of under-130% FPL population
51085,"Hanover County, VA",VA,110529,8536,15572,2238.0,2595.0,1014,FNS state total allocated by share of under-130% FPL population
51069,"Frederick County, VA",VA,93220,8530,18204,2070.0,2338.0,1013,FNS state total allocated by share of under-130% FPL population
01115,"St. Clair County, AL",AL,92079,13259,25162,3851.0,3800.0,1010,FNS state total allocated by share of under-130% FPL population
13077,"Coweta County, GA",GA,151741,16054,31304,3861.0,4123.0,1010,FNS state total allocated by share of under-130% FPL population
28031,"Covington County, MS",MS,17837,5176,8211,1309.0,1876.0,1010,FNS state total allocated by share of under-130% FPL population
05049,"Fulton County, AR",AR,12157,3586,5533,609.0,945.0,1009,FNS state total allocated by share of under-130% FPL population
47145,"Roane County, TN",TN,54769,9458,16910,2983.0,3006.0,1006,FNS state total allocated by share of under-130% FPL population
06069,"San Benito County, CA",CA,66961,7225,13914,2169.0,1581.0,999,FNS state total allocated by share of under-130% FPL population
47177,"Warren County, TN",TN,41591,9390,17472,2433.0,2396.0,999,FNS state total allocated by share of under-130% FPL population
51015,"Augusta County, VA",VA,75204,8391,16711,1762.0,2336.0,997,FNS state total allocated by share of under-130% FPL population
13285,"Troup County, GA",GA,68672,15809,26800,5189.0,4584.0,995,FNS state total allocated by share of under-130% FPL population
48185,"Grimes County, TX",TX,27762,5582,9844,1420.0,1410.0,995,FNS state total allocated by share of under-130% FPL population
13117,"Forsyth County, GA",GA,266018,15808,29388,1927.0,4260.0,994,FNS state total allocated by share of under-130% FPL population
37159,"Rowan County, NC",NC,146015,29569,51261,9438.0,9534.0,994,FNS state total allocated by share of under-130% FPL population
30047,"Lake County, MT",MT,32199,7095,11751,1345.0,2095.0,990,FNS state total allocated by share of under-130% FPL population
37151,"Randolph County, NC",NC,144657,29438,52438,8752.0,7937.0,989,FNS state total allocated by share of under-130% FPL population
21137,"Lincoln County, KY",KY,24136,5954,10672,1777.0,1852.0,982,FNS state total allocated by share of under-130% FPL population
47089,"Jefferson County, TN",TN,55204,9214,18021,2360.0,2278.0,980,FNS state total allocated by share of under-130% FPL population
48341,"Moore County, TX",TX,21154,5489,9278,616.0,1106.0,979,FNS state total allocated by share of under-130% FPL population
21217,"Taylor County, KY",KY,25167,5928,9838,1550.0,1706.0,978,FNS state total allocated by share of under-130% FPL population
18053,"Grant County, IN",IN,61022,15898,23964,3698.0,4841.0,963,FNS state total allocated by share of under-130% FPL population
37191,"Wayne County, NC",NC,115809,28655,45298,9310.0,7466.0,963,FNS state total allocated by share of under-130% FPL population
01071,"Jackson County, AL",AL,52285,12629,22144,2690.0,3937.0,962,FNS state total allocated by share of under-130% FPL population
01045,"Dale County, AL",AL,48703,12616,19945,3637.0,3767.0,961,FNS state total allocated by share of under-130% FPL population
27145,"Stearns County, MN",MN,154441,26692,43764,5807.0,8365.0,961,FNS state total allocated by share of under-130% FPL population
13247,"Rockdale County, GA",GA,94479,15250,27083,4187.0,3563.0,959,FNS state total allocated by share of under-130% FPL population
51083,"Halifax County, VA",VA,32733,8072,13537,2815.0,2538.0,959,FNS state total allocated by share of under-130% FPL population
18177,"Wayne County, IN",IN,64324,15796,24966,4080.0,4928.0,957,FNS state total allocated by share of under-130% FPL population
48025,"Bee County, TX",TX,24074,5349,10444,1201.0,1888.0,954,FNS state total allocated by share of under-130% FPL population
20103,"Leavenworth County, KS",KS,78242,8829,16892,1698.0,2801.0,953,FNS state total allocated by share of under-130% FPL population
37035,"Catawba County, NC",NC,160475,28357,48541,7896.0,8166.0,953,FNS state total allocated by share of under-130% FPL population
45001,"Abbeville County, SC",SC,23571,5331,8316,1411.0,1484.0,953,FNS state total allocated by share of under-130% FPL population
48227,"Howard County, TX",TX,28984,5317,9426,1511.0,1756.0,948,FNS state total allocated by share of under-130% FPL population
45049,"Hampton County, SC",SC,17879,5300,8447,1401.0,1592.0,947,FNS state total allocated by share of under-130% FPL population
47105,"Loudon County, TN",TN,58223,8909,15597,1547.0,2658.0,947,FNS state total allocated by share of under-130% FPL population
05137,"Stone County, AR",AR,12457,3347,6259,939.0,1115.0,942,FNS state total allocated by share of under-130% FPL population
36069,"Ontario County, NY",NY,108890,14590,23952,4174.0,4277.0,941,FNS state total allocated by share of under-130% FPL population
47003,"Bedford County, TN",TN,51355,8836,17040,1997.0,2317.0,940,FNS state total allocated by share of under-130% FPL population
18067,"Howard County, IN",IN,82329,15497,27317,4070.0,4884.0,938,FNS state total allocated by share of under-130% FPL population
12007,"Bradford County, FL",FL,24033,6446,8848,1603.0,1708.0,935,FNS state total allocated by share of under-130% FPL population
05061,"Howard County, AR",AR,12411,3314,5611,501.0,1139.0,932,FNS state total allocated by share of under-130% FPL population
36117,"Wayne County, NY",NY,90145,14420,24161,4368.0,4391.0,930,FNS state total allocated by share of under-130% FPL population
48477,"Washington County, TX",TX,34079,5217,8615,1653.0,2345.0,930,FNS state total allocated by share of under-130% FPL population
32031,"Washoe County, NV",NV,489994,72445,125525,20928.0,21465.0,924,FNS state total allocated by share of under-130% FPL population
21027,"Breckinridge County, KY",KY,20433,5526,7644,1314.0,1650.0,912,FNS state total allocated by share of under-130% FPL population
47045,"Dyer County, TN",TN,35931,8573,13470,2336.0,2351.0,912,FNS state total allocated by share of under-130% FPL population
01033,"Colbert County, AL",AL,57416,11953,18633,3515.0,4303.0,910,FNS state total allocated by share of under-130% FPL population
20169,"Saline County, KS",KS,52243,8435,15259,1995.0,3503.0,910,FNS state total allocated by share of under-130% FPL population
30093,"Silver Bow County, MT",MT,34785,6513,11782,2028.0,2411.0,909,FNS state total allocated by share of under-130% FPL population
36011,"Cayuga County, NY",NY,71732,14063,22049,4663.0,4442.0,907,FNS state total allocated by share of under-130% FPL population
20061,"Geary County, KS",KS,34751,8384,14242,1297.0,2224.0,905,FNS state total allocated by share of under-130% FPL population
51171,"Shenandoah County, VA",VA,44519,7622,13803,1852.0,2161.0,905,FNS state total allocated by share of under-130% FPL population
48117,"Deaf Smith County, TX",TX,18187,5070,7871,810.0,996.0,904,FNS state total allocated by share of under-130% FPL population
29021,"Buchanan County, MO",MO,80298,18175,29107,4864.0,5495.0,903,FNS state total allocated by share of under-130% FPL population
06021,"Glenn County, CA",CA,28300,6528,10273,1440.0,1458.0,902,FNS state total allocated by share of under-130% FPL population
51195,"Wise County, VA",VA,32382,7593,12888,3135.0,2538.0,902,FNS state total allocated by share of under-130% FPL population
01031,"Coffee County, AL",AL,54052,11835,18172,2417.0,3519.0,901,FNS state total allocated by share of under-130% FPL population
21157,"Marshall County, KY",KY,31010,5452,9573,1224.0,1721.0,899,FNS state total allocated by share of under-130% FPL population
13179,"Liberty County, GA",GA,64634,14251,25920,3845.0,3778.0,896,FNS state total allocated by share of under-130% FPL population
37097,"Iredell County, NC",NC,194540,26552,47590,6163.0,7891.0,892,FNS state total allocated by share of under-130% FPL population
28141,"Tishomingo County, MS",MS,18343,4566,6995,790.0,1873.0,891,FNS state total allocated by share of under-130% FPL population
45039,"Fairfield County, SC",SC,20249,4981,8379,1879.0,1590.0,890,FNS state total allocated by share of under-130% FPL population
37179,"Union County, NC",NC,247857,26368,51688,6424.0,6224.0,886,FNS state total allocated by share of under-130% FPL population
47143,"Rhea County, TN",TN,33389,8323,14519,2297.0,2435.0,885,FNS state total allocated by share of under-130% FPL population
47079,"Henry County, TN",TN,31918,8316,12962,1762.0,1962.0,884,FNS state total allocated by share of under-130% FPL population
21153,"Magoffin County, KY",KY,11150,5346,6591,1759.0,1859.0,882,FNS state total allocated by share of under-130% FPL population
45061,"Lee County, SC",SC,14979,4934,7452,1741.0,1401.0,882,FNS state total allocated by share of under-130% FPL population
28065,"Jefferson Davis County, MS",MS,11025,4514,6121,976.0,1071.0,881,FNS state total allocated by share of under-130% FPL population
21099,"Hart County, KY",KY,19119,5334,8419,1380.0,1489.0,880,FNS state total allocated by share of under-130% FPL population
49003,"Box Elder County, UT",UT,60824,7591,14646,1087.0,2059.0,880,FNS state total allocated by share of under-130% FPL population
36019,"Clinton County, NY",NY,73050,13570,22768,5663.0,4666.0,876,FNS state total allocated by share of under-130% FPL population
48007,"Aransas County, TX",TX,24666,4903,7682,1071.0,1986.0,874,FNS state total allocated by share of under-130% FPL population
48507,"Zavala County, TX",TX,9357,4901,5858,1329.0,1169.0,874,FNS state total allocated by share of under-130% FPL population
05077,"Lee County, AR",AR,6762,3091,3818,748.0,926.0,870,FNS state total allocated by share of under-130% FPL population
48293,"Limestone County, TX",TX,21500,4872,8841,1390.0,1470.0,869,FNS state total allocated by share of under-130% FPL population
13071,"Colquitt County, GA",GA,45648,13803,21653,3304.0,3419.0,868,FNS state total allocated by share of under-130% FPL population
13175,"Laurens County, GA",GA,49003,13801,20014,3814.0,4309.0,868,FNS state total allocated by share of under-130% FPL population
05053,"Grant County, AR",AR,18096,3071,5022,501.0,869.0,864,FNS state total allocated by share of under-130% FPL population
09140,"Naugatuck Valley Planning Region, CT",CT,449225,66742,110605,26133.0,21572.0,864,FNS state total allocated by share of under-130% FPL population
18063,"Hendricks County, IN",IN,177935,14268,26776,2220.0,4001.0,864,FNS state total allocated by share of under-130% FPL population
21207,"Russell County, KY",KY,17836,5238,8606,1341.0,1766.0,864,FNS state total allocated by share of under-130% FPL population
37085,"Harnett County, NC",NC,135930,25645,43777,7587.0,7057.0,862,FNS state total allocated by share of under-130% FPL population
47183,"Weakley County, TN",TN,30841,8044,12246,1869.0,2447.0,855,FNS state total allocated by share of under-130% FPL population
21025,"Breathitt County, KY",KY,13071,5168,7452,1885.0,1870.0,853,FNS state total allocated by share of under-130% FPL population
20015,"Butler County, KS",KS,65129,7901,15143,1641.0,2390.0,852,FNS state total allocated by share of under-130% FPL population
56033,"Sheridan County, WY",WY,31225,4148,7116,513.0,1770.0,851,FNS state total allocated by share of under-130% FPL population
47043,"Dickson County, TN",TN,55200,7974,13504,2017.0,2389.0,848,FNS state total allocated by share of under-130% FPL population
51001,"Accomack County, VA",VA,32793,7142,12036,1805.0,2219.0,848,FNS state total allocated by share of under-130% FPL population
23031,"York County, ME",ME,213494,22494,38752,7364.0,7706.0,846,FNS state total allocated by share of under-130% FPL population
48177,"Gonzales County, TX",TX,19542,4744,8814,1295.0,1521.0,846,FNS state total allocated by share of under-130% FPL population
21001,"Adair County, KY",KY,17871,5119,7455,1208.0,1423.0,845,FNS state total allocated by share of under-130% FPL population
38101,"Ward County, ND",ND,67199,8126,14519,2025.0,2859.0,845,FNS state total allocated by share of under-130% FPL population
05109,"Pike County, AR",AR,9849,2998,4106,505.0,970.0,843,FNS state total allocated by share of under-130% FPL population
05011,"Bradley County, AR",AR,10110,2980,4709,656.0,980.0,838,FNS state total allocated by share of under-130% FPL population
28023,"Clarke County, MS",MS,15154,4294,6409,952.0,1215.0,838,FNS state total allocated by share of under-130% FPL population
45081,"Saluda County, SC",SC,18932,4691,7474,1065.0,1496.0,838,FNS state total allocated by share of under-130% FPL population
30081,"Ravalli County, MT",MT,46475,5992,12992,1209.0,1666.0,836,FNS state total allocated by share of under-130% FPL population
13013,"Barrow County, GA",GA,89299,13271,27014,2693.0,3016.0,835,FNS state total allocated by share of under-130% FPL population
28061,"Jasper County, MS",MS,15921,4253,6727,1059.0,1382.0,830,FNS state total allocated by share of under-130% FPL population
51173,"Smyth County, VA",VA,28721,6972,12101,2152.0,2272.0,828,FNS state total allocated by share of under-130% FPL population
24047,"Worcester County, MD",MD,52974,7762,12540,2385.0,2431.0,824,FNS state total allocated by share of under-130% FPL population
01009,"Blount County, AL",AL,58872,10764,19056,2731.0,3243.0,820,FNS state total allocated by share of under-130% FPL population
51840,"Winchester city, VA",VA,26755,6896,10267,1340.0,2199.0,819,FNS state total allocated by share of under-130% FPL population
28007,"Attala County, MS",MS,17153,4190,6959,1035.0,1351.0,817,FNS state total allocated by share of under-130% FPL population
47071,"Hardin County, TN",TN,26814,7673,12164,1634.0,2512.0,816,FNS state total allocated by share of under-130% FPL population
48457,"Tyler County, TX",TX,18037,4575,7434,1175.0,1234.0,816,FNS state total allocated by share of under-130% FPL population
51095,"James City County, VA",VA,80057,6861,13884,2072.0,2282.0,815,FNS state total allocated by share of under-130% FPL population
28143,"Tunica County, MS",MS,9253,4168,5243,1077.0,1124.0,813,FNS state total allocated by share of under-130% FPL population
09190,"Western Connecticut Planning Region, CT",CT,620205,62548,106463,16363.0,18709.0,810,FNS state total allocated by share of under-130% FPL population
33005,"Cheshire County, NH",NH,73579,8729,15782,1943.0,2823.0,807,FNS state total allocated by share of under-130% FPL population
28077,"Lawrence County, MS",MS,11724,4129,6357,830.0,980.0,805,FNS state total allocated by share of under-130% FPL population
13295,"Walker County, GA",GA,67002,12782,22555,3154.0,3593.0,804,FNS state total allocated by share of under-130% FPL population
48353,"Nolan County, TX",TX,14061,4507,6711,1160.0,1246.0,804,FNS state total allocated by share of under-130% FPL population
47025,"Claiborne County, TN",TN,31074,7533,13279,2031.0,2613.0,801,FNS state total allocated by share of under-130% FPL population
21045,"Casey County, KY",KY,15530,4820,7603,959.0,1569.0,795,FNS state total allocated by share of under-130% FPL population
47051,"Franklin County, TN",TN,41640,7480,13154,1449.0,2201.0,795,FNS state total allocated by share of under-130% FPL population
18005,"Bartholomew County, IN",IN,82231,13106,22243,2474.0,3928.0,794,FNS state total allocated by share of under-130% FPL population
48225,"Houston County, TX",TX,19385,4441,7526,1425.0,1268.0,792,FNS state total allocated by share of under-130% FPL population
51117,"Mecklenburg County, VA",VA,29552,6652,11390,2281.0,2506.0,790,FNS state total allocated by share of under-130% FPL population
28013,"Calhoun County, MS",MS,12648,4039,5951,736.0,1240.0,788,FNS state total allocated by share of under-130% FPL population
51105,"Lee County, VA",VA,20258,6635,9875,2407.0,2366.0,788,FNS state total allocated by share of under-130% FPL population
47131,"Obion County, TN",TN,30055,7396,11869,1957.0,2329.0,787,FNS state total allocated by share of under-130% FPL population
51061,"Fauquier County, VA",VA,74154,6621,10601,1288.0,1756.0,787,FNS state total allocated by share of under-130% FPL population
28005,"Amite County, MS",MS,12460,4024,6716,889.0,1630.0,785,FNS state total allocated by share of under-130% FPL population
01053,"Escambia County, AL",AL,34030,10282,15609,1942.0,2808.0,783,FNS state total allocated by share of under-130% FPL population
48259,"Kendall County, TX",TX,47818,4393,8468,795.0,1173.0,783,FNS state total allocated by share of under-130% FPL population
05017,"Chicot County, AR",AR,9025,2770,4639,664.0,1021.0,779,FNS state total allocated by share of under-130% FPL population
30035,"Glacier County, MT",MT,13415,5567,7779,1023.0,1221.0,777,FNS state total allocated by share of under-130% FPL population
05081,"Little River County, AR",AR,11568,2750,4902,537.0,851.0,774,FNS state total allocated by share of under-130% FPL population
21203,"Rockcastle County, KY",KY,15732,4694,7191,1434.0,1731.0,774,FNS state total allocated by share of under-130% FPL population
23001,"Androscoggin County, ME",ME,109060,20580,34050,7885.0,6518.0,774,FNS state total allocated by share of under-130% FPL population
48179,"Gray County, TX",TX,19315,4341,7617,1107.0,1204.0,774,FNS state total allocated by share of under-130% FPL population
01039,"Covington County, AL",AL,36994,10137,16029,2082.0,2937.0,772,FNS state total allocated by share of under-130% FPL population
24019,"Dorchester County, MD",MD,32261,7268,11365,2849.0,2255.0,772,FNS state total allocated by share of under-130% FPL population
21069,"Fleming County, KY",KY,15265,4650,6919,1192.0,1313.0,767,FNS state total allocated by share of under-130% FPL population
48145,"Falls County, TX",TX,15293,4304,6236,835.0,1054.0,767,FNS state total allocated by share of under-130% FPL population
21167,"Mercer County, KY",KY,22734,4602,6891,1004.0,1051.0,759,FNS state total allocated by share of under-130% FPL population
56029,"Park County, WY",WY,29560,3696,8541,474.0,1089.0,758,FNS state total allocated by share of under-130% FPL population
21127,"Lawrence County, KY",KY,15943,4584,7191,1621.0,1556.0,756,FNS state total allocated by share of under-130% FPL population
21155,"Marion County, KY",KY,18993,4584,7150,1183.0,1362.0,756,FNS state total allocated by share of under-130% FPL population
37135,"Orange County, NC",NC,138079,22402,34238,3352.0,7359.0,753,FNS state total allocated by share of under-130% FPL population
13069,"Coffee County, GA",GA,39625,11961,18210,3067.0,3796.0,752,FNS state total allocated by share of under-130% FPL population
12123,"Taylor County, FL",FL,18888,5171,8801,1351.0,1350.0,750,FNS state total allocated by share of under-130% FPL population
29031,"Cape Girardeau County, MO",MO,78993,15092,25324,3166.0,4743.0,750,FNS state total allocated by share of under-130% FPL population
22033,"East Baton Rouge Parish, LA",LA,437539,107382,160109,28210.0,34153.0,749,FNS state total allocated by share of under-130% FPL population
23011,"Kennebec County, ME",ME,122546,19877,35628,7402.0,6494.0,747,FNS state total allocated by share of under-130% FPL population
51035,"Carroll County, VA",VA,28897,6278,10980,1903.0,1971.0,746,FNS state total allocated by share of under-130% FPL population
16053,"Jerome County, ID",ID,24970,5068,9544,626.0,1106.0,745,FNS state total allocated by share of under-130% FPL population
21183,"Ohio County, KY",KY,23269,4511,9399,1223.0,1183.0,744,FNS state total allocated by share of under-130% FPL population
47077,"Henderson County, TN",TN,27511,6998,11943,1802.0,1883.0,744,FNS state total allocated by share of under-130% FPL population
01001,"Autauga County, AL",AL,59480,9737,17108,2116.0,2287.0,742,FNS state total allocated by share of under-130% FPL population
37045,"Cleveland County, NC",NC,99001,22089,39242,8280.0,6293.0,742,FNS state total allocated by share of under-130% FPL population
21185,"Oldham County, KY",KY,65236,4493,8365,774.0,1314.0,741,FNS state total allocated by share of under-130% FPL population
49045,"Tooele County, UT",UT,78583,6389,14724,1632.0,1340.0,741,FNS state total allocated by share of under-130% FPL population
51187,"Warren County, VA",VA,40485,6237,11184,1609.0,1743.0,741,FNS state total allocated by share of under-130% FPL population
51155,"Pulaski County, VA",VA,32448,6219,10005,2239.0,2158.0,739,FNS state total allocated by share of under-130% FPL population
21081,"Grant County, KY",KY,25067,4461,7915,1128.0,1360.0,736,FNS state total allocated by share of under-130% FPL population
46102,"Oglala Lakota County, SD",SD,13165,8235,10484,1446.0,1532.0,734,FNS state total allocated by share of under-130% FPL population
48219,"Hockley County, TX",TX,20814,4118,7975,946.0,1173.0,734,FNS state total allocated by share of under-130% FPL population
51109,"Louisa County, VA",VA,39766,6161,10464,1774.0,1628.0,732,FNS state total allocated by share of under-130% FPL population
48127,"Dimmit County, TX",TX,8247,4100,5141,774.0,1187.0,731,FNS state total allocated by share of under-130% FPL population
21163,"Meade County, KY",KY,29887,4422,8004,1261.0,1463.0,730,FNS state total allocated by share of under-130% FPL population
37195,"Wilson County, NC",NC,78000,21726,32079,6000.0,6292.0,730,FNS state total allocated by share of under-130% FPL population
47017,"Carroll County, TN",TN,27535,6860,10616,1438.0,1911.0,730,FNS state total allocated by share of under-130% FPL population
20125,"Montgomery County, KS",KS,30025,6742,11680,1510.0,2218.0,727,FNS state total allocated by share of under-130% FPL population
28131,"Stone County, MS",MS,18213,3720,6155,1040.0,1077.0,726,FNS state total allocated by share of under-130% FPL population
01021,"Chilton County, AL",AL,45391,9524,16406,2613.0,2584.0,725,FNS state total allocated by share of under-130% FPL population
40027,"Cleveland County, OK",OK,286964,49963,84791,11590.0,14569.0,725,FNS state total allocated by share of under-130% FPL population
51670,"Hopewell city, VA",VA,22729,6098,9227,2321.0,2010.0,724,FNS state total allocated by share of under-130% FPL population
12133,"Washington County, FL",FL,22900,4976,8574,1154.0,1506.0,721,FNS state total allocated by share of under-130% FPL population
20111,"Lyon County, KS",KS,31194,6674,11069,873.0,1976.0,720,FNS state total allocated by share of under-130% FPL population
47047,"Fayette County, TN",TN,42807,6750,10726,1663.0,1859.0,718,FNS state total allocated by share of under-130% FPL population
21161,"Mason County, KY",KY,16675,4347,6875,1467.0,1560.0,717,FNS state total allocated by share of under-130% FPL population
22071,"Orleans Parish, LA",LA,358660,102791,145947,28835.0,35297.0,717,FNS state total allocated by share of under-130% FPL population
20057,"Ford County, KS",KS,33089,6625,12640,870.0,1495.0,715,FNS state total allocated by share of under-130% FPL population
21119,"Knott County, KY",KY,13341,4324,6668,1289.0,1262.0,713,FNS state total allocated by share of under-130% FPL population
20035,"Cowley County, KS",KS,32118,6603,11729,1556.0,1967.0,712,FNS state total allocated by share of under-130% FPL population
20051,"Ellis County, KS",KS,27466,6595,9991,736.0,2353.0,712,FNS state total allocated by share of under-130% FPL population
06015,"Del Norte County, CA",CA,24745,5141,8674,2171.0,1310.0,711,FNS state total allocated by share of under-130% FPL population
16039,"Elmore County, ID",ID,28062,4832,9117,858.0,1053.0,710,FNS state total allocated by share of under-130% FPL population
16051,"Jefferson County, ID",ID,32974,4823,9743,762.0,1097.0,709,FNS state total allocated by share of under-130% FPL population
47151,"Scott County, TN",TN,21696,6668,10746,1973.0,2184.0,709,FNS state total allocated by share of under-130% FPL population
48123,"DeWitt County, TX",TX,18199,3979,7003,818.0,1330.0,709,FNS state total allocated by share of under-130% FPL population
21003,"Allen County, KY",KY,20974,4264,7171,1131.0,962.0,703,FNS state total allocated by share of under-130% FPL population
37019,"Brunswick County, NC",NC,151157,20907,37147,5908.0,6660.0,703,FNS state total allocated by share of under-130% FPL population
21097,"Harrison County, KY",KY,18863,4256,6419,1157.0,1283.0,702,FNS state total allocated by share of under-130% FPL population
27163,"Washington County, MN",MN,273029,19503,37600,4312.0,5816.0,702,FNS state total allocated by share of under-130% FPL population
28135,"Tallahatchie County, MS",MS,11163,3598,5902,990.0,1029.0,702,FNS state total allocated by share of under-130% FPL population
51167,"Russell County, VA",VA,25284,5910,10228,2331.0,1745.0,702,FNS state total allocated by share of under-130% FPL population
29187,"St. Francois County, MO",MO,61571,14085,23806,3863.0,3859.0,700,FNS state total allocated by share of under-130% FPL population
36043,"Herkimer County, NY",NY,58755,10816,18063,3806.0,3472.0,698,FNS state total allocated by share of under-130% FPL population
13275,"Thomas County, GA",GA,45304,11074,16619,3820.0,3060.0,697,FNS state total allocated by share of under-130% FPL population
01109,"Pike County, AL",AL,30343,9142,13638,2135.0,2785.0,696,FNS state total allocated by share of under-130% FPL population
13277,"Tift County, GA",GA,39426,11059,17956,2763.0,2993.0,696,FNS state total allocated by share of under-130% FPL population
48365,"Panola County, TX",TX,22290,3905,6869,969.0,1104.0,696,FNS state total allocated by share of under-130% FPL population
13009,"Baldwin County, GA",GA,38274,11043,16036,2679.0,3731.0,695,FNS state total allocated by share of under-130% FPL population
48163,"Frio County, TX",TX,16306,3896,5829,1281.0,1183.0,695,FNS state total allocated by share of under-130% FPL population
47109,"McNairy County, TN",TN,25568,6528,10004,1510.0,1731.0,694,FNS state total allocated by share of under-130% FPL population
29071,"Franklin County, MO",MO,104520,13950,27045,3050.0,3652.0,693,FNS state total allocated by share of under-130% FPL population
47115,"Marion County, TN",TN,28966,6520,10807,1728.0,1976.0,693,FNS state total allocated by share of under-130% FPL population
34041,"Warren County, NJ",NJ,109443,11868,19728,3363.0,3883.0,692,FNS state total allocated by share of under-130% FPL population
51169,"Scott County, VA",VA,20701,5826,8544,2113.0,2150.0,692,FNS state total allocated by share of under-130% FPL population
21017,"Bourbon County, KY",KY,20061,4191,6326,1213.0,1481.0,691,FNS state total allocated by share of under-130% FPL population
51047,"Culpeper County, VA",VA,52594,5813,11058,1849.0,1451.0,691,FNS state total allocated by share of under-130% FPL population
48331,"Milam County, TX",TX,25039,3869,7749,1135.0,1341.0,690,FNS state total allocated by share of under-130% FPL population
48299,"Llano County, TX",TX,22175,3865,6950,811.0,1095.0,689,FNS state total allocated by share of under-130% FPL population
28161,"Yalobusha County, MS",MS,12150,3527,6075,588.0,1096.0,688,FNS state total allocated by share of under-130% FPL population
51027,"Buchanan County, VA",VA,18183,5782,9521,2056.0,1876.0,687,FNS state total allocated by share of under-130% FPL population
28103,"Noxubee County, MS",MS,9853,3518,5671,1235.0,1199.0,686,FNS state total allocated by share of under-130% FPL population
48003,"Andrews County, TX",TX,18419,3846,5857,891.0,1150.0,686,FNS state total allocated by share of under-130% FPL population
49039,"Sanpete County, UT",UT,26938,5920,11128,647.0,1051.0,686,FNS state total allocated by share of under-130% FPL population
24011,"Caroline County, MD",MD,33177,6445,11379,2202.0,1500.0,685,FNS state total allocated by share of under-130% FPL population
16031,"Cassia County, ID",ID,25130,4642,9257,779.0,1051.0,682,FNS state total allocated by share of under-130% FPL population
21197,"Powell County, KY",KY,12652,4136,6034,1100.0,1348.0,682,FNS state total allocated by share of under-130% FPL population
48337,"Montague County, TX",TX,20767,3823,6921,837.0,1357.0,682,FNS state total allocated by share of under-130% FPL population
13129,"Gordon County, GA",GA,58439,10816,21460,2182.0,2611.0,680,FNS state total allocated by share of under-130% FPL population
20055,"Finney County, KS",KS,37313,6306,10978,1503.0,1493.0,680,FNS state total allocated by share of under-130% FPL population
05129,"Searcy County, AR",AR,7750,2412,4098,402.0,773.0,679,FNS state total allocated by share of under-130% FPL population
47097,"Lauderdale County, TN",TN,22619,6387,9811,2117.0,2215.0,679,FNS state total allocated by share of under-130% FPL population
51197,"Wythe County, VA",VA,27862,5686,9944,1651.0,2135.0,675,FNS state total allocated by share of under-130% FPL population
01059,"Franklin County, AL",AL,31559,8849,13824,2386.0,2312.0,674,FNS state total allocated by share of under-130% FPL population
37157,"Rockingham County, NC",NC,90153,20059,33906,7022.0,6501.0,674,FNS state total allocated by share of under-130% FPL population
05105,"Perry County, AR",AR,9997,2393,4019,355.0,661.0,673,FNS state total allocated by share of under-130% FPL population
19153,"Polk County, IA",IA,494334,71791,121569,20165.0,20265.0,672,FNS state total allocated by share of under-130% FPL population
36021,"Columbia County, NY",NY,59845,10382,15836,2592.0,3119.0,670,FNS state total allocated by share of under-130% FPL population
18085,"Kosciusko County, IN",IN,78737,11045,20957,1652.0,3194.0,669,FNS state total allocated by share of under-130% FPL population
05127,"Scott County, AR",AR,9728,2370,4726,501.0,887.0,667,FNS state total allocated by share of under-130% FPL population
09120,"Greater Bridgeport Planning Region, CT",CT,320005,51406,82778,16948.0,15253.0,666,FNS state total allocated by share of under-130% FPL population
22051,"Jefferson Parish, LA",LA,427493,95146,148140,24876.0,28620.0,664,FNS state total allocated by share of under-130% FPL population
06105,"Trinity County, CA",CA,15734,4796,7253,619.0,1015.0,663,FNS state total allocated by share of under-130% FPL population
47111,"Macon County, TN",TN,25872,6239,10443,1663.0,1459.0,663,FNS state total allocated by share of under-130% FPL population
13157,"Jackson County, GA",GA,83924,10525,21853,2125.0,2172.0,662,FNS state total allocated by share of under-130% FPL population
12079,"Madison County, FL",FL,16408,4540,8423,1197.0,1455.0,658,FNS state total allocated by share of under-130% FPL population
13047,"Catoosa County, GA",GA,67967,10416,19886,3146.0,2750.0,655,FNS state total allocated by share of under-130% FPL population
48371,"Pecos County, TX",TX,12708,3672,4910,705.0,963.0,655,FNS state total allocated by share of under-130% FPL population
05097,"Montgomery County, AR",AR,8449,2326,4074,373.0,892.0,654,FNS state total allocated by share of under-130% FPL population
37089,"Henderson County, NC",NC,117036,19421,33951,4687.0,5847.0,653,FNS state total allocated by share of under-130% FPL population
47185,"White County, TN",TN,27812,6142,11596,1463.0,1472.0,653,FNS state total allocated by share of under-130% FPL population
21079,"Garrard County, KY",KY,17394,3953,6581,830.0,991.0,652,FNS state total allocated by share of under-130% FPL population
16075,"Payette County, ID",ID,26505,4430,9874,1516.0,1024.0,651,FNS state total allocated by share of under-130% FPL population
48019,"Bandera County, TX",TX,21663,3648,6358,670.0,1212.0,650,FNS state total allocated by share of under-130% FPL population
33001,"Belknap County, NH",NH,63634,7026,12192,1812.0,2475.0,649,FNS state total allocated by share of under-130% FPL population
48503,"Young County, TX",TX,17779,3627,5821,863.0,1111.0,647,FNS state total allocated by share of under-130% FPL population
18043,"Floyd County, IN",IN,79363,10655,17389,2417.0,3396.0,645,FNS state total allocated by share of under-130% FPL population
21005,"Anderson County, KY",KY,24206,3908,7440,724.0,967.0,645,FNS state total allocated by share of under-130% FPL population
21213,"Simpson County, KY",KY,19493,3907,6749,955.0,1516.0,645,FNS state total allocated by share of under-130% FPL population
28097,"Montgomery County, MS",MS,9441,3306,4606,831.0,1116.0,645,FNS state total allocated by share of under-130% FPL population
39113,"Montgomery County, OH",OH,519255,100750,164729,31126.0,34019.0,644,FNS state total allocated by share of under-130% FPL population
49047,"Uintah County, UT",UT,36539,5553,11602,1603.0,1562.0,644,FNS state total allocated by share of under-130% FPL population
04012,"La Paz County, AZ",AZ,16517,4204,6803,1036.0,1678.0,643,FNS state total allocated by share of under-130% FPL population
45009,"Bamberg County, SC",SC,12282,3597,5633,1117.0,1269.0,643,FNS state total allocated by share of under-130% FPL population
13299,"Ware County, GA",GA,33751,10172,15483,2835.0,3107.0,640,FNS state total allocated by share of under-130% FPL population
47103,"Lincoln County, TN",TN,35408,6000,11152,1273.0,2110.0,638,FNS state total allocated by share of under-130% FPL population
48445,"Terry County, TX",TX,10860,3577,5799,1146.0,725.0,638,FNS state total allocated by share of under-130% FPL population
48233,"Hutchinson County, TX",TX,19904,3570,6121,478.0,978.0,637,FNS state total allocated by share of under-130% FPL population
28147,"Walthall County, MS",MS,13609,3261,5669,1103.0,1228.0,636,FNS state total allocated by share of under-130% FPL population
12029,"Dixie County, FL",FL,15416,4378,6621,1075.0,1250.0,635,FNS state total allocated by share of under-130% FPL population
36057,"Montgomery County, NY",NY,48739,9838,15262,3014.0,2923.0,635,FNS state total allocated by share of under-130% FPL population
56041,"Uinta County, WY",WY,20345,3093,5729,528.0,781.0,635,FNS state total allocated by share of under-130% FPL population
36033,"Franklin County, NY",NY,42965,9806,15062,3410.0,3248.0,633,FNS state total allocated by share of under-130% FPL population
51149,"Prince George County, VA",VA,34886,5331,8926,1425.0,1203.0,633,FNS state total allocated by share of under-130% FPL population
21159,"Martin County, KY",KY,9628,3831,5358,1125.0,1235.0,632,FNS state total allocated by share of under-130% FPL population
28129,"Smith County, MS",MS,13977,3235,5505,506.0,1018.0,631,FNS state total allocated by share of under-130% FPL population
36035,"Fulton County, NY",NY,51509,9756,16616,3521.0,2820.0,630,FNS state total allocated by share of under-130% FPL population
51199,"York County, VA",VA,69267,5303,9830,965.0,1734.0,630,FNS state total allocated by share of under-130% FPL population
27109,"Olmsted County, MN",MN,161772,17466,29415,4550.0,5461.0,629,FNS state total allocated by share of under-130% FPL population
02110,"Juneau City and Borough, AK",AK,31099,3338,5476,840.0,963.0,628,FNS state total allocated by share of under-130% FPL population
21135,"Lewis County, KY",KY,12826,3804,6524,1146.0,1024.0,628,FNS state total allocated by share of under-130% FPL population
36077,"Otsego County, NY",NY,55059,9729,17102,2285.0,2738.0,628,FNS state total allocated by share of under-130% FPL population
01123,"Tallapoosa County, AL",AL,40144,8229,15071,2264.0,2894.0,627,FNS state total allocated by share of under-130% FPL population
21065,"Estill County, KY",KY,13771,3793,6793,1540.0,1470.0,626,FNS state total allocated by share of under-130% FPL population
48133,"Eastland County, TX",TX,17155,3511,6503,851.0,1185.0,626,FNS state total allocated by share of under-130% FPL population
51683,"Manassas city, VA",VA,42539,5271,9326,899.0,1178.0,626,FNS state total allocated by share of under-130% FPL population
02158,"Kusilvak Census Area, AK",AK,8090,3287,5160,984.0,656.0,619,FNS state total allocated by share of under-130% FPL population
21011,"Bath County, KY",KY,12710,3752,5561,919.0,1065.0,619,FNS state total allocated by share of under-130% FPL population
36113,"Warren County, NY",NY,64516,9599,16023,2940.0,3057.0,619,FNS state total allocated by share of under-130% FPL population
34009,"Cape May County, NJ",NJ,93765,10591,18749,3380.0,4295.0,617,FNS state total allocated by share of under-130% FPL population
28021,"Claiborne County, MS",MS,7545,3160,4279,712.0,952.0,616,FNS state total allocated by share of under-130% FPL population
34037,"Sussex County, NJ",NJ,144644,10544,20171,1808.0,3244.0,615,FNS state total allocated by share of under-130% FPL population
13113,"Fayette County, GA",GA,121351,9759,18040,2145.0,2826.0,614,FNS state total allocated by share of under-130% FPL population
30041,"Hill County, MT",MT,15796,4400,6758,810.0,1129.0,614,FNS state total allocated by share of under-130% FPL population
06035,"Lassen County, CA",CA,23868,4435,7925,1239.0,1278.0,613,FNS state total allocated by share of under-130% FPL population
37049,"Craven County, NC",NC,98127,18239,30555,6015.0,6075.0,613,FNS state total allocated by share of under-130% FPL population
30053,"Lincoln County, MT",MT,20944,4375,8146,1112.0,1507.0,610,FNS state total allocated by share of under-130% FPL population
01017,"Chambers County, AL",AL,33446,7993,14283,2184.0,2537.0,609,FNS state total allocated by share of under-130% FPL population
29145,"Newton County, MO",MO,58759,12237,20938,2727.0,2848.0,608,FNS state total allocated by share of under-130% FPL population
34033,"Salem County, NJ",NJ,64022,10436,16973,3099.0,3080.0,608,FNS state total allocated by share of under-130% FPL population
21239,"Woodford County, KY",KY,26633,3677,6875,922.0,1152.0,607,FNS state total allocated by share of under-130% FPL population
37023,"Burke County, NC",NC,85428,18064,30029,5202.0,5360.0,607,FNS state total allocated by share of under-130% FPL population
16067,"Minidoka County, ID",ID,22151,4110,7213,900.0,1323.0,604,FNS state total allocated by share of under-130% FPL population
21109,"Jackson County, KY",KY,12896,3648,6195,1565.0,1306.0,602,FNS state total allocated by share of under-130% FPL population
21221,"Trigg County, KY",KY,14224,3643,5587,663.0,1095.0,601,FNS state total allocated by share of under-130% FPL population
24009,"Calvert County, MD",MD,93877,5640,10762,1696.0,1549.0,599,FNS state total allocated by share of under-130% FPL population
36051,"Livingston County, NY",NY,56841,9284,15732,2552.0,2580.0,599,FNS state total allocated by share of under-130% FPL population
48289,"Leon County, TX",TX,16183,3355,5831,551.0,1121.0,598,FNS state total allocated by share of under-130% FPL population
39095,"Lucas County, OH",OH,419352,93420,146071,29998.0,32657.0,597,FNS state total allocated by share of under-130% FPL population
51009,"Amherst County, VA",VA,30587,5022,9193,1327.0,1395.0,597,FNS state total allocated by share of under-130% FPL population
21171,"Monroe County, KY",KY,11123,3611,4928,720.0,1068.0,596,FNS state total allocated by share of under-130% FPL population
29023,"Butler County, MO",MO,41159,11975,19764,3366.0,3565.0,595,FNS state total allocated by share of under-130% FPL population
21123,"Larue County, KY",KY,14839,3602,5202,789.0,1051.0,594,FNS state total allocated by share of under-130% FPL population
48161,"Freestone County, TX",TX,18582,3327,6888,1050.0,1059.0,593,FNS state total allocated by share of under-130% FPL population
48281,"Lampasas County, TX",TX,22500,3327,6244,733.0,781.0,593,FNS state total allocated by share of under-130% FPL population
47117,"Marshall County, TN",TN,35545,5548,9956,905.0,1653.0,590,FNS state total allocated by share of under-130% FPL population
48131,"Duval County, TX",TX,9056,3310,4391,759.0,784.0,590,FNS state total allocated by share of under-130% FPL population
48171,"Gillespie County, TX",TX,27121,3310,6335,417.0,1316.0,590,FNS state total allocated by share of under-130% FPL population
13039,"Camden County, GA",GA,54780,9350,16850,2278.0,2506.0,588,FNS state total allocated by share of under-130% FPL population
39153,"Summit County, OH",OH,529215,92119,152079,32721.0,30028.0,588,FNS state total allocated by share of under-130% FPL population
47057,"Grainger County, TN",TN,24077,5506,9239,1350.0,1777.0,586,FNS state total allocated by share of under-130% FPL population
48351,"Newton County, TX",TX,11921,3275,5311,687.0,947.0,584,FNS state total allocated by share of under-130% FPL population
05079,"Lincoln County, AR",AR,8701,2072,3160,458.0,680.0,583,FNS state total allocated by share of under-130% FPL population
48089,"Colorado County, TX",TX,20599,3272,5533,757.0,902.0,583,FNS state total allocated by share of under-130% FPL population
48063,"Camp County, TX",TX,12727,3265,5313,800.0,833.0,582,FNS state total allocated by share of under-130% FPL population
21131,"Leslie County, KY",KY,9732,3519,5172,1232.0,1292.0,581,FNS state total allocated by share of under-130% FPL population
29213,"Taney County, MO",MO,54805,11699,21033,2593.0,3403.0,581,FNS state total allocated by share of under-130% FPL population
48051,"Burleson County, TX",TX,18650,3256,4927,941.0,1075.0,581,FNS state total allocated by share of under-130% FPL population
36003,"Allegany County, NY",NY,42225,8967,14842,2813.0,2918.0,579,FNS state total allocated by share of under-130% FPL population
36053,"Madison County, NY",NY,61531,8956,16205,3056.0,2915.0,578,FNS state total allocated by share of under-130% FPL population
47069,"Hardeman County, TN",TN,21792,5425,9631,1759.0,1878.0,577,FNS state total allocated by share of under-130% FPL population
48165,"Gaines County, TX",TX,22037,3237,8375,539.0,622.0,577,FNS state total allocated by share of under-130% FPL population
13103,"Effingham County, GA",GA,68690,9138,15618,1892.0,1808.0,575,FNS state total allocated by share of under-130% FPL population
21031,"Butler County, KY",KY,12025,3488,5330,806.0,932.0,575,FNS state total allocated by share of under-130% FPL population
21103,"Henry County, KY",KY,15750,3482,5611,720.0,1003.0,574,FNS state total allocated by share of under-130% FPL population
31153,"Sarpy County, NE",NE,195756,16371,31862,3519.0,4643.0,571,FNS state total allocated by share of under-130% FPL population
36025,"Delaware County, NY",NY,42347,8845,14137,2390.0,2810.0,571,FNS state total allocated by share of under-130% FPL population
21175,"Morgan County, KY",KY,12339,3454,5780,907.0,986.0,570,FNS state total allocated by share of under-130% FPL population
37127,"Nash County, NC",NC,94393,16957,30612,7087.0,5133.0,570,FNS state total allocated by share of under-130% FPL population
48285,"Lavaca County, TX",TX,20119,3194,6293,705.0,942.0,569,FNS state total allocated by share of under-130% FPL population
28053,"Humphreys County, MS",MS,7320,2899,4534,823.0,742.0,566,FNS state total allocated by share of under-130% FPL population
48395,"Robertson County, TX",TX,16957,3173,5673,1048.0,1074.0,566,FNS state total allocated by share of under-130% FPL population
28111,"Perry County, MS",MS,11169,2895,5325,462.0,825.0,565,FNS state total allocated by share of under-130% FPL population
37171,"Surry County, NC",NC,70337,16811,27318,5839.0,5473.0,565,FNS state total allocated by share of under-130% FPL population
47049,"Fentress County, TN",TN,18986,5310,9128,1763.0,1813.0,565,FNS state total allocated by share of under-130% FPL population
13233,"Polk County, GA",GA,43101,8944,17282,2743.0,2833.0,563,FNS state total allocated by share of under-130% FPL population
28063,"Jefferson County, MS",MS,6694,2888,3745,533.0,801.0,563,FNS state total allocated by share of under-130% FPL population
06011,"Colusa County, CA",CA,21651,4063,6814,1229.0,1089.0,562,FNS state total allocated by share of under-130% FPL population
37107,"Lenoir County, NC",NC,53999,16719,25742,6384.0,5169.0,562,FNS state total allocated by share of under-130% FPL population
30003,"Big Horn County, MT",MT,12589,4016,6550,671.0,577.0,560,FNS state total allocated by share of under-130% FPL population
47041,"DeKalb County, TN",TN,20656,5264,8651,1145.0,1573.0,560,FNS state total allocated by share of under-130% FPL population
24041,"Talbot County, MD",MD,37467,5256,8853,1692.0,1603.0,558,FNS state total allocated by share of under-130% FPL population
47055,"Giles County, TN",TN,29817,5247,9987,1374.0,1656.0,558,FNS state total allocated by share of under-130% FPL population
21087,"Green County, KY",KY,11203,3371,5152,871.0,1054.0,556,FNS state total allocated by share of under-130% FPL population
13087,"Decatur County, GA",GA,28084,8820,13864,2417.0,2373.0,555,FNS state total allocated by share of under-130% FPL population
48253,"Jones County, TX",TX,14483,3115,5556,871.0,958.0,555,FNS state total allocated by share of under-130% FPL population
02180,"Nome Census Area, AK",AK,9586,2942,4671,828.0,540.0,554,FNS state total allocated by share of under-130% FPL population
06005,"Amador County, CA",CA,37999,4009,7453,1575.0,1806.0,554,FNS state total allocated by share of under-130% FPL population
36079,"Putnam County, NY",NY,97023,8577,14227,1152.0,2239.0,553,FNS state total allocated by share of under-130% FPL population
51750,"Radford city, VA",VA,13621,4659,6364,730.0,1604.0,553,FNS state total allocated by share of under-130% FPL population
13305,"Wayne County, GA",GA,29066,8780,12883,2235.0,2271.0,552,FNS state total allocated by share of under-130% FPL population
18109,"Morgan County, IN",IN,71649,9110,18290,2209.0,2629.0,552,FNS state total allocated by share of under-130% FPL population
12129,"Wakulla County, FL",FL,32273,3804,7378,1557.0,1050.0,551,FNS state total allocated by share of under-130% FPL population
48487,"Wilbarger County, TX",TX,12148,3088,5044,673.0,620.0,551,FNS state total allocated by share of under-130% FPL population
48287,"Lee County, TX",TX,17524,3081,5517,829.0,867.0,549,FNS state total allocated by share of under-130% FPL population
21237,"Wolfe County, KY",KY,6291,3323,4407,976.0,910.0,548,FNS state total allocated by share of under-130% FPL population
29037,"Cass County, MO",MO,109326,11037,21844,2299.0,2751.0,548,FNS state total allocated by share of under-130% FPL population
05099,"Nevada County, AR",AR,7989,1946,3419,327.0,536.0,547,FNS state total allocated by share of under-130% FPL population
13137,"Habersham County, GA",GA,45355,8697,14746,2250.0,2457.0,547,FNS state total allocated by share of under-130% FPL population
29043,"Christian County, MO",MO,92072,11007,21191,2235.0,3120.0,547,FNS state total allocated by share of under-130% FPL population
33019,"Sullivan County, NH",NH,42915,5916,11145,1371.0,1738.0,547,FNS state total allocated by share of under-130% FPL population
48149,"Fayette County, TX",TX,24569,3068,5530,768.0,1115.0,547,FNS state total allocated by share of under-130% FPL population
47133,"Overton County, TN",TN,22638,5121,10255,1067.0,1714.0,545,FNS state total allocated by share of under-130% FPL population
05147,"Woodruff County, AR",AR,5858,1930,2684,535.0,774.0,543,FNS state total allocated by share of under-130% FPL population
49007,"Carbon County, UT",UT,20210,4687,7836,1135.0,1338.0,543,FNS state total allocated by share of under-130% FPL population
48455,"Trinity County, TX",TX,13813,3036,5125,1005.0,1228.0,541,FNS state total allocated by share of under-130% FPL population
37027,"Caldwell County, NC",NC,79527,16075,28956,4717.0,4602.0,540,FNS state total allocated by share of under-130% FPL population
12059,"Holmes County, FL",FL,17671,3720,8173,1000.0,1119.0,539,FNS state total allocated by share of under-130% FPL population
36115,"Washington County, NY",NY,57792,8339,15539,2955.0,2717.0,538,FNS state total allocated by share of under-130% FPL population
46013,"Brown County, SD",SD,36800,6040,10264,1441.0,2067.0,538,FNS state total allocated by share of under-130% FPL population
20009,"Barton County, KS",KS,24591,4978,9050,724.0,1497.0,537,FNS state total allocated by share of under-130% FPL population
29165,"Platte County, MO",MO,109251,10803,20315,1857.0,3354.0,537,FNS state total allocated by share of under-130% FPL population
48387,"Red River County, TX",TX,11429,3011,5126,938.0,876.0,537,FNS state total allocated by share of under-130% FPL population
36017,"Chenango County, NY",NY,45468,8283,15358,2874.0,2522.0,534,FNS state total allocated by share of under-130% FPL population
48343,"Morris County, TX",TX,11834,2994,5208,665.0,911.0,534,FNS state total allocated by share of under-130% FPL population
29091,"Howell County, MO",MO,39608,10731,18469,2232.0,3395.0,533,FNS state total allocated by share of under-130% FPL population
36107,"Tioga County, NY",NY,47258,8248,13710,2730.0,2654.0,532,FNS state total allocated by share of under-130% FPL population
51147,"Prince Edward County, VA",VA,17307,4469,6859,1314.0,1699.0,531,FNS state total allocated by share of under-130% FPL population
51790,"Staunton city, VA",VA,24234,4470,7744,1467.0,1388.0,531,FNS state total allocated by share of under-130% FPL population
37189,"Watauga County, NC",NC,48694,15782,21177,1589.0,5115.0,530,FNS state total allocated by share of under-130% FPL population
51137,"Orange County, VA",VA,37291,4458,6897,1126.0,1416.0,530,FNS state total allocated by share of under-130% FPL population
51820,"Waynesboro city, VA",VA,22611,4460,7685,1402.0,1260.0,530,FNS state total allocated by share of under-130% FPL population
37163,"Sampson County, NC",NC,58224,15742,24602,4361.0,4304.0,529,FNS state total allocated by share of under-130% FPL population
12003,"Baker County, FL",FL,25827,3644,6521,1535.0,1145.0,528,FNS state total allocated by share of under-130% FPL population
30085,"Roosevelt County, MT",MT,10172,3782,5171,392.0,782.0,528,FNS state total allocated by share of under-130% FPL population
46011,"Brookings County, SD",SD,32190,5919,9773,610.0,1983.0,527,FNS state total allocated by share of under-130% FPL population
48115,"Dawson County, TX",TX,10289,2955,4768,791.0,859.0,527,FNS state total allocated by share of under-130% FPL population
51033,"Caroline County, VA",VA,31027,4437,7994,1605.0,1152.0,527,FNS state total allocated by share of under-130% FPL population
36037,"Genesee County, NY",NY,56599,8102,15290,3374.0,2886.0,523,FNS state total allocated by share of under-130% FPL population
01061,"Geneva County, AL",AL,26613,6850,11799,1945.0,1867.0,522,FNS state total allocated by share of under-130% FPL population
47021,"Cheatham County, TN",TN,41456,4912,9529,957.0,1355.0,522,FNS state total allocated by share of under-130% FPL population
01093,"Marion County, AL",AL,28563,6839,11281,1841.0,2010.0,521,FNS state total allocated by share of under-130% FPL population
21225,"Union County, KY",KY,13043,3141,5103,523.0,818.0,518,FNS state total allocated by share of under-130% FPL population
33007,"Coos County, NH",NH,29218,5602,9363,1770.0,2012.0,518,FNS state total allocated by share of under-130% FPL population
01079,"Lawrence County, AL",AL,32889,6787,11534,2059.0,2030.0,517,FNS state total allocated by share of under-130% FPL population
21041,"Carroll County, KY",KY,10688,3136,4504,704.0,906.0,517,FNS state total allocated by share of under-130% FPL population
47075,"Haywood County, TN",TN,17216,4854,8132,1773.0,1690.0,516,FNS state total allocated by share of under-130% FPL population
48093,"Comanche County, TX",TX,13754,2892,4956,560.0,776.0,516,FNS state total allocated by share of under-130% FPL population
13261,"Sumter County, GA",GA,27387,8176,13724,2406.0,2372.0,514,FNS state total allocated by share of under-130% FPL population
09180,"Southeastern Connecticut Planning Region, CT",CT,269074,39654,64885,14409.0,12346.0,513,FNS state total allocated by share of under-130% FPL population
37161,"Rutherford County, NC",NC,63670,15102,27095,5183.0,4567.0,508,FNS state total allocated by share of under-130% FPL population
21169,"Metcalfe County, KY",KY,10341,3071,4535,800.0,1041.0,507,FNS state total allocated by share of under-130% FPL population
38089,"Stark County, ND",ND,32502,4879,7379,1021.0,1830.0,507,FNS state total allocated by share of under-130% FPL population
18065,"Henry County, IN",IN,45850,8356,14585,1889.0,2323.0,506,FNS state total allocated by share of under-130% FPL population
37193,"Wilkes County, NC",NC,64604,15068,26225,4180.0,4475.0,506,FNS state total allocated by share of under-130% FPL population
28157,"Wilkinson County, MS",MS,7094,2587,4282,589.0,968.0,505,FNS state total allocated by share of under-130% FPL population
18001,"Adams County, IN",IN,35693,8322,13508,816.0,1283.0,504,FNS state total allocated by share of under-130% FPL population
12065,"Jefferson County, FL",FL,13920,3467,5398,1184.0,1214.0,503,FNS state total allocated by share of under-130% FPL population
21191,"Pendleton County, KY",KY,14503,3046,5088,839.0,994.0,503,FNS state total allocated by share of under-130% FPL population
21219,"Todd County, KY",KY,12258,3051,4431,600.0,899.0,503,FNS state total allocated by share of under-130% FPL population
56007,"Carbon County, WY",WY,13871,2450,3889,284.0,897.0,503,FNS state total allocated by share of under-130% FPL population
13213,"Murray County, GA",GA,40167,7965,14076,1878.0,2155.0,501,FNS state total allocated by share of under-130% FPL population
47153,"Sequatchie County, TN",TN,16574,4712,6920,1022.0,1392.0,501,FNS state total allocated by share of under-130% FPL population
36023,"Cortland County, NY",NY,42619,7744,13028,2947.0,2791.0,500,FNS state total allocated by share of under-130% FPL population
48255,"Karnes County, TX",TX,11611,2803,4221,998.0,972.0,500,FNS state total allocated by share of under-130% FPL population
51053,"Dinwiddie County, VA",VA,27459,4197,6682,1587.0,1298.0,499,FNS state total allocated by share of under-130% FPL population
51690,"Martinsville city, VA",VA,13174,4204,6919,1379.0,1412.0,499,FNS state total allocated by share of under-130% FPL population
01005,"Barbour County, AL",AL,21583,6540,10247,1943.0,2049.0,498,FNS state total allocated by share of under-130% FPL population
05073,"Lafayette County, AR",AR,6039,1772,2718,390.0,651.0,498,FNS state total allocated by share of under-130% FPL population
37109,"Lincoln County, NC",NC,91869,14812,26823,4204.0,4347.0,498,FNS state total allocated by share of under-130% FPL population
46121,"Todd County, SD",SD,9119,5588,7013,1023.0,962.0,498,FNS state total allocated by share of under-130% FPL population
28069,"Kemper County, MS",MS,8013,2533,4367,425.0,828.0,494,FNS state total allocated by share of under-130% FPL population
13279,"Toombs County, GA",GA,26701,7822,12006,2337.0,2188.0,492,FNS state total allocated by share of under-130% FPL population
21061,"Edmonson County, KY",KY,12196,2978,5514,670.0,826.0,491,FNS state total allocated by share of under-130% FPL population
48279,"Lamb County, TX",TX,12556,2756,4746,666.0,791.0,491,FNS state total allocated by share of under-130% FPL population
23003,"Aroostook County, ME",ME,65264,13046,23169,6192.0,4760.0,490,FNS state total allocated by share of under-130% FPL population
51630,"Fredericksburg city, VA",VA,26718,4124,6262,1249.0,1437.0,490,FNS state total allocated by share of under-130% FPL population
47091,"Johnson County, TN",TN,16423,4595,7005,1101.0,1383.0,489,FNS state total allocated by share of under-130% FPL population
51093,"Isle of Wight County, VA",VA,39681,4111,7628,1193.0,1394.0,488,FNS state total allocated by share of under-130% FPL population
54039,"Kanawha County, WV",WV,173353,36813,58507,12081.0,12254.0,488,FNS state total allocated by share of under-130% FPL population
28041,"Greene County, MS",MS,10254,2482,3632,564.0,823.0,484,FNS state total allocated by share of under-130% FPL population
37083,"Halifax County, NC",NC,46293,14407,21937,5922.0,5176.0,484,FNS state total allocated by share of under-130% FPL population
01133,"Winston County, AL",AL,23235,6344,10069,1377.0,1711.0,483,FNS state total allocated by share of under-130% FPL population
37105,"Lee County, NC",NC,64724,14364,23755,3822.0,3843.0,483,FNS state total allocated by share of under-130% FPL population
46083,"Lincoln County, SD",SD,70288,5410,11436,919.0,1472.0,482,FNS state total allocated by share of under-130% FPL population
24035,"Queen Anne's County, MD",MD,51494,4531,7400,1440.0,1425.0,481,FNS state total allocated by share of under-130% FPL population
33003,"Carroll County, NH",NH,51194,5192,10458,1091.0,2045.0,480,FNS state total allocated by share of under-130% FPL population
18071,"Jackson County, IN",IN,45590,7913,13255,1571.0,2353.0,479,FNS state total allocated by share of under-130% FPL population
27013,"Blue Earth County, MN",MN,66125,13246,21629,2416.0,4333.0,477,FNS state total allocated by share of under-130% FPL population
28037,"Franklin County, MS",MS,7527,2447,3266,314.0,751.0,477,FNS state total allocated by share of under-130% FPL population
29161,"Phelps County, MO",MO,42143,9599,15741,2275.0,2906.0,477,FNS state total allocated by share of under-130% FPL population
48035,"Bosque County, TX",TX,18292,2676,5435,782.0,781.0,477,FNS state total allocated by share of under-130% FPL population
51139,"Page County, VA",VA,23471,4015,8191,1345.0,1436.0,477,FNS state total allocated by share of under-130% FPL population
05095,"Monroe County, AR",AR,6475,1692,2919,450.0,622.0,476,FNS state total allocated by share of under-130% FPL population
48239,"Jackson County, TX",TX,14951,2668,4205,1101.0,855.0,476,FNS state total allocated by share of under-130% FPL population
18099,"Marshall County, IN",IN,45640,7779,13527,1133.0,1902.0,471,FNS state total allocated by share of under-130% FPL population
29051,"Cole County, MO",MO,72977,9457,15872,1847.0,3203.0,470,FNS state total allocated by share of under-130% FPL population
24023,"Garrett County, MD",MD,27955,4418,8136,1903.0,1609.0,469,FNS state total allocated by share of under-130% FPL population
21187,"Owen County, KY",KY,11207,2837,4313,496.0,650.0,468,FNS state total allocated by share of under-130% FPL population
38105,"Williams County, ND",ND,39095,4498,8537,902.0,1271.0,468,FNS state total allocated by share of under-130% FPL population
16047,"Gooding County, ID",ID,15738,3176,6290,475.0,686.0,467,FNS state total allocated by share of under-130% FPL population
45017,"Calhoun County, SC",SC,13919,2611,4905,817.0,1072.0,467,FNS state total allocated by share of under-130% FPL population
48389,"Reeves County, TX",TX,11680,2618,4604,735.0,743.0,467,FNS state total allocated by share of under-130% FPL population
06063,"Plumas County, CA",CA,19210,3375,6247,1085.0,835.0,466,FNS state total allocated by share of under-130% FPL population
29105,"Laclede County, MO",MO,35871,9367,16078,2231.0,2517.0,466,FNS state total allocated by share of under-130% FPL population
21033,"Caldwell County, KY",KY,12458,2816,4069,701.0,762.0,465,FNS state total allocated by share of under-130% FPL population
37125,"Moore County, NC",NC,103328,13792,23642,3772.0,4843.0,464,FNS state total allocated by share of under-130% FPL population
06043,"Mariposa County, CA",CA,16886,3351,5117,1003.0,985.0,463,FNS state total allocated by share of under-130% FPL population
12013,"Calhoun County, FL",FL,11736,3189,6175,929.0,944.0,462,FNS state total allocated by share of under-130% FPL population
37153,"Richmond County, NC",NC,41347,13730,20100,4868.0,4176.0,462,FNS state total allocated by share of under-130% FPL population
18093,"Lawrence County, IN",IN,44364,7610,14163,1583.0,2642.0,461,FNS state total allocated by share of under-130% FPL population
21053,"Clinton County, KY",KY,9059,2792,4585,962.0,808.0,461,FNS state total allocated by share of under-130% FPL population
48405,"San Augustine County, TX",TX,7628,2585,3788,689.0,747.0,461,FNS state total allocated by share of under-130% FPL population
22017,"Caddo Parish, LA",LA,224948,66030,99087,20674.0,21327.0,460,FNS state total allocated by share of under-130% FPL population
47173,"Union County, TN",TN,20194,4309,7709,1171.0,1272.0,458,FNS state total allocated by share of under-130% FPL population
20121,"Miami County, KS",KS,34308,4235,6572,312.0,1217.0,457,FNS state total allocated by share of under-130% FPL population
18145,"Shelby County, IN",IN,44326,7508,12470,1486.0,2511.0,455,FNS state total allocated by share of under-130% FPL population
51520,"Bristol city, VA",VA,16551,3818,6912,1599.0,1483.0,454,FNS state total allocated by share of under-130% FPL population
37065,"Edgecombe County, NC",NC,47886,13464,20585,4642.0,4034.0,453,FNS state total allocated by share of under-130% FPL population
05025,"Cleveland County, AR",AR,7371,1603,2823,383.0,467.0,451,FNS state total allocated by share of under-130% FPL population
05117,"Prairie County, AR",AR,7803,1600,3080,439.0,451.0,450,FNS state total allocated by share of under-130% FPL population
20099,"Labette County, KS",KS,19189,4120,7213,755.0,1175.0,445,FNS state total allocated by share of under-130% FPL population
48437,"Swisher County, TX",TX,6316,2498,3702,328.0,588.0,445,FNS state total allocated by share of under-130% FPL population
20175,"Seward County, KS",KS,21131,4117,7409,711.0,798.0,444,FNS state total allocated by share of under-130% FPL population
56015,"Goshen County, WY",WY,11695,2165,3761,383.0,847.0,444,FNS state total allocated by share of under-130% FPL population
12041,"Gilchrist County, FL",FL,18060,3058,6210,1223.0,992.0,443,FNS state total allocated by share of under-130% FPL population
34019,"Hunterdon County, NJ",NJ,127985,7594,13442,1825.0,2425.0,443,FNS state total allocated by share of under-130% FPL population
47171,"Unicoi County, TN",TN,17322,4169,7574,1059.0,1277.0,443,FNS state total allocated by share of under-130% FPL population
51775,"Salem city, VA",VA,23334,3727,6846,795.0,1054.0,443,FNS state total allocated by share of under-130% FPL population
18017,"Cass County, IN",IN,36822,7292,14571,1420.0,1806.0,442,FNS state total allocated by share of under-130% FPL population
16045,"Gem County, ID",ID,20010,3002,6057,520.0,989.0,441,FNS state total allocated by share of under-130% FPL population
20191,"Sumner County, KS",KS,21821,4083,7229,887.0,1081.0,441,FNS state total allocated by share of under-130% FPL population
13195,"Madison County, GA",GA,31129,6975,11989,1372.0,1879.0,439,FNS state total allocated by share of under-130% FPL population
01025,"Clarke County, AL",AL,22217,5708,8695,1983.0,1728.0,435,FNS state total allocated by share of under-130% FPL population
29159,"Pettis County, MO",MO,42628,8759,16635,1941.0,2554.0,435,FNS state total allocated by share of under-130% FPL population
37061,"Duplin County, NC",NC,48897,12938,22295,3290.0,3985.0,435,FNS state total allocated by share of under-130% FPL population
05101,"Newton County, AR",AR,7020,1537,3107,353.0,499.0,432,FNS state total allocated by share of under-130% FPL population
49037,"San Juan County, UT",UT,14114,3729,6286,690.0,878.0,432,FNS state total allocated by share of under-130% FPL population
21215,"Spencer County, KY",KY,20074,2613,4679,481.0,608.0,431,FNS state total allocated by share of under-130% FPL population
37093,"Hoke County, NC",NC,53101,12822,20173,3864.0,3154.0,431,FNS state total allocated by share of under-130% FPL population
47085,"Humphreys County, TN",TN,18734,4051,6443,835.0,907.0,431,FNS state total allocated by share of under-130% FPL population
56023,"Lincoln County, WY",WY,20410,2100,4078,369.0,742.0,431,FNS state total allocated by share of under-130% FPL population
01111,"Randolph County, AL",AL,21873,5641,8842,1741.0,2058.0,430,FNS state total allocated by share of under-130% FPL population
48415,"Scurry County, TX",TX,14591,2411,5169,471.0,638.0,430,FNS state total allocated by share of under-130% FPL population
01007,"Bibb County, AL",AL,20488,5635,8979,1592.0,1650.0,429,FNS state total allocated by share of under-130% FPL population
37167,"Stanly County, NC",NC,62662,12732,21844,3880.0,3773.0,428,FNS state total allocated by share of under-130% FPL population
48057,"Calhoun County, TX",TX,19612,2401,5389,1357.0,885.0,428,FNS state total allocated by share of under-130% FPL population
51077,"Grayson County, VA",VA,14312,3601,6206,1036.0,1020.0,428,FNS state total allocated by share of under-130% FPL population
51141,"Patrick County, VA",VA,17115,3602,5683,980.0,1068.0,428,FNS state total allocated by share of under-130% FPL population
37047,"Columbus County, NC",NC,47904,12716,21063,4531.0,3878.0,427,FNS state total allocated by share of under-130% FPL population
51193,"Westmoreland County, VA",VA,18653,3597,5678,1635.0,1158.0,427,FNS state total allocated by share of under-130% FPL population
18103,"Miami County, IN",IN,33281,7029,11884,1539.0,1890.0,426,FNS state total allocated by share of under-130% FPL population
20021,"Cherokee County, KS",KS,18905,3944,7202,1035.0,1354.0,426,FNS state total allocated by share of under-130% FPL population
30067,"Park County, MT",MT,17562,3056,5033,504.0,954.0,426,FNS state total allocated by share of under-130% FPL population
45005,"Allendale County, SC",SC,6788,2381,3661,928.0,1040.0,426,FNS state total allocated by share of under-130% FPL population
36073,"Orleans County, NY",NY,37762,6588,11576,2498.0,2097.0,425,FNS state total allocated by share of under-130% FPL population
47129,"Morgan County, TN",TN,19108,3979,6630,1033.0,1068.0,423,FNS state total allocated by share of under-130% FPL population
13131,"Grady County, GA",GA,25841,6706,11607,2054.0,1998.0,422,FNS state total allocated by share of under-130% FPL population
23017,"Oxford County, ME",ME,58184,11228,19753,3793.0,3699.0,422,FNS state total allocated by share of under-130% FPL population
56003,"Big Horn County, WY",WY,11543,2057,3987,235.0,604.0,422,FNS state total allocated by share of under-130% FPL population
13055,"Chattooga County, GA",GA,23437,6687,11473,1724.0,1893.0,421,FNS state total allocated by share of under-130% FPL population
24039,"Somerset County, MD",MD,19867,3964,6516,2076.0,1537.0,421,FNS state total allocated by share of under-130% FPL population
01013,"Butler County, AL",AL,18323,5509,8098,1312.0,1567.0,420,FNS state total allocated by share of under-130% FPL population
12047,"Hamilton County, FL",FL,11130,2894,5482,1225.0,984.0,420,FNS state total allocated by share of under-130% FPL population
13293,"Upson County, GA",GA,27259,6669,9742,2400.0,2437.0,420,FNS state total allocated by share of under-130% FPL population
28015,"Carroll County, MS",MS,9247,2153,3915,719.0,867.0,420,FNS state total allocated by share of under-130% FPL population
29101,"Johnson County, MO",MO,50430,8440,15993,1344.0,2401.0,419,FNS state total allocated by share of under-130% FPL population
13107,"Emanuel County, GA",GA,21917,6652,9845,2246.0,1947.0,418,FNS state total allocated by share of under-130% FPL population
28009,"Benton County, MS",MS,7495,2142,3175,530.0,699.0,418,FNS state total allocated by share of under-130% FPL population
47005,"Benton County, TN",TN,15853,3926,6233,1126.0,1185.0,418,FNS state total allocated by share of under-130% FPL population
27139,"Scott County, MN",MN,152827,11556,21762,2463.0,2921.0,416,FNS state total allocated by share of under-130% FPL population
37069,"Franklin County, NC",NC,72924,12385,23593,3551.0,3409.0,416,FNS state total allocated by share of under-130% FPL population
46005,"Beadle County, SD",SD,18963,4673,6923,851.0,1112.0,416,FNS state total allocated by share of under-130% FPL population
29109,"Lawrence County, MO",MO,37649,8298,14917,1788.0,2150.0,412,FNS state total allocated by share of under-130% FPL population
31079,"Hall County, NE",NE,61619,11765,20465,2556.0,3648.0,411,FNS state total allocated by share of under-130% FPL population
37037,"Chatham County, NC",NC,79298,12220,19691,1675.0,3573.0,411,FNS state total allocated by share of under-130% FPL population
37077,"Granville County, NC",NC,56955,12201,18688,3131.0,3160.0,410,FNS state total allocated by share of under-130% FPL population
47007,"Bledsoe County, TN",TN,13837,3855,6032,878.0,920.0,410,FNS state total allocated by share of under-130% FPL population
51011,"Appomattox County, VA",VA,16508,3448,5459,1014.0,1047.0,410,FNS state total allocated by share of under-130% FPL population
28119,"Quitman County, MS",MS,5626,2097,3356,568.0,803.0,409,FNS state total allocated by share of under-130% FPL population
49013,"Duchesne County, UT",UT,19856,3530,6328,720.0,759.0,409,FNS state total allocated by share of under-130% FPL population
56009,"Converse County, WY",WY,13659,1992,3244,389.0,605.0,409,FNS state total allocated by share of under-130% FPL population
21233,"Webster County, KY",KY,12521,2471,5075,535.0,850.0,408,FNS state total allocated by share of under-130% FPL population
16049,"Idaho County, ID",ID,16880,2768,5394,311.0,882.0,407,FNS state total allocated by share of under-130% FPL population
48059,"Callahan County, TX",TX,14048,2284,3930,556.0,512.0,407,FNS state total allocated by share of under-130% FPL population
48247,"Jim Hogg County, TX",TX,4617,2277,2731,394.0,395.0,406,FNS state total allocated by share of under-130% FPL population
13123,"Gilmer County, GA",GA,32192,6432,10505,1247.0,1802.0,405,FNS state total allocated by share of under-130% FPL population
39151,"Stark County, OH",OH,365487,63334,109647,19848.0,19080.0,405,FNS state total allocated by share of under-130% FPL population
48313,"Madison County, TX",TX,11393,2274,3565,447.0,642.0,405,FNS state total allocated by share of under-130% FPL population
13033,"Burke County, GA",GA,24051,6418,10757,1736.0,2009.0,404,FNS state total allocated by share of under-130% FPL population
01091,"Marengo County, AL",AL,18635,5288,8137,1863.0,1972.0,403,FNS state total allocated by share of under-130% FPL population
01019,"Cherokee County, AL",AL,25124,5260,9915,1121.0,1578.0,401,FNS state total allocated by share of under-130% FPL population
01099,"Monroe County, AL",AL,19180,5271,8076,1030.0,1615.0,401,FNS state total allocated by share of under-130% FPL population
06027,"Inyo County, CA",CA,18356,2902,4904,686.0,1095.0,401,FNS state total allocated by share of under-130% FPL population
18037,"Dubois County, IN",IN,42812,6582,11702,746.0,1700.0,399,FNS state total allocated by share of under-130% FPL population
20079,"Harvey County, KS",KS,32516,3701,8018,785.0,1324.0,399,FNS state total allocated by share of under-130% FPL population
27171,"Wright County, MN",MN,147237,11095,21866,2362.0,3113.0,399,FNS state total allocated by share of under-130% FPL population
29225,"Webster County, MO",MO,39054,8026,13945,1367.0,1918.0,399,FNS state total allocated by share of under-130% FPL population
45065,"McCormick County, SC",SC,8857,2234,2925,446.0,741.0,399,FNS state total allocated by share of under-130% FPL population
30089,"Sanders County, MT",MT,13108,2854,4860,610.0,783.0,398,FNS state total allocated by share of under-130% FPL population
01087,"Macon County, AL",AL,16103,5217,8070,1745.0,1777.0,397,FNS state total allocated by share of under-130% FPL population
13119,"Franklin County, GA",GA,23383,6313,10277,1320.0,1888.0,397,FNS state total allocated by share of under-130% FPL population
23025,"Somerset County, ME",ME,50015,10550,18986,4101.0,3511.0,397,FNS state total allocated by share of under-130% FPL population
48315,"Marion County, TX",TX,9622,2228,3797,863.0,771.0,397,FNS state total allocated by share of under-130% FPL population
38059,"Morton County, ND",ND,32998,3805,6528,592.0,936.0,396,FNS state total allocated by share of under-130% FPL population
47139,"Polk County, TN",TN,17581,3721,6026,1043.0,1264.0,396,FNS state total allocated by share of under-130% FPL population
29113,"Lincoln County, MO",MO,62094,7925,14403,1591.0,2402.0,394,FNS state total allocated by share of under-130% FPL population
47181,"Wayne County, TN",TN,14403,3704,5912,1018.0,1290.0,394,FNS state total allocated by share of under-130% FPL population
36039,"Greene County, NY",NY,44875,6094,11759,1477.0,1715.0,393,FNS state total allocated by share of under-130% FPL population
48297,"Live Oak County, TX",TX,10063,2205,3650,718.0,951.0,393,FNS state total allocated by share of under-130% FPL population
29069,"Dunklin County, MO",MO,26692,7888,12063,2765.0,2465.0,392,FNS state total allocated by share of under-130% FPL population
47081,"Hickman County, TN",TN,24003,3682,7532,952.0,1011.0,392,FNS state total allocated by share of under-130% FPL population
40031,"Comanche County, OK",OK,112001,26955,43265,7246.0,7899.0,391,FNS state total allocated by share of under-130% FPL population
51051,"Dickenson County, VA",VA,13266,3290,5908,1376.0,1119.0,391,FNS state total allocated by share of under-130% FPL population
18059,"Hancock County, IN",IN,83182,6428,11998,1517.0,1829.0,389,FNS state total allocated by share of under-130% FPL population
47061,"Grundy County, TN",TN,13524,3657,5977,868.0,989.0,389,FNS state total allocated by share of under-130% FPL population
13257,"Stephens County, GA",GA,25892,6158,10727,1528.0,1770.0,387,FNS state total allocated by share of under-130% FPL population
51135,"Nottoway County, VA",VA,13686,3254,5134,852.0,917.0,387,FNS state total allocated by share of under-130% FPL population
12043,"Glades County, FL",FL,11264,2661,4604,734.0,758.0,386,FNS state total allocated by share of under-130% FPL population
13267,"Tattnall County, GA",GA,19943,6130,8931,1694.0,1879.0,386,FNS state total allocated by share of under-130% FPL population
29009,"Barry County, MO",MO,34421,7777,13128,1465.0,1845.0,386,FNS state total allocated by share of under-130% FPL population
02188,"Northwest Arctic Borough, AK",AK,7362,2045,3173,654.0,275.0,385,FNS state total allocated by share of under-130% FPL population
46081,"Lawrence County, SD",SD,26403,4316,6703,1027.0,1450.0,385,FNS state total allocated by share of under-130% FPL population
05039,"Dallas County, AR",AR,5991,1365,2412,382.0,509.0,384,FNS state total allocated by share of under-130% FPL population
18083,"Knox County, IN",IN,34322,6348,10703,1963.0,2392.0,384,FNS state total allocated by share of under-130% FPL population
22055,"Lafayette Parish, LA",LA,244522,55040,84219,12598.0,17335.0,384,FNS state total allocated by share of under-130% FPL population
28155,"Webster County, MS",MS,9832,1966,3548,704.0,739.0,384,FNS state total allocated by share of under-130% FPL population
47023,"Chester County, TN",TN,16314,3614,5603,857.0,1091.0,384,FNS state total allocated by share of under-130% FPL population
28019,"Choctaw County, MS",MS,7973,1963,3219,472.0,669.0,383,FNS state total allocated by share of under-130% FPL population
37087,"Haywood County, NC",NC,61836,11397,20295,3675.0,3999.0,383,FNS state total allocated by share of under-130% FPL population
20113,"McPherson County, KS",KS,28370,3529,6671,328.0,1191.0,381,FNS state total allocated by share of under-130% FPL population
48083,"Coleman County, TX",TX,7769,2138,3212,439.0,595.0,381,FNS state total allocated by share of under-130% FPL population
36121,"Wyoming County, NY",NY,36622,5883,9823,1816.0,1881.0,380,FNS state total allocated by share of under-130% FPL population
51079,"Greene County, VA",VA,20968,3199,4975,728.0,1044.0,380,FNS state total allocated by share of under-130% FPL population
18113,"Noble County, IN",IN,46554,6263,13972,923.0,1697.0,379,FNS state total allocated by share of under-130% FPL population
39017,"Butler County, OH",OH,380888,59354,99652,14429.0,17160.0,379,FNS state total allocated by share of under-130% FPL population
27027,"Clay County, MN",MN,63129,10503,15655,2625.0,3880.0,378,FNS state total allocated by share of under-130% FPL population
13187,"Lumpkin County, GA",GA,31343,5989,9790,1072.0,1491.0,377,FNS state total allocated by share of under-130% FPL population
16013,"Blaine County, ID",ID,24770,2556,5871,425.0,553.0,376,FNS state total allocated by share of under-130% FPL population
12125,"Union County, FL",FL,11098,2584,4306,726.0,838.0,375,FNS state total allocated by share of under-130% FPL population
13225,"Peach County, GA",GA,27059,5954,8919,1989.0,1560.0,375,FNS state total allocated by share of under-130% FPL population
13321,"Worth County, GA",GA,20257,5966,8821,1659.0,1644.0,375,FNS state total allocated by share of under-130% FPL population
48475,"Ward County, TX",TX,11016,2104,3840,400.0,646.0,375,FNS state total allocated by share of under-130% FPL population
38079,"Rolette County, ND",ND,11554,3594,5126,965.0,954.0,374,FNS state total allocated by share of under-130% FPL population
48377,"Presidio County, TX",TX,5925,2099,3508,426.0,706.0,374,FNS state total allocated by share of under-130% FPL population
37181,"Vance County, NC",NC,41918,11081,17203,3920.0,3050.0,372,FNS state total allocated by share of under-130% FPL population
29169,"Pulaski County, MO",MO,43391,7460,15194,1411.0,2201.0,371,FNS state total allocated by share of under-130% FPL population
29201,"Scott County, MO",MO,37304,7473,13751,2284.0,2220.0,371,FNS state total allocated by share of under-130% FPL population
51073,"Gloucester County, VA",VA,38907,3116,9331,1089.0,849.0,370,FNS state total allocated by share of under-130% FPL population
16079,"Shoshone County, ID",ID,13612,2510,5018,595.0,785.0,369,FNS state total allocated by share of under-130% FPL population
21129,"Lee County, KY",KY,6238,2235,3111,745.0,814.0,369,FNS state total allocated by share of under-130% FPL population
51023,"Botetourt County, VA",VA,33595,3107,6152,427.0,1054.0,369,FNS state total allocated by share of under-130% FPL population
51025,"Brunswick County, VA",VA,13752,3103,5414,1287.0,862.0,369,FNS state total allocated by share of under-130% FPL population
51163,"Rockbridge County, VA",VA,21932,3108,6242,1061.0,813.0,369,FNS state total allocated by share of under-130% FPL population
13017,"Ben Hill County, GA",GA,16725,5855,8772,1511.0,1930.0,368,FNS state total allocated by share of under-130% FPL population
13205,"Mitchell County, GA",GA,19568,5844,8497,2143.0,1661.0,368,FNS state total allocated by share of under-130% FPL population
21055,"Crittenden County, KY",KY,8754,2225,3403,377.0,563.0,367,FNS state total allocated by share of under-130% FPL population
18033,"DeKalb County, IN",IN,43273,6047,10866,1082.0,1734.0,366,FNS state total allocated by share of under-130% FPL population
51065,"Fluvanna County, VA",VA,26741,3082,4108,685.0,825.0,366,FNS state total allocated by share of under-130% FPL population
21229,"Washington County, KY",KY,11938,2212,4316,785.0,839.0,365,FNS state total allocated by share of under-130% FPL population
13143,"Haralson County, GA",GA,31025,5792,8898,1653.0,1883.0,364,FNS state total allocated by share of under-130% FPL population
56039,"Teton County, WY",WY,23270,1774,3759,124.0,437.0,364,FNS state total allocated by share of under-130% FPL population
13189,"McDuffie County, GA",GA,21288,5749,8254,1389.0,1600.0,362,FNS state total allocated by share of under-130% FPL population
29215,"Texas County, MO",MO,23585,7276,11318,1287.0,1767.0,362,FNS state total allocated by share of under-130% FPL population
18173,"Warrick County, IN",IN,64207,5960,11643,911.0,1958.0,361,FNS state total allocated by share of under-130% FPL population
18055,"Greene County, IN",IN,30580,5953,10533,1404.0,1766.0,360,FNS state total allocated by share of under-130% FPL population
29029,"Camden County, MO",MO,43240,7250,12744,1469.0,2305.0,360,FNS state total allocated by share of under-130% FPL population
36099,"Seneca County, NY",NY,31168,5584,9179,1637.0,1718.0,360,FNS state total allocated by share of under-130% FPL population
48357,"Ochiltree County, TX",TX,9714,2019,3360,184.0,491.0,360,FNS state total allocated by share of under-130% FPL population
01107,"Pickens County, AL",AL,17099,4708,7651,1253.0,1346.0,359,FNS state total allocated by share of under-130% FPL population
47015,"Cannon County, TN",TN,14689,3345,5188,603.0,996.0,356,FNS state total allocated by share of under-130% FPL population
21057,"Cumberland County, KY",KY,5835,2149,2880,725.0,817.0,355,FNS state total allocated by share of under-130% FPL population
37165,"Scotland County, NC",NC,31257,10495,15763,3980.0,3135.0,353,FNS state total allocated by share of under-130% FPL population
21139,"Livingston County, KY",KY,8837,2135,3385,449.0,622.0,352,FNS state total allocated by share of under-130% FPL population
49051,"Wasatch County, UT",UT,36300,3038,5499,128.0,661.0,352,FNS state total allocated by share of under-130% FPL population
13081,"Crisp County, GA",GA,19284,5578,9272,2125.0,1987.0,351,FNS state total allocated by share of under-130% FPL population
47039,"Decatur County, TN",TN,11392,3299,4984,787.0,1090.0,351,FNS state total allocated by share of under-130% FPL population
37013,"Beaufort County, NC",NC,43881,10389,16135,3243.0,3527.0,349,FNS state total allocated by share of under-130% FPL population
13019,"Berrien County, GA",GA,18169,5527,8563,1658.0,1450.0,348,FNS state total allocated by share of under-130% FPL population
01065,"Hale County, AL",AL,14635,4552,6260,1568.0,1548.0,347,FNS state total allocated by share of under-130% FPL population
16087,"Washington County, ID",ID,10955,2360,4644,467.0,726.0,347,FNS state total allocated by share of under-130% FPL population
36031,"Essex County, NY",NY,35027,5370,9692,1711.0,1907.0,347,FNS state total allocated by share of under-130% FPL population
48429,"Stephens County, TX",TX,8828,1949,3414,374.0,594.0,347,FNS state total allocated by share of under-130% FPL population
13169,"Jones County, GA",GA,28353,5507,8127,1599.0,1139.0,346,FNS state total allocated by share of under-130% FPL population
20011,"Bourbon County, KS",KS,14037,3205,5344,455.0,864.0,346,FNS state total allocated by share of under-130% FPL population
13001,"Appling County, GA",GA,18171,5492,8851,1406.0,1492.0,345,FNS state total allocated by share of under-130% FPL population
18029,"Dearborn County, IN",IN,50372,5695,10612,1571.0,1750.0,345,FNS state total allocated by share of under-130% FPL population
18107,"Montgomery County, IN",IN,36786,5698,10144,1442.0,1610.0,345,FNS state total allocated by share of under-130% FPL population
18175,"Washington County, IN",IN,27751,5699,10158,1235.0,1415.0,345,FNS state total allocated by share of under-130% FPL population
13111,"Fannin County, GA",GA,25597,5464,10130,1595.0,1564.0,344,FNS state total allocated by share of under-130% FPL population
29167,"Polk County, MO",MO,31242,6917,11836,1306.0,1827.0,344,FNS state total allocated by share of under-130% FPL population
20059,"Franklin County, KS",KS,25487,3179,7083,594.0,957.0,343,FNS state total allocated by share of under-130% FPL population
13199,"Meriwether County, GA",GA,20781,5431,8579,1934.0,1492.0,342,FNS state total allocated by share of under-130% FPL population
16073,"Owyhee County, ID",ID,12346,2326,4564,511.0,508.0,342,FNS state total allocated by share of under-130% FPL population
18069,"Huntington County, IN",IN,35227,5647,10564,1692.0,1518.0,342,FNS state total allocated by share of under-130% FPL population
18027,"Daviess County, IN",IN,32996,5630,11330,1220.0,1634.0,341,FNS state total allocated by share of under-130% FPL population
30027,"Fergus County, MT",MT,11381,2441,3690,389.0,678.0,341,FNS state total allocated by share of under-130% FPL population
46029,"Codington County, SD",SD,28347,3814,6750,628.0,1200.0,340,FNS state total allocated by share of under-130% FPL population
48069,"Castro County, TX",TX,7243,1902,3201,228.0,517.0,339,FNS state total allocated by share of under-130% FPL population
38093,"Stutsman County, ND",ND,19872,3249,5455,885.0,1519.0,338,FNS state total allocated by share of under-130% FPL population
13227,"Pickens County, GA",GA,34563,5354,9130,1306.0,1388.0,337,FNS state total allocated by share of under-130% FPL population
29119,"McDonald County, MO",MO,23526,6786,10941,1168.0,1472.0,337,FNS state total allocated by share of under-130% FPL population
30087,"Rosebud County, MT",MT,8098,2414,3714,414.0,638.0,337,FNS state total allocated by share of under-130% FPL population
12037,"Franklin County, FL",FL,10919,2316,4448,707.0,826.0,336,FNS state total allocated by share of under-130% FPL population
27007,"Beltrami County, MN",MN,44479,9343,15694,2447.0,2637.0,336,FNS state total allocated by share of under-130% FPL population
39099,"Mahoning County, OH",OH,220522,52554,80371,18645.0,18412.0,336,FNS state total allocated by share of under-130% FPL population
49041,"Sevier County, UT",UT,21613,2897,5919,751.0,754.0,336,FNS state total allocated by share of under-130% FPL population
02130,"Ketchikan Gateway Borough, AK",AK,13573,1764,2882,477.0,471.0,332,FNS state total allocated by share of under-130% FPL population
37031,"Carteret County, NC",NC,68003,9877,17799,2886.0,3647.0,332,FNS state total allocated by share of under-130% FPL population
13303,"Washington County, GA",GA,18092,5241,8718,2157.0,1490.0,330,FNS state total allocated by share of under-130% FPL population
51099,"King George County, VA",VA,27584,2776,5099,693.0,809.0,330,FNS state total allocated by share of under-130% FPL population
51600,"Fairfax city, VA",VA,24306,2770,3967,286.0,841.0,329,FNS state total allocated by share of under-130% FPL population
12045,"Gulf County, FL",FL,12472,2260,4040,714.0,773.0,328,FNS state total allocated by share of under-130% FPL population
49043,"Summit County, UT",UT,42848,2831,6113,222.0,922.0,328,FNS state total allocated by share of under-130% FPL population
01057,"Fayette County, AL",AL,15802,4273,6353,1124.0,1306.0,325,FNS state total allocated by share of under-130% FPL population
51131,"Northampton County, VA",VA,11814,2734,4553,811.0,1019.0,325,FNS state total allocated by share of under-130% FPL population
18051,"Gibson County, IN",IN,32314,5329,9004,1096.0,1401.0,323,FNS state total allocated by share of under-130% FPL population
21023,"Bracken County, KY",KY,8355,1958,3227,587.0,540.0,323,FNS state total allocated by share of under-130% FPL population
39093,"Lorain County, OH",OH,308214,50457,86095,14487.0,16490.0,322,FNS state total allocated by share of under-130% FPL population
47161,"Stewart County, TN",TN,13901,3026,4426,591.0,950.0,322,FNS state total allocated by share of under-130% FPL population
13237,"Putnam County, GA",GA,22526,5095,8093,1151.0,1620.0,321,FNS state total allocated by share of under-130% FPL population
22019,"Calcasieu Parish, LA",LA,204298,46053,72194,12201.0,12908.0,321,FNS state total allocated by share of under-130% FPL population
51830,"Williamsburg city, VA",VA,10990,2704,3576,397.0,927.0,321,FNS state total allocated by share of under-130% FPL population
13027,"Brooks County, GA",GA,15951,5083,7987,1251.0,1452.0,320,FNS state total allocated by share of under-130% FPL population
27035,"Crow Wing County, MN",MN,66624,8901,17416,2552.0,3179.0,320,FNS state total allocated by share of under-130% FPL population
01035,"Conecuh County, AL",AL,11160,4185,5783,882.0,1047.0,319,FNS state total allocated by share of under-130% FPL population
16021,"Boundary County, ID",ID,13022,2170,4086,543.0,762.0,319,FNS state total allocated by share of under-130% FPL population
28125,"Sharkey County, MS",MS,3773,1637,2444,346.0,413.0,319,FNS state total allocated by share of under-130% FPL population
01085,"Lowndes County, AL",AL,9660,4176,5288,1237.0,1155.0,318,FNS state total allocated by share of under-130% FPL population
21063,"Elliott County, KY",KY,6274,1925,3121,638.0,612.0,318,FNS state total allocated by share of under-130% FPL population
29027,"Callaway County, MO",MO,41077,6394,11104,1441.0,2064.0,318,FNS state total allocated by share of under-130% FPL population
01067,"Henry County, AL",AL,17336,4162,6545,997.0,1325.0,317,FNS state total allocated by share of under-130% FPL population
18041,"Fayette County, IN",IN,22850,5231,8589,1326.0,1459.0,317,FNS state total allocated by share of under-130% FPL population
51111,"Lunenburg County, VA",VA,11036,2667,4474,1048.0,893.0,317,FNS state total allocated by share of under-130% FPL population
01011,"Bullock County, AL",AL,8731,4153,5787,1255.0,1258.0,316,FNS state total allocated by share of under-130% FPL population
18143,"Scott County, IN",IN,23816,5211,8690,1400.0,1549.0,316,FNS state total allocated by share of under-130% FPL population
27169,"Winona County, MN",MN,46730,8783,13584,1397.0,2920.0,316,FNS state total allocated by share of under-130% FPL population
48237,"Jack County, TX",TX,7806,1767,2914,316.0,444.0,315,FNS state total allocated by share of under-130% FPL population
54061,"Monongalia County, WV",WV,100715,23672,33954,4169.0,8489.0,314,FNS state total allocated by share of under-130% FPL population
16043,"Fremont County, ID",ID,13353,2131,4219,409.0,470.0,313,FNS state total allocated by share of under-130% FPL population
37099,"Jackson County, NC",NC,39610,9306,15922,2242.0,3364.0,313,FNS state total allocated by share of under-130% FPL population
18075,"Jay County, IN",IN,19954,5145,7856,757.0,1158.0,312,FNS state total allocated by share of under-130% FPL population
47159,"Smith County, TN",TN,20183,2931,5760,780.0,878.0,312,FNS state total allocated by share of under-130% FPL population
21181,"Nicholas County, KY",KY,7586,1888,3025,430.0,556.0,311,FNS state total allocated by share of under-130% FPL population
37111,"McDowell County, NC",NC,43538,9238,16475,3419.0,2820.0,311,FNS state total allocated by share of under-130% FPL population
18135,"Randolph County, IN",IN,23912,5117,8814,1552.0,1575.0,310,FNS state total allocated by share of under-130% FPL population
40119,"Payne County, OK",OK,73287,21348,31281,3303.0,7808.0,310,FNS state total allocated by share of under-130% FPL population
48335,"Mitchell County, TX",TX,7622,1738,2564,357.0,375.0,310,FNS state total allocated by share of under-130% FPL population
16009,"Benewah County, ID",ID,10013,2101,3473,432.0,636.0,309,FNS state total allocated by share of under-130% FPL population
21077,"Gallatin County, KY",KY,8675,1870,3191,405.0,424.0,309,FNS state total allocated by share of under-130% FPL population
29001,"Adair County, MO",MO,23424,6223,9347,818.0,1818.0,309,FNS state total allocated by share of under-130% FPL population
18011,"Boone County, IN",IN,73736,5094,10797,1067.0,1789.0,308,FNS state total allocated by share of under-130% FPL population
21189,"Owsley County, KY",KY,3862,1858,2686,593.0,683.0,307,FNS state total allocated by share of under-130% FPL population
29209,"Stone County, MO",MO,31617,6180,10762,899.0,1723.0,307,FNS state total allocated by share of under-130% FPL population
51071,"Giles County, VA",VA,16422,2581,4627,741.0,665.0,307,FNS state total allocated by share of under-130% FPL population
21165,"Menifee County, KY",KY,6174,1845,2808,578.0,667.0,304,FNS state total allocated by share of under-130% FPL population
22073,"Ouachita Parish, LA",LA,153253,43568,62717,12151.0,14713.0,304,FNS state total allocated by share of under-130% FPL population
37145,"Person County, NC",NC,39229,9040,13326,3298.0,2845.0,304,FNS state total allocated by share of under-130% FPL population
51037,"Charlotte County, VA",VA,11169,2557,4264,990.0,998.0,304,FNS state total allocated by share of under-130% FPL population
27131,"Rice County, MN",MN,60338,8414,13891,1847.0,2406.0,303,FNS state total allocated by share of under-130% FPL population
37141,"Pender County, NC",NC,64239,9011,16446,2977.0,2623.0,303,FNS state total allocated by share of under-130% FPL population
51029,"Buckingham County, VA",VA,14827,2548,5135,1065.0,779.0,303,FNS state total allocated by share of under-130% FPL population
47087,"Jackson County, TN",TN,11840,2836,4952,758.0,1027.0,302,FNS state total allocated by share of under-130% FPL population
23009,"Hancock County, ME",ME,55056,8018,13521,2142.0,2707.0,301,FNS state total allocated by share of under-130% FPL population
48047,"Brooks County, TX",TX,6587,1684,2671,1062.0,695.0,300,FNS state total allocated by share of under-130% FPL population
02150,"Kodiak Island Borough, AK",AK,12315,1587,2855,267.0,591.0,299,FNS state total allocated by share of under-130% FPL population
13091,"Dodge County, GA",GA,18082,4734,8328,1531.0,1530.0,298,FNS state total allocated by share of under-130% FPL population
21075,"Fulton County, KY",KY,5897,1806,2612,584.0,630.0,298,FNS state total allocated by share of under-130% FPL population
47033,"Crockett County, TN",TN,13692,2802,4648,741.0,829.0,298,FNS state total allocated by share of under-130% FPL population
48379,"Rains County, TX",TX,12697,1666,4388,542.0,503.0,297,FNS state total allocated by share of under-130% FPL population
18023,"Clinton County, IN",IN,32043,4866,10176,861.0,1215.0,295,FNS state total allocated by share of under-130% FPL population
22103,"St. Tammany Parish, LA",LA,269214,42283,70117,9460.0,11822.0,295,FNS state total allocated by share of under-130% FPL population
24029,"Kent County, MD",MD,17909,2773,5159,1046.0,668.0,295,FNS state total allocated by share of under-130% FPL population
18061,"Harrison County, IN",IN,39414,4847,9628,935.0,1349.0,294,FNS state total allocated by share of under-130% FPL population
29221,"Washington County, MO",MO,22505,5912,9554,1792.0,1709.0,294,FNS state total allocated by share of under-130% FPL population
36049,"Lewis County, NY",NY,26376,4561,8650,1394.0,1424.0,294,FNS state total allocated by share of under-130% FPL population
46135,"Yankton County, SD",SD,21823,3303,5191,712.0,1020.0,294,FNS state total allocated by share of under-130% FPL population
20005,"Atchison County, KS",KS,14574,2711,5147,626.0,850.0,293,FNS state total allocated by share of under-130% FPL population
48193,"Hamilton County, TX",TX,8180,1641,3020,401.0,486.0,293,FNS state total allocated by share of under-130% FPL population
19113,"Linn County, IA",IA,224863,31230,55580,7780.0,9105.0,292,FNS state total allocated by share of under-130% FPL population
29007,"Audrain County, MO",MO,23299,5880,8780,1130.0,1510.0,292,FNS state total allocated by share of under-130% FPL population
29207,"Stoddard County, MO",MO,28003,5881,11412,1759.0,1774.0,292,FNS state total allocated by share of under-130% FPL population
36095,"Schoharie County, NY",NY,28711,4529,8196,1764.0,1621.0,292,FNS state total allocated by share of under-130% FPL population
51005,"Alleghany County, VA",VA,14541,2453,5163,520.0,991.0,291,FNS state total allocated by share of under-130% FPL population
20133,"Neosho County, KS",KS,15149,2689,5096,625.0,1013.0,290,FNS state total allocated by share of under-130% FPL population
27111,"Otter Tail County, MN",MN,59440,8043,15303,1628.0,2531.0,290,FNS state total allocated by share of under-130% FPL population
48399,"Runnels County, TX",TX,9651,1624,3282,414.0,470.0,290,FNS state total allocated by share of under-130% FPL population
54011,"Cabell County, WV",WV,88237,21868,35004,6575.0,8137.0,290,FNS state total allocated by share of under-130% FPL population
47101,"Lewis County, TN",TN,12849,2722,4427,1010.0,1029.0,289,FNS state total allocated by share of under-130% FPL population
51063,"Floyd County, VA",VA,15514,2430,5229,534.0,868.0,289,FNS state total allocated by share of under-130% FPL population
13147,"Hart County, GA",GA,26214,4577,8923,1146.0,1719.0,288,FNS state total allocated by share of under-130% FPL population
19103,"Johnson County, IA",IA,148461,30732,44098,3824.0,10111.0,288,FNS state total allocated by share of under-130% FPL population
21091,"Hancock County, KY",KY,8894,1744,2942,537.0,646.0,288,FNS state total allocated by share of under-130% FPL population
27141,"Sherburne County, MN",MN,98661,8010,15862,1780.0,2399.0,288,FNS state total allocated by share of under-130% FPL population
37017,"Bladen County, NC",NC,29219,8579,12653,3093.0,2818.0,288,FNS state total allocated by share of under-130% FPL population
51125,"Nelson County, VA",VA,14696,2428,4019,728.0,1013.0,288,FNS state total allocated by share of under-130% FPL population
18077,"Jefferson County, IN",IN,30858,4734,10391,1274.0,1687.0,287,FNS state total allocated by share of under-130% FPL population
06049,"Modoc County, CA",CA,8458,2072,3092,456.0,459.0,286,FNS state total allocated by share of under-130% FPL population
02185,"North Slope Borough, AK",AK,10631,1514,2509,320.0,361.0,285,FNS state total allocated by share of under-130% FPL population
47121,"Meigs County, TN",TN,13234,2677,4688,828.0,898.0,285,FNS state total allocated by share of under-130% FPL population
18079,"Jennings County, IN",IN,26744,4685,9426,873.0,1352.0,284,FNS state total allocated by share of under-130% FPL population
46093,"Meade County, SD",SD,29582,3188,7481,708.0,863.0,284,FNS state total allocated by share of under-130% FPL population
13229,"Pierce County, GA",GA,19974,4497,6947,883.0,1020.0,283,FNS state total allocated by share of under-130% FPL population
47067,"Hancock County, TN",TN,6676,2633,3844,984.0,925.0,280,FNS state total allocated by share of under-130% FPL population
48403,"Sabine County, TX",TX,9874,1558,2726,691.0,594.0,278,FNS state total allocated by share of under-130% FPL population
13075,"Cook County, GA",GA,17286,4396,7545,964.0,1237.0,277,FNS state total allocated by share of under-130% FPL population
39155,"Trumbull County, OH",OH,196864,43338,71389,12094.0,14154.0,277,FNS state total allocated by share of under-130% FPL population
51640,"Galax city, VA",VA,6495,2335,3127,610.0,810.0,277,FNS state total allocated by share of under-130% FPL population
13311,"White County, GA",GA,27988,4390,8507,1045.0,1285.0,276,FNS state total allocated by share of under-130% FPL population
18169,"Wabash County, IN",IN,29240,4557,9203,898.0,1425.0,276,FNS state total allocated by share of under-130% FPL population
30017,"Custer County, MT",MT,11460,1977,3390,415.0,641.0,276,FNS state total allocated by share of under-130% FPL population
51620,"Franklin city, VA",VA,8100,2325,3489,983.0,541.0,276,FNS state total allocated by share of under-130% FPL population
01131,"Wilcox County, AL",AL,9967,3607,5065,1427.0,1161.0,275,FNS state total allocated by share of under-130% FPL population
29155,"Pemiscot County, MO",MO,14749,5528,7895,1947.0,1827.0,275,FNS state total allocated by share of under-130% FPL population
40017,"Canadian County, OK",OK,165902,18912,36834,4863.0,4648.0,275,FNS state total allocated by share of under-130% FPL population
48159,"Franklin County, TX",TX,10518,1530,3034,241.0,553.0,273,FNS state total allocated by share of under-130% FPL population
13105,"Elbert County, GA",GA,19451,4321,7137,1292.0,1434.0,272,FNS state total allocated by share of under-130% FPL population
30023,"Deer Lodge County, MT",MT,9190,1953,2616,586.0,668.0,272,FNS state total allocated by share of under-130% FPL population
12067,"Lafayette County, FL",FL,6674,1871,2628,437.0,478.0,271,FNS state total allocated by share of under-130% FPL population
16041,"Franklin County, ID",ID,14897,1844,3879,301.0,588.0,271,FNS state total allocated by share of under-130% FPL population
18149,"Starke County, IN",IN,23201,4483,8401,1121.0,1376.0,271,FNS state total allocated by share of under-130% FPL population
48017,"Bailey County, TX",TX,6745,1520,2785,395.0,416.0,271,FNS state total allocated by share of under-130% FPL population
01027,"Clay County, AL",AL,13848,3550,5644,828.0,1083.0,270,FNS state total allocated by share of under-130% FPL population
01063,"Greene County, AL",AL,7347,3541,4671,1029.0,1303.0,270,FNS state total allocated by share of under-130% FPL population
01119,"Sumter County, AL",AL,9724,3545,5366,1471.0,1430.0,270,FNS state total allocated by share of under-130% FPL population
36123,"Yates County, NY",NY,23305,4191,7533,1012.0,1078.0,270,FNS state total allocated by share of under-130% FPL population
46027,"Clay County, SD",SD,12739,3029,4913,547.0,1368.0,270,FNS state total allocated by share of under-130% FPL population
01075,"Lamar County, AL",AL,13603,3521,6052,1044.0,1016.0,268,FNS state total allocated by share of under-130% FPL population
13029,"Bryan County, GA",GA,48023,4266,8258,1314.0,1368.0,268,FNS state total allocated by share of under-130% FPL population
31019,"Buffalo County, NE",NE,48269,7685,13349,1306.0,2282.0,268,FNS state total allocated by share of under-130% FPL population
46035,"Davison County, SD",SD,18946,3006,5431,679.0,1083.0,268,FNS state total allocated by share of under-130% FPL population
13161,"Jeff Davis County, GA",GA,14828,4236,7425,940.0,1313.0,266,FNS state total allocated by share of under-130% FPL population
29127,"Marion County, MO",MO,27490,5343,9331,1370.0,1850.0,266,FNS state total allocated by share of under-130% FPL population
20149,"Pottawatomie County, KS",KS,25860,2459,5861,409.0,781.0,265,FNS state total allocated by share of under-130% FPL population
29131,"Miller County, MO",MO,24858,5332,9302,875.0,1587.0,265,FNS state total allocated by share of under-130% FPL population
18151,"Steuben County, IN",IN,33068,4362,7882,999.0,1443.0,264,FNS state total allocated by share of under-130% FPL population
29141,"Morgan County, MO",MO,21313,5308,8892,1059.0,1715.0,264,FNS state total allocated by share of under-130% FPL population
13085,"Dawson County, GA",GA,30085,4186,6891,824.0,1003.0,263,FNS state total allocated by share of under-130% FPL population
48077,"Clay County, TX",TX,10375,1475,2732,273.0,431.0,263,FNS state total allocated by share of under-130% FPL population
01129,"Washington County, AL",AL,15028,3442,5387,821.0,1344.0,262,FNS state total allocated by share of under-130% FPL population
48495,"Winkler County, TX",TX,7373,1469,2326,520.0,362.0,262,FNS state total allocated by share of under-130% FPL population
48501,"Yoakum County, TX",TX,7497,1470,2086,85.0,299.0,262,FNS state total allocated by share of under-130% FPL population
54081,"Raleigh County, WV",WV,69615,19785,28941,5591.0,6521.0,262,FNS state total allocated by share of under-130% FPL population
18073,"Jasper County, IN",IN,32723,4310,8347,685.0,1149.0,261,FNS state total allocated by share of under-130% FPL population
51081,"Greensville County, VA",VA,8062,2201,3763,496.0,513.0,261,FNS state total allocated by share of under-130% FPL population
13207,"Monroe County, GA",GA,28312,4139,6878,627.0,1104.0,260,FNS state total allocated by share of under-130% FPL population
18137,"Ripley County, IN",IN,28565,4292,8189,845.0,1326.0,260,FNS state total allocated by share of under-130% FPL population
18183,"Whitley County, IN",IN,34192,4293,7181,906.0,1280.0,260,FNS state total allocated by share of under-130% FPL population
27061,"Itasca County, MN",MN,44125,7216,12944,1980.0,2317.0,260,FNS state total allocated by share of under-130% FPL population
48175,"Goliad County, TX",TX,7046,1460,2714,293.0,522.0,260,FNS state total allocated by share of under-130% FPL population
48283,"La Salle County, TX",TX,5698,1461,2527,229.0,362.0,260,FNS state total allocated by share of under-130% FPL population
48369,"Parmer County, TX",TX,9611,1457,3453,159.0,382.0,260,FNS state total allocated by share of under-130% FPL population
29229,"Wright County, MO",MO,18631,5202,8396,974.0,1515.0,259,FNS state total allocated by share of under-130% FPL population
13025,"Brantley County, GA",GA,18212,4101,6213,1249.0,1122.0,258,FNS state total allocated by share of under-130% FPL population
47027,"Clay County, TN",TN,7596,2429,3549,879.0,871.0,258,FNS state total allocated by share of under-130% FPL population
56019,"Johnson County, WY",WY,8572,1258,2516,59.0,335.0,258,FNS state total allocated by share of under-130% FPL population
13145,"Harris County, GA",GA,35616,4078,7153,1317.0,1113.0,257,FNS state total allocated by share of under-130% FPL population
18133,"Putnam County, IN",IN,32749,4250,8792,1150.0,1277.0,257,FNS state total allocated by share of under-130% FPL population
37197,"Yadkin County, NC",NC,37107,7653,12758,2145.0,2032.0,257,FNS state total allocated by share of under-130% FPL population
30005,"Blaine County, MT",MT,6857,1835,2750,336.0,413.0,256,FNS state total allocated by share of under-130% FPL population
38071,"Ramsey County, ND",ND,11038,2467,3470,590.0,746.0,256,FNS state total allocated by share of under-130% FPL population
01105,"Perry County, AL",AL,7219,3352,4508,1151.0,830.0,255,FNS state total allocated by share of under-130% FPL population
18049,"Fulton County, IN",IN,20158,4208,7631,996.0,1169.0,255,FNS state total allocated by share of under-130% FPL population
23029,"Washington County, ME",ME,30360,6787,11463,2663.0,2721.0,255,FNS state total allocated by share of under-130% FPL population
48307,"McCulloch County, TX",TX,7363,1432,2653,405.0,591.0,255,FNS state total allocated by share of under-130% FPL population
48391,"Refugio County, TX",TX,6550,1433,2424,352.0,408.0,255,FNS state total allocated by share of under-130% FPL population
54003,"Berkeley County, WV",WV,127913,19201,35586,5907.0,5626.0,255,FNS state total allocated by share of under-130% FPL population
01029,"Cleburne County, AL",AL,15271,3331,5677,867.0,996.0,254,FNS state total allocated by share of under-130% FPL population
16085,"Valley County, ID",ID,12259,1719,3328,134.0,543.0,253,FNS state total allocated by share of under-130% FPL population
19163,"Scott County, IA",IA,170637,26903,43325,7544.0,8241.0,252,FNS state total allocated by share of under-130% FPL population
13035,"Butts County, GA",GA,23963,3949,7278,1324.0,999.0,248,FNS state total allocated by share of under-130% FPL population
29015,"Benton County, MO",MO,19859,4967,7953,1070.0,1630.0,247,FNS state total allocated by share of under-130% FPL population
29055,"Crawford County, MO",MO,22415,4971,8624,1163.0,1387.0,247,FNS state total allocated by share of under-130% FPL population
16077,"Power County, ID",ID,8068,1677,3441,250.0,353.0,246,FNS state total allocated by share of under-130% FPL population
29217,"Vernon County, MO",MO,19023,4958,8406,1159.0,1324.0,246,FNS state total allocated by share of under-130% FPL population
48031,"Blanco County, TX",TX,12301,1381,2495,243.0,476.0,246,FNS state total allocated by share of under-130% FPL population
01041,"Crenshaw County, AL",AL,12878,3217,5187,1087.0,1157.0,245,FNS state total allocated by share of under-130% FPL population
21223,"Trimble County, KY",KY,8441,1484,2421,364.0,427.0,245,FNS state total allocated by share of under-130% FPL population
37169,"Stokes County, NC",NC,44381,7292,14862,2889.0,2300.0,245,FNS state total allocated by share of under-130% FPL population
40101,"Muskogee County, OK",OK,62456,16848,27513,5071.0,4898.0,245,FNS state total allocated by share of under-130% FPL population
48043,"Brewster County, TX",TX,9051,1375,3087,338.0,558.0,245,FNS state total allocated by share of under-130% FPL population
18117,"Orange County, IN",IN,19454,4026,6561,920.0,1196.0,244,FNS state total allocated by share of under-130% FPL population
51685,"Manassas Park city, VA",VA,16798,2056,3502,525.0,205.0,244,FNS state total allocated by share of under-130% FPL population
04011,"Greenlee County, AZ",AZ,9378,1587,2773,205.0,279.0,243,FNS state total allocated by share of under-130% FPL population
13191,"McIntosh County, GA",GA,11185,3863,4907,1107.0,1136.0,243,FNS state total allocated by share of under-130% FPL population
37113,"Macon County, NC",NC,37505,7226,13275,1640.0,2552.0,243,FNS state total allocated by share of under-130% FPL population
02290,"Yukon-Koyukuk Census Area, AK",AK,5156,1284,2055,514.0,363.0,242,FNS state total allocated by share of under-130% FPL population
13183,"Long County, GA",GA,18113,3848,6784,1123.0,1123.0,242,FNS state total allocated by share of under-130% FPL population
29219,"Warren County, MO",MO,36695,4868,8159,952.0,1286.0,242,FNS state total allocated by share of under-130% FPL population
37139,"Pasquotank County, NC",NC,38261,7187,12811,2771.0,2061.0,242,FNS state total allocated by share of under-130% FPL population
48153,"Floyd County, TX",TX,5157,1354,2397,252.0,391.0,241,FNS state total allocated by share of under-130% FPL population
21007,"Ballard County, KY",KY,7509,1453,2400,381.0,408.0,240,FNS state total allocated by share of under-130% FPL population
27099,"Mower County, MN",MN,39626,6660,11361,1671.0,1541.0,240,FNS state total allocated by share of under-130% FPL population
38077,"Richland County, ND",ND,15212,2309,3848,426.0,813.0,240,FNS state total allocated by share of under-130% FPL population
51113,"Madison County, VA",VA,13739,2018,4063,581.0,581.0,240,FNS state total allocated by share of under-130% FPL population
51145,"Powhatan County, VA",VA,30138,2023,3843,166.0,488.0,240,FNS state total allocated by share of under-130% FPL population
13163,"Jefferson County, GA",GA,14852,3802,5987,1281.0,1032.0,239,FNS state total allocated by share of under-130% FPL population
49027,"Millard County, UT",UT,13152,2061,3644,208.0,385.0,239,FNS state total allocated by share of under-130% FPL population
13291,"Union County, GA",GA,25750,3776,7821,852.0,1290.0,238,FNS state total allocated by share of under-130% FPL population
56043,"Washakie County, WY",WY,7542,1161,2350,258.0,397.0,238,FNS state total allocated by share of under-130% FPL population
22079,"Rapides Parish, LA",LA,124612,33960,51567,9348.0,9697.0,237,FNS state total allocated by share of under-130% FPL population
22105,"Tangipahoa Parish, LA",LA,132393,33994,52838,11015.0,10047.0,237,FNS state total allocated by share of under-130% FPL population
51007,"Amelia County, VA",VA,13349,1999,3726,727.0,682.0,237,FNS state total allocated by share of under-130% FPL population
02240,"Southeast Fairbanks Census Area, AK",AK,6953,1254,2249,214.0,306.0,236,FNS state total allocated by share of under-130% FPL population
18021,"Clay County, IN",IN,25894,3873,7976,820.0,1206.0,235,FNS state total allocated by share of under-130% FPL population
23027,"Waldo County, ME",ME,39291,6256,11066,2180.0,2237.0,235,FNS state total allocated by share of under-130% FPL population
48107,"Crosby County, TX",TX,4935,1317,2010,466.0,392.0,235,FNS state total allocated by share of under-130% FPL population
18153,"Sullivan County, IN",IN,18714,3859,7085,863.0,1120.0,234,FNS state total allocated by share of under-130% FPL population
19013,"Black Hawk County, IA",IA,126059,25057,42239,6077.0,7692.0,234,FNS state total allocated by share of under-130% FPL population
46023,"Charles Mix County, SD",SD,9006,2619,3521,430.0,575.0,233,FNS state total allocated by share of under-130% FPL population
16059,"Lemhi County, ID",ID,8145,1581,3206,345.0,606.0,232,FNS state total allocated by share of under-130% FPL population
51175,"Southampton County, VA",VA,16406,1955,4056,999.0,706.0,232,FNS state total allocated by share of under-130% FPL population
47135,"Perry County, TN",TN,8525,2174,3157,480.0,613.0,231,FNS state total allocated by share of under-130% FPL population
30073,"Pondera County, MT",MT,5925,1645,2634,204.0,397.0,230,FNS state total allocated by share of under-130% FPL population
54107,"Wood County, WV",WV,82053,17253,29383,6317.0,5246.0,229,FNS state total allocated by share of under-130% FPL population
18087,"LaGrange County, IN",IN,40433,3767,10230,597.0,989.0,228,FNS state total allocated by share of under-130% FPL population
27019,"Carver County, MN",MN,108941,6344,11516,1504.0,1953.0,228,FNS state total allocated by share of under-130% FPL population
29083,"Henry County, MO",MO,22017,4579,7900,1000.0,1198.0,228,FNS state total allocated by share of under-130% FPL population
29175,"Randolph County, MO",MO,22464,4567,8473,1388.0,1333.0,227,FNS state total allocated by share of under-130% FPL population
38053,"McKenzie County, ND",ND,14156,2187,3751,205.0,498.0,227,FNS state total allocated by share of under-130% FPL population
21149,"McLean County, KY",KY,9005,1368,2950,374.0,501.0,226,FNS state total allocated by share of under-130% FPL population
31157,"Scotts Bluff County, NE",NE,34979,6478,11070,1799.0,1971.0,226,FNS state total allocated by share of under-130% FPL population
40125,"Pottawatomie County, OK",OK,69663,15481,26453,5005.0,4270.0,225,FNS state total allocated by share of under-130% FPL population
51580,"Covington city, VA",VA,5599,1890,2663,470.0,517.0,225,FNS state total allocated by share of under-130% FPL population
31111,"Lincoln County, NE",NE,32940,6423,11393,1730.0,1887.0,224,FNS state total allocated by share of under-130% FPL population
51570,"Colonial Heights city, VA",VA,18136,1885,4052,983.0,754.0,224,FNS state total allocated by share of under-130% FPL population
20041,"Dickinson County, KS",KS,18112,2067,4158,458.0,703.0,223,FNS state total allocated by share of under-130% FPL population
27067,"Kandiyohi County, MN",MN,43149,6188,11098,1852.0,1614.0,223,FNS state total allocated by share of under-130% FPL population
29059,"Dallas County, MO",MO,17241,4488,7077,1137.0,1500.0,223,FNS state total allocated by share of under-130% FPL population
27049,"Goodhue County, MN",MN,47029,6164,9997,1491.0,2184.0,222,FNS state total allocated by share of under-130% FPL population
48305,"Lynn County, TX",TX,5701,1244,1968,256.0,340.0,222,FNS state total allocated by share of under-130% FPL population
13193,"Macon County, GA",GA,9871,3516,5468,1121.0,1271.0,221,FNS state total allocated by share of under-130% FPL population
18031,"Decatur County, IN",IN,25880,3654,6178,597.0,1124.0,221,FNS state total allocated by share of under-130% FPL population
18179,"Wells County, IN",IN,27915,3635,7881,666.0,976.0,220,FNS state total allocated by share of under-130% FPL population
29195,"Saline County, MO",MO,21676,4428,8041,1064.0,1362.0,220,FNS state total allocated by share of under-130% FPL population
02198,"Prince of Wales-Hyder Census Area, AK",AK,5663,1165,1984,396.0,283.0,219,FNS state total allocated by share of under-130% FPL population
18181,"White County, IN",IN,24371,3592,7954,637.0,1059.0,218,FNS state total allocated by share of under-130% FPL population
51183,"Sussex County, VA",VA,9147,1834,3016,715.0,434.0,218,FNS state total allocated by share of under-130% FPL population
13159,"Jasper County, GA",GA,15797,3455,6580,696.0,972.0,217,FNS state total allocated by share of under-130% FPL population
36097,"Schuyler County, NY",NY,17417,3358,5785,1111.0,1003.0,217,FNS state total allocated by share of under-130% FPL population
51103,"Lancaster County, VA",VA,10673,1828,3326,566.0,601.0,217,FNS state total allocated by share of under-130% FPL population
48111,"Dallam County, TX",TX,7261,1211,2628,301.0,296.0,216,FNS state total allocated by share of under-130% FPL population
18123,"Perry County, IN",IN,17866,3550,5799,801.0,1193.0,215,FNS state total allocated by share of under-130% FPL population
01023,"Choctaw County, AL",AL,12249,2815,5121,823.0,1037.0,214,FNS state total allocated by share of under-130% FPL population
02070,"Dillingham Census Area, AK",AK,4692,1134,2115,391.0,266.0,214,FNS state total allocated by share of under-130% FPL population
13099,"Early County, GA",GA,10482,3395,4864,1077.0,973.0,214,FNS state total allocated by share of under-130% FPL population
13171,"Lamar County, GA",GA,18576,3399,5488,961.0,905.0,214,FNS state total allocated by share of under-130% FPL population
13177,"Lee County, GA",GA,32349,3407,6859,1170.0,669.0,214,FNS state total allocated by share of under-130% FPL population
46109,"Roberts County, SD",SD,9980,2405,3921,386.0,507.0,214,FNS state total allocated by share of under-130% FPL population
48425,"Somervell County, TX",TX,9530,1203,2265,203.0,282.0,214,FNS state total allocated by share of under-130% FPL population
27005,"Becker County, MN",MN,34696,5925,10040,1668.0,1804.0,213,FNS state total allocated by share of under-130% FPL population
37003,"Alexander County, NC",NC,34657,6337,11483,1902.0,1568.0,213,FNS state total allocated by share of under-130% FPL population
16035,"Clearwater County, ID",ID,8257,1433,2553,305.0,479.0,211,FNS state total allocated by share of under-130% FPL population
48483,"Wheeler County, TX",TX,4753,1182,1785,263.0,318.0,211,FNS state total allocated by share of under-130% FPL population
51057,"Essex County, VA",VA,10535,1780,3474,571.0,668.0,211,FNS state total allocated by share of under-130% FPL population
13049,"Charlton County, GA",GA,12180,3331,4379,1064.0,839.0,210,FNS state total allocated by share of under-130% FPL population
29107,"Lafayette County, MO",MO,32639,4219,8590,1177.0,1180.0,210,FNS state total allocated by share of under-130% FPL population
21143,"Lyon County, KY",KY,7331,1260,2201,403.0,407.0,208,FNS state total allocated by share of under-130% FPL population
48075,"Childress County, TX",TX,5311,1164,1627,162.0,346.0,208,FNS state total allocated by share of under-130% FPL population
18121,"Parke County, IN",IN,15380,3426,5501,781.0,899.0,207,FNS state total allocated by share of under-130% FPL population
51127,"New Kent County, VA",VA,24382,1744,3606,414.0,585.0,207,FNS state total allocated by share of under-130% FPL population
13005,"Bacon County, GA",GA,10717,3256,4921,878.0,1018.0,205,FNS state total allocated by share of under-130% FPL population
27009,"Benton County, MN",MN,40889,5695,9933,1432.0,1882.0,205,FNS state total allocated by share of under-130% FPL population
29143,"New Madrid County, MO",MO,15308,4129,6907,1575.0,1292.0,205,FNS state total allocated by share of under-130% FPL population
40037,"Creek County, OK",OK,71688,14138,24875,4169.0,4236.0,205,FNS state total allocated by share of under-130% FPL population
30001,"Beaverhead County, MT",MT,9353,1465,2847,304.0,604.0,204,FNS state total allocated by share of under-130% FPL population
37007,"Anson County, NC",NC,20635,6075,9754,2889.0,1932.0,204,FNS state total allocated by share of under-130% FPL population
38061,"Mountrail County, ND",ND,9390,1963,2935,183.0,538.0,204,FNS state total allocated by share of under-130% FPL population
47095,"Lake County, TN",TN,4412,1919,2728,657.0,790.0,204,FNS state total allocated by share of under-130% FPL population
56031,"Platte County, WY",WY,8461,996,2262,189.0,491.0,204,FNS state total allocated by share of under-130% FPL population
31119,"Madison County, NE",NE,34656,5811,10971,1236.0,2259.0,203,FNS state total allocated by share of under-130% FPL population
48207,"Haskell County, TX",TX,5226,1139,2019,328.0,354.0,203,FNS state total allocated by share of under-130% FPL population
05013,"Calhoun County, AR",AR,4495,718,1409,136.0,208.0,202,FNS state total allocated by share of under-130% FPL population
09130,"Lower Connecticut River Valley Planning Region, CT",CT,169620,15602,27548,5027.0,5641.0,202,FNS state total allocated by share of under-130% FPL population
13173,"Lanier County, GA",GA,9986,3216,4959,669.0,836.0,202,FNS state total allocated by share of under-130% FPL population
13251,"Screven County, GA",GA,13873,3217,6749,674.0,891.0,202,FNS state total allocated by share of under-130% FPL population
20139,"Osage County, KS",KS,15517,1875,3879,464.0,657.0,202,FNS state total allocated by share of under-130% FPL population
13273,"Terrell County, GA",GA,8555,3192,4060,825.0,884.0,201,FNS state total allocated by share of under-130% FPL population
16081,"Teton County, ID",ID,12392,1368,2586,143.0,384.0,201,FNS state total allocated by share of under-130% FPL population
49019,"Grand County, UT",UT,9665,1735,3377,148.0,551.0,201,FNS state total allocated by share of under-130% FPL population
13011,"Banks County, GA",GA,19176,3180,5373,618.0,911.0,200,FNS state total allocated by share of under-130% FPL population
20117,"Marshall County, KS",KS,9747,1854,3170,160.0,522.0,200,FNS state total allocated by share of under-130% FPL population
23007,"Franklin County, ME",ME,29187,5318,10101,1949.0,1631.0,200,FNS state total allocated by share of under-130% FPL population
18119,"Owen County, IN",IN,21203,3287,6348,838.0,1036.0,199,FNS state total allocated by share of under-130% FPL population
27021,"Cass County, MN",MN,30602,5531,9687,1491.0,1628.0,199,FNS state total allocated by share of under-130% FPL population
13241,"Rabun County, GA",GA,17087,3148,5272,550.0,1066.0,198,FNS state total allocated by share of under-130% FPL population
30009,"Carbon County, MT",MT,11021,1421,2795,286.0,354.0,198,FNS state total allocated by share of under-130% FPL population
48009,"Archer County, TX",TX,8808,1113,2115,227.0,363.0,198,FNS state total allocated by share of under-130% FPL population
56017,"Hot Springs County, WY",WY,4516,965,1679,168.0,260.0,198,FNS state total allocated by share of under-130% FPL population
06051,"Mono County, CA",CA,13047,1428,2489,266.0,373.0,197,FNS state total allocated by share of under-130% FPL population
29177,"Ray County, MO",MO,22912,3969,6702,954.0,1167.0,197,FNS state total allocated by share of under-130% FPL population
37175,"Transylvania County, NC",NC,32682,5862,10110,1647.0,2185.0,197,FNS state total allocated by share of under-130% FPL population
13219,"Oconee County, GA",GA,43235,3117,6145,424.0,1009.0,196,FNS state total allocated by share of under-130% FPL population
29147,"Nodaway County, MO",MO,18265,3945,6912,704.0,1358.0,196,FNS state total allocated by share of under-130% FPL population
38085,"Sioux County, ND",ND,3659,1884,2324,409.0,396.0,196,FNS state total allocated by share of under-130% FPL population
51133,"Northumberland County, VA",VA,12143,1648,3225,371.0,679.0,196,FNS state total allocated by share of under-130% FPL population
18129,"Posey County, IN",IN,24750,3217,5781,735.0,1061.0,195,FNS state total allocated by share of under-130% FPL population
22097,"St. Landry Parish, LA",LA,80268,28004,40093,6975.0,9055.0,195,FNS state total allocated by share of under-130% FPL population
23023,"Sagadahoc County, ME",ME,36836,5181,8530,1432.0,1904.0,195,FNS state total allocated by share of under-130% FPL population
37059,"Davie County, NC",NC,43747,5812,10579,2020.0,1612.0,195,FNS state total allocated by share of under-130% FPL population
18025,"Crawford County, IN",IN,10409,3201,4435,536.0,865.0,194,FNS state total allocated by share of under-130% FPL population
51101,"King William County, VA",VA,18475,1630,3663,498.0,648.0,194,FNS state total allocated by share of under-130% FPL population
13271,"Telfair County, GA",GA,9566,3062,5143,935.0,919.0,193,FNS state total allocated by share of under-130% FPL population
31053,"Dodge County, NE",NE,36284,5534,9267,1245.0,1704.0,193,FNS state total allocated by share of under-130% FPL population
51097,"King and Queen County, VA",VA,6682,1621,2305,585.0,417.0,193,FNS state total allocated by share of under-130% FPL population
12077,"Liberty County, FL",FL,6171,1326,1940,684.0,479.0,192,FNS state total allocated by share of under-130% FPL population
13003,"Atkinson County, GA",GA,8313,3038,4536,845.0,744.0,191,FNS state total allocated by share of under-130% FPL population
51049,"Cumberland County, VA",VA,9810,1611,3720,850.0,483.0,191,FNS state total allocated by share of under-130% FPL population
51530,"Buena Vista city, VA",VA,6092,1608,2517,348.0,491.0,191,FNS state total allocated by share of under-130% FPL population
13109,"Evans County, GA",GA,10148,3021,4673,801.0,831.0,190,FNS state total allocated by share of under-130% FPL population
27017,"Carlton County, MN",MN,34638,5285,9028,1036.0,1425.0,190,FNS state total allocated by share of under-130% FPL population
48023,"Baylor County, TX",TX,3415,1059,1707,243.0,329.0,189,FNS state total allocated by share of under-130% FPL population
51075,"Goochland County, VA",VA,25473,1592,2879,383.0,500.0,189,FNS state total allocated by share of under-130% FPL population
18165,"Vermillion County, IN",IN,15206,3098,5559,757.0,1076.0,188,FNS state total allocated by share of under-130% FPL population
37039,"Cherokee County, NC",NC,29297,5584,10329,1577.0,1870.0,188,FNS state total allocated by share of under-130% FPL population
20205,"Wilson County, KS",KS,8370,1734,3007,352.0,482.0,187,FNS state total allocated by share of under-130% FPL population
27097,"Morrison County, MN",MN,33734,5205,9380,1162.0,1653.0,187,FNS state total allocated by share of under-130% FPL population
40079,"Le Flore County, OK",OK,47262,12909,21475,3768.0,3578.0,187,FNS state total allocated by share of under-130% FPL population
13043,"Candler County, GA",GA,10755,2955,4122,934.0,642.0,186,FNS state total allocated by share of under-130% FPL population
22063,"Livingston Parish, LA",LA,146515,26721,42671,6983.0,6734.0,186,FNS state total allocated by share of under-130% FPL population
38005,"Benson County, ND",ND,5777,1790,2716,416.0,523.0,186,FNS state total allocated by share of under-130% FPL population
13269,"Taylor County, GA",GA,7639,2922,4107,1085.0,1035.0,184,FNS state total allocated by share of under-130% FPL population
19193,"Woodbury County, IA",IA,103427,19690,34321,5147.0,6088.0,184,FNS state total allocated by share of under-130% FPL population
23013,"Knox County, ME",ME,39236,4897,9959,1572.0,1844.0,184,FNS state total allocated by share of under-130% FPL population
37117,"Martin County, NC",NC,21280,5476,8920,1912.0,2125.0,184,FNS state total allocated by share of under-130% FPL population
40131,"Rogers County, OK",OK,96773,12658,24848,3941.0,3318.0,184,FNS state total allocated by share of under-130% FPL population
13023,"Bleckley County, GA",GA,11180,2908,4558,1000.0,949.0,183,FNS state total allocated by share of under-130% FPL population
20001,"Allen County, KS",KS,12018,1698,3508,467.0,521.0,183,FNS state total allocated by share of under-130% FPL population
27025,"Chisago County, MN",MN,56590,5070,9020,1123.0,1373.0,183,FNS state total allocated by share of under-130% FPL population
29181,"Ripley County, MO",MO,10586,3680,5519,694.0,1045.0,183,FNS state total allocated by share of under-130% FPL population
13287,"Turner County, GA",GA,8599,2898,4235,1071.0,832.0,182,FNS state total allocated by share of under-130% FPL population
22015,"Bossier Parish, LA",LA,127160,26075,41816,5389.0,7361.0,182,FNS state total allocated by share of under-130% FPL population
37079,"Greene County, NC",NC,17998,5403,8412,1513.0,1283.0,182,FNS state total allocated by share of under-130% FPL population
20013,"Brown County, KS",KS,9104,1681,2955,439.0,570.0,181,FNS state total allocated by share of under-130% FPL population
37123,"Montgomery County, NC",NC,25324,5372,10286,1984.0,1545.0,181,FNS state total allocated by share of under-130% FPL population
51119,"Middlesex County, VA",VA,10379,1526,2950,544.0,316.0,181,FNS state total allocated by share of under-130% FPL population
37091,"Hertford County, NC",NC,18232,5366,8105,2305.0,1810.0,180,FNS state total allocated by share of under-130% FPL population
19169,"Story County, IA",IA,87679,19136,28343,1780.0,6936.0,179,FNS state total allocated by share of under-130% FPL population
46041,"Dewey County, SD",SD,5109,2014,2528,359.0,503.0,179,FNS state total allocated by share of under-130% FPL population
54033,"Harrison County, WV",WV,63831,13496,21304,4208.0,3726.0,179,FNS state total allocated by share of under-130% FPL population
27119,"Polk County, MN",MN,29556,4957,7823,1230.0,1696.0,178,FNS state total allocated by share of under-130% FPL population
37009,"Ashe County, NC",NC,26611,5307,9265,1709.0,1826.0,178,FNS state total allocated by share of under-130% FPL population
54055,"Mercer County, WV",WV,57106,13442,21644,5242.0,4336.0,178,FNS state total allocated by share of under-130% FPL population
18045,"Fountain County, IN",IN,16448,2922,5592,610.0,891.0,177,FNS state total allocated by share of under-130% FPL population
18139,"Rush County, IN",IN,16526,2925,5322,674.0,795.0,177,FNS state total allocated by share of under-130% FPL population
21039,"Carlisle County, KY",KY,4695,1072,1697,232.0,293.0,177,FNS state total allocated by share of under-130% FPL population
13149,"Heard County, GA",GA,11619,2798,4058,1092.0,897.0,176,FNS state total allocated by share of under-130% FPL population
20115,"Marion County, KS",KS,11002,1627,3326,290.0,473.0,176,FNS state total allocated by share of under-130% FPL population
29039,"Cedar County, MO",MO,14413,3537,6765,705.0,808.0,176,FNS state total allocated by share of under-130% FPL population
39025,"Clermont County, OH",OH,208925,27544,48025,6700.0,8003.0,176,FNS state total allocated by share of under-130% FPL population
47169,"Trousdale County, TN",TN,9429,1652,2477,405.0,495.0,176,FNS state total allocated by share of under-130% FPL population
48081,"Coke County, TX",TX,3216,985,1606,234.0,354.0,176,FNS state total allocated by share of under-130% FPL population
29049,"Clinton County, MO",MO,21021,3521,5751,646.0,1177.0,175,FNS state total allocated by share of under-130% FPL population
40047,"Garfield County, OK",OK,60038,12038,20836,3734.0,2986.0,175,FNS state total allocated by share of under-130% FPL population
46031,"Corson County, SD",SD,3781,1961,2293,283.0,377.0,175,FNS state total allocated by share of under-130% FPL population
49015,"Emery County, UT",UT,9953,1512,2933,351.0,363.0,175,FNS state total allocated by share of under-130% FPL population
13231,"Pike County, GA",GA,19416,2756,4581,350.0,697.0,173,FNS state total allocated by share of under-130% FPL population
37185,"Warren County, NC",NC,18138,5149,8200,1882.0,1638.0,173,FNS state total allocated by share of under-130% FPL population
39085,"Lake County, OH",OH,229226,27109,48132,7547.0,8707.0,173,FNS state total allocated by share of under-130% FPL population
29163,"Pike County, MO",MO,15981,3451,5914,670.0,957.0,172,FNS state total allocated by share of under-130% FPL population
31001,"Adams County, NE",NE,29692,4942,8551,1189.0,1874.0,172,FNS state total allocated by share of under-130% FPL population
21105,"Hickman County, KY",KY,4239,1039,1742,331.0,346.0,171,FNS state total allocated by share of under-130% FPL population
40021,"Cherokee County, OK",OK,46348,11804,19489,3092.0,3381.0,171,FNS state total allocated by share of under-130% FPL population
40145,"Wagoner County, OK",OK,86107,11805,22326,2692.0,2768.0,171,FNS state total allocated by share of under-130% FPL population
13155,"Irwin County, GA",GA,9048,2708,3951,531.0,686.0,170,FNS state total allocated by share of under-130% FPL population
20151,"Pratt County, KS",KS,8595,1569,2790,176.0,481.0,169,FNS state total allocated by share of under-130% FPL population
27041,"Douglas County, MN",MN,38945,4699,8412,1043.0,1797.0,169,FNS state total allocated by share of under-130% FPL population
27059,"Isanti County, MN",MN,42117,4683,8848,1098.0,1280.0,169,FNS state total allocated by share of under-130% FPL population
29223,"Wayne County, MO",MO,10658,3392,5358,844.0,1041.0,169,FNS state total allocated by share of under-130% FPL population
48195,"Hansford County, TX",TX,5048,946,1720,52.0,231.0,169,FNS state total allocated by share of under-130% FPL population
56035,"Sublette County, WY",WY,8771,822,1502,94.0,263.0,169,FNS state total allocated by share of under-130% FPL population
16003,"Adams County, ID",ID,4709,1142,1692,82.0,282.0,168,FNS state total allocated by share of under-130% FPL population
39023,"Clark County, OH",OH,131956,26343,45234,10097.0,8648.0,168,FNS state total allocated by share of under-130% FPL population
39133,"Portage County, OH",OH,154676,26335,42435,6649.0,8335.0,168,FNS state total allocated by share of under-130% FPL population
40013,"Bryan County, OK",OK,47022,11589,19242,2486.0,2948.0,168,FNS state total allocated by share of under-130% FPL population
40147,"Washington County, OK",OK,51974,11554,19347,3254.0,3300.0,168,FNS state total allocated by share of under-130% FPL population
09160,"Northwest Hills Planning Region, CT",CT,112023,12928,21959,4105.0,4415.0,167,FNS state total allocated by share of under-130% FPL population
13133,"Greene County, GA",GA,19943,2656,5275,590.0,804.0,167,FNS state total allocated by share of under-130% FPL population
37033,"Caswell County, NC",NC,20966,4983,7117,1778.0,1598.0,167,FNS state total allocated by share of under-130% FPL population
40135,"Sequoyah County, OK",OK,39324,11496,18656,3283.0,2915.0,167,FNS state total allocated by share of under-130% FPL population
48411,"San Saba County, TX",TX,5087,937,1857,198.0,206.0,167,FNS state total allocated by share of under-130% FPL population
48461,"Upton County, TX",TX,3080,934,1309,104.0,253.0,167,FNS state total allocated by share of under-130% FPL population
20029,"Cloud County, KS",KS,8411,1534,3067,190.0,386.0,166,FNS state total allocated by share of under-130% FPL population
29157,"Perry County, MO",MO,18551,3339,5781,764.0,1082.0,166,FNS state total allocated by share of under-130% FPL population
31141,"Platte County, NE",NE,34292,4767,10548,969.0,1469.0,166,FNS state total allocated by share of under-130% FPL population
18015,"Carroll County, IN",IN,20340,2703,5582,423.0,786.0,164,FNS state total allocated by share of under-130% FPL population
30021,"Dawson County, MT",MT,8436,1178,2119,127.0,379.0,164,FNS state total allocated by share of under-130% FPL population
48079,"Cochran County, TX",TX,2442,921,1463,200.0,248.0,164,FNS state total allocated by share of under-130% FPL population
47083,"Houston County, TN",TN,8145,1529,2742,516.0,409.0,163,FNS state total allocated by share of under-130% FPL population
13211,"Morgan County, GA",GA,20901,2571,4585,914.0,920.0,162,FNS state total allocated by share of under-130% FPL population
51043,"Clarke County, VA",VA,14944,1365,2152,165.0,475.0,162,FNS state total allocated by share of under-130% FPL population
23015,"Lincoln County, ME",ME,35355,4291,8503,1303.0,1508.0,161,FNS state total allocated by share of under-130% FPL population
27115,"Pine County, MN",MN,28201,4463,7999,1344.0,1611.0,161,FNS state total allocated by share of under-130% FPL population
27153,"Todd County, MN",MN,25220,4466,8116,743.0,1141.0,161,FNS state total allocated by share of under-130% FPL population
01037,"Coosa County, AL",AL,9988,2095,4112,716.0,630.0,160,FNS state total allocated by share of under-130% FPL population
13221,"Oglethorpe County, GA",GA,15262,2529,4339,653.0,781.0,159,FNS state total allocated by share of under-130% FPL population
13243,"Randolph County, GA",GA,5998,2526,3588,1059.0,990.0,159,FNS state total allocated by share of under-130% FPL population
29013,"Bates County, MO",MO,15766,3202,5398,687.0,1050.0,159,FNS state total allocated by share of under-130% FPL population
27047,"Freeborn County, MN",MN,30061,4392,8724,1220.0,1386.0,158,FNS state total allocated by share of under-130% FPL population
27095,"Mille Lacs County, MN",MN,26655,4386,7397,1170.0,1205.0,158,FNS state total allocated by share of under-130% FPL population
29011,"Barton County, MO",MO,11544,3174,5159,823.0,904.0,158,FNS state total allocated by share of under-130% FPL population
30065,"Musselshell County, MT",MT,5098,1136,1786,220.0,377.0,158,FNS state total allocated by share of under-130% FPL population
38003,"Barnes County, ND",ND,10130,1524,2370,308.0,672.0,158,FNS state total allocated by share of under-130% FPL population
46065,"Hughes County, SD",SD,16798,1776,3866,446.0,644.0,158,FNS state total allocated by share of under-130% FPL population
30007,"Broadwater County, MT",MT,7620,1128,2547,100.0,299.0,157,FNS state total allocated by share of under-130% FPL population
37131,"Northampton County, NC",NC,16436,4669,6951,2078.0,1772.0,157,FNS state total allocated by share of under-130% FPL population
40019,"Carter County, OK",OK,47604,10807,18166,3090.0,3113.0,157,FNS state total allocated by share of under-130% FPL population
40041,"Delaware County, OK",OK,40655,10833,17081,2682.0,3107.0,157,FNS state total allocated by share of under-130% FPL population
48119,"Delta County, TX",TX,5385,880,2081,239.0,297.0,157,FNS state total allocated by share of under-130% FPL population
13309,"Wheeler County, GA",GA,6114,2482,3679,380.0,517.0,156,FNS state total allocated by share of under-130% FPL population
22109,"Terrebonne Parish, LA",LA,104595,22305,38566,6875.0,7130.0,156,FNS state total allocated by share of under-130% FPL population
20131,"Nemaha County, KS",KS,9862,1436,2321,134.0,321.0,155,FNS state total allocated by share of under-130% FPL population
20167,"Russell County, KS",KS,6499,1437,2252,471.0,475.0,155,FNS state total allocated by share of under-130% FPL population
47137,"Pickett County, TN",TN,5019,1456,2241,378.0,496.0,155,FNS state total allocated by share of under-130% FPL population
51720,"Norton city, VA",VA,3539,1301,1871,477.0,471.0,155,FNS state total allocated by share of under-130% FPL population
02220,"Sitka City and Borough, AK",AK,8213,820,1370,258.0,246.0,154,FNS state total allocated by share of under-130% FPL population
18009,"Blackford County, IN",IN,11754,2535,4826,754.0,976.0,154,FNS state total allocated by share of under-130% FPL population
20027,"Clay County, KS",KS,7840,1430,2563,252.0,480.0,154,FNS state total allocated by share of under-130% FPL population
20085,"Jackson County, KS",KS,13150,1422,3304,348.0,378.0,153,FNS state total allocated by share of under-130% FPL population
27147,"Steele County, MN",MN,36946,4248,8644,1159.0,1363.0,153,FNS state total allocated by share of under-130% FPL population
30083,"Richland County, MT",MT,11201,1099,3018,193.0,344.0,153,FNS state total allocated by share of under-130% FPL population
49023,"Juab County, UT",UT,12422,1317,2261,230.0,266.0,153,FNS state total allocated by share of under-130% FPL population
22057,"Lafourche Parish, LA",LA,93878,21859,34479,6431.0,6680.0,152,FNS state total allocated by share of under-130% FPL population
27085,"McLeod County, MN",MN,36168,4235,7881,1184.0,1555.0,152,FNS state total allocated by share of under-130% FPL population
27105,"Nobles County, MN",MN,21621,4210,7720,689.0,1037.0,152,FNS state total allocated by share of under-130% FPL population
29067,"Douglas County, MO",MO,11831,3054,5421,671.0,821.0,152,FNS state total allocated by share of under-130% FPL population
29133,"Mississippi County, MO",MO,10516,3053,4661,1224.0,943.0,152,FNS state total allocated by share of under-130% FPL population
30105,"Valley County, MT",MT,7345,1088,2007,247.0,294.0,152,FNS state total allocated by share of under-130% FPL population
13281,"Towns County, GA",GA,12080,2401,4248,445.0,816.0,151,FNS state total allocated by share of under-130% FPL population
30043,"Jefferson County, MT",MT,12507,1080,2625,257.0,315.0,151,FNS state total allocated by share of under-130% FPL population
13141,"Hancock County, GA",GA,6776,2389,3698,871.0,859.0,150,FNS state total allocated by share of under-130% FPL population
13319,"Wilkinson County, GA",GA,8625,2384,3916,530.0,798.0,150,FNS state total allocated by share of under-130% FPL population
38099,"Walsh County, ND",ND,10203,1438,2588,182.0,505.0,150,FNS state total allocated by share of under-130% FPL population
39089,"Licking County, OH",OH,177896,23562,40836,8177.0,7471.0,150,FNS state total allocated by share of under-130% FPL population
51157,"Rappahannock County, VA",VA,7418,1265,1809,161.0,224.0,150,FNS state total allocated by share of under-130% FPL population
56045,"Weston County, WY",WY,6345,725,1248,77.0,276.0,149,FNS state total allocated by share of under-130% FPL population
47175,"Van Buren County, TN",TN,6236,1387,2453,479.0,452.0,148,FNS state total allocated by share of under-130% FPL population
48103,"Crane County, TX",TX,4454,829,2031,63.0,146.0,148,FNS state total allocated by share of under-130% FPL population
13167,"Johnson County, GA",GA,7698,2343,3480,804.0,760.0,147,FNS state total allocated by share of under-130% FPL population
18047,"Franklin County, IN",IN,22884,2421,5456,420.0,736.0,147,FNS state total allocated by share of under-130% FPL population
18147,"Spencer County, IN",IN,19580,2420,4559,540.0,656.0,147,FNS state total allocated by share of under-130% FPL population
20087,"Jefferson County, KS",KS,18139,1363,3539,222.0,568.0,147,FNS state total allocated by share of under-130% FPL population
30095,"Stillwater County, MT",MT,9076,1055,2321,214.0,344.0,147,FNS state total allocated by share of under-130% FPL population
30099,"Teton County, MT",MT,6227,1051,2085,119.0,260.0,147,FNS state total allocated by share of under-130% FPL population
48105,"Crockett County, TX",TX,2767,819,819,0.0,220.0,146,FNS state total allocated by share of under-130% FPL population
54049,"Marion County, WV",WV,54526,10987,16774,3624.0,3204.0,146,FNS state total allocated by share of under-130% FPL population
27103,"Nicollet County, MN",MN,31929,4030,6878,785.0,1066.0,145,FNS state total allocated by share of under-130% FPL population
40121,"Pittsburg County, OK",OK,41319,9988,16354,3243.0,3243.0,145,FNS state total allocated by share of under-130% FPL population
19155,"Pottawattamie County, IA",IA,90758,15337,25909,3693.0,4352.0,144,FNS state total allocated by share of under-130% FPL population
20003,"Anderson County, KS",KS,7724,1332,2571,167.0,343.0,144,FNS state total allocated by share of under-130% FPL population
30015,"Chouteau County, MT",MT,5828,1034,2025,204.0,255.0,144,FNS state total allocated by share of under-130% FPL population
16029,"Caribou County, ID",ID,7079,971,2160,190.0,216.0,143,FNS state total allocated by share of under-130% FPL population
39007,"Ashtabula County, OH",OH,93883,22369,37288,7161.0,6247.0,143,FNS state total allocated by share of under-130% FPL population
39139,"Richland County, OH",OH,117599,22441,39867,7440.0,7111.0,143,FNS state total allocated by share of under-130% FPL population
40137,"Stephens County, OK",OK,42852,9827,15947,3096.0,3159.0,143,FNS state total allocated by share of under-130% FPL population
13165,"Jenkins County, GA",GA,7303,2265,3803,686.0,834.0,142,FNS state total allocated by share of under-130% FPL population
18111,"Newton County, IN",IN,13732,2352,4390,486.0,786.0,142,FNS state total allocated by share of under-130% FPL population
20077,"Harper County, KS",KS,5283,1320,2010,217.0,373.0,142,FNS state total allocated by share of under-130% FPL population
40071,"Kay County, OK",OK,42333,9797,17618,2880.0,2627.0,142,FNS state total allocated by share of under-130% FPL population
48229,"Hudspeth County, TX",TX,2929,795,1561,173.0,207.0,142,FNS state total allocated by share of under-130% FPL population
13235,"Pulaski County, GA",GA,8683,2249,3292,533.0,730.0,141,FNS state total allocated by share of under-130% FPL population
16037,"Custer County, ID",ID,4411,958,1388,90.0,345.0,141,FNS state total allocated by share of under-130% FPL population
51017,"Bath County, VA",VA,3966,1188,1793,188.0,436.0,141,FNS state total allocated by share of under-130% FPL population
13317,"Wilkes County, GA",GA,9437,2233,3973,726.0,901.0,140,FNS state total allocated by share of under-130% FPL population
27083,"Lyon County, MN",MN,24766,3886,7287,950.0,1374.0,140,FNS state total allocated by share of under-130% FPL population
22045,"Iberia Parish, LA",LA,67787,19894,29814,6394.0,5609.0,139,FNS state total allocated by share of under-130% FPL population
51595,"Emporia city, VA",VA,5326,1162,2606,736.0,360.0,138,FNS state total allocated by share of under-130% FPL population
02063,"Chugach Census Area, AK",AK,6594,730,1257,281.0,152.0,137,FNS state total allocated by share of under-130% FPL population
13253,"Seminole County, GA",GA,9025,2181,3636,802.0,945.0,137,FNS state total allocated by share of under-130% FPL population
46127,"Union County, SD",SD,16880,1533,2937,303.0,718.0,137,FNS state total allocated by share of under-130% FPL population
13065,"Clinch County, GA",GA,6673,2159,3198,616.0,638.0,136,FNS state total allocated by share of under-130% FPL population
40111,"Okmulgee County, OK",OK,35557,9344,15401,3042.0,2546.0,136,FNS state total allocated by share of under-130% FPL population
46019,"Butte County, SD",SD,10578,1522,2706,324.0,459.0,136,FNS state total allocated by share of under-130% FPL population
13197,"Marion County, GA",GA,7406,2150,3031,637.0,565.0,135,FNS state total allocated by share of under-130% FPL population
37055,"Dare County, NC",NC,37711,4025,7640,851.0,1004.0,135,FNS state total allocated by share of under-130% FPL population
39057,"Greene County, OH",OH,162315,21106,36044,5229.0,6923.0,135,FNS state total allocated by share of under-130% FPL population
39165,"Warren County, OH",OH,244474,21132,36353,4235.0,5906.0,135,FNS state total allocated by share of under-130% FPL population
13209,"Montgomery County, GA",GA,7779,2126,3212,563.0,655.0,134,FNS state total allocated by share of under-130% FPL population
31043,"Dakota County, NE",NE,21143,3784,7325,743.0,795.0,132,FNS state total allocated by share of under-130% FPL population
32023,"Nye County, NV",NV,52957,10360,18412,3307.0,2965.0,132,FNS state total allocated by share of under-130% FPL population
39029,"Columbiana County, OH",OH,97293,20626,33611,6288.0,6531.0,132,FNS state total allocated by share of under-130% FPL population
46079,"Lake County, SD",SD,10431,1479,2636,246.0,382.0,132,FNS state total allocated by share of under-130% FPL population
50007,"Chittenden County, VT",VT,159637,20905,31877,5608.0,7149.0,132,FNS state total allocated by share of under-130% FPL population
16015,"Boise County, ID",ID,8263,893,1719,243.0,236.0,131,FNS state total allocated by share of under-130% FPL population
29085,"Hickory County, MO",MO,8395,2635,4439,429.0,851.0,131,FNS state total allocated by share of under-130% FPL population
37187,"Washington County, NC",NC,10478,3887,4984,1608.0,1260.0,131,FNS state total allocated by share of under-130% FPL population
02016,"Aleutians West Census Area, AK",AK,5095,689,1116,46.0,51.0,130,FNS state total allocated by share of under-130% FPL population
09150,"Northeastern Connecticut Planning Region, CT",CT,95380,10059,18253,4293.0,3283.0,130,FNS state total allocated by share of under-130% FPL population
20107,"Linn County, KS",KS,9656,1203,2709,360.0,475.0,130,FNS state total allocated by share of under-130% FPL population
23021,"Piscataquis County, ME",ME,16930,3446,5709,1504.0,1363.0,130,FNS state total allocated by share of under-130% FPL population
27091,"Martin County, MN",MN,19529,3616,7020,1091.0,1260.0,130,FNS state total allocated by share of under-130% FPL population
29065,"Dent County, MO",MO,14369,2625,5667,955.0,750.0,130,FNS state total allocated by share of under-130% FPL population
29149,"Oregon County, MO",MO,8401,2608,4185,672.0,889.0,130,FNS state total allocated by share of under-130% FPL population
37199,"Yancey County, NC",NC,18674,3877,6560,1120.0,1391.0,130,FNS state total allocated by share of under-130% FPL population
40051,"Grady County, OK",OK,55360,8934,16590,2534.0,2525.0,130,FNS state total allocated by share of under-130% FPL population
40097,"Mayes County, OK",OK,39006,8971,15163,2160.0,2360.0,130,FNS state total allocated by share of under-130% FPL population
16007,"Bear Lake County, ID",ID,6583,879,1667,107.0,197.0,129,FNS state total allocated by share of under-130% FPL population
29153,"Ozark County, MO",MO,8801,2587,4005,547.0,865.0,129,FNS state total allocated by share of under-130% FPL population
37115,"Madison County, NC",NC,20943,3828,6583,1017.0,1293.0,129,FNS state total allocated by share of under-130% FPL population
51115,"Mathews County, VA",VA,8465,1084,1646,255.0,383.0,129,FNS state total allocated by share of under-130% FPL population
18131,"Pulaski County, IN",IN,12199,2122,3744,401.0,678.0,128,FNS state total allocated by share of under-130% FPL population
20031,"Coffey County, KS",KS,8175,1189,2454,306.0,377.0,128,FNS state total allocated by share of under-130% FPL population
30101,"Toole County, MT",MT,4542,916,1677,144.0,210.0,128,FNS state total allocated by share of under-130% FPL population
46047,"Fall River County, SD",SD,7002,1438,2034,382.0,545.0,128,FNS state total allocated by share of under-130% FPL population
48109,"Culberson County, TX",TX,2177,720,1217,232.0,139.0,128,FNS state total allocated by share of under-130% FPL population
48169,"Garza County, TX",TX,3741,719,1629,161.0,130.0,128,FNS state total allocated by share of under-130% FPL population
29073,"Gasconade County, MO",MO,14449,2550,4969,625.0,872.0,127,FNS state total allocated by share of under-130% FPL population
37041,"Chowan County, NC",NC,13610,3785,5211,1359.0,1107.0,127,FNS state total allocated by share of under-130% FPL population
48275,"Knox County, TX",TX,3189,712,1384,175.0,196.0,127,FNS state total allocated by share of under-130% FPL population
54019,"Fayette County, WV",WV,38270,9541,14541,3120.0,3120.0,127,FNS state total allocated by share of under-130% FPL population
22005,"Ascension Parish, LA",LA,129041,18035,28986,5793.0,5108.0,126,FNS state total allocated by share of under-130% FPL population
31047,"Dawson County, NE",NE,23997,3608,7996,571.0,1060.0,126,FNS state total allocated by share of under-130% FPL population
39173,"Wood County, OH",OH,125891,19767,32081,3766.0,7423.0,126,FNS state total allocated by share of under-130% FPL population
46071,"Jackson County, SD",SD,2729,1411,1885,195.0,314.0,126,FNS state total allocated by share of under-130% FPL population
13083,"Dade County, GA",GA,15096,1990,4479,640.0,551.0,125,FNS state total allocated by share of under-130% FPL population
20095,"Kingman County, KS",KS,7049,1160,2435,207.0,330.0,125,FNS state total allocated by share of under-130% FPL population
22001,"Acadia Parish, LA",LA,56134,17952,26355,5390.0,5870.0,125,FNS state total allocated by share of under-130% FPL population
39145,"Scioto County, OH",OH,69371,19598,29877,6527.0,6493.0,125,FNS state total allocated by share of under-130% FPL population
46123,"Tripp County, SD",SD,5366,1400,2124,231.0,338.0,125,FNS state total allocated by share of under-130% FPL population
13079,"Crawford County, GA",GA,12016,1970,3525,640.0,617.0,124,FNS state total allocated by share of under-130% FPL population
16061,"Lewis County, ID",ID,3657,843,1559,155.0,244.0,124,FNS state total allocated by share of under-130% FPL population
18159,"Tipton County, IN",IN,15137,2051,3502,421.0,606.0,124,FNS state total allocated by share of under-130% FPL population
19061,"Dubuque County, IA",IA,95304,13240,21410,3275.0,4371.0,124,FNS state total allocated by share of under-130% FPL population
20159,"Rice County, KS",KS,8745,1152,2668,269.0,398.0,124,FNS state total allocated by share of under-130% FPL population
30061,"Mineral County, MT",MT,4865,892,1667,295.0,231.0,124,FNS state total allocated by share of under-130% FPL population
40089,"McCurtain County, OK",OK,30484,8548,13516,2376.0,2444.0,124,FNS state total allocated by share of under-130% FPL population
40113,"Osage County, OK",OK,44245,8559,15170,2418.0,2343.0,124,FNS state total allocated by share of under-130% FPL population
40115,"Ottawa County, OK",OK,29201,8526,14041,2096.0,2347.0,124,FNS state total allocated by share of under-130% FPL population
31067,"Gage County, NE",NE,21325,3536,6164,1016.0,1212.0,123,FNS state total allocated by share of under-130% FPL population
32019,"Lyon County, NV",NV,61417,9654,16921,2603.0,2813.0,123,FNS state total allocated by share of under-130% FPL population
37149,"Polk County, NC",NC,19564,3650,5583,873.0,1346.0,123,FNS state total allocated by share of under-130% FPL population
18101,"Martin County, IN",IN,9677,2020,2864,284.0,559.0,122,FNS state total allocated by share of under-130% FPL population
30057,"Madison County, MT",MT,9152,873,1814,132.0,256.0,122,FNS state total allocated by share of under-130% FPL population
37015,"Bertie County, NC",NC,15649,3635,6922,1706.0,1257.0,122,FNS state total allocated by share of under-130% FPL population
49025,"Kane County, UT",UT,7929,1049,1985,82.0,372.0,122,FNS state total allocated by share of under-130% FPL population
18125,"Pike County, IN",IN,11971,1996,3119,478.0,568.0,121,FNS state total allocated by share of under-130% FPL population
38057,"Mercer County, ND",ND,8181,1164,1859,98.0,300.0,121,FNS state total allocated by share of under-130% FPL population
39045,"Fairfield County, OH",OH,159487,18983,36002,5469.0,5132.0,121,FNS state total allocated by share of under-130% FPL population
27093,"Meeker County, MN",MN,23099,3323,5668,788.0,831.0,120,FNS state total allocated by share of under-130% FPL population
29117,"Livingston County, MO",MO,13060,2409,4441,557.0,694.0,120,FNS state total allocated by share of under-130% FPL population
48267,"Kimble County, TX",TX,4323,671,1369,232.0,261.0,120,FNS state total allocated by share of under-130% FPL population
16063,"Lincoln County, ID",ID,5292,809,1614,111.0,228.0,119,FNS state total allocated by share of under-130% FPL population
27057,"Hubbard County, MN",MN,21579,3295,6216,917.0,1146.0,119,FNS state total allocated by share of under-130% FPL population
29053,"Cooper County, MO",MO,15534,2388,4487,420.0,772.0,119,FNS state total allocated by share of under-130% FPL population
30071,"Phillips County, MT",MT,4125,855,1530,124.0,88.0,119,FNS state total allocated by share of under-130% FPL population
51181,"Surry County, VA",VA,6508,1001,1744,266.0,291.0,119,FNS state total allocated by share of under-130% FPL population
54045,"Logan County, WV",WV,30477,8972,13587,3566.0,2549.0,119,FNS state total allocated by share of under-130% FPL population
29123,"Madison County, MO",MO,12481,2379,4123,629.0,606.0,118,FNS state total allocated by share of under-130% FPL population
48191,"Hall County, TX",TX,2775,663,1262,163.0,177.0,118,FNS state total allocated by share of under-130% FPL population
13093,"Dooly County, GA",GA,8556,1852,3983,709.0,493.0,117,FNS state total allocated by share of under-130% FPL population
13315,"Wilcox County, GA",GA,6990,1864,3138,527.0,563.0,117,FNS state total allocated by share of under-130% FPL population
22061,"Lincoln Parish, LA",LA,43531,16832,22523,4411.0,5935.0,117,FNS state total allocated by share of under-130% FPL population
27015,"Brown County, MN",MN,24753,3260,6121,717.0,1160.0,117,FNS state total allocated by share of under-130% FPL population
29186,"Ste. Genevieve County, MO",MO,18060,2352,4814,467.0,661.0,117,FNS state total allocated by share of under-130% FPL population
54069,"Ohio County, WV",WV,39469,8812,13933,3393.0,3552.0,117,FNS state total allocated by share of under-130% FPL population
29121,"Macon County, MO",MO,14949,2334,4855,521.0,759.0,116,FNS state total allocated by share of under-130% FPL population
13289,"Twiggs County, GA",GA,7695,1823,2838,631.0,586.0,115,FNS state total allocated by share of under-130% FPL population
48385,"Real County, TX",TX,2708,646,1052,163.0,212.0,115,FNS state total allocated by share of under-130% FPL population
51159,"Richmond County, VA",VA,7465,968,2004,335.0,324.0,115,FNS state total allocated by share of under-130% FPL population
54025,"Greenbrier County, WV",WV,31647,8645,12922,2697.0,3046.0,115,FNS state total allocated by share of under-130% FPL population
02013,"Aleutians East Borough, AK",AK,3457,605,1184,152.0,132.0,114,FNS state total allocated by share of under-130% FPL population
20073,"Greenwood County, KS",KS,5844,1055,2002,324.0,412.0,114,FNS state total allocated by share of under-130% FPL population
32510,"Carson City, NV",NV,55563,8959,16114,2432.0,2729.0,114,FNS state total allocated by share of under-130% FPL population
39003,"Allen County, OH",OH,98208,17868,32864,5691.0,5679.0,114,FNS state total allocated by share of under-130% FPL population
39119,"Muskingum County, OH",OH,84346,17830,29224,6638.0,5195.0,114,FNS state total allocated by share of under-130% FPL population
51021,"Bland County, VA",VA,5389,958,1846,119.0,272.0,114,FNS state total allocated by share of under-130% FPL population
54059,"Mingo County, WV",WV,22350,8629,12227,3397.0,3161.0,114,FNS state total allocated by share of under-130% FPL population
54079,"Putnam County, WV",WV,56730,8578,15076,2998.0,2430.0,114,FNS state total allocated by share of under-130% FPL population
29079,"Grundy County, MO",MO,9488,2272,3723,458.0,788.0,113,FNS state total allocated by share of under-130% FPL population
48333,"Mills County, TX",TX,4320,634,1215,238.0,157.0,113,FNS state total allocated by share of under-130% FPL population
51036,"Charles City County, VA",VA,6585,950,1870,309.0,326.0,113,FNS state total allocated by share of under-130% FPL population
56011,"Crook County, WY",WY,7410,549,1532,18.0,179.0,113,FNS state total allocated by share of under-130% FPL population
40083,"Logan County, OK",OK,50492,7706,14837,1907.0,2029.0,112,FNS state total allocated by share of under-130% FPL population
46067,"Hutchinson County, SD",SD,7139,1256,1735,231.0,306.0,112,FNS state total allocated by share of under-130% FPL population
21201,"Robertson County, KY",KY,2225,674,1182,148.0,188.0,111,FNS state total allocated by share of under-130% FPL population
48087,"Collingsworth County, TX",TX,2528,620,797,169.0,172.0,111,FNS state total allocated by share of under-130% FPL population
18007,"Benton County, IN",IN,8603,1819,3090,403.0,391.0,110,FNS state total allocated by share of under-130% FPL population
38055,"McLean County, ND",ND,9648,1056,1768,166.0,403.0,110,FNS state total allocated by share of under-130% FPL population
39103,"Medina County, OH",OH,182007,17178,30967,4760.0,4995.0,110,FNS state total allocated by share of under-130% FPL population
48151,"Fisher County, TX",TX,3607,615,1170,218.0,234.0,110,FNS state total allocated by share of under-130% FPL population
13181,"Lincoln County, GA",GA,7811,1733,3171,349.0,523.0,109,FNS state total allocated by share of under-130% FPL population
18155,"Switzerland County, IN",IN,9760,1792,2806,502.0,417.0,109,FNS state total allocated by share of under-130% FPL population
37173,"Swain County, NC",NC,13607,3238,5815,882.0,1173.0,109,FNS state total allocated by share of under-130% FPL population
39157,"Tuscarawas County, OH",OH,91232,17062,28067,5437.0,5410.0,109,FNS state total allocated by share of under-130% FPL population
40081,"Lincoln County, OK",OK,33787,7519,12459,1968.0,2195.0,109,FNS state total allocated by share of under-130% FPL population
46033,"Custer County, SD",SD,8759,1228,2016,204.0,419.0,109,FNS state total allocated by share of under-130% FPL population
47127,"Moore County, TN",TN,6560,1021,1818,183.0,251.0,109,FNS state total allocated by share of under-130% FPL population
13201,"Miller County, GA",GA,5697,1718,2223,453.0,535.0,108,FNS state total allocated by share of under-130% FPL population
13263,"Talbot County, GA",GA,5695,1723,2717,585.0,647.0,108,FNS state total allocated by share of under-130% FPL population
32007,"Elko County, NV",NV,53188,8474,15127,1781.0,1979.0,108,FNS state total allocated by share of under-130% FPL population
29081,"Harrison County, MO",MO,7972,2145,3482,437.0,561.0,107,FNS state total allocated by share of under-130% FPL population
29093,"Iron County, MO",MO,9099,2155,4036,705.0,773.0,107,FNS state total allocated by share of under-130% FPL population
20189,"Stevens County, KS",KS,5060,981,2435,11.0,163.0,106,FNS state total allocated by share of under-130% FPL population
29115,"Linn County, MO",MO,11678,2133,3872,422.0,604.0,106,FNS state total allocated by share of under-130% FPL population
39169,"Wayne County, OH",OH,112220,16529,32488,3632.0,4383.0,106,FNS state total allocated by share of under-130% FPL population
46007,"Bennett County, SD",SD,3303,1185,2046,156.0,261.0,106,FNS state total allocated by share of under-130% FPL population
54099,"Wayne County, WV",WV,37986,7991,13667,2879.0,2507.0,106,FNS state total allocated by share of under-130% FPL population
22113,"Vermilion Parish, LA",LA,56361,15116,22768,3893.0,4469.0,105,FNS state total allocated by share of under-130% FPL population
29017,"Bollinger County, MO",MO,10418,2117,3695,361.0,652.0,105,FNS state total allocated by share of under-130% FPL population
20147,"Phillips County, KS",KS,4719,966,1637,141.0,336.0,104,FNS state total allocated by share of under-130% FPL population
29135,"Moniteau County, MO",MO,14006,2090,4491,435.0,657.0,104,FNS state total allocated by share of under-130% FPL population
48319,"Mason County, TX",TX,3947,586,1025,80.0,229.0,104,FNS state total allocated by share of under-130% FPL population
51735,"Poquoson city, VA",VA,12590,879,1476,91.0,222.0,104,FNS state total allocated by share of under-130% FPL population
18013,"Brown County, IN",IN,15403,1708,3033,332.0,679.0,103,FNS state total allocated by share of under-130% FPL population
37053,"Currituck County, NC",NC,30401,3056,5420,686.0,973.0,103,FNS state total allocated by share of under-130% FPL population
38067,"Pembina County, ND",ND,6563,993,1836,256.0,255.0,103,FNS state total allocated by share of under-130% FPL population
48295,"Lipscomb County, TX",TX,2861,577,993,61.0,144.0,103,FNS state total allocated by share of under-130% FPL population
20157,"Republic County, KS",KS,4505,948,1674,90.0,197.0,102,FNS state total allocated by share of under-130% FPL population
29139,"Montgomery County, MO",MO,11158,2044,3676,516.0,697.0,102,FNS state total allocated by share of under-130% FPL population
13283,"Treutlen County, GA",GA,6054,1612,2536,504.0,307.0,101,FNS state total allocated by share of under-130% FPL population
27001,"Aitkin County, MN",MN,15824,2811,4854,646.0,1012.0,101,FNS state total allocated by share of under-130% FPL population
48197,"Hardeman County, TX",TX,3427,564,916,168.0,150.0,101,FNS state total allocated by share of under-130% FPL population
20127,"Morris County, KS",KS,5247,925,1662,100.0,295.0,100,FNS state total allocated by share of under-130% FPL population
22117,"Washington Parish, LA",LA,43216,14285,19805,4989.0,4625.0,100,FNS state total allocated by share of under-130% FPL population
40123,"Pontotoc County, OK",OK,37052,6877,12582,2330.0,2180.0,100,FNS state total allocated by share of under-130% FPL population
40133,"Seminole County, OK",OK,22727,6859,10887,2014.0,1995.0,100,FNS state total allocated by share of under-130% FPL population
48065,"Carson County, TX",TX,5711,561,1412,101.0,151.0,100,FNS state total allocated by share of under-130% FPL population
29185,"St. Clair County, MO",MO,9292,1987,3801,551.0,682.0,99,FNS state total allocated by share of under-130% FPL population
39141,"Ross County, OH",OH,71183,15526,25802,4916.0,4238.0,99,FNS state total allocated by share of under-130% FPL population
48271,"Kinney County, TX",TX,2814,557,910,174.0,78.0,99,FNS state total allocated by share of under-130% FPL population
20123,"Mitchell County, KS",KS,5648,909,1766,137.0,298.0,98,FNS state total allocated by share of under-130% FPL population
46085,"Lyman County, SD",SD,3653,1104,1524,136.0,202.0,98,FNS state total allocated by share of under-130% FPL population
22101,"St. Mary Parish, LA",LA,47172,13844,21514,4204.0,4076.0,97,FNS state total allocated by share of under-130% FPL population
27127,"Redwood County, MN",MN,15053,2684,4474,617.0,907.0,97,FNS state total allocated by share of under-130% FPL population
29033,"Carroll County, MO",MO,8302,1946,3008,317.0,420.0,97,FNS state total allocated by share of under-130% FPL population
38097,"Traill County, ND",ND,7509,933,1599,147.0,400.0,97,FNS state total allocated by share of under-130% FPL population
16071,"Oneida County, ID",ID,4728,653,1342,93.0,222.0,96,FNS state total allocated by share of under-130% FPL population
46125,"Turner County, SD",SD,8668,1082,2126,304.0,339.0,96,FNS state total allocated by share of under-130% FPL population
20193,"Thomas County, KS",KS,7472,881,1969,119.0,273.0,95,FNS state total allocated by share of under-130% FPL population
27159,"Wadena County, MN",MN,13923,2649,4437,868.0,843.0,95,FNS state total allocated by share of under-130% FPL population
37005,"Alleghany County, NC",NC,11077,2814,4953,725.0,781.0,95,FNS state total allocated by share of under-130% FPL population
40015,"Caddo County, OK",OK,24970,6531,10490,1391.0,1510.0,95,FNS state total allocated by share of under-130% FPL population
49017,"Garfield County, UT",UT,5076,822,1625,114.0,221.0,95,FNS state total allocated by share of under-130% FPL population
16023,"Butte County, ID",ID,2654,641,1036,117.0,183.0,94,FNS state total allocated by share of under-130% FPL population
22087,"St. Bernard Parish, LA",LA,44108,13484,19678,4072.0,3482.0,94,FNS state total allocated by share of under-130% FPL population
40039,"Custer County, OK",OK,26846,6443,10474,1303.0,2073.0,94,FNS state total allocated by share of under-130% FPL population
20043,"Doniphan County, KS",KS,6821,861,1745,204.0,358.0,93,FNS state total allocated by share of under-130% FPL population
46051,"Grant County, SD",SD,7313,1047,2086,230.0,338.0,93,FNS state total allocated by share of under-130% FPL population
20143,"Ottawa County, KS",KS,5688,853,1487,178.0,285.0,92,FNS state total allocated by share of under-130% FPL population
27045,"Fillmore County, MN",MN,20904,2564,5024,582.0,772.0,92,FNS state total allocated by share of under-130% FPL population
29003,"Andrew County, MO",MO,17757,1846,4618,339.0,582.0,92,FNS state total allocated by share of under-130% FPL population
30077,"Powell County, MT",MT,5308,657,1716,163.0,166.0,92,FNS state total allocated by share of under-130% FPL population
39009,"Athens County, OH",OH,54170,14468,22671,3314.0,5077.0,92,FNS state total allocated by share of under-130% FPL population
48317,"Martin County, TX",TX,5145,514,1628,194.0,197.0,92,FNS state total allocated by share of under-130% FPL population
13301,"Warren County, GA",GA,5105,1449,2437,468.0,502.0,91,FNS state total allocated by share of under-130% FPL population
27065,"Kanabec County, MN",MN,16144,2523,4792,624.0,679.0,91,FNS state total allocated by share of under-130% FPL population
40049,"Garvin County, OK",OK,25402,6270,10105,1438.0,1696.0,91,FNS state total allocated by share of under-130% FPL population
46115,"Spink County, SD",SD,6118,1016,1679,107.0,202.0,91,FNS state total allocated by share of under-130% FPL population
39109,"Miami County, OH",OH,109175,14164,26127,3455.0,4728.0,90,FNS state total allocated by share of under-130% FPL population
48447,"Throckmorton County, TX",TX,1639,502,671,78.0,167.0,90,FNS state total allocated by share of under-130% FPL population
54053,"Mason County, WV",WV,24438,6823,10745,1878.0,1891.0,90,FNS state total allocated by share of under-130% FPL population
20181,"Sherman County, KS",KS,5513,827,1969,85.0,250.0,89,FNS state total allocated by share of under-130% FPL population
22009,"Avoyelles Parish, LA",LA,36266,12821,19569,4032.0,3865.0,89,FNS state total allocated by share of under-130% FPL population
20067,"Grant County, KS",KS,7158,814,2496,34.0,199.0,88,FNS state total allocated by share of under-130% FPL population
30091,"Sheridan County, MT",MT,3590,632,1119,62.0,121.0,88,FNS state total allocated by share of under-130% FPL population
31025,"Cass County, NE",NE,26855,2534,4854,462.0,651.0,88,FNS state total allocated by share of under-130% FPL population
54047,"McDowell County, WV",WV,15798,6616,9775,2360.0,2178.0,88,FNS state total allocated by share of under-130% FPL population
54051,"Marshall County, WV",WV,29085,6628,10429,2647.0,2066.0,88,FNS state total allocated by share of under-130% FPL population
27023,"Chippewa County, MN",MN,12083,2410,3764,504.0,671.0,87,FNS state total allocated by share of under-130% FPL population
27079,"Le Sueur County, MN",MN,28831,2415,5221,861.0,882.0,87,FNS state total allocated by share of under-130% FPL population
27161,"Waseca County, MN",MN,17851,2424,4972,658.0,761.0,87,FNS state total allocated by share of under-130% FPL population
29203,"Shannon County, MO",MO,6898,1750,3034,389.0,483.0,87,FNS state total allocated by share of under-130% FPL population
39041,"Delaware County, OH",OH,224242,13592,22806,3002.0,4497.0,87,FNS state total allocated by share of under-130% FPL population
39087,"Lawrence County, OH",OH,56053,13573,20810,4751.0,4348.0,87,FNS state total allocated by share of under-130% FPL population
46037,"Day County, SD",SD,5317,982,1633,168.0,319.0,87,FNS state total allocated by share of under-130% FPL population
46137,"Ziebach County, SD",SD,2377,973,1302,186.0,215.0,87,FNS state total allocated by share of under-130% FPL population
48383,"Reagan County, TX",TX,3224,487,1307,62.0,104.0,87,FNS state total allocated by share of under-130% FPL population
54035,"Jackson County, WV",WV,27494,6532,10347,2207.0,2245.0,87,FNS state total allocated by share of under-130% FPL population
54037,"Jefferson County, WV",WV,57835,6577,11401,2492.0,2006.0,87,FNS state total allocated by share of under-130% FPL population
29137,"Monroe County, MO",MO,8574,1736,2853,265.0,569.0,86,FNS state total allocated by share of under-130% FPL population
37121,"Mitchell County, NC",NC,14568,2546,5324,1117.0,1063.0,86,FNS state total allocated by share of under-130% FPL population
46015,"Brule County, SD",SD,5115,968,1768,122.0,225.0,86,FNS state total allocated by share of under-130% FPL population
46129,"Walworth County, SD",SD,5149,970,1885,182.0,300.0,86,FNS state total allocated by share of under-130% FPL population
39101,"Marion County, OH",OH,59436,13265,21740,4191.0,3878.0,85,FNS state total allocated by share of under-130% FPL population
48243,"Jeff Davis County, TX",TX,1850,477,639,53.0,259.0,85,FNS state total allocated by share of under-130% FPL population
20069,"Gray County, KS",KS,5562,783,1599,46.0,125.0,84,FNS state total allocated by share of under-130% FPL population
27135,"Roseau County, MN",MN,15071,2323,3921,345.0,862.0,84,FNS state total allocated by share of under-130% FPL population
29057,"Dade County, MO",MO,7481,1694,2936,451.0,437.0,84,FNS state total allocated by share of under-130% FPL population
37137,"Pamlico County, NC",NC,11590,2510,3872,591.0,942.0,84,FNS state total allocated by share of under-130% FPL population
39013,"Belmont County, OH",OH,61591,13196,21116,4138.0,4358.0,84,FNS state total allocated by share of under-130% FPL population
39081,"Jefferson County, OH",OH,62206,13190,21202,4493.0,4562.0,84,FNS state total allocated by share of under-130% FPL population
46009,"Bon Homme County, SD",SD,5514,940,1729,152.0,235.0,84,FNS state total allocated by share of under-130% FPL population
51610,"Falls Church city, VA",VA,14605,708,1458,97.0,246.0,84,FNS state total allocated by share of under-130% FPL population
54109,"Wyoming County, WV",WV,20565,6353,10210,1948.0,2022.0,84,FNS state total allocated by share of under-130% FPL population
02105,"Hoonah-Angoon Census Area, AK",AK,2309,443,710,154.0,138.0,83,FNS state total allocated by share of under-130% FPL population
20197,"Wabaunsee County, KS",KS,6833,772,1561,124.0,251.0,83,FNS state total allocated by share of under-130% FPL population
29089,"Howard County, MO",MO,9386,1673,3428,281.0,458.0,83,FNS state total allocated by share of under-130% FPL population
40087,"McClain County, OK",OK,45025,5698,11440,1281.0,1415.0,83,FNS state total allocated by share of under-130% FPL population
46095,"Mellette County, SD",SD,1888,936,1094,159.0,169.0,83,FNS state total allocated by share of under-130% FPL population
48095,"Concho County, TX",TX,2466,466,848,56.0,123.0,83,FNS state total allocated by share of under-130% FPL population
48421,"Sherman County, TX",TX,2259,468,755,37.0,75.0,83,FNS state total allocated by share of under-130% FPL population
22115,"Vernon Parish, LA",LA,45360,11813,19336,2677.0,3490.0,82,FNS state total allocated by share of under-130% FPL population
27043,"Faribault County, MN",MN,13628,2272,4122,612.0,745.0,82,FNS state total allocated by share of under-130% FPL population
30051,"Liberty County, MT",MT,1923,587,875,47.0,110.0,82,FNS state total allocated by share of under-130% FPL population
40001,"Adair County, OK",OK,19206,5681,9352,1805.0,1600.0,82,FNS state total allocated by share of under-130% FPL population
19049,"Dallas County, IA",IA,107336,8686,16178,2337.0,2865.0,81,FNS state total allocated by share of under-130% FPL population
20145,"Pawnee County, KS",KS,5373,752,1483,60.0,246.0,81,FNS state total allocated by share of under-130% FPL population
27129,"Renville County, MN",MN,14237,2248,4227,520.0,675.0,81,FNS state total allocated by share of under-130% FPL population
29151,"Osage County, MO",MO,13095,1622,2765,220.0,594.0,81,FNS state total allocated by share of under-130% FPL population
29173,"Ralls County, MO",MO,10356,1626,2993,190.0,522.0,81,FNS state total allocated by share of under-130% FPL population
32005,"Douglas County, NV",NV,49344,6316,10859,1200.0,1827.0,81,FNS state total allocated by share of under-130% FPL population
40065,"Jackson County, OK",OK,23769,5583,8988,1494.0,1404.0,81,FNS state total allocated by share of under-130% FPL population
54029,"Hancock County, WV",WV,27940,6098,9148,1941.0,2087.0,81,FNS state total allocated by share of under-130% FPL population
54043,"Lincoln County, WV",WV,19606,6133,9959,1838.0,1964.0,81,FNS state total allocated by share of under-130% FPL population
20201,"Washington County, KS",KS,5442,741,1654,128.0,230.0,80,FNS state total allocated by share of under-130% FPL population
37103,"Jones County, NC",NC,9198,2369,3764,641.0,767.0,80,FNS state total allocated by share of under-130% FPL population
39043,"Erie County, OH",OH,73205,12552,20263,3695.0,4235.0,80,FNS state total allocated by share of under-130% FPL population
51678,"Lexington city, VA",VA,4315,672,1067,388.0,413.0,80,FNS state total allocated by share of under-130% FPL population
19045,"Clinton County, IA",IA,45209,8407,13416,2491.0,2454.0,79,FNS state total allocated by share of under-130% FPL population
20019,"Chautauqua County, KS",KS,3312,730,1249,190.0,190.0,79,FNS state total allocated by share of under-130% FPL population
29111,"Lewis County, MO",MO,9149,1582,2546,192.0,452.0,79,FNS state total allocated by share of under-130% FPL population
37011,"Avery County, NC",NC,15339,2342,4967,946.0,758.0,79,FNS state total allocated by share of under-130% FPL population
51045,"Craig County, VA",VA,4655,667,1725,169.0,205.0,79,FNS state total allocated by share of under-130% FPL population
22069,"Natchitoches Parish, LA",LA,34321,11227,16447,2833.0,3929.0,78,FNS state total allocated by share of under-130% FPL population
22119,"Webster Parish, LA",LA,34889,11171,18703,3870.0,3638.0,78,FNS state total allocated by share of under-130% FPL population
30039,"Granite County, MT",MT,3393,556,1073,87.0,190.0,78,FNS state total allocated by share of under-130% FPL population
48101,"Cottle County, TX",TX,1363,438,603,172.0,108.0,78,FNS state total allocated by share of under-130% FPL population
54077,"Preston County, WV",WV,30216,5866,9821,2207.0,1934.0,78,FNS state total allocated by share of under-130% FPL population
20053,"Ellsworth County, KS",KS,5313,715,1611,164.0,266.0,77,FNS state total allocated by share of under-130% FPL population
22099,"St. Martin Parish, LA",LA,51038,11002,20089,3987.0,3485.0,77,FNS state total allocated by share of under-130% FPL population
27157,"Wabasha County, MN",MN,21356,2133,3886,507.0,818.0,77,FNS state total allocated by share of under-130% FPL population
29035,"Carter County, MO",MO,5252,1548,2710,404.0,446.0,77,FNS state total allocated by share of under-130% FPL population
29205,"Shelby County, MO",MO,5746,1554,2530,200.0,356.0,77,FNS state total allocated by share of under-130% FPL population
30107,"Wheatland County, MT",MT,2029,555,926,54.0,222.0,77,FNS state total allocated by share of under-130% FPL population
38009,"Bottineau County, ND",ND,6111,738,1457,138.0,249.0,77,FNS state total allocated by share of under-130% FPL population
40091,"McIntosh County, OK",OK,19071,5308,8539,1589.0,1661.0,77,FNS state total allocated by share of under-130% FPL population
48359,"Oldham County, TX",TX,1755,434,639,8.0,81.0,77,FNS state total allocated by share of under-130% FPL population
48417,"Shackelford County, TX",TX,3139,430,827,107.0,170.0,77,FNS state total allocated by share of under-130% FPL population
49001,"Beaver County, UT",UT,6925,662,1275,113.0,192.0,77,FNS state total allocated by share of under-130% FPL population
46101,"Moody County, SD",SD,6307,848,1592,108.0,325.0,76,FNS state total allocated by share of under-130% FPL population
54083,"Randolph County, WV",WV,25254,5767,10182,1773.0,1957.0,76,FNS state total allocated by share of under-130% FPL population
13259,"Stewart County, GA",GA,3894,1185,1834,597.0,575.0,75,FNS state total allocated by share of under-130% FPL population
20137,"Norton County, KS",KS,4348,698,1277,162.0,167.0,75,FNS state total allocated by share of under-130% FPL population
29061,"Daviess County, MO",MO,8316,1502,2846,249.0,367.0,75,FNS state total allocated by share of under-130% FPL population
39167,"Washington County, OH",OH,57322,11742,19228,3347.0,3591.0,75,FNS state total allocated by share of under-130% FPL population
54097,"Upshur County, WV",WV,22309,5638,9398,1815.0,1980.0,75,FNS state total allocated by share of under-130% FPL population
13053,"Chattahoochee County, GA",GA,4352,1184,1713,419.0,362.0,74,FNS state total allocated by share of under-130% FPL population
27033,"Cottonwood County, MN",MN,11206,2052,3360,437.0,678.0,74,FNS state total allocated by share of under-130% FPL population
31155,"Saunders County, NE",NE,22745,2115,3888,407.0,719.0,74,FNS state total allocated by share of under-130% FPL population
38073,"Ransom County, ND",ND,5414,714,1185,136.0,233.0,74,FNS state total allocated by share of under-130% FPL population
40009,"Beckham County, OK",OK,19202,5105,8073,1519.0,1702.0,74,FNS state total allocated by share of under-130% FPL population
48137,"Edwards County, TX",TX,1249,413,523,91.0,109.0,74,FNS state total allocated by share of under-130% FPL population
48205,"Hartley County, TX",TX,3817,415,791,131.0,144.0,74,FNS state total allocated by share of under-130% FPL population
56027,"Niobrara County, WY",WY,2154,363,727,53.0,174.0,74,FNS state total allocated by share of under-130% FPL population
13037,"Calhoun County, GA",GA,3784,1145,1968,546.0,382.0,72,FNS state total allocated by share of under-130% FPL population
20119,"Meade County, KS",KS,3795,664,1008,97.0,195.0,72,FNS state total allocated by share of under-130% FPL population
29025,"Caldwell County, MO",MO,8677,1453,2737,316.0,450.0,72,FNS state total allocated by share of under-130% FPL population
29125,"Maries County, MO",MO,8384,1442,2391,385.0,513.0,72,FNS state total allocated by share of under-130% FPL population
29179,"Reynolds County, MO",MO,5815,1457,2524,379.0,461.0,72,FNS state total allocated by share of under-130% FPL population
39143,"Sandusky County, OH",OH,57735,11218,18376,3340.0,3449.0,72,FNS state total allocated by share of under-130% FPL population
20047,"Edwards County, KS",KS,2729,660,1063,52.0,204.0,71,FNS state total allocated by share of under-130% FPL population
20185,"Stafford County, KS",KS,3869,660,1270,52.0,171.0,71,FNS state total allocated by share of under-130% FPL population
48125,"Dickens County, TX",TX,1707,397,696,108.0,129.0,71,FNS state total allocated by share of under-130% FPL population
20089,"Jewell County, KS",KS,2889,650,1168,62.0,131.0,70,FNS state total allocated by share of under-130% FPL population
22039,"Evangeline Parish, LA",LA,30717,10010,15112,3917.0,3213.0,70,FNS state total allocated by share of under-130% FPL population
27165,"Watonwan County, MN",MN,11061,1936,3348,399.0,511.0,70,FNS state total allocated by share of under-130% FPL population
29075,"Gentry County, MO",MO,6104,1400,2115,214.0,403.0,70,FNS state total allocated by share of under-130% FPL population
38021,"Dickey County, ND",ND,4611,678,1375,108.0,258.0,70,FNS state total allocated by share of under-130% FPL population
02275,"Wrangell City and Borough, AK",AK,2068,364,618,83.0,106.0,69,FNS state total allocated by share of under-130% FPL population
19139,"Muscatine County, IA",IA,41867,7398,12078,2093.0,2453.0,69,FNS state total allocated by share of under-130% FPL population
37043,"Clay County, NC",NC,11269,2053,3489,570.0,797.0,69,FNS state total allocated by share of under-130% FPL population
48327,"Menard County, TX",TX,1909,388,651,86.0,175.0,69,FNS state total allocated by share of under-130% FPL population
27039,"Dodge County, MN",MN,20653,1883,3730,490.0,620.0,68,FNS state total allocated by share of under-130% FPL population
48211,"Hemphill County, TX",TX,3182,384,1100,135.0,106.0,68,FNS state total allocated by share of under-130% FPL population
13007,"Baker County, GA",GA,2790,1063,1553,168.0,299.0,67,FNS state total allocated by share of under-130% FPL population
18171,"Warren County, IN",IN,8341,1111,2092,250.0,277.0,67,FNS state total allocated by share of under-130% FPL population
19179,"Wapello County, IA",IA,34498,7187,11446,2148.0,2143.0,67,FNS state total allocated by share of under-130% FPL population
31185,"York County, NE",NE,13480,1930,3290,420.0,532.0,67,FNS state total allocated by share of under-130% FPL population
38049,"McHenry County, ND",ND,5147,642,1143,141.0,211.0,67,FNS state total allocated by share of under-130% FPL population
39015,"Brown County, OH",OH,43229,10517,15032,2904.0,3200.0,67,FNS state total allocated by share of under-130% FPL population
46077,"Kingsbury County, SD",SD,5121,749,1343,83.0,223.0,67,FNS state total allocated by share of under-130% FPL population
48045,"Briscoe County, TX",TX,1292,376,543,36.0,164.0,67,FNS state total allocated by share of under-130% FPL population
54067,"Nicholas County, WV",WV,24055,5080,8085,1829.0,1623.0,67,FNS state total allocated by share of under-130% FPL population
20023,"Cheyenne County, KS",KS,2592,615,987,47.0,163.0,66,FNS state total allocated by share of under-130% FPL population
20081,"Haskell County, KS",KS,3519,616,1034,38.0,135.0,66,FNS state total allocated by share of under-130% FPL population
27143,"Sibley County, MN",MN,14840,1823,3480,490.0,600.0,66,FNS state total allocated by share of under-130% FPL population
31033,"Cheyenne County, NE",NE,9381,1877,3104,548.0,689.0,66,FNS state total allocated by share of under-130% FPL population
31151,"Saline County, NE",NE,14038,1892,3875,230.0,517.0,66,FNS state total allocated by share of under-130% FPL population
27055,"Houston County, MN",MN,18431,1796,3932,279.0,707.0,65,FNS state total allocated by share of under-130% FPL population
31159,"Seward County, NE",NE,16371,1870,3410,364.0,589.0,65,FNS state total allocated by share of under-130% FPL population
02195,"Petersburg Borough, AK",AK,3271,340,721,104.0,87.0,64,FNS state total allocated by share of under-130% FPL population
20165,"Rush County, KS",KS,2873,595,985,88.0,156.0,64,FNS state total allocated by share of under-130% FPL population
27113,"Pennington County, MN",MN,13534,1777,3234,449.0,689.0,64,FNS state total allocated by share of under-130% FPL population
29045,"Clark County, MO",MO,6527,1290,2624,188.0,337.0,64,FNS state total allocated by share of under-130% FPL population
37143,"Perquimans County, NC",NC,13227,1910,3469,770.0,592.0,64,FNS state total allocated by share of under-130% FPL population
39063,"Hancock County, OH",OH,73017,10040,18427,2838.0,3438.0,64,FNS state total allocated by share of under-130% FPL population
39077,"Huron County, OH",OH,57698,9977,18288,2665.0,2995.0,64,FNS state total allocated by share of under-130% FPL population
02066,"Copper River Census Area, AK",AK,2596,337,868,155.0,126.0,63,FNS state total allocated by share of under-130% FPL population
29063,"DeKalb County, MO",MO,8913,1277,2493,290.0,368.0,63,FNS state total allocated by share of under-130% FPL population
31089,"Holt County, NE",NE,9980,1803,3261,335.0,516.0,63,FNS state total allocated by share of under-130% FPL population
31131,"Otoe County, NE",NE,16043,1816,2906,382.0,583.0,63,FNS state total allocated by share of under-130% FPL population
38069,"Pierce County, ND",ND,3758,609,1001,133.0,254.0,63,FNS state total allocated by share of under-130% FPL population
27071,"Koochiching County, MN",MN,11546,1713,3071,847.0,638.0,62,FNS state total allocated by share of under-130% FPL population
31013,"Box Butte County, NE",NE,10570,1789,3727,321.0,814.0,62,FNS state total allocated by share of under-130% FPL population
31177,"Washington County, NE",NE,20880,1769,3539,395.0,678.0,62,FNS state total allocated by share of under-130% FPL population
40023,"Choctaw County, OK",OK,14073,4237,6479,1472.0,1435.0,62,FNS state total allocated by share of under-130% FPL population
46017,"Buffalo County, SD",SD,1796,693,1087,120.0,194.0,62,FNS state total allocated by share of under-130% FPL population
19033,"Cerro Gordo County, IA",IA,41723,6528,12087,1760.0,2352.0,61,FNS state total allocated by share of under-130% FPL population
20007,"Barber County, KS",KS,3966,561,1153,52.0,187.0,61,FNS state total allocated by share of under-130% FPL population
22067,"Morehouse Parish, LA",LA,23620,8796,12099,2932.0,2546.0,61,FNS state total allocated by share of under-130% FPL population
27151,"Swift County, MN",MN,9562,1693,3288,505.0,531.0,61,FNS state total allocated by share of under-130% FPL population
31145,"Red Willow County, NE",NE,10072,1756,3001,415.0,618.0,61,FNS state total allocated by share of under-130% FPL population
40139,"Texas County, OK",OK,20333,4232,7607,458.0,1308.0,61,FNS state total allocated by share of under-130% FPL population
54057,"Mineral County, WV",WV,26102,4614,7481,1886.0,1655.0,61,FNS state total allocated by share of under-130% FPL population
19057,"Des Moines County, IA",IA,37793,6390,11293,1955.0,2411.0,60,FNS state total allocated by share of under-130% FPL population
20093,"Kearny County, KS",KS,3795,552,1100,78.0,88.0,60,FNS state total allocated by share of under-130% FPL population
22095,"St. John the Baptist Parish, LA",LA,40244,8551,15288,3057.0,2075.0,60,FNS state total allocated by share of under-130% FPL population
27117,"Pipestone County, MN",MN,9100,1661,2733,429.0,467.0,60,FNS state total allocated by share of under-130% FPL population
29211,"Sullivan County, MO",MO,5713,1200,2214,204.0,340.0,60,FNS state total allocated by share of under-130% FPL population
39005,"Ashland County, OH",OH,50873,9471,15884,1854.0,2313.0,60,FNS state total allocated by share of under-130% FPL population
39083,"Knox County, OH",OH,59536,9398,18185,2462.0,2567.0,60,FNS state total allocated by share of under-130% FPL population
48129,"Donley County, TX",TX,2848,337,889,40.0,147.0,60,FNS state total allocated by share of under-130% FPL population
50021,"Rutland County, VT",VT,58726,9438,17406,2710.0,3134.0,60,FNS state total allocated by share of under-130% FPL population
20141,"Osborne County, KS",KS,3354,543,1082,129.0,147.0,59,FNS state total allocated by share of under-130% FPL population
46045,"Edmunds County, SD",SD,3886,667,1001,57.0,183.0,59,FNS state total allocated by share of under-130% FPL population
19127,"Marshall County, IA",IA,38845,6161,11436,1425.0,1637.0,58,FNS state total allocated by share of under-130% FPL population
20207,"Woodson County, KS",KS,3067,538,986,93.0,169.0,58,FNS state total allocated by share of under-130% FPL population
39147,"Seneca County, OH",OH,51984,9118,16523,3001.0,2663.0,58,FNS state total allocated by share of under-130% FPL population
40153,"Woodward County, OK",OK,19449,4019,7362,731.0,1022.0,58,FNS state total allocated by share of under-130% FPL population
46049,"Faulk County, SD",SD,2060,647,742,12.0,168.0,58,FNS state total allocated by share of under-130% FPL population
54005,"Boone County, WV",WV,20735,4373,7712,1747.0,1398.0,58,FNS state total allocated by share of under-130% FPL population
27149,"Stevens County, MN",MN,9255,1577,2515,382.0,566.0,57,FNS state total allocated by share of under-130% FPL population
37073,"Gates County, NC",NC,10217,1709,2784,585.0,431.0,57,FNS state total allocated by share of under-130% FPL population
38103,"Wells County, ND",ND,3791,552,1207,117.0,173.0,57,FNS state total allocated by share of under-130% FPL population
20109,"Logan County, KS",KS,2681,523,843,98.0,186.0,56,FNS state total allocated by share of under-130% FPL population
22089,"St. Charles Parish, LA",LA,50948,7966,13012,1920.0,2341.0,56,FNS state total allocated by share of under-130% FPL population
27121,"Pope County, MN",MN,11221,1555,2438,354.0,534.0,56,FNS state total allocated by share of under-130% FPL population
31107,"Knox County, NE",NE,8192,1615,2753,254.0,443.0,56,FNS state total allocated by share of under-130% FPL population
38037,"Grant County, ND",ND,2222,540,850,123.0,196.0,56,FNS state total allocated by share of under-130% FPL population
13249,"Schley County, GA",GA,4513,882,1893,253.0,292.0,55,FNS state total allocated by share of under-130% FPL population
27029,"Clearwater County, MN",MN,8429,1538,2603,438.0,495.0,55,FNS state total allocated by share of under-130% FPL population
30097,"Sweet Grass County, MT",MT,3689,396,949,72.0,150.0,55,FNS state total allocated by share of under-130% FPL population
39037,"Darke County, OH",OH,50951,8574,15810,1728.0,2809.0,55,FNS state total allocated by share of under-130% FPL population
19187,"Webster County, IA",IA,34094,5762,10141,1691.0,2060.0,54,FNS state total allocated by share of under-130% FPL population
27075,"Lake County, MN",MN,10685,1513,2650,426.0,524.0,54,FNS state total allocated by share of under-130% FPL population
30025,"Fallon County, MT",MT,2707,387,877,27.0,169.0,54,FNS state total allocated by share of under-130% FPL population
39031,"Coshocton County, OH",OH,36159,8408,13707,2702.0,2648.0,54,FNS state total allocated by share of under-130% FPL population
39129,"Pickaway County, OH",OH,55942,8472,14543,2630.0,2598.0,54,FNS state total allocated by share of under-130% FPL population
40035,"Craig County, OK",OK,13414,3713,6101,755.0,879.0,54,FNS state total allocated by share of under-130% FPL population
48413,"Schleicher County, TX",TX,2358,302,613,70.0,144.0,54,FNS state total allocated by share of under-130% FPL population
54027,"Hampshire County, WV",WV,22793,4042,7651,1272.0,1268.0,54,FNS state total allocated by share of under-130% FPL population
18161,"Union County, IN",IN,6932,872,1620,182.0,256.0,53,FNS state total allocated by share of under-130% FPL population
20183,"Smith County, KS",KS,3495,490,898,89.0,131.0,53,FNS state total allocated by share of under-130% FPL population
31037,"Colfax County, NE",NE,10561,1517,2813,329.0,231.0,53,FNS state total allocated by share of under-130% FPL population
38029,"Emmons County, ND",ND,3172,513,1078,139.0,197.0,53,FNS state total allocated by share of under-130% FPL population
46053,"Gregory County, SD",SD,3944,598,1016,127.0,184.0,53,FNS state total allocated by share of under-130% FPL population
46057,"Hamlin County, SD",SD,6193,595,1395,71.0,133.0,53,FNS state total allocated by share of under-130% FPL population
48435,"Sutton County, TX",TX,3260,297,1093,85.0,119.0,53,FNS state total allocated by share of under-130% FPL population
13101,"Echols County, GA",GA,3709,828,1496,232.0,177.0,52,FNS state total allocated by share of under-130% FPL population
29041,"Chariton County, MO",MO,7119,1042,1966,189.0,252.0,52,FNS state total allocated by share of under-130% FPL population
30059,"Meagher County, MT",MT,1967,373,596,80.0,116.0,52,FNS state total allocated by share of under-130% FPL population
39071,"Highland County, OH",OH,42881,8066,16185,2555.0,2796.0,52,FNS state total allocated by share of under-130% FPL population
40117,"Pawnee County, OK",OK,15555,3574,5964,947.0,1138.0,52,FNS state total allocated by share of under-130% FPL population
49055,"Wayne County, UT",UT,2570,448,893,81.0,136.0,52,FNS state total allocated by share of under-130% FPL population
19111,"Lee County, IA",IA,31541,5420,10267,1939.0,2029.0,51,FNS state total allocated by share of under-130% FPL population
20105,"Lincoln County, KS",KS,2874,470,899,84.0,174.0,51,FNS state total allocated by share of under-130% FPL population
22031,"De Soto Parish, LA",LA,26750,7288,11449,2114.0,2392.0,51,FNS state total allocated by share of under-130% FPL population
30045,"Judith Basin County, MT",MT,2066,363,705,49.0,121.0,51,FNS state total allocated by share of under-130% FPL population
36041,"Hamilton County, NY",NY,5036,783,1283,119.0,256.0,51,FNS state total allocated by share of under-130% FPL population
54001,"Barbour County, WV",WV,14788,3837,5680,1199.0,1248.0,51,FNS state total allocated by share of under-130% FPL population
54087,"Roane County, WV",WV,13664,3868,6551,1245.0,1100.0,51,FNS state total allocated by share of under-130% FPL population
20163,"Rooks County, KS",KS,4577,468,1321,77.0,165.0,50,FNS state total allocated by share of under-130% FPL population
22111,"Union Parish, LA",LA,20221,7225,10310,1733.0,2192.0,50,FNS state total allocated by share of under-130% FPL population
38045,"LaMoure County, ND",ND,3988,478,931,100.0,158.0,50,FNS state total allocated by share of under-130% FPL population
39027,"Clinton County, OH",OH,40829,7875,12946,1888.0,2082.0,50,FNS state total allocated by share of under-130% FPL population
39079,"Jackson County, OH",OH,32083,7853,12252,2588.0,2521.0,50,FNS state total allocated by share of under-130% FPL population
40095,"Marshall County, OK",OK,15601,3457,6400,723.0,950.0,50,FNS state total allocated by share of under-130% FPL population
46039,"Deuel County, SD",SD,4292,565,1034,61.0,185.0,50,FNS state total allocated by share of under-130% FPL population
46061,"Hanson County, SD",SD,3470,558,979,35.0,67.0,50,FNS state total allocated by share of under-130% FPL population
27173,"Yellow Medicine County, MN",MN,9326,1350,2585,301.0,360.0,49,FNS state total allocated by share of under-130% FPL population
39055,"Geauga County, OH",OH,94451,7704,16543,1572.0,2100.0,49,FNS state total allocated by share of under-130% FPL population
39059,"Guernsey County, OH",OH,37762,7706,13406,2790.0,2489.0,49,FNS state total allocated by share of under-130% FPL population
54009,"Brooke County, WV",WV,20874,3728,7029,1364.0,1174.0,49,FNS state total allocated by share of under-130% FPL population
20039,"Decatur County, KS",KS,2662,446,950,68.0,130.0,48,FNS state total allocated by share of under-130% FPL population
20065,"Graham County, KS",KS,2346,449,792,74.0,225.0,48,FNS state total allocated by share of under-130% FPL population
20171,"Scott County, KS",KS,4874,442,1236,205.0,123.0,48,FNS state total allocated by share of under-130% FPL population
20203,"Wichita County, KS",KS,2063,448,714,47.0,150.0,48,FNS state total allocated by share of under-130% FPL population
22011,"Beauregard Parish, LA",LA,35510,6871,11054,2411.0,1993.0,48,FNS state total allocated by share of under-130% FPL population
27087,"Mahnomen County, MN",MN,5240,1320,2161,403.0,336.0,48,FNS state total allocated by share of under-130% FPL population
27133,"Rock County, MN",MN,9398,1330,2399,280.0,509.0,48,FNS state total allocated by share of under-130% FPL population
29005,"Atchison County, MO",MO,5087,971,1868,132.0,277.0,48,FNS state total allocated by share of under-130% FPL population
31147,"Richardson County, NE",NE,7598,1380,2655,268.0,442.0,48,FNS state total allocated by share of under-130% FPL population
31179,"Wayne County, NE",NE,8386,1386,2252,256.0,636.0,48,FNS state total allocated by share of under-130% FPL population
38025,"Dunn County, ND",ND,3971,462,787,58.0,104.0,48,FNS state total allocated by share of under-130% FPL population
39131,"Pike County, OH",OH,26692,7512,11407,2583.0,2352.0,48,FNS state total allocated by share of under-130% FPL population
39149,"Shelby County, OH",OH,47307,7518,13246,1657.0,1966.0,48,FNS state total allocated by share of under-130% FPL population
40107,"Okfuskee County, OK",OK,10150,3291,4940,761.0,919.0,48,FNS state total allocated by share of under-130% FPL population
48311,"McMullen County, TX",TX,700,267,457,8.0,25.0,48,FNS state total allocated by share of under-130% FPL population
50011,"Franklin County, VT",VT,50091,7504,13052,2456.0,2219.0,48,FNS state total allocated by share of under-130% FPL population
54041,"Lewis County, WV",WV,16566,3606,5584,1487.0,1298.0,48,FNS state total allocated by share of under-130% FPL population
22029,"Concordia Parish, LA",LA,17059,6697,8384,1821.0,1830.0,47,FNS state total allocated by share of under-130% FPL population
22047,"Iberville Parish, LA",LA,27109,6796,10047,2381.0,2241.0,47,FNS state total allocated by share of under-130% FPL population
22053,"Jefferson Davis Parish, LA",LA,31304,6764,11468,2449.0,1890.0,47,FNS state total allocated by share of under-130% FPL population
22085,"Sabine Parish, LA",LA,21618,6807,10434,1936.0,2080.0,47,FNS state total allocated by share of under-130% FPL population
31045,"Dawes County, NE",NE,7352,1346,2525,344.0,558.0,47,FNS state total allocated by share of under-130% FPL population
32001,"Churchill County, NV",NV,25210,3698,6779,1012.0,829.0,47,FNS state total allocated by share of under-130% FPL population
39091,"Logan County, OH",OH,45486,7311,13055,2201.0,2139.0,47,FNS state total allocated by share of under-130% FPL population
40127,"Pushmataha County, OK",OK,10585,3220,5177,785.0,1001.0,47,FNS state total allocated by share of under-130% FPL population
46087,"McCook County, SD",SD,5611,525,1066,112.0,162.0,47,FNS state total allocated by share of under-130% FPL population
20129,"Morton County, KS",KS,2545,424,742,79.0,155.0,46,FNS state total allocated by share of under-130% FPL population
20187,"Stanton County, KS",KS,2008,424,675,42.0,3.0,46,FNS state total allocated by share of under-130% FPL population
29171,"Putnam County, MO",MO,4574,926,1406,134.0,251.0,46,FNS state total allocated by share of under-130% FPL population
38011,"Bowman County, ND",ND,2828,443,566,66.0,157.0,46,FNS state total allocated by share of under-130% FPL population
38027,"Eddy County, ND",ND,2219,447,673,77.0,158.0,46,FNS state total allocated by share of under-130% FPL population
39001,"Adams County, OH",OH,27097,7136,12134,2153.0,2291.0,46,FNS state total allocated by share of under-130% FPL population
39033,"Crawford County, OH",OH,41131,7136,14522,2496.0,2311.0,46,FNS state total allocated by share of under-130% FPL population
46025,"Clark County, SD",SD,3788,519,1058,25.0,128.0,46,FNS state total allocated by share of under-130% FPL population
46105,"Perkins County, SD",SD,2958,513,893,107.0,162.0,46,FNS state total allocated by share of under-130% FPL population
49029,"Morgan County, UT",UT,12783,397,1037,13.0,71.0,46,FNS state total allocated by share of under-130% FPL population
54031,"Hardy County, WV",WV,14125,3472,6172,1144.0,979.0,46,FNS state total allocated by share of under-130% FPL population
54089,"Summers County, WV",WV,10886,3437,4972,1077.0,942.0,46,FNS state total allocated by share of under-130% FPL population
13061,"Clay County, GA",GA,2788,712,1175,322.0,233.0,45,FNS state total allocated by share of under-130% FPL population
31137,"Phelps County, NE",NE,8765,1290,2328,389.0,548.0,45,FNS state total allocated by share of under-130% FPL population
37075,"Graham County, NC",NC,7929,1332,3191,518.0,334.0,45,FNS state total allocated by share of under-130% FPL population
40061,"Haskell County, OK",OK,11557,3115,5520,1019.0,964.0,45,FNS state total allocated by share of under-130% FPL population
46043,"Douglas County, SD",SD,2715,500,769,21.0,124.0,45,FNS state total allocated by share of under-130% FPL population
49031,"Piute County, UT",UT,1687,391,709,53.0,104.0,45,FNS state total allocated by share of under-130% FPL population
50023,"Washington County, VT",VT,58744,7136,12880,2600.0,2239.0,45,FNS state total allocated by share of under-130% FPL population
50025,"Windham County, VT",VT,44432,7083,12187,2624.0,2490.0,45,FNS state total allocated by share of under-130% FPL population
31031,"Cherry County, NE",NE,5438,1260,1938,99.0,208.0,44,FNS state total allocated by share of under-130% FPL population
31127,"Nemaha County, NE",NE,6569,1261,2324,378.0,375.0,44,FNS state total allocated by share of under-130% FPL population
38001,"Adams County, ND",ND,2083,419,734,130.0,177.0,44,FNS state total allocated by share of under-130% FPL population
39105,"Meigs County, OH",OH,21514,6817,10132,2282.0,1945.0,44,FNS state total allocated by share of under-130% FPL population
40063,"Hughes County, OK",OK,11588,3018,5361,638.0,731.0,44,FNS state total allocated by share of under-130% FPL population
22041,"Franklin Parish, LA",LA,18417,6152,8776,1845.0,1512.0,43,FNS state total allocated by share of under-130% FPL population
29129,"Mercer County, MO",MO,3424,861,1495,139.0,154.0,43,FNS state total allocated by share of under-130% FPL population
31041,"Custer County, NE",NE,10342,1228,2912,350.0,359.0,43,FNS state total allocated by share of under-130% FPL population
31173,"Thurston County, NE",NE,6443,1222,2557,293.0,250.0,43,FNS state total allocated by share of under-130% FPL population
38051,"McIntosh County, ND",ND,2392,415,810,77.0,169.0,43,FNS state total allocated by share of under-130% FPL population
40005,"Atoka County, OK",OK,12766,2940,5093,742.0,893.0,43,FNS state total allocated by share of under-130% FPL population
50027,"Windsor County, VT",VT,57173,6732,13339,2437.0,2478.0,43,FNS state total allocated by share of under-130% FPL population
54007,"Braxton County, WV",WV,11751,3224,5486,1055.0,1069.0,43,FNS state total allocated by share of under-130% FPL population
13239,"Quitman County, GA",GA,2264,664,1189,242.0,189.0,42,FNS state total allocated by share of under-130% FPL population
18115,"Ohio County, IN",IN,5952,691,1580,90.0,261.0,42,FNS state total allocated by share of under-130% FPL population
19099,"Jasper County, IA",IA,36144,4435,10247,1105.0,1223.0,42,FNS state total allocated by share of under-130% FPL population
20135,"Ness County, KS",KS,2583,390,750,38.0,118.0,42,FNS state total allocated by share of under-130% FPL population
27167,"Wilkin County, MN",MN,6241,1179,1816,281.0,380.0,42,FNS state total allocated by share of under-130% FPL population
39053,"Gallia County, OH",OH,28438,6535,11474,2206.0,2123.0,42,FNS state total allocated by share of under-130% FPL population
39075,"Holmes County, OH",OH,43612,6523,12397,645.0,1272.0,42,FNS state total allocated by share of under-130% FPL population
39127,"Perry County, OH",OH,35190,6635,12001,2145.0,2084.0,42,FNS state total allocated by share of under-130% FPL population
39135,"Preble County, OH",OH,40388,6557,11225,1707.0,1995.0,42,FNS state total allocated by share of under-130% FPL population
39171,"Williams County, OH",OH,35636,6607,11745,2195.0,2038.0,42,FNS state total allocated by share of under-130% FPL population
40069,"Johnston County, OK",OK,9849,2905,4457,756.0,802.0,42,FNS state total allocated by share of under-130% FPL population
48433,"Stonewall County, TX",TX,1181,236,466,41.0,77.0,42,FNS state total allocated by share of under-130% FPL population
06091,"Sierra County, CA",CA,2568,300,680,119.0,84.0,41,FNS state total allocated by share of under-130% FPL population
13307,"Webster County, GA",GA,2379,655,1138,242.0,138.0,41,FNS state total allocated by share of under-130% FPL population
20017,"Chase County, KS",KS,2418,383,774,64.0,97.0,41,FNS state total allocated by share of under-130% FPL population
27089,"Marshall County, MN",MN,8769,1130,2139,246.0,320.0,41,FNS state total allocated by share of under-130% FPL population
31021,"Burt County, NE",NE,6633,1177,1961,302.0,432.0,41,FNS state total allocated by share of under-130% FPL population
31039,"Cuming County, NE",NE,8871,1174,1947,97.0,258.0,41,FNS state total allocated by share of under-130% FPL population
38019,"Cavalier County, ND",ND,3548,390,878,73.0,155.0,41,FNS state total allocated by share of under-130% FPL population
39073,"Hocking County, OH",OH,27487,6390,9898,1923.0,1645.0,41,FNS state total allocated by share of under-130% FPL population
48345,"Motley County, TX",TX,1183,231,500,58.0,95.0,41,FNS state total allocated by share of under-130% FPL population
22083,"Richland Parish, LA",LA,18846,5718,9099,1778.0,1705.0,40,FNS state total allocated by share of under-130% FPL population
27063,"Jackson County, MN",MN,9790,1107,2269,227.0,431.0,40,FNS state total allocated by share of under-130% FPL population
30079,"Prairie County, MT",MT,1218,286,506,79.0,127.0,40,FNS state total allocated by share of under-130% FPL population
31023,"Butler County, NE",NE,8297,1136,1708,205.0,435.0,40,FNS state total allocated by share of under-130% FPL population
40077,"Latimer County, OK",OK,9164,2741,4444,731.0,818.0,40,FNS state total allocated by share of under-130% FPL population
54091,"Taylor County, WV",WV,15983,3035,6045,1334.0,1007.0,40,FNS state total allocated by share of under-130% FPL population
02164,"Lake and Peninsula Borough, AK",AK,1008,209,394,95.0,59.0,39,FNS state total allocated by share of under-130% FPL population
13125,"Glascock County, GA",GA,2859,618,1329,199.0,172.0,39,FNS state total allocated by share of under-130% FPL population
27101,"Murray County, MN",MN,7995,1091,1933,222.0,329.0,39,FNS state total allocated by share of under-130% FPL population
31101,"Keith County, NE",NE,8118,1126,2273,360.0,497.0,39,FNS state total allocated by share of under-130% FPL population
37095,"Hyde County, NC",NC,3909,1148,1569,436.0,364.0,39,FNS state total allocated by share of under-130% FPL population
38031,"Foster County, ND",ND,3260,373,786,146.0,206.0,39,FNS state total allocated by share of under-130% FPL population
39065,"Hardin County, OH",OH,28365,6084,9338,1448.0,1767.0,39,FNS state total allocated by share of under-130% FPL population
48235,"Irion County, TX",TX,1409,218,330,23.0,45.0,39,FNS state total allocated by share of under-130% FPL population
54103,"Wetzel County, WV",WV,13864,2929,5385,1215.0,1054.0,39,FNS state total allocated by share of under-130% FPL population
20049,"Elk County, KS",KS,2440,353,813,73.0,112.0,38,FNS state total allocated by share of under-130% FPL population
22003,"Allen Parish, LA",LA,19025,5395,8628,2080.0,1899.0,38,FNS state total allocated by share of under-130% FPL population
22027,"Claiborne Parish, LA",LA,11936,5390,7404,1743.0,1719.0,38,FNS state total allocated by share of under-130% FPL population
28055,"Issaquena County, MS",MS,619,197,311,84.0,92.0,38,FNS state total allocated by share of under-130% FPL population
30019,"Daniels County, MT",MT,1469,274,399,21.0,89.0,38,FNS state total allocated by share of under-130% FPL population
30075,"Powder River County, MT",MT,1761,271,502,38.0,65.0,38,FNS state total allocated by share of under-130% FPL population
38033,"Golden Valley County, ND",ND,1624,369,480,114.0,106.0,38,FNS state total allocated by share of under-130% FPL population
38095,"Towner County, ND",ND,2047,369,771,45.0,126.0,38,FNS state total allocated by share of under-130% FPL population
40073,"Kingfisher County, OK",OK,15153,2638,4480,466.0,679.0,38,FNS state total allocated by share of under-130% FPL population
27051,"Grant County, MN",MN,6054,1015,1806,207.0,307.0,37,FNS state total allocated by share of under-130% FPL population
39047,"Fayette County, OH",OH,28306,5730,9620,1653.0,1784.0,37,FNS state total allocated by share of under-130% FPL population
39051,"Fulton County, OH",OH,41777,5775,10831,1633.0,1543.0,37,FNS state total allocated by share of under-130% FPL population
39117,"Morrow County, OH",OH,34941,5837,9908,1594.0,1542.0,37,FNS state total allocated by share of under-130% FPL population
40075,"Kiowa County, OK",OK,8205,2560,3933,715.0,763.0,37,FNS state total allocated by share of under-130% FPL population
51091,"Highland County, VA",VA,2296,314,503,81.0,109.0,37,FNS state total allocated by share of under-130% FPL population
54065,"Morgan County, WV",WV,17098,2808,4587,1031.0,925.0,37,FNS state total allocated by share of under-130% FPL population
02068,"Denali Borough, AK",AK,1949,192,282,17.0,56.0,36,FNS state total allocated by share of under-130% FPL population
19125,"Marion County, IA",IA,31871,3896,7508,1057.0,1381.0,36,FNS state total allocated by share of under-130% FPL population
38039,"Griggs County, ND",ND,2160,349,574,57.0,150.0,36,FNS state total allocated by share of under-130% FPL population
38047,"Logan County, ND",ND,1754,349,680,40.0,111.0,36,FNS state total allocated by share of under-130% FPL population
38081,"Sargent County, ND",ND,3750,351,645,94.0,102.0,36,FNS state total allocated by share of under-130% FPL population
19181,"Warren County, IA",IA,52655,3767,8529,1270.0,1385.0,35,FNS state total allocated by share of under-130% FPL population
27107,"Norman County, MN",MN,6223,962,1654,294.0,298.0,35,FNS state total allocated by share of under-130% FPL population
30011,"Carter County, MT",MT,1286,249,430,32.0,105.0,35,FNS state total allocated by share of under-130% FPL population
31095,"Jefferson County, NE",NE,6996,1013,1974,392.0,434.0,35,FNS state total allocated by share of under-130% FPL population
40099,"Murray County, OK",OK,13280,2415,4397,605.0,690.0,35,FNS state total allocated by share of under-130% FPL population
46003,"Aurora County, SD",SD,2565,394,705,47.0,98.0,35,FNS state total allocated by share of under-130% FPL population
50003,"Bennington County, VT",VT,36401,5602,9743,2310.0,2097.0,35,FNS state total allocated by share of under-130% FPL population
54015,"Clay County, WV",WV,7774,2660,4167,969.0,731.0,35,FNS state total allocated by share of under-130% FPL population
02100,"Haines Borough, AK",AK,2075,182,330,42.0,57.0,34,FNS state total allocated by share of under-130% FPL population
22013,"Bienville Parish, LA",LA,12318,4881,7151,1274.0,1475.0,34,FNS state total allocated by share of under-130% FPL population
38041,"Hettinger County, ND",ND,2304,328,665,47.0,153.0,34,FNS state total allocated by share of under-130% FPL population
38043,"Kidder County, ND",ND,2377,330,667,63.0,143.0,34,FNS state total allocated by share of under-130% FPL population
39039,"Defiance County, OH",OH,37681,5319,9563,1431.0,1648.0,34,FNS state total allocated by share of under-130% FPL population
40149,"Washita County, OK",OK,10574,2322,3729,616.0,505.0,34,FNS state total allocated by share of under-130% FPL population
46089,"McPherson County, SD",SD,1998,382,565,29.0,98.0,34,FNS state total allocated by share of under-130% FPL population
49033,"Rich County, UT",UT,2607,296,789,30.0,50.0,34,FNS state total allocated by share of under-130% FPL population
16033,"Clark County, ID",ID,843,222,434,12.0,25.0,33,FNS state total allocated by share of under-130% FPL population
19123,"Mahaska County, IA",IA,21227,3478,6441,1134.0,1061.0,33,FNS state total allocated by share of under-130% FPL population
20195,"Trego County, KS",KS,2717,305,552,73.0,79.0,33,FNS state total allocated by share of under-130% FPL population
29087,"Holt County, MO",MO,4126,660,1414,118.0,209.0,33,FNS state total allocated by share of under-130% FPL population
31051,"Dixon County, NE",NE,5426,952,1516,172.0,162.0,33,FNS state total allocated by share of under-130% FPL population
32013,"Humboldt County, NV",NV,17134,2603,4585,778.0,749.0,33,FNS state total allocated by share of under-130% FPL population
19167,"Sioux County, IA",IA,33887,3423,7332,360.0,984.0,32,FNS state total allocated by share of under-130% FPL population
27081,"Lincoln County, MN",MN,5424,880,1520,171.0,329.0,32,FNS state total allocated by share of under-130% FPL population
31065,"Furnas County, NE",NE,4487,914,1350,102.0,323.0,32,FNS state total allocated by share of under-130% FPL population
37029,"Camden County, NC",NC,10860,960,1569,426.0,304.0,32,FNS state total allocated by share of under-130% FPL population
40085,"Love County, OK",OK,10145,2219,3802,537.0,595.0,32,FNS state total allocated by share of under-130% FPL population
19065,"Fayette County, IA",IA,18558,3354,6176,695.0,1025.0,31,FNS state total allocated by share of under-130% FPL population
19101,"Jefferson County, IA",IA,14652,3320,5418,899.0,1160.0,31,FNS state total allocated by share of under-130% FPL population
20025,"Clark County, KS",KS,1904,289,534,38.0,77.0,31,FNS state total allocated by share of under-130% FPL population
22007,"Assumption Parish, LA",LA,20346,4407,7476,1755.0,1684.0,31,FNS state total allocated by share of under-130% FPL population
29199,"Scotland County, MO",MO,4596,618,1133,65.0,137.0,31,FNS state total allocated by share of under-130% FPL population
31123,"Morrill County, NE",NE,4425,900,1551,223.0,320.0,31,FNS state total allocated by share of under-130% FPL population
38063,"Nelson County, ND",ND,2879,298,741,66.0,105.0,31,FNS state total allocated by share of under-130% FPL population
39019,"Carroll County, OH",OH,26199,4785,8651,1344.0,1280.0,31,FNS state total allocated by share of under-130% FPL population
40105,"Nowata County, OK",OK,9299,2163,3868,648.0,650.0,31,FNS state total allocated by share of under-130% FPL population
46091,"Marshall County, SD",SD,4240,346,654,26.0,104.0,31,FNS state total allocated by share of under-130% FPL population
50005,"Caledonia County, VT",VT,29702,4821,8154,1949.0,1567.0,31,FNS state total allocated by share of under-130% FPL population
19007,"Appanoose County, IA",IA,12013,3165,5069,689.0,806.0,30,FNS state total allocated by share of under-130% FPL population
19047,"Crawford County, IA",IA,16095,3187,5469,666.0,842.0,30,FNS state total allocated by share of under-130% FPL population
19171,"Tama County, IA",IA,16487,3204,5056,647.0,934.0,30,FNS state total allocated by share of under-130% FPL population
20097,"Kiowa County, KS",KS,2205,274,591,41.0,60.0,30,FNS state total allocated by share of under-130% FPL population
22077,"Pointe Coupee Parish, LA",LA,20003,4283,6648,1004.0,1621.0,30,FNS state total allocated by share of under-130% FPL population
22121,"West Baton Rouge Parish, LA",LA,27236,4328,8060,1360.0,1213.0,30,FNS state total allocated by share of under-130% FPL population
31003,"Antelope County, NE",NE,6244,867,1833,124.0,295.0,30,FNS state total allocated by share of under-130% FPL population
31027,"Cedar County, NE",NE,8124,858,1868,186.0,288.0,30,FNS state total allocated by share of under-130% FPL population
31121,"Merrick County, NE",NE,7607,870,1659,184.0,356.0,30,FNS state total allocated by share of under-130% FPL population
31169,"Thayer County, NE",NE,4793,862,1410,151.0,200.0,30,FNS state total allocated by share of under-130% FPL population
38075,"Renville County, ND",ND,2250,291,506,64.0,79.0,30,FNS state total allocated by share of under-130% FPL population
39011,"Auglaize County, OH",OH,45524,4669,9053,1289.0,1471.0,30,FNS state total allocated by share of under-130% FPL population
39107,"Mercer County, OH",OH,41656,4722,9416,1119.0,1401.0,30,FNS state total allocated by share of under-130% FPL population
46097,"Miner County, SD",SD,2215,342,584,64.0,90.0,30,FNS state total allocated by share of under-130% FPL population
48173,"Glasscock County, TX",TX,1068,168,254,45.0,25.0,30,FNS state total allocated by share of under-130% FPL population
50019,"Orleans County, VT",VT,26827,4727,7946,1738.0,1461.0,30,FNS state total allocated by share of under-130% FPL population
54063,"Monroe County, WV",WV,12287,2253,4468,556.0,564.0,30,FNS state total allocated by share of under-130% FPL population
54101,"Webster County, WV",WV,8074,2268,3622,944.0,773.0,30,FNS state total allocated by share of under-130% FPL population
19105,"Jones County, IA",IA,19607,3129,5487,868.0,878.0,29,FNS state total allocated by share of under-130% FPL population
22043,"Grant Parish, LA",LA,18829,4192,7556,1377.0,1359.0,29,FNS state total allocated by share of under-130% FPL population
30033,"Garfield County, MT",MT,1081,211,410,13.0,61.0,29,FNS state total allocated by share of under-130% FPL population
31011,"Boone County, NE",NE,5257,822,1372,86.0,213.0,29,FNS state total allocated by share of under-130% FPL population
39021,"Champaign County, OH",OH,38293,4541,9398,1599.0,1316.0,29,FNS state total allocated by share of under-130% FPL population
39097,"Madison County, OH",OH,39919,4548,9161,1522.0,1429.0,29,FNS state total allocated by share of under-130% FPL population
54013,"Calhoun County, WV",WV,6022,2201,3030,643.0,709.0,29,FNS state total allocated by share of under-130% FPL population
54075,"Pocahontas County, WV",WV,7424,2201,3919,690.0,695.0,29,FNS state total allocated by share of under-130% FPL population
54085,"Ritchie County, WV",WV,8078,2182,3451,540.0,740.0,29,FNS state total allocated by share of under-130% FPL population
13265,"Taliaferro County, GA",GA,1547,439,688,152.0,137.0,28,FNS state total allocated by share of under-130% FPL population
19145,"Page County, IA",IA,14022,2941,5320,798.0,980.0,28,FNS state total allocated by share of under-130% FPL population
20075,"Hamilton County, KS",KS,2460,257,600,22.0,120.0,28,FNS state total allocated by share of under-130% FPL population
20101,"Lane County, KS",KS,1453,262,410,20.0,65.0,28,FNS state total allocated by share of under-130% FPL population
20153,"Rawlins County, KS",KS,2474,264,789,109.0,78.0,28,FNS state total allocated by share of under-130% FPL population
22091,"St. Helena Parish, LA",LA,10747,4086,5770,1281.0,1367.0,28,FNS state total allocated by share of under-130% FPL population
27011,"Big Stone County, MN",MN,4985,783,1308,203.0,258.0,28,FNS state total allocated by share of under-130% FPL population
29103,"Knox County, MO",MO,3640,557,1039,106.0,176.0,28,FNS state total allocated by share of under-130% FPL population
30109,"Wibaux County, MT",MT,1164,202,296,21.0,67.0,28,FNS state total allocated by share of under-130% FPL population
37177,"Tyrrell County, NC",NC,3004,829,1530,423.0,270.0,28,FNS state total allocated by share of under-130% FPL population
38091,"Steele County, ND",ND,1804,267,479,27.0,100.0,28,FNS state total allocated by share of under-130% FPL population
39123,"Ottawa County, OH",OH,39367,4366,8332,1441.0,1709.0,28,FNS state total allocated by share of under-130% FPL population
39159,"Union County, OH",OH,64595,4434,8622,1177.0,1339.0,28,FNS state total allocated by share of under-130% FPL population
48011,"Armstrong County, TX",TX,1771,159,438,26.0,46.0,28,FNS state total allocated by share of under-130% FPL population
54023,"Grant County, WV",WV,10881,2115,3269,731.0,712.0,28,FNS state total allocated by share of under-130% FPL population
06003,"Alpine County, CA",CA,1616,194,355,42.0,40.0,27,FNS state total allocated by share of under-130% FPL population
19021,"Buena Vista County, IA",IA,19801,2886,6038,754.0,495.0,27,FNS state total allocated by share of under-130% FPL population
19087,"Henry County, IA",IA,18398,2896,5312,689.0,907.0,27,FNS state total allocated by share of under-130% FPL population
19183,"Washington County, IA",IA,22166,2843,6452,728.0,753.0,27,FNS state total allocated by share of under-130% FPL population
20179,"Sheridan County, KS",KS,2397,251,512,40.0,73.0,27,FNS state total allocated by share of under-130% FPL population
22049,"Jackson Parish, LA",LA,14077,3932,6471,848.0,1186.0,27,FNS state total allocated by share of under-130% FPL population
27031,"Cook County, MN",MN,5586,754,1265,112.0,210.0,27,FNS state total allocated by share of under-130% FPL population
29227,"Worth County, MO",MO,1897,548,799,93.0,136.0,27,FNS state total allocated by share of under-130% FPL population
31099,"Kearney County, NE",NE,6619,761,1806,111.0,234.0,27,FNS state total allocated by share of under-130% FPL population
31139,"Pierce County, NE",NE,7228,762,2021,209.0,260.0,27,FNS state total allocated by share of under-130% FPL population
40103,"Noble County, OK",OK,10596,1868,3419,450.0,518.0,27,FNS state total allocated by share of under-130% FPL population
40141,"Tillman County, OK",OK,6744,1853,3226,517.0,612.0,27,FNS state total allocated by share of under-130% FPL population
19011,"Benton County, IA",IA,25180,2732,4949,491.0,904.0,26,FNS state total allocated by share of under-130% FPL population
19157,"Poweshiek County, IA",IA,16880,2831,4656,735.0,960.0,26,FNS state total allocated by share of under-130% FPL population
20063,"Gove County, KS",KS,2765,241,838,31.0,93.0,26,FNS state total allocated by share of under-130% FPL population
22075,"Plaquemines Parish, LA",LA,22231,3664,6010,1215.0,1147.0,26,FNS state total allocated by share of under-130% FPL population
22127,"Winn Parish, LA",LA,11964,3738,5347,879.0,1093.0,26,FNS state total allocated by share of under-130% FPL population
30037,"Golden Valley County, MT",MT,899,183,304,3.0,68.0,26,FNS state total allocated by share of under-130% FPL population
30055,"McCone County, MT",MT,1646,184,369,2.0,38.0,26,FNS state total allocated by share of under-130% FPL population
46059,"Hand County, SD",SD,3087,291,741,54.0,89.0,26,FNS state total allocated by share of under-130% FPL population
46111,"Sanborn County, SD",SD,2330,293,536,54.0,90.0,26,FNS state total allocated by share of under-130% FPL population
19029,"Cass County, IA",IA,12859,2696,4546,699.0,857.0,25,FNS state total allocated by share of under-130% FPL population
19067,"Floyd County, IA",IA,15119,2634,4973,540.0,817.0,25,FNS state total allocated by share of under-130% FPL population
19083,"Hardin County, IA",IA,15948,2699,4694,588.0,839.0,25,FNS state total allocated by share of under-130% FPL population
19097,"Jackson County, IA",IA,19155,2701,4835,865.0,861.0,25,FNS state total allocated by share of under-130% FPL population
19149,"Plymouth County, IA",IA,25362,2701,5106,683.0,845.0,25,FNS state total allocated by share of under-130% FPL population
19197,"Wright County, IA",IA,12630,2710,4444,511.0,696.0,25,FNS state total allocated by share of under-130% FPL population
22037,"East Feliciana Parish, LA",LA,16702,3573,5752,929.0,946.0,25,FNS state total allocated by share of under-130% FPL population
22065,"Madison Parish, LA",LA,8308,3620,5284,929.0,930.0,25,FNS state total allocated by share of under-130% FPL population
22093,"St. James Parish, LA",LA,19365,3562,5824,1060.0,975.0,25,FNS state total allocated by share of under-130% FPL population
27073,"Lac qui Parle County, MN",MN,6527,705,1556,256.0,281.0,25,FNS state total allocated by share of under-130% FPL population
29197,"Schuyler County, MO",MO,4019,493,1390,100.0,150.0,25,FNS state total allocated by share of under-130% FPL population
31059,"Fillmore County, NE",NE,5371,709,1234,140.0,225.0,25,FNS state total allocated by share of under-130% FPL population
31081,"Hamilton County, NE",NE,9307,722,1768,175.0,176.0,25,FNS state total allocated by share of under-130% FPL population
31125,"Nance County, NE",NE,3236,708,1218,93.0,172.0,25,FNS state total allocated by share of under-130% FPL population
31161,"Sheridan County, NE",NE,4845,712,1590,215.0,253.0,25,FNS state total allocated by share of under-130% FPL population
38023,"Divide County, ND",ND,2097,242,328,18.0,84.0,25,FNS state total allocated by share of under-130% FPL population
40151,"Woods County, OK",OK,7614,1717,2919,328.0,676.0,25,FNS state total allocated by share of under-130% FPL population
46117,"Stanley County, SD",SD,3015,286,477,30.0,40.0,25,FNS state total allocated by share of under-130% FPL population
54095,"Tyler County, WV",WV,7988,1904,2815,644.0,720.0,25,FNS state total allocated by share of under-130% FPL population
19017,"Bremer County, IA",IA,23685,2515,4269,518.0,826.0,24,FNS state total allocated by share of under-130% FPL population
19027,"Carroll County, IA",IA,20228,2579,5053,522.0,802.0,24,FNS state total allocated by share of under-130% FPL population
31035,"Clay County, NE",NE,5970,699,1498,151.0,225.0,24,FNS state total allocated by share of under-130% FPL population
31167,"Stanton County, NE",NE,5722,693,1259,112.0,279.0,24,FNS state total allocated by share of under-130% FPL population
39161,"Van Wert County, OH",OH,28508,3806,7816,867.0,1111.0,24,FNS state total allocated by share of under-130% FPL population
40011,"Blaine County, OK",OK,7934,1635,2676,482.0,522.0,24,FNS state total allocated by share of under-130% FPL population
50001,"Addison County, VT",VT,34438,3836,6543,1306.0,1216.0,24,FNS state total allocated by share of under-130% FPL population
50017,"Orange County, VT",VT,29204,3852,6397,1240.0,1143.0,24,FNS state total allocated by share of under-130% FPL population
19015,"Boone County, IA",IA,26180,2445,4799,524.0,830.0,23,FNS state total allocated by share of under-130% FPL population
19019,"Buchanan County, IA",IA,20531,2433,5276,544.0,803.0,23,FNS state total allocated by share of under-130% FPL population
19043,"Clayton County, IA",IA,16767,2461,4704,504.0,832.0,23,FNS state total allocated by share of under-130% FPL population
19055,"Delaware County, IA",IA,17381,2455,4086,630.0,745.0,23,FNS state total allocated by share of under-130% FPL population
31093,"Howard County, NE",NE,6434,673,1222,169.0,186.0,23,FNS state total allocated by share of under-130% FPL population
31175,"Valley County, NE",NE,4005,652,1122,176.0,216.0,23,FNS state total allocated by share of under-130% FPL population
40067,"Jefferson County, OK",OK,5235,1597,2426,487.0,535.0,23,FNS state total allocated by share of under-130% FPL population
19041,"Clay County, IA",IA,16167,2382,4080,683.0,771.0,22,FNS state total allocated by share of under-130% FPL population
19095,"Iowa County, IA",IA,16270,2307,4021,450.0,545.0,22,FNS state total allocated by share of under-130% FPL population
19141,"O'Brien County, IA",IA,13825,2333,4354,450.0,662.0,22,FNS state total allocated by share of under-130% FPL population
20033,"Comanche County, KS",KS,1669,206,496,62.0,80.0,22,FNS state total allocated by share of under-130% FPL population
20199,"Wallace County, KS",KS,1392,206,408,43.0,62.0,22,FNS state total allocated by share of under-130% FPL population
22021,"Caldwell Parish, LA",LA,9200,3211,4304,873.0,1091.0,22,FNS state total allocated by share of under-130% FPL population
31105,"Kimball County, NE",NE,3172,643,1255,168.0,162.0,22,FNS state total allocated by share of under-130% FPL population
31143,"Polk County, NE",NE,5132,627,1308,104.0,183.0,22,FNS state total allocated by share of under-130% FPL population
39069,"Henry County, OH",OH,27186,3458,6657,701.0,1001.0,22,FNS state total allocated by share of under-130% FPL population
40029,"Coal County, OK",OK,5264,1529,2518,362.0,394.0,22,FNS state total allocated by share of under-130% FPL population
46021,"Campbell County, SD",SD,1590,242,538,43.0,68.0,22,FNS state total allocated by share of under-130% FPL population
46107,"Potter County, SD",SD,2315,247,556,22.0,85.0,22,FNS state total allocated by share of under-130% FPL population
19137,"Montgomery County, IA",IA,9917,2192,3096,667.0,762.0,21,FNS state total allocated by share of under-130% FPL population
20083,"Hodgeman County, KS",KS,1628,191,490,30.0,53.0,21,FNS state total allocated by share of under-130% FPL population
31097,"Johnson County, NE",NE,4290,593,1108,204.0,191.0,21,FNS state total allocated by share of under-130% FPL population
19005,"Allamakee County, IA",IA,13815,2135,4324,494.0,600.0,20,FNS state total allocated by share of under-130% FPL population
19031,"Cedar County, IA",IA,18002,2172,4030,497.0,597.0,20,FNS state total allocated by share of under-130% FPL population
19059,"Dickinson County, IA",IA,17710,2132,3503,397.0,671.0,20,FNS state total allocated by share of under-130% FPL population
27155,"Traverse County, MN",MN,3141,567,989,222.0,169.0,20,FNS state total allocated by share of under-130% FPL population
31017,"Brown County, NE",NE,2837,560,1065,77.0,204.0,20,FNS state total allocated by share of under-130% FPL population
39163,"Vinton County, OH",OH,12423,3160,4913,1111.0,1033.0,20,FNS state total allocated by share of under-130% FPL population
46075,"Jones County, SD",SD,994,225,417,4.0,48.0,20,FNS state total allocated by share of under-130% FPL population
50015,"Lamoille County, VT",VT,25509,3100,5797,1243.0,1125.0,20,FNS state total allocated by share of under-130% FPL population
19109,"Kossuth County, IA",IA,14219,1987,3679,304.0,556.0,19,FNS state total allocated by share of under-130% FPL population
19117,"Lucas County, IA",IA,8637,2072,3457,367.0,548.0,19,FNS state total allocated by share of under-130% FPL population
22059,"LaSalle Parish, LA",LA,13769,2744,4992,842.0,922.0,19,FNS state total allocated by share of under-130% FPL population
27069,"Kittson County, MN",MN,3950,514,920,90.0,164.0,19,FNS state total allocated by share of under-130% FPL population
38083,"Sheridan County, ND",ND,1292,184,292,48.0,93.0,19,FNS state total allocated by share of under-130% FPL population
39111,"Monroe County, OH",OH,13120,3023,5096,757.0,805.0,19,FNS state total allocated by share of under-130% FPL population
40033,"Cotton County, OK",OK,5402,1322,2084,363.0,334.0,19,FNS state total allocated by share of under-130% FPL population
54017,"Doddridge County, WV",WV,6637,1456,2669,264.0,394.0,19,FNS state total allocated by share of under-130% FPL population
54073,"Pleasants County, WV",WV,7116,1449,2733,452.0,412.0,19,FNS state total allocated by share of under-130% FPL population
19023,"Butler County, IA",IA,14050,1873,3226,411.0,590.0,18,FNS state total allocated by share of under-130% FPL population
19175,"Union County, IA",IA,11707,1935,3769,890.0,695.0,18,FNS state total allocated by share of under-130% FPL population
19191,"Winneshiek County, IA",IA,18100,1896,3638,256.0,837.0,18,FNS state total allocated by share of under-130% FPL population
30103,"Treasure County, MT",MT,732,127,236,25.0,51.0,18,FNS state total allocated by share of under-130% FPL population
38007,"Billings County, ND",ND,1018,171,234,0.0,51.0,18,FNS state total allocated by share of under-130% FPL population
39067,"Harrison County, OH",OH,14043,2779,5369,811.0,869.0,18,FNS state total allocated by share of under-130% FPL population
39115,"Morgan County, OH",OH,13469,2780,4810,935.0,800.0,18,FNS state total allocated by share of under-130% FPL population
39137,"Putnam County, OH",OH,33927,2857,6339,898.0,939.0,18,FNS state total allocated by share of under-130% FPL population
39175,"Wyandot County, OH",OH,21289,2774,5600,755.0,838.0,18,FNS state total allocated by share of under-130% FPL population
40093,"Major County, OK",OK,7516,1265,2262,405.0,309.0,18,FNS state total allocated by share of under-130% FPL population
48033,"Borden County, TX",TX,713,103,208,0.0,30.0,18,FNS state total allocated by share of under-130% FPL population
48155,"Foard County, TX",TX,933,99,232,8.0,51.0,18,FNS state total allocated by share of under-130% FPL population
54021,"Gilmer County, WV",WV,5093,1342,2256,487.0,478.0,18,FNS state total allocated by share of under-130% FPL population
54093,"Tucker County, WV",WV,6478,1334,2102,363.0,476.0,18,FNS state total allocated by share of under-130% FPL population
02060,"Bristol Bay Borough, AK",AK,897,88,185,15.0,23.0,17,FNS state total allocated by share of under-130% FPL population
02230,"Skagway Municipality, AK",AK,1244,90,189,12.0,16.0,17,FNS state total allocated by share of under-130% FPL population
19035,"Cherokee County, IA",IA,11309,1852,2955,353.0,581.0,17,FNS state total allocated by share of under-130% FPL population
19069,"Franklin County, IA",IA,9772,1838,3252,289.0,548.0,17,FNS state total allocated by share of under-130% FPL population
22035,"East Carroll Parish, LA",LA,5306,2490,3359,775.0,929.0,17,FNS state total allocated by share of under-130% FPL population
22081,"Red River Parish, LA",LA,7133,2478,3696,776.0,773.0,17,FNS state total allocated by share of under-130% FPL population
31061,"Franklin County, NE",NE,2796,482,839,85.0,169.0,17,FNS state total allocated by share of under-130% FPL population
31181,"Webster County, NE",NE,3271,499,1143,142.0,151.0,17,FNS state total allocated by share of under-130% FPL population
38013,"Burke County, ND",ND,2156,167,330,67.0,84.0,17,FNS state total allocated by share of under-130% FPL population
39125,"Paulding County, OH",OH,18589,2616,5534,878.0,779.0,17,FNS state total allocated by share of under-130% FPL population
46073,"Jerauld County, SD",SD,1732,193,428,27.0,86.0,17,FNS state total allocated by share of under-130% FPL population
54071,"Pendleton County, WV",WV,5945,1305,2180,315.0,316.0,17,FNS state total allocated by share of under-130% FPL population
19085,"Harrison County, IA",IA,14378,1678,3413,393.0,447.0,16,FNS state total allocated by share of under-130% FPL population
19091,"Humboldt County, IA",IA,9463,1757,2852,476.0,549.0,16,FNS state total allocated by share of under-130% FPL population
19107,"Keokuk County, IA",IA,9761,1690,3038,381.0,504.0,16,FNS state total allocated by share of under-130% FPL population
19189,"Winnebago County, IA",IA,10015,1692,2853,466.0,561.0,16,FNS state total allocated by share of under-130% FPL population
22025,"Catahoula Parish, LA",LA,7520,2255,3791,617.0,763.0,16,FNS state total allocated by share of under-130% FPL population
22123,"West Carroll Parish, LA",LA,9276,2234,4230,887.0,730.0,16,FNS state total allocated by share of under-130% FPL population
31069,"Garden County, NE",NE,1735,459,742,95.0,160.0,16,FNS state total allocated by share of under-130% FPL population
31087,"Hitchcock County, NE",NE,2533,465,993,82.0,170.0,16,FNS state total allocated by share of under-130% FPL population
38065,"Oliver County, ND",ND,1838,150,425,9.0,61.0,16,FNS state total allocated by share of under-130% FPL population
46055,"Haakon County, SD",SD,1683,178,410,21.0,71.0,16,FNS state total allocated by share of under-130% FPL population
48431,"Sterling County, TX",TX,1434,87,396,48.0,20.0,16,FNS state total allocated by share of under-130% FPL population
19079,"Hamilton County, IA",IA,14671,1654,4274,517.0,671.0,15,FNS state total allocated by share of under-130% FPL population
19081,"Hancock County, IA",IA,10426,1576,2926,306.0,513.0,15,FNS state total allocated by share of under-130% FPL population
19121,"Madison County, IA",IA,16742,1620,3438,408.0,534.0,15,FNS state total allocated by share of under-130% FPL population
19129,"Mills County, IA",IA,14418,1555,2855,350.0,507.0,15,FNS state total allocated by share of under-130% FPL population
19131,"Mitchell County, IA",IA,10373,1573,2994,352.0,490.0,15,FNS state total allocated by share of under-130% FPL population
27125,"Red Lake County, MN",MN,3903,404,841,89.0,159.0,15,FNS state total allocated by share of under-130% FPL population
31129,"Nuckolls County, NE",NE,4037,423,1078,109.0,139.0,15,FNS state total allocated by share of under-130% FPL population
31133,"Pawnee County, NE",NE,2473,436,910,64.0,217.0,15,FNS state total allocated by share of under-130% FPL population
40007,"Beaver County, OK",OK,4935,1049,1907,71.0,216.0,15,FNS state total allocated by share of under-130% FPL population
48443,"Terrell County, TX",TX,835,82,247,16.0,59.0,15,FNS state total allocated by share of under-130% FPL population
02282,"Yakutat City and Borough, AK",AK,522,77,167,11.0,8.0,14,FNS state total allocated by share of under-130% FPL population
19053,"Decatur County, IA",IA,7101,1516,2401,297.0,430.0,14,FNS state total allocated by share of under-130% FPL population
19147,"Palo Alto County, IA",IA,8515,1472,2248,380.0,455.0,14,FNS state total allocated by share of under-130% FPL population
19177,"Van Buren County, IA",IA,7158,1519,2654,232.0,481.0,14,FNS state total allocated by share of under-130% FPL population
31029,"Chase County, NE",NE,3595,390,818,69.0,116.0,14,FNS state total allocated by share of under-130% FPL population
32021,"Mineral County, NV",NV,4408,1093,1690,255.0,292.0,14,FNS state total allocated by share of under-130% FPL population
39121,"Noble County, OH",OH,11852,2128,3250,456.0,684.0,14,FNS state total allocated by share of under-130% FPL population
40003,"Alfalfa County, OK",OK,4441,991,1434,183.0,275.0,14,FNS state total allocated by share of under-130% FPL population
40053,"Grant County, OK",OK,4040,935,1538,191.0,310.0,14,FNS state total allocated by share of under-130% FPL population
40055,"Greer County, OK",OK,4392,960,1833,494.0,434.0,14,FNS state total allocated by share of under-130% FPL population
54105,"Wirt County, WV",WV,5008,1083,2118,374.0,328.0,14,FNS state total allocated by share of under-130% FPL population
19025,"Calhoun County, IA",IA,9153,1431,3076,378.0,403.0,13,FNS state total allocated by share of under-130% FPL population
19089,"Howard County, IA",IA,9267,1385,2473,245.0,378.0,13,FNS state total allocated by share of under-130% FPL population
19115,"Louisa County, IA",IA,10532,1373,2859,581.0,397.0,13,FNS state total allocated by share of under-130% FPL population
19165,"Shelby County, IA",IA,11558,1433,3149,356.0,509.0,13,FNS state total allocated by share of under-130% FPL population
27077,"Lake of the Woods County, MN",MN,3778,354,922,54.0,134.0,13,FNS state total allocated by share of under-130% FPL population
31063,"Frontier County, NE",NE,2435,376,699,124.0,149.0,13,FNS state total allocated by share of under-130% FPL population
31077,"Greeley County, NE",NE,2172,367,751,58.0,115.0,13,FNS state total allocated by share of under-130% FPL population
31163,"Sherman County, NE",NE,2914,377,883,69.0,165.0,13,FNS state total allocated by share of under-130% FPL population
32015,"Lander County, NV",NV,5744,981,1564,244.0,226.0,13,FNS state total allocated by share of under-130% FPL population
46119,"Sully County, SD",SD,1519,143,254,31.0,46.0,13,FNS state total allocated by share of under-130% FPL population
48263,"Kent County, TX",TX,680,74,168,53.0,38.0,13,FNS state total allocated by share of under-130% FPL population
16025,"Camas County, ID",ID,1124,79,217,1.0,37.0,12,FNS state total allocated by share of under-130% FPL population
19037,"Chickasaw County, IA",IA,11586,1332,2978,249.0,507.0,12,FNS state total allocated by share of under-130% FPL population
19039,"Clarke County, IA",IA,9500,1250,2996,469.0,349.0,12,FNS state total allocated by share of under-130% FPL population
19077,"Guthrie County, IA",IA,10572,1329,2640,365.0,445.0,12,FNS state total allocated by share of under-130% FPL population
19133,"Monona County, IA",IA,8349,1248,2792,340.0,438.0,12,FNS state total allocated by share of under-130% FPL population
19143,"Osceola County, IA",IA,5987,1243,1795,228.0,371.0,12,FNS state total allocated by share of under-130% FPL population
19161,"Sac County, IA",IA,9527,1271,2730,321.0,443.0,12,FNS state total allocated by share of under-130% FPL population
20071,"Greeley County, KS",KS,1280,111,454,11.0,40.0,12,FNS state total allocated by share of under-130% FPL population
22107,"Tensas Parish, LA",LA,3665,1667,2153,502.0,478.0,12,FNS state total allocated by share of under-130% FPL population
32033,"White Pine County, NV",NV,7390,956,1889,284.0,306.0,12,FNS state total allocated by share of under-130% FPL population
40043,"Dewey County, OK",OK,4282,826,1463,148.0,220.0,12,FNS state total allocated by share of under-130% FPL population
19063,"Emmet County, IA",IA,8706,1228,2462,344.0,474.0,11,FNS state total allocated by share of under-130% FPL population
19073,"Greene County, IA",IA,8569,1187,2239,321.0,343.0,11,FNS state total allocated by share of under-130% FPL population
22125,"West Feliciana Parish, LA",LA,10844,1570,2751,571.0,469.0,11,FNS state total allocated by share of under-130% FPL population
30069,"Petroleum County, MT",MT,447,79,125,1.0,19.0,11,FNS state total allocated by share of under-130% FPL population
31015,"Boyd County, NE",NE,1657,301,563,51.0,80.0,11,FNS state total allocated by share of under-130% FPL population
31073,"Gosper County, NE",NE,2006,313,443,62.0,85.0,11,FNS state total allocated by share of under-130% FPL population
31135,"Perkins County, NE",NE,2783,302,626,61.0,112.0,11,FNS state total allocated by share of under-130% FPL population
40057,"Harmon County, OK",OK,2324,731,1118,215.0,212.0,11,FNS state total allocated by share of under-130% FPL population
49009,"Daggett County, UT",UT,732,97,149,15.0,23.0,11,FNS state total allocated by share of under-130% FPL population
19001,"Adair County, IA",IA,7279,1114,2166,318.0,337.0,10,FNS state total allocated by share of under-130% FPL population
19075,"Grundy County, IA",IA,12240,1071,2149,226.0,421.0,10,FNS state total allocated by share of under-130% FPL population
19093,"Ida County, IA",IA,6741,1117,2015,232.0,390.0,10,FNS state total allocated by share of under-130% FPL population
19119,"Lyon County, IA",IA,11972,1104,2728,144.0,322.0,10,FNS state total allocated by share of under-130% FPL population
19151,"Pocahontas County, IA",IA,6890,1107,2130,229.0,333.0,10,FNS state total allocated by share of under-130% FPL population
31049,"Deuel County, NE",NE,1837,293,512,70.0,95.0,10,FNS state total allocated by share of under-130% FPL population
31057,"Dundy County, NE",NE,1708,288,498,62.0,96.0,10,FNS state total allocated by share of under-130% FPL population
31083,"Harlan County, NE",NE,2799,290,694,63.0,106.0,10,FNS state total allocated by share of under-130% FPL population
32027,"Pershing County, NV",NV,4748,762,1513,161.0,216.0,10,FNS state total allocated by share of under-130% FPL population
40045,"Ellis County, OK",OK,3610,668,1325,170.0,192.0,10,FNS state total allocated by share of under-130% FPL population
40129,"Roger Mills County, OK",OK,3327,709,1334,148.0,188.0,10,FNS state total allocated by share of under-130% FPL population
48261,"Kenedy County, TX",TX,144,58,116,1.0,7.0,10,FNS state total allocated by share of under-130% FPL population
48393,"Roberts County, TX",TX,832,56,158,11.0,16.0,10,FNS state total allocated by share of under-130% FPL population
19009,"Audubon County, IA",IA,5466,988,1684,218.0,301.0,9,FNS state total allocated by share of under-130% FPL population
19051,"Davis County, IA",IA,9059,978,2807,215.0,271.0,9,FNS state total allocated by share of under-130% FPL population
19135,"Monroe County, IA",IA,7334,977,2097,241.0,302.0,9,FNS state total allocated by share of under-130% FPL population
19185,"Wayne County, IA",IA,6422,1012,2200,264.0,278.0,9,FNS state total allocated by share of under-130% FPL population
31165,"Sioux County, NE",NE,1171,268,566,11.0,76.0,9,FNS state total allocated by share of under-130% FPL population
38087,"Slope County, ND",ND,766,90,184,9.0,22.0,9,FNS state total allocated by share of under-130% FPL population
40059,"Harper County, OK",OK,3147,642,1160,59.0,201.0,9,FNS state total allocated by share of under-130% FPL population
46063,"Harding County, SD",SD,1138,104,212,10.0,38.0,9,FNS state total allocated by share of under-130% FPL population
48269,"King County, TX",TX,211,50,106,0.0,28.0,9,FNS state total allocated by share of under-130% FPL population
19071,"Fremont County, IA",IA,6399,864,1660,329.0,291.0,8,FNS state total allocated by share of under-130% FPL population
19173,"Taylor County, IA",IA,5770,808,1654,252.0,308.0,8,FNS state total allocated by share of under-130% FPL population
19195,"Worth County, IA",IA,7260,903,1581,212.0,288.0,8,FNS state total allocated by share of under-130% FPL population
46069,"Hyde County, SD",SD,1150,95,286,12.0,35.0,8,FNS state total allocated by share of under-130% FPL population
50009,"Essex County, VT",VT,5979,1279,2122,530.0,376.0,8,FNS state total allocated by share of under-130% FPL population
31071,"Garfield County, NE",NE,1656,204,501,35.0,85.0,7,FNS state total allocated by share of under-130% FPL population
32011,"Eureka County, NV",NV,1579,462,857,16.0,85.0,6,FNS state total allocated by share of under-130% FPL population
19003,"Adams County, IA",IA,3543,491,1067,146.0,168.0,5,FNS state total allocated by share of under-130% FPL population
19159,"Ringgold County, IA",IA,4479,543,1309,249.0,228.0,5,FNS state total allocated by share of under-130% FPL population
22023,"Cameron Parish, LA",LA,4971,712,1306,173.0,162.0,5,FNS state total allocated by share of under-130% FPL population
31085,"Hayes County, NE",NE,843,137,227,19.0,63.0,5,FNS state total allocated by share of under-130% FPL population
31149,"Rock County, NE",NE,1275,154,355,32.0,81.0,5,FNS state total allocated by share of under-130% FPL population
50013,"Grand Isle County, VT",VT,7420,849,1287,283.0,255.0,5,FNS state total allocated by share of under-130% FPL population
31075,"Grant County, NE",NE,617,105,214,6.0,48.0,4,FNS state total allocated by share of under-130% FPL population
32017,"Lincoln County, NV",NV,4069,322,1116,79.0,93.0,4,FNS state total allocated by share of under-130% FPL population
32029,"Storey County, NV",NV,4137,328,754,83.0,165.0,4,FNS state total allocated by share of under-130% FPL population
40025,"Cimarron County, OK",OK,2204,281,769,39.0,65.0,4,FNS state total allocated by share of under-130% FPL population
15005,"Kalawao County, HI",HI,66,18,36,3.0,0.0,3,FNS state total allocated by share of under-130% FPL population
31007,"Banner County, NE",NE,742,72,125,4.0,16.0,3,FNS state total allocated by share of under-130% FPL population
31091,"Hooker County, NE",NE,626,89,152,1.0,32.0,3,FNS state total allocated by share of under-130% FPL population
31103,"Keya Paha County, NE",NE,822,96,239,4.0,32.0,3,FNS state total allocated by share of under-130% FPL population
31113,"Logan County, NE",NE,766,90,152,6.0,19.0,3,FNS state total allocated by share of under-130% FPL population
31115,"Loup County, NE",NE,578,74,119,15.0,35.0,3,FNS state total allocated by share of under-130% FPL population
31117,"McPherson County, NE",NE,475,89,169,2.0,17.0,3,FNS state total allocated by share of under-130% FPL population
31183,"Wheeler County, NE",NE,847,75,243,10.0,28.0,3,FNS state total allocated by share of under-130% FPL population
31005,"Arthur County, NE",NE,484,66,116,11.0,17.0,2,FNS state total allocated by share of under-130% FPL population
31009,"Blaine County, NE",NE,422,52,139,0.0,24.0,2,FNS state total allocated by share of under-130% FPL population
31171,"Thomas County, NE",NE,564,71,120,13.0,35.0,2,FNS state total allocated by share of under-130% FPL population
32009,"Esmeralda County, NV",NV,1022,184,476,140.0,127.0,2,FNS state total allocated by share of under-130% FPL population
08001,"Adams County, CO",CO,526053,70542,125340,19524.0,18306.0,0,state at a capped 100% participation rate — no measurable gap under federal eligibility rules
08003,"Alamosa County, CO",CO,15712,4303,7146,1900.0,1280.0,0,state at a capped 100% participation rate — no measurable gap under federal eligibility rules
08005,"Arapahoe County, CO",CO,654081,77586,132298,19911.0,20788.0,0,state at a capped 100% participation rate — no measurable gap under federal eligibility rules
08007,"Archuleta County, CO",CO,13788,1984,4211,409.0,510.0,0,state at a capped 100% participation rate — no measurable gap under federal eligibility rules
08009,"Baca County, CO",CO,3339,1035,1698,353.0,432.0,0,state at a capped 100% participation rate — no measurable gap under federal eligibility rules
08011,"Bent County, CO",CO,4351,1486,1983,402.0,516.0,0,state at a capped 100% participation rate — no measurable gap under federal eligibility rules
08013,"Boulder County, CO",CO,315898,44416,68055,8034.0,15787.0,0,state at a capped 100% participation rate — no measurable gap under federal eligibility rules
08014,"Broomfield County, CO",CO,75892,5813,9446,1212.0,1908.0,0,state at a capped 100% participation rate — no measurable gap under federal eligibility rules
08015,"Chaffee County, CO",CO,18807,2224,3882,695.0,1080.0,0,state at a capped 100% participation rate — no measurable gap under federal eligibility rules
08017,"Cheyenne County, CO",CO,1702,251,486,69.0,64.0,0,state at a capped 100% participation rate — no measurable gap under federal eligibility rules
08019,"Clear Creek County, CO",CO,9186,802,1218,281.0,312.0,0,state at a capped 100% participation rate — no measurable gap under federal eligibility rules
08021,"Conejos County, CO",CO,7482,1346,2902,514.0,461.0,0,state at a capped 100% participation rate — no measurable gap under federal eligibility rules
08023,"Costilla County, CO",CO,3585,1050,1779,481.0,498.0,0,state at a capped 100% participation rate — no measurable gap under federal eligibility rules
08025,"Crowley County, CO",CO,3900,1129,1950,300.0,314.0,0,state at a capped 100% participation rate — no measurable gap under federal eligibility rules
08027,"Custer County, CO",CO,5236,978,1452,204.0,326.0,0,state at a capped 100% participation rate — no measurable gap under federal eligibility rules
08029,"Delta County, CO",CO,30625,6183,10522,1467.0,1907.0,0,state at a capped 100% participation rate — no measurable gap under federal eligibility rules
08031,"Denver County, CO",CO,707012,104584,170439,29550.0,36320.0,0,state at a capped 100% participation rate — no measurable gap under federal eligibility rules
08033,"Dolores County, CO",CO,2432,553,812,93.0,247.0,0,state at a capped 100% participation rate — no measurable gap under federal eligibility rules
08035,"Douglas County, CO",CO,375556,18703,32253,2951.0,5810.0,0,state at a capped 100% participation rate — no measurable gap under federal eligibility rules
08037,"Eagle County, CO",CO,54783,6634,12164,833.0,1953.0,0,state at a capped 100% participation rate — no measurable gap under federal eligibility rules
08039,"Elbert County, CO",CO,27822,1897,3102,393.0,572.0,0,state at a capped 100% participation rate — no measurable gap under federal eligibility rules
08041,"El Paso County, CO",CO,721539,87695,162738,26900.0,24527.0,0,state at a capped 100% participation rate — no measurable gap under federal eligibility rules
08043,"Fremont County, CO",CO,42094,8423,15187,2878.0,2520.0,0,state at a capped 100% participation rate — no measurable gap under federal eligibility rules
08045,"Garfield County, CO",CO,61372,7414,12996,1868.0,1963.0,0,state at a capped 100% participation rate — no measurable gap under federal eligibility rules
08047,"Gilpin County, CO",CO,5803,772,1504,278.0,277.0,0,state at a capped 100% participation rate — no measurable gap under federal eligibility rules
08049,"Grand County, CO",CO,15866,1533,3083,228.0,525.0,0,state at a capped 100% participation rate — no measurable gap under federal eligibility rules
08051,"Gunnison County, CO",CO,16155,2115,3749,648.0,889.0,0,state at a capped 100% participation rate — no measurable gap under federal eligibility rules
08053,"Hinsdale County, CO",CO,1005,45,180,63.0,23.0,0,state at a capped 100% participation rate — no measurable gap under federal eligibility rules
08055,"Huerfano County, CO",CO,6849,1565,2757,589.0,494.0,0,state at a capped 100% participation rate — no measurable gap under federal eligibility rules
08057,"Jackson County, CO",CO,1366,339,603,103.0,103.0,0,state at a capped 100% participation rate — no measurable gap under federal eligibility rules
08059,"Jefferson County, CO",CO,571202,50332,87390,13200.0,16289.0,0,state at a capped 100% participation rate — no measurable gap under federal eligibility rules
08061,"Kiowa County, CO",CO,1346,233,496,92.0,53.0,0,state at a capped 100% participation rate — no measurable gap under federal eligibility rules
08063,"Kit Carson County, CO",CO,6919,1093,2151,304.0,281.0,0,state at a capped 100% participation rate — no measurable gap under federal eligibility rules
08065,"Lake County, CO",CO,7242,767,1342,231.0,393.0,0,state at a capped 100% participation rate — no measurable gap under federal eligibility rules
08067,"La Plata County, CO",CO,54480,8934,13458,2125.0,2702.0,0,state at a capped 100% participation rate — no measurable gap under federal eligibility rules
08069,"Larimer County, CO",CO,357262,49684,82405,11813.0,18084.0,0,state at a capped 100% participation rate — no measurable gap under federal eligibility rules
08071,"Las Animas County, CO",CO,13657,3242,5046,1323.0,1294.0,0,state at a capped 100% participation rate — no measurable gap under federal eligibility rules
08073,"Lincoln County, CO",CO,4428,724,1517,243.0,307.0,0,state at a capped 100% participation rate — no measurable gap under federal eligibility rules
08075,"Logan County, CO",CO,18674,4385,6925,1478.0,1267.0,0,state at a capped 100% participation rate — no measurable gap under federal eligibility rules
08077,"Mesa County, CO",CO,154440,23570,43208,7468.0,7801.0,0,state at a capped 100% participation rate — no measurable gap under federal eligibility rules
08079,"Mineral County, CO",CO,729,111,213,30.0,63.0,0,state at a capped 100% participation rate — no measurable gap under federal eligibility rules
08081,"Moffat County, CO",CO,13108,2333,4377,645.0,524.0,0,state at a capped 100% participation rate — no measurable gap under federal eligibility rules
08083,"Montezuma County, CO",CO,26013,4746,8451,1336.0,1346.0,0,state at a capped 100% participation rate — no measurable gap under federal eligibility rules
08085,"Montrose County, CO",CO,43435,7433,12970,2023.0,2109.0,0,state at a capped 100% participation rate — no measurable gap under federal eligibility rules
08087,"Morgan County, CO",CO,29061,5312,9369,1771.0,1434.0,0,state at a capped 100% participation rate — no measurable gap under federal eligibility rules
08089,"Otero County, CO",CO,17861,5145,8229,1654.0,1512.0,0,state at a capped 100% participation rate — no measurable gap under federal eligibility rules
08091,"Ouray County, CO",CO,5079,415,875,102.0,142.0,0,state at a capped 100% participation rate — no measurable gap under federal eligibility rules
08093,"Park County, CO",CO,17803,1277,2163,334.0,628.0,0,state at a capped 100% participation rate — no measurable gap under federal eligibility rules
08095,"Phillips County, CO",CO,4389,975,1350,220.0,307.0,0,state at a capped 100% participation rate — no measurable gap under federal eligibility rules
08097,"Pitkin County, CO",CO,16940,2068,2849,250.0,836.0,0,state at a capped 100% participation rate — no measurable gap under federal eligibility rules
08099,"Prowers County, CO",CO,11577,2840,4853,951.0,940.0,0,state at a capped 100% participation rate — no measurable gap under federal eligibility rules
08101,"Pueblo County, CO",CO,164306,34449,57660,13495.0,10737.0,0,state at a capped 100% participation rate — no measurable gap under federal eligibility rules
08103,"Rio Blanco County, CO",CO,6284,811,1573,388.0,255.0,0,state at a capped 100% participation rate — no measurable gap under federal eligibility rules
08105,"Rio Grande County, CO",CO,11040,2283,3246,874.0,976.0,0,state at a capped 100% participation rate — no measurable gap under federal eligibility rules
08107,"Routt County, CO",CO,24758,2084,4146,575.0,685.0,0,state at a capped 100% participation rate — no measurable gap under federal eligibility rules
08109,"Saguache County, CO",CO,6550,1633,2691,819.0,685.0,0,state at a capped 100% participation rate — no measurable gap under federal eligibility rules
08111,"San Juan County, CO",CO,724,184,236,34.0,88.0,0,state at a capped 100% participation rate — no measurable gap under federal eligibility rules
08113,"San Miguel County, CO",CO,7952,1247,2006,167.0,637.0,0,state at a capped 100% participation rate — no measurable gap under federal eligibility rules
08115,"Sedgwick County, CO",CO,2269,433,966,192.0,176.0,0,state at a capped 100% participation rate — no measurable gap under federal eligibility rules
08117,"Summit County, CO",CO,30843,3584,5947,213.0,1002.0,0,state at a capped 100% participation rate — no measurable gap under federal eligibility rules
08119,"Teller County, CO",CO,24680,2359,4573,1298.0,856.0,0,state at a capped 100% participation rate — no measurable gap under federal eligibility rules
08121,"Washington County, CO",CO,4640,582,1255,230.0,207.0,0,state at a capped 100% participation rate — no measurable gap under federal eligibility rules
08123,"Weld County, CO",CO,344481,45885,81849,11355.0,11324.0,0,state at a capped 100% participation rate — no measurable gap under federal eligibility rules
08125,"Yuma County, CO",CO,9753,2082,3006,541.0,731.0,0,state at a capped 100% participation rate — no measurable gap under federal eligibility rules
11001,"District of Columbia, DC",DC,654224,119319,162185,52355.0,49443.0,0,state at a capped 100% participation rate — no measurable gap under federal eligibility rules
17001,"Adams County, IL",IL,62964,11355,19107,3448.0,3853.0,0,state at a capped 100% participation rate — no measurable gap under federal eligibility rules
17003,"Alexander County, IL",IL,4773,1150,2221,511.0,391.0,0,state at a capped 100% participation rate — no measurable gap under federal eligibility rules
17005,"Bond County, IL",IL,14625,2265,4422,793.0,626.0,0,state at a capped 100% participation rate — no measurable gap under federal eligibility rules
17007,"Boone County, IL",IL,52591,7179,14145,2781.0,1974.0,0,state at a capped 100% participation rate — no measurable gap under federal eligibility rules
17009,"Brown County, IL",IL,4380,774,1329,247.0,263.0,0,state at a capped 100% participation rate — no measurable gap under federal eligibility rules
17011,"Bureau County, IL",IL,32318,5211,9727,1889.0,1558.0,0,state at a capped 100% participation rate — no measurable gap under federal eligibility rules
17013,"Calhoun County, IL",IL,4234,321,634,95.0,89.0,0,state at a capped 100% participation rate — no measurable gap under federal eligibility rules
17015,"Carroll County, IL",IL,13916,2810,4743,996.0,803.0,0,state at a capped 100% participation rate — no measurable gap under federal eligibility rules
17017,"Cass County, IL",IL,12681,2525,4341,755.0,666.0,0,state at a capped 100% participation rate — no measurable gap under federal eligibility rules
17019,"Champaign County, IL",IL,193591,45288,66634,7764.0,17337.0,0,state at a capped 100% participation rate — no measurable gap under federal eligibility rules
17021,"Christian County, IL",IL,31768,4844,10108,2076.0,1541.0,0,state at a capped 100% participation rate — no measurable gap under federal eligibility rules
17023,"Clark County, IL",IL,14932,2168,3852,879.0,650.0,0,state at a capped 100% participation rate — no measurable gap under federal eligibility rules
17025,"Clay County, IL",IL,12820,3065,5036,983.0,878.0,0,state at a capped 100% participation rate — no measurable gap under federal eligibility rules
17027,"Clinton County, IL",IL,34882,4018,7302,1311.0,1173.0,0,state at a capped 100% participation rate — no measurable gap under federal eligibility rules
17029,"Coles County, IL",IL,43081,10796,16022,3947.0,3837.0,0,state at a capped 100% participation rate — no measurable gap under federal eligibility rules
17031,"Cook County, IL",IL,5096183,911798,1457064,329128.0,288122.0,0,state at a capped 100% participation rate — no measurable gap under federal eligibility rules
17033,"Crawford County, IL",IL,17140,2783,4260,1030.0,1043.0,0,state at a capped 100% participation rate — no measurable gap under federal eligibility rules
17035,"Cumberland County, IL",IL,10153,1224,1928,385.0,403.0,0,state at a capped 100% participation rate — no measurable gap under federal eligibility rules
17037,"DeKalb County, IL",IL,95844,19076,29486,5827.0,6755.0,0,state at a capped 100% participation rate — no measurable gap under federal eligibility rules
17039,"De Witt County, IL",IL,15102,2307,4042,863.0,641.0,0,state at a capped 100% participation rate — no measurable gap under federal eligibility rules
17041,"Douglas County, IL",IL,19385,2400,4933,965.0,746.0,0,state at a capped 100% participation rate — no measurable gap under federal eligibility rules
17043,"DuPage County, IL",IL,916833,81359,143203,26030.0,25121.0,0,state at a capped 100% participation rate — no measurable gap under federal eligibility rules
17045,"Edgar County, IL",IL,16136,3275,6052,1460.0,899.0,0,state at a capped 100% participation rate — no measurable gap under federal eligibility rules
17047,"Edwards County, IL",IL,6040,1327,2047,457.0,455.0,0,state at a capped 100% participation rate — no measurable gap under federal eligibility rules
17049,"Effingham County, IL",IL,34062,5026,7987,1696.0,1318.0,0,state at a capped 100% participation rate — no measurable gap under federal eligibility rules
17051,"Fayette County, IL",IL,20146,4296,7669,909.0,1063.0,0,state at a capped 100% participation rate — no measurable gap under federal eligibility rules
17053,"Ford County, IL",IL,12835,2188,4033,842.0,915.0,0,state at a capped 100% participation rate — no measurable gap under federal eligibility rules
17055,"Franklin County, IL",IL,36627,8753,13492,4171.0,3057.0,0,state at a capped 100% participation rate — no measurable gap under federal eligibility rules
17057,"Fulton County, IL",IL,30881,6371,10458,2393.0,1860.0,0,state at a capped 100% participation rate — no measurable gap under federal eligibility rules
17059,"Gallatin County, IL",IL,4785,972,1680,458.0,331.0,0,state at a capped 100% participation rate — no measurable gap under federal eligibility rules
17061,"Greene County, IL",IL,11415,2065,4138,689.0,617.0,0,state at a capped 100% participation rate — no measurable gap under federal eligibility rules
17063,"Grundy County, IL",IL,52681,5073,9872,2251.0,1308.0,0,state at a capped 100% participation rate — no measurable gap under federal eligibility rules
17065,"Hamilton County, IL",IL,7847,1472,2601,516.0,416.0,0,state at a capped 100% participation rate — no measurable gap under federal eligibility rules
17067,"Hancock County, IL",IL,16993,3042,5000,1010.0,974.0,0,state at a capped 100% participation rate — no measurable gap under federal eligibility rules
17069,"Hardin County, IL",IL,3513,616,1372,286.0,246.0,0,state at a capped 100% participation rate — no measurable gap under federal eligibility rules
17071,"Henderson County, IL",IL,6092,1225,1972,374.0,348.0,0,state at a capped 100% participation rate — no measurable gap under federal eligibility rules
17073,"Henry County, IL",IL,47842,6301,11933,2696.0,2073.0,0,state at a capped 100% participation rate — no measurable gap under federal eligibility rules
17075,"Iroquois County, IL",IL,25929,4586,8063,1623.0,1543.0,0,state at a capped 100% participation rate — no measurable gap under federal eligibility rules
17077,"Jackson County, IL",IL,49102,13965,21072,4243.0,4956.0,0,state at a capped 100% participation rate — no measurable gap under federal eligibility rules
17079,"Jasper County, IL",IL,9067,1336,2427,525.0,439.0,0,state at a capped 100% participation rate — no measurable gap under federal eligibility rules
17081,"Jefferson County, IL",IL,34923,6395,11869,2537.0,2007.0,0,state at a capped 100% participation rate — no measurable gap under federal eligibility rules
17083,"Jersey County, IL",IL,20187,2619,4902,945.0,910.0,0,state at a capped 100% participation rate — no measurable gap under federal eligibility rules
17085,"Jo Daviess County, IL",IL,21613,2788,5016,874.0,859.0,0,state at a capped 100% participation rate — no measurable gap under federal eligibility rules
17087,"Johnson County, IL",IL,11486,2515,3708,530.0,671.0,0,state at a capped 100% participation rate — no measurable gap under federal eligibility rules
17089,"Kane County, IL",IL,511065,55834,104911,20253.0,14744.0,0,state at a capped 100% participation rate — no measurable gap under federal eligibility rules
17091,"Kankakee County, IL",IL,102444,17757,31057,6532.0,4914.0,0,state at a capped 100% participation rate — no measurable gap under federal eligibility rules
17093,"Kendall County, IL",IL,136934,9656,20281,3907.0,2287.0,0,state at a capped 100% participation rate — no measurable gap under federal eligibility rules
17095,"Knox County, IL",IL,45294,9298,15542,3235.0,3296.0,0,state at a capped 100% participation rate — no measurable gap under federal eligibility rules
17097,"Lake County, IL",IL,694769,77188,130947,24166.0,22218.0,0,state at a capped 100% participation rate — no measurable gap under federal eligibility rules
17099,"LaSalle County, IL",IL,105456,17752,30184,6729.0,6313.0,0,state at a capped 100% participation rate — no measurable gap under federal eligibility rules
17101,"Lawrence County, IL",IL,13518,2980,4621,805.0,679.0,0,state at a capped 100% participation rate — no measurable gap under federal eligibility rules
17103,"Lee County, IL",IL,31387,5060,8564,2048.0,1768.0,0,state at a capped 100% participation rate — no measurable gap under federal eligibility rules
17105,"Livingston County, IL",IL,33560,4953,9115,2146.0,1542.0,0,state at a capped 100% participation rate — no measurable gap under federal eligibility rules
17107,"Logan County, IL",IL,24396,3940,6689,2068.0,1611.0,0,state at a capped 100% participation rate — no measurable gap under federal eligibility rules
17109,"McDonough County, IL",IL,24377,5492,8291,1680.0,2301.0,0,state at a capped 100% participation rate — no measurable gap under federal eligibility rules
17111,"McHenry County, IL",IL,310572,26879,49705,8679.0,7882.0,0,state at a capped 100% participation rate — no measurable gap under federal eligibility rules
17113,"McLean County, IL",IL,161892,25641,40809,7245.0,10266.0,0,state at a capped 100% participation rate — no measurable gap under federal eligibility rules
17115,"Macon County, IL",IL,98936,20010,30552,8595.0,6402.0,0,state at a capped 100% participation rate — no measurable gap under federal eligibility rules
17117,"Macoupin County, IL",IL,43080,7278,12297,2712.0,2300.0,0,state at a capped 100% participation rate — no measurable gap under federal eligibility rules
17119,"Madison County, IL",IL,258596,38533,67001,15129.0,12656.0,0,state at a capped 100% participation rate — no measurable gap under federal eligibility rules
17121,"Marion County, IL",IL,36047,7807,13252,3073.0,2379.0,0,state at a capped 100% participation rate — no measurable gap under federal eligibility rules
17123,"Marshall County, IL",IL,11340,1771,3103,687.0,608.0,0,state at a capped 100% participation rate — no measurable gap under federal eligibility rules
17125,"Mason County, IL",IL,12552,2473,4175,898.0,817.0,0,state at a capped 100% participation rate — no measurable gap under federal eligibility rules
17127,"Massac County, IL",IL,13494,2890,4693,931.0,959.0,0,state at a capped 100% participation rate — no measurable gap under federal eligibility rules
17129,"Menard County, IL",IL,11960,1695,3060,759.0,593.0,0,state at a capped 100% participation rate — no measurable gap under federal eligibility rules
17131,"Mercer County, IL",IL,15307,2208,4072,652.0,657.0,0,state at a capped 100% participation rate — no measurable gap under federal eligibility rules
17133,"Monroe County, IL",IL,34634,2376,4233,615.0,898.0,0,state at a capped 100% participation rate — no measurable gap under federal eligibility rules
17135,"Montgomery County, IL",IL,25618,4363,7594,1747.0,1749.0,0,state at a capped 100% participation rate — no measurable gap under federal eligibility rules
17137,"Morgan County, IL",IL,30858,5997,10420,2124.0,1670.0,0,state at a capped 100% participation rate — no measurable gap under federal eligibility rules
17139,"Moultrie County, IL",IL,14143,1872,4032,688.0,515.0,0,state at a capped 100% participation rate — no measurable gap under federal eligibility rules
17141,"Ogle County, IL",IL,50938,6814,12067,2231.0,1956.0,0,state at a capped 100% participation rate — no measurable gap under federal eligibility rules
17143,"Peoria County, IL",IL,174531,35594,55998,13992.0,12197.0,0,state at a capped 100% participation rate — no measurable gap under federal eligibility rules
17145,"Perry County, IL",IL,18089,3811,5678,1494.0,1203.0,0,state at a capped 100% participation rate — no measurable gap under federal eligibility rules
17147,"Piatt County, IL",IL,16583,1438,2722,433.0,512.0,0,state at a capped 100% participation rate — no measurable gap under federal eligibility rules
17149,"Pike County, IL",IL,14031,2786,4709,951.0,948.0,0,state at a capped 100% participation rate — no measurable gap under federal eligibility rules
17151,"Pope County, IL",IL,3600,613,1056,126.0,166.0,0,state at a capped 100% participation rate — no measurable gap under federal eligibility rules
17153,"Pulaski County, IL",IL,4808,1616,2168,444.0,435.0,0,state at a capped 100% participation rate — no measurable gap under federal eligibility rules
17155,"Putnam County, IL",IL,5576,520,1242,205.0,208.0,0,state at a capped 100% participation rate — no measurable gap under federal eligibility rules
17157,"Randolph County, IL",IL,27149,5306,7738,1538.0,1528.0,0,state at a capped 100% participation rate — no measurable gap under federal eligibility rules
17159,"Richland County, IL",IL,15320,2640,4753,1014.0,831.0,0,state at a capped 100% participation rate — no measurable gap under federal eligibility rules
17161,"Rock Island County, IL",IL,137358,27709,44036,9845.0,8997.0,0,state at a capped 100% participation rate — no measurable gap under federal eligibility rules
17163,"St. Clair County, IL",IL,248168,43768,71568,16293.0,13317.0,0,state at a capped 100% participation rate — no measurable gap under federal eligibility rules
17165,"Saline County, IL",IL,22628,5389,8758,2622.0,2056.0,0,state at a capped 100% participation rate — no measurable gap under federal eligibility rules
17167,"Sangamon County, IL",IL,191264,32782,51217,13108.0,11380.0,0,state at a capped 100% participation rate — no measurable gap under federal eligibility rules
17169,"Schuyler County, IL",IL,6649,1784,2598,318.0,283.0,0,state at a capped 100% participation rate — no measurable gap under federal eligibility rules
17171,"Scott County, IL",IL,4885,758,1450,332.0,253.0,0,state at a capped 100% participation rate — no measurable gap under federal eligibility rules
17173,"Shelby County, IL",IL,20477,2895,6054,1245.0,983.0,0,state at a capped 100% participation rate — no measurable gap under federal eligibility rules
17175,"Stark County, IL",IL,5149,847,1559,264.0,259.0,0,state at a capped 100% participation rate — no measurable gap under federal eligibility rules
17177,"Stephenson County, IL",IL,43013,8195,13147,3291.0,2509.0,0,state at a capped 100% participation rate — no measurable gap under federal eligibility rules
17179,"Tazewell County, IL",IL,127000,15701,27869,5605.0,5396.0,0,state at a capped 100% participation rate — no measurable gap under federal eligibility rules
17181,"Union County, IL",IL,16575,4204,6635,1191.0,1194.0,0,state at a capped 100% participation rate — no measurable gap under federal eligibility rules
17183,"Vermilion County, IL",IL,69149,16358,27034,5877.0,5160.0,0,state at a capped 100% participation rate — no measurable gap under federal eligibility rules
17185,"Wabash County, IL",IL,10859,2578,3886,966.0,821.0,0,state at a capped 100% participation rate — no measurable gap under federal eligibility rules
17187,"Warren County, IL",IL,15297,3068,5129,1083.0,907.0,0,state at a capped 100% participation rate — no measurable gap under federal eligibility rules
17189,"Washington County, IL",IL,13390,1628,2993,549.0,477.0,0,state at a capped 100% participation rate — no measurable gap under federal eligibility rules
17191,"Wayne County, IL",IL,15852,3544,6052,961.0,1049.0,0,state at a capped 100% participation rate — no measurable gap under federal eligibility rules
17193,"White County, IL",IL,13194,3027,5539,1061.0,1117.0,0,state at a capped 100% participation rate — no measurable gap under federal eligibility rules
17195,"Whiteside County, IL",IL,53820,8887,15167,3252.0,2817.0,0,state at a capped 100% participation rate — no measurable gap under federal eligibility rules
17197,"Will County, IL",IL,692860,70368,123431,24658.0,18774.0,0,state at a capped 100% participation rate — no measurable gap under federal eligibility rules
17199,"Williamson County, IL",IL,64568,12228,20667,4817.0,3946.0,0,state at a capped 100% participation rate — no measurable gap under federal eligibility rules
17201,"Winnebago County, IL",IL,279134,58038,96055,23722.0,17497.0,0,state at a capped 100% participation rate — no measurable gap under federal eligibility rules
17203,"Woodford County, IL",IL,37159,3722,6595,801.0,1137.0,0,state at a capped 100% participation rate — no measurable gap under federal eligibility rules
25001,"Barnstable County, MA",MA,229002,23095,40727,9959.0,9159.0,0,state at a capped 100% participation rate — no measurable gap under federal eligibility rules
25003,"Berkshire County, MA",MA,123990,20226,31619,9512.0,6853.0,0,state at a capped 100% participation rate — no measurable gap under federal eligibility rules
25005,"Bristol County, MA",MA,569224,88075,140897,46290.0,29212.0,0,state at a capped 100% participation rate — no measurable gap under federal eligibility rules
25007,"Dukes County, MA",MA,20655,1524,3186,503.0,300.0,0,state at a capped 100% participation rate — no measurable gap under federal eligibility rules
25009,"Essex County, MA",MA,796992,104415,174407,51931.0,33672.0,0,state at a capped 100% participation rate — no measurable gap under federal eligibility rules
25011,"Franklin County, MA",MA,69876,11524,18787,5377.0,3753.0,0,state at a capped 100% participation rate — no measurable gap under federal eligibility rules
25013,"Hampden County, MA",MA,450512,94006,141117,47108.0,31387.0,0,state at a capped 100% participation rate — no measurable gap under federal eligibility rules
25015,"Hampshire County, MA",MA,139163,20590,31969,7776.0,7751.0,0,state at a capped 100% participation rate — no measurable gap under federal eligibility rules
25017,"Middlesex County, MA",MA,1583574,161237,255170,59014.0,54489.0,0,state at a capped 100% participation rate — no measurable gap under federal eligibility rules
25019,"Nantucket County, MA",MA,14287,551,1942,524.0,249.0,0,state at a capped 100% participation rate — no measurable gap under federal eligibility rules
25021,"Norfolk County, MA",MA,714159,62658,99745,26578.0,23213.0,0,state at a capped 100% participation rate — no measurable gap under federal eligibility rules
25023,"Plymouth County, MA",MA,525026,49910,86408,25764.0,16472.0,0,state at a capped 100% participation rate — no measurable gap under federal eligibility rules
25025,"Suffolk County, MA",MA,740754,154863,225097,64342.0,55205.0,0,state at a capped 100% participation rate — no measurable gap under federal eligibility rules
25027,"Worcester County, MA",MA,841858,114630,183087,53441.0,36714.0,0,state at a capped 100% participation rate — no measurable gap under federal eligibility rules
26001,"Alcona County, MI",MI,10260,1833,3458,664.0,744.0,0,state at a capped 100% participation rate — no measurable gap under federal eligibility rules
26003,"Alger County, MI",MI,7732,1085,2392,388.0,465.0,0,state at a capped 100% participation rate — no measurable gap under federal eligibility rules
26005,"Allegan County, MI",MI,120505,15776,31220,3532.0,3514.0,0,state at a capped 100% participation rate — no measurable gap under federal eligibility rules
26007,"Alpena County, MI",MI,28320,6819,10997,2178.0,2334.0,0,state at a capped 100% participation rate — no measurable gap under federal eligibility rules
26009,"Antrim County, MI",MI,23911,3320,6510,1107.0,1100.0,0,state at a capped 100% participation rate — no measurable gap under federal eligibility rules
26011,"Arenac County, MI",MI,14902,2628,4864,1055.0,773.0,0,state at a capped 100% participation rate — no measurable gap under federal eligibility rules
26013,"Baraga County, MI",MI,7178,1543,2661,555.0,504.0,0,state at a capped 100% participation rate — no measurable gap under federal eligibility rules
26015,"Barry County, MI",MI,62970,7355,15586,2296.0,2317.0,0,state at a capped 100% participation rate — no measurable gap under federal eligibility rules
26017,"Bay County, MI",MI,102041,17773,32289,6120.0,6527.0,0,state at a capped 100% participation rate — no measurable gap under federal eligibility rules
26019,"Benzie County, MI",MI,18049,2394,4214,605.0,853.0,0,state at a capped 100% participation rate — no measurable gap under federal eligibility rules
26021,"Berrien County, MI",MI,150495,30249,49704,9057.0,9750.0,0,state at a capped 100% participation rate — no measurable gap under federal eligibility rules
26023,"Branch County, MI",MI,43366,9696,16203,2161.0,2197.0,0,state at a capped 100% participation rate — no measurable gap under federal eligibility rules
26025,"Calhoun County, MI",MI,130425,26302,47318,7175.0,7212.0,0,state at a capped 100% participation rate — no measurable gap under federal eligibility rules
26027,"Cass County, MI",MI,51089,8586,15519,2720.0,2585.0,0,state at a capped 100% participation rate — no measurable gap under federal eligibility rules
26029,"Charlevoix County, MI",MI,25845,3288,6016,983.0,1161.0,0,state at a capped 100% participation rate — no measurable gap under federal eligibility rules
26031,"Cheboygan County, MI",MI,25621,4702,8705,1405.0,1400.0,0,state at a capped 100% participation rate — no measurable gap under federal eligibility rules
26033,"Chippewa County, MI",MI,31950,6339,10979,1846.0,1867.0,0,state at a capped 100% participation rate — no measurable gap under federal eligibility rules
26035,"Clare County, MI",MI,30825,8683,13713,2380.0,2315.0,0,state at a capped 100% participation rate — no measurable gap under federal eligibility rules
26037,"Clinton County, MI",MI,78682,10220,16980,2082.0,2852.0,0,state at a capped 100% participation rate — no measurable gap under federal eligibility rules
26039,"Crawford County, MI",MI,13195,2914,4999,922.0,1003.0,0,state at a capped 100% participation rate — no measurable gap under federal eligibility rules
26041,"Delta County, MI",MI,36162,6089,11522,1974.0,2281.0,0,state at a capped 100% participation rate — no measurable gap under federal eligibility rules
26043,"Dickinson County, MI",MI,25642,3931,7003,994.0,1410.0,0,state at a capped 100% participation rate — no measurable gap under federal eligibility rules
26045,"Eaton County, MI",MI,107229,13469,23731,4579.0,4028.0,0,state at a capped 100% participation rate — no measurable gap under federal eligibility rules
26047,"Emmet County, MI",MI,33625,3963,7465,1118.0,1439.0,0,state at a capped 100% participation rate — no measurable gap under federal eligibility rules
26049,"Genesee County, MI",MI,398506,88262,140557,31470.0,26871.0,0,state at a capped 100% participation rate — no measurable gap under federal eligibility rules
26051,"Gladwin County, MI",MI,25466,5518,9580,1822.0,1759.0,0,state at a capped 100% participation rate — no measurable gap under federal eligibility rules
26053,"Gogebic County, MI",MI,14027,3206,5779,1301.0,1040.0,0,state at a capped 100% participation rate — no measurable gap under federal eligibility rules
26055,"Grand Traverse County, MI",MI,94954,12599,21180,3009.0,3761.0,0,state at a capped 100% participation rate — no measurable gap under federal eligibility rules
26057,"Gratiot County, MI",MI,35351,7047,12113,2229.0,1931.0,0,state at a capped 100% participation rate — no measurable gap under federal eligibility rules
26059,"Hillsdale County, MI",MI,44027,9267,16144,2152.0,2468.0,0,state at a capped 100% participation rate — no measurable gap under federal eligibility rules
26061,"Houghton County, MI",MI,33362,7126,12736,1383.0,2628.0,0,state at a capped 100% participation rate — no measurable gap under federal eligibility rules
26063,"Huron County, MI",MI,30766,5385,10216,1593.0,1956.0,0,state at a capped 100% participation rate — no measurable gap under federal eligibility rules
26065,"Ingham County, MI",MI,266311,55936,87407,14161.0,19956.0,0,state at a capped 100% participation rate — no measurable gap under federal eligibility rules
26067,"Ionia County, MI",MI,63003,9594,16703,3177.0,2780.0,0,state at a capped 100% participation rate — no measurable gap under federal eligibility rules
26069,"Iosco County, MI",MI,25094,5973,10301,1739.0,2276.0,0,state at a capped 100% participation rate — no measurable gap under federal eligibility rules
26071,"Iron County, MI",MI,11279,2784,4329,735.0,971.0,0,state at a capped 100% participation rate — no measurable gap under federal eligibility rules
26073,"Isabella County, MI",MI,59408,16716,24098,2830.0,5552.0,0,state at a capped 100% participation rate — no measurable gap under federal eligibility rules
26075,"Jackson County, MI",MI,150606,24105,43074,8556.0,7688.0,0,state at a capped 100% participation rate — no measurable gap under federal eligibility rules
26077,"Kalamazoo County, MI",MI,254983,45802,76839,12009.0,14304.0,0,state at a capped 100% participation rate — no measurable gap under federal eligibility rules
26079,"Kalkaska County, MI",MI,18036,3260,6296,1216.0,870.0,0,state at a capped 100% participation rate — no measurable gap under federal eligibility rules
26081,"Kent County, MI",MI,652777,91179,159364,26393.0,25843.0,0,state at a capped 100% participation rate — no measurable gap under federal eligibility rules
26083,"Keweenaw County, MI",MI,2118,422,691,84.0,142.0,0,state at a capped 100% participation rate — no measurable gap under federal eligibility rules
26085,"Lake County, MI",MI,12252,3362,5533,989.0,1015.0,0,state at a capped 100% participation rate — no measurable gap under federal eligibility rules
26087,"Lapeer County, MI",MI,87222,12238,21311,3968.0,3593.0,0,state at a capped 100% participation rate — no measurable gap under federal eligibility rules
26089,"Leelanau County, MI",MI,22536,2099,3792,457.0,674.0,0,state at a capped 100% participation rate — no measurable gap under federal eligibility rules
26091,"Lenawee County, MI",MI,93641,14817,27869,4316.0,4336.0,0,state at a capped 100% participation rate — no measurable gap under federal eligibility rules
26093,"Livingston County, MI",MI,194393,14530,27801,3663.0,4114.0,0,state at a capped 100% participation rate — no measurable gap under federal eligibility rules
26095,"Luce County, MI",MI,5260,1163,2260,353.0,397.0,0,state at a capped 100% participation rate — no measurable gap under federal eligibility rules
26097,"Mackinac County, MI",MI,10778,2438,3944,617.0,862.0,0,state at a capped 100% participation rate — no measurable gap under federal eligibility rules
26099,"Macomb County, MI",MI,871670,126898,225341,45824.0,38008.0,0,state at a capped 100% participation rate — no measurable gap under federal eligibility rules
26101,"Manistee County, MI",MI,24011,4020,7290,1275.0,1343.0,0,state at a capped 100% participation rate — no measurable gap under federal eligibility rules
26103,"Marquette County, MI",MI,63235,11947,19172,2701.0,4387.0,0,state at a capped 100% participation rate — no measurable gap under federal eligibility rules
26105,"Mason County, MI",MI,28851,5672,9091,1646.0,1714.0,0,state at a capped 100% participation rate — no measurable gap under federal eligibility rules
26107,"Mecosta County, MI",MI,39034,9777,15951,2402.0,3158.0,0,state at a capped 100% participation rate — no measurable gap under federal eligibility rules
26109,"Menominee County, MI",MI,22880,4039,7629,1045.0,1444.0,0,state at a capped 100% participation rate — no measurable gap under federal eligibility rules
26111,"Midland County, MI",MI,82467,12211,20811,4097.0,4180.0,0,state at a capped 100% participation rate — no measurable gap under federal eligibility rules
26113,"Missaukee County, MI",MI,15103,2597,5112,762.0,704.0,0,state at a capped 100% participation rate — no measurable gap under federal eligibility rules
26115,"Monroe County, MI",MI,153642,21459,39271,6310.0,6682.0,0,state at a capped 100% participation rate — no measurable gap under federal eligibility rules
26117,"Montcalm County, MI",MI,65038,11557,21790,3130.0,3086.0,0,state at a capped 100% participation rate — no measurable gap under federal eligibility rules
26119,"Montmorency County, MI",MI,9407,2152,3524,829.0,960.0,0,state at a capped 100% participation rate — no measurable gap under federal eligibility rules
26121,"Muskegon County, MI",MI,170197,33804,58599,13107.0,9654.0,0,state at a capped 100% participation rate — no measurable gap under federal eligibility rules
26123,"Newaygo County, MI",MI,50234,9734,17504,3271.0,2393.0,0,state at a capped 100% participation rate — no measurable gap under federal eligibility rules
26125,"Oakland County, MI",MI,1267749,132166,227877,40881.0,46404.0,0,state at a capped 100% participation rate — no measurable gap under federal eligibility rules
26127,"Oceana County, MI",MI,26539,5589,9430,1661.0,1319.0,0,state at a capped 100% participation rate — no measurable gap under federal eligibility rules
26129,"Ogemaw County, MI",MI,20584,4683,7665,1712.0,1559.0,0,state at a capped 100% participation rate — no measurable gap under federal eligibility rules
26131,"Ontonagon County, MI",MI,5806,1058,1955,356.0,434.0,0,state at a capped 100% participation rate — no measurable gap under federal eligibility rules
26133,"Osceola County, MI",MI,22902,4903,8631,1411.0,1484.0,0,state at a capped 100% participation rate — no measurable gap under federal eligibility rules
26135,"Oscoda County, MI",MI,8368,2035,3811,616.0,670.0,0,state at a capped 100% participation rate — no measurable gap under federal eligibility rules
26137,"Otsego County, MI",MI,25308,3443,6597,1174.0,1008.0,0,state at a capped 100% participation rate — no measurable gap under federal eligibility rules
26139,"Ottawa County, MI",MI,290796,32621,60523,6724.0,9404.0,0,state at a capped 100% participation rate — no measurable gap under federal eligibility rules
26141,"Presque Isle County, MI",MI,13103,2702,4258,705.0,940.0,0,state at a capped 100% participation rate — no measurable gap under federal eligibility rules
26143,"Roscommon County, MI",MI,23455,4857,8341,1946.0,1611.0,0,state at a capped 100% participation rate — no measurable gap under federal eligibility rules
26145,"Saginaw County, MI",MI,182852,43674,67175,15255.0,13840.0,0,state at a capped 100% participation rate — no measurable gap under federal eligibility rules
26147,"St. Clair County, MI",MI,158440,24753,43856,8995.0,7952.0,0,state at a capped 100% participation rate — no measurable gap under federal eligibility rules
26149,"St. Joseph County, MI",MI,60087,9755,18787,3501.0,2731.0,0,state at a capped 100% participation rate — no measurable gap under federal eligibility rules
26151,"Sanilac County, MI",MI,39961,8005,13859,2213.0,2461.0,0,state at a capped 100% participation rate — no measurable gap under federal eligibility rules
26153,"Schoolcraft County, MI",MI,8018,1561,2787,458.0,512.0,0,state at a capped 100% participation rate — no measurable gap under federal eligibility rules
26155,"Shiawassee County, MI",MI,67106,11777,20267,4206.0,3418.0,0,state at a capped 100% participation rate — no measurable gap under federal eligibility rules
26157,"Tuscola County, MI",MI,52305,9392,17395,3061.0,2747.0,0,state at a capped 100% participation rate — no measurable gap under federal eligibility rules
26159,"Van Buren County, MI",MI,75040,14452,25093,4180.0,4561.0,0,state at a capped 100% participation rate — no measurable gap under federal eligibility rules
26161,"Washtenaw County, MI",MI,351276,59705,89412,12830.0,20595.0,0,state at a capped 100% participation rate — no measurable gap under federal eligibility rules
26163,"Wayne County, MI",MI,1754502,463746,685633,161357.0,138878.0,0,state at a capped 100% participation rate — no measurable gap under federal eligibility rules
26165,"Wexford County, MI",MI,33373,7206,12793,2308.0,1940.0,0,state at a capped 100% participation rate — no measurable gap under federal eligibility rules
35001,"Bernalillo County, NM",NM,664935,137910,216780,48464.0,43118.0,0,state at a capped 100% participation rate — no measurable gap under federal eligibility rules
35003,"Catron County, NM",NM,3737,1109,1642,166.0,365.0,0,state at a capped 100% participation rate — no measurable gap under federal eligibility rules
35005,"Chaves County, NM",NM,61730,19358,30491,5927.0,5770.0,0,state at a capped 100% participation rate — no measurable gap under federal eligibility rules
35006,"Cibola County, NM",NM,25230,9112,13018,2009.0,2227.0,0,state at a capped 100% participation rate — no measurable gap under federal eligibility rules
35007,"Colfax County, NM",NM,11652,2748,4771,1255.0,854.0,0,state at a capped 100% participation rate — no measurable gap under federal eligibility rules
35009,"Curry County, NM",NM,46520,12648,18624,4738.0,3669.0,0,state at a capped 100% participation rate — no measurable gap under federal eligibility rules
35011,"De Baca County, NM",NM,1562,301,646,153.0,139.0,0,state at a capped 100% participation rate — no measurable gap under federal eligibility rules
35013,"Doña Ana County, NM",NM,218348,62407,95217,20500.0,18382.0,0,state at a capped 100% participation rate — no measurable gap under federal eligibility rules
35015,"Eddy County, NM",NM,60293,11220,17238,3345.0,3640.0,0,state at a capped 100% participation rate — no measurable gap under federal eligibility rules
35017,"Grant County, NM",NM,27009,7716,11960,2162.0,2296.0,0,state at a capped 100% participation rate — no measurable gap under federal eligibility rules
35019,"Guadalupe County, NM",NM,3978,1363,1799,606.0,408.0,0,state at a capped 100% participation rate — no measurable gap under federal eligibility rules
35021,"Harding County, NM",NM,741,208,316,25.0,60.0,0,state at a capped 100% participation rate — no measurable gap under federal eligibility rules
35023,"Hidalgo County, NM",NM,3977,1182,1820,314.0,307.0,0,state at a capped 100% participation rate — no measurable gap under federal eligibility rules
35025,"Lea County, NM",NM,71522,18165,28898,4886.0,4715.0,0,state at a capped 100% participation rate — no measurable gap under federal eligibility rules
35027,"Lincoln County, NM",NM,20062,5015,8043,1466.0,1957.0,0,state at a capped 100% participation rate — no measurable gap under federal eligibility rules
35028,"Los Alamos County, NM",NM,19340,1042,1747,350.0,346.0,0,state at a capped 100% participation rate — no measurable gap under federal eligibility rules
35029,"Luna County, NM",NM,25139,10137,14723,2776.0,2334.0,0,state at a capped 100% participation rate — no measurable gap under federal eligibility rules
35031,"McKinley County, NM",NM,69749,29408,40952,8047.0,6964.0,0,state at a capped 100% participation rate — no measurable gap under federal eligibility rules
35033,"Mora County, NM",NM,4140,1021,1921,400.0,457.0,0,state at a capped 100% participation rate — no measurable gap under federal eligibility rules
35035,"Otero County, NM",NM,65450,17707,27223,5283.0,4157.0,0,state at a capped 100% participation rate — no measurable gap under federal eligibility rules
35037,"Quay County, NM",NM,8482,2800,3802,1340.0,1320.0,0,state at a capped 100% participation rate — no measurable gap under federal eligibility rules
35039,"Rio Arriba County, NM",NM,39823,9645,15782,2948.0,2889.0,0,state at a capped 100% participation rate — no measurable gap under federal eligibility rules
35041,"Roosevelt County, NM",NM,17827,5373,8247,1579.0,1594.0,0,state at a capped 100% participation rate — no measurable gap under federal eligibility rules
35043,"Sandoval County, NM",NM,152786,21565,37000,7867.0,5568.0,0,state at a capped 100% participation rate — no measurable gap under federal eligibility rules
35045,"San Juan County, NM",NM,119577,36780,54878,9643.0,9278.0,0,state at a capped 100% participation rate — no measurable gap under federal eligibility rules
35047,"San Miguel County, NM",NM,25826,7408,11034,3486.0,3164.0,0,state at a capped 100% participation rate — no measurable gap under federal eligibility rules
35049,"Santa Fe County, NM",NM,153999,25455,42415,7774.0,8695.0,0,state at a capped 100% participation rate — no measurable gap under federal eligibility rules
35051,"Sierra County, NM",NM,11281,3470,5427,863.0,1117.0,0,state at a capped 100% participation rate — no measurable gap under federal eligibility rules
35053,"Socorro County, NM",NM,15382,5864,8108,1307.0,1883.0,0,state at a capped 100% participation rate — no measurable gap under federal eligibility rules
35055,"Taos County, NM",NM,34309,8122,12863,2689.0,3016.0,0,state at a capped 100% participation rate — no measurable gap under federal eligibility rules
35057,"Torrance County, NM",NM,15298,4157,6755,1641.0,885.0,0,state at a capped 100% participation rate — no measurable gap under federal eligibility rules
35059,"Union County, NM",NM,3535,876,1812,290.0,347.0,0,state at a capped 100% participation rate — no measurable gap under federal eligibility rules
35061,"Valencia County, NM",NM,76439,18989,32501,6612.0,4913.0,0,state at a capped 100% participation rate — no measurable gap under federal eligibility rules
41001,"Baker County, OR",OR,16313,3101,5501,1225.0,1314.0,0,state at a capped 100% participation rate — no measurable gap under federal eligibility rules
41003,"Benton County, OR",OR,89882,20252,29294,5123.0,6874.0,0,state at a capped 100% participation rate — no measurable gap under federal eligibility rules
41005,"Clackamas County, OR",OR,420975,43574,77682,16492.0,12625.0,0,state at a capped 100% participation rate — no measurable gap under federal eligibility rules
41007,"Clatsop County, OR",OR,40876,6997,12167,2752.0,1994.0,0,state at a capped 100% participation rate — no measurable gap under federal eligibility rules
41009,"Columbia County, OR",OR,52820,6376,13773,3258.0,1876.0,0,state at a capped 100% participation rate — no measurable gap under federal eligibility rules
41011,"Coos County, OR",OR,63668,13811,22355,6711.0,4642.0,0,state at a capped 100% participation rate — no measurable gap under federal eligibility rules
41013,"Crook County, OR",OR,26079,3930,6540,1579.0,1143.0,0,state at a capped 100% participation rate — no measurable gap under federal eligibility rules
41015,"Curry County, OR",OR,23075,4850,8747,1676.0,1478.0,0,state at a capped 100% participation rate — no measurable gap under federal eligibility rules
41017,"Deschutes County, OR",OR,204475,25267,46439,8417.0,7505.0,0,state at a capped 100% participation rate — no measurable gap under federal eligibility rules
41019,"Douglas County, OR",OR,110710,24759,38929,10041.0,7158.0,0,state at a capped 100% participation rate — no measurable gap under federal eligibility rules
41021,"Gilliam County, OR",OR,1934,393,577,101.0,136.0,0,state at a capped 100% participation rate — no measurable gap under federal eligibility rules
41023,"Grant County, OR",OR,7010,1306,2153,538.0,424.0,0,state at a capped 100% participation rate — no measurable gap under federal eligibility rules
41025,"Harney County, OR",OR,7340,1590,3179,723.0,436.0,0,state at a capped 100% participation rate — no measurable gap under federal eligibility rules
41027,"Hood River County, OR",OR,23733,2596,5169,1202.0,835.0,0,state at a capped 100% participation rate — no measurable gap under federal eligibility rules
41029,"Jackson County, OR",OR,219744,38706,66367,16488.0,11636.0,0,state at a capped 100% participation rate — no measurable gap under federal eligibility rules
41031,"Jefferson County, OR",OR,24038,4200,7377,2176.0,1278.0,0,state at a capped 100% participation rate — no measurable gap under federal eligibility rules
41033,"Josephine County, OR",OR,87095,19454,33628,8836.0,6074.0,0,state at a capped 100% participation rate — no measurable gap under federal eligibility rules
41035,"Klamath County, OR",OR,69127,16504,26977,6861.0,5869.0,0,state at a capped 100% participation rate — no measurable gap under federal eligibility rules
41037,"Lake County, OR",OR,7703,1675,2698,591.0,649.0,0,state at a capped 100% participation rate — no measurable gap under federal eligibility rules
41039,"Lane County, OR",OR,375499,77272,123284,30686.0,24510.0,0,state at a capped 100% participation rate — no measurable gap under federal eligibility rules
41041,"Lincoln County, OR",OR,50503,10434,17513,4876.0,3488.0,0,state at a capped 100% participation rate — no measurable gap under federal eligibility rules
41043,"Linn County, OR",OR,129251,21856,39987,10009.0,6680.0,0,state at a capped 100% participation rate — no measurable gap under federal eligibility rules
41045,"Malheur County, OR",OR,28294,7696,12205,2916.0,1909.0,0,state at a capped 100% participation rate — no measurable gap under federal eligibility rules
41047,"Marion County, OR",OR,339339,60157,107810,24964.0,15421.0,0,state at a capped 100% participation rate — no measurable gap under federal eligibility rules
41049,"Morrow County, OR",OR,12263,2678,4616,843.0,589.0,0,state at a capped 100% participation rate — no measurable gap under federal eligibility rules
41051,"Multnomah County, OR",OR,787098,132579,208343,56291.0,43310.0,0,state at a capped 100% participation rate — no measurable gap under federal eligibility rules
41053,"Polk County, OR",OR,87410,15682,24432,6530.0,4763.0,0,state at a capped 100% participation rate — no measurable gap under federal eligibility rules
41055,"Sherman County, OR",OR,1938,552,755,191.0,167.0,0,state at a capped 100% participation rate — no measurable gap under federal eligibility rules
41057,"Tillamook County, OR",OR,26524,4978,8025,1921.0,1656.0,0,state at a capped 100% participation rate — no measurable gap under federal eligibility rules
41059,"Umatilla County, OR",OR,76196,14798,25619,5875.0,3677.0,0,state at a capped 100% participation rate — no measurable gap under federal eligibility rules
41061,"Union County, OR",OR,25768,5552,8956,2114.0,1847.0,0,state at a capped 100% participation rate — no measurable gap under federal eligibility rules
41063,"Wallowa County, OR",OR,7465,1005,2342,406.0,277.0,0,state at a capped 100% participation rate — no measurable gap under federal eligibility rules
41065,"Wasco County, OR",OR,25961,4716,7930,2299.0,1239.0,0,state at a capped 100% participation rate — no measurable gap under federal eligibility rules
41067,"Washington County, OR",OR,598489,66872,113234,24720.0,18544.0,0,state at a capped 100% participation rate — no measurable gap under federal eligibility rules
41069,"Wheeler County, OR",OR,1467,273,486,78.0,70.0,0,state at a capped 100% participation rate — no measurable gap under federal eligibility rules
41071,"Yamhill County, OR",OR,103144,14937,25334,6210.0,4309.0,0,state at a capped 100% participation rate — no measurable gap under federal eligibility rules
42001,"Adams County, PA",PA,101730,12076,22265,3350.0,3028.0,0,state at a capped 100% participation rate — no measurable gap under federal eligibility rules
42003,"Allegheny County, PA",PA,1202968,179892,293619,70877.0,67128.0,0,state at a capped 100% participation rate — no measurable gap under federal eligibility rules
42005,"Armstrong County, PA",PA,63969,10949,20332,4387.0,3539.0,0,state at a capped 100% participation rate — no measurable gap under federal eligibility rules
42007,"Beaver County, PA",PA,163560,22244,39492,10006.0,7880.0,0,state at a capped 100% participation rate — no measurable gap under federal eligibility rules
42009,"Bedford County, PA",PA,46986,8668,14961,3116.0,2491.0,0,state at a capped 100% participation rate — no measurable gap under federal eligibility rules
42011,"Berks County, PA",PA,420373,68140,115354,22640.0,19103.0,0,state at a capped 100% participation rate — no measurable gap under federal eligibility rules
42013,"Blair County, PA",PA,117368,20544,36383,9068.0,6666.0,0,state at a capped 100% participation rate — no measurable gap under federal eligibility rules
42015,"Bradford County, PA",PA,59143,10679,18863,3572.0,3157.0,0,state at a capped 100% participation rate — no measurable gap under federal eligibility rules
42017,"Bucks County, PA",PA,638709,53951,95183,19418.0,16586.0,0,state at a capped 100% participation rate — no measurable gap under federal eligibility rules
42019,"Butler County, PA",PA,191918,21593,36398,7285.0,7513.0,0,state at a capped 100% participation rate — no measurable gap under federal eligibility rules
42021,"Cambria County, PA",PA,125314,23855,39706,10559.0,8090.0,0,state at a capped 100% participation rate — no measurable gap under federal eligibility rules
42023,"Cameron County, PA",PA,4396,735,1731,577.0,352.0,0,state at a capped 100% participation rate — no measurable gap under federal eligibility rules
42025,"Carbon County, PA",PA,64176,10760,18451,4252.0,3514.0,0,state at a capped 100% participation rate — no measurable gap under federal eligibility rules
42027,"Centre County, PA",PA,136787,28256,41002,4910.0,8917.0,0,state at a capped 100% participation rate — no measurable gap under federal eligibility rules
42029,"Chester County, PA",PA,533539,43840,76509,11536.0,12025.0,0,state at a capped 100% participation rate — no measurable gap under federal eligibility rules
42031,"Clarion County, PA",PA,35712,6672,11559,2363.0,2159.0,0,state at a capped 100% participation rate — no measurable gap under federal eligibility rules
42033,"Clearfield County, PA",PA,73882,14433,24528,6255.0,4763.0,0,state at a capped 100% participation rate — no measurable gap under federal eligibility rules
42035,"Clinton County, PA",PA,36010,6906,12560,2457.0,2454.0,0,state at a capped 100% participation rate — no measurable gap under federal eligibility rules
42037,"Columbia County, PA",PA,61350,11548,20514,2826.0,3638.0,0,state at a capped 100% participation rate — no measurable gap under federal eligibility rules
42039,"Crawford County, PA",PA,78397,16615,28064,6313.0,4910.0,0,state at a capped 100% participation rate — no measurable gap under federal eligibility rules
42041,"Cumberland County, PA",PA,254919,27050,52003,8281.0,8164.0,0,state at a capped 100% participation rate — no measurable gap under federal eligibility rules
42043,"Dauphin County, PA",PA,284802,47264,77276,16085.0,15809.0,0,state at a capped 100% participation rate — no measurable gap under federal eligibility rules
42045,"Delaware County, PA",PA,557094,76079,128208,28783.0,23899.0,0,state at a capped 100% participation rate — no measurable gap under federal eligibility rules
42047,"Elk County, PA",PA,30193,4354,8269,1932.0,1236.0,0,state at a capped 100% participation rate — no measurable gap under federal eligibility rules
42049,"Erie County, PA",PA,255825,52242,86043,21112.0,16974.0,0,state at a capped 100% participation rate — no measurable gap under federal eligibility rules
42051,"Fayette County, PA",PA,121801,26894,42036,12964.0,9929.0,0,state at a capped 100% participation rate — no measurable gap under federal eligibility rules
42053,"Forest County, PA",PA,4293,714,1388,268.0,229.0,0,state at a capped 100% participation rate — no measurable gap under federal eligibility rules
42055,"Franklin County, PA",PA,155182,19955,37755,6967.0,5349.0,0,state at a capped 100% participation rate — no measurable gap under federal eligibility rules
42057,"Fulton County, PA",PA,14425,2178,4028,883.0,790.0,0,state at a capped 100% participation rate — no measurable gap under federal eligibility rules
42059,"Greene County, PA",PA,31700,5312,9437,2977.0,1988.0,0,state at a capped 100% participation rate — no measurable gap under federal eligibility rules
42061,"Huntingdon County, PA",PA,38649,5864,11032,2191.0,1851.0,0,state at a capped 100% participation rate — no measurable gap under federal eligibility rules
42063,"Indiana County, PA",PA,77822,15488,26002,5289.0,4954.0,0,state at a capped 100% participation rate — no measurable gap under federal eligibility rules
42065,"Jefferson County, PA",PA,42978,8415,15464,2728.0,2663.0,0,state at a capped 100% participation rate — no measurable gap under federal eligibility rules
42067,"Juniata County, PA",PA,23082,3355,7088,939.0,886.0,0,state at a capped 100% participation rate — no measurable gap under federal eligibility rules
42069,"Lackawanna County, PA",PA,208287,41030,64974,15738.0,13247.0,0,state at a capped 100% participation rate — no measurable gap under federal eligibility rules
42071,"Lancaster County, PA",PA,542321,62326,120850,19471.0,17970.0,0,state at a capped 100% participation rate — no measurable gap under federal eligibility rules
42073,"Lawrence County, PA",PA,82645,14512,25310,7368.0,4425.0,0,state at a capped 100% participation rate — no measurable gap under federal eligibility rules
42075,"Lebanon County, PA",PA,140297,19121,36863,6934.0,5467.0,0,state at a capped 100% participation rate — no measurable gap under federal eligibility rules
42077,"Lehigh County, PA",PA,369539,60997,101983,22198.0,15689.0,0,state at a capped 100% participation rate — no measurable gap under federal eligibility rules
42079,"Luzerne County, PA",PA,316636,65543,108385,26482.0,20349.0,0,state at a capped 100% participation rate — no measurable gap under federal eligibility rules
42081,"Lycoming County, PA",PA,107687,20364,34078,6961.0,5909.0,0,state at a capped 100% participation rate — no measurable gap under federal eligibility rules
42083,"McKean County, PA",PA,37019,7307,13099,3038.0,2161.0,0,state at a capped 100% participation rate — no measurable gap under federal eligibility rules
42085,"Mercer County, PA",PA,102490,18621,32857,8100.0,6249.0,0,state at a capped 100% participation rate — no measurable gap under federal eligibility rules
42087,"Mifflin County, PA",PA,45336,10287,16444,3151.0,2685.0,0,state at a capped 100% participation rate — no measurable gap under federal eligibility rules
42089,"Monroe County, PA",PA,164433,25124,43247,9234.0,6597.0,0,state at a capped 100% participation rate — no measurable gap under federal eligibility rules
42091,"Montgomery County, PA",PA,846059,75683,131196,22272.0,22952.0,0,state at a capped 100% participation rate — no measurable gap under federal eligibility rules
42093,"Montour County, PA",PA,17260,2254,3972,511.0,800.0,0,state at a capped 100% participation rate — no measurable gap under federal eligibility rules
42095,"Northampton County, PA",PA,305366,38039,66022,12621.0,10709.0,0,state at a capped 100% participation rate — no measurable gap under federal eligibility rules
42097,"Northumberland County, PA",PA,86868,16381,28769,5909.0,4903.0,0,state at a capped 100% participation rate — no measurable gap under federal eligibility rules
42099,"Perry County, PA",PA,45701,5535,10654,1934.0,1501.0,0,state at a capped 100% participation rate — no measurable gap under federal eligibility rules
42101,"Philadelphia County, PA",PA,1535671,420400,629034,177955.0,142023.0,0,state at a capped 100% participation rate — no measurable gap under federal eligibility rules
42103,"Pike County, PA",PA,60014,8148,13835,3046.0,2260.0,0,state at a capped 100% participation rate — no measurable gap under federal eligibility rules
42105,"Potter County, PA",PA,15936,3026,5627,978.0,914.0,0,state at a capped 100% participation rate — no measurable gap under federal eligibility rules
42107,"Schuylkill County, PA",PA,136339,24301,42211,9958.0,7372.0,0,state at a capped 100% participation rate — no measurable gap under federal eligibility rules
42109,"Snyder County, PA",PA,36431,5393,11256,1455.0,1553.0,0,state at a capped 100% participation rate — no measurable gap under federal eligibility rules
42111,"Somerset County, PA",PA,68552,11143,21257,4209.0,3573.0,0,state at a capped 100% participation rate — no measurable gap under federal eligibility rules
42113,"Sullivan County, PA",PA,5673,882,1568,207.0,261.0,0,state at a capped 100% participation rate — no measurable gap under federal eligibility rules
42115,"Susquehanna County, PA",PA,37832,6483,12111,2002.0,1679.0,0,state at a capped 100% participation rate — no measurable gap under federal eligibility rules
42117,"Tioga County, PA",PA,39945,7187,13228,2344.0,1885.0,0,state at a capped 100% participation rate — no measurable gap under federal eligibility rules
42119,"Union County, PA",PA,33770,4593,8475,1711.0,1314.0,0,state at a capped 100% participation rate — no measurable gap under federal eligibility rules
42121,"Venango County, PA",PA,48798,9611,17076,4145.0,2798.0,0,state at a capped 100% participation rate — no measurable gap under federal eligibility rules
42123,"Warren County, PA",PA,37220,6138,11619,2361.0,1944.0,0,state at a capped 100% participation rate — no measurable gap under federal eligibility rules
42125,"Washington County, PA",PA,204615,27327,48233,12279.0,8932.0,0,state at a capped 100% participation rate — no measurable gap under federal eligibility rules
42127,"Wayne County, PA",PA,48064,8336,14938,2708.0,2658.0,0,state at a capped 100% participation rate — no measurable gap under federal eligibility rules
42129,"Westmoreland County, PA",PA,345590,49217,81595,21526.0,17364.0,0,state at a capped 100% participation rate — no measurable gap under federal eligibility rules
42131,"Wyoming County, PA",PA,25163,3774,6757,1732.0,1194.0,0,state at a capped 100% participation rate — no measurable gap under federal eligibility rules
42133,"York County, PA",PA,454311,52785,99724,20436.0,16344.0,0,state at a capped 100% participation rate — no measurable gap under federal eligibility rules
44001,"Bristol County, RI",RI,47114,3963,6215,1074.0,1640.0,0,state at a capped 100% participation rate — no measurable gap under federal eligibility rules
44003,"Kent County, RI",RI,169794,18083,33343,8756.0,6874.0,0,state at a capped 100% participation rate — no measurable gap under federal eligibility rules
44005,"Newport County, RI",RI,81092,8847,13303,3030.0,3469.0,0,state at a capped 100% participation rate — no measurable gap under federal eligibility rules
44007,"Providence County, RI",RI,638358,113001,184405,46094.0,37400.0,0,state at a capped 100% participation rate — no measurable gap under federal eligibility rules
44009,"Washington County, RI",RI,123994,13028,20086,2987.0,4476.0,0,state at a capped 100% participation rate — no measurable gap under federal eligibility rules
48301,"Loving County, TX",TX,33,2,4,2.0,2.0,0,FNS state total allocated by share of under-130% FPL population
53001,"Adams County, WA",WA,20630,5599,9195,1188.0,1021.0,0,state at a capped 100% participation rate — no measurable gap under federal eligibility rules
53003,"Asotin County, WA",WA,22220,4376,7090,1767.0,1189.0,0,state at a capped 100% participation rate — no measurable gap under federal eligibility rules
53005,"Benton County, WA",WA,210799,31139,53944,11533.0,8627.0,0,state at a capped 100% participation rate — no measurable gap under federal eligibility rules
53007,"Chelan County, WA",WA,79077,10905,21060,3798.0,2743.0,0,state at a capped 100% participation rate — no measurable gap under federal eligibility rules
53009,"Clallam County, WA",WA,76500,11306,20694,4564.0,3896.0,0,state at a capped 100% participation rate — no measurable gap under federal eligibility rules
53011,"Clark County, WA",WA,512797,58863,106454,23679.0,16209.0,0,state at a capped 100% participation rate — no measurable gap under federal eligibility rules
53013,"Columbia County, WA",WA,3973,592,1024,263.0,212.0,0,state at a capped 100% participation rate — no measurable gap under federal eligibility rules
53015,"Cowlitz County, WA",WA,111069,18558,32035,7772.0,5291.0,0,state at a capped 100% participation rate — no measurable gap under federal eligibility rules
53017,"Douglas County, WA",WA,43948,5282,11411,2275.0,1287.0,0,state at a capped 100% participation rate — no measurable gap under federal eligibility rules
53019,"Ferry County, WA",WA,7309,1651,2639,618.0,399.0,0,state at a capped 100% participation rate — no measurable gap under federal eligibility rules
53021,"Franklin County, WA",WA,96341,19792,32577,5631.0,3372.0,0,state at a capped 100% participation rate — no measurable gap under federal eligibility rules
53023,"Garfield County, WA",WA,2326,307,596,140.0,171.0,0,state at a capped 100% participation rate — no measurable gap under federal eligibility rules
53025,"Grant County, WA",WA,100877,20598,35174,5855.0,5202.0,0,state at a capped 100% participation rate — no measurable gap under federal eligibility rules
53027,"Grays Harbor County, WA",WA,74128,14755,25250,5577.0,4334.0,0,state at a capped 100% participation rate — no measurable gap under federal eligibility rules
53029,"Island County, WA",WA,84468,9974,16957,2771.0,2937.0,0,state at a capped 100% participation rate — no measurable gap under federal eligibility rules
53031,"Jefferson County, WA",WA,33076,4910,9101,1327.0,1949.0,0,state at a capped 100% participation rate — no measurable gap under federal eligibility rules
53033,"King County, WA",WA,2255985,250490,398142,77601.0,79447.0,0,state at a capped 100% participation rate — no measurable gap under federal eligibility rules
53035,"Kitsap County, WA",WA,270470,29662,50208,10833.0,8955.0,0,state at a capped 100% participation rate — no measurable gap under federal eligibility rules
53037,"Kittitas County, WA",WA,45392,8639,13792,2459.0,3165.0,0,state at a capped 100% participation rate — no measurable gap under federal eligibility rules
53039,"Klickitat County, WA",WA,23370,3938,6286,1181.0,1200.0,0,state at a capped 100% participation rate — no measurable gap under federal eligibility rules
53041,"Lewis County, WA",WA,84007,14559,23774,5397.0,4225.0,0,state at a capped 100% participation rate — no measurable gap under federal eligibility rules
53043,"Lincoln County, WA",WA,11390,1901,3424,707.0,601.0,0,state at a capped 100% participation rate — no measurable gap under federal eligibility rules
53045,"Mason County, WA",WA,66096,10639,16725,3954.0,3123.0,0,state at a capped 100% participation rate — no measurable gap under federal eligibility rules
53047,"Okanogan County, WA",WA,42938,11241,17261,3380.0,3055.0,0,state at a capped 100% participation rate — no measurable gap under federal eligibility rules
53049,"Pacific County, WA",WA,23758,3879,7928,1662.0,1384.0,0,state at a capped 100% participation rate — no measurable gap under federal eligibility rules
53051,"Pend Oreille County, WA",WA,13878,2863,4931,994.0,760.0,0,state at a capped 100% participation rate — no measurable gap under federal eligibility rules
53053,"Pierce County, WA",WA,908615,107712,186103,43291.0,30141.0,0,state at a capped 100% participation rate — no measurable gap under federal eligibility rules
53055,"San Juan County, WA",WA,18266,2636,4390,512.0,1066.0,0,state at a capped 100% participation rate — no measurable gap under federal eligibility rules
53057,"Skagit County, WA",WA,129735,18896,31006,6469.0,5607.0,0,state at a capped 100% participation rate — no measurable gap under federal eligibility rules
53059,"Skamania County, WA",WA,12310,1437,2802,615.0,465.0,0,state at a capped 100% participation rate — no measurable gap under federal eligibility rules
53061,"Snohomish County, WA",WA,835002,88714,151279,27910.0,25209.0,0,state at a capped 100% participation rate — no measurable gap under federal eligibility rules
53063,"Spokane County, WA",WA,535299,86314,144326,34596.0,26410.0,0,state at a capped 100% participation rate — no measurable gap under federal eligibility rules
53065,"Stevens County, WA",WA,47613,8473,14968,2915.0,2461.0,0,state at a capped 100% participation rate — no measurable gap under federal eligibility rules
53067,"Thurston County, WA",WA,294924,36672,61004,13304.0,11559.0,0,state at a capped 100% participation rate — no measurable gap under federal eligibility rules
53069,"Wahkiakum County, WA",WA,4635,998,1832,144.0,375.0,0,state at a capped 100% participation rate — no measurable gap under federal eligibility rules
53071,"Walla Walla County, WA",WA,57446,9340,16055,3168.0,3069.0,0,state at a capped 100% participation rate — no measurable gap under federal eligibility rules
53073,"Whatcom County, WA",WA,225395,37594,58988,11003.0,12093.0,0,state at a capped 100% participation rate — no measurable gap under federal eligibility rules
53075,"Whitman County, WA",WA,40910,12356,16648,2044.0,4983.0,0,state at a capped 100% participation rate — no measurable gap under federal eligibility rules
53077,"Yakima County, WA",WA,253802,56766,101116,19853.0,12916.0,0,state at a capped 100% participation rate — no measurable gap under federal eligibility rules
55001,"Adams County, WI",WI,20452,3935,6656,1391.0,1249.0,0,state at a capped 100% participation rate — no measurable gap under federal eligibility rules
55003,"Ashland County, WI",WI,15453,2728,5167,975.0,1102.0,0,state at a capped 100% participation rate — no measurable gap under federal eligibility rules
55005,"Barron County, WI",WI,46166,7627,13676,2288.0,2142.0,0,state at a capped 100% participation rate — no measurable gap under federal eligibility rules
55007,"Bayfield County, WI",WI,16392,2394,4297,859.0,748.0,0,state at a capped 100% participation rate — no measurable gap under federal eligibility rules
55009,"Brown County, WI",WI,263887,33954,63295,11597.0,10644.0,0,state at a capped 100% participation rate — no measurable gap under federal eligibility rules
55011,"Buffalo County, WI",WI,13266,1732,3592,598.0,582.0,0,state at a capped 100% participation rate — no measurable gap under federal eligibility rules
55013,"Burnett County, WI",WI,16737,2751,5007,900.0,1046.0,0,state at a capped 100% participation rate — no measurable gap under federal eligibility rules
55015,"Calumet County, WI",WI,52728,5016,8942,1301.0,1397.0,0,state at a capped 100% participation rate — no measurable gap under federal eligibility rules
55017,"Chippewa County, WI",WI,64211,9277,17261,3203.0,2722.0,0,state at a capped 100% participation rate — no measurable gap under federal eligibility rules
55019,"Clark County, WI",WI,34161,5963,10925,1348.0,1435.0,0,state at a capped 100% participation rate — no measurable gap under federal eligibility rules
55021,"Columbia County, WI",WI,56714,6197,11741,2162.0,1745.0,0,state at a capped 100% participation rate — no measurable gap under federal eligibility rules
55023,"Crawford County, WI",WI,15197,2706,4813,728.0,915.0,0,state at a capped 100% participation rate — no measurable gap under federal eligibility rules
55025,"Dane County, WI",WI,558819,74589,119405,20385.0,26402.0,0,state at a capped 100% participation rate — no measurable gap under federal eligibility rules
55027,"Dodge County, WI",WI,83953,10306,19791,3831.0,3125.0,0,state at a capped 100% participation rate — no measurable gap under federal eligibility rules
55029,"Door County, WI",WI,30152,3347,6066,1168.0,1398.0,0,state at a capped 100% participation rate — no measurable gap under federal eligibility rules
55031,"Douglas County, WI",WI,42992,6464,10479,2390.0,2318.0,0,state at a capped 100% participation rate — no measurable gap under federal eligibility rules
55033,"Dunn County, WI",WI,42376,6371,11696,2212.0,2048.0,0,state at a capped 100% participation rate — no measurable gap under federal eligibility rules
55035,"Eau Claire County, WI",WI,103163,15603,26328,4962.0,4990.0,0,state at a capped 100% participation rate — no measurable gap under federal eligibility rules
55037,"Florence County, WI",WI,4578,492,1195,292.0,198.0,0,state at a capped 100% participation rate — no measurable gap under federal eligibility rules
55039,"Fond du Lac County, WI",WI,100827,12926,23339,4095.0,4264.0,0,state at a capped 100% participation rate — no measurable gap under federal eligibility rules
55041,"Forest County, WI",WI,9192,1957,3316,599.0,561.0,0,state at a capped 100% participation rate — no measurable gap under federal eligibility rules
55043,"Grant County, WI",WI,48068,8698,14839,2122.0,2431.0,0,state at a capped 100% participation rate — no measurable gap under federal eligibility rules
55045,"Green County, WI",WI,36533,3944,7953,1296.0,1307.0,0,state at a capped 100% participation rate — no measurable gap under federal eligibility rules
55047,"Green Lake County, WI",WI,18965,3504,5500,966.0,1012.0,0,state at a capped 100% participation rate — no measurable gap under federal eligibility rules
55049,"Iowa County, WI",WI,23560,2493,4832,958.0,957.0,0,state at a capped 100% participation rate — no measurable gap under federal eligibility rules
55051,"Iron County, WI",WI,6071,927,1867,377.0,310.0,0,state at a capped 100% participation rate — no measurable gap under federal eligibility rules
55053,"Jackson County, WI",WI,19805,3515,6609,1265.0,1071.0,0,state at a capped 100% participation rate — no measurable gap under federal eligibility rules
55055,"Jefferson County, WI",WI,83170,9623,17377,3213.0,3134.0,0,state at a capped 100% participation rate — no measurable gap under federal eligibility rules
55057,"Juneau County, WI",WI,25320,4629,8187,1635.0,1357.0,0,state at a capped 100% participation rate — no measurable gap under federal eligibility rules
55059,"Kenosha County, WI",WI,164672,23570,39739,8401.0,7415.0,0,state at a capped 100% participation rate — no measurable gap under federal eligibility rules
55061,"Kewaunee County, WI",WI,20523,2181,4744,434.0,685.0,0,state at a capped 100% participation rate — no measurable gap under federal eligibility rules
55063,"La Crosse County, WI",WI,115966,18175,31636,4781.0,6368.0,0,state at a capped 100% participation rate — no measurable gap under federal eligibility rules
55065,"Lafayette County, WI",WI,16842,2788,4995,588.0,786.0,0,state at a capped 100% participation rate — no measurable gap under federal eligibility rules
55067,"Langlade County, WI",WI,19142,3391,6066,1191.0,1407.0,0,state at a capped 100% participation rate — no measurable gap under federal eligibility rules
55069,"Lincoln County, WI",WI,27947,4310,7701,1674.0,1579.0,0,state at a capped 100% participation rate — no measurable gap under federal eligibility rules
55071,"Manitowoc County, WI",WI,80201,10555,21613,3617.0,3651.0,0,state at a capped 100% participation rate — no measurable gap under federal eligibility rules
55073,"Marathon County, WI",WI,136619,16751,31197,5745.0,4938.0,0,state at a capped 100% participation rate — no measurable gap under federal eligibility rules
55075,"Marinette County, WI",WI,41064,6341,12359,2313.0,2159.0,0,state at a capped 100% participation rate — no measurable gap under federal eligibility rules
55077,"Marquette County, WI",WI,15591,2748,4768,831.0,801.0,0,state at a capped 100% participation rate — no measurable gap under federal eligibility rules
55078,"Menominee County, WI",WI,4217,1052,1951,366.0,256.0,0,state at a capped 100% participation rate — no measurable gap under federal eligibility rules
55079,"Milwaukee County, WI",WI,908298,206111,328452,80462.0,64776.0,0,state at a capped 100% participation rate — no measurable gap under federal eligibility rules
55081,"Monroe County, WI",WI,45540,8308,14065,2553.0,2036.0,0,state at a capped 100% participation rate — no measurable gap under federal eligibility rules
55083,"Oconto County, WI",WI,38981,4586,9545,1510.0,1577.0,0,state at a capped 100% participation rate — no measurable gap under federal eligibility rules
55085,"Oneida County, WI",WI,37594,4985,9186,1383.0,1770.0,0,state at a capped 100% participation rate — no measurable gap under federal eligibility rules
55087,"Outagamie County, WI",WI,189611,17657,34996,6395.0,5690.0,0,state at a capped 100% participation rate — no measurable gap under federal eligibility rules
55089,"Ozaukee County, WI",WI,91125,7119,13720,1921.0,2394.0,0,state at a capped 100% participation rate — no measurable gap under federal eligibility rules
55091,"Pepin County, WI",WI,7329,1059,1900,301.0,260.0,0,state at a capped 100% participation rate — no measurable gap under federal eligibility rules
55093,"Pierce County, WI",WI,40161,5112,8936,934.0,1390.0,0,state at a capped 100% participation rate — no measurable gap under federal eligibility rules
55095,"Polk County, WI",WI,44989,5166,9738,1900.0,1775.0,0,state at a capped 100% participation rate — no measurable gap under federal eligibility rules
55097,"Portage County, WI",WI,68049,9810,16667,2387.0,3128.0,0,state at a capped 100% participation rate — no measurable gap under federal eligibility rules
55099,"Price County, WI",WI,13918,2422,4358,861.0,709.0,0,state at a capped 100% participation rate — no measurable gap under federal eligibility rules
55101,"Racine County, WI",WI,192435,26679,49075,9869.0,8107.0,0,state at a capped 100% participation rate — no measurable gap under federal eligibility rules
55103,"Richland County, WI",WI,16905,3080,5090,1037.0,936.0,0,state at a capped 100% participation rate — no measurable gap under federal eligibility rules
55105,"Rock County, WI",WI,161769,22271,41971,8653.0,6417.0,0,state at a capped 100% participation rate — no measurable gap under federal eligibility rules
55107,"Rusk County, WI",WI,13951,2725,4608,1027.0,787.0,0,state at a capped 100% participation rate — no measurable gap under federal eligibility rules
55109,"St. Croix County, WI",WI,95090,8189,15600,2322.0,2581.0,0,state at a capped 100% participation rate — no measurable gap under federal eligibility rules
55111,"Sauk County, WI",WI,65246,7336,15435,2830.0,2357.0,0,state at a capped 100% participation rate — no measurable gap under federal eligibility rules
55113,"Sawyer County, WI",WI,17983,3682,6166,1205.0,1435.0,0,state at a capped 100% participation rate — no measurable gap under federal eligibility rules
55115,"Shawano County, WI",WI,40263,6010,11671,1901.0,2167.0,0,state at a capped 100% participation rate — no measurable gap under federal eligibility rules
55117,"Sheboygan County, WI",WI,114776,14040,27391,4354.0,4553.0,0,state at a capped 100% participation rate — no measurable gap under federal eligibility rules
55119,"Taylor County, WI",WI,19826,3066,5360,746.0,785.0,0,state at a capped 100% participation rate — no measurable gap under federal eligibility rules
55121,"Trempealeau County, WI",WI,30381,4516,7745,1140.0,1245.0,0,state at a capped 100% participation rate — no measurable gap under federal eligibility rules
55123,"Vernon County, WI",WI,30692,5334,9028,1127.0,1459.0,0,state at a capped 100% participation rate — no measurable gap under federal eligibility rules
55125,"Vilas County, WI",WI,23381,3433,6423,1098.0,1122.0,0,state at a capped 100% participation rate — no measurable gap under federal eligibility rules
55127,"Walworth County, WI",WI,102780,13379,22313,3316.0,4423.0,0,state at a capped 100% participation rate — no measurable gap under federal eligibility rules
55129,"Washburn County, WI",WI,16684,2948,5176,873.0,898.0,0,state at a capped 100% participation rate — no measurable gap under federal eligibility rules
55131,"Washington County, WI",WI,137146,11597,21265,2920.0,3731.0,0,state at a capped 100% participation rate — no measurable gap under federal eligibility rules
55133,"Waukesha County, WI",WI,407958,28458,50298,7378.0,9926.0,0,state at a capped 100% participation rate — no measurable gap under federal eligibility rules
55135,"Waupaca County, WI",WI,50283,6971,12642,2246.0,2629.0,0,state at a capped 100% participation rate — no measurable gap under federal eligibility rules
55137,"Waushara County, WI",WI,23928,3723,6687,1310.0,1242.0,0,state at a capped 100% participation rate — no measurable gap under federal eligibility rules
55139,"Winnebago County, WI",WI,164992,25842,43675,6976.0,7393.0,0,state at a capped 100% participation rate — no measurable gap under federal eligibility rules
55141,"Wood County, WI",WI,73140,10613,21123,4244.0,3713.0,0,state at a capped 100% participation rate — no measurable gap under federal eligibility rules
72001,"Adjuntas Municipio, PR",PR,17925,13130,16065,3596.0,3629.0,,no FNS state total on file
72003,"Aguada Municipio, PR",PR,37602,22086,30284,7523.0,6424.0,,no FNS state total on file
72005,"Aguadilla Municipio, PR",PR,53371,29030,38040,11379.0,10559.0,,no FNS state total on file
72007,"Aguas Buenas Municipio, PR",PR,23525,13822,18266,5684.0,4330.0,,no FNS state total on file
72009,"Aibonito Municipio, PR",PR,24604,14032,18735,5391.0,4845.0,,no FNS state total on file
72011,"Añasco Municipio, PR",PR,24978,13437,18343,5365.0,4483.0,,no FNS state total on file
72013,"Arecibo Municipio, PR",PR,85187,44573,61239,17279.0,14941.0,,no FNS state total on file
72015,"Arroyo Municipio, PR",PR,15294,9497,12259,4058.0,3466.0,,no FNS state total on file
72017,"Barceloneta Municipio, PR",PR,22459,11759,15582,4810.0,4008.0,,no FNS state total on file
72019,"Barranquitas Municipio, PR",PR,28977,17252,21977,6216.0,5045.0,,no FNS state total on file
72021,"Bayamón Municipio, PR",PR,178187,78308,110353,27747.0,27180.0,,no FNS state total on file
72023,"Cabo Rojo Municipio, PR",PR,46712,23389,33580,9000.0,7895.0,,no FNS state total on file
72025,"Caguas Municipio, PR",PR,124977,55596,78038,21749.0,19686.0,,no FNS state total on file
72027,"Camuy Municipio, PR",PR,32562,16295,23619,6997.0,5254.0,,no FNS state total on file
72029,"Canóvanas Municipio, PR",PR,41789,18303,27891,7863.0,5972.0,,no FNS state total on file
72031,"Carolina Municipio, PR",PR,151405,57894,87725,22411.0,19089.0,,no FNS state total on file
72033,"Cataño Municipio, PR",PR,22461,11673,15208,4613.0,4159.0,,no FNS state total on file
72035,"Cayey Municipio, PR",PR,40884,19555,27552,7768.0,6908.0,,no FNS state total on file
72037,"Ceiba Municipio, PR",PR,10901,5534,7803,2182.0,1765.0,,no FNS state total on file
72039,"Ciales Municipio, PR",PR,16748,11161,14323,3887.0,3110.0,,no FNS state total on file
72041,"Cidra Municipio, PR",PR,39508,18901,27449,8026.0,5670.0,,no FNS state total on file
72043,"Coamo Municipio, PR",PR,33821,20456,27005,7781.0,6943.0,,no FNS state total on file
72045,"Comerío Municipio, PR",PR,18670,12284,14872,4045.0,3413.0,,no FNS state total on file
72047,"Corozal Municipio, PR",PR,34316,18414,25700,7157.0,5772.0,,no FNS state total on file
72049,"Culebra Municipio, PR",PR,1387,626,1051,224.0,170.0,,no FNS state total on file
72051,"Dorado Municipio, PR",PR,35733,12491,17634,4593.0,3927.0,,no FNS state total on file
72053,"Fajardo Municipio, PR",PR,31293,16296,22703,6388.0,5566.0,,no FNS state total on file
72054,"Florida Municipio, PR",PR,11494,6904,9527,3048.0,2339.0,,no FNS state total on file
72055,"Guánica Municipio, PR",PR,12670,9244,11036,3417.0,3666.0,,no FNS state total on file
72057,"Guayama Municipio, PR",PR,33650,19722,24945,9261.0,8075.0,,no FNS state total on file
72059,"Guayanilla Municipio, PR",PR,17066,10517,13519,3773.0,3154.0,,no FNS state total on file
72061,"Guaynabo Municipio, PR",PR,87945,26934,38028,9350.0,9554.0,,no FNS state total on file
72063,"Gurabo Municipio, PR",PR,40074,14707,20854,5961.0,5073.0,,no FNS state total on file
72065,"Hatillo Municipio, PR",PR,37974,18978,26440,7349.0,5406.0,,no FNS state total on file
72067,"Hormigueros Municipio, PR",PR,15285,7446,10907,3151.0,2319.0,,no FNS state total on file
72069,"Humacao Municipio, PR",PR,49745,24494,35343,9168.0,8153.0,,no FNS state total on file
72071,"Isabela Municipio, PR",PR,42545,23466,32548,7295.0,6842.0,,no FNS state total on file
72073,"Jayuya Municipio, PR",PR,14526,8939,11805,3157.0,2699.0,,no FNS state total on file
72075,"Juana Díaz Municipio, PR",PR,45718,25775,34960,8986.0,7678.0,,no FNS state total on file
72077,"Juncos Municipio, PR",PR,36761,18063,25253,7535.0,5484.0,,no FNS state total on file
72079,"Lajas Municipio, PR",PR,22958,14549,19484,5011.0,4932.0,,no FNS state total on file
72081,"Lares Municipio, PR",PR,27579,18666,23680,7280.0,6267.0,,no FNS state total on file
72083,"Las Marías Municipio, PR",PR,8681,5938,7604,1917.0,1876.0,,no FNS state total on file
72085,"Las Piedras Municipio, PR",PR,34795,17921,24092,7184.0,5793.0,,no FNS state total on file
72087,"Loíza Municipio, PR",PR,22730,12985,16972,5274.0,4029.0,,no FNS state total on file
72089,"Luquillo Municipio, PR",PR,17482,9438,13109,3849.0,3096.0,,no FNS state total on file
72091,"Manatí Municipio, PR",PR,38748,21475,28218,7414.0,7148.0,,no FNS state total on file
72093,"Maricao Municipio, PR",PR,4988,3159,4207,987.0,905.0,,no FNS state total on file
72095,"Maunabo Municipio, PR",PR,10387,7006,8797,2390.0,2376.0,,no FNS state total on file
72097,"Mayagüez Municipio, PR",PR,69503,43615,54506,15350.0,16701.0,,no FNS state total on file
72099,"Moca Municipio, PR",PR,37002,20633,26792,7822.0,6868.0,,no FNS state total on file
72101,"Morovis Municipio, PR",PR,28353,15420,20878,6505.0,5246.0,,no FNS state total on file
72103,"Naguabo Municipio, PR",PR,22959,13677,18970,4389.0,3741.0,,no FNS state total on file
72105,"Naranjito Municipio, PR",PR,28974,17807,22648,5580.0,4771.0,,no FNS state total on file
72107,"Orocovis Municipio, PR",PR,21210,13592,17438,4623.0,3948.0,,no FNS state total on file
72109,"Patillas Municipio, PR",PR,15517,9702,12099,3675.0,3301.0,,no FNS state total on file
72111,"Peñuelas Municipio, PR",PR,19850,12815,15966,4113.0,3573.0,,no FNS state total on file
72113,"Ponce Municipio, PR",PR,129572,76665,98979,30912.0,29052.0,,no FNS state total on file
72115,"Quebradillas Municipio, PR",PR,23347,13691,18092,5133.0,3986.0,,no FNS state total on file
72117,"Rincón Municipio, PR",PR,15341,8730,12027,2789.0,2638.0,,no FNS state total on file
72119,"Río Grande Municipio, PR",PR,45603,20503,31611,8362.0,6453.0,,no FNS state total on file
72121,"Sabana Grande Municipio, PR",PR,22281,12826,16825,3586.0,3776.0,,no FNS state total on file
72123,"Salinas Municipio, PR",PR,24906,14791,19021,5687.0,5190.0,,no FNS state total on file
72125,"San Germán Municipio, PR",PR,30996,19123,24133,6225.0,6355.0,,no FNS state total on file
72127,"San Juan Municipio, PR",PR,332715,157250,207735,55158.0,60866.0,,no FNS state total on file
72129,"San Lorenzo Municipio, PR",PR,37276,20962,27641,8117.0,7052.0,,no FNS state total on file
72131,"San Sebastián Municipio, PR",PR,38854,23752,30323,8899.0,7743.0,,no FNS state total on file
72133,"Santa Isabel Municipio, PR",PR,19873,10771,14372,3768.0,3407.0,,no FNS state total on file
72135,"Toa Alta Municipio, PR",PR,66073,27417,41003,8982.0,8619.0,,no FNS state total on file
72137,"Toa Baja Municipio, PR",PR,72730,31793,46104,11383.0,10413.0,,no FNS state total on file
72139,"Trujillo Alto Municipio, PR",PR,66731,24886,37080,9335.0,8002.0,,no FNS state total on file
72141,"Utuado Municipio, PR",PR,27496,17441,22166,7088.0,5949.0,,no FNS state total on file
72143,"Vega Alta Municipio, PR",PR,34746,17521,23577,6969.0,6015.0,,no FNS state total on file
72145,"Vega Baja Municipio, PR",PR,53510,27595,38020,10355.0,9534.0,,no FNS state total on file
72147,"Vieques Municipio, PR",PR,8078,6343,7222,1619.0,1734.0,,no FNS state total on file
72149,"Villalba Municipio, PR",PR,21468,10929,15785,4763.0,3153.0,,no FNS state total on file
72151,"Yabucoa Municipio, PR",PR,29332,18182,24027,7480.0,6016.0,,no FNS state total on file
72153,"Yauco Municipio, PR",PR,32767,17435,24744,6255.0,6246.0,,no FNS state total on file
