geoid,state,county,total_hh,poor_hh,snap_hh,coverage_ratio,unserved_poor_hh
04013,AZ,"Maricopa County, AZ",1730696.0,178458.0,148499.0,0.832,29959
48201,TX,"Harris County, TX",1757164.0,262833.0,235477.0,0.896,27356
48453,TX,"Travis County, TX",583747.0,59521.0,32506.0,0.546,27015
48113,TX,"Dallas County, TX",982737.0,126108.0,103078.0,0.817,23030
47037,TN,"Davidson County, TN",324907.0,41807.0,26860.0,0.642,14947
48085,TX,"Collin County, TX",416646.0,26488.0,12768.0,0.482,13720
48041,TX,"Brazos County, TX",91087.0,21501.0,7858.0,0.365,13643
06059,CA,"Orange County, CA",1082960.0,105401.0,91924.0,0.872,13477
49035,UT,"Salt Lake County, UT",426245.0,35480.0,22043.0,0.621,13437
12001,FL,"Alachua County, FL",116786.0,23971.0,10714.0,0.447,13257
39049,OH,"Franklin County, OH",553099.0,73602.0,60349.0,0.82,13253
12103,FL,"Pinellas County, FL",428473.0,49813.0,36876.0,0.74,12937
29095,MO,"Jackson County, MO",306798.0,43358.0,31623.0,0.729,11735
12071,FL,"Lee County, FL",327803.0,38444.0,27154.0,0.706,11290
05119,AR,"Pulaski County, AR",172409.0,27958.0,17233.0,0.616,10725
27053,MN,"Hennepin County, MN",539493.0,54431.0,43784.0,0.804,10647
45079,SC,"Richland County, SC",167961.0,28188.0,17881.0,0.634,10307
48121,TX,"Denton County, TX",360392.0,25918.0,15679.0,0.605,10239
39061,OH,"Hamilton County, OH",354739.0,53262.0,43374.0,0.814,9888
21111,KY,"Jefferson County, KY",331554.0,46422.0,36575.0,0.788,9847
49049,UT,"Utah County, UT",203018.0,17999.0,8173.0,0.454,9826
20091,KS,"Johnson County, KS",249531.0,14634.0,5014.0,0.343,9620
17019,IL,"Champaign County, IL",85472.0,17337.0,7764.0,0.448,9573
36061,NY,"New York County, NY",778281.0,121633.0,112139.0,0.922,9494
18157,IN,"Tippecanoe County, IN",75808.0,14864.0,5470.0,0.368,9394
48439,TX,"Tarrant County, TX",782419.0,83640.0,74867.0,0.895,8773
18105,IN,"Monroe County, IN",59236.0,12224.0,3564.0,0.292,8660
21067,KY,"Fayette County, KY",139715.0,20513.0,11918.0,0.581,8595
45019,SC,"Charleston County, SC",178975.0,19989.0,11493.0,0.575,8496
48303,TX,"Lubbock County, TX",126225.0,21905.0,13478.0,0.615,8427
18097,IN,"Marion County, IN",400432.0,58215.0,49932.0,0.858,8283
37183,NC,"Wake County, NC",460175.0,36903.0,28628.0,0.776,8275
20173,KS,"Sedgwick County, KS",206768.0,27539.0,19278.0,0.7,8261
34003,NJ,"Bergen County, NJ",355127.0,27135.0,18954.0,0.699,8181
29189,MO,"St. Louis County, MO",413849.0,41309.0,33196.0,0.804,8113
12073,FL,"Leon County, FL",122597.0,22318.0,14294.0,0.64,8024
05143,AR,"Washington County, AR",97184.0,13390.0,5413.0,0.404,7977
45051,SC,"Horry County, SC",158779.0,19863.0,11900.0,0.599,7963
13059,GA,"Clarke County, GA",54454.0,13013.0,5127.0,0.394,7886
48209,TX,"Hays County, TX",99849.0,12897.0,5032.0,0.39,7865
26161,MI,"Washtenaw County, MI",150550.0,20595.0,12830.0,0.623,7765
08013,CO,"Boulder County, CO",137008.0,15787.0,8034.0,0.509,7753
47093,TN,"Knox County, TN",201146.0,25666.0,17979.0,0.7,7687
45045,SC,"Greenville County, SC",220565.0,24452.0,16773.0,0.686,7679
12115,FL,"Sarasota County, FL",212204.0,18660.0,11108.0,0.595,7552
48339,TX,"Montgomery County, TX",247541.0,23835.0,16304.0,0.684,7531
13135,GA,"Gwinnett County, GA",327043.0,32731.0,25467.0,0.778,7264
01081,AL,"Lee County, AL",69436.0,14171.0,6949.0,0.49,7222
34029,NJ,"Ocean County, NJ",243843.0,22900.0,15692.0,0.685,7208
16001,ID,"Ada County, ID",202543.0,17459.0,10389.0,0.595,7070
04019,AZ,"Pima County, AZ",437827.0,60186.0,53119.0,0.883,7067
12021,FL,"Collier County, FL",165875.0,16276.0,9273.0,0.57,7003
12099,FL,"Palm Beach County, FL",605430.0,67525.0,60523.0,0.896,7002
29019,MO,"Boone County, MO",76562.0,11989.0,5088.0,0.424,6901
13067,GA,"Cobb County, GA",295714.0,25170.0,18374.0,0.73,6796
08031,CO,"Denver County, CO",335428.0,36320.0,29550.0,0.814,6770
22071,LA,"Orleans Parish, LA",155821.0,35297.0,28835.0,0.817,6462
19103,IA,"Johnson County, IA",63341.0,10111.0,3824.0,0.378,6287
51121,VA,"Montgomery County, VA",36961.0,8067.0,1782.0,0.221,6285
08069,CO,"Larimer County, CO",154232.0,18084.0,11813.0,0.653,6271
28049,MS,"Hinds County, MS",89578.0,19456.0,13226.0,0.68,6230
55025,WI,"Dane County, WI",251529.0,26402.0,20385.0,0.772,6017
22033,LA,"East Baton Rouge Parish, LA",177295.0,34153.0,28210.0,0.826,5943
37119,NC,"Mecklenburg County, NC",466527.0,46316.0,40445.0,0.873,5871
26065,MI,"Ingham County, MI",117096.0,19956.0,14161.0,0.71,5795
01125,AL,"Tuscaloosa County, AL",90052.0,15551.0,9798.0,0.63,5753
72127,PR,"San Juan Municipio, PR",153632.0,60866.0,55158.0,0.906,5708
29077,MO,"Greene County, MO",130951.0,18739.0,13120.0,0.7,5619
26125,MI,"Oakland County, MI",530460.0,46404.0,40881.0,0.881,5523
31055,NE,"Douglas County, NE",238430.0,28221.0,22724.0,0.805,5497
20045,KS,"Douglas County, KS",50406.0,8100.0,2652.0,0.327,5448
36059,NY,"Nassau County, NY",458166.0,28181.0,22835.0,0.81,5346
19169,IA,"Story County, IA",38904.0,6936.0,1780.0,0.257,5156
48491,TX,"Williamson County, TX",252323.0,16202.0,11096.0,0.685,5106
51059,VA,"Fairfax County, VA",414101.0,23076.0,17970.0,0.779,5106
31109,NE,"Lancaster County, NE",134126.0,16329.0,11241.0,0.688,5088
01089,AL,"Madison County, AL",165031.0,17538.0,12536.0,0.715,5002
48309,TX,"McLennan County, TX",97338.0,16579.0,11783.0,0.711,4796
22055,LA,"Lafayette Parish, LA",100903.0,17335.0,12598.0,0.727,4737
47065,TN,"Hamilton County, TN",154181.0,19215.0,14488.0,0.754,4727
45083,SC,"Spartanburg County, SC",131672.0,19112.0,14389.0,0.753,4723
34025,NJ,"Monmouth County, NJ",251712.0,18401.0,13702.0,0.745,4699
40119,OK,"Payne County, OK",32609.0,7808.0,3303.0,0.423,4505
45077,SC,"Pickens County, SC",52414.0,8807.0,4369.0,0.496,4438
47157,TN,"Shelby County, TN",362741.0,60699.0,56268.0,0.927,4431
12081,FL,"Manatee County, FL",176747.0,17739.0,13315.0,0.751,4424
18141,IN,"St. Joseph County, IN",107252.0,14851.0,10469.0,0.705,4382
04025,AZ,"Yavapai County, AZ",111157.0,13478.0,9130.0,0.677,4348
54061,WV,"Monongalia County, WV",44629.0,8489.0,4169.0,0.491,4320
18003,IN,"Allen County, IN",156570.0,18582.0,14273.0,0.768,4309
05007,AR,"Benton County, AR",111919.0,8554.0,4337.0,0.507,4217
06079,CA,"San Luis Obispo County, CA",109503.0,13169.0,8972.0,0.681,4197
36109,NY,"Tompkins County, NY",43263.0,8054.0,3869.0,0.48,4185
34027,NJ,"Morris County, NJ",193245.0,11232.0,7093.0,0.631,4139
38017,ND,"Cass County, ND",83945.0,9345.0,5219.0,0.558,4126
01003,AL,"Baldwin County, AL",98574.0,10666.0,6568.0,0.616,4098
28105,MS,"Oktibbeha County, MS",21840.0,6664.0,2571.0,0.386,4093
20161,KS,"Riley County, KS",27695.0,5913.0,1843.0,0.312,4070
40143,OK,"Tulsa County, OK",272422.0,39008.0,34993.0,0.897,4015
37135,NC,"Orange County, NC",57342.0,7359.0,3352.0,0.455,4007
42027,PA,"Centre County, PA",59013.0,8917.0,4910.0,0.551,4007
05045,AR,"Faulkner County, AR",49309.0,7390.0,3499.0,0.473,3891
06085,CA,"Santa Clara County, CA",659353.0,47303.0,43418.0,0.918,3885
51013,VA,"Arlington County, VA",112027.0,8346.0,4480.0,0.537,3866
47179,TN,"Washington County, TN",56759.0,8744.0,4886.0,0.559,3858
22051,LA,"Jefferson Parish, LA",177003.0,28620.0,24876.0,0.869,3744
51810,VA,"Virginia Beach city, VA",179851.0,15599.0,11892.0,0.762,3707
34005,NJ,"Burlington County, NJ",177222.0,12388.0,8705.0,0.703,3683
04005,AZ,"Coconino County, AZ",55118.0,9524.0,5857.0,0.615,3667
39173,OH,"Wood County, OH",54257.0,7423.0,3766.0,0.507,3657
37147,NC,"Pitt County, NC",74533.0,14974.0,11320.0,0.756,3654
13057,GA,"Cherokee County, GA",101514.0,7172.0,3534.0,0.493,3638
06081,CA,"San Mateo County, CA",264419.0,17036.0,13399.0,0.787,3637
34013,NJ,"Essex County, NJ",319788.0,51078.0,47471.0,0.929,3607
45013,SC,"Beaufort County, SC",82333.0,7860.0,4306.0,0.548,3554
13121,GA,"Fulton County, GA",462481.0,57308.0,53763.0,0.938,3545
45007,SC,"Anderson County, SC",83904.0,12405.0,8864.0,0.715,3541
37189,NC,"Watauga County, NC",21198.0,5115.0,1589.0,0.311,3526
12109,FL,"St. Johns County, FL",115794.0,8411.0,4890.0,0.581,3521
06083,CA,"Santa Barbara County, CA",149608.0,19709.0,16287.0,0.826,3422
18039,IN,"Elkhart County, IN",72309.0,8494.0,5087.0,0.599,3407
47187,TN,"Williamson County, TN",92214.0,5122.0,1728.0,0.337,3394
49053,UT,"Washington County, UT",69786.0,6494.0,3112.0,0.479,3382
29183,MO,"St. Charles County, MO",161311.0,9251.0,5871.0,0.635,3380
30031,MT,"Gallatin County, MT",51215.0,4792.0,1448.0,0.302,3344
48157,TX,"Fort Bend County, TX",292713.0,23263.0,19922.0,0.856,3341
18057,IN,"Hamilton County, IN",137252.0,6700.0,3433.0,0.512,3267
28059,MS,"Jackson County, MS",57647.0,8538.0,5291.0,0.62,3247
45091,SC,"York County, SC",113785.0,10633.0,7393.0,0.695,3240
27137,MN,"St. Louis County, MN",87115.0,12110.0,8885.0,0.734,3225
48329,TX,"Midland County, TX",67651.0,7953.0,4750.0,0.597,3203
48167,TX,"Galveston County, TX",140660.0,17880.0,14723.0,0.823,3157
47141,TN,"Putnam County, TN",33601.0,6265.0,3111.0,0.497,3154
08059,CO,"Jefferson County, CO",241735.0,16289.0,13200.0,0.81,3089
05031,AR,"Craighead County, AR",44437.0,8297.0,5240.0,0.632,3057
37129,NC,"New Hanover County, NC",104856.0,12746.0,9694.0,0.761,3052
01117,AL,"Shelby County, AL",86866.0,7049.0,4014.0,0.569,3035
56001,WY,"Albany County, WY",17083.0,3729.0,694.0,0.186,3035
17113,IL,"McLean County, IL",70220.0,10266.0,7245.0,0.706,3021
36119,NY,"Westchester County, NY",372883.0,37934.0,34921.0,0.921,3013
18089,IN,"Lake County, IN",195130.0,28111.0,25127.0,0.894,2984
40027,OK,"Cleveland County, OK",116799.0,14569.0,11590.0,0.796,2979
12101,FL,"Pasco County, FL",236163.0,28280.0,25322.0,0.895,2958
40109,OK,"Oklahoma County, OK",328101.0,51375.0,48425.0,0.943,2950
06053,CA,"Monterey County, CA",132489.0,15708.0,12764.0,0.813,2944
53075,WA,"Whitman County, WA",18721.0,4983.0,2044.0,0.41,2939
33015,NH,"Rockingham County, NH",127570.0,7145.0,4216.0,0.59,2929
34023,NJ,"Middlesex County, NJ",307782.0,27245.0,24330.0,0.893,2915
05051,AR,"Garland County, AR",43667.0,6855.0,3945.0,0.575,2910
39113,OH,"Montgomery County, OH",231319.0,34019.0,31126.0,0.915,2893
18127,IN,"Porter County, IN",68639.0,6700.0,3825.0,0.571,2875
20177,KS,"Shawnee County, KS",75458.0,9621.0,6756.0,0.702,2865
08035,CO,"Douglas County, CO",139960.0,5810.0,2951.0,0.508,2859
04015,AZ,"Mohave County, AZ",101973.0,16205.0,13386.0,0.826,2819
49005,UT,"Cache County, UT",44439.0,4920.0,2127.0,0.432,2793
38035,ND,"Grand Forks County, ND",31295.0,4674.0,1892.0,0.405,2782
06061,CA,"Placer County, CA",157954.0,11831.0,9051.0,0.765,2780
47125,TN,"Montgomery County, TN",87759.0,9905.0,7142.0,0.721,2763
39017,OH,"Butler County, OH",146822.0,17160.0,14429.0,0.841,2731
06113,CA,"Yolo County, CA",76693.0,12797.0,10072.0,0.787,2725
26073,MI,"Isabella County, MI",24914.0,5552.0,2830.0,0.51,2722
36001,NY,"Albany County, NY",134703.0,17559.0,14841.0,0.845,2718
21117,KY,"Kenton County, KY",67367.0,7530.0,4818.0,0.64,2712
05131,AR,"Sebastian County, AR",52181.0,8722.0,6031.0,0.691,2691
26139,MI,"Ottawa County, MI",111322.0,9404.0,6724.0,0.715,2680
39095,OH,"Lucas County, OH",183243.0,32657.0,29998.0,0.919,2659
29047,MO,"Clay County, MO",102171.0,8822.0,6168.0,0.699,2654
12085,FL,"Martin County, FL",67801.0,7096.0,4446.0,0.627,2650
45003,SC,"Aiken County, SC",69916.0,10162.0,7543.0,0.742,2619
27037,MN,"Dakota County, MN",174362.0,11059.0,8479.0,0.767,2580
05125,AR,"Saline County, AR",50203.0,4552.0,1974.0,0.434,2578
12017,FL,"Citrus County, FL",71291.0,11149.0,8574.0,0.769,2575
22073,LA,"Ouachita Parish, LA",61489.0,14713.0,12151.0,0.826,2562
27145,MN,"Stearns County, MN",61403.0,8365.0,5807.0,0.694,2558
55133,WI,"Waukesha County, WI",168658.0,9926.0,7378.0,0.743,2548
21037,KY,"Campbell County, KY",39232.0,4982.0,2445.0,0.491,2537
45015,SC,"Berkeley County, SC",93711.0,9150.0,6615.0,0.723,2535
47155,TN,"Sevier County, TN",40344.0,5430.0,2911.0,0.536,2519
49011,UT,"Davis County, UT",115919.0,7812.0,5317.0,0.681,2495
01073,AL,"Jefferson County, AL",269883.0,40745.0,38255.0,0.939,2490
34021,NJ,"Mercer County, NJ",144114.0,15845.0,13377.0,0.844,2468
48471,TX,"Walker County, TX",26017.0,5163.0,2736.0,0.53,2427
18167,IN,"Vigo County, IN",42399.0,8151.0,5726.0,0.702,2425
20209,KS,"Wyandotte County, KS",61562.0,9803.0,7381.0,0.753,2422
48135,TX,"Ector County, TX",64563.0,10488.0,8102.0,0.773,2386
18035,IN,"Delaware County, IN",46256.0,8946.0,6562.0,0.734,2384
22103,LA,"St. Tammany Parish, LA",105082.0,11822.0,9460.0,0.8,2362
28121,MS,"Rankin County, MS",60133.0,5681.0,3326.0,0.585,2355
09190,CT,"Western Connecticut Planning Region, CT",235379.0,18709.0,16363.0,0.875,2346
13117,GA,"Forsyth County, GA",89030.0,4260.0,1927.0,0.452,2333
26077,MI,"Kalamazoo County, MI",107110.0,14304.0,12009.0,0.84,2295
47119,TN,"Maury County, TN",42306.0,4966.0,2674.0,0.538,2292
29099,MO,"Jefferson County, MO",88309.0,8542.0,6252.0,0.732,2290
34035,NJ,"Somerset County, NJ",130802.0,7133.0,4857.0,0.681,2276
28071,MS,"Lafayette County, MS",19044.0,3264.0,997.0,0.305,2267
48091,TX,"Comal County, TX",71354.0,5349.0,3111.0,0.582,2238
12061,FL,"Indian River County, FL",70816.0,7571.0,5342.0,0.706,2229
47165,TN,"Sumner County, TN",78582.0,6997.0,4779.0,0.683,2218
36007,NY,"Broome County, NY",82005.0,14792.0,12589.0,0.851,2203
06041,CA,"Marin County, CA",103018.0,7806.0,5615.0,0.719,2191
48441,TX,"Taylor County, TX",54934.0,8272.0,6088.0,0.736,2184
16057,ID,"Latah County, ID",16270.0,3063.0,880.0,0.287,2183
49057,UT,"Weber County, UT",94125.0,7887.0,5705.0,0.723,2182
21227,KY,"Warren County, KY",55643.0,9299.0,7118.0,0.765,2181
29510,MO,"St. Louis city, MO",144891.0,29041.0,26878.0,0.926,2163
51660,VA,"Harrisonburg city, VA",17360.0,4032.0,1900.0,0.471,2132
48367,TX,"Parker County, TX",56437.0,4971.0,2873.0,0.578,2098
13051,GA,"Chatham County, GA",120383.0,16359.0,14265.0,0.872,2094
48245,TX,"Jefferson County, TX",94807.0,18098.0,16008.0,0.885,2090
22097,LA,"St. Landry Parish, LA",32183.0,9055.0,6975.0,0.77,2080
30063,MT,"Missoula County, MT",52679.0,6043.0,3964.0,0.656,2079
28081,MS,"Lee County, MS",32591.0,5457.0,3382.0,0.62,2075
28033,MS,"DeSoto County, MS",70986.0,7381.0,5309.0,0.719,2072
51760,VA,"Richmond city, VA",104321.0,17851.0,15789.0,0.884,2062
39155,OH,"Trumbull County, OH",86550.0,14154.0,12094.0,0.854,2060
01043,AL,"Cullman County, AL",35347.0,5586.0,3531.0,0.632,2055
51550,VA,"Chesapeake city, VA",93626.0,8756.0,6728.0,0.768,2028
18163,IN,"Vanderburgh County, IN",78270.0,10797.0,8778.0,0.813,2019
12015,FL,"Charlotte County, FL",90542.0,8600.0,6585.0,0.766,2015
39093,OH,"Lorain County, OH",127544.0,16490.0,14487.0,0.879,2003
34015,NJ,"Gloucester County, NJ",112545.0,9442.0,7447.0,0.789,1995
48375,TX,"Potter County, TX",42581.0,8199.0,6211.0,0.758,1988
22015,LA,"Bossier Parish, LA",50826.0,7361.0,5389.0,0.732,1972
48423,TX,"Smith County, TX",83134.0,9507.0,7560.0,0.795,1947
48251,TX,"Johnson County, TX",65507.0,7002.0,5079.0,0.725,1923
47149,TN,"Rutherford County, TN",129431.0,10997.0,9079.0,0.826,1918
27013,MN,"Blue Earth County, MN",27606.0,4333.0,2416.0,0.558,1917
45073,SC,"Oconee County, SC",34515.0,5839.0,3940.0,0.675,1899
37037,NC,"Chatham County, NC",33004.0,3573.0,1675.0,0.469,1898
48143,TX,"Erath County, TX",16816.0,3040.0,1143.0,0.376,1897
45063,SC,"Lexington County, SC",121964.0,13759.0,11870.0,0.863,1889
13185,GA,"Lowndes County, GA",46106.0,9302.0,7456.0,0.802,1846
53033,WA,"King County, WA",941054.0,79447.0,77601.0,0.977,1846
16065,ID,"Madison County, ID",13326.0,3108.0,1266.0,0.407,1842
28047,MS,"Harrison County, MS",83358.0,14316.0,12489.0,0.872,1827
37021,NC,"Buncombe County, NC",101855.0,11483.0,9660.0,0.841,1823
28075,MS,"Lauderdale County, MS",28707.0,7078.0,5270.0,0.745,1808
33009,NH,"Grafton County, NH",37107.0,4164.0,2364.0,0.568,1800
06007,CA,"Butte County, CA",83312.0,15142.0,13346.0,0.881,1796
18063,IN,"Hendricks County, IN",67110.0,4001.0,2220.0,0.555,1781
51003,VA,"Albemarle County, VA",45912.0,3877.0,2100.0,0.542,1777
39009,OH,"Athens County, OH",23014.0,5077.0,3314.0,0.653,1763
12083,FL,"Marion County, FL",164881.0,23519.0,21760.0,0.925,1759
48381,TX,"Randall County, TX",56807.0,5674.0,3917.0,0.69,1757
51510,VA,"Alexandria city, VA",76096.0,5653.0,3899.0,0.69,1754
41003,OR,"Benton County, OR",38537.0,6874.0,5123.0,0.745,1751
06057,CA,"Nevada County, CA",42865.0,5198.0,3454.0,0.664,1744
05145,AR,"White County, AR",29629.0,5159.0,3417.0,0.662,1742
21059,KY,"Daviess County, KY",41639.0,6498.0,4761.0,0.733,1737
06097,CA,"Sonoma County, CA",190998.0,17032.0,15299.0,0.898,1733
37097,NC,"Iredell County, NC",76344.0,7891.0,6163.0,0.781,1728
47189,TN,"Wilson County, TN",59139.0,4883.0,3158.0,0.647,1725
16055,ID,"Kootenai County, ID",71172.0,6502.0,4783.0,0.736,1719
21093,KY,"Hardin County, KY",44622.0,6093.0,4385.0,0.72,1708
39057,OH,"Greene County, OH",68166.0,6923.0,5229.0,0.755,1694
13215,GA,"Muscogee County, GA",81415.0,15393.0,13700.0,0.89,1693
26103,MI,"Marquette County, MI",28255.0,4387.0,2701.0,0.616,1686
39133,OH,"Portage County, OH",65249.0,8335.0,6649.0,0.798,1686
30029,MT,"Flathead County, MT",44233.0,4555.0,2870.0,0.63,1685
48029,TX,"Bexar County, TX",750939.0,105648.0,103965.0,0.984,1683
05115,AR,"Pope County, AR",24348.0,4090.0,2411.0,0.589,1679
39165,OH,"Warren County, OH",92052.0,5906.0,4235.0,0.717,1671
51540,VA,"Charlottesville city, VA",19815.0,3634.0,1967.0,0.541,1667
48347,TX,"Nacogdoches County, TX",25302.0,5851.0,4205.0,0.719,1646
33017,NH,"Strafford County, NH",52080.0,5459.0,3816.0,0.699,1643
48027,TX,"Bell County, TX",142305.0,20069.0,18429.0,0.918,1640
20051,KS,"Ellis County, KS",12251.0,2353.0,736.0,0.313,1617
19013,IA,"Black Hawk County, IA",54563.0,7692.0,6077.0,0.79,1615
21195,KY,"Pike County, KY",24284.0,6568.0,4957.0,0.755,1611
12119,FL,"Sumter County, FL",70318.0,5623.0,4027.0,0.716,1596
28035,MS,"Forrest County, MS",30127.0,6608.0,5016.0,0.759,1592
55063,WI,"La Crosse County, WI",51497.0,6368.0,4781.0,0.751,1587
48485,TX,"Wichita County, TX",49017.0,7576.0,5991.0,0.791,1585
29031,MO,"Cape Girardeau County, MO",32454.0,4743.0,3166.0,0.668,1577
54011,WV,"Cabell County, WV",39318.0,8137.0,6575.0,0.808,1562
18085,IN,"Kosciusko County, IN",31934.0,3194.0,1652.0,0.517,1542
50007,VT,"Chittenden County, VT",71456.0,7149.0,5608.0,0.784,1541
13031,GA,"Bulloch County, GA",30856.0,6621.0,5085.0,0.768,1536
47009,TN,"Blount County, TN",55522.0,4808.0,3281.0,0.682,1527
56021,WY,"Laramie County, WY",43279.0,3864.0,2337.0,0.605,1527
22061,LA,"Lincoln Parish, LA",18487.0,5935.0,4411.0,0.743,1524
27169,MN,"Winona County, MN",20253.0,2920.0,1397.0,0.478,1523
21047,KY,"Christian County, KY",25725.0,4786.0,3269.0,0.683,1517
37063,NC,"Durham County, NC",141847.0,14387.0,12872.0,0.895,1515
20169,KS,"Saline County, KS",22523.0,3503.0,1995.0,0.57,1508
27163,MN,"Washington County, MN",105577.0,5816.0,4312.0,0.741,1504
29165,MO,"Platte County, MO",43902.0,3354.0,1857.0,0.554,1497
21199,KY,"Pulaski County, KY",26210.0,5489.0,3994.0,0.728,1495
39041,OH,"Delaware County, OH",82287.0,4497.0,3002.0,0.668,1495
44009,RI,"Washington County, RI",52549.0,4476.0,2987.0,0.667,1489
01095,AL,"Marshall County, AL",36459.0,5995.0,4512.0,0.753,1483
18005,IN,"Bartholomew County, IN",33359.0,3928.0,2474.0,0.63,1454
05015,AR,"Carroll County, AR",11347.0,2035.0,590.0,0.29,1445
48181,TX,"Grayson County, TX",55248.0,6010.0,4565.0,0.76,1445
28151,MS,"Washington County, MS",17113.0,4461.0,3017.0,0.676,1444
34037,NJ,"Sussex County, NJ",57767.0,3244.0,1808.0,0.557,1436
48277,TX,"Lamar County, TX",20019.0,3930.0,2494.0,0.635,1436
20037,KS,"Crawford County, KS",15838.0,3288.0,1886.0,0.574,1402
05139,AR,"Union County, AR",15002.0,2814.0,1414.0,0.502,1400
21035,KY,"Calloway County, KY",15239.0,2825.0,1432.0,0.507,1393
46011,SD,"Brookings County, SD",13798.0,1983.0,610.0,0.308,1373
13139,GA,"Hall County, GA",73551.0,8421.0,7051.0,0.837,1370
51107,VA,"Loudoun County, VA",143032.0,5900.0,4541.0,0.77,1359
56005,WY,"Campbell County, WY",17988.0,1963.0,604.0,0.308,1359
29051,MO,"Cole County, MO",31086.0,3203.0,1847.0,0.577,1356
21145,KY,"McCracken County, KY",27601.0,4103.0,2750.0,0.67,1353
28113,MS,"Pike County, MS",15007.0,4079.0,2726.0,0.668,1353
72097,PR,"Mayagüez Municipio, PR",30020.0,16701.0,15350.0,0.919,1351
01127,AL,"Walker County, AL",25388.0,4974.0,3632.0,0.73,1342
28073,MS,"Lamar County, MS",25381.0,3785.0,2447.0,0.646,1338
36111,NY,"Ulster County, NY",74278.0,8599.0,7262.0,0.845,1337
47059,TN,"Greene County, TN",28400.0,4666.0,3329.0,0.713,1337
28087,MS,"Lowndes County, MS",23006.0,4356.0,3020.0,0.693,1336
18019,IN,"Clark County, IN",51242.0,5268.0,3939.0,0.748,1329
05005,AR,"Baxter County, AR",19348.0,2975.0,1647.0,0.554,1328
06017,CA,"El Dorado County, CA",76185.0,6292.0,4965.0,0.789,1327
19113,IA,"Linn County, IA",95600.0,9105.0,7780.0,0.854,1325
28085,MS,"Lincoln County, MS",13158.0,2875.0,1552.0,0.54,1323
28089,MS,"Madison County, MS",43917.0,4473.0,3154.0,0.705,1319
39025,OH,"Clermont County, OH",84955.0,8003.0,6700.0,0.837,1303
45035,SC,"Dorchester County, SC",63179.0,6899.0,5597.0,0.811,1302
51165,VA,"Rockingham County, VA",32686.0,3238.0,1941.0,0.599,1297
05091,AR,"Miller County, AR",16359.0,3856.0,2563.0,0.665,1293
12009,FL,"Brevard County, FL",257695.0,25572.0,24283.0,0.95,1289
06111,CA,"Ventura County, CA",280360.0,25225.0,23939.0,0.949,1286
38015,ND,"Burleigh County, ND",41269.0,3657.0,2377.0,0.65,1280
39109,OH,"Miami County, OH",44906.0,4728.0,3455.0,0.731,1273
06087,CA,"Santa Cruz County, CA",96898.0,10854.0,9588.0,0.883,1266
56033,WY,"Sheridan County, WY",13845.0,1770.0,513.0,0.29,1257
27027,MN,"Clay County, MN",26442.0,3880.0,2625.0,0.677,1255
01071,AL,"Jackson County, AL",21795.0,3937.0,2690.0,0.683,1247
26061,MI,"Houghton County, MI",14305.0,2628.0,1383.0,0.526,1245
12089,FL,"Nassau County, FL",39307.0,3954.0,2714.0,0.686,1240
47163,TN,"Sullivan County, TN",68907.0,10277.0,9053.0,0.881,1224
20155,KS,"Reno County, KS",25592.0,3333.0,2127.0,0.638,1206
51087,VA,"Henrico County, VA",137365.0,12299.0,11106.0,0.903,1193
45041,SC,"Florence County, SC",52856.0,9669.0,8488.0,0.878,1181
48265,TX,"Kerr County, TX",22615.0,2628.0,1452.0,0.553,1176
30111,MT,"Yellowstone County, MT",69897.0,6707.0,5532.0,0.825,1175
28093,MS,"Marshall County, MS",13187.0,2999.0,1829.0,0.61,1170
29091,MO,"Howell County, MO",15965.0,3395.0,2232.0,0.657,1163
37089,NC,"Henderson County, NC",51067.0,5847.0,4687.0,0.802,1160
39085,OH,"Lake County, OH",101144.0,8707.0,7547.0,0.867,1160
45021,SC,"Cherokee County, SC",22063.0,4259.0,3105.0,0.729,1154
45085,SC,"Sumter County, SC",41083.0,7604.0,6454.0,0.849,1150
13015,GA,"Bartow County, GA",40819.0,4707.0,3559.0,0.756,1148
18053,IN,"Grant County, IN",26773.0,4841.0,3698.0,0.764,1143
18091,IN,"LaPorte County, IN",43633.0,5454.0,4318.0,0.792,1136
12035,FL,"Flagler County, FL",52582.0,5122.0,3987.0,0.778,1135
36027,NY,"Dutchess County, NY",116275.0,10277.0,9145.0,0.89,1132
46103,SD,"Pennington County, SD",46370.0,4869.0,3738.0,0.768,1131
45075,SC,"Orangeburg County, SC",33077.0,7981.0,6856.0,0.859,1125
31153,NE,"Sarpy County, NE",74097.0,4643.0,3519.0,0.758,1124
37099,NC,"Jackson County, NC",18430.0,3364.0,2242.0,0.666,1122
08037,CO,"Eagle County, CO",22058.0,1953.0,833.0,0.427,1120
47105,TN,"Loudon County, TN",24056.0,2658.0,1547.0,0.582,1111
01077,AL,"Lauderdale County, AL",39258.0,5034.0,3925.0,0.78,1109
36091,NY,"Saratoga County, NY",101911.0,7768.0,6660.0,0.857,1108
55127,WI,"Walworth County, WI",43087.0,4423.0,3316.0,0.75,1107
56025,WY,"Natrona County, WY",33886.0,3303.0,2197.0,0.665,1106
20103,KS,"Leavenworth County, KS",30164.0,2801.0,1698.0,0.606,1103
20111,KS,"Lyon County, KS",13481.0,1976.0,873.0,0.442,1103
01031,AL,"Coffee County, AL",20984.0,3519.0,2417.0,0.687,1102
06075,CA,"San Francisco County, CA",363970.0,42654.0,41556.0,0.974,1098
19061,IA,"Dubuque County, IA",40989.0,4371.0,3275.0,0.749,1096
22069,LA,"Natchitoches Parish, LA",14508.0,3929.0,2833.0,0.721,1096
31079,NE,"Hall County, NE",24587.0,3648.0,2556.0,0.701,1092
28067,MS,"Jones County, MS",24957.0,4647.0,3556.0,0.765,1091
29097,MO,"Jasper County, MO",49489.0,8414.0,7323.0,0.87,1091
53073,WA,"Whatcom County, WA",94021.0,12093.0,11003.0,0.91,1090
36079,NY,"Putnam County, NY",35545.0,2239.0,1152.0,0.515,1087
28141,MS,"Tishomingo County, MS",8834.0,1873.0,790.0,0.422,1083
39037,OH,"Darke County, OH",21297.0,2809.0,1728.0,0.615,1081
18081,IN,"Johnson County, IN",62554.0,5153.0,4075.0,0.791,1078
37125,NC,"Moore County, NC",44013.0,4843.0,3772.0,0.779,1071
18093,IN,"Lawrence County, IN",19135.0,2642.0,1583.0,0.599,1059
29101,MO,"Johnson County, MO",21087.0,2401.0,1344.0,0.56,1057
05069,AR,"Jefferson County, AR",24017.0,4589.0,3534.0,0.77,1055
13009,GA,"Baldwin County, GA",16582.0,3731.0,2679.0,0.718,1052
45053,SC,"Jasper County, SC",13118.0,2517.0,1467.0,0.583,1050
18173,IN,"Warrick County, IN",25163.0,1958.0,911.0,0.465,1047
13313,GA,"Whitfield County, GA",36834.0,5152.0,4110.0,0.798,1042
48071,TX,"Chambers County, TX",17229.0,2036.0,995.0,0.489,1041
51680,VA,"Lynchburg city, VA",28701.0,5388.0,4361.0,0.809,1027
28045,MS,"Hancock County, MS",20237.0,3151.0,2125.0,0.674,1026
18145,IN,"Shelby County, IN",18450.0,2511.0,1486.0,0.592,1025
21107,KY,"Hopkins County, KY",18397.0,3568.0,2544.0,0.713,1024
31119,NE,"Madison County, NE",14462.0,2259.0,1236.0,0.547,1023
21151,KY,"Madison County, KY",37051.0,5964.0,4958.0,0.831,1006
29001,MO,"Adair County, MO",9126.0,1818.0,818.0,0.45,1000
51041,VA,"Chesterfield County, VA",140155.0,10077.0,9081.0,0.901,996
16017,ID,"Bonner County, ID",20283.0,2296.0,1302.0,0.567,994
28001,MS,"Adams County, MS",11464.0,2887.0,1893.0,0.656,994
05071,AR,"Johnson County, AR",10316.0,2229.0,1240.0,0.556,989
21125,KY,"Laurel County, KY",23996.0,5230.0,4245.0,0.812,985
13127,GA,"Glynn County, GA",35543.0,5383.0,4403.0,0.818,980
18043,IN,"Floyd County, IN",31916.0,3396.0,2417.0,0.712,979
31019,NE,"Buffalo County, NE",19984.0,2282.0,1306.0,0.572,976
48021,TX,"Bastrop County, TX",36868.0,3726.0,2750.0,0.738,976
49003,UT,"Box Elder County, UT",19557.0,2059.0,1087.0,0.528,972
48221,TX,"Hood County, TX",25523.0,2127.0,1166.0,0.548,961
30013,MT,"Cascade County, MT",35615.0,4664.0,3704.0,0.794,960
28115,MS,"Pontotoc County, MS",11819.0,2109.0,1150.0,0.545,959
21235,KY,"Whitley County, KY",13541.0,3628.0,2670.0,0.736,958
28109,MS,"Pearl River County, MS",21880.0,3897.0,2939.0,0.754,958
16027,ID,"Canyon County, ID",86069.0,8379.0,7423.0,0.886,956
18037,IN,"Dubois County, IN",17574.0,1700.0,746.0,0.439,954
33003,NH,"Carroll County, NH",21847.0,2045.0,1091.0,0.533,954
23005,ME,"Cumberland County, ME",132168.0,10848.0,9897.0,0.912,951
49021,UT,"Iron County, UT",20157.0,2744.0,1797.0,0.655,947
56037,WY,"Sweetwater County, WY",17502.0,2234.0,1289.0,0.577,945
48037,TX,"Bowie County, TX",35073.0,6051.0,5109.0,0.844,942
19193,IA,"Woodbury County, IA",40699.0,6088.0,5147.0,0.845,941
21029,KY,"Bullitt County, KY",31747.0,3249.0,2308.0,0.71,941
54081,WV,"Raleigh County, WV",29004.0,6521.0,5591.0,0.857,930
17037,IL,"DeKalb County, IL",39550.0,6755.0,5827.0,0.863,928
28149,MS,"Warren County, MS",16772.0,3131.0,2203.0,0.704,928
20061,KS,"Geary County, KS",14158.0,2224.0,1297.0,0.583,927
21085,KY,"Grayson County, KY",10129.0,2217.0,1292.0,0.583,925
05063,AR,"Independence County, AR",14638.0,2923.0,2001.0,0.685,922
28043,MS,"Grenada County, MS",8464.0,1914.0,992.0,0.518,922
35049,NM,"Santa Fe County, NM",70767.0,8695.0,7774.0,0.894,921
12087,FL,"Monroe County, FL",34405.0,3488.0,2573.0,0.738,915
34009,NJ,"Cape May County, NJ",44884.0,4295.0,3380.0,0.787,915
48007,TX,"Aransas County, TX",12478.0,1986.0,1071.0,0.539,915
37113,NC,"Macon County, NC",18406.0,2552.0,1640.0,0.643,912
27109,MN,"Olmsted County, MN",66918.0,5461.0,4550.0,0.833,911
16069,ID,"Nez Perce County, ID",17270.0,2173.0,1267.0,0.583,906
20121,KS,"Miami County, KS",13738.0,1217.0,312.0,0.256,905
47063,TN,"Hamblen County, TN",26146.0,4554.0,3650.0,0.801,904
27111,MN,"Otter Tail County, MN",25157.0,2531.0,1628.0,0.643,903
28057,MS,"Itawamba County, MS",9619.0,1604.0,702.0,0.438,902
48171,TX,"Gillespie County, TX",11513.0,1316.0,417.0,0.317,899
05019,AR,"Clark County, AR",8121.0,1846.0,950.0,0.515,896
47019,TN,"Carter County, TN",24425.0,4372.0,3483.0,0.797,889
29043,MO,"Christian County, MO",35142.0,3120.0,2235.0,0.716,885
01049,AL,"DeKalb County, AL",26181.0,5508.0,4627.0,0.84,881
28107,MS,"Panola County, MS",12312.0,2883.0,2002.0,0.694,881
33005,NH,"Cheshire County, NH",30620.0,2823.0,1943.0,0.688,880
28095,MS,"Monroe County, MS",13895.0,2699.0,1821.0,0.675,878
47071,TN,"Hardin County, TN",11001.0,2512.0,1634.0,0.65,878
08005,CO,"Arapahoe County, CO",257232.0,20788.0,19911.0,0.958,877
51750,VA,"Radford city, VA",5540.0,1604.0,730.0,0.455,874
01053,AL,"Escambia County, AL",12808.0,2808.0,1942.0,0.692,866
21013,KY,"Bell County, KY",9939.0,3306.0,2440.0,0.738,866
20113,KS,"McPherson County, KS",12162.0,1191.0,328.0,0.275,863
05085,AR,"Lonoke County, AR",28554.0,2897.0,2037.0,0.703,860
51840,VA,"Winchester city, VA",11492.0,2199.0,1340.0,0.609,859
45043,SC,"Georgetown County, SC",27129.0,3968.0,3112.0,0.784,856
01039,AL,"Covington County, AL",14642.0,2937.0,2082.0,0.709,855
47031,TN,"Coffee County, TN",23097.0,3558.0,2706.0,0.761,852
40139,OK,"Texas County, OK",6824.0,1308.0,458.0,0.35,850
18177,IN,"Wayne County, IN",26975.0,4928.0,4080.0,0.828,848
33011,NH,"Hillsborough County, NH",168740.0,11906.0,11060.0,0.929,846
47001,TN,"Anderson County, TN",32755.0,4747.0,3901.0,0.822,846
47103,TN,"Lincoln County, TN",14849.0,2110.0,1273.0,0.603,837
29029,MO,"Camden County, MO",17925.0,2305.0,1469.0,0.637,836
38101,ND,"Ward County, ND",28568.0,2859.0,2025.0,0.708,834
12091,FL,"Okaloosa County, FL",85411.0,7536.0,6711.0,0.891,825
29209,MO,"Stone County, MO",13530.0,1723.0,899.0,0.522,824
46027,SD,"Clay County, SD",5547.0,1368.0,547.0,0.4,821
48213,TX,"Henderson County, TX",33575.0,5121.0,4306.0,0.841,815
05027,AR,"Columbia County, AR",8409.0,1807.0,993.0,0.55,814
18067,IN,"Howard County, IN",35593.0,4884.0,4070.0,0.833,814
22115,LA,"Vernon Parish, LA",18300.0,3490.0,2677.0,0.767,813
47147,TN,"Robertson County, TN",28255.0,2899.0,2086.0,0.72,813
42037,PA,"Columbia County, PA",26350.0,3638.0,2826.0,0.777,812
29113,MO,"Lincoln County, MO",22817.0,2402.0,1591.0,0.662,811
55131,WI,"Washington County, WI",57070.0,3731.0,2920.0,0.783,811
29213,MO,"Taney County, MO",22788.0,3403.0,2593.0,0.762,810
38089,ND,"Stark County, ND",13537.0,1830.0,1021.0,0.558,809
45057,SC,"Lancaster County, SC",40128.0,4680.0,3874.0,0.828,806
05009,AR,"Boone County, AR",15363.0,2090.0,1285.0,0.615,805
48141,TX,"El Paso County, TX",299637.0,58704.0,57900.0,0.986,804
21021,KY,"Boyle County, KY",12045.0,2235.0,1433.0,0.641,802
28137,MS,"Tate County, MS",11018.0,1937.0,1147.0,0.592,790
29169,MO,"Pulaski County, MO",16851.0,2201.0,1411.0,0.641,790
08117,CO,"Summit County, CO",12545.0,1002.0,213.0,0.213,789
01033,AL,"Colbert County, AL",24301.0,4303.0,3515.0,0.817,788
05059,AR,"Hot Spring County, AR",12310.0,2109.0,1326.0,0.629,783
18071,IN,"Jackson County, IN",18138.0,2353.0,1571.0,0.668,782
48203,TX,"Harrison County, TX",26287.0,4153.0,3371.0,0.812,782
05057,AR,"Hempstead County, AR",7479.0,1548.0,767.0,0.495,781
47011,TN,"Bradley County, TN",42596.0,5753.0,4973.0,0.864,780
18113,IN,"Noble County, IN",18179.0,1697.0,923.0,0.544,774
47073,TN,"Hawkins County, TN",23567.0,3815.0,3041.0,0.797,774
48223,TX,"Hopkins County, TX",14002.0,1815.0,1041.0,0.574,774
20009,KS,"Barton County, KS",10380.0,1497.0,724.0,0.484,773
26037,MI,"Clinton County, MI",31639.0,2852.0,2082.0,0.73,770
40039,OK,"Custer County, OK",11044.0,2073.0,1303.0,0.629,770
18099,IN,"Marshall County, IN",17758.0,1902.0,1133.0,0.596,769
51199,VA,"York County, VA",26968.0,1734.0,965.0,0.557,769
47035,TN,"Cumberland County, TN",28195.0,3959.0,3191.0,0.806,768
28117,MS,"Prentiss County, MS",9595.0,1862.0,1101.0,0.591,761
37031,NC,"Carteret County, NC",31977.0,3647.0,2886.0,0.791,761
26107,MI,"Mecosta County, MI",16708.0,3158.0,2402.0,0.761,756
45089,SC,"Williamsburg County, SC",12291.0,3338.0,2582.0,0.774,756
47113,TN,"Madison County, TN",40153.0,7296.0,6540.0,0.896,756
27041,MN,"Douglas County, MN",17519.0,1797.0,1043.0,0.58,754
26055,MI,"Grand Traverse County, MI",40287.0,3761.0,3009.0,0.8,752
37019,NC,"Brunswick County, NC",69124.0,6660.0,5908.0,0.887,752
47051,TN,"Franklin County, TN",17445.0,2201.0,1449.0,0.658,752
27171,MN,"Wright County, MN",54010.0,3113.0,2362.0,0.759,751
39169,OH,"Wayne County, OH",44365.0,4383.0,3632.0,0.829,751
30047,MT,"Lake County, MT",12576.0,2095.0,1345.0,0.642,750
20015,KS,"Butler County, KS",25338.0,2390.0,1641.0,0.687,749
47117,TN,"Marshall County, TN",13622.0,1653.0,905.0,0.547,748
28017,MS,"Chickasaw County, MS",6674.0,1732.0,987.0,0.57,745
28145,MS,"Union County, MS",9849.0,1455.0,712.0,0.489,743
36089,NY,"St. Lawrence County, NY",41666.0,7210.0,6467.0,0.897,743
28005,MS,"Amite County, MS",5850.0,1630.0,889.0,0.545,741
55097,WI,"Portage County, WI",29679.0,3128.0,2387.0,0.763,741
48451,TX,"Tom Green County, TX",46756.0,5230.0,4490.0,0.859,740
05037,AR,"Cross County, AR",6483.0,1403.0,668.0,0.476,735
28123,MS,"Scott County, MS",9686.0,2190.0,1457.0,0.665,733
51019,VA,"Bedford County, VA",33127.0,2895.0,2164.0,0.747,731
13069,GA,"Coffee County, GA",15349.0,3796.0,3067.0,0.808,729
21205,KY,"Rowan County, KY",9592.0,2339.0,1610.0,0.688,729
48273,TX,"Kleberg County, TX",11853.0,3258.0,2531.0,0.777,727
01103,AL,"Morgan County, AL",49040.0,6729.0,6004.0,0.892,725
18011,IN,"Boone County, IN",28738.0,1789.0,1067.0,0.596,722
01055,AL,"Etowah County, AL",39411.0,6894.0,6173.0,0.895,721
01083,AL,"Limestone County, AL",40953.0,4341.0,3620.0,0.834,721
45037,SC,"Edgefield County, SC",9768.0,1919.0,1201.0,0.626,718
17077,IL,"Jackson County, IL",22955.0,4956.0,4243.0,0.856,713
29131,MO,"Miller County, MO",9857.0,1587.0,875.0,0.551,712
05033,AR,"Crawford County, AR",23357.0,3100.0,2391.0,0.771,709
20125,KS,"Montgomery County, KS",12880.0,2218.0,1510.0,0.681,708
22019,LA,"Calcasieu Parish, LA",77957.0,12908.0,12201.0,0.945,707
12131,FL,"Walton County, FL",34362.0,3942.0,3236.0,0.821,706
53037,WA,"Kittitas County, WA",19993.0,3165.0,2459.0,0.777,706
24025,MD,"Harford County, MD",101795.0,8262.0,7558.0,0.915,704
28139,MS,"Tippah County, MS",8017.0,1435.0,731.0,0.509,704
28099,MS,"Neshoba County, MS",10283.0,2366.0,1666.0,0.704,700
49043,UT,"Summit County, UT",15730.0,922.0,222.0,0.241,700
28011,MS,"Bolivar County, MS",11915.0,3792.0,3094.0,0.816,698
19163,IA,"Scott County, IA",73132.0,8241.0,7544.0,0.915,697
21083,KY,"Graves County, KY",14139.0,2793.0,2096.0,0.75,697
04017,AZ,"Navajo County, AZ",40063.0,9575.0,8879.0,0.927,696
08014,CO,"Broomfield County, CO",31760.0,1908.0,1212.0,0.635,696
37061,NC,"Duplin County, NC",20787.0,3985.0,3290.0,0.826,695
26021,MI,"Berrien County, MI",63999.0,9750.0,9057.0,0.929,693
27049,MN,"Goodhue County, MN",19727.0,2184.0,1491.0,0.683,693
48477,TX,"Washington County, TX",15481.0,2345.0,1653.0,0.705,692
48183,TX,"Gregg County, TX",48277.0,7221.0,6530.0,0.904,691
48025,TX,"Bee County, TX",8807.0,1888.0,1201.0,0.636,687
31001,NE,"Adams County, NE",13076.0,1874.0,1189.0,0.634,685
13113,GA,"Fayette County, GA",44581.0,2826.0,2145.0,0.759,681
28101,MS,"Newton County, MS",7713.0,1583.0,903.0,0.57,680
42091,PA,"Montgomery County, PA",335505.0,22952.0,22272.0,0.97,680
45067,SC,"Marion County, SC",12177.0,3390.0,2710.0,0.799,680
13021,GA,"Bibb County, GA",59921.0,14038.0,13362.0,0.952,676
06055,CA,"Napa County, CA",49763.0,4100.0,3425.0,0.835,675
45047,SC,"Greenwood County, SC",27884.0,4480.0,3806.0,0.85,674
05023,AR,"Cleburne County, AR",10522.0,1571.0,903.0,0.575,668
05035,AR,"Crittenden County, AR",18203.0,3587.0,2924.0,0.815,663
33001,NH,"Belknap County, NH",26337.0,2475.0,1812.0,0.732,663
19155,IA,"Pottawattamie County, IA",37642.0,4352.0,3693.0,0.849,659
05003,AR,"Ashley County, AR",7356.0,1627.0,969.0,0.596,658
29141,MO,"Morgan County, MO",8699.0,1715.0,1059.0,0.617,656
29147,MO,"Nodaway County, MO",8460.0,1358.0,704.0,0.518,654
22017,LA,"Caddo Parish, LA",95771.0,21327.0,20674.0,0.969,653
40031,OK,"Comanche County, OK",44898.0,7899.0,7246.0,0.917,653
18033,IN,"DeKalb County, IN",17096.0,1734.0,1082.0,0.624,652
01109,AL,"Pike County, AL",12484.0,2785.0,2135.0,0.767,650
47133,TN,"Overton County, TN",9071.0,1714.0,1067.0,0.623,647
04012,AZ,"La Paz County, AZ",8959.0,1678.0,1036.0,0.617,642
13153,GA,"Houston County, GA",63851.0,7228.0,6588.0,0.911,640
05061,AR,"Howard County, AR",5098.0,1139.0,501.0,0.44,638
48291,TX,"Liberty County, TX",31183.0,5827.0,5190.0,0.891,637
38093,ND,"Stutsman County, ND",9437.0,1519.0,885.0,0.583,634
29021,MO,"Buchanan County, MO",33439.0,5495.0,4864.0,0.885,631
29161,MO,"Phelps County, MO",17329.0,2906.0,2275.0,0.783,631
01123,AL,"Tallapoosa County, AL",17076.0,2894.0,2264.0,0.782,630
21211,KY,"Shelby County, KY",18484.0,2197.0,1567.0,0.713,630
05029,AR,"Conway County, AR",8279.0,1750.0,1122.0,0.641,628
27035,MN,"Crow Wing County, MN",29402.0,3179.0,2552.0,0.803,627
32005,NV,"Douglas County, NV",21325.0,1827.0,1200.0,0.657,627
39075,OH,"Holmes County, OH",13395.0,1272.0,645.0,0.507,627
51023,VA,"Botetourt County, VA",13220.0,1054.0,427.0,0.405,627
46013,SD,"Brown County, SD",16285.0,2067.0,1441.0,0.697,626
20057,KS,"Ford County, KS",11796.0,1495.0,870.0,0.582,625
19167,IA,"Sioux County, IA",12690.0,984.0,360.0,0.366,624
48049,TX,"Brown County, TX",14972.0,2400.0,1776.0,0.74,624
13073,GA,"Columbia County, GA",55149.0,4292.0,3669.0,0.855,623
29027,MO,"Callaway County, MO",16485.0,2064.0,1441.0,0.698,623
48073,TX,"Cherokee County, TX",18185.0,3290.0,2668.0,0.811,622
53031,WA,"Jefferson County, WA",16340.0,1949.0,1327.0,0.681,622
17109,IL,"McDonough County, IL",11856.0,2301.0,1680.0,0.73,621
05141,AR,"Van Buren County, AR",7432.0,1414.0,795.0,0.562,619
27141,MN,"Sherburne County, MN",35555.0,2399.0,1780.0,0.742,619
22077,LA,"Pointe Coupee Parish, LA",8335.0,1621.0,1004.0,0.619,617
48241,TX,"Jasper County, TX",13845.0,2778.0,2161.0,0.778,617
51185,VA,"Tazewell County, VA",16290.0,3106.0,2490.0,0.802,616
01121,AL,"Talladega County, AL",33644.0,6332.0,5717.0,0.903,615
56029,WY,"Park County, WY",13330.0,1089.0,474.0,0.435,615
09130,CT,"Lower Connecticut River Valley Planning Region, CT",74068.0,5641.0,5027.0,0.891,614
29159,MO,"Pettis County, MO",16996.0,2554.0,1941.0,0.76,613
56007,WY,"Carbon County, WY",6116.0,897.0,284.0,0.317,613
21045,KY,"Casey County, KY",6482.0,1569.0,959.0,0.611,610
48015,TX,"Austin County, TX",12128.0,1716.0,1111.0,0.647,605
04003,AZ,"Cochise County, AZ",50982.0,8177.0,7575.0,0.926,602
29071,MO,"Franklin County, MO",43036.0,3652.0,3050.0,0.835,602
28039,MS,"George County, MS",9302.0,1625.0,1025.0,0.631,600
34019,NJ,"Hunterdon County, NJ",50860.0,2425.0,1825.0,0.753,600
39063,OH,"Hancock County, OH",31615.0,3438.0,2838.0,0.825,600
47099,TN,"Lawrence County, TN",16991.0,2986.0,2390.0,0.8,596
19033,IA,"Cerro Gordo County, IA",19538.0,2352.0,1760.0,0.748,592
21121,KY,"Knox County, KY",11711.0,4321.0,3730.0,0.863,591
28003,MS,"Alcorn County, MS",14456.0,2912.0,2323.0,0.798,589
48493,TX,"Wilson County, TX",18185.0,2109.0,1522.0,0.722,587
08097,CO,"Pitkin County, CO",9215.0,836.0,250.0,0.299,586
01099,AL,"Monroe County, AL",7363.0,1615.0,1030.0,0.638,585
13219,GA,"Oconee County, GA",14994.0,1009.0,424.0,0.42,585
16083,ID,"Twin Falls County, ID",34754.0,3905.0,3320.0,0.85,585
21209,KY,"Scott County, KY",22642.0,2539.0,1955.0,0.77,584
47025,TN,"Claiborne County, TN",13724.0,2613.0,2031.0,0.777,582
19191,IA,"Winneshiek County, IA",8139.0,837.0,256.0,0.306,581
36101,NY,"Steuben County, NY",39219.0,5340.0,4761.0,0.892,579
47183,TN,"Weakley County, TN",13384.0,2447.0,1869.0,0.764,578
08067,CO,"La Plata County, CO",24378.0,2702.0,2125.0,0.786,577
22113,LA,"Vermilion Parish, LA",21797.0,4469.0,3893.0,0.871,576
35053,NM,"Socorro County, NM",5269.0,1883.0,1307.0,0.694,576
51015,VA,"Augusta County, VA",31083.0,2336.0,1762.0,0.754,574
13147,GA,"Hart County, GA",11034.0,1719.0,1146.0,0.667,573
46029,SD,"Codington County, SD",12526.0,1200.0,628.0,0.523,572
16049,ID,"Idaho County, ID",6776.0,882.0,311.0,0.353,571
48289,TX,"Leon County, TX",6741.0,1121.0,551.0,0.492,570
13119,GA,"Franklin County, GA",8994.0,1888.0,1320.0,0.699,568
28031,MS,"Covington County, MS",7323.0,1876.0,1309.0,0.698,567
48419,TX,"Shelby County, TX",9366.0,2041.0,1474.0,0.722,567
44001,RI,"Bristol County, RI",20104.0,1640.0,1074.0,0.655,566
23009,ME,"Hancock County, ME",25572.0,2707.0,2142.0,0.791,565
21213,KY,"Simpson County, KY",8025.0,1516.0,955.0,0.63,561
34039,NJ,"Union County, NJ",203277.0,18431.0,17870.0,0.97,561
56013,WY,"Fremont County, WY",15037.0,1778.0,1217.0,0.684,561
29015,MO,"Benton County, MO",8573.0,1630.0,1070.0,0.656,560
06101,CA,"Sutter County, CA",33292.0,4944.0,4385.0,0.887,559
27131,MN,"Rice County, MN",23493.0,2406.0,1847.0,0.768,559
05047,AR,"Franklin County, AR",7048.0,1343.0,786.0,0.585,557
13123,GA,"Gilmer County, GA",13015.0,1802.0,1247.0,0.692,555
51600,VA,"Fairfax city, VA",9155.0,841.0,286.0,0.34,555
53055,WA,"San Juan County, WA",9015.0,1066.0,512.0,0.48,554
46083,SD,"Lincoln County, SD",27879.0,1472.0,919.0,0.624,553
29225,MO,"Webster County, MO",13964.0,1918.0,1367.0,0.713,551
21009,KY,"Barren County, KY",18017.0,3480.0,2931.0,0.842,549
39035,OH,"Cuyahoga County, OH",554551.0,91106.0,90557.0,0.994,549
10005,DE,"Sussex County, DE",114835.0,11813.0,11267.0,0.954,546
05093,AR,"Mississippi County, AR",15452.0,3496.0,2953.0,0.845,543
48019,TX,"Bandera County, TX",9255.0,1212.0,670.0,0.553,542
29229,MO,"Wright County, MO",7187.0,1515.0,974.0,0.643,541
21185,KY,"Oldham County, KY",23025.0,1314.0,774.0,0.589,540
39043,OH,"Erie County, OH",32482.0,4235.0,3695.0,0.872,540
20079,KS,"Harvey County, KS",13700.0,1324.0,785.0,0.593,539
37175,NC,"Transylvania County, NC",14584.0,2185.0,1647.0,0.754,538
26069,MI,"Iosco County, MI",11713.0,2276.0,1739.0,0.764,537
32031,NV,"Washoe County, NV",199296.0,21465.0,20928.0,0.975,537
49051,UT,"Wasatch County, UT",12880.0,661.0,128.0,0.194,533
29049,MO,"Clinton County, MO",8329.0,1177.0,646.0,0.549,531
51830,VA,"Williamsburg city, VA",5020.0,927.0,397.0,0.428,530
19049,IA,"Dallas County, IA",42471.0,2865.0,2337.0,0.816,528
39055,OH,"Geauga County, OH",35807.0,2100.0,1572.0,0.749,528
18031,IN,"Decatur County, IN",10712.0,1124.0,597.0,0.531,527
18169,IN,"Wabash County, IN",12674.0,1425.0,898.0,0.63,527
36021,NY,"Columbia County, NY",26627.0,3119.0,2592.0,0.831,527
48401,TX,"Rusk County, TX",18027.0,2538.0,2012.0,0.793,526
01129,AL,"Washington County, AL",5963.0,1344.0,821.0,0.611,523
29167,MO,"Polk County, MO",12059.0,1827.0,1306.0,0.715,521
34041,NJ,"Warren County, NJ",45391.0,3883.0,3363.0,0.866,520
48337,TX,"Montague County, TX",8538.0,1357.0,837.0,0.617,520
05097,AR,"Montgomery County, AR",3715.0,892.0,373.0,0.418,519
27135,MN,"Roseau County, MN",6296.0,862.0,345.0,0.4,517
13241,GA,"Rabun County, GA",7615.0,1066.0,550.0,0.516,516
01009,AL,"Blount County, AL",22180.0,3243.0,2731.0,0.842,512
28129,MS,"Smith County, MS",5592.0,1018.0,506.0,0.497,512
48123,TX,"DeWitt County, TX",6921.0,1330.0,818.0,0.615,512
51770,VA,"Roanoke city, VA",43575.0,7868.0,7359.0,0.935,509
12055,FL,"Highlands County, FL",46879.0,7854.0,7346.0,0.935,508
28161,MS,"Yalobusha County, MS",4996.0,1096.0,588.0,0.536,508
13195,GA,"Madison County, GA",11242.0,1879.0,1372.0,0.73,507
48097,TX,"Cooke County, TX",16528.0,2067.0,1561.0,0.755,506
28013,MS,"Calhoun County, MS",5611.0,1240.0,736.0,0.594,504
31141,NE,"Platte County, NE",13658.0,1469.0,969.0,0.66,500
48233,TX,"Hutchinson County, TX",7000.0,978.0,478.0,0.489,500
05149,AR,"Yell County, AR",8323.0,1350.0,853.0,0.632,497
21157,KY,"Marshall County, KY",13209.0,1721.0,1224.0,0.711,497
13175,GA,"Laurens County, GA",18592.0,4309.0,3814.0,0.885,495
47123,TN,"Monroe County, TN",19714.0,3559.0,3064.0,0.861,495
06103,CA,"Tehama County, CA",24788.0,3950.0,3457.0,0.875,493
31013,NE,"Box Butte County, NE",4505.0,814.0,321.0,0.394,493
27097,MN,"Morrison County, MN",14084.0,1653.0,1162.0,0.703,491
28083,MS,"Leflore County, MS",10203.0,3357.0,2866.0,0.854,491
35027,NM,"Lincoln County, NM",10000.0,1957.0,1466.0,0.749,491
48341,TX,"Moore County, TX",7157.0,1106.0,616.0,0.557,490
31047,NE,"Dawson County, NE",9145.0,1060.0,571.0,0.539,489
42029,PA,"Chester County, PA",204774.0,12025.0,11536.0,0.959,489
51197,VA,"Wythe County, VA",12533.0,2135.0,1651.0,0.773,484
28127,MS,"Simpson County, MS",9543.0,1669.0,1186.0,0.711,483
48349,TX,"Navarro County, TX",19044.0,3117.0,2635.0,0.845,482
18137,IN,"Ripley County, IN",11531.0,1326.0,845.0,0.637,481
16053,ID,"Jerome County, ID",8277.0,1106.0,626.0,0.566,480
22001,LA,"Acadia Parish, LA",22099.0,5870.0,5390.0,0.918,480
29127,MO,"Marion County, MO",11323.0,1850.0,1370.0,0.741,480
29215,MO,"Texas County, MO",9503.0,1767.0,1287.0,0.728,480
05121,AR,"Randolph County, AR",7334.0,1629.0,1150.0,0.706,479
18079,IN,"Jennings County, IN",10944.0,1352.0,873.0,0.646,479
34001,NJ,"Atlantic County, NJ",109557.0,13894.0,13416.0,0.966,478
13207,GA,"Monroe County, GA",10554.0,1104.0,627.0,0.568,477
37149,NC,"Polk County, NC",8976.0,1346.0,873.0,0.649,473
47017,TN,"Carroll County, TN",11541.0,1911.0,1438.0,0.752,473
55089,WI,"Ozaukee County, WI",38309.0,2394.0,1921.0,0.802,473
23023,ME,"Sagadahoc County, ME",16446.0,1904.0,1432.0,0.752,472
51005,VA,"Alleghany County, VA",6383.0,991.0,520.0,0.525,471
08113,CO,"San Miguel County, CO",4604.0,637.0,167.0,0.262,470
13237,GA,"Putnam County, GA",10435.0,1620.0,1151.0,0.71,469
16045,ID,"Gem County, ID",7643.0,989.0,520.0,0.526,469
51061,VA,"Fauquier County, VA",26720.0,1756.0,1288.0,0.733,468
18001,IN,"Adams County, IN",12401.0,1283.0,816.0,0.636,467
27119,MN,"Polk County, MN",12360.0,1696.0,1230.0,0.725,466
05109,AR,"Pike County, AR",4082.0,970.0,505.0,0.521,465
18073,IN,"Jasper County, IN",12755.0,1149.0,685.0,0.596,464
56015,WY,"Goshen County, WY",5200.0,847.0,383.0,0.452,464
40013,OK,"Bryan County, OK",18397.0,2948.0,2486.0,0.843,462
22111,LA,"Union Parish, LA",8508.0,2192.0,1733.0,0.791,459
31053,NE,"Dodge County, NE",15168.0,1704.0,1245.0,0.731,459
39005,OH,"Ashland County, OH",20720.0,2313.0,1854.0,0.802,459
27139,MN,"Scott County, MN",54971.0,2921.0,2463.0,0.843,458
01019,AL,"Cherokee County, AL",10192.0,1578.0,1121.0,0.71,457
30081,MT,"Ravalli County, MT",18661.0,1666.0,1209.0,0.726,457
05055,AR,"Greene County, AR",17994.0,3081.0,2625.0,0.852,456
19057,IA,"Des Moines County, IA",17178.0,2411.0,1955.0,0.811,456
55093,WI,"Pierce County, WI",15867.0,1390.0,934.0,0.672,456
36077,NY,"Otsego County, NY",23189.0,2738.0,2285.0,0.835,453
29037,MO,"Cass County, MO",43206.0,2751.0,2299.0,0.836,452
26093,MI,"Livingston County, MI",76445.0,4114.0,3663.0,0.89,451
21231,KY,"Wayne County, KY",8074.0,2088.0,1638.0,0.784,450
27009,MN,"Benton County, MN",16719.0,1882.0,1432.0,0.761,450
30067,MT,"Park County, MT",8366.0,954.0,504.0,0.528,450
27019,MN,"Carver County, MN",41175.0,1953.0,1504.0,0.77,449
48499,TX,"Wood County, TX",18672.0,2527.0,2078.0,0.822,449
18151,IN,"Steuben County, IN",14058.0,1443.0,999.0,0.692,444
27015,MN,"Brown County, MN",11027.0,1160.0,717.0,0.618,443
21071,KY,"Floyd County, KY",14700.0,3980.0,3538.0,0.889,442
08029,CO,"Delta County, CO",12959.0,1907.0,1467.0,0.769,440
45031,SC,"Darlington County, SC",25561.0,5426.0,4986.0,0.919,440
13295,GA,"Walker County, GA",26355.0,3593.0,3154.0,0.878,439
44005,RI,"Newport County, RI",36868.0,3469.0,3030.0,0.873,439
13291,GA,"Union County, GA",11490.0,1290.0,852.0,0.66,438
28037,MS,"Franklin County, MS",3074.0,751.0,314.0,0.418,437
45069,SC,"Marlboro County, SC",9789.0,2690.0,2254.0,0.838,436
21113,KY,"Jessamine County, KY",19913.0,2293.0,1858.0,0.81,435
18065,IN,"Henry County, IN",18642.0,2323.0,1889.0,0.813,434
21221,KY,"Trigg County, KY",6060.0,1095.0,663.0,0.605,432
02122,AK,"Kenai Peninsula Borough, AK",24371.0,2760.0,2329.0,0.844,431
28029,MS,"Copiah County, MS",10060.0,2242.0,1811.0,0.808,431
45081,SC,"Saluda County, SC",7670.0,1496.0,1065.0,0.712,431
13129,GA,"Gordon County, GA",21348.0,2611.0,2182.0,0.836,429
18083,IN,"Knox County, IN",15169.0,2392.0,1963.0,0.821,429
27055,MN,"Houston County, MN",8134.0,707.0,279.0,0.395,428
47041,TN,"DeKalb County, TN",8652.0,1573.0,1145.0,0.728,428
36071,NY,"Orange County, NY",138608.0,15325.0,14898.0,0.972,427
47057,TN,"Grainger County, TN",9660.0,1777.0,1350.0,0.76,427
05021,AR,"Clay County, AR",6021.0,1032.0,607.0,0.588,425
21207,KY,"Russell County, KY",7562.0,1766.0,1341.0,0.759,425
40041,OK,"Delaware County, OK",17161.0,3107.0,2682.0,0.863,425
27083,MN,"Lyon County, MN",10108.0,1374.0,950.0,0.691,424
50021,VT,"Rutland County, VT",25321.0,3134.0,2710.0,0.865,424
16067,ID,"Minidoka County, ID",8107.0,1323.0,900.0,0.68,423
46081,SD,"Lawrence County, SD",12054.0,1450.0,1027.0,0.708,423
18181,IN,"White County, IN",10254.0,1059.0,637.0,0.602,422
29085,MO,"Hickory County, MO",3601.0,851.0,429.0,0.504,422
21147,KY,"McCreary County, KY",5861.0,2375.0,1954.0,0.823,421
22089,LA,"St. Charles Parish, LA",18608.0,2341.0,1920.0,0.82,421
18109,IN,"Morgan County, IN",28279.0,2629.0,2209.0,0.84,420
20099,KS,"Labette County, KS",8078.0,1175.0,755.0,0.643,420
36025,NY,"Delaware County, NY",19203.0,2810.0,2390.0,0.851,420
13017,GA,"Ben Hill County, GA",7082.0,1930.0,1511.0,0.783,419
13187,GA,"Lumpkin County, GA",11669.0,1491.0,1072.0,0.719,419
48217,TX,"Hill County, TX",13767.0,1953.0,1535.0,0.786,418
55139,WI,"Winnebago County, WI",72667.0,7393.0,6976.0,0.944,417
26043,MI,"Dickinson County, MI",11905.0,1410.0,994.0,0.705,416
28079,MS,"Leake County, MS",7414.0,1384.0,968.0,0.699,416
46127,SD,"Union County, SD",7310.0,718.0,303.0,0.422,415
18027,IN,"Daviess County, IN",11814.0,1634.0,1220.0,0.747,414
18061,IN,"Harrison County, IN",15497.0,1349.0,935.0,0.693,414
51001,VA,"Accomack County, VA",14446.0,2219.0,1805.0,0.813,414
18077,IN,"Jefferson County, IN",12790.0,1687.0,1274.0,0.755,413
19011,IA,"Benton County, IA",10202.0,904.0,491.0,0.543,413
48127,TX,"Dimmit County, TX",2998.0,1187.0,774.0,0.652,413
20035,KS,"Cowley County, KS",13387.0,1967.0,1556.0,0.791,411
06009,CA,"Calaveras County, CA",18437.0,2170.0,1760.0,0.811,410
06027,CA,"Inyo County, CA",8040.0,1095.0,686.0,0.626,409
16085,ID,"Valley County, ID",4318.0,543.0,134.0,0.247,409
20011,KS,"Bourbon County, KS",5840.0,864.0,455.0,0.527,409
45025,SC,"Chesterfield County, SC",17534.0,3567.0,3158.0,0.885,409
26017,MI,"Bay County, MI",45103.0,6527.0,6120.0,0.938,407
05089,AR,"Marion County, AR",7664.0,1257.0,851.0,0.677,406
17001,IL,"Adams County, IL",27915.0,3853.0,3448.0,0.895,405
10003,DE,"New Castle County, DE",224369.0,22346.0,21942.0,0.982,404
46035,SD,"Davison County, SD",8899.0,1083.0,679.0,0.627,404
49039,UT,"Sanpete County, UT",8888.0,1051.0,647.0,0.616,404
28069,MS,"Kemper County, MS",3223.0,828.0,425.0,0.513,403
49019,UT,"Grand County, UT",4554.0,551.0,148.0,0.269,403
18075,IN,"Jay County, IN",7807.0,1158.0,757.0,0.654,401
28027,MS,"Coahoma County, MS",8404.0,2662.0,2262.0,0.85,400
26109,MI,"Menominee County, MI",10361.0,1444.0,1045.0,0.724,399
21177,KY,"Muhlenberg County, KY",12123.0,2346.0,1948.0,0.83,398
27153,MN,"Todd County, MN",10209.0,1141.0,743.0,0.651,398
47021,TN,"Cheatham County, TN",16279.0,1355.0,957.0,0.706,398
06105,CA,"Trinity County, CA",5585.0,1015.0,619.0,0.61,396
30053,MT,"Lincoln County, MT",9082.0,1507.0,1112.0,0.738,395
47015,TN,"Cannon County, TN",5776.0,996.0,603.0,0.605,393
18087,IN,"LaGrange County, IN",12897.0,989.0,597.0,0.604,392
18123,IN,"Perry County, IN",7758.0,1193.0,801.0,0.671,392
51143,VA,"Pittsylvania County, VA",25020.0,4125.0,3733.0,0.905,392
30085,MT,"Roosevelt County, MT",3091.0,782.0,392.0,0.501,390
27017,MN,"Carlton County, MN",14090.0,1425.0,1036.0,0.727,389
48321,TX,"Matagorda County, TX",15439.0,3017.0,2628.0,0.871,389
20133,KS,"Neosho County, KS",6464.0,1013.0,625.0,0.617,388
38077,ND,"Richland County, ND",6849.0,813.0,426.0,0.524,387
48147,TX,"Fannin County, TX",12767.0,1701.0,1314.0,0.772,387
55085,WI,"Oneida County, WI",17493.0,1770.0,1383.0,0.781,387
05127,AR,"Scott County, AR",3985.0,887.0,501.0,0.565,386
18017,IN,"Cass County, IN",15037.0,1806.0,1420.0,0.786,386
18021,IN,"Clay County, IN",10549.0,1206.0,820.0,0.68,386
08015,CO,"Chaffee County, CO",9863.0,1080.0,695.0,0.644,385
51147,VA,"Prince Edward County, VA",7641.0,1699.0,1314.0,0.773,385
30093,MT,"Silver Bow County, MT",15419.0,2411.0,2028.0,0.841,383
48187,TX,"Guadalupe County, TX",65424.0,6302.0,5919.0,0.939,383
55135,WI,"Waupaca County, WI",22571.0,2629.0,2246.0,0.854,383
12051,FL,"Hendry County, FL",14130.0,2956.0,2575.0,0.871,381
26159,MI,"Van Buren County, MI",30622.0,4561.0,4180.0,0.916,381
29007,MO,"Audrain County, MO",9219.0,1510.0,1130.0,0.748,380
29009,MO,"Barry County, MO",13336.0,1845.0,1465.0,0.794,380
31179,NE,"Wayne County, NE",3753.0,636.0,256.0,0.403,380
45059,SC,"Laurens County, SC",26959.0,5110.0,4730.0,0.926,380
28157,MS,"Wilkinson County, MS",3185.0,968.0,589.0,0.608,379
47167,TN,"Tipton County, TN",22660.0,3196.0,2817.0,0.881,379
48259,TX,"Kendall County, TX",17741.0,1173.0,795.0,0.678,378
28091,MS,"Marion County, MS",9122.0,1563.0,1188.0,0.76,375
18183,IN,"Whitley County, IN",14029.0,1280.0,906.0,0.708,374
29151,MO,"Osage County, MO",5287.0,594.0,220.0,0.37,374
13161,GA,"Jeff Davis County, GA",5484.0,1313.0,940.0,0.716,373
56023,WY,"Lincoln County, WY",8324.0,742.0,369.0,0.497,373
20149,KS,"Pottawatomie County, KS",9381.0,781.0,409.0,0.524,372
26115,MI,"Monroe County, MI",63029.0,6682.0,6310.0,0.944,372
47043,TN,"Dickson County, TN",21757.0,2389.0,2017.0,0.844,372
47131,TN,"Obion County, TN",12527.0,2329.0,1957.0,0.84,372
05129,AR,"Searcy County, AR",3197.0,773.0,402.0,0.52,371
13281,GA,"Towns County, GA",5924.0,816.0,445.0,0.545,371
27085,MN,"McLeod County, MN",15215.0,1555.0,1184.0,0.761,371
47153,TN,"Sequatchie County, TN",6194.0,1392.0,1022.0,0.734,370
19187,IA,"Webster County, IA",15375.0,2060.0,1691.0,0.821,369
38105,ND,"Williams County, ND",15154.0,1271.0,902.0,0.71,369
56003,WY,"Big Horn County, WY",4460.0,604.0,235.0,0.389,369
05053,AR,"Grant County, AR",6978.0,869.0,501.0,0.577,368
33019,NH,"Sullivan County, NH",16618.0,1738.0,1371.0,0.789,367
06093,CA,"Siskiyou County, CA",19079.0,3319.0,2953.0,0.89,366
27001,MN,"Aitkin County, MN",7222.0,1012.0,646.0,0.638,366
38003,ND,"Barnes County, ND",4908.0,672.0,308.0,0.458,364
48469,TX,"Victoria County, TX",34855.0,5312.0,4948.0,0.931,364
18015,IN,"Carroll County, IN",8085.0,786.0,423.0,0.538,363
20059,KS,"Franklin County, KS",10409.0,957.0,594.0,0.621,363
26063,MI,"Huron County, MI",14150.0,1956.0,1593.0,0.814,363
28111,MS,"Perry County, MS",4647.0,825.0,462.0,0.56,363
29013,MO,"Bates County, MO",6158.0,1050.0,687.0,0.654,363
29059,MO,"Dallas County, MO",6768.0,1500.0,1137.0,0.758,363
18055,IN,"Greene County, IN",13107.0,1766.0,1404.0,0.795,362
20117,KS,"Marshall County, KS",4176.0,522.0,160.0,0.307,362
29109,MO,"Lawrence County, MO",14602.0,2150.0,1788.0,0.832,362
19139,IA,"Muscatine County, IA",17345.0,2453.0,2093.0,0.853,360
47013,TN,"Campbell County, TN",17186.0,3541.0,3181.0,0.898,360
47161,TN,"Stewart County, TN",5323.0,950.0,591.0,0.622,359
05017,AR,"Chicot County, AR",3965.0,1021.0,664.0,0.65,357
51085,VA,"Hanover County, VA",42688.0,2595.0,2238.0,0.862,357
38061,ND,"Mountrail County, ND",3901.0,538.0,183.0,0.34,355
18023,IN,"Clinton County, IN",12496.0,1215.0,861.0,0.709,354
21089,KY,"Greenup County, KY",14739.0,2399.0,2045.0,0.852,354
48067,TX,"Cass County, TX",11805.0,2317.0,1963.0,0.847,354
01017,AL,"Chambers County, AL",13434.0,2537.0,2184.0,0.861,353
12133,FL,"Washington County, FL",9287.0,1506.0,1154.0,0.766,352
29053,MO,"Cooper County, MO",6246.0,772.0,420.0,0.544,352
18103,IN,"Miami County, IN",13318.0,1890.0,1539.0,0.814,351
29181,MO,"Ripley County, MO",4002.0,1045.0,694.0,0.664,351
37137,NC,"Pamlico County, NC",5456.0,942.0,591.0,0.627,351
45087,SC,"Union County, SC",11611.0,2627.0,2276.0,0.866,351
48053,TX,"Burnet County, TX",20969.0,1882.0,1531.0,0.813,351
22079,LA,"Rapides Parish, LA",48954.0,9697.0,9348.0,0.964,349
54025,WV,"Greenbrier County, WV",14788.0,3046.0,2697.0,0.885,349
21171,KY,"Monroe County, KY",4645.0,1068.0,720.0,0.674,348
27105,MN,"Nobles County, MN",7674.0,1037.0,689.0,0.664,348
40151,OK,"Woods County, OK",3584.0,676.0,328.0,0.485,348
13231,GA,"Pike County, GA",6721.0,697.0,350.0,0.502,347
18013,IN,"Brown County, IN",6781.0,679.0,332.0,0.489,347
48149,TX,"Fayette County, TX",10403.0,1115.0,768.0,0.689,347
20087,KS,"Jefferson County, KS",7412.0,568.0,222.0,0.391,346
05075,AR,"Lawrence County, AR",6613.0,1406.0,1061.0,0.755,345
38059,ND,"Morton County, ND",13946.0,936.0,592.0,0.632,344
23031,ME,"York County, ME",91413.0,7706.0,7364.0,0.956,342
05113,AR,"Polk County, AR",7898.0,1331.0,991.0,0.745,340
22049,LA,"Jackson Parish, LA",5576.0,1186.0,848.0,0.715,338
05103,AR,"Ouachita County, AR",8624.0,1616.0,1279.0,0.791,337
27061,MN,"Itasca County, MN",18541.0,2317.0,1980.0,0.855,337
45055,SC,"Kershaw County, SC",26897.0,3512.0,3175.0,0.904,337
05049,AR,"Fulton County, AR",4757.0,945.0,609.0,0.644,336
17203,IL,"Woodford County, IL",14685.0,1137.0,801.0,0.704,336
21027,KY,"Breckinridge County, KY",8069.0,1650.0,1314.0,0.796,336
16051,ID,"Jefferson County, ID",10199.0,1097.0,762.0,0.695,335
01133,AL,"Winston County, AL",9420.0,1711.0,1377.0,0.805,334
29219,MO,"Warren County, MO",13845.0,1286.0,952.0,0.74,334
48133,TX,"Eastland County, TX",7236.0,1185.0,851.0,0.718,334
51063,VA,"Floyd County, VA",6627.0,868.0,534.0,0.615,334
08077,CO,"Mesa County, CO",65830.0,7801.0,7468.0,0.957,333
29173,MO,"Ralls County, MO",3970.0,522.0,190.0,0.364,332
45071,SC,"Newberry County, SC",15325.0,2296.0,1964.0,0.855,332
55123,WI,"Vernon County, WI",12424.0,1459.0,1127.0,0.772,332
19065,IA,"Fayette County, IA",8342.0,1025.0,695.0,0.678,330
28159,MS,"Winston County, MS",7141.0,1651.0,1321.0,0.8,330
29079,MO,"Grundy County, MO",3907.0,788.0,458.0,0.581,330
39077,OH,"Huron County, OH",23490.0,2995.0,2665.0,0.89,330
18025,IN,"Crawford County, IN",4582.0,865.0,536.0,0.62,329
01067,AL,"Henry County, AL",7062.0,1325.0,997.0,0.752,328
19043,IA,"Clayton County, IA",7509.0,832.0,504.0,0.606,328
36083,NY,"Rensselaer County, NY",66686.0,7592.0,7264.0,0.957,328
35055,NM,"Taos County, NM",15549.0,3016.0,2689.0,0.892,327
45023,SC,"Chester County, SC",13159.0,2531.0,2204.0,0.871,327
18129,IN,"Posey County, IN",10533.0,1061.0,735.0,0.693,326
48505,TX,"Zapata County, TX",4565.0,1755.0,1430.0,0.815,325
02150,AK,"Kodiak Island Borough, AK",4640.0,591.0,267.0,0.452,324
05011,AR,"Bradley County, AR",3752.0,980.0,656.0,0.669,324
19125,IA,"Marion County, IA",13316.0,1381.0,1057.0,0.765,324
37087,NC,"Haywood County, NC",27123.0,3999.0,3675.0,0.919,324
13013,GA,"Barrow County, GA",30789.0,3016.0,2693.0,0.893,323
28061,MS,"Jasper County, MS",6647.0,1382.0,1059.0,0.766,323
38099,ND,"Walsh County, ND",4400.0,505.0,182.0,0.36,323
51145,VA,"Powhatan County, VA",11325.0,488.0,166.0,0.34,322
26047,MI,"Emmet County, MI",15190.0,1439.0,1118.0,0.777,321
05083,AR,"Logan County, AR",8521.0,1160.0,840.0,0.724,320
21141,KY,"Logan County, KY",11005.0,1826.0,1506.0,0.825,320
47003,TN,"Bedford County, TN",19505.0,2317.0,1997.0,0.862,320
18165,IN,"Vermillion County, IN",6594.0,1076.0,757.0,0.704,319
20021,KS,"Cherokee County, KS",7887.0,1354.0,1035.0,0.764,319
30041,MT,"Hill County, MT",6206.0,1129.0,810.0,0.717,319
39065,OH,"Hardin County, OH",11724.0,1767.0,1448.0,0.819,319
05043,AR,"Drew County, AR",7196.0,1497.0,1179.0,0.788,318
29153,MO,"Ozark County, MO",3709.0,865.0,547.0,0.632,318
29157,MO,"Perry County, MO",7525.0,1082.0,764.0,0.706,318
33013,NH,"Merrimack County, NH",60901.0,4587.0,4269.0,0.931,318
01111,AL,"Randolph County, AL",9271.0,2058.0,1741.0,0.846,317
18047,IN,"Franklin County, IN",9211.0,736.0,420.0,0.571,316
26059,MI,"Hillsdale County, MI",17860.0,2468.0,2152.0,0.872,316
28007,MS,"Attala County, MS",6627.0,1351.0,1035.0,0.766,316
51079,VA,"Greene County, VA",8032.0,1044.0,728.0,0.697,316
21233,KY,"Webster County, KY",4923.0,850.0,535.0,0.629,315
05081,AR,"Little River County, AR",4820.0,851.0,537.0,0.631,314
56039,WY,"Teton County, WY",9830.0,437.0,124.0,0.284,313
18059,IN,"Hancock County, IN",33474.0,1829.0,1517.0,0.829,312
31155,NE,"Saunders County, NE",8899.0,719.0,407.0,0.566,312
48159,TX,"Franklin County, TX",3897.0,553.0,241.0,0.436,312
27157,MN,"Wabasha County, MN",9156.0,818.0,507.0,0.62,311
09160,CT,"Northwest Hills Planning Region, CT",47845.0,4415.0,4105.0,0.93,310
18179,IN,"Wells County, IN",11546.0,976.0,666.0,0.682,310
51043,VA,"Clarke County, VA",5890.0,475.0,165.0,0.347,310
39149,OH,"Shelby County, OH",18906.0,1966.0,1657.0,0.843,309
51171,VA,"Shenandoah County, VA",17962.0,2161.0,1852.0,0.857,309
55043,WI,"Grant County, WI",19960.0,2431.0,2122.0,0.873,309
19017,IA,"Bremer County, IA",9716.0,826.0,518.0,0.627,308
46135,SD,"Yankton County, SD",9695.0,1020.0,712.0,0.698,308
51133,VA,"Northumberland County, VA",5640.0,679.0,371.0,0.546,308
26041,MI,"Delta County, MI",15971.0,2281.0,1974.0,0.865,307
48357,TX,"Ochiltree County, TX",3680.0,491.0,184.0,0.375,307
05105,AR,"Perry County, AR",4094.0,661.0,355.0,0.537,306
19015,IA,"Boone County, IA",10936.0,830.0,524.0,0.631,306
18051,IN,"Gibson County, IN",13438.0,1401.0,1096.0,0.782,305
20151,KS,"Pratt County, KS",3468.0,481.0,176.0,0.366,305
48139,TX,"Ellis County, TX",71759.0,5207.0,4902.0,0.941,305
29119,MO,"McDonald County, MO",8558.0,1472.0,1168.0,0.793,304
29137,MO,"Monroe County, MO",3468.0,569.0,265.0,0.466,304
47039,TN,"Decatur County, TN",4568.0,1090.0,787.0,0.722,303
56031,WY,"Platte County, WY",3848.0,491.0,189.0,0.385,302
18111,IN,"Newton County, IN",5726.0,786.0,486.0,0.618,300
30001,MT,"Beaverhead County, MT",4201.0,604.0,304.0,0.503,300
39069,OH,"Henry County, OH",11451.0,1001.0,701.0,0.7,300
48473,TX,"Waller County, TX",18342.0,2665.0,2365.0,0.887,300
21219,KY,"Todd County, KY",4559.0,899.0,600.0,0.667,299
29195,MO,"Saline County, MO",8053.0,1362.0,1064.0,0.781,298
08049,CO,"Grand County, CO",7475.0,525.0,228.0,0.434,297
21203,KY,"Rockcastle County, KY",6534.0,1731.0,1434.0,0.828,297
32510,NV,"Carson City, NV",23692.0,2729.0,2432.0,0.891,297
39015,OH,"Brown County, OH",17138.0,3200.0,2904.0,0.907,296
21225,KY,"Union County, KY",5198.0,818.0,523.0,0.639,295
35015,NM,"Eddy County, NM",23620.0,3640.0,3345.0,0.919,295
37193,NC,"Wilkes County, NC",27107.0,4475.0,4180.0,0.934,295
45065,SC,"McCormick County, SC",4199.0,741.0,446.0,0.602,295
08093,CO,"Park County, CO",8988.0,628.0,334.0,0.532,294
13011,GA,"Banks County, GA",6856.0,911.0,618.0,0.678,293
37039,NC,"Cherokee County, NC",13241.0,1870.0,1577.0,0.843,293
38053,ND,"McKenzie County, ND",5997.0,498.0,205.0,0.412,293
05065,AR,"Izard County, AR",5232.0,1048.0,756.0,0.721,292
37195,NC,"Wilson County, NC",33068.0,6292.0,6000.0,0.954,292
29017,MO,"Bollinger County, MO",3941.0,652.0,361.0,0.554,291
37173,NC,"Swain County, NC",6013.0,1173.0,882.0,0.752,291
40153,OK,"Woodward County, OK",7925.0,1022.0,731.0,0.715,291
27127,MN,"Redwood County, MN",6293.0,907.0,617.0,0.68,290
49025,UT,"Kane County, UT",3456.0,372.0,82.0,0.22,290
51137,VA,"Orange County, VA",14856.0,1416.0,1126.0,0.795,290
30027,MT,"Fergus County, MT",5303.0,678.0,389.0,0.574,289
40021,OK,"Cherokee County, OK",18698.0,3381.0,3092.0,0.915,289
42093,PA,"Montour County, PA",7862.0,800.0,511.0,0.639,289
48069,TX,"Castro County, TX",2413.0,517.0,228.0,0.441,289
05123,AR,"St. Francis County, AR",7783.0,2176.0,1888.0,0.868,288
39135,OH,"Preble County, OH",16725.0,1995.0,1707.0,0.856,288
16041,ID,"Franklin County, ID",4932.0,588.0,301.0,0.512,287
19171,IA,"Tama County, IA",6720.0,934.0,647.0,0.693,287
29163,MO,"Pike County, MO",6424.0,957.0,670.0,0.7,287
31151,NE,"Saline County, NE",5143.0,517.0,230.0,0.445,287
37053,NC,"Currituck County, NC",11845.0,973.0,686.0,0.705,287
29105,MO,"Laclede County, MO",14558.0,2517.0,2231.0,0.886,286
02170,AK,"Matanuska-Susitna Borough, AK",39869.0,4026.0,3741.0,0.929,285
28097,MS,"Montgomery County, MS",4137.0,1116.0,831.0,0.745,285
51125,VA,"Nelson County, VA",6364.0,1013.0,728.0,0.719,285
37013,NC,"Beaufort County, NC",19385.0,3527.0,3243.0,0.919,284
48299,TX,"Llano County, TX",10765.0,1095.0,811.0,0.741,284
17133,IL,"Monroe County, IL",13851.0,898.0,615.0,0.685,283
21103,KY,"Henry County, KY",6147.0,1003.0,720.0,0.718,283
31177,NE,"Washington County, NE",8429.0,678.0,395.0,0.583,283
28051,MS,"Holmes County, MS",6157.0,2314.0,2032.0,0.878,282
39107,OH,"Mercer County, OH",16408.0,1401.0,1119.0,0.799,282
47055,TN,"Giles County, TN",12058.0,1656.0,1374.0,0.83,282
47091,TN,"Johnson County, TN",7298.0,1383.0,1101.0,0.796,282
18045,IN,"Fountain County, IN",6941.0,891.0,610.0,0.685,281
27103,MN,"Nicollet County, MN",13002.0,1066.0,785.0,0.736,281
19027,IA,"Carroll County, IA",8801.0,802.0,522.0,0.651,280
48377,TX,"Presidio County, TX",2418.0,706.0,426.0,0.603,280
51683,VA,"Manassas city, VA",14203.0,1178.0,899.0,0.763,279
22031,LA,"De Soto Parish, LA",10504.0,2392.0,2114.0,0.884,278
13213,GA,"Murray County, GA",15246.0,2155.0,1878.0,0.871,277
18131,IN,"Pulaski County, IN",4950.0,678.0,401.0,0.591,277
19067,IA,"Floyd County, IA",6503.0,817.0,540.0,0.661,277
13159,GA,"Jasper County, GA",5965.0,972.0,696.0,0.716,276
18117,IN,"Orange County, IN",7970.0,1196.0,920.0,0.769,276
37115,NC,"Madison County, NC",8342.0,1293.0,1017.0,0.787,276
56019,WY,"Johnson County, WY",3932.0,335.0,59.0,0.176,276
18101,IN,"Martin County, IN",3904.0,559.0,284.0,0.508,275
01063,AL,"Greene County, AL",3225.0,1303.0,1029.0,0.79,274
19059,IA,"Dickinson County, IA",8845.0,671.0,397.0,0.592,274
13033,GA,"Burke County, GA",9184.0,2009.0,1736.0,0.864,273
13075,GA,"Cook County, GA",6304.0,1237.0,964.0,0.779,273
13299,GA,"Ware County, GA",12957.0,3107.0,2835.0,0.912,272
16031,ID,"Cassia County, ID",8495.0,1051.0,779.0,0.741,272
23013,ME,"Knox County, ME",18484.0,1844.0,1572.0,0.852,272
47181,TN,"Wayne County, TN",5982.0,1290.0,1018.0,0.789,272
37199,NC,"Yancey County, NC",8130.0,1391.0,1120.0,0.805,271
37035,NC,"Catawba County, NC",66227.0,8166.0,7896.0,0.967,270
21179,KY,"Nelson County, KY",19150.0,2135.0,1866.0,0.874,269
47087,TN,"Jackson County, TN",4795.0,1027.0,758.0,0.738,269
13319,GA,"Wilkinson County, GA",3473.0,798.0,530.0,0.664,268
21017,KY,"Bourbon County, KY",8134.0,1481.0,1213.0,0.819,268
28063,MS,"Jefferson County, MS",2494.0,801.0,533.0,0.665,268
39123,OH,"Ottawa County, OH",18504.0,1709.0,1441.0,0.843,268
51069,VA,"Frederick County, VA",35385.0,2338.0,2070.0,0.885,268
27115,MN,"Pine County, MN",12323.0,1611.0,1344.0,0.834,267
01069,AL,"Houston County, AL",43302.0,7230.0,6964.0,0.963,266
55115,WI,"Shawano County, WI",17246.0,2167.0,1901.0,0.877,266
12019,FL,"Clay County, FL",83707.0,7505.0,7240.0,0.965,265
28023,MS,"Clarke County, MS",5945.0,1215.0,952.0,0.784,263
13077,GA,"Coweta County, GA",56275.0,4123.0,3861.0,0.936,262
21123,KY,"Larue County, KY",5996.0,1051.0,789.0,0.751,262
05073,AR,"Lafayette County, AR",2622.0,651.0,390.0,0.599,261
12107,FL,"Putnam County, FL",31360.0,7371.0,7110.0,0.965,261
16059,ID,"Lemhi County, ID",3458.0,606.0,345.0,0.569,261
19101,IA,"Jefferson County, IA",6952.0,1160.0,899.0,0.775,261
46005,SD,"Beadle County, SD",7536.0,1112.0,851.0,0.765,261
29111,MO,"Lewis County, MO",3185.0,452.0,192.0,0.425,260
48351,TX,"Newton County, TX",4841.0,947.0,687.0,0.725,260
48437,TX,"Swisher County, TX",2383.0,588.0,328.0,0.558,260
16087,ID,"Washington County, ID",4202.0,726.0,467.0,0.643,259
19019,IA,"Buchanan County, IA",8252.0,803.0,544.0,0.677,259
19069,IA,"Franklin County, IA",4198.0,548.0,289.0,0.527,259
28041,MS,"Greene County, MS",4109.0,823.0,564.0,0.685,259
48003,TX,"Andrews County, TX",6844.0,1150.0,891.0,0.775,259
51775,VA,"Salem city, VA",10256.0,1054.0,795.0,0.754,259
55109,WI,"St. Croix County, WI",37511.0,2581.0,2322.0,0.9,259
12079,FL,"Madison County, FL",6976.0,1455.0,1197.0,0.823,258
19037,IA,"Chickasaw County, IA",4997.0,507.0,249.0,0.491,258
40049,OK,"Garvin County, OK",10110.0,1696.0,1438.0,0.848,258
48361,TX,"Orange County, TX",32437.0,4713.0,4455.0,0.945,258
48371,TX,"Pecos County, TX",5238.0,963.0,705.0,0.732,258
18153,IN,"Sullivan County, IN",7832.0,1120.0,863.0,0.771,257
04001,AZ,"Apache County, AZ",21100.0,6684.0,6428.0,0.962,256
01013,AL,"Butler County, AL",7597.0,1567.0,1312.0,0.837,255
01027,AL,"Clay County, AL",5820.0,1083.0,828.0,0.765,255
16037,ID,"Custer County, ID",1943.0,345.0,90.0,0.261,255
18149,IN,"Starke County, IN",8983.0,1376.0,1121.0,0.815,255
22109,LA,"Terrebonne Parish, LA",42127.0,7130.0,6875.0,0.964,255
45017,SC,"Calhoun County, SC",6179.0,1072.0,817.0,0.762,255
35051,NM,"Sierra County, NM",5440.0,1117.0,863.0,0.773,254
36009,NY,"Cattaraugus County, NY",31895.0,5982.0,5729.0,0.958,253
38097,ND,"Traill County, ND",3333.0,400.0,147.0,0.367,253
56041,WY,"Uinta County, WY",7716.0,781.0,528.0,0.676,253
19109,IA,"Kossuth County, IA",6543.0,556.0,304.0,0.547,252
30021,MT,"Dawson County, MT",3615.0,379.0,127.0,0.335,252
19083,IA,"Hardin County, IA",7038.0,839.0,588.0,0.701,251
40115,OK,"Ottawa County, OK",11921.0,2347.0,2096.0,0.893,251
55061,WI,"Kewaunee County, WI",8357.0,685.0,434.0,0.634,251
27025,MN,"Chisago County, MN",21364.0,1373.0,1123.0,0.818,250
19177,IA,"Van Buren County, IA",2896.0,481.0,232.0,0.482,249
22057,LA,"Lafourche Parish, LA",37762.0,6680.0,6431.0,0.963,249
72055,PR,"Guánica Municipio, PR",5782.0,3666.0,3417.0,0.932,249
21043,KY,"Carter County, KY",10794.0,2366.0,2118.0,0.895,248
21197,KY,"Powell County, KY",4790.0,1348.0,1100.0,0.816,248
26019,MI,"Benzie County, MI",7708.0,853.0,605.0,0.709,248
26151,MI,"Sanilac County, MI",17516.0,2461.0,2213.0,0.899,248
47115,TN,"Marion County, TN",11869.0,1976.0,1728.0,0.874,248
48503,TX,"Young County, TX",7643.0,1111.0,863.0,0.777,248
51017,VA,"Bath County, VA",1822.0,436.0,188.0,0.431,248
29073,MO,"Gasconade County, MO",6061.0,872.0,625.0,0.717,247
48343,TX,"Morris County, TX",4895.0,911.0,665.0,0.73,246
48475,TX,"Ward County, TX",4388.0,646.0,400.0,0.619,246
20041,KS,"Dickinson County, KS",8016.0,703.0,458.0,0.651,245
26097,MI,"Mackinac County, MI",5199.0,862.0,617.0,0.716,245
48227,TX,"Howard County, TX",12191.0,1756.0,1511.0,0.86,245
39161,OH,"Van Wert County, OH",11549.0,1111.0,867.0,0.78,244
39167,OH,"Washington County, OH",24779.0,3591.0,3347.0,0.932,244
48363,TX,"Palo Pinto County, TX",11234.0,1923.0,1679.0,0.873,244
21005,KY,"Anderson County, KY",9653.0,967.0,724.0,0.749,243
29003,MO,"Andrew County, MO",6988.0,582.0,339.0,0.582,243
39029,OH,"Columbiana County, OH",41459.0,6531.0,6288.0,0.963,243
13257,GA,"Stephens County, GA",10524.0,1770.0,1528.0,0.863,242
33007,NH,"Coos County, NH",14002.0,2012.0,1770.0,0.88,242
05111,AR,"Poinsett County, AR",8792.0,1927.0,1686.0,0.875,241
08051,CO,"Gunnison County, CO",8494.0,889.0,648.0,0.729,241
16081,ID,"Teton County, ID",4677.0,384.0,143.0,0.372,241
21169,KY,"Metcalfe County, KY",4100.0,1041.0,800.0,0.768,241
27033,MN,"Cottonwood County, MN",4630.0,678.0,437.0,0.645,241
39071,OH,"Highland County, OH",16938.0,2796.0,2555.0,0.914,241
13311,GA,"White County, GA",10729.0,1285.0,1045.0,0.813,240
27113,MN,"Pennington County, MN",6207.0,689.0,449.0,0.652,240
28021,MS,"Claiborne County, MS",3008.0,952.0,712.0,0.748,240
05147,AR,"Woodruff County, AR",2692.0,774.0,535.0,0.691,239
29121,MO,"Macon County, MO",6067.0,759.0,521.0,0.686,238
36039,NY,"Greene County, NY",18674.0,1715.0,1477.0,0.861,238
38055,ND,"McLean County, ND",4377.0,403.0,166.0,0.412,237
48285,TX,"Lavaca County, TX",8476.0,942.0,705.0,0.748,237
26071,MI,"Iron County, MI",5547.0,971.0,735.0,0.757,236
26141,MI,"Presque Isle County, MI",6655.0,940.0,705.0,0.75,235
28119,MS,"Quitman County, MS",2643.0,803.0,568.0,0.707,235
39103,OH,"Medina County, OH",73086.0,4995.0,4760.0,0.953,235
47023,TN,"Chester County, TN",6430.0,1091.0,857.0,0.786,234
48031,TX,"Blanco County, TX",5166.0,476.0,243.0,0.511,233
48297,TX,"Live Oak County, TX",4358.0,951.0,718.0,0.755,233
21081,KY,"Grant County, KY",9224.0,1360.0,1128.0,0.829,232
48497,TX,"Wise County, TX",25135.0,2191.0,1959.0,0.894,232
06005,CA,"Amador County, CA",16091.0,1806.0,1575.0,0.872,231
53069,WA,"Wahkiakum County, WA",2100.0,375.0,144.0,0.384,231
13143,GA,"Haralson County, GA",11747.0,1883.0,1653.0,0.878,230
13277,GA,"Tift County, GA",15640.0,2993.0,2763.0,0.923,230
21239,KY,"Woodford County, KY",10814.0,1152.0,922.0,0.8,230
31023,NE,"Butler County, NE",3524.0,435.0,205.0,0.471,230
55029,WI,"Door County, WI",14986.0,1398.0,1168.0,0.835,230
55113,WI,"Sawyer County, WI",8810.0,1435.0,1205.0,0.84,230
27057,MN,"Hubbard County, MN",8964.0,1146.0,917.0,0.8,229
27133,MN,"Rock County, MN",4035.0,509.0,280.0,0.55,229
48175,TX,"Goliad County, TX",2811.0,522.0,293.0,0.561,229
13039,GA,"Camden County, GA",21693.0,2506.0,2278.0,0.909,228
19035,IA,"Cherokee County, IA",5045.0,581.0,353.0,0.608,228
20027,KS,"Clay County, KS",3522.0,480.0,252.0,0.525,228
39121,OH,"Noble County, OH",4619.0,684.0,456.0,0.667,228
42019,PA,"Butler County, PA",80824.0,7513.0,7285.0,0.97,228
37043,NC,"Clay County, NC",5081.0,797.0,570.0,0.715,227
40081,OK,"Lincoln County, OK",13141.0,2195.0,1968.0,0.897,227
40095,OK,"Marshall County, OK",5982.0,950.0,723.0,0.761,227
48219,TX,"Hockley County, TX",7915.0,1173.0,946.0,0.806,227
30017,MT,"Custer County, MT",5038.0,641.0,415.0,0.647,226
48177,TX,"Gonzales County, TX",7926.0,1521.0,1295.0,0.851,226
19157,IA,"Poweshiek County, IA",7804.0,960.0,735.0,0.766,225
31159,NE,"Seward County, NE",6788.0,589.0,364.0,0.618,225
51117,VA,"Mecklenburg County, VA",13569.0,2506.0,2281.0,0.91,225
20005,KS,"Atchison County, KS",5735.0,850.0,626.0,0.736,224
29055,MO,"Crawford County, MO",9580.0,1387.0,1163.0,0.839,224
30087,MT,"Rosebud County, MT",3070.0,638.0,414.0,0.649,224
04007,AZ,"Gila County, AZ",23645.0,3678.0,3455.0,0.939,223
48369,TX,"Parmer County, TX",3231.0,382.0,159.0,0.416,223
48455,TX,"Trinity County, TX",6078.0,1228.0,1005.0,0.818,223
05079,AR,"Lincoln County, AR",3592.0,680.0,458.0,0.674,222
18009,IN,"Blackford County, IN",5173.0,976.0,754.0,0.773,222
29135,MO,"Moniteau County, MO",5729.0,657.0,435.0,0.662,222
47029,TN,"Cocke County, TN",15509.0,3135.0,2913.0,0.929,222
31065,NE,"Furnas County, NE",2010.0,323.0,102.0,0.316,221
47109,TN,"McNairy County, TN",9939.0,1731.0,1510.0,0.872,221
47139,TN,"Polk County, TN",7424.0,1264.0,1043.0,0.825,221
39013,OH,"Belmont County, OH",27195.0,4358.0,4138.0,0.95,220
48043,TX,"Brewster County, TX",4951.0,558.0,338.0,0.606,220
48105,TX,"Crockett County, TX",1225.0,220.0,0.0,0.0,220
48429,TX,"Stephens County, TX",3623.0,594.0,374.0,0.63,220
16021,ID,"Boundary County, ID",5046.0,762.0,543.0,0.713,219
48145,TX,"Falls County, TX",6344.0,1054.0,835.0,0.792,219
19087,IA,"Henry County, IA",7644.0,907.0,689.0,0.76,218
22021,LA,"Caldwell Parish, LA",3716.0,1091.0,873.0,0.8,218
24013,MD,"Carroll County, MD",64285.0,3570.0,3352.0,0.939,218
35006,NM,"Cibola County, NM",8503.0,2227.0,2009.0,0.902,218
47171,TN,"Unicoi County, TN",7795.0,1277.0,1059.0,0.829,218
13251,GA,"Screven County, GA",4932.0,891.0,674.0,0.756,217
26089,MI,"Leelanau County, MI",9645.0,674.0,457.0,0.678,217
29149,MO,"Oregon County, MO",3380.0,889.0,672.0,0.756,217
39039,OH,"Defiance County, OH",15327.0,1648.0,1431.0,0.868,217
46101,SD,"Moody County, SD",2559.0,325.0,108.0,0.332,217
40127,OK,"Pushmataha County, OK",4431.0,1001.0,785.0,0.784,216
48093,TX,"Comanche County, TX",5355.0,776.0,560.0,0.722,216
55067,WI,"Langlade County, WI",8881.0,1407.0,1191.0,0.846,216
56009,WY,"Converse County, WY",5772.0,605.0,389.0,0.643,216
05001,AR,"Arkansas County, AR",6705.0,1211.0,996.0,0.822,215
21001,KY,"Adair County, KY",7136.0,1423.0,1208.0,0.849,215
46033,SD,"Custer County, SD",4451.0,419.0,204.0,0.487,215
01023,AL,"Choctaw County, AL",5255.0,1037.0,823.0,0.794,214
13133,GA,"Greene County, GA",8198.0,804.0,590.0,0.734,214
22127,LA,"Winn Parish, LA",4790.0,1093.0,879.0,0.804,214
31045,NE,"Dawes County, NE",3453.0,558.0,344.0,0.616,214
48501,TX,"Yoakum County, TX",2612.0,299.0,85.0,0.284,214
29177,MO,"Ray County, MO",9116.0,1167.0,954.0,0.817,213
37117,NC,"Martin County, NC",9502.0,2125.0,1912.0,0.9,213
40073,OK,"Kingfisher County, OK",5684.0,679.0,466.0,0.686,213
19127,IA,"Marshall County, IA",15496.0,1637.0,1425.0,0.87,212
19141,IA,"O'Brien County, IA",5809.0,662.0,450.0,0.68,212
13189,GA,"McDuffie County, GA",8149.0,1600.0,1389.0,0.868,211
16047,ID,"Gooding County, ID",5702.0,686.0,475.0,0.692,211
37067,NC,"Forsyth County, NC",159925.0,22516.0,22305.0,0.991,211
47151,TN,"Scott County, TN",8755.0,2184.0,1973.0,0.903,211
48373,TX,"Polk County, TX",19517.0,3381.0,3170.0,0.938,211
32019,NV,"Lyon County, NV",23745.0,2813.0,2603.0,0.925,210
51095,VA,"James City County, VA",31990.0,2282.0,2072.0,0.908,210
05099,AR,"Nevada County, AR",3251.0,536.0,327.0,0.61,209
12069,FL,"Lake County, FL",164497.0,16026.0,15818.0,0.987,208
48467,TX,"Van Zandt County, TX",22682.0,2711.0,2503.0,0.923,208
51131,VA,"Northampton County, VA",5437.0,1019.0,811.0,0.796,208
13137,GA,"Habersham County, GA",16753.0,2457.0,2250.0,0.916,207
19081,IA,"Hancock County, IA",4673.0,513.0,306.0,0.596,207
04021,AZ,"Pinal County, AZ",161917.0,17718.0,17512.0,0.988,206
48243,TX,"Jeff Davis County, TX",966.0,259.0,53.0,0.205,206
48331,TX,"Milam County, TX",10152.0,1341.0,1135.0,0.846,206
23015,ME,"Lincoln County, ME",16592.0,1508.0,1303.0,0.864,205
16009,ID,"Benewah County, ID",4072.0,636.0,432.0,0.679,204
27063,MN,"Jackson County, MN",4387.0,431.0,227.0,0.527,204
27147,MN,"Steele County, MN",15138.0,1363.0,1159.0,0.85,204
72061,PR,"Guaynabo Municipio, PR",36309.0,9554.0,9350.0,0.979,204
31145,NE,"Red Willow County, NE",4504.0,618.0,415.0,0.672,203
49007,UT,"Carbon County, UT",8123.0,1338.0,1135.0,0.848,203
21041,KY,"Carroll County, KY",4178.0,906.0,704.0,0.777,202
21163,KY,"Meade County, KY",11007.0,1463.0,1261.0,0.862,202
38057,ND,"Mercer County, ND",3594.0,300.0,98.0,0.327,202
13027,GA,"Brooks County, GA",6052.0,1452.0,1251.0,0.862,201
22013,LA,"Bienville Parish, LA",5556.0,1475.0,1274.0,0.864,201
31131,NE,"Otoe County, NE",6383.0,583.0,382.0,0.655,201
51093,VA,"Isle of Wight County, VA",15756.0,1394.0,1193.0,0.856,201
16003,ID,"Adams County, ID",1776.0,282.0,82.0,0.291,200
21015,KY,"Boone County, KY",50963.0,3529.0,3329.0,0.943,200
40097,OK,"Mayes County, OK",15315.0,2360.0,2160.0,0.915,200
47079,TN,"Henry County, TN",13452.0,1962.0,1762.0,0.898,200
51640,VA,"Galax city, VA",2763.0,810.0,610.0,0.753,200
54085,WV,"Ritchie County, WV",3389.0,740.0,540.0,0.73,200
29023,MO,"Butler County, MO",16594.0,3565.0,3366.0,0.944,199
30007,MT,"Broadwater County, MT",2822.0,299.0,100.0,0.334,199
35003,NM,"Catron County, NM",1789.0,365.0,166.0,0.455,199
55117,WI,"Sheboygan County, WI",49725.0,4553.0,4354.0,0.956,199
56045,WY,"Weston County, WY",2848.0,276.0,77.0,0.279,199
05041,AR,"Desha County, AR",4610.0,1271.0,1073.0,0.844,198
18119,IN,"Owen County, IN",8618.0,1036.0,838.0,0.809,198
29083,MO,"Henry County, MO",9217.0,1198.0,1000.0,0.835,198
30035,MT,"Glacier County, MT",4291.0,1221.0,1023.0,0.838,198
32007,NV,"Elko County, NV",19627.0,1979.0,1781.0,0.9,198
46065,SD,"Hughes County, SD",7253.0,644.0,446.0,0.693,198
55065,WI,"Lafayette County, WI",6763.0,786.0,588.0,0.748,198
06089,CA,"Shasta County, CA",71232.0,9766.0,9569.0,0.98,197
13235,GA,"Pulaski County, GA",3575.0,730.0,533.0,0.73,197
28019,MS,"Choctaw County, MS",3464.0,669.0,472.0,0.706,197
29223,MO,"Wayne County, MO",4623.0,1041.0,844.0,0.811,197
20029,KS,"Cloud County, KS",3819.0,386.0,190.0,0.492,196
31067,NE,"Gage County, NE",9327.0,1212.0,1016.0,0.838,196
36031,NY,"Essex County, NY",16342.0,1907.0,1711.0,0.897,196
47047,TN,"Fayette County, TN",17210.0,1859.0,1663.0,0.895,196
48013,TX,"Atascosa County, TX",16786.0,2921.0,2725.0,0.933,196
16039,ID,"Elmore County, ID",11067.0,1053.0,858.0,0.815,195
19075,IA,"Grundy County, IA",5117.0,421.0,226.0,0.537,195
20127,KS,"Morris County, KS",2550.0,295.0,100.0,0.339,195
20147,KS,"Phillips County, KS",2273.0,336.0,141.0,0.42,195
48313,TX,"Madison County, TX",4225.0,642.0,447.0,0.696,195
51089,VA,"Henry County, VA",21043.0,3808.0,3613.0,0.949,195
20191,KS,"Sumner County, KS",8970.0,1081.0,887.0,0.821,194
29186,MO,"Ste. Genevieve County, MO",7137.0,661.0,467.0,0.707,194
39027,OH,"Clinton County, OH",16761.0,2082.0,1888.0,0.907,194
20139,KS,"Osage County, KS",6432.0,657.0,464.0,0.706,193
30073,MT,"Pondera County, MT",2268.0,397.0,204.0,0.514,193
40117,OK,"Pawnee County, OK",6108.0,1138.0,947.0,0.832,191
45049,SC,"Hampton County, SC",7225.0,1592.0,1401.0,0.88,191
08125,CO,"Yuma County, CO",4078.0,731.0,541.0,0.74,190
16079,ID,"Shoshone County, ID",5763.0,785.0,595.0,0.758,190
27007,MN,"Beltrami County, MN",18172.0,2637.0,2447.0,0.928,190
27045,MN,"Fillmore County, MN",8723.0,772.0,582.0,0.754,190
72121,PR,"Sabana Grande Municipio, PR",8101.0,3776.0,3586.0,0.95,190
29075,MO,"Gentry County, MO",2426.0,403.0,214.0,0.531,189
31025,NE,"Cass County, NE",10832.0,651.0,462.0,0.71,189
31107,NE,"Knox County, NE",3422.0,443.0,254.0,0.573,189
49037,UT,"San Juan County, UT",4555.0,878.0,690.0,0.786,188
51630,VA,"Fredericksburg city, VA",11720.0,1437.0,1249.0,0.869,188
20131,KS,"Nemaha County, KS",4031.0,321.0,134.0,0.417,187
55023,WI,"Crawford County, WI",6706.0,915.0,728.0,0.796,187
20145,KS,"Pawnee County, KS",2391.0,246.0,60.0,0.244,186
21055,KY,"Crittenden County, KY",3543.0,563.0,377.0,0.67,186
48117,TX,"Deaf Smith County, TX",6051.0,996.0,810.0,0.813,186
48307,TX,"McCulloch County, TX",3297.0,591.0,405.0,0.685,186
13267,GA,"Tattnall County, GA",7630.0,1879.0,1694.0,0.902,185
18159,IN,"Tipton County, IN",6266.0,606.0,421.0,0.695,185
19197,IA,"Wright County, IA",5353.0,696.0,511.0,0.734,185
13115,GA,"Floyd County, GA",36856.0,5666.0,5482.0,0.968,184
27149,MN,"Stevens County, MN",3889.0,566.0,382.0,0.675,184
48075,TX,"Childress County, TX",1838.0,346.0,162.0,0.468,184
51161,VA,"Roanoke County, VA",39725.0,3114.0,2930.0,0.941,184
54083,WV,"Randolph County, WV",10678.0,1957.0,1773.0,0.906,184
20115,KS,"Marion County, KS",4750.0,473.0,290.0,0.613,183
21087,KY,"Green County, KY",4421.0,1054.0,871.0,0.826,183
40009,OK,"Beckham County, OK",8188.0,1702.0,1519.0,0.892,183
01057,AL,"Fayette County, AL",6255.0,1306.0,1124.0,0.861,182
19145,IA,"Page County, IA",6255.0,980.0,798.0,0.814,182
27059,MN,"Isanti County, MN",16293.0,1280.0,1098.0,0.858,182
29115,MO,"Linn County, MO",4801.0,604.0,422.0,0.699,182
39011,OH,"Auglaize County, OH",18940.0,1471.0,1289.0,0.876,182
19117,IA,"Lucas County, IA",3708.0,548.0,367.0,0.67,181
21019,KY,"Boyd County, KY",19309.0,3522.0,3341.0,0.949,181
29139,MO,"Montgomery County, MO",4640.0,697.0,516.0,0.74,181
31089,NE,"Holt County, NE",4050.0,516.0,335.0,0.649,181
18175,IN,"Washington County, IN",11229.0,1415.0,1235.0,0.873,180
27121,MN,"Pope County, MN",4958.0,534.0,354.0,0.663,180
08039,CO,"Elbert County, CO",10004.0,572.0,393.0,0.687,179
13085,GA,"Dawson County, GA",11573.0,1003.0,824.0,0.822,179
18029,IN,"Dearborn County, IN",20282.0,1750.0,1571.0,0.898,179
19023,IA,"Butler County, IA",5863.0,590.0,411.0,0.697,179
21155,KY,"Marion County, KY",7724.0,1362.0,1183.0,0.869,179
48195,TX,"Hansford County, TX",1858.0,231.0,52.0,0.225,179
05077,AR,"Lee County, AR",2690.0,926.0,748.0,0.808,178
19119,IA,"Lyon County, IA",4479.0,322.0,144.0,0.447,178
26029,MI,"Charlevoix County, MI",12267.0,1161.0,983.0,0.847,178
29089,MO,"Howard County, MO",3585.0,458.0,281.0,0.614,177
49027,UT,"Millard County, UT",4357.0,385.0,208.0,0.54,177
01015,AL,"Calhoun County, AL",45015.0,8233.0,8057.0,0.979,176
05137,AR,"Stone County, AR",5262.0,1115.0,939.0,0.842,176
16011,ID,"Bingham County, ID",16132.0,1841.0,1665.0,0.904,176
19047,IA,"Crawford County, IA",6331.0,842.0,666.0,0.791,176
20003,KS,"Anderson County, KS",3208.0,343.0,167.0,0.487,176
21095,KY,"Harlan County, KY",10731.0,3015.0,2839.0,0.942,176
12029,FL,"Dixie County, FL",6236.0,1250.0,1075.0,0.86,175
13317,GA,"Wilkes County, GA",4133.0,901.0,726.0,0.806,175
05067,AR,"Jackson County, AR",6076.0,1348.0,1174.0,0.871,174
13181,GA,"Lincoln County, GA",2997.0,523.0,349.0,0.667,174
16019,ID,"Bonneville County, ID",44184.0,4181.0,4007.0,0.958,174
16035,ID,"Clearwater County, ID",3636.0,479.0,305.0,0.637,174
31147,NE,"Richardson County, NE",3554.0,442.0,268.0,0.606,174
18049,IN,"Fulton County, IN",8051.0,1169.0,996.0,0.852,173
21139,KY,"Livingston County, KY",3603.0,622.0,449.0,0.722,173
30089,MT,"Sanders County, MT",5451.0,783.0,610.0,0.779,173
54039,WV,"Kanawha County, WV",76459.0,12254.0,12081.0,0.986,173
05095,AR,"Monroe County, AR",2790.0,622.0,450.0,0.723,172
31121,NE,"Merrick County, NE",3205.0,356.0,184.0,0.517,172
31157,NE,"Scotts Bluff County, NE",15078.0,1971.0,1799.0,0.913,172
51177,VA,"Spotsylvania County, VA",52481.0,3661.0,3489.0,0.953,172
01001,AL,"Autauga County, AL",22917.0,2287.0,2116.0,0.925,171
18115,IN,"Ohio County, IN",2619.0,261.0,90.0,0.345,171
21173,KY,"Montgomery County, KY",11005.0,1987.0,1816.0,0.914,171
31003,NE,"Antelope County, NE",2636.0,295.0,124.0,0.42,171
51127,VA,"New Kent County, VA",9263.0,585.0,414.0,0.708,171
01093,AL,"Marion County, AL",10614.0,2010.0,1841.0,0.916,169
13055,GA,"Chattooga County, GA",9154.0,1893.0,1724.0,0.911,169
27091,MN,"Martin County, MN",8839.0,1260.0,1091.0,0.866,169
28009,MS,"Benton County, MS",3074.0,699.0,530.0,0.758,169
47107,TN,"McMinn County, TN",21218.0,3042.0,2873.0,0.944,169
55039,WI,"Fond du Lac County, WI",43243.0,4264.0,4095.0,0.96,169
56035,WY,"Sublette County, WY",3693.0,263.0,94.0,0.357,169
18107,IN,"Montgomery County, IN",15602.0,1610.0,1442.0,0.896,168
30107,MT,"Wheatland County, MT",883.0,222.0,54.0,0.243,168
13173,GA,"Lanier County, GA",3483.0,836.0,669.0,0.8,167
27023,MN,"Chippewa County, MN",5126.0,671.0,504.0,0.751,167
31167,NE,"Stanton County, NE",2313.0,279.0,112.0,0.401,167
48415,TX,"Scurry County, TX",5876.0,638.0,471.0,0.738,167
27047,MN,"Freeborn County, MN",12846.0,1386.0,1220.0,0.88,166
53029,WA,"Island County, WA",35972.0,2937.0,2771.0,0.943,166
01035,AL,"Conecuh County, AL",4417.0,1047.0,882.0,0.842,165
20067,KS,"Grant County, KS",2379.0,199.0,34.0,0.171,165
20181,KS,"Sherman County, KS",2449.0,250.0,85.0,0.34,165
29217,MO,"Vernon County, MO",7754.0,1324.0,1159.0,0.875,165
54097,WV,"Upshur County, WV",9557.0,1980.0,1815.0,0.917,165
21101,KY,"Henderson County, KY",18522.0,3015.0,2851.0,0.946,164
46047,SD,"Fall River County, SD",3632.0,545.0,382.0,0.701,163
08065,CO,"Lake County, CO",3020.0,393.0,231.0,0.588,162
19149,IA,"Plymouth County, IA",10313.0,845.0,683.0,0.808,162
39159,OH,"Union County, OH",24232.0,1339.0,1177.0,0.879,162
20123,KS,"Mitchell County, KS",2680.0,298.0,137.0,0.46,161
21079,KY,"Garrard County, KY",6695.0,991.0,830.0,0.838,161
31039,NE,"Cuming County, NE",3807.0,258.0,97.0,0.376,161
56011,WY,"Crook County, WY",2907.0,179.0,18.0,0.101,161
31137,NE,"Phelps County, NE",3916.0,548.0,389.0,0.71,159
54069,WV,"Ohio County, WV",18342.0,3552.0,3393.0,0.955,159
19029,IA,"Cass County, IA",5844.0,857.0,699.0,0.816,158
19093,IA,"Ida County, IA",3050.0,390.0,232.0,0.595,158
27081,MN,"Lincoln County, MN",2445.0,329.0,171.0,0.52,158
37023,NC,"Burke County, NC",36306.0,5360.0,5202.0,0.971,158
40107,OK,"Okfuskee County, OK",4009.0,919.0,761.0,0.828,158
48077,TX,"Clay County, TX",4289.0,431.0,273.0,0.633,158
19129,IA,"Mills County, IA",5394.0,507.0,350.0,0.69,157
30065,MT,"Musselshell County, MT",2148.0,377.0,220.0,0.584,157
31111,NE,"Lincoln County, NE",14890.0,1887.0,1730.0,0.917,157
45033,SC,"Dillon County, SC",10829.0,2753.0,2596.0,0.943,157
20077,KS,"Harper County, KS",2206.0,373.0,217.0,0.582,156
21061,KY,"Edmonson County, KY",5099.0,826.0,670.0,0.811,156
21217,KY,"Taylor County, KY",10260.0,1706.0,1550.0,0.909,156
26007,MI,"Alpena County, MI",13019.0,2334.0,2178.0,0.933,156
29205,MO,"Shelby County, MO",2391.0,356.0,200.0,0.562,156
38071,ND,"Ramsey County, ND",5410.0,746.0,590.0,0.791,156
46049,SD,"Faulk County, SD",862.0,168.0,12.0,0.071,156
48083,TX,"Coleman County, TX",3343.0,595.0,439.0,0.738,156
13155,GA,"Irwin County, GA",3589.0,686.0,531.0,0.774,155
21191,KY,"Pendleton County, KY",5442.0,994.0,839.0,0.844,155
27129,MN,"Renville County, MN",6056.0,675.0,520.0,0.77,155
46093,SD,"Meade County, SD",11968.0,863.0,708.0,0.82,155
08033,CO,"Dolores County, CO",1254.0,247.0,93.0,0.377,154
17051,IL,"Fayette County, IL",7814.0,1063.0,909.0,0.855,154
19079,IA,"Hamilton County, IA",6434.0,671.0,517.0,0.77,154
20043,KS,"Doniphan County, KS",2724.0,358.0,204.0,0.57,154
20193,KS,"Thomas County, KS",3139.0,273.0,119.0,0.436,154
21187,KY,"Owen County, KY",4252.0,650.0,496.0,0.763,154
22035,LA,"East Carroll Parish, LA",2617.0,929.0,775.0,0.834,154
19165,IA,"Shelby County, IA",4882.0,509.0,356.0,0.699,153
31133,NE,"Pawnee County, NE",1090.0,217.0,64.0,0.295,153
37055,NC,"Dare County, NC",16836.0,1004.0,851.0,0.848,153
51021,VA,"Bland County, VA",2376.0,272.0,119.0,0.438,153
20047,KS,"Edwards County, KS",1162.0,204.0,52.0,0.255,152
20189,KS,"Stevens County, KS",1888.0,163.0,11.0,0.067,152
45009,SC,"Bamberg County, SC",4644.0,1269.0,1117.0,0.88,152
20065,KS,"Graham County, KS",1191.0,225.0,74.0,0.329,151
30083,MT,"Richland County, MT",4422.0,344.0,193.0,0.561,151
40005,OK,"Atoka County, OK",4975.0,893.0,742.0,0.831,151
46037,SD,"Day County, SD",2371.0,319.0,168.0,0.527,151
13193,GA,"Macon County, GA",4142.0,1271.0,1121.0,0.882,150
28077,MS,"Lawrence County, MS",4407.0,980.0,830.0,0.847,150
29067,MO,"Douglas County, MO",4654.0,821.0,671.0,0.817,150
38021,ND,"Dickey County, ND",1962.0,258.0,108.0,0.419,150
51101,VA,"King William County, VA",7352.0,648.0,498.0,0.769,150
18143,IN,"Scott County, IN",9848.0,1549.0,1400.0,0.904,149
29045,MO,"Clark County, MO",2423.0,337.0,188.0,0.558,149
48319,TX,"Mason County, TX",1711.0,229.0,80.0,0.349,149
48461,TX,"Upton County, TX",1360.0,253.0,104.0,0.411,149
51610,VA,"Falls Church city, VA",6273.0,246.0,97.0,0.394,149
13165,GA,"Jenkins County, GA",3216.0,834.0,686.0,0.823,148
28015,MS,"Carroll County, MS",4258.0,867.0,719.0,0.829,148
05101,AR,"Newton County, AR",3179.0,499.0,353.0,0.707,146
21011,KY,"Bath County, KY",4698.0,1065.0,919.0,0.863,146
22025,LA,"Catahoula Parish, LA",3201.0,763.0,617.0,0.809,146
54029,WV,"Hancock County, WV",12824.0,2087.0,1941.0,0.93,146
55013,WI,"Burnett County, WI",7188.0,1046.0,900.0,0.86,146
29005,MO,"Atchison County, MO",2287.0,277.0,132.0,0.477,145
40007,OK,"Beaver County, OK",1673.0,216.0,71.0,0.329,145
46023,SD,"Charles Mix County, SD",3032.0,575.0,430.0,0.748,145
48089,TX,"Colorado County, TX",7937.0,902.0,757.0,0.839,145
22085,LA,"Sabine Parish, LA",8785.0,2080.0,1936.0,0.931,144
46041,SD,"Dewey County, SD",1692.0,503.0,359.0,0.714,144
05135,AR,"Sharp County, AR",6856.0,1332.0,1189.0,0.893,143
13253,GA,"Seminole County, GA",3767.0,945.0,802.0,0.849,143
19143,IA,"Osceola County, IA",2634.0,371.0,228.0,0.615,143
37109,NC,"Lincoln County, NC",36811.0,4347.0,4204.0,0.967,143
51530,VA,"Buena Vista city, VA",2554.0,491.0,348.0,0.709,143
13105,GA,"Elbert County, GA",8376.0,1434.0,1292.0,0.901,142
21049,KY,"Clark County, KY",15055.0,2172.0,2030.0,0.935,142
28153,MS,"Wayne County, MS",7681.0,1747.0,1605.0,0.919,142
30025,MT,"Fallon County, MT",1178.0,169.0,27.0,0.16,142
40059,OK,"Harper County, OK",1333.0,201.0,59.0,0.294,142
17087,IL,"Johnson County, IL",4101.0,671.0,530.0,0.79,141
30099,MT,"Teton County, MT",2469.0,260.0,119.0,0.458,141
31033,NE,"Cheyenne County, NE",4464.0,689.0,548.0,0.795,141
13005,GA,"Bacon County, GA",4204.0,1018.0,878.0,0.862,140
46077,SD,"Kingsbury County, SD",2112.0,223.0,83.0,0.372,140
51065,VA,"Fluvanna County, VA",10329.0,825.0,685.0,0.83,140
48153,TX,"Floyd County, TX",1952.0,391.0,252.0,0.645,139
56043,WY,"Washakie County, WY",3394.0,397.0,258.0,0.65,139
19131,IA,"Mitchell County, IA",4597.0,490.0,352.0,0.718,138
39001,OH,"Adams County, OH",10421.0,2291.0,2153.0,0.94,138
47143,TN,"Rhea County, TN",13475.0,2435.0,2297.0,0.943,138
13229,GA,"Pierce County, GA",7605.0,1020.0,883.0,0.866,137
13309,GA,"Wheeler County, GA",1615.0,517.0,380.0,0.735,137
27021,MN,"Cass County, MN",12874.0,1628.0,1491.0,0.916,137
29117,MO,"Livingston County, MO",5608.0,694.0,557.0,0.803,137
31101,NE,"Keith County, NE",4051.0,497.0,360.0,0.724,137
36041,NY,"Hamilton County, NY",2423.0,256.0,119.0,0.465,137
27005,MN,"Becker County, MN",14410.0,1804.0,1668.0,0.925,136
29211,MO,"Sullivan County, MO",2040.0,340.0,204.0,0.6,136
46079,SD,"Lake County, SD",4716.0,382.0,246.0,0.644,136
48009,TX,"Archer County, TX",3468.0,363.0,227.0,0.625,136
20007,KS,"Barber County, KS",1828.0,187.0,52.0,0.278,135
46019,SD,"Butte County, SD",4306.0,459.0,324.0,0.706,135
48365,TX,"Panola County, TX",8898.0,1104.0,969.0,0.878,135
29025,MO,"Caldwell County, MO",3769.0,450.0,316.0,0.702,134
35017,NM,"Grant County, NM",11295.0,2296.0,2162.0,0.942,134
40087,OK,"McClain County, OK",16421.0,1415.0,1281.0,0.905,134
48051,TX,"Burleson County, TX",7900.0,1075.0,941.0,0.875,134
51187,VA,"Warren County, VA",15339.0,1743.0,1609.0,0.923,134
18041,IN,"Fayette County, IN",9422.0,1459.0,1326.0,0.909,133
19053,IA,"Decatur County, IA",3055.0,430.0,297.0,0.691,133
19089,IA,"Howard County, IA",3773.0,378.0,245.0,0.648,133
27043,MN,"Faribault County, MN",6079.0,745.0,612.0,0.821,133
47095,TN,"Lake County, TN",2067.0,790.0,657.0,0.832,133
47135,TN,"Perry County, TN",3610.0,613.0,480.0,0.783,133
48283,TX,"La Salle County, TX",1647.0,362.0,229.0,0.633,133
13007,GA,"Baker County, GA",1108.0,299.0,168.0,0.562,131
20013,KS,"Brown County, KS",3794.0,570.0,439.0,0.77,131
26119,MI,"Montmorency County, MI",4921.0,960.0,829.0,0.864,131
29185,MO,"St. Clair County, MO",4071.0,682.0,551.0,0.808,131
39047,OH,"Fayette County, OH",11582.0,1784.0,1653.0,0.927,131
51735,VA,"Poquoson city, VA",4728.0,222.0,91.0,0.41,131
01045,AL,"Dale County, AL",19727.0,3767.0,3637.0,0.965,130
19063,IA,"Emmet County, IA",4063.0,474.0,344.0,0.726,130
20205,KS,"Wilson County, KS",3517.0,482.0,352.0,0.73,130
27039,MN,"Dodge County, MN",8083.0,620.0,490.0,0.79,130
30095,MT,"Stillwater County, MT",3810.0,344.0,214.0,0.622,130
31021,NE,"Burt County, NE",2929.0,432.0,302.0,0.699,130
45027,SC,"Clarendon County, SC",12356.0,2241.0,2111.0,0.942,130
51179,VA,"Stafford County, VA",52326.0,2429.0,2299.0,0.946,130
54017,WV,"Doddridge County, WV",2554.0,394.0,264.0,0.67,130
72125,PR,"San Germán Municipio, PR",11860.0,6355.0,6225.0,0.98,130
01029,AL,"Cleburne County, AL",5980.0,996.0,867.0,0.87,129
16071,ID,"Oneida County, ID",1921.0,222.0,93.0,0.419,129
20159,KS,"Rice County, KS",3714.0,398.0,269.0,0.676,129
13221,GA,"Oglethorpe County, GA",5411.0,781.0,653.0,0.836,128
16013,ID,"Blaine County, ID",10413.0,553.0,425.0,0.769,128
29125,MO,"Maries County, MO",3428.0,513.0,385.0,0.75,128
48045,TX,"Briscoe County, TX",553.0,164.0,36.0,0.22,128
48237,TX,"Jack County, TX",2986.0,444.0,316.0,0.712,128
51115,VA,"Mathews County, VA",3987.0,383.0,255.0,0.666,128
05039,AR,"Dallas County, AR",2558.0,509.0,382.0,0.75,127
18133,IN,"Putnam County, IN",14142.0,1277.0,1150.0,0.901,127
20197,KS,"Wabaunsee County, KS",2684.0,251.0,124.0,0.494,127
21149,KY,"McLean County, KY",3641.0,501.0,374.0,0.747,127
21215,KY,"Spencer County, KY",7308.0,608.0,481.0,0.791,127
31011,NE,"Boone County, NE",2191.0,213.0,86.0,0.404,127
31017,NE,"Brown County, NE",1275.0,204.0,77.0,0.377,127
55003,WI,"Ashland County, WI",6832.0,1102.0,975.0,0.885,127
19121,IA,"Madison County, IA",6696.0,534.0,408.0,0.764,126
21031,KY,"Butler County, KY",4567.0,932.0,806.0,0.865,126
21097,KY,"Harrison County, KY",7293.0,1283.0,1157.0,0.902,126
21181,KY,"Nicholas County, KY",2776.0,556.0,430.0,0.773,126
37103,NC,"Jones County, NC",4125.0,767.0,641.0,0.836,126
46045,SD,"Edmunds County, SD",1630.0,183.0,57.0,0.311,126
54043,WV,"Lincoln County, WV",7673.0,1964.0,1838.0,0.936,126
28147,MS,"Walthall County, MS",5290.0,1228.0,1103.0,0.898,125
48279,TX,"Lamb County, TX",4677.0,791.0,666.0,0.842,125
29081,MO,"Harrison County, MO",3195.0,561.0,437.0,0.779,124
30057,MT,"Madison County, MT",3740.0,256.0,132.0,0.516,124
40035,OK,"Craig County, OK",5190.0,879.0,755.0,0.859,124
46039,SD,"Deuel County, SD",1754.0,185.0,61.0,0.33,124
02110,AK,"Juneau City and Borough, AK",13167.0,963.0,840.0,0.872,123
19107,IA,"Keokuk County, IA",4068.0,504.0,381.0,0.756,123
20095,KS,"Kingman County, KS",3166.0,330.0,207.0,0.627,123
31099,NE,"Kearney County, NE",2814.0,234.0,111.0,0.474,123
48459,TX,"Upshur County, TX",15583.0,2045.0,1922.0,0.94,123
08027,CO,"Custer County, CO",2672.0,326.0,204.0,0.626,122
19161,IA,"Sac County, IA",4302.0,443.0,321.0,0.725,122
40083,OK,"Logan County, OK",17834.0,2029.0,1907.0,0.94,122
18139,IN,"Rush County, IN",6746.0,795.0,674.0,0.848,121
21069,KY,"Fleming County, KY",5859.0,1313.0,1192.0,0.908,121
29145,MO,"Newton County, MO",22129.0,2848.0,2727.0,0.958,121
38069,ND,"Pierce County, ND",1854.0,254.0,133.0,0.524,121
46109,SD,"Roberts County, SD",3625.0,507.0,386.0,0.761,121
47061,TN,"Grundy County, TN",5161.0,989.0,868.0,0.878,121
56027,WY,"Niobrara County, WY",1188.0,174.0,53.0,0.305,121
48081,TX,"Coke County, TX",1594.0,354.0,234.0,0.661,120
51173,VA,"Smyth County, VA",12659.0,2272.0,2152.0,0.947,120
02090,AK,"Fairbanks North Star Borough, AK",36359.0,2586.0,2467.0,0.954,119
12037,FL,"Franklin County, FL",4949.0,826.0,707.0,0.856,119
12059,FL,"Holmes County, FL",7011.0,1119.0,1000.0,0.894,119
20185,KS,"Stafford County, KS",1579.0,171.0,52.0,0.304,119
40015,OK,"Caddo County, OK",9053.0,1510.0,1391.0,0.921,119
40053,OK,"Grant County, OK",1612.0,310.0,191.0,0.616,119
46071,SD,"Jackson County, SD",830.0,314.0,195.0,0.621,119
47069,TN,"Hardeman County, TN",9110.0,1878.0,1759.0,0.937,119
18121,IN,"Parke County, IN",6147.0,899.0,781.0,0.869,118
19099,IA,"Jasper County, IA",15010.0,1223.0,1105.0,0.904,118
29061,MO,"Daviess County, MO",3020.0,367.0,249.0,0.678,118
46129,SD,"Walworth County, SD",2415.0,300.0,182.0,0.607,118
47137,TN,"Pickett County, TN",2167.0,496.0,378.0,0.762,118
16063,ID,"Lincoln County, ID",1848.0,228.0,111.0,0.487,117
19007,IA,"Appanoose County, IA",5199.0,806.0,689.0,0.855,117
29171,MO,"Putnam County, MO",1791.0,251.0,134.0,0.534,117
36113,NY,"Warren County, NY",30133.0,3057.0,2940.0,0.962,117
37009,NC,"Ashe County, NC",12201.0,1826.0,1709.0,0.936,117
51075,VA,"Goochland County, VA",10342.0,500.0,383.0,0.766,117
18147,IN,"Spencer County, IN",8078.0,656.0,540.0,0.823,116
20023,KS,"Cheyenne County, KS",1210.0,163.0,47.0,0.288,116
51099,VA,"King George County, VA",10133.0,809.0,693.0,0.857,116
13071,GA,"Colquitt County, GA",16803.0,3419.0,3304.0,0.966,115
19055,IA,"Delaware County, IA",7369.0,745.0,630.0,0.846,115
19181,IA,"Warren County, IA",20679.0,1385.0,1270.0,0.917,115
20107,KS,"Linn County, KS",4348.0,475.0,360.0,0.758,115
72147,PR,"Vieques Municipio, PR",3125.0,1734.0,1619.0,0.934,115
08011,CO,"Bent County, CO",1875.0,516.0,402.0,0.779,114
13045,GA,"Carroll County, GA",44106.0,6510.0,6397.0,0.983,113
54093,WV,"Tucker County, WV",2840.0,476.0,363.0,0.763,113
12125,FL,"Union County, FL",4316.0,838.0,726.0,0.866,112
27165,MN,"Watonwan County, MN",4227.0,511.0,399.0,0.781,112
31185,NE,"York County, NE",5712.0,532.0,420.0,0.789,112
45005,SC,"Allendale County, SC",3238.0,1040.0,928.0,0.892,112
38009,ND,"Bottineau County, ND",2674.0,249.0,138.0,0.554,111
08107,CO,"Routt County, CO",11281.0,685.0,575.0,0.839,110
21159,KY,"Martin County, KY",3854.0,1235.0,1125.0,0.911,110
27143,MN,"Sibley County, MN",5929.0,600.0,490.0,0.817,110
01091,AL,"Marengo County, AL",7898.0,1972.0,1863.0,0.945,109
21091,KY,"Hancock County, KY",3638.0,646.0,537.0,0.831,109
21099,KY,"Hart County, KY",7376.0,1489.0,1380.0,0.927,109
28025,MS,"Clay County, MS",7805.0,1747.0,1638.0,0.938,109
31031,NE,"Cherry County, NE",2233.0,208.0,99.0,0.476,109
39143,OH,"Sandusky County, OH",24686.0,3449.0,3340.0,0.968,109
46051,SD,"Grant County, SD",3029.0,338.0,230.0,0.68,108
06051,CA,"Mono County, CA",5744.0,373.0,266.0,0.713,107
12093,FL,"Okeechobee County, FL",15113.0,2590.0,2483.0,0.959,107
20143,KS,"Ottawa County, KS",2408.0,285.0,178.0,0.625,107
20157,KS,"Republic County, KS",1996.0,197.0,90.0,0.457,107
27101,MN,"Murray County, MN",3609.0,329.0,222.0,0.675,107
38005,ND,"Benson County, ND",2025.0,523.0,416.0,0.795,107
46123,SD,"Tripp County, SD",2258.0,338.0,231.0,0.683,107
48129,TX,"Donley County, TX",1180.0,147.0,40.0,0.272,107
49017,UT,"Garfield County, UT",2042.0,221.0,114.0,0.516,107
01005,AL,"Barbour County, AL",9128.0,2049.0,1943.0,0.948,106
19005,IA,"Allamakee County, IA",5950.0,600.0,494.0,0.823,106
38041,ND,"Hettinger County, ND",1130.0,153.0,47.0,0.307,106
12007,FL,"Bradford County, FL",9278.0,1708.0,1603.0,0.939,105
36003,NY,"Allegany County, NY",17710.0,2918.0,2813.0,0.964,105
39083,OH,"Knox County, OH",23491.0,2567.0,2462.0,0.959,105
46007,SD,"Bennett County, SD",920.0,261.0,156.0,0.598,105
55121,WI,"Trempealeau County, WI",12533.0,1245.0,1140.0,0.916,105
04009,AZ,"Graham County, AZ",12746.0,2177.0,2073.0,0.952,104
19151,IA,"Pocahontas County, IA",3000.0,333.0,229.0,0.688,104
51067,VA,"Franklin County, VA",22999.0,3043.0,2939.0,0.966,104
16077,ID,"Power County, ID",2815.0,353.0,250.0,0.708,103
20203,KS,"Wichita County, KS",824.0,150.0,47.0,0.313,103
27161,MN,"Waseca County, MN",7477.0,761.0,658.0,0.865,103
29033,MO,"Carroll County, MO",3522.0,420.0,317.0,0.755,103
29039,MO,"Cedar County, MO",5773.0,808.0,705.0,0.873,103
30039,MT,"Granite County, MT",1514.0,190.0,87.0,0.458,103
36069,NY,"Ontario County, NY",48311.0,4277.0,4174.0,0.976,103
46015,SD,"Brule County, SD",1955.0,225.0,122.0,0.542,103
46025,SD,"Clark County, SD",1336.0,128.0,25.0,0.195,103
46043,SD,"Douglas County, SD",1138.0,124.0,21.0,0.169,103
08105,CO,"Rio Grande County, CO",5133.0,976.0,874.0,0.895,102
20053,KS,"Ellsworth County, KS",2453.0,266.0,164.0,0.617,102
20201,KS,"Washington County, KS",2373.0,230.0,128.0,0.557,102
31027,NE,"Cedar County, NE",3444.0,288.0,186.0,0.646,102
08007,CO,"Archuleta County, CO",5921.0,510.0,409.0,0.802,101
47173,TN,"Union County, TN",7931.0,1272.0,1171.0,0.921,101
19031,IA,"Cedar County, IA",7622.0,597.0,497.0,0.832,100
19153,IA,"Polk County, IA",205358.0,20265.0,20165.0,0.995,100
21153,KY,"Magoffin County, KY",4734.0,1859.0,1759.0,0.946,100
27051,MN,"Grant County, MN",2490.0,307.0,207.0,0.674,100
27167,MN,"Wilkin County, MN",2655.0,380.0,281.0,0.739,99
19133,IA,"Monona County, IA",3878.0,438.0,340.0,0.776,98
20075,KS,"Hamilton County, KS",757.0,120.0,22.0,0.183,98
20119,KS,"Meade County, KS",1502.0,195.0,97.0,0.497,98
27031,MN,"Cook County, MN",2710.0,210.0,112.0,0.533,98
27075,MN,"Lake County, MN",4942.0,524.0,426.0,0.813,98
42109,PA,"Snyder County, PA",14600.0,1553.0,1455.0,0.937,98
47097,TN,"Lauderdale County, TN",9325.0,2215.0,2117.0,0.956,98
47159,TN,"Smith County, TN",7932.0,878.0,780.0,0.888,98
20081,KS,"Haskell County, KS",1403.0,135.0,38.0,0.281,97
31123,NE,"Morrill County, NE",1918.0,320.0,223.0,0.697,97
38073,ND,"Ransom County, ND",2337.0,233.0,136.0,0.584,97
48179,TX,"Gray County, TX",7991.0,1204.0,1107.0,0.919,97
51057,VA,"Essex County, VA",4447.0,668.0,571.0,0.855,97
31163,NE,"Sherman County, NE",1325.0,165.0,69.0,0.418,96
37159,NC,"Rowan County, NC",58899.0,9534.0,9438.0,0.99,96
55015,WI,"Calumet County, WI",21372.0,1397.0,1301.0,0.931,96
08045,CO,"Garfield County, CO",23404.0,1963.0,1868.0,0.952,95
19095,IA,"Iowa County, IA",6909.0,545.0,450.0,0.826,95
19137,IA,"Montgomery County, IA",4585.0,762.0,667.0,0.875,95
19189,IA,"Winnebago County, IA",4641.0,561.0,466.0,0.831,95
28065,MS,"Jefferson Davis County, MS",4453.0,1071.0,976.0,0.911,95
40141,OK,"Tillman County, OK",2668.0,612.0,517.0,0.845,95
46115,SD,"Spink County, SD",2486.0,202.0,107.0,0.53,95
29203,MO,"Shannon County, MO",2882.0,483.0,389.0,0.805,94
46031,SD,"Corson County, SD",1128.0,377.0,283.0,0.751,94
01107,AL,"Pickens County, AL",6764.0,1346.0,1253.0,0.931,93
21161,KY,"Mason County, KY",7131.0,1560.0,1467.0,0.94,93
38039,ND,"Griggs County, ND",992.0,150.0,57.0,0.38,93
40063,OK,"Hughes County, OK",4034.0,731.0,638.0,0.873,93
02240,AK,"Southeast Fairbanks Census Area, AK",2497.0,306.0,214.0,0.699,92
13209,GA,"Montgomery County, GA",3143.0,655.0,563.0,0.86,92
21057,KY,"Cumberland County, KY",2630.0,817.0,725.0,0.887,92
38051,ND,"McIntosh County, ND",1196.0,169.0,77.0,0.456,92
40003,OK,"Alfalfa County, OK",1938.0,275.0,183.0,0.665,92
56017,WY,"Hot Springs County, WY",2140.0,260.0,168.0,0.646,92
29087,MO,"Holt County, MO",1744.0,209.0,118.0,0.565,91
38011,ND,"Bowman County, ND",1291.0,157.0,66.0,0.42,91
51139,VA,"Page County, VA",9911.0,1436.0,1345.0,0.937,91
13233,GA,"Polk County, GA",15901.0,2833.0,2743.0,0.968,90
16007,ID,"Bear Lake County, ID",2278.0,197.0,107.0,0.543,90
18125,IN,"Pike County, IN",5021.0,568.0,478.0,0.842,90
19111,IA,"Lee County, IA",14323.0,2029.0,1939.0,0.956,90
20105,KS,"Lincoln County, KS",1278.0,174.0,84.0,0.483,90
21189,KY,"Owsley County, KY",1567.0,683.0,593.0,0.868,90
47169,TN,"Trousdale County, TN",3700.0,495.0,405.0,0.818,90
16061,ID,"Lewis County, ID",1574.0,244.0,155.0,0.635,89
21165,KY,"Menifee County, KY",2478.0,667.0,578.0,0.867,89
41001,OR,"Baker County, OR",7355.0,1314.0,1225.0,0.932,89
48327,TX,"Menard County, TX",942.0,175.0,86.0,0.491,89
48447,TX,"Throckmorton County, TX",737.0,167.0,78.0,0.467,89
17191,IL,"Wayne County, IL",6866.0,1049.0,961.0,0.916,88
19041,IA,"Clay County, IA",7282.0,771.0,683.0,0.886,88
20073,KS,"Greenwood County, KS",2666.0,412.0,324.0,0.786,88
20109,KS,"Logan County, KS",1241.0,186.0,98.0,0.527,88
20163,KS,"Rooks County, KS",2136.0,165.0,77.0,0.467,88
31087,NE,"Hitchcock County, NE",1111.0,170.0,82.0,0.482,88
47033,TN,"Crockett County, TN",5508.0,829.0,741.0,0.894,88
51141,VA,"Patrick County, VA",7781.0,1068.0,980.0,0.918,88
08095,CO,"Phillips County, CO",1952.0,307.0,220.0,0.717,87
20175,KS,"Seward County, KS",7257.0,798.0,711.0,0.891,87
40077,OK,"Latimer County, OK",3901.0,818.0,731.0,0.894,87
48253,TX,"Jones County, TX",5915.0,958.0,871.0,0.909,87
51153,VA,"Prince William County, VA",156798.0,9211.0,9124.0,0.991,87
55019,WI,"Clark County, WI",12839.0,1435.0,1348.0,0.939,87
08085,CO,"Montrose County, CO",18069.0,2109.0,2023.0,0.959,86
13001,GA,"Appling County, GA",7178.0,1492.0,1406.0,0.942,86
22091,LA,"St. Helena Parish, LA",4176.0,1367.0,1281.0,0.937,86
46102,SD,"Oglala Lakota County, SD",2923.0,1532.0,1446.0,0.944,86
48023,TX,"Baylor County, TX",1530.0,329.0,243.0,0.739,86
48353,TX,"Nolan County, TX",5886.0,1246.0,1160.0,0.931,86
31059,NE,"Fillmore County, NE",2357.0,225.0,140.0,0.622,85
40099,OK,"Murray County, OK",4956.0,690.0,605.0,0.877,85
48193,TX,"Hamilton County, TX",3120.0,486.0,401.0,0.825,85
05025,AR,"Cleveland County, AR",2931.0,467.0,383.0,0.82,84
31061,NE,"Franklin County, NE",1293.0,169.0,85.0,0.503,84
48305,TX,"Lynn County, TX",2099.0,340.0,256.0,0.753,84
19009,IA,"Audubon County, IA",2596.0,301.0,218.0,0.724,83
26111,MI,"Midland County, MI",34993.0,4180.0,4097.0,0.98,83
39175,OH,"Wyandot County, OH",8999.0,838.0,755.0,0.901,83
46009,SD,"Bon Homme County, SD",2418.0,235.0,152.0,0.647,83
48103,TX,"Crane County, TX",1632.0,146.0,63.0,0.432,83
48165,TX,"Gaines County, TX",6929.0,622.0,539.0,0.867,83
48295,TX,"Lipscomb County, TX",1025.0,144.0,61.0,0.424,83
13201,GA,"Miller County, GA",2573.0,535.0,453.0,0.847,82
13227,GA,"Pickens County, GA",13430.0,1388.0,1306.0,0.941,82
29179,MO,"Reynolds County, MO",2335.0,461.0,379.0,0.822,82
30023,MT,"Deer Lodge County, MT",4473.0,668.0,586.0,0.877,82
32029,NV,"Storey County, NV",1892.0,165.0,83.0,0.503,82
38019,ND,"Cavalier County, ND",1560.0,155.0,73.0,0.471,82
21073,KY,"Franklin County, KY",22718.0,3081.0,3000.0,0.974,81
26039,MI,"Crawford County, MI",6231.0,1003.0,922.0,0.919,81
29011,MO,"Barton County, MO",4454.0,904.0,823.0,0.91,81
36099,NY,"Seneca County, NY",13606.0,1718.0,1637.0,0.953,81
38027,ND,"Eddy County, ND",1173.0,158.0,77.0,0.487,81
38095,ND,"Towner County, ND",989.0,126.0,45.0,0.357,81
47077,TN,"Henderson County, TN",10920.0,1883.0,1802.0,0.957,81
19077,IA,"Guthrie County, IA",4600.0,445.0,365.0,0.82,80
20135,KS,"Ness County, KS",1161.0,118.0,38.0,0.322,80
22059,LA,"LaSalle Parish, LA",5049.0,922.0,842.0,0.913,80
26001,MI,"Alcona County, MI",5305.0,744.0,664.0,0.892,80
27077,MN,"Lake of the Woods County, MN",1817.0,134.0,54.0,0.403,80
38043,ND,"Kidder County, ND",1170.0,143.0,63.0,0.441,80
48293,TX,"Limestone County, TX",8389.0,1470.0,1390.0,0.946,80
08009,CO,"Baca County, CO",1657.0,432.0,353.0,0.817,79
17147,IL,"Piatt County, IL",6924.0,512.0,433.0,0.846,79
20069,KS,"Gray County, KS",2136.0,125.0,46.0,0.368,79
21175,KY,"Morgan County, KY",4882.0,986.0,907.0,0.92,79
31125,NE,"Nance County, NE",1342.0,172.0,93.0,0.541,79
31143,NE,"Polk County, NE",2114.0,183.0,104.0,0.568,79
48425,TX,"Somervell County, TX",3713.0,282.0,203.0,0.72,79
49001,UT,"Beaver County, UT",2518.0,192.0,113.0,0.589,79
26131,MI,"Ontonagon County, MI",3149.0,434.0,356.0,0.82,78
29063,MO,"DeKalb County, MO",3732.0,368.0,290.0,0.788,78
30097,MT,"Sweet Grass County, MT",1552.0,150.0,72.0,0.48,78
46091,SD,"Marshall County, SD",1651.0,104.0,26.0,0.25,78
26003,MI,"Alger County, MI",3531.0,465.0,388.0,0.834,77
30005,MT,"Blaine County, MT",2280.0,413.0,336.0,0.814,77
19195,IA,"Worth County, IA",3178.0,288.0,212.0,0.736,76
20129,KS,"Morton County, KS",972.0,155.0,79.0,0.51,76
20207,KS,"Woodson County, KS",1254.0,169.0,93.0,0.55,76
40145,OK,"Wagoner County, OK",31379.0,2768.0,2692.0,0.973,76
54095,WV,"Tyler County, WV",3296.0,720.0,644.0,0.894,76
19147,IA,"Palo Alto County, IA",3782.0,455.0,380.0,0.835,75
21137,KY,"Lincoln County, KY",9705.0,1852.0,1777.0,0.96,75
46067,SD,"Hutchinson County, SD",2908.0,306.0,231.0,0.755,75
04011,AZ,"Greenlee County, AZ",3591.0,279.0,205.0,0.735,74
18161,IN,"Union County, IN",2940.0,256.0,182.0,0.711,74
27069,MN,"Kittson County, MN",1774.0,164.0,90.0,0.549,74
27089,MN,"Marshall County, MN",3781.0,320.0,246.0,0.769,74
31035,NE,"Clay County, NE",2490.0,225.0,151.0,0.671,74
46017,SD,"Buffalo County, SD",508.0,194.0,120.0,0.619,74
48413,TX,"Schleicher County, TX",964.0,144.0,70.0,0.486,74
54109,WV,"Wyoming County, WV",8068.0,2022.0,1948.0,0.963,74
17053,IL,"Ford County, IL",5828.0,915.0,842.0,0.92,73
19091,IA,"Humboldt County, IA",4219.0,549.0,476.0,0.867,73
26133,MI,"Osceola County, MI",9356.0,1484.0,1411.0,0.951,73
30011,MT,"Carter County, MT",600.0,105.0,32.0,0.305,73
38037,ND,"Grant County, ND",1059.0,196.0,123.0,0.628,73
38091,ND,"Steele County, ND",806.0,100.0,27.0,0.27,73
45001,SC,"Abbeville County, SC",9762.0,1484.0,1411.0,0.951,73
48359,TX,"Oldham County, TX",614.0,81.0,8.0,0.099,73
05013,AR,"Calhoun County, AR",1690.0,208.0,136.0,0.654,72
29199,MO,"Scotland County, MO",1550.0,137.0,65.0,0.474,72
30045,MT,"Judith Basin County, MT",918.0,121.0,49.0,0.405,72
40043,OK,"Dewey County, OK",1631.0,220.0,148.0,0.673,72
40091,OK,"McIntosh County, OK",7784.0,1661.0,1589.0,0.957,72
47085,TN,"Humphreys County, TN",7241.0,907.0,835.0,0.921,72
20031,KS,"Coffey County, KS",3545.0,377.0,306.0,0.812,71
38047,ND,"Logan County, ND",777.0,111.0,40.0,0.36,71
01041,AL,"Crenshaw County, AL",5233.0,1157.0,1087.0,0.939,70
27125,MN,"Red Lake County, MN",1671.0,159.0,89.0,0.56,70
29103,MO,"Knox County, MO",1288.0,176.0,106.0,0.602,70
30049,MT,"Lewis and Clark County, MT",31215.0,2502.0,2432.0,0.972,70
38049,ND,"McHenry County, ND",2244.0,211.0,141.0,0.668,70
47121,TN,"Meigs County, TN",5235.0,898.0,828.0,0.922,70
20089,KS,"Jewell County, KS",1317.0,131.0,62.0,0.473,69
21129,KY,"Lee County, KY",2595.0,814.0,745.0,0.915,69
32011,NV,"Eureka County, NV",622.0,85.0,16.0,0.188,69
39081,OH,"Jefferson County, OH",27143.0,4562.0,4493.0,0.985,69
46089,SD,"McPherson County, SD",915.0,98.0,29.0,0.296,69
20165,KS,"Rush County, KS",1387.0,156.0,88.0,0.564,68
26101,MI,"Manistee County, MI",10561.0,1343.0,1275.0,0.949,68
26105,MI,"Mason County, MI",12801.0,1714.0,1646.0,0.96,68
29093,MO,"Iron County, MO",3861.0,773.0,705.0,0.912,68
30009,MT,"Carbon County, MT",4664.0,354.0,286.0,0.808,68
30019,MT,"Daniels County, MT",734.0,89.0,21.0,0.236,68
40089,OK,"McCurtain County, OK",11143.0,2444.0,2376.0,0.972,68
40103,OK,"Noble County, OK",4147.0,518.0,450.0,0.869,68
47127,TN,"Moore County, TN",2739.0,251.0,183.0,0.729,68
48115,TX,"Dawson County, TX",4043.0,859.0,791.0,0.921,68
51009,VA,"Amherst County, VA",12694.0,1395.0,1327.0,0.951,68
51035,VA,"Carroll County, VA",12576.0,1971.0,1903.0,0.965,68
28125,MS,"Sharkey County, MS",1422.0,413.0,346.0,0.838,67
40037,OK,"Creek County, OK",28246.0,4236.0,4169.0,0.984,67
48095,TX,"Concho County, TX",814.0,123.0,56.0,0.455,67
55083,WI,"Oconto County, WI",16811.0,1577.0,1510.0,0.958,67
16023,ID,"Butte County, ID",1073.0,183.0,117.0,0.639,66
30101,MT,"Toole County, MT",1852.0,210.0,144.0,0.686,66
36123,NY,"Yates County, NY",9490.0,1078.0,1012.0,0.939,66
38023,ND,"Divide County, ND",1016.0,84.0,18.0,0.214,66
46085,SD,"Lyman County, SD",1188.0,202.0,136.0,0.673,66
54013,WV,"Calhoun County, WV",2525.0,709.0,643.0,0.907,66
30037,MT,"Golden Valley County, MT",376.0,68.0,3.0,0.044,65
31069,NE,"Garden County, NE",858.0,160.0,95.0,0.594,65
31165,NE,"Sioux County, NE",490.0,76.0,11.0,0.145,65
36121,NY,"Wyoming County, NY",16453.0,1881.0,1816.0,0.965,65
51135,VA,"Nottoway County, VA",5611.0,917.0,852.0,0.929,65
08073,CO,"Lincoln County, CO",1971.0,307.0,243.0,0.792,64
21223,KY,"Trimble County, KY",3382.0,427.0,364.0,0.852,63
29041,MO,"Chariton County, MO",2681.0,252.0,189.0,0.75,63
30051,MT,"Liberty County, MT",724.0,110.0,47.0,0.427,63
40137,OK,"Stephens County, OK",17567.0,3159.0,3096.0,0.98,63
46107,SD,"Potter County, SD",1066.0,85.0,22.0,0.259,63
48417,TX,"Shackelford County, TX",1293.0,170.0,107.0,0.629,63
51157,VA,"Rappahannock County, VA",2985.0,224.0,161.0,0.719,63
13263,GA,"Talbot County, GA",2529.0,647.0,585.0,0.904,62
20039,KS,"Decatur County, KS",1327.0,130.0,68.0,0.523,62
20063,KS,"Gove County, KS",1168.0,93.0,31.0,0.333,62
46057,SD,"Hamlin County, SD",2194.0,133.0,71.0,0.534,62
16043,ID,"Fremont County, ID",4654.0,470.0,409.0,0.87,61
17095,IL,"Knox County, IL",20972.0,3296.0,3235.0,0.981,61
19135,IA,"Monroe County, IA",3089.0,302.0,241.0,0.798,61
21033,KY,"Caldwell County, KY",5025.0,762.0,701.0,0.92,61
21039,KY,"Carlisle County, KY",1865.0,293.0,232.0,0.792,61
21131,KY,"Leslie County, KY",4231.0,1292.0,1232.0,0.954,60
37049,NC,"Craven County, NC",42871.0,6075.0,6015.0,0.99,60
38031,ND,"Foster County, ND",1531.0,206.0,146.0,0.709,60
12045,FL,"Gulf County, FL",5944.0,773.0,714.0,0.924,59
13273,GA,"Terrell County, GA",3383.0,884.0,825.0,0.933,59
27173,MN,"Yellow Medicine County, MN",4070.0,360.0,301.0,0.836,59
30091,MT,"Sheridan County, MT",1476.0,121.0,62.0,0.512,59
46073,SD,"Jerauld County, SD",785.0,86.0,27.0,0.314,59
47005,TN,"Benton County, TN",7121.0,1185.0,1126.0,0.95,59
47081,TN,"Hickman County, TN",9435.0,1011.0,952.0,0.942,59
48457,TX,"Tyler County, TX",7145.0,1234.0,1175.0,0.952,59
01007,AL,"Bibb County, AL",7704.0,1650.0,1592.0,0.965,58
12053,FL,"Hernando County, FL",82475.0,10266.0,10208.0,0.994,58
23029,ME,"Washington County, ME",14187.0,2721.0,2663.0,0.979,58
26083,MI,"Keweenaw County, MI",1135.0,142.0,84.0,0.592,58
30043,MT,"Jefferson County, MT",4996.0,315.0,257.0,0.816,58
38029,ND,"Emmons County, ND",1528.0,197.0,139.0,0.706,58
38045,ND,"LaMoure County, ND",1745.0,158.0,100.0,0.633,58
39067,OH,"Harrison County, OH",5948.0,869.0,811.0,0.933,58
40085,OK,"Love County, OK",3899.0,595.0,537.0,0.903,58
41037,OR,"Lake County, OR",3480.0,649.0,591.0,0.911,58
48119,TX,"Delta County, TX",2173.0,297.0,239.0,0.805,58
48405,TX,"San Augustine County, TX",2940.0,747.0,689.0,0.922,58
49029,UT,"Morgan County, UT",3785.0,71.0,13.0,0.183,58
23027,ME,"Waldo County, ME",17470.0,2237.0,2180.0,0.975,57
27029,MN,"Clearwater County, MN",3339.0,495.0,438.0,0.885,57
31077,NE,"Greeley County, NE",958.0,115.0,58.0,0.504,57
35033,NM,"Mora County, NM",1968.0,457.0,400.0,0.875,57
35059,NM,"Union County, NM",1438.0,347.0,290.0,0.836,57
46053,SD,"Gregory County, SD",1609.0,184.0,127.0,0.69,57
17193,IL,"White County, IL",5672.0,1117.0,1061.0,0.95,56
19051,IA,"Davis County, IA",3201.0,271.0,215.0,0.793,56
19173,IA,"Taylor County, IA",2488.0,308.0,252.0,0.818,56
37005,NC,"Alleghany County, NC",5177.0,781.0,725.0,0.928,56
38103,ND,"Wells County, ND",1787.0,173.0,117.0,0.676,56
48391,TX,"Refugio County, TX",2495.0,408.0,352.0,0.863,56
48399,TX,"Runnels County, TX",3809.0,470.0,414.0,0.881,56
27011,MN,"Big Stone County, MN",2136.0,258.0,203.0,0.787,55
27065,MN,"Kanabec County, MN",6564.0,679.0,624.0,0.919,55
32027,NV,"Pershing County, NV",1736.0,216.0,161.0,0.745,55
46105,SD,"Perkins County, SD",1309.0,162.0,107.0,0.66,55
48483,TX,"Wheeler County, TX",1928.0,318.0,263.0,0.827,55
49055,UT,"Wayne County, UT",1156.0,136.0,81.0,0.596,55
08111,CO,"San Juan County, CO",399.0,88.0,34.0,0.386,54
13029,GA,"Bryan County, GA",16603.0,1368.0,1314.0,0.961,54
19085,IA,"Harrison County, IA",6089.0,447.0,393.0,0.879,54
20001,KS,"Allen County, KS",5011.0,521.0,467.0,0.896,54
21229,KY,"Washington County, KY",4852.0,839.0,785.0,0.936,54
26135,MI,"Oscoda County, MI",3788.0,670.0,616.0,0.919,54
26153,MI,"Schoolcraft County, MI",3890.0,512.0,458.0,0.895,54
42113,PA,"Sullivan County, PA",2551.0,261.0,207.0,0.793,54
31043,NE,"Dakota County, NE",7459.0,795.0,743.0,0.935,52
38065,ND,"Oliver County, ND",725.0,61.0,9.0,0.148,52
30015,MT,"Chouteau County, MT",2159.0,255.0,204.0,0.8,51
31135,NE,"Perkins County, NE",1192.0,112.0,61.0,0.545,51
31139,NE,"Pierce County, NE",2842.0,260.0,209.0,0.804,51
38007,ND,"Billings County, ND",407.0,51.0,0.0,0.0,51
46003,SD,"Aurora County, SD",1064.0,98.0,47.0,0.48,51
49031,UT,"Piute County, UT",555.0,104.0,53.0,0.51,51
29197,MO,"Schuyler County, MO",1307.0,150.0,100.0,0.667,50
31071,NE,"Garfield County, NE",701.0,85.0,35.0,0.412,50
46055,SD,"Haakon County, SD",687.0,71.0,21.0,0.296,50
46087,SD,"McCook County, SD",2221.0,162.0,112.0,0.691,50
47049,TN,"Fentress County, TN",7831.0,1813.0,1763.0,0.972,50
48065,TX,"Carson County, TX",2293.0,151.0,101.0,0.669,50
05087,AR,"Madison County, AR",6463.0,796.0,747.0,0.938,49
31149,NE,"Rock County, NE",600.0,81.0,32.0,0.395,49
31169,NE,"Thayer County, NE",2087.0,200.0,151.0,0.755,49
48385,TX,"Real County, TX",1128.0,212.0,163.0,0.769,49
54001,WV,"Barbour County, WV",6152.0,1248.0,1199.0,0.961,49
30033,MT,"Garfield County, MT",432.0,61.0,13.0,0.213,48
30079,MT,"Prairie County, MT",545.0,127.0,79.0,0.622,48
39111,OH,"Monroe County, OH",5651.0,805.0,757.0,0.94,48
40067,OK,"Jefferson County, OK",2163.0,535.0,487.0,0.91,48
40075,OK,"Kiowa County, OK",3438.0,763.0,715.0,0.937,48
48079,TX,"Cochran County, TX",922.0,248.0,200.0,0.806,48
48281,TX,"Lampasas County, TX",8390.0,781.0,733.0,0.939,48
13157,GA,"Jackson County, GA",28402.0,2172.0,2125.0,0.978,47
21167,KY,"Mercer County, KY",9181.0,1051.0,1004.0,0.955,47
28143,MS,"Tunica County, MS",3800.0,1124.0,1077.0,0.958,47
30105,MT,"Valley County, MT",2951.0,294.0,247.0,0.84,47
31029,NE,"Chase County, NE",1476.0,116.0,69.0,0.595,47
38001,ND,"Adams County, ND",1030.0,177.0,130.0,0.734,47
51580,VA,"Covington city, VA",2576.0,517.0,470.0,0.909,47
21075,KY,"Fulton County, KY",2550.0,630.0,584.0,0.927,46
24047,MD,"Worcester County, MD",24136.0,2431.0,2385.0,0.981,46
30109,MT,"Wibaux County, MT",461.0,67.0,21.0,0.313,46
38025,ND,"Dunn County, ND",1571.0,104.0,58.0,0.558,46
40069,OK,"Johnston County, OK",3891.0,802.0,756.0,0.943,46
40147,OK,"Washington County, OK",20957.0,3300.0,3254.0,0.986,46
55047,WI,"Green Lake County, WI",8285.0,1012.0,966.0,0.955,46
01051,AL,"Elmore County, AL",32856.0,3510.0,3465.0,0.987,45
20101,KS,"Lane County, KS",709.0,65.0,20.0,0.308,45
38083,ND,"Sheridan County, ND",675.0,93.0,48.0,0.516,45
26095,MI,"Luce County, MI",2455.0,397.0,353.0,0.889,44
31085,NE,"Hayes County, NE",377.0,63.0,19.0,0.302,44
46075,SD,"Jones County, SD",342.0,48.0,4.0,0.083,44
27093,MN,"Meeker County, MN",9347.0,831.0,788.0,0.948,43
29227,MO,"Worth County, MO",847.0,136.0,93.0,0.684,43
31083,NE,"Harlan County, NE",1197.0,106.0,63.0,0.594,43
48155,TX,"Foard County, TX",437.0,51.0,8.0,0.157,43
48443,TX,"Terrell County, TX",451.0,59.0,16.0,0.271,43
20183,KS,"Smith County, KS",1578.0,131.0,89.0,0.679,42
21115,KY,"Johnson County, KY",9040.0,2326.0,2284.0,0.982,42
29035,MO,"Carter County, MO",2038.0,446.0,404.0,0.906,42
31075,NE,"Grant County, NE",284.0,48.0,6.0,0.125,42
31095,NE,"Jefferson County, NE",3136.0,434.0,392.0,0.903,42
47007,TN,"Bledsoe County, TN",4858.0,920.0,878.0,0.954,42
48383,TX,"Reagan County, TX",1033.0,104.0,62.0,0.596,42
48409,TX,"San Patricio County, TX",25334.0,3665.0,3623.0,0.989,42
02185,AK,"North Slope Borough, AK",2281.0,361.0,320.0,0.886,41
12067,FL,"Lafayette County, FL",2632.0,478.0,437.0,0.914,41
39137,OH,"Putnam County, OH",13153.0,939.0,898.0,0.956,41
50027,VT,"Windsor County, VT",25293.0,2478.0,2437.0,0.983,41
08091,CO,"Ouray County, CO",2623.0,142.0,102.0,0.718,40
17151,IL,"Pope County, IL",1385.0,166.0,126.0,0.759,40
21201,KY,"Robertson County, KY",810.0,188.0,148.0,0.787,40
31175,NE,"Valley County, NE",1796.0,216.0,176.0,0.815,40
40011,OK,"Blaine County, OK",3381.0,522.0,482.0,0.923,40
40129,OK,"Roger Mills County, OK",1416.0,188.0,148.0,0.787,40
02068,AK,"Denali Borough, AK",565.0,56.0,17.0,0.304,39
06035,CA,"Lassen County, CA",9247.0,1278.0,1239.0,0.969,39
13249,GA,"Schley County, GA",1639.0,292.0,253.0,0.866,39
20025,KS,"Clark County, KS",788.0,77.0,38.0,0.494,39
20049,KS,"Elk County, KS",999.0,112.0,73.0,0.652,39
28135,MS,"Tallahatchie County, MS",4306.0,1029.0,990.0,0.962,39
38063,ND,"Nelson County, ND",1338.0,105.0,66.0,0.629,39
45011,SC,"Barnwell County, SC",8116.0,2029.0,1990.0,0.981,39
49013,UT,"Duchesne County, UT",6878.0,759.0,720.0,0.949,39
55119,WI,"Taylor County, WI",8046.0,785.0,746.0,0.95,39
27117,MN,"Pipestone County, MN",3971.0,467.0,429.0,0.919,38
31161,NE,"Sheridan County, NE",2108.0,253.0,215.0,0.85,38
48287,TX,"Lee County, TX",6984.0,867.0,829.0,0.956,38
48421,TX,"Sherman County, TX",843.0,75.0,37.0,0.493,38
54035,WV,"Jackson County, WV",11515.0,2245.0,2207.0,0.983,38
13293,GA,"Upson County, GA",10595.0,2437.0,2400.0,0.985,37
26025,MI,"Calhoun County, MI",53333.0,7212.0,7175.0,0.995,37
28131,MS,"Stone County, MS",6705.0,1077.0,1040.0,0.966,37
32021,NV,"Mineral County, NV",1830.0,292.0,255.0,0.873,37
48345,TX,"Motley County, TX",460.0,95.0,58.0,0.611,37
48397,TX,"Rockwall County, TX",41237.0,1796.0,1759.0,0.979,37
51169,VA,"Scott County, VA",9127.0,2150.0,2113.0,0.983,37
13305,GA,"Wayne County, GA",11061.0,2271.0,2235.0,0.984,36
13315,GA,"Wilcox County, GA",2614.0,563.0,527.0,0.936,36
16025,ID,"Camas County, ID",370.0,37.0,1.0,0.027,36
26023,MI,"Branch County, MI",16906.0,2197.0,2161.0,0.984,36
30055,MT,"McCone County, MT",798.0,38.0,2.0,0.053,36
30059,MT,"Meagher County, MT",927.0,116.0,80.0,0.69,36
46111,SD,"Sanborn County, SD",946.0,90.0,54.0,0.6,36
48433,TX,"Stonewall County, TX",513.0,77.0,41.0,0.532,36
49023,UT,"Juab County, UT",3862.0,266.0,230.0,0.865,36
51045,VA,"Craig County, VA",1735.0,205.0,169.0,0.824,36
27095,MN,"Mille Lacs County, MN",10672.0,1205.0,1170.0,0.971,35
28155,MS,"Webster County, MS",4073.0,739.0,704.0,0.953,35
35021,NM,"Harding County, NM",286.0,60.0,25.0,0.417,35
41021,OR,"Gilliam County, OR",875.0,136.0,101.0,0.743,35
46059,SD,"Hand County, SD",1405.0,89.0,54.0,0.607,35
46125,SD,"Turner County, SD",3568.0,339.0,304.0,0.897,35
47129,TN,"Morgan County, TN",7188.0,1068.0,1033.0,0.967,35
51103,VA,"Lancaster County, VA",5701.0,601.0,566.0,0.942,35
13301,GA,"Warren County, GA",2097.0,502.0,468.0,0.932,34
31057,NE,"Dundy County, NE",779.0,96.0,62.0,0.646,34
48229,TX,"Hudspeth County, TX",842.0,207.0,173.0,0.836,34
48435,TX,"Sutton County, TX",1273.0,119.0,85.0,0.714,34
55071,WI,"Manitowoc County, WI",35188.0,3651.0,3617.0,0.991,34
08079,CO,"Mineral County, CO",386.0,63.0,30.0,0.476,33
20017,KS,"Chase County, KS",1147.0,97.0,64.0,0.66,33
20179,KS,"Sheridan County, KS",987.0,73.0,40.0,0.548,33
48063,TX,"Camp County, TX",4817.0,833.0,800.0,0.96,33
51011,VA,"Appomattox County, VA",6639.0,1047.0,1014.0,0.968,33
51690,VA,"Martinsville city, VA",5711.0,1412.0,1379.0,0.977,33
72001,PR,"Adjuntas Municipio, PR",6069.0,3629.0,3596.0,0.991,33
01087,AL,"Macon County, AL",7237.0,1777.0,1745.0,0.982,32
40029,OK,"Coal County, OK",2051.0,394.0,362.0,0.919,32
46061,SD,"Hanson County, SD",1132.0,67.0,35.0,0.522,32
08019,CO,"Clear Creek County, CO",4677.0,312.0,281.0,0.901,31
31091,NE,"Hooker County, NE",327.0,32.0,1.0,0.031,31
53023,WA,"Garfield County, WA",1031.0,171.0,140.0,0.819,31
12065,FL,"Jefferson County, FL",5751.0,1214.0,1184.0,0.975,30
13109,GA,"Evans County, GA",4077.0,831.0,801.0,0.964,30
20085,KS,"Jackson County, KS",5013.0,378.0,348.0,0.921,30
31129,NE,"Nuckolls County, NE",1919.0,139.0,109.0,0.784,30
36049,NY,"Lewis County, NY",11110.0,1424.0,1394.0,0.979,30
48033,TX,"Borden County, TX",243.0,30.0,0.0,0.0,30
13191,GA,"McIntosh County, GA",5067.0,1136.0,1107.0,0.974,29
20071,KS,"Greeley County, KS",541.0,40.0,11.0,0.275,29
31015,NE,"Boyd County, NE",744.0,80.0,51.0,0.637,29
36087,NY,"Rockland County, NY",103879.0,12427.0,12398.0,0.998,29
37077,NC,"Granville County, NC",22474.0,3160.0,3131.0,0.991,29
46099,SD,"Minnehaha County, SD",84814.0,7153.0,7124.0,0.996,29
46137,SD,"Ziebach County, SD",735.0,215.0,186.0,0.865,29
48231,TX,"Hunt County, TX",38466.0,4537.0,4508.0,0.994,29
48267,TX,"Kimble County, TX",2041.0,261.0,232.0,0.889,29
17127,IL,"Massac County, IL",5457.0,959.0,931.0,0.971,28
31103,NE,"Keya Paha County, NE",302.0,32.0,4.0,0.125,28
36051,NY,"Livingston County, NY",24473.0,2580.0,2552.0,0.989,28
46063,SD,"Harding County, SD",498.0,38.0,10.0,0.263,28
48269,TX,"King County, TX",111.0,28.0,0.0,0.0,28
51091,VA,"Highland County, VA",1003.0,109.0,81.0,0.743,28
55035,WI,"Eau Claire County, WI",44726.0,4990.0,4962.0,0.994,28
18171,IN,"Warren County, IN",3359.0,277.0,250.0,0.903,27
21007,KY,"Ballard County, KY",3209.0,408.0,381.0,0.934,27
30075,MT,"Powder River County, MT",708.0,65.0,38.0,0.585,27
16029,ID,"Caribou County, ID",2474.0,216.0,190.0,0.88,26
26085,MI,"Lake County, MI",5190.0,1015.0,989.0,0.974,26
27151,MN,"Swift County, MN",4121.0,531.0,505.0,0.951,26
30103,MT,"Treasure County, MT",360.0,51.0,25.0,0.49,26
40025,OK,"Cimarron County, OK",707.0,65.0,39.0,0.6,26
46097,SD,"Miner County, SD",932.0,90.0,64.0,0.711,26
48207,TX,"Haskell County, TX",2123.0,354.0,328.0,0.927,26
48395,TX,"Robertson County, TX",6701.0,1074.0,1048.0,0.976,26
19025,IA,"Calhoun County, IA",3993.0,403.0,378.0,0.938,25
19183,IA,"Washington County, IA",8972.0,753.0,728.0,0.967,25
27073,MN,"Lac qui Parle County, MN",2924.0,281.0,256.0,0.911,25
31049,NE,"Deuel County, NE",837.0,95.0,70.0,0.737,25
31063,NE,"Frontier County, NE",1074.0,149.0,124.0,0.832,25
46021,SD,"Campbell County, SD",754.0,68.0,43.0,0.632,25
48131,TX,"Duval County, TX",3053.0,784.0,759.0,0.968,25
51181,VA,"Surry County, VA",2830.0,291.0,266.0,0.914,25
51678,VA,"Lexington city, VA",2187.0,413.0,388.0,0.939,25
55129,WI,"Washburn County, WI",7566.0,898.0,873.0,0.972,25
12043,FL,"Glades County, FL",4500.0,758.0,734.0,0.968,24
31009,NE,"Blaine County, NE",197.0,24.0,0.0,0.0,24
55125,WI,"Vilas County, WI",11147.0,1122.0,1098.0,0.979,24
02275,AK,"Wrangell City and Borough, AK",976.0,106.0,83.0,0.783,23
18135,IN,"Randolph County, IN",10364.0,1575.0,1552.0,0.985,23
20083,KS,"Hodgeman County, KS",697.0,53.0,30.0,0.566,23
31073,NE,"Gosper County, NE",836.0,85.0,62.0,0.729,23
36117,NY,"Wayne County, NY",38404.0,4391.0,4368.0,0.995,23
40019,OK,"Carter County, OK",19046.0,3113.0,3090.0,0.993,23
46069,SD,"Hyde County, SD",503.0,35.0,12.0,0.343,23
47145,TN,"Roane County, TN",22790.0,3006.0,2983.0,0.992,23
13065,GA,"Clinch County, GA",2428.0,638.0,616.0,0.966,22
19003,IA,"Adams County, IA",1540.0,168.0,146.0,0.869,22
19073,IA,"Greene County, IA",3922.0,343.0,321.0,0.936,22
31171,NE,"Thomas County, NE",304.0,35.0,13.0,0.371,22
32033,NV,"White Pine County, NV",3359.0,306.0,284.0,0.928,22
40045,OK,"Ellis County, OK",1478.0,192.0,170.0,0.885,22
48235,TX,"Irion County, TX",588.0,45.0,23.0,0.511,22
26015,MI,"Barry County, MI",24480.0,2317.0,2296.0,0.991,21
26033,MI,"Chippewa County, MI",14080.0,1867.0,1846.0,0.989,21
27079,MN,"Le Sueur County, MN",11650.0,882.0,861.0,0.976,21
37105,NC,"Lee County, NC",25145.0,3843.0,3822.0,0.995,21
48017,TX,"Bailey County, TX",2209.0,416.0,395.0,0.95,21
48125,TX,"Dickens County, TX",727.0,129.0,108.0,0.837,21
48275,TX,"Knox County, TX",1246.0,196.0,175.0,0.893,21
26091,MI,"Lenawee County, MI",38871.0,4336.0,4316.0,0.995,20
31115,NE,"Loup County, NE",244.0,35.0,15.0,0.429,20
48011,TX,"Armstrong County, TX",767.0,46.0,26.0,0.565,20
49033,UT,"Rich County, UT",923.0,50.0,30.0,0.6,20
19001,IA,"Adair County, IA",3236.0,337.0,318.0,0.944,19
20097,KS,"Kiowa County, KS",955.0,60.0,41.0,0.683,19
20199,KS,"Wallace County, KS",599.0,62.0,43.0,0.694,19
21077,KY,"Gallatin County, KY",3265.0,424.0,405.0,0.955,19
47101,TN,"Lewis County, TN",5387.0,1029.0,1010.0,0.982,19
53039,WA,"Klickitat County, WA",9872.0,1200.0,1181.0,0.984,19
06021,CA,"Glenn County, CA",9810.0,1458.0,1440.0,0.988,18
17035,IL,"Cumberland County, IL",4177.0,403.0,385.0,0.955,18
20033,KS,"Comanche County, KS",824.0,80.0,62.0,0.775,18
20141,KS,"Osborne County, KS",1579.0,147.0,129.0,0.878,18
30069,MT,"Petroleum County, MT",221.0,19.0,1.0,0.053,18
31183,NE,"Wheeler County, NE",359.0,28.0,10.0,0.357,18
48137,TX,"Edwards County, TX",404.0,109.0,91.0,0.835,18
48335,TX,"Mitchell County, TX",2758.0,375.0,357.0,0.952,18
08023,CO,"Costilla County, CO",1651.0,498.0,481.0,0.966,17
22037,LA,"East Feliciana Parish, LA",6401.0,946.0,929.0,0.982,17
31093,NE,"Howard County, NE",2504.0,186.0,169.0,0.909,17
38013,ND,"Burke County, ND",904.0,84.0,67.0,0.798,17
48311,TX,"McMullen County, TX",207.0,25.0,8.0,0.32,17
51036,VA,"Charles City County, VA",2911.0,326.0,309.0,0.948,17
51081,VA,"Greensville County, VA",3199.0,513.0,496.0,0.967,17
17009,IL,"Brown County, IL",2041.0,263.0,247.0,0.939,16
48151,TX,"Fisher County, TX",1564.0,234.0,218.0,0.932,16
48325,TX,"Medina County, TX",17804.0,1918.0,1902.0,0.992,16
02100,AK,"Haines Borough, AK",901.0,57.0,42.0,0.737,15
12013,FL,"Calhoun County, FL",4636.0,944.0,929.0,0.984,15
21105,KY,"Hickman County, KY",1731.0,346.0,331.0,0.957,15
29129,MO,"Mercer County, MO",1302.0,154.0,139.0,0.903,15
29207,MO,"Stoddard County, MO",11585.0,1774.0,1759.0,0.992,15
31117,NE,"McPherson County, NE",212.0,17.0,2.0,0.118,15
35041,NM,"Roosevelt County, NM",7441.0,1594.0,1579.0,0.991,15
38075,ND,"Renville County, ND",969.0,79.0,64.0,0.81,15
46119,SD,"Sully County, SD",637.0,46.0,31.0,0.674,15
47045,TN,"Dyer County, TN",14769.0,2351.0,2336.0,0.994,15
08025,CO,"Crowley County, CO",1337.0,314.0,300.0,0.955,14
19185,IA,"Wayne County, IA",2565.0,278.0,264.0,0.95,14
32017,NV,"Lincoln County, NV",1717.0,93.0,79.0,0.849,14
48191,TX,"Hall County, TX",1169.0,177.0,163.0,0.921,14
54007,WV,"Braxton County, WV",4790.0,1069.0,1055.0,0.987,14
16033,ID,"Clark County, ID",279.0,25.0,12.0,0.48,13
17033,IL,"Crawford County, IL",7492.0,1043.0,1030.0,0.988,13
31113,NE,"Logan County, NE",299.0,19.0,6.0,0.316,13
38087,ND,"Slope County, ND",374.0,22.0,9.0,0.409,13
48205,TX,"Hartley County, TX",1633.0,144.0,131.0,0.91,13
54053,WV,"Mason County, WV",10211.0,1891.0,1878.0,0.993,13
05117,AR,"Prairie County, AR",3256.0,451.0,439.0,0.973,12
12027,FL,"DeSoto County, FL",12824.0,2882.0,2870.0,0.996,12
31007,NE,"Banner County, NE",305.0,16.0,4.0,0.25,12
49015,UT,"Emery County, UT",3453.0,363.0,351.0,0.967,12
55045,WI,"Green County, WI",15775.0,1307.0,1296.0,0.992,11
08083,CO,"Montezuma County, CO",11269.0,1346.0,1336.0,0.993,10
19105,IA,"Jones County, IA",8198.0,878.0,868.0,0.989,10
20093,KS,"Kearny County, KS",1427.0,88.0,78.0,0.886,10
46095,SD,"Mellette County, SD",641.0,169.0,159.0,0.941,10
46117,SD,"Stanley County, SD",1290.0,40.0,30.0,0.75,10
22029,LA,"Concordia Parish, LA",6778.0,1830.0,1821.0,0.995,9
31041,NE,"Custer County, NE",4502.0,359.0,350.0,0.975,9
31181,NE,"Webster County, NE",1493.0,151.0,142.0,0.94,9
47185,TN,"White County, TN",11226.0,1472.0,1463.0,0.994,9
48161,TX,"Freestone County, TX",7090.0,1059.0,1050.0,0.992,9
02060,AK,"Bristol Bay Borough, AK",291.0,23.0,15.0,0.652,8
28055,MS,"Issaquena County, MS",350.0,92.0,84.0,0.913,8
38081,ND,"Sargent County, ND",1751.0,102.0,94.0,0.922,8
48389,TX,"Reeves County, TX",4224.0,743.0,735.0,0.989,8
48411,TX,"San Saba County, TX",2090.0,206.0,198.0,0.961,8
49009,UT,"Daggett County, UT",288.0,23.0,15.0,0.652,8
51037,VA,"Charlotte County, VA",4704.0,998.0,990.0,0.992,8
54063,WV,"Monroe County, WV",4619.0,564.0,556.0,0.986,8
01113,AL,"Russell County, AL",23938.0,4820.0,4814.0,0.999,6
13211,GA,"Morgan County, GA",8120.0,920.0,914.0,0.993,6
20195,KS,"Trego County, KS",1367.0,79.0,73.0,0.924,6
28163,MS,"Yazoo County, MS",8767.0,2286.0,2280.0,0.997,6
31005,NE,"Arthur County, NE",185.0,17.0,11.0,0.647,6
48261,TX,"Kenedy County, TX",55.0,7.0,1.0,0.143,6
02016,AK,"Aleutians West Census Area, AK",956.0,51.0,46.0,0.902,5
17131,IL,"Mercer County, IL",6565.0,657.0,652.0,0.992,5
20137,KS,"Norton County, KS",2000.0,167.0,162.0,0.97,5
48393,TX,"Roberts County, TX",323.0,16.0,11.0,0.688,5
48407,TX,"San Jacinto County, TX",10881.0,1867.0,1862.0,0.997,5
54075,WV,"Pocahontas County, WV",3181.0,695.0,690.0,0.993,5
02230,AK,"Skagway Municipality, AK",450.0,16.0,12.0,0.75,4
20167,KS,"Russell County, KS",3100.0,475.0,471.0,0.992,4
21143,KY,"Lyon County, KY",3419.0,407.0,403.0,0.99,4
27107,MN,"Norman County, MN",2700.0,298.0,294.0,0.987,4
01011,AL,"Bullock County, AL",3688.0,1258.0,1255.0,0.998,3
06049,CA,"Modoc County, CA",3267.0,459.0,456.0,0.993,3
17155,IL,"Putnam County, IL",2465.0,208.0,205.0,0.986,3
17181,IL,"Union County, IL",6868.0,1194.0,1191.0,0.997,3
29107,MO,"Lafayette County, MO",12576.0,1180.0,1177.0,0.997,3
30077,MT,"Powell County, MT",2432.0,166.0,163.0,0.982,3
48087,TX,"Collingsworth County, TX",975.0,172.0,169.0,0.983,3
48317,TX,"Martin County, TX",1973.0,197.0,194.0,0.985,3
49041,UT,"Sevier County, UT",7503.0,754.0,751.0,0.996,3
17135,IL,"Montgomery County, IL",11319.0,1749.0,1747.0,0.999,2
40105,OK,"Nowata County, OK",3686.0,650.0,648.0,0.997,2
22065,LA,"Madison Parish, LA",3053.0,930.0,929.0,0.999,1
31081,NE,"Hamilton County, NE",3628.0,176.0,175.0,0.994,1
48247,TX,"Jim Hogg County, TX",1279.0,395.0,394.0,0.997,1
54071,WV,"Pendleton County, WV",2342.0,316.0,315.0,0.997,1
01021,AL,"Chilton County, AL",17875.0,2584.0,2613.0,1.011,0
01025,AL,"Clarke County, AL",8423.0,1728.0,1983.0,1.148,0
01037,AL,"Coosa County, AL",4418.0,630.0,716.0,1.137,0
01047,AL,"Dallas County, AL",15947.0,4686.0,5765.0,1.23,0
01059,AL,"Franklin County, AL",11954.0,2312.0,2386.0,1.032,0
01061,AL,"Geneva County, AL",10647.0,1867.0,1945.0,1.042,0
01065,AL,"Hale County, AL",5642.0,1548.0,1568.0,1.013,0
01075,AL,"Lamar County, AL",5086.0,1016.0,1044.0,1.028,0
01079,AL,"Lawrence County, AL",13627.0,2030.0,2059.0,1.014,0
01085,AL,"Lowndes County, AL",4284.0,1155.0,1237.0,1.071,0
01097,AL,"Mobile County, AL",161665.0,26891.0,27937.0,1.039,0
01101,AL,"Montgomery County, AL",91381.0,17792.0,18479.0,1.039,0
01105,AL,"Perry County, AL",3440.0,830.0,1151.0,1.387,0
01115,AL,"St. Clair County, AL",35107.0,3800.0,3851.0,1.013,0
01119,AL,"Sumter County, AL",4823.0,1430.0,1471.0,1.029,0
01131,AL,"Wilcox County, AL",3860.0,1161.0,1427.0,1.229,0
02013,AK,"Aleutians East Borough, AK",1045.0,132.0,152.0,1.152,0
02020,AK,"Anchorage Municipality, AK",108597.0,8900.0,9473.0,1.064,0
02050,AK,"Bethel Census Area, AK",4828.0,1106.0,2047.0,1.851,0
02063,AK,"Chugach Census Area, AK",2861.0,152.0,281.0,1.849,0
02066,AK,"Copper River Census Area, AK",1207.0,126.0,155.0,1.23,0
02070,AK,"Dillingham Census Area, AK",1403.0,266.0,391.0,1.47,0
02105,AK,"Hoonah-Angoon Census Area, AK",924.0,138.0,154.0,1.116,0
02130,AK,"Ketchikan Gateway Borough, AK",5732.0,471.0,477.0,1.013,0
02158,AK,"Kusilvak Census Area, AK",1916.0,656.0,984.0,1.5,0
02164,AK,"Lake and Peninsula Borough, AK",324.0,59.0,95.0,1.61,0
02180,AK,"Nome Census Area, AK",2816.0,540.0,828.0,1.533,0
02188,AK,"Northwest Arctic Borough, AK",1825.0,275.0,654.0,2.378,0
02195,AK,"Petersburg Borough, AK",1371.0,87.0,104.0,1.195,0
02198,AK,"Prince of Wales-Hyder Census Area, AK",2419.0,283.0,396.0,1.399,0
02220,AK,"Sitka City and Borough, AK",3440.0,246.0,258.0,1.049,0
02282,AK,"Yakutat City and Borough, AK",206.0,8.0,11.0,1.375,0
02290,AK,"Yukon-Koyukuk Census Area, AK",2296.0,363.0,514.0,1.416,0
04023,AZ,"Santa Cruz County, AZ",16966.0,3260.0,4056.0,1.244,0
04027,AZ,"Yuma County, AZ",79341.0,12517.0,14530.0,1.161,0
05107,AR,"Phillips County, AR",6023.0,1811.0,1934.0,1.068,0
05133,AR,"Sevier County, AR",5622.0,1042.0,1211.0,1.162,0
06001,CA,"Alameda County, CA",598246.0,58251.0,59416.0,1.02,0
06003,CA,"Alpine County, CA",435.0,40.0,42.0,1.05,0
06011,CA,"Colusa County, CA",7512.0,1089.0,1229.0,1.129,0
06013,CA,"Contra Costa County, CA",414417.0,34626.0,35128.0,1.014,0
06015,CA,"Del Norte County, CA",9522.0,1310.0,2171.0,1.657,0
06019,CA,"Fresno County, CA",324702.0,57069.0,70903.0,1.242,0
06023,CA,"Humboldt County, CA",54922.0,10261.0,11540.0,1.125,0
06025,CA,"Imperial County, CA",49644.0,9862.0,14225.0,1.442,0
06029,CA,"Kern County, CA",284931.0,51370.0,57456.0,1.118,0
06031,CA,"Kings County, CA",44052.0,6729.0,8805.0,1.309,0
06033,CA,"Lake County, CA",26940.0,4583.0,6553.0,1.43,0
06037,CA,"Los Angeles County, CA",3416449.0,477681.0,493104.0,1.032,0
06039,CA,"Madera County, CA",45379.0,7752.0,9864.0,1.272,0
06043,CA,"Mariposa County, CA",7508.0,985.0,1003.0,1.018,0
06045,CA,"Mendocino County, CA",34842.0,5437.0,6072.0,1.117,0
06047,CA,"Merced County, CA",86055.0,16320.0,18102.0,1.109,0
06063,CA,"Plumas County, CA",8054.0,835.0,1085.0,1.299,0
06065,CA,"Riverside County, CA",775335.0,84094.0,97172.0,1.156,0
06067,CA,"Sacramento County, CA",571057.0,68493.0,81145.0,1.185,0
06069,CA,"San Benito County, CA",20561.0,1581.0,2169.0,1.372,0
06071,CA,"San Bernardino County, CA",674915.0,89620.0,106798.0,1.192,0
06073,CA,"San Diego County, CA",1171278.0,115837.0,116541.0,1.006,0
06077,CA,"San Joaquin County, CA",245250.0,30081.0,38226.0,1.271,0
06091,CA,"Sierra County, CA",1219.0,84.0,119.0,1.417,0
06095,CA,"Solano County, CA",157512.0,16277.0,17882.0,1.099,0
06099,CA,"Stanislaus County, CA",177874.0,24248.0,27603.0,1.138,0
06107,CA,"Tulare County, CA",143195.0,23265.0,34511.0,1.483,0
06109,CA,"Tuolumne County, CA",22690.0,2259.0,2662.0,1.178,0
06115,CA,"Yuba County, CA",28635.0,3819.0,5516.0,1.444,0
08001,CO,"Adams County, CO",188730.0,18306.0,19524.0,1.067,0
08003,CO,"Alamosa County, CO",6648.0,1280.0,1900.0,1.484,0
08017,CO,"Cheyenne County, CO",785.0,64.0,69.0,1.078,0
08021,CO,"Conejos County, CO",3164.0,461.0,514.0,1.115,0
08041,CO,"El Paso County, CO",290190.0,24527.0,26900.0,1.097,0
08043,CO,"Fremont County, CO",17976.0,2520.0,2878.0,1.142,0
08047,CO,"Gilpin County, CO",3122.0,277.0,278.0,1.004,0
08053,CO,"Hinsdale County, CO",511.0,23.0,63.0,2.739,0
08055,CO,"Huerfano County, CO",3100.0,494.0,589.0,1.192,0
08057,CO,"Jackson County, CO",658.0,103.0,103.0,1.0,0
08061,CO,"Kiowa County, CO",585.0,53.0,92.0,1.736,0
08063,CO,"Kit Carson County, CO",2896.0,281.0,304.0,1.082,0
08071,CO,"Las Animas County, CO",6513.0,1294.0,1323.0,1.022,0
08075,CO,"Logan County, CO",8203.0,1267.0,1478.0,1.167,0
08081,CO,"Moffat County, CO",5390.0,524.0,645.0,1.231,0
08087,CO,"Morgan County, CO",11069.0,1434.0,1771.0,1.235,0
08089,CO,"Otero County, CO",7584.0,1512.0,1654.0,1.094,0
08099,CO,"Prowers County, CO",4733.0,940.0,951.0,1.012,0
08101,CO,"Pueblo County, CO",68523.0,10737.0,13495.0,1.257,0
08103,CO,"Rio Blanco County, CO",2805.0,255.0,388.0,1.522,0
08109,CO,"Saguache County, CO",3397.0,685.0,819.0,1.196,0
08115,CO,"Sedgwick County, CO",1022.0,176.0,192.0,1.091,0
08119,CO,"Teller County, CO",11860.0,856.0,1298.0,1.516,0
08121,CO,"Washington County, CO",2070.0,207.0,230.0,1.111,0
08123,CO,"Weld County, CO",124287.0,11324.0,11355.0,1.003,0
09110,CT,"Capitol Planning Region, CT",391113.0,44070.0,51086.0,1.159,0
09120,CT,"Greater Bridgeport Planning Region, CT",119633.0,15253.0,16948.0,1.111,0
09140,CT,"Naugatuck Valley Planning Region, CT",180116.0,21572.0,26133.0,1.211,0
09150,CT,"Northeastern Connecticut Planning Region, CT",39412.0,3283.0,4293.0,1.308,0
09170,CT,"South Central Connecticut Planning Region, CT",230673.0,27409.0,31116.0,1.135,0
09180,CT,"Southeastern Connecticut Planning Region, CT",115768.0,12346.0,14409.0,1.167,0
10001,DE,"Kent County, DE",73100.0,7216.0,8005.0,1.109,0
11001,DC,"District of Columbia, DC",329687.0,49443.0,52355.0,1.059,0
12003,FL,"Baker County, FL",9165.0,1145.0,1535.0,1.341,0
12005,FL,"Bay County, FL",78778.0,8984.0,9924.0,1.105,0
12011,FL,"Broward County, FL",753956.0,97944.0,99630.0,1.017,0
12023,FL,"Columbia County, FL",27430.0,4503.0,5611.0,1.246,0
12031,FL,"Duval County, FL",415128.0,57149.0,59377.0,1.039,0
12033,FL,"Escambia County, FL",129027.0,18366.0,19304.0,1.051,0
12039,FL,"Gadsden County, FL",16872.0,3882.0,4340.0,1.118,0
12041,FL,"Gilchrist County, FL",7151.0,992.0,1223.0,1.233,0
12047,FL,"Hamilton County, FL",4281.0,984.0,1225.0,1.245,0
12049,FL,"Hardee County, FL",8219.0,1998.0,2048.0,1.025,0
12057,FL,"Hillsborough County, FL",583192.0,74887.0,77704.0,1.038,0
12063,FL,"Jackson County, FL",17276.0,2993.0,3234.0,1.081,0
12075,FL,"Levy County, FL",18562.0,3189.0,3201.0,1.004,0
12077,FL,"Liberty County, FL",2563.0,479.0,684.0,1.428,0
12086,FL,"Miami-Dade County, FL",975411.0,155575.0,222489.0,1.43,0
12095,FL,"Orange County, FL",527776.0,68153.0,72240.0,1.06,0
12097,FL,"Osceola County, FL",142794.0,18253.0,24572.0,1.346,0
12105,FL,"Polk County, FL",289425.0,40943.0,42205.0,1.031,0
12111,FL,"St. Lucie County, FL",137453.0,16162.0,16751.0,1.036,0
12113,FL,"Santa Rosa County, FL",72605.0,6318.0,7071.0,1.119,0
12117,FL,"Seminole County, FL",187248.0,16783.0,17186.0,1.024,0
12121,FL,"Suwannee County, FL",16112.0,2551.0,2569.0,1.007,0
12123,FL,"Taylor County, FL",7976.0,1350.0,1351.0,1.001,0
12127,FL,"Volusia County, FL",241881.0,28107.0,29057.0,1.034,0
12129,FL,"Wakulla County, FL",12745.0,1050.0,1557.0,1.483,0
13003,GA,"Atkinson County, GA",3222.0,744.0,845.0,1.136,0
13019,GA,"Berrien County, GA",7045.0,1450.0,1658.0,1.143,0
13023,GA,"Bleckley County, GA",4465.0,949.0,1000.0,1.054,0
13025,GA,"Brantley County, GA",6599.0,1122.0,1249.0,1.113,0
13035,GA,"Butts County, GA",8941.0,999.0,1324.0,1.325,0
13037,GA,"Calhoun County, GA",1593.0,382.0,546.0,1.429,0
13043,GA,"Candler County, GA",4152.0,642.0,934.0,1.455,0
13047,GA,"Catoosa County, GA",26653.0,2750.0,3146.0,1.144,0
13049,GA,"Charlton County, GA",4215.0,839.0,1064.0,1.268,0
13053,GA,"Chattahoochee County, GA",1866.0,362.0,419.0,1.157,0
13061,GA,"Clay County, GA",1231.0,233.0,322.0,1.382,0
13063,GA,"Clayton County, GA",105941.0,17712.0,20461.0,1.155,0
13079,GA,"Crawford County, GA",4441.0,617.0,640.0,1.037,0
13081,GA,"Crisp County, GA",7908.0,1987.0,2125.0,1.069,0
13083,GA,"Dade County, GA",6083.0,551.0,640.0,1.162,0
13087,GA,"Decatur County, GA",10621.0,2373.0,2417.0,1.019,0
13089,GA,"DeKalb County, GA",287239.0,35725.0,36708.0,1.028,0
13091,GA,"Dodge County, GA",6881.0,1530.0,1531.0,1.001,0
13093,GA,"Dooly County, GA",4031.0,493.0,709.0,1.438,0
13095,GA,"Dougherty County, GA",34280.0,8000.0,9925.0,1.241,0
13097,GA,"Douglas County, GA",52079.0,6016.0,6682.0,1.111,0
13099,GA,"Early County, GA",4114.0,973.0,1077.0,1.107,0
13101,GA,"Echols County, GA",1145.0,177.0,232.0,1.311,0
13103,GA,"Effingham County, GA",24287.0,1808.0,1892.0,1.046,0
13107,GA,"Emanuel County, GA",8312.0,1947.0,2246.0,1.154,0
13111,GA,"Fannin County, GA",11890.0,1564.0,1595.0,1.02,0
13125,GA,"Glascock County, GA",1036.0,172.0,199.0,1.157,0
13131,GA,"Grady County, GA",10108.0,1998.0,2054.0,1.028,0
13141,GA,"Hancock County, GA",2922.0,859.0,871.0,1.014,0
13145,GA,"Harris County, GA",13027.0,1113.0,1317.0,1.183,0
13149,GA,"Heard County, GA",4309.0,897.0,1092.0,1.217,0
13151,GA,"Henry County, GA",86704.0,7404.0,9110.0,1.23,0
13163,GA,"Jefferson County, GA",5751.0,1032.0,1281.0,1.241,0
13167,GA,"Johnson County, GA",3217.0,760.0,804.0,1.058,0
13169,GA,"Jones County, GA",10786.0,1139.0,1599.0,1.404,0
13171,GA,"Lamar County, GA",7133.0,905.0,961.0,1.062,0
13177,GA,"Lee County, GA",12287.0,669.0,1170.0,1.749,0
13179,GA,"Liberty County, GA",23998.0,3778.0,3845.0,1.018,0
13183,GA,"Long County, GA",6162.0,1123.0,1123.0,1.0,0
13197,GA,"Marion County, GA",2966.0,565.0,637.0,1.127,0
13199,GA,"Meriwether County, GA",8391.0,1492.0,1934.0,1.296,0
13205,GA,"Mitchell County, GA",7813.0,1661.0,2143.0,1.29,0
13217,GA,"Newton County, GA",41203.0,4302.0,5614.0,1.305,0
13223,GA,"Paulding County, GA",60008.0,4116.0,4821.0,1.171,0
13225,GA,"Peach County, GA",10598.0,1560.0,1989.0,1.275,0
13239,GA,"Quitman County, GA",1067.0,189.0,242.0,1.28,0
13243,GA,"Randolph County, GA",2688.0,990.0,1059.0,1.07,0
13245,GA,"Richmond County, GA",76694.0,14976.0,16177.0,1.08,0
13247,GA,"Rockdale County, GA",34437.0,3563.0,4187.0,1.175,0
13255,GA,"Spalding County, GA",26471.0,4606.0,4900.0,1.064,0
13259,GA,"Stewart County, GA",1771.0,575.0,597.0,1.038,0
13261,GA,"Sumter County, GA",10986.0,2372.0,2406.0,1.014,0
13265,GA,"Taliaferro County, GA",588.0,137.0,152.0,1.109,0
13269,GA,"Taylor County, GA",3179.0,1035.0,1085.0,1.048,0
13271,GA,"Telfair County, GA",3351.0,919.0,935.0,1.017,0
13275,GA,"Thomas County, GA",18684.0,3060.0,3820.0,1.248,0
13279,GA,"Toombs County, GA",10409.0,2188.0,2337.0,1.068,0
13283,GA,"Treutlen County, GA",2261.0,307.0,504.0,1.642,0
13285,GA,"Troup County, GA",26904.0,4584.0,5189.0,1.132,0
13287,GA,"Turner County, GA",3295.0,832.0,1071.0,1.287,0
13289,GA,"Twiggs County, GA",2888.0,586.0,631.0,1.077,0
13297,GA,"Walton County, GA",35755.0,3734.0,4106.0,1.1,0
13303,GA,"Washington County, GA",7330.0,1490.0,2157.0,1.448,0
13307,GA,"Webster County, GA",843.0,138.0,242.0,1.754,0
13321,GA,"Worth County, GA",7739.0,1644.0,1659.0,1.009,0
15001,HI,"Hawaii County, HI",74072.0,11888.0,13197.0,1.11,0
15003,HI,"Honolulu County, HI",338868.0,31570.0,34575.0,1.095,0
15005,HI,"Kalawao County, HI",40.0,0.0,3.0,,0
15007,HI,"Kauai County, HI",23632.0,2303.0,2680.0,1.164,0
15009,HI,"Maui County, HI",55841.0,5457.0,5781.0,1.059,0
16005,ID,"Bannock County, ID",33590.0,4591.0,4916.0,1.071,0
16015,ID,"Boise County, ID",3593.0,236.0,243.0,1.03,0
16073,ID,"Owyhee County, ID",4339.0,508.0,511.0,1.006,0
16075,ID,"Payette County, ID",9692.0,1024.0,1516.0,1.48,0
17003,IL,"Alexander County, IL",1904.0,391.0,511.0,1.307,0
17005,IL,"Bond County, IL",6147.0,626.0,793.0,1.267,0
17007,IL,"Boone County, IL",19460.0,1974.0,2781.0,1.409,0
17011,IL,"Bureau County, IL",14028.0,1558.0,1889.0,1.212,0
17013,IL,"Calhoun County, IL",1239.0,89.0,95.0,1.067,0
17015,IL,"Carroll County, IL",6578.0,803.0,996.0,1.24,0
17017,IL,"Cass County, IL",5128.0,666.0,755.0,1.134,0
17021,IL,"Christian County, IL",13586.0,1541.0,2076.0,1.347,0
17023,IL,"Clark County, IL",6555.0,650.0,879.0,1.352,0
17025,IL,"Clay County, IL",5311.0,878.0,983.0,1.12,0
17027,IL,"Clinton County, IL",14570.0,1173.0,1311.0,1.118,0
17029,IL,"Coles County, IL",20824.0,3837.0,3947.0,1.029,0
17031,IL,"Cook County, IL",2100230.0,288122.0,329128.0,1.142,0
17039,IL,"De Witt County, IL",6595.0,641.0,863.0,1.346,0
17041,IL,"Douglas County, IL",7765.0,746.0,965.0,1.294,0
17043,IL,"DuPage County, IL",350758.0,25121.0,26030.0,1.036,0
17045,IL,"Edgar County, IL",7567.0,899.0,1460.0,1.624,0
17047,IL,"Edwards County, IL",2666.0,455.0,457.0,1.004,0
17049,IL,"Effingham County, IL",13951.0,1318.0,1696.0,1.287,0
17055,IL,"Franklin County, IL",16137.0,3057.0,4171.0,1.364,0
17057,IL,"Fulton County, IL",13795.0,1860.0,2393.0,1.287,0
17059,IL,"Gallatin County, IL",2098.0,331.0,458.0,1.384,0
17061,IL,"Greene County, IL",4452.0,617.0,689.0,1.117,0
17063,IL,"Grundy County, IL",20595.0,1308.0,2251.0,1.721,0
17065,IL,"Hamilton County, IL",3387.0,416.0,516.0,1.24,0
17067,IL,"Hancock County, IL",7613.0,974.0,1010.0,1.037,0
17069,IL,"Hardin County, IL",1545.0,246.0,286.0,1.163,0
17071,IL,"Henderson County, IL",2704.0,348.0,374.0,1.075,0
17073,IL,"Henry County, IL",20272.0,2073.0,2696.0,1.301,0
17075,IL,"Iroquois County, IL",11443.0,1543.0,1623.0,1.052,0
17079,IL,"Jasper County, IL",3751.0,439.0,525.0,1.196,0
17081,IL,"Jefferson County, IL",14820.0,2007.0,2537.0,1.264,0
17083,IL,"Jersey County, IL",7965.0,910.0,945.0,1.038,0
17085,IL,"Jo Daviess County, IL",10391.0,859.0,874.0,1.017,0
17089,IL,"Kane County, IL",184706.0,14744.0,20253.0,1.374,0
17091,IL,"Kankakee County, IL",40996.0,4914.0,6532.0,1.329,0
17093,IL,"Kendall County, IL",45372.0,2287.0,3907.0,1.708,0
17097,IL,"Lake County, IL",258455.0,22218.0,24166.0,1.088,0
17099,IL,"LaSalle County, IL",45373.0,6313.0,6729.0,1.066,0
17101,IL,"Lawrence County, IL",5472.0,679.0,805.0,1.186,0
17103,IL,"Lee County, IL",13337.0,1768.0,2048.0,1.158,0
17105,IL,"Livingston County, IL",14615.0,1542.0,2146.0,1.392,0
17107,IL,"Logan County, IL",11266.0,1611.0,2068.0,1.284,0
17111,IL,"McHenry County, IL",117594.0,7882.0,8679.0,1.101,0
17115,IL,"Macon County, IL",43468.0,6402.0,8595.0,1.343,0
17117,IL,"Macoupin County, IL",17576.0,2300.0,2712.0,1.179,0
17119,IL,"Madison County, IL",110134.0,12656.0,15129.0,1.195,0
17121,IL,"Marion County, IL",15512.0,2379.0,3073.0,1.292,0
17123,IL,"Marshall County, IL",5094.0,608.0,687.0,1.13,0
17125,IL,"Mason County, IL",5781.0,817.0,898.0,1.099,0
17129,IL,"Menard County, IL",5228.0,593.0,759.0,1.28,0
17137,IL,"Morgan County, IL",13076.0,1670.0,2124.0,1.272,0
17139,IL,"Moultrie County, IL",5817.0,515.0,688.0,1.336,0
17141,IL,"Ogle County, IL",20821.0,1956.0,2231.0,1.141,0
17143,IL,"Peoria County, IL",77755.0,12197.0,13992.0,1.147,0
17145,IL,"Perry County, IL",7875.0,1203.0,1494.0,1.242,0
17149,IL,"Pike County, IL",5965.0,948.0,951.0,1.003,0
17153,IL,"Pulaski County, IL",1940.0,435.0,444.0,1.021,0
17157,IL,"Randolph County, IL",11945.0,1528.0,1538.0,1.007,0
17159,IL,"Richland County, IL",6443.0,831.0,1014.0,1.22,0
17161,IL,"Rock Island County, IL",61733.0,8997.0,9845.0,1.094,0
17163,IL,"St. Clair County, IL",100846.0,13317.0,16293.0,1.223,0
17165,IL,"Saline County, IL",10024.0,2056.0,2622.0,1.275,0
17167,IL,"Sangamon County, IL",84762.0,11380.0,13108.0,1.152,0
17169,IL,"Schuyler County, IL",2734.0,283.0,318.0,1.124,0
17171,IL,"Scott County, IL",2046.0,253.0,332.0,1.312,0
17173,IL,"Shelby County, IL",8918.0,983.0,1245.0,1.267,0
17175,IL,"Stark County, IL",2285.0,259.0,264.0,1.019,0
17177,IL,"Stephenson County, IL",19358.0,2509.0,3291.0,1.312,0
17179,IL,"Tazewell County, IL",54051.0,5396.0,5605.0,1.039,0
17183,IL,"Vermilion County, IL",30084.0,5160.0,5877.0,1.139,0
17185,IL,"Wabash County, IL",4740.0,821.0,966.0,1.177,0
17187,IL,"Warren County, IL",6787.0,907.0,1083.0,1.194,0
17189,IL,"Washington County, IL",5795.0,477.0,549.0,1.151,0
17195,IL,"Whiteside County, IL",23120.0,2817.0,3252.0,1.154,0
17197,IL,"Will County, IL",244273.0,18774.0,24658.0,1.313,0
17199,IL,"Williamson County, IL",28983.0,3946.0,4817.0,1.221,0
17201,IL,"Winnebago County, IL",116014.0,17497.0,23722.0,1.356,0
18007,IN,"Benton County, IN",3454.0,391.0,403.0,1.031,0
18069,IN,"Huntington County, IN",15403.0,1518.0,1692.0,1.115,0
18095,IN,"Madison County, IN",53429.0,7083.0,7365.0,1.04,0
18155,IN,"Switzerland County, IN",3875.0,417.0,502.0,1.204,0
19021,IA,"Buena Vista County, IA",7546.0,495.0,754.0,1.523,0
19039,IA,"Clarke County, IA",4071.0,349.0,469.0,1.344,0
19045,IA,"Clinton County, IA",19506.0,2454.0,2491.0,1.015,0
19071,IA,"Fremont County, IA",2823.0,291.0,329.0,1.131,0
19097,IA,"Jackson County, IA",8242.0,861.0,865.0,1.005,0
19115,IA,"Louisa County, IA",4237.0,397.0,581.0,1.463,0
19123,IA,"Mahaska County, IA",8743.0,1061.0,1134.0,1.069,0
19159,IA,"Ringgold County, IA",1899.0,228.0,249.0,1.092,0
19175,IA,"Union County, IA",5116.0,695.0,890.0,1.281,0
19179,IA,"Wapello County, IA",13997.0,2143.0,2148.0,1.002,0
20019,KS,"Chautauqua County, KS",1356.0,190.0,190.0,1.0,0
20055,KS,"Finney County, KS",13229.0,1493.0,1503.0,1.007,0
20153,KS,"Rawlins County, KS",1170.0,78.0,109.0,1.397,0
20171,KS,"Scott County, KS",2289.0,123.0,205.0,1.667,0
20187,KS,"Stanton County, KS",856.0,3.0,42.0,14.0,0
21003,KY,"Allen County, KY",8035.0,962.0,1131.0,1.176,0
21023,KY,"Bracken County, KY",3364.0,540.0,587.0,1.087,0
21025,KY,"Breathitt County, KY",5464.0,1870.0,1885.0,1.008,0
21051,KY,"Clay County, KY",7288.0,2426.0,2528.0,1.042,0
21053,KY,"Clinton County, KY",3854.0,808.0,962.0,1.191,0
21063,KY,"Elliott County, KY",2440.0,612.0,638.0,1.042,0
21065,KY,"Estill County, KY",5975.0,1470.0,1540.0,1.048,0
21109,KY,"Jackson County, KY",5122.0,1306.0,1565.0,1.198,0
21119,KY,"Knott County, KY",5521.0,1262.0,1289.0,1.021,0
21127,KY,"Lawrence County, KY",6342.0,1556.0,1621.0,1.042,0
21133,KY,"Letcher County, KY",8463.0,2175.0,2331.0,1.072,0
21135,KY,"Lewis County, KY",5019.0,1024.0,1146.0,1.119,0
21183,KY,"Ohio County, KY",9107.0,1183.0,1223.0,1.034,0
21193,KY,"Perry County, KY",11078.0,2975.0,3168.0,1.065,0
21237,KY,"Wolfe County, KY",2673.0,910.0,976.0,1.073,0
22003,LA,"Allen Parish, LA",7854.0,1899.0,2080.0,1.095,0
22005,LA,"Ascension Parish, LA",47656.0,5108.0,5793.0,1.134,0
22007,LA,"Assumption Parish, LA",8830.0,1684.0,1755.0,1.042,0
22009,LA,"Avoyelles Parish, LA",14441.0,3865.0,4032.0,1.043,0
22011,LA,"Beauregard Parish, LA",13747.0,1993.0,2411.0,1.21,0
22023,LA,"Cameron Parish, LA",2018.0,162.0,173.0,1.068,0
22027,LA,"Claiborne Parish, LA",5155.0,1719.0,1743.0,1.014,0
22039,LA,"Evangeline Parish, LA",12561.0,3213.0,3917.0,1.219,0
22041,LA,"Franklin Parish, LA",7525.0,1512.0,1845.0,1.22,0
22043,LA,"Grant Parish, LA",7440.0,1359.0,1377.0,1.013,0
22045,LA,"Iberia Parish, LA",26816.0,5609.0,6394.0,1.14,0
22047,LA,"Iberville Parish, LA",11296.0,2241.0,2381.0,1.062,0
22053,LA,"Jefferson Davis Parish, LA",12068.0,1890.0,2449.0,1.296,0
22063,LA,"Livingston Parish, LA",53596.0,6734.0,6983.0,1.037,0
22067,LA,"Morehouse Parish, LA",9769.0,2546.0,2932.0,1.152,0
22075,LA,"Plaquemines Parish, LA",8218.0,1147.0,1215.0,1.059,0
22081,LA,"Red River Parish, LA",3100.0,773.0,776.0,1.004,0
22083,LA,"Richland Parish, LA",7240.0,1705.0,1778.0,1.043,0
22087,LA,"St. Bernard Parish, LA",16219.0,3482.0,4072.0,1.169,0
22093,LA,"St. James Parish, LA",7543.0,975.0,1060.0,1.087,0
22095,LA,"St. John the Baptist Parish, LA",15152.0,2075.0,3057.0,1.473,0
22099,LA,"St. Martin Parish, LA",19579.0,3485.0,3987.0,1.144,0
22101,LA,"St. Mary Parish, LA",18463.0,4076.0,4204.0,1.031,0
22105,LA,"Tangipahoa Parish, LA",51999.0,10047.0,11015.0,1.096,0
22107,LA,"Tensas Parish, LA",1578.0,478.0,502.0,1.05,0
22117,LA,"Washington Parish, LA",17716.0,4625.0,4989.0,1.079,0
22119,LA,"Webster Parish, LA",14334.0,3638.0,3870.0,1.064,0
22121,LA,"West Baton Rouge Parish, LA",10974.0,1213.0,1360.0,1.121,0
22123,LA,"West Carroll Parish, LA",3850.0,730.0,887.0,1.215,0
22125,LA,"West Feliciana Parish, LA",4026.0,469.0,571.0,1.217,0
23001,ME,"Androscoggin County, ME",46953.0,6518.0,7885.0,1.21,0
23003,ME,"Aroostook County, ME",29932.0,4760.0,6192.0,1.301,0
23007,ME,"Franklin County, ME",12675.0,1631.0,1949.0,1.195,0
23011,ME,"Kennebec County, ME",54312.0,6494.0,7402.0,1.14,0
23017,ME,"Oxford County, ME",24140.0,3699.0,3793.0,1.025,0
23019,ME,"Penobscot County, ME",65221.0,9714.0,10162.0,1.046,0
23021,ME,"Piscataquis County, ME",8385.0,1363.0,1504.0,1.103,0
23025,ME,"Somerset County, ME",23209.0,3511.0,4101.0,1.168,0
24001,MD,"Allegany County, MD",27382.0,4515.0,5751.0,1.274,0
24003,MD,"Anne Arundel County, MD",224748.0,13442.0,14710.0,1.094,0
24005,MD,"Baltimore County, MD",332801.0,33173.0,37563.0,1.132,0
24009,MD,"Calvert County, MD",33465.0,1549.0,1696.0,1.095,0
24011,MD,"Caroline County, MD",12495.0,1500.0,2202.0,1.468,0
24015,MD,"Cecil County, MD",40595.0,4101.0,5452.0,1.329,0
24017,MD,"Charles County, MD",60875.0,5040.0,5885.0,1.168,0
24019,MD,"Dorchester County, MD",13546.0,2255.0,2849.0,1.263,0
24021,MD,"Frederick County, MD",104635.0,6713.0,7732.0,1.152,0
24023,MD,"Garrett County, MD",12578.0,1609.0,1903.0,1.183,0
24027,MD,"Howard County, MD",121065.0,6550.0,6828.0,1.042,0
24029,MD,"Kent County, MD",8493.0,668.0,1046.0,1.566,0
24031,MD,"Montgomery County, MD",389210.0,28631.0,28972.0,1.012,0
24033,MD,"Prince George's County, MD",347744.0,35546.0,42353.0,1.191,0
24035,MD,"Queen Anne's County, MD",19907.0,1425.0,1440.0,1.011,0
24037,MD,"St. Mary's County, MD",42436.0,3822.0,4752.0,1.243,0
24039,MD,"Somerset County, MD",8348.0,1537.0,2076.0,1.351,0
24041,MD,"Talbot County, MD",16433.0,1603.0,1692.0,1.056,0
24043,MD,"Washington County, MD",59818.0,7425.0,9180.0,1.236,0
24045,MD,"Wicomico County, MD",40470.0,5443.0,6951.0,1.277,0
24510,MD,"Baltimore city, MD",255668.0,51676.0,59197.0,1.146,0
25001,MA,"Barnstable County, MA",105777.0,9159.0,9959.0,1.087,0
25003,MA,"Berkshire County, MA",57585.0,6853.0,9512.0,1.388,0
25005,MA,"Bristol County, MA",233825.0,29212.0,46290.0,1.585,0
25007,MA,"Dukes County, MA",7584.0,300.0,503.0,1.677,0
25009,MA,"Essex County, MA",313147.0,33672.0,51931.0,1.542,0
25011,MA,"Franklin County, MA",31570.0,3753.0,5377.0,1.433,0
25013,MA,"Hampden County, MA",184471.0,31387.0,47108.0,1.501,0
25015,MA,"Hampshire County, MA",62114.0,7751.0,7776.0,1.003,0
25017,MA,"Middlesex County, MA",634215.0,54489.0,59014.0,1.083,0
25019,MA,"Nantucket County, MA",5252.0,249.0,524.0,2.104,0
25021,MA,"Norfolk County, MA",283368.0,23213.0,26578.0,1.145,0
25023,MA,"Plymouth County, MA",203141.0,16472.0,25764.0,1.564,0
25025,MA,"Suffolk County, MA",327167.0,55205.0,64342.0,1.166,0
25027,MA,"Worcester County, MA",335826.0,36714.0,53441.0,1.456,0
26005,MI,"Allegan County, MI",45522.0,3514.0,3532.0,1.005,0
26009,MI,"Antrim County, MI",11100.0,1100.0,1107.0,1.006,0
26011,MI,"Arenac County, MI",6552.0,773.0,1055.0,1.365,0
26013,MI,"Baraga County, MI",3433.0,504.0,555.0,1.101,0
26027,MI,"Cass County, MI",21207.0,2585.0,2720.0,1.052,0
26031,MI,"Cheboygan County, MI",11159.0,1400.0,1405.0,1.004,0
26035,MI,"Clare County, MI",12521.0,2315.0,2380.0,1.028,0
26045,MI,"Eaton County, MI",45428.0,4028.0,4579.0,1.137,0
26049,MI,"Genesee County, MI",167334.0,26871.0,31470.0,1.171,0
26051,MI,"Gladwin County, MI",11280.0,1759.0,1822.0,1.036,0
26053,MI,"Gogebic County, MI",6989.0,1040.0,1301.0,1.251,0
26057,MI,"Gratiot County, MI",14775.0,1931.0,2229.0,1.154,0
26067,MI,"Ionia County, MI",23355.0,2780.0,3177.0,1.143,0
26075,MI,"Jackson County, MI",62540.0,7688.0,8556.0,1.113,0
26079,MI,"Kalkaska County, MI",7789.0,870.0,1216.0,1.398,0
26081,MI,"Kent County, MI",256648.0,25843.0,26393.0,1.021,0
26087,MI,"Lapeer County, MI",34836.0,3593.0,3968.0,1.104,0
26099,MI,"Macomb County, MI",358668.0,38008.0,45824.0,1.206,0
26113,MI,"Missaukee County, MI",5909.0,704.0,762.0,1.082,0
26117,MI,"Montcalm County, MI",24511.0,3086.0,3130.0,1.014,0
26121,MI,"Muskegon County, MI",67732.0,9654.0,13107.0,1.358,0
26123,MI,"Newaygo County, MI",19651.0,2393.0,3271.0,1.367,0
26127,MI,"Oceana County, MI",10419.0,1319.0,1661.0,1.259,0
26129,MI,"Ogemaw County, MI",9370.0,1559.0,1712.0,1.098,0
26137,MI,"Otsego County, MI",11231.0,1008.0,1174.0,1.165,0
26143,MI,"Roscommon County, MI",11579.0,1611.0,1946.0,1.208,0
26145,MI,"Saginaw County, MI",77958.0,13840.0,15255.0,1.102,0
26147,MI,"St. Clair County, MI",67816.0,7952.0,8995.0,1.131,0
26149,MI,"St. Joseph County, MI",23620.0,2731.0,3501.0,1.282,0
26155,MI,"Shiawassee County, MI",28126.0,3418.0,4206.0,1.231,0
26157,MI,"Tuscola County, MI",21498.0,2747.0,3061.0,1.114,0
26163,MI,"Wayne County, MI",700591.0,138878.0,161357.0,1.162,0
26165,MI,"Wexford County, MI",13696.0,1940.0,2308.0,1.19,0
27003,MN,"Anoka County, MN",137432.0,9590.0,9849.0,1.027,0
27067,MN,"Kandiyohi County, MN",17603.0,1614.0,1852.0,1.147,0
27071,MN,"Koochiching County, MN",5872.0,638.0,847.0,1.328,0
27087,MN,"Mahnomen County, MN",1885.0,336.0,403.0,1.199,0
27099,MN,"Mower County, MN",15719.0,1541.0,1671.0,1.084,0
27123,MN,"Ramsey County, MN",221327.0,25266.0,25313.0,1.002,0
27155,MN,"Traverse County, MN",1311.0,169.0,222.0,1.314,0
27159,MN,"Wadena County, MN",6081.0,843.0,868.0,1.03,0
28053,MS,"Humphreys County, MS",2900.0,742.0,823.0,1.109,0
28103,MS,"Noxubee County, MS",3946.0,1199.0,1235.0,1.03,0
28133,MS,"Sunflower County, MS",8034.0,2351.0,2657.0,1.13,0
29057,MO,"Dade County, MO",3057.0,437.0,451.0,1.032,0
29065,MO,"Dent County, MO",5618.0,750.0,955.0,1.273,0
29069,MO,"Dunklin County, MO",11257.0,2465.0,2765.0,1.122,0
29123,MO,"Madison County, MO",4683.0,606.0,629.0,1.038,0
29133,MO,"Mississippi County, MO",4482.0,943.0,1224.0,1.298,0
29143,MO,"New Madrid County, MO",6695.0,1292.0,1575.0,1.219,0
29155,MO,"Pemiscot County, MO",6333.0,1827.0,1947.0,1.066,0
29175,MO,"Randolph County, MO",9247.0,1333.0,1388.0,1.041,0
29187,MO,"St. Francois County, MO",24816.0,3859.0,3863.0,1.001,0
29201,MO,"Scott County, MO",15327.0,2220.0,2284.0,1.029,0
29221,MO,"Washington County, MO",8920.0,1709.0,1792.0,1.049,0
30003,MT,"Big Horn County, MT",3827.0,577.0,671.0,1.163,0
30061,MT,"Mineral County, MT",2150.0,231.0,295.0,1.277,0
30071,MT,"Phillips County, MT",1765.0,88.0,124.0,1.409,0
31037,NE,"Colfax County, NE",3707.0,231.0,329.0,1.424,0
31051,NE,"Dixon County, NE",2188.0,162.0,172.0,1.062,0
31097,NE,"Johnson County, NE",1708.0,191.0,204.0,1.068,0
31105,NE,"Kimball County, NE",1489.0,162.0,168.0,1.037,0
31127,NE,"Nemaha County, NE",2847.0,375.0,378.0,1.008,0
31173,NE,"Thurston County, NE",1990.0,250.0,293.0,1.172,0
32001,NV,"Churchill County, NV",9516.0,829.0,1012.0,1.221,0
32003,NV,"Clark County, NV",862518.0,110347.0,117447.0,1.064,0
32009,NV,"Esmeralda County, NV",503.0,127.0,140.0,1.102,0
32013,NV,"Humboldt County, NV",6911.0,749.0,778.0,1.039,0
32015,NV,"Lander County, NV",2129.0,226.0,244.0,1.08,0
32023,NV,"Nye County, NV",22175.0,2965.0,3307.0,1.115,0
34007,NJ,"Camden County, NJ",202540.0,25761.0,26941.0,1.046,0
34011,NJ,"Cumberland County, NJ",53781.0,8860.0,9464.0,1.068,0
34017,NJ,"Hudson County, NJ",299682.0,43956.0,44096.0,1.003,0
34031,NJ,"Passaic County, NJ",178936.0,24664.0,34016.0,1.379,0
34033,NJ,"Salem County, NJ",24846.0,3080.0,3099.0,1.006,0
35001,NM,"Bernalillo County, NM",285495.0,43118.0,48464.0,1.124,0
35005,NM,"Chaves County, NM",23712.0,5770.0,5927.0,1.027,0
35007,NM,"Colfax County, NM",5368.0,854.0,1255.0,1.47,0
35009,NM,"Curry County, NM",18595.0,3669.0,4738.0,1.291,0
35011,NM,"De Baca County, NM",820.0,139.0,153.0,1.101,0
35013,NM,"Doña Ana County, NM",84889.0,18382.0,20500.0,1.115,0
35019,NM,"Guadalupe County, NM",1490.0,408.0,606.0,1.485,0
35023,NM,"Hidalgo County, NM",1478.0,307.0,314.0,1.023,0
35025,NM,"Lea County, NM",24670.0,4715.0,4886.0,1.036,0
35028,NM,"Los Alamos County, NM",8247.0,346.0,350.0,1.012,0
35029,NM,"Luna County, NM",9223.0,2334.0,2776.0,1.189,0
35031,NM,"McKinley County, NM",21353.0,6964.0,8047.0,1.156,0
35035,NM,"Otero County, NM",24480.0,4157.0,5283.0,1.271,0
35037,NM,"Quay County, NM",4389.0,1320.0,1340.0,1.015,0
35039,NM,"Rio Arriba County, NM",15647.0,2889.0,2948.0,1.02,0
35043,NM,"Sandoval County, NM",56895.0,5568.0,7867.0,1.413,0
35045,NM,"San Juan County, NM",41732.0,9278.0,9643.0,1.039,0
35047,NM,"San Miguel County, NM",11931.0,3164.0,3486.0,1.102,0
35057,NM,"Torrance County, NM",6052.0,885.0,1641.0,1.854,0
35061,NM,"Valencia County, NM",27583.0,4913.0,6612.0,1.346,0
36005,NY,"Bronx County, NY",534100.0,151659.0,206275.0,1.36,0
36011,NY,"Cayuga County, NY",31524.0,4442.0,4663.0,1.05,0
36013,NY,"Chautauqua County, NY",53393.0,8846.0,10617.0,1.2,0
36015,NY,"Chemung County, NY",35262.0,5526.0,5824.0,1.054,0
36017,NY,"Chenango County, NY",19890.0,2522.0,2874.0,1.14,0
36019,NY,"Clinton County, NY",33556.0,4666.0,5663.0,1.214,0
36023,NY,"Cortland County, NY",18999.0,2791.0,2947.0,1.056,0
36029,NY,"Erie County, NY",409665.0,57098.0,63474.0,1.112,0
36033,NY,"Franklin County, NY",19514.0,3248.0,3410.0,1.05,0
36035,NY,"Fulton County, NY",22866.0,2820.0,3521.0,1.249,0
36037,NY,"Genesee County, NY",24873.0,2886.0,3374.0,1.169,0
36043,NY,"Herkimer County, NY",25741.0,3472.0,3806.0,1.096,0
36045,NY,"Jefferson County, NY",47606.0,6263.0,7529.0,1.202,0
36047,NY,"Kings County, NY",1009927.0,185803.0,231177.0,1.244,0
36053,NY,"Madison County, NY",26252.0,2915.0,3056.0,1.048,0
36055,NY,"Monroe County, NY",318428.0,42441.0,47855.0,1.128,0
36057,NY,"Montgomery County, NY",19603.0,2923.0,3014.0,1.031,0
36063,NY,"Niagara County, NY",91884.0,12546.0,13529.0,1.078,0
36065,NY,"Oneida County, NY",95220.0,13494.0,15855.0,1.175,0
36067,NY,"Onondaga County, NY",197760.0,26265.0,28395.0,1.081,0
36073,NY,"Orleans County, NY",16220.0,2097.0,2498.0,1.191,0
36075,NY,"Oswego County, NY",47239.0,6909.0,7542.0,1.092,0
36081,NY,"Queens County, NY",841003.0,112134.0,133891.0,1.194,0
36085,NY,"Richmond County, NY",170777.0,20705.0,22803.0,1.101,0
36093,NY,"Schenectady County, NY",66902.0,8707.0,9338.0,1.072,0
36095,NY,"Schoharie County, NY",12861.0,1621.0,1764.0,1.088,0
36097,NY,"Schuyler County, NY",7355.0,1003.0,1111.0,1.108,0
36103,NY,"Suffolk County, NY",512565.0,34831.0,36965.0,1.061,0
36105,NY,"Sullivan County, NY",31434.0,4239.0,5383.0,1.27,0
36107,NY,"Tioga County, NY",20347.0,2654.0,2730.0,1.029,0
36115,NY,"Washington County, NY",24469.0,2717.0,2955.0,1.088,0
37001,NC,"Alamance County, NC",70062.0,9247.0,9499.0,1.027,0
37003,NC,"Alexander County, NC",14126.0,1568.0,1902.0,1.213,0
37007,NC,"Anson County, NC",8548.0,1932.0,2889.0,1.495,0
37011,NC,"Avery County, NC",6791.0,758.0,946.0,1.248,0
37015,NC,"Bertie County, NC",7143.0,1257.0,1706.0,1.357,0
37017,NC,"Bladen County, NC",11824.0,2818.0,3093.0,1.098,0
37025,NC,"Cabarrus County, NC",84246.0,8049.0,8695.0,1.08,0
37027,NC,"Caldwell County, NC",32919.0,4602.0,4717.0,1.025,0
37029,NC,"Camden County, NC",4011.0,304.0,426.0,1.401,0
37033,NC,"Caswell County, NC",8830.0,1598.0,1778.0,1.113,0
37041,NC,"Chowan County, NC",6134.0,1107.0,1359.0,1.228,0
37045,NC,"Cleveland County, NC",38850.0,6293.0,8280.0,1.316,0
37047,NC,"Columbus County, NC",20048.0,3878.0,4531.0,1.168,0
37051,NC,"Cumberland County, NC",129758.0,20990.0,24156.0,1.151,0
37057,NC,"Davidson County, NC",69846.0,8867.0,9151.0,1.032,0
37059,NC,"Davie County, NC",17270.0,1612.0,2020.0,1.253,0
37065,NC,"Edgecombe County, NC",19652.0,4034.0,4642.0,1.151,0
37069,NC,"Franklin County, NC",28529.0,3409.0,3551.0,1.042,0
37071,NC,"Gaston County, NC",93576.0,13223.0,15034.0,1.137,0
37073,NC,"Gates County, NC",4192.0,431.0,585.0,1.357,0
37075,NC,"Graham County, NC",3524.0,334.0,518.0,1.551,0
37079,NC,"Greene County, NC",6912.0,1283.0,1513.0,1.179,0
37081,NC,"Guilford County, NC",219718.0,31152.0,33985.0,1.091,0
37083,NC,"Halifax County, NC",20383.0,5176.0,5922.0,1.144,0
37085,NC,"Harnett County, NC",49845.0,7057.0,7587.0,1.075,0
37091,NC,"Hertford County, NC",8285.0,1810.0,2305.0,1.273,0
37093,NC,"Hoke County, NC",19258.0,3154.0,3864.0,1.225,0
37095,NC,"Hyde County, NC",1939.0,364.0,436.0,1.198,0
37101,NC,"Johnston County, NC",85591.0,9115.0,9747.0,1.069,0
37107,NC,"Lenoir County, NC",23351.0,5169.0,6384.0,1.235,0
37111,NC,"McDowell County, NC",18638.0,2820.0,3419.0,1.212,0
37121,NC,"Mitchell County, NC",6587.0,1063.0,1117.0,1.051,0
37123,NC,"Montgomery County, NC",10643.0,1545.0,1984.0,1.284,0
37127,NC,"Nash County, NC",38797.0,5133.0,7087.0,1.381,0
37131,NC,"Northampton County, NC",7857.0,1772.0,2078.0,1.173,0
37133,NC,"Onslow County, NC",75265.0,8496.0,9138.0,1.076,0
37139,NC,"Pasquotank County, NC",15785.0,2061.0,2771.0,1.344,0
37141,NC,"Pender County, NC",25291.0,2623.0,2977.0,1.135,0
37143,NC,"Perquimans County, NC",5614.0,592.0,770.0,1.301,0
37145,NC,"Person County, NC",16063.0,2845.0,3298.0,1.159,0
37151,NC,"Randolph County, NC",57721.0,7937.0,8752.0,1.103,0
37153,NC,"Richmond County, NC",17026.0,4176.0,4868.0,1.166,0
37155,NC,"Robeson County, NC",43134.0,11748.0,14065.0,1.197,0
37157,NC,"Rockingham County, NC",39606.0,6501.0,7022.0,1.08,0
37161,NC,"Rutherford County, NC",26642.0,4567.0,5183.0,1.135,0
37163,NC,"Sampson County, NC",21607.0,4304.0,4361.0,1.013,0
37165,NC,"Scotland County, NC",12580.0,3135.0,3980.0,1.27,0
37167,NC,"Stanly County, NC",25240.0,3773.0,3880.0,1.028,0
37169,NC,"Stokes County, NC",19546.0,2300.0,2889.0,1.256,0
37171,NC,"Surry County, NC",29869.0,5473.0,5839.0,1.067,0
37177,NC,"Tyrrell County, NC",1547.0,270.0,423.0,1.567,0
37179,NC,"Union County, NC",84237.0,6224.0,6424.0,1.032,0
37181,NC,"Vance County, NC",16147.0,3050.0,3920.0,1.285,0
37185,NC,"Warren County, NC",8147.0,1638.0,1882.0,1.149,0
37187,NC,"Washington County, NC",4744.0,1260.0,1608.0,1.276,0
37191,NC,"Wayne County, NC",47507.0,7466.0,9310.0,1.247,0
37197,NC,"Yadkin County, NC",15009.0,2032.0,2145.0,1.056,0
38033,ND,"Golden Valley County, ND",699.0,106.0,114.0,1.075,0
38067,ND,"Pembina County, ND",2973.0,255.0,256.0,1.004,0
38079,ND,"Rolette County, ND",3769.0,954.0,965.0,1.012,0
38085,ND,"Sioux County, ND",1112.0,396.0,409.0,1.033,0
39003,OH,"Allen County, OH",41295.0,5679.0,5691.0,1.002,0
39007,OH,"Ashtabula County, OH",39245.0,6247.0,7161.0,1.146,0
39019,OH,"Carroll County, OH",11206.0,1280.0,1344.0,1.05,0
39021,OH,"Champaign County, OH",15646.0,1316.0,1599.0,1.215,0
39023,OH,"Clark County, OH",55975.0,8648.0,10097.0,1.168,0
39031,OH,"Coshocton County, OH",14786.0,2648.0,2702.0,1.02,0
39033,OH,"Crawford County, OH",18059.0,2311.0,2496.0,1.08,0
39045,OH,"Fairfield County, OH",60357.0,5132.0,5469.0,1.066,0
39051,OH,"Fulton County, OH",16986.0,1543.0,1633.0,1.058,0
39053,OH,"Gallia County, OH",11614.0,2123.0,2206.0,1.039,0
39059,OH,"Guernsey County, OH",16318.0,2489.0,2790.0,1.121,0
39073,OH,"Hocking County, OH",11568.0,1645.0,1923.0,1.169,0
39079,OH,"Jackson County, OH",12933.0,2521.0,2588.0,1.027,0
39087,OH,"Lawrence County, OH",22650.0,4348.0,4751.0,1.093,0
39089,OH,"Licking County, OH",68620.0,7471.0,8177.0,1.094,0
39091,OH,"Logan County, OH",19560.0,2139.0,2201.0,1.029,0
39097,OH,"Madison County, OH",15686.0,1429.0,1522.0,1.065,0
39099,OH,"Mahoning County, OH",98065.0,18412.0,18645.0,1.013,0
39101,OH,"Marion County, OH",24683.0,3878.0,4191.0,1.081,0
39105,OH,"Meigs County, OH",9102.0,1945.0,2282.0,1.173,0
39115,OH,"Morgan County, OH",5713.0,800.0,935.0,1.169,0
39117,OH,"Morrow County, OH",13463.0,1542.0,1594.0,1.034,0
39119,OH,"Muskingum County, OH",34357.0,5195.0,6638.0,1.278,0
39125,OH,"Paulding County, OH",7624.0,779.0,878.0,1.127,0
39127,OH,"Perry County, OH",13452.0,2084.0,2145.0,1.029,0
39129,OH,"Pickaway County, OH",21899.0,2598.0,2630.0,1.012,0
39131,OH,"Pike County, OH",10866.0,2352.0,2583.0,1.098,0
39139,OH,"Richland County, OH",50111.0,7111.0,7440.0,1.046,0
39141,OH,"Ross County, OH",29808.0,4238.0,4916.0,1.16,0
39145,OH,"Scioto County, OH",28864.0,6493.0,6527.0,1.005,0
39147,OH,"Seneca County, OH",22279.0,2663.0,3001.0,1.127,0
39151,OH,"Stark County, OH",155955.0,19080.0,19848.0,1.04,0
39153,OH,"Summit County, OH",231267.0,30028.0,32721.0,1.09,0
39157,OH,"Tuscarawas County, OH",38492.0,5410.0,5437.0,1.005,0
39163,OH,"Vinton County, OH",5328.0,1033.0,1111.0,1.076,0
39171,OH,"Williams County, OH",15476.0,2038.0,2195.0,1.077,0
40001,OK,"Adair County, OK",7133.0,1600.0,1805.0,1.128,0
40017,OK,"Canadian County, OK",58227.0,4648.0,4863.0,1.046,0
40023,OK,"Choctaw County, OK",5923.0,1435.0,1472.0,1.026,0
40033,OK,"Cotton County, OK",2040.0,334.0,363.0,1.087,0
40047,OK,"Garfield County, OK",23893.0,2986.0,3734.0,1.251,0
40051,OK,"Grady County, OK",20688.0,2525.0,2534.0,1.004,0
40055,OK,"Greer County, OK",1948.0,434.0,494.0,1.138,0
40057,OK,"Harmon County, OK",964.0,212.0,215.0,1.014,0
40061,OK,"Haskell County, OK",4584.0,964.0,1019.0,1.057,0
40065,OK,"Jackson County, OK",9775.0,1404.0,1494.0,1.064,0
40071,OK,"Kay County, OK",16776.0,2627.0,2880.0,1.096,0
40079,OK,"Le Flore County, OK",17997.0,3578.0,3768.0,1.053,0
40093,OK,"Major County, OK",3182.0,309.0,405.0,1.311,0
40101,OK,"Muskogee County, OK",25739.0,4898.0,5071.0,1.035,0
40111,OK,"Okmulgee County, OK",14246.0,2546.0,3042.0,1.195,0
40113,OK,"Osage County, OK",17374.0,2343.0,2418.0,1.032,0
40121,OK,"Pittsburg County, OK",17851.0,3243.0,3243.0,1.0,0
40123,OK,"Pontotoc County, OK",15134.0,2180.0,2330.0,1.069,0
40125,OK,"Pottawatomie County, OK",26927.0,4270.0,5005.0,1.172,0
40131,OK,"Rogers County, OK",36672.0,3318.0,3941.0,1.188,0
40133,OK,"Seminole County, OK",8782.0,1995.0,2014.0,1.01,0
40135,OK,"Sequoyah County, OK",15454.0,2915.0,3283.0,1.126,0
40149,OK,"Washita County, OK",4131.0,505.0,616.0,1.22,0
41005,OR,"Clackamas County, OR",163845.0,12625.0,16492.0,1.306,0
41007,OR,"Clatsop County, OR",17984.0,1994.0,2752.0,1.38,0
41009,OR,"Columbia County, OR",20928.0,1876.0,3258.0,1.737,0
41011,OR,"Coos County, OR",28731.0,4642.0,6711.0,1.446,0
41013,OR,"Crook County, OR",10782.0,1143.0,1579.0,1.381,0
41015,OR,"Curry County, OR",11159.0,1478.0,1676.0,1.134,0
41017,OR,"Deschutes County, OR",84933.0,7505.0,8417.0,1.122,0
41019,OR,"Douglas County, OR",47519.0,7158.0,10041.0,1.403,0
41023,OR,"Grant County, OR",3444.0,424.0,538.0,1.269,0
41025,OR,"Harney County, OR",3129.0,436.0,723.0,1.658,0
41027,OR,"Hood River County, OR",8939.0,835.0,1202.0,1.44,0
41029,OR,"Jackson County, OR",92035.0,11636.0,16488.0,1.417,0
41031,OR,"Jefferson County, OR",8814.0,1278.0,2176.0,1.703,0
41033,OR,"Josephine County, OR",36715.0,6074.0,8836.0,1.455,0
41035,OR,"Klamath County, OR",28999.0,5869.0,6861.0,1.169,0
41039,OR,"Lane County, OR",160445.0,24510.0,30686.0,1.252,0
41041,OR,"Lincoln County, OR",23115.0,3488.0,4876.0,1.398,0
41043,OR,"Linn County, OR",50729.0,6680.0,10009.0,1.498,0
41045,OR,"Malheur County, OR",10292.0,1909.0,2916.0,1.528,0
41047,OR,"Marion County, OR",126870.0,15421.0,24964.0,1.619,0
41049,OR,"Morrow County, OR",4326.0,589.0,843.0,1.431,0
41051,OR,"Multnomah County, OR",349803.0,43310.0,56291.0,1.3,0
41053,OR,"Polk County, OR",32986.0,4763.0,6530.0,1.371,0
41055,OR,"Sherman County, OR",804.0,167.0,191.0,1.144,0
41057,OR,"Tillamook County, OR",11936.0,1656.0,1921.0,1.16,0
41059,OR,"Umatilla County, OR",28707.0,3677.0,5875.0,1.598,0
41061,OR,"Union County, OR",10900.0,1847.0,2114.0,1.145,0
41063,OR,"Wallowa County, OR",3387.0,277.0,406.0,1.466,0
41065,OR,"Wasco County, OR",10563.0,1239.0,2299.0,1.856,0
41067,OR,"Washington County, OR",235406.0,18544.0,24720.0,1.333,0
41069,OR,"Wheeler County, OR",703.0,70.0,78.0,1.114,0
41071,OR,"Yamhill County, OR",39247.0,4309.0,6210.0,1.441,0
42001,PA,"Adams County, PA",40841.0,3028.0,3350.0,1.106,0
42003,PA,"Allegheny County, PA",545802.0,67128.0,70877.0,1.056,0
42005,PA,"Armstrong County, PA",28035.0,3539.0,4387.0,1.24,0
42007,PA,"Beaver County, PA",72257.0,7880.0,10006.0,1.27,0
42009,PA,"Bedford County, PA",19750.0,2491.0,3116.0,1.251,0
42011,PA,"Berks County, PA",163236.0,19103.0,22640.0,1.185,0
42013,PA,"Blair County, PA",50558.0,6666.0,9068.0,1.36,0
42015,PA,"Bradford County, PA",24610.0,3157.0,3572.0,1.131,0
42017,PA,"Bucks County, PA",249187.0,16586.0,19418.0,1.171,0
42021,PA,"Cambria County, PA",55973.0,8090.0,10559.0,1.305,0
42023,PA,"Cameron County, PA",2216.0,352.0,577.0,1.639,0
42025,PA,"Carbon County, PA",27255.0,3514.0,4252.0,1.21,0
42031,PA,"Clarion County, PA",15049.0,2159.0,2363.0,1.094,0
42033,PA,"Clearfield County, PA",32518.0,4763.0,6255.0,1.313,0
42035,PA,"Clinton County, PA",15424.0,2454.0,2457.0,1.001,0
42039,PA,"Crawford County, PA",33838.0,4910.0,6313.0,1.286,0
42041,PA,"Cumberland County, PA",106427.0,8164.0,8281.0,1.014,0
42043,PA,"Dauphin County, PA",121358.0,15809.0,16085.0,1.017,0
42045,PA,"Delaware County, PA",216946.0,23899.0,28783.0,1.204,0
42047,PA,"Elk County, PA",13325.0,1236.0,1932.0,1.563,0
42049,PA,"Erie County, PA",110587.0,16974.0,21112.0,1.244,0
42051,PA,"Fayette County, PA",55182.0,9929.0,12964.0,1.306,0
42053,PA,"Forest County, PA",1920.0,229.0,268.0,1.17,0
42055,PA,"Franklin County, PA",63510.0,5349.0,6967.0,1.302,0
42057,PA,"Fulton County, PA",6339.0,790.0,883.0,1.118,0
42059,PA,"Greene County, PA",14324.0,1988.0,2977.0,1.497,0
42061,PA,"Huntingdon County, PA",16341.0,1851.0,2191.0,1.184,0
42063,PA,"Indiana County, PA",32487.0,4954.0,5289.0,1.068,0
42065,PA,"Jefferson County, PA",18344.0,2663.0,2728.0,1.024,0
42067,PA,"Juniata County, PA",9025.0,886.0,939.0,1.06,0
42069,PA,"Lackawanna County, PA",88263.0,13247.0,15738.0,1.188,0
42071,PA,"Lancaster County, PA",212748.0,17970.0,19471.0,1.084,0
42073,PA,"Lawrence County, PA",36121.0,4425.0,7368.0,1.665,0
42075,PA,"Lebanon County, PA",56712.0,5467.0,6934.0,1.268,0
42077,PA,"Lehigh County, PA",144386.0,15689.0,22198.0,1.415,0
42079,PA,"Luzerne County, PA",135055.0,20349.0,26482.0,1.301,0
42081,PA,"Lycoming County, PA",46861.0,5909.0,6961.0,1.178,0
42083,PA,"McKean County, PA",16369.0,2161.0,3038.0,1.406,0
42085,PA,"Mercer County, PA",46524.0,6249.0,8100.0,1.296,0
42087,PA,"Mifflin County, PA",18510.0,2685.0,3151.0,1.174,0
42089,PA,"Monroe County, PA",61212.0,6597.0,9234.0,1.4,0
42095,PA,"Northampton County, PA",122624.0,10709.0,12621.0,1.179,0
42097,PA,"Northumberland County, PA",37886.0,4903.0,5909.0,1.205,0
42099,PA,"Perry County, PA",18299.0,1501.0,1934.0,1.288,0
42101,PA,"Philadelphia County, PA",679428.0,142023.0,177955.0,1.253,0
42103,PA,"Pike County, PA",24262.0,2260.0,3046.0,1.348,0
42105,PA,"Potter County, PA",6992.0,914.0,978.0,1.07,0
42107,PA,"Schuylkill County, PA",57988.0,7372.0,9958.0,1.351,0
42111,PA,"Somerset County, PA",29344.0,3573.0,4209.0,1.178,0
42115,PA,"Susquehanna County, PA",15517.0,1679.0,2002.0,1.192,0
42117,PA,"Tioga County, PA",16687.0,1885.0,2344.0,1.244,0
42119,PA,"Union County, PA",14546.0,1314.0,1711.0,1.302,0
42121,PA,"Venango County, PA",21397.0,2798.0,4145.0,1.481,0
42123,PA,"Warren County, PA",16123.0,1944.0,2361.0,1.215,0
42125,PA,"Washington County, PA",88505.0,8932.0,12279.0,1.375,0
42127,PA,"Wayne County, PA",20877.0,2658.0,2708.0,1.019,0
42129,PA,"Westmoreland County, PA",154979.0,17364.0,21526.0,1.24,0
42131,PA,"Wyoming County, PA",10912.0,1194.0,1732.0,1.451,0
42133,PA,"York County, PA",181583.0,16344.0,20436.0,1.25,0
44003,RI,"Kent County, RI",72839.0,6874.0,8756.0,1.274,0
44007,RI,"Providence County, RI",259210.0,37400.0,46094.0,1.232,0
45029,SC,"Colleton County, SC",16408.0,3137.0,3837.0,1.223,0
45039,SC,"Fairfield County, SC",8930.0,1590.0,1879.0,1.182,0
45061,SC,"Lee County, SC",6351.0,1401.0,1741.0,1.243,0
46121,SD,"Todd County, SD",2544.0,962.0,1023.0,1.063,0
47027,TN,"Clay County, TN",3486.0,871.0,879.0,1.009,0
47053,TN,"Gibson County, TN",20360.0,3121.0,3366.0,1.079,0
47067,TN,"Hancock County, TN",2828.0,925.0,984.0,1.064,0
47075,TN,"Haywood County, TN",7167.0,1690.0,1773.0,1.049,0
47083,TN,"Houston County, TN",3353.0,409.0,516.0,1.262,0
47089,TN,"Jefferson County, TN",21817.0,2278.0,2360.0,1.036,0
47111,TN,"Macon County, TN",9421.0,1459.0,1663.0,1.14,0
47175,TN,"Van Buren County, TN",2569.0,452.0,479.0,1.06,0
47177,TN,"Warren County, TN",16203.0,2396.0,2433.0,1.015,0
48001,TX,"Anderson County, TX",17579.0,2969.0,3161.0,1.065,0
48005,TX,"Angelina County, TX",32271.0,5133.0,5405.0,1.053,0
48035,TX,"Bosque County, TX",7496.0,781.0,782.0,1.001,0
48039,TX,"Brazoria County, TX",133898.0,10194.0,10824.0,1.062,0
48047,TX,"Brooks County, TX",2977.0,695.0,1062.0,1.528,0
48055,TX,"Caldwell County, TX",16647.0,1798.0,1893.0,1.053,0
48057,TX,"Calhoun County, TX",8670.0,885.0,1357.0,1.533,0
48059,TX,"Callahan County, TX",5239.0,512.0,556.0,1.086,0
48061,TX,"Cameron County, TX",138433.0,33198.0,34273.0,1.032,0
48099,TX,"Coryell County, TX",26986.0,3044.0,3416.0,1.122,0
48101,TX,"Cottle County, TX",577.0,108.0,172.0,1.593,0
48107,TX,"Crosby County, TX",1929.0,392.0,466.0,1.189,0
48109,TX,"Culberson County, TX",868.0,139.0,232.0,1.669,0
48111,TX,"Dallam County, TX",2586.0,296.0,301.0,1.017,0
48163,TX,"Frio County, TX",5437.0,1183.0,1281.0,1.083,0
48169,TX,"Garza County, TX",1463.0,130.0,161.0,1.238,0
48173,TX,"Glasscock County, TX",460.0,25.0,45.0,1.8,0
48185,TX,"Grimes County, TX",10255.0,1410.0,1420.0,1.007,0
48189,TX,"Hale County, TX",11024.0,2144.0,2532.0,1.181,0
48197,TX,"Hardeman County, TX",1230.0,150.0,168.0,1.12,0
48199,TX,"Hardin County, TX",22222.0,2778.0,2866.0,1.032,0
48211,TX,"Hemphill County, TX",1476.0,106.0,135.0,1.274,0
48215,TX,"Hidalgo County, TX",270210.0,68350.0,75177.0,1.1,0
48225,TX,"Houston County, TX",7983.0,1268.0,1425.0,1.124,0
48239,TX,"Jackson County, TX",6028.0,855.0,1101.0,1.288,0
48249,TX,"Jim Wells County, TX",13279.0,3140.0,3190.0,1.016,0
48255,TX,"Karnes County, TX",4730.0,972.0,998.0,1.027,0
48257,TX,"Kaufman County, TX",50990.0,4944.0,5054.0,1.022,0
48263,TX,"Kent County, TX",308.0,38.0,53.0,1.395,0
48271,TX,"Kinney County, TX",1152.0,78.0,174.0,2.231,0
48301,TX,"Loving County, TX",27.0,2.0,2.0,1.0,0
48315,TX,"Marion County, TX",4207.0,771.0,863.0,1.119,0
48323,TX,"Maverick County, TX",18080.0,4592.0,5191.0,1.13,0
48333,TX,"Mills County, TX",1799.0,157.0,238.0,1.516,0
48355,TX,"Nueces County, TX",131160.0,22068.0,22892.0,1.037,0
48379,TX,"Rains County, TX",4856.0,503.0,542.0,1.078,0
48387,TX,"Red River County, TX",4978.0,876.0,938.0,1.071,0
48403,TX,"Sabine County, TX",4649.0,594.0,691.0,1.163,0
48427,TX,"Starr County, TX",19157.0,7271.0,8146.0,1.12,0
48431,TX,"Sterling County, TX",399.0,20.0,48.0,2.4,0
48445,TX,"Terry County, TX",4297.0,725.0,1146.0,1.581,0
48449,TX,"Titus County, TX",11156.0,1897.0,2159.0,1.138,0
48463,TX,"Uvalde County, TX",8417.0,1905.0,2041.0,1.071,0
48465,TX,"Val Verde County, TX",16810.0,2947.0,3666.0,1.244,0
48479,TX,"Webb County, TX",81373.0,17776.0,19282.0,1.085,0
48481,TX,"Wharton County, TX",15890.0,2119.0,2206.0,1.041,0
48487,TX,"Wilbarger County, TX",4778.0,620.0,673.0,1.085,0
48489,TX,"Willacy County, TX",5691.0,1568.0,1813.0,1.156,0
48495,TX,"Winkler County, TX",2762.0,362.0,520.0,1.436,0
48507,TX,"Zavala County, TX",3271.0,1169.0,1329.0,1.137,0
49045,UT,"Tooele County, UT",23925.0,1340.0,1632.0,1.218,0
49047,UT,"Uintah County, UT",12145.0,1562.0,1603.0,1.026,0
50001,VT,"Addison County, VT",14966.0,1216.0,1306.0,1.074,0
50003,VT,"Bennington County, VT",14987.0,2097.0,2310.0,1.102,0
50005,VT,"Caledonia County, VT",13091.0,1567.0,1949.0,1.244,0
50009,VT,"Essex County, VT",2823.0,376.0,530.0,1.41,0
50011,VT,"Franklin County, VT",19963.0,2219.0,2456.0,1.107,0
50013,VT,"Grand Isle County, VT",3140.0,255.0,283.0,1.11,0
50015,VT,"Lamoille County, VT",11923.0,1125.0,1243.0,1.105,0
50017,VT,"Orange County, VT",12742.0,1143.0,1240.0,1.085,0
50019,VT,"Orleans County, VT",12072.0,1461.0,1738.0,1.19,0
50023,VT,"Washington County, VT",25855.0,2239.0,2600.0,1.161,0
50025,VT,"Windham County, VT",19784.0,2490.0,2624.0,1.054,0
51007,VA,"Amelia County, VA",5417.0,682.0,727.0,1.066,0
51025,VA,"Brunswick County, VA",6477.0,862.0,1287.0,1.493,0
51027,VA,"Buchanan County, VA",7530.0,1876.0,2056.0,1.096,0
51029,VA,"Buckingham County, VA",6274.0,779.0,1065.0,1.367,0
51031,VA,"Campbell County, VA",22240.0,2490.0,2735.0,1.098,0
51033,VA,"Caroline County, VA",11988.0,1152.0,1605.0,1.393,0
51047,VA,"Culpeper County, VA",18924.0,1451.0,1849.0,1.274,0
51049,VA,"Cumberland County, VA",4010.0,483.0,850.0,1.76,0
51051,VA,"Dickenson County, VA",5935.0,1119.0,1376.0,1.23,0
51053,VA,"Dinwiddie County, VA",10661.0,1298.0,1587.0,1.223,0
51071,VA,"Giles County, VA",6698.0,665.0,741.0,1.114,0
51073,VA,"Gloucester County, VA",15274.0,849.0,1089.0,1.283,0
51077,VA,"Grayson County, VA",6337.0,1020.0,1036.0,1.016,0
51083,VA,"Halifax County, VA",13613.0,2538.0,2815.0,1.109,0
51097,VA,"King and Queen County, VA",3003.0,417.0,585.0,1.403,0
51105,VA,"Lee County, VA",8527.0,2366.0,2407.0,1.017,0
51109,VA,"Louisa County, VA",15561.0,1628.0,1774.0,1.09,0
51111,VA,"Lunenburg County, VA",4771.0,893.0,1048.0,1.174,0
51113,VA,"Madison County, VA",5482.0,581.0,581.0,1.0,0
51119,VA,"Middlesex County, VA",4772.0,316.0,544.0,1.722,0
51149,VA,"Prince George County, VA",12919.0,1203.0,1425.0,1.185,0
51155,VA,"Pulaski County, VA",14456.0,2158.0,2239.0,1.038,0
51159,VA,"Richmond County, VA",3177.0,324.0,335.0,1.034,0
51163,VA,"Rockbridge County, VA",9552.0,813.0,1061.0,1.305,0
51167,VA,"Russell County, VA",10669.0,1745.0,2331.0,1.336,0
51175,VA,"Southampton County, VA",6868.0,706.0,999.0,1.415,0
51183,VA,"Sussex County, VA",3785.0,434.0,715.0,1.647,0
51191,VA,"Washington County, VA",22112.0,2673.0,2816.0,1.053,0
51193,VA,"Westmoreland County, VA",8149.0,1158.0,1635.0,1.412,0
51195,VA,"Wise County, VA",13905.0,2538.0,3135.0,1.235,0
51520,VA,"Bristol city, VA",7226.0,1483.0,1599.0,1.078,0
51570,VA,"Colonial Heights city, VA",7530.0,754.0,983.0,1.304,0
51590,VA,"Danville city, VA",19066.0,4567.0,5197.0,1.138,0
51595,VA,"Emporia city, VA",2157.0,360.0,736.0,2.044,0
51620,VA,"Franklin city, VA",3454.0,541.0,983.0,1.817,0
51650,VA,"Hampton city, VA",58057.0,7370.0,9340.0,1.267,0
51670,VA,"Hopewell city, VA",9255.0,2010.0,2321.0,1.155,0
51685,VA,"Manassas Park city, VA",5193.0,205.0,525.0,2.561,0
51700,VA,"Newport News city, VA",76112.0,10438.0,11796.0,1.13,0
51710,VA,"Norfolk city, VA",94965.0,14447.0,16170.0,1.119,0
51720,VA,"Norton city, VA",1605.0,471.0,477.0,1.013,0
51730,VA,"Petersburg city, VA",15138.0,3227.0,3428.0,1.062,0
51740,VA,"Portsmouth city, VA",40288.0,6767.0,8008.0,1.183,0
51790,VA,"Staunton city, VA",11309.0,1388.0,1467.0,1.057,0
51800,VA,"Suffolk city, VA",37908.0,3542.0,3807.0,1.075,0
51820,VA,"Waynesboro city, VA",9841.0,1260.0,1402.0,1.113,0
53001,WA,"Adams County, WA",6288.0,1021.0,1188.0,1.164,0
53003,WA,"Asotin County, WA",9490.0,1189.0,1767.0,1.486,0
53005,WA,"Benton County, WA",78046.0,8627.0,11533.0,1.337,0
53007,WA,"Chelan County, WA",31520.0,2743.0,3798.0,1.385,0
53009,WA,"Clallam County, WA",35046.0,3896.0,4564.0,1.171,0
53011,WA,"Clark County, WA",196017.0,16209.0,23679.0,1.461,0
53013,WA,"Columbia County, WA",1862.0,212.0,263.0,1.241,0
53015,WA,"Cowlitz County, WA",43943.0,5291.0,7772.0,1.469,0
53017,WA,"Douglas County, WA",15923.0,1287.0,2275.0,1.768,0
53019,WA,"Ferry County, WA",3169.0,399.0,618.0,1.549,0
53021,WA,"Franklin County, WA",29890.0,3372.0,5631.0,1.67,0
53025,WA,"Grant County, WA",35398.0,5202.0,5855.0,1.126,0
53027,WA,"Grays Harbor County, WA",30628.0,4334.0,5577.0,1.287,0
53035,WA,"Kitsap County, WA",108537.0,8955.0,10833.0,1.21,0
53041,WA,"Lewis County, WA",32916.0,4225.0,5397.0,1.277,0
53043,WA,"Lincoln County, WA",4820.0,601.0,707.0,1.176,0
53045,WA,"Mason County, WA",26029.0,3123.0,3954.0,1.266,0
53047,WA,"Okanogan County, WA",17540.0,3055.0,3380.0,1.106,0
53049,WA,"Pacific County, WA",10977.0,1384.0,1662.0,1.201,0
53051,WA,"Pend Oreille County, WA",5949.0,760.0,994.0,1.308,0
53053,WA,"Pierce County, WA",351330.0,30141.0,43291.0,1.436,0
53057,WA,"Skagit County, WA",52329.0,5607.0,6469.0,1.154,0
53059,WA,"Skamania County, WA",5019.0,465.0,615.0,1.323,0
53061,WA,"Snohomish County, WA",316212.0,25209.0,27910.0,1.107,0
53063,WA,"Spokane County, WA",218395.0,26410.0,34596.0,1.31,0
53065,WA,"Stevens County, WA",19374.0,2461.0,2915.0,1.184,0
53067,WA,"Thurston County, WA",118899.0,11559.0,13304.0,1.151,0
53071,WA,"Walla Walla County, WA",23447.0,3069.0,3168.0,1.032,0
53077,WA,"Yakima County, WA",87708.0,12916.0,19853.0,1.537,0
54003,WV,"Berkeley County, WV",51021.0,5626.0,5907.0,1.05,0
54005,WV,"Boone County, WV",7927.0,1398.0,1747.0,1.25,0
54009,WV,"Brooke County, WV",9675.0,1174.0,1364.0,1.162,0
54015,WV,"Clay County, WV",2972.0,731.0,969.0,1.326,0
54019,WV,"Fayette County, WV",15948.0,3120.0,3120.0,1.0,0
54021,WV,"Gilmer County, WV",2254.0,478.0,487.0,1.019,0
54023,WV,"Grant County, WV",4393.0,712.0,731.0,1.027,0
54027,WV,"Hampshire County, WV",8643.0,1268.0,1272.0,1.003,0
54031,WV,"Hardy County, WV",5954.0,979.0,1144.0,1.169,0
54033,WV,"Harrison County, WV",26353.0,3726.0,4208.0,1.129,0
54037,WV,"Jefferson County, WV",22804.0,2006.0,2492.0,1.242,0
54041,WV,"Lewis County, WV",6967.0,1298.0,1487.0,1.146,0
54045,WV,"Logan County, WV",12760.0,2549.0,3566.0,1.399,0
54047,WV,"McDowell County, WV",6467.0,2178.0,2360.0,1.084,0
54049,WV,"Marion County, WV",23339.0,3204.0,3624.0,1.131,0
54051,WV,"Marshall County, WV",12487.0,2066.0,2647.0,1.281,0
54055,WV,"Mercer County, WV",24224.0,4336.0,5242.0,1.209,0
54057,WV,"Mineral County, WV",11120.0,1655.0,1886.0,1.14,0
54059,WV,"Mingo County, WV",9317.0,3161.0,3397.0,1.075,0
54065,WV,"Morgan County, WV",7342.0,925.0,1031.0,1.115,0
54067,WV,"Nicholas County, WV",9466.0,1623.0,1829.0,1.127,0
54073,WV,"Pleasants County, WV",2769.0,412.0,452.0,1.097,0
54077,WV,"Preston County, WV",12809.0,1934.0,2207.0,1.141,0
54079,WV,"Putnam County, WV",23251.0,2430.0,2998.0,1.234,0
54087,WV,"Roane County, WV",5704.0,1100.0,1245.0,1.132,0
54089,WV,"Summers County, WV",4680.0,942.0,1077.0,1.143,0
54091,WV,"Taylor County, WV",6604.0,1007.0,1334.0,1.325,0
54099,WV,"Wayne County, WV",15762.0,2507.0,2879.0,1.148,0
54101,WV,"Webster County, WV",2899.0,773.0,944.0,1.221,0
54103,WV,"Wetzel County, WV",6113.0,1054.0,1215.0,1.153,0
54105,WV,"Wirt County, WV",2041.0,328.0,374.0,1.14,0
54107,WV,"Wood County, WV",35836.0,5246.0,6317.0,1.204,0
55001,WI,"Adams County, WI",9517.0,1249.0,1391.0,1.114,0
55005,WI,"Barron County, WI",19955.0,2142.0,2288.0,1.068,0
55007,WI,"Bayfield County, WI",7437.0,748.0,859.0,1.148,0
55009,WI,"Brown County, WI",110933.0,10644.0,11597.0,1.09,0
55011,WI,"Buffalo County, WI",5720.0,582.0,598.0,1.027,0
55017,WI,"Chippewa County, WI",27139.0,2722.0,3203.0,1.177,0
55021,WI,"Columbia County, WI",24158.0,1745.0,2162.0,1.239,0
55027,WI,"Dodge County, WI",35910.0,3125.0,3831.0,1.226,0
55031,WI,"Douglas County, WI",19160.0,2318.0,2390.0,1.031,0
55033,WI,"Dunn County, WI",17440.0,2048.0,2212.0,1.08,0
55037,WI,"Florence County, WI",2197.0,198.0,292.0,1.475,0
55041,WI,"Forest County, WI",4006.0,561.0,599.0,1.068,0
55049,WI,"Iowa County, WI",10118.0,957.0,958.0,1.001,0
55051,WI,"Iron County, WI",3109.0,310.0,377.0,1.216,0
55053,WI,"Jackson County, WI",8274.0,1071.0,1265.0,1.181,0
55055,WI,"Jefferson County, WI",34873.0,3134.0,3213.0,1.025,0
55057,WI,"Juneau County, WI",10955.0,1357.0,1635.0,1.205,0
55059,WI,"Kenosha County, WI",68904.0,7415.0,8401.0,1.133,0
55069,WI,"Lincoln County, WI",12772.0,1579.0,1674.0,1.06,0
55073,WI,"Marathon County, WI",57866.0,4938.0,5745.0,1.163,0
55075,WI,"Marinette County, WI",19051.0,2159.0,2313.0,1.071,0
55077,WI,"Marquette County, WI",6987.0,801.0,831.0,1.037,0
55078,WI,"Menominee County, WI",1405.0,256.0,366.0,1.43,0
55079,WI,"Milwaukee County, WI",392399.0,64776.0,80462.0,1.242,0
55081,WI,"Monroe County, WI",18301.0,2036.0,2553.0,1.254,0
55087,WI,"Outagamie County, WI",78382.0,5690.0,6395.0,1.124,0
55091,WI,"Pepin County, WI",3046.0,260.0,301.0,1.158,0
55095,WI,"Polk County, WI",19542.0,1775.0,1900.0,1.07,0
55099,WI,"Price County, WI",6539.0,709.0,861.0,1.214,0
55101,WI,"Racine County, WI",80406.0,8107.0,9869.0,1.217,0
55103,WI,"Richland County, WI",7250.0,936.0,1037.0,1.108,0
55105,WI,"Rock County, WI",67201.0,6417.0,8653.0,1.348,0
55107,WI,"Rusk County, WI",6355.0,787.0,1027.0,1.305,0
55111,WI,"Sauk County, WI",27987.0,2357.0,2830.0,1.201,0
55137,WI,"Waushara County, WI",10586.0,1242.0,1310.0,1.055,0
55141,WI,"Wood County, WI",32253.0,3713.0,4244.0,1.143,0
72003,PR,"Aguada Municipio, PR",13100.0,6424.0,7523.0,1.171,0
72005,PR,"Aguadilla Municipio, PR",22295.0,10559.0,11379.0,1.078,0
72007,PR,"Aguas Buenas Municipio, PR",8932.0,4330.0,5684.0,1.313,0
72009,PR,"Aibonito Municipio, PR",9777.0,4845.0,5391.0,1.113,0
72011,PR,"Añasco Municipio, PR",9524.0,4483.0,5365.0,1.197,0
72013,PR,"Arecibo Municipio, PR",33403.0,14941.0,17279.0,1.156,0
72015,PR,"Arroyo Municipio, PR",6739.0,3466.0,4058.0,1.171,0
72017,PR,"Barceloneta Municipio, PR",9053.0,4008.0,4810.0,1.2,0
72019,PR,"Barranquitas Municipio, PR",10014.0,5045.0,6216.0,1.232,0
72021,PR,"Bayamón Municipio, PR",74334.0,27180.0,27747.0,1.021,0
72023,PR,"Cabo Rojo Municipio, PR",19137.0,7895.0,9000.0,1.14,0
72025,PR,"Caguas Municipio, PR",51048.0,19686.0,21749.0,1.105,0
72027,PR,"Camuy Municipio, PR",12431.0,5254.0,6997.0,1.332,0
72029,PR,"Canóvanas Municipio, PR",15816.0,5972.0,7863.0,1.317,0
72031,PR,"Carolina Municipio, PR",64982.0,19089.0,22411.0,1.174,0
72033,PR,"Cataño Municipio, PR",9293.0,4159.0,4613.0,1.109,0
72035,PR,"Cayey Municipio, PR",17016.0,6908.0,7768.0,1.124,0
72037,PR,"Ceiba Municipio, PR",4435.0,1765.0,2182.0,1.236,0
72039,PR,"Ciales Municipio, PR",5774.0,3110.0,3887.0,1.25,0
72041,PR,"Cidra Municipio, PR",15010.0,5670.0,8026.0,1.416,0
72043,PR,"Coamo Municipio, PR",13776.0,6943.0,7781.0,1.121,0
72045,PR,"Comerío Municipio, PR",6113.0,3413.0,4045.0,1.185,0
72047,PR,"Corozal Municipio, PR",11512.0,5772.0,7157.0,1.24,0
72049,PR,"Culebra Municipio, PR",524.0,170.0,224.0,1.318,0
72051,PR,"Dorado Municipio, PR",12768.0,3927.0,4593.0,1.17,0
72053,PR,"Fajardo Municipio, PR",13169.0,5566.0,6388.0,1.148,0
72054,PR,"Florida Municipio, PR",4749.0,2339.0,3048.0,1.303,0
72057,PR,"Guayama Municipio, PR",15792.0,8075.0,9261.0,1.147,0
72059,PR,"Guayanilla Municipio, PR",6390.0,3154.0,3773.0,1.196,0
72063,PR,"Gurabo Municipio, PR",15846.0,5073.0,5961.0,1.175,0
72065,PR,"Hatillo Municipio, PR",13676.0,5406.0,7349.0,1.359,0
72067,PR,"Hormigueros Municipio, PR",6210.0,2319.0,3151.0,1.359,0
72069,PR,"Humacao Municipio, PR",20316.0,8153.0,9168.0,1.124,0
72071,PR,"Isabela Municipio, PR",14926.0,6842.0,7295.0,1.066,0
72073,PR,"Jayuya Municipio, PR",5177.0,2699.0,3157.0,1.17,0
72075,PR,"Juana Díaz Municipio, PR",16491.0,7678.0,8986.0,1.17,0
72077,PR,"Juncos Municipio, PR",14455.0,5484.0,7535.0,1.374,0
72079,PR,"Lajas Municipio, PR",8844.0,4932.0,5011.0,1.016,0
72081,PR,"Lares Municipio, PR",10770.0,6267.0,7280.0,1.162,0
72083,PR,"Las Marías Municipio, PR",3078.0,1876.0,1917.0,1.022,0
72085,PR,"Las Piedras Municipio, PR",13031.0,5793.0,7184.0,1.24,0
72087,PR,"Loíza Municipio, PR",9064.0,4029.0,5274.0,1.309,0
72089,PR,"Luquillo Municipio, PR",6966.0,3096.0,3849.0,1.243,0
72091,PR,"Manatí Municipio, PR",15510.0,7148.0,7414.0,1.037,0
72093,PR,"Maricao Municipio, PR",1798.0,905.0,987.0,1.091,0
72095,PR,"Maunabo Municipio, PR",4250.0,2376.0,2390.0,1.006,0
72099,PR,"Moca Municipio, PR",13831.0,6868.0,7822.0,1.139,0
72101,PR,"Morovis Municipio, PR",10903.0,5246.0,6505.0,1.24,0
72103,PR,"Naguabo Municipio, PR",8618.0,3741.0,4389.0,1.173,0
72105,PR,"Naranjito Municipio, PR",9263.0,4771.0,5580.0,1.17,0
72107,PR,"Orocovis Municipio, PR",7028.0,3948.0,4623.0,1.171,0
72109,PR,"Patillas Municipio, PR",6434.0,3301.0,3675.0,1.113,0
72111,PR,"Peñuelas Municipio, PR",7008.0,3573.0,4113.0,1.151,0
72113,PR,"Ponce Municipio, PR",55830.0,29052.0,30912.0,1.064,0
72115,PR,"Quebradillas Municipio, PR",8448.0,3986.0,5133.0,1.288,0
72117,PR,"Rincón Municipio, PR",5849.0,2638.0,2789.0,1.057,0
72119,PR,"Río Grande Municipio, PR",17136.0,6453.0,8362.0,1.296,0
72123,PR,"Salinas Municipio, PR",10761.0,5190.0,5687.0,1.096,0
72129,PR,"San Lorenzo Municipio, PR",14374.0,7052.0,8117.0,1.151,0
72131,PR,"San Sebastián Municipio, PR",14605.0,7743.0,8899.0,1.149,0
72133,PR,"Santa Isabel Municipio, PR",7548.0,3407.0,3768.0,1.106,0
72135,PR,"Toa Alta Municipio, PR",24068.0,8619.0,8982.0,1.042,0
72137,PR,"Toa Baja Municipio, PR",29965.0,10413.0,11383.0,1.093,0
72139,PR,"Trujillo Alto Municipio, PR",27237.0,8002.0,9335.0,1.167,0
72141,PR,"Utuado Municipio, PR",11311.0,5949.0,7088.0,1.191,0
72143,PR,"Vega Alta Municipio, PR",14015.0,6015.0,6969.0,1.159,0
72145,PR,"Vega Baja Municipio, PR",21587.0,9534.0,10355.0,1.086,0
72149,PR,"Villalba Municipio, PR",7451.0,3153.0,4763.0,1.511,0
72151,PR,"Yabucoa Municipio, PR",12167.0,6016.0,7480.0,1.243,0
72153,PR,"Yauco Municipio, PR",13217.0,6246.0,6255.0,1.001,0
