{"type":"FeatureCollection","features":[{"type":"Feature","properties":{"geoid":"1211900","puma":"11900","name":"Sumter County PUMA"},"geometry":{"type":"Polygon","coordinates":[[[-82.3117,28.9604],[-82.2498,28.9605],[-82.248,28.9603],[-82.2195,28.9601],[-82.1863,28.96],[-82.1731,28.96],[-82.1239,28.9602],[-82.1236,28.9602],[-82.1199,28.9601],[-82.0952,28.9601],[-82.0407,28.9601],[-82.0402,28.9601],[-82.0164,28.9601],[-82.0163,28.9601],[-82.0023,28.9599],[-82.0022,28.9599],[-81.9957,28.9599],[-81.9888,28.9599],[-81.9654,28.96],[-81.9651,28.96],[-81.9542,28.9601],[-81.9542,28.9581],[-81.9541,28.9535],[-81.9541,28.9492],[-81.9541,28.949],[-81.9541,28.9396],[-81.9541,28.9352],[-81.954,28.929],[-81.954,28.9258],[-81.9539,28.9204],[-81.9539,28.9197],[-81.9539,28.9166],[-81.9538,28.916],[-81.9536,28.9057],[-81.9535,28.8873],[-81.9535,28.887],[-81.9534,28.8821],[-81.9533,28.8785],[-81.9534,28.8637],[-81.9534,28.8636],[-81.9534,28.8634],[-81.9534,28.8618],[-81.9535,28.8479],[-81.9535,28.8471],[-81.9536,28.8364],[-81.9536,28.8345],[-81.9536,28.8289],[-81.9536,28.8235],[-81.9536,28.8209],[-81.9536,28.8208],[-81.9536,28.8206],[-81.9537,28.8104],[-81.9536,28.8032],[-81.9536,28.7996],[-81.9536,28.7912],[-81.9537,28.7851],[-81.9538,28.7703],[-81.9538,28.7698],[-81.9538,28.7695],[-81.9538,28.769],[-81.9537,28.7553],[-81.954,28.748],[-81.954,28.748],[-81.954,28.729],[-81.9539,28.7278],[-81.9543,28.7006],[-81.9544,28.697],[-81.9544,28.6879],[-81.9543,28.6825],[-81.9543,28.6802],[-81.9544,28.677],[-81.9545,28.6557],[-81.9549,28.6424],[-81.9545,28.6196],[-81.9541,28.5807],[-81.9542,28.5712],[-81.9542,28.5517],[-81.9548,28.5238],[-81.9553,28.5068],[-81.956,28.4473],[-81.9561,28.4142],[-81.9562,28.4136],[-81.9576,28.3452],[-81.9578,28.3089],[-81.9603,28.3092],[-81.9652,28.308],[-81.9717,28.3084],[-81.9734,28.3085],[-81.975,28.3102],[-81.9763,28.3095],[-81.9774,28.3067],[-81.9789,28.3057],[-81.9858,28.3053],[-81.9883,28.307],[-81.9903,28.3098],[-81.9924,28.3142],[-81.9947,28.3179],[-81.9957,28.3188],[-81.9992,28.3203],[-82.0024,28.3203],[-82.0042,28.3221],[-82.0076,28.3232],[-82.0104,28.3221],[-82.0158,28.3236],[-82.0169,28.3227],[-82.0178,28.3236],[-82.0198,28.3232],[-82.0206,28.3238],[-82.0217,28.3225],[-82.0225,28.3233],[-82.0255,28.3229],[-82.0272,28.3234],[-82.0281,28.3221],[-82.0325,28.3209],[-82.0339,28.3211],[-82.0353,28.32],[-82.0393,28.3191],[-82.0399,28.3203],[-82.0419,28.3189],[-82.0455,28.3183],[-82.0483,28.3163],[-82.0521,28.3152],[-82.0546,28.3141],[-82.0558,28.3128],[-82.0555,28.3457],[-82.0553,28.3906],[-82.0548,28.4587],[-82.0547,28.4784],[-82.0545,28.5214],[-82.0584,28.5254],[-82.0617,28.5272],[-82.0652,28.53],[-82.0678,28.5314],[-82.0703,28.5319],[-82.0725,28.5315],[-82.0761,28.5298],[-82.0785,28.5292],[-82.0806,28.5281],[-82.0836,28.5282],[-82.0858,28.5271],[-82.0869,28.5246],[-82.0919,28.5233],[-82.095,28.5236],[-82.0966,28.5247],[-82.0985,28.5289],[-82.1002,28.5308],[-82.1032,28.533],[-82.1047,28.5347],[-82.1072,28.5409],[-82.1094,28.5438],[-82.1122,28.5441],[-82.1151,28.5425],[-82.1169,28.5407],[-82.1191,28.5407],[-82.1247,28.5434],[-82.1263,28.5446],[-82.1286,28.5449],[-82.1298,28.5463],[-82.1307,28.5464],[-82.1315,28.5482],[-82.132,28.5513],[-82.1353,28.5563],[-82.1351,28.5578],[-82.1358,28.5589],[-82.1355,28.5602],[-82.1364,28.5622],[-82.1382,28.564],[-82.1375,28.5651],[-82.138,28.5655],[-82.1436,28.5659],[-82.1451,28.5678],[-82.1492,28.5704],[-82.1516,28.5706],[-82.1553,28.5727],[-82.1562,28.5734],[-82.1582,28.5715],[-82.1575,28.5701],[-82.1595,28.5695],[-82.1624,28.568],[-82.1652,28.5641],[-82.1668,28.564],[-82.1682,28.567],[-82.1705,28.5661],[-82.1729,28.5661],[-82.1728,28.567],[-82.1766,28.5677],[-82.1773,28.5684],[-82.1806,28.5689],[-82.1814,28.568],[-82.1832,28.5682],[-82.1848,28.5703],[-82.1866,28.5686],[-82.188,28.5695],[-82.1873,28.57],[-82.187,28.5724],[-82.1877,28.5731],[-82.1899,28.5735],[-82.1904,28.5729],[-82.192,28.5748],[-82.1926,28.5739],[-82.1936,28.5749],[-82.1965,28.5757],[-82.1984,28.5742],[-82.1989,28.573],[-82.2002,28.5727],[-82.2005,28.5727],[-82.2014,28.5723],[-82.2019,28.5722],[-82.2027,28.5722],[-82.2042,28.5723],[-82.2052,28.5723],[-82.2061,28.5722],[-82.207,28.572],[-82.207,28.5719],[-82.2082,28.5721],[-82.2137,28.5754],[-82.2153,28.5769],[-82.2173,28.5803],[-82.2193,28.5827],[-82.2206,28.5861],[-82.2213,28.5901],[-82.2217,28.5934],[-82.2241,28.5954],[-82.2249,28.5969],[-82.2276,28.5984],[-82.2278,28.5999],[-82.2287,28.6007],[-82.233,28.6005],[-82.2328,28.6028],[-82.2346,28.6056],[-82.2342,28.6087],[-82.2367,28.6104],[-82.2382,28.6125],[-82.2398,28.6134],[-82.2419,28.613],[-82.2416,28.6146],[-82.2433,28.616],[-82.2425,28.6183],[-82.2429,28.6192],[-82.2463,28.6201],[-82.2474,28.6225],[-82.2472,28.6238],[-82.2458,28.6247],[-82.2461,28.6269],[-82.2471,28.6272],[-82.2481,28.6295],[-82.2505,28.6301],[-82.2521,28.6291],[-82.2555,28.6327],[-82.2584,28.6335],[-82.2602,28.635],[-82.2607,28.6367],[-82.2596,28.6396],[-82.2599,28.6415],[-82.2596,28.6426],[-82.2575,28.6446],[-82.2567,28.6456],[-82.2568,28.6488],[-82.2585,28.6487],[-82.2585,28.6475],[-82.2609,28.647],[-82.2641,28.6481],[-82.267,28.6481],[-82.2705,28.6502],[-82.2736,28.6538],[-82.2748,28.6562],[-82.2746,28.6589],[-82.274,28.6607],[-82.2712,28.6614],[-82.2677,28.6601],[-82.2665,28.6607],[-82.2678,28.6628],[-82.2631,28.6676],[-82.2616,28.6693],[-82.2605,28.6722],[-82.2596,28.6778],[-82.26,28.6827],[-82.2573,28.6869],[-82.254,28.6896],[-82.2536,28.6923],[-82.2508,28.6964],[-82.2499,28.6998],[-82.2486,28.7015],[-82.2491,28.7037],[-82.251,28.7049],[-82.2511,28.7058],[-82.2489,28.7074],[-82.251,28.7096],[-82.2511,28.7109],[-82.2493,28.7135],[-82.2492,28.7174],[-82.2463,28.7189],[-82.2419,28.7238],[-82.2393,28.7246],[-82.238,28.7256],[-82.2365,28.7281],[-82.2343,28.7293],[-82.2327,28.7307],[-82.2324,28.7333],[-82.2314,28.7361],[-82.2296,28.7374],[-82.2279,28.7379],[-82.2244,28.7411],[-82.2222,28.7419],[-82.2186,28.744],[-82.2178,28.7448],[-82.2174,28.7478],[-82.2163,28.7483],[-82.2142,28.7474],[-82.2132,28.7477],[-82.2126,28.7484],[-82.212,28.7517],[-82.2107,28.7541],[-82.2081,28.7556],[-82.2073,28.7569],[-82.2062,28.7572],[-82.2039,28.7566],[-82.2017,28.7578],[-82.199,28.7573],[-82.1955,28.7601],[-82.1894,28.759],[-82.1873,28.7598],[-82.1848,28.7618],[-82.1834,28.7635],[-82.1831,28.7658],[-82.1821,28.7681],[-82.1825,28.7693],[-82.1844,28.7701],[-82.1866,28.7704],[-82.1882,28.7717],[-82.1883,28.7768],[-82.1869,28.7795],[-82.1841,28.7833],[-82.1785,28.7859],[-82.178,28.7873],[-82.1758,28.7875],[-82.1708,28.7902],[-82.1693,28.7919],[-82.1691,28.793],[-82.1698,28.7967],[-82.1721,28.7982],[-82.1742,28.7998],[-82.1768,28.8017],[-82.1789,28.8027],[-82.1793,28.8033],[-82.1795,28.8064],[-82.1812,28.8092],[-82.1815,28.8132],[-82.1828,28.817],[-82.1826,28.8218],[-82.1836,28.8236],[-82.1858,28.8257],[-82.187,28.8263],[-82.1912,28.8268],[-82.1961,28.8302],[-82.1986,28.8307],[-82.205,28.8347],[-82.2066,28.8378],[-82.2067,28.84],[-82.2086,28.8416],[-82.2108,28.8419],[-82.2122,28.8427],[-82.218,28.8496],[-82.2192,28.8508],[-82.2214,28.8518],[-82.2224,28.8527],[-82.2275,28.8552],[-82.2288,28.8553],[-82.232,28.8566],[-82.2332,28.8582],[-82.2362,28.8606],[-82.2368,28.8619],[-82.2362,28.8636],[-82.237,28.8652],[-82.2401,28.8668],[-82.2403,28.8677],[-82.2392,28.87],[-82.2418,28.8742],[-82.2425,28.8768],[-82.2444,28.8771],[-82.2462,28.8794],[-82.251,28.8812],[-82.2533,28.8832],[-82.2552,28.8841],[-82.2581,28.8864],[-82.2594,28.887],[-82.2621,28.8893],[-82.2657,28.8903],[-82.2676,28.892],[-82.2701,28.8952],[-82.2736,28.8972],[-82.2743,28.8993],[-82.2762,28.9017],[-82.2747,28.9034],[-82.2761,28.9047],[-82.2773,28.9106],[-82.2804,28.9126],[-82.2822,28.9147],[-82.2821,28.9164],[-82.2819,28.9178],[-82.2841,28.9213],[-82.2844,28.9232],[-82.2868,28.9256],[-82.2886,28.9288],[-82.2886,28.9317],[-82.29,28.9356],[-82.2922,28.9372],[-82.2939,28.9374],[-82.2959,28.9384],[-82.2948,28.9416],[-82.2961,28.9457],[-82.2977,28.949],[-82.3024,28.9523],[-82.3051,28.9525],[-82.3087,28.9556],[-82.3098,28.9576],[-82.3113,28.9584],[-82.3117,28.9604]]]}},{"type":"Feature","properties":{"geoid":"1201500","puma":"01500","name":"Charlotte County PUMA"},"geometry":{"type":"Polygon","coordinates":[[[-82.375,26.9456],[-82.3651,26.9461],[-82.3616,26.9461],[-82.3527,26.9459],[-82.3502,26.9459],[-82.3493,26.9459],[-82.3382,26.9459],[-82.3373,26.9459],[-82.3233,26.9457],[-82.3228,26.9456],[-82.3208,26.9456],[-82.3177,26.9457],[-82.3171,26.9457],[-82.3127,26.9457],[-82.3044,26.9456],[-82.3043,26.9456],[-82.2999,26.9456],[-82.289,26.9455],[-82.2724,26.9454],[-82.2637,26.9453],[-82.2555,26.9453],[-82.2554,26.9712],[-82.2554,26.9746],[-82.2553,26.9797],[-82.2553,26.983],[-82.2553,26.9989],[-82.2553,27.0003],[-82.2553,27.0056],[-82.2553,27.0056],[-82.2553,27.0123],[-82.2552,27.0311],[-82.2552,27.0314],[-82.2552,27.033],[-82.2523,27.033],[-82.2516,27.0329],[-82.251,27.033],[-82.2385,27.033],[-82.2194,27.0329],[-82.207,27.0329],[-82.2051,27.0328],[-82.2048,27.0328],[-82.2034,27.0328],[-82.1944,27.0328],[-82.1772,27.0328],[-82.1729,27.0328],[-82.1635,27.0327],[-82.1562,27.0327],[-82.1508,27.0327],[-82.1398,27.0326],[-82.139,27.0326],[-82.1389,27.0326],[-82.1224,27.0325],[-82.1187,27.0325],[-82.1133,27.0325],[-82.1033,27.0324],[-82.1028,27.0324],[-82.0886,27.0322],[-82.0764,27.0321],[-82.0739,27.0321],[-82.0676,27.0321],[-82.0612,27.0321],[-82.058,27.0321],[-82.0575,27.0321],[-82.0554,27.032],[-82.0492,27.032],[-82.0402,27.0319],[-82.0078,27.0317],[-81.9925,27.0317],[-81.9915,27.0321],[-81.9911,27.0322],[-81.9832,27.0353],[-81.9586,27.035],[-81.8605,27.0344],[-81.7717,27.0339],[-81.5626,27.0338],[-81.5625,27.0337],[-81.5638,26.945],[-81.5637,26.9435],[-81.565,26.8574],[-81.5657,26.7696],[-81.6617,26.7696],[-81.703,26.7696],[-81.7607,26.7696],[-81.8055,26.7697],[-81.8057,26.7697],[-81.8586,26.7699],[-81.8636,26.77],[-81.8785,26.7699],[-81.879,26.7699],[-81.8865,26.77],[-81.8921,26.77],[-81.9311,26.77],[-81.9313,26.7701],[-82.0382,26.7704],[-82.0542,26.7705],[-82.0589,26.7704],[-82.0599,26.7704],[-82.0598,26.7709],[-82.0571,26.7747],[-82.0563,26.7758],[-82.0562,26.7774],[-82.0558,26.7865],[-82.0556,26.7867],[-82.051,26.7919],[-82.051,26.799],[-82.051,26.799],[-82.051,26.7991],[-82.0507,26.8015],[-82.0505,26.803],[-82.0504,26.8041],[-82.0502,26.8057],[-82.05,26.8079],[-82.0496,26.8109],[-82.0494,26.8131],[-82.0492,26.8144],[-82.0492,26.8144],[-82.05,26.817],[-82.0508,26.8197],[-82.0523,26.8251],[-82.0546,26.833],[-82.0522,26.8437],[-82.0515,26.8467],[-82.0511,26.865],[-82.0603,26.8804],[-82.0607,26.8806],[-82.0621,26.8814],[-82.0651,26.8832],[-82.0656,26.8835],[-82.0657,26.8835],[-82.0867,26.8885],[-82.0871,26.8891],[-82.0915,26.8946],[-82.0931,26.8967],[-82.0954,26.9088],[-82.0955,26.9093],[-82.0956,26.9096],[-82.0956,26.9097],[-82.0971,26.9145],[-82.0955,26.9173],[-82.0923,26.9231],[-82.0905,26.9246],[-82.0868,26.9277],[-82.0832,26.9278],[-82.0812,26.927],[-82.0792,26.9262],[-82.0788,26.926],[-82.0677,26.9278],[-82.0669,26.9283],[-82.0654,26.9292],[-82.065,26.9294],[-82.0639,26.9301],[-82.0638,26.9301],[-82.062,26.9312],[-82.0553,26.9357],[-82.0552,26.9358],[-82.0543,26.9385],[-82.0541,26.9389],[-82.0538,26.9398],[-82.0568,26.944],[-82.0579,26.9457],[-82.0582,26.946],[-82.0582,26.9461],[-82.0594,26.9478],[-82.0606,26.9495],[-82.0609,26.9499],[-82.0609,26.95],[-82.0612,26.9502],[-82.0662,26.9544],[-82.0695,26.9557],[-82.0788,26.9591],[-82.0824,26.9591],[-82.0836,26.9591],[-82.0841,26.959],[-82.0867,26.959],[-82.0874,26.959],[-82.0878,26.9587],[-82.0881,26.9585],[-82.0888,26.958],[-82.0905,26.957],[-82.093,26.9554],[-82.0954,26.9539],[-82.0994,26.9534],[-82.1012,26.9583],[-82.1016,26.9592],[-82.102,26.9593],[-82.1045,26.9599],[-82.1075,26.9607],[-82.111,26.9615],[-82.1134,26.9622],[-82.1141,26.9643],[-82.1142,26.9646],[-82.1178,26.9651],[-82.1178,26.9651],[-82.1196,26.9632],[-82.1188,26.9621],[-82.1181,26.9611],[-82.1184,26.9583],[-82.1185,26.9582],[-82.118,26.9571],[-82.1178,26.9566],[-82.1171,26.9549],[-82.1155,26.9511],[-82.1246,26.9456],[-82.1265,26.9398],[-82.1332,26.9337],[-82.1356,26.929],[-82.1414,26.9239],[-82.1543,26.9249],[-82.1589,26.9298],[-82.1666,26.9343],[-82.1679,26.9383],[-82.1741,26.9417],[-82.1784,26.9389],[-82.1831,26.9358],[-82.1812,26.9214],[-82.1787,26.9161],[-82.1705,26.8991],[-82.1534,26.854],[-82.1451,26.7888],[-82.1463,26.7829],[-82.1511,26.7835],[-82.1617,26.7784],[-82.1711,26.7708],[-82.1722,26.7699],[-82.1855,26.77],[-82.1872,26.7708],[-82.1907,26.7725],[-82.1971,26.7729],[-82.201,26.7708],[-82.2056,26.7705],[-82.2088,26.7717],[-82.2132,26.7753],[-82.2181,26.7798],[-82.2215,26.7818],[-82.2262,26.782],[-82.2339,26.7832],[-82.2426,26.7857],[-82.248,26.7869],[-82.2498,26.7869],[-82.2613,26.7889],[-82.2647,26.7894],[-82.2662,26.7895],[-82.2701,26.7896],[-82.2721,26.7895],[-82.2742,26.7935],[-82.2827,26.8042],[-82.2844,26.8093],[-82.2823,26.811],[-82.2823,26.8119],[-82.2824,26.8135],[-82.2825,26.816],[-82.2896,26.8266],[-82.301,26.8407],[-82.3017,26.8416],[-82.3027,26.843],[-82.3135,26.8591],[-82.3218,26.8715],[-82.3258,26.8775],[-82.3273,26.8787],[-82.3325,26.8827],[-82.3345,26.8844],[-82.3394,26.8907],[-82.3416,26.8935],[-82.3423,26.8944],[-82.3425,26.8947],[-82.3516,26.9084],[-82.355,26.9136],[-82.3588,26.9195],[-82.371,26.9387],[-82.375,26.9456]]]}},{"type":"Feature","properties":{"geoid":"1206901","puma":"06901","name":"Lake County (Northeast) PUMA"},"geometry":{"type":"Polygon","coordinates":[[[-81.7617,28.9609],[-81.7349,28.9611],[-81.7191,28.9611],[-81.6961,28.9601],[-81.6904,28.9602],[-81.6818,28.9601],[-81.6587,28.9603],[-81.6588,28.9668],[-81.659,28.9896],[-81.6592,29.0003],[-81.6591,29.0125],[-81.6592,29.0478],[-81.6411,29.0478],[-81.6387,29.0478],[-81.6396,29.0811],[-81.6405,29.1316],[-81.6409,29.165],[-81.6409,29.1688],[-81.6414,29.2052],[-81.6418,29.2398],[-81.642,29.2697],[-81.6419,29.2768],[-81.6404,29.2739],[-81.6382,29.2674],[-81.6371,29.263],[-81.6357,29.2586],[-81.6339,29.2543],[-81.6342,29.2517],[-81.6337,29.2503],[-81.6348,29.2473],[-81.6344,29.2466],[-81.634,29.2448],[-81.6294,29.2391],[-81.6259,29.2359],[-81.6227,29.2322],[-81.6217,29.2302],[-81.6193,29.2286],[-81.6182,29.2263],[-81.6162,29.221],[-81.6152,29.2171],[-81.6158,29.2177],[-81.6152,29.2164],[-81.6166,29.2147],[-81.6174,29.2127],[-81.6168,29.2105],[-81.6146,29.2076],[-81.6147,29.2065],[-81.6124,29.2042],[-81.6123,29.2029],[-81.6103,29.2026],[-81.6046,29.2005],[-81.5999,29.1998],[-81.5931,29.199],[-81.5888,29.1993],[-81.5855,29.2001],[-81.5826,29.2003],[-81.5802,29.2015],[-81.5782,29.2018],[-81.5758,29.2029],[-81.5721,29.2034],[-81.5706,29.202],[-81.5643,29.2006],[-81.5609,29.2002],[-81.5581,29.1974],[-81.5571,29.1939],[-81.5552,29.1905],[-81.5541,29.1895],[-81.5536,29.188],[-81.5545,29.1853],[-81.554,29.1846],[-81.5519,29.1845],[-81.5489,29.1851],[-81.5465,29.1846],[-81.5441,29.1811],[-81.5429,29.1805],[-81.5402,29.1792],[-81.5326,29.1776],[-81.5315,29.1769],[-81.5311,29.1759],[-81.5315,29.1723],[-81.5297,29.1709],[-81.5262,29.1703],[-81.5239,29.1692],[-81.5226,29.1677],[-81.5218,29.1662],[-81.5236,29.161],[-81.5236,29.1587],[-81.5226,29.156],[-81.5198,29.1525],[-81.5173,29.1483],[-81.5161,29.145],[-81.5147,29.1426],[-81.5141,29.1384],[-81.5129,29.1356],[-81.51,29.1328],[-81.5076,29.1283],[-81.5062,29.1267],[-81.5045,29.1237],[-81.5063,29.1178],[-81.5067,29.1122],[-81.5028,29.1063],[-81.5016,29.1051],[-81.5003,29.1025],[-81.5005,29.1013],[-81.5015,29.0997],[-81.5021,29.0978],[-81.501,29.0968],[-81.4975,29.0957],[-81.492,29.0955],[-81.4888,29.0932],[-81.487,29.0929],[-81.4842,29.0931],[-81.4814,29.094],[-81.4753,29.0944],[-81.4729,29.0952],[-81.4703,29.0968],[-81.4679,29.097],[-81.4664,29.0967],[-81.463,29.0951],[-81.4592,29.0942],[-81.4573,29.0916],[-81.4568,29.0876],[-81.4546,29.0835],[-81.4544,29.082],[-81.4559,29.0805],[-81.4582,29.0802],[-81.4605,29.0783],[-81.4609,29.0766],[-81.4607,29.0747],[-81.4595,29.0735],[-81.4571,29.0726],[-81.4558,29.0715],[-81.4553,29.0686],[-81.456,29.0659],[-81.4553,29.0631],[-81.4546,29.0624],[-81.4523,29.0616],[-81.4467,29.0623],[-81.4455,29.0614],[-81.4414,29.0548],[-81.438,29.0506],[-81.4363,29.048],[-81.4338,29.0462],[-81.4322,29.0444],[-81.4306,29.0442],[-81.4294,29.0453],[-81.4275,29.0455],[-81.4258,29.0448],[-81.4231,29.0427],[-81.4208,29.0394],[-81.4188,29.038],[-81.4154,29.0384],[-81.4132,29.0372],[-81.4115,29.035],[-81.4109,29.0324],[-81.4099,29.0313],[-81.4084,29.0312],[-81.4067,29.0325],[-81.404,29.0329],[-81.4029,29.0325],[-81.4006,29.0299],[-81.3953,29.0252],[-81.3948,29.0241],[-81.395,29.0212],[-81.3958,29.0198],[-81.3952,29.0187],[-81.3934,29.0198],[-81.3921,29.02],[-81.3877,29.0162],[-81.3875,29.0145],[-81.3887,29.0119],[-81.3882,29.0107],[-81.3825,29.0083],[-81.3808,29.0074],[-81.3791,29.0027],[-81.3782,28.9989],[-81.3769,28.9986],[-81.3753,28.9992],[-81.3728,28.9992],[-81.3723,28.9971],[-81.3753,28.9956],[-81.3757,28.994],[-81.373,28.9931],[-81.3696,28.9932],[-81.3644,28.9927],[-81.3617,28.9914],[-81.3584,28.9894],[-81.3559,28.987],[-81.3547,28.9848],[-81.3557,28.9816],[-81.3569,28.9799],[-81.3608,28.9768],[-81.3627,28.9744],[-81.3634,28.97],[-81.3642,28.9686],[-81.367,28.968],[-81.3692,28.9689],[-81.3694,28.9674],[-81.3661,28.9623],[-81.3658,28.9609],[-81.3671,28.9586],[-81.3668,28.9597],[-81.3681,28.9594],[-81.3706,28.9589],[-81.3708,28.958],[-81.3681,28.9554],[-81.3636,28.9558],[-81.3617,28.9571],[-81.3597,28.9564],[-81.3589,28.9559],[-81.359,28.9542],[-81.3603,28.9537],[-81.3604,28.9517],[-81.3596,28.9511],[-81.3556,28.9511],[-81.354,28.9496],[-81.3546,28.9484],[-81.3592,28.9458],[-81.3592,28.9445],[-81.3574,28.9448],[-81.3549,28.9472],[-81.353,28.9462],[-81.3537,28.9443],[-81.3552,28.9425],[-81.3556,28.9412],[-81.3547,28.9396],[-81.3532,28.9391],[-81.3497,28.9396],[-81.3506,28.9383],[-81.3535,28.9368],[-81.3515,28.9341],[-81.3514,28.9328],[-81.3544,28.9315],[-81.3554,28.9299],[-81.3551,28.9284],[-81.3533,28.9264],[-81.3528,28.9231],[-81.352,28.9207],[-81.3541,28.9209],[-81.3576,28.9168],[-81.3595,28.914],[-81.3595,28.9132],[-81.357,28.9115],[-81.3567,28.9105],[-81.359,28.9087],[-81.3602,28.9066],[-81.3575,28.9037],[-81.3578,28.9004],[-81.3565,28.8988],[-81.3541,28.8985],[-81.3528,28.8967],[-81.3558,28.8966],[-81.3548,28.8951],[-81.3548,28.8926],[-81.3558,28.8902],[-81.3572,28.8871],[-81.3589,28.8873],[-81.3618,28.8898],[-81.3645,28.8903],[-81.3661,28.8878],[-81.366,28.8847],[-81.3654,28.8829],[-81.3631,28.8797],[-81.3642,28.8791],[-81.3663,28.88],[-81.3669,28.8792],[-81.3663,28.8736],[-81.3686,28.8729],[-81.3697,28.8705],[-81.3724,28.8689],[-81.3741,28.8698],[-81.3757,28.8665],[-81.376,28.8659],[-81.375,28.8623],[-81.3769,28.8611],[-81.3799,28.8581],[-81.38,28.8565],[-81.382,28.8539],[-81.383,28.852],[-81.3863,28.8499],[-81.3881,28.8499],[-81.3901,28.849],[-81.3947,28.8421],[-81.3984,28.8419],[-81.3984,28.8407],[-81.4005,28.8387],[-81.403,28.8372],[-81.4039,28.8348],[-81.4073,28.8348],[-81.4092,28.8332],[-81.4091,28.8325],[-81.412,28.8306],[-81.4144,28.8275],[-81.4158,28.8264],[-81.4168,28.8246],[-81.4192,28.8183],[-81.4196,28.8152],[-81.4189,28.8106],[-81.418,28.8082],[-81.4182,28.8065],[-81.4157,28.8026],[-81.4151,28.7971],[-81.4138,28.7926],[-81.414,28.7898],[-81.4155,28.7859],[-81.4147,28.7856],[-81.4502,28.7857],[-81.4736,28.786],[-81.4774,28.7862],[-81.5173,28.7861],[-81.5274,28.7861],[-81.5286,28.7861],[-81.5331,28.7861],[-81.5392,28.7861],[-81.5433,28.7861],[-81.5433,28.7861],[-81.5475,28.7861],[-81.5599,28.7861],[-81.5731,28.786],[-81.5764,28.786],[-81.593,28.786],[-81.6013,28.786],[-81.6223,28.786],[-81.6246,28.7859],[-81.625,28.7942],[-81.6254,28.7942],[-81.6258,28.7942],[-81.6279,28.7942],[-81.628,28.7969],[-81.6321,28.7968],[-81.6321,28.7941],[-81.63,28.7942],[-81.6302,28.7914],[-81.632,28.7915],[-81.632,28.7901],[-81.6346,28.7901],[-81.6361,28.7908],[-81.6406,28.7961],[-81.6426,28.7972],[-81.6457,28.7989],[-81.6499,28.8033],[-81.6518,28.8041],[-81.6553,28.8053],[-81.6554,28.8048],[-81.6563,28.8016],[-81.6511,28.7931],[-81.6594,28.794],[-81.6639,28.7933],[-81.6737,28.7896],[-81.6783,28.7882],[-81.6874,28.7879],[-81.6951,28.7877],[-81.6989,28.788],[-81.7073,28.7879],[-81.7123,28.7888],[-81.7146,28.7892],[-81.7162,28.7899],[-81.7241,28.7916],[-81.7259,28.7923],[-81.7279,28.7932],[-81.7311,28.794],[-81.7362,28.7971],[-81.7374,28.7985],[-81.7377,28.7991],[-81.7378,28.7997],[-81.7378,28.8],[-81.738,28.8004],[-81.7387,28.8007],[-81.7389,28.8007],[-81.7414,28.8032],[-81.7422,28.8058],[-81.7418,28.8075],[-81.7417,28.8079],[-81.7414,28.8089],[-81.7423,28.8108],[-81.7423,28.8111],[-81.7423,28.8112],[-81.7423,28.8129],[-81.7423,28.8157],[-81.7442,28.8168],[-81.7463,28.8224],[-81.7498,28.8315],[-81.7509,28.8337],[-81.751,28.8352],[-81.7513,28.8374],[-81.7512,28.8411],[-81.7507,28.8421],[-81.7498,28.8438],[-81.7485,28.8451],[-81.7444,28.8519],[-81.7425,28.8556],[-81.7404,28.8614],[-81.7399,28.8664],[-81.7411,28.8714],[-81.7427,28.8727],[-81.7432,28.8728],[-81.7432,28.873],[-81.7448,28.8755],[-81.7454,28.8783],[-81.7413,28.881],[-81.7414,28.8837],[-81.7414,28.8916],[-81.7414,28.8951],[-81.7415,28.8952],[-81.7452,28.8952],[-81.7453,28.9024],[-81.7495,28.9024],[-81.7497,28.9053],[-81.7505,28.9059],[-81.7506,28.9078],[-81.7484,28.9084],[-81.7412,28.9138],[-81.7498,28.9166],[-81.7524,28.9178],[-81.7546,28.9193],[-81.7594,28.9243],[-81.7606,28.9262],[-81.7611,28.9277],[-81.7615,28.9294],[-81.7616,28.9298],[-81.7616,28.9355],[-81.7616,28.9357],[-81.7617,28.9522],[-81.7617,28.9609]]]}},{"type":"Feature","properties":{"geoid":"1207302","puma":"07302","name":"Leon County (Central)--Tallahassee City (Central) PUMA"},"geometry":{"type":"Polygon","coordinates":[[[-84.3632,30.4795],[-84.3575,30.4784],[-84.3467,30.4781],[-84.3445,30.4781],[-84.336,30.4782],[-84.3342,30.4782],[-84.3263,30.4786],[-84.3176,30.4805],[-84.3089,30.4825],[-84.3038,30.4838],[-84.3026,30.4841],[-84.2952,30.4864],[-84.2773,30.4932],[-84.2689,30.4967],[-84.2614,30.5001],[-84.2568,30.5013],[-84.2523,30.5018],[-84.252,30.5018],[-84.248,30.5017],[-84.2457,30.4954],[-84.2437,30.493],[-84.2378,30.4864],[-84.2373,30.4855],[-84.2369,30.4839],[-84.2367,30.4782],[-84.2359,30.4762],[-84.2322,30.4719],[-84.2309,30.4696],[-84.2302,30.4669],[-84.228,30.4634],[-84.228,30.4601],[-84.2267,30.4557],[-84.2266,30.4542],[-84.2266,30.4518],[-84.2267,30.4419],[-84.2267,30.4414],[-84.2268,30.4329],[-84.2269,30.4274],[-84.2269,30.4273],[-84.2273,30.4224],[-84.229,30.4207],[-84.2309,30.421],[-84.231,30.4195],[-84.2336,30.4177],[-84.2348,30.4158],[-84.235,30.4149],[-84.235,30.413],[-84.235,30.4126],[-84.235,30.4125],[-84.2351,30.411],[-84.2351,30.4079],[-84.2351,30.4072],[-84.2351,30.4025],[-84.2352,30.3946],[-84.2357,30.3872],[-84.2359,30.3853],[-84.2368,30.3814],[-84.2385,30.3777],[-84.2416,30.3759],[-84.2426,30.3757],[-84.2617,30.3758],[-84.2647,30.3758],[-84.2689,30.3759],[-84.2703,30.3759],[-84.2706,30.3759],[-84.2734,30.3759],[-84.2816,30.3759],[-84.2925,30.376],[-84.2942,30.3761],[-84.2977,30.3762],[-84.3076,30.3834],[-84.308,30.3836],[-84.3133,30.3875],[-84.3218,30.3938],[-84.3273,30.3976],[-84.329,30.398],[-84.3376,30.3979],[-84.3404,30.3979],[-84.3486,30.3978],[-84.3519,30.3991],[-84.3531,30.4015],[-84.353,30.4148],[-84.3527,30.4159],[-84.3506,30.4184],[-84.3502,30.4202],[-84.3525,30.4226],[-84.3529,30.427],[-84.3528,30.431],[-84.3529,30.4342],[-84.353,30.4353],[-84.3531,30.4416],[-84.354,30.445],[-84.3602,30.4523],[-84.361,30.4537],[-84.361,30.4553],[-84.361,30.4561],[-84.3611,30.4588],[-84.3612,30.4623],[-84.3612,30.4633],[-84.3614,30.4713],[-84.3631,30.474],[-84.3632,30.476],[-84.3632,30.4795]]]}},{"type":"Feature","properties":{"geoid":"1201106","puma":"01106","name":"Broward County (West Central)--Plantation & Sunrise Cities PUMA"},"geometry":{"type":"Polygon","coordinates":[[[-80.3667,26.1283],[-80.3464,26.1466],[-80.3415,26.1505],[-80.3275,26.1634],[-80.3261,26.1648],[-80.3252,26.1654],[-80.3223,26.1678],[-80.2999,26.1879],[-80.2996,26.1876],[-80.2987,26.1867],[-80.2985,26.1865],[-80.2981,26.1859],[-80.2979,26.1791],[-80.298,26.1791],[-80.2909,26.179],[-80.2888,26.179],[-80.284,26.1791],[-80.2738,26.1791],[-80.2678,26.1791],[-80.2638,26.1791],[-80.2598,26.1791],[-80.2517,26.1792],[-80.2499,26.179],[-80.2492,26.1787],[-80.2476,26.1777],[-80.2487,26.1751],[-80.2477,26.1722],[-80.2451,26.1682],[-80.2448,26.167],[-80.2447,26.1657],[-80.2447,26.1646],[-80.2447,26.1643],[-80.2426,26.1645],[-80.2423,26.1647],[-80.241,26.1648],[-80.2394,26.1647],[-80.2353,26.1647],[-80.2313,26.1647],[-80.2311,26.1564],[-80.231,26.1503],[-80.227,26.1502],[-80.2268,26.143],[-80.2268,26.1375],[-80.2265,26.1375],[-80.2242,26.1375],[-80.2243,26.1358],[-80.2231,26.1358],[-80.2231,26.1377],[-80.2231,26.1378],[-80.2201,26.1377],[-80.2198,26.136],[-80.2194,26.136],[-80.2191,26.1375],[-80.2171,26.1375],[-80.2166,26.1375],[-80.2162,26.136],[-80.216,26.136],[-80.2152,26.1359],[-80.2158,26.1375],[-80.2127,26.1375],[-80.2026,26.1376],[-80.2025,26.136],[-80.2025,26.1337],[-80.2023,26.1283],[-80.2021,26.1236],[-80.202,26.1209],[-80.2019,26.1185],[-80.2018,26.1136],[-80.2016,26.1063],[-80.2016,26.1059],[-80.2016,26.1046],[-80.2016,26.1045],[-80.2015,26.1035],[-80.2015,26.1028],[-80.2014,26.1004],[-80.2014,26.099],[-80.2013,26.0977],[-80.2012,26.0952],[-80.2012,26.094],[-80.2012,26.0916],[-80.2013,26.0904],[-80.2019,26.0885],[-80.202,26.0881],[-80.2108,26.0902],[-80.2159,26.0915],[-80.2165,26.0917],[-80.2189,26.0922],[-80.2266,26.0941],[-80.229,26.0948],[-80.2335,26.0958],[-80.2503,26.0998],[-80.2652,26.1034],[-80.2654,26.1035],[-80.2685,26.1043],[-80.2816,26.1075],[-80.2821,26.1076],[-80.2879,26.109],[-80.2976,26.1114],[-80.2979,26.1115],[-80.3135,26.1152],[-80.3138,26.1153],[-80.3219,26.1172],[-80.3246,26.1179],[-80.3302,26.1192],[-80.3451,26.1228],[-80.3463,26.1231],[-80.3601,26.1264],[-80.36,26.1266],[-80.3626,26.1273],[-80.3658,26.1281],[-80.3661,26.1281],[-80.3667,26.1283]]]}},{"type":"Feature","properties":{"geoid":"1203303","puma":"03303","name":"Escambia County (Southwest) PUMA"},"geometry":{"type":"Polygon","coordinates":[[[-87.5184,30.2839],[-87.5119,30.2855],[-87.5117,30.2856],[-87.5055,30.2871],[-87.5047,30.2872],[-87.5,30.2879],[-87.5,30.2879],[-87.4524,30.3002],[-87.4501,30.3111],[-87.4556,30.3102],[-87.4596,30.3083],[-87.463,30.3078],[-87.4658,30.3076],[-87.4687,30.3082],[-87.4759,30.3079],[-87.4819,30.306],[-87.4837,30.3048],[-87.4949,30.305],[-87.5023,30.3072],[-87.5028,30.3073],[-87.5047,30.3089],[-87.505,30.31],[-87.5058,30.3125],[-87.5058,30.3151],[-87.5059,30.3194],[-87.5047,30.324],[-87.5026,30.3274],[-87.5,30.329],[-87.492,30.3309],[-87.4919,30.3309],[-87.4756,30.3314],[-87.4673,30.3329],[-87.4649,30.3333],[-87.463,30.334],[-87.46,30.3363],[-87.4523,30.3441],[-87.451,30.3463],[-87.452,30.3603],[-87.4519,30.365],[-87.4514,30.3672],[-87.4491,30.3704],[-87.4418,30.3763],[-87.4414,30.3769],[-87.4387,30.3808],[-87.4387,30.3821],[-87.4409,30.3867],[-87.4412,30.3886],[-87.4407,30.3915],[-87.4384,30.3945],[-87.4373,30.3959],[-87.4343,30.3975],[-87.4318,30.4032],[-87.4307,30.4048],[-87.4307,30.4048],[-87.4296,30.4065],[-87.4262,30.4092],[-87.4227,30.4101],[-87.4192,30.4102],[-87.4132,30.409],[-87.4089,30.4088],[-87.4048,30.4099],[-87.4035,30.4102],[-87.4018,30.4114],[-87.3988,30.4151],[-87.3957,30.4176],[-87.3864,30.4205],[-87.3844,30.4216],[-87.3821,30.4229],[-87.3712,30.4305],[-87.3682,30.4334],[-87.3676,30.4346],[-87.3666,30.4366],[-87.3669,30.4405],[-87.3687,30.4446],[-87.3708,30.4469],[-87.3783,30.4492],[-87.3812,30.4501],[-87.392,30.4516],[-87.3969,30.4506],[-87.3999,30.451],[-87.4047,30.4529],[-87.4079,30.4564],[-87.4147,30.4573],[-87.4251,30.4656],[-87.4296,30.4706],[-87.4306,30.4766],[-87.4316,30.4777],[-87.4347,30.4792],[-87.4356,30.4805],[-87.4348,30.4819],[-87.433,30.4849],[-87.4306,30.4911],[-87.4312,30.4958],[-87.4383,30.5054],[-87.4397,30.5066],[-87.4432,30.5068],[-87.4447,30.5075],[-87.4477,30.5105],[-87.4478,30.5119],[-87.4473,30.5126],[-87.4465,30.5136],[-87.4452,30.514],[-87.4449,30.5149],[-87.4464,30.5203],[-87.4465,30.5222],[-87.4465,30.5222],[-87.4466,30.5271],[-87.4354,30.5491],[-87.435,30.5496],[-87.4314,30.5503],[-87.4279,30.5542],[-87.426,30.5601],[-87.4234,30.5614],[-87.4228,30.5614],[-87.4224,30.5604],[-87.4209,30.5607],[-87.4186,30.5618],[-87.4167,30.5663],[-87.417,30.568],[-87.4185,30.5696],[-87.4184,30.57],[-87.4163,30.5724],[-87.4145,30.5735],[-87.4127,30.5732],[-87.4125,30.5739],[-87.4125,30.5739],[-87.3928,30.5678],[-87.38,30.5638],[-87.3742,30.5617],[-87.3731,30.561],[-87.3397,30.5382],[-87.3395,30.5381],[-87.3342,30.5345],[-87.3202,30.5251],[-87.3136,30.5216],[-87.3135,30.5201],[-87.3135,30.5197],[-87.3132,30.5186],[-87.3081,30.5092],[-87.3064,30.5061],[-87.3061,30.505],[-87.3059,30.504],[-87.306,30.5006],[-87.306,30.4995],[-87.3065,30.4867],[-87.3064,30.4867],[-87.3065,30.4844],[-87.3068,30.4758],[-87.3068,30.4757],[-87.3068,30.474],[-87.307,30.4735],[-87.3045,30.4685],[-87.3009,30.4611],[-87.2986,30.4566],[-87.2959,30.4538],[-87.2935,30.4514],[-87.2915,30.4495],[-87.2905,30.4484],[-87.2879,30.446],[-87.2827,30.4408],[-87.2814,30.4418],[-87.2789,30.4411],[-87.2767,30.4417],[-87.273,30.4403],[-87.2673,30.4404],[-87.2662,30.4435],[-87.2624,30.442],[-87.2619,30.4378],[-87.2653,30.4365],[-87.2673,30.4358],[-87.2683,30.4356],[-87.2693,30.4355],[-87.2703,30.4354],[-87.2746,30.4344],[-87.276,30.4342],[-87.2726,30.4307],[-87.2744,30.4287],[-87.2745,30.4263],[-87.2746,30.4231],[-87.2756,30.4179],[-87.2761,30.4122],[-87.2762,30.4111],[-87.2775,30.3984],[-87.2776,30.398],[-87.2783,30.3909],[-87.2782,30.3877],[-87.2763,30.3879],[-87.2759,30.3879],[-87.2727,30.3889],[-87.2666,30.3907],[-87.2639,30.3915],[-87.2561,30.3938],[-87.2527,30.3947],[-87.2444,30.3972],[-87.2436,30.398],[-87.243,30.3997],[-87.2397,30.3991],[-87.2388,30.3984],[-87.2386,30.398],[-87.2369,30.3975],[-87.2359,30.3967],[-87.2202,30.376],[-87.2244,30.3747],[-87.2333,30.3703],[-87.2331,30.367],[-87.2314,30.3433],[-87.229,30.3428],[-87.2074,30.3418],[-87.2024,30.34],[-87.1964,30.3384],[-87.1921,30.3378],[-87.1877,30.3374],[-87.182,30.3363],[-87.179,30.3359],[-87.1756,30.337],[-87.1709,30.3391],[-87.1688,30.3409],[-87.1538,30.348],[-87.1536,30.3481],[-87.1531,30.3484],[-87.1478,30.3491],[-87.1373,30.3496],[-87.1314,30.3501],[-87.1261,30.3508],[-87.1139,30.352],[-87.1021,30.3531],[-87.1014,30.3531],[-87.0944,30.3545],[-87.0744,30.3587],[-87.0323,30.3678],[-86.9727,30.3811],[-86.9517,30.3832],[-86.9189,30.3865],[-86.9189,30.3744],[-86.9189,30.3709],[-86.9449,30.3667],[-86.953,30.3654],[-87.0059,30.3559],[-87.0485,30.3482],[-87.0935,30.3394],[-87.1253,30.3334],[-87.1554,30.3277],[-87.1605,30.3271],[-87.1919,30.3232],[-87.206,30.3215],[-87.2263,30.3193],[-87.25,30.3175],[-87.2709,30.3167],[-87.2878,30.3212],[-87.2961,30.3257],[-87.3003,30.3281],[-87.3012,30.3303],[-87.3024,30.3298],[-87.3038,30.3293],[-87.3106,30.3265],[-87.3119,30.326],[-87.3125,30.3258],[-87.3124,30.3242],[-87.3144,30.3215],[-87.3195,30.3202],[-87.3229,30.3194],[-87.3251,30.3189],[-87.3301,30.3177],[-87.3303,30.3176],[-87.3506,30.3134],[-87.3834,30.3064],[-87.4143,30.299],[-87.4274,30.2963],[-87.4512,30.2933],[-87.4536,30.2929],[-87.465,30.2906],[-87.4816,30.2876],[-87.4922,30.2851],[-87.5006,30.2836],[-87.5183,30.2804],[-87.5183,30.2816],[-87.5184,30.2829],[-87.5184,30.2829],[-87.5184,30.2839]]]}},{"type":"Feature","properties":{"geoid":"1205998","puma":"05998","name":"Holmes, Walton, & Washington Counties PUMA"},"geometry":{"type":"Polygon","coordinates":[[[-86.3972,30.3856],[-86.3972,30.3857],[-86.3969,30.3983],[-86.3968,30.4013],[-86.3954,30.4333],[-86.3954,30.4337],[-86.3948,30.4501],[-86.3946,30.454],[-86.3945,30.4549],[-86.3942,30.464],[-86.3942,30.4641],[-86.3942,30.4671],[-86.3943,30.4674],[-86.3936,30.4934],[-86.3932,30.4972],[-86.3918,30.6204],[-86.392,30.6234],[-86.3922,30.6275],[-86.3915,30.6552],[-86.3923,30.694],[-86.3919,30.7036],[-86.3918,30.7069],[-86.3916,30.7219],[-86.3916,30.7287],[-86.3916,30.7297],[-86.3918,30.7426],[-86.3921,30.7502],[-86.3917,30.7568],[-86.391,30.793],[-86.3909,30.8128],[-86.3902,30.8512],[-86.39,30.8663],[-86.3897,30.8752],[-86.3893,30.8772],[-86.389,30.9065],[-86.3888,30.9216],[-86.3886,30.9665],[-86.3886,30.9666],[-86.3886,30.9942],[-86.3745,30.9945],[-86.3693,30.9945],[-86.3649,30.9945],[-86.3502,30.9944],[-86.3485,30.9943],[-86.334,30.9942],[-86.3225,30.9942],[-86.3091,30.9941],[-86.3046,30.994],[-86.2971,30.9939],[-86.2892,30.9938],[-86.2891,30.9938],[-86.2888,30.9938],[-86.2712,30.9938],[-86.2564,30.9939],[-86.2383,30.9944],[-86.2214,30.9943],[-86.1872,30.994],[-86.1802,30.994],[-86.1752,30.9938],[-86.169,30.9937],[-86.1629,30.9937],[-86.1327,30.9932],[-86.1171,30.9929],[-86.1169,30.9929],[-86.1025,30.993],[-86.0562,30.9931],[-86.0525,30.9932],[-86.035,30.9933],[-85.9986,30.9929],[-85.9986,30.9929],[-85.9973,30.9929],[-85.9657,30.9931],[-85.9358,30.9932],[-85.9358,30.9932],[-85.8935,30.9935],[-85.8311,30.9941],[-85.8311,30.9941],[-85.8305,30.9941],[-85.7797,30.9946],[-85.7727,30.9946],[-85.7607,30.9947],[-85.7499,30.9948],[-85.7496,30.9953],[-85.7416,30.9953],[-85.7271,30.9954],[-85.6922,30.9957],[-85.6907,30.9957],[-85.6907,30.9957],[-85.6525,30.9959],[-85.6463,30.996],[-85.6443,30.996],[-85.6314,30.9961],[-85.6289,30.9961],[-85.6169,30.9962],[-85.5999,30.9963],[-85.5834,30.9964],[-85.5833,30.9964],[-85.5795,30.9964],[-85.4983,30.9969],[-85.498,30.9969],[-85.5017,30.9921],[-85.503,30.9906],[-85.509,30.986],[-85.5104,30.9856],[-85.5149,30.9823],[-85.5189,30.9778],[-85.5221,30.9755],[-85.5281,30.9752],[-85.5305,30.9716],[-85.5304,30.9682],[-85.5313,30.9667],[-85.5325,30.9661],[-85.5319,30.9645],[-85.5325,30.9586],[-85.5304,30.9534],[-85.5307,30.947],[-85.531,30.9466],[-85.5316,30.9451],[-85.5311,30.9425],[-85.5319,30.942],[-85.5303,30.9393],[-85.5316,30.9379],[-85.5368,30.9345],[-85.5387,30.9338],[-85.5445,30.9332],[-85.5477,30.9322],[-85.5487,30.9304],[-85.5512,30.9285],[-85.5531,30.9262],[-85.554,30.9237],[-85.5558,30.9207],[-85.5568,30.9193],[-85.5567,30.9178],[-85.5591,30.9139],[-85.56,30.9135],[-85.5648,30.9098],[-85.5664,30.9062],[-85.5679,30.9046],[-85.5696,30.9046],[-85.5701,30.9027],[-85.5718,30.9007],[-85.5756,30.8986],[-85.5757,30.8964],[-85.577,30.8956],[-85.578,30.8912],[-85.5796,30.8883],[-85.5818,30.8865],[-85.583,30.8845],[-85.5839,30.882],[-85.5833,30.8799],[-85.5834,30.8768],[-85.5844,30.8763],[-85.5841,30.8745],[-85.5863,30.8724],[-85.5872,30.8689],[-85.5886,30.8673],[-85.5922,30.8645],[-85.5925,30.8625],[-85.5949,30.8595],[-85.5944,30.8568],[-85.595,30.8546],[-85.5962,30.854],[-85.5957,30.8516],[-85.5964,30.8485],[-85.598,30.8475],[-85.5994,30.8445],[-85.5996,30.8422],[-85.5984,30.8404],[-85.5992,30.8389],[-85.5981,30.8377],[-85.5998,30.8369],[-85.599,30.8354],[-85.6001,30.8338],[-85.5999,30.8306],[-85.533,30.83],[-85.5038,30.8297],[-85.4906,30.8297],[-85.4823,30.8295],[-85.4825,30.8153],[-85.4827,30.7859],[-85.4565,30.7856],[-85.4561,30.7856],[-85.4478,30.7855],[-85.4323,30.7855],[-85.4326,30.7603],[-85.4324,30.7561],[-85.4326,30.7465],[-85.4327,30.7285],[-85.4329,30.7011],[-85.433,30.6975],[-85.4336,30.6705],[-85.4337,30.6683],[-85.4341,30.6549],[-85.4348,30.632],[-85.435,30.6252],[-85.4352,30.6248],[-85.4351,30.5868],[-85.4348,30.5676],[-85.4478,30.5677],[-85.4521,30.5673],[-85.4546,30.5675],[-85.4611,30.5674],[-85.4857,30.5676],[-85.4864,30.5676],[-85.4864,30.5243],[-85.4863,30.5205],[-85.4858,30.5195],[-85.486,30.5159],[-85.4861,30.5109],[-85.486,30.5097],[-85.4862,30.5086],[-85.4865,30.5048],[-85.4866,30.5006],[-85.4869,30.4999],[-85.4865,30.4954],[-85.4865,30.4879],[-85.4871,30.4787],[-85.4871,30.4759],[-85.4873,30.4714],[-85.4874,30.4686],[-85.4877,30.4613],[-85.4875,30.4584],[-85.4878,30.4415],[-85.488,30.4367],[-85.5357,30.4372],[-85.5386,30.4374],[-85.5486,30.4373],[-85.5594,30.4377],[-85.57,30.4376],[-85.6029,30.4379],[-85.6056,30.4383],[-85.6341,30.4383],[-85.6496,30.4385],[-85.6544,30.4389],[-85.6558,30.4386],[-85.6641,30.4391],[-85.6669,30.4388],[-85.6867,30.4388],[-85.687,30.4388],[-85.6881,30.4389],[-85.6952,30.4394],[-85.7062,30.4389],[-85.7939,30.4398],[-85.8121,30.4399],[-85.8246,30.4414],[-85.8329,30.4413],[-85.845,30.4406],[-85.8535,30.4406],[-85.8546,30.4401],[-85.8588,30.4385],[-85.8598,30.4381],[-85.8608,30.4372],[-85.8636,30.4322],[-85.8638,30.4293],[-85.8641,30.428],[-85.8664,30.4251],[-85.869,30.4223],[-85.8704,30.4198],[-85.8755,30.4153],[-85.878,30.414],[-85.8791,30.4125],[-85.8818,30.4118],[-85.884,30.4103],[-85.8898,30.4106],[-85.892,30.4103],[-85.8956,30.4098],[-85.8967,30.4106],[-85.8986,30.4109],[-85.9019,30.4073],[-85.9056,30.4068],[-85.9076,30.4058],[-85.9119,30.4083],[-85.9152,30.4095],[-85.917,30.4127],[-85.9215,30.4158],[-85.9239,30.4164],[-85.9273,30.4161],[-85.9299,30.4134],[-85.9332,30.4121],[-85.9348,30.4109],[-85.9379,30.4104],[-85.9402,30.4086],[-85.9452,30.4084],[-85.9469,30.4101],[-85.9485,30.4101],[-85.9499,30.4119],[-85.9522,30.4124],[-85.9601,30.4113],[-85.9616,30.4107],[-85.965,30.4107],[-85.9656,30.4092],[-85.9644,30.4083],[-85.9649,30.4072],[-85.967,30.4065],[-85.9669,30.4056],[-85.9687,30.4058],[-85.9745,30.401],[-85.9744,30.3995],[-85.9769,30.3984],[-85.9764,30.396],[-85.98,30.3948],[-85.9818,30.3922],[-85.9846,30.3919],[-85.9867,30.3908],[-85.9899,30.3904],[-85.9927,30.3893],[-85.9927,30.3888],[-85.9933,30.3579],[-85.9948,30.3132],[-85.9947,30.3117],[-85.9947,30.3112],[-85.9946,30.3097],[-85.9954,30.2857],[-85.9955,30.2813],[-85.9956,30.2803],[-85.9957,30.2747],[-85.9959,30.2691],[-85.9999,30.2708],[-86.0156,30.2765],[-86.0454,30.2873],[-86.0799,30.2999],[-86.0815,30.3005],[-86.0873,30.3026],[-86.09,30.3036],[-86.0977,30.306],[-86.1241,30.3141],[-86.1427,30.3199],[-86.1565,30.3242],[-86.1797,30.3314],[-86.1887,30.3342],[-86.2009,30.3373],[-86.2058,30.3385],[-86.2226,30.3436],[-86.2269,30.3449],[-86.2435,30.3497],[-86.2473,30.3507],[-86.2491,30.3512],[-86.2636,30.3551],[-86.264,30.3552],[-86.2801,30.3589],[-86.2969,30.3626],[-86.2987,30.363],[-86.314,30.3664],[-86.3171,30.3669],[-86.3424,30.3713],[-86.3514,30.3726],[-86.3642,30.3745],[-86.3808,30.3767],[-86.3878,30.3776],[-86.3974,30.3787],[-86.3972,30.3856]]]}},{"type":"Feature","properties":{"geoid":"1201700","puma":"01700","name":"Citrus County PUMA"},"geometry":{"type":"MultiPolygon","coordinates":[[[[-82.7573,28.8007],[-82.7512,28.8022],[-82.7421,28.8032],[-82.734,28.7991],[-82.7305,28.7974],[-82.7238,28.7905],[-82.7286,28.7864],[-82.7314,28.7841],[-82.7323,28.7819],[-82.7343,28.7771],[-82.7367,28.7737],[-82.7412,28.7772],[-82.7461,28.7821],[-82.7475,28.7834],[-82.7464,28.7914],[-82.7493,28.7976],[-82.7561,28.7991],[-82.7573,28.8007]]],[[[-82.7588,28.9934],[-82.7556,28.997],[-82.7545,28.9979],[-82.7556,29.0003],[-82.7554,29.0019],[-82.7524,29.003],[-82.7482,29.0051],[-82.7443,29.0077],[-82.7427,29.0079],[-82.7419,29.0087],[-82.7427,29.0102],[-82.741,29.0121],[-82.7372,29.0124],[-82.7345,29.014],[-82.7335,29.0149],[-82.7279,29.0149],[-82.7269,29.0179],[-82.7253,29.0191],[-82.7237,29.0214],[-82.7193,29.0261],[-82.7175,29.027],[-82.7169,29.0279],[-82.7132,29.0296],[-82.712,29.0308],[-82.7098,29.0309],[-82.7082,29.0315],[-82.706,29.0308],[-82.7028,29.0328],[-82.7007,29.0319],[-82.6986,29.0323],[-82.6969,29.0319],[-82.6965,29.0329],[-82.6924,29.0327],[-82.6898,29.034],[-82.6835,29.0306],[-82.6803,29.0305],[-82.68,29.0304],[-82.6789,29.0302],[-82.6784,29.0302],[-82.678,29.0303],[-82.6778,29.0304],[-82.6774,29.0306],[-82.6771,29.0306],[-82.6769,29.0303],[-82.6756,29.0274],[-82.6755,29.0262],[-82.6729,29.0255],[-82.6693,29.0253],[-82.6663,29.0249],[-82.6648,29.0238],[-82.6625,29.024],[-82.6597,29.0236],[-82.6574,29.0222],[-82.6545,29.0231],[-82.6527,29.023],[-82.65,29.0218],[-82.6495,29.021],[-82.6483,29.0219],[-82.6461,29.0215],[-82.6441,29.0201],[-82.641,29.0215],[-82.64,29.0211],[-82.6395,29.0193],[-82.6394,29.0191],[-82.639,29.0182],[-82.6358,29.0178],[-82.6344,29.0178],[-82.6336,29.0162],[-82.6309,29.0165],[-82.629,29.014],[-82.6282,29.0136],[-82.6258,29.0139],[-82.623,29.0125],[-82.621,29.0125],[-82.6182,29.0103],[-82.6155,29.0101],[-82.6127,29.0093],[-82.6075,29.0104],[-82.6035,29.0123],[-82.6021,29.0135],[-82.6007,29.0164],[-82.6018,29.0185],[-82.6017,29.0213],[-82.6003,29.0241],[-82.5979,29.0279],[-82.5952,29.0299],[-82.5936,29.03],[-82.5885,29.0286],[-82.5819,29.0279],[-82.5767,29.0282],[-82.5748,29.0291],[-82.5731,29.0311],[-82.5727,29.0324],[-82.5659,29.0348],[-82.5639,29.0359],[-82.5622,29.0347],[-82.5583,29.0352],[-82.5581,29.034],[-82.5567,29.0336],[-82.5506,29.0379],[-82.5499,29.0392],[-82.5458,29.0418],[-82.5428,29.0427],[-82.5421,29.0421],[-82.5381,29.0422],[-82.5366,29.043],[-82.5372,29.0443],[-82.5356,29.0449],[-82.5345,29.0445],[-82.5339,29.0426],[-82.5349,29.0409],[-82.5319,29.0411],[-82.5312,29.0431],[-82.5304,29.0436],[-82.5278,29.0425],[-82.5258,29.0431],[-82.5249,29.0423],[-82.5257,29.0415],[-82.525,29.0406],[-82.5242,29.042],[-82.5232,29.0418],[-82.5231,29.04],[-82.5205,29.0398],[-82.5188,29.0412],[-82.5168,29.0424],[-82.5169,29.0442],[-82.513,29.0432],[-82.5116,29.0432],[-82.5118,29.0412],[-82.5097,29.0414],[-82.5086,29.0403],[-82.51,29.0379],[-82.509,29.0374],[-82.5059,29.0392],[-82.5027,29.0416],[-82.5006,29.0411],[-82.5002,29.0418],[-82.4984,29.0418],[-82.4952,29.0444],[-82.4941,29.0462],[-82.4911,29.0473],[-82.4898,29.0484],[-82.4871,29.0484],[-82.4886,29.0501],[-82.4881,29.0514],[-82.4851,29.0515],[-82.4834,29.0512],[-82.4821,29.0525],[-82.4788,29.0522],[-82.4779,29.0526],[-82.4766,29.0511],[-82.4729,29.0512],[-82.4736,29.0496],[-82.4732,29.0485],[-82.4705,29.0466],[-82.469,29.0468],[-82.4682,29.0479],[-82.4671,29.048],[-82.4648,29.0458],[-82.4643,29.0452],[-82.4635,29.0446],[-82.4608,29.0467],[-82.4589,29.0477],[-82.4583,29.0443],[-82.4571,29.0428],[-82.454,29.0401],[-82.4526,29.0395],[-82.4515,29.0401],[-82.4463,29.0373],[-82.4444,29.036],[-82.4418,29.0355],[-82.4424,29.034],[-82.4415,29.0325],[-82.4389,29.0328],[-82.4374,29.0292],[-82.4366,29.0299],[-82.4351,29.0294],[-82.4365,29.0277],[-82.4342,29.0266],[-82.4328,29.0278],[-82.4321,29.0271],[-82.432,29.0246],[-82.4298,29.024],[-82.4311,29.0232],[-82.4291,29.0227],[-82.4296,29.0213],[-82.427,29.0214],[-82.425,29.0217],[-82.4247,29.0211],[-82.4257,29.0194],[-82.4239,29.0186],[-82.4205,29.0185],[-82.4196,29.0177],[-82.4203,29.0146],[-82.4182,29.013],[-82.4164,29.0133],[-82.413,29.0148],[-82.4104,29.0153],[-82.4084,29.017],[-82.407,29.0166],[-82.405,29.0167],[-82.4033,29.0189],[-82.4016,29.019],[-82.4022,29.0161],[-82.4012,29.0156],[-82.4003,29.0165],[-82.3977,29.017],[-82.3983,29.0158],[-82.3976,29.0151],[-82.3949,29.0143],[-82.3954,29.0132],[-82.3974,29.0126],[-82.3973,29.0113],[-82.3949,29.0101],[-82.3935,29.008],[-82.392,29.0084],[-82.3906,29.0099],[-82.3908,29.0085],[-82.3896,29.0081],[-82.3869,29.0093],[-82.3859,29.0081],[-82.3818,29.0063],[-82.3786,29.0052],[-82.378,29.0046],[-82.3787,29.0025],[-82.3775,29.0007],[-82.3734,29.0024],[-82.3696,29.0018],[-82.3688,29.001],[-82.3664,29.0026],[-82.3639,29.0018],[-82.3644,29.0011],[-82.3632,28.9991],[-82.3618,28.9983],[-82.3632,28.997],[-82.3621,28.9957],[-82.3621,28.9943],[-82.361,28.9934],[-82.3576,28.9931],[-82.3563,28.9917],[-82.3524,28.9912],[-82.3496,28.9887],[-82.3458,28.9871],[-82.3429,28.9872],[-82.3414,28.9878],[-82.3399,28.986],[-82.3379,28.9848],[-82.3372,28.9835],[-82.3353,28.9831],[-82.3339,28.9815],[-82.3332,28.9824],[-82.3321,28.982],[-82.3313,28.9804],[-82.3301,28.98],[-82.3297,28.979],[-82.3273,28.9788],[-82.3249,28.9767],[-82.3232,28.9761],[-82.3232,28.9753],[-82.3213,28.9753],[-82.3213,28.974],[-82.3203,28.9731],[-82.3193,28.9744],[-82.3177,28.9734],[-82.3158,28.9733],[-82.3156,28.9709],[-82.3134,28.9695],[-82.3123,28.9666],[-82.3117,28.9637],[-82.3118,28.9606],[-82.3117,28.9604],[-82.3113,28.9584],[-82.3098,28.9576],[-82.3087,28.9556],[-82.3051,28.9525],[-82.3024,28.9523],[-82.2977,28.949],[-82.2961,28.9457],[-82.2948,28.9416],[-82.2959,28.9384],[-82.2939,28.9374],[-82.2922,28.9372],[-82.29,28.9356],[-82.2886,28.9317],[-82.2886,28.9288],[-82.2868,28.9256],[-82.2844,28.9232],[-82.2841,28.9213],[-82.2819,28.9178],[-82.2821,28.9164],[-82.2822,28.9147],[-82.2804,28.9126],[-82.2773,28.9106],[-82.2761,28.9047],[-82.2747,28.9034],[-82.2762,28.9017],[-82.2743,28.8993],[-82.2736,28.8972],[-82.2701,28.8952],[-82.2676,28.892],[-82.2657,28.8903],[-82.2621,28.8893],[-82.2594,28.887],[-82.2581,28.8864],[-82.2552,28.8841],[-82.2533,28.8832],[-82.251,28.8812],[-82.2462,28.8794],[-82.2444,28.8771],[-82.2425,28.8768],[-82.2418,28.8742],[-82.2392,28.87],[-82.2403,28.8677],[-82.2401,28.8668],[-82.237,28.8652],[-82.2362,28.8636],[-82.2368,28.8619],[-82.2362,28.8606],[-82.2332,28.8582],[-82.232,28.8566],[-82.2288,28.8553],[-82.2275,28.8552],[-82.2224,28.8527],[-82.2214,28.8518],[-82.2192,28.8508],[-82.218,28.8496],[-82.2122,28.8427],[-82.2108,28.8419],[-82.2086,28.8416],[-82.2067,28.84],[-82.2066,28.8378],[-82.205,28.8347],[-82.1986,28.8307],[-82.1961,28.8302],[-82.1912,28.8268],[-82.187,28.8263],[-82.1858,28.8257],[-82.1836,28.8236],[-82.1826,28.8218],[-82.1828,28.817],[-82.1815,28.8132],[-82.1812,28.8092],[-82.1795,28.8064],[-82.1793,28.8033],[-82.1789,28.8027],[-82.1768,28.8017],[-82.1742,28.7998],[-82.1721,28.7982],[-82.1698,28.7967],[-82.1691,28.793],[-82.1693,28.7919],[-82.1708,28.7902],[-82.1758,28.7875],[-82.178,28.7873],[-82.1785,28.7859],[-82.1841,28.7833],[-82.1869,28.7795],[-82.1883,28.7768],[-82.1882,28.7717],[-82.1866,28.7704],[-82.1844,28.7701],[-82.1825,28.7693],[-82.1821,28.7681],[-82.1831,28.7658],[-82.1834,28.7635],[-82.1848,28.7618],[-82.1873,28.7598],[-82.1894,28.759],[-82.1955,28.7601],[-82.199,28.7573],[-82.2017,28.7578],[-82.2039,28.7566],[-82.2062,28.7572],[-82.2073,28.7569],[-82.2081,28.7556],[-82.2107,28.7541],[-82.212,28.7517],[-82.2126,28.7484],[-82.2132,28.7477],[-82.2142,28.7474],[-82.2163,28.7483],[-82.2174,28.7478],[-82.2178,28.7448],[-82.2186,28.744],[-82.2222,28.7419],[-82.2244,28.7411],[-82.2279,28.7379],[-82.2296,28.7374],[-82.2314,28.7361],[-82.2324,28.7333],[-82.2327,28.7307],[-82.2343,28.7293],[-82.2365,28.7281],[-82.238,28.7256],[-82.2393,28.7246],[-82.2419,28.7238],[-82.2463,28.7189],[-82.2492,28.7174],[-82.2493,28.7135],[-82.2511,28.7109],[-82.251,28.7096],[-82.2489,28.7074],[-82.2511,28.7058],[-82.251,28.7049],[-82.2491,28.7037],[-82.2486,28.7015],[-82.2499,28.6998],[-82.2508,28.6964],[-82.2536,28.6923],[-82.254,28.6896],[-82.2573,28.6869],[-82.26,28.6827],[-82.2596,28.6778],[-82.2605,28.6722],[-82.2616,28.6693],[-82.2631,28.6676],[-82.2684,28.6669],[-82.2743,28.6669],[-82.2772,28.6669],[-82.3227,28.6669],[-82.3434,28.6663],[-82.3599,28.666],[-82.3888,28.6657],[-82.4084,28.6658],[-82.4178,28.6659],[-82.4181,28.6733],[-82.4184,28.6949],[-82.4514,28.6948],[-82.5071,28.6947],[-82.5074,28.6947],[-82.5507,28.6947],[-82.5524,28.6946],[-82.5526,28.6946],[-82.554,28.6946],[-82.5686,28.6947],[-82.607,28.6945],[-82.6746,28.6941],[-82.6751,28.6982],[-82.6834,28.7005],[-82.691,28.7017],[-82.6953,28.708],[-82.7048,28.7145],[-82.7127,28.7139],[-82.7208,28.7137],[-82.7207,28.7186],[-82.715,28.727],[-82.7084,28.7284],[-82.7048,28.7359],[-82.6989,28.7334],[-82.6939,28.7334],[-82.6901,28.7366],[-82.6937,28.7422],[-82.6979,28.7476],[-82.6979,28.7481],[-82.6983,28.757],[-82.6981,28.7581],[-82.6969,28.768],[-82.6972,28.7741],[-82.6996,28.7756],[-82.7025,28.7774],[-82.7003,28.78],[-82.6986,28.7821],[-82.6967,28.7843],[-82.692,28.7889],[-82.6915,28.7922],[-82.6951,28.7957],[-82.6982,28.7964],[-82.7003,28.7922],[-82.7053,28.7957],[-82.7067,28.7976],[-82.7131,28.7997],[-82.7144,28.804],[-82.715,28.8064],[-82.7224,28.8095],[-82.7302,28.8159],[-82.7309,28.8175],[-82.7321,28.8205],[-82.7387,28.8248],[-82.7366,28.8359],[-82.7276,28.8393],[-82.7294,28.8477],[-82.7338,28.8522],[-82.731,28.8584],[-82.7279,28.8713],[-82.7107,28.8755],[-82.7006,28.8785],[-82.6952,28.882],[-82.6898,28.8855],[-82.6887,28.8952],[-82.6889,28.9056],[-82.6958,28.9104],[-82.6923,28.9125],[-82.692,28.9161],[-82.6945,28.9162],[-82.6954,28.9163],[-82.6955,28.9163],[-82.6991,28.9181],[-82.7015,28.9194],[-82.6963,28.9252],[-82.696,28.9308],[-82.7026,28.933],[-82.7088,28.936],[-82.7239,28.9535],[-82.7254,28.9606],[-82.7257,28.9622],[-82.7326,28.9666],[-82.7437,28.9702],[-82.7436,28.9739],[-82.7436,28.9761],[-82.7436,28.9782],[-82.7454,28.9792],[-82.7509,28.9824],[-82.7533,28.9814],[-82.7549,28.9838],[-82.7572,28.986],[-82.752,28.988],[-82.7576,28.9913],[-82.7594,28.9924],[-82.7588,28.9934]]]]}},{"type":"Feature","properties":{"geoid":"1211103","puma":"11103","name":"St. Lucie County (Southwest) PUMA"},"geometry":{"type":"Polygon","coordinates":[[[-80.4814,27.2861],[-80.4813,27.2944],[-80.4813,27.2949],[-80.4641,27.3106],[-80.4536,27.3201],[-80.4535,27.3202],[-80.4533,27.3204],[-80.4531,27.3206],[-80.4503,27.323],[-80.445,27.3277],[-80.4419,27.3305],[-80.4403,27.3319],[-80.4384,27.3336],[-80.4335,27.3381],[-80.43,27.3412],[-80.4255,27.3451],[-80.4143,27.3552],[-80.4139,27.3556],[-80.4025,27.3657],[-80.3926,27.3744],[-80.3873,27.3789],[-80.3866,27.3795],[-80.3841,27.3745],[-80.3767,27.3596],[-80.3748,27.3544],[-80.3743,27.3502],[-80.3743,27.3489],[-80.3743,27.3451],[-80.3743,27.3378],[-80.3744,27.3288],[-80.3744,27.3179],[-80.3744,27.3177],[-80.3744,27.3073],[-80.3736,27.3012],[-80.371,27.2957],[-80.3708,27.2953],[-80.3698,27.2936],[-80.3637,27.2827],[-80.3583,27.2731],[-80.3523,27.2624],[-80.3522,27.2622],[-80.3495,27.2566],[-80.3476,27.2495],[-80.3468,27.2466],[-80.3444,27.2374],[-80.3428,27.2311],[-80.3411,27.2253],[-80.3403,27.2232],[-80.3319,27.2057],[-80.3394,27.2057],[-80.3564,27.2059],[-80.372,27.2061],[-80.3745,27.2058],[-80.3759,27.2056],[-80.4003,27.2058],[-80.4007,27.2058],[-80.4157,27.2059],[-80.4324,27.206],[-80.4814,27.2064],[-80.4813,27.2351],[-80.4813,27.2369],[-80.4812,27.2545],[-80.4811,27.2716],[-80.4814,27.2797],[-80.4814,27.2861]]]}},{"type":"Feature","properties":{"geoid":"1207301","puma":"07301","name":"Leon County (Outer) PUMA"},"geometry":{"type":"Polygon","coordinates":[[[-84.7151,30.3331],[-84.714,30.3328],[-84.7119,30.3345],[-84.7108,30.3339],[-84.7089,30.3345],[-84.7085,30.3357],[-84.7062,30.3368],[-84.7043,30.3359],[-84.7031,30.3365],[-84.7031,30.3377],[-84.702,30.3387],[-84.7038,30.3403],[-84.7031,30.3411],[-84.7022,30.3402],[-84.701,30.3408],[-84.702,30.3421],[-84.7004,30.3442],[-84.6983,30.3445],[-84.6964,30.3471],[-84.6956,30.3471],[-84.6956,30.3453],[-84.6946,30.3452],[-84.6931,30.3469],[-84.6937,30.348],[-84.6931,30.3489],[-84.6912,30.3474],[-84.6903,30.3478],[-84.6909,30.3496],[-84.6891,30.3495],[-84.6854,30.3499],[-84.6844,30.351],[-84.6865,30.3523],[-84.6863,30.3534],[-84.6842,30.3535],[-84.6826,30.3549],[-84.6854,30.3548],[-84.6854,30.3556],[-84.6837,30.3577],[-84.6841,30.3602],[-84.6825,30.3601],[-84.6812,30.3615],[-84.6809,30.3652],[-84.6813,30.3676],[-84.6794,30.3682],[-84.6773,30.3671],[-84.6745,30.3666],[-84.6735,30.3643],[-84.6705,30.3641],[-84.6685,30.3666],[-84.667,30.3675],[-84.6659,30.3699],[-84.6635,30.3705],[-84.6633,30.3724],[-84.6653,30.374],[-84.6647,30.3772],[-84.6636,30.3784],[-84.655,30.3837],[-84.648,30.3872],[-84.6464,30.3883],[-84.6457,30.3918],[-84.6474,30.3929],[-84.6477,30.3946],[-84.6456,30.3959],[-84.6435,30.3979],[-84.6422,30.3979],[-84.6424,30.3965],[-84.6397,30.3965],[-84.639,30.3978],[-84.6353,30.3996],[-84.6319,30.4033],[-84.6283,30.406],[-84.626,30.4085],[-84.6236,30.4095],[-84.6217,30.4097],[-84.6184,30.4108],[-84.6132,30.41],[-84.6126,30.4111],[-84.6108,30.4122],[-84.6095,30.414],[-84.6069,30.4161],[-84.6058,30.4149],[-84.6032,30.4156],[-84.6003,30.4147],[-84.5985,30.4133],[-84.5949,30.4126],[-84.5927,30.4135],[-84.5914,30.4118],[-84.5905,30.4119],[-84.5877,30.4141],[-84.5829,30.4159],[-84.5825,30.4167],[-84.5801,30.4173],[-84.5801,30.419],[-84.579,30.4202],[-84.5771,30.42],[-84.5736,30.4225],[-84.5726,30.424],[-84.5716,30.4251],[-84.5698,30.4262],[-84.5678,30.429],[-84.5677,30.4304],[-84.5666,30.4314],[-84.5653,30.4308],[-84.5651,30.4318],[-84.5665,30.4324],[-84.5664,30.4337],[-84.5648,30.4333],[-84.5643,30.4344],[-84.5623,30.4357],[-84.5615,30.4379],[-84.5601,30.4378],[-84.5602,30.4351],[-84.5595,30.434],[-84.5586,30.4353],[-84.5568,30.4361],[-84.556,30.4348],[-84.5531,30.4364],[-84.5513,30.4369],[-84.5497,30.4361],[-84.549,30.4373],[-84.5459,30.4369],[-84.5464,30.44],[-84.544,30.4399],[-84.5429,30.4394],[-84.5422,30.4408],[-84.5394,30.4393],[-84.5379,30.4402],[-84.5342,30.4395],[-84.5306,30.4398],[-84.5294,30.4408],[-84.527,30.4464],[-84.525,30.4483],[-84.523,30.4489],[-84.5202,30.4515],[-84.519,30.4503],[-84.5165,30.4515],[-84.5156,30.4509],[-84.5143,30.4521],[-84.5135,30.4508],[-84.5123,30.4515],[-84.5113,30.4503],[-84.5106,30.4509],[-84.5098,30.4503],[-84.5079,30.4513],[-84.507,30.4506],[-84.5044,30.4509],[-84.5034,30.452],[-84.5021,30.4519],[-84.4992,30.453],[-84.4979,30.4549],[-84.4976,30.4576],[-84.4953,30.4603],[-84.4935,30.4604],[-84.4903,30.4597],[-84.4875,30.4584],[-84.4857,30.4564],[-84.4834,30.4565],[-84.481,30.4591],[-84.4792,30.4578],[-84.4784,30.4592],[-84.4768,30.4574],[-84.474,30.4579],[-84.4734,30.4601],[-84.4725,30.4603],[-84.4711,30.4586],[-84.4698,30.4584],[-84.4677,30.4593],[-84.4659,30.4578],[-84.4641,30.4577],[-84.4626,30.4566],[-84.4605,30.4559],[-84.4552,30.4595],[-84.4526,30.4624],[-84.4503,30.4622],[-84.4501,30.4611],[-84.4485,30.4615],[-84.4474,30.4607],[-84.4457,30.4615],[-84.4436,30.4612],[-84.4411,30.4621],[-84.4393,30.4608],[-84.4379,30.4612],[-84.4386,30.4625],[-84.4371,30.4626],[-84.4348,30.4661],[-84.434,30.4657],[-84.4338,30.4638],[-84.4304,30.4659],[-84.4273,30.4664],[-84.4255,30.4657],[-84.424,30.4674],[-84.4233,30.4666],[-84.424,30.4645],[-84.4227,30.4635],[-84.4209,30.4637],[-84.4188,30.4667],[-84.4137,30.4705],[-84.4124,30.4713],[-84.408,30.4731],[-84.4073,30.4733],[-84.4054,30.474],[-84.4059,30.4757],[-84.4029,30.4758],[-84.4021,30.4778],[-84.4027,30.4801],[-84.3972,30.4833],[-84.3974,30.485],[-84.3975,30.4853],[-84.3964,30.486],[-84.3978,30.4886],[-84.3963,30.4899],[-84.3955,30.4904],[-84.3955,30.4907],[-84.3963,30.4904],[-84.3976,30.4908],[-84.3976,30.4914],[-84.3967,30.493],[-84.397,30.4933],[-84.398,30.4923],[-84.399,30.493],[-84.3982,30.4938],[-84.3988,30.495],[-84.4005,30.4941],[-84.402,30.4948],[-84.4009,30.4957],[-84.4009,30.4974],[-84.4023,30.4983],[-84.4024,30.4999],[-84.4046,30.4991],[-84.4046,30.5017],[-84.4031,30.5021],[-84.4038,30.504],[-84.4024,30.5045],[-84.4019,30.5053],[-84.404,30.5054],[-84.4034,30.5066],[-84.405,30.508],[-84.4029,30.5108],[-84.402,30.5101],[-84.3985,30.5122],[-84.3975,30.5142],[-84.3961,30.5138],[-84.3956,30.5125],[-84.3945,30.513],[-84.3963,30.5143],[-84.3953,30.5152],[-84.3932,30.5144],[-84.3929,30.5158],[-84.395,30.5156],[-84.3959,30.5172],[-84.3943,30.5167],[-84.3918,30.5169],[-84.3938,30.5179],[-84.3938,30.5207],[-84.3919,30.5199],[-84.3907,30.5214],[-84.3914,30.5226],[-84.3911,30.525],[-84.3883,30.5262],[-84.3894,30.5273],[-84.3897,30.5285],[-84.3888,30.5294],[-84.391,30.5294],[-84.3911,30.5307],[-84.3916,30.5315],[-84.3909,30.5352],[-84.3892,30.541],[-84.3884,30.5435],[-84.3875,30.5445],[-84.3884,30.5463],[-84.3883,30.5493],[-84.3876,30.5503],[-84.3864,30.5524],[-84.3842,30.5538],[-84.3841,30.5539],[-84.3822,30.5546],[-84.3822,30.5557],[-84.3811,30.5552],[-84.3811,30.5573],[-84.3791,30.5593],[-84.3796,30.56],[-84.3816,30.5603],[-84.3821,30.5613],[-84.3802,30.5617],[-84.382,30.563],[-84.3812,30.5636],[-84.3816,30.565],[-84.3793,30.5658],[-84.3798,30.5669],[-84.3786,30.5699],[-84.3784,30.5735],[-84.3767,30.5751],[-84.3755,30.5743],[-84.3726,30.5753],[-84.3723,30.5765],[-84.3731,30.5782],[-84.3726,30.5793],[-84.3711,30.5797],[-84.3714,30.5811],[-84.37,30.5812],[-84.3701,30.5822],[-84.368,30.5831],[-84.3658,30.5827],[-84.3641,30.5837],[-84.3647,30.5852],[-84.3637,30.5853],[-84.3622,30.5841],[-84.361,30.5841],[-84.3595,30.5854],[-84.3571,30.5866],[-84.3575,30.5878],[-84.3573,30.5885],[-84.3576,30.5892],[-84.3575,30.5896],[-84.3559,30.5899],[-84.3554,30.5912],[-84.3538,30.5911],[-84.3535,30.5919],[-84.3531,30.592],[-84.352,30.5914],[-84.3503,30.5932],[-84.3486,30.5917],[-84.3463,30.5919],[-84.347,30.5929],[-84.3461,30.5954],[-84.344,30.595],[-84.3429,30.5956],[-84.3437,30.5963],[-84.3428,30.5981],[-84.3408,30.5974],[-84.3403,30.5986],[-84.3409,30.6002],[-84.3392,30.5996],[-84.3397,30.5977],[-84.3391,30.5971],[-84.3367,30.5968],[-84.3351,30.5958],[-84.3341,30.5975],[-84.3321,30.5965],[-84.3328,30.5984],[-84.3319,30.5983],[-84.3303,30.5999],[-84.3337,30.5999],[-84.3336,30.6011],[-84.3323,30.6004],[-84.3301,30.6055],[-84.3311,30.6072],[-84.3296,30.6064],[-84.3289,30.6072],[-84.3305,30.6082],[-84.3289,30.6099],[-84.3278,30.6099],[-84.327,30.6079],[-84.3262,30.6087],[-84.3277,30.6116],[-84.3271,30.6123],[-84.3256,30.6118],[-84.326,30.613],[-84.3245,30.6139],[-84.3249,30.6165],[-84.3232,30.6158],[-84.3235,30.6168],[-84.325,30.6173],[-84.3248,30.6181],[-84.323,30.6175],[-84.3224,30.6184],[-84.3227,30.6206],[-84.3206,30.6209],[-84.3197,30.619],[-84.3193,30.6219],[-84.3185,30.6225],[-84.3174,30.6213],[-84.3169,30.6233],[-84.3144,30.6248],[-84.3155,30.626],[-84.312,30.6269],[-84.3135,30.6271],[-84.3122,30.6291],[-84.3135,30.6304],[-84.3104,30.631],[-84.311,30.6321],[-84.3101,30.6332],[-84.3085,30.6324],[-84.3076,30.6334],[-84.3062,30.6324],[-84.305,30.6347],[-84.3036,30.635],[-84.3052,30.636],[-84.3055,30.6376],[-84.3037,30.6385],[-84.302,30.6385],[-84.3006,30.6401],[-84.2999,30.6426],[-84.3012,30.646],[-84.3003,30.6487],[-84.3023,30.6512],[-84.2994,30.6535],[-84.2998,30.6543],[-84.304,30.6565],[-84.3038,30.6572],[-84.3018,30.6561],[-84.301,30.6566],[-84.3025,30.6595],[-84.2992,30.6613],[-84.3001,30.6631],[-84.3022,30.6625],[-84.3026,30.6638],[-84.3008,30.6642],[-84.3002,30.6651],[-84.3018,30.6659],[-84.3023,30.6676],[-84.3044,30.6682],[-84.3053,30.6702],[-84.3041,30.6725],[-84.3028,30.6731],[-84.303,30.6748],[-84.3044,30.6758],[-84.3035,30.6777],[-84.3025,30.6759],[-84.3004,30.6761],[-84.3005,30.6738],[-84.2981,30.6768],[-84.3003,30.6766],[-84.3012,30.6801],[-84.2998,30.6801],[-84.2998,30.6788],[-84.2978,30.6788],[-84.2975,30.6825],[-84.2921,30.6807],[-84.2908,30.6819],[-84.2906,30.6842],[-84.2893,30.6834],[-84.2887,30.6816],[-84.2869,30.682],[-84.2879,30.6839],[-84.2862,30.683],[-84.2864,30.6841],[-84.2846,30.685],[-84.2833,30.6842],[-84.2826,30.6853],[-84.2826,30.6853],[-84.2812,30.6853],[-84.2541,30.6843],[-84.2541,30.6843],[-84.2499,30.6841],[-84.1552,30.6795],[-84.1249,30.678],[-84.1077,30.6768],[-84.0838,30.6758],[-84.0728,30.6754],[-84.0727,30.6754],[-84.0572,30.6747],[-84.0466,30.6742],[-84.0418,30.6739],[-84.0397,30.6738],[-84.0191,30.6727],[-84.0191,30.6727],[-84.0075,30.6721],[-84.0079,30.6261],[-84.0078,30.6252],[-84.0077,30.6093],[-84.0057,30.6092],[-84.0031,30.6071],[-84.0035,30.6056],[-84.0047,30.6048],[-84.0039,30.6027],[-84.0045,30.6012],[-84.0038,30.5992],[-84.0018,30.5967],[-84.0017,30.5935],[-84.0019,30.5914],[-84.0016,30.5893],[-84.0027,30.5879],[-84.0017,30.5859],[-84.0014,30.5839],[-83.9996,30.5825],[-83.9987,30.5811],[-83.9966,30.579],[-83.9962,30.5771],[-83.9966,30.5748],[-83.9977,30.574],[-83.9981,30.5717],[-83.9966,30.571],[-83.9951,30.5681],[-83.993,30.5656],[-83.9935,30.5651],[-83.9928,30.5648],[-83.9917,30.5635],[-83.9909,30.5611],[-83.9878,30.5593],[-83.985,30.5574],[-83.9803,30.5531],[-83.979,30.5506],[-83.9805,30.5496],[-83.9817,30.5519],[-83.9837,30.5518],[-83.985,30.5501],[-83.9867,30.5496],[-83.987,30.5471],[-83.9857,30.5436],[-83.9857,30.542],[-83.9834,30.539],[-83.9831,30.5353],[-83.9842,30.5335],[-83.984,30.5326],[-83.9818,30.5308],[-83.9807,30.5288],[-83.9786,30.5227],[-83.9772,30.522],[-84.0412,30.5219],[-84.0411,30.5185],[-84.0412,30.5077],[-84.0412,30.484],[-84.0412,30.4837],[-84.0413,30.4735],[-84.0415,30.4633],[-84.0623,30.4451],[-84.0643,30.4434],[-84.0747,30.4343],[-84.0748,30.4308],[-84.0749,30.4131],[-84.0754,30.3752],[-84.0758,30.3698],[-84.0756,30.2888],[-84.0755,30.2736],[-84.1095,30.2735],[-84.1172,30.2734],[-84.1249,30.2737],[-84.1497,30.2737],[-84.1617,30.2739],[-84.2319,30.2742],[-84.239,30.2742],[-84.2412,30.2742],[-84.2415,30.2762],[-84.2477,30.3035],[-84.2543,30.3032],[-84.2776,30.3033],[-84.2859,30.3033],[-84.2928,30.3034],[-84.3119,30.3033],[-84.3409,30.3035],[-84.345,30.3034],[-84.3464,30.3034],[-84.3785,30.3034],[-84.3785,30.3027],[-84.4004,30.3026],[-84.4211,30.3024],[-84.4788,30.302],[-84.5043,30.3019],[-84.5095,30.3018],[-84.628,30.3004],[-84.6283,30.3003],[-84.6331,30.3003],[-84.6612,30.3002],[-84.7134,30.3002],[-84.7111,30.3019],[-84.7116,30.3044],[-84.7084,30.3102],[-84.7052,30.3128],[-84.7021,30.3159],[-84.7011,30.3177],[-84.701,30.319],[-84.7026,30.3204],[-84.7026,30.3228],[-84.7041,30.3217],[-84.7058,30.3227],[-84.7069,30.3224],[-84.7095,30.3235],[-84.7111,30.3251],[-84.7151,30.3301],[-84.7151,30.3331]],[[-84.3632,30.476],[-84.3631,30.474],[-84.3614,30.4713],[-84.3612,30.4633],[-84.3612,30.4623],[-84.3611,30.4588],[-84.361,30.4561],[-84.361,30.4553],[-84.361,30.4537],[-84.3602,30.4523],[-84.354,30.445],[-84.3531,30.4416],[-84.353,30.4353],[-84.3529,30.4342],[-84.3528,30.431],[-84.3529,30.427],[-84.3525,30.4226],[-84.3502,30.4202],[-84.3506,30.4184],[-84.3527,30.4159],[-84.353,30.4148],[-84.3531,30.4015],[-84.3519,30.3991],[-84.3486,30.3978],[-84.3404,30.3979],[-84.3376,30.3979],[-84.329,30.398],[-84.3273,30.3976],[-84.3218,30.3938],[-84.3133,30.3875],[-84.308,30.3836],[-84.3076,30.3834],[-84.2977,30.3762],[-84.2942,30.3761],[-84.2925,30.376],[-84.2816,30.3759],[-84.2734,30.3759],[-84.2706,30.3759],[-84.2703,30.3759],[-84.2689,30.3759],[-84.2647,30.3758],[-84.2617,30.3758],[-84.2426,30.3757],[-84.2416,30.3759],[-84.2385,30.3777],[-84.2368,30.3814],[-84.2359,30.3853],[-84.2357,30.3872],[-84.2352,30.3946],[-84.2351,30.4025],[-84.2351,30.4072],[-84.2351,30.4079],[-84.2351,30.411],[-84.235,30.4125],[-84.235,30.4126],[-84.235,30.413],[-84.235,30.4149],[-84.2348,30.4158],[-84.2336,30.4177],[-84.231,30.4195],[-84.2309,30.421],[-84.229,30.4207],[-84.2273,30.4224],[-84.2269,30.4273],[-84.2269,30.4274],[-84.2268,30.4329],[-84.2267,30.4414],[-84.2267,30.4419],[-84.2266,30.4518],[-84.2266,30.4542],[-84.2267,30.4557],[-84.228,30.4601],[-84.228,30.4634],[-84.2302,30.4669],[-84.2309,30.4696],[-84.2322,30.4719],[-84.2359,30.4762],[-84.2367,30.4782],[-84.2369,30.4839],[-84.2373,30.4855],[-84.2378,30.4864],[-84.2437,30.493],[-84.2457,30.4954],[-84.248,30.5017],[-84.252,30.5018],[-84.2523,30.5018],[-84.2568,30.5013],[-84.2614,30.5001],[-84.2689,30.4967],[-84.2773,30.4932],[-84.2952,30.4864],[-84.3026,30.4841],[-84.3038,30.4838],[-84.3089,30.4825],[-84.3176,30.4805],[-84.3263,30.4786],[-84.3342,30.4782],[-84.336,30.4782],[-84.3445,30.4781],[-84.3467,30.4781],[-84.3575,30.4784],[-84.3632,30.4795],[-84.3632,30.476]]]}},{"type":"Feature","properties":{"geoid":"1208301","puma":"08301","name":"Marion County (North) PUMA"},"geometry":{"type":"Polygon","coordinates":[[[-82.5359,29.1267],[-82.5359,29.1311],[-82.5348,29.1501],[-82.5346,29.1564],[-82.5346,29.1598],[-82.5347,29.17],[-82.5346,29.1718],[-82.5349,29.2147],[-82.5277,29.2147],[-82.5142,29.2148],[-82.5121,29.2147],[-82.4964,29.2148],[-82.472,29.215],[-82.44,29.2152],[-82.4326,29.2153],[-82.4201,29.2154],[-82.4032,29.2156],[-82.4035,29.2237],[-82.4033,29.2273],[-82.4039,29.2476],[-82.4046,29.2789],[-82.4052,29.3152],[-82.4052,29.3303],[-82.4055,29.3611],[-82.4054,29.3624],[-82.4056,29.3886],[-82.4054,29.4032],[-82.4055,29.429],[-82.4069,29.429],[-82.4067,29.4556],[-82.4066,29.485],[-82.3693,29.4848],[-82.2872,29.4843],[-82.2439,29.4843],[-82.225,29.4843],[-82.2245,29.4843],[-82.2151,29.4842],[-82.214,29.4834],[-82.2114,29.4841],[-82.2116,29.4827],[-82.2103,29.4813],[-82.211,29.4797],[-82.2133,29.4789],[-82.2148,29.4773],[-82.2117,29.4741],[-82.2106,29.4741],[-82.212,29.4721],[-82.211,29.4708],[-82.2083,29.4708],[-82.2082,29.4668],[-82.2063,29.4661],[-82.2053,29.4671],[-82.2066,29.4707],[-82.2058,29.4723],[-82.2046,29.4713],[-82.2035,29.4721],[-82.2016,29.4691],[-82.2002,29.4683],[-82.2012,29.4675],[-82.1992,29.4665],[-82.1967,29.4641],[-82.1928,29.4623],[-82.1918,29.463],[-82.1894,29.4611],[-82.1908,29.4597],[-82.1892,29.459],[-82.1881,29.4569],[-82.1888,29.4544],[-82.1923,29.4525],[-82.1963,29.4549],[-82.199,29.4558],[-82.1986,29.458],[-82.1956,29.4576],[-82.1933,29.4598],[-82.1935,29.4614],[-82.1945,29.4613],[-82.1961,29.4627],[-82.199,29.4607],[-82.2042,29.4606],[-82.2053,29.4623],[-82.2066,29.4617],[-82.2089,29.4633],[-82.2095,29.4645],[-82.2117,29.4661],[-82.2127,29.4656],[-82.2118,29.464],[-82.2137,29.4629],[-82.2134,29.4617],[-82.2149,29.4614],[-82.2164,29.4602],[-82.2177,29.4571],[-82.2169,29.455],[-82.2141,29.453],[-82.2146,29.452],[-82.2116,29.4495],[-82.2117,29.4479],[-82.2113,29.4478],[-82.2129,29.4444],[-82.2128,29.442],[-82.2136,29.441],[-82.2125,29.4402],[-82.2137,29.437],[-82.2133,29.4345],[-82.2137,29.4333],[-82.2118,29.4301],[-82.2097,29.4282],[-82.2021,29.4264],[-82.2001,29.4241],[-82.2001,29.4228],[-82.1977,29.4221],[-82.198,29.4231],[-82.1936,29.4209],[-82.1832,29.4213],[-82.1804,29.4223],[-82.1781,29.4225],[-82.1761,29.4206],[-82.1755,29.422],[-82.1723,29.4233],[-82.1734,29.424],[-82.1705,29.4253],[-82.1673,29.4246],[-82.1684,29.4257],[-82.1682,29.4271],[-82.1671,29.4271],[-82.1652,29.425],[-82.1629,29.4244],[-82.1591,29.4249],[-82.1573,29.4225],[-82.1558,29.4224],[-82.1549,29.4237],[-82.1563,29.4256],[-82.1554,29.4261],[-82.1534,29.4224],[-82.1536,29.4243],[-82.1508,29.4267],[-82.15,29.4229],[-82.1516,29.4217],[-82.151,29.4205],[-82.1495,29.4201],[-82.1485,29.4172],[-82.1454,29.4178],[-82.145,29.4181],[-82.1435,29.4185],[-82.1418,29.4198],[-82.1403,29.4201],[-82.1406,29.4215],[-82.1425,29.4218],[-82.1453,29.4235],[-82.1442,29.4249],[-82.1441,29.4266],[-82.1425,29.4264],[-82.1408,29.4279],[-82.141,29.4286],[-82.1376,29.431],[-82.1378,29.4325],[-82.1367,29.4328],[-82.1355,29.4347],[-82.1336,29.4349],[-82.132,29.4334],[-82.1286,29.4322],[-82.1281,29.4331],[-82.1266,29.4323],[-82.1272,29.43],[-82.1252,29.4289],[-82.1211,29.429],[-82.1183,29.4285],[-82.1178,29.4319],[-82.116,29.4326],[-82.1139,29.4323],[-82.1119,29.435],[-82.1098,29.4354],[-82.1059,29.4357],[-82.1057,29.436],[-82.1052,29.4376],[-82.1041,29.4383],[-82.1011,29.4383],[-82.1005,29.4366],[-82.0988,29.4361],[-82.0994,29.4347],[-82.0988,29.4333],[-82.0975,29.4331],[-82.0979,29.4317],[-82.0959,29.4303],[-82.097,29.4282],[-82.0987,29.4273],[-82.0985,29.4243],[-82.0968,29.4218],[-82.0978,29.4211],[-82.0994,29.4225],[-82.0997,29.4211],[-82.0988,29.4198],[-82.0999,29.4187],[-82.0956,29.4205],[-82.0955,29.4218],[-82.0967,29.4237],[-82.0969,29.4252],[-82.0955,29.4278],[-82.0957,29.4288],[-82.0945,29.4304],[-82.093,29.4306],[-82.0927,29.4292],[-82.092,29.4308],[-82.091,29.4309],[-82.0905,29.4297],[-82.0889,29.4289],[-82.0894,29.428],[-82.0881,29.4262],[-82.0865,29.4268],[-82.0883,29.429],[-82.0861,29.4311],[-82.0867,29.4321],[-82.0887,29.4332],[-82.0876,29.4357],[-82.0857,29.4372],[-82.0838,29.4379],[-82.0809,29.4404],[-82.0784,29.4401],[-82.0759,29.4387],[-82.0761,29.4368],[-82.074,29.4346],[-82.0704,29.4344],[-82.0703,29.4392],[-82.0717,29.4426],[-82.0713,29.4433],[-82.0672,29.4438],[-82.0651,29.4419],[-82.064,29.4396],[-82.0596,29.4393],[-82.0567,29.44],[-82.0556,29.4418],[-82.0559,29.4712],[-82.0498,29.4743],[-82.0442,29.478],[-82.0422,29.4797],[-82.0376,29.4862],[-82.0354,29.4876],[-82.032,29.4914],[-82.0296,29.4921],[-82.0263,29.4947],[-82.0243,29.4948],[-82.0152,29.498],[-82.0137,29.4991],[-82.0111,29.4993],[-82.0099,29.4996],[-82.0066,29.4996],[-82.0044,29.5017],[-82.0016,29.5017],[-81.9986,29.5021],[-81.9966,29.5016],[-81.9946,29.5017],[-81.9909,29.5013],[-81.9893,29.5022],[-81.9868,29.5016],[-81.984,29.5032],[-81.9818,29.5023],[-81.9775,29.5025],[-81.9769,29.5034],[-81.9756,29.5031],[-81.9713,29.5039],[-81.9684,29.5031],[-81.9663,29.5039],[-81.9642,29.5038],[-81.9625,29.5048],[-81.9592,29.5057],[-81.958,29.5067],[-81.9535,29.5071],[-81.9518,29.5079],[-81.9499,29.5081],[-81.9463,29.5096],[-81.9446,29.5119],[-81.9427,29.5113],[-81.941,29.5125],[-81.9385,29.5134],[-81.9374,29.5126],[-81.9354,29.5145],[-81.9318,29.5164],[-81.9304,29.5162],[-81.9297,29.5148],[-81.927,29.5142],[-81.9248,29.5128],[-81.9224,29.5129],[-81.9209,29.5111],[-81.9194,29.5116],[-81.9177,29.5091],[-81.9129,29.5058],[-81.9133,29.5046],[-81.9118,29.504],[-81.9106,29.5057],[-81.91,29.5049],[-81.9081,29.5084],[-81.907,29.5093],[-81.9077,29.5115],[-81.9063,29.5125],[-81.9067,29.5142],[-81.9041,29.5128],[-81.9047,29.5147],[-81.9029,29.5147],[-81.9017,29.516],[-81.8966,29.5151],[-81.8967,29.5133],[-81.8944,29.5134],[-81.8912,29.5105],[-81.8879,29.5092],[-81.8874,29.5108],[-81.8858,29.5115],[-81.886,29.5127],[-81.8841,29.5131],[-81.8829,29.5119],[-81.882,29.5129],[-81.8769,29.5133],[-81.8734,29.515],[-81.8705,29.5141],[-81.8699,29.5147],[-81.8658,29.5152],[-81.865,29.5146],[-81.8636,29.5154],[-81.8611,29.5149],[-81.8592,29.5168],[-81.8538,29.5168],[-81.8535,29.518],[-81.8524,29.5175],[-81.8507,29.5181],[-81.8495,29.5192],[-81.8509,29.5205],[-81.8496,29.5213],[-81.8449,29.5217],[-81.8433,29.521],[-81.843,29.521],[-81.8427,29.5055],[-81.8428,29.4865],[-81.8309,29.4864],[-81.8103,29.4865],[-81.8002,29.4869],[-81.7887,29.4872],[-81.7845,29.4873],[-81.7762,29.4874],[-81.7759,29.4758],[-81.7758,29.4709],[-81.7751,29.4374],[-81.7749,29.4292],[-81.7418,29.4299],[-81.7419,29.4222],[-81.7414,29.4127],[-81.7413,29.4044],[-81.7416,29.3749],[-81.7414,29.371],[-81.7357,29.3709],[-81.7149,29.3709],[-81.7125,29.3707],[-81.7062,29.3711],[-81.6961,29.371],[-81.6685,29.3717],[-81.668,29.37],[-81.6665,29.3688],[-81.6649,29.366],[-81.6629,29.3639],[-81.6611,29.3601],[-81.6624,29.3571],[-81.6613,29.353],[-81.6595,29.3511],[-81.6577,29.348],[-81.659,29.3461],[-81.6603,29.3457],[-81.6607,29.3433],[-81.6566,29.3403],[-81.6564,29.3378],[-81.659,29.3372],[-81.6613,29.3393],[-81.6643,29.3415],[-81.6674,29.3411],[-81.6719,29.3395],[-81.6754,29.3386],[-81.6772,29.3367],[-81.6789,29.334],[-81.6804,29.3304],[-81.6808,29.3284],[-81.6809,29.3244],[-81.6796,29.3202],[-81.6755,29.3106],[-81.6733,29.3066],[-81.6721,29.3053],[-81.6679,29.3015],[-81.6643,29.2999],[-81.6614,29.2997],[-81.6601,29.2992],[-81.6557,29.2999],[-81.6536,29.2974],[-81.6521,29.2964],[-81.6484,29.2902],[-81.6485,29.2884],[-81.6478,29.286],[-81.6465,29.2844],[-81.6453,29.2813],[-81.6419,29.2768],[-81.642,29.2697],[-81.6418,29.2398],[-81.6414,29.2052],[-81.6409,29.1688],[-81.6409,29.165],[-81.6405,29.1316],[-81.6396,29.0811],[-81.6387,29.0478],[-81.6411,29.0478],[-81.6592,29.0478],[-81.6591,29.0125],[-81.6592,29.0003],[-81.659,28.9896],[-81.6588,28.9668],[-81.6587,28.9603],[-81.6818,28.9601],[-81.6904,28.9602],[-81.6961,28.9601],[-81.7191,28.9611],[-81.7349,28.9611],[-81.7617,28.9609],[-81.7823,28.9609],[-81.7853,28.9609],[-81.8422,28.961],[-81.8421,28.9638],[-81.8429,28.9685],[-81.8423,28.9708],[-81.8402,28.9761],[-81.8398,28.9793],[-81.839,28.9813],[-81.836,28.9864],[-81.8357,28.9881],[-81.8362,28.9914],[-81.8371,28.9936],[-81.8407,28.9961],[-81.8448,29.0003],[-81.8482,29.0036],[-81.8484,29.0038],[-81.8485,29.0102],[-81.8466,29.0126],[-81.8457,29.0161],[-81.8462,29.0174],[-81.8476,29.0186],[-81.8484,29.0205],[-81.8483,29.027],[-81.8485,29.0335],[-81.8523,29.0379],[-81.8549,29.0413],[-81.8601,29.0478],[-81.862,29.0502],[-81.8666,29.0595],[-81.8668,29.0602],[-81.8659,29.067],[-81.8666,29.07],[-81.87,29.0738],[-81.8727,29.0762],[-81.8763,29.0777],[-81.8804,29.0783],[-81.8813,29.0797],[-81.8853,29.082],[-81.8869,29.0809],[-81.8888,29.0804],[-81.8929,29.0801],[-81.8985,29.078],[-81.8998,29.0767],[-81.9115,29.0623],[-81.917,29.0554],[-81.9183,29.0537],[-81.9216,29.0516],[-81.929,29.051],[-81.9294,29.0501],[-81.931,29.0501],[-81.9372,29.053],[-81.9384,29.0541],[-81.942,29.0576],[-81.9459,29.0619],[-81.9503,29.0644],[-81.9537,29.0667],[-81.9599,29.0709],[-81.9608,29.0712],[-81.9665,29.0713],[-81.9708,29.0713],[-81.9715,29.0715],[-81.9726,29.0722],[-81.9742,29.0732],[-81.9818,29.0779],[-81.9834,29.0789],[-81.9876,29.0815],[-81.9901,29.083],[-81.9973,29.0898],[-81.9928,29.0934],[-81.9946,29.095],[-81.9977,29.0997],[-82.0021,29.1056],[-82.0029,29.1064],[-82.0059,29.1087],[-82.0069,29.1091],[-82.0057,29.1112],[-82.0069,29.1156],[-82.0065,29.1177],[-82.0044,29.1197],[-82.0027,29.1197],[-81.9969,29.121],[-81.9983,29.1234],[-82.0003,29.1255],[-82.0078,29.1306],[-82.0102,29.1335],[-82.0087,29.1344],[-82.0054,29.1339],[-82.0056,29.1363],[-82.0063,29.1376],[-82.0088,29.1379],[-82.0082,29.1393],[-82.0115,29.1426],[-82.0171,29.1426],[-82.0201,29.1403],[-82.021,29.1398],[-82.0226,29.1425],[-82.0247,29.1428],[-82.0247,29.1502],[-82.0253,29.1514],[-82.0269,29.1578],[-82.0268,29.1602],[-82.029,29.1608],[-82.029,29.1628],[-82.0319,29.1644],[-82.0324,29.1652],[-82.0328,29.1647],[-82.0332,29.1685],[-82.0332,29.1746],[-82.037,29.1742],[-82.0366,29.1733],[-82.0378,29.1719],[-82.0387,29.172],[-82.0391,29.1702],[-82.04,29.1729],[-82.044,29.1729],[-82.0438,29.1708],[-82.0459,29.171],[-82.0456,29.1718],[-82.0479,29.1731],[-82.0504,29.1725],[-82.0502,29.1704],[-82.0516,29.1697],[-82.0519,29.1685],[-82.0537,29.1682],[-82.0537,29.1718],[-82.0537,29.1791],[-82.0537,29.1828],[-82.0537,29.1864],[-82.0537,29.1937],[-82.0538,29.2049],[-82.0543,29.2061],[-82.0575,29.2098],[-82.0578,29.2119],[-82.0578,29.2167],[-82.0578,29.2169],[-82.057,29.2177],[-82.0563,29.218],[-82.0555,29.2181],[-82.0537,29.2181],[-82.0536,29.2229],[-82.0578,29.2229],[-82.0703,29.2229],[-82.0771,29.2229],[-82.0801,29.2229],[-82.0802,29.2229],[-82.0828,29.2229],[-82.0869,29.223],[-82.091,29.223],[-82.1012,29.223],[-82.1035,29.223],[-82.1115,29.223],[-82.1136,29.223],[-82.1191,29.223],[-82.1239,29.2231],[-82.1198,29.2375],[-82.1034,29.2375],[-82.0869,29.2375],[-82.0853,29.2377],[-82.0848,29.2373],[-82.0779,29.2375],[-82.0537,29.2378],[-82.0543,29.2407],[-82.0539,29.2415],[-82.0726,29.2577],[-82.0745,29.2589],[-82.0773,29.2593],[-82.094,29.2593],[-82.1034,29.2595],[-82.1137,29.2595],[-82.1186,29.2592],[-82.1324,29.2595],[-82.1353,29.2595],[-82.1414,29.2595],[-82.1519,29.2595],[-82.1519,29.2668],[-82.1566,29.2668],[-82.1615,29.2677],[-82.1691,29.2666],[-82.1729,29.2668],[-82.1743,29.2657],[-82.1773,29.2668],[-82.1913,29.2669],[-82.193,29.2669],[-82.1968,29.2669],[-82.2,29.2669],[-82.2019,29.267],[-82.2115,29.267],[-82.235,29.2671],[-82.2351,29.2522],[-82.2351,29.2495],[-82.2352,29.2282],[-82.2354,29.2245],[-82.2389,29.2223],[-82.2389,29.2085],[-82.2516,29.2084],[-82.2515,29.207],[-82.2517,29.1866],[-82.2517,29.1865],[-82.2518,29.1611],[-82.2519,29.1539],[-82.2519,29.1502],[-82.2518,29.1357],[-82.2519,29.1262],[-82.2522,29.1214],[-82.2524,29.1121],[-82.2533,29.1105],[-82.2548,29.109],[-82.2552,29.1078],[-82.2552,29.1072],[-82.2549,29.1057],[-82.2542,29.1016],[-82.2528,29.0997],[-82.2527,29.092],[-82.2536,29.0862],[-82.2523,29.0841],[-82.2575,29.0791],[-82.2592,29.0773],[-82.2657,29.0711],[-82.2667,29.0701],[-82.2676,29.0692],[-82.2741,29.0628],[-82.2835,29.0537],[-82.2836,29.0535],[-82.2867,29.0503],[-82.3027,29.0347],[-82.3189,29.0188],[-82.3496,28.9887],[-82.3524,28.9912],[-82.3563,28.9917],[-82.3576,28.9931],[-82.361,28.9934],[-82.3621,28.9943],[-82.3621,28.9957],[-82.3632,28.997],[-82.3618,28.9983],[-82.3632,28.9991],[-82.3644,29.0011],[-82.3639,29.0018],[-82.3664,29.0026],[-82.3688,29.001],[-82.3696,29.0018],[-82.3734,29.0024],[-82.3775,29.0007],[-82.3787,29.0025],[-82.378,29.0046],[-82.3786,29.0052],[-82.3818,29.0063],[-82.3859,29.0081],[-82.3869,29.0093],[-82.3896,29.0081],[-82.3908,29.0085],[-82.3906,29.0099],[-82.392,29.0084],[-82.3935,29.008],[-82.3949,29.0101],[-82.3973,29.0113],[-82.3974,29.0126],[-82.3954,29.0132],[-82.3949,29.0143],[-82.3976,29.0151],[-82.3983,29.0158],[-82.3977,29.017],[-82.4003,29.0165],[-82.4012,29.0156],[-82.4022,29.0161],[-82.4016,29.019],[-82.4033,29.0189],[-82.405,29.0167],[-82.407,29.0166],[-82.4084,29.017],[-82.4104,29.0153],[-82.413,29.0148],[-82.4164,29.0133],[-82.4182,29.013],[-82.4203,29.0146],[-82.4196,29.0177],[-82.4205,29.0185],[-82.4239,29.0186],[-82.4257,29.0194],[-82.4247,29.0211],[-82.425,29.0217],[-82.427,29.0214],[-82.4296,29.0213],[-82.4291,29.0227],[-82.4311,29.0232],[-82.4298,29.024],[-82.432,29.0246],[-82.4321,29.0271],[-82.4328,29.0278],[-82.4342,29.0266],[-82.4365,29.0277],[-82.4351,29.0294],[-82.4366,29.0299],[-82.4374,29.0292],[-82.4389,29.0328],[-82.4415,29.0325],[-82.4424,29.034],[-82.4418,29.0355],[-82.4444,29.036],[-82.4463,29.0373],[-82.4515,29.0401],[-82.4526,29.0395],[-82.454,29.0401],[-82.4571,29.0428],[-82.4583,29.0443],[-82.4589,29.0477],[-82.4608,29.0467],[-82.4635,29.0446],[-82.4643,29.0452],[-82.4648,29.0458],[-82.4671,29.048],[-82.4682,29.0479],[-82.469,29.0468],[-82.4705,29.0466],[-82.4732,29.0485],[-82.4736,29.0496],[-82.4729,29.0512],[-82.4766,29.0511],[-82.4779,29.0526],[-82.4788,29.0522],[-82.4821,29.0525],[-82.4834,29.0512],[-82.4851,29.0515],[-82.4881,29.0514],[-82.4886,29.0501],[-82.4871,29.0484],[-82.4898,29.0484],[-82.4911,29.0473],[-82.4941,29.0462],[-82.4952,29.0444],[-82.4984,29.0418],[-82.5002,29.0418],[-82.5006,29.0411],[-82.5027,29.0416],[-82.5059,29.0392],[-82.509,29.0374],[-82.51,29.0379],[-82.5086,29.0403],[-82.5097,29.0414],[-82.5118,29.0412],[-82.5116,29.0432],[-82.513,29.0432],[-82.5169,29.0442],[-82.5168,29.0424],[-82.5188,29.0412],[-82.5205,29.0398],[-82.5231,29.04],[-82.5232,29.0418],[-82.5242,29.042],[-82.525,29.0406],[-82.5257,29.0415],[-82.5249,29.0423],[-82.5258,29.0431],[-82.5278,29.0425],[-82.5304,29.0436],[-82.5312,29.0431],[-82.5319,29.0411],[-82.5349,29.0409],[-82.5339,29.0426],[-82.5345,29.0445],[-82.5356,29.0449],[-82.535,29.0538],[-82.5357,29.1132],[-82.5359,29.1265],[-82.5359,29.1267]]]}},{"type":"Feature","properties":{"geoid":"1208621","puma":"08621","name":"Miami-Dade County (Central)--The Hammocks (West), Richmond West (West) & Country Walk PUMA"},"geometry":{"type":"Polygon","coordinates":[[[-80.5121,25.6087],[-80.5096,25.6108],[-80.5088,25.6116],[-80.5087,25.6123],[-80.497,25.6231],[-80.4968,25.6234],[-80.4966,25.6239],[-80.4971,25.6378],[-80.4979,25.66],[-80.4983,25.6706],[-80.4987,25.6823],[-80.4817,25.6833],[-80.4805,25.6845],[-80.48,25.6849],[-80.4784,25.6864],[-80.4784,25.6886],[-80.4742,25.6883],[-80.4702,25.6852],[-80.4672,25.6838],[-80.4654,25.6838],[-80.462,25.6839],[-80.4574,25.684],[-80.4541,25.6841],[-80.4494,25.6843],[-80.446,25.6844],[-80.4411,25.6846],[-80.4371,25.6847],[-80.4331,25.6848],[-80.4299,25.685],[-80.4289,25.685],[-80.4249,25.685],[-80.4246,25.6837],[-80.4212,25.6804],[-80.4207,25.6795],[-80.4204,25.6781],[-80.421,25.6761],[-80.4233,25.674],[-80.4244,25.6724],[-80.4244,25.6706],[-80.4243,25.6683],[-80.4241,25.6632],[-80.4238,25.6559],[-80.4158,25.6564],[-80.416,25.6635],[-80.4164,25.6708],[-80.4162,25.6708],[-80.4123,25.6709],[-80.4037,25.6712],[-80.4002,25.6713],[-80.3921,25.6716],[-80.3887,25.6717],[-80.3886,25.6711],[-80.3887,25.6684],[-80.3878,25.6684],[-80.3859,25.6631],[-80.3855,25.6573],[-80.386,25.6535],[-80.3857,25.6525],[-80.3849,25.6507],[-80.3844,25.6494],[-80.3851,25.646],[-80.3853,25.645],[-80.3854,25.6435],[-80.3853,25.6418],[-80.3852,25.6383],[-80.3849,25.6341],[-80.3852,25.6333],[-80.3841,25.6309],[-80.3823,25.6294],[-80.3812,25.6286],[-80.3802,25.6274],[-80.3797,25.6258],[-80.3788,25.6218],[-80.3783,25.6126],[-80.3779,25.604],[-80.3774,25.6019],[-80.3769,25.6005],[-80.375,25.5979],[-80.3809,25.5976],[-80.3849,25.5975],[-80.389,25.5973],[-80.3971,25.5971],[-80.4093,25.5967],[-80.4129,25.5966],[-80.413,25.5966],[-80.4134,25.5965],[-80.4215,25.5962],[-80.4297,25.596],[-80.4377,25.5957],[-80.446,25.5954],[-80.4623,25.5948],[-80.4785,25.5943],[-80.479,25.6088],[-80.5111,25.6087],[-80.5121,25.6087]]]}},{"type":"Feature","properties":{"geoid":"1211704","puma":"11704","name":"Seminole County (East) PUMA"},"geometry":{"type":"Polygon","coordinates":[[[-81.3095,28.7233],[-81.309,28.7254],[-81.308,28.7268],[-81.3065,28.728],[-81.3039,28.7298],[-81.3013,28.7308],[-81.2975,28.732],[-81.2808,28.7391],[-81.2767,28.7419],[-81.2729,28.7445],[-81.2725,28.7449],[-81.2695,28.7497],[-81.2665,28.752],[-81.2645,28.7535],[-81.2585,28.758],[-81.2576,28.7596],[-81.2575,28.7603],[-81.2575,28.7604],[-81.2575,28.7691],[-81.2578,28.7706],[-81.258,28.7712],[-81.2598,28.7753],[-81.26,28.7795],[-81.2601,28.7867],[-81.2601,28.7922],[-81.2612,28.794],[-81.2607,28.794],[-81.2607,28.8013],[-81.2608,28.8072],[-81.2604,28.8117],[-81.2584,28.8126],[-81.2584,28.8128],[-81.2548,28.8332],[-81.25,28.8331],[-81.2257,28.8325],[-81.2229,28.8269],[-81.2229,28.8259],[-81.2246,28.8216],[-81.2213,28.8203],[-81.2186,28.817],[-81.2159,28.8144],[-81.216,28.8117],[-81.2167,28.8104],[-81.2163,28.8083],[-81.2143,28.8075],[-81.2137,28.8042],[-81.2126,28.8033],[-81.2105,28.8025],[-81.2104,28.8023],[-81.2102,28.8023],[-81.2091,28.8021],[-81.208,28.8018],[-81.2048,28.7988],[-81.2036,28.7968],[-81.1987,28.7945],[-81.1978,28.7923],[-81.1966,28.7918],[-81.195,28.7923],[-81.1922,28.7952],[-81.1913,28.7957],[-81.1904,28.7945],[-81.1882,28.7938],[-81.1863,28.7947],[-81.1843,28.797],[-81.1832,28.7975],[-81.181,28.7966],[-81.1801,28.7953],[-81.1795,28.7903],[-81.1806,28.786],[-81.1812,28.7829],[-81.1789,28.7819],[-81.1775,28.7829],[-81.1779,28.7851],[-81.1776,28.7859],[-81.1716,28.786],[-81.1708,28.785],[-81.171,28.7831],[-81.1697,28.7836],[-81.1671,28.7873],[-81.1643,28.7894],[-81.1604,28.7909],[-81.1564,28.7918],[-81.1539,28.7914],[-81.1489,28.7922],[-81.1444,28.7916],[-81.1379,28.7913],[-81.1362,28.7922],[-81.1356,28.7935],[-81.1373,28.7949],[-81.1389,28.7949],[-81.1404,28.796],[-81.1384,28.7974],[-81.1335,28.7984],[-81.1303,28.7985],[-81.1293,28.7995],[-81.1292,28.8023],[-81.1298,28.8043],[-81.1312,28.8057],[-81.1304,28.807],[-81.1248,28.8107],[-81.1237,28.812],[-81.1231,28.8141],[-81.1253,28.8193],[-81.1265,28.8204],[-81.1262,28.8214],[-81.1242,28.8223],[-81.1221,28.8237],[-81.1205,28.8257],[-81.1183,28.8265],[-81.1151,28.8261],[-81.1134,28.8267],[-81.1117,28.8282],[-81.1058,28.8285],[-81.1042,28.8279],[-81.1039,28.8253],[-81.103,28.8244],[-81.0995,28.8232],[-81.0987,28.8219],[-81.0973,28.8215],[-81.096,28.8221],[-81.0948,28.8239],[-81.0933,28.8248],[-81.0919,28.8247],[-81.0909,28.8235],[-81.0893,28.8205],[-81.087,28.8183],[-81.0853,28.8159],[-81.0832,28.8156],[-81.0797,28.8169],[-81.0782,28.8192],[-81.0761,28.8193],[-81.0753,28.8185],[-81.0747,28.8163],[-81.0732,28.8149],[-81.0706,28.8149],[-81.0674,28.813],[-81.0661,28.8101],[-81.0662,28.8081],[-81.0677,28.8053],[-81.0674,28.803],[-81.0634,28.7994],[-81.0592,28.7949],[-81.0571,28.7904],[-81.0566,28.7872],[-81.0555,28.7848],[-81.0531,28.7736],[-81.0606,28.762],[-81.0611,28.7567],[-81.0611,28.75],[-81.0577,28.7451],[-81.0416,28.7303],[-81.0407,28.7283],[-81.0414,28.7267],[-81.0372,28.7254],[-81.036,28.7241],[-81.0364,28.7225],[-81.0382,28.7227],[-81.0388,28.7216],[-81.0376,28.7202],[-81.0343,28.7191],[-81.0339,28.7167],[-81.0353,28.7142],[-81.0355,28.7122],[-81.0347,28.7094],[-81.0334,28.7081],[-81.0275,28.7046],[-81.0235,28.7025],[-81.0214,28.7011],[-81.0204,28.6996],[-81.0204,28.6978],[-81.0166,28.693],[-81.0164,28.6912],[-81.017,28.6901],[-81.02,28.6885],[-81.0199,28.6873],[-81.0213,28.6852],[-81.0216,28.6829],[-81.0212,28.6776],[-81.0213,28.6743],[-81.0205,28.6732],[-81.0141,28.6703],[-81.011,28.6681],[-81.0072,28.6635],[-81.0084,28.6601],[-81.0083,28.6588],[-81.0059,28.6532],[-81.0058,28.6518],[-81.0045,28.6495],[-81.0031,28.6481],[-81.0033,28.645],[-81.0012,28.6411],[-81.0013,28.6395],[-81.0026,28.6399],[-81.0051,28.6389],[-81.007,28.6371],[-81.0071,28.6363],[-81.0024,28.6314],[-81.0,28.6303],[-80.9982,28.6306],[-80.9982,28.6296],[-80.9997,28.6281],[-80.9985,28.6261],[-80.9961,28.6241],[-80.9942,28.6216],[-80.9896,28.6248],[-80.9891,28.6247],[-80.9883,28.6235],[-80.9886,28.6219],[-80.9869,28.6183],[-80.9873,28.6173],[-80.99,28.6171],[-80.9904,28.6165],[-80.9899,28.6139],[-80.9873,28.613],[-80.9922,28.613],[-80.9922,28.613],[-80.9954,28.6132],[-81.0677,28.6127],[-81.098,28.6127],[-81.1062,28.6126],[-81.1238,28.6125],[-81.129,28.6125],[-81.1578,28.6122],[-81.1745,28.612],[-81.1869,28.612],[-81.1893,28.6119],[-81.192,28.6121],[-81.2012,28.612],[-81.2075,28.6119],[-81.2077,28.6119],[-81.2179,28.6119],[-81.2241,28.6118],[-81.2253,28.6118],[-81.2262,28.6118],[-81.2332,28.6117],[-81.2447,28.6115],[-81.2458,28.6117],[-81.2623,28.6115],[-81.268,28.6114],[-81.2778,28.6112],[-81.2759,28.6118],[-81.2753,28.6134],[-81.2701,28.6172],[-81.2661,28.6201],[-81.2663,28.6295],[-81.2665,28.6369],[-81.2665,28.6386],[-81.2664,28.6431],[-81.2666,28.6456],[-81.268,28.6476],[-81.2729,28.654],[-81.2754,28.6603],[-81.2753,28.6626],[-81.2751,28.6647],[-81.275,28.667],[-81.2748,28.6698],[-81.2747,28.6701],[-81.2744,28.6705],[-81.2726,28.6722],[-81.271,28.6738],[-81.27,28.6755],[-81.2673,28.6815],[-81.2658,28.6846],[-81.2655,28.6855],[-81.2637,28.6923],[-81.2635,28.6929],[-81.2633,28.6937],[-81.263,28.6949],[-81.2625,28.6967],[-81.2598,28.701],[-81.2577,28.7043],[-81.2567,28.7059],[-81.2553,28.7093],[-81.2534,28.7124],[-81.2615,28.7133],[-81.2711,28.7132],[-81.276,28.7146],[-81.2844,28.7161],[-81.286,28.7161],[-81.2895,28.7157],[-81.2899,28.7157],[-81.2932,28.7151],[-81.2938,28.7158],[-81.3013,28.7166],[-81.3061,28.7188],[-81.3085,28.7189],[-81.3092,28.7217],[-81.3095,28.7233]]]}},{"type":"Feature","properties":{"geoid":"1205701","puma":"05701","name":"Hillsborough County (Central)--Tampa City (Central) PUMA"},"geometry":{"type":"Polygon","coordinates":[[[-82.4855,28.0157],[-82.4843,28.018],[-82.4843,28.0214],[-82.4843,28.0217],[-82.4843,28.0234],[-82.4843,28.0247],[-82.4843,28.0254],[-82.4842,28.0289],[-82.4842,28.0308],[-82.4842,28.0331],[-82.4841,28.0335],[-82.4841,28.0344],[-82.4823,28.0381],[-82.482,28.0388],[-82.4798,28.04],[-82.4798,28.0424],[-82.4797,28.0477],[-82.4797,28.0515],[-82.4796,28.0533],[-82.4758,28.0532],[-82.4746,28.0527],[-82.471,28.0536],[-82.4699,28.0547],[-82.4676,28.0547],[-82.4594,28.0547],[-82.4553,28.0547],[-82.4549,28.0547],[-82.4512,28.0546],[-82.4498,28.0546],[-82.4482,28.0546],[-82.4429,28.0545],[-82.4346,28.0545],[-82.4261,28.0545],[-82.4162,28.0544],[-82.4048,28.0544],[-82.4018,28.0544],[-82.3976,28.0544],[-82.3976,28.0471],[-82.3976,28.0468],[-82.3976,28.0435],[-82.3976,28.0398],[-82.3976,28.0326],[-82.3976,28.0251],[-82.3976,28.0248],[-82.3938,28.0257],[-82.3935,28.025],[-82.3935,28.0241],[-82.3934,28.018],[-82.3935,28.0143],[-82.3935,28.0107],[-82.3935,28.007],[-82.3935,27.9962],[-82.3979,27.9962],[-82.4018,27.9931],[-82.4074,27.9888],[-82.412,27.9852],[-82.4141,27.9835],[-82.4167,27.9815],[-82.4141,27.9815],[-82.4035,27.9815],[-82.4018,27.9815],[-82.4016,27.9815],[-82.3936,27.9815],[-82.3845,27.9815],[-82.3896,27.9775],[-82.3935,27.9745],[-82.4016,27.9683],[-82.406,27.9663],[-82.4091,27.9655],[-82.4141,27.9654],[-82.4182,27.9654],[-82.4241,27.9655],[-82.4248,27.9656],[-82.4265,27.9655],[-82.4306,27.9654],[-82.4348,27.9655],[-82.438,27.9654],[-82.4429,27.965],[-82.4442,27.965],[-82.4456,27.9651],[-82.4512,27.9652],[-82.4527,27.9649],[-82.4534,27.9669],[-82.4543,27.9669],[-82.4595,27.9669],[-82.4677,27.9669],[-82.4743,27.9669],[-82.4753,27.9668],[-82.4774,27.969],[-82.4801,27.97],[-82.4809,27.9706],[-82.4816,27.973],[-82.481,27.9751],[-82.4776,27.9784],[-82.4755,27.9815],[-82.4759,27.9815],[-82.4759,27.9815],[-82.4766,27.9815],[-82.4784,27.9812],[-82.4847,27.9813],[-82.4846,27.983],[-82.4846,27.9841],[-82.4846,27.9864],[-82.4846,27.9876],[-82.4846,27.9888],[-82.4846,27.9896],[-82.4845,27.9924],[-82.4844,27.9961],[-82.4844,27.9983],[-82.4844,27.9997],[-82.4844,28.0014],[-82.4844,28.002],[-82.4844,28.0033],[-82.4844,28.0066],[-82.4844,28.009],[-82.4844,28.0107],[-82.4848,28.0124],[-82.4855,28.0157]]]}},{"type":"Feature","properties":{"geoid":"1210503","puma":"10503","name":"Polk County (Central) PUMA"},"geometry":{"type":"Polygon","coordinates":[[[-82.0559,27.9821],[-82.035,27.982],[-82.0342,27.982],[-82.0309,27.982],[-82.0288,27.9818],[-82.0282,27.981],[-82.0282,27.9747],[-82.0277,27.9746],[-82.0227,27.9747],[-82.0126,27.9747],[-82.0124,27.9747],[-82.0042,27.9748],[-82.0021,27.9748],[-81.9974,27.9748],[-81.9897,27.9748],[-81.9732,27.9749],[-81.9746,27.9794],[-81.9748,27.9816],[-81.9748,27.9821],[-81.9755,27.9903],[-81.976,27.9916],[-81.9822,27.9964],[-81.9828,27.9968],[-81.983,27.997],[-81.9817,27.9968],[-81.9754,27.9968],[-81.966,27.9968],[-81.957,27.9966],[-81.9569,27.9959],[-81.957,27.9953],[-81.9569,27.9928],[-81.957,27.9926],[-81.9569,27.9892],[-81.9568,27.989],[-81.9568,27.9858],[-81.9486,27.9858],[-81.9486,27.9821],[-81.9404,27.982],[-81.9388,27.982],[-81.9321,27.9821],[-81.929,27.9821],[-81.9286,27.9806],[-81.9239,27.9803],[-81.9239,27.982],[-81.924,27.9905],[-81.924,27.996],[-81.924,27.9968],[-81.9241,27.9976],[-81.9244,28.0116],[-81.9232,28.0127],[-81.9135,28.0133],[-81.9132,28.0136],[-81.9105,28.0111],[-81.9081,28.009],[-81.9077,28.0085],[-81.9077,28.0089],[-81.9077,28.0114],[-81.9078,28.0141],[-81.9078,28.0142],[-81.9078,28.0181],[-81.9078,28.025],[-81.9076,28.026],[-81.9074,28.0275],[-81.9075,28.028],[-81.9078,28.03],[-81.9078,28.0329],[-81.908,28.0479],[-81.8956,28.0479],[-81.8926,28.0479],[-81.8765,28.048],[-81.8765,28.0478],[-81.8667,28.0478],[-81.8585,28.0478],[-81.8571,28.0479],[-81.8475,28.0495],[-81.8443,28.0501],[-81.8384,28.0523],[-81.8384,28.0525],[-81.8344,28.0541],[-81.8319,28.0551],[-81.8299,28.0556],[-81.8242,28.0564],[-81.8175,28.057],[-81.8133,28.0577],[-81.8133,28.0567],[-81.8133,28.0549],[-81.8132,28.0534],[-81.8133,28.0515],[-81.8133,28.0489],[-81.8133,28.0412],[-81.8146,28.0331],[-81.7964,28.0332],[-81.7895,28.0332],[-81.789,28.0332],[-81.7814,28.0332],[-81.7793,28.0296],[-81.7766,28.0295],[-81.7761,28.0295],[-81.7761,28.0287],[-81.7761,28.0118],[-81.7766,28.0096],[-81.7776,28.0067],[-81.7794,28.0049],[-81.776,28.0048],[-81.7721,28.004],[-81.7658,28.0041],[-81.7618,28.004],[-81.7596,28.0034],[-81.7578,28.0024],[-81.7567,28.0011],[-81.7551,28.0021],[-81.7534,28.0036],[-81.753,28.004],[-81.7514,28.0039],[-81.7513,28.0039],[-81.7508,28.0026],[-81.7503,28.0019],[-81.7469,27.9983],[-81.7447,27.9975],[-81.7404,27.997],[-81.7391,27.9959],[-81.7389,27.9957],[-81.7381,27.9948],[-81.7348,27.9983],[-81.736,27.9985],[-81.7346,28.0003],[-81.7341,28.001],[-81.7331,28.004],[-81.7247,28.004],[-81.7217,28.0041],[-81.7191,28.004],[-81.7185,28.004],[-81.7154,28.0041],[-81.7138,28.004],[-81.7114,28.0046],[-81.7109,28.0046],[-81.7102,28.0044],[-81.7073,28.0052],[-81.7067,28.0053],[-81.706,28.0052],[-81.7036,28.0044],[-81.7026,28.0041],[-81.6986,28.0043],[-81.6933,28.0029],[-81.6912,28.0035],[-81.6893,28.0049],[-81.6861,28.0072],[-81.6855,28.0075],[-81.6836,28.0078],[-81.6823,28.0078],[-81.6773,28.0149],[-81.6774,28.016],[-81.6774,28.0188],[-81.6775,28.0225],[-81.6769,28.0225],[-81.6764,28.0225],[-81.6709,28.0225],[-81.6692,28.0225],[-81.6672,28.0225],[-81.6651,28.0225],[-81.6631,28.0224],[-81.661,28.0224],[-81.661,28.0169],[-81.661,28.0158],[-81.6609,28.0101],[-81.6609,28.0042],[-81.6609,28.0025],[-81.6609,28.0005],[-81.6625,27.9999],[-81.6639,27.9976],[-81.663,27.9952],[-81.6606,27.9934],[-81.6609,27.9895],[-81.6608,27.9852],[-81.6608,27.9841],[-81.6608,27.9823],[-81.6608,27.9784],[-81.6607,27.9775],[-81.6611,27.9765],[-81.6635,27.9761],[-81.6648,27.9753],[-81.6657,27.9749],[-81.6689,27.9747],[-81.6689,27.9718],[-81.6689,27.9693],[-81.6689,27.9662],[-81.6689,27.9603],[-81.6746,27.9603],[-81.6771,27.9603],[-81.6771,27.9566],[-81.6771,27.9521],[-81.677,27.9493],[-81.6768,27.9487],[-81.6727,27.9417],[-81.6691,27.9355],[-81.6687,27.9342],[-81.6686,27.9274],[-81.6686,27.9237],[-81.6728,27.9237],[-81.6765,27.9237],[-81.6839,27.9236],[-81.7016,27.9236],[-81.7058,27.9236],[-81.714,27.9237],[-81.7172,27.9237],[-81.7177,27.9236],[-81.7181,27.9232],[-81.7181,27.9163],[-81.7264,27.9164],[-81.7321,27.9165],[-81.7387,27.9164],[-81.7408,27.916],[-81.7468,27.9124],[-81.7479,27.9119],[-81.7519,27.9106],[-81.756,27.9094],[-81.7612,27.9093],[-81.7716,27.9093],[-81.7754,27.9096],[-81.778,27.9095],[-81.7837,27.9094],[-81.7892,27.9093],[-81.7907,27.9093],[-81.7945,27.9092],[-81.7946,27.9129],[-81.7951,27.9148],[-81.7961,27.9168],[-81.7961,27.9219],[-81.7954,27.9239],[-81.7956,27.9254],[-81.7954,27.9263],[-81.7925,27.9266],[-81.792,27.9276],[-81.792,27.9305],[-81.7927,27.9325],[-81.794,27.9337],[-81.7954,27.9345],[-81.7957,27.9349],[-81.7961,27.9383],[-81.7961,27.941],[-81.797,27.942],[-81.798,27.942],[-81.7983,27.9441],[-81.7987,27.9457],[-81.8009,27.9456],[-81.8017,27.9439],[-81.8024,27.9436],[-81.8053,27.9423],[-81.8084,27.9397],[-81.8099,27.9383],[-81.8136,27.9353],[-81.8177,27.9314],[-81.8246,27.9242],[-81.8263,27.9227],[-81.8264,27.9225],[-81.829,27.9201],[-81.8297,27.9195],[-81.8367,27.9129],[-81.8368,27.9128],[-81.8386,27.9111],[-81.8406,27.9099],[-81.8425,27.9128],[-81.8439,27.9128],[-81.8441,27.9128],[-81.8513,27.9128],[-81.8532,27.9128],[-81.8572,27.9128],[-81.8572,27.908],[-81.8572,27.9042],[-81.8589,27.904],[-81.8589,27.9006],[-81.8589,27.9004],[-81.859,27.9],[-81.8589,27.8991],[-81.8589,27.8988],[-81.8588,27.8985],[-81.8588,27.8983],[-81.8587,27.8967],[-81.8627,27.8969],[-81.8631,27.8969],[-81.8752,27.8974],[-81.8839,27.8978],[-81.8881,27.8982],[-81.9066,27.8983],[-81.9077,27.8982],[-81.9092,27.8977],[-81.9159,27.8947],[-81.9183,27.8944],[-81.9186,27.8926],[-81.9196,27.8915],[-81.9207,27.8911],[-81.9244,27.8914],[-81.9244,27.8914],[-81.9423,27.8941],[-81.9431,27.8941],[-81.9572,27.8942],[-81.9648,27.8941],[-81.9655,27.8939],[-81.9679,27.8935],[-81.9736,27.8934],[-81.9784,27.9021],[-81.9826,27.9097],[-81.983,27.9117],[-81.9825,27.914],[-81.9826,27.914],[-81.984,27.9129],[-81.9894,27.9106],[-81.9927,27.909],[-81.9943,27.9083],[-81.9967,27.9073],[-81.9975,27.9066],[-81.9979,27.9055],[-81.9979,27.8978],[-81.998,27.8957],[-81.9988,27.8948],[-81.9994,27.8946],[-82.0028,27.8941],[-82.0048,27.8935],[-82.0122,27.8904],[-82.0122,27.8905],[-82.0125,27.8907],[-82.013,27.8905],[-82.013,27.891],[-82.0135,27.8916],[-82.0136,27.8936],[-82.016,27.8958],[-82.016,27.8966],[-82.0171,27.8967],[-82.0197,27.8972],[-82.0233,27.8985],[-82.0248,27.9028],[-82.0251,27.9024],[-82.027,27.9055],[-82.0274,27.9054],[-82.0284,27.9064],[-82.0306,27.9078],[-82.0321,27.9056],[-82.0331,27.9063],[-82.0353,27.9063],[-82.0389,27.9039],[-82.041,27.9046],[-82.0416,27.906],[-82.0449,27.9055],[-82.0457,27.9065],[-82.0492,27.9071],[-82.0482,27.9098],[-82.0424,27.916],[-82.0361,27.9178],[-82.0337,27.9194],[-82.0304,27.9234],[-82.0302,27.9236],[-82.0338,27.9262],[-82.0364,27.9271],[-82.0397,27.9275],[-82.0553,27.9273],[-82.0553,27.9382],[-82.0554,27.9504],[-82.0554,27.9529],[-82.0556,27.9638],[-82.0556,27.9674],[-82.0556,27.9708],[-82.0556,27.9709],[-82.0557,27.9747],[-82.0559,27.9821]]]}},{"type":"Feature","properties":{"geoid":"1207102","puma":"07102","name":"Lee County (North)--Cape Coral City (South) PUMA"},"geometry":{"type":"Polygon","coordinates":[[[-82.0004,26.5342],[-81.9997,26.535],[-81.9907,26.5403],[-81.9887,26.5407],[-81.9884,26.5416],[-81.9896,26.5456],[-81.9857,26.5457],[-81.9825,26.5492],[-81.9833,26.5491],[-81.9905,26.5492],[-81.9907,26.5627],[-81.9907,26.5637],[-81.9909,26.5781],[-81.991,26.5925],[-81.991,26.5931],[-81.991,26.5932],[-81.9909,26.6039],[-81.9909,26.6071],[-81.9909,26.6202],[-81.9914,26.6229],[-81.9914,26.6239],[-81.9914,26.625],[-81.9914,26.6323],[-81.9919,26.6352],[-81.9935,26.6401],[-81.995,26.6431],[-81.9906,26.6449],[-81.9866,26.6467],[-81.9779,26.6504],[-81.9742,26.6521],[-81.9716,26.6532],[-81.9699,26.654],[-81.9605,26.6583],[-81.9565,26.6603],[-81.9453,26.6654],[-81.9412,26.6676],[-81.941,26.6677],[-81.9303,26.6728],[-81.9238,26.6755],[-81.9223,26.6762],[-81.9203,26.6771],[-81.9127,26.6808],[-81.911,26.6816],[-81.9105,26.6818],[-81.9103,26.6817],[-81.9082,26.681],[-81.9089,26.6788],[-81.9073,26.678],[-81.9068,26.6747],[-81.9067,26.6734],[-81.9059,26.6721],[-81.9035,26.6717],[-81.9008,26.6722],[-81.9,26.6702],[-81.8981,26.6706],[-81.8964,26.6672],[-81.8962,26.6653],[-81.8975,26.6634],[-81.8962,26.6605],[-81.8972,26.6603],[-81.8975,26.6598],[-81.8975,26.6571],[-81.8937,26.6568],[-81.8883,26.6521],[-81.8942,26.6475],[-81.8953,26.6463],[-81.9051,26.6358],[-81.9125,26.6278],[-81.9125,26.6278],[-81.9121,26.625],[-81.9137,26.625],[-81.9134,26.6243],[-81.9118,26.6119],[-81.9113,26.6087],[-81.9104,26.6084],[-81.9112,26.6077],[-81.9097,26.6071],[-81.9041,26.6032],[-81.9037,26.5972],[-81.9039,26.5966],[-81.9074,26.5857],[-81.9082,26.5831],[-81.9105,26.5795],[-81.9153,26.5723],[-81.9162,26.5714],[-81.917,26.5706],[-81.9218,26.5661],[-81.9253,26.563],[-81.9272,26.5604],[-81.934,26.5509],[-81.9353,26.5491],[-81.9394,26.5436],[-81.9434,26.5401],[-81.9561,26.5335],[-81.9569,26.5332],[-81.9591,26.533],[-81.9678,26.5322],[-81.9729,26.5318],[-81.9732,26.5318],[-81.9799,26.5312],[-81.9849,26.5308],[-81.9928,26.5301],[-81.9957,26.5298],[-81.9982,26.5296],[-81.9982,26.5312],[-81.9981,26.5321],[-81.9981,26.5327],[-81.9992,26.533],[-82.0003,26.5332],[-82.0004,26.5342]]]}},{"type":"Feature","properties":{"geoid":"1200902","puma":"00902","name":"Brevard County (East)--Beaches & Merritt Island PUMA"},"geometry":{"type":"Polygon","coordinates":[[[-80.8429,28.7911],[-80.8068,28.7913],[-80.8059,28.7912],[-80.7329,28.7912],[-80.7097,28.7567],[-80.6473,28.6779],[-80.6434,28.6736],[-80.6222,28.6425],[-80.6168,28.6346],[-80.5953,28.6095],[-80.595,28.6092],[-80.5937,28.6079],[-80.5839,28.5977],[-80.5742,28.5853],[-80.5703,28.5737],[-80.569,28.5687],[-80.5674,28.5624],[-80.5641,28.5431],[-80.561,28.5307],[-80.559,28.5257],[-80.5542,28.5138],[-80.5457,28.4988],[-80.5444,28.496],[-80.5361,28.4786],[-80.5328,28.4728],[-80.5255,28.4602],[-80.5251,28.4595],[-80.5252,28.455],[-80.5266,28.4521],[-80.5267,28.4517],[-80.529,28.4497],[-80.5359,28.447],[-80.5392,28.4469],[-80.5396,28.4467],[-80.5423,28.4457],[-80.5474,28.4435],[-80.5519,28.4416],[-80.5576,28.4391],[-80.5638,28.4358],[-80.5728,28.4278],[-80.5733,28.4273],[-80.5781,28.4231],[-80.5827,28.4169],[-80.5847,28.4118],[-80.5868,28.4099],[-80.5888,28.4081],[-80.589,28.4079],[-80.5893,28.4072],[-80.5898,28.406],[-80.5941,28.3953],[-80.5955,28.3915],[-80.5975,28.3855],[-80.5977,28.3846],[-80.5983,28.3824],[-80.599,28.3799],[-80.599,28.3799],[-80.5991,28.3794],[-80.5991,28.3793],[-80.6012,28.3711],[-80.6012,28.3711],[-80.6016,28.3695],[-80.602,28.368],[-80.6021,28.3677],[-80.6038,28.3579],[-80.6043,28.3548],[-80.6062,28.339],[-80.6064,28.3348],[-80.6068,28.3271],[-80.6067,28.3201],[-80.6067,28.3185],[-80.6067,28.3145],[-80.6068,28.2988],[-80.6068,28.2964],[-80.6062,28.2893],[-80.6048,28.272],[-80.6034,28.2559],[-80.6033,28.2526],[-80.5982,28.2219],[-80.5967,28.2126],[-80.5961,28.2084],[-80.5953,28.2034],[-80.5945,28.198],[-80.5942,28.1959],[-80.5938,28.1945],[-80.5938,28.1943],[-80.5921,28.187],[-80.5917,28.1853],[-80.59,28.178],[-80.59,28.178],[-80.5891,28.1748],[-80.5885,28.1727],[-80.5884,28.1723],[-80.5873,28.1682],[-80.5864,28.1647],[-80.5845,28.1576],[-80.5834,28.1536],[-80.5811,28.1452],[-80.5804,28.1428],[-80.58,28.1411],[-80.58,28.141],[-80.5793,28.1387],[-80.5793,28.1386],[-80.5789,28.137],[-80.5779,28.1334],[-80.5767,28.1291],[-80.5763,28.1274],[-80.5758,28.1258],[-80.5746,28.1213],[-80.5727,28.1142],[-80.5725,28.1135],[-80.572,28.1116],[-80.5676,28.0981],[-80.567,28.0963],[-80.5668,28.0958],[-80.5668,28.0956],[-80.5668,28.0956],[-80.5654,28.0918],[-80.5634,28.086],[-80.5603,28.078],[-80.5599,28.0771],[-80.5579,28.0718],[-80.5538,28.0626],[-80.5537,28.0625],[-80.5511,28.0565],[-80.5494,28.0528],[-80.5484,28.0504],[-80.5477,28.0488],[-80.5446,28.0424],[-80.5446,28.0423],[-80.5445,28.0421],[-80.5444,28.0419],[-80.54,28.0326],[-80.5392,28.0309],[-80.536,28.0243],[-80.531,28.0137],[-80.5243,28.0005],[-80.5182,27.989],[-80.514,27.9809],[-80.5113,27.9754],[-80.5111,27.9749],[-80.5089,27.9705],[-80.4928,27.9405],[-80.4739,27.9083],[-80.467,27.8965],[-80.4578,27.8799],[-80.447,27.862],[-80.447,27.8617],[-80.4471,27.8608],[-80.4472,27.8599],[-80.4484,27.8601],[-80.4514,27.8568],[-80.454,27.8548],[-80.4549,27.8546],[-80.4786,27.8546],[-80.4819,27.8603],[-80.4857,27.8702],[-80.4874,27.8737],[-80.4895,27.8801],[-80.4911,27.8848],[-80.4985,27.895],[-80.4977,27.895],[-80.515,27.9303],[-80.5322,27.9636],[-80.5348,27.9686],[-80.5364,27.9754],[-80.54,27.9909],[-80.5528,28.0125],[-80.5549,28.0172],[-80.5588,28.024],[-80.5632,28.0317],[-80.5691,28.0419],[-80.5703,28.0439],[-80.5726,28.0483],[-80.5775,28.0565],[-80.5811,28.0625],[-80.5819,28.0637],[-80.5894,28.0765],[-80.5899,28.0783],[-80.5915,28.084],[-80.5949,28.0903],[-80.5977,28.0955],[-80.604,28.1071],[-80.6067,28.1123],[-80.6081,28.1149],[-80.6104,28.1192],[-80.6109,28.1203],[-80.6122,28.1226],[-80.6134,28.1338],[-80.6134,28.1341],[-80.6177,28.1327],[-80.6181,28.1333],[-80.6285,28.1566],[-80.6345,28.1699],[-80.6357,28.1727],[-80.6393,28.1807],[-80.6511,28.2062],[-80.6512,28.2063],[-80.6635,28.2322],[-80.6733,28.2529],[-80.6759,28.2592],[-80.6912,28.2961],[-80.6919,28.2978],[-80.6941,28.303],[-80.7041,28.3244],[-80.7078,28.3323],[-80.711,28.3396],[-80.7154,28.3495],[-80.7178,28.3557],[-80.7182,28.3563],[-80.7204,28.3613],[-80.7264,28.3759],[-80.7296,28.386],[-80.7322,28.3945],[-80.7331,28.3971],[-80.7347,28.4024],[-80.7347,28.4026],[-80.7347,28.4028],[-80.7353,28.4047],[-80.7432,28.4349],[-80.7432,28.435],[-80.7471,28.4483],[-80.7498,28.4577],[-80.7507,28.4602],[-80.7515,28.4622],[-80.7524,28.4689],[-80.7527,28.471],[-80.7576,28.4912],[-80.7579,28.514],[-80.7578,28.5156],[-80.759,28.5272],[-80.759,28.5276],[-80.7629,28.5367],[-80.7735,28.5536],[-80.7751,28.5573],[-80.7866,28.5842],[-80.7898,28.5916],[-80.7923,28.6007],[-80.7976,28.6204],[-80.7978,28.6211],[-80.7982,28.6217],[-80.8005,28.6247],[-80.8043,28.6302],[-80.807,28.6337],[-80.8068,28.6449],[-80.8034,28.6503],[-80.8033,28.6508],[-80.8065,28.6597],[-80.8064,28.6613],[-80.8072,28.6627],[-80.8132,28.6779],[-80.816,28.6878],[-80.8149,28.6878],[-80.8172,28.6966],[-80.8232,28.7197],[-80.8286,28.7402],[-80.8312,28.7503],[-80.834,28.7527],[-80.8344,28.7567],[-80.835,28.7583],[-80.8354,28.7615],[-80.8396,28.779],[-80.8409,28.7829],[-80.8429,28.7911]]]}},{"type":"Feature","properties":{"geoid":"1200500","puma":"00500","name":"Bay County PUMA"},"geometry":{"type":"Polygon","coordinates":[[[-85.9957,30.2747],[-85.9956,30.2803],[-85.9955,30.2813],[-85.9954,30.2857],[-85.9946,30.3097],[-85.9947,30.3112],[-85.9947,30.3117],[-85.9948,30.3132],[-85.9933,30.3579],[-85.9927,30.3888],[-85.9927,30.3893],[-85.9899,30.3904],[-85.9867,30.3908],[-85.9846,30.3919],[-85.9818,30.3922],[-85.98,30.3948],[-85.9764,30.396],[-85.9769,30.3984],[-85.9744,30.3995],[-85.9745,30.401],[-85.9687,30.4058],[-85.9669,30.4056],[-85.967,30.4065],[-85.9649,30.4072],[-85.9644,30.4083],[-85.9656,30.4092],[-85.965,30.4107],[-85.9616,30.4107],[-85.9601,30.4113],[-85.9522,30.4124],[-85.9499,30.4119],[-85.9485,30.4101],[-85.9469,30.4101],[-85.9452,30.4084],[-85.9402,30.4086],[-85.9379,30.4104],[-85.9348,30.4109],[-85.9332,30.4121],[-85.9299,30.4134],[-85.9273,30.4161],[-85.9239,30.4164],[-85.9215,30.4158],[-85.917,30.4127],[-85.9152,30.4095],[-85.9119,30.4083],[-85.9076,30.4058],[-85.9056,30.4068],[-85.9019,30.4073],[-85.8986,30.4109],[-85.8967,30.4106],[-85.8956,30.4098],[-85.892,30.4103],[-85.8898,30.4106],[-85.884,30.4103],[-85.8818,30.4118],[-85.8791,30.4125],[-85.878,30.414],[-85.8755,30.4153],[-85.8704,30.4198],[-85.869,30.4223],[-85.8664,30.4251],[-85.8641,30.428],[-85.8638,30.4293],[-85.8636,30.4322],[-85.8608,30.4372],[-85.8598,30.4381],[-85.8588,30.4385],[-85.8546,30.4401],[-85.8535,30.4406],[-85.845,30.4406],[-85.8329,30.4413],[-85.8246,30.4414],[-85.8121,30.4399],[-85.7939,30.4398],[-85.7062,30.4389],[-85.6952,30.4394],[-85.6881,30.4389],[-85.687,30.4388],[-85.6867,30.4388],[-85.6669,30.4388],[-85.6641,30.4391],[-85.6558,30.4386],[-85.6544,30.4389],[-85.6496,30.4385],[-85.6341,30.4383],[-85.6056,30.4383],[-85.6029,30.4379],[-85.57,30.4376],[-85.5594,30.4377],[-85.5486,30.4373],[-85.5386,30.4374],[-85.5357,30.4372],[-85.488,30.4367],[-85.4878,30.4415],[-85.4875,30.4584],[-85.4877,30.4613],[-85.4874,30.4686],[-85.4873,30.4714],[-85.4871,30.4759],[-85.4871,30.4787],[-85.4865,30.4879],[-85.4865,30.4954],[-85.4869,30.4999],[-85.4866,30.5006],[-85.4865,30.5048],[-85.4862,30.5086],[-85.486,30.5097],[-85.4861,30.5109],[-85.486,30.5159],[-85.4858,30.5195],[-85.4863,30.5205],[-85.4864,30.5243],[-85.4864,30.5676],[-85.4857,30.5676],[-85.4611,30.5674],[-85.4546,30.5675],[-85.4521,30.5673],[-85.4478,30.5677],[-85.4348,30.5676],[-85.3965,30.5671],[-85.388,30.5669],[-85.3839,30.5669],[-85.3838,30.5645],[-85.3838,30.5521],[-85.3846,30.5449],[-85.3846,30.5376],[-85.385,30.5165],[-85.3851,30.5085],[-85.3858,30.4805],[-85.3866,30.443],[-85.3867,30.4427],[-85.3868,30.4353],[-85.3865,30.4321],[-85.3868,30.4253],[-85.388,30.4217],[-85.3882,30.4169],[-85.388,30.4157],[-85.388,30.3831],[-85.3885,30.3712],[-85.3882,30.3653],[-85.3886,30.3486],[-85.3884,30.3449],[-85.3886,30.3091],[-85.389,30.3057],[-85.3891,30.2962],[-85.3892,30.2847],[-85.3887,30.2659],[-85.3893,30.2595],[-85.3897,30.249],[-85.3896,30.2306],[-85.3898,30.2265],[-85.3897,30.201],[-85.3899,30.1983],[-85.39,30.1882],[-85.3895,30.1754],[-85.3897,30.1717],[-85.3896,30.1546],[-85.3898,30.1532],[-85.3896,30.1452],[-85.3899,30.1385],[-85.3903,30.1214],[-85.3902,30.1183],[-85.3903,30.0998],[-85.3901,30.0978],[-85.3903,30.0912],[-85.3902,30.0908],[-85.3909,30.0531],[-85.391,30.0396],[-85.3913,30.0276],[-85.3915,30.0006],[-85.3913,29.9998],[-85.3904,29.9815],[-85.3903,29.9781],[-85.3899,29.9725],[-85.3887,29.9398],[-85.3884,29.9298],[-85.3885,29.9261],[-85.3892,29.9248],[-85.395,29.9298],[-85.4051,29.9385],[-85.4126,29.943],[-85.4204,29.9472],[-85.4283,29.95],[-85.4385,29.9514],[-85.4452,29.954],[-85.4467,29.9545],[-85.4472,29.9547],[-85.4551,29.9567],[-85.4656,29.9575],[-85.4711,29.9567],[-85.4813,29.9579],[-85.4878,29.9606],[-85.4933,29.9629],[-85.4961,29.9648],[-85.5023,29.9678],[-85.5086,29.972],[-85.5149,29.9773],[-85.5245,29.9875],[-85.5298,29.9953],[-85.5306,29.9976],[-85.5371,30.0039],[-85.545,30.0054],[-85.5538,30.0119],[-85.569,30.0261],[-85.5814,30.0378],[-85.5884,30.0451],[-85.5956,30.0506],[-85.6069,30.0571],[-85.6133,30.0603],[-85.6169,30.0621],[-85.6172,30.0622],[-85.6278,30.067],[-85.6321,30.0689],[-85.653,30.0781],[-85.6834,30.091],[-85.6997,30.0987],[-85.7174,30.1101],[-85.7291,30.1182],[-85.7331,30.122],[-85.7336,30.1224],[-85.7381,30.1263],[-85.7449,30.1321],[-85.7455,30.1327],[-85.7499,30.1365],[-85.7588,30.1434],[-85.765,30.1482],[-85.7684,30.1509],[-85.7723,30.1539],[-85.7754,30.1563],[-85.7838,30.1614],[-85.7904,30.1655],[-85.7907,30.1657],[-85.8004,30.1716],[-85.8055,30.1748],[-85.8112,30.1783],[-85.8201,30.1833],[-85.8229,30.1849],[-85.8245,30.1858],[-85.8313,30.1895],[-85.8372,30.1928],[-85.838,30.1933],[-85.8381,30.1933],[-85.8486,30.1991],[-85.8667,30.2092],[-85.8781,30.2156],[-85.8867,30.2199],[-85.8881,30.2206],[-85.8914,30.2222],[-85.8922,30.2226],[-85.8924,30.2227],[-85.8953,30.2241],[-85.8954,30.2242],[-85.9016,30.2272],[-85.9204,30.2366],[-85.9212,30.237],[-85.9226,30.2377],[-85.9355,30.2436],[-85.9359,30.2437],[-85.9365,30.244],[-85.9369,30.2442],[-85.9476,30.2491],[-85.9506,30.2503],[-85.9581,30.2535],[-85.9666,30.2571],[-85.9959,30.2691],[-85.9957,30.2747]]]}},{"type":"Feature","properties":{"geoid":"1210103","puma":"10103","name":"Pasco County (Gulf Coast) PUMA"},"geometry":{"type":"MultiPolygon","coordinates":[[[[-82.7991,28.1853],[-82.7978,28.1878],[-82.7891,28.192],[-82.788,28.1926],[-82.7872,28.193],[-82.787,28.1938],[-82.7851,28.1995],[-82.785,28.1997],[-82.7846,28.2012],[-82.7825,28.2075],[-82.7821,28.2076],[-82.7781,28.2089],[-82.7743,28.207],[-82.7701,28.2077],[-82.7695,28.2086],[-82.7666,28.2131],[-82.7662,28.2137],[-82.7627,28.2189],[-82.7626,28.219],[-82.7645,28.2201],[-82.7642,28.2203],[-82.7601,28.2241],[-82.7577,28.2264],[-82.7575,28.2266],[-82.756,28.2281],[-82.7572,28.2297],[-82.7573,28.2297],[-82.7573,28.2298],[-82.7576,28.2298],[-82.7601,28.2304],[-82.7603,28.2304],[-82.7627,28.231],[-82.7638,28.2313],[-82.7645,28.2321],[-82.7622,28.2421],[-82.7613,28.2429],[-82.7578,28.2415],[-82.7566,28.241],[-82.7564,28.2409],[-82.756,28.2408],[-82.7552,28.2414],[-82.7548,28.2417],[-82.7544,28.242],[-82.7521,28.2439],[-82.7484,28.2468],[-82.7486,28.2477],[-82.7494,28.2506],[-82.7497,28.2508],[-82.7509,28.2522],[-82.7529,28.2517],[-82.7531,28.2516],[-82.758,28.2538],[-82.7581,28.2539],[-82.7582,28.2549],[-82.7577,28.2553],[-82.7567,28.2559],[-82.7493,28.2559],[-82.7493,28.2559],[-82.7487,28.2568],[-82.7462,28.2611],[-82.7462,28.2612],[-82.7443,28.2653],[-82.7434,28.2673],[-82.7431,28.2679],[-82.7431,28.2737],[-82.7401,28.2741],[-82.7395,28.2742],[-82.7374,28.2745],[-82.737,28.2745],[-82.737,28.2756],[-82.737,28.2763],[-82.737,28.2764],[-82.7429,28.2777],[-82.743,28.2779],[-82.7435,28.2787],[-82.7426,28.2797],[-82.7403,28.2823],[-82.7389,28.2826],[-82.7372,28.2816],[-82.7358,28.2808],[-82.7357,28.2808],[-82.7326,28.282],[-82.733,28.284],[-82.7332,28.2853],[-82.7333,28.2855],[-82.7333,28.2856],[-82.7323,28.2875],[-82.7313,28.2876],[-82.7298,28.2878],[-82.728,28.2881],[-82.7271,28.2882],[-82.7254,28.2901],[-82.7255,28.2905],[-82.7258,28.2913],[-82.726,28.2918],[-82.7262,28.2918],[-82.7288,28.2918],[-82.7297,28.2919],[-82.7328,28.2919],[-82.7351,28.2986],[-82.7353,28.2994],[-82.7325,28.3025],[-82.7323,28.3028],[-82.7352,28.3067],[-82.7325,28.3121],[-82.7319,28.3134],[-82.7317,28.3136],[-82.7317,28.3137],[-82.7336,28.3151],[-82.7334,28.3157],[-82.7325,28.3203],[-82.7315,28.325],[-82.7293,28.3278],[-82.7206,28.3393],[-82.7194,28.3408],[-82.7183,28.3423],[-82.7182,28.3424],[-82.7176,28.3431],[-82.717,28.3439],[-82.7164,28.3447],[-82.7158,28.3455],[-82.7154,28.3486],[-82.7132,28.3489],[-82.7118,28.349],[-82.7116,28.3495],[-82.7104,28.352],[-82.7105,28.3522],[-82.7115,28.3535],[-82.7115,28.3535],[-82.7175,28.3535],[-82.718,28.354],[-82.7181,28.3569],[-82.7181,28.3569],[-82.7181,28.3573],[-82.7131,28.3594],[-82.7129,28.3596],[-82.7121,28.3609],[-82.7119,28.3611],[-82.7102,28.3638],[-82.7099,28.3643],[-82.706,28.3683],[-82.7059,28.3684],[-82.706,28.3695],[-82.7071,28.3696],[-82.7087,28.3699],[-82.7085,28.3711],[-82.7072,28.3717],[-82.7037,28.372],[-82.7013,28.3748],[-82.7015,28.375],[-82.7016,28.3751],[-82.7016,28.3751],[-82.7026,28.3759],[-82.7054,28.3782],[-82.704,28.3805],[-82.7059,28.3843],[-82.7069,28.3862],[-82.7067,28.3869],[-82.7059,28.3903],[-82.7058,28.3909],[-82.7057,28.391],[-82.7069,28.3923],[-82.7068,28.3927],[-82.7064,28.3948],[-82.7063,28.3949],[-82.7045,28.3993],[-82.7045,28.3994],[-82.7046,28.4012],[-82.7052,28.4015],[-82.7068,28.4021],[-82.7064,28.4031],[-82.7061,28.4032],[-82.7044,28.4039],[-82.7039,28.4041],[-82.7036,28.4039],[-82.7027,28.4032],[-82.7014,28.4034],[-82.7009,28.4035],[-82.6948,28.4058],[-82.6946,28.406],[-82.6905,28.4082],[-82.6901,28.4084],[-82.689,28.4085],[-82.6878,28.4087],[-82.6872,28.41],[-82.6873,28.4106],[-82.6873,28.4113],[-82.6875,28.4123],[-82.6876,28.4123],[-82.6877,28.4124],[-82.6878,28.4124],[-82.6895,28.4133],[-82.6896,28.4133],[-82.691,28.4127],[-82.692,28.4122],[-82.6929,28.4118],[-82.6995,28.4119],[-82.6999,28.4125],[-82.6995,28.4131],[-82.6945,28.4152],[-82.6945,28.416],[-82.6945,28.4176],[-82.6945,28.4179],[-82.6974,28.4195],[-82.6973,28.4202],[-82.6945,28.4228],[-82.6929,28.4228],[-82.6927,28.4227],[-82.6911,28.4223],[-82.6888,28.4217],[-82.6857,28.4209],[-82.6826,28.4262],[-82.6788,28.4276],[-82.6779,28.4279],[-82.6779,28.4281],[-82.6776,28.4293],[-82.6773,28.4306],[-82.6744,28.4305],[-82.6716,28.4321],[-82.6714,28.4322],[-82.6699,28.4331],[-82.6699,28.4336],[-82.667,28.4336],[-82.6664,28.4336],[-82.6653,28.4336],[-82.6638,28.4336],[-82.6572,28.4336],[-82.6541,28.4337],[-82.64,28.4338],[-82.6476,28.4183],[-82.6489,28.4155],[-82.6526,28.408],[-82.6557,28.4043],[-82.6597,28.4],[-82.66,28.3997],[-82.6623,28.3971],[-82.6644,28.3949],[-82.669,28.39],[-82.6743,28.3844],[-82.6807,28.3775],[-82.6829,28.3751],[-82.6895,28.3681],[-82.6932,28.3642],[-82.6915,28.3642],[-82.6908,28.3641],[-82.6908,28.3618],[-82.6903,28.3609],[-82.6888,28.3599],[-82.6876,28.3582],[-82.6784,28.3501],[-82.677,28.3489],[-82.6702,28.343],[-82.6666,28.34],[-82.666,28.3398],[-82.6663,28.3385],[-82.6663,28.3351],[-82.6662,28.331],[-82.6664,28.331],[-82.6702,28.3311],[-82.6755,28.3309],[-82.6776,28.3309],[-82.6767,28.3269],[-82.6783,28.3243],[-82.6793,28.3242],[-82.6805,28.3234],[-82.6811,28.3214],[-82.6799,28.3172],[-82.681,28.314],[-82.6784,28.3114],[-82.6787,28.3095],[-82.6709,28.3096],[-82.6731,28.3058],[-82.6756,28.305],[-82.6766,28.3058],[-82.6805,28.302],[-82.6816,28.302],[-82.6823,28.302],[-82.6844,28.302],[-82.6844,28.3011],[-82.6844,28.2972],[-82.6844,28.2911],[-82.6871,28.2911],[-82.6896,28.2911],[-82.6916,28.2925],[-82.6926,28.2934],[-82.6957,28.2936],[-82.6987,28.2937],[-82.6987,28.2918],[-82.6957,28.2918],[-82.6957,28.2912],[-82.6987,28.291],[-82.6987,28.288],[-82.6962,28.2881],[-82.6957,28.2878],[-82.6912,28.2878],[-82.6912,28.286],[-82.6971,28.286],[-82.6971,28.2806],[-82.7071,28.2806],[-82.7072,28.2741],[-82.7072,28.2732],[-82.7073,28.2713],[-82.7073,28.2696],[-82.7073,28.266],[-82.7073,28.2632],[-82.7073,28.2614],[-82.7073,28.2587],[-82.7037,28.2587],[-82.7022,28.2587],[-82.7012,28.2587],[-82.6991,28.2587],[-82.6991,28.2498],[-82.6991,28.2444],[-82.7001,28.2428],[-82.6997,28.2423],[-82.6989,28.2389],[-82.699,28.2383],[-82.6991,28.2362],[-82.6989,28.2361],[-82.6988,28.2363],[-82.6967,28.236],[-82.694,28.2375],[-82.6912,28.2376],[-82.6831,28.236],[-82.6825,28.2361],[-82.6826,28.2297],[-82.6828,28.217],[-82.6835,28.2166],[-82.6836,28.2164],[-82.6847,28.2169],[-82.6927,28.217],[-82.6927,28.2156],[-82.6927,28.2127],[-82.6938,28.2098],[-82.6942,28.2092],[-82.6942,28.2074],[-82.6917,28.2067],[-82.6917,28.2048],[-82.6902,28.2046],[-82.6902,28.2074],[-82.6858,28.2053],[-82.6849,28.206],[-82.6829,28.2061],[-82.6829,28.2025],[-82.683,28.1969],[-82.6852,28.1946],[-82.6881,28.1933],[-82.689,28.1951],[-82.6892,28.1955],[-82.6895,28.1954],[-82.6897,28.1952],[-82.6898,28.1951],[-82.6952,28.1942],[-82.6972,28.1944],[-82.6976,28.1923],[-82.699,28.1925],[-82.6989,28.1945],[-82.7046,28.1946],[-82.7058,28.1953],[-82.7173,28.1952],[-82.7187,28.1942],[-82.717,28.1919],[-82.7182,28.1868],[-82.716,28.1847],[-82.7152,28.1846],[-82.715,28.1843],[-82.7164,28.1835],[-82.7169,28.1834],[-82.7177,28.1829],[-82.7154,28.1821],[-82.7154,28.1789],[-82.7173,28.175],[-82.7187,28.1741],[-82.7202,28.1732],[-82.7216,28.1732],[-82.7241,28.1732],[-82.7293,28.1732],[-82.7307,28.1732],[-82.7317,28.1731],[-82.7379,28.1732],[-82.7406,28.1728],[-82.7502,28.1728],[-82.7505,28.173],[-82.7529,28.173],[-82.7571,28.173],[-82.7591,28.1729],[-82.7612,28.1729],[-82.764,28.1729],[-82.7654,28.1729],[-82.7734,28.1729],[-82.7837,28.1729],[-82.7855,28.1726],[-82.786,28.1724],[-82.7874,28.1722],[-82.789,28.1723],[-82.7898,28.1723],[-82.7921,28.1728],[-82.7929,28.1727],[-82.7925,28.1735],[-82.7939,28.1745],[-82.7946,28.1753],[-82.7947,28.1755],[-82.7944,28.1759],[-82.7942,28.1759],[-82.793,28.1761],[-82.7926,28.1759],[-82.7921,28.1756],[-82.7904,28.1747],[-82.7889,28.1749],[-82.7889,28.1754],[-82.7889,28.1763],[-82.7913,28.1779],[-82.7914,28.1779],[-82.793,28.1789],[-82.7932,28.179],[-82.7974,28.1817],[-82.7987,28.1845],[-82.7991,28.1853]]],[[[-82.8007,28.175],[-82.8007,28.175],[-82.7995,28.1754],[-82.7983,28.1749],[-82.7984,28.1739],[-82.8001,28.1732],[-82.801,28.174],[-82.8007,28.175]]],[[[-82.8043,28.1773],[-82.8035,28.1779],[-82.8019,28.1774],[-82.8016,28.1765],[-82.8025,28.1759],[-82.8043,28.1764],[-82.8043,28.1768],[-82.8043,28.1773]]],[[[-82.8061,28.1741],[-82.8052,28.1745],[-82.8051,28.1745],[-82.8042,28.1741],[-82.8041,28.1731],[-82.805,28.1726],[-82.8054,28.1727],[-82.8061,28.173],[-82.8061,28.1741]]],[[[-82.851,28.2118],[-82.8495,28.2134],[-82.846,28.2133],[-82.8404,28.212],[-82.841,28.2087],[-82.8428,28.2069],[-82.8461,28.2082],[-82.8476,28.2075],[-82.8484,28.2045],[-82.8449,28.1991],[-82.8444,28.1966],[-82.8448,28.1961],[-82.8458,28.1949],[-82.8447,28.1931],[-82.8431,28.1905],[-82.8441,28.1881],[-82.8442,28.188],[-82.8471,28.1873],[-82.847,28.1818],[-82.8443,28.1742],[-82.843,28.1717],[-82.8446,28.1717],[-82.848,28.1717],[-82.8499,28.1798],[-82.8504,28.1857],[-82.8524,28.2102],[-82.851,28.2118]]]]}},{"type":"Feature","properties":{"geoid":"1209907","puma":"09907","name":"Palm Beach County (Southeast)--Greater Delray Beach City PUMA"},"geometry":{"type":"Polygon","coordinates":[[[-80.1746,26.4687],[-80.1734,26.4762],[-80.1726,26.4807],[-80.1724,26.4838],[-80.1722,26.4838],[-80.1723,26.4977],[-80.1639,26.4978],[-80.1571,26.4977],[-80.1559,26.4984],[-80.1473,26.4985],[-80.1391,26.4986],[-80.1322,26.4986],[-80.1311,26.4987],[-80.1238,26.4987],[-80.1232,26.4987],[-80.1231,26.4955],[-80.1229,26.4913],[-80.1147,26.4913],[-80.1148,26.4988],[-80.0985,26.4991],[-80.0962,26.4992],[-80.0958,26.4992],[-80.09,26.4994],[-80.0881,26.4994],[-80.0794,26.4998],[-80.0792,26.5003],[-80.0787,26.4997],[-80.0784,26.4989],[-80.0786,26.4984],[-80.078,26.4955],[-80.0714,26.4956],[-80.0713,26.4915],[-80.0661,26.4915],[-80.066,26.4915],[-80.0656,26.4915],[-80.0633,26.4914],[-80.0631,26.4915],[-80.0589,26.4915],[-80.0606,26.4846],[-80.0606,26.4839],[-80.0619,26.4754],[-80.0568,26.4757],[-80.0556,26.4758],[-80.0578,26.4617],[-80.0588,26.4554],[-80.0587,26.4543],[-80.0586,26.4531],[-80.0598,26.4445],[-80.0616,26.433],[-80.0617,26.4321],[-80.0634,26.4321],[-80.0647,26.4321],[-80.0648,26.4258],[-80.0648,26.4252],[-80.0649,26.4236],[-80.0655,26.4205],[-80.0714,26.4207],[-80.0739,26.4222],[-80.0763,26.4226],[-80.0765,26.4227],[-80.0793,26.4245],[-80.0887,26.4246],[-80.0898,26.4246],[-80.0903,26.4246],[-80.0907,26.4246],[-80.0991,26.4246],[-80.0994,26.4246],[-80.1062,26.4245],[-80.1221,26.4243],[-80.1229,26.4243],[-80.1292,26.4243],[-80.1299,26.4243],[-80.1341,26.4242],[-80.1456,26.4241],[-80.1465,26.4241],[-80.1712,26.424],[-80.1716,26.4241],[-80.1718,26.4273],[-80.1727,26.4315],[-80.174,26.4383],[-80.1743,26.4462],[-80.1744,26.4537],[-80.1747,26.4669],[-80.1746,26.4687]]]}},{"type":"Feature","properties":{"geoid":"1201114","puma":"01114","name":"Broward County (SSE)--Miramar (East), Hallandale Beach & West Park Cities PUMA"},"geometry":{"type":"Polygon","coordinates":[[[-80.263,25.987],[-80.2571,25.9872],[-80.2566,25.9872],[-80.2525,25.9873],[-80.2473,25.9874],[-80.2476,25.9948],[-80.2431,25.9948],[-80.2384,25.9949],[-80.2346,25.9949],[-80.2313,25.995],[-80.2291,25.995],[-80.2272,25.9951],[-80.226,25.9951],[-80.225,25.9951],[-80.2242,25.9952],[-80.2232,25.9944],[-80.2193,25.9945],[-80.2193,25.9953],[-80.2152,25.9954],[-80.2131,25.9954],[-80.2111,25.9954],[-80.2071,25.9953],[-80.2062,25.9952],[-80.1988,25.9952],[-80.197,25.9953],[-80.1951,25.9954],[-80.1895,25.9955],[-80.1834,25.9956],[-80.1769,25.9958],[-80.1712,25.996],[-80.1684,25.9961],[-80.1673,25.9962],[-80.1661,25.9962],[-80.1655,25.9962],[-80.1628,25.9962],[-80.161,25.9963],[-80.1607,25.9963],[-80.1589,25.9963],[-80.1569,25.9964],[-80.1549,25.9964],[-80.1488,25.9966],[-80.1484,25.9966],[-80.1426,25.9968],[-80.1406,25.9968],[-80.1366,25.9969],[-80.1346,25.997],[-80.1341,25.997],[-80.1304,25.9971],[-80.1286,25.9972],[-80.1276,25.9972],[-80.1269,25.9972],[-80.1217,25.9974],[-80.1201,25.9972],[-80.1204,25.9926],[-80.1216,25.9896],[-80.1219,25.989],[-80.1222,25.9865],[-80.1218,25.9865],[-80.12,25.9865],[-80.1193,25.9864],[-80.1193,25.9864],[-80.1181,25.9868],[-80.1172,25.987],[-80.1173,25.9866],[-80.1177,25.9789],[-80.1179,25.9752],[-80.1195,25.9752],[-80.1233,25.9751],[-80.1239,25.9745],[-80.1304,25.9742],[-80.1339,25.9741],[-80.1339,25.9749],[-80.1421,25.9747],[-80.1435,25.9745],[-80.1479,25.9744],[-80.1481,25.9744],[-80.1542,25.9742],[-80.1574,25.9741],[-80.1582,25.9741],[-80.165,25.9739],[-80.1657,25.9738],[-80.1665,25.9736],[-80.1745,25.9736],[-80.1819,25.9735],[-80.1828,25.9734],[-80.1908,25.9732],[-80.1944,25.9732],[-80.198,25.973],[-80.2021,25.9729],[-80.2062,25.9726],[-80.2125,25.9724],[-80.2143,25.9724],[-80.2148,25.9723],[-80.2172,25.9723],[-80.2195,25.9722],[-80.2231,25.9723],[-80.2296,25.9722],[-80.2297,25.9722],[-80.2381,25.972],[-80.2467,25.9719],[-80.2467,25.9726],[-80.2468,25.9741],[-80.2471,25.9816],[-80.2552,25.9813],[-80.2628,25.9811],[-80.263,25.987]]]}},{"type":"Feature","properties":{"geoid":"1212704","puma":"12704","name":"Volusia County (Southwest Central)--Deltona & Lake Helen Cities PUMA"},"geometry":{"type":"Polygon","coordinates":[[[-81.318,28.8364],[-81.317,28.8381],[-81.2864,28.8687],[-81.2855,28.8699],[-81.2845,28.8718],[-81.2829,28.8762],[-81.2821,28.8788],[-81.2795,28.8871],[-81.2778,28.893],[-81.2768,28.8989],[-81.2756,28.9021],[-81.2741,28.905],[-81.2738,28.9054],[-81.2728,28.9083],[-81.2718,28.9113],[-81.2715,28.9123],[-81.2696,28.9183],[-81.269,28.9192],[-81.2688,28.9197],[-81.2654,28.9305],[-81.2642,28.9342],[-81.2597,28.9486],[-81.2591,28.9504],[-81.2575,28.9553],[-81.2562,28.9596],[-81.254,28.9663],[-81.2491,28.9819],[-81.2486,28.9834],[-81.2485,28.9836],[-81.2482,28.9846],[-81.2469,28.9886],[-81.2435,28.9993],[-81.2421,29.0038],[-81.2397,29.0088],[-81.2317,29.0175],[-81.2316,29.0176],[-81.2121,29.038],[-81.1988,29.0523],[-81.1988,29.0526],[-81.2001,29.0541],[-81.2017,29.0601],[-81.2041,29.063],[-81.2169,29.063],[-81.2173,29.0999],[-81.213,29.1021],[-81.1546,29.1316],[-81.1488,29.1337],[-81.1443,29.135],[-81.1435,29.1358],[-81.1391,29.138],[-81.1363,29.139],[-81.1298,29.1412],[-81.1272,29.1419],[-81.1258,29.1422],[-81.1253,29.1425],[-81.1232,29.1435],[-81.1155,29.1475],[-81.1149,29.1478],[-81.114,29.1482],[-81.1119,29.1494],[-81.1079,29.1524],[-81.0954,29.1612],[-81.0947,29.1618],[-81.0909,29.1645],[-81.0907,29.164],[-81.0907,29.1638],[-81.0911,29.1613],[-81.0905,29.1588],[-81.0902,29.1588],[-81.0901,29.1585],[-81.0905,29.1581],[-81.0905,29.1579],[-81.0908,29.1576],[-81.0908,29.1572],[-81.09,29.1564],[-81.0899,29.1562],[-81.0895,29.1554],[-81.0891,29.1536],[-81.0869,29.1515],[-81.0877,29.1504],[-81.0857,29.1513],[-81.083,29.1524],[-81.0839,29.1557],[-81.084,29.156],[-81.0852,29.1609],[-81.0854,29.1614],[-81.0868,29.1662],[-81.083,29.1679],[-81.0827,29.168],[-81.0756,29.1555],[-81.0754,29.1553],[-81.074,29.1528],[-81.065,29.137],[-81.0614,29.1319],[-81.058,29.1289],[-81.0575,29.1285],[-81.0478,29.1226],[-81.0479,29.1221],[-81.0475,29.1218],[-81.0458,29.1208],[-81.0345,29.1139],[-81.0324,29.1121],[-81.0289,29.1059],[-81.0217,29.0913],[-81.0215,29.0909],[-81.0108,29.069],[-81.0088,29.0627],[-81.0073,29.0476],[-81.0069,29.0435],[-81.0064,29.041],[-81.0054,29.039],[-80.9922,29.019],[-80.9908,29.0168],[-80.9883,29.0129],[-80.9882,29.0127],[-80.9718,28.9876],[-80.9717,28.9875],[-80.9646,28.9767],[-80.959,28.9679],[-80.9509,28.9507],[-80.9442,28.9362],[-80.9393,28.9254],[-80.9358,28.9142],[-80.9328,28.9044],[-80.9308,28.8988],[-80.9261,28.8868],[-80.9215,28.8753],[-80.921,28.8754],[-80.9195,28.8713],[-80.9149,28.8432],[-80.8993,28.791],[-80.8996,28.791],[-80.944,28.7905],[-80.9602,28.7903],[-80.9679,28.7902],[-80.9673,28.7645],[-80.9653,28.6671],[-80.9649,28.627],[-80.9647,28.6244],[-80.9647,28.6134],[-80.9645,28.613],[-80.9672,28.6127],[-80.9742,28.6127],[-80.9804,28.6131],[-80.9873,28.613],[-80.9899,28.6139],[-80.9904,28.6165],[-80.99,28.6171],[-80.9873,28.6173],[-80.9869,28.6183],[-80.9886,28.6219],[-80.9883,28.6235],[-80.9891,28.6247],[-80.9896,28.6248],[-80.9942,28.6216],[-80.9961,28.6241],[-80.9985,28.6261],[-80.9997,28.6281],[-80.9982,28.6296],[-80.9982,28.6306],[-81.0,28.6303],[-81.0024,28.6314],[-81.0071,28.6363],[-81.007,28.6371],[-81.0051,28.6389],[-81.0026,28.6399],[-81.0013,28.6395],[-81.0012,28.6411],[-81.0033,28.645],[-81.0031,28.6481],[-81.0045,28.6495],[-81.0058,28.6518],[-81.0059,28.6532],[-81.0083,28.6588],[-81.0084,28.6601],[-81.0072,28.6635],[-81.011,28.6681],[-81.0141,28.6703],[-81.0205,28.6732],[-81.0213,28.6743],[-81.0212,28.6776],[-81.0216,28.6829],[-81.0213,28.6852],[-81.0199,28.6873],[-81.02,28.6885],[-81.017,28.6901],[-81.0164,28.6912],[-81.0166,28.693],[-81.0204,28.6978],[-81.0204,28.6996],[-81.0214,28.7011],[-81.0235,28.7025],[-81.0275,28.7046],[-81.0334,28.7081],[-81.0347,28.7094],[-81.0355,28.7122],[-81.0353,28.7142],[-81.0339,28.7167],[-81.0343,28.7191],[-81.0376,28.7202],[-81.0388,28.7216],[-81.0382,28.7227],[-81.0364,28.7225],[-81.036,28.7241],[-81.0372,28.7254],[-81.0414,28.7267],[-81.0407,28.7283],[-81.0416,28.7303],[-81.0577,28.7451],[-81.0611,28.75],[-81.0611,28.7567],[-81.0606,28.762],[-81.0531,28.7736],[-81.0555,28.7848],[-81.0566,28.7872],[-81.0571,28.7904],[-81.0592,28.7949],[-81.0634,28.7994],[-81.0674,28.803],[-81.0677,28.8053],[-81.0662,28.8081],[-81.0661,28.8101],[-81.0674,28.813],[-81.0706,28.8149],[-81.0732,28.8149],[-81.0747,28.8163],[-81.0753,28.8185],[-81.0761,28.8193],[-81.0782,28.8192],[-81.0797,28.8169],[-81.0832,28.8156],[-81.0853,28.8159],[-81.087,28.8183],[-81.0893,28.8205],[-81.0909,28.8235],[-81.0919,28.8247],[-81.0933,28.8248],[-81.0948,28.8239],[-81.096,28.8221],[-81.0973,28.8215],[-81.0987,28.8219],[-81.0995,28.8232],[-81.103,28.8244],[-81.1039,28.8253],[-81.1042,28.8279],[-81.1058,28.8285],[-81.1117,28.8282],[-81.1134,28.8267],[-81.1151,28.8261],[-81.1183,28.8265],[-81.1205,28.8257],[-81.1221,28.8237],[-81.1242,28.8223],[-81.1262,28.8214],[-81.1265,28.8204],[-81.1253,28.8193],[-81.1231,28.8141],[-81.1237,28.812],[-81.1248,28.8107],[-81.1304,28.807],[-81.1312,28.8057],[-81.1298,28.8043],[-81.1292,28.8023],[-81.1293,28.7995],[-81.1303,28.7985],[-81.1335,28.7984],[-81.1384,28.7974],[-81.1404,28.796],[-81.1389,28.7949],[-81.1373,28.7949],[-81.1356,28.7935],[-81.1362,28.7922],[-81.1379,28.7913],[-81.1444,28.7916],[-81.1489,28.7922],[-81.1539,28.7914],[-81.1564,28.7918],[-81.1604,28.7909],[-81.1643,28.7894],[-81.1671,28.7873],[-81.1697,28.7836],[-81.171,28.7831],[-81.1708,28.785],[-81.1716,28.786],[-81.1776,28.7859],[-81.1779,28.7851],[-81.1775,28.7829],[-81.1789,28.7819],[-81.1812,28.7829],[-81.1806,28.786],[-81.1795,28.7903],[-81.1801,28.7953],[-81.181,28.7966],[-81.1832,28.7975],[-81.1843,28.797],[-81.1863,28.7947],[-81.1882,28.7938],[-81.1904,28.7945],[-81.1913,28.7957],[-81.1922,28.7952],[-81.195,28.7923],[-81.1966,28.7918],[-81.1978,28.7923],[-81.1987,28.7945],[-81.2036,28.7968],[-81.2048,28.7988],[-81.208,28.8018],[-81.2091,28.8021],[-81.2102,28.8023],[-81.2104,28.8023],[-81.2105,28.8025],[-81.2126,28.8033],[-81.2137,28.8042],[-81.2143,28.8075],[-81.2163,28.8083],[-81.2167,28.8104],[-81.216,28.8117],[-81.2159,28.8144],[-81.2186,28.817],[-81.2213,28.8203],[-81.2246,28.8216],[-81.2229,28.8259],[-81.2229,28.8269],[-81.2257,28.8325],[-81.25,28.8331],[-81.2548,28.8332],[-81.273,28.8337],[-81.2895,28.8341],[-81.3041,28.8344],[-81.3096,28.8346],[-81.3198,28.8345],[-81.318,28.8364]]]}},{"type":"Feature","properties":{"geoid":"1203101","puma":"03101","name":"Duval County (Outer)--Jacksonville City (North & West) PUMA"},"geometry":{"type":"Polygon","coordinates":[[[-82.0493,30.2734],[-82.0492,30.2734],[-82.0375,30.2835],[-82.0153,30.3028],[-82.0115,30.3061],[-81.9741,30.34],[-81.955,30.3569],[-81.9522,30.3595],[-81.9355,30.374],[-81.9174,30.3905],[-81.9159,30.3916],[-81.8809,30.4228],[-81.8802,30.4236],[-81.8663,30.4363],[-81.866,30.4363],[-81.8433,30.4566],[-81.8345,30.4643],[-81.8312,30.4674],[-81.8095,30.4845],[-81.8019,30.4947],[-81.7949,30.5054],[-81.7917,30.5056],[-81.7816,30.5033],[-81.7653,30.5187],[-81.7637,30.5349],[-81.7561,30.5312],[-81.7496,30.5315],[-81.7469,30.5308],[-81.7458,30.5321],[-81.7433,30.532],[-81.7425,30.5331],[-81.7413,30.5333],[-81.7402,30.5345],[-81.7384,30.5346],[-81.7384,30.5362],[-81.7372,30.5368],[-81.7367,30.5386],[-81.7375,30.5404],[-81.7352,30.5421],[-81.7379,30.5426],[-81.7377,30.5434],[-81.7357,30.5449],[-81.7375,30.5459],[-81.7368,30.5471],[-81.7341,30.5462],[-81.7345,30.5478],[-81.7373,30.5484],[-81.7378,30.5499],[-81.7369,30.5506],[-81.7363,30.5526],[-81.7335,30.5515],[-81.7331,30.5523],[-81.7342,30.5535],[-81.7345,30.5565],[-81.7363,30.5561],[-81.7363,30.5571],[-81.7352,30.559],[-81.733,30.5586],[-81.7309,30.557],[-81.7298,30.5583],[-81.7318,30.5608],[-81.7309,30.5624],[-81.7283,30.5625],[-81.7274,30.5596],[-81.7268,30.5594],[-81.7256,30.5613],[-81.7252,30.5635],[-81.7279,30.5652],[-81.7291,30.5645],[-81.7291,30.5654],[-81.7262,30.5676],[-81.7258,30.5659],[-81.7232,30.5673],[-81.7225,30.5684],[-81.7224,30.5709],[-81.7219,30.5719],[-81.7204,30.5705],[-81.7177,30.5713],[-81.7159,30.5712],[-81.7135,30.5698],[-81.7115,30.5679],[-81.7106,30.5663],[-81.7096,30.5659],[-81.7081,30.5667],[-81.7039,30.5674],[-81.7038,30.5666],[-81.7051,30.5651],[-81.7046,30.5636],[-81.7026,30.5634],[-81.701,30.5639],[-81.7016,30.5659],[-81.7004,30.5668],[-81.6987,30.5693],[-81.6976,30.5696],[-81.6955,30.5673],[-81.6952,30.5659],[-81.6962,30.5638],[-81.6955,30.5632],[-81.6931,30.5641],[-81.6932,30.5665],[-81.6921,30.5672],[-81.6881,30.5663],[-81.6885,30.5643],[-81.6876,30.5628],[-81.6865,30.5627],[-81.6855,30.5649],[-81.6842,30.5664],[-81.6811,30.563],[-81.6776,30.5621],[-81.6764,30.5631],[-81.6749,30.5658],[-81.6741,30.5662],[-81.672,30.5646],[-81.6694,30.5633],[-81.6721,30.5623],[-81.6728,30.5597],[-81.6678,30.5607],[-81.6681,30.5572],[-81.6715,30.5572],[-81.6726,30.5561],[-81.6685,30.5548],[-81.6667,30.5517],[-81.6637,30.5508],[-81.6601,30.5516],[-81.6586,30.5528],[-81.6593,30.5539],[-81.6623,30.5546],[-81.6624,30.5572],[-81.6637,30.5586],[-81.661,30.5583],[-81.6616,30.5601],[-81.6609,30.5616],[-81.6594,30.5628],[-81.6596,30.5653],[-81.659,30.5666],[-81.6562,30.57],[-81.6549,30.5709],[-81.6511,30.5718],[-81.6505,30.573],[-81.6508,30.5755],[-81.6499,30.5766],[-81.6491,30.5768],[-81.646,30.5756],[-81.6458,30.5756],[-81.6436,30.5795],[-81.6419,30.5801],[-81.6402,30.5796],[-81.6386,30.5783],[-81.637,30.5783],[-81.6361,30.5806],[-81.6345,30.5818],[-81.6287,30.5835],[-81.6264,30.5855],[-81.6245,30.5862],[-81.6228,30.5841],[-81.6203,30.5822],[-81.617,30.5806],[-81.6144,30.5802],[-81.6138,30.5805],[-81.6094,30.5848],[-81.6079,30.5855],[-81.606,30.5855],[-81.6043,30.584],[-81.6069,30.5802],[-81.6105,30.5778],[-81.611,30.5759],[-81.6087,30.5749],[-81.605,30.5735],[-81.6033,30.5726],[-81.6016,30.5695],[-81.6015,30.5677],[-81.6036,30.5667],[-81.6077,30.5663],[-81.6131,30.5642],[-81.6142,30.5631],[-81.6135,30.5603],[-81.6121,30.5583],[-81.6102,30.5544],[-81.6073,30.5536],[-81.6057,30.5544],[-81.6042,30.5586],[-81.6018,30.5606],[-81.5987,30.5611],[-81.5972,30.5618],[-81.5921,30.5653],[-81.5898,30.5662],[-81.5865,30.5667],[-81.5844,30.566],[-81.5832,30.5645],[-81.5843,30.56],[-81.5857,30.5579],[-81.5867,30.5542],[-81.5888,30.5505],[-81.5889,30.549],[-81.5878,30.5467],[-81.5854,30.5442],[-81.5797,30.5395],[-81.5773,30.538],[-81.5678,30.5366],[-81.565,30.5375],[-81.5629,30.5391],[-81.5593,30.5425],[-81.5553,30.5445],[-81.5509,30.543],[-81.5507,30.5398],[-81.551,30.5348],[-81.5508,30.5316],[-81.5491,30.5284],[-81.547,30.5259],[-81.5441,30.5247],[-81.543,30.5239],[-81.5372,30.5241],[-81.5333,30.5251],[-81.5302,30.5263],[-81.5291,30.528],[-81.5263,30.5312],[-81.5252,30.5334],[-81.5214,30.5388],[-81.5199,30.5436],[-81.5198,30.5467],[-81.521,30.5505],[-81.5238,30.5563],[-81.5154,30.5658],[-81.514,30.5673],[-81.5027,30.5647],[-81.4996,30.5638],[-81.491,30.5546],[-81.4905,30.5511],[-81.488,30.5422],[-81.4844,30.5374],[-81.4799,30.5335],[-81.4598,30.5247],[-81.459,30.5242],[-81.4555,30.522],[-81.4559,30.5134],[-81.4437,30.4988],[-81.4324,30.4872],[-81.4156,30.4848],[-81.4132,30.4829],[-81.4124,30.4682],[-81.4102,30.4535],[-81.4083,30.4407],[-81.4081,30.4346],[-81.4125,30.4229],[-81.4037,30.4091],[-81.4037,30.4048],[-81.41,30.4035],[-81.4113,30.4024],[-81.4236,30.403],[-81.439,30.3865],[-81.4503,30.3809],[-81.4593,30.3839],[-81.4638,30.3871],[-81.4708,30.392],[-81.4909,30.3921],[-81.5017,30.3911],[-81.5052,30.3907],[-81.5073,30.3913],[-81.5126,30.3927],[-81.5366,30.3887],[-81.5382,30.3872],[-81.5383,30.3857],[-81.5517,30.3852],[-81.5556,30.3853],[-81.5568,30.3851],[-81.557,30.385],[-81.5604,30.3865],[-81.5653,30.3906],[-81.5688,30.3941],[-81.5753,30.4015],[-81.5801,30.4065],[-81.5821,30.4076],[-81.5833,30.4094],[-81.5886,30.4104],[-81.5969,30.4127],[-81.6012,30.4125],[-81.6012,30.4029],[-81.6131,30.4029],[-81.6238,30.392],[-81.6264,30.3869],[-81.6344,30.3896],[-81.6376,30.3907],[-81.6431,30.3948],[-81.648,30.3944],[-81.6506,30.3942],[-81.6569,30.3936],[-81.6593,30.3949],[-81.6592,30.3957],[-81.6655,30.4004],[-81.6656,30.4005],[-81.6738,30.4084],[-81.6736,30.4118],[-81.6734,30.4135],[-81.6745,30.4161],[-81.6751,30.4176],[-81.6803,30.4193],[-81.6827,30.4202],[-81.6892,30.4174],[-81.6968,30.4181],[-81.7113,30.4176],[-81.7163,30.419],[-81.7205,30.4179],[-81.7272,30.4182],[-81.7303,30.4211],[-81.7331,30.4197],[-81.7351,30.4212],[-81.7353,30.4214],[-81.7384,30.4176],[-81.74,30.4164],[-81.7476,30.4123],[-81.7506,30.4105],[-81.7526,30.4083],[-81.7511,30.4056],[-81.7446,30.3943],[-81.7325,30.3734],[-81.7338,30.3725],[-81.736,30.3735],[-81.7407,30.3737],[-81.7463,30.3708],[-81.7609,30.3668],[-81.7641,30.3655],[-81.7708,30.3618],[-81.7731,30.3632],[-81.7805,30.3675],[-81.7843,30.3694],[-81.7874,30.3674],[-81.7899,30.3672],[-81.7956,30.3683],[-81.8011,30.3652],[-81.8069,30.3638],[-81.8069,30.3487],[-81.8068,30.3461],[-81.8068,30.3422],[-81.8066,30.3313],[-81.815,30.3326],[-81.8171,30.3324],[-81.8284,30.3306],[-81.8299,30.3309],[-81.835,30.333],[-81.8487,30.3326],[-81.8503,30.3325],[-81.8574,30.3309],[-81.8613,30.3305],[-81.8614,30.3305],[-81.8599,30.3283],[-81.8544,30.3086],[-81.8528,30.3049],[-81.8507,30.3024],[-81.8486,30.3007],[-81.8425,30.2977],[-81.8417,30.2939],[-81.8379,30.2881],[-81.837,30.2796],[-81.8342,30.2741],[-81.8292,30.2671],[-81.8231,30.265],[-81.8204,30.2614],[-81.8194,30.2611],[-81.819,30.2609],[-81.8162,30.2598],[-81.815,30.2587],[-81.8111,30.2549],[-81.7982,30.2491],[-81.7981,30.2485],[-81.7969,30.2477],[-81.7969,30.2468],[-81.796,30.2462],[-81.7944,30.2455],[-81.7951,30.245],[-81.7952,30.2434],[-81.7942,30.2381],[-81.7939,30.233],[-81.7935,30.2257],[-81.7934,30.2256],[-81.7913,30.2237],[-81.7773,30.2116],[-81.7728,30.2039],[-81.769,30.1997],[-81.7682,30.1965],[-81.77,30.1938],[-81.7678,30.1915],[-81.7666,30.1911],[-81.7643,30.1893],[-81.7854,30.1892],[-81.7982,30.189],[-81.8027,30.1891],[-81.8086,30.189],[-81.8259,30.1887],[-81.826,30.1887],[-81.8265,30.1887],[-81.8295,30.1887],[-81.8376,30.1886],[-81.8377,30.1886],[-81.8427,30.1886],[-81.8457,30.1885],[-81.8459,30.1885],[-81.868,30.188],[-81.8907,30.1875],[-81.9013,30.1873],[-81.9204,30.1869],[-81.9555,30.1863],[-82.0185,30.1867],[-82.0203,30.1869],[-82.0494,30.1869],[-82.0493,30.2734]]]}},{"type":"Feature","properties":{"geoid":"1205199","puma":"05199","name":"Southeast Heartland--Hendry, Highlands (South & East), Glades, & Okeechobee Counties PUMA"},"geometry":{"type":"Polygon","coordinates":[[[-81.5665,26.7139],[-81.5665,26.7145],[-81.5664,26.7254],[-81.5663,26.7363],[-81.5657,26.7696],[-81.565,26.8574],[-81.5637,26.9435],[-81.5638,26.945],[-81.5625,27.0337],[-81.5626,27.0338],[-81.5625,27.0374],[-81.5626,27.038],[-81.5625,27.0697],[-81.5623,27.0715],[-81.5626,27.1211],[-81.5631,27.2096],[-81.5576,27.2092],[-81.5347,27.2091],[-81.5004,27.2089],[-81.4923,27.2088],[-81.4725,27.2087],[-81.4665,27.2091],[-81.4618,27.2092],[-81.3796,27.2086],[-81.3613,27.2085],[-81.3586,27.2089],[-81.3518,27.211],[-81.3489,27.2112],[-81.3459,27.2104],[-81.339,27.2085],[-81.3286,27.2084],[-81.3081,27.2083],[-81.1691,27.2096],[-81.1493,27.2098],[-81.1485,27.2098],[-81.1493,27.2099],[-81.1494,27.2104],[-81.1735,27.238],[-81.1785,27.2438],[-81.1834,27.2493],[-81.1858,27.2525],[-81.1895,27.2525],[-81.1892,27.2666],[-81.1847,27.2664],[-81.1828,27.2665],[-81.1825,27.2672],[-81.1911,27.2709],[-81.202,27.2746],[-81.2051,27.2757],[-81.2213,27.2943],[-81.2345,27.3122],[-81.2354,27.3133],[-81.2523,27.3301],[-81.2537,27.3317],[-81.255,27.334],[-81.2891,27.3176],[-81.3117,27.3101],[-81.3133,27.3095],[-81.3134,27.3068],[-81.3181,27.3068],[-81.3181,27.2964],[-81.332,27.3033],[-81.3338,27.3036],[-81.3343,27.3036],[-81.3485,27.3035],[-81.3497,27.3029],[-81.353,27.2999],[-81.3558,27.2977],[-81.3585,27.2972],[-81.3587,27.3109],[-81.3589,27.3122],[-81.3597,27.3139],[-81.3606,27.3151],[-81.3619,27.3166],[-81.3623,27.317],[-81.3628,27.3166],[-81.364,27.3177],[-81.3637,27.3181],[-81.3649,27.319],[-81.3674,27.3206],[-81.3693,27.3219],[-81.3745,27.3256],[-81.3751,27.3259],[-81.3776,27.3277],[-81.3821,27.3308],[-81.3837,27.3325],[-81.3856,27.3361],[-81.3867,27.343],[-81.3883,27.3531],[-81.389,27.3549],[-81.3896,27.3561],[-81.3988,27.3693],[-81.4015,27.3732],[-81.4016,27.3733],[-81.3979,27.3738],[-81.3974,27.3731],[-81.393,27.3741],[-81.393,27.3748],[-81.391,27.375],[-81.3889,27.3764],[-81.3867,27.3764],[-81.3839,27.3782],[-81.38,27.3817],[-81.3792,27.3859],[-81.3778,27.3871],[-81.3769,27.3906],[-81.3777,27.393],[-81.3777,27.3949],[-81.3754,27.3966],[-81.3743,27.3961],[-81.3738,27.3971],[-81.37,27.3996],[-81.3682,27.4004],[-81.3664,27.4002],[-81.3649,27.399],[-81.3635,27.3994],[-81.3616,27.3979],[-81.3608,27.3957],[-81.3575,27.3958],[-81.3553,27.3943],[-81.3524,27.3937],[-81.352,27.3934],[-81.3478,27.3943],[-81.3462,27.3952],[-81.344,27.3956],[-81.3437,27.3962],[-81.341,27.3954],[-81.3351,27.3957],[-81.3267,27.396],[-81.326,27.3989],[-81.3254,27.4028],[-81.325,27.4099],[-81.3262,27.4181],[-81.3262,27.423],[-81.3247,27.4254],[-81.3225,27.4301],[-81.3231,27.4336],[-81.3658,27.4344],[-81.367,27.4344],[-81.3663,27.4354],[-81.3657,27.4359],[-81.3653,27.4365],[-81.3654,27.437],[-81.3654,27.4378],[-81.3657,27.4425],[-81.3306,27.4432],[-81.3304,27.4458],[-81.3297,27.457],[-81.3297,27.4696],[-81.341,27.4696],[-81.3412,27.4697],[-81.3451,27.4663],[-81.3487,27.4667],[-81.3515,27.4641],[-81.3534,27.4611],[-81.3598,27.4525],[-81.3634,27.4485],[-81.3659,27.4476],[-81.3681,27.4476],[-81.371,27.4485],[-81.3765,27.4526],[-81.4008,27.4714],[-81.409,27.4787],[-81.4131,27.4823],[-81.417,27.4857],[-81.417,27.4868],[-81.417,27.4898],[-81.4129,27.4896],[-81.3927,27.4881],[-81.3737,27.4867],[-81.3539,27.4855],[-81.3519,27.4849],[-81.3312,27.48],[-81.3227,27.4781],[-81.323,27.4789],[-81.3266,27.4813],[-81.3282,27.4839],[-81.3317,27.4849],[-81.3334,27.4861],[-81.3349,27.4881],[-81.334,27.4888],[-81.3365,27.4923],[-81.3347,27.4935],[-81.3371,27.4948],[-81.3385,27.4947],[-81.3379,27.4937],[-81.3401,27.4943],[-81.3408,27.4975],[-81.3417,27.4974],[-81.343,27.4985],[-81.3432,27.4975],[-81.3443,27.4976],[-81.346,27.4995],[-81.3463,27.5012],[-81.3489,27.5015],[-81.3496,27.5008],[-81.3516,27.5025],[-81.3506,27.5031],[-81.351,27.505],[-81.3531,27.5059],[-81.3542,27.5047],[-81.3557,27.5063],[-81.3566,27.5096],[-81.3579,27.5109],[-81.3572,27.5119],[-81.3584,27.5119],[-81.3581,27.5145],[-81.3587,27.5157],[-81.3609,27.5154],[-81.3613,27.517],[-81.36,27.5176],[-81.3594,27.5164],[-81.3582,27.5175],[-81.3591,27.5201],[-81.3587,27.5222],[-81.3592,27.5236],[-81.3588,27.5267],[-81.3611,27.5296],[-81.3598,27.5323],[-81.3617,27.5331],[-81.3622,27.5352],[-81.3606,27.5357],[-81.3596,27.5377],[-81.3602,27.5418],[-81.3622,27.5458],[-81.3623,27.5468],[-81.3605,27.5472],[-81.3583,27.5475],[-81.3577,27.5494],[-81.3562,27.5498],[-81.3551,27.5508],[-81.3547,27.5514],[-81.3545,27.5522],[-81.3537,27.5526],[-81.3538,27.5547],[-81.3545,27.555],[-81.354,27.5558],[-81.3544,27.5562],[-81.354,27.557],[-81.3546,27.5577],[-81.3539,27.558],[-81.3532,27.5587],[-81.353,27.56],[-81.3531,27.5604],[-81.354,27.5614],[-81.3531,27.5621],[-81.3526,27.5632],[-81.35,27.5649],[-81.3485,27.5642],[-81.3478,27.5643],[-81.3467,27.5654],[-81.3444,27.5698],[-81.344,27.5716],[-81.3426,27.5738],[-81.3412,27.5765],[-81.3419,27.5772],[-81.3443,27.5753],[-81.3476,27.576],[-81.3481,27.5766],[-81.3482,27.5796],[-81.3458,27.584],[-81.3478,27.5849],[-81.3461,27.5883],[-81.3493,27.5887],[-81.3502,27.5904],[-81.3491,27.5925],[-81.3496,27.5953],[-81.3506,27.5969],[-81.3521,27.597],[-81.3535,27.5979],[-81.3563,27.5979],[-81.3558,27.5997],[-81.3566,27.6013],[-81.3588,27.6021],[-81.3585,27.6036],[-81.3598,27.6048],[-81.3596,27.6068],[-81.3589,27.6072],[-81.3603,27.6087],[-81.3632,27.6096],[-81.3644,27.611],[-81.3642,27.6122],[-81.3656,27.6141],[-81.364,27.6143],[-81.3642,27.6157],[-81.3655,27.6171],[-81.3657,27.6201],[-81.3675,27.6231],[-81.3655,27.625],[-81.3678,27.6251],[-81.3669,27.6268],[-81.368,27.6272],[-81.3685,27.6284],[-81.3698,27.6293],[-81.3688,27.6303],[-81.3688,27.6309],[-81.3698,27.6314],[-81.3702,27.6323],[-81.3692,27.6332],[-81.3676,27.6355],[-81.3675,27.6368],[-81.3656,27.6379],[-81.364,27.6391],[-81.3631,27.6412],[-81.363,27.6426],[-81.3615,27.6442],[-81.3616,27.6465],[-81.3551,27.6465],[-81.3364,27.6464],[-81.3119,27.6462],[-81.2072,27.6443],[-81.1422,27.6432],[-81.1236,27.6431],[-81.0684,27.6424],[-81.0656,27.6422],[-81.0229,27.642],[-80.8997,27.6423],[-80.8731,27.6423],[-80.867,27.6424],[-80.8638,27.6421],[-80.8587,27.6423],[-80.8535,27.6423],[-80.778,27.6432],[-80.7775,27.6204],[-80.7772,27.5587],[-80.7498,27.5589],[-80.745,27.5587],[-80.7443,27.5586],[-80.6869,27.5584],[-80.6798,27.5585],[-80.6797,27.5576],[-80.6797,27.5008],[-80.6795,27.4989],[-80.679,27.4718],[-80.6793,27.4557],[-80.6786,27.4486],[-80.678,27.3526],[-80.6778,27.3021],[-80.6777,27.2941],[-80.6787,27.294],[-80.6783,27.2503],[-80.678,27.2445],[-80.6779,27.206],[-80.6777,27.1593],[-80.6777,27.1585],[-80.6774,27.1216],[-80.6838,27.1163],[-80.6856,27.1147],[-80.8856,26.9589],[-80.8859,26.7692],[-80.886,26.7453],[-80.886,26.7448],[-80.886,26.7437],[-80.886,26.7386],[-80.8858,26.6961],[-80.886,26.6529],[-80.886,26.6527],[-80.8858,26.6092],[-80.885,26.565],[-80.8843,26.5282],[-80.8842,26.522],[-80.883,26.4649],[-80.8831,26.4623],[-80.88,26.3461],[-80.8819,26.3461],[-80.8818,26.3338],[-80.8813,26.3338],[-80.8812,26.3315],[-80.8812,26.3294],[-80.8797,26.2593],[-81.1068,26.256],[-81.2682,26.2531],[-81.2719,26.4226],[-81.272,26.4579],[-81.2721,26.4582],[-81.2718,26.4633],[-81.2718,26.5171],[-81.2834,26.517],[-81.3863,26.5161],[-81.3865,26.5161],[-81.4351,26.5156],[-81.4513,26.5155],[-81.4663,26.5138],[-81.5638,26.5133],[-81.5638,26.5183],[-81.5638,26.5185],[-81.5642,26.5425],[-81.5646,26.5639],[-81.5649,26.5863],[-81.5651,26.6003],[-81.5651,26.6006],[-81.5657,26.6355],[-81.5658,26.6441],[-81.5661,26.6728],[-81.5663,26.6872],[-81.5664,26.6959],[-81.5665,26.7095],[-81.5665,26.7139]]]}},{"type":"Feature","properties":{"geoid":"1209702","puma":"09702","name":"Osceola County (East) PUMA"},"geometry":{"type":"Polygon","coordinates":[[[-81.4601,28.0503],[-81.4584,28.051],[-81.4596,28.0517],[-81.4582,28.0517],[-81.4586,28.0531],[-81.4574,28.0551],[-81.4536,28.0576],[-81.4506,28.0567],[-81.4494,28.0571],[-81.4434,28.0592],[-81.4434,28.0588],[-81.4401,28.0583],[-81.4385,28.057],[-81.4354,28.0529],[-81.4346,28.05],[-81.434,28.0459],[-81.4325,28.0433],[-81.4309,28.042],[-81.4297,28.0425],[-81.4276,28.0413],[-81.4283,28.0406],[-81.428,28.0393],[-81.4257,28.0393],[-81.424,28.0404],[-81.4232,28.0386],[-81.4179,28.038],[-81.4147,28.0365],[-81.4108,28.0336],[-81.41,28.032],[-81.4077,28.0297],[-81.4058,28.029],[-81.4027,28.0293],[-81.3998,28.0289],[-81.3972,28.0294],[-81.394,28.028],[-81.3935,28.0248],[-81.3927,28.0243],[-81.3925,28.0213],[-81.3921,28.0196],[-81.3908,28.0197],[-81.3874,28.0176],[-81.3857,28.0172],[-81.3825,28.0124],[-81.3815,28.013],[-81.3787,28.0117],[-81.3785,28.0134],[-81.3776,28.0134],[-81.3765,28.0158],[-81.3779,28.0174],[-81.3792,28.0212],[-81.379,28.022],[-81.3761,28.0247],[-81.3752,28.0269],[-81.3759,28.0286],[-81.3756,28.0297],[-81.3724,28.0319],[-81.3686,28.0344],[-81.3675,28.0346],[-81.3674,28.0363],[-81.3653,28.0374],[-81.3637,28.0378],[-81.3634,28.04],[-81.3626,28.0405],[-81.3629,28.0422],[-81.3618,28.0437],[-81.3645,28.0469],[-81.3638,28.0495],[-81.3644,28.0516],[-81.3642,28.0529],[-81.3651,28.0552],[-81.3641,28.0569],[-81.3643,28.0583],[-81.3654,28.0596],[-81.3656,28.0608],[-81.3668,28.0617],[-81.3663,28.0636],[-81.3651,28.0649],[-81.3657,28.0661],[-81.365,28.0682],[-81.3624,28.07],[-81.3604,28.0684],[-81.3535,28.0671],[-81.3532,28.0677],[-81.3503,28.0685],[-81.3488,28.0677],[-81.3463,28.0697],[-81.3465,28.0731],[-81.3467,28.0753],[-81.3472,28.0763],[-81.3473,28.0803],[-81.3487,28.0815],[-81.3478,28.0839],[-81.3464,28.0847],[-81.3458,28.0855],[-81.3452,28.0848],[-81.3468,28.0837],[-81.346,28.0824],[-81.3465,28.081],[-81.3444,28.0816],[-81.3438,28.0847],[-81.3446,28.0856],[-81.345,28.0862],[-81.3519,28.1389],[-81.3515,28.1403],[-81.3657,28.164],[-81.3669,28.1641],[-81.3873,28.1788],[-81.3895,28.1802],[-81.3915,28.1826],[-81.3934,28.1863],[-81.3961,28.1948],[-81.3983,28.1999],[-81.3986,28.2018],[-81.3981,28.2058],[-81.3969,28.2094],[-81.3948,28.2181],[-81.3941,28.2196],[-81.3922,28.2257],[-81.3917,28.2306],[-81.3903,28.233],[-81.3826,28.2362],[-81.3797,28.2378],[-81.3719,28.2408],[-81.3699,28.241],[-81.3681,28.2402],[-81.3588,28.2348],[-81.3546,28.2335],[-81.352,28.2298],[-81.3494,28.2274],[-81.3463,28.2295],[-81.3449,28.2296],[-81.3405,28.231],[-81.3395,28.2323],[-81.3355,28.2406],[-81.3354,28.2408],[-81.3328,28.2457],[-81.3327,28.2461],[-81.3317,28.2482],[-81.3301,28.2513],[-81.3299,28.2517],[-81.3297,28.2519],[-81.331,28.2558],[-81.3332,28.2653],[-81.3348,28.2731],[-81.3356,28.2762],[-81.3367,28.2788],[-81.3388,28.2822],[-81.3412,28.2849],[-81.3469,28.2893],[-81.3495,28.291],[-81.3472,28.2919],[-81.3458,28.2925],[-81.3444,28.2925],[-81.3445,28.2954],[-81.3367,28.2956],[-81.3346,28.2956],[-81.3345,28.3042],[-81.3244,28.3043],[-81.3233,28.3039],[-81.3226,28.3034],[-81.322,28.3021],[-81.3204,28.3021],[-81.3201,28.3015],[-81.3146,28.3014],[-81.3088,28.3015],[-81.3,28.3024],[-81.2847,28.2938],[-81.2846,28.2947],[-81.2831,28.2963],[-81.2812,28.2976],[-81.2752,28.3024],[-81.2703,28.3052],[-81.269,28.3064],[-81.2629,28.3128],[-81.2579,28.3185],[-81.2561,28.3229],[-81.2547,28.324],[-81.2508,28.3268],[-81.2479,28.3297],[-81.2481,28.331],[-81.246,28.3343],[-81.2398,28.3363],[-81.2382,28.3372],[-81.2381,28.3374],[-81.234,28.34],[-81.2282,28.34],[-81.2282,28.3427],[-81.2287,28.3443],[-81.2294,28.3455],[-81.2322,28.3482],[-81.2319,28.3482],[-81.22,28.3481],[-81.2111,28.3481],[-81.1982,28.3481],[-81.1742,28.3482],[-81.0996,28.3481],[-81.0947,28.3481],[-81.0232,28.3477],[-80.9998,28.3486],[-80.9944,28.3485],[-80.9491,28.3477],[-80.9406,28.3478],[-80.9396,28.3477],[-80.9253,28.3477],[-80.8629,28.3475],[-80.8628,28.3472],[-80.8614,28.2522],[-80.8616,28.2466],[-80.8616,28.2387],[-80.8628,28.0919],[-80.8629,28.0847],[-80.8693,28.0847],[-80.8693,28.0651],[-80.8701,28.0571],[-80.8695,28.0485],[-80.8697,28.0264],[-80.8699,27.9944],[-80.87,27.9826],[-80.8696,27.9779],[-80.8694,27.964],[-80.8694,27.9489],[-80.8694,27.9474],[-80.8696,27.945],[-80.8689,27.8225],[-80.8816,27.8225],[-80.8815,27.822],[-80.8808,27.7749],[-80.8801,27.7337],[-80.8748,27.7337],[-80.8738,27.7339],[-80.8736,27.6997],[-80.8735,27.6835],[-80.8734,27.665],[-80.8731,27.6423],[-80.8997,27.6423],[-81.0229,27.642],[-81.0656,27.6422],[-81.0684,27.6424],[-81.1236,27.6431],[-81.1422,27.6432],[-81.1401,27.6467],[-81.1373,27.647],[-81.1373,27.6453],[-81.1382,27.6444],[-81.1368,27.6443],[-81.1338,27.6472],[-81.1346,27.6476],[-81.1339,27.6491],[-81.1326,27.6474],[-81.1317,27.649],[-81.1312,27.6514],[-81.132,27.6538],[-81.131,27.6593],[-81.1318,27.6615],[-81.1341,27.6621],[-81.1351,27.6632],[-81.1376,27.6642],[-81.1403,27.6676],[-81.1419,27.6688],[-81.142,27.6703],[-81.143,27.6709],[-81.1434,27.6694],[-81.1443,27.6697],[-81.1451,27.6747],[-81.1443,27.6764],[-81.1454,27.6774],[-81.1447,27.6795],[-81.1467,27.6817],[-81.1449,27.6822],[-81.1462,27.6865],[-81.1477,27.689],[-81.1467,27.6905],[-81.1472,27.6915],[-81.149,27.692],[-81.1473,27.6958],[-81.1486,27.6982],[-81.1501,27.6993],[-81.1498,27.7002],[-81.148,27.6992],[-81.1493,27.7031],[-81.1476,27.7041],[-81.1476,27.7055],[-81.1459,27.7065],[-81.1468,27.7091],[-81.146,27.7105],[-81.1489,27.7128],[-81.1507,27.7157],[-81.1507,27.7176],[-81.1521,27.7164],[-81.1526,27.7183],[-81.1568,27.7188],[-81.159,27.7185],[-81.16,27.7193],[-81.1608,27.7238],[-81.1631,27.7244],[-81.1655,27.7242],[-81.1671,27.7231],[-81.167,27.7244],[-81.1688,27.7263],[-81.1682,27.7283],[-81.167,27.7289],[-81.1682,27.7296],[-81.1686,27.7322],[-81.1671,27.7328],[-81.1666,27.7347],[-81.1651,27.7345],[-81.1644,27.736],[-81.1649,27.7387],[-81.165,27.7424],[-81.1664,27.743],[-81.1679,27.7422],[-81.1718,27.7432],[-81.1706,27.7438],[-81.1706,27.7454],[-81.172,27.7472],[-81.1729,27.7474],[-81.1745,27.7456],[-81.176,27.7485],[-81.1754,27.7493],[-81.1773,27.7515],[-81.1785,27.7519],[-81.179,27.7559],[-81.178,27.7589],[-81.1743,27.7594],[-81.1731,27.7592],[-81.1732,27.7613],[-81.1742,27.7622],[-81.175,27.7644],[-81.1791,27.7658],[-81.1782,27.7705],[-81.1808,27.7699],[-81.1808,27.7737],[-81.1825,27.7745],[-81.1847,27.7729],[-81.1875,27.775],[-81.1874,27.7765],[-81.1857,27.7782],[-81.186,27.779],[-81.1894,27.7823],[-81.1896,27.7853],[-81.1912,27.7863],[-81.1932,27.788],[-81.1943,27.7898],[-81.1963,27.7908],[-81.1972,27.7924],[-81.1975,27.795],[-81.1988,27.7975],[-81.2005,27.7974],[-81.2002,27.8006],[-81.2007,27.8037],[-81.2018,27.805],[-81.2038,27.8088],[-81.204,27.8105],[-81.2049,27.8102],[-81.2067,27.8123],[-81.2099,27.8172],[-81.2092,27.8176],[-81.21,27.8192],[-81.2081,27.8211],[-81.2131,27.8234],[-81.2156,27.8268],[-81.2144,27.8285],[-81.2153,27.8297],[-81.2208,27.8349],[-81.2236,27.8362],[-81.2295,27.8418],[-81.2333,27.8437],[-81.2348,27.8437],[-81.2381,27.8458],[-81.2413,27.8472],[-81.2417,27.8457],[-81.2465,27.8488],[-81.2477,27.8478],[-81.2488,27.8449],[-81.2507,27.8437],[-81.2514,27.8446],[-81.2512,27.8469],[-81.2502,27.8484],[-81.2542,27.8488],[-81.2557,27.8475],[-81.2591,27.846],[-81.2585,27.8482],[-81.2608,27.847],[-81.2652,27.8476],[-81.2666,27.8484],[-81.2729,27.8502],[-81.2761,27.8505],[-81.2791,27.852],[-81.2802,27.8543],[-81.2815,27.8558],[-81.2813,27.8575],[-81.2896,27.8573],[-81.292,27.8576],[-81.2971,27.8596],[-81.2979,27.8609],[-81.3021,27.8624],[-81.3015,27.8652],[-81.2989,27.8625],[-81.2974,27.8623],[-81.2977,27.8635],[-81.3034,27.8704],[-81.3055,27.875],[-81.3059,27.8775],[-81.3045,27.8799],[-81.3046,27.8813],[-81.3061,27.8862],[-81.3081,27.8897],[-81.312,27.8943],[-81.3141,27.8981],[-81.3149,27.9012],[-81.3148,27.9038],[-81.3139,27.9047],[-81.3126,27.9082],[-81.3124,27.9099],[-81.3092,27.9153],[-81.3084,27.9208],[-81.3087,27.9219],[-81.3124,27.9253],[-81.3144,27.9258],[-81.3156,27.9282],[-81.3179,27.9287],[-81.3188,27.9281],[-81.3176,27.9267],[-81.3171,27.9247],[-81.3178,27.9243],[-81.3191,27.9254],[-81.3281,27.9288],[-81.3334,27.9304],[-81.3383,27.9334],[-81.3387,27.9313],[-81.3414,27.9325],[-81.3438,27.936],[-81.3458,27.9358],[-81.3471,27.9373],[-81.3476,27.9389],[-81.3459,27.9415],[-81.3435,27.9414],[-81.339,27.9399],[-81.3384,27.9392],[-81.3385,27.94],[-81.3367,27.9453],[-81.3367,27.9496],[-81.3375,27.9507],[-81.3405,27.9509],[-81.3428,27.953],[-81.3436,27.9523],[-81.3479,27.9531],[-81.3498,27.9539],[-81.3485,27.9555],[-81.348,27.961],[-81.3498,27.9638],[-81.3651,27.9729],[-81.3687,27.9738],[-81.3691,27.9761],[-81.3706,27.9779],[-81.3713,27.9778],[-81.373,27.977],[-81.375,27.9782],[-81.3765,27.9783],[-81.377,27.9839],[-81.3793,27.983],[-81.381,27.9834],[-81.3818,27.986],[-81.3805,27.9883],[-81.3785,27.9885],[-81.3827,27.9978],[-81.3834,27.9972],[-81.3848,27.9996],[-81.3858,27.9994],[-81.3861,28.0016],[-81.387,28.0036],[-81.3925,28.0046],[-81.3982,28.003],[-81.4022,28.0025],[-81.4037,28.0028],[-81.4089,28.001],[-81.4135,28.0008],[-81.4146,27.9999],[-81.4143,27.9986],[-81.4156,27.9982],[-81.42,28.0018],[-81.4217,28.0047],[-81.4223,28.0074],[-81.4242,28.0107],[-81.4245,28.0125],[-81.4249,28.0139],[-81.4268,28.0171],[-81.4281,28.0215],[-81.4286,28.0188],[-81.4292,28.021],[-81.4325,28.0224],[-81.4355,28.0267],[-81.4371,28.0307],[-81.4403,28.0339],[-81.4426,28.0332],[-81.4451,28.0332],[-81.4483,28.0323],[-81.4516,28.0342],[-81.4523,28.0353],[-81.4557,28.0388],[-81.4588,28.0401],[-81.4585,28.0418],[-81.4598,28.045],[-81.4595,28.0499],[-81.4601,28.0503]]]}},{"type":"Feature","properties":{"geoid":"1205300","puma":"05300","name":"Hernando County PUMA"},"geometry":{"type":"Polygon","coordinates":[[[-82.6812,28.4642],[-82.6797,28.4663],[-82.6736,28.4683],[-82.67,28.4683],[-82.6667,28.4756],[-82.6679,28.478],[-82.6651,28.4844],[-82.6645,28.4888],[-82.667,28.4897],[-82.6681,28.492],[-82.6682,28.4924],[-82.6689,28.4939],[-82.668,28.4952],[-82.6673,28.496],[-82.6664,28.4973],[-82.6668,28.4977],[-82.6701,28.5008],[-82.6775,28.4995],[-82.6782,28.4993],[-82.678,28.4995],[-82.6689,28.5077],[-82.6697,28.5112],[-82.6694,28.5199],[-82.668,28.5282],[-82.6637,28.5302],[-82.6593,28.5315],[-82.6549,28.5327],[-82.6528,28.5378],[-82.6567,28.5448],[-82.6623,28.55],[-82.6631,28.5508],[-82.6616,28.5541],[-82.6568,28.554],[-82.6523,28.5522],[-82.6511,28.557],[-82.6564,28.568],[-82.6567,28.5686],[-82.6567,28.5687],[-82.6555,28.5731],[-82.656,28.5746],[-82.6562,28.5754],[-82.655,28.576],[-82.6548,28.5761],[-82.6534,28.5768],[-82.6459,28.5805],[-82.6443,28.5842],[-82.6492,28.5876],[-82.6478,28.5894],[-82.6481,28.5907],[-82.654,28.5915],[-82.6554,28.5923],[-82.6563,28.6005],[-82.6554,28.6044],[-82.6568,28.6054],[-82.6627,28.605],[-82.6637,28.6054],[-82.6635,28.6067],[-82.6539,28.6135],[-82.6533,28.6163],[-82.6599,28.6222],[-82.6658,28.6231],[-82.666,28.6264],[-82.671,28.6287],[-82.6711,28.6311],[-82.6726,28.6369],[-82.6729,28.6412],[-82.6716,28.6426],[-82.6692,28.644],[-82.668,28.6475],[-82.6725,28.6513],[-82.6777,28.6548],[-82.6753,28.661],[-82.6713,28.6613],[-82.668,28.6632],[-82.6696,28.6661],[-82.6694,28.6692],[-82.662,28.6673],[-82.6585,28.6707],[-82.6551,28.6749],[-82.6551,28.6805],[-82.6601,28.6826],[-82.668,28.6833],[-82.6693,28.6854],[-82.6663,28.6888],[-82.6673,28.6917],[-82.6746,28.6939],[-82.6746,28.6941],[-82.607,28.6945],[-82.5686,28.6947],[-82.554,28.6946],[-82.5526,28.6946],[-82.5524,28.6946],[-82.5507,28.6947],[-82.5074,28.6947],[-82.5071,28.6947],[-82.4514,28.6948],[-82.4184,28.6949],[-82.4181,28.6733],[-82.4178,28.6659],[-82.4084,28.6658],[-82.3888,28.6657],[-82.3599,28.666],[-82.3434,28.6663],[-82.3227,28.6669],[-82.2772,28.6669],[-82.2743,28.6669],[-82.2684,28.6669],[-82.2631,28.6676],[-82.2678,28.6628],[-82.2665,28.6607],[-82.2677,28.6601],[-82.2712,28.6614],[-82.274,28.6607],[-82.2746,28.6589],[-82.2748,28.6562],[-82.2736,28.6538],[-82.2705,28.6502],[-82.267,28.6481],[-82.2641,28.6481],[-82.2609,28.647],[-82.2585,28.6475],[-82.2585,28.6487],[-82.2568,28.6488],[-82.2567,28.6456],[-82.2575,28.6446],[-82.2596,28.6426],[-82.2599,28.6415],[-82.2596,28.6396],[-82.2607,28.6367],[-82.2602,28.635],[-82.2584,28.6335],[-82.2555,28.6327],[-82.2521,28.6291],[-82.2505,28.6301],[-82.2481,28.6295],[-82.2471,28.6272],[-82.2461,28.6269],[-82.2458,28.6247],[-82.2472,28.6238],[-82.2474,28.6225],[-82.2463,28.6201],[-82.2429,28.6192],[-82.2425,28.6183],[-82.2433,28.616],[-82.2416,28.6146],[-82.2419,28.613],[-82.2398,28.6134],[-82.2382,28.6125],[-82.2367,28.6104],[-82.2342,28.6087],[-82.2346,28.6056],[-82.2328,28.6028],[-82.233,28.6005],[-82.2287,28.6007],[-82.2278,28.5999],[-82.2276,28.5984],[-82.2249,28.5969],[-82.2241,28.5954],[-82.2217,28.5934],[-82.2213,28.5901],[-82.2206,28.5861],[-82.2193,28.5827],[-82.2173,28.5803],[-82.2153,28.5769],[-82.2137,28.5754],[-82.2082,28.5721],[-82.207,28.5719],[-82.207,28.572],[-82.2061,28.5722],[-82.2052,28.5723],[-82.2042,28.5723],[-82.2027,28.5722],[-82.2019,28.5722],[-82.2014,28.5723],[-82.2005,28.5727],[-82.2002,28.5727],[-82.1989,28.573],[-82.1984,28.5742],[-82.1965,28.5757],[-82.1936,28.5749],[-82.1926,28.5739],[-82.192,28.5748],[-82.1904,28.5729],[-82.1899,28.5735],[-82.1877,28.5731],[-82.187,28.5724],[-82.1873,28.57],[-82.188,28.5695],[-82.1866,28.5686],[-82.1848,28.5703],[-82.1832,28.5682],[-82.1814,28.568],[-82.1806,28.5689],[-82.1773,28.5684],[-82.1766,28.5677],[-82.1728,28.567],[-82.1729,28.5661],[-82.1705,28.5661],[-82.1682,28.567],[-82.1668,28.564],[-82.1652,28.5641],[-82.1624,28.568],[-82.1595,28.5695],[-82.1575,28.5701],[-82.1582,28.5715],[-82.1562,28.5734],[-82.1553,28.5727],[-82.1516,28.5706],[-82.1492,28.5704],[-82.1451,28.5678],[-82.1436,28.5659],[-82.138,28.5655],[-82.1375,28.5651],[-82.1382,28.564],[-82.1364,28.5622],[-82.1355,28.5602],[-82.1358,28.5589],[-82.1351,28.5578],[-82.1353,28.5563],[-82.132,28.5513],[-82.1315,28.5482],[-82.1307,28.5464],[-82.1298,28.5463],[-82.1286,28.5449],[-82.1263,28.5446],[-82.1247,28.5434],[-82.1191,28.5407],[-82.1169,28.5407],[-82.1151,28.5425],[-82.1122,28.5441],[-82.1094,28.5438],[-82.1072,28.5409],[-82.1047,28.5347],[-82.1032,28.533],[-82.1002,28.5308],[-82.0985,28.5289],[-82.0966,28.5247],[-82.095,28.5236],[-82.0919,28.5233],[-82.0869,28.5246],[-82.0858,28.5271],[-82.0836,28.5282],[-82.0806,28.5281],[-82.0785,28.5292],[-82.0761,28.5298],[-82.0725,28.5315],[-82.0703,28.5319],[-82.0678,28.5314],[-82.0652,28.53],[-82.0617,28.5272],[-82.0584,28.5254],[-82.0545,28.5214],[-82.0547,28.4784],[-82.1479,28.4784],[-82.1528,28.4784],[-82.1552,28.4784],[-82.1626,28.4784],[-82.1783,28.4785],[-82.196,28.4785],[-82.1993,28.4785],[-82.2003,28.4785],[-82.2041,28.4787],[-82.2066,28.4786],[-82.2519,28.4788],[-82.2533,28.4785],[-82.2533,28.4568],[-82.2534,28.4348],[-82.2698,28.4348],[-82.2812,28.4348],[-82.3028,28.4349],[-82.3194,28.4349],[-82.3203,28.4348],[-82.3708,28.4341],[-82.3872,28.4341],[-82.4024,28.434],[-82.4529,28.4338],[-82.4592,28.4337],[-82.4619,28.4338],[-82.4678,28.4338],[-82.4694,28.4338],[-82.485,28.4337],[-82.4851,28.4337],[-82.5085,28.4337],[-82.5188,28.4337],[-82.5279,28.4337],[-82.5461,28.4338],[-82.5487,28.4338],[-82.5513,28.4338],[-82.5667,28.4338],[-82.5678,28.4338],[-82.5681,28.4338],[-82.5683,28.4338],[-82.5783,28.4339],[-82.5825,28.4339],[-82.5932,28.4339],[-82.6006,28.4339],[-82.6021,28.4339],[-82.6129,28.4339],[-82.6172,28.4338],[-82.6273,28.4338],[-82.6336,28.4339],[-82.64,28.4338],[-82.6541,28.4337],[-82.6572,28.4336],[-82.6638,28.4336],[-82.6653,28.4336],[-82.6664,28.4336],[-82.667,28.4336],[-82.6699,28.4336],[-82.6699,28.4348],[-82.672,28.4361],[-82.6719,28.4367],[-82.6709,28.4406],[-82.6672,28.4422],[-82.6678,28.4486],[-82.6649,28.4495],[-82.6645,28.4496],[-82.6646,28.452],[-82.6665,28.4529],[-82.6687,28.4538],[-82.6683,28.455],[-82.6681,28.4559],[-82.6742,28.4573],[-82.6751,28.4593],[-82.6805,28.4608],[-82.6812,28.4642]]]}},{"type":"Feature","properties":{"geoid":"1210799","puma":"10799","name":"Putnam & St. Johns (South) Counties PUMA"},"geometry":{"type":"Polygon","coordinates":[[[-82.0561,29.6568],[-82.0548,29.6711],[-82.0526,29.6893],[-82.0523,29.6905],[-82.0503,29.7097],[-82.05,29.7135],[-82.0491,29.7134],[-82.0508,29.7161],[-82.0555,29.7172],[-82.0556,29.7182],[-82.0492,29.7187],[-82.0289,29.7187],[-82.0259,29.724],[-82.0239,29.7262],[-82.0149,29.7331],[-82.0071,29.7395],[-82.0046,29.7404],[-81.9961,29.7424],[-81.9911,29.744],[-81.9859,29.7437],[-81.9859,29.745],[-81.9826,29.7458],[-81.9756,29.747],[-81.9459,29.7473],[-81.9394,29.7475],[-81.9372,29.7499],[-81.9311,29.7561],[-81.9291,29.7594],[-81.9283,29.7611],[-81.9278,29.7677],[-81.9271,29.7702],[-81.9258,29.773],[-81.9249,29.7748],[-81.9246,29.7768],[-81.9234,29.781],[-81.9202,29.7862],[-81.9147,29.7905],[-81.9142,29.7911],[-81.9133,29.7917],[-81.9104,29.7933],[-81.9093,29.7936],[-81.9047,29.7931],[-81.9002,29.7941],[-81.8907,29.7982],[-81.8807,29.7997],[-81.8703,29.8009],[-81.8666,29.8008],[-81.862,29.8002],[-81.8601,29.8026],[-81.8553,29.8054],[-81.8533,29.807],[-81.8479,29.8091],[-81.8462,29.8102],[-81.8367,29.8164],[-81.8298,29.8229],[-81.8279,29.8244],[-81.8261,29.8252],[-81.8229,29.8257],[-81.8219,29.8263],[-81.8191,29.8302],[-81.8158,29.8336],[-81.8124,29.8365],[-81.7972,29.8366],[-81.7972,29.8366],[-81.7573,29.8371],[-81.7573,29.8371],[-81.713,29.8378],[-81.6618,29.8388],[-81.6616,29.8388],[-81.6061,29.8396],[-81.5812,29.8402],[-81.5795,29.8362],[-81.5718,29.8153],[-81.5665,29.8029],[-81.5642,29.7985],[-81.5621,29.7956],[-81.5539,29.7885],[-81.55,29.7854],[-81.5463,29.7818],[-81.5443,29.7791],[-81.5426,29.7751],[-81.5417,29.771],[-81.5412,29.77],[-81.5334,29.7639],[-81.5283,29.7608],[-81.5261,29.7805],[-81.5271,29.7821],[-81.5294,29.7841],[-81.5319,29.7856],[-81.5337,29.7873],[-81.5354,29.7903],[-81.5385,29.7947],[-81.5409,29.7967],[-81.5424,29.7972],[-81.5501,29.7988],[-81.5529,29.8002],[-81.5539,29.803],[-81.5545,29.8054],[-81.5547,29.8179],[-81.5554,29.8212],[-81.5567,29.8258],[-81.5567,29.829],[-81.5576,29.8342],[-81.5584,29.8359],[-81.5609,29.839],[-81.5613,29.8411],[-81.5606,29.845],[-81.5419,29.845],[-81.5388,29.8453],[-81.5351,29.8461],[-81.522,29.8508],[-81.5206,29.8512],[-81.4987,29.8512],[-81.494,29.8512],[-81.4917,29.8512],[-81.3951,29.8614],[-81.3861,29.8623],[-81.3834,29.8631],[-81.3678,29.8725],[-81.3673,29.8729],[-81.3669,29.8734],[-81.3597,29.8846],[-81.3583,29.8857],[-81.3544,29.8873],[-81.3526,29.8835],[-81.3515,29.8812],[-81.3441,29.8637],[-81.3509,29.8593],[-81.358,29.851],[-81.361,29.8474],[-81.3581,29.8456],[-81.3552,29.8406],[-81.3543,29.8362],[-81.3536,29.8346],[-81.3509,29.832],[-81.3493,29.8282],[-81.3479,29.827],[-81.3466,29.8223],[-81.3453,29.8224],[-81.3454,29.8211],[-81.343,29.8208],[-81.3423,29.8193],[-81.3404,29.8175],[-81.3416,29.8191],[-81.3397,29.8171],[-81.3379,29.8183],[-81.3378,29.8171],[-81.3359,29.8174],[-81.3362,29.8182],[-81.3334,29.8185],[-81.3301,29.8195],[-81.3285,29.8216],[-81.327,29.8204],[-81.3263,29.821],[-81.3289,29.8223],[-81.3286,29.8234],[-81.3254,29.8239],[-81.3255,29.8231],[-81.3235,29.8241],[-81.3224,29.8219],[-81.3194,29.8216],[-81.3156,29.8233],[-81.3172,29.8255],[-81.3144,29.8282],[-81.313,29.8287],[-81.3123,29.8302],[-81.3081,29.8302],[-81.3065,29.8308],[-81.3057,29.8313],[-81.303,29.8324],[-81.3026,29.8325],[-81.3021,29.831],[-81.3013,29.8296],[-81.2964,29.8238],[-81.2928,29.8153],[-81.2909,29.8123],[-81.2878,29.8089],[-81.2852,29.8083],[-81.2827,29.8079],[-81.2799,29.8065],[-81.2778,29.8043],[-81.2743,29.7974],[-81.2736,29.7958],[-81.2736,29.794],[-81.2757,29.7862],[-81.2755,29.7845],[-81.271,29.7797],[-81.2661,29.7757],[-81.2607,29.7717],[-81.2579,29.7688],[-81.2576,29.7691],[-81.2543,29.7707],[-81.2547,29.7714],[-81.2522,29.7723],[-81.2518,29.7712],[-81.2404,29.7395],[-81.2396,29.7378],[-81.237,29.7321],[-81.2307,29.7185],[-81.2305,29.7179],[-81.229,29.7147],[-81.2267,29.7112],[-81.2264,29.7084],[-81.2262,29.7071],[-81.2258,29.7059],[-81.2245,29.7025],[-81.224,29.7011],[-81.2139,29.6734],[-81.2129,29.6707],[-81.2138,29.6707],[-81.2154,29.6706],[-81.2179,29.6706],[-81.2205,29.6706],[-81.2273,29.6705],[-81.2285,29.6677],[-81.2317,29.6634],[-81.2345,29.6627],[-81.2375,29.6626],[-81.2408,29.6617],[-81.2449,29.6596],[-81.2473,29.6591],[-81.2481,29.6595],[-81.2492,29.6615],[-81.2514,29.6624],[-81.2534,29.6616],[-81.2549,29.6635],[-81.2577,29.6645],[-81.2577,29.6674],[-81.2602,29.669],[-81.261,29.6691],[-81.2618,29.6687],[-81.2626,29.6662],[-81.2653,29.6653],[-81.266,29.6638],[-81.2674,29.664],[-81.2684,29.6631],[-81.268,29.6619],[-81.2692,29.6612],[-81.2696,29.6598],[-81.2716,29.6609],[-81.2723,29.6606],[-81.2718,29.6581],[-81.2703,29.6576],[-81.2702,29.6563],[-81.2714,29.6563],[-81.2728,29.6578],[-81.2744,29.6569],[-81.2727,29.6556],[-81.2732,29.6549],[-81.2759,29.6545],[-81.2762,29.6538],[-81.2745,29.6527],[-81.2769,29.6524],[-81.2821,29.6504],[-81.2867,29.6513],[-81.2869,29.6513],[-81.2902,29.6496],[-81.2977,29.6511],[-81.3008,29.6505],[-81.3013,29.6501],[-81.3028,29.6492],[-81.303,29.6482],[-81.305,29.6454],[-81.3059,29.6426],[-81.3077,29.6422],[-81.31,29.6422],[-81.3128,29.644],[-81.3136,29.6456],[-81.3176,29.6497],[-81.3185,29.6513],[-81.3211,29.6525],[-81.3243,29.6535],[-81.3244,29.6402],[-81.3241,29.6256],[-81.3696,29.6252],[-81.408,29.6245],[-81.4237,29.6241],[-81.4581,29.6233],[-81.4945,29.6227],[-81.5237,29.6224],[-81.5227,29.5795],[-81.5223,29.5598],[-81.5217,29.5385],[-81.5213,29.5201],[-81.5205,29.4965],[-81.5176,29.4902],[-81.5152,29.4867],[-81.5088,29.4785],[-81.5011,29.4688],[-81.4967,29.4623],[-81.4907,29.4542],[-81.4872,29.4472],[-81.4867,29.4456],[-81.4864,29.4405],[-81.4865,29.4353],[-81.4864,29.4276],[-81.486,29.4242],[-81.4844,29.422],[-81.4822,29.419],[-81.4809,29.4165],[-81.4804,29.414],[-81.4801,29.4048],[-81.4797,29.4017],[-81.4788,29.3991],[-81.4763,29.3962],[-81.4681,29.3923],[-81.4612,29.3905],[-81.455,29.3897],[-81.4517,29.3902],[-81.4483,29.3917],[-81.4422,29.395],[-81.4388,29.3972],[-81.4364,29.3982],[-81.434,29.3986],[-81.4336,29.3982],[-81.4353,29.3953],[-81.4377,29.3936],[-81.4398,29.3914],[-81.4403,29.3883],[-81.4408,29.3874],[-81.4403,29.3853],[-81.4415,29.3851],[-81.4432,29.3829],[-81.4442,29.3825],[-81.4459,29.3801],[-81.447,29.3803],[-81.4509,29.3785],[-81.4611,29.3758],[-81.4639,29.3753],[-81.508,29.3645],[-81.5082,29.3644],[-81.5098,29.3639],[-81.518,29.3619],[-81.5218,29.3622],[-81.5489,29.3545],[-81.5541,29.3534],[-81.5736,29.3487],[-81.6432,29.333],[-81.6581,29.3296],[-81.6809,29.3244],[-81.6808,29.3284],[-81.6804,29.3304],[-81.6789,29.334],[-81.6772,29.3367],[-81.6754,29.3386],[-81.6719,29.3395],[-81.6674,29.3411],[-81.6643,29.3415],[-81.6613,29.3393],[-81.659,29.3372],[-81.6564,29.3378],[-81.6566,29.3403],[-81.6607,29.3433],[-81.6603,29.3457],[-81.659,29.3461],[-81.6577,29.348],[-81.6595,29.3511],[-81.6613,29.353],[-81.6624,29.3571],[-81.6611,29.3601],[-81.6629,29.3639],[-81.6649,29.366],[-81.6665,29.3688],[-81.668,29.37],[-81.6685,29.3717],[-81.6961,29.371],[-81.7062,29.3711],[-81.7125,29.3707],[-81.7149,29.3709],[-81.7357,29.3709],[-81.7414,29.371],[-81.7416,29.3749],[-81.7413,29.4044],[-81.7414,29.4127],[-81.7419,29.4222],[-81.7418,29.4299],[-81.7749,29.4292],[-81.7751,29.4374],[-81.7758,29.4709],[-81.7759,29.4758],[-81.7762,29.4874],[-81.7845,29.4873],[-81.7887,29.4872],[-81.8002,29.4869],[-81.8103,29.4865],[-81.8309,29.4864],[-81.8428,29.4865],[-81.8427,29.5055],[-81.843,29.521],[-81.8433,29.521],[-81.8449,29.5217],[-81.8496,29.5213],[-81.8509,29.5205],[-81.8495,29.5192],[-81.8507,29.5181],[-81.8524,29.5175],[-81.8535,29.518],[-81.8538,29.5168],[-81.8592,29.5168],[-81.8611,29.5149],[-81.8636,29.5154],[-81.865,29.5146],[-81.8658,29.5152],[-81.8699,29.5147],[-81.8705,29.5141],[-81.8734,29.515],[-81.8769,29.5133],[-81.882,29.5129],[-81.8829,29.5119],[-81.8841,29.5131],[-81.886,29.5127],[-81.8858,29.5115],[-81.8874,29.5108],[-81.8879,29.5092],[-81.8912,29.5105],[-81.8944,29.5134],[-81.8967,29.5133],[-81.8966,29.5151],[-81.9017,29.516],[-81.9029,29.5147],[-81.9047,29.5147],[-81.9041,29.5128],[-81.9067,29.5142],[-81.9063,29.5125],[-81.9077,29.5115],[-81.907,29.5093],[-81.9081,29.5084],[-81.91,29.5049],[-81.9106,29.5057],[-81.9118,29.504],[-81.9133,29.5046],[-81.9129,29.5058],[-81.9177,29.5091],[-81.9194,29.5116],[-81.9209,29.5111],[-81.9224,29.5129],[-81.9248,29.5128],[-81.927,29.5142],[-81.9297,29.5148],[-81.9304,29.5162],[-81.9318,29.5164],[-81.9354,29.5145],[-81.9374,29.5126],[-81.9385,29.5134],[-81.941,29.5125],[-81.9427,29.5113],[-81.9446,29.5119],[-81.9463,29.5096],[-81.9499,29.5081],[-81.9518,29.5079],[-81.9535,29.5071],[-81.958,29.5067],[-81.9592,29.5057],[-81.9625,29.5048],[-81.9642,29.5038],[-81.9663,29.5039],[-81.9684,29.5031],[-81.9713,29.5039],[-81.9756,29.5031],[-81.9769,29.5034],[-81.9775,29.5025],[-81.9818,29.5023],[-81.984,29.5032],[-81.9868,29.5016],[-81.9893,29.5022],[-81.9909,29.5013],[-81.9946,29.5017],[-81.9966,29.5016],[-81.9986,29.5021],[-82.0016,29.5017],[-82.0044,29.5017],[-82.0066,29.4996],[-82.0099,29.4996],[-82.0111,29.4993],[-82.0137,29.4991],[-82.0152,29.498],[-82.0243,29.4948],[-82.0263,29.4947],[-82.0296,29.4921],[-82.032,29.4914],[-82.0354,29.4876],[-82.0376,29.4862],[-82.0422,29.4797],[-82.0442,29.478],[-82.0498,29.4743],[-82.0559,29.4712],[-82.056,29.5069],[-82.0561,29.508],[-82.056,29.5211],[-82.0555,29.5639],[-82.0554,29.5658],[-82.0554,29.5941],[-82.0553,29.5948],[-82.056,29.6312],[-82.0562,29.6454],[-82.0561,29.6568]]]}},{"type":"Feature","properties":{"geoid":"1200798","puma":"00798","name":"Bradford, Columbia, Dixie, Gilchrist, Levy, & Union Counties PUMA"},"geometry":{"type":"MultiPolygon","coordinates":[[[[-83.0345,29.1253],[-83.0328,29.1278],[-83.0278,29.127],[-83.0239,29.124],[-83.024,29.1193],[-83.0265,29.1179],[-83.0345,29.1218],[-83.0345,29.1253]]],[[[-83.0345,29.0996],[-83.0307,29.099],[-83.0259,29.0963],[-83.0295,29.0938],[-83.034,29.0955],[-83.0353,29.0963],[-83.0345,29.0996]]],[[[-83.076,29.1016],[-83.0699,29.1028],[-83.0618,29.1025],[-83.0599,29.0997],[-83.062,29.0973],[-83.0654,29.0956],[-83.0707,29.0966],[-83.0773,29.1002],[-83.076,29.1016]]],[[[-83.0934,29.1318],[-83.0884,29.1349],[-83.0851,29.1322],[-83.0826,29.1289],[-83.0833,29.1245],[-83.0857,29.1202],[-83.0903,29.1187],[-83.09,29.1228],[-83.0901,29.1264],[-83.0939,29.1285],[-83.0934,29.1318]]],[[[-83.4148,29.6636],[-83.4107,29.6644],[-83.4086,29.6673],[-83.4096,29.6684],[-83.403,29.6719],[-83.4008,29.6735],[-83.3985,29.6739],[-83.395,29.6715],[-83.3904,29.6714],[-83.3877,29.6695],[-83.386,29.6689],[-83.3831,29.6697],[-83.3818,29.6696],[-83.3749,29.6672],[-83.3734,29.666],[-83.3694,29.6667],[-83.3664,29.6657],[-83.3653,29.6671],[-83.3632,29.6682],[-83.3631,29.6704],[-83.3644,29.6712],[-83.364,29.6736],[-83.3654,29.6758],[-83.365,29.6767],[-83.3623,29.6784],[-83.3595,29.6829],[-83.3593,29.6838],[-83.3578,29.6846],[-83.3575,29.6856],[-83.3542,29.6904],[-83.3528,29.6931],[-83.3508,29.6952],[-83.3506,29.6979],[-83.3513,29.7005],[-83.3514,29.7067],[-83.3501,29.7124],[-83.3488,29.714],[-83.3471,29.7146],[-83.3471,29.7177],[-83.3461,29.7197],[-83.3474,29.7213],[-83.347,29.7235],[-83.3449,29.7268],[-83.3466,29.7308],[-83.3478,29.7321],[-83.3476,29.7339],[-83.3437,29.7354],[-83.3433,29.7371],[-83.3448,29.7404],[-83.3457,29.7435],[-83.3429,29.7454],[-83.3418,29.7478],[-83.3415,29.7515],[-83.3388,29.7553],[-83.3384,29.7577],[-83.3366,29.7607],[-83.334,29.7618],[-83.3317,29.7619],[-83.3307,29.7649],[-83.3285,29.7658],[-83.3286,29.7677],[-83.3276,29.7692],[-83.3262,29.7693],[-83.3259,29.7707],[-83.3269,29.7727],[-83.3265,29.7738],[-83.3242,29.7745],[-83.324,29.7746],[-83.322,29.7768],[-83.3216,29.7782],[-83.3195,29.7783],[-83.3192,29.7962],[-83.3191,29.8035],[-83.3189,29.8226],[-83.3155,29.8226],[-83.3134,29.8226],[-83.3105,29.8227],[-83.1526,29.8238],[-83.0718,29.8245],[-83.069,29.8246],[-83.0358,29.825],[-83.0019,29.8253],[-82.9853,29.8251],[-82.9809,29.8253],[-82.9685,29.8253],[-82.9592,29.8254],[-82.9591,29.824],[-82.9206,29.8241],[-82.9187,29.8241],[-82.904,29.8243],[-82.9023,29.8252],[-82.895,29.8258],[-82.8934,29.8268],[-82.8925,29.8285],[-82.8924,29.8333],[-82.8914,29.8373],[-82.891,29.8424],[-82.8902,29.8451],[-82.8884,29.8501],[-82.8857,29.8545],[-82.8824,29.8581],[-82.8779,29.8621],[-82.8756,29.8665],[-82.8756,29.8676],[-82.8769,29.8716],[-82.8764,29.8741],[-82.8752,29.8773],[-82.8753,29.8807],[-82.8759,29.8823],[-82.876,29.8844],[-82.8768,29.8862],[-82.8788,29.8872],[-82.8798,29.8868],[-82.8787,29.8892],[-82.8746,29.8907],[-82.8729,29.8964],[-82.8717,29.8985],[-82.8707,29.8988],[-82.8687,29.8983],[-82.8668,29.8988],[-82.8666,29.9004],[-82.8675,29.9023],[-82.8669,29.9037],[-82.8658,29.904],[-82.8649,29.9052],[-82.8642,29.9076],[-82.8647,29.9088],[-82.8633,29.911],[-82.8601,29.9116],[-82.8581,29.9117],[-82.8553,29.9133],[-82.8516,29.9139],[-82.8487,29.9138],[-82.8424,29.9118],[-82.8408,29.9124],[-82.8399,29.9143],[-82.8375,29.9139],[-82.8346,29.914],[-82.8327,29.9127],[-82.8315,29.9128],[-82.8295,29.9164],[-82.8251,29.9198],[-82.8237,29.9227],[-82.8225,29.9236],[-82.8188,29.9249],[-82.8176,29.9259],[-82.8144,29.9298],[-82.8112,29.9308],[-82.8102,29.9321],[-82.8085,29.9331],[-82.8063,29.9327],[-82.8034,29.931],[-82.8005,29.9321],[-82.7989,29.9336],[-82.7989,29.9357],[-82.7967,29.9378],[-82.7953,29.9401],[-82.7915,29.9421],[-82.7919,29.944],[-82.7895,29.9464],[-82.7896,29.9482],[-82.7885,29.9488],[-82.7881,29.9511],[-82.786,29.9528],[-82.7858,29.9549],[-82.7831,29.9546],[-82.7804,29.9565],[-82.7792,29.958],[-82.7739,29.9596],[-82.7732,29.959],[-82.7722,29.9603],[-82.7706,29.9605],[-82.7677,29.9623],[-82.7622,29.9644],[-82.7614,29.966],[-82.7614,29.9682],[-82.7601,29.9697],[-82.76,29.9723],[-82.7586,29.9757],[-82.7593,29.9774],[-82.7588,29.9801],[-82.7604,29.9821],[-82.7604,29.9862],[-82.7615,29.9863],[-82.7643,29.9865],[-82.794,29.9862],[-82.794,30.0153],[-82.7944,30.0572],[-82.7945,30.0739],[-82.7947,30.0883],[-82.7947,30.1031],[-82.7945,30.1041],[-82.7947,30.116],[-82.795,30.1171],[-82.7948,30.1178],[-82.7948,30.1322],[-82.7949,30.1467],[-82.7947,30.1504],[-82.7944,30.1544],[-82.7949,30.1614],[-82.7947,30.2035],[-82.7945,30.2262],[-82.7944,30.2266],[-82.7945,30.2381],[-82.7947,30.2416],[-82.7947,30.26],[-82.7948,30.2672],[-82.7947,30.2743],[-82.7947,30.281],[-82.7949,30.2855],[-82.7946,30.3054],[-82.7948,30.3202],[-82.7946,30.337],[-82.7921,30.3359],[-82.7935,30.3332],[-82.7928,30.3295],[-82.7932,30.3276],[-82.792,30.3265],[-82.7893,30.3279],[-82.7879,30.3265],[-82.7885,30.324],[-82.7845,30.3247],[-82.7796,30.325],[-82.7778,30.3233],[-82.7716,30.3259],[-82.7669,30.3286],[-82.7658,30.33],[-82.7633,30.3309],[-82.7606,30.3293],[-82.7597,30.3274],[-82.7612,30.326],[-82.7608,30.3243],[-82.753,30.3195],[-82.7501,30.3197],[-82.7492,30.3191],[-82.7489,30.3186],[-82.7467,30.3174],[-82.7454,30.3174],[-82.7445,30.3179],[-82.7443,30.3193],[-82.7404,30.321],[-82.7398,30.3216],[-82.7386,30.3252],[-82.7384,30.3258],[-82.7383,30.3261],[-82.7382,30.3264],[-82.7365,30.3284],[-82.7349,30.3292],[-82.7301,30.3311],[-82.7246,30.3338],[-82.7238,30.3338],[-82.723,30.3335],[-82.7226,30.3315],[-82.7247,30.3295],[-82.7249,30.3285],[-82.7215,30.3244],[-82.7178,30.3214],[-82.7164,30.3212],[-82.7151,30.3221],[-82.7132,30.3257],[-82.7103,30.3284],[-82.7039,30.3322],[-82.7008,30.3335],[-82.6973,30.3335],[-82.6937,30.332],[-82.6896,30.3333],[-82.689,30.3351],[-82.6859,30.337],[-82.6842,30.338],[-82.6832,30.3401],[-82.6815,30.3428],[-82.6819,30.3445],[-82.684,30.3466],[-82.6843,30.3479],[-82.6869,30.3533],[-82.6861,30.3543],[-82.6838,30.3541],[-82.683,30.3549],[-82.6822,30.3574],[-82.6813,30.3588],[-82.676,30.3622],[-82.6758,30.3636],[-82.6744,30.3647],[-82.6723,30.3655],[-82.6703,30.3656],[-82.6658,30.367],[-82.6626,30.3698],[-82.6651,30.3749],[-82.6656,30.3788],[-82.6644,30.3802],[-82.6599,30.3819],[-82.6592,30.3827],[-82.6583,30.3854],[-82.6586,30.3897],[-82.6578,30.3915],[-82.6537,30.3911],[-82.6499,30.3919],[-82.6472,30.3948],[-82.6467,30.3974],[-82.6471,30.4008],[-82.6455,30.4071],[-82.6462,30.4083],[-82.6485,30.4086],[-82.65,30.4101],[-82.6502,30.4117],[-82.6515,30.4156],[-82.6494,30.4172],[-82.6496,30.419],[-82.6539,30.422],[-82.6531,30.4251],[-82.6544,30.4263],[-82.6525,30.4281],[-82.6527,30.4294],[-82.6542,30.4309],[-82.6563,30.4322],[-82.6553,30.4338],[-82.6556,30.4349],[-82.658,30.4377],[-82.6591,30.4407],[-82.66,30.4411],[-82.6612,30.4388],[-82.6622,30.4391],[-82.6663,30.4426],[-82.6702,30.4444],[-82.6714,30.4455],[-82.6729,30.4486],[-82.6715,30.4492],[-82.6703,30.4487],[-82.6698,30.447],[-82.6679,30.4472],[-82.6681,30.4493],[-82.6663,30.4513],[-82.6623,30.4488],[-82.6624,30.4507],[-82.6633,30.4521],[-82.6651,30.4533],[-82.6687,30.4535],[-82.6705,30.4531],[-82.6722,30.4543],[-82.6729,30.4557],[-82.6745,30.4567],[-82.6771,30.4584],[-82.6802,30.461],[-82.6808,30.4646],[-82.6757,30.4648],[-82.6756,30.4658],[-82.6774,30.4677],[-82.6767,30.4704],[-82.6773,30.4719],[-82.678,30.4722],[-82.682,30.4711],[-82.6858,30.472],[-82.6884,30.472],[-82.6936,30.4733],[-82.695,30.4736],[-82.6991,30.4754],[-82.7018,30.4777],[-82.7018,30.4785],[-82.6996,30.4793],[-82.7024,30.4834],[-82.7017,30.4839],[-82.6992,30.4836],[-82.6967,30.4846],[-82.6967,30.4894],[-82.698,30.4903],[-82.7009,30.4901],[-82.7042,30.4921],[-82.7061,30.4924],[-82.7052,30.4951],[-82.707,30.4961],[-82.7083,30.4978],[-82.7075,30.5006],[-82.7058,30.5024],[-82.7057,30.5035],[-82.7079,30.5065],[-82.7103,30.5067],[-82.715,30.5055],[-82.7165,30.5074],[-82.7165,30.5106],[-82.7161,30.5125],[-82.7183,30.5176],[-82.718,30.5198],[-82.719,30.5215],[-82.7202,30.5213],[-82.7219,30.5179],[-82.7232,30.5174],[-82.7243,30.518],[-82.7255,30.5217],[-82.7286,30.5257],[-82.7276,30.5273],[-82.7277,30.5304],[-82.7267,30.5311],[-82.7254,30.5312],[-82.7206,30.5301],[-82.7173,30.5306],[-82.7145,30.5318],[-82.7156,30.537],[-82.7171,30.54],[-82.7166,30.5413],[-82.7193,30.5417],[-82.7194,30.5435],[-82.7213,30.5449],[-82.7216,30.547],[-82.7225,30.5479],[-82.7229,30.5503],[-82.7206,30.5518],[-82.7208,30.5537],[-82.7216,30.5544],[-82.7242,30.5541],[-82.7244,30.5558],[-82.7262,30.5567],[-82.7269,30.5583],[-82.7266,30.5595],[-82.7246,30.5594],[-82.7228,30.5608],[-82.7229,30.5623],[-82.7246,30.5635],[-82.7239,30.5649],[-82.7226,30.5636],[-82.719,30.563],[-82.7157,30.5657],[-82.7149,30.5681],[-82.7162,30.5683],[-82.7169,30.5668],[-82.7183,30.5676],[-82.717,30.5696],[-82.7136,30.5708],[-82.7067,30.5743],[-82.7049,30.5767],[-82.7043,30.5798],[-82.7036,30.5809],[-82.7043,30.5829],[-82.7066,30.5837],[-82.7067,30.5843],[-82.7038,30.586],[-82.7009,30.5894],[-82.6993,30.5893],[-82.6978,30.5911],[-82.6962,30.5915],[-82.696,30.593],[-82.6973,30.5944],[-82.6965,30.596],[-82.6948,30.5948],[-82.6923,30.5945],[-82.6896,30.597],[-82.6895,30.5977],[-82.6893,30.5977],[-82.6253,30.5941],[-82.584,30.5918],[-82.5692,30.591],[-82.5655,30.5906],[-82.5532,30.5899],[-82.5451,30.5894],[-82.5362,30.5889],[-82.5249,30.5882],[-82.4598,30.5843],[-82.4594,30.5762],[-82.4571,30.4428],[-82.4583,30.4428],[-82.4577,30.3155],[-82.4579,30.3138],[-82.4579,30.2931],[-82.4576,30.2867],[-82.4575,30.2576],[-82.4575,30.2572],[-82.4575,30.2569],[-82.4581,30.2017],[-82.4583,30.176],[-82.4584,30.1646],[-82.4584,30.1364],[-82.4474,30.1378],[-82.4437,30.1381],[-82.3748,30.139],[-82.3722,30.1391],[-82.3594,30.1393],[-82.3594,30.141],[-82.3334,30.1411],[-82.287,30.1417],[-82.2831,30.1418],[-82.2673,30.1419],[-82.2498,30.1419],[-82.2244,30.1426],[-82.2158,30.1427],[-82.2121,30.1425],[-82.1866,30.1427],[-82.1455,30.1431],[-82.1426,30.1431],[-82.0494,30.1431],[-82.0494,30.1104],[-82.0494,30.0996],[-82.0492,30.0559],[-82.0488,30.0155],[-82.0479,29.9989],[-82.0477,29.9937],[-82.0478,29.978],[-82.0485,29.9738],[-82.0483,29.9573],[-82.0482,29.9566],[-82.0483,29.9385],[-82.0481,29.9242],[-82.048,29.9102],[-82.0474,29.8649],[-82.0471,29.8408],[-82.0469,29.8372],[-82.0469,29.8341],[-82.0469,29.8275],[-82.0467,29.8266],[-82.0465,29.8196],[-82.0465,29.8189],[-82.0468,29.8175],[-82.0465,29.8134],[-82.0467,29.8071],[-82.0468,29.8044],[-82.0467,29.8042],[-82.0466,29.7952],[-82.0466,29.7944],[-82.0465,29.7926],[-82.0464,29.7901],[-82.0463,29.775],[-82.0464,29.7702],[-82.0465,29.769],[-82.0464,29.7683],[-82.0464,29.768],[-82.0464,29.7621],[-82.0463,29.7611],[-82.0463,29.7589],[-82.0461,29.7471],[-82.048,29.7299],[-82.0489,29.7207],[-82.0492,29.7187],[-82.0556,29.7182],[-82.0557,29.7197],[-82.0541,29.7252],[-82.054,29.7279],[-82.0545,29.7289],[-82.0544,29.7327],[-82.055,29.7344],[-82.0545,29.7376],[-82.0551,29.7381],[-82.0564,29.7442],[-82.0579,29.7478],[-82.0603,29.7504],[-82.0669,29.7565],[-82.0707,29.7593],[-82.0744,29.7607],[-82.0767,29.7612],[-82.0827,29.7613],[-82.0852,29.7604],[-82.0881,29.7608],[-82.0875,29.7619],[-82.0836,29.7636],[-82.0821,29.7636],[-82.0798,29.7677],[-82.0798,29.7732],[-82.0783,29.7732],[-82.0789,29.7751],[-82.0819,29.7782],[-82.0869,29.779],[-82.0935,29.7792],[-82.0943,29.7801],[-82.0934,29.7818],[-82.0963,29.7807],[-82.098,29.7809],[-82.1019,29.7837],[-82.1038,29.7836],[-82.1044,29.7833],[-82.1091,29.7831],[-82.1089,29.7907],[-82.1176,29.7906],[-82.1176,29.7927],[-82.1176,29.7982],[-82.1195,29.7982],[-82.1196,29.8018],[-82.1217,29.8019],[-82.1217,29.8053],[-82.1241,29.8053],[-82.1239,29.8237],[-82.1299,29.8237],[-82.1302,29.8254],[-82.1302,29.8308],[-82.1331,29.8308],[-82.1331,29.8337],[-82.1331,29.8359],[-82.1385,29.836],[-82.1385,29.8359],[-82.1466,29.8359],[-82.1471,29.8387],[-82.1619,29.8387],[-82.1649,29.8396],[-82.1732,29.837],[-82.1774,29.838],[-82.1821,29.8407],[-82.1851,29.844],[-82.1883,29.8459],[-82.1903,29.8481],[-82.1945,29.8485],[-82.1981,29.8482],[-82.2059,29.8455],[-82.2084,29.8439],[-82.2103,29.8443],[-82.2103,29.8453],[-82.2197,29.8453],[-82.2335,29.8453],[-82.2337,29.849],[-82.2382,29.849],[-82.2382,29.8508],[-82.2411,29.8522],[-82.2462,29.852],[-82.247,29.8513],[-82.2496,29.8501],[-82.2543,29.8497],[-82.2548,29.8491],[-82.2574,29.8485],[-82.2604,29.8466],[-82.2637,29.8466],[-82.264,29.8471],[-82.2664,29.847],[-82.2671,29.8458],[-82.2696,29.8449],[-82.2695,29.844],[-82.2717,29.8433],[-82.2726,29.843],[-82.2751,29.8442],[-82.2782,29.8441],[-82.2797,29.8447],[-82.2818,29.8444],[-82.2839,29.8453],[-82.2863,29.848],[-82.2897,29.849],[-82.2896,29.8498],[-82.2932,29.8512],[-82.2949,29.8509],[-82.2959,29.8525],[-82.2995,29.8532],[-82.305,29.8532],[-82.3052,29.8599],[-82.3139,29.86],[-82.3142,29.8676],[-82.3225,29.8671],[-82.3237,29.8676],[-82.3263,29.8695],[-82.3267,29.8719],[-82.3293,29.8743],[-82.3328,29.875],[-82.3336,29.8761],[-82.3329,29.8772],[-82.3362,29.8788],[-82.3433,29.8766],[-82.3481,29.8768],[-82.3501,29.8782],[-82.3514,29.8776],[-82.3541,29.8785],[-82.3564,29.8775],[-82.3584,29.8774],[-82.3615,29.8812],[-82.3631,29.8814],[-82.3661,29.8805],[-82.3678,29.8804],[-82.3695,29.8791],[-82.3722,29.8799],[-82.3739,29.8793],[-82.375,29.8794],[-82.3772,29.8814],[-82.379,29.8809],[-82.3786,29.8825],[-82.3827,29.8809],[-82.3874,29.8819],[-82.3886,29.8818],[-82.3888,29.8841],[-82.3896,29.8846],[-82.3917,29.8841],[-82.3944,29.8866],[-82.3976,29.8862],[-82.3972,29.8875],[-82.3988,29.8873],[-82.3987,29.8894],[-82.4009,29.89],[-82.4013,29.8928],[-82.4024,29.8937],[-82.4029,29.8958],[-82.4045,29.8957],[-82.4036,29.8977],[-82.4047,29.8984],[-82.404,29.8996],[-82.4058,29.9025],[-82.406,29.9041],[-82.4045,29.9048],[-82.4065,29.9074],[-82.4059,29.9089],[-82.407,29.9102],[-82.4055,29.9112],[-82.4066,29.9141],[-82.4097,29.915],[-82.409,29.9169],[-82.4111,29.9172],[-82.4103,29.9181],[-82.411,29.9206],[-82.4133,29.9212],[-82.413,29.9222],[-82.4157,29.9225],[-82.4164,29.9217],[-82.4164,29.9223],[-82.4187,29.9231],[-82.4205,29.9208],[-82.4224,29.9199],[-82.4239,29.9207],[-82.4263,29.9218],[-82.4267,29.9221],[-82.4293,29.9255],[-82.4334,29.9293],[-82.4337,29.9295],[-82.4342,29.9293],[-82.4338,29.9283],[-82.4351,29.9284],[-82.4355,29.9286],[-82.4361,29.9303],[-82.4366,29.9308],[-82.4376,29.9303],[-82.4394,29.931],[-82.4398,29.9293],[-82.4417,29.9291],[-82.4442,29.931],[-82.4466,29.9318],[-82.4489,29.9315],[-82.4504,29.929],[-82.4512,29.9267],[-82.4531,29.9257],[-82.4567,29.9276],[-82.4583,29.9292],[-82.4588,29.9305],[-82.4601,29.9304],[-82.4613,29.9316],[-82.4634,29.9286],[-82.4649,29.9296],[-82.4684,29.9283],[-82.47,29.9258],[-82.4721,29.9265],[-82.4754,29.9304],[-82.4757,29.9324],[-82.4767,29.933],[-82.4776,29.9349],[-82.4812,29.937],[-82.482,29.9359],[-82.4843,29.9369],[-82.4838,29.9385],[-82.4845,29.9397],[-82.4862,29.9399],[-82.4907,29.939],[-82.4943,29.9397],[-82.499,29.9389],[-82.4992,29.9402],[-82.5011,29.9411],[-82.5016,29.942],[-82.5032,29.9418],[-82.5048,29.9428],[-82.511,29.9452],[-82.5164,29.9434],[-82.5201,29.9439],[-82.5221,29.9435],[-82.5222,29.9446],[-82.5241,29.9453],[-82.5254,29.945],[-82.5266,29.9433],[-82.5265,29.9424],[-82.5279,29.9412],[-82.5297,29.9409],[-82.5303,29.9391],[-82.5293,29.9368],[-82.5294,29.9343],[-82.5305,29.9324],[-82.5318,29.9311],[-82.5351,29.9293],[-82.5396,29.9289],[-82.5416,29.9255],[-82.5452,29.9251],[-82.5481,29.9256],[-82.5494,29.9264],[-82.5505,29.9283],[-82.5513,29.9287],[-82.5547,29.9285],[-82.5586,29.9266],[-82.5588,29.9265],[-82.5608,29.9249],[-82.5621,29.9227],[-82.5609,29.9222],[-82.5632,29.9214],[-82.5647,29.9202],[-82.5666,29.9206],[-82.5663,29.9193],[-82.5679,29.9172],[-82.5706,29.9175],[-82.5716,29.9183],[-82.5783,29.9158],[-82.5795,29.9144],[-82.576,29.9131],[-82.5759,29.8949],[-82.58,29.8949],[-82.58,29.8876],[-82.5926,29.8875],[-82.5923,29.8732],[-82.5902,29.8732],[-82.5896,29.8705],[-82.5868,29.8677],[-82.5865,29.8667],[-82.5884,29.8669],[-82.5912,29.866],[-82.5929,29.8619],[-82.5944,29.8612],[-82.5954,29.8597],[-82.5972,29.8589],[-82.5999,29.859],[-82.6006,29.8583],[-82.6024,29.8577],[-82.6037,29.8547],[-82.6063,29.8529],[-82.6085,29.8529],[-82.6099,29.8521],[-82.6114,29.8523],[-82.6139,29.8543],[-82.6159,29.8566],[-82.6165,29.8578],[-82.6197,29.8591],[-82.6229,29.854],[-82.6224,29.8521],[-82.6185,29.8509],[-82.6175,29.8495],[-82.6178,29.8473],[-82.6185,29.847],[-82.622,29.8485],[-82.6293,29.8494],[-82.6313,29.8491],[-82.6321,29.8468],[-82.6305,29.8437],[-82.6306,29.8429],[-82.6306,29.8428],[-82.6308,29.8425],[-82.6317,29.8415],[-82.6345,29.8397],[-82.635,29.8381],[-82.6346,29.8353],[-82.6347,29.8336],[-82.6358,29.8324],[-82.6406,29.8288],[-82.6414,29.8274],[-82.6444,29.8268],[-82.6492,29.8265],[-82.6521,29.8256],[-82.6537,29.8269],[-82.6546,29.8291],[-82.6555,29.8297],[-82.6586,29.8301],[-82.6581,29.8281],[-82.6581,29.8218],[-82.6573,29.7551],[-82.6572,29.7515],[-82.657,29.7405],[-82.657,29.7266],[-82.6569,29.7113],[-82.6569,29.6891],[-82.6569,29.6852],[-82.657,29.682],[-82.6566,29.6798],[-82.6566,29.6476],[-82.6564,29.6475],[-82.6564,29.6431],[-82.6563,29.6279],[-82.6563,29.6275],[-82.6563,29.6273],[-82.6563,29.6242],[-82.6563,29.6229],[-82.6563,29.62],[-82.6563,29.6036],[-82.6563,29.6014],[-82.6563,29.5963],[-82.6563,29.5859],[-82.6563,29.5835],[-82.6563,29.5827],[-82.6563,29.5782],[-82.6565,29.5722],[-82.6563,29.5649],[-82.6563,29.5648],[-82.6563,29.5509],[-82.6561,29.5508],[-82.6564,29.5503],[-82.6563,29.5356],[-82.6395,29.5361],[-82.6378,29.5361],[-82.6146,29.5371],[-82.6064,29.5373],[-82.6022,29.5375],[-82.5989,29.5377],[-82.5892,29.5378],[-82.5736,29.5375],[-82.5684,29.5377],[-82.5576,29.5376],[-82.557,29.5374],[-82.5567,29.5346],[-82.5565,29.512],[-82.5569,29.5002],[-82.5568,29.4801],[-82.5566,29.4801],[-82.5231,29.4793],[-82.4998,29.4787],[-82.4963,29.4784],[-82.4962,29.4855],[-82.4908,29.4854],[-82.4666,29.4851],[-82.4548,29.4853],[-82.4533,29.4852],[-82.4477,29.4854],[-82.4129,29.4851],[-82.4066,29.485],[-82.4067,29.4556],[-82.4069,29.429],[-82.4055,29.429],[-82.4054,29.4032],[-82.4056,29.3886],[-82.4054,29.3624],[-82.4055,29.3611],[-82.4052,29.3303],[-82.4052,29.3152],[-82.4046,29.2789],[-82.4039,29.2476],[-82.4033,29.2273],[-82.4035,29.2237],[-82.4032,29.2156],[-82.4201,29.2154],[-82.4326,29.2153],[-82.44,29.2152],[-82.472,29.215],[-82.4964,29.2148],[-82.5121,29.2147],[-82.5142,29.2148],[-82.5277,29.2147],[-82.5349,29.2147],[-82.5346,29.1718],[-82.5347,29.17],[-82.5346,29.1598],[-82.5346,29.1564],[-82.5348,29.1501],[-82.5359,29.1311],[-82.5359,29.1267],[-82.5359,29.1265],[-82.5357,29.1132],[-82.535,29.0538],[-82.5356,29.0449],[-82.5372,29.0443],[-82.5366,29.043],[-82.5381,29.0422],[-82.5421,29.0421],[-82.5428,29.0427],[-82.5458,29.0418],[-82.5499,29.0392],[-82.5506,29.0379],[-82.5567,29.0336],[-82.5581,29.034],[-82.5583,29.0352],[-82.5622,29.0347],[-82.5639,29.0359],[-82.5659,29.0348],[-82.5727,29.0324],[-82.5731,29.0311],[-82.5748,29.0291],[-82.5767,29.0282],[-82.5819,29.0279],[-82.5885,29.0286],[-82.5936,29.03],[-82.5952,29.0299],[-82.5979,29.0279],[-82.6003,29.0241],[-82.6017,29.0213],[-82.6018,29.0185],[-82.6007,29.0164],[-82.6021,29.0135],[-82.6035,29.0123],[-82.6075,29.0104],[-82.6127,29.0093],[-82.6155,29.0101],[-82.6182,29.0103],[-82.621,29.0125],[-82.623,29.0125],[-82.6258,29.0139],[-82.6282,29.0136],[-82.629,29.014],[-82.6309,29.0165],[-82.6336,29.0162],[-82.6344,29.0178],[-82.6358,29.0178],[-82.639,29.0182],[-82.6394,29.0191],[-82.6395,29.0193],[-82.64,29.0211],[-82.641,29.0215],[-82.6441,29.0201],[-82.6461,29.0215],[-82.6483,29.0219],[-82.6495,29.021],[-82.65,29.0218],[-82.6527,29.023],[-82.6545,29.0231],[-82.6574,29.0222],[-82.6597,29.0236],[-82.6625,29.024],[-82.6648,29.0238],[-82.6663,29.0249],[-82.6693,29.0253],[-82.6729,29.0255],[-82.6755,29.0262],[-82.6756,29.0274],[-82.6769,29.0303],[-82.6771,29.0306],[-82.6774,29.0306],[-82.6778,29.0304],[-82.678,29.0303],[-82.6784,29.0302],[-82.6789,29.0302],[-82.68,29.0304],[-82.6803,29.0305],[-82.6835,29.0306],[-82.6898,29.034],[-82.6924,29.0327],[-82.6965,29.0329],[-82.6969,29.0319],[-82.6986,29.0323],[-82.7007,29.0319],[-82.7028,29.0328],[-82.706,29.0308],[-82.7082,29.0315],[-82.7098,29.0309],[-82.712,29.0308],[-82.7132,29.0296],[-82.7169,29.0279],[-82.7175,29.027],[-82.7193,29.0261],[-82.7237,29.0214],[-82.7253,29.0191],[-82.7269,29.0179],[-82.7279,29.0149],[-82.7335,29.0149],[-82.7345,29.014],[-82.7372,29.0124],[-82.741,29.0121],[-82.7427,29.0102],[-82.7419,29.0087],[-82.7427,29.0079],[-82.7443,29.0077],[-82.7482,29.0051],[-82.7524,29.003],[-82.7554,29.0019],[-82.7556,29.0003],[-82.7545,28.9979],[-82.7556,28.997],[-82.7588,28.9934],[-82.7594,28.9924],[-82.7603,28.9929],[-82.7606,28.9931],[-82.761,28.994],[-82.7641,28.9997],[-82.7635,29.0005],[-82.7594,29.0066],[-82.7583,29.0192],[-82.7535,29.0265],[-82.7573,29.0342],[-82.7595,29.0421],[-82.7616,29.0516],[-82.7625,29.0528],[-82.7638,29.0545],[-82.7711,29.0553],[-82.7771,29.0574],[-82.7832,29.0576],[-82.7885,29.0572],[-82.7989,29.0553],[-82.7999,29.0552],[-82.8024,29.0547],[-82.8049,29.0543],[-82.8058,29.0572],[-82.7936,29.0616],[-82.793,29.0618],[-82.7849,29.0649],[-82.7835,29.0693],[-82.788,29.0716],[-82.7999,29.075],[-82.8082,29.0728],[-82.8156,29.073],[-82.8169,29.0762],[-82.8152,29.0793],[-82.8146,29.0803],[-82.8146,29.081],[-82.8146,29.0871],[-82.8202,29.0872],[-82.8194,29.0919],[-82.8237,29.0989],[-82.8154,29.102],[-82.8129,29.1065],[-82.8127,29.1066],[-82.8117,29.107],[-82.8077,29.1085],[-82.8018,29.1166],[-82.802,29.1175],[-82.8026,29.1202],[-82.8026,29.1204],[-82.8027,29.121],[-82.8081,29.1253],[-82.8084,29.1256],[-82.8058,29.1298],[-82.8057,29.1298],[-82.8067,29.1363],[-82.8066,29.1367],[-82.8051,29.1397],[-82.8047,29.1466],[-82.8081,29.1484],[-82.807,29.1525],[-82.811,29.1569],[-82.8139,29.1625],[-82.8206,29.1623],[-82.8225,29.1579],[-82.8271,29.1584],[-82.832,29.1569],[-82.8342,29.1549],[-82.8415,29.1588],[-82.8582,29.1623],[-82.8598,29.1621],[-82.8683,29.1614],[-82.8764,29.1594],[-82.8872,29.1617],[-82.9071,29.1648],[-82.9117,29.1673],[-82.918,29.1687],[-82.9226,29.1698],[-82.9324,29.1679],[-82.9453,29.1678],[-82.9747,29.1709],[-82.9795,29.1718],[-82.9862,29.1727],[-82.9917,29.1735],[-82.9948,29.1752],[-82.9986,29.1741],[-82.9984,29.1686],[-82.9996,29.1633],[-83.0032,29.1573],[-83.0074,29.1563],[-83.0136,29.1545],[-83.0166,29.1505],[-83.0169,29.1469],[-83.0176,29.1447],[-83.0145,29.1405],[-83.0164,29.1386],[-83.0209,29.1395],[-83.0264,29.1371],[-83.0344,29.1335],[-83.0373,29.1345],[-83.0414,29.1376],[-83.0432,29.1366],[-83.0437,29.1363],[-83.0478,29.1339],[-83.0479,29.1328],[-83.0482,29.1302],[-83.0483,29.1297],[-83.0532,29.1267],[-83.0565,29.1299],[-83.058,29.139],[-83.0569,29.1463],[-83.0609,29.148],[-83.0647,29.1424],[-83.0682,29.1531],[-83.0658,29.1646],[-83.0668,29.172],[-83.0677,29.1789],[-83.0737,29.186],[-83.079,29.1969],[-83.0861,29.2095],[-83.0878,29.2164],[-83.0874,29.2194],[-83.0867,29.2247],[-83.0865,29.2251],[-83.0827,29.2313],[-83.0808,29.2344],[-83.0821,29.2393],[-83.0803,29.2417],[-83.0759,29.2466],[-83.0757,29.2469],[-83.0748,29.2479],[-83.0747,29.248],[-83.0766,29.2534],[-83.0772,29.2553],[-83.0773,29.2553],[-83.089,29.2665],[-83.0952,29.2692],[-83.0972,29.2723],[-83.1034,29.2716],[-83.1138,29.2779],[-83.1256,29.2788],[-83.128,29.2827],[-83.1381,29.2841],[-83.1464,29.2892],[-83.1498,29.2895],[-83.1515,29.292],[-83.155,29.2915],[-83.158,29.288],[-83.1616,29.2857],[-83.167,29.2886],[-83.1691,29.2898],[-83.1692,29.2913],[-83.1646,29.2968],[-83.1653,29.2997],[-83.1676,29.3001],[-83.17,29.3011],[-83.1724,29.3042],[-83.1746,29.3071],[-83.1736,29.3099],[-83.164,29.3164],[-83.1639,29.3185],[-83.1567,29.3222],[-83.1562,29.3249],[-83.1583,29.3266],[-83.1605,29.326],[-83.1646,29.3248],[-83.1657,29.3261],[-83.1687,29.3294],[-83.1726,29.3301],[-83.1709,29.3425],[-83.1739,29.3468],[-83.1774,29.3479],[-83.1799,29.3487],[-83.1876,29.3588],[-83.1911,29.3682],[-83.1937,29.37],[-83.1985,29.368],[-83.2025,29.3713],[-83.2007,29.3739],[-83.2012,29.3802],[-83.2041,29.3834],[-83.2019,29.3881],[-83.2024,29.3944],[-83.2108,29.3981],[-83.2113,29.3983],[-83.2124,29.4005],[-83.212,29.4012],[-83.2104,29.4049],[-83.2145,29.4102],[-83.2137,29.4132],[-83.2181,29.4205],[-83.2286,29.4212],[-83.2304,29.4275],[-83.2405,29.4332],[-83.2576,29.433],[-83.264,29.4358],[-83.2667,29.4346],[-83.272,29.4323],[-83.2802,29.4334],[-83.2817,29.4369],[-83.2847,29.4378],[-83.2847,29.4378],[-83.2937,29.437],[-83.2953,29.4381],[-83.2939,29.4399],[-83.2903,29.4418],[-83.2898,29.4441],[-83.2897,29.4448],[-83.2965,29.4475],[-83.298,29.4504],[-83.3071,29.4624],[-83.3078,29.4689],[-83.3144,29.4751],[-83.3211,29.4773],[-83.3311,29.4756],[-83.332,29.4766],[-83.3343,29.4793],[-83.3361,29.4813],[-83.3374,29.4828],[-83.3399,29.4858],[-83.3406,29.486],[-83.3501,29.4894],[-83.3567,29.4999],[-83.3703,29.4999],[-83.3793,29.5036],[-83.384,29.513],[-83.3884,29.5125],[-83.4003,29.5172],[-83.4016,29.5233],[-83.3957,29.5263],[-83.3965,29.5298],[-83.3998,29.533],[-83.4031,29.5433],[-83.4004,29.5501],[-83.4004,29.5502],[-83.4031,29.565],[-83.4072,29.5706],[-83.4053,29.5783],[-83.4069,29.5885],[-83.4051,29.5956],[-83.4017,29.6009],[-83.3995,29.613],[-83.4014,29.6334],[-83.4041,29.6408],[-83.4064,29.6503],[-83.4117,29.657],[-83.4148,29.6636]]]]}},{"type":"Feature","properties":{"geoid":"1201398","puma":"01398","name":"Calhoun, Franklin, Gadsden, Gulf, Jackson, Jefferson, Liberty, & Wakulla Counties PUMA"},"geometry":{"type":"MultiPolygon","coordinates":[[[[-84.6747,29.7862],[-84.6718,29.7866],[-84.6619,29.7817],[-84.6567,29.7817],[-84.6485,29.7837],[-84.6441,29.7897],[-84.6418,29.7896],[-84.6349,29.788],[-84.6299,29.7887],[-84.6245,29.7901],[-84.6172,29.7957],[-84.6112,29.8004],[-84.6076,29.8052],[-84.6047,29.8103],[-84.6031,29.8116],[-84.5948,29.8148],[-84.5913,29.8159],[-84.5885,29.8151],[-84.5856,29.8168],[-84.5863,29.8196],[-84.5821,29.8229],[-84.5811,29.8244],[-84.5803,29.8269],[-84.5765,29.8278],[-84.575,29.8289],[-84.574,29.8306],[-84.5725,29.8285],[-84.5715,29.8242],[-84.5721,29.8187],[-84.5741,29.814],[-84.5794,29.8079],[-84.5828,29.806],[-84.6103,29.7948],[-84.6237,29.7885],[-84.6449,29.7832],[-84.6592,29.7793],[-84.6679,29.7779],[-84.6721,29.7796],[-84.6739,29.7832],[-84.6747,29.7862]]],[[[-85.0972,29.6262],[-85.0949,29.6278],[-85.0917,29.6265],[-85.0896,29.6244],[-85.0839,29.6194],[-85.0783,29.6175],[-85.0739,29.6128],[-85.069,29.6094],[-85.0524,29.6033],[-85.0488,29.6032],[-85.0385,29.5996],[-85.027,29.5967],[-85.0209,29.5984],[-85.0157,29.5982],[-85.0143,29.5996],[-85.0147,29.6033],[-85.0134,29.6043],[-85.0114,29.6036],[-85.0079,29.6046],[-85.0027,29.6051],[-84.9979,29.6047],[-84.9876,29.6076],[-84.9815,29.6086],[-84.9691,29.6134],[-84.9631,29.6165],[-84.9629,29.6165],[-84.9591,29.6176],[-84.9559,29.62],[-84.9484,29.6226],[-84.943,29.6273],[-84.9326,29.6372],[-84.928,29.6382],[-84.9265,29.6408],[-84.9258,29.6449],[-84.924,29.6469],[-84.9203,29.6486],[-84.9132,29.6499],[-84.9072,29.6493],[-84.9038,29.6487],[-84.9012,29.6509],[-84.8987,29.6537],[-84.8933,29.6565],[-84.8899,29.6567],[-84.8859,29.6566],[-84.8834,29.6601],[-84.8795,29.6637],[-84.8729,29.6643],[-84.8678,29.6668],[-84.8676,29.671],[-84.8631,29.6698],[-84.8614,29.6728],[-84.8531,29.6719],[-84.8346,29.6759],[-84.8234,29.6787],[-84.8131,29.6812],[-84.8083,29.6843],[-84.8029,29.6837],[-84.801,29.6849],[-84.7976,29.6869],[-84.7952,29.6871],[-84.7905,29.6895],[-84.7901,29.6917],[-84.7917,29.6929],[-84.7939,29.6947],[-84.7978,29.6948],[-84.7986,29.6977],[-84.7986,29.7021],[-84.7946,29.7027],[-84.7897,29.6984],[-84.7869,29.695],[-84.7822,29.6926],[-84.7773,29.6959],[-84.7791,29.7025],[-84.7772,29.7074],[-84.7725,29.7098],[-84.767,29.7114],[-84.7612,29.7162],[-84.7558,29.72],[-84.7511,29.7218],[-84.7457,29.7263],[-84.7399,29.7267],[-84.7258,29.7361],[-84.724,29.7394],[-84.7235,29.7434],[-84.7206,29.7452],[-84.7167,29.7447],[-84.7111,29.75],[-84.7075,29.7541],[-84.7058,29.7606],[-84.7025,29.764],[-84.7,29.7642],[-84.6976,29.7677],[-84.6967,29.7707],[-84.6949,29.7709],[-84.6934,29.7689],[-84.692,29.7649],[-84.6926,29.763],[-84.6994,29.7582],[-84.7191,29.7391],[-84.7459,29.7164],[-84.7651,29.6997],[-84.777,29.6922],[-84.797,29.6826],[-84.7991,29.6816],[-84.8206,29.6739],[-84.8296,29.6722],[-84.8538,29.6647],[-84.8701,29.6587],[-84.8846,29.6522],[-84.9378,29.6234],[-84.9565,29.614],[-84.9608,29.6128],[-84.9611,29.6127],[-84.98,29.6065],[-85.0362,29.5889],[-85.0451,29.587],[-85.0506,29.5902],[-85.056,29.5944],[-85.061,29.5985],[-85.0695,29.6053],[-85.0842,29.6152],[-85.0954,29.6212],[-85.0977,29.624],[-85.0972,29.6262]]],[[[-85.2225,29.6793],[-85.2203,29.6801],[-85.2162,29.6807],[-85.2071,29.6804],[-85.2019,29.6826],[-85.1848,29.6827],[-85.1686,29.6824],[-85.1564,29.6796],[-85.1396,29.6838],[-85.1384,29.6851],[-85.1346,29.6866],[-85.1242,29.6876],[-85.1225,29.6887],[-85.1185,29.6883],[-85.1143,29.6887],[-85.104,29.6863],[-85.1004,29.6847],[-85.0984,29.6855],[-85.0939,29.6848],[-85.0917,29.6824],[-85.0853,29.6799],[-85.0805,29.6749],[-85.0743,29.674],[-85.0772,29.6709],[-85.0818,29.6652],[-85.0884,29.6556],[-85.0913,29.6505],[-85.0968,29.6331],[-85.1,29.6318],[-85.1205,29.63],[-85.1355,29.632],[-85.141,29.634],[-85.1459,29.6388],[-85.1518,29.6434],[-85.1568,29.6477],[-85.1753,29.659],[-85.1872,29.6657],[-85.2043,29.6727],[-85.2189,29.6762],[-85.2225,29.6778],[-85.2225,29.6793]]],[[[-85.6001,30.8338],[-85.599,30.8354],[-85.5998,30.8369],[-85.5981,30.8377],[-85.5992,30.8389],[-85.5984,30.8404],[-85.5996,30.8422],[-85.5994,30.8445],[-85.598,30.8475],[-85.5964,30.8485],[-85.5957,30.8516],[-85.5962,30.854],[-85.595,30.8546],[-85.5944,30.8568],[-85.5949,30.8595],[-85.5925,30.8625],[-85.5922,30.8645],[-85.5886,30.8673],[-85.5872,30.8689],[-85.5863,30.8724],[-85.5841,30.8745],[-85.5844,30.8763],[-85.5834,30.8768],[-85.5833,30.8799],[-85.5839,30.882],[-85.583,30.8845],[-85.5818,30.8865],[-85.5796,30.8883],[-85.578,30.8912],[-85.577,30.8956],[-85.5757,30.8964],[-85.5756,30.8986],[-85.5718,30.9007],[-85.5701,30.9027],[-85.5696,30.9046],[-85.5679,30.9046],[-85.5664,30.9062],[-85.5648,30.9098],[-85.56,30.9135],[-85.5591,30.9139],[-85.5567,30.9178],[-85.5568,30.9193],[-85.5558,30.9207],[-85.554,30.9237],[-85.5531,30.9262],[-85.5512,30.9285],[-85.5487,30.9304],[-85.5477,30.9322],[-85.5445,30.9332],[-85.5387,30.9338],[-85.5368,30.9345],[-85.5316,30.9379],[-85.5303,30.9393],[-85.5319,30.942],[-85.5311,30.9425],[-85.5316,30.9451],[-85.531,30.9466],[-85.5307,30.947],[-85.5304,30.9534],[-85.5325,30.9586],[-85.5319,30.9645],[-85.5325,30.9661],[-85.5313,30.9667],[-85.5304,30.9682],[-85.5305,30.9716],[-85.5281,30.9752],[-85.5221,30.9755],[-85.5189,30.9778],[-85.5149,30.9823],[-85.5104,30.9856],[-85.509,30.986],[-85.503,30.9906],[-85.5017,30.9921],[-85.498,30.9969],[-85.4926,30.997],[-85.4883,30.9971],[-85.4462,30.9977],[-85.4078,30.9983],[-85.4075,30.9983],[-85.3817,30.9987],[-85.3495,30.9992],[-85.3291,30.9996],[-85.3289,30.9996],[-85.3129,30.9998],[-85.2436,31.0009],[-85.2401,31.0009],[-85.2401,31.0009],[-85.2132,31.0009],[-85.2034,31.0009],[-85.1545,31.0008],[-85.1522,31.0008],[-85.1521,31.0009],[-85.1458,31.0007],[-85.1427,31.0007],[-85.128,31.0007],[-85.1172,31.0007],[-85.0575,31.0006],[-85.0548,31.0006],[-85.0521,31.0006],[-85.0408,31.0006],[-85.0312,31.0006],[-85.0301,31.0007],[-85.0275,31.0007],[-85.0241,31.0007],[-85.0025,31.0007],[-85.0019,31.0007],[-85.0018,30.9979],[-85.0025,30.9869],[-85.0059,30.9798],[-85.0059,30.9774],[-85.0059,30.9774],[-85.0059,30.977],[-85.0051,30.9747],[-85.004,30.9735],[-84.9999,30.9712],[-84.9998,30.9715],[-84.9976,30.9712],[-84.988,30.9688],[-84.9848,30.9675],[-84.9825,30.9656],[-84.9801,30.9613],[-84.9796,30.959],[-84.9796,30.9547],[-84.9822,30.9469],[-84.983,30.9426],[-84.9836,30.937],[-84.9831,30.9348],[-84.9806,30.9327],[-84.9752,30.9308],[-84.971,30.9282],[-84.9706,30.9267],[-84.9694,30.922],[-84.9667,30.9173],[-84.9561,30.9076],[-84.9523,30.9023],[-84.9496,30.8974],[-84.9425,30.8885],[-84.9394,30.8872],[-84.938,30.8863],[-84.9349,30.8845],[-84.9343,30.8819],[-84.9392,30.8749],[-84.9393,30.8715],[-84.9331,30.8659],[-84.9325,30.8632],[-84.9353,30.8613],[-84.9366,30.859],[-84.9332,30.8515],[-84.9278,30.8479],[-84.9257,30.8427],[-84.927,30.8392],[-84.9323,30.8381],[-84.9357,30.834],[-84.9374,30.8209],[-84.9368,30.8185],[-84.9309,30.8105],[-84.9283,30.8051],[-84.9279,30.8028],[-84.929,30.7973],[-84.9288,30.7959],[-84.9283,30.7931],[-84.9267,30.7902],[-84.9203,30.7812],[-84.918,30.7781],[-84.9174,30.7759],[-84.918,30.7721],[-84.9201,30.766],[-84.9172,30.7633],[-84.915,30.7612],[-84.9143,30.7536],[-84.9135,30.7523],[-84.9111,30.7512],[-84.9063,30.7506],[-84.9031,30.7518],[-84.9002,30.7519],[-84.8976,30.7514],[-84.8961,30.7506],[-84.8875,30.7418],[-84.8852,30.735],[-84.8838,30.7326],[-84.8754,30.7275],[-84.8698,30.7219],[-84.8647,30.7115],[-84.8635,30.7115],[-84.8363,30.7107],[-84.8011,30.7091],[-84.7252,30.7056],[-84.7037,30.7047],[-84.6659,30.7029],[-84.6647,30.7029],[-84.6448,30.702],[-84.6252,30.7009],[-84.6252,30.7009],[-84.6064,30.6999],[-84.6062,30.6999],[-84.5984,30.6995],[-84.5508,30.6973],[-84.5394,30.6968],[-84.535,30.6965],[-84.5259,30.696],[-84.4744,30.6928],[-84.4672,30.6926],[-84.4523,30.6921],[-84.437,30.6917],[-84.3807,30.69],[-84.3807,30.69],[-84.3749,30.6898],[-84.2826,30.6853],[-84.2833,30.6842],[-84.2846,30.685],[-84.2864,30.6841],[-84.2862,30.683],[-84.2879,30.6839],[-84.2869,30.682],[-84.2887,30.6816],[-84.2893,30.6834],[-84.2906,30.6842],[-84.2908,30.6819],[-84.2921,30.6807],[-84.2975,30.6825],[-84.2978,30.6788],[-84.2998,30.6788],[-84.2998,30.6801],[-84.3012,30.6801],[-84.3003,30.6766],[-84.2981,30.6768],[-84.3005,30.6738],[-84.3004,30.6761],[-84.3025,30.6759],[-84.3035,30.6777],[-84.3044,30.6758],[-84.303,30.6748],[-84.3028,30.6731],[-84.3041,30.6725],[-84.3053,30.6702],[-84.3044,30.6682],[-84.3023,30.6676],[-84.3018,30.6659],[-84.3002,30.6651],[-84.3008,30.6642],[-84.3026,30.6638],[-84.3022,30.6625],[-84.3001,30.6631],[-84.2992,30.6613],[-84.3025,30.6595],[-84.301,30.6566],[-84.3018,30.6561],[-84.3038,30.6572],[-84.304,30.6565],[-84.2998,30.6543],[-84.2994,30.6535],[-84.3023,30.6512],[-84.3003,30.6487],[-84.3012,30.646],[-84.2999,30.6426],[-84.3006,30.6401],[-84.302,30.6385],[-84.3037,30.6385],[-84.3055,30.6376],[-84.3052,30.636],[-84.3036,30.635],[-84.305,30.6347],[-84.3062,30.6324],[-84.3076,30.6334],[-84.3085,30.6324],[-84.3101,30.6332],[-84.311,30.6321],[-84.3104,30.631],[-84.3135,30.6304],[-84.3122,30.6291],[-84.3135,30.6271],[-84.312,30.6269],[-84.3155,30.626],[-84.3144,30.6248],[-84.3169,30.6233],[-84.3174,30.6213],[-84.3185,30.6225],[-84.3193,30.6219],[-84.3197,30.619],[-84.3206,30.6209],[-84.3227,30.6206],[-84.3224,30.6184],[-84.323,30.6175],[-84.3248,30.6181],[-84.325,30.6173],[-84.3235,30.6168],[-84.3232,30.6158],[-84.3249,30.6165],[-84.3245,30.6139],[-84.326,30.613],[-84.3256,30.6118],[-84.3271,30.6123],[-84.3277,30.6116],[-84.3262,30.6087],[-84.327,30.6079],[-84.3278,30.6099],[-84.3289,30.6099],[-84.3305,30.6082],[-84.3289,30.6072],[-84.3296,30.6064],[-84.3311,30.6072],[-84.3301,30.6055],[-84.3323,30.6004],[-84.3336,30.6011],[-84.3337,30.5999],[-84.3303,30.5999],[-84.3319,30.5983],[-84.3328,30.5984],[-84.3321,30.5965],[-84.3341,30.5975],[-84.3351,30.5958],[-84.3367,30.5968],[-84.3391,30.5971],[-84.3397,30.5977],[-84.3392,30.5996],[-84.3409,30.6002],[-84.3403,30.5986],[-84.3408,30.5974],[-84.3428,30.5981],[-84.3437,30.5963],[-84.3429,30.5956],[-84.344,30.595],[-84.3461,30.5954],[-84.347,30.5929],[-84.3463,30.5919],[-84.3486,30.5917],[-84.3503,30.5932],[-84.352,30.5914],[-84.3531,30.592],[-84.3535,30.5919],[-84.3538,30.5911],[-84.3554,30.5912],[-84.3559,30.5899],[-84.3575,30.5896],[-84.3576,30.5892],[-84.3573,30.5885],[-84.3575,30.5878],[-84.3571,30.5866],[-84.3595,30.5854],[-84.361,30.5841],[-84.3622,30.5841],[-84.3637,30.5853],[-84.3647,30.5852],[-84.3641,30.5837],[-84.3658,30.5827],[-84.368,30.5831],[-84.3701,30.5822],[-84.37,30.5812],[-84.3714,30.5811],[-84.3711,30.5797],[-84.3726,30.5793],[-84.3731,30.5782],[-84.3723,30.5765],[-84.3726,30.5753],[-84.3755,30.5743],[-84.3767,30.5751],[-84.3784,30.5735],[-84.3786,30.5699],[-84.3798,30.5669],[-84.3793,30.5658],[-84.3816,30.565],[-84.3812,30.5636],[-84.382,30.563],[-84.3802,30.5617],[-84.3821,30.5613],[-84.3816,30.5603],[-84.3796,30.56],[-84.3791,30.5593],[-84.3811,30.5573],[-84.3811,30.5552],[-84.3822,30.5557],[-84.3822,30.5546],[-84.3841,30.5539],[-84.3842,30.5538],[-84.3864,30.5524],[-84.3876,30.5503],[-84.3883,30.5493],[-84.3884,30.5463],[-84.3875,30.5445],[-84.3884,30.5435],[-84.3892,30.541],[-84.3909,30.5352],[-84.3916,30.5315],[-84.3911,30.5307],[-84.391,30.5294],[-84.3888,30.5294],[-84.3897,30.5285],[-84.3894,30.5273],[-84.3883,30.5262],[-84.3911,30.525],[-84.3914,30.5226],[-84.3907,30.5214],[-84.3919,30.5199],[-84.3938,30.5207],[-84.3938,30.5179],[-84.3918,30.5169],[-84.3943,30.5167],[-84.3959,30.5172],[-84.395,30.5156],[-84.3929,30.5158],[-84.3932,30.5144],[-84.3953,30.5152],[-84.3963,30.5143],[-84.3945,30.513],[-84.3956,30.5125],[-84.3961,30.5138],[-84.3975,30.5142],[-84.3985,30.5122],[-84.402,30.5101],[-84.4029,30.5108],[-84.405,30.508],[-84.4034,30.5066],[-84.404,30.5054],[-84.4019,30.5053],[-84.4024,30.5045],[-84.4038,30.504],[-84.4031,30.5021],[-84.4046,30.5017],[-84.4046,30.4991],[-84.4024,30.4999],[-84.4023,30.4983],[-84.4009,30.4974],[-84.4009,30.4957],[-84.402,30.4948],[-84.4005,30.4941],[-84.3988,30.495],[-84.3982,30.4938],[-84.399,30.493],[-84.398,30.4923],[-84.397,30.4933],[-84.3967,30.493],[-84.3976,30.4914],[-84.3976,30.4908],[-84.3963,30.4904],[-84.3955,30.4907],[-84.3955,30.4904],[-84.3963,30.4899],[-84.3978,30.4886],[-84.3964,30.486],[-84.3975,30.4853],[-84.3974,30.485],[-84.3972,30.4833],[-84.4027,30.4801],[-84.4021,30.4778],[-84.4029,30.4758],[-84.4059,30.4757],[-84.4054,30.474],[-84.4073,30.4733],[-84.408,30.4731],[-84.4124,30.4713],[-84.4137,30.4705],[-84.4188,30.4667],[-84.4209,30.4637],[-84.4227,30.4635],[-84.424,30.4645],[-84.4233,30.4666],[-84.424,30.4674],[-84.4255,30.4657],[-84.4273,30.4664],[-84.4304,30.4659],[-84.4338,30.4638],[-84.434,30.4657],[-84.4348,30.4661],[-84.4371,30.4626],[-84.4386,30.4625],[-84.4379,30.4612],[-84.4393,30.4608],[-84.4411,30.4621],[-84.4436,30.4612],[-84.4457,30.4615],[-84.4474,30.4607],[-84.4485,30.4615],[-84.4501,30.4611],[-84.4503,30.4622],[-84.4526,30.4624],[-84.4552,30.4595],[-84.4605,30.4559],[-84.4626,30.4566],[-84.4641,30.4577],[-84.4659,30.4578],[-84.4677,30.4593],[-84.4698,30.4584],[-84.4711,30.4586],[-84.4725,30.4603],[-84.4734,30.4601],[-84.474,30.4579],[-84.4768,30.4574],[-84.4784,30.4592],[-84.4792,30.4578],[-84.481,30.4591],[-84.4834,30.4565],[-84.4857,30.4564],[-84.4875,30.4584],[-84.4903,30.4597],[-84.4935,30.4604],[-84.4953,30.4603],[-84.4976,30.4576],[-84.4979,30.4549],[-84.4992,30.453],[-84.5021,30.4519],[-84.5034,30.452],[-84.5044,30.4509],[-84.507,30.4506],[-84.5079,30.4513],[-84.5098,30.4503],[-84.5106,30.4509],[-84.5113,30.4503],[-84.5123,30.4515],[-84.5135,30.4508],[-84.5143,30.4521],[-84.5156,30.4509],[-84.5165,30.4515],[-84.519,30.4503],[-84.5202,30.4515],[-84.523,30.4489],[-84.525,30.4483],[-84.527,30.4464],[-84.5294,30.4408],[-84.5306,30.4398],[-84.5342,30.4395],[-84.5379,30.4402],[-84.5394,30.4393],[-84.5422,30.4408],[-84.5429,30.4394],[-84.544,30.4399],[-84.5464,30.44],[-84.5459,30.4369],[-84.549,30.4373],[-84.5497,30.4361],[-84.5513,30.4369],[-84.5531,30.4364],[-84.556,30.4348],[-84.5568,30.4361],[-84.5586,30.4353],[-84.5595,30.434],[-84.5602,30.4351],[-84.5601,30.4378],[-84.5615,30.4379],[-84.5623,30.4357],[-84.5643,30.4344],[-84.5648,30.4333],[-84.5664,30.4337],[-84.5665,30.4324],[-84.5651,30.4318],[-84.5653,30.4308],[-84.5666,30.4314],[-84.5677,30.4304],[-84.5678,30.429],[-84.5698,30.4262],[-84.5716,30.4251],[-84.5726,30.424],[-84.5736,30.4225],[-84.5771,30.42],[-84.579,30.4202],[-84.5801,30.419],[-84.5801,30.4173],[-84.5825,30.4167],[-84.5829,30.4159],[-84.5877,30.4141],[-84.5905,30.4119],[-84.5914,30.4118],[-84.5927,30.4135],[-84.5949,30.4126],[-84.5985,30.4133],[-84.6003,30.4147],[-84.6032,30.4156],[-84.6058,30.4149],[-84.6069,30.4161],[-84.6095,30.414],[-84.6108,30.4122],[-84.6126,30.4111],[-84.6132,30.41],[-84.6184,30.4108],[-84.6217,30.4097],[-84.6236,30.4095],[-84.626,30.4085],[-84.6283,30.406],[-84.6319,30.4033],[-84.6353,30.3996],[-84.639,30.3978],[-84.6397,30.3965],[-84.6424,30.3965],[-84.6422,30.3979],[-84.6435,30.3979],[-84.6456,30.3959],[-84.6477,30.3946],[-84.6474,30.3929],[-84.6457,30.3918],[-84.6464,30.3883],[-84.648,30.3872],[-84.655,30.3837],[-84.6636,30.3784],[-84.6647,30.3772],[-84.6653,30.374],[-84.6633,30.3724],[-84.6635,30.3705],[-84.6659,30.3699],[-84.667,30.3675],[-84.6685,30.3666],[-84.6705,30.3641],[-84.6735,30.3643],[-84.6745,30.3666],[-84.6773,30.3671],[-84.6794,30.3682],[-84.6813,30.3676],[-84.6809,30.3652],[-84.6812,30.3615],[-84.6825,30.3601],[-84.6841,30.3602],[-84.6837,30.3577],[-84.6854,30.3556],[-84.6854,30.3548],[-84.6826,30.3549],[-84.6842,30.3535],[-84.6863,30.3534],[-84.6865,30.3523],[-84.6844,30.351],[-84.6854,30.3499],[-84.6891,30.3495],[-84.6909,30.3496],[-84.6903,30.3478],[-84.6912,30.3474],[-84.6931,30.3489],[-84.6937,30.348],[-84.6931,30.3469],[-84.6946,30.3452],[-84.6956,30.3453],[-84.6956,30.3471],[-84.6964,30.3471],[-84.6983,30.3445],[-84.7004,30.3442],[-84.702,30.3421],[-84.701,30.3408],[-84.7022,30.3402],[-84.7031,30.3411],[-84.7038,30.3403],[-84.702,30.3387],[-84.7031,30.3377],[-84.7031,30.3365],[-84.7043,30.3359],[-84.7062,30.3368],[-84.7085,30.3357],[-84.7089,30.3345],[-84.7108,30.3339],[-84.7119,30.3345],[-84.714,30.3328],[-84.7151,30.3331],[-84.7151,30.3301],[-84.7111,30.3251],[-84.7095,30.3235],[-84.7069,30.3224],[-84.7058,30.3227],[-84.7041,30.3217],[-84.7026,30.3228],[-84.7026,30.3204],[-84.701,30.319],[-84.7011,30.3177],[-84.7021,30.3159],[-84.7052,30.3128],[-84.7084,30.3102],[-84.7116,30.3044],[-84.7111,30.3019],[-84.7134,30.3002],[-84.6612,30.3002],[-84.6331,30.3003],[-84.6283,30.3003],[-84.628,30.3004],[-84.5095,30.3018],[-84.5043,30.3019],[-84.4788,30.302],[-84.4211,30.3024],[-84.4004,30.3026],[-84.3785,30.3027],[-84.3785,30.3034],[-84.3464,30.3034],[-84.345,30.3034],[-84.3409,30.3035],[-84.3119,30.3033],[-84.2928,30.3034],[-84.2859,30.3033],[-84.2776,30.3033],[-84.2543,30.3032],[-84.2477,30.3035],[-84.2415,30.2762],[-84.2412,30.2742],[-84.239,30.2742],[-84.2319,30.2742],[-84.1617,30.2739],[-84.1497,30.2737],[-84.1249,30.2737],[-84.1172,30.2734],[-84.1095,30.2735],[-84.0755,30.2736],[-84.0756,30.2888],[-84.0758,30.3698],[-84.0754,30.3752],[-84.0749,30.4131],[-84.0748,30.4308],[-84.0747,30.4343],[-84.0643,30.4434],[-84.0623,30.4451],[-84.0415,30.4633],[-84.0413,30.4735],[-84.0412,30.4837],[-84.0412,30.484],[-84.0412,30.5077],[-84.0411,30.5185],[-84.0412,30.5219],[-83.9772,30.522],[-83.9786,30.5227],[-83.9807,30.5288],[-83.9818,30.5308],[-83.984,30.5326],[-83.9842,30.5335],[-83.9831,30.5353],[-83.9834,30.539],[-83.9857,30.542],[-83.9857,30.5436],[-83.987,30.5471],[-83.9867,30.5496],[-83.985,30.5501],[-83.9837,30.5518],[-83.9817,30.5519],[-83.9805,30.5496],[-83.979,30.5506],[-83.9803,30.5531],[-83.985,30.5574],[-83.9878,30.5593],[-83.9909,30.5611],[-83.9917,30.5635],[-83.9928,30.5648],[-83.9935,30.5651],[-83.993,30.5656],[-83.9951,30.5681],[-83.9966,30.571],[-83.9981,30.5717],[-83.9977,30.574],[-83.9966,30.5748],[-83.9962,30.5771],[-83.9966,30.579],[-83.9987,30.5811],[-83.9996,30.5825],[-84.0014,30.5839],[-84.0017,30.5859],[-84.0027,30.5879],[-84.0016,30.5893],[-84.0019,30.5914],[-84.0017,30.5935],[-84.0018,30.5967],[-84.0038,30.5992],[-84.0045,30.6012],[-84.0039,30.6027],[-84.0047,30.6048],[-84.0035,30.6056],[-84.0031,30.6071],[-84.0057,30.6092],[-84.0077,30.6093],[-84.0078,30.6252],[-84.0079,30.6261],[-84.0075,30.6721],[-84.0074,30.6721],[-83.935,30.6685],[-83.8803,30.6658],[-83.8802,30.6658],[-83.8799,30.6658],[-83.8797,30.6658],[-83.8552,30.6644],[-83.8209,30.6626],[-83.8105,30.6619],[-83.8088,30.6618],[-83.7959,30.6611],[-83.7437,30.6584],[-83.6975,30.656],[-83.6768,30.6549],[-83.6741,30.6547],[-83.6422,30.653],[-83.6117,30.6513],[-83.6121,30.6387],[-83.6044,30.6382],[-83.6044,30.6252],[-83.6046,30.6107],[-83.6042,30.5819],[-83.6061,30.5821],[-83.6207,30.582],[-83.6207,30.5788],[-83.6212,30.5674],[-83.6249,30.5675],[-83.6373,30.5675],[-83.6374,30.5527],[-83.6705,30.5529],[-83.6711,30.538],[-83.7043,30.5381],[-83.7045,30.524],[-83.7044,30.523],[-83.726,30.5231],[-83.7274,30.5206],[-83.73,30.5188],[-83.7319,30.5151],[-83.7339,30.5133],[-83.7347,30.5104],[-83.7367,30.5087],[-83.737,30.5076],[-83.7363,30.5042],[-83.7364,30.5021],[-83.7354,30.5012],[-83.7354,30.4986],[-83.7335,30.4983],[-83.7328,30.496],[-83.7315,30.495],[-83.7311,30.4923],[-83.7277,30.49],[-83.727,30.4877],[-83.7272,30.4856],[-83.7264,30.4846],[-83.7281,30.483],[-83.7279,30.4799],[-83.7274,30.4796],[-83.7277,30.4751],[-83.7287,30.4741],[-83.7289,30.4727],[-83.728,30.4707],[-83.7249,30.4686],[-83.7254,30.4671],[-83.7245,30.4657],[-83.7239,30.4612],[-83.7268,30.4591],[-83.7262,30.458],[-83.728,30.4558],[-83.7283,30.4546],[-83.7277,30.4532],[-83.7277,30.4514],[-83.7264,30.4502],[-83.7268,30.4488],[-83.7244,30.4455],[-83.7228,30.4423],[-83.7223,30.4354],[-83.7217,30.4348],[-83.7235,30.4329],[-83.7271,30.4325],[-83.7279,30.4291],[-83.7309,30.4279],[-83.7331,30.4258],[-83.7334,30.424],[-83.736,30.4235],[-83.7372,30.4234],[-83.7379,30.4224],[-83.7404,30.4212],[-83.7432,30.4158],[-83.7457,30.4137],[-83.7467,30.4116],[-83.7487,30.4106],[-83.7511,30.4076],[-83.7501,30.405],[-83.7513,30.4033],[-83.7521,30.401],[-83.7515,30.4001],[-83.752,30.3981],[-83.7533,30.3972],[-83.7539,30.3983],[-83.7545,30.3972],[-83.7558,30.3965],[-83.7558,30.3948],[-83.7549,30.394],[-83.7552,30.3918],[-83.7567,30.3867],[-83.7584,30.3849],[-83.7609,30.3854],[-83.761,30.3844],[-83.7629,30.3831],[-83.7648,30.3831],[-83.7662,30.3821],[-83.7684,30.3819],[-83.7707,30.3832],[-83.773,30.3833],[-83.7739,30.3825],[-83.7798,30.3821],[-83.7808,30.3802],[-83.7832,30.3789],[-83.7861,30.38],[-83.7884,30.3822],[-83.7885,30.3843],[-83.7875,30.3867],[-83.788,30.3894],[-83.7898,30.3902],[-83.7914,30.3899],[-83.7927,30.3879],[-83.7929,30.3867],[-83.795,30.3861],[-83.7949,30.3839],[-83.7957,30.3821],[-83.7983,30.3822],[-83.8009,30.3798],[-83.8017,30.3777],[-83.8038,30.3776],[-83.8046,30.3769],[-83.805,30.375],[-83.8042,30.3737],[-83.8067,30.3717],[-83.8069,30.3706],[-83.8066,30.368],[-83.8081,30.3647],[-83.8064,30.3622],[-83.8058,30.3577],[-83.8046,30.3562],[-83.8041,30.3531],[-83.8051,30.351],[-83.8068,30.35],[-83.8076,30.3487],[-83.807,30.3484],[-83.8028,30.3478],[-83.7992,30.3469],[-83.7995,30.3461],[-83.7981,30.3437],[-83.7966,30.3423],[-83.7976,30.3413],[-83.796,30.3393],[-83.7957,30.3383],[-83.7937,30.3373],[-83.7936,30.3355],[-83.7919,30.3339],[-83.7906,30.3337],[-83.7871,30.3317],[-83.7877,30.3284],[-83.7885,30.3282],[-83.7893,30.3263],[-83.7889,30.3243],[-83.7915,30.3227],[-83.7912,30.3219],[-83.7925,30.3192],[-83.7949,30.3193],[-83.7972,30.3185],[-83.7985,30.317],[-83.7989,30.3177],[-83.8013,30.3153],[-83.803,30.3158],[-83.8059,30.3158],[-83.8076,30.3176],[-83.8111,30.3183],[-83.8121,30.3175],[-83.8145,30.3176],[-83.8157,30.3171],[-83.8165,30.315],[-83.8205,30.3131],[-83.82,30.3113],[-83.8205,30.3092],[-83.8219,30.3074],[-83.8189,30.3059],[-83.8181,30.3043],[-83.8202,30.3035],[-83.8203,30.2997],[-83.821,30.3],[-83.8226,30.299],[-83.8228,30.298],[-83.8258,30.2971],[-83.8262,30.2953],[-83.8284,30.2927],[-83.8275,30.2916],[-83.8293,30.2918],[-83.8289,30.2906],[-83.8278,30.2905],[-83.8295,30.2879],[-83.8337,30.2867],[-83.8349,30.2853],[-83.8345,30.2845],[-83.8368,30.2833],[-83.8364,30.2821],[-83.8377,30.2808],[-83.8382,30.282],[-83.8385,30.2804],[-83.8398,30.2807],[-83.8417,30.2798],[-83.8427,30.2784],[-83.8445,30.2781],[-83.8449,30.2774],[-83.8477,30.2785],[-83.8478,30.2778],[-83.8495,30.2769],[-83.8503,30.2778],[-83.8538,30.277],[-83.8543,30.2741],[-83.8566,30.2744],[-83.857,30.2733],[-83.8592,30.2727],[-83.8614,30.2709],[-83.8633,30.2715],[-83.8647,30.2705],[-83.8664,30.2704],[-83.8677,30.2713],[-83.8695,30.2708],[-83.871,30.2696],[-83.8733,30.2689],[-83.8765,30.2688],[-83.8773,30.2694],[-83.8783,30.2685],[-83.8797,30.269],[-83.8817,30.2676],[-83.8829,30.265],[-83.8843,30.2657],[-83.8849,30.2644],[-83.8863,30.2635],[-83.8882,30.2633],[-83.8905,30.2615],[-83.8924,30.2606],[-83.8934,30.2581],[-83.8955,30.2579],[-83.8969,30.2565],[-83.8962,30.255],[-83.8971,30.2543],[-83.8973,30.2521],[-83.8997,30.2499],[-83.9026,30.2495],[-83.9026,30.2475],[-83.9048,30.2482],[-83.9076,30.2476],[-83.9101,30.2477],[-83.9122,30.2459],[-83.9138,30.2462],[-83.9158,30.2452],[-83.9153,30.2421],[-83.9164,30.2409],[-83.9158,30.2396],[-83.9167,30.2354],[-83.916,30.2348],[-83.9175,30.2317],[-83.9206,30.2301],[-83.9216,30.2286],[-83.9191,30.2279],[-83.9182,30.225],[-83.9166,30.2255],[-83.9167,30.2232],[-83.9178,30.2222],[-83.9176,30.2209],[-83.9189,30.2199],[-83.9174,30.2176],[-83.918,30.2148],[-83.9193,30.2135],[-83.9205,30.2133],[-83.9212,30.2107],[-83.9236,30.2086],[-83.9239,30.2068],[-83.9256,30.205],[-83.9255,30.2039],[-83.9237,30.203],[-83.9236,30.2018],[-83.9248,30.2013],[-83.9244,30.1983],[-83.927,30.1943],[-83.9255,30.1929],[-83.9273,30.1909],[-83.931,30.1891],[-83.9327,30.1911],[-83.9346,30.191],[-83.9364,30.1918],[-83.9408,30.1921],[-83.9435,30.191],[-83.9443,30.1898],[-83.9479,30.1887],[-83.9488,30.1875],[-83.9503,30.1871],[-83.9518,30.1851],[-83.9508,30.184],[-83.9508,30.1813],[-83.9522,30.1796],[-83.9531,30.1775],[-83.9527,30.1758],[-83.9547,30.1757],[-83.9569,30.1744],[-83.9581,30.1714],[-83.9569,30.1685],[-83.9576,30.1663],[-83.9578,30.162],[-83.96,30.1606],[-83.9631,30.1575],[-83.9619,30.154],[-83.9606,30.1518],[-83.9618,30.1508],[-83.9639,30.1503],[-83.9682,30.1486],[-83.9699,30.1473],[-83.9728,30.1461],[-83.9734,30.1453],[-83.9733,30.1422],[-83.9725,30.1416],[-83.9726,30.1404],[-83.9718,30.1392],[-83.969,30.1375],[-83.9687,30.1359],[-83.9697,30.1338],[-83.9705,30.1333],[-83.971,30.1315],[-83.9737,30.1284],[-83.974,30.1267],[-83.9757,30.1253],[-83.9777,30.1231],[-83.9784,30.1199],[-83.9797,30.119],[-83.98,30.1177],[-83.9802,30.1143],[-83.9815,30.1102],[-83.983,30.1087],[-83.9847,30.1048],[-83.988,30.1036],[-83.9897,30.1009],[-83.9898,30.0986],[-83.9922,30.0958],[-83.992,30.0934],[-83.9923,30.0891],[-83.9914,30.086],[-83.9925,30.0852],[-83.9955,30.0826],[-83.9965,30.0817],[-83.998,30.0827],[-84.002,30.0852],[-83.9992,30.0914],[-84.0015,30.0947],[-84.0068,30.0976],[-84.014,30.0973],[-84.0243,30.1033],[-84.0367,30.1023],[-84.0403,30.0996],[-84.043,30.1015],[-84.0487,30.1032],[-84.0539,30.1024],[-84.0607,30.1005],[-84.063,30.1014],[-84.076,30.0955],[-84.0831,30.0923],[-84.087,30.0921],[-84.0937,30.094],[-84.1056,30.0912],[-84.1138,30.0855],[-84.1189,30.0885],[-84.1206,30.0912],[-84.1249,30.0906],[-84.1357,30.083],[-84.1573,30.0727],[-84.1679,30.0714],[-84.1791,30.0732],[-84.1845,30.0773],[-84.1822,30.0824],[-84.1774,30.0855],[-84.1738,30.091],[-84.175,30.0958],[-84.1771,30.0961],[-84.1798,30.092],[-84.1881,30.094],[-84.1936,30.0978],[-84.2022,30.1123],[-84.2031,30.1128],[-84.2056,30.1143],[-84.2088,30.1072],[-84.2045,30.0959],[-84.2017,30.0944],[-84.1985,30.0879],[-84.2016,30.088],[-84.2034,30.0846],[-84.208,30.0848],[-84.2187,30.084],[-84.2278,30.0853],[-84.237,30.0856],[-84.2392,30.0902],[-84.2457,30.093],[-84.2475,30.1011],[-84.2561,30.1048],[-84.2623,30.1037],[-84.2638,30.1003],[-84.2694,30.0977],[-84.2725,30.0924],[-84.274,30.0831],[-84.2704,30.0755],[-84.2708,30.0681],[-84.2731,30.0638],[-84.2772,30.0603],[-84.2822,30.0612],[-84.2897,30.0572],[-84.2932,30.0584],[-84.2978,30.0575],[-84.3145,30.0495],[-84.3175,30.0481],[-84.3254,30.0423],[-84.3295,30.0393],[-84.3343,30.0371],[-84.3371,30.0323],[-84.3339,30.029],[-84.3376,30.0264],[-84.3395,30.0293],[-84.3455,30.027],[-84.3443,30.0225],[-84.3469,30.0186],[-84.3524,30.0129],[-84.3554,30.014],[-84.3552,30.0167],[-84.3566,30.0186],[-84.3616,30.0157],[-84.3661,30.0087],[-84.3638,30.0048],[-84.3609,29.998],[-84.3617,29.9954],[-84.3625,29.9928],[-84.362,29.9877],[-84.36,29.9847],[-84.3581,29.9829],[-84.3564,29.9804],[-84.3535,29.9801],[-84.3522,29.9791],[-84.3504,29.9805],[-84.3477,29.9841],[-84.3466,29.985],[-84.3447,29.985],[-84.3432,29.9829],[-84.3411,29.9789],[-84.3401,29.9754],[-84.3408,29.972],[-84.3418,29.9703],[-84.3483,29.9691],[-84.3507,29.9697],[-84.3538,29.9697],[-84.3605,29.9712],[-84.3624,29.9729],[-84.3696,29.9746],[-84.3728,29.9761],[-84.3781,29.9769],[-84.3827,29.9769],[-84.3832,29.977],[-84.3853,29.9772],[-84.392,29.9806],[-84.3936,29.9817],[-84.3947,29.9824],[-84.3992,29.9833],[-84.4025,29.9837],[-84.4088,29.9849],[-84.409,29.9849],[-84.4092,29.9849],[-84.4123,29.9843],[-84.4156,29.9831],[-84.4188,29.9833],[-84.4254,29.9854],[-84.4264,29.9858],[-84.4282,29.9865],[-84.4289,29.9869],[-84.4304,29.9883],[-84.4326,29.9902],[-84.4342,29.9905],[-84.4356,29.9897],[-84.4376,29.9881],[-84.4362,29.9858],[-84.4355,29.9817],[-84.4363,29.979],[-84.4364,29.9786],[-84.4326,29.9762],[-84.4324,29.9742],[-84.4342,29.9736],[-84.4365,29.9697],[-84.442,29.9678],[-84.4423,29.9661],[-84.4424,29.9656],[-84.4425,29.9651],[-84.4426,29.9622],[-84.4409,29.9619],[-84.4389,29.9602],[-84.4363,29.961],[-84.4343,29.9611],[-84.4324,29.9598],[-84.4262,29.96],[-84.4233,29.9614],[-84.4198,29.9642],[-84.4178,29.9655],[-84.4104,29.9642],[-84.4084,29.9634],[-84.4069,29.9616],[-84.4043,29.9598],[-84.4021,29.96],[-84.3968,29.9597],[-84.394,29.9599],[-84.3933,29.96],[-84.3892,29.9605],[-84.3846,29.9613],[-84.3841,29.9614],[-84.3811,29.9607],[-84.3769,29.9569],[-84.3721,29.9525],[-84.3681,29.9515],[-84.364,29.9523],[-84.3608,29.9542],[-84.3559,29.9531],[-84.3519,29.9514],[-84.3466,29.948],[-84.3442,29.9471],[-84.3413,29.9478],[-84.3386,29.9465],[-84.3365,29.9425],[-84.3339,29.9297],[-84.3337,29.9237],[-84.336,29.913],[-84.3392,29.9067],[-84.3416,29.9022],[-84.3445,29.899],[-84.3491,29.8968],[-84.3517,29.8964],[-84.3586,29.8967],[-84.3668,29.8958],[-84.372,29.8941],[-84.3775,29.8934],[-84.3809,29.8937],[-84.405,29.9012],[-84.4091,29.9019],[-84.4233,29.9033],[-84.4252,29.9048],[-84.4332,29.9075],[-84.4408,29.913],[-84.4437,29.9169],[-84.4488,29.9216],[-84.4506,29.9277],[-84.4517,29.929],[-84.4517,29.9291],[-84.4602,29.9278],[-84.4703,29.9245],[-84.4809,29.9177],[-84.4825,29.9171],[-84.4845,29.9163],[-84.4887,29.9132],[-84.492,29.9099],[-84.4931,29.9105],[-84.4928,29.9123],[-84.4946,29.914],[-84.4984,29.9147],[-84.5008,29.9161],[-84.506,29.9164],[-84.5104,29.9163],[-84.5131,29.9152],[-84.5154,29.9154],[-84.5218,29.9141],[-84.5286,29.9123],[-84.5359,29.9101],[-84.5528,29.9003],[-84.5555,29.8987],[-84.5616,29.8952],[-84.5681,29.8915],[-84.5774,29.8878],[-84.5937,29.881],[-84.6033,29.8761],[-84.6097,29.8709],[-84.6132,29.868],[-84.615,29.8668],[-84.6249,29.8604],[-84.6337,29.8563],[-84.6364,29.8529],[-84.6434,29.8499],[-84.648,29.8471],[-84.652,29.844],[-84.6527,29.8435],[-84.6538,29.8398],[-84.6546,29.8359],[-84.6565,29.8343],[-84.6611,29.8371],[-84.6619,29.8371],[-84.6626,29.8371],[-84.6646,29.8347],[-84.6663,29.8368],[-84.6668,29.8369],[-84.6683,29.8373],[-84.6718,29.8347],[-84.675,29.8339],[-84.6744,29.8314],[-84.6744,29.8301],[-84.684,29.8307],[-84.6921,29.8291],[-84.7018,29.8243],[-84.7068,29.8212],[-84.7172,29.8136],[-84.7278,29.807],[-84.7303,29.8069],[-84.7343,29.8051],[-84.7366,29.8036],[-84.7448,29.7972],[-84.7504,29.7923],[-84.7556,29.7885],[-84.7586,29.7879],[-84.7618,29.7887],[-84.7675,29.7857],[-84.7684,29.7853],[-84.7724,29.7834],[-84.7774,29.7811],[-84.7782,29.7807],[-84.7881,29.7755],[-84.7914,29.7737],[-84.7984,29.7689],[-84.8035,29.7679],[-84.8079,29.7661],[-84.8139,29.7629],[-84.8242,29.7583],[-84.8313,29.7576],[-84.8332,29.757],[-84.8368,29.756],[-84.8372,29.7559],[-84.8504,29.7494],[-84.8579,29.747],[-84.8683,29.7425],[-84.8818,29.7339],[-84.8848,29.7291],[-84.8854,29.7256],[-84.888,29.7224],[-84.8881,29.7224],[-84.8928,29.7232],[-84.8928,29.7252],[-84.8949,29.7281],[-84.8994,29.7311],[-84.9004,29.733],[-84.9021,29.7353],[-84.9007,29.7373],[-84.9001,29.7396],[-84.8968,29.7436],[-84.8958,29.7448],[-84.8901,29.7558],[-84.889,29.7596],[-84.8862,29.7654],[-84.8849,29.767],[-84.8828,29.7684],[-84.88,29.7692],[-84.8771,29.7729],[-84.8711,29.7813],[-84.8711,29.7819],[-84.8709,29.7834],[-84.8723,29.7871],[-84.8725,29.79],[-84.8726,29.7901],[-84.8706,29.7971],[-84.8736,29.797],[-84.8777,29.7981],[-84.8821,29.7965],[-84.8817,29.7933],[-84.8822,29.7908],[-84.8825,29.7889],[-84.8818,29.7873],[-84.8842,29.786],[-84.8851,29.7845],[-84.888,29.7844],[-84.8895,29.7849],[-84.894,29.7852],[-84.8948,29.7853],[-84.9041,29.7863],[-84.9073,29.7848],[-84.9096,29.7837],[-84.9151,29.7833],[-84.9152,29.7831],[-84.9164,29.777],[-84.9209,29.7729],[-84.9276,29.7612],[-84.9341,29.7558],[-84.9384,29.7502],[-84.9458,29.7455],[-84.9466,29.745],[-84.9642,29.7398],[-84.9683,29.7286],[-84.9688,29.7271],[-84.977,29.7212],[-84.9794,29.7209],[-84.9816,29.7207],[-84.9867,29.7175],[-84.9933,29.715],[-84.9977,29.714],[-85.0007,29.7138],[-85.003,29.7137],[-85.0041,29.7136],[-85.0049,29.7136],[-85.0059,29.7116],[-85.0139,29.7095],[-85.0251,29.7121],[-85.0291,29.7113],[-85.0326,29.7087],[-85.0359,29.7086],[-85.0372,29.7111],[-85.0402,29.7129],[-85.0481,29.7152],[-85.0533,29.7155],[-85.0721,29.719],[-85.1017,29.7187],[-85.1193,29.7162],[-85.1196,29.7161],[-85.1215,29.7159],[-85.1532,29.7082],[-85.1615,29.7057],[-85.1723,29.7035],[-85.1773,29.7002],[-85.1879,29.6996],[-85.1965,29.6974],[-85.2024,29.6982],[-85.2175,29.6947],[-85.2509,29.6872],[-85.2518,29.6849],[-85.2495,29.6829],[-85.2459,29.6816],[-85.2296,29.6824],[-85.2254,29.6858],[-85.222,29.6855],[-85.2215,29.6839],[-85.2246,29.681],[-85.2322,29.6774],[-85.2422,29.6769],[-85.25,29.6791],[-85.2597,29.6813],[-85.262,29.6816],[-85.2766,29.6835],[-85.2766,29.6835],[-85.2907,29.6841],[-85.2986,29.684],[-85.3066,29.6833],[-85.3183,29.6816],[-85.3283,29.6788],[-85.3361,29.6754],[-85.3428,29.6712],[-85.3465,29.6686],[-85.3515,29.6667],[-85.3536,29.6678],[-85.3567,29.6696],[-85.3621,29.6753],[-85.3651,29.6773],[-85.3651,29.6774],[-85.3677,29.6808],[-85.3753,29.6919],[-85.3809,29.7021],[-85.3873,29.7154],[-85.3984,29.743],[-85.4043,29.762],[-85.4096,29.7816],[-85.4115,29.7924],[-85.4135,29.7995],[-85.4167,29.8202],[-85.4175,29.8299],[-85.4158,29.8426],[-85.4136,29.8529],[-85.4118,29.8598],[-85.4071,29.866],[-85.3983,29.8718],[-85.3934,29.8746],[-85.3912,29.8743],[-85.3913,29.8726],[-85.3945,29.8679],[-85.3975,29.8635],[-85.399,29.8606],[-85.3993,29.854],[-85.4001,29.8505],[-85.4036,29.8453],[-85.405,29.841],[-85.4083,29.8355],[-85.4104,29.8307],[-85.4105,29.8261],[-85.4086,29.8229],[-85.407,29.8192],[-85.4074,29.8168],[-85.4089,29.8138],[-85.4104,29.8081],[-85.4097,29.8024],[-85.4084,29.7984],[-85.4068,29.7953],[-85.4055,29.7913],[-85.4043,29.7847],[-85.4028,29.7796],[-85.401,29.7765],[-85.403,29.7738],[-85.4039,29.7726],[-85.4033,29.7683],[-85.4015,29.7641],[-85.3995,29.764],[-85.3975,29.7639],[-85.3955,29.7624],[-85.3922,29.7543],[-85.3918,29.7506],[-85.3891,29.7422],[-85.3892,29.7388],[-85.3893,29.7336],[-85.3886,29.7302],[-85.386,29.7254],[-85.3823,29.7194],[-85.378,29.7096],[-85.3716,29.7031],[-85.3715,29.7022],[-85.3714,29.7005],[-85.3714,29.6994],[-85.3729,29.6967],[-85.3716,29.6941],[-85.3716,29.6932],[-85.3715,29.6921],[-85.3703,29.6915],[-85.3692,29.691],[-85.3684,29.6916],[-85.3674,29.6924],[-85.3631,29.6911],[-85.3619,29.688],[-85.3636,29.6805],[-85.3608,29.6787],[-85.3538,29.68],[-85.3513,29.6818],[-85.3465,29.6815],[-85.3393,29.6837],[-85.3315,29.6845],[-85.3289,29.6864],[-85.3257,29.6857],[-85.3218,29.6854],[-85.3137,29.6865],[-85.3137,29.6865],[-85.3136,29.6867],[-85.3121,29.6892],[-85.3098,29.6932],[-85.3071,29.7035],[-85.3087,29.7082],[-85.3084,29.7124],[-85.3078,29.7126],[-85.3058,29.7136],[-85.3056,29.7137],[-85.304,29.7206],[-85.3039,29.7319],[-85.3039,29.7334],[-85.3043,29.7415],[-85.3046,29.7506],[-85.3034,29.7576],[-85.305,29.7695],[-85.305,29.7699],[-85.3034,29.7749],[-85.3024,29.7833],[-85.3023,29.7843],[-85.3021,29.7889],[-85.302,29.7895],[-85.3017,29.7953],[-85.3008,29.799],[-85.3011,29.8001],[-85.3028,29.8089],[-85.3035,29.8094],[-85.3054,29.8107],[-85.3056,29.8109],[-85.3064,29.8114],[-85.3086,29.8133],[-85.3114,29.8144],[-85.3121,29.8161],[-85.314,29.8209],[-85.3145,29.8223],[-85.3141,29.8263],[-85.3143,29.8276],[-85.3148,29.8306],[-85.3148,29.8307],[-85.3145,29.8327],[-85.3175,29.8389],[-85.3191,29.8402],[-85.325,29.845],[-85.3259,29.8451],[-85.3299,29.8456],[-85.3323,29.8459],[-85.3359,29.8487],[-85.3367,29.8493],[-85.3428,29.8579],[-85.3431,29.8595],[-85.3436,29.8619],[-85.3461,29.8675],[-85.3481,29.8723],[-85.3502,29.877],[-85.351,29.8784],[-85.3513,29.8788],[-85.3599,29.8928],[-85.3637,29.8989],[-85.368,29.9034],[-85.3748,29.9105],[-85.3781,29.914],[-85.3847,29.9209],[-85.3887,29.9244],[-85.3887,29.9244],[-85.3892,29.9248],[-85.3885,29.9261],[-85.3884,29.9298],[-85.3887,29.9398],[-85.3899,29.9725],[-85.3903,29.9781],[-85.3904,29.9815],[-85.3913,29.9998],[-85.3915,30.0006],[-85.3913,30.0276],[-85.391,30.0396],[-85.3909,30.0531],[-85.3902,30.0908],[-85.3903,30.0912],[-85.3901,30.0978],[-85.3903,30.0998],[-85.3902,30.1183],[-85.3903,30.1214],[-85.3899,30.1385],[-85.3896,30.1452],[-85.3898,30.1532],[-85.3896,30.1546],[-85.3897,30.1717],[-85.3895,30.1754],[-85.39,30.1882],[-85.3899,30.1983],[-85.3897,30.201],[-85.3898,30.2265],[-85.3896,30.2306],[-85.3897,30.249],[-85.3893,30.2595],[-85.3887,30.2659],[-85.3892,30.2847],[-85.3891,30.2962],[-85.389,30.3057],[-85.3886,30.3091],[-85.3884,30.3449],[-85.3886,30.3486],[-85.3882,30.3653],[-85.3885,30.3712],[-85.388,30.3831],[-85.388,30.4157],[-85.3882,30.4169],[-85.388,30.4217],[-85.3868,30.4253],[-85.3865,30.4321],[-85.3868,30.4353],[-85.3867,30.4427],[-85.3866,30.443],[-85.3858,30.4805],[-85.3851,30.5085],[-85.385,30.5165],[-85.3846,30.5376],[-85.3846,30.5449],[-85.3838,30.5521],[-85.3838,30.5645],[-85.3839,30.5669],[-85.388,30.5669],[-85.3965,30.5671],[-85.4348,30.5676],[-85.4351,30.5868],[-85.4352,30.6248],[-85.435,30.6252],[-85.4348,30.632],[-85.4341,30.6549],[-85.4337,30.6683],[-85.4336,30.6705],[-85.433,30.6975],[-85.4329,30.7011],[-85.4327,30.7285],[-85.4326,30.7465],[-85.4324,30.7561],[-85.4326,30.7603],[-85.4323,30.7855],[-85.4478,30.7855],[-85.4561,30.7856],[-85.4565,30.7856],[-85.4827,30.7859],[-85.4825,30.8153],[-85.4823,30.8295],[-85.4906,30.8297],[-85.5038,30.8297],[-85.533,30.83],[-85.5999,30.8306],[-85.6001,30.8338]]]]}},{"type":"Feature","properties":{"geoid":"1201102","puma":"01102","name":"Broward County (N Central)--Margate, Coconut Creek (South), & North Lauderdale Cities PUMA"},"geometry":{"type":"Polygon","coordinates":[[[-80.2408,26.2282],[-80.2403,26.2282],[-80.2404,26.2297],[-80.2404,26.23],[-80.2337,26.2301],[-80.2338,26.2355],[-80.234,26.2425],[-80.2342,26.2568],[-80.2342,26.257],[-80.2341,26.258],[-80.2341,26.2632],[-80.2342,26.2694],[-80.2342,26.2721],[-80.2297,26.2721],[-80.2242,26.272],[-80.2231,26.272],[-80.2231,26.2722],[-80.2186,26.2727],[-80.2132,26.274],[-80.2019,26.2742],[-80.2019,26.2741],[-80.2017,26.2741],[-80.1968,26.274],[-80.1946,26.274],[-80.1927,26.274],[-80.1864,26.274],[-80.1842,26.2739],[-80.1824,26.2739],[-80.1743,26.2741],[-80.1693,26.2742],[-80.169,26.2742],[-80.1689,26.2706],[-80.1687,26.2653],[-80.1675,26.26],[-80.1668,26.2568],[-80.1665,26.2525],[-80.1667,26.2491],[-80.1668,26.2472],[-80.1674,26.2453],[-80.1697,26.2407],[-80.1774,26.2314],[-80.1779,26.2308],[-80.1824,26.2255],[-80.1849,26.2225],[-80.1883,26.2185],[-80.1956,26.2099],[-80.2007,26.2039],[-80.2015,26.2029],[-80.2023,26.202],[-80.204,26.2],[-80.204,26.2011],[-80.2041,26.2055],[-80.2041,26.2076],[-80.2053,26.2084],[-80.207,26.2086],[-80.2086,26.2086],[-80.2138,26.2086],[-80.2203,26.2086],[-80.2204,26.2146],[-80.2205,26.2187],[-80.2214,26.2186],[-80.223,26.2179],[-80.224,26.2186],[-80.2338,26.2188],[-80.2339,26.2207],[-80.2368,26.2208],[-80.2406,26.2208],[-80.2408,26.2282]]]}},{"type":"Feature","properties":{"geoid":"1203301","puma":"03301","name":"Escambia County (North) PUMA"},"geometry":{"type":"Polygon","coordinates":[[[-87.6348,30.8661],[-87.63,30.8777],[-87.6295,30.8801],[-87.6244,30.8847],[-87.6221,30.8854],[-87.6208,30.8875],[-87.6209,30.8899],[-87.6225,30.8937],[-87.6222,30.8975],[-87.6207,30.8989],[-87.616,30.9015],[-87.615,30.9042],[-87.6142,30.9085],[-87.6118,30.9145],[-87.6102,30.9166],[-87.6083,30.9219],[-87.6078,30.9245],[-87.6027,30.9343],[-87.6007,30.9371],[-87.5983,30.9388],[-87.5969,30.9411],[-87.5921,30.9515],[-87.5892,30.9645],[-87.5909,30.9694],[-87.593,30.973],[-87.5941,30.9763],[-87.5941,30.9767],[-87.5942,30.9776],[-87.5927,30.9801],[-87.5934,30.983],[-87.5967,30.9876],[-87.5992,30.9957],[-87.5989,30.9975],[-87.5988,30.9975],[-87.5713,30.9979],[-87.5485,30.9979],[-87.5195,30.9976],[-87.5149,30.9977],[-87.4984,30.9979],[-87.4884,30.9981],[-87.4838,30.9981],[-87.4802,30.9982],[-87.4797,30.9982],[-87.4787,30.9982],[-87.4778,30.9982],[-87.4669,30.9982],[-87.4668,30.9982],[-87.4618,30.9982],[-87.4616,30.9982],[-87.4587,30.9984],[-87.4557,30.9983],[-87.4498,30.9983],[-87.4323,30.9982],[-87.4258,30.9981],[-87.4255,30.9981],[-87.3678,30.9983],[-87.364,30.9982],[-87.3639,30.9982],[-87.3557,30.9982],[-87.3479,30.9983],[-87.334,30.9983],[-87.3257,30.9983],[-87.3122,30.9984],[-87.304,30.9982],[-87.3016,30.9984],[-87.2977,30.9984],[-87.291,30.9984],[-87.2889,30.9983],[-87.2763,30.9983],[-87.2665,30.9983],[-87.2656,30.9983],[-87.2605,30.9982],[-87.2597,30.9982],[-87.258,30.9983],[-87.2574,30.9982],[-87.257,30.9982],[-87.2556,30.9982],[-87.255,30.9983],[-87.2499,30.9977],[-87.24,30.9966],[-87.2383,30.9965],[-87.2377,30.9964],[-87.2295,30.9969],[-87.2247,30.9972],[-87.1748,30.9987],[-87.1644,30.999],[-87.1637,30.999],[-87.1636,30.999],[-87.163,30.9984],[-87.1635,30.9964],[-87.1659,30.9958],[-87.1691,30.9932],[-87.1709,30.9934],[-87.1737,30.9959],[-87.176,30.9966],[-87.1762,30.9946],[-87.1741,30.9912],[-87.175,30.9886],[-87.1768,30.9875],[-87.1848,30.9833],[-87.1872,30.9814],[-87.1893,30.9766],[-87.192,30.9755],[-87.1954,30.9766],[-87.1971,30.9765],[-87.1995,30.9739],[-87.202,30.9724],[-87.2035,30.9707],[-87.2049,30.9699],[-87.209,30.9687],[-87.213,30.9669],[-87.2125,30.9635],[-87.2132,30.962],[-87.2142,30.9619],[-87.2184,30.9638],[-87.2276,30.9611],[-87.2299,30.9626],[-87.2312,30.9638],[-87.2313,30.9652],[-87.23,30.9672],[-87.2314,30.9683],[-87.233,30.9675],[-87.2359,30.964],[-87.2375,30.9629],[-87.2418,30.9614],[-87.2412,30.9595],[-87.2383,30.9582],[-87.2397,30.9555],[-87.24,30.9533],[-87.2422,30.9514],[-87.2412,30.9492],[-87.2426,30.9479],[-87.2449,30.9473],[-87.2458,30.9461],[-87.2461,30.9427],[-87.2485,30.942],[-87.2508,30.9443],[-87.2518,30.9439],[-87.2522,30.9426],[-87.2506,30.9399],[-87.2506,30.9387],[-87.253,30.937],[-87.2555,30.9316],[-87.256,30.9312],[-87.2594,30.9317],[-87.2605,30.9355],[-87.2618,30.9352],[-87.2633,30.9313],[-87.2649,30.9307],[-87.2655,30.9319],[-87.2651,30.9339],[-87.2658,30.9348],[-87.2676,30.9347],[-87.2708,30.9323],[-87.2741,30.9319],[-87.276,30.9301],[-87.2754,30.927],[-87.2768,30.9259],[-87.2791,30.926],[-87.2823,30.9248],[-87.2843,30.9248],[-87.2869,30.9254],[-87.287,30.9247],[-87.2835,30.9211],[-87.2832,30.9188],[-87.2854,30.9177],[-87.2886,30.9172],[-87.2887,30.9158],[-87.2865,30.9152],[-87.2843,30.9158],[-87.2833,30.9149],[-87.2835,30.913],[-87.2822,30.9104],[-87.2856,30.908],[-87.2865,30.9079],[-87.2881,30.9096],[-87.2901,30.9094],[-87.2905,30.9082],[-87.2855,30.9036],[-87.2852,30.9018],[-87.2856,30.8986],[-87.286,30.895],[-87.2835,30.8932],[-87.2831,30.8921],[-87.2845,30.888],[-87.2853,30.8875],[-87.2888,30.8868],[-87.294,30.8845],[-87.2949,30.8833],[-87.2984,30.8812],[-87.2985,30.8804],[-87.2967,30.8794],[-87.2966,30.8785],[-87.2987,30.8778],[-87.2988,30.8756],[-87.2996,30.8749],[-87.2993,30.8735],[-87.2977,30.8728],[-87.2976,30.8712],[-87.2988,30.8696],[-87.3009,30.8681],[-87.3015,30.8667],[-87.3015,30.8634],[-87.3052,30.863],[-87.3081,30.8644],[-87.3091,30.8638],[-87.3092,30.8616],[-87.3102,30.86],[-87.3099,30.8582],[-87.3106,30.8549],[-87.3139,30.8487],[-87.3136,30.8473],[-87.3115,30.8468],[-87.3088,30.8472],[-87.3063,30.848],[-87.3059,30.8464],[-87.3072,30.8451],[-87.308,30.843],[-87.3066,30.8415],[-87.3025,30.8422],[-87.3014,30.8407],[-87.3033,30.8398],[-87.3036,30.8391],[-87.3034,30.8385],[-87.3006,30.8372],[-87.2999,30.8351],[-87.3003,30.8344],[-87.3025,30.8339],[-87.3025,30.8327],[-87.3017,30.8313],[-87.3016,30.828],[-87.3012,30.8278],[-87.3003,30.8281],[-87.2984,30.8273],[-87.2969,30.8242],[-87.2974,30.8208],[-87.2974,30.8169],[-87.2969,30.8151],[-87.2931,30.8123],[-87.2928,30.8113],[-87.2939,30.8099],[-87.2965,30.8087],[-87.2974,30.8045],[-87.2993,30.8014],[-87.3027,30.8017],[-87.3037,30.7994],[-87.3055,30.7986],[-87.3057,30.7926],[-87.3032,30.7922],[-87.3019,30.7901],[-87.3023,30.7894],[-87.3044,30.7891],[-87.306,30.7912],[-87.3077,30.7909],[-87.3095,30.7893],[-87.3082,30.7884],[-87.3059,30.7887],[-87.3056,30.7873],[-87.3073,30.7875],[-87.3095,30.7865],[-87.3119,30.7865],[-87.3127,30.7855],[-87.3115,30.7835],[-87.3092,30.7822],[-87.31,30.7785],[-87.3088,30.776],[-87.3064,30.7776],[-87.3052,30.7772],[-87.3055,30.776],[-87.3093,30.7739],[-87.3106,30.7719],[-87.3092,30.7705],[-87.3058,30.7701],[-87.3044,30.766],[-87.3042,30.7655],[-87.303,30.7655],[-87.3008,30.7675],[-87.2996,30.7661],[-87.2996,30.7641],[-87.3004,30.7634],[-87.3018,30.7643],[-87.3031,30.7634],[-87.3046,30.7637],[-87.3052,30.761],[-87.3041,30.7602],[-87.302,30.7606],[-87.3042,30.7579],[-87.306,30.7596],[-87.3074,30.7588],[-87.3071,30.7562],[-87.3057,30.7555],[-87.3074,30.7536],[-87.3087,30.7539],[-87.3103,30.7517],[-87.3105,30.7507],[-87.3097,30.7486],[-87.3103,30.7469],[-87.3081,30.745],[-87.3108,30.7439],[-87.3111,30.7429],[-87.3095,30.7417],[-87.3106,30.7404],[-87.3115,30.7414],[-87.3124,30.7406],[-87.3113,30.7379],[-87.3126,30.7373],[-87.312,30.7365],[-87.3124,30.7348],[-87.3085,30.7269],[-87.3049,30.7234],[-87.3015,30.7214],[-87.3027,30.7194],[-87.2998,30.7199],[-87.2982,30.7196],[-87.2978,30.7177],[-87.2948,30.7178],[-87.2949,30.7196],[-87.2964,30.7204],[-87.2957,30.7209],[-87.294,30.7211],[-87.2925,30.7206],[-87.2928,30.7186],[-87.292,30.7185],[-87.2896,30.7208],[-87.2887,30.7208],[-87.2875,30.7194],[-87.2835,30.7198],[-87.2809,30.7194],[-87.2789,30.7165],[-87.2765,30.7158],[-87.2771,30.7134],[-87.2747,30.714],[-87.2751,30.7164],[-87.2731,30.7173],[-87.2722,30.7162],[-87.2731,30.7147],[-87.2725,30.7137],[-87.2702,30.713],[-87.2694,30.7117],[-87.2684,30.7063],[-87.2704,30.7042],[-87.2705,30.7033],[-87.2681,30.7023],[-87.2678,30.7011],[-87.2692,30.6996],[-87.2725,30.7006],[-87.2731,30.6987],[-87.2718,30.6958],[-87.2734,30.6935],[-87.2716,30.694],[-87.2702,30.693],[-87.2704,30.6914],[-87.2681,30.6896],[-87.2658,30.689],[-87.2675,30.6866],[-87.2658,30.6855],[-87.2688,30.6786],[-87.2666,30.6781],[-87.2663,30.6766],[-87.2681,30.6742],[-87.2668,30.6729],[-87.2667,30.6703],[-87.2662,30.6678],[-87.2669,30.6649],[-87.2646,30.664],[-87.2643,30.6619],[-87.2664,30.6585],[-87.2643,30.6566],[-87.2638,30.6525],[-87.2647,30.6513],[-87.2645,30.6487],[-87.2636,30.6469],[-87.2615,30.6456],[-87.261,30.6419],[-87.2591,30.638],[-87.2568,30.6353],[-87.2567,30.6344],[-87.2584,30.6334],[-87.2587,30.631],[-87.2595,30.6299],[-87.2569,30.6286],[-87.2562,30.6261],[-87.254,30.6259],[-87.2522,30.6249],[-87.2521,30.6236],[-87.2531,30.6232],[-87.2562,30.6235],[-87.2573,30.6217],[-87.2599,30.6215],[-87.2608,30.6203],[-87.2597,30.6199],[-87.2588,30.6188],[-87.2586,30.6168],[-87.2572,30.6147],[-87.2574,30.6139],[-87.2595,30.612],[-87.2589,30.6113],[-87.2563,30.6112],[-87.2537,30.6087],[-87.2511,30.6078],[-87.2497,30.6059],[-87.249,30.6068],[-87.2487,30.6069],[-87.2483,30.6068],[-87.2479,30.6067],[-87.247,30.6062],[-87.2455,30.6058],[-87.2437,30.6022],[-87.2464,30.6002],[-87.2464,30.5979],[-87.2438,30.5971],[-87.2425,30.597],[-87.2404,30.5957],[-87.2366,30.5966],[-87.2348,30.5958],[-87.2341,30.5945],[-87.2343,30.5915],[-87.2305,30.59],[-87.2307,30.5889],[-87.2323,30.5882],[-87.2324,30.5869],[-87.2308,30.5854],[-87.2265,30.5828],[-87.2252,30.5814],[-87.2229,30.5726],[-87.2183,30.566],[-87.217,30.564],[-87.2165,30.5634],[-87.2139,30.5604],[-87.212,30.5576],[-87.2097,30.5553],[-87.2077,30.5543],[-87.2031,30.5533],[-87.2004,30.5523],[-87.1972,30.5496],[-87.1953,30.5489],[-87.1948,30.5489],[-87.1899,30.5488],[-87.1798,30.5448],[-87.1593,30.5393],[-87.1557,30.5367],[-87.1541,30.5353],[-87.152,30.5328],[-87.1458,30.5241],[-87.1432,30.5198],[-87.1431,30.5195],[-87.1368,30.5116],[-87.1215,30.4974],[-87.1257,30.4855],[-87.1271,30.4825],[-87.1333,30.4686],[-87.1336,30.4672],[-87.1457,30.4714],[-87.1621,30.4791],[-87.1628,30.4796],[-87.163,30.4802],[-87.1694,30.483],[-87.169,30.4847],[-87.1678,30.4893],[-87.167,30.4923],[-87.1659,30.4967],[-87.1661,30.4977],[-87.1664,30.4986],[-87.1674,30.5003],[-87.1681,30.5029],[-87.171,30.5021],[-87.1749,30.502],[-87.1777,30.5021],[-87.1783,30.5021],[-87.1801,30.5022],[-87.1839,30.5023],[-87.1901,30.5024],[-87.1944,30.5025],[-87.1962,30.5025],[-87.1971,30.5026],[-87.2017,30.5027],[-87.2051,30.5028],[-87.2069,30.5028],[-87.212,30.5029],[-87.2215,30.5036],[-87.2217,30.5036],[-87.2235,30.5036],[-87.2299,30.5034],[-87.2304,30.5034],[-87.2383,30.5035],[-87.245,30.5037],[-87.2546,30.5038],[-87.2585,30.5038],[-87.2596,30.5038],[-87.2658,30.5023],[-87.266,30.5023],[-87.2715,30.5142],[-87.2729,30.5188],[-87.2798,30.519],[-87.2841,30.5191],[-87.2969,30.5193],[-87.3011,30.5194],[-87.3089,30.5196],[-87.3099,30.5196],[-87.3135,30.5215],[-87.3136,30.5216],[-87.3202,30.5251],[-87.3342,30.5345],[-87.3395,30.5381],[-87.3397,30.5382],[-87.3731,30.561],[-87.3742,30.5617],[-87.38,30.5638],[-87.3928,30.5678],[-87.4125,30.5739],[-87.4087,30.5837],[-87.4066,30.5999],[-87.4046,30.6034],[-87.4036,30.6037],[-87.4012,30.6044],[-87.3993,30.6056],[-87.3973,30.6087],[-87.395,30.6153],[-87.3951,30.6159],[-87.3964,30.6169],[-87.3964,30.6177],[-87.3957,30.6234],[-87.3945,30.6252],[-87.3938,30.627],[-87.3938,30.6272],[-87.3936,30.6309],[-87.3959,30.644],[-87.3972,30.6481],[-87.3962,30.6503],[-87.3962,30.6504],[-87.3962,30.6505],[-87.3973,30.6544],[-87.3992,30.6563],[-87.4002,30.6572],[-87.4007,30.6571],[-87.4022,30.6599],[-87.4036,30.6624],[-87.4059,30.6666],[-87.4071,30.6718],[-87.4066,30.674],[-87.407,30.6752],[-87.4127,30.6781],[-87.4195,30.68],[-87.4249,30.6834],[-87.4304,30.6886],[-87.436,30.6887],[-87.4363,30.6888],[-87.4398,30.6905],[-87.4401,30.6907],[-87.4423,30.6927],[-87.4436,30.6946],[-87.4494,30.6989],[-87.4514,30.6998],[-87.4569,30.6976],[-87.4663,30.7008],[-87.4677,30.7017],[-87.4704,30.7053],[-87.4744,30.7066],[-87.4796,30.7129],[-87.4798,30.715],[-87.4812,30.7165],[-87.487,30.7185],[-87.4968,30.7204],[-87.4975,30.7201],[-87.4985,30.7204],[-87.5023,30.7216],[-87.5052,30.7263],[-87.5117,30.7335],[-87.5236,30.7383],[-87.5299,30.7419],[-87.5326,30.7435],[-87.5354,30.7498],[-87.5354,30.7548],[-87.5365,30.7614],[-87.5371,30.7625],[-87.542,30.7672],[-87.5422,30.7674],[-87.5423,30.7675],[-87.5462,30.772],[-87.5454,30.7741],[-87.5452,30.7769],[-87.545,30.7787],[-87.5521,30.7863],[-87.553,30.7869],[-87.5543,30.7871],[-87.5548,30.7871],[-87.5576,30.7891],[-87.5595,30.7904],[-87.5601,30.7923],[-87.5642,30.7962],[-87.5681,30.7991],[-87.572,30.8005],[-87.5768,30.8082],[-87.5819,30.8124],[-87.5879,30.815],[-87.5943,30.817],[-87.6005,30.8206],[-87.6016,30.8251],[-87.6036,30.8286],[-87.6058,30.8313],[-87.611,30.8326],[-87.6159,30.8347],[-87.6154,30.837],[-87.6173,30.8404],[-87.6241,30.8457],[-87.6261,30.8465],[-87.6267,30.8472],[-87.6273,30.848],[-87.6265,30.8519],[-87.6254,30.8544],[-87.6262,30.8571],[-87.6282,30.8601],[-87.629,30.8608],[-87.6349,30.8659],[-87.6348,30.8661]]]}},{"type":"Feature","properties":{"geoid":"1201105","puma":"01105","name":"Broward County (West Central)--Tamarac, & North Lauderdale, & Sunrise (North) Cities PUMA"},"geometry":{"type":"Polygon","coordinates":[[[-80.2999,26.1879],[-80.2981,26.1898],[-80.298,26.1937],[-80.2982,26.1937],[-80.2983,26.2083],[-80.2982,26.2294],[-80.2975,26.2294],[-80.2959,26.2295],[-80.2931,26.2295],[-80.2818,26.2296],[-80.2698,26.2297],[-80.2545,26.2298],[-80.2528,26.2299],[-80.2406,26.23],[-80.2404,26.23],[-80.2404,26.2297],[-80.2403,26.2282],[-80.2408,26.2282],[-80.2406,26.2208],[-80.2368,26.2208],[-80.2339,26.2207],[-80.2338,26.2188],[-80.224,26.2186],[-80.223,26.2179],[-80.2214,26.2186],[-80.2205,26.2187],[-80.2204,26.2146],[-80.2203,26.2086],[-80.2138,26.2086],[-80.2086,26.2086],[-80.207,26.2086],[-80.2053,26.2084],[-80.2041,26.2076],[-80.2041,26.2055],[-80.204,26.2011],[-80.204,26.2],[-80.2039,26.1953],[-80.2038,26.1939],[-80.2038,26.1878],[-80.2037,26.1867],[-80.2037,26.1865],[-80.2037,26.185],[-80.2037,26.184],[-80.2036,26.183],[-80.2036,26.1803],[-80.2035,26.1762],[-80.2033,26.1729],[-80.2069,26.1729],[-80.2112,26.1728],[-80.2115,26.1728],[-80.219,26.1727],[-80.2194,26.1728],[-80.2199,26.1729],[-80.2198,26.1755],[-80.2192,26.1793],[-80.2199,26.1793],[-80.2297,26.1793],[-80.2356,26.1793],[-80.236,26.1937],[-80.244,26.1937],[-80.252,26.1937],[-80.2681,26.1937],[-80.2679,26.1865],[-80.2678,26.182],[-80.2678,26.1791],[-80.2738,26.1791],[-80.284,26.1791],[-80.2888,26.179],[-80.2909,26.179],[-80.298,26.1791],[-80.2979,26.1791],[-80.2981,26.1859],[-80.2985,26.1865],[-80.2987,26.1867],[-80.2996,26.1876],[-80.2999,26.1879]]]}},{"type":"Feature","properties":{"geoid":"1211300","puma":"11300","name":"Santa Rosa County PUMA"},"geometry":{"type":"Polygon","coordinates":[[[-87.3139,30.8487],[-87.3106,30.8549],[-87.3099,30.8582],[-87.3102,30.86],[-87.3092,30.8616],[-87.3091,30.8638],[-87.3081,30.8644],[-87.3052,30.863],[-87.3015,30.8634],[-87.3015,30.8667],[-87.3009,30.8681],[-87.2988,30.8696],[-87.2976,30.8712],[-87.2977,30.8728],[-87.2993,30.8735],[-87.2996,30.8749],[-87.2988,30.8756],[-87.2987,30.8778],[-87.2966,30.8785],[-87.2967,30.8794],[-87.2985,30.8804],[-87.2984,30.8812],[-87.2949,30.8833],[-87.294,30.8845],[-87.2888,30.8868],[-87.2853,30.8875],[-87.2845,30.888],[-87.2831,30.8921],[-87.2835,30.8932],[-87.286,30.895],[-87.2856,30.8986],[-87.2852,30.9018],[-87.2855,30.9036],[-87.2905,30.9082],[-87.2901,30.9094],[-87.2881,30.9096],[-87.2865,30.9079],[-87.2856,30.908],[-87.2822,30.9104],[-87.2835,30.913],[-87.2833,30.9149],[-87.2843,30.9158],[-87.2865,30.9152],[-87.2887,30.9158],[-87.2886,30.9172],[-87.2854,30.9177],[-87.2832,30.9188],[-87.2835,30.9211],[-87.287,30.9247],[-87.2869,30.9254],[-87.2843,30.9248],[-87.2823,30.9248],[-87.2791,30.926],[-87.2768,30.9259],[-87.2754,30.927],[-87.276,30.9301],[-87.2741,30.9319],[-87.2708,30.9323],[-87.2676,30.9347],[-87.2658,30.9348],[-87.2651,30.9339],[-87.2655,30.9319],[-87.2649,30.9307],[-87.2633,30.9313],[-87.2618,30.9352],[-87.2605,30.9355],[-87.2594,30.9317],[-87.256,30.9312],[-87.2555,30.9316],[-87.253,30.937],[-87.2506,30.9387],[-87.2506,30.9399],[-87.2522,30.9426],[-87.2518,30.9439],[-87.2508,30.9443],[-87.2485,30.942],[-87.2461,30.9427],[-87.2458,30.9461],[-87.2449,30.9473],[-87.2426,30.9479],[-87.2412,30.9492],[-87.2422,30.9514],[-87.24,30.9533],[-87.2397,30.9555],[-87.2383,30.9582],[-87.2412,30.9595],[-87.2418,30.9614],[-87.2375,30.9629],[-87.2359,30.964],[-87.233,30.9675],[-87.2314,30.9683],[-87.23,30.9672],[-87.2313,30.9652],[-87.2312,30.9638],[-87.2299,30.9626],[-87.2276,30.9611],[-87.2184,30.9638],[-87.2142,30.9619],[-87.2132,30.962],[-87.2125,30.9635],[-87.213,30.9669],[-87.209,30.9687],[-87.2049,30.9699],[-87.2035,30.9707],[-87.202,30.9724],[-87.1995,30.9739],[-87.1971,30.9765],[-87.1954,30.9766],[-87.192,30.9755],[-87.1893,30.9766],[-87.1872,30.9814],[-87.1848,30.9833],[-87.1768,30.9875],[-87.175,30.9886],[-87.1741,30.9912],[-87.1762,30.9946],[-87.176,30.9966],[-87.1737,30.9959],[-87.1709,30.9934],[-87.1691,30.9932],[-87.1659,30.9958],[-87.1635,30.9964],[-87.163,30.9984],[-87.1636,30.999],[-87.1626,30.9991],[-87.1506,30.9993],[-87.1408,30.9995],[-87.125,30.9988],[-87.1189,30.9994],[-87.1151,30.9994],[-87.0969,30.9993],[-87.0761,30.9992],[-87.071,30.9992],[-87.0686,30.9991],[-87.0641,30.9992],[-87.0537,30.9991],[-87.04,30.9996],[-87.0365,30.9994],[-87.0364,30.9993],[-87.0271,30.9993],[-87.0242,30.9993],[-87.0044,30.9993],[-86.9985,30.9987],[-86.9821,30.9984],[-86.9659,30.9982],[-86.9278,30.9977],[-86.9063,30.9976],[-86.8881,30.9976],[-86.873,30.9976],[-86.8319,30.9974],[-86.8319,30.9974],[-86.8305,30.9974],[-86.81,30.9972],[-86.7859,30.997],[-86.7857,30.997],[-86.786,30.9937],[-86.7874,30.9132],[-86.7873,30.9004],[-86.7877,30.8938],[-86.7881,30.8791],[-86.7884,30.8739],[-86.7881,30.872],[-86.7907,30.7871],[-86.791,30.7808],[-86.791,30.7803],[-86.7914,30.757],[-86.7914,30.7567],[-86.7918,30.7243],[-86.7924,30.6851],[-86.7924,30.6849],[-86.7928,30.6699],[-86.7928,30.6638],[-86.7936,30.6366],[-86.7936,30.6366],[-86.7939,30.6259],[-86.7952,30.6259],[-86.7953,30.6252],[-86.7953,30.618],[-86.7956,30.6172],[-86.7989,30.4311],[-86.7989,30.431],[-86.7992,30.4166],[-86.7992,30.4164],[-86.7994,30.4062],[-86.7992,30.3972],[-86.7992,30.3933],[-86.7995,30.3872],[-86.8362,30.3833],[-86.8503,30.3815],[-86.8506,30.3814],[-86.8618,30.3798],[-86.876,30.3777],[-86.8767,30.3776],[-86.9097,30.3724],[-86.9188,30.3709],[-86.9189,30.3709],[-86.9189,30.3744],[-86.9189,30.3865],[-86.9517,30.3832],[-86.9727,30.3811],[-87.0323,30.3678],[-87.0744,30.3587],[-87.0944,30.3545],[-87.1014,30.3531],[-87.1021,30.3531],[-87.1139,30.352],[-87.1261,30.3508],[-87.1314,30.3501],[-87.1373,30.3496],[-87.1478,30.3491],[-87.1531,30.3484],[-87.1536,30.3481],[-87.1538,30.348],[-87.1688,30.3409],[-87.1709,30.3391],[-87.1756,30.337],[-87.179,30.3359],[-87.182,30.3363],[-87.1877,30.3374],[-87.1921,30.3378],[-87.1964,30.3384],[-87.2024,30.34],[-87.2074,30.3418],[-87.229,30.3428],[-87.2314,30.3433],[-87.2331,30.367],[-87.2333,30.3703],[-87.2244,30.3747],[-87.2202,30.376],[-87.2162,30.3774],[-87.213,30.379],[-87.2089,30.3811],[-87.1847,30.3936],[-87.1846,30.3936],[-87.1823,30.3948],[-87.1612,30.4056],[-87.1519,30.4126],[-87.1514,30.4135],[-87.1482,30.419],[-87.1447,30.4275],[-87.1416,30.4365],[-87.1394,30.445],[-87.1358,30.4568],[-87.1345,30.462],[-87.1339,30.4653],[-87.1336,30.4672],[-87.1333,30.4686],[-87.1271,30.4825],[-87.1257,30.4855],[-87.1215,30.4974],[-87.1368,30.5116],[-87.1431,30.5195],[-87.1432,30.5198],[-87.1458,30.5241],[-87.152,30.5328],[-87.1541,30.5353],[-87.1557,30.5367],[-87.1593,30.5393],[-87.1798,30.5448],[-87.1899,30.5488],[-87.1948,30.5489],[-87.1953,30.5489],[-87.1972,30.5496],[-87.2004,30.5523],[-87.2031,30.5533],[-87.2077,30.5543],[-87.2097,30.5553],[-87.212,30.5576],[-87.2139,30.5604],[-87.2165,30.5634],[-87.217,30.564],[-87.2183,30.566],[-87.2229,30.5726],[-87.2252,30.5814],[-87.2265,30.5828],[-87.2308,30.5854],[-87.2324,30.5869],[-87.2323,30.5882],[-87.2307,30.5889],[-87.2305,30.59],[-87.2343,30.5915],[-87.2341,30.5945],[-87.2348,30.5958],[-87.2366,30.5966],[-87.2404,30.5957],[-87.2425,30.597],[-87.2438,30.5971],[-87.2464,30.5979],[-87.2464,30.6002],[-87.2437,30.6022],[-87.2455,30.6058],[-87.247,30.6062],[-87.2479,30.6067],[-87.2483,30.6068],[-87.2487,30.6069],[-87.249,30.6068],[-87.2497,30.6059],[-87.2511,30.6078],[-87.2537,30.6087],[-87.2563,30.6112],[-87.2589,30.6113],[-87.2595,30.612],[-87.2574,30.6139],[-87.2572,30.6147],[-87.2586,30.6168],[-87.2588,30.6188],[-87.2597,30.6199],[-87.2608,30.6203],[-87.2599,30.6215],[-87.2573,30.6217],[-87.2562,30.6235],[-87.2531,30.6232],[-87.2521,30.6236],[-87.2522,30.6249],[-87.254,30.6259],[-87.2562,30.6261],[-87.2569,30.6286],[-87.2595,30.6299],[-87.2587,30.631],[-87.2584,30.6334],[-87.2567,30.6344],[-87.2568,30.6353],[-87.2591,30.638],[-87.261,30.6419],[-87.2615,30.6456],[-87.2636,30.6469],[-87.2645,30.6487],[-87.2647,30.6513],[-87.2638,30.6525],[-87.2643,30.6566],[-87.2664,30.6585],[-87.2643,30.6619],[-87.2646,30.664],[-87.2669,30.6649],[-87.2662,30.6678],[-87.2667,30.6703],[-87.2668,30.6729],[-87.2681,30.6742],[-87.2663,30.6766],[-87.2666,30.6781],[-87.2688,30.6786],[-87.2658,30.6855],[-87.2675,30.6866],[-87.2658,30.689],[-87.2681,30.6896],[-87.2704,30.6914],[-87.2702,30.693],[-87.2716,30.694],[-87.2734,30.6935],[-87.2718,30.6958],[-87.2731,30.6987],[-87.2725,30.7006],[-87.2692,30.6996],[-87.2678,30.7011],[-87.2681,30.7023],[-87.2705,30.7033],[-87.2704,30.7042],[-87.2684,30.7063],[-87.2694,30.7117],[-87.2702,30.713],[-87.2725,30.7137],[-87.2731,30.7147],[-87.2722,30.7162],[-87.2731,30.7173],[-87.2751,30.7164],[-87.2747,30.714],[-87.2771,30.7134],[-87.2765,30.7158],[-87.2789,30.7165],[-87.2809,30.7194],[-87.2835,30.7198],[-87.2875,30.7194],[-87.2887,30.7208],[-87.2896,30.7208],[-87.292,30.7185],[-87.2928,30.7186],[-87.2925,30.7206],[-87.294,30.7211],[-87.2957,30.7209],[-87.2964,30.7204],[-87.2949,30.7196],[-87.2948,30.7178],[-87.2978,30.7177],[-87.2982,30.7196],[-87.2998,30.7199],[-87.3027,30.7194],[-87.3015,30.7214],[-87.3049,30.7234],[-87.3085,30.7269],[-87.3124,30.7348],[-87.312,30.7365],[-87.3126,30.7373],[-87.3113,30.7379],[-87.3124,30.7406],[-87.3115,30.7414],[-87.3106,30.7404],[-87.3095,30.7417],[-87.3111,30.7429],[-87.3108,30.7439],[-87.3081,30.745],[-87.3103,30.7469],[-87.3097,30.7486],[-87.3105,30.7507],[-87.3103,30.7517],[-87.3087,30.7539],[-87.3074,30.7536],[-87.3057,30.7555],[-87.3071,30.7562],[-87.3074,30.7588],[-87.306,30.7596],[-87.3042,30.7579],[-87.302,30.7606],[-87.3041,30.7602],[-87.3052,30.761],[-87.3046,30.7637],[-87.3031,30.7634],[-87.3018,30.7643],[-87.3004,30.7634],[-87.2996,30.7641],[-87.2996,30.7661],[-87.3008,30.7675],[-87.303,30.7655],[-87.3042,30.7655],[-87.3044,30.766],[-87.3058,30.7701],[-87.3092,30.7705],[-87.3106,30.7719],[-87.3093,30.7739],[-87.3055,30.776],[-87.3052,30.7772],[-87.3064,30.7776],[-87.3088,30.776],[-87.31,30.7785],[-87.3092,30.7822],[-87.3115,30.7835],[-87.3127,30.7855],[-87.3119,30.7865],[-87.3095,30.7865],[-87.3073,30.7875],[-87.3056,30.7873],[-87.3059,30.7887],[-87.3082,30.7884],[-87.3095,30.7893],[-87.3077,30.7909],[-87.306,30.7912],[-87.3044,30.7891],[-87.3023,30.7894],[-87.3019,30.7901],[-87.3032,30.7922],[-87.3057,30.7926],[-87.3055,30.7986],[-87.3037,30.7994],[-87.3027,30.8017],[-87.2993,30.8014],[-87.2974,30.8045],[-87.2965,30.8087],[-87.2939,30.8099],[-87.2928,30.8113],[-87.2931,30.8123],[-87.2969,30.8151],[-87.2974,30.8169],[-87.2974,30.8208],[-87.2969,30.8242],[-87.2984,30.8273],[-87.3003,30.8281],[-87.3012,30.8278],[-87.3016,30.828],[-87.3017,30.8313],[-87.3025,30.8327],[-87.3025,30.8339],[-87.3003,30.8344],[-87.2999,30.8351],[-87.3006,30.8372],[-87.3034,30.8385],[-87.3036,30.8391],[-87.3033,30.8398],[-87.3014,30.8407],[-87.3025,30.8422],[-87.3066,30.8415],[-87.308,30.843],[-87.3072,30.8451],[-87.3059,30.8464],[-87.3063,30.848],[-87.3088,30.8472],[-87.3115,30.8468],[-87.3136,30.8473],[-87.3139,30.8487]]]}},{"type":"Feature","properties":{"geoid":"1202799","puma":"02799","name":"Southwest Heartland--DeSoto, Hardee, & Highlands (Northwest) Counties PUMA"},"geometry":{"type":"Polygon","coordinates":[[[-82.0575,27.1353],[-82.0574,27.1492],[-82.0567,27.1928],[-82.0565,27.2039],[-82.0565,27.2078],[-82.0561,27.2497],[-82.0565,27.2754],[-82.0562,27.292],[-82.0558,27.3383],[-82.0555,27.4731],[-82.0554,27.4836],[-82.0545,27.5952],[-82.0543,27.6464],[-81.949,27.6463],[-81.9268,27.6464],[-81.9094,27.6465],[-81.8951,27.6461],[-81.8916,27.6462],[-81.8785,27.6462],[-81.8343,27.6462],[-81.8227,27.6462],[-81.8179,27.6462],[-81.802,27.6462],[-81.7892,27.6462],[-81.7413,27.6463],[-81.6987,27.6464],[-81.6623,27.6465],[-81.6619,27.6465],[-81.6333,27.6465],[-81.6139,27.6465],[-81.5635,27.6466],[-81.5631,27.6466],[-81.5557,27.6466],[-81.5471,27.6465],[-81.5435,27.6465],[-81.5318,27.6465],[-81.5299,27.6464],[-81.5227,27.6465],[-81.4775,27.6466],[-81.4035,27.6466],[-81.3616,27.6465],[-81.3615,27.6442],[-81.363,27.6426],[-81.3631,27.6412],[-81.364,27.6391],[-81.3656,27.6379],[-81.3675,27.6368],[-81.3676,27.6355],[-81.3692,27.6332],[-81.3702,27.6323],[-81.3698,27.6314],[-81.3688,27.6309],[-81.3688,27.6303],[-81.3698,27.6293],[-81.3685,27.6284],[-81.368,27.6272],[-81.3669,27.6268],[-81.3678,27.6251],[-81.3655,27.625],[-81.3675,27.6231],[-81.3657,27.6201],[-81.3655,27.6171],[-81.3642,27.6157],[-81.364,27.6143],[-81.3656,27.6141],[-81.3642,27.6122],[-81.3644,27.611],[-81.3632,27.6096],[-81.3603,27.6087],[-81.3589,27.6072],[-81.3596,27.6068],[-81.3598,27.6048],[-81.3585,27.6036],[-81.3588,27.6021],[-81.3566,27.6013],[-81.3558,27.5997],[-81.3563,27.5979],[-81.3535,27.5979],[-81.3521,27.597],[-81.3506,27.5969],[-81.3496,27.5953],[-81.3491,27.5925],[-81.3502,27.5904],[-81.3493,27.5887],[-81.3461,27.5883],[-81.3478,27.5849],[-81.3458,27.584],[-81.3482,27.5796],[-81.3481,27.5766],[-81.3476,27.576],[-81.3443,27.5753],[-81.3419,27.5772],[-81.3412,27.5765],[-81.3426,27.5738],[-81.344,27.5716],[-81.3444,27.5698],[-81.3467,27.5654],[-81.3478,27.5643],[-81.3485,27.5642],[-81.35,27.5649],[-81.3526,27.5632],[-81.3531,27.5621],[-81.354,27.5614],[-81.3531,27.5604],[-81.353,27.56],[-81.3532,27.5587],[-81.3539,27.558],[-81.3546,27.5577],[-81.354,27.557],[-81.3544,27.5562],[-81.354,27.5558],[-81.3545,27.555],[-81.3538,27.5547],[-81.3537,27.5526],[-81.3545,27.5522],[-81.3547,27.5514],[-81.3551,27.5508],[-81.3562,27.5498],[-81.3577,27.5494],[-81.3583,27.5475],[-81.3605,27.5472],[-81.3623,27.5468],[-81.3622,27.5458],[-81.3602,27.5418],[-81.3596,27.5377],[-81.3606,27.5357],[-81.3622,27.5352],[-81.3617,27.5331],[-81.3598,27.5323],[-81.3611,27.5296],[-81.3588,27.5267],[-81.3592,27.5236],[-81.3587,27.5222],[-81.3591,27.5201],[-81.3582,27.5175],[-81.3594,27.5164],[-81.36,27.5176],[-81.3613,27.517],[-81.3609,27.5154],[-81.3587,27.5157],[-81.3581,27.5145],[-81.3584,27.5119],[-81.3572,27.5119],[-81.3579,27.5109],[-81.3566,27.5096],[-81.3557,27.5063],[-81.3542,27.5047],[-81.3531,27.5059],[-81.351,27.505],[-81.3506,27.5031],[-81.3516,27.5025],[-81.3496,27.5008],[-81.3489,27.5015],[-81.3463,27.5012],[-81.346,27.4995],[-81.3443,27.4976],[-81.3432,27.4975],[-81.343,27.4985],[-81.3417,27.4974],[-81.3408,27.4975],[-81.3401,27.4943],[-81.3379,27.4937],[-81.3385,27.4947],[-81.3371,27.4948],[-81.3347,27.4935],[-81.3365,27.4923],[-81.334,27.4888],[-81.3349,27.4881],[-81.3334,27.4861],[-81.3317,27.4849],[-81.3282,27.4839],[-81.3266,27.4813],[-81.323,27.4789],[-81.3227,27.4781],[-81.3312,27.48],[-81.3519,27.4849],[-81.3539,27.4855],[-81.3737,27.4867],[-81.3927,27.4881],[-81.4129,27.4896],[-81.417,27.4898],[-81.417,27.4868],[-81.417,27.4857],[-81.4131,27.4823],[-81.409,27.4787],[-81.4008,27.4714],[-81.3765,27.4526],[-81.371,27.4485],[-81.3681,27.4476],[-81.3659,27.4476],[-81.3634,27.4485],[-81.3598,27.4525],[-81.3534,27.4611],[-81.3515,27.4641],[-81.3487,27.4667],[-81.3451,27.4663],[-81.3412,27.4697],[-81.341,27.4696],[-81.3297,27.4696],[-81.3297,27.457],[-81.3304,27.4458],[-81.3306,27.4432],[-81.3657,27.4425],[-81.3654,27.4378],[-81.3654,27.437],[-81.3653,27.4365],[-81.3657,27.4359],[-81.3663,27.4354],[-81.367,27.4344],[-81.3658,27.4344],[-81.3231,27.4336],[-81.3225,27.4301],[-81.3247,27.4254],[-81.3262,27.423],[-81.3262,27.4181],[-81.325,27.4099],[-81.3254,27.4028],[-81.326,27.3989],[-81.3267,27.396],[-81.3351,27.3957],[-81.341,27.3954],[-81.3437,27.3962],[-81.344,27.3956],[-81.3462,27.3952],[-81.3478,27.3943],[-81.352,27.3934],[-81.3524,27.3937],[-81.3553,27.3943],[-81.3575,27.3958],[-81.3608,27.3957],[-81.3616,27.3979],[-81.3635,27.3994],[-81.3649,27.399],[-81.3664,27.4002],[-81.3682,27.4004],[-81.37,27.3996],[-81.3738,27.3971],[-81.3743,27.3961],[-81.3754,27.3966],[-81.3777,27.3949],[-81.3777,27.393],[-81.3769,27.3906],[-81.3778,27.3871],[-81.3792,27.3859],[-81.38,27.3817],[-81.3839,27.3782],[-81.3867,27.3764],[-81.3889,27.3764],[-81.391,27.375],[-81.393,27.3748],[-81.393,27.3741],[-81.3974,27.3731],[-81.3979,27.3738],[-81.4016,27.3733],[-81.4015,27.3732],[-81.3988,27.3693],[-81.3896,27.3561],[-81.389,27.3549],[-81.3883,27.3531],[-81.3867,27.343],[-81.3856,27.3361],[-81.3837,27.3325],[-81.3821,27.3308],[-81.3776,27.3277],[-81.3751,27.3259],[-81.3745,27.3256],[-81.3693,27.3219],[-81.3674,27.3206],[-81.3649,27.319],[-81.3637,27.3181],[-81.364,27.3177],[-81.3628,27.3166],[-81.3623,27.317],[-81.3619,27.3166],[-81.3606,27.3151],[-81.3597,27.3139],[-81.3589,27.3122],[-81.3587,27.3109],[-81.3585,27.2972],[-81.3558,27.2977],[-81.353,27.2999],[-81.3497,27.3029],[-81.3485,27.3035],[-81.3343,27.3036],[-81.3338,27.3036],[-81.332,27.3033],[-81.3181,27.2964],[-81.3181,27.3068],[-81.3134,27.3068],[-81.3133,27.3095],[-81.3117,27.3101],[-81.2891,27.3176],[-81.255,27.334],[-81.2537,27.3317],[-81.2523,27.3301],[-81.2354,27.3133],[-81.2345,27.3122],[-81.2213,27.2943],[-81.2051,27.2757],[-81.202,27.2746],[-81.1911,27.2709],[-81.1825,27.2672],[-81.1828,27.2665],[-81.1847,27.2664],[-81.1892,27.2666],[-81.1895,27.2525],[-81.1858,27.2525],[-81.1834,27.2493],[-81.1785,27.2438],[-81.1735,27.238],[-81.1494,27.2104],[-81.1493,27.2099],[-81.1485,27.2098],[-81.1493,27.2098],[-81.1691,27.2096],[-81.3081,27.2083],[-81.3286,27.2084],[-81.339,27.2085],[-81.3459,27.2104],[-81.3489,27.2112],[-81.3518,27.211],[-81.3586,27.2089],[-81.3613,27.2085],[-81.3796,27.2086],[-81.4618,27.2092],[-81.4665,27.2091],[-81.4725,27.2087],[-81.4923,27.2088],[-81.5004,27.2089],[-81.5347,27.2091],[-81.5576,27.2092],[-81.5631,27.2096],[-81.5626,27.1211],[-81.5623,27.0715],[-81.5625,27.0697],[-81.5626,27.038],[-81.5625,27.0374],[-81.5626,27.0338],[-81.7717,27.0339],[-81.8605,27.0344],[-81.9586,27.035],[-81.9832,27.0353],[-81.9911,27.0322],[-81.9915,27.0321],[-81.9925,27.0317],[-82.0078,27.0317],[-82.0402,27.0319],[-82.0492,27.032],[-82.0554,27.032],[-82.0575,27.0321],[-82.0575,27.0352],[-82.0575,27.0372],[-82.0575,27.0765],[-82.0574,27.1198],[-82.0576,27.1253],[-82.0575,27.1353]]]}},{"type":"Feature","properties":{"geoid":"1208610","puma":"08610","name":"Miami-Dade County (Central)--MIA, Miami Springs & Doral Cities PUMA"},"geometry":{"type":"Polygon","coordinates":[[[-80.3878,25.8698],[-80.3872,25.8699],[-80.3711,25.8698],[-80.371,25.8698],[-80.3446,25.8698],[-80.3411,25.8671],[-80.3409,25.8672],[-80.3395,25.8662],[-80.3231,25.8541],[-80.3226,25.8537],[-80.3143,25.8476],[-80.3102,25.8445],[-80.3063,25.8416],[-80.3049,25.8405],[-80.3042,25.8401],[-80.3041,25.84],[-80.3041,25.84],[-80.2976,25.835],[-80.2953,25.8335],[-80.2899,25.8295],[-80.284,25.8251],[-80.2816,25.8233],[-80.2805,25.8224],[-80.2797,25.8218],[-80.2731,25.8169],[-80.2711,25.8154],[-80.2647,25.8106],[-80.2619,25.8085],[-80.2586,25.806],[-80.2584,25.806],[-80.2442,25.7953],[-80.2455,25.795],[-80.2472,25.7949],[-80.248,25.7946],[-80.2513,25.7947],[-80.2562,25.7944],[-80.2625,25.7939],[-80.2644,25.7935],[-80.2655,25.7929],[-80.2685,25.79],[-80.271,25.7872],[-80.2714,25.787],[-80.2721,25.7861],[-80.2743,25.7836],[-80.2743,25.7835],[-80.2764,25.7812],[-80.2764,25.7794],[-80.2754,25.7785],[-80.2781,25.7784],[-80.2822,25.7782],[-80.2883,25.778],[-80.2884,25.7808],[-80.2911,25.7804],[-80.296,25.7778],[-80.3028,25.7746],[-80.3079,25.7724],[-80.3087,25.7719],[-80.3097,25.7715],[-80.3097,25.7715],[-80.31,25.7713],[-80.3116,25.7706],[-80.3122,25.7707],[-80.3125,25.7772],[-80.3199,25.7769],[-80.32,25.7769],[-80.3207,25.7769],[-80.3209,25.78],[-80.3208,25.7807],[-80.3238,25.7811],[-80.3285,25.7813],[-80.3315,25.7816],[-80.3367,25.7816],[-80.3436,25.7816],[-80.3527,25.7816],[-80.3531,25.7816],[-80.3649,25.7817],[-80.3689,25.7811],[-80.3743,25.7798],[-80.3784,25.7789],[-80.3831,25.7777],[-80.3852,25.7768],[-80.386,25.7762],[-80.386,25.7819],[-80.386,25.7824],[-80.386,25.7825],[-80.386,25.7829],[-80.3861,25.7968],[-80.3861,25.7971],[-80.3865,25.8117],[-80.3867,25.8188],[-80.3869,25.8261],[-80.3871,25.8354],[-80.3873,25.8405],[-80.3875,25.8478],[-80.3877,25.8552],[-80.3881,25.8698],[-80.3878,25.8698]]]}},{"type":"Feature","properties":{"geoid":"1205710","puma":"05710","name":"Hillsborough County (Southwest)--Tampa City (South) PUMA"},"geometry":{"type":"MultiPolygon","coordinates":[[[[-82.4375,27.867],[-82.4354,27.8842],[-82.4246,27.8842],[-82.4245,27.884],[-82.4243,27.8682],[-82.4298,27.8632],[-82.4348,27.8635],[-82.4374,27.8643],[-82.4375,27.867]]],[[[-82.4413,27.8312],[-82.441,27.836],[-82.4386,27.8396],[-82.4312,27.8386],[-82.4316,27.8325],[-82.4322,27.8223],[-82.4386,27.8223],[-82.4417,27.8235],[-82.4413,27.8312]]],[[[-82.5547,27.8503],[-82.5518,27.8565],[-82.5529,27.8627],[-82.5469,27.8636],[-82.5386,27.8649],[-82.5381,27.8654],[-82.5362,27.8672],[-82.5316,27.8717],[-82.5302,27.8767],[-82.5299,27.8775],[-82.5304,27.878],[-82.5305,27.878],[-82.5305,27.878],[-82.5318,27.8792],[-82.5314,27.8828],[-82.5312,27.883],[-82.5302,27.8847],[-82.5299,27.8851],[-82.5301,27.8853],[-82.5309,27.8861],[-82.5309,27.8862],[-82.5389,27.8856],[-82.5394,27.8845],[-82.5415,27.8844],[-82.541,27.8888],[-82.5409,27.8895],[-82.5415,27.8899],[-82.5424,27.8905],[-82.5423,27.8906],[-82.5423,27.8912],[-82.5422,27.8918],[-82.542,27.8936],[-82.5348,27.8936],[-82.5348,27.8936],[-82.5342,27.8941],[-82.5323,27.8958],[-82.5321,27.896],[-82.5319,27.8975],[-82.5319,27.8979],[-82.5319,27.8981],[-82.5319,27.8982],[-82.5353,27.8987],[-82.5359,27.9008],[-82.5355,27.903],[-82.5355,27.9032],[-82.5313,27.9039],[-82.5312,27.9041],[-82.5311,27.9043],[-82.5308,27.905],[-82.5312,27.9061],[-82.5313,27.9063],[-82.5314,27.9066],[-82.5315,27.9068],[-82.5316,27.907],[-82.5316,27.9085],[-82.5316,27.9088],[-82.5318,27.9119],[-82.5319,27.9144],[-82.5319,27.9147],[-82.5319,27.9148],[-82.532,27.9152],[-82.532,27.916],[-82.5324,27.916],[-82.5348,27.9166],[-82.5354,27.9182],[-82.5348,27.9184],[-82.5342,27.9187],[-82.5342,27.9192],[-82.5341,27.9198],[-82.5341,27.9199],[-82.5346,27.9203],[-82.5352,27.9208],[-82.5351,27.922],[-82.5336,27.923],[-82.5335,27.9231],[-82.5334,27.9235],[-82.5334,27.9241],[-82.5333,27.9248],[-82.5321,27.9256],[-82.5309,27.9264],[-82.5308,27.9283],[-82.5322,27.929],[-82.533,27.9294],[-82.5334,27.9296],[-82.5334,27.9297],[-82.5337,27.933],[-82.5333,27.9347],[-82.5324,27.9356],[-82.5316,27.9364],[-82.5334,27.9385],[-82.5343,27.9385],[-82.5348,27.9385],[-82.5364,27.9385],[-82.5367,27.9385],[-82.5383,27.9407],[-82.5439,27.9406],[-82.5441,27.9413],[-82.5445,27.9429],[-82.5446,27.9431],[-82.5375,27.9456],[-82.5314,27.9478],[-82.5242,27.9504],[-82.5233,27.9506],[-82.52,27.9508],[-82.5136,27.951],[-82.5106,27.9522],[-82.5056,27.955],[-82.504,27.9558],[-82.5015,27.9562],[-82.501,27.9562],[-82.4971,27.9562],[-82.4932,27.9562],[-82.485,27.9562],[-82.4767,27.9561],[-82.4725,27.9561],[-82.4684,27.9561],[-82.4666,27.9561],[-82.4649,27.9563],[-82.4647,27.9564],[-82.465,27.9545],[-82.4652,27.9511],[-82.465,27.9502],[-82.465,27.9501],[-82.4608,27.9467],[-82.4594,27.9447],[-82.4588,27.9432],[-82.4587,27.943],[-82.4582,27.9413],[-82.4568,27.9394],[-82.4554,27.9367],[-82.4523,27.9311],[-82.4483,27.9236],[-82.4479,27.923],[-82.4439,27.9155],[-82.4446,27.9156],[-82.4452,27.9144],[-82.4462,27.9124],[-82.4456,27.91],[-82.4479,27.908],[-82.449,27.9071],[-82.4509,27.9074],[-82.4516,27.9075],[-82.4522,27.9078],[-82.4526,27.908],[-82.4537,27.9085],[-82.455,27.9085],[-82.4605,27.9084],[-82.4618,27.9097],[-82.4619,27.911],[-82.4619,27.912],[-82.4622,27.9176],[-82.4622,27.9184],[-82.4623,27.9202],[-82.4621,27.9218],[-82.462,27.9224],[-82.4611,27.9301],[-82.461,27.9308],[-82.4603,27.937],[-82.4611,27.9379],[-82.4614,27.9382],[-82.4618,27.9385],[-82.4619,27.9386],[-82.4636,27.9377],[-82.4636,27.9377],[-82.4641,27.9374],[-82.4643,27.9373],[-82.4661,27.9363],[-82.4664,27.9362],[-82.4676,27.9332],[-82.4731,27.932],[-82.4742,27.9313],[-82.4765,27.9296],[-82.4825,27.9254],[-82.4828,27.9252],[-82.4852,27.9235],[-82.4859,27.923],[-82.4867,27.9224],[-82.488,27.9215],[-82.4904,27.9198],[-82.4917,27.9147],[-82.4914,27.9128],[-82.4906,27.9087],[-82.4893,27.9015],[-82.4891,27.9005],[-82.4891,27.9003],[-82.4883,27.8963],[-82.4881,27.8953],[-82.4875,27.8948],[-82.4857,27.8933],[-82.4822,27.8905],[-82.4813,27.8898],[-82.4807,27.8893],[-82.4818,27.8807],[-82.4818,27.8807],[-82.482,27.8794],[-82.4821,27.8787],[-82.4843,27.8778],[-82.4873,27.8744],[-82.4875,27.8738],[-82.4894,27.8691],[-82.4887,27.8647],[-82.4885,27.8632],[-82.4872,27.8617],[-82.4825,27.856],[-82.4807,27.8539],[-82.4801,27.8532],[-82.48,27.8531],[-82.4792,27.8526],[-82.4791,27.8525],[-82.4716,27.8473],[-82.4703,27.8454],[-82.4688,27.8433],[-82.4693,27.8408],[-82.4693,27.8406],[-82.4703,27.8351],[-82.4711,27.8301],[-82.4724,27.8226],[-82.4727,27.8224],[-82.4753,27.821],[-82.4898,27.8226],[-82.5112,27.828],[-82.5271,27.8359],[-82.5285,27.8366],[-82.5339,27.8329],[-82.5375,27.8357],[-82.5373,27.8367],[-82.5346,27.8399],[-82.5352,27.8408],[-82.5359,27.8408],[-82.5367,27.8408],[-82.5421,27.8457],[-82.5421,27.8457],[-82.5465,27.8491],[-82.5478,27.8515],[-82.55,27.8518],[-82.5515,27.8495],[-82.553,27.8474],[-82.5546,27.848],[-82.5547,27.8503]]],[[[-82.5764,27.6378],[-82.5727,27.6369],[-82.5726,27.6369],[-82.5767,27.6351],[-82.5764,27.6378]]],[[[-82.7642,27.5913],[-82.7635,27.5963],[-82.7634,27.6007],[-82.7631,27.6024],[-82.7626,27.6031],[-82.7615,27.6031],[-82.7605,27.6024],[-82.7588,27.6005],[-82.7587,27.597],[-82.7592,27.5943],[-82.7604,27.5875],[-82.7606,27.5856],[-82.7601,27.5828],[-82.759,27.5799],[-82.7567,27.5776],[-82.7561,27.5761],[-82.7576,27.576],[-82.7589,27.5771],[-82.7613,27.5798],[-82.7625,27.5812],[-82.7633,27.5821],[-82.7642,27.5886],[-82.7642,27.5913]]]]}},{"type":"Feature","properties":{"geoid":"1212701","puma":"12701","name":"Volusia County (Central & Northwest)--DeLand, DeBary Cities & Pierson Town PUMA"},"geometry":{"type":"Polygon","coordinates":[[[-81.6809,29.3244],[-81.6581,29.3296],[-81.6432,29.333],[-81.5736,29.3487],[-81.5541,29.3534],[-81.5489,29.3545],[-81.5218,29.3622],[-81.518,29.3619],[-81.5098,29.3639],[-81.5082,29.3644],[-81.508,29.3645],[-81.4639,29.3753],[-81.4611,29.3758],[-81.4509,29.3785],[-81.447,29.3803],[-81.4459,29.3801],[-81.4442,29.3825],[-81.4432,29.3829],[-81.4415,29.3851],[-81.4403,29.3853],[-81.4408,29.3874],[-81.4403,29.3883],[-81.4398,29.3914],[-81.4377,29.3936],[-81.4353,29.3953],[-81.4336,29.3982],[-81.434,29.3986],[-81.4345,29.3993],[-81.4336,29.3998],[-81.4317,29.3997],[-81.4294,29.3971],[-81.4269,29.3969],[-81.4247,29.3973],[-81.4229,29.4004],[-81.4207,29.3996],[-81.4191,29.3214],[-81.4177,29.2693],[-81.4173,29.2612],[-81.4173,29.2612],[-81.4074,29.2611],[-81.4018,29.2612],[-81.3671,29.2617],[-81.3632,29.2617],[-81.3555,29.2619],[-81.3334,29.2623],[-81.3298,29.2623],[-81.3289,29.2596],[-81.3274,29.2575],[-81.3241,29.256],[-81.3204,29.2528],[-81.3222,29.2503],[-81.3226,29.2481],[-81.3207,29.2469],[-81.3199,29.2438],[-81.3183,29.2438],[-81.317,29.243],[-81.3163,29.239],[-81.3148,29.2381],[-81.3131,29.2334],[-81.3129,29.2311],[-81.3122,29.2297],[-81.3106,29.2282],[-81.311,29.2267],[-81.3122,29.2252],[-81.3114,29.2227],[-81.3123,29.2213],[-81.3116,29.2179],[-81.3107,29.2171],[-81.3077,29.2174],[-81.3075,29.2181],[-81.3053,29.2176],[-81.3068,29.2151],[-81.3044,29.2049],[-81.3023,29.1992],[-81.2991,29.1924],[-81.2973,29.19],[-81.2945,29.1882],[-81.2911,29.1874],[-81.2881,29.1839],[-81.2862,29.1811],[-81.2846,29.1763],[-81.2809,29.174],[-81.2759,29.1704],[-81.271,29.1644],[-81.2633,29.1657],[-81.269,29.16],[-81.2679,29.1574],[-81.266,29.1551],[-81.2602,29.1474],[-81.2576,29.1412],[-81.255,29.1344],[-81.256,29.1281],[-81.256,29.127],[-81.2547,29.1159],[-81.2537,29.1155],[-81.25,29.1138],[-81.2477,29.1131],[-81.2415,29.1111],[-81.2365,29.1081],[-81.2302,29.1078],[-81.2266,29.1063],[-81.2239,29.1047],[-81.2209,29.1016],[-81.2184,29.1011],[-81.2173,29.0999],[-81.2169,29.063],[-81.2041,29.063],[-81.2017,29.0601],[-81.2001,29.0541],[-81.1988,29.0526],[-81.1988,29.0523],[-81.2121,29.038],[-81.2316,29.0176],[-81.2317,29.0175],[-81.2397,29.0088],[-81.2421,29.0038],[-81.2435,28.9993],[-81.2469,28.9886],[-81.2482,28.9846],[-81.2485,28.9836],[-81.2486,28.9834],[-81.2491,28.9819],[-81.254,28.9663],[-81.2562,28.9596],[-81.2575,28.9553],[-81.2591,28.9504],[-81.2597,28.9486],[-81.2642,28.9342],[-81.2654,28.9305],[-81.2688,28.9197],[-81.269,28.9192],[-81.2696,28.9183],[-81.2715,28.9123],[-81.2718,28.9113],[-81.2728,28.9083],[-81.2738,28.9054],[-81.2741,28.905],[-81.2756,28.9021],[-81.2768,28.8989],[-81.2778,28.893],[-81.2795,28.8871],[-81.2821,28.8788],[-81.2829,28.8762],[-81.2845,28.8718],[-81.2855,28.8699],[-81.2864,28.8687],[-81.317,28.8381],[-81.318,28.8364],[-81.3198,28.8345],[-81.3206,28.8346],[-81.3234,28.8373],[-81.3242,28.8376],[-81.3246,28.8377],[-81.3299,28.839],[-81.3335,28.8404],[-81.3391,28.8452],[-81.3415,28.8471],[-81.3449,28.8463],[-81.3476,28.8462],[-81.3525,28.8472],[-81.358,28.8478],[-81.3593,28.8489],[-81.3596,28.8503],[-81.3583,28.8519],[-81.3557,28.8533],[-81.355,28.8546],[-81.355,28.858],[-81.3535,28.8592],[-81.3511,28.8581],[-81.3521,28.8623],[-81.3537,28.8631],[-81.3579,28.864],[-81.3635,28.8647],[-81.3647,28.8657],[-81.3646,28.8674],[-81.363,28.8699],[-81.3605,28.8705],[-81.3607,28.8725],[-81.3653,28.8765],[-81.3669,28.8792],[-81.3663,28.88],[-81.3642,28.8791],[-81.3631,28.8797],[-81.3654,28.8829],[-81.366,28.8847],[-81.3661,28.8878],[-81.3645,28.8903],[-81.3618,28.8898],[-81.3589,28.8873],[-81.3572,28.8871],[-81.3558,28.8902],[-81.3548,28.8926],[-81.3548,28.8951],[-81.3558,28.8966],[-81.3528,28.8967],[-81.3541,28.8985],[-81.3565,28.8988],[-81.3578,28.9004],[-81.3575,28.9037],[-81.3602,28.9066],[-81.359,28.9087],[-81.3567,28.9105],[-81.357,28.9115],[-81.3595,28.9132],[-81.3595,28.914],[-81.3576,28.9168],[-81.3541,28.9209],[-81.352,28.9207],[-81.3528,28.9231],[-81.3533,28.9264],[-81.3551,28.9284],[-81.3554,28.9299],[-81.3544,28.9315],[-81.3514,28.9328],[-81.3515,28.9341],[-81.3535,28.9368],[-81.3506,28.9383],[-81.3497,28.9396],[-81.3532,28.9391],[-81.3547,28.9396],[-81.3556,28.9412],[-81.3552,28.9425],[-81.3537,28.9443],[-81.353,28.9462],[-81.3549,28.9472],[-81.3574,28.9448],[-81.3592,28.9445],[-81.3592,28.9458],[-81.3546,28.9484],[-81.354,28.9496],[-81.3556,28.9511],[-81.3596,28.9511],[-81.3604,28.9517],[-81.3603,28.9537],[-81.359,28.9542],[-81.3589,28.9559],[-81.3597,28.9564],[-81.3617,28.9571],[-81.3636,28.9558],[-81.3681,28.9554],[-81.3708,28.958],[-81.3706,28.9589],[-81.3681,28.9594],[-81.3668,28.9597],[-81.3671,28.9586],[-81.3658,28.9609],[-81.3661,28.9623],[-81.3694,28.9674],[-81.3692,28.9689],[-81.367,28.968],[-81.3642,28.9686],[-81.3634,28.97],[-81.3627,28.9744],[-81.3608,28.9768],[-81.3569,28.9799],[-81.3557,28.9816],[-81.3547,28.9848],[-81.3559,28.987],[-81.3584,28.9894],[-81.3617,28.9914],[-81.3644,28.9927],[-81.3696,28.9932],[-81.373,28.9931],[-81.3757,28.994],[-81.3753,28.9956],[-81.3723,28.9971],[-81.3728,28.9992],[-81.3753,28.9992],[-81.3769,28.9986],[-81.3782,28.9989],[-81.3791,29.0027],[-81.3808,29.0074],[-81.3825,29.0083],[-81.3882,29.0107],[-81.3887,29.0119],[-81.3875,29.0145],[-81.3877,29.0162],[-81.3921,29.02],[-81.3934,29.0198],[-81.3952,29.0187],[-81.3958,29.0198],[-81.395,29.0212],[-81.3948,29.0241],[-81.3953,29.0252],[-81.4006,29.0299],[-81.4029,29.0325],[-81.404,29.0329],[-81.4067,29.0325],[-81.4084,29.0312],[-81.4099,29.0313],[-81.4109,29.0324],[-81.4115,29.035],[-81.4132,29.0372],[-81.4154,29.0384],[-81.4188,29.038],[-81.4208,29.0394],[-81.4231,29.0427],[-81.4258,29.0448],[-81.4275,29.0455],[-81.4294,29.0453],[-81.4306,29.0442],[-81.4322,29.0444],[-81.4338,29.0462],[-81.4363,29.048],[-81.438,29.0506],[-81.4414,29.0548],[-81.4455,29.0614],[-81.4467,29.0623],[-81.4523,29.0616],[-81.4546,29.0624],[-81.4553,29.0631],[-81.456,29.0659],[-81.4553,29.0686],[-81.4558,29.0715],[-81.4571,29.0726],[-81.4595,29.0735],[-81.4607,29.0747],[-81.4609,29.0766],[-81.4605,29.0783],[-81.4582,29.0802],[-81.4559,29.0805],[-81.4544,29.082],[-81.4546,29.0835],[-81.4568,29.0876],[-81.4573,29.0916],[-81.4592,29.0942],[-81.463,29.0951],[-81.4664,29.0967],[-81.4679,29.097],[-81.4703,29.0968],[-81.4729,29.0952],[-81.4753,29.0944],[-81.4814,29.094],[-81.4842,29.0931],[-81.487,29.0929],[-81.4888,29.0932],[-81.492,29.0955],[-81.4975,29.0957],[-81.501,29.0968],[-81.5021,29.0978],[-81.5015,29.0997],[-81.5005,29.1013],[-81.5003,29.1025],[-81.5016,29.1051],[-81.5028,29.1063],[-81.5067,29.1122],[-81.5063,29.1178],[-81.5045,29.1237],[-81.5062,29.1267],[-81.5076,29.1283],[-81.51,29.1328],[-81.5129,29.1356],[-81.5141,29.1384],[-81.5147,29.1426],[-81.5161,29.145],[-81.5173,29.1483],[-81.5198,29.1525],[-81.5226,29.156],[-81.5236,29.1587],[-81.5236,29.161],[-81.5218,29.1662],[-81.5226,29.1677],[-81.5239,29.1692],[-81.5262,29.1703],[-81.5297,29.1709],[-81.5315,29.1723],[-81.5311,29.1759],[-81.5315,29.1769],[-81.5326,29.1776],[-81.5402,29.1792],[-81.5429,29.1805],[-81.5441,29.1811],[-81.5465,29.1846],[-81.5489,29.1851],[-81.5519,29.1845],[-81.554,29.1846],[-81.5545,29.1853],[-81.5536,29.188],[-81.5541,29.1895],[-81.5552,29.1905],[-81.5571,29.1939],[-81.5581,29.1974],[-81.5609,29.2002],[-81.5643,29.2006],[-81.5706,29.202],[-81.5721,29.2034],[-81.5758,29.2029],[-81.5782,29.2018],[-81.5802,29.2015],[-81.5826,29.2003],[-81.5855,29.2001],[-81.5888,29.1993],[-81.5931,29.199],[-81.5999,29.1998],[-81.6046,29.2005],[-81.6103,29.2026],[-81.6123,29.2029],[-81.6124,29.2042],[-81.6147,29.2065],[-81.6146,29.2076],[-81.6168,29.2105],[-81.6174,29.2127],[-81.6166,29.2147],[-81.6152,29.2164],[-81.6158,29.2177],[-81.6152,29.2171],[-81.6162,29.221],[-81.6182,29.2263],[-81.6193,29.2286],[-81.6217,29.2302],[-81.6227,29.2322],[-81.6259,29.2359],[-81.6294,29.2391],[-81.634,29.2448],[-81.6344,29.2466],[-81.6348,29.2473],[-81.6337,29.2503],[-81.6342,29.2517],[-81.6339,29.2543],[-81.6357,29.2586],[-81.6371,29.263],[-81.6382,29.2674],[-81.6404,29.2739],[-81.6419,29.2768],[-81.6453,29.2813],[-81.6465,29.2844],[-81.6478,29.286],[-81.6485,29.2884],[-81.6484,29.2902],[-81.6521,29.2964],[-81.6536,29.2974],[-81.6557,29.2999],[-81.6601,29.2992],[-81.6614,29.2997],[-81.6643,29.2999],[-81.6679,29.3015],[-81.6721,29.3053],[-81.6733,29.3066],[-81.6755,29.3106],[-81.6796,29.3202],[-81.6809,29.3244]]]}},{"type":"Feature","properties":{"geoid":"1210302","puma":"10302","name":"Pinellas County (North Central) PUMA"},"geometry":{"type":"MultiPolygon","coordinates":[[[[-82.8282,28.019],[-82.8282,28.0193],[-82.8282,28.0201],[-82.8276,28.0217],[-82.8185,28.0487],[-82.8165,28.0457],[-82.8137,28.0312],[-82.8158,28.0208],[-82.8163,28.0119],[-82.8091,28.0065],[-82.8108,28.0044],[-82.8156,28.0015],[-82.816,28.0004],[-82.8161,28.0003],[-82.8164,28.0004],[-82.8157,28.0016],[-82.8175,28.0045],[-82.8196,28.0058],[-82.8217,28.0086],[-82.8228,28.0101],[-82.8242,28.012],[-82.8283,28.0175],[-82.8282,28.019]]],[[[-82.8375,28.0855],[-82.8374,28.0859],[-82.8362,28.0919],[-82.8276,28.0834],[-82.8273,28.0832],[-82.8271,28.083],[-82.8265,28.0815],[-82.8262,28.0807],[-82.8253,28.0787],[-82.8246,28.0726],[-82.8256,28.0637],[-82.8212,28.0602],[-82.8177,28.0623],[-82.8132,28.0619],[-82.8125,28.0618],[-82.8051,28.0564],[-82.8004,28.0526],[-82.796,28.0526],[-82.7932,28.0526],[-82.7904,28.0531],[-82.7835,28.0526],[-82.7835,28.0562],[-82.7829,28.0562],[-82.7772,28.0562],[-82.7766,28.0562],[-82.7766,28.0556],[-82.7785,28.0536],[-82.7803,28.0494],[-82.7782,28.0489],[-82.7761,28.0489],[-82.7754,28.0489],[-82.7729,28.0489],[-82.7725,28.0489],[-82.7724,28.0489],[-82.7721,28.049],[-82.7719,28.0491],[-82.771,28.0495],[-82.7694,28.05],[-82.7637,28.0488],[-82.7596,28.0487],[-82.7472,28.0487],[-82.7429,28.0488],[-82.7386,28.049],[-82.7363,28.0492],[-82.7334,28.0499],[-82.7299,28.0501],[-82.7258,28.049],[-82.724,28.049],[-82.7217,28.049],[-82.7183,28.049],[-82.7119,28.049],[-82.7093,28.049],[-82.7071,28.049],[-82.7066,28.049],[-82.6964,28.049],[-82.6939,28.0489],[-82.6905,28.0478],[-82.6893,28.0474],[-82.6888,28.0484],[-82.6887,28.0537],[-82.6887,28.0561],[-82.6886,28.0563],[-82.6861,28.0589],[-82.6827,28.0597],[-82.6804,28.0598],[-82.6804,28.0604],[-82.669,28.0604],[-82.6695,28.0599],[-82.649,28.06],[-82.6486,28.06],[-82.6484,28.0562],[-82.6486,28.0386],[-82.6486,28.0337],[-82.6485,28.0188],[-82.6485,28.0181],[-82.6487,28.0182],[-82.6543,28.017],[-82.6551,28.0168],[-82.6574,28.0137],[-82.6574,28.0124],[-82.6573,28.0103],[-82.6549,28.0094],[-82.6573,28.0027],[-82.6579,28.0002],[-82.6616,28.0006],[-82.6636,27.9999],[-82.665,28.0013],[-82.6648,28.0021],[-82.664,28.0047],[-82.6637,28.0055],[-82.6641,28.0093],[-82.6656,28.0123],[-82.6658,28.0127],[-82.6676,28.0163],[-82.6658,28.0191],[-82.6651,28.025],[-82.6654,28.0281],[-82.6696,28.0304],[-82.6749,28.0322],[-82.6765,28.0328],[-82.677,28.0329],[-82.6806,28.0315],[-82.6867,28.0302],[-82.6884,28.0288],[-82.69,28.0275],[-82.6901,28.0275],[-82.6891,28.0262],[-82.6851,28.0207],[-82.685,28.0204],[-82.6843,28.0183],[-82.6835,28.0157],[-82.6829,28.014],[-82.6829,28.014],[-82.6825,28.0137],[-82.6768,28.0092],[-82.6758,28.006],[-82.6756,28.0054],[-82.6761,28.0047],[-82.6791,28.0009],[-82.6802,27.9995],[-82.6835,27.9952],[-82.6845,27.9938],[-82.6854,27.9927],[-82.6855,27.9926],[-82.6859,27.9919],[-82.6876,27.9897],[-82.6877,27.9895],[-82.6906,27.9862],[-82.6927,27.9838],[-82.6928,27.9832],[-82.6935,27.9801],[-82.6938,27.9789],[-82.6941,27.9776],[-82.6937,27.9761],[-82.6896,27.9749],[-82.6887,27.973],[-82.6916,27.971],[-82.6961,27.9633],[-82.6993,27.9609],[-82.6997,27.9606],[-82.7001,27.9603],[-82.7027,27.9604],[-82.7046,27.9605],[-82.7054,27.9605],[-82.7087,27.9607],[-82.7089,27.9607],[-82.7088,27.9623],[-82.7088,27.9646],[-82.7088,27.9679],[-82.7088,27.979],[-82.7089,27.9799],[-82.7089,27.98],[-82.7089,27.9801],[-82.709,27.9826],[-82.709,27.9828],[-82.709,27.987],[-82.709,27.9884],[-82.709,27.9903],[-82.709,27.9908],[-82.7102,27.9908],[-82.7212,27.9908],[-82.7293,27.9908],[-82.7295,27.9908],[-82.7311,27.9908],[-82.7317,27.9906],[-82.7335,27.99],[-82.7347,27.9899],[-82.7365,27.9899],[-82.7373,27.9899],[-82.7404,27.9899],[-82.7421,27.9899],[-82.742,27.9916],[-82.742,27.9917],[-82.742,27.9919],[-82.742,27.9932],[-82.7425,27.9934],[-82.7432,27.9936],[-82.7467,27.9936],[-82.7485,27.9936],[-82.7502,27.9935],[-82.7515,27.9936],[-82.7522,27.9936],[-82.7548,27.9936],[-82.7548,27.9972],[-82.7631,27.9973],[-82.7661,27.9973],[-82.7672,27.9973],[-82.769,27.9973],[-82.7695,27.9973],[-82.7755,27.9973],[-82.7797,27.9974],[-82.7825,27.9974],[-82.7838,27.9974],[-82.7879,27.9974],[-82.7954,27.9974],[-82.7947,28.0001],[-82.793,28.0065],[-82.7939,28.011],[-82.794,28.0114],[-82.7942,28.0122],[-82.794,28.0128],[-82.7918,28.0193],[-82.7915,28.0233],[-82.7913,28.0274],[-82.7908,28.034],[-82.79,28.0348],[-82.7887,28.0363],[-82.7885,28.0365],[-82.7885,28.0369],[-82.7888,28.0415],[-82.787,28.0457],[-82.7869,28.046],[-82.7861,28.0479],[-82.789,28.0486],[-82.7894,28.0487],[-82.7915,28.0486],[-82.7992,28.0485],[-82.8056,28.052],[-82.8151,28.055],[-82.8153,28.0549],[-82.8174,28.0547],[-82.8223,28.0541],[-82.8242,28.0556],[-82.8341,28.0638],[-82.8386,28.0795],[-82.8375,28.0855]]]]}},{"type":"Feature","properties":{"geoid":"1201112","puma":"01112","name":"Broward County (SSW)--Miramar (West) & Pembroke Pines (Southwest) Cities PUMA"},"geometry":{"type":"Polygon","coordinates":[[[-80.4409,26.0077],[-80.4329,26.0079],[-80.4324,26.0079],[-80.4168,26.0078],[-80.4088,26.0078],[-80.4049,26.0078],[-80.3979,26.0077],[-80.3928,26.0077],[-80.3928,26.0075],[-80.3926,26.0031],[-80.3923,25.9932],[-80.3863,25.9932],[-80.3762,25.9931],[-80.3619,25.9931],[-80.358,25.9931],[-80.3441,25.9932],[-80.3406,25.9932],[-80.3281,25.9933],[-80.3185,25.9933],[-80.312,25.9933],[-80.3116,25.9933],[-80.305,25.9933],[-80.3019,25.9933],[-80.3002,25.9933],[-80.2959,25.9933],[-80.2796,25.9938],[-80.2792,25.9938],[-80.2737,25.9939],[-80.2717,25.994],[-80.2672,25.9941],[-80.2632,25.9943],[-80.2601,25.9943],[-80.2569,25.9944],[-80.2541,25.9945],[-80.2476,25.9948],[-80.2473,25.9874],[-80.2525,25.9873],[-80.2566,25.9872],[-80.2571,25.9872],[-80.263,25.987],[-80.2628,25.9811],[-80.2552,25.9813],[-80.2471,25.9816],[-80.2468,25.9741],[-80.2467,25.9726],[-80.2467,25.9719],[-80.2469,25.9719],[-80.2622,25.9713],[-80.2625,25.9713],[-80.2626,25.9713],[-80.2788,25.971],[-80.2951,25.9706],[-80.2951,25.9636],[-80.295,25.9569],[-80.295,25.9568],[-80.3106,25.9572],[-80.3108,25.9572],[-80.3174,25.9571],[-80.3267,25.9571],[-80.3318,25.9571],[-80.3332,25.9571],[-80.3391,25.9571],[-80.34,25.9571],[-80.3409,25.9572],[-80.3428,25.9572],[-80.3514,25.957],[-80.3521,25.957],[-80.375,25.9571],[-80.3751,25.9571],[-80.4074,25.9569],[-80.4087,25.9569],[-80.4314,25.957],[-80.4394,25.9569],[-80.4405,25.9932],[-80.4409,26.0077]]]}},{"type":"Feature","properties":{"geoid":"1200904","puma":"00904","name":"Brevard County (Southeast)--Palm Bay City, Grant-Valkaria & Malabar Towns PUMA"},"geometry":{"type":"Polygon","coordinates":[[[-80.7455,27.999],[-80.7453,28.0134],[-80.7288,28.0134],[-80.729,28.0144],[-80.7286,28.0322],[-80.7285,28.0389],[-80.7283,28.0424],[-80.7203,28.0424],[-80.7121,28.0425],[-80.705,28.0426],[-80.6963,28.0426],[-80.6957,28.0426],[-80.6875,28.0426],[-80.6764,28.0428],[-80.6755,28.0428],[-80.6714,28.0429],[-80.6714,28.0466],[-80.6713,28.0491],[-80.6689,28.0475],[-80.6679,28.0469],[-80.6669,28.0462],[-80.6629,28.0436],[-80.6619,28.0427],[-80.6565,28.0353],[-80.6456,28.0352],[-80.6444,28.0352],[-80.643,28.0353],[-80.6425,28.0353],[-80.6399,28.0352],[-80.6382,28.0352],[-80.6381,28.0389],[-80.638,28.0425],[-80.6381,28.0442],[-80.6381,28.0461],[-80.6382,28.0479],[-80.6382,28.0483],[-80.6382,28.0497],[-80.634,28.0497],[-80.6289,28.0497],[-80.6215,28.0497],[-80.6214,28.057],[-80.6213,28.064],[-80.6132,28.0638],[-80.613,28.0638],[-80.6086,28.0638],[-80.6048,28.0638],[-80.5985,28.0638],[-80.597,28.0638],[-80.5819,28.0637],[-80.5811,28.0625],[-80.5775,28.0565],[-80.5726,28.0483],[-80.5703,28.0439],[-80.5691,28.0419],[-80.5632,28.0317],[-80.5588,28.024],[-80.5549,28.0172],[-80.5528,28.0125],[-80.54,27.9909],[-80.5364,27.9754],[-80.5348,27.9686],[-80.5322,27.9636],[-80.515,27.9303],[-80.4977,27.895],[-80.4985,27.895],[-80.4911,27.8848],[-80.4895,27.8801],[-80.4874,27.8737],[-80.4857,27.8702],[-80.4819,27.8603],[-80.4786,27.8546],[-80.4788,27.8546],[-80.4911,27.8546],[-80.4944,27.8519],[-80.4948,27.8509],[-80.4944,27.8459],[-80.4969,27.8384],[-80.4971,27.8381],[-80.4992,27.8354],[-80.4998,27.8346],[-80.5053,27.8288],[-80.5073,27.828],[-80.5091,27.8221],[-80.5545,27.8222],[-80.6071,27.8224],[-80.6084,27.8251],[-80.6195,27.836],[-80.6208,27.8374],[-80.6224,27.8402],[-80.623,27.8424],[-80.6231,27.845],[-80.6229,27.8667],[-80.6227,27.8739],[-80.6224,27.8958],[-80.6223,27.9024],[-80.6227,27.9056],[-80.6232,27.9101],[-80.6288,27.9102],[-80.6473,27.9102],[-80.6718,27.9103],[-80.6885,27.9103],[-80.7208,27.9106],[-80.7207,27.9378],[-80.721,27.9426],[-80.721,27.9656],[-80.7206,27.9657],[-80.7206,27.9768],[-80.7205,27.991],[-80.7209,27.999],[-80.7289,27.999],[-80.7295,27.999],[-80.7416,27.9989],[-80.7455,27.9989],[-80.7455,27.999]]]}},{"type":"Feature","properties":{"geoid":"1201104","puma":"01104","name":"Broward County (NE)--Pompano Beach (South) City PUMA"},"geometry":{"type":"Polygon","coordinates":[[[-80.1883,26.2185],[-80.1849,26.2225],[-80.1824,26.2255],[-80.1779,26.2308],[-80.1774,26.2314],[-80.1697,26.2407],[-80.1674,26.2453],[-80.1668,26.2472],[-80.1667,26.2491],[-80.1665,26.2525],[-80.1668,26.2568],[-80.1675,26.26],[-80.1687,26.2653],[-80.1689,26.2706],[-80.169,26.2742],[-80.1688,26.2742],[-80.1684,26.2742],[-80.1582,26.2745],[-80.1521,26.2745],[-80.1358,26.2749],[-80.1357,26.2749],[-80.1342,26.275],[-80.1311,26.275],[-80.1303,26.275],[-80.1291,26.275],[-80.125,26.275],[-80.1234,26.2751],[-80.1219,26.2751],[-80.1194,26.2752],[-80.1135,26.2753],[-80.1072,26.2754],[-80.1031,26.2755],[-80.0975,26.2755],[-80.0975,26.2754],[-80.098,26.2722],[-80.0984,26.2692],[-80.0987,26.2674],[-80.0988,26.2665],[-80.0988,26.2661],[-80.0995,26.2611],[-80.0945,26.2612],[-80.0883,26.2614],[-80.0881,26.2608],[-80.0863,26.2614],[-80.0838,26.2626],[-80.0814,26.2581],[-80.0821,26.2578],[-80.0836,26.2565],[-80.0844,26.2522],[-80.0844,26.2522],[-80.0844,26.2521],[-80.085,26.2493],[-80.0851,26.2488],[-80.0861,26.2453],[-80.0873,26.2413],[-80.0876,26.2394],[-80.0878,26.2383],[-80.0888,26.2322],[-80.0888,26.2318],[-80.0888,26.2317],[-80.0892,26.2263],[-80.0895,26.222],[-80.0905,26.2168],[-80.0905,26.2166],[-80.0906,26.2159],[-80.0914,26.2123],[-80.0922,26.2085],[-80.0929,26.2051],[-80.0929,26.2049],[-80.0946,26.2049],[-80.0947,26.2045],[-80.0998,26.2044],[-80.0998,26.2047],[-80.1001,26.2047],[-80.099,26.209],[-80.0983,26.2118],[-80.0983,26.2118],[-80.1042,26.2117],[-80.1042,26.2098],[-80.1074,26.2098],[-80.1101,26.2097],[-80.1101,26.2109],[-80.1146,26.2108],[-80.12,26.2106],[-80.1209,26.2086],[-80.1226,26.2084],[-80.1231,26.2084],[-80.1299,26.2061],[-80.1315,26.2061],[-80.1324,26.206],[-80.1345,26.206],[-80.1376,26.2088],[-80.1382,26.209],[-80.1385,26.2091],[-80.1394,26.2093],[-80.148,26.2119],[-80.148,26.2119],[-80.1482,26.2109],[-80.1559,26.2109],[-80.1559,26.2107],[-80.1639,26.2103],[-80.1718,26.2099],[-80.1763,26.2093],[-80.1816,26.2092],[-80.1834,26.2091],[-80.1882,26.2097],[-80.1883,26.2185]]]}},{"type":"Feature","properties":{"geoid":"1208602","puma":"08602","name":"Miami-Dade County (North Central)--Miami Gardens City PUMA"},"geometry":{"type":"Polygon","coordinates":[[[-80.2951,25.9706],[-80.2788,25.971],[-80.2626,25.9713],[-80.2625,25.9713],[-80.2622,25.9713],[-80.2469,25.9719],[-80.2467,25.9719],[-80.2381,25.972],[-80.2297,25.9722],[-80.2296,25.9722],[-80.2231,25.9723],[-80.2195,25.9722],[-80.2172,25.9723],[-80.2148,25.9723],[-80.2143,25.9724],[-80.2125,25.9724],[-80.2062,25.9726],[-80.2061,25.9721],[-80.2059,25.9656],[-80.2058,25.9599],[-80.2058,25.9595],[-80.2057,25.9571],[-80.2054,25.9498],[-80.2052,25.9426],[-80.2132,25.9422],[-80.2212,25.9419],[-80.2227,25.9418],[-80.216,25.9352],[-80.2159,25.9351],[-80.2105,25.9299],[-80.2121,25.9286],[-80.2121,25.9286],[-80.2142,25.9275],[-80.2217,25.9272],[-80.2284,25.9269],[-80.2325,25.9268],[-80.2306,25.9265],[-80.2304,25.9206],[-80.2302,25.9172],[-80.228,25.9173],[-80.2281,25.916],[-80.2362,25.9157],[-80.2443,25.9154],[-80.2522,25.9152],[-80.2583,25.915],[-80.2591,25.915],[-80.2602,25.9149],[-80.2761,25.9142],[-80.2926,25.9134],[-80.2932,25.925],[-80.2933,25.9281],[-80.2934,25.9305],[-80.2939,25.9393],[-80.2941,25.9424],[-80.2943,25.9466],[-80.2943,25.9469],[-80.2945,25.9516],[-80.2946,25.9535],[-80.2945,25.9569],[-80.295,25.9569],[-80.2951,25.9636],[-80.2951,25.9706]]]}},{"type":"Feature","properties":{"geoid":"1207101","puma":"07101","name":"Lee County (South & West)--Barrier Islands Region PUMA"},"geometry":{"type":"MultiPolygon","coordinates":[[[[-82.0108,26.4936],[-82.0086,26.4958],[-82.0072,26.4971],[-82.0083,26.5021],[-82.0076,26.5063],[-82.0101,26.5129],[-82.0091,26.5201],[-82.0075,26.521],[-82.0052,26.5223],[-82.0032,26.5235],[-81.9994,26.5258],[-81.9983,26.5264],[-81.9983,26.527],[-81.9982,26.5296],[-81.9957,26.5298],[-81.9928,26.5301],[-81.9849,26.5308],[-81.9799,26.5312],[-81.9732,26.5318],[-81.9729,26.5318],[-81.9678,26.5322],[-81.9591,26.533],[-81.9569,26.5332],[-81.9561,26.5335],[-81.9434,26.5401],[-81.9394,26.5436],[-81.9353,26.5491],[-81.934,26.5509],[-81.9272,26.5604],[-81.9253,26.563],[-81.9218,26.5661],[-81.917,26.5706],[-81.9162,26.5714],[-81.9153,26.5723],[-81.9105,26.5795],[-81.9082,26.5831],[-81.8996,26.5786],[-81.899,26.5785],[-81.8988,26.5777],[-81.8979,26.5767],[-81.8976,26.5759],[-81.8969,26.575],[-81.8968,26.575],[-81.8925,26.575],[-81.8842,26.5752],[-81.8799,26.5752],[-81.872,26.5754],[-81.8721,26.5683],[-81.8721,26.5677],[-81.872,26.5645],[-81.8719,26.5645],[-81.867,26.5645],[-81.8598,26.5646],[-81.8552,26.5646],[-81.8552,26.5485],[-81.8553,26.5463],[-81.8549,26.5282],[-81.8547,26.5182],[-81.8547,26.5164],[-81.8541,26.5164],[-81.8541,26.5125],[-81.8533,26.5101],[-81.853,26.5096],[-81.8409,26.4925],[-81.8438,26.4924],[-81.8446,26.4924],[-81.8459,26.4924],[-81.8462,26.4924],[-81.8437,26.49],[-81.8422,26.4873],[-81.8371,26.4753],[-81.834,26.4679],[-81.8333,26.4667],[-81.8303,26.4631],[-81.8267,26.4588],[-81.8233,26.4547],[-81.8218,26.4529],[-81.8213,26.4523],[-81.8179,26.4482],[-81.812,26.4438],[-81.8111,26.442],[-81.8109,26.4348],[-81.8107,26.4312],[-81.8107,26.4309],[-81.8117,26.4203],[-81.8122,26.4143],[-81.8119,26.4112],[-81.811,26.4045],[-81.8107,26.398],[-81.8149,26.398],[-81.8262,26.398],[-81.8265,26.398],[-81.8286,26.398],[-81.8333,26.398],[-81.8362,26.398],[-81.8362,26.3992],[-81.84,26.3991],[-81.8424,26.3989],[-81.8419,26.3964],[-81.8424,26.3954],[-81.844,26.3944],[-81.8439,26.3928],[-81.8511,26.3958],[-81.8525,26.3987],[-81.8524,26.4032],[-81.8548,26.4033],[-81.8556,26.405],[-81.8607,26.4122],[-81.8701,26.4216],[-81.8724,26.4233],[-81.876,26.419],[-81.8769,26.4176],[-81.8786,26.4132],[-81.8801,26.4074],[-81.8803,26.4068],[-81.881,26.4047],[-81.8812,26.4044],[-81.8825,26.4022],[-81.8825,26.4027],[-81.8845,26.4036],[-81.8846,26.4037],[-81.8939,26.4036],[-81.9017,26.4111],[-81.903,26.4171],[-81.903,26.4171],[-81.9065,26.4229],[-81.9073,26.4236],[-81.9128,26.4294],[-81.9165,26.4319],[-81.9236,26.4367],[-81.9237,26.4367],[-81.9274,26.4388],[-81.9384,26.4451],[-81.9525,26.4511],[-81.9562,26.4526],[-81.9566,26.4528],[-81.9598,26.4548],[-81.9639,26.4572],[-81.9674,26.4609],[-81.9693,26.4639],[-81.9689,26.4648],[-81.9669,26.4655],[-81.966,26.465],[-81.9656,26.4648],[-81.9644,26.4621],[-81.9614,26.4595],[-81.9571,26.4579],[-81.9559,26.4575],[-81.9553,26.4582],[-81.9548,26.4587],[-81.9551,26.4602],[-81.9564,26.466],[-81.9565,26.4667],[-81.9566,26.467],[-81.9596,26.4692],[-81.9695,26.4765],[-81.9727,26.4778],[-81.9807,26.481],[-81.997,26.4849],[-81.998,26.4848],[-82.009,26.4841],[-82.0095,26.4845],[-82.0095,26.4845],[-82.0127,26.4869],[-82.0108,26.4936]]],[[[-82.1836,26.695],[-82.1812,26.6982],[-82.1799,26.6995],[-82.1738,26.7056],[-82.1581,26.7073],[-82.1517,26.7041],[-82.139,26.703],[-82.1258,26.6995],[-82.1229,26.6959],[-82.1196,26.6918],[-82.1189,26.6909],[-82.1118,26.6816],[-82.1076,26.6707],[-82.1062,26.6673],[-82.105,26.6665],[-82.1036,26.6654],[-82.104,26.6542],[-82.099,26.646],[-82.0878,26.6472],[-82.0826,26.6531],[-82.0804,26.6508],[-82.0745,26.646],[-82.0727,26.6438],[-82.0704,26.6369],[-82.0703,26.6366],[-82.069,26.6337],[-82.0682,26.6324],[-82.0681,26.6323],[-82.0642,26.6274],[-82.0632,26.625],[-82.0646,26.6233],[-82.0676,26.621],[-82.066,26.6194],[-82.0627,26.6146],[-82.0608,26.6114],[-82.0597,26.6089],[-82.059,26.6061],[-82.0587,26.6019],[-82.0592,26.5969],[-82.0609,26.5912],[-82.062,26.5885],[-82.065,26.5832],[-82.0681,26.5742],[-82.0695,26.569],[-82.0695,26.5662],[-82.0688,26.5634],[-82.0674,26.5601],[-82.0666,26.5574],[-82.0654,26.5497],[-82.0647,26.5407],[-82.0658,26.5395],[-82.0693,26.5354],[-82.0716,26.5257],[-82.0712,26.524],[-82.0685,26.5135],[-82.0652,26.5067],[-82.0633,26.5029],[-82.0627,26.5024],[-82.059,26.499],[-82.0569,26.4972],[-82.0569,26.4968],[-82.0569,26.4937],[-82.0578,26.4937],[-82.0693,26.4927],[-82.0717,26.4926],[-82.0745,26.492],[-82.0815,26.4904],[-82.0838,26.4899],[-82.0848,26.4897],[-82.0859,26.4895],[-82.0961,26.4839],[-82.1057,26.4839],[-82.1065,26.4914],[-82.1027,26.4997],[-82.1019,26.5038],[-82.1013,26.5072],[-82.1009,26.5093],[-82.1006,26.5108],[-82.1091,26.5152],[-82.107,26.5182],[-82.1021,26.5195],[-82.1047,26.5235],[-82.1052,26.5238],[-82.112,26.5276],[-82.1137,26.5322],[-82.1139,26.5407],[-82.1225,26.555],[-82.1251,26.5682],[-82.1248,26.5745],[-82.1247,26.577],[-82.1245,26.5805],[-82.1244,26.5824],[-82.1216,26.5853],[-82.1221,26.5864],[-82.1235,26.5896],[-82.1266,26.5904],[-82.1272,26.5928],[-82.1301,26.6032],[-82.132,26.6102],[-82.1387,26.6126],[-82.1446,26.6228],[-82.1453,26.6254],[-82.1477,26.6345],[-82.1444,26.6389],[-82.1426,26.6439],[-82.1455,26.648],[-82.1466,26.6495],[-82.1499,26.6541],[-82.1504,26.6545],[-82.1528,26.6568],[-82.1547,26.6586],[-82.1612,26.6647],[-82.166,26.6693],[-82.1693,26.6765],[-82.1729,26.6787],[-82.1757,26.6785],[-82.1816,26.6817],[-82.1822,26.6834],[-82.1838,26.6878],[-82.1836,26.695]]],[[[-82.2241,26.6029],[-82.2199,26.6071],[-82.2143,26.6029],[-82.2064,26.5836],[-82.199,26.5609],[-82.1975,26.5542],[-82.1974,26.5535],[-82.1948,26.5489],[-82.1919,26.5436],[-82.1903,26.5381],[-82.1902,26.5377],[-82.1892,26.5316],[-82.1889,26.5299],[-82.1885,26.5275],[-82.188,26.5244],[-82.1879,26.5235],[-82.1877,26.5233],[-82.1795,26.5125],[-82.1798,26.506],[-82.1768,26.5005],[-82.1761,26.4976],[-82.1782,26.4943],[-82.1778,26.4922],[-82.1773,26.4921],[-82.1758,26.4919],[-82.1755,26.4919],[-82.173,26.4936],[-82.1701,26.4934],[-82.1688,26.4923],[-82.1685,26.4877],[-82.1639,26.4856],[-82.1617,26.4867],[-82.16,26.4861],[-82.1599,26.4852],[-82.1597,26.482],[-82.1597,26.482],[-82.1547,26.4809],[-82.1542,26.4808],[-82.154,26.4807],[-82.1526,26.4797],[-82.1494,26.4776],[-82.1401,26.4773],[-82.1325,26.4791],[-82.1284,26.4776],[-82.12,26.4736],[-82.0884,26.4552],[-82.0769,26.4661],[-82.0666,26.4661],[-82.0626,26.4701],[-82.0613,26.4694],[-82.0564,26.4668],[-82.0532,26.465],[-82.053,26.4649],[-82.0437,26.4598],[-82.0436,26.4597],[-82.0408,26.4582],[-82.0363,26.4545],[-82.0362,26.4544],[-82.0361,26.4543],[-82.0357,26.4542],[-82.0357,26.4542],[-82.0322,26.4527],[-82.022,26.4531],[-82.0206,26.4531],[-82.0205,26.4531],[-82.0187,26.4538],[-82.0156,26.4549],[-82.0137,26.4543],[-82.0137,26.454],[-82.0139,26.4521],[-82.0159,26.451],[-82.0209,26.4483],[-82.0399,26.438],[-82.0631,26.4255],[-82.0747,26.4222],[-82.075,26.4221],[-82.0756,26.4221],[-82.0803,26.4221],[-82.0829,26.4221],[-82.0981,26.425],[-82.1078,26.4288],[-82.1124,26.4306],[-82.1267,26.4363],[-82.1369,26.4452],[-82.1405,26.4483],[-82.1447,26.452],[-82.1487,26.4555],[-82.1702,26.4663],[-82.1729,26.4677],[-82.177,26.4716],[-82.1807,26.4763],[-82.1831,26.4817],[-82.1837,26.4831],[-82.1864,26.4892],[-82.1889,26.5003],[-82.1914,26.5121],[-82.1938,26.5229],[-82.1988,26.546],[-82.2017,26.5514],[-82.2015,26.5541],[-82.2014,26.5563],[-82.2053,26.5679],[-82.2137,26.5799],[-82.2209,26.5839],[-82.2244,26.5932],[-82.2241,26.6029]]],[[[-82.2625,26.684],[-82.2584,26.688],[-82.2573,26.6935],[-82.2558,26.7039],[-82.2535,26.7058],[-82.2501,26.7078],[-82.2461,26.7061],[-82.2456,26.7031],[-82.2425,26.6967],[-82.2449,26.6925],[-82.2454,26.6863],[-82.2428,26.6814],[-82.2342,26.6768],[-82.2354,26.6744],[-82.2375,26.6691],[-82.2385,26.6625],[-82.2349,26.6553],[-82.2332,26.6496],[-82.2283,26.6445],[-82.2278,26.637],[-82.2237,26.6268],[-82.2188,26.6251],[-82.2185,26.6232],[-82.2209,26.6181],[-82.2211,26.6134],[-82.2231,26.6125],[-82.2239,26.6142],[-82.2279,26.6271],[-82.2315,26.6347],[-82.2361,26.6379],[-82.2446,26.6535],[-82.2483,26.6617],[-82.2544,26.6672],[-82.2625,26.6776],[-82.2625,26.684]]],[[[-82.2701,26.7896],[-82.2662,26.7895],[-82.2647,26.7894],[-82.2613,26.7889],[-82.2498,26.7869],[-82.248,26.7869],[-82.2426,26.7857],[-82.2339,26.7832],[-82.2262,26.782],[-82.2215,26.7818],[-82.2181,26.7798],[-82.2132,26.7753],[-82.2088,26.7717],[-82.2056,26.7705],[-82.201,26.7708],[-82.2021,26.7702],[-82.2033,26.7657],[-82.2054,26.7644],[-82.21,26.7681],[-82.2207,26.7666],[-82.2306,26.771],[-82.2381,26.7681],[-82.2387,26.7678],[-82.2492,26.7633],[-82.2494,26.7631],[-82.2499,26.7629],[-82.2532,26.754],[-82.2544,26.7455],[-82.2549,26.7439],[-82.2553,26.7425],[-82.2574,26.7358],[-82.2578,26.7344],[-82.2596,26.7285],[-82.2598,26.728],[-82.2594,26.7243],[-82.2588,26.7185],[-82.2619,26.7171],[-82.2643,26.7202],[-82.2638,26.7256],[-82.2647,26.7568],[-82.2695,26.7847],[-82.2721,26.7895],[-82.2701,26.7896]]]]}},{"type":"Feature","properties":{"geoid":"1208302","puma":"08302","name":"Marion County (Central)--Ocala City PUMA"},"geometry":{"type":"Polygon","coordinates":[[[-82.2552,29.1078],[-82.2548,29.109],[-82.2533,29.1105],[-82.2524,29.1121],[-82.2522,29.1214],[-82.2519,29.1262],[-82.2518,29.1357],[-82.2519,29.1502],[-82.2519,29.1539],[-82.2518,29.1611],[-82.2517,29.1865],[-82.2517,29.1866],[-82.2515,29.207],[-82.2516,29.2084],[-82.2389,29.2085],[-82.2389,29.2223],[-82.2354,29.2245],[-82.2352,29.2282],[-82.2351,29.2495],[-82.2351,29.2522],[-82.235,29.2671],[-82.2115,29.267],[-82.2019,29.267],[-82.2,29.2669],[-82.1968,29.2669],[-82.193,29.2669],[-82.1913,29.2669],[-82.1773,29.2668],[-82.1743,29.2657],[-82.1729,29.2668],[-82.1691,29.2666],[-82.1615,29.2677],[-82.1566,29.2668],[-82.1519,29.2668],[-82.1519,29.2595],[-82.1414,29.2595],[-82.1353,29.2595],[-82.1324,29.2595],[-82.1186,29.2592],[-82.1137,29.2595],[-82.1034,29.2595],[-82.094,29.2593],[-82.0773,29.2593],[-82.0745,29.2589],[-82.0726,29.2577],[-82.0539,29.2415],[-82.0543,29.2407],[-82.0537,29.2378],[-82.0779,29.2375],[-82.0848,29.2373],[-82.0853,29.2377],[-82.0869,29.2375],[-82.1034,29.2375],[-82.1198,29.2375],[-82.1239,29.2231],[-82.1191,29.223],[-82.1136,29.223],[-82.1115,29.223],[-82.1035,29.223],[-82.1012,29.223],[-82.091,29.223],[-82.0869,29.223],[-82.0828,29.2229],[-82.0802,29.2229],[-82.0801,29.2229],[-82.0771,29.2229],[-82.0703,29.2229],[-82.0578,29.2229],[-82.0536,29.2229],[-82.0537,29.2181],[-82.0555,29.2181],[-82.0563,29.218],[-82.057,29.2177],[-82.0578,29.2169],[-82.0578,29.2167],[-82.0578,29.2119],[-82.0575,29.2098],[-82.0543,29.2061],[-82.0538,29.2049],[-82.0537,29.1937],[-82.0537,29.1864],[-82.0537,29.1828],[-82.0537,29.1791],[-82.0537,29.1718],[-82.0537,29.1682],[-82.0537,29.1603],[-82.0537,29.1462],[-82.0537,29.1436],[-82.0537,29.1395],[-82.0604,29.1419],[-82.0723,29.1489],[-82.0736,29.1496],[-82.074,29.1499],[-82.0764,29.1498],[-82.0761,29.1496],[-82.0744,29.1466],[-82.0745,29.1424],[-82.0785,29.1353],[-82.0784,29.1209],[-82.0784,29.1074],[-82.0797,29.1063],[-82.0864,29.1063],[-82.0912,29.1063],[-82.0889,29.103],[-82.087,29.0988],[-82.0809,29.0881],[-82.0802,29.0868],[-82.0788,29.0844],[-82.0788,29.0843],[-82.0797,29.0843],[-82.0841,29.0843],[-82.0846,29.0843],[-82.0867,29.0843],[-82.0868,29.0842],[-82.0875,29.0843],[-82.0906,29.0843],[-82.091,29.0843],[-82.1029,29.0844],[-82.1277,29.0845],[-82.1277,29.0919],[-82.1362,29.0918],[-82.1362,29.0954],[-82.1675,29.0951],[-82.169,29.0957],[-82.169,29.099],[-82.1814,29.099],[-82.1813,29.1063],[-82.185,29.1064],[-82.1854,29.1064],[-82.1978,29.1065],[-82.2071,29.1065],[-82.2185,29.1065],[-82.2185,29.1171],[-82.2185,29.1174],[-82.2237,29.1123],[-82.2266,29.1094],[-82.2443,29.092],[-82.2448,29.0915],[-82.2523,29.0841],[-82.2536,29.0862],[-82.2527,29.092],[-82.2528,29.0997],[-82.2542,29.1016],[-82.2549,29.1057],[-82.2552,29.1072],[-82.2552,29.1078]]]}},{"type":"Feature","properties":{"geoid":"1201901","puma":"01901","name":"Clay County (North, Central, & South) PUMA"},"geometry":{"type":"Polygon","coordinates":[[[-82.0494,30.1537],[-82.0494,30.1869],[-82.0203,30.1869],[-82.0185,30.1867],[-81.9555,30.1863],[-81.9204,30.1869],[-81.9013,30.1873],[-81.8907,30.1875],[-81.868,30.188],[-81.8459,30.1885],[-81.8457,30.1885],[-81.8427,30.1886],[-81.8377,30.1886],[-81.8376,30.1886],[-81.837,30.1857],[-81.8352,30.1819],[-81.8322,30.1763],[-81.8314,30.1718],[-81.8312,30.1645],[-81.8312,30.1624],[-81.8315,30.1609],[-81.8316,30.1593],[-81.8317,30.1569],[-81.8317,30.1555],[-81.8317,30.1517],[-81.8313,30.1331],[-81.831,30.1144],[-81.8308,30.1032],[-81.8244,30.1072],[-81.8131,30.1142],[-81.8081,30.1173],[-81.8077,30.1161],[-81.8069,30.1147],[-81.807,30.1139],[-81.8063,30.1106],[-81.8043,30.1078],[-81.8042,30.107],[-81.8026,30.1054],[-81.8,30.1026],[-81.7998,30.101],[-81.7988,30.0988],[-81.7963,30.0978],[-81.792,30.0982],[-81.7902,30.0977],[-81.7876,30.0959],[-81.7863,30.0943],[-81.786,30.0912],[-81.7876,30.0875],[-81.7885,30.0837],[-81.7863,30.0834],[-81.7822,30.0804],[-81.7793,30.0822],[-81.7772,30.0825],[-81.7742,30.0795],[-81.7732,30.0792],[-81.7675,30.0796],[-81.7635,30.0809],[-81.7612,30.0806],[-81.7539,30.0789],[-81.7491,30.0795],[-81.7484,30.0794],[-81.7458,30.0795],[-81.7435,30.0779],[-81.7377,30.0769],[-81.7342,30.0746],[-81.7329,30.0678],[-81.7322,30.0669],[-81.7311,30.0661],[-81.7302,30.0621],[-81.7299,30.0591],[-81.7279,30.0562],[-81.7269,30.0555],[-81.7244,30.055],[-81.7208,30.0533],[-81.7204,30.0518],[-81.7206,30.0496],[-81.7195,30.0483],[-81.7131,30.0457],[-81.7116,30.0426],[-81.7107,30.0414],[-81.709,30.0415],[-81.7087,30.0415],[-81.6984,30.0425],[-81.6905,30.0428],[-81.69,30.0356],[-81.6889,30.0286],[-81.6867,30.023],[-81.6854,30.0206],[-81.6828,30.0167],[-81.6782,30.0122],[-81.6711,30.0072],[-81.6665,30.0046],[-81.658,30.0001],[-81.6417,29.9909],[-81.6335,29.9863],[-81.6317,29.9853],[-81.6247,29.9815],[-81.6244,29.9813],[-81.6177,29.9766],[-81.613,29.9728],[-81.6101,29.9702],[-81.6068,29.9665],[-81.6049,29.9635],[-81.602,29.9581],[-81.601,29.956],[-81.5999,29.9522],[-81.5987,29.943],[-81.5987,29.941],[-81.5999,29.9366],[-81.6028,29.9298],[-81.606,29.9231],[-81.608,29.9176],[-81.6084,29.9157],[-81.6082,29.9094],[-81.6076,29.9057],[-81.6055,29.8965],[-81.599,29.8754],[-81.5976,29.8723],[-81.5835,29.8446],[-81.5812,29.8402],[-81.6061,29.8396],[-81.6616,29.8388],[-81.6618,29.8388],[-81.713,29.8378],[-81.7573,29.8371],[-81.7573,29.8371],[-81.7972,29.8366],[-81.7972,29.8366],[-81.8124,29.8365],[-81.8158,29.8336],[-81.8191,29.8302],[-81.8219,29.8263],[-81.8229,29.8257],[-81.8261,29.8252],[-81.8279,29.8244],[-81.8298,29.8229],[-81.8367,29.8164],[-81.8462,29.8102],[-81.8479,29.8091],[-81.8533,29.807],[-81.8553,29.8054],[-81.8601,29.8026],[-81.862,29.8002],[-81.8666,29.8008],[-81.8703,29.8009],[-81.8807,29.7997],[-81.8907,29.7982],[-81.9002,29.7941],[-81.9047,29.7931],[-81.9093,29.7936],[-81.9104,29.7933],[-81.9133,29.7917],[-81.9142,29.7911],[-81.9147,29.7905],[-81.9202,29.7862],[-81.9234,29.781],[-81.9246,29.7768],[-81.9249,29.7748],[-81.9258,29.773],[-81.9271,29.7702],[-81.9278,29.7677],[-81.9283,29.7611],[-81.9291,29.7594],[-81.9311,29.7561],[-81.9372,29.7499],[-81.9394,29.7475],[-81.9459,29.7473],[-81.9756,29.747],[-81.9826,29.7458],[-81.9859,29.745],[-81.9859,29.7437],[-81.9911,29.744],[-81.9961,29.7424],[-82.0046,29.7404],[-82.0071,29.7395],[-82.0149,29.7331],[-82.0239,29.7262],[-82.0259,29.724],[-82.0289,29.7187],[-82.0492,29.7187],[-82.0489,29.7207],[-82.048,29.7299],[-82.0461,29.7471],[-82.0463,29.7589],[-82.0463,29.7611],[-82.0464,29.7621],[-82.0464,29.768],[-82.0464,29.7683],[-82.0465,29.769],[-82.0464,29.7702],[-82.0463,29.775],[-82.0464,29.7901],[-82.0465,29.7926],[-82.0466,29.7944],[-82.0466,29.7952],[-82.0467,29.8042],[-82.0468,29.8044],[-82.0467,29.8071],[-82.0465,29.8134],[-82.0468,29.8175],[-82.0465,29.8189],[-82.0465,29.8196],[-82.0467,29.8266],[-82.0469,29.8275],[-82.0469,29.8341],[-82.0469,29.8372],[-82.0471,29.8408],[-82.0474,29.8649],[-82.048,29.9102],[-82.0481,29.9242],[-82.0483,29.9385],[-82.0482,29.9566],[-82.0483,29.9573],[-82.0485,29.9738],[-82.0478,29.978],[-82.0477,29.9937],[-82.0479,29.9989],[-82.0488,30.0155],[-82.0492,30.0559],[-82.0494,30.0996],[-82.0494,30.1104],[-82.0494,30.1431],[-82.0494,30.1537]]]}},{"type":"Feature","properties":{"geoid":"1209501","puma":"09501","name":"Orange County (Northwest) PUMA"},"geometry":{"type":"Polygon","coordinates":[[[-81.6586,28.7458],[-81.6586,28.7664],[-81.6563,28.7698],[-81.6559,28.769],[-81.6539,28.7675],[-81.6532,28.7661],[-81.651,28.7661],[-81.649,28.7669],[-81.6465,28.7698],[-81.6452,28.7727],[-81.6448,28.776],[-81.646,28.7818],[-81.6477,28.7839],[-81.6465,28.7859],[-81.6447,28.7859],[-81.6408,28.7859],[-81.6381,28.7859],[-81.6357,28.7859],[-81.6248,28.7859],[-81.6246,28.7859],[-81.6223,28.786],[-81.6013,28.786],[-81.593,28.786],[-81.5764,28.786],[-81.5731,28.786],[-81.5599,28.7861],[-81.5475,28.7861],[-81.5433,28.7861],[-81.5433,28.7861],[-81.5392,28.7861],[-81.5331,28.7861],[-81.5286,28.7861],[-81.5274,28.7861],[-81.5173,28.7861],[-81.4774,28.7862],[-81.4736,28.786],[-81.4502,28.7857],[-81.4147,28.7856],[-81.4151,28.7845],[-81.4155,28.7827],[-81.4151,28.7803],[-81.4153,28.7786],[-81.4147,28.777],[-81.4149,28.7747],[-81.4157,28.7738],[-81.4158,28.7711],[-81.4164,28.7695],[-81.4162,28.7675],[-81.4156,28.7665],[-81.4158,28.7645],[-81.4152,28.7637],[-81.4157,28.7597],[-81.4163,28.7584],[-81.4165,28.7557],[-81.4185,28.7546],[-81.4215,28.7445],[-81.4219,28.7397],[-81.4228,28.7369],[-81.4238,28.7353],[-81.425,28.7352],[-81.4269,28.7337],[-81.4315,28.7281],[-81.4316,28.727],[-81.4362,28.7218],[-81.4382,28.7206],[-81.4394,28.7191],[-81.441,28.7159],[-81.4409,28.7156],[-81.4443,28.7139],[-81.4464,28.7137],[-81.4475,28.7152],[-81.4505,28.7144],[-81.458,28.7143],[-81.4595,28.7133],[-81.4595,28.7094],[-81.4596,28.6886],[-81.4597,28.6837],[-81.4596,28.6802],[-81.4596,28.6746],[-81.4597,28.6734],[-81.4597,28.6729],[-81.4597,28.6727],[-81.4597,28.6645],[-81.4597,28.6626],[-81.4597,28.6616],[-81.4597,28.6447],[-81.4597,28.6444],[-81.4597,28.6402],[-81.458,28.6402],[-81.4566,28.6402],[-81.4524,28.6337],[-81.4496,28.6294],[-81.4484,28.6274],[-81.4472,28.6256],[-81.444,28.6209],[-81.4435,28.6204],[-81.4391,28.6173],[-81.4326,28.6128],[-81.4345,28.6127],[-81.4433,28.6127],[-81.4477,28.6119],[-81.4497,28.6115],[-81.4501,28.6114],[-81.4518,28.6113],[-81.4517,28.6098],[-81.4516,28.6076],[-81.4516,28.6056],[-81.4515,28.6019],[-81.4515,28.6],[-81.4515,28.5982],[-81.4514,28.5963],[-81.4514,28.5951],[-81.4515,28.5891],[-81.4513,28.5854],[-81.4515,28.5846],[-81.4516,28.5829],[-81.4515,28.578],[-81.4562,28.578],[-81.4601,28.578],[-81.4678,28.5778],[-81.4761,28.5777],[-81.4782,28.5774],[-81.4861,28.5775],[-81.491,28.5774],[-81.4968,28.5775],[-81.4968,28.5776],[-81.4968,28.5852],[-81.4962,28.586],[-81.4967,28.5871],[-81.4968,28.5934],[-81.4968,28.5994],[-81.4969,28.6012],[-81.4968,28.6049],[-81.4968,28.605],[-81.4965,28.6056],[-81.4963,28.6061],[-81.497,28.6104],[-81.4984,28.6125],[-81.4996,28.6124],[-81.501,28.6125],[-81.5033,28.6124],[-81.5082,28.6123],[-81.5113,28.6113],[-81.5114,28.6113],[-81.5134,28.6105],[-81.5155,28.6096],[-81.5165,28.609],[-81.5176,28.6083],[-81.5193,28.6077],[-81.5259,28.607],[-81.5273,28.6066],[-81.531,28.6057],[-81.5342,28.6048],[-81.5387,28.6038],[-81.5396,28.6036],[-81.5402,28.6034],[-81.5409,28.6031],[-81.5444,28.6022],[-81.5493,28.6008],[-81.5501,28.6006],[-81.5535,28.5996],[-81.5533,28.6007],[-81.5534,28.6008],[-81.5549,28.601],[-81.5568,28.6022],[-81.5611,28.604],[-81.5631,28.6067],[-81.572,28.6068],[-81.5655,28.6188],[-81.5583,28.6226],[-81.5578,28.627],[-81.5567,28.6326],[-81.5703,28.6386],[-81.578,28.6431],[-81.5867,28.646],[-81.593,28.6475],[-81.5997,28.6532],[-81.5998,28.6669],[-81.6062,28.6713],[-81.617,28.6736],[-81.6238,28.671],[-81.6391,28.672],[-81.6585,28.6768],[-81.6585,28.6828],[-81.6585,28.6955],[-81.6586,28.7313],[-81.6586,28.7403],[-81.6586,28.7458]]]}},{"type":"Feature","properties":{"geoid":"1208607","puma":"08607","name":"Miami-Dade County (Northeast)--Greater Hialeah City (North) PUMA"},"geometry":{"type":"Polygon","coordinates":[[[-80.3657,25.8866],[-80.3633,25.8867],[-80.364,25.8873],[-80.3641,25.8906],[-80.3592,25.891],[-80.356,25.8915],[-80.3562,25.8952],[-80.3564,25.8987],[-80.3545,25.8988],[-80.3545,25.8987],[-80.3534,25.8986],[-80.3515,25.8985],[-80.3515,25.8987],[-80.3513,25.8987],[-80.3513,25.8985],[-80.3513,25.8976],[-80.3503,25.8985],[-80.3449,25.8979],[-80.3407,25.8984],[-80.3403,25.8984],[-80.3404,25.8989],[-80.3243,25.8987],[-80.3162,25.8988],[-80.3082,25.8988],[-80.3002,25.8988],[-80.292,25.8988],[-80.292,25.8986],[-80.2919,25.8963],[-80.2918,25.8946],[-80.2918,25.8943],[-80.2917,25.8925],[-80.2916,25.8916],[-80.2916,25.8898],[-80.2913,25.8843],[-80.2912,25.8812],[-80.2875,25.8813],[-80.2873,25.8813],[-80.2836,25.8814],[-80.2791,25.8815],[-80.2789,25.8761],[-80.2789,25.8706],[-80.2795,25.8707],[-80.2832,25.8706],[-80.2847,25.8706],[-80.2908,25.8704],[-80.2908,25.8709],[-80.2911,25.8709],[-80.2929,25.8702],[-80.2956,25.8702],[-80.2989,25.8702],[-80.3069,25.8702],[-80.3069,25.8696],[-80.3149,25.8696],[-80.3229,25.8696],[-80.3228,25.8666],[-80.3251,25.867],[-80.3281,25.8687],[-80.331,25.8693],[-80.3351,25.8693],[-80.3375,25.869],[-80.339,25.8682],[-80.339,25.8671],[-80.3395,25.8662],[-80.3409,25.8672],[-80.3411,25.8671],[-80.3446,25.8698],[-80.3472,25.8717],[-80.3569,25.8788],[-80.3625,25.8831],[-80.3624,25.8832],[-80.362,25.8835],[-80.3663,25.8867],[-80.3657,25.8866]]]}},{"type":"Feature","properties":{"geoid":"1210303","puma":"10303","name":"Pinellas County (Central)--Clearwater City (South & Central) PUMA"},"geometry":{"type":"Polygon","coordinates":[[[-82.8478,27.9102],[-82.8449,27.9245],[-82.8429,27.9339],[-82.8416,27.9365],[-82.8414,27.9369],[-82.8413,27.9371],[-82.8412,27.9373],[-82.8351,27.9498],[-82.8334,27.9554],[-82.8327,27.958],[-82.8325,27.959],[-82.8315,27.9645],[-82.8315,27.9646],[-82.8317,27.9664],[-82.832,27.9702],[-82.8298,27.9826],[-82.8296,27.9891],[-82.8291,28.0046],[-82.8283,28.0175],[-82.8242,28.012],[-82.8228,28.0101],[-82.8217,28.0086],[-82.8196,28.0058],[-82.8175,28.0045],[-82.8157,28.0016],[-82.8164,28.0004],[-82.8161,28.0003],[-82.8162,28.0],[-82.8177,27.9966],[-82.8138,27.9869],[-82.8132,27.9855],[-82.8108,27.9826],[-82.8099,27.9769],[-82.8108,27.9696],[-82.8085,27.9681],[-82.8064,27.9669],[-82.8049,27.966],[-82.8027,27.9746],[-82.7999,27.9824],[-82.7994,27.988],[-82.7975,27.9897],[-82.7973,27.9904],[-82.7954,27.9974],[-82.7879,27.9974],[-82.7838,27.9974],[-82.7825,27.9974],[-82.7797,27.9974],[-82.7755,27.9973],[-82.7695,27.9973],[-82.769,27.9973],[-82.7672,27.9973],[-82.7661,27.9973],[-82.7631,27.9973],[-82.7548,27.9972],[-82.7548,27.9936],[-82.7522,27.9936],[-82.7515,27.9936],[-82.7502,27.9935],[-82.7485,27.9936],[-82.7467,27.9936],[-82.7432,27.9936],[-82.7425,27.9934],[-82.742,27.9932],[-82.742,27.9919],[-82.742,27.9917],[-82.742,27.9916],[-82.7421,27.9899],[-82.7404,27.9899],[-82.7373,27.9899],[-82.7365,27.9899],[-82.7347,27.9899],[-82.7335,27.99],[-82.7317,27.9906],[-82.7311,27.9908],[-82.7295,27.9908],[-82.7293,27.9908],[-82.7212,27.9908],[-82.7102,27.9908],[-82.709,27.9908],[-82.709,27.9903],[-82.709,27.9884],[-82.709,27.987],[-82.709,27.9828],[-82.709,27.9826],[-82.7089,27.9801],[-82.7089,27.98],[-82.7089,27.9799],[-82.7088,27.979],[-82.7088,27.9679],[-82.7088,27.9646],[-82.7088,27.9623],[-82.7089,27.9607],[-82.7087,27.9607],[-82.7054,27.9605],[-82.7065,27.9605],[-82.7071,27.96],[-82.7075,27.9596],[-82.7081,27.9592],[-82.7085,27.9588],[-82.7086,27.9587],[-82.7087,27.9586],[-82.7101,27.9575],[-82.7106,27.957],[-82.7112,27.9572],[-82.7121,27.9574],[-82.7129,27.9576],[-82.7135,27.9577],[-82.7136,27.9577],[-82.7142,27.9579],[-82.715,27.9581],[-82.7165,27.9584],[-82.7176,27.9576],[-82.7176,27.9576],[-82.7176,27.9576],[-82.7186,27.9569],[-82.7214,27.9549],[-82.7215,27.9549],[-82.7217,27.9547],[-82.7218,27.9546],[-82.7218,27.9546],[-82.7222,27.954],[-82.7238,27.9513],[-82.7242,27.9493],[-82.7244,27.9485],[-82.7246,27.9474],[-82.7249,27.9458],[-82.7215,27.9457],[-82.7213,27.944],[-82.7205,27.942],[-82.7203,27.9416],[-82.7202,27.9413],[-82.72,27.941],[-82.7203,27.9408],[-82.7249,27.9384],[-82.7256,27.9367],[-82.7257,27.9366],[-82.7263,27.9366],[-82.7299,27.9367],[-82.73,27.9367],[-82.7303,27.9367],[-82.7307,27.9367],[-82.7313,27.9366],[-82.7315,27.9362],[-82.7317,27.9354],[-82.7319,27.9347],[-82.7321,27.9342],[-82.7345,27.9336],[-82.7353,27.9331],[-82.7364,27.9329],[-82.7369,27.9318],[-82.7378,27.9311],[-82.7378,27.9307],[-82.7379,27.9305],[-82.738,27.9304],[-82.7384,27.9305],[-82.7386,27.9305],[-82.7389,27.9307],[-82.739,27.9307],[-82.7393,27.9306],[-82.7426,27.9284],[-82.744,27.9284],[-82.7459,27.9284],[-82.7486,27.9284],[-82.7501,27.9273],[-82.752,27.9274],[-82.753,27.9293],[-82.7542,27.9308],[-82.7542,27.9318],[-82.7531,27.9327],[-82.7537,27.9349],[-82.7571,27.9387],[-82.7584,27.9387],[-82.7624,27.9387],[-82.7625,27.9387],[-82.7708,27.9388],[-82.7721,27.9388],[-82.7742,27.9388],[-82.7744,27.9388],[-82.7749,27.9388],[-82.775,27.9388],[-82.7792,27.9388],[-82.7794,27.9388],[-82.7798,27.9388],[-82.7848,27.9389],[-82.7874,27.9389],[-82.7893,27.9389],[-82.7915,27.9389],[-82.7957,27.939],[-82.7976,27.9389],[-82.7997,27.9419],[-82.7999,27.9425],[-82.7999,27.9426],[-82.8001,27.939],[-82.8007,27.9311],[-82.8004,27.9285],[-82.8005,27.9241],[-82.8065,27.9241],[-82.8089,27.9242],[-82.8094,27.9242],[-82.8128,27.9242],[-82.8213,27.9243],[-82.8227,27.9222],[-82.8285,27.9221],[-82.8308,27.9169],[-82.8311,27.9162],[-82.8325,27.913],[-82.8335,27.9097],[-82.8465,27.9098],[-82.8479,27.9098],[-82.8478,27.9102]]]}},{"type":"Feature","properties":{"geoid":"1203102","puma":"03102","name":"Duval County (Northwest Central)--Jacksonville City (Northwest) PUMA"},"geometry":{"type":"Polygon","coordinates":[[[-81.8613,30.3305],[-81.8574,30.3309],[-81.8503,30.3325],[-81.8487,30.3326],[-81.835,30.333],[-81.8299,30.3309],[-81.8284,30.3306],[-81.8171,30.3324],[-81.815,30.3326],[-81.8066,30.3313],[-81.8068,30.3422],[-81.8068,30.3461],[-81.8069,30.3487],[-81.8069,30.3638],[-81.8011,30.3652],[-81.7956,30.3683],[-81.7899,30.3672],[-81.7874,30.3674],[-81.7843,30.3694],[-81.7805,30.3675],[-81.7731,30.3632],[-81.7708,30.3618],[-81.7641,30.3655],[-81.7609,30.3668],[-81.7463,30.3708],[-81.7407,30.3737],[-81.736,30.3735],[-81.7338,30.3725],[-81.7325,30.3734],[-81.7446,30.3943],[-81.7511,30.4056],[-81.7526,30.4083],[-81.7506,30.4105],[-81.7476,30.4123],[-81.74,30.4164],[-81.7384,30.4176],[-81.7353,30.4214],[-81.7351,30.4212],[-81.7331,30.4197],[-81.7303,30.4211],[-81.7272,30.4182],[-81.7205,30.4179],[-81.7163,30.419],[-81.7113,30.4176],[-81.6968,30.4181],[-81.6892,30.4174],[-81.6827,30.4202],[-81.6803,30.4193],[-81.6751,30.4176],[-81.6745,30.4161],[-81.6734,30.4135],[-81.6736,30.4118],[-81.6738,30.4084],[-81.6656,30.4005],[-81.6655,30.4004],[-81.6592,30.3957],[-81.6593,30.3949],[-81.6569,30.3936],[-81.6506,30.3942],[-81.648,30.3944],[-81.6431,30.3948],[-81.6376,30.3907],[-81.6344,30.3896],[-81.6264,30.3869],[-81.6287,30.3788],[-81.6264,30.3719],[-81.6201,30.3668],[-81.6145,30.3625],[-81.6141,30.355],[-81.6134,30.3462],[-81.6133,30.3456],[-81.6132,30.3439],[-81.6163,30.3345],[-81.6179,30.3295],[-81.6184,30.3273],[-81.6184,30.3272],[-81.6207,30.3211],[-81.6217,30.3187],[-81.6269,30.3149],[-81.6298,30.3141],[-81.6421,30.3183],[-81.6476,30.32],[-81.6513,30.3204],[-81.6539,30.3212],[-81.6559,30.3218],[-81.6586,30.3223],[-81.6606,30.3222],[-81.6636,30.321],[-81.6641,30.3207],[-81.6664,30.324],[-81.6674,30.3255],[-81.6681,30.3261],[-81.6712,30.3265],[-81.6742,30.3272],[-81.6764,30.3291],[-81.679,30.3267],[-81.681,30.3222],[-81.6817,30.3216],[-81.6831,30.321],[-81.6837,30.3209],[-81.6853,30.3207],[-81.691,30.3206],[-81.6921,30.3206],[-81.6957,30.3216],[-81.697,30.3216],[-81.6979,30.3214],[-81.6999,30.321],[-81.7005,30.3209],[-81.7054,30.3208],[-81.7096,30.3208],[-81.7138,30.3208],[-81.7157,30.3207],[-81.7201,30.3207],[-81.7225,30.3206],[-81.7273,30.3182],[-81.7307,30.3172],[-81.7307,30.3153],[-81.7307,30.3138],[-81.7307,30.3123],[-81.7306,30.3092],[-81.7394,30.309],[-81.7453,30.3081],[-81.7519,30.3061],[-81.752,30.3141],[-81.752,30.3154],[-81.7691,30.3151],[-81.7705,30.3151],[-81.7836,30.3149],[-81.7907,30.3148],[-81.8028,30.3143],[-81.8149,30.3127],[-81.8191,30.3121],[-81.8197,30.312],[-81.8256,30.3112],[-81.8328,30.3102],[-81.8485,30.309],[-81.8544,30.3086],[-81.8599,30.3283],[-81.8614,30.3305],[-81.8613,30.3305]]]}},{"type":"Feature","properties":{"geoid":"1210501","puma":"10501","name":"Polk County (Northwest) PUMA"},"geometry":{"type":"Polygon","coordinates":[[[-82.056,27.9856],[-82.0555,27.9928],[-82.0559,27.9964],[-82.0559,27.9965],[-82.0559,28.0016],[-82.0559,28.0027],[-82.0556,28.0047],[-82.0557,28.0251],[-82.0557,28.0258],[-82.0557,28.0262],[-82.0557,28.0269],[-82.0558,28.0272],[-82.0558,28.0274],[-82.0559,28.0294],[-82.0559,28.0318],[-82.0559,28.0335],[-82.0559,28.0347],[-82.0559,28.0367],[-82.0559,28.0369],[-82.04,28.037],[-82.0395,28.037],[-82.0385,28.0371],[-82.0354,28.0379],[-82.034,28.0386],[-82.0302,28.0414],[-82.0191,28.0494],[-82.0188,28.0497],[-82.0153,28.0522],[-82.0147,28.0527],[-82.0119,28.0546],[-82.0113,28.0549],[-82.0013,28.0623],[-81.9912,28.0697],[-81.9899,28.0707],[-81.987,28.0728],[-81.9767,28.0806],[-81.9705,28.0852],[-81.9617,28.0917],[-81.9584,28.0936],[-81.9543,28.0957],[-81.9515,28.098],[-81.9502,28.0994],[-81.9426,28.1101],[-81.9392,28.1143],[-81.9353,28.1176],[-81.9263,28.125],[-81.9259,28.1249],[-81.917,28.1321],[-81.9115,28.1356],[-81.908,28.1373],[-81.9045,28.1384],[-81.8987,28.14],[-81.8996,28.1381],[-81.9079,28.1183],[-81.9068,28.115],[-81.9056,28.1076],[-81.9056,28.1068],[-81.9056,28.1067],[-81.9056,28.1013],[-81.9056,28.0995],[-81.9056,28.0851],[-81.9075,28.0825],[-81.9081,28.0808],[-81.9081,28.0737],[-81.9081,28.0726],[-81.9045,28.0734],[-81.8997,28.0735],[-81.8957,28.0735],[-81.8956,28.0625],[-81.8956,28.0608],[-81.8957,28.0583],[-81.8957,28.0529],[-81.8956,28.0507],[-81.8956,28.0488],[-81.8956,28.0479],[-81.908,28.0479],[-81.9078,28.0329],[-81.9078,28.03],[-81.9075,28.028],[-81.9074,28.0275],[-81.9076,28.026],[-81.9078,28.025],[-81.9078,28.0181],[-81.9078,28.0142],[-81.9078,28.0141],[-81.9077,28.0114],[-81.9077,28.0089],[-81.9077,28.0085],[-81.9081,28.009],[-81.9105,28.0111],[-81.9132,28.0136],[-81.9135,28.0133],[-81.9232,28.0127],[-81.9244,28.0116],[-81.9241,27.9976],[-81.924,27.9968],[-81.924,27.996],[-81.924,27.9905],[-81.9239,27.982],[-81.9239,27.9803],[-81.9286,27.9806],[-81.929,27.9821],[-81.9321,27.9821],[-81.9388,27.982],[-81.9404,27.982],[-81.9486,27.9821],[-81.9486,27.9858],[-81.9568,27.9858],[-81.9568,27.989],[-81.9569,27.9892],[-81.957,27.9926],[-81.9569,27.9928],[-81.957,27.9953],[-81.9569,27.9959],[-81.957,27.9966],[-81.966,27.9968],[-81.9754,27.9968],[-81.9817,27.9968],[-81.983,27.997],[-81.9828,27.9968],[-81.9822,27.9964],[-81.976,27.9916],[-81.9755,27.9903],[-81.9748,27.9821],[-81.9748,27.9816],[-81.9746,27.9794],[-81.9732,27.9749],[-81.9897,27.9748],[-81.9974,27.9748],[-82.0021,27.9748],[-82.0042,27.9748],[-82.0124,27.9747],[-82.0126,27.9747],[-82.0227,27.9747],[-82.0277,27.9746],[-82.0282,27.9747],[-82.0282,27.981],[-82.0288,27.9818],[-82.0309,27.982],[-82.0342,27.982],[-82.035,27.982],[-82.0559,27.9821],[-82.056,27.9856]]]}},{"type":"Feature","properties":{"geoid":"1200398","puma":"00398","name":"Baker & Nassau Counties PUMA"},"geometry":{"type":"Polygon","coordinates":[[[-82.4595,30.5843],[-82.4189,30.5817],[-82.3748,30.579],[-82.2881,30.5735],[-82.2873,30.5735],[-82.2581,30.5716],[-82.2498,30.5709],[-82.2148,30.5686],[-82.2148,30.5685],[-82.2144,30.567],[-82.2173,30.5652],[-82.2228,30.5656],[-82.2283,30.5626],[-82.2326,30.558],[-82.2344,30.5566],[-82.2344,30.5543],[-82.2344,30.549],[-82.2389,30.5454],[-82.2404,30.5378],[-82.2361,30.5312],[-82.2308,30.5268],[-82.2294,30.5208],[-82.2303,30.5175],[-82.2303,30.5175],[-82.2304,30.5173],[-82.2269,30.5103],[-82.225,30.5078],[-82.2185,30.5042],[-82.2129,30.4988],[-82.2064,30.4919],[-82.2014,30.4852],[-82.2009,30.4744],[-82.2046,30.4689],[-82.2065,30.4637],[-82.2077,30.4605],[-82.2075,30.4569],[-82.206,30.4555],[-82.2048,30.4518],[-82.204,30.4445],[-82.2046,30.4426],[-82.2065,30.4371],[-82.2099,30.4328],[-82.2103,30.4246],[-82.2099,30.4233],[-82.2042,30.4013],[-82.1965,30.3893],[-82.1923,30.3846],[-82.1929,30.3788],[-82.1888,30.3766],[-82.1864,30.3774],[-82.1846,30.3772],[-82.1838,30.3737],[-82.18,30.3686],[-82.172,30.3604],[-82.1715,30.3599],[-82.1701,30.3589],[-82.1652,30.358],[-82.1618,30.3579],[-82.1581,30.3599],[-82.1433,30.3634],[-82.1346,30.3647],[-82.1164,30.3673],[-82.1048,30.3683],[-82.1025,30.3678],[-82.1014,30.3666],[-82.1018,30.3653],[-82.1001,30.3643],[-82.0947,30.3608],[-82.0811,30.3588],[-82.0685,30.3592],[-82.06,30.3603],[-82.0501,30.3623],[-82.05,30.3624],[-82.0479,30.3633],[-82.0407,30.3702],[-82.0368,30.3779],[-82.0359,30.3853],[-82.0412,30.3968],[-82.042,30.4033],[-82.0417,30.4057],[-82.0412,30.41],[-82.0407,30.4116],[-82.04,30.4143],[-82.034,30.4224],[-82.0345,30.428],[-82.036,30.4317],[-82.0372,30.4345],[-82.0362,30.4385],[-82.0301,30.4449],[-82.0282,30.4474],[-82.0255,30.4578],[-82.025,30.4604],[-82.0237,30.4673],[-82.0178,30.4751],[-82.017,30.4788],[-82.0173,30.4876],[-82.0182,30.4921],[-82.0159,30.4955],[-82.0155,30.5023],[-82.0148,30.513],[-82.0158,30.5182],[-82.017,30.5194],[-82.0177,30.521],[-82.0189,30.5238],[-82.0188,30.5247],[-82.0184,30.5312],[-82.0132,30.5501],[-82.0055,30.5635],[-82.0081,30.577],[-82.0121,30.5938],[-82.0157,30.6017],[-82.0165,30.6025],[-82.0204,30.6039],[-82.0269,30.6062],[-82.0273,30.6067],[-82.0265,30.6133],[-82.0285,30.6218],[-82.0339,30.6296],[-82.0376,30.6333],[-82.039,30.6355],[-82.0399,30.6371],[-82.0391,30.6411],[-82.0396,30.6433],[-82.0423,30.6495],[-82.046,30.6517],[-82.0461,30.6518],[-82.0495,30.6555],[-82.0488,30.6607],[-82.0472,30.6629],[-82.047,30.6659],[-82.0485,30.6689],[-82.0504,30.6763],[-82.0435,30.6847],[-82.0414,30.6936],[-82.043,30.6983],[-82.0364,30.7066],[-82.0366,30.7101],[-82.0368,30.713],[-82.0385,30.7159],[-82.0376,30.7186],[-82.0392,30.7232],[-82.04,30.7246],[-82.0445,30.7262],[-82.0448,30.7285],[-82.0394,30.7372],[-82.0396,30.7477],[-82.0387,30.7511],[-82.0368,30.7544],[-82.0348,30.7544],[-82.0319,30.7505],[-82.0271,30.7511],[-82.0237,30.7535],[-82.0188,30.7546],[-82.0189,30.7566],[-82.0139,30.7609],[-82.0114,30.7626],[-82.0152,30.772],[-82.0184,30.7728],[-82.018,30.7749],[-82.0233,30.7827],[-82.0238,30.7853],[-82.022,30.7882],[-82.0188,30.788],[-82.0162,30.7912],[-82.0159,30.7916],[-82.0125,30.7893],[-82.0081,30.7921],[-82.0048,30.7914],[-81.995,30.7861],[-81.9921,30.783],[-81.9834,30.7781],[-81.9789,30.7769],[-81.9788,30.7769],[-81.9777,30.7766],[-81.9734,30.7788],[-81.9708,30.7839],[-81.97,30.7891],[-81.9666,30.7939],[-81.9629,30.7958],[-81.9617,30.801],[-81.9645,30.8075],[-81.9624,30.8084],[-81.9627,30.8136],[-81.9639,30.8181],[-81.9629,30.8187],[-81.9557,30.8228],[-81.9495,30.8279],[-81.9437,30.826],[-81.9388,30.8288],[-81.937,30.8285],[-81.9362,30.8254],[-81.9328,30.8204],[-81.927,30.8176],[-81.9187,30.8175],[-81.9109,30.8161],[-81.9045,30.8177],[-81.9041,30.8204],[-81.9067,30.8234],[-81.9073,30.8256],[-81.9048,30.8283],[-81.9047,30.8284],[-81.9014,30.8299],[-81.9003,30.8291],[-81.8951,30.8254],[-81.8949,30.8252],[-81.8929,30.8255],[-81.891,30.8225],[-81.8911,30.8215],[-81.8912,30.8203],[-81.8915,30.8168],[-81.8905,30.8154],[-81.8891,30.8136],[-81.8848,30.8115],[-81.8815,30.7999],[-81.8762,30.7998],[-81.8704,30.7975],[-81.8704,30.7948],[-81.8683,30.7929],[-81.8637,30.7943],[-81.8535,30.7946],[-81.8456,30.7907],[-81.8412,30.7923],[-81.8406,30.7919],[-81.8397,30.7912],[-81.8418,30.7879],[-81.8407,30.7873],[-81.8392,30.7866],[-81.8285,30.7894],[-81.8237,30.7868],[-81.8192,30.7899],[-81.8074,30.7901],[-81.8024,30.7872],[-81.7985,30.7823],[-81.7968,30.7831],[-81.7966,30.7856],[-81.7944,30.787],[-81.7926,30.7855],[-81.7918,30.7844],[-81.7882,30.7793],[-81.7837,30.7729],[-81.7867,30.7698],[-81.7826,30.7661],[-81.7835,30.7625],[-81.7822,30.7613],[-81.7719,30.7638],[-81.7716,30.7652],[-81.7735,30.767],[-81.7725,30.7712],[-81.7719,30.7719],[-81.7704,30.7735],[-81.7713,30.7763],[-81.7696,30.7771],[-81.7617,30.7757],[-81.7605,30.7747],[-81.7585,30.7711],[-81.7582,30.7709],[-81.7549,30.7687],[-81.75,30.7671],[-81.744,30.7664],[-81.7408,30.765],[-81.7404,30.7636],[-81.7421,30.762],[-81.7427,30.7606],[-81.742,30.7591],[-81.7323,30.7553],[-81.7314,30.754],[-81.733,30.752],[-81.7328,30.7505],[-81.7293,30.7483],[-81.7245,30.7465],[-81.7199,30.7446],[-81.7114,30.7473],[-81.7091,30.748],[-81.7025,30.7454],[-81.6948,30.7484],[-81.6924,30.7476],[-81.691,30.7433],[-81.6884,30.7415],[-81.6801,30.7416],[-81.6728,30.7389],[-81.6701,30.7402],[-81.6688,30.7425],[-81.6691,30.745],[-81.6725,30.7484],[-81.6793,30.7447],[-81.6824,30.7455],[-81.6831,30.7485],[-81.6784,30.7511],[-81.6698,30.7517],[-81.6633,30.7544],[-81.6608,30.7532],[-81.6598,30.7494],[-81.6635,30.7457],[-81.6627,30.743],[-81.6599,30.7422],[-81.6546,30.7444],[-81.6543,30.7442],[-81.6543,30.7442],[-81.6542,30.7441],[-81.6523,30.7431],[-81.6515,30.7407],[-81.6541,30.7331],[-81.6531,30.7298],[-81.649,30.7275],[-81.6461,30.7276],[-81.6419,30.7289],[-81.6381,30.7334],[-81.635,30.7333],[-81.6328,30.7288],[-81.6307,30.7281],[-81.6291,30.7287],[-81.6283,30.7354],[-81.6249,30.7362],[-81.6244,30.7363],[-81.6208,30.7316],[-81.6211,30.7288],[-81.6235,30.7247],[-81.6211,30.7225],[-81.6151,30.7227],[-81.613,30.7205],[-81.6107,30.7162],[-81.6076,30.7164],[-81.6058,30.7197],[-81.606,30.7262],[-81.6043,30.7289],[-81.6009,30.7294],[-81.5965,30.7273],[-81.5961,30.7246],[-81.5971,30.7193],[-81.5938,30.7185],[-81.5893,30.7228],[-81.5868,30.7237],[-81.5762,30.7226],[-81.5737,30.7223],[-81.5724,30.7219],[-81.5714,30.7216],[-81.5684,30.719],[-81.5667,30.7185],[-81.5638,30.7177],[-81.5635,30.7134],[-81.5607,30.7117],[-81.5561,30.7138],[-81.5526,30.717],[-81.5493,30.7183],[-81.549,30.7182],[-81.5461,30.717],[-81.5447,30.714],[-81.5416,30.7101],[-81.5384,30.7087],[-81.5351,30.7097],[-81.5338,30.7121],[-81.534,30.7147],[-81.5345,30.7179],[-81.5342,30.721],[-81.5334,30.7234],[-81.5312,30.7242],[-81.5262,30.7234],[-81.5214,30.7225],[-81.5161,30.7222],[-81.5072,30.7229],[-81.4986,30.7245],[-81.4895,30.7261],[-81.4873,30.7261],[-81.4838,30.7239],[-81.4758,30.7148],[-81.4726,30.7133],[-81.4654,30.7113],[-81.4645,30.711],[-81.46,30.7104],[-81.4487,30.7094],[-81.4441,30.7097],[-81.438,30.705],[-81.4327,30.703],[-81.4292,30.7007],[-81.427,30.7005],[-81.4258,30.7005],[-81.4276,30.6923],[-81.4279,30.6837],[-81.4292,30.6708],[-81.4298,30.6673],[-81.4321,30.6553],[-81.4321,30.6548],[-81.4355,30.6386],[-81.437,30.6314],[-81.4382,30.6239],[-81.4388,30.6207],[-81.4412,30.6056],[-81.4413,30.6052],[-81.4419,30.6014],[-81.4419,30.6007],[-81.442,30.599],[-81.4432,30.5739],[-81.4434,30.5705],[-81.4419,30.5527],[-81.4396,30.5416],[-81.4358,30.5261],[-81.4376,30.5187],[-81.4413,30.5175],[-81.4455,30.5219],[-81.4461,30.5225],[-81.4466,30.5231],[-81.4555,30.5226],[-81.4555,30.522],[-81.459,30.5242],[-81.4598,30.5247],[-81.4799,30.5335],[-81.4844,30.5374],[-81.488,30.5422],[-81.4905,30.5511],[-81.491,30.5546],[-81.4996,30.5638],[-81.5027,30.5647],[-81.514,30.5673],[-81.5154,30.5658],[-81.5238,30.5563],[-81.521,30.5505],[-81.5198,30.5467],[-81.5199,30.5436],[-81.5214,30.5388],[-81.5252,30.5334],[-81.5263,30.5312],[-81.5291,30.528],[-81.5302,30.5263],[-81.5333,30.5251],[-81.5372,30.5241],[-81.543,30.5239],[-81.5441,30.5247],[-81.547,30.5259],[-81.5491,30.5284],[-81.5508,30.5316],[-81.551,30.5348],[-81.5507,30.5398],[-81.5509,30.543],[-81.5553,30.5445],[-81.5593,30.5425],[-81.5629,30.5391],[-81.565,30.5375],[-81.5678,30.5366],[-81.5773,30.538],[-81.5797,30.5395],[-81.5854,30.5442],[-81.5878,30.5467],[-81.5889,30.549],[-81.5888,30.5505],[-81.5867,30.5542],[-81.5857,30.5579],[-81.5843,30.56],[-81.5832,30.5645],[-81.5844,30.566],[-81.5865,30.5667],[-81.5898,30.5662],[-81.5921,30.5653],[-81.5972,30.5618],[-81.5987,30.5611],[-81.6018,30.5606],[-81.6042,30.5586],[-81.6057,30.5544],[-81.6073,30.5536],[-81.6102,30.5544],[-81.6121,30.5583],[-81.6135,30.5603],[-81.6142,30.5631],[-81.6131,30.5642],[-81.6077,30.5663],[-81.6036,30.5667],[-81.6015,30.5677],[-81.6016,30.5695],[-81.6033,30.5726],[-81.605,30.5735],[-81.6087,30.5749],[-81.611,30.5759],[-81.6105,30.5778],[-81.6069,30.5802],[-81.6043,30.584],[-81.606,30.5855],[-81.6079,30.5855],[-81.6094,30.5848],[-81.6138,30.5805],[-81.6144,30.5802],[-81.617,30.5806],[-81.6203,30.5822],[-81.6228,30.5841],[-81.6245,30.5862],[-81.6264,30.5855],[-81.6287,30.5835],[-81.6345,30.5818],[-81.6361,30.5806],[-81.637,30.5783],[-81.6386,30.5783],[-81.6402,30.5796],[-81.6419,30.5801],[-81.6436,30.5795],[-81.6458,30.5756],[-81.646,30.5756],[-81.6491,30.5768],[-81.6499,30.5766],[-81.6508,30.5755],[-81.6505,30.573],[-81.6511,30.5718],[-81.6549,30.5709],[-81.6562,30.57],[-81.659,30.5666],[-81.6596,30.5653],[-81.6594,30.5628],[-81.6609,30.5616],[-81.6616,30.5601],[-81.661,30.5583],[-81.6637,30.5586],[-81.6624,30.5572],[-81.6623,30.5546],[-81.6593,30.5539],[-81.6586,30.5528],[-81.6601,30.5516],[-81.6637,30.5508],[-81.6667,30.5517],[-81.6685,30.5548],[-81.6726,30.5561],[-81.6715,30.5572],[-81.6681,30.5572],[-81.6678,30.5607],[-81.6728,30.5597],[-81.6721,30.5623],[-81.6694,30.5633],[-81.672,30.5646],[-81.6741,30.5662],[-81.6749,30.5658],[-81.6764,30.5631],[-81.6776,30.5621],[-81.6811,30.563],[-81.6842,30.5664],[-81.6855,30.5649],[-81.6865,30.5627],[-81.6876,30.5628],[-81.6885,30.5643],[-81.6881,30.5663],[-81.6921,30.5672],[-81.6932,30.5665],[-81.6931,30.5641],[-81.6955,30.5632],[-81.6962,30.5638],[-81.6952,30.5659],[-81.6955,30.5673],[-81.6976,30.5696],[-81.6987,30.5693],[-81.7004,30.5668],[-81.7016,30.5659],[-81.701,30.5639],[-81.7026,30.5634],[-81.7046,30.5636],[-81.7051,30.5651],[-81.7038,30.5666],[-81.7039,30.5674],[-81.7081,30.5667],[-81.7096,30.5659],[-81.7106,30.5663],[-81.7115,30.5679],[-81.7135,30.5698],[-81.7159,30.5712],[-81.7177,30.5713],[-81.7204,30.5705],[-81.7219,30.5719],[-81.7224,30.5709],[-81.7225,30.5684],[-81.7232,30.5673],[-81.7258,30.5659],[-81.7262,30.5676],[-81.7291,30.5654],[-81.7291,30.5645],[-81.7279,30.5652],[-81.7252,30.5635],[-81.7256,30.5613],[-81.7268,30.5594],[-81.7274,30.5596],[-81.7283,30.5625],[-81.7309,30.5624],[-81.7318,30.5608],[-81.7298,30.5583],[-81.7309,30.557],[-81.733,30.5586],[-81.7352,30.559],[-81.7363,30.5571],[-81.7363,30.5561],[-81.7345,30.5565],[-81.7342,30.5535],[-81.7331,30.5523],[-81.7335,30.5515],[-81.7363,30.5526],[-81.7369,30.5506],[-81.7378,30.5499],[-81.7373,30.5484],[-81.7345,30.5478],[-81.7341,30.5462],[-81.7368,30.5471],[-81.7375,30.5459],[-81.7357,30.5449],[-81.7377,30.5434],[-81.7379,30.5426],[-81.7352,30.5421],[-81.7375,30.5404],[-81.7367,30.5386],[-81.7372,30.5368],[-81.7384,30.5362],[-81.7384,30.5346],[-81.7402,30.5345],[-81.7413,30.5333],[-81.7425,30.5331],[-81.7433,30.532],[-81.7458,30.5321],[-81.7469,30.5308],[-81.7496,30.5315],[-81.7561,30.5312],[-81.7637,30.5349],[-81.7653,30.5187],[-81.7816,30.5033],[-81.7917,30.5056],[-81.7949,30.5054],[-81.8019,30.4947],[-81.8095,30.4845],[-81.8312,30.4674],[-81.8345,30.4643],[-81.8433,30.4566],[-81.866,30.4363],[-81.8663,30.4363],[-81.8802,30.4236],[-81.8809,30.4228],[-81.9159,30.3916],[-81.9174,30.3905],[-81.9355,30.374],[-81.9522,30.3595],[-81.955,30.3569],[-81.9741,30.34],[-82.0115,30.3061],[-82.0153,30.3028],[-82.0375,30.2835],[-82.0492,30.2734],[-82.0493,30.2734],[-82.0494,30.1869],[-82.0494,30.1537],[-82.0494,30.1431],[-82.1426,30.1431],[-82.1455,30.1431],[-82.1866,30.1427],[-82.2121,30.1425],[-82.2158,30.1427],[-82.2244,30.1426],[-82.2498,30.1419],[-82.2673,30.1419],[-82.2831,30.1418],[-82.287,30.1417],[-82.3334,30.1411],[-82.3594,30.141],[-82.3594,30.1393],[-82.3722,30.1391],[-82.3748,30.139],[-82.4437,30.1381],[-82.4474,30.1378],[-82.4584,30.1364],[-82.4584,30.1646],[-82.4583,30.176],[-82.4581,30.2017],[-82.4575,30.2569],[-82.4575,30.2572],[-82.4575,30.2576],[-82.4576,30.2867],[-82.4579,30.2931],[-82.4579,30.3138],[-82.4577,30.3155],[-82.4583,30.4428],[-82.4571,30.4428],[-82.4594,30.5762],[-82.4598,30.5843],[-82.4595,30.5843]]]}},{"type":"Feature","properties":{"geoid":"1201902","puma":"01902","name":"Clay County (Northeast) PUMA"},"geometry":{"type":"Polygon","coordinates":[[[-81.8376,30.1886],[-81.8295,30.1887],[-81.8265,30.1887],[-81.826,30.1887],[-81.8259,30.1887],[-81.8086,30.189],[-81.8027,30.1891],[-81.7982,30.189],[-81.7854,30.1892],[-81.7643,30.1893],[-81.7431,30.1893],[-81.7395,30.1893],[-81.7389,30.1893],[-81.7335,30.1935],[-81.7252,30.191],[-81.7176,30.1911],[-81.7113,30.1912],[-81.7088,30.1912],[-81.7076,30.1907],[-81.7064,30.1896],[-81.7034,30.189],[-81.7033,30.1891],[-81.7026,30.1915],[-81.6988,30.1915],[-81.6943,30.1913],[-81.6912,30.1912],[-81.6796,30.1905],[-81.6817,30.1814],[-81.6905,30.1719],[-81.6904,30.1691],[-81.6902,30.1613],[-81.6921,30.1447],[-81.6918,30.1423],[-81.6802,30.1212],[-81.68,30.1191],[-81.6815,30.1084],[-81.6818,30.103],[-81.6816,30.0993],[-81.6802,30.0899],[-81.6801,30.0866],[-81.6806,30.0827],[-81.6817,30.0789],[-81.6849,30.0723],[-81.6878,30.0675],[-81.6889,30.0649],[-81.6898,30.0588],[-81.6898,30.0558],[-81.6905,30.0428],[-81.6984,30.0425],[-81.7087,30.0415],[-81.709,30.0415],[-81.7107,30.0414],[-81.7116,30.0426],[-81.7131,30.0457],[-81.7195,30.0483],[-81.7206,30.0496],[-81.7204,30.0518],[-81.7208,30.0533],[-81.7244,30.055],[-81.7269,30.0555],[-81.7279,30.0562],[-81.7299,30.0591],[-81.7302,30.0621],[-81.7311,30.0661],[-81.7322,30.0669],[-81.7329,30.0678],[-81.7342,30.0746],[-81.7377,30.0769],[-81.7435,30.0779],[-81.7458,30.0795],[-81.7484,30.0794],[-81.7491,30.0795],[-81.7539,30.0789],[-81.7612,30.0806],[-81.7635,30.0809],[-81.7675,30.0796],[-81.7732,30.0792],[-81.7742,30.0795],[-81.7772,30.0825],[-81.7793,30.0822],[-81.7822,30.0804],[-81.7863,30.0834],[-81.7885,30.0837],[-81.7876,30.0875],[-81.786,30.0912],[-81.7863,30.0943],[-81.7876,30.0959],[-81.7902,30.0977],[-81.792,30.0982],[-81.7963,30.0978],[-81.7988,30.0988],[-81.7998,30.101],[-81.8,30.1026],[-81.8026,30.1054],[-81.8042,30.107],[-81.8043,30.1078],[-81.8063,30.1106],[-81.807,30.1139],[-81.8069,30.1147],[-81.8077,30.1161],[-81.8081,30.1173],[-81.8131,30.1142],[-81.8244,30.1072],[-81.8308,30.1032],[-81.831,30.1144],[-81.8313,30.1331],[-81.8317,30.1517],[-81.8317,30.1555],[-81.8317,30.1569],[-81.8316,30.1593],[-81.8315,30.1609],[-81.8312,30.1624],[-81.8312,30.1645],[-81.8314,30.1718],[-81.8322,30.1763],[-81.8352,30.1819],[-81.837,30.1857],[-81.8376,30.1886]]]}},{"type":"Feature","properties":{"geoid":"1210902","puma":"10902","name":"St. Johns County (Northwest) PUMA"},"geometry":{"type":"Polygon","coordinates":[[[-81.6905,30.0428],[-81.6898,30.0558],[-81.6898,30.0588],[-81.6889,30.0649],[-81.6878,30.0675],[-81.6849,30.0723],[-81.6817,30.0789],[-81.6806,30.0827],[-81.6801,30.0866],[-81.6802,30.0899],[-81.6816,30.0993],[-81.6818,30.103],[-81.6815,30.1084],[-81.68,30.1191],[-81.6802,30.1212],[-81.6505,30.1215],[-81.6417,30.1255],[-81.6292,30.1315],[-81.6237,30.1336],[-81.6223,30.1335],[-81.6132,30.133],[-81.6123,30.1329],[-81.6017,30.1306],[-81.6012,30.1305],[-81.5905,30.1258],[-81.5835,30.1257],[-81.5812,30.1261],[-81.5809,30.1261],[-81.5785,30.1243],[-81.5784,30.1238],[-81.5779,30.1233],[-81.5768,30.1229],[-81.5758,30.1218],[-81.5737,30.1206],[-81.5723,30.1205],[-81.5679,30.1179],[-81.5654,30.118],[-81.5643,30.1175],[-81.558,30.1171],[-81.5562,30.1178],[-81.539,30.1199],[-81.5387,30.1045],[-81.5387,30.1037],[-81.5259,30.1041],[-81.5163,30.1041],[-81.5144,30.1042],[-81.5137,30.1042],[-81.5043,30.1043],[-81.5025,30.1025],[-81.4999,30.0987],[-81.498,30.0917],[-81.4979,30.0881],[-81.4988,30.0762],[-81.4988,30.0731],[-81.4983,30.0649],[-81.497,30.0455],[-81.4966,30.044],[-81.4957,30.0419],[-81.482,30.0193],[-81.4624,29.9867],[-81.4524,29.9702],[-81.445,29.958],[-81.4425,29.9542],[-81.4408,29.9521],[-81.4232,29.9329],[-81.416,29.9251],[-81.4142,29.9227],[-81.4121,29.9174],[-81.3951,29.8614],[-81.4917,29.8512],[-81.494,29.8512],[-81.4987,29.8512],[-81.5206,29.8512],[-81.522,29.8508],[-81.5351,29.8461],[-81.5388,29.8453],[-81.5419,29.845],[-81.5606,29.845],[-81.5613,29.8411],[-81.5609,29.839],[-81.5584,29.8359],[-81.5576,29.8342],[-81.5567,29.829],[-81.5567,29.8258],[-81.5554,29.8212],[-81.5547,29.8179],[-81.5545,29.8054],[-81.5539,29.803],[-81.5529,29.8002],[-81.5501,29.7988],[-81.5424,29.7972],[-81.5409,29.7967],[-81.5385,29.7947],[-81.5354,29.7903],[-81.5337,29.7873],[-81.5319,29.7856],[-81.5294,29.7841],[-81.5271,29.7821],[-81.5261,29.7805],[-81.5283,29.7608],[-81.5334,29.7639],[-81.5412,29.77],[-81.5417,29.771],[-81.5426,29.7751],[-81.5443,29.7791],[-81.5463,29.7818],[-81.55,29.7854],[-81.5539,29.7885],[-81.5621,29.7956],[-81.5642,29.7985],[-81.5665,29.8029],[-81.5718,29.8153],[-81.5795,29.8362],[-81.5812,29.8402],[-81.5835,29.8446],[-81.5976,29.8723],[-81.599,29.8754],[-81.6055,29.8965],[-81.6076,29.9057],[-81.6082,29.9094],[-81.6084,29.9157],[-81.608,29.9176],[-81.606,29.9231],[-81.6028,29.9298],[-81.5999,29.9366],[-81.5987,29.941],[-81.5987,29.943],[-81.5999,29.9522],[-81.601,29.956],[-81.602,29.9581],[-81.6049,29.9635],[-81.6068,29.9665],[-81.6101,29.9702],[-81.613,29.9728],[-81.6177,29.9766],[-81.6244,29.9813],[-81.6247,29.9815],[-81.6317,29.9853],[-81.6335,29.9863],[-81.6417,29.9909],[-81.658,30.0001],[-81.6665,30.0046],[-81.6711,30.0072],[-81.6782,30.0122],[-81.6828,30.0167],[-81.6854,30.0206],[-81.6867,30.023],[-81.6889,30.0286],[-81.69,30.0356],[-81.6905,30.0428]]]}},{"type":"Feature","properties":{"geoid":"1210505","puma":"10505","name":"Polk County (North) PUMA"},"geometry":{"type":"Polygon","coordinates":[[[-82.1062,28.2592],[-82.1055,28.2592],[-82.0967,28.2593],[-82.0756,28.2592],[-82.0626,28.2591],[-82.0555,28.2589],[-82.0555,28.295],[-82.0559,28.3021],[-82.0558,28.3057],[-82.0558,28.3128],[-82.0546,28.3141],[-82.0521,28.3152],[-82.0483,28.3163],[-82.0455,28.3183],[-82.0419,28.3189],[-82.0399,28.3203],[-82.0393,28.3191],[-82.0353,28.32],[-82.0339,28.3211],[-82.0325,28.3209],[-82.0281,28.3221],[-82.0272,28.3234],[-82.0255,28.3229],[-82.0225,28.3233],[-82.0217,28.3225],[-82.0206,28.3238],[-82.0198,28.3232],[-82.0178,28.3236],[-82.0169,28.3227],[-82.0158,28.3236],[-82.0104,28.3221],[-82.0076,28.3232],[-82.0042,28.3221],[-82.0024,28.3203],[-81.9992,28.3203],[-81.9957,28.3188],[-81.9947,28.3179],[-81.9924,28.3142],[-81.9903,28.3098],[-81.9883,28.307],[-81.9858,28.3053],[-81.9789,28.3057],[-81.9774,28.3067],[-81.9763,28.3095],[-81.975,28.3102],[-81.9734,28.3085],[-81.9717,28.3084],[-81.9652,28.308],[-81.9603,28.3092],[-81.9578,28.3089],[-81.9576,28.3452],[-81.9403,28.3452],[-81.8575,28.346],[-81.8576,28.3619],[-81.8189,28.3617],[-81.7909,28.3618],[-81.7907,28.3464],[-81.7604,28.3464],[-81.7391,28.3465],[-81.7066,28.3466],[-81.7061,28.3466],[-81.683,28.3468],[-81.6738,28.347],[-81.6643,28.3471],[-81.6573,28.3471],[-81.6572,28.3431],[-81.6571,28.3416],[-81.6569,28.3275],[-81.6573,28.3212],[-81.6572,28.3139],[-81.6572,28.3103],[-81.6572,28.303],[-81.657,28.2884],[-81.657,28.2738],[-81.6572,28.2645],[-81.6572,28.2592],[-81.6402,28.2593],[-81.6401,28.2593],[-81.6233,28.2593],[-81.6153,28.2594],[-81.6142,28.2594],[-81.6136,28.2595],[-81.6203,28.2541],[-81.6497,28.2324],[-81.6499,28.2323],[-81.65,28.2325],[-81.6774,28.2123],[-81.6803,28.2105],[-81.6823,28.2094],[-81.702,28.1998],[-81.7156,28.194],[-81.7228,28.1906],[-81.744,28.1822],[-81.7438,28.1819],[-81.7577,28.1764],[-81.7635,28.1737],[-81.7704,28.1698],[-81.7773,28.1653],[-81.7823,28.1621],[-81.787,28.16],[-81.7922,28.1585],[-81.7972,28.1579],[-81.8018,28.1577],[-81.8203,28.1577],[-81.8256,28.1577],[-81.8262,28.1577],[-81.8264,28.1577],[-81.8313,28.1576],[-81.8357,28.1572],[-81.8373,28.1569],[-81.8388,28.1566],[-81.8419,28.1558],[-81.8456,28.1548],[-81.8468,28.1545],[-81.8544,28.1524],[-81.8543,28.1522],[-81.8987,28.14],[-81.9045,28.1384],[-81.908,28.1373],[-81.9115,28.1356],[-81.917,28.1321],[-81.9259,28.1249],[-81.9263,28.125],[-81.9353,28.1176],[-81.9392,28.1143],[-81.9426,28.1101],[-81.9502,28.0994],[-81.9515,28.098],[-81.9543,28.0957],[-81.9584,28.0936],[-81.9617,28.0917],[-81.9705,28.0852],[-81.9767,28.0806],[-81.987,28.0728],[-81.9899,28.0707],[-81.9912,28.0697],[-82.0013,28.0623],[-82.0113,28.0549],[-82.0119,28.0546],[-82.0147,28.0527],[-82.0153,28.0522],[-82.0188,28.0497],[-82.0191,28.0494],[-82.0302,28.0414],[-82.034,28.0386],[-82.0354,28.0379],[-82.0385,28.0371],[-82.0395,28.037],[-82.04,28.037],[-82.0559,28.0369],[-82.056,28.0386],[-82.0559,28.0403],[-82.0561,28.0414],[-82.0562,28.0476],[-82.0564,28.0804],[-82.0564,28.096],[-82.0565,28.0998],[-82.0566,28.1088],[-82.0565,28.1109],[-82.0565,28.1133],[-82.0563,28.1311],[-82.0563,28.1601],[-82.0563,28.1716],[-82.0652,28.1716],[-82.1059,28.1716],[-82.1059,28.1973],[-82.1058,28.2155],[-82.1062,28.2242],[-82.1062,28.2592]]]}},{"type":"Feature","properties":{"geoid":"1208625","puma":"08625","name":"Miami-Dade (South/Outside Urban Development Boundary) & Monroe Counties PUMA"},"geometry":{"type":"MultiPolygon","coordinates":[[[[-80.1763,25.5251],[-80.174,25.5254],[-80.1731,25.5242],[-80.1729,25.5232],[-80.1727,25.5221],[-80.176,25.5212],[-80.1771,25.5217],[-80.1763,25.5251]]],[[[-80.2586,25.3596],[-80.2584,25.3644],[-80.2575,25.3647],[-80.2559,25.3661],[-80.2547,25.3688],[-80.2552,25.3709],[-80.2559,25.3734],[-80.2559,25.3762],[-80.2555,25.3803],[-80.2554,25.3807],[-80.2543,25.3822],[-80.2509,25.3844],[-80.2494,25.3868],[-80.2464,25.3883],[-80.2412,25.3865],[-80.2366,25.3893],[-80.2374,25.3914],[-80.2419,25.3915],[-80.2442,25.3931],[-80.2483,25.3922],[-80.2495,25.395],[-80.2423,25.3991],[-80.2394,25.3967],[-80.2378,25.3942],[-80.2348,25.394],[-80.234,25.3967],[-80.2357,25.3979],[-80.2361,25.3993],[-80.2353,25.4013],[-80.2303,25.4029],[-80.2246,25.403],[-80.2233,25.4051],[-80.221,25.4064],[-80.2201,25.406],[-80.2183,25.4053],[-80.2165,25.406],[-80.2147,25.4089],[-80.2139,25.4106],[-80.2118,25.412],[-80.2092,25.4144],[-80.2085,25.4164],[-80.2093,25.4177],[-80.2103,25.4213],[-80.2098,25.4248],[-80.2104,25.4264],[-80.2119,25.427],[-80.212,25.4281],[-80.2098,25.4291],[-80.2061,25.4322],[-80.2013,25.4413],[-80.2011,25.4442],[-80.2002,25.4449],[-80.1972,25.4514],[-80.1965,25.4544],[-80.1957,25.4571],[-80.1938,25.4613],[-80.1936,25.4639],[-80.1922,25.4679],[-80.192,25.4719],[-80.1904,25.4732],[-80.1883,25.4773],[-80.1885,25.4797],[-80.1872,25.4828],[-80.1853,25.4843],[-80.1833,25.487],[-80.1814,25.4906],[-80.1809,25.4932],[-80.1837,25.4945],[-80.1894,25.4971],[-80.1895,25.4994],[-80.1904,25.5011],[-80.1897,25.5041],[-80.1886,25.5056],[-80.1848,25.5048],[-80.1826,25.5064],[-80.1807,25.5064],[-80.1797,25.5085],[-80.1806,25.5099],[-80.1785,25.5107],[-80.1783,25.5126],[-80.1788,25.5143],[-80.1783,25.5172],[-80.1772,25.5184],[-80.1757,25.5177],[-80.1755,25.5164],[-80.1759,25.5127],[-80.176,25.5103],[-80.1773,25.507],[-80.1785,25.5015],[-80.1779,25.4965],[-80.177,25.4933],[-80.1779,25.4886],[-80.1767,25.4859],[-80.1772,25.4846],[-80.1786,25.4813],[-80.182,25.475],[-80.1851,25.4698],[-80.1857,25.4676],[-80.1874,25.4665],[-80.1884,25.4638],[-80.1899,25.4614],[-80.1899,25.4564],[-80.1898,25.4534],[-80.1917,25.4481],[-80.1954,25.4411],[-80.2004,25.4298],[-80.2025,25.4274],[-80.2024,25.4239],[-80.2041,25.4202],[-80.2033,25.4174],[-80.2038,25.4145],[-80.2056,25.4116],[-80.2081,25.4097],[-80.2117,25.4068],[-80.2151,25.4035],[-80.219,25.4],[-80.2212,25.3978],[-80.2225,25.3957],[-80.2258,25.3939],[-80.2265,25.3914],[-80.2314,25.3874],[-80.231,25.3858],[-80.2291,25.3832],[-80.2306,25.38],[-80.2317,25.3766],[-80.2332,25.3727],[-80.2355,25.3677],[-80.2376,25.3636],[-80.2401,25.3584],[-80.2414,25.3556],[-80.2402,25.3526],[-80.2393,25.3506],[-80.2409,25.3498],[-80.2424,25.3489],[-80.2439,25.3471],[-80.2472,25.3455],[-80.2503,25.3448],[-80.2519,25.3478],[-80.2531,25.3505],[-80.2552,25.3523],[-80.2579,25.353],[-80.259,25.3543],[-80.2586,25.3596]]],[[[-80.2962,25.3271],[-80.2948,25.3277],[-80.2937,25.3268],[-80.2937,25.3246],[-80.2953,25.3245],[-80.2968,25.3255],[-80.2962,25.3271]]],[[[-80.3035,25.3801],[-80.3016,25.3812],[-80.2982,25.3822],[-80.2957,25.3837],[-80.2949,25.3854],[-80.2937,25.3855],[-80.2927,25.3826],[-80.2928,25.3795],[-80.295,25.3767],[-80.2991,25.3773],[-80.3023,25.3774],[-80.3036,25.3785],[-80.3035,25.3801]]],[[[-80.3035,25.406],[-80.3018,25.4068],[-80.3002,25.4067],[-80.2997,25.4054],[-80.3003,25.4043],[-80.302,25.403],[-80.3035,25.4041],[-80.304,25.4053],[-80.3035,25.406]]],[[[-80.4609,25.0508],[-80.4593,25.0517],[-80.4559,25.0526],[-80.4517,25.0532],[-80.4486,25.0537],[-80.4475,25.0536],[-80.4463,25.0528],[-80.4467,25.0512],[-80.4483,25.0501],[-80.4517,25.0493],[-80.4558,25.0484],[-80.4591,25.0481],[-80.4604,25.0488],[-80.461,25.0496],[-80.4609,25.0508]]],[[[-80.4823,25.1124],[-80.4807,25.116],[-80.4769,25.1143],[-80.4771,25.1123],[-80.475,25.1098],[-80.4759,25.1083],[-80.4774,25.1079],[-80.4792,25.1106],[-80.4813,25.1118],[-80.4823,25.1124]]],[[[-80.4826,25.0864],[-80.4824,25.0884],[-80.4814,25.0894],[-80.4815,25.0915],[-80.4805,25.0927],[-80.4786,25.0917],[-80.477,25.091],[-80.4749,25.0921],[-80.4739,25.0936],[-80.4743,25.0954],[-80.4763,25.0962],[-80.4775,25.0981],[-80.4786,25.1017],[-80.4777,25.1035],[-80.4767,25.1025],[-80.4757,25.0988],[-80.4739,25.0971],[-80.4711,25.0945],[-80.4705,25.0933],[-80.4692,25.0923],[-80.4688,25.092],[-80.4714,25.0916],[-80.4747,25.0907],[-80.4763,25.0889],[-80.4785,25.089],[-80.48,25.088],[-80.4808,25.086],[-80.4825,25.0843],[-80.4838,25.0851],[-80.4826,25.0864]]],[[[-80.4981,25.1027],[-80.4956,25.1022],[-80.4938,25.1032],[-80.4908,25.1035],[-80.489,25.105],[-80.4887,25.1072],[-80.4883,25.1089],[-80.4878,25.1093],[-80.4864,25.1087],[-80.4862,25.1086],[-80.4869,25.1068],[-80.4872,25.105],[-80.489,25.1026],[-80.4905,25.1009],[-80.4915,25.0996],[-80.4932,25.0995],[-80.4945,25.0978],[-80.497,25.0997],[-80.4981,25.1027]]],[[[-80.5029,25.0762],[-80.5004,25.078],[-80.4991,25.0809],[-80.4963,25.0818],[-80.4929,25.08],[-80.4933,25.0784],[-80.496,25.0786],[-80.4985,25.0759],[-80.5002,25.0753],[-80.5019,25.0748],[-80.5029,25.0762]]],[[[-80.5106,25.139],[-80.5099,25.14],[-80.5084,25.1395],[-80.5069,25.138],[-80.5054,25.1378],[-80.5049,25.1357],[-80.5062,25.1335],[-80.5065,25.1317],[-80.5077,25.131],[-80.5092,25.1314],[-80.5077,25.1341],[-80.5081,25.1353],[-80.51,25.137],[-80.5106,25.139]]],[[[-80.5144,25.1504],[-80.5109,25.1516],[-80.5107,25.1538],[-80.5093,25.1552],[-80.5082,25.1546],[-80.5054,25.1487],[-80.5066,25.1473],[-80.5098,25.1493],[-80.514,25.1487],[-80.5144,25.1504]]],[[[-80.5187,25.086],[-80.5148,25.0849],[-80.5111,25.0832],[-80.5106,25.0819],[-80.5121,25.0813],[-80.5178,25.083],[-80.5193,25.0851],[-80.5187,25.086]]],[[[-80.5455,25.1833],[-80.543,25.1852],[-80.5404,25.1864],[-80.5378,25.1868],[-80.5358,25.187],[-80.5348,25.1883],[-80.5358,25.1899],[-80.5367,25.1907],[-80.5374,25.193],[-80.5356,25.1951],[-80.5348,25.1928],[-80.5341,25.1902],[-80.5327,25.1885],[-80.5303,25.1876],[-80.5313,25.1856],[-80.5324,25.185],[-80.5339,25.1846],[-80.5362,25.1833],[-80.5379,25.1827],[-80.5406,25.182],[-80.5428,25.1819],[-80.5444,25.1823],[-80.5455,25.1833]]],[[[-80.5532,25.1614],[-80.5506,25.1624],[-80.5501,25.1619],[-80.5504,25.1604],[-80.5514,25.1593],[-80.5528,25.1583],[-80.5559,25.1582],[-80.5532,25.1614]]],[[[-80.5598,25.0646],[-80.5581,25.066],[-80.5583,25.0674],[-80.5568,25.0704],[-80.5558,25.0722],[-80.5549,25.0713],[-80.5545,25.0697],[-80.5548,25.0678],[-80.5538,25.0653],[-80.5519,25.0648],[-80.5527,25.0629],[-80.5548,25.064],[-80.5562,25.0635],[-80.5584,25.0625],[-80.5599,25.0633],[-80.5598,25.0646]]],[[[-80.5706,25.1312],[-80.5697,25.1315],[-80.5682,25.1294],[-80.5663,25.1291],[-80.565,25.1279],[-80.565,25.1248],[-80.5665,25.1239],[-80.568,25.1225],[-80.5677,25.1257],[-80.5702,25.1279],[-80.5708,25.1292],[-80.5706,25.1312]]],[[[-80.5708,25.1481],[-80.5701,25.1495],[-80.5683,25.1502],[-80.565,25.1497],[-80.5634,25.1483],[-80.5609,25.1457],[-80.558,25.1421],[-80.5572,25.1404],[-80.5585,25.1398],[-80.5619,25.1396],[-80.5618,25.1414],[-80.5637,25.1425],[-80.5642,25.1446],[-80.5643,25.1469],[-80.5655,25.1484],[-80.5682,25.148],[-80.5704,25.1472],[-80.5708,25.1481]]],[[[-80.5742,25.1046],[-80.5708,25.1064],[-80.5672,25.1083],[-80.5673,25.1097],[-80.5676,25.1126],[-80.5683,25.1157],[-80.5686,25.1188],[-80.5676,25.1191],[-80.5666,25.1157],[-80.5634,25.1109],[-80.5617,25.1099],[-80.5607,25.1074],[-80.562,25.1065],[-80.565,25.1065],[-80.5672,25.1058],[-80.5681,25.1045],[-80.571,25.1037],[-80.5731,25.104],[-80.5742,25.1046]]],[[[-80.579,25.1599],[-80.5775,25.1599],[-80.5746,25.1599],[-80.5738,25.1578],[-80.5729,25.1567],[-80.5741,25.1554],[-80.5746,25.1539],[-80.5745,25.1517],[-80.5744,25.1497],[-80.5751,25.1484],[-80.5764,25.1502],[-80.5768,25.1538],[-80.5778,25.156],[-80.5789,25.158],[-80.579,25.1599]]],[[[-80.589,25.0605],[-80.5876,25.0611],[-80.5864,25.0625],[-80.5855,25.0625],[-80.5827,25.0612],[-80.5828,25.0588],[-80.5833,25.0569],[-80.585,25.057],[-80.5864,25.0556],[-80.5882,25.0565],[-80.5893,25.0582],[-80.589,25.0605]]],[[[-80.6077,25.1749],[-80.6044,25.1748],[-80.6023,25.1736],[-80.5995,25.1736],[-80.5981,25.1716],[-80.5962,25.171],[-80.5944,25.1702],[-80.5921,25.1708],[-80.5906,25.1712],[-80.5891,25.1717],[-80.5866,25.1714],[-80.586,25.1692],[-80.586,25.168],[-80.5872,25.1664],[-80.5873,25.1642],[-80.5868,25.1626],[-80.5876,25.1616],[-80.5893,25.1615],[-80.5914,25.1626],[-80.5931,25.1631],[-80.5962,25.1624],[-80.5976,25.1631],[-80.5999,25.1637],[-80.602,25.166],[-80.6029,25.1697],[-80.6037,25.1715],[-80.6056,25.1736],[-80.6074,25.1744],[-80.6077,25.1749]]],[[[-80.6194,25.0715],[-80.6185,25.0724],[-80.6156,25.0726],[-80.6106,25.075],[-80.6106,25.0726],[-80.6101,25.0704],[-80.6085,25.0702],[-80.6067,25.0706],[-80.6055,25.0704],[-80.6059,25.0694],[-80.6069,25.0687],[-80.6085,25.0677],[-80.6098,25.0659],[-80.6098,25.0642],[-80.6083,25.0611],[-80.6076,25.0594],[-80.6079,25.0569],[-80.6095,25.0559],[-80.6134,25.0562],[-80.6142,25.0578],[-80.6134,25.0661],[-80.6134,25.0687],[-80.6159,25.0691],[-80.618,25.0689],[-80.6196,25.0698],[-80.6194,25.0715]]],[[[-80.6198,25.0029],[-80.6184,25.004],[-80.6178,25.0057],[-80.6155,25.0078],[-80.6143,25.0079],[-80.6128,25.0067],[-80.613,25.0044],[-80.6141,25.0032],[-80.616,25.0035],[-80.619,25.0014],[-80.6202,25.0014],[-80.6198,25.0029]]],[[[-80.6248,25.1828],[-80.6229,25.1828],[-80.6215,25.1837],[-80.6202,25.1829],[-80.6171,25.1825],[-80.6145,25.1823],[-80.6123,25.1817],[-80.6098,25.1824],[-80.6106,25.1803],[-80.6109,25.1797],[-80.6117,25.1781],[-80.6125,25.1764],[-80.6144,25.1758],[-80.6177,25.1768],[-80.6192,25.1779],[-80.6195,25.1781],[-80.618,25.1801],[-80.6196,25.1812],[-80.6215,25.1807],[-80.6215,25.1807],[-80.6243,25.1813],[-80.6248,25.1828]]],[[[-80.6272,25.0004],[-80.626,25.0026],[-80.6232,25.0016],[-80.6228,25.0],[-80.6239,24.9988],[-80.6262,24.9991],[-80.6272,25.0004]]],[[[-80.6274,24.9598],[-80.6251,24.9614],[-80.6239,24.9637],[-80.623,24.962],[-80.6229,24.9599],[-80.6232,24.9586],[-80.6273,24.9591],[-80.6274,24.9598]]],[[[-80.6374,25.0271],[-80.6368,25.0281],[-80.6342,25.0281],[-80.6323,25.0275],[-80.6316,25.0255],[-80.6332,25.0242],[-80.6342,25.0243],[-80.6352,25.0256],[-80.6369,25.0264],[-80.6374,25.0271]]],[[[-80.6482,25.0509],[-80.6476,25.0521],[-80.6448,25.0528],[-80.6427,25.0523],[-80.6413,25.0516],[-80.6411,25.0498],[-80.6419,25.048],[-80.6442,25.0469],[-80.6464,25.0475],[-80.6482,25.0491],[-80.6482,25.0509]]],[[[-80.6492,25.0355],[-80.6467,25.0364],[-80.6459,25.0363],[-80.6456,25.0354],[-80.6463,25.0332],[-80.6485,25.0324],[-80.6495,25.0343],[-80.6492,25.0355]]],[[[-80.6536,24.9828],[-80.6511,24.9843],[-80.6514,24.9864],[-80.6514,24.9873],[-80.6512,24.9889],[-80.6502,24.9895],[-80.6477,24.9885],[-80.6466,24.9874],[-80.6464,24.9863],[-80.6479,24.9852],[-80.65,24.9829],[-80.6508,24.9822],[-80.6527,24.9808],[-80.6541,24.9816],[-80.6536,24.9828]]],[[[-80.6587,25.1071],[-80.6562,25.1098],[-80.6528,25.1086],[-80.6517,25.1072],[-80.6497,25.1071],[-80.6478,25.1086],[-80.6464,25.1088],[-80.6435,25.1121],[-80.6408,25.1167],[-80.6393,25.1182],[-80.6388,25.1208],[-80.6394,25.1229],[-80.6417,25.1255],[-80.6421,25.127],[-80.644,25.1275],[-80.646,25.1286],[-80.6474,25.1307],[-80.6469,25.1329],[-80.6463,25.1352],[-80.6471,25.1372],[-80.6474,25.1387],[-80.6459,25.1396],[-80.6439,25.1375],[-80.6412,25.137],[-80.6375,25.1373],[-80.6385,25.1354],[-80.6393,25.1335],[-80.6418,25.1327],[-80.6429,25.1319],[-80.6422,25.1301],[-80.6405,25.1292],[-80.6394,25.127],[-80.6377,25.1244],[-80.6358,25.124],[-80.6343,25.12],[-80.6322,25.1193],[-80.6321,25.1186],[-80.6345,25.117],[-80.6367,25.1126],[-80.6372,25.1099],[-80.6384,25.1065],[-80.6432,25.1055],[-80.6436,25.104],[-80.6449,25.1034],[-80.6462,25.1025],[-80.6442,25.1002],[-80.6435,25.0984],[-80.6412,25.0977],[-80.6408,25.095],[-80.6414,25.0923],[-80.6441,25.0912],[-80.6442,25.0885],[-80.6421,25.0867],[-80.6412,25.0843],[-80.6401,25.0823],[-80.6376,25.0829],[-80.6378,25.0821],[-80.6401,25.0803],[-80.6398,25.0776],[-80.6402,25.0753],[-80.6406,25.0734],[-80.643,25.0727],[-80.6466,25.0748],[-80.6491,25.0783],[-80.6484,25.0825],[-80.6481,25.085],[-80.6504,25.0887],[-80.6495,25.0908],[-80.6505,25.0938],[-80.6508,25.0982],[-80.6514,25.1003],[-80.6531,25.1032],[-80.6556,25.1045],[-80.6585,25.1054],[-80.6587,25.1071]]],[[[-80.6656,24.9894],[-80.6635,24.993],[-80.6618,24.9953],[-80.6606,24.9957],[-80.6586,24.9954],[-80.6565,24.9961],[-80.6553,24.996],[-80.6543,24.9949],[-80.6541,24.9934],[-80.6551,24.9923],[-80.6564,24.9916],[-80.6577,24.9908],[-80.6578,24.9895],[-80.6576,24.9878],[-80.6596,24.9879],[-80.6616,24.9876],[-80.665,24.9881],[-80.6656,24.9894]]],[[[-80.6691,25.0358],[-80.6671,25.0367],[-80.6646,25.0372],[-80.6638,25.0352],[-80.664,25.0336],[-80.665,25.0331],[-80.6671,25.0333],[-80.6684,25.0335],[-80.6694,25.0346],[-80.6691,25.0358]]],[[[-80.6699,24.9235],[-80.6685,24.9264],[-80.6665,24.9276],[-80.6652,24.9282],[-80.6621,24.9266],[-80.6608,24.924],[-80.6614,24.9219],[-80.6633,24.9202],[-80.6664,24.9185],[-80.669,24.9184],[-80.6708,24.9202],[-80.6699,24.9235]]],[[[-80.6718,24.9887],[-80.6713,24.9895],[-80.6701,24.9902],[-80.6684,24.9895],[-80.6673,24.9881],[-80.6667,24.9872],[-80.6673,24.9864],[-80.6693,24.9871],[-80.6714,24.9876],[-80.6718,24.9887]]],[[[-80.6802,25.1008],[-80.6782,25.1016],[-80.6769,25.1036],[-80.6745,25.1041],[-80.6712,25.1023],[-80.6697,25.1009],[-80.6688,25.0983],[-80.6668,25.0974],[-80.6669,25.096],[-80.6698,25.0969],[-80.6727,25.0983],[-80.6744,25.0985],[-80.6768,25.099],[-80.6789,25.0988],[-80.6804,25.0993],[-80.6802,25.1008]]],[[[-80.6806,25.0329],[-80.6781,25.0353],[-80.6751,25.0338],[-80.6738,25.0336],[-80.6737,25.0329],[-80.6762,25.031],[-80.6786,25.0319],[-80.68,25.0323],[-80.6806,25.0329]]],[[[-80.6847,25.1146],[-80.6837,25.1152],[-80.6833,25.1168],[-80.6845,25.1176],[-80.6852,25.1194],[-80.6837,25.1204],[-80.6841,25.1229],[-80.6822,25.1236],[-80.6808,25.1221],[-80.6795,25.1232],[-80.6777,25.121],[-80.6777,25.1186],[-80.6768,25.1164],[-80.6759,25.1145],[-80.6777,25.1146],[-80.6787,25.1153],[-80.6795,25.1172],[-80.6806,25.1176],[-80.6814,25.1164],[-80.6818,25.1142],[-80.6832,25.1127],[-80.6859,25.1129],[-80.6847,25.1146]]],[[[-80.686,25.0306],[-80.6848,25.0311],[-80.6821,25.0307],[-80.6818,25.028],[-80.6821,25.0253],[-80.6846,25.0261],[-80.6871,25.0272],[-80.686,25.0306]]],[[[-80.7006,25.0551],[-80.6987,25.0578],[-80.6956,25.0621],[-80.6949,25.0621],[-80.6926,25.0601],[-80.6927,25.0573],[-80.695,25.0544],[-80.6925,25.0522],[-80.6945,25.0501],[-80.6977,25.0496],[-80.7,25.0532],[-80.7006,25.0551]]],[[[-80.7022,25.0988],[-80.7002,25.1014],[-80.7007,25.1043],[-80.7009,25.1081],[-80.6991,25.1073],[-80.6985,25.1056],[-80.6982,25.1023],[-80.6972,25.1001],[-80.6972,25.0983],[-80.6987,25.0962],[-80.7015,25.0958],[-80.7022,25.0988]]],[[[-80.7016,25.1226],[-80.7002,25.1223],[-80.6986,25.1212],[-80.6967,25.1225],[-80.6945,25.1223],[-80.6944,25.1199],[-80.6971,25.1184],[-80.6995,25.1159],[-80.7009,25.1158],[-80.7007,25.1184],[-80.7028,25.1213],[-80.7016,25.1226]]],[[[-80.704,24.9021],[-80.7026,24.905],[-80.7005,24.9081],[-80.6993,24.9085],[-80.6981,24.9089],[-80.697,24.9081],[-80.6952,24.9042],[-80.6934,24.8995],[-80.6944,24.8975],[-80.6964,24.8966],[-80.699,24.8966],[-80.7026,24.897],[-80.7044,24.8985],[-80.704,24.9021]]],[[[-80.715,25.1408],[-80.7136,25.1417],[-80.7125,25.1432],[-80.7111,25.1431],[-80.7096,25.1413],[-80.7104,25.1397],[-80.7096,25.1375],[-80.7082,25.1368],[-80.7053,25.1355],[-80.7035,25.1337],[-80.7017,25.1333],[-80.7009,25.1315],[-80.7003,25.1299],[-80.6986,25.1271],[-80.6996,25.1257],[-80.7012,25.1262],[-80.7018,25.1277],[-80.7044,25.1282],[-80.706,25.1289],[-80.7077,25.1326],[-80.71,25.1349],[-80.7119,25.1364],[-80.7136,25.1393],[-80.715,25.1408]]],[[[-80.7148,25.1498],[-80.7125,25.1481],[-80.711,25.1458],[-80.7113,25.1444],[-80.713,25.144],[-80.7146,25.1466],[-80.7152,25.1488],[-80.7148,25.1498]]],[[[-80.7283,25.0947],[-80.7252,25.0992],[-80.7232,25.0981],[-80.7232,25.0958],[-80.7246,25.0938],[-80.7262,25.0932],[-80.7273,25.0933],[-80.7283,25.0947]]],[[[-80.7316,24.9955],[-80.7302,25.0004],[-80.7301,25.0024],[-80.7237,25.0051],[-80.7239,25.0038],[-80.7256,25.0],[-80.7263,24.9962],[-80.7289,24.9941],[-80.7306,24.9932],[-80.7316,24.9955]]],[[[-80.7371,25.0655],[-80.7363,25.0669],[-80.7358,25.069],[-80.7361,25.0706],[-80.7343,25.0722],[-80.7333,25.0714],[-80.733,25.0693],[-80.7318,25.068],[-80.7306,25.0687],[-80.7299,25.0705],[-80.7282,25.0709],[-80.728,25.0695],[-80.7284,25.0685],[-80.728,25.0672],[-80.7271,25.0651],[-80.7271,25.0636],[-80.728,25.0626],[-80.7299,25.062],[-80.731,25.0636],[-80.732,25.0651],[-80.7338,25.0658],[-80.7357,25.0648],[-80.7368,25.0648],[-80.7371,25.0655]]],[[[-80.739,25.0105],[-80.7378,25.0104],[-80.7355,25.0054],[-80.7359,25.0029],[-80.7369,25.0025],[-80.7384,25.0043],[-80.7401,25.0083],[-80.739,25.0105]]],[[[-80.7411,24.8537],[-80.7409,24.8544],[-80.7408,24.8549],[-80.7405,24.8566],[-80.7393,24.8582],[-80.7389,24.8588],[-80.7365,24.8599],[-80.7363,24.8601],[-80.736,24.8606],[-80.7341,24.8629],[-80.733,24.8643],[-80.7312,24.8652],[-80.7293,24.8657],[-80.7288,24.8659],[-80.7279,24.8661],[-80.7263,24.8666],[-80.7229,24.8638],[-80.7218,24.8632],[-80.7207,24.8625],[-80.7185,24.863],[-80.7168,24.8651],[-80.7145,24.866],[-80.7123,24.8668],[-80.7107,24.8694],[-80.7069,24.8708],[-80.7047,24.8726],[-80.7044,24.8747],[-80.705,24.8779],[-80.7041,24.8803],[-80.6995,24.8828],[-80.6964,24.8844],[-80.6962,24.8845],[-80.6914,24.8851],[-80.6907,24.8842],[-80.6904,24.8833],[-80.6899,24.8818],[-80.6899,24.8818],[-80.6915,24.8798],[-80.694,24.879],[-80.696,24.8777],[-80.6982,24.8752],[-80.7005,24.8722],[-80.7018,24.8702],[-80.7033,24.8684],[-80.7055,24.8677],[-80.7086,24.8661],[-80.7107,24.864],[-80.7146,24.8624],[-80.7184,24.8609],[-80.7213,24.8599],[-80.7258,24.8579],[-80.7298,24.8553],[-80.7321,24.8526],[-80.7341,24.8506],[-80.7352,24.8488],[-80.7354,24.8488],[-80.7375,24.8487],[-80.7394,24.8504],[-80.7413,24.8525],[-80.7411,24.8537]]],[[[-80.7591,25.0327],[-80.758,25.0363],[-80.7557,25.0386],[-80.7545,25.0391],[-80.7537,25.0379],[-80.754,25.0365],[-80.7556,25.0345],[-80.7557,25.0309],[-80.7531,25.0304],[-80.7498,25.0282],[-80.7496,25.0271],[-80.7507,25.0264],[-80.754,25.0286],[-80.7583,25.0293],[-80.7591,25.0327]]],[[[-80.7625,25.1453],[-80.7605,25.1463],[-80.7588,25.1453],[-80.7593,25.1439],[-80.7609,25.1435],[-80.7628,25.1437],[-80.7625,25.1453]]],[[[-80.7882,24.9405],[-80.7863,24.941],[-80.7839,24.9408],[-80.7827,24.9393],[-80.7832,24.938],[-80.7837,24.9372],[-80.7847,24.9368],[-80.7869,24.9375],[-80.788,24.9387],[-80.7882,24.9405]]],[[[-80.7912,25.0253],[-80.7896,25.0266],[-80.7863,25.0266],[-80.7852,25.0248],[-80.7858,25.0237],[-80.7871,25.023],[-80.7892,25.0232],[-80.7915,25.0236],[-80.7912,25.0253]]],[[[-80.7922,25.1317],[-80.7913,25.1326],[-80.7893,25.132],[-80.787,25.1296],[-80.7843,25.1273],[-80.7809,25.1239],[-80.7812,25.122],[-80.7822,25.1216],[-80.7844,25.1234],[-80.7867,25.1244],[-80.7896,25.1281],[-80.7913,25.1293],[-80.7922,25.1317]]],[[[-80.7916,25.0946],[-80.7903,25.0938],[-80.7895,25.0921],[-80.7871,25.0922],[-80.7857,25.0925],[-80.7855,25.0918],[-80.7877,25.0891],[-80.7901,25.09],[-80.7911,25.0915],[-80.7924,25.094],[-80.7916,25.0946]]],[[[-80.7924,25.0712],[-80.7887,25.071],[-80.7875,25.0687],[-80.7898,25.0667],[-80.7923,25.0679],[-80.793,25.0695],[-80.7924,25.0712]]],[[[-80.8327,24.9935],[-80.8317,24.9946],[-80.8299,24.9945],[-80.8292,24.9921],[-80.8278,24.9906],[-80.8272,24.9889],[-80.8279,24.9879],[-80.8293,24.9872],[-80.8298,24.9877],[-80.83,24.9897],[-80.8325,24.9925],[-80.8327,24.9935]]],[[[-80.8342,25.1198],[-80.8335,25.1214],[-80.8323,25.1217],[-80.8318,25.1201],[-80.8311,25.1193],[-80.8301,25.1176],[-80.8287,25.115],[-80.8292,25.1147],[-80.8309,25.1152],[-80.8319,25.1167],[-80.8335,25.1177],[-80.8342,25.1198]]],[[[-80.8482,24.8058],[-80.8466,24.8071],[-80.8461,24.8075],[-80.8424,24.8082],[-80.8362,24.8093],[-80.8358,24.8095],[-80.8307,24.8123],[-80.8305,24.8124],[-80.8294,24.8149],[-80.82,24.8235],[-80.817,24.8237],[-80.8165,24.8238],[-80.8156,24.8254],[-80.813,24.8271],[-80.8136,24.8283],[-80.8121,24.83],[-80.812,24.8301],[-80.8093,24.833],[-80.8089,24.8335],[-80.8047,24.8348],[-80.8044,24.835],[-80.7968,24.8405],[-80.7941,24.8425],[-80.7927,24.8435],[-80.7923,24.8434],[-80.7905,24.8429],[-80.7905,24.8402],[-80.7966,24.8372],[-80.8019,24.8335],[-80.8089,24.827],[-80.8097,24.8252],[-80.8102,24.8242],[-80.8089,24.8217],[-80.8073,24.8187],[-80.7996,24.8175],[-80.7911,24.8257],[-80.7884,24.8253],[-80.7869,24.8228],[-80.7945,24.812],[-80.7977,24.8116],[-80.8074,24.8124],[-80.8078,24.8124],[-80.8244,24.8124],[-80.829,24.8096],[-80.835,24.8069],[-80.8409,24.8055],[-80.8467,24.8028],[-80.8476,24.803],[-80.8493,24.8035],[-80.8482,24.8058]]],[[[-80.8526,25.1099],[-80.852,25.1108],[-80.8504,25.1107],[-80.8498,25.1097],[-80.8498,25.1085],[-80.8515,25.1077],[-80.8524,25.1085],[-80.8526,25.1099]]],[[[-80.8654,25.0324],[-80.8641,25.033],[-80.8626,25.034],[-80.8622,25.0338],[-80.8616,25.0317],[-80.8609,25.0311],[-80.8635,25.0297],[-80.8653,25.03],[-80.8658,25.0311],[-80.8654,25.0324]]],[[[-80.8831,25.1107],[-80.8812,25.1138],[-80.8809,25.1156],[-80.8809,25.1171],[-80.8811,25.1176],[-80.8813,25.1184],[-80.8808,25.1192],[-80.8793,25.1189],[-80.8765,25.1172],[-80.8754,25.1153],[-80.8758,25.1121],[-80.8761,25.1109],[-80.8781,25.1094],[-80.8802,25.1086],[-80.8825,25.1083],[-80.8834,25.1091],[-80.8831,25.1107]]],[[[-80.8873,25.0598],[-80.8858,25.0611],[-80.8848,25.0612],[-80.8836,25.0599],[-80.8839,25.0592],[-80.8854,25.0581],[-80.8864,25.0584],[-80.8871,25.0594],[-80.8873,25.0598]]],[[[-80.905,25.0516],[-80.9034,25.0523],[-80.9018,25.0522],[-80.9016,25.0503],[-80.9023,25.0493],[-80.9041,25.0497],[-80.9049,25.0507],[-80.905,25.0516]]],[[[-80.9094,25.1334],[-80.9042,25.1374],[-80.9002,25.1374],[-80.9006,25.1349],[-80.9054,25.1326],[-80.9086,25.1325],[-80.9094,25.1334]]],[[[-80.915,25.1086],[-80.9133,25.1101],[-80.912,25.1103],[-80.9115,25.1097],[-80.9106,25.108],[-80.9088,25.1061],[-80.9074,25.1043],[-80.9078,25.1029],[-80.9098,25.1019],[-80.9111,25.102],[-80.9122,25.1035],[-80.9128,25.1051],[-80.914,25.107],[-80.915,25.1086]]],[[[-80.9232,24.7667],[-80.9222,24.768],[-80.9207,24.7691],[-80.9167,24.7706],[-80.9153,24.7733],[-80.9145,24.7746],[-80.9142,24.7765],[-80.9153,24.7779],[-80.914,24.7787],[-80.9125,24.777],[-80.9109,24.7775],[-80.9088,24.7776],[-80.9084,24.7769],[-80.9079,24.7746],[-80.9074,24.7726],[-80.9065,24.7707],[-80.9076,24.7686],[-80.9096,24.7674],[-80.9121,24.766],[-80.9132,24.7659],[-80.9135,24.7659],[-80.9161,24.7665],[-80.9197,24.7665],[-80.9229,24.7657],[-80.9232,24.7667]]],[[[-80.9316,24.7687],[-80.9312,24.7696],[-80.931,24.7701],[-80.9293,24.77],[-80.9283,24.7693],[-80.9282,24.7693],[-80.926,24.7689],[-80.9258,24.7679],[-80.9258,24.7676],[-80.9264,24.7659],[-80.9284,24.7643],[-80.9315,24.7634],[-80.9312,24.7644],[-80.9312,24.7646],[-80.9314,24.7668],[-80.9314,24.7668],[-80.9316,24.7687]]],[[[-80.9316,25.0806],[-80.9295,25.0809],[-80.9252,25.0806],[-80.926,25.0792],[-80.9273,25.0784],[-80.9299,25.0785],[-80.9312,25.0792],[-80.9322,25.08],[-80.9316,25.0806]]],[[[-80.9434,25.1086],[-80.9392,25.1097],[-80.9353,25.1111],[-80.9325,25.1092],[-80.9352,25.1078],[-80.9382,25.1072],[-80.9392,25.1063],[-80.9416,25.1062],[-80.944,25.1077],[-80.9434,25.1086]]],[[[-81.1248,24.7071],[-81.1188,24.7078],[-81.1186,24.7078],[-81.1163,24.7088],[-81.1153,24.7093],[-81.115,24.7094],[-81.1132,24.7102],[-81.1126,24.7104],[-81.1074,24.7128],[-81.1073,24.7127],[-81.1053,24.7113],[-81.105,24.7113],[-81.0991,24.712],[-81.0956,24.7138],[-81.0902,24.7166],[-81.0834,24.7177],[-81.0823,24.7179],[-81.0822,24.7179],[-81.0807,24.7182],[-81.0776,24.7213],[-81.0769,24.7165],[-81.0731,24.7193],[-81.0717,24.7204],[-81.0692,24.7206],[-81.0663,24.7208],[-81.0654,24.7209],[-81.0668,24.7239],[-81.0666,24.7241],[-81.0666,24.7241],[-81.0664,24.7243],[-81.0654,24.7253],[-81.0653,24.7253],[-81.0615,24.729],[-81.0614,24.729],[-81.0565,24.7311],[-81.0515,24.7366],[-81.0508,24.7373],[-81.0506,24.7376],[-81.0505,24.7376],[-81.0468,24.7402],[-81.0463,24.7406],[-81.046,24.7407],[-81.0418,24.7432],[-81.0416,24.7433],[-81.0415,24.7433],[-81.0393,24.7431],[-81.0367,24.7428],[-81.0366,24.7427],[-81.0348,24.7406],[-81.0347,24.7405],[-81.0328,24.7391],[-81.0309,24.7377],[-81.0289,24.7378],[-81.0288,24.7376],[-81.0273,24.7358],[-81.0266,24.7347],[-81.0259,24.7335],[-81.0236,24.7348],[-81.0226,24.7342],[-81.0219,24.7339],[-81.0211,24.7334],[-81.0187,24.7341],[-81.0185,24.7342],[-81.0181,24.7343],[-81.0169,24.7347],[-81.0134,24.7373],[-81.0121,24.7394],[-81.0118,24.7399],[-81.0101,24.7405],[-81.0081,24.7389],[-81.0059,24.7397],[-81.003,24.7408],[-81.0022,24.7418],[-81.0002,24.7424],[-80.9984,24.7419],[-80.9958,24.7433],[-80.9944,24.744],[-80.9939,24.7459],[-80.9938,24.7459],[-80.9946,24.748],[-80.9945,24.7486],[-80.9943,24.7487],[-80.9894,24.7498],[-80.9872,24.7545],[-80.9873,24.755],[-80.9887,24.7602],[-80.9861,24.7599],[-80.9858,24.7594],[-80.9846,24.7571],[-80.9832,24.7546],[-80.9815,24.7537],[-80.98,24.7529],[-80.9789,24.7543],[-80.9777,24.756],[-80.9771,24.7569],[-80.9751,24.7578],[-80.9743,24.7582],[-80.9719,24.7593],[-80.9708,24.759],[-80.9696,24.7586],[-80.967,24.7584],[-80.9658,24.7607],[-80.964,24.7637],[-80.9636,24.7637],[-80.9619,24.7634],[-80.9592,24.765],[-80.9585,24.7654],[-80.9563,24.768],[-80.9552,24.7693],[-80.9538,24.7709],[-80.9519,24.7697],[-80.952,24.7682],[-80.9521,24.7677],[-80.9522,24.7661],[-80.9494,24.7659],[-80.9473,24.7686],[-80.9391,24.7746],[-80.9368,24.775],[-80.9354,24.7752],[-80.9336,24.7752],[-80.9325,24.7752],[-80.932,24.7752],[-80.9314,24.7743],[-80.9313,24.7732],[-80.9312,24.7729],[-80.933,24.772],[-80.9353,24.7701],[-80.9355,24.77],[-80.9385,24.7676],[-80.9385,24.7675],[-80.9431,24.7647],[-80.9432,24.7647],[-80.9628,24.7526],[-80.9643,24.7517],[-80.9676,24.7479],[-80.9705,24.7474],[-80.9716,24.7469],[-80.9755,24.7449],[-80.9757,24.7441],[-80.976,24.7429],[-80.9761,24.7424],[-80.9767,24.7422],[-80.9799,24.7412],[-80.9922,24.7333],[-80.9923,24.7332],[-80.9967,24.7312],[-81.0066,24.7268],[-81.01,24.7239],[-81.0112,24.7225],[-81.0118,24.7219],[-81.0159,24.7199],[-81.0238,24.7169],[-81.0295,24.7211],[-81.0303,24.7228],[-81.0292,24.7239],[-81.0282,24.7267],[-81.0284,24.7269],[-81.0291,24.7276],[-81.0298,24.7281],[-81.0314,24.7276],[-81.0324,24.7273],[-81.0343,24.7273],[-81.0349,24.7271],[-81.0399,24.7251],[-81.0407,24.7248],[-81.0428,24.724],[-81.0428,24.724],[-81.0496,24.7213],[-81.0504,24.7211],[-81.0532,24.7201],[-81.0535,24.72],[-81.0571,24.7175],[-81.0601,24.7157],[-81.061,24.7157],[-81.0634,24.7155],[-81.0636,24.7155],[-81.064,24.7155],[-81.064,24.7155],[-81.0641,24.7155],[-81.0646,24.7155],[-81.0652,24.7153],[-81.0662,24.7151],[-81.0671,24.7149],[-81.071,24.7117],[-81.0718,24.71],[-81.072,24.7096],[-81.0733,24.7068],[-81.0734,24.7064],[-81.0759,24.7043],[-81.077,24.7011],[-81.0787,24.6966],[-81.0786,24.6946],[-81.0786,24.6945],[-81.0784,24.6924],[-81.0755,24.6918],[-81.0754,24.6908],[-81.0773,24.69],[-81.0793,24.6895],[-81.0818,24.6907],[-81.0824,24.692],[-81.0853,24.6916],[-81.0867,24.6915],[-81.0872,24.6913],[-81.0933,24.6897],[-81.0944,24.6893],[-81.0975,24.69],[-81.108,24.6886],[-81.1101,24.6895],[-81.1114,24.6908],[-81.1118,24.6912],[-81.1128,24.6922],[-81.116,24.6991],[-81.1201,24.7041],[-81.1202,24.7042],[-81.1241,24.7049],[-81.1248,24.7071]]],[[[-81.231,24.7821],[-81.228,24.7818],[-81.2271,24.7783],[-81.2261,24.7757],[-81.2277,24.7753],[-81.2301,24.7769],[-81.2315,24.7809],[-81.231,24.7821]]],[[[-81.2808,24.6556],[-81.2777,24.66],[-81.2742,24.663],[-81.272,24.6636],[-81.2679,24.665],[-81.2655,24.6686],[-81.2639,24.6707],[-81.26,24.6748],[-81.2578,24.6751],[-81.2535,24.6742],[-81.2521,24.6729],[-81.2498,24.6734],[-81.2461,24.6758],[-81.2432,24.674],[-81.243,24.6725],[-81.2448,24.6692],[-81.2477,24.6694],[-81.2499,24.6678],[-81.2516,24.6662],[-81.2549,24.6648],[-81.2577,24.6643],[-81.2673,24.6601],[-81.2688,24.6606],[-81.2732,24.6591],[-81.2768,24.6558],[-81.2818,24.6537],[-81.2808,24.6556]]],[[[-81.2956,24.7773],[-81.2944,24.7796],[-81.2932,24.7808],[-81.2906,24.7781],[-81.2878,24.7764],[-81.2864,24.7742],[-81.285,24.7717],[-81.2857,24.7682],[-81.2892,24.769],[-81.2939,24.7726],[-81.2952,24.7754],[-81.2956,24.7773]]],[[[-81.3143,24.7521],[-81.3143,24.7525],[-81.3129,24.7533],[-81.3118,24.7561],[-81.3109,24.7564],[-81.3098,24.7568],[-81.3061,24.7571],[-81.3051,24.7552],[-81.3028,24.7514],[-81.2995,24.747],[-81.299,24.7436],[-81.3032,24.7464],[-81.3072,24.7483],[-81.3097,24.7485],[-81.312,24.7498],[-81.3143,24.7508],[-81.3143,24.7521]]],[[[-81.3271,24.7639],[-81.3251,24.7671],[-81.3242,24.7671],[-81.3216,24.764],[-81.3193,24.761],[-81.3177,24.7582],[-81.3173,24.7568],[-81.3184,24.7566],[-81.324,24.7596],[-81.3276,24.7623],[-81.3271,24.7639]]],[[[-81.3306,24.7295],[-81.3288,24.7298],[-81.3252,24.731],[-81.3255,24.733],[-81.3257,24.7372],[-81.3257,24.7398],[-81.3282,24.7437],[-81.3304,24.7497],[-81.3284,24.7503],[-81.3259,24.7462],[-81.3241,24.7459],[-81.3213,24.7434],[-81.3175,24.7393],[-81.3133,24.738],[-81.3105,24.7387],[-81.3078,24.7354],[-81.3037,24.7325],[-81.3023,24.7303],[-81.3021,24.7212],[-81.2993,24.7169],[-81.2974,24.7167],[-81.3012,24.714],[-81.3033,24.714],[-81.3052,24.7159],[-81.3099,24.725],[-81.3128,24.7274],[-81.3171,24.7283],[-81.3223,24.7288],[-81.3293,24.7266],[-81.3306,24.7295]]],[[[-81.3422,24.7392],[-81.3387,24.7396],[-81.3364,24.74],[-81.3358,24.7409],[-81.3364,24.7433],[-81.3364,24.7448],[-81.3359,24.745],[-81.3336,24.7442],[-81.3309,24.7416],[-81.3315,24.7388],[-81.3316,24.7347],[-81.3321,24.7327],[-81.3329,24.7316],[-81.3341,24.7339],[-81.3361,24.7353],[-81.3377,24.7372],[-81.3403,24.7372],[-81.3421,24.7382],[-81.3422,24.7392]]],[[[-81.356,25.7035],[-81.3522,25.7073],[-81.3412,25.7126],[-81.3384,25.7109],[-81.336,25.7079],[-81.336,25.7044],[-81.338,25.6975],[-81.3382,25.6929],[-81.3411,25.6922],[-81.3506,25.6898],[-81.3556,25.6925],[-81.357,25.6966],[-81.356,25.7035]]],[[[-81.4443,24.6353],[-81.4429,24.6362],[-81.4417,24.636],[-81.4408,24.6346],[-81.4409,24.633],[-81.4421,24.6325],[-81.4443,24.6329],[-81.4443,24.6353]]],[[[-81.47,25.8036],[-81.4526,25.8037],[-81.3792,25.8033],[-81.3748,25.8033],[-81.3442,25.8033],[-81.3249,25.8035],[-81.3214,25.8037],[-81.3015,25.804],[-81.2938,25.8038],[-81.2899,25.8037],[-81.2607,25.8041],[-81.2595,25.8042],[-81.2127,25.8039],[-80.8731,25.8054],[-80.8732,25.8062],[-80.8729,25.9794],[-80.7813,25.9791],[-80.68,25.9787],[-80.68,25.9569],[-80.5517,25.957],[-80.5508,25.957],[-80.4512,25.9568],[-80.4409,25.9569],[-80.4403,25.9427],[-80.441,25.9418],[-80.445,25.938],[-80.4538,25.9273],[-80.4866,25.8924],[-80.4839,25.8132],[-80.4845,25.7976],[-80.4833,25.7755],[-80.4969,25.7636],[-80.4983,25.7624],[-80.4984,25.7612],[-80.4984,25.761],[-80.497,25.727],[-80.496,25.6976],[-80.4957,25.69],[-80.4963,25.688],[-80.499,25.6836],[-80.499,25.6823],[-80.4987,25.6823],[-80.4983,25.6706],[-80.4979,25.66],[-80.4971,25.6378],[-80.4966,25.6239],[-80.4968,25.6234],[-80.497,25.6231],[-80.5087,25.6123],[-80.5088,25.6116],[-80.5096,25.6108],[-80.5121,25.6087],[-80.5111,25.6087],[-80.5109,25.5869],[-80.5068,25.5868],[-80.5067,25.5721],[-80.5067,25.5648],[-80.5066,25.5503],[-80.5096,25.5502],[-80.5106,25.5502],[-80.5106,25.5466],[-80.5106,25.5429],[-80.5103,25.5209],[-80.5103,25.5135],[-80.5102,25.5061],[-80.5101,25.5026],[-80.5099,25.4915],[-80.5099,25.4879],[-80.5098,25.4842],[-80.5098,25.477],[-80.5097,25.4696],[-80.5057,25.4696],[-80.5016,25.4696],[-80.5016,25.4659],[-80.5016,25.4624],[-80.5016,25.4587],[-80.5016,25.4569],[-80.5015,25.455],[-80.5016,25.4477],[-80.5015,25.4404],[-80.5015,25.4396],[-80.5015,25.4331],[-80.4974,25.4331],[-80.4953,25.4331],[-80.4933,25.4331],[-80.4933,25.4405],[-80.4913,25.4405],[-80.4853,25.4406],[-80.4833,25.4406],[-80.4833,25.4427],[-80.4807,25.4427],[-80.4806,25.4423],[-80.4784,25.4405],[-80.4779,25.4401],[-80.4777,25.4399],[-80.4772,25.4395],[-80.4767,25.4391],[-80.4771,25.4409],[-80.4772,25.4478],[-80.4772,25.4552],[-80.4773,25.4625],[-80.4752,25.4625],[-80.4712,25.4625],[-80.469,25.4625],[-80.463,25.4625],[-80.4618,25.4626],[-80.4608,25.4626],[-80.4564,25.4627],[-80.4543,25.4627],[-80.4523,25.4627],[-80.4443,25.4625],[-80.4362,25.4626],[-80.4337,25.4627],[-80.4282,25.4627],[-80.42,25.4627],[-80.4119,25.4629],[-80.4038,25.4629],[-80.3795,25.4631],[-80.3467,25.4632],[-80.3344,25.4633],[-80.3349,25.4621],[-80.3357,25.4611],[-80.3372,25.4592],[-80.3369,25.4562],[-80.3339,25.4526],[-80.3306,25.4507],[-80.3309,25.4485],[-80.3309,25.4481],[-80.3308,25.4461],[-80.3305,25.443],[-80.3291,25.4405],[-80.3261,25.4379],[-80.3204,25.4372],[-80.3206,25.4366],[-80.3216,25.4328],[-80.3253,25.4308],[-80.3264,25.4229],[-80.3264,25.4229],[-80.3261,25.42],[-80.3261,25.4194],[-80.3282,25.4161],[-80.3273,25.4141],[-80.3256,25.4102],[-80.3293,25.4065],[-80.3275,25.4046],[-80.3279,25.3968],[-80.3263,25.3943],[-80.3236,25.3933],[-80.3204,25.3915],[-80.3198,25.3891],[-80.3167,25.3889],[-80.3127,25.388],[-80.3104,25.3897],[-80.3084,25.3904],[-80.3054,25.3877],[-80.3068,25.3844],[-80.3104,25.3731],[-80.3119,25.3699],[-80.3138,25.3672],[-80.3183,25.3629],[-80.3204,25.363],[-80.3228,25.3615],[-80.324,25.3593],[-80.3263,25.3571],[-80.3299,25.3499],[-80.331,25.3466],[-80.3315,25.3458],[-80.3355,25.3407],[-80.3389,25.3365],[-80.3426,25.3315],[-80.3432,25.3276],[-80.3424,25.3237],[-80.3423,25.3233],[-80.343,25.3228],[-80.3451,25.3228],[-80.3493,25.321],[-80.3505,25.3225],[-80.3511,25.3248],[-80.3516,25.3258],[-80.3544,25.3264],[-80.3554,25.3251],[-80.3573,25.3247],[-80.3587,25.3253],[-80.3598,25.3263],[-80.3609,25.3281],[-80.3631,25.3281],[-80.3651,25.3267],[-80.3654,25.3248],[-80.3674,25.3242],[-80.3706,25.3232],[-80.3719,25.3208],[-80.3705,25.3175],[-80.3715,25.3173],[-80.3734,25.3128],[-80.3737,25.3095],[-80.3759,25.3077],[-80.3761,25.3059],[-80.3763,25.3045],[-80.3771,25.3022],[-80.3759,25.2995],[-80.3738,25.2962],[-80.3741,25.2952],[-80.3745,25.294],[-80.3741,25.2928],[-80.3721,25.2921],[-80.3713,25.2914],[-80.3723,25.289],[-80.3724,25.2871],[-80.3765,25.2875],[-80.3791,25.2883],[-80.3797,25.2885],[-80.3829,25.2916],[-80.3859,25.2911],[-80.3885,25.2885],[-80.391,25.2856],[-80.3949,25.2803],[-80.3981,25.2768],[-80.4,25.271],[-80.3999,25.2654],[-80.4005,25.2612],[-80.3994,25.2579],[-80.3974,25.2566],[-80.3979,25.2535],[-80.3979,25.2534],[-80.397,25.2479],[-80.4,25.242],[-80.3998,25.2384],[-80.4082,25.2366],[-80.4136,25.2355],[-80.4146,25.2309],[-80.4131,25.2265],[-80.4133,25.2251],[-80.4148,25.2241],[-80.4181,25.2176],[-80.4205,25.212],[-80.4208,25.2065],[-80.4167,25.1987],[-80.413,25.1961],[-80.4073,25.1937],[-80.4045,25.1942],[-80.4017,25.1921],[-80.3974,25.1918],[-80.3934,25.1926],[-80.3915,25.1926],[-80.3897,25.1955],[-80.3894,25.1979],[-80.3866,25.1985],[-80.3845,25.1984],[-80.3843,25.1985],[-80.3805,25.2003],[-80.3784,25.1985],[-80.3763,25.1982],[-80.3745,25.1976],[-80.3726,25.1987],[-80.3725,25.199],[-80.3722,25.2009],[-80.3726,25.2035],[-80.3733,25.2048],[-80.3735,25.2053],[-80.3719,25.2063],[-80.3696,25.2061],[-80.3672,25.2068],[-80.3647,25.2069],[-80.3621,25.2066],[-80.3571,25.2084],[-80.3565,25.2083],[-80.3528,25.2076],[-80.3527,25.2077],[-80.352,25.2083],[-80.3517,25.2086],[-80.352,25.2102],[-80.3518,25.2105],[-80.3493,25.2129],[-80.3492,25.2132],[-80.3477,25.2165],[-80.3476,25.2167],[-80.3472,25.2176],[-80.3468,25.2185],[-80.3454,25.2198],[-80.3451,25.222],[-80.3427,25.224],[-80.3398,25.227],[-80.336,25.2367],[-80.3344,25.2405],[-80.335,25.2478],[-80.3328,25.2513],[-80.3328,25.2514],[-80.3322,25.263],[-80.3334,25.2643],[-80.3337,25.2657],[-80.3402,25.2649],[-80.3425,25.2673],[-80.3414,25.2695],[-80.3412,25.2716],[-80.3429,25.2713],[-80.3437,25.2718],[-80.3432,25.274],[-80.3442,25.2766],[-80.3469,25.2773],[-80.3482,25.2766],[-80.3501,25.2767],[-80.3518,25.2793],[-80.3536,25.279],[-80.3557,25.2773],[-80.3603,25.2792],[-80.3605,25.2796],[-80.3612,25.2818],[-80.3628,25.2832],[-80.3631,25.2834],[-80.3665,25.2826],[-80.3659,25.2854],[-80.3637,25.2858],[-80.3566,25.2836],[-80.3533,25.2844],[-80.3509,25.2866],[-80.346,25.287],[-80.343,25.2887],[-80.3424,25.2905],[-80.3398,25.2909],[-80.3386,25.29],[-80.3367,25.2872],[-80.3347,25.287],[-80.3327,25.2853],[-80.3293,25.286],[-80.3292,25.2868],[-80.3257,25.2881],[-80.3198,25.2918],[-80.3149,25.2963],[-80.3066,25.3006],[-80.3051,25.3031],[-80.3046,25.3053],[-80.3,25.3075],[-80.2979,25.3091],[-80.2964,25.3119],[-80.2914,25.3143],[-80.2905,25.3152],[-80.2892,25.3239],[-80.2868,25.3249],[-80.2806,25.3287],[-80.2796,25.331],[-80.2795,25.3314],[-80.2783,25.3339],[-80.2774,25.3356],[-80.2763,25.3378],[-80.2761,25.338],[-80.275,25.3417],[-80.2749,25.3421],[-80.2743,25.3456],[-80.2737,25.3472],[-80.2718,25.3484],[-80.2689,25.3505],[-80.267,25.3521],[-80.2643,25.3524],[-80.261,25.3519],[-80.2576,25.3507],[-80.2594,25.3492],[-80.2605,25.3464],[-80.2575,25.3429],[-80.2546,25.3417],[-80.253,25.3405],[-80.253,25.3383],[-80.2544,25.337],[-80.2547,25.3365],[-80.2565,25.333],[-80.2573,25.3312],[-80.2585,25.328],[-80.26,25.3249],[-80.2632,25.3227],[-80.2663,25.3216],[-80.2697,25.3203],[-80.2702,25.3195],[-80.2722,25.3167],[-80.2742,25.3141],[-80.2761,25.313],[-80.2775,25.3105],[-80.2776,25.3103],[-80.2777,25.3102],[-80.2792,25.3052],[-80.2786,25.3032],[-80.279,25.3004],[-80.2839,25.2904],[-80.2874,25.2841],[-80.2968,25.272],[-80.297,25.2717],[-80.3051,25.2592],[-80.3079,25.256],[-80.3122,25.2482],[-80.3128,25.2466],[-80.3141,25.245],[-80.3141,25.2425],[-80.3159,25.2389],[-80.3186,25.236],[-80.3222,25.234],[-80.324,25.2297],[-80.326,25.2282],[-80.3274,25.2238],[-80.3304,25.2213],[-80.3304,25.219],[-80.3317,25.2182],[-80.3346,25.2162],[-80.3346,25.213],[-80.3347,25.213],[-80.3363,25.2106],[-80.3371,25.2094],[-80.3375,25.2064],[-80.3407,25.205],[-80.3425,25.2016],[-80.3424,25.1983],[-80.3435,25.1955],[-80.3449,25.1948],[-80.3464,25.1929],[-80.3514,25.1905],[-80.3527,25.1871],[-80.3531,25.1831],[-80.3563,25.1786],[-80.3588,25.1777],[-80.3604,25.1771],[-80.3631,25.1743],[-80.3646,25.1723],[-80.3648,25.1721],[-80.365,25.1718],[-80.3673,25.1687],[-80.3666,25.1671],[-80.3644,25.1672],[-80.3584,25.1691],[-80.3537,25.1702],[-80.3536,25.1702],[-80.3503,25.1702],[-80.3499,25.169],[-80.3498,25.1689],[-80.3518,25.166],[-80.3526,25.1642],[-80.3544,25.1633],[-80.3544,25.1631],[-80.3557,25.1587],[-80.3561,25.1578],[-80.3581,25.1533],[-80.3582,25.1532],[-80.3629,25.153],[-80.3651,25.1519],[-80.3695,25.1499],[-80.37,25.1475],[-80.3713,25.1465],[-80.3713,25.1435],[-80.3731,25.1404],[-80.3714,25.137],[-80.3745,25.1356],[-80.3763,25.133],[-80.3771,25.1303],[-80.3784,25.1293],[-80.3808,25.1283],[-80.3814,25.128],[-80.3846,25.1241],[-80.3854,25.1213],[-80.3888,25.1209],[-80.3894,25.1202],[-80.3922,25.1168],[-80.3957,25.1141],[-80.3979,25.1107],[-80.3997,25.1085],[-80.3994,25.107],[-80.4001,25.106],[-80.4044,25.1062],[-80.4071,25.1043],[-80.4103,25.1029],[-80.4122,25.1033],[-80.4141,25.1026],[-80.4146,25.1008],[-80.4174,25.0989],[-80.4189,25.0994],[-80.419,25.0995],[-80.4191,25.0999],[-80.4192,25.1003],[-80.4195,25.1024],[-80.4214,25.1032],[-80.4239,25.1044],[-80.4239,25.1044],[-80.4266,25.1024],[-80.4285,25.1],[-80.4301,25.0978],[-80.4301,25.0976],[-80.4297,25.0969],[-80.4294,25.0962],[-80.4305,25.0897],[-80.4332,25.089],[-80.4334,25.0869],[-80.4359,25.0844],[-80.439,25.0803],[-80.4416,25.0781],[-80.4432,25.0762],[-80.4462,25.0751],[-80.4488,25.0734],[-80.4532,25.072],[-80.4541,25.0718],[-80.4615,25.0701],[-80.4624,25.0687],[-80.4647,25.0675],[-80.468,25.0649],[-80.4721,25.0615],[-80.4749,25.0577],[-80.4782,25.0545],[-80.481,25.0502],[-80.4836,25.0471],[-80.4848,25.0457],[-80.4872,25.0439],[-80.4902,25.0411],[-80.4936,25.0388],[-80.4929,25.0367],[-80.4926,25.036],[-80.4925,25.0356],[-80.4912,25.0345],[-80.4895,25.033],[-80.4896,25.03],[-80.4925,25.0273],[-80.4935,25.0247],[-80.4945,25.0231],[-80.4975,25.0208],[-80.4989,25.019],[-80.5025,25.0177],[-80.5041,25.0167],[-80.5048,25.016],[-80.5065,25.0144],[-80.5096,25.0143],[-80.511,25.0119],[-80.5118,25.0107],[-80.5141,25.0103],[-80.516,25.0079],[-80.5164,25.0038],[-80.5184,25.002],[-80.521,25.0025],[-80.5242,25.0016],[-80.5292,24.9994],[-80.5304,24.9989],[-80.5312,24.9985],[-80.5318,24.9982],[-80.5319,24.998],[-80.5326,24.9963],[-80.5328,24.9958],[-80.533,24.9953],[-80.5333,24.9949],[-80.5343,24.9931],[-80.5356,24.9916],[-80.5369,24.9914],[-80.5398,24.988],[-80.5411,24.985],[-80.5432,24.9827],[-80.5458,24.9804],[-80.5477,24.9789],[-80.5503,24.9737],[-80.5514,24.972],[-80.5517,24.9715],[-80.5549,24.969],[-80.5553,24.9686],[-80.5577,24.9664],[-80.5603,24.9652],[-80.5613,24.9648],[-80.5626,24.9621],[-80.5657,24.9592],[-80.5658,24.9576],[-80.5658,24.9573],[-80.5658,24.9571],[-80.5685,24.9564],[-80.5693,24.9548],[-80.5715,24.9537],[-80.5722,24.9537],[-80.5724,24.9537],[-80.5739,24.9538],[-80.5758,24.9524],[-80.5778,24.9525],[-80.5812,24.9518],[-80.5837,24.9507],[-80.5853,24.9507],[-80.5866,24.9507],[-80.5872,24.9506],[-80.59,24.9501],[-80.5949,24.9478],[-80.5981,24.9474],[-80.6013,24.9439],[-80.6074,24.9405],[-80.6121,24.9363],[-80.618,24.9313],[-80.6197,24.9286],[-80.6228,24.9268],[-80.6267,24.9227],[-80.6269,24.9225],[-80.628,24.9207],[-80.6312,24.9171],[-80.6338,24.9143],[-80.6363,24.9123],[-80.6419,24.9084],[-80.6465,24.9052],[-80.65,24.9029],[-80.6531,24.9011],[-80.6563,24.8986],[-80.6577,24.8974],[-80.6599,24.8983],[-80.6604,24.8985],[-80.6607,24.8991],[-80.661,24.9002],[-80.6607,24.904],[-80.6596,24.905],[-80.6559,24.9065],[-80.6521,24.9073],[-80.6497,24.9135],[-80.6484,24.9142],[-80.6439,24.913],[-80.6433,24.9128],[-80.6391,24.9158],[-80.6359,24.9199],[-80.6357,24.9201],[-80.634,24.9217],[-80.6338,24.922],[-80.632,24.9243],[-80.6295,24.9249],[-80.6291,24.9253],[-80.6229,24.9315],[-80.6216,24.9336],[-80.6228,24.937],[-80.6236,24.939],[-80.6239,24.9399],[-80.6234,24.9445],[-80.6232,24.9467],[-80.6197,24.9467],[-80.6186,24.9456],[-80.6163,24.9431],[-80.6162,24.9431],[-80.6162,24.9431],[-80.6133,24.9442],[-80.6116,24.9478],[-80.6119,24.9494],[-80.6124,24.9518],[-80.6122,24.9519],[-80.6109,24.9527],[-80.6073,24.9508],[-80.6051,24.9508],[-80.605,24.9508],[-80.6029,24.9495],[-80.6015,24.9486],[-80.5985,24.95],[-80.5976,24.9503],[-80.5969,24.9517],[-80.5957,24.954],[-80.5965,24.9556],[-80.5967,24.956],[-80.5977,24.9569],[-80.6006,24.9596],[-80.6009,24.9628],[-80.5993,24.9654],[-80.5988,24.9661],[-80.595,24.9677],[-80.5944,24.9679],[-80.5899,24.9657],[-80.5866,24.9617],[-80.5856,24.9622],[-80.5851,24.9624],[-80.5837,24.963],[-80.583,24.9642],[-80.5854,24.9661],[-80.5836,24.9667],[-80.5824,24.9671],[-80.5815,24.9653],[-80.5792,24.965],[-80.5781,24.9623],[-80.5764,24.9619],[-80.5742,24.9628],[-80.5726,24.9616],[-80.5694,24.962],[-80.5692,24.9642],[-80.5666,24.9655],[-80.5639,24.9698],[-80.5638,24.9699],[-80.561,24.9697],[-80.5584,24.9713],[-80.5559,24.9745],[-80.5561,24.9755],[-80.5562,24.9763],[-80.5566,24.9788],[-80.5528,24.9835],[-80.5526,24.9837],[-80.5517,24.9857],[-80.5509,24.9873],[-80.5528,24.9892],[-80.5517,24.9903],[-80.5514,24.9907],[-80.5493,24.9912],[-80.5491,24.9936],[-80.5494,24.9948],[-80.5475,24.9983],[-80.5448,24.9991],[-80.5429,25.0014],[-80.5429,25.0033],[-80.5435,25.0057],[-80.5434,25.0074],[-80.5434,25.0086],[-80.5448,25.0122],[-80.5443,25.0131],[-80.5438,25.014],[-80.54,25.0135],[-80.5362,25.0153],[-80.5356,25.0155],[-80.5309,25.0174],[-80.5269,25.0183],[-80.5241,25.0172],[-80.5211,25.0159],[-80.517,25.015],[-80.5159,25.0147],[-80.5134,25.0174],[-80.5133,25.0175],[-80.5133,25.0175],[-80.5134,25.0197],[-80.5139,25.0225],[-80.513,25.0256],[-80.5138,25.0276],[-80.5139,25.0279],[-80.5126,25.0285],[-80.5123,25.0284],[-80.5097,25.0281],[-80.5077,25.0296],[-80.5059,25.0317],[-80.5043,25.0329],[-80.5049,25.035],[-80.5046,25.0355],[-80.5034,25.0374],[-80.5019,25.0377],[-80.5015,25.038],[-80.5008,25.0385],[-80.501,25.0396],[-80.501,25.04],[-80.5012,25.0411],[-80.5013,25.0419],[-80.4978,25.0459],[-80.4967,25.047],[-80.4947,25.0483],[-80.4917,25.0501],[-80.491,25.0506],[-80.4889,25.0502],[-80.4867,25.0528],[-80.4838,25.0546],[-80.4808,25.0573],[-80.4793,25.0603],[-80.4772,25.0627],[-80.4743,25.0654],[-80.4725,25.0676],[-80.4697,25.0705],[-80.4667,25.0737],[-80.4635,25.0769],[-80.4611,25.0791],[-80.4609,25.0821],[-80.4609,25.0832],[-80.4599,25.0855],[-80.4603,25.0875],[-80.4611,25.0891],[-80.4612,25.0893],[-80.4634,25.0906],[-80.4656,25.0908],[-80.4657,25.0914],[-80.4657,25.0917],[-80.4616,25.093],[-80.4592,25.0929],[-80.4592,25.0928],[-80.4589,25.0924],[-80.4576,25.0899],[-80.4576,25.0898],[-80.4574,25.0896],[-80.4569,25.0876],[-80.4566,25.0872],[-80.456,25.0863],[-80.4539,25.0872],[-80.4514,25.0885],[-80.4464,25.0925],[-80.4463,25.0925],[-80.4458,25.093],[-80.4434,25.0954],[-80.443,25.0978],[-80.442,25.099],[-80.4418,25.0991],[-80.4391,25.1015],[-80.4365,25.1056],[-80.4333,25.1078],[-80.4337,25.1102],[-80.434,25.1115],[-80.4339,25.1139],[-80.4366,25.1157],[-80.4383,25.1168],[-80.4384,25.1193],[-80.4424,25.1223],[-80.4459,25.1229],[-80.4466,25.123],[-80.4468,25.1231],[-80.4472,25.1231],[-80.449,25.1256],[-80.4518,25.1269],[-80.4555,25.1282],[-80.4577,25.1309],[-80.4613,25.1325],[-80.461,25.1341],[-80.4588,25.1351],[-80.4584,25.137],[-80.4582,25.1385],[-80.4577,25.1398],[-80.457,25.1416],[-80.4586,25.1439],[-80.4618,25.1498],[-80.4618,25.1511],[-80.4617,25.1519],[-80.4607,25.1535],[-80.4608,25.156],[-80.461,25.158],[-80.4619,25.1601],[-80.4611,25.1618],[-80.4583,25.1662],[-80.4582,25.1677],[-80.455,25.1726],[-80.4547,25.1731],[-80.4533,25.1746],[-80.4528,25.1766],[-80.4519,25.1786],[-80.4501,25.1797],[-80.4478,25.179],[-80.4464,25.1799],[-80.4467,25.1819],[-80.4462,25.1826],[-80.444,25.1829],[-80.443,25.185],[-80.4429,25.1893],[-80.4427,25.1916],[-80.4455,25.1914],[-80.4474,25.1918],[-80.4489,25.1956],[-80.4497,25.198],[-80.4511,25.1987],[-80.4548,25.2004],[-80.4572,25.2032],[-80.4585,25.206],[-80.4616,25.2064],[-80.4646,25.2091],[-80.4655,25.2118],[-80.4681,25.2116],[-80.4718,25.2103],[-80.4729,25.2117],[-80.4767,25.2133],[-80.4794,25.2138],[-80.4863,25.211],[-80.4879,25.2082],[-80.4882,25.2074],[-80.4906,25.2082],[-80.4929,25.2076],[-80.4948,25.2079],[-80.4973,25.2094],[-80.4986,25.2115],[-80.5008,25.2116],[-80.5018,25.2104],[-80.5012,25.2084],[-80.4981,25.2076],[-80.4963,25.2053],[-80.4965,25.2035],[-80.496,25.2004],[-80.498,25.1999],[-80.5005,25.2027],[-80.5016,25.2037],[-80.5063,25.208],[-80.5076,25.2112],[-80.5094,25.2126],[-80.5105,25.2164],[-80.5131,25.2173],[-80.5151,25.2198],[-80.5193,25.2226],[-80.5242,25.2219],[-80.526,25.2186],[-80.5284,25.2176],[-80.5296,25.215],[-80.5364,25.214],[-80.5392,25.2149],[-80.5414,25.2121],[-80.5387,25.2053],[-80.5391,25.2044],[-80.5403,25.2048],[-80.5424,25.2064],[-80.546,25.206],[-80.5479,25.2068],[-80.5493,25.2085],[-80.549,25.2106],[-80.5479,25.2124],[-80.5489,25.2144],[-80.5539,25.2142],[-80.5565,25.2121],[-80.5591,25.2119],[-80.5628,25.2123],[-80.5632,25.2111],[-80.5618,25.2094],[-80.5604,25.2059],[-80.5596,25.2045],[-80.559,25.1996],[-80.565,25.1967],[-80.5659,25.1948],[-80.5655,25.1929],[-80.5689,25.1933],[-80.572,25.197],[-80.5746,25.1978],[-80.5758,25.1988],[-80.5776,25.2012],[-80.5767,25.2036],[-80.5765,25.2041],[-80.5755,25.2029],[-80.5753,25.2007],[-80.5735,25.1989],[-80.571,25.1987],[-80.5703,25.1987],[-80.5688,25.2013],[-80.5687,25.2036],[-80.568,25.2039],[-80.5645,25.2038],[-80.5633,25.2057],[-80.5633,25.2074],[-80.5663,25.2108],[-80.5679,25.2118],[-80.5703,25.2105],[-80.5738,25.21],[-80.575,25.2106],[-80.5766,25.2119],[-80.5796,25.2121],[-80.5821,25.2107],[-80.5829,25.2084],[-80.5845,25.2073],[-80.5836,25.2061],[-80.5834,25.2038],[-80.5834,25.2011],[-80.5852,25.2011],[-80.5876,25.2007],[-80.5916,25.1992],[-80.5928,25.1972],[-80.5942,25.1947],[-80.594,25.1915],[-80.5955,25.1902],[-80.5989,25.1893],[-80.6018,25.188],[-80.6032,25.1877],[-80.6037,25.1875],[-80.6051,25.187],[-80.6065,25.1865],[-80.607,25.1859],[-80.6076,25.1852],[-80.608,25.1842],[-80.6092,25.1837],[-80.6097,25.1854],[-80.6095,25.1861],[-80.6084,25.1869],[-80.6075,25.1877],[-80.6068,25.188],[-80.6053,25.1883],[-80.6041,25.1888],[-80.6032,25.1902],[-80.6032,25.1912],[-80.6039,25.1933],[-80.6059,25.1954],[-80.6044,25.2],[-80.6036,25.2019],[-80.605,25.2035],[-80.609,25.2032],[-80.6098,25.2004],[-80.6134,25.2015],[-80.6195,25.1977],[-80.622,25.1998],[-80.6237,25.1982],[-80.6239,25.1958],[-80.6252,25.1953],[-80.6288,25.1981],[-80.631,25.1976],[-80.6312,25.1952],[-80.6345,25.1941],[-80.6343,25.1928],[-80.6364,25.1926],[-80.6389,25.1907],[-80.6416,25.1909],[-80.6438,25.1916],[-80.6472,25.1897],[-80.6472,25.1912],[-80.6482,25.1929],[-80.6522,25.1928],[-80.6529,25.1895],[-80.6543,25.187],[-80.6542,25.1851],[-80.6551,25.1845],[-80.6575,25.1854],[-80.6603,25.1849],[-80.6609,25.1821],[-80.6621,25.181],[-80.663,25.1801],[-80.6639,25.1769],[-80.664,25.1767],[-80.6637,25.1765],[-80.6612,25.175],[-80.6587,25.1753],[-80.6586,25.1753],[-80.658,25.1775],[-80.6579,25.1779],[-80.6558,25.1762],[-80.6537,25.1763],[-80.6516,25.1753],[-80.6513,25.1752],[-80.648,25.1762],[-80.6441,25.1773],[-80.6426,25.178],[-80.6373,25.1783],[-80.6355,25.178],[-80.6341,25.1765],[-80.6354,25.1764],[-80.6377,25.1765],[-80.6403,25.177],[-80.6423,25.1759],[-80.6446,25.1753],[-80.6458,25.1741],[-80.6469,25.1728],[-80.6492,25.1686],[-80.6518,25.1621],[-80.6509,25.1574],[-80.6536,25.1567],[-80.6541,25.1563],[-80.6557,25.1548],[-80.6562,25.1525],[-80.656,25.15],[-80.654,25.1486],[-80.6517,25.147],[-80.6526,25.1459],[-80.6566,25.1448],[-80.6568,25.1449],[-80.6572,25.1454],[-80.6572,25.1463],[-80.6576,25.1467],[-80.6582,25.1463],[-80.6584,25.1453],[-80.6585,25.1444],[-80.658,25.1432],[-80.6619,25.1415],[-80.6654,25.1416],[-80.6688,25.1417],[-80.6712,25.1402],[-80.6715,25.14],[-80.6737,25.1383],[-80.675,25.1402],[-80.6744,25.1426],[-80.6724,25.1439],[-80.6705,25.1443],[-80.6688,25.1469],[-80.6665,25.1491],[-80.6646,25.1513],[-80.6617,25.1546],[-80.6583,25.1554],[-80.6558,25.1574],[-80.6556,25.1576],[-80.6549,25.1597],[-80.6535,25.1617],[-80.6533,25.1645],[-80.6559,25.1669],[-80.6577,25.1696],[-80.6597,25.169],[-80.6622,25.168],[-80.6655,25.1673],[-80.6668,25.1671],[-80.6686,25.167],[-80.6698,25.1672],[-80.6689,25.1682],[-80.668,25.1691],[-80.6677,25.1706],[-80.6684,25.1719],[-80.6694,25.1725],[-80.671,25.1745],[-80.6723,25.1747],[-80.6736,25.1738],[-80.6736,25.1712],[-80.6742,25.1701],[-80.6741,25.1686],[-80.6727,25.168],[-80.6726,25.1676],[-80.675,25.1671],[-80.6768,25.1654],[-80.6778,25.1643],[-80.6794,25.1642],[-80.6803,25.1647],[-80.6799,25.1662],[-80.6786,25.1679],[-80.6776,25.1693],[-80.6773,25.1732],[-80.6783,25.1747],[-80.6814,25.1744],[-80.684,25.1723],[-80.6881,25.1687],[-80.6917,25.1683],[-80.694,25.1659],[-80.6959,25.1639],[-80.6981,25.1634],[-80.6982,25.1626],[-80.6983,25.1612],[-80.6975,25.1579],[-80.6978,25.1552],[-80.6978,25.1546],[-80.7007,25.1529],[-80.7031,25.1536],[-80.7049,25.1513],[-80.7057,25.1491],[-80.7048,25.1445],[-80.7042,25.1439],[-80.7036,25.1426],[-80.7042,25.1408],[-80.7061,25.1405],[-80.7073,25.1417],[-80.7083,25.1439],[-80.7083,25.146],[-80.7088,25.1478],[-80.7101,25.1494],[-80.7107,25.1518],[-80.7137,25.1529],[-80.7153,25.1543],[-80.7179,25.156],[-80.7199,25.1555],[-80.7227,25.1546],[-80.7251,25.1534],[-80.7267,25.1529],[-80.7269,25.1534],[-80.7262,25.1547],[-80.726,25.1561],[-80.7241,25.1579],[-80.7224,25.1595],[-80.7231,25.1625],[-80.7246,25.1652],[-80.7272,25.1663],[-80.7291,25.1675],[-80.7323,25.1676],[-80.7318,25.1665],[-80.7299,25.1645],[-80.7295,25.1631],[-80.7297,25.1606],[-80.7303,25.1598],[-80.7344,25.1612],[-80.7363,25.1594],[-80.7375,25.1592],[-80.7388,25.1618],[-80.7419,25.1639],[-80.7459,25.1657],[-80.7475,25.1649],[-80.748,25.1611],[-80.7474,25.158],[-80.7443,25.1564],[-80.7442,25.155],[-80.7411,25.1516],[-80.7381,25.1503],[-80.7356,25.1521],[-80.7315,25.1518],[-80.7287,25.1502],[-80.7236,25.1478],[-80.7216,25.1465],[-80.7227,25.1454],[-80.7261,25.1455],[-80.7287,25.1441],[-80.7328,25.1432],[-80.7372,25.1434],[-80.7423,25.1425],[-80.7477,25.1474],[-80.7516,25.1528],[-80.7543,25.1523],[-80.7557,25.153],[-80.7546,25.1557],[-80.7543,25.1584],[-80.7574,25.161],[-80.763,25.1626],[-80.7689,25.1623],[-80.7717,25.161],[-80.7727,25.159],[-80.7725,25.1561],[-80.771,25.1542],[-80.769,25.1505],[-80.7688,25.1483],[-80.7695,25.145],[-80.7715,25.1403],[-80.7746,25.1384],[-80.7768,25.1381],[-80.7781,25.1382],[-80.777,25.1396],[-80.7748,25.1421],[-80.773,25.1448],[-80.772,25.1486],[-80.7733,25.1536],[-80.7756,25.1564],[-80.7764,25.1606],[-80.7792,25.164],[-80.7832,25.1659],[-80.7874,25.1644],[-80.7887,25.1645],[-80.7902,25.1645],[-80.7936,25.1637],[-80.7972,25.1594],[-80.7984,25.1564],[-80.799,25.1547],[-80.7989,25.1509],[-80.798,25.1467],[-80.8005,25.143],[-80.801,25.1448],[-80.8007,25.1483],[-80.802,25.1526],[-80.8005,25.1586],[-80.7995,25.1631],[-80.7983,25.165],[-80.7964,25.169],[-80.7946,25.1736],[-80.7935,25.1764],[-80.7945,25.1799],[-80.798,25.1818],[-80.8021,25.1822],[-80.8059,25.1842],[-80.8085,25.1844],[-80.8125,25.1836],[-80.8146,25.1827],[-80.8141,25.1802],[-80.8137,25.1779],[-80.8137,25.1759],[-80.8118,25.1747],[-80.81,25.1724],[-80.8099,25.1689],[-80.8164,25.165],[-80.8264,25.1606],[-80.8281,25.1656],[-80.8299,25.1687],[-80.8332,25.1726],[-80.8389,25.1759],[-80.8486,25.1777],[-80.8579,25.1766],[-80.8582,25.1766],[-80.8682,25.176],[-80.8755,25.1743],[-80.8805,25.1714],[-80.8834,25.167],[-80.8855,25.1652],[-80.8881,25.1664],[-80.8946,25.1654],[-80.9001,25.162],[-80.9016,25.1538],[-80.8989,25.1477],[-80.9006,25.1397],[-80.9159,25.1413],[-80.916,25.1413],[-80.9241,25.1392],[-80.9314,25.1374],[-80.9432,25.1344],[-80.9432,25.1344],[-80.9455,25.1284],[-80.9492,25.1302],[-80.9498,25.1344],[-80.9513,25.1347],[-80.9574,25.1357],[-80.9617,25.1343],[-80.9643,25.1322],[-80.9667,25.134],[-80.9718,25.134],[-80.9992,25.1242],[-81.0096,25.1254],[-81.023,25.1294],[-81.0505,25.1283],[-81.0661,25.1243],[-81.0799,25.1188],[-81.0839,25.1162],[-81.0879,25.1162],[-81.0907,25.1179],[-81.0945,25.1271],[-81.0973,25.1313],[-81.1034,25.1371],[-81.1119,25.1455],[-81.1206,25.1523],[-81.1274,25.1554],[-81.1336,25.1563],[-81.141,25.1572],[-81.141,25.1639],[-81.1423,25.183],[-81.1425,25.1835],[-81.1429,25.1843],[-81.1487,25.197],[-81.149,25.1977],[-81.1491,25.1978],[-81.1551,25.2076],[-81.1555,25.2081],[-81.1618,25.2147],[-81.172,25.2223],[-81.1709,25.2459],[-81.1691,25.2509],[-81.1683,25.2532],[-81.1679,25.2594],[-81.1678,25.2604],[-81.1672,25.269],[-81.1671,25.27],[-81.1642,25.2742],[-81.1616,25.2754],[-81.1612,25.2809],[-81.1628,25.2848],[-81.1627,25.2855],[-81.1621,25.2898],[-81.1593,25.2986],[-81.1587,25.2992],[-81.1569,25.301],[-81.1523,25.3055],[-81.1518,25.3074],[-81.1512,25.3098],[-81.1504,25.3126],[-81.1491,25.3172],[-81.1489,25.3181],[-81.1519,25.3248],[-81.1481,25.3328],[-81.1401,25.3411],[-81.1339,25.343],[-81.1214,25.3388],[-81.1182,25.3452],[-81.1173,25.355],[-81.1192,25.3593],[-81.1251,25.3612],[-81.1252,25.3639],[-81.1225,25.3669],[-81.1244,25.3713],[-81.1219,25.3757],[-81.123,25.3791],[-81.1285,25.3805],[-81.1414,25.3814],[-81.1469,25.3836],[-81.1505,25.3873],[-81.1507,25.3992],[-81.1471,25.4043],[-81.1468,25.4076],[-81.1497,25.4092],[-81.1505,25.4135],[-81.1499,25.4161],[-81.1518,25.4216],[-81.1575,25.4266],[-81.1572,25.4336],[-81.1572,25.4345],[-81.1575,25.4349],[-81.1625,25.4411],[-81.1643,25.4449],[-81.1647,25.4458],[-81.1664,25.4495],[-81.1667,25.4501],[-81.1671,25.4509],[-81.1687,25.4638],[-81.168,25.4695],[-81.1715,25.4712],[-81.1734,25.4721],[-81.1802,25.4752],[-81.189,25.4807],[-81.2097,25.5065],[-81.2101,25.5169],[-81.2091,25.5196],[-81.2069,25.5249],[-81.2064,25.5262],[-81.2048,25.5303],[-81.2032,25.5342],[-81.2044,25.5389],[-81.2062,25.5425],[-81.2091,25.5482],[-81.2093,25.5486],[-81.2141,25.5499],[-81.22,25.5537],[-81.2253,25.5582],[-81.2256,25.5585],[-81.2278,25.5632],[-81.2284,25.5645],[-81.2334,25.5688],[-81.2336,25.5689],[-81.2327,25.5734],[-81.2328,25.5734],[-81.239,25.5797],[-81.2402,25.5832],[-81.2428,25.5924],[-81.2417,25.5958],[-81.2405,25.599],[-81.2408,25.601],[-81.2417,25.6065],[-81.2512,25.6085],[-81.2715,25.6143],[-81.2753,25.6247],[-81.2733,25.6385],[-81.2742,25.64],[-81.283,25.6449],[-81.2837,25.6537],[-81.2899,25.6543],[-81.2894,25.658],[-81.2894,25.6637],[-81.2849,25.6689],[-81.2919,25.6725],[-81.2875,25.6794],[-81.2903,25.6875],[-81.3033,25.6937],[-81.3119,25.7029],[-81.3182,25.7055],[-81.3303,25.7106],[-81.335,25.7156],[-81.3461,25.7215],[-81.3552,25.7287],[-81.3605,25.737],[-81.3602,25.7418],[-81.37,25.7434],[-81.3819,25.7492],[-81.3794,25.7571],[-81.3806,25.7667],[-81.3814,25.7755],[-81.3838,25.7768],[-81.389,25.7813],[-81.3952,25.7792],[-81.415,25.7843],[-81.424,25.7937],[-81.4356,25.7961],[-81.4414,25.7992],[-81.4579,25.7978],[-81.4702,25.8033],[-81.47,25.8036]]],[[[-81.4828,24.6181],[-81.481,24.6186],[-81.4792,24.6178],[-81.4759,24.616],[-81.4729,24.6142],[-81.4712,24.6141],[-81.469,24.6132],[-81.4676,24.6116],[-81.4677,24.61],[-81.4689,24.6085],[-81.4715,24.6099],[-81.4735,24.6123],[-81.4771,24.6148],[-81.4803,24.6168],[-81.4828,24.6172],[-81.4828,24.6181]]],[[[-81.8123,24.5673],[-81.8109,24.5695],[-81.8096,24.5695],[-81.8092,24.5684],[-81.8094,24.5681],[-81.8108,24.566],[-81.812,24.5661],[-81.8123,24.5673]]],[[[-81.812,24.5488],[-81.8115,24.5508],[-81.811,24.5522],[-81.8098,24.5557],[-81.8096,24.5563],[-81.8095,24.5566],[-81.8072,24.5615],[-81.8034,24.5628],[-81.8024,24.5632],[-81.8009,24.5639],[-81.8007,24.564],[-81.7999,24.5645],[-81.7993,24.568],[-81.799,24.5698],[-81.799,24.5698],[-81.7999,24.5714],[-81.7989,24.5724],[-81.7974,24.5739],[-81.7975,24.5754],[-81.799,24.576],[-81.7993,24.5761],[-81.7994,24.5763],[-81.7996,24.5805],[-81.7997,24.5821],[-81.7999,24.5859],[-81.7999,24.5863],[-81.8001,24.5888],[-81.7996,24.5936],[-81.7995,24.5942],[-81.7971,24.5946],[-81.7954,24.5929],[-81.7942,24.5866],[-81.7939,24.585],[-81.794,24.5757],[-81.7939,24.5758],[-81.7857,24.5773],[-81.7822,24.5779],[-81.7811,24.5788],[-81.7741,24.5848],[-81.7721,24.5851],[-81.7705,24.5854],[-81.767,24.5859],[-81.7664,24.586],[-81.7652,24.5855],[-81.7619,24.5841],[-81.7545,24.5809],[-81.7528,24.5802],[-81.7464,24.585],[-81.7464,24.585],[-81.7462,24.5851],[-81.7454,24.5857],[-81.7393,24.5901],[-81.7266,24.6022],[-81.722,24.6067],[-81.7238,24.6097],[-81.7283,24.6176],[-81.738,24.622],[-81.7453,24.6254],[-81.7514,24.6282],[-81.7653,24.6326],[-81.7614,24.642],[-81.7543,24.654],[-81.7477,24.6585],[-81.7457,24.6599],[-81.7013,24.6777],[-81.6893,24.6851],[-81.6874,24.6862],[-81.6828,24.6903],[-81.6723,24.6995],[-81.6565,24.7029],[-81.6439,24.7123],[-81.6235,24.7202],[-81.5993,24.7297],[-81.5846,24.7367],[-81.5816,24.7411],[-81.5815,24.7412],[-81.5815,24.7412],[-81.5712,24.7564],[-81.5614,24.7604],[-81.5196,24.7565],[-81.5158,24.7562],[-81.5138,24.7578],[-81.5008,24.7895],[-81.4981,24.7926],[-81.4921,24.7947],[-81.4753,24.7989],[-81.4703,24.8021],[-81.4661,24.8035],[-81.4547,24.8084],[-81.4435,24.8134],[-81.4412,24.8129],[-81.4397,24.8085],[-81.4396,24.8037],[-81.4474,24.7936],[-81.4511,24.7889],[-81.458,24.7818],[-81.457,24.7736],[-81.4515,24.7669],[-81.4428,24.77],[-81.4378,24.7717],[-81.4202,24.778],[-81.4109,24.7905],[-81.4055,24.7927],[-81.4012,24.7915],[-81.3778,24.7822],[-81.3718,24.7791],[-81.3655,24.7693],[-81.3657,24.7617],[-81.3662,24.7474],[-81.3663,24.7424],[-81.3613,24.7372],[-81.3602,24.734],[-81.3594,24.7286],[-81.3566,24.7257],[-81.3528,24.722],[-81.3512,24.7203],[-81.3418,24.7071],[-81.3362,24.7045],[-81.331,24.7048],[-81.3196,24.7027],[-81.3164,24.6977],[-81.312,24.6818],[-81.3088,24.6646],[-81.2969,24.6554],[-81.3131,24.6473],[-81.3215,24.6462],[-81.3279,24.6454],[-81.3327,24.6397],[-81.338,24.6403],[-81.3466,24.6358],[-81.3482,24.6355],[-81.3613,24.633],[-81.3631,24.631],[-81.3663,24.6311],[-81.3683,24.6304],[-81.3764,24.6273],[-81.3899,24.6224],[-81.3948,24.6211],[-81.4019,24.6235],[-81.4037,24.6309],[-81.4064,24.6425],[-81.4125,24.6467],[-81.4226,24.6466],[-81.4249,24.6473],[-81.4315,24.6494],[-81.4357,24.6507],[-81.4373,24.6491],[-81.4375,24.649],[-81.4439,24.6427],[-81.4448,24.6433],[-81.446,24.6444],[-81.4465,24.6488],[-81.4469,24.6534],[-81.4628,24.6507],[-81.4648,24.6504],[-81.473,24.649],[-81.4733,24.6488],[-81.4773,24.6457],[-81.4786,24.6452],[-81.4805,24.6446],[-81.4817,24.6476],[-81.4818,24.6478],[-81.5054,24.6543],[-81.5059,24.6545],[-81.5084,24.6495],[-81.5096,24.6471],[-81.508,24.6424],[-81.5082,24.6381],[-81.51,24.6287],[-81.5108,24.6257],[-81.5174,24.6212],[-81.519,24.6188],[-81.5247,24.6186],[-81.5343,24.6179],[-81.5416,24.6144],[-81.5508,24.6122],[-81.5592,24.6096],[-81.5641,24.6038],[-81.5746,24.6009],[-81.5853,24.5954],[-81.5919,24.5935],[-81.6043,24.5862],[-81.6119,24.5856],[-81.6238,24.5808],[-81.6282,24.5791],[-81.6354,24.5791],[-81.6383,24.5791],[-81.6441,24.5749],[-81.6449,24.5749],[-81.657,24.5739],[-81.658,24.5738],[-81.6651,24.5733],[-81.6693,24.5697],[-81.6773,24.563],[-81.6852,24.5587],[-81.6978,24.5595],[-81.7112,24.5564],[-81.7172,24.5571],[-81.7227,24.557],[-81.7341,24.5568],[-81.7353,24.5568],[-81.7386,24.5563],[-81.7424,24.5557],[-81.7462,24.555],[-81.7488,24.5546],[-81.755,24.5517],[-81.7634,24.5524],[-81.7661,24.552],[-81.7673,24.5517],[-81.7742,24.5506],[-81.7752,24.5504],[-81.776,24.5501],[-81.7839,24.5474],[-81.784,24.5474],[-81.7844,24.5473],[-81.7845,24.5472],[-81.786,24.5467],[-81.7871,24.5466],[-81.7934,24.5458],[-81.794,24.5457],[-81.7972,24.5453],[-81.8036,24.5445],[-81.8125,24.5455],[-81.812,24.5488]]],[[[-81.8153,24.5628],[-81.8128,24.5636],[-81.8121,24.5628],[-81.8123,24.5608],[-81.8134,24.5603],[-81.8146,24.5604],[-81.8156,24.5621],[-81.8153,24.5628]]],[[[-81.8931,24.5627],[-81.8904,24.5626],[-81.8859,24.563],[-81.8839,24.5612],[-81.8837,24.5603],[-81.8859,24.5593],[-81.8882,24.5578],[-81.8895,24.559],[-81.8919,24.5599],[-81.8931,24.5621],[-81.8931,24.5627]]],[[[-81.9235,24.6026],[-81.9235,24.605],[-81.9231,24.6066],[-81.9215,24.6067],[-81.9205,24.6057],[-81.9195,24.6055],[-81.9189,24.6043],[-81.9202,24.6027],[-81.9211,24.6013],[-81.9225,24.6005],[-81.9233,24.6005],[-81.9242,24.6011],[-81.9235,24.6026]]],[[[-81.9251,24.5448],[-81.9245,24.5463],[-81.9226,24.5479],[-81.9213,24.5485],[-81.9199,24.5483],[-81.918,24.5475],[-81.917,24.5468],[-81.9168,24.5454],[-81.9175,24.5439],[-81.9196,24.5423],[-81.9217,24.5418],[-81.9229,24.5411],[-81.9249,24.54],[-81.9254,24.5419],[-81.9251,24.5448]]],[[[-81.9283,24.5292],[-81.9272,24.5306],[-81.9256,24.5329],[-81.9244,24.5328],[-81.9198,24.5313],[-81.9177,24.5305],[-81.9178,24.5292],[-81.919,24.5286],[-81.9212,24.5284],[-81.9235,24.5278],[-81.926,24.5265],[-81.9283,24.5266],[-81.9283,24.5292]]],[[[-81.9644,24.5251],[-81.9636,24.525],[-81.9631,24.525],[-81.9624,24.5221],[-81.9627,24.5218],[-81.9631,24.5213],[-81.9643,24.5213],[-81.9651,24.5242],[-81.9644,24.5251]]],[[[-81.9789,24.5246],[-81.9746,24.5269],[-81.9709,24.527],[-81.9682,24.5249],[-81.9682,24.5235],[-81.9785,24.5232],[-81.9789,24.5246]]],[[[-82.0098,24.5349],[-82.0093,24.5365],[-82.0075,24.5379],[-82.0045,24.5366],[-82.0019,24.5349],[-81.9998,24.5335],[-81.9983,24.5309],[-81.999,24.5296],[-82.001,24.5289],[-82.0027,24.5281],[-82.0043,24.5279],[-82.0065,24.5274],[-82.0076,24.5283],[-82.0093,24.5326],[-82.0098,24.5349]]],[[[-82.1454,24.5899],[-82.1434,24.5929],[-82.14,24.5951],[-82.1351,24.5967],[-82.13,24.5975],[-82.1248,24.5971],[-82.1198,24.5948],[-82.1144,24.5929],[-82.1081,24.5906],[-82.1039,24.5875],[-82.1016,24.585],[-82.1002,24.5806],[-82.0999,24.5771],[-82.0996,24.5746],[-82.1002,24.5698],[-82.1013,24.5655],[-82.1032,24.5629],[-82.1044,24.5607],[-82.106,24.5586],[-82.1085,24.5582],[-82.1116,24.5555],[-82.1126,24.5528],[-82.1134,24.5515],[-82.1161,24.5495],[-82.1187,24.5485],[-82.1211,24.5485],[-82.1242,24.5487],[-82.1269,24.5484],[-82.1303,24.5482],[-82.1335,24.55],[-82.1335,24.5524],[-82.1304,24.5525],[-82.1276,24.5527],[-82.1252,24.5511],[-82.123,24.5518],[-82.1193,24.5556],[-82.1164,24.5572],[-82.1142,24.5587],[-82.1129,24.5599],[-82.1118,24.5622],[-82.1107,24.5658],[-82.1104,24.5686],[-82.1127,24.5707],[-82.1159,24.5697],[-82.1181,24.5697],[-82.1187,24.5714],[-82.1192,24.5748],[-82.1211,24.5785],[-82.1219,24.5817],[-82.1237,24.584],[-82.1257,24.5854],[-82.1296,24.587],[-82.1322,24.5883],[-82.135,24.5887],[-82.1371,24.5897],[-82.1395,24.5907],[-82.1419,24.5898],[-82.1424,24.5877],[-82.1438,24.5861],[-82.1456,24.5865],[-82.1454,24.5899]]],[[[-82.1489,24.5516],[-82.1474,24.5524],[-82.1452,24.5525],[-82.1441,24.5513],[-82.1445,24.5499],[-82.146,24.5489],[-82.1489,24.5507],[-82.1489,24.5516]]],[[[-82.1657,24.5566],[-82.1652,24.5583],[-82.1647,24.5604],[-82.1645,24.5634],[-82.1617,24.566],[-82.1594,24.5663],[-82.1577,24.5669],[-82.1567,24.5661],[-82.1583,24.5642],[-82.1617,24.5629],[-82.1627,24.5612],[-82.1629,24.5573],[-82.163,24.5538],[-82.1622,24.552],[-82.1606,24.5511],[-82.1592,24.5521],[-82.1586,24.5534],[-82.1571,24.5535],[-82.1558,24.5514],[-82.1564,24.5491],[-82.159,24.5479],[-82.1613,24.5487],[-82.1626,24.5497],[-82.1652,24.5528],[-82.1657,24.5566]]],[[[-82.8752,24.6293],[-82.8731,24.6306],[-82.8708,24.6301],[-82.8677,24.6289],[-82.8633,24.6289],[-82.8629,24.6257],[-82.8635,24.6244],[-82.8641,24.6247],[-82.8644,24.6266],[-82.8683,24.6271],[-82.8723,24.6263],[-82.8737,24.6265],[-82.8752,24.6293]]],[[[-82.9243,24.6308],[-82.9218,24.6334],[-82.9193,24.6352],[-82.9176,24.636],[-82.9167,24.6362],[-82.9174,24.6348],[-82.9186,24.6334],[-82.9207,24.6315],[-82.9225,24.6297],[-82.9236,24.6289],[-82.9261,24.6281],[-82.9243,24.6308]]]]}},{"type":"Feature","properties":{"geoid":"1207106","puma":"07106","name":"Lee County (North)--Cape Coral City (North) PUMA"},"geometry":{"type":"Polygon","coordinates":[[[-82.0912,26.6673],[-82.0867,26.6852],[-82.0856,26.6965],[-82.085,26.7024],[-82.084,26.7052],[-82.0798,26.7167],[-82.0798,26.7168],[-82.0763,26.7237],[-82.0746,26.7269],[-82.0701,26.7357],[-82.0666,26.7427],[-82.0634,26.7558],[-82.0628,26.7585],[-82.0599,26.7704],[-82.0589,26.7704],[-82.0542,26.7705],[-82.0382,26.7704],[-81.9313,26.7701],[-81.9313,26.77],[-81.9295,26.7668],[-81.9246,26.7579],[-81.9249,26.7579],[-81.9295,26.7579],[-81.9282,26.7553],[-81.9403,26.7553],[-81.9406,26.748],[-81.9402,26.7406],[-81.9374,26.7406],[-81.9321,26.7405],[-81.9246,26.7409],[-81.9246,26.7404],[-81.9249,26.7311],[-81.9249,26.7258],[-81.9249,26.7257],[-81.9183,26.7258],[-81.9183,26.7259],[-81.9071,26.726],[-81.9068,26.7255],[-81.9067,26.7253],[-81.9046,26.7192],[-81.9042,26.7178],[-81.9038,26.7165],[-81.9025,26.7125],[-81.9022,26.7113],[-81.9077,26.7114],[-81.9077,26.7042],[-81.9077,26.701],[-81.9077,26.6969],[-81.9199,26.6968],[-81.9188,26.694],[-81.9173,26.6931],[-81.9138,26.6871],[-81.9138,26.6865],[-81.9136,26.6865],[-81.9135,26.686],[-81.9126,26.6857],[-81.9115,26.6823],[-81.911,26.6816],[-81.9127,26.6808],[-81.9203,26.6771],[-81.9223,26.6762],[-81.9238,26.6755],[-81.9303,26.6728],[-81.941,26.6677],[-81.9412,26.6676],[-81.9453,26.6654],[-81.9565,26.6603],[-81.9605,26.6583],[-81.9699,26.654],[-81.9716,26.6532],[-81.9742,26.6521],[-81.9779,26.6504],[-81.9866,26.6467],[-81.9906,26.6449],[-81.995,26.6431],[-81.9935,26.6401],[-81.9919,26.6352],[-81.9914,26.6323],[-81.9914,26.625],[-81.9914,26.6239],[-81.9914,26.6229],[-81.9909,26.6202],[-81.9909,26.6071],[-81.9909,26.6039],[-81.991,26.5932],[-81.991,26.5931],[-81.991,26.5925],[-81.9909,26.5781],[-81.9907,26.5637],[-81.9907,26.5627],[-81.9905,26.5492],[-81.9833,26.5491],[-81.9825,26.5492],[-81.9857,26.5457],[-81.9896,26.5456],[-81.9884,26.5416],[-81.9887,26.5407],[-81.9907,26.5403],[-81.9997,26.535],[-82.0004,26.5342],[-82.0003,26.5332],[-82.0046,26.5341],[-82.0059,26.5344],[-82.0064,26.5341],[-82.0135,26.5299],[-82.0153,26.5288],[-82.0175,26.5292],[-82.0255,26.5303],[-82.0326,26.5278],[-82.0336,26.5275],[-82.0387,26.5256],[-82.04,26.527],[-82.0385,26.5292],[-82.0394,26.5322],[-82.0431,26.5327],[-82.044,26.5345],[-82.0427,26.5364],[-82.0447,26.5398],[-82.0512,26.5422],[-82.0547,26.5481],[-82.0574,26.5483],[-82.0581,26.5484],[-82.0591,26.5472],[-82.0647,26.5407],[-82.0654,26.5497],[-82.0666,26.5574],[-82.0674,26.5601],[-82.0688,26.5634],[-82.0695,26.5662],[-82.0695,26.569],[-82.0681,26.5742],[-82.065,26.5832],[-82.062,26.5885],[-82.0609,26.5912],[-82.0592,26.5969],[-82.0587,26.6019],[-82.059,26.6061],[-82.0597,26.6089],[-82.0608,26.6114],[-82.0627,26.6146],[-82.066,26.6194],[-82.0676,26.621],[-82.0646,26.6233],[-82.0632,26.625],[-82.0642,26.6274],[-82.0681,26.6323],[-82.0682,26.6324],[-82.069,26.6337],[-82.0703,26.6366],[-82.0704,26.6369],[-82.0727,26.6438],[-82.0745,26.646],[-82.0804,26.6508],[-82.0826,26.6531],[-82.0821,26.6536],[-82.0866,26.66],[-82.0902,26.6652],[-82.091,26.6662],[-82.0914,26.6668],[-82.0912,26.6673]]]}},{"type":"Feature","properties":{"geoid":"1209703","puma":"09703","name":"Osceola County (West)--Kissimmee PUMA"},"geometry":{"type":"Polygon","coordinates":[[[-81.4876,28.3471],[-81.4686,28.3472],[-81.4578,28.3473],[-81.4479,28.3479],[-81.4395,28.348],[-81.4244,28.3479],[-81.4198,28.3479],[-81.4195,28.3479],[-81.4042,28.3479],[-81.404,28.3479],[-81.3979,28.3478],[-81.3922,28.3478],[-81.3888,28.3479],[-81.3885,28.3479],[-81.3834,28.3479],[-81.383,28.3479],[-81.3676,28.3479],[-81.3628,28.3479],[-81.3627,28.3479],[-81.3549,28.348],[-81.3499,28.348],[-81.3417,28.348],[-81.3219,28.348],[-81.3197,28.3481],[-81.3177,28.348],[-81.3096,28.3481],[-81.293,28.3481],[-81.2693,28.3481],[-81.2601,28.3481],[-81.24,28.3481],[-81.2395,28.3481],[-81.2322,28.3482],[-81.2294,28.3455],[-81.2287,28.3443],[-81.2282,28.3427],[-81.2282,28.34],[-81.234,28.34],[-81.2381,28.3374],[-81.2382,28.3372],[-81.2398,28.3363],[-81.246,28.3343],[-81.2481,28.331],[-81.2479,28.3297],[-81.2508,28.3268],[-81.2547,28.324],[-81.2561,28.3229],[-81.2579,28.3185],[-81.2629,28.3128],[-81.269,28.3064],[-81.2703,28.3052],[-81.2752,28.3024],[-81.2812,28.2976],[-81.2831,28.2963],[-81.2846,28.2947],[-81.2847,28.2938],[-81.3,28.3024],[-81.3088,28.3015],[-81.3146,28.3014],[-81.3201,28.3015],[-81.3204,28.3021],[-81.322,28.3021],[-81.3226,28.3034],[-81.3233,28.3039],[-81.3244,28.3043],[-81.3345,28.3042],[-81.3346,28.2956],[-81.3367,28.2956],[-81.3445,28.2954],[-81.3444,28.2925],[-81.3458,28.2925],[-81.3472,28.2919],[-81.3495,28.291],[-81.3469,28.2893],[-81.3412,28.2849],[-81.3388,28.2822],[-81.3367,28.2788],[-81.3356,28.2762],[-81.3348,28.2731],[-81.3332,28.2653],[-81.331,28.2558],[-81.3297,28.2519],[-81.3299,28.2517],[-81.3301,28.2513],[-81.3317,28.2482],[-81.3327,28.2461],[-81.3328,28.2457],[-81.3354,28.2408],[-81.3355,28.2406],[-81.3395,28.2323],[-81.3405,28.231],[-81.3449,28.2296],[-81.3463,28.2295],[-81.3494,28.2274],[-81.352,28.2298],[-81.3546,28.2335],[-81.3588,28.2348],[-81.3681,28.2402],[-81.3699,28.241],[-81.3719,28.2408],[-81.3797,28.2378],[-81.3826,28.2362],[-81.3903,28.233],[-81.3917,28.2306],[-81.3922,28.2257],[-81.3941,28.2196],[-81.3948,28.2181],[-81.3969,28.2094],[-81.4171,28.2095],[-81.4192,28.2096],[-81.4402,28.2095],[-81.4403,28.2108],[-81.4403,28.2113],[-81.4403,28.213],[-81.4403,28.2149],[-81.4403,28.2169],[-81.4403,28.2233],[-81.4391,28.226],[-81.438,28.2284],[-81.4348,28.232],[-81.4342,28.2334],[-81.4341,28.2351],[-81.4361,28.242],[-81.4362,28.246],[-81.4403,28.246],[-81.4486,28.246],[-81.457,28.246],[-81.457,28.2455],[-81.4587,28.2455],[-81.4614,28.2454],[-81.4625,28.2454],[-81.4625,28.2418],[-81.4625,28.2416],[-81.4624,28.2384],[-81.4638,28.2357],[-81.464,28.2329],[-81.4651,28.2305],[-81.4661,28.2291],[-81.4666,28.2279],[-81.4666,28.2162],[-81.4665,28.2134],[-81.4666,28.2126],[-81.4775,28.2127],[-81.4793,28.2163],[-81.4804,28.2198],[-81.4843,28.2253],[-81.4868,28.2285],[-81.4874,28.2308],[-81.4874,28.2386],[-81.4874,28.2454],[-81.4873,28.2524],[-81.4864,28.2558],[-81.4859,28.2571],[-81.4859,28.2586],[-81.4859,28.2589],[-81.4858,28.2665],[-81.4856,28.2672],[-81.4842,28.2689],[-81.4756,28.2739],[-81.4739,28.2753],[-81.4718,28.2787],[-81.4712,28.2812],[-81.4718,28.2857],[-81.472,28.2862],[-81.4724,28.2875],[-81.4725,28.2879],[-81.4764,28.3005],[-81.4775,28.3038],[-81.4795,28.3092],[-81.4814,28.311],[-81.4749,28.3111],[-81.4749,28.3186],[-81.4702,28.3185],[-81.4709,28.3206],[-81.4709,28.3235],[-81.4713,28.3275],[-81.4747,28.3316],[-81.4766,28.3326],[-81.4795,28.3328],[-81.4799,28.3373],[-81.4818,28.3404],[-81.4876,28.3471]]]}},{"type":"Feature","properties":{"geoid":"1209102","puma":"09102","name":"Okaloosa County (South) PUMA"},"geometry":{"type":"MultiPolygon","coordinates":[[[[-86.6382,30.4701],[-86.6382,30.4717],[-86.634,30.4716],[-86.634,30.4699],[-86.6341,30.4679],[-86.6382,30.4679],[-86.6382,30.4701]]],[[[-86.6512,30.4686],[-86.6511,30.4719],[-86.6469,30.4718],[-86.647,30.4682],[-86.651,30.4682],[-86.6512,30.4682],[-86.6512,30.4686]]],[[[-86.7992,30.3933],[-86.7992,30.3972],[-86.7994,30.4062],[-86.7992,30.4164],[-86.7877,30.416],[-86.7785,30.4159],[-86.7785,30.4124],[-86.7724,30.4124],[-86.7724,30.4107],[-86.7724,30.4097],[-86.7709,30.4096],[-86.7688,30.4101],[-86.7688,30.4108],[-86.7688,30.4124],[-86.7658,30.4124],[-86.7655,30.4158],[-86.7643,30.4157],[-86.7422,30.4151],[-86.7403,30.4151],[-86.718,30.4148],[-86.7148,30.4145],[-86.7147,30.4083],[-86.7147,30.4073],[-86.708,30.406],[-86.6929,30.405],[-86.6897,30.4047],[-86.6877,30.4048],[-86.682,30.4056],[-86.6819,30.4078],[-86.6817,30.4103],[-86.6803,30.4102],[-86.6801,30.4141],[-86.6731,30.4139],[-86.6728,30.4282],[-86.6723,30.4282],[-86.6723,30.4292],[-86.6722,30.4358],[-86.6665,30.4357],[-86.6555,30.4353],[-86.6554,30.4369],[-86.6554,30.4389],[-86.6553,30.4424],[-86.6553,30.4435],[-86.6554,30.4463],[-86.6553,30.4486],[-86.6553,30.4572],[-86.6594,30.4572],[-86.6594,30.461],[-86.6556,30.461],[-86.6554,30.4682],[-86.6512,30.4682],[-86.6512,30.4648],[-86.6468,30.4647],[-86.6467,30.4609],[-86.6384,30.4607],[-86.6384,30.4633],[-86.6383,30.4644],[-86.6363,30.4643],[-86.6341,30.4661],[-86.6341,30.4679],[-86.6319,30.4678],[-86.6256,30.4679],[-86.6256,30.4671],[-86.6256,30.4626],[-86.6256,30.4622],[-86.6249,30.4625],[-86.6226,30.4636],[-86.6214,30.4641],[-86.6214,30.4687],[-86.6165,30.4687],[-86.6164,30.4712],[-86.6128,30.4711],[-86.6121,30.4711],[-86.6053,30.4711],[-86.6044,30.4635],[-86.6033,30.4635],[-86.5978,30.4634],[-86.5974,30.4633],[-86.5974,30.4632],[-86.5969,30.4632],[-86.5943,30.4659],[-86.5954,30.4681],[-86.5922,30.4707],[-86.5937,30.4714],[-86.5959,30.4753],[-86.5942,30.475],[-86.5903,30.475],[-86.5876,30.4765],[-86.5864,30.4756],[-86.5896,30.4725],[-86.5887,30.4705],[-86.5789,30.4704],[-86.5792,30.4672],[-86.5744,30.4633],[-86.5762,30.4612],[-86.577,30.4606],[-86.576,30.4593],[-86.5767,30.4589],[-86.5768,30.4563],[-86.5758,30.4531],[-86.5781,30.4505],[-86.577,30.4503],[-86.5735,30.4547],[-86.5709,30.4572],[-86.5687,30.4588],[-86.5663,30.4605],[-86.5625,30.4625],[-86.5311,30.4749],[-86.529,30.4743],[-86.5289,30.4565],[-86.5289,30.452],[-86.5245,30.4524],[-86.5192,30.4524],[-86.5152,30.4516],[-86.5128,30.4515],[-86.5072,30.4524],[-86.5013,30.454],[-86.4931,30.4568],[-86.488,30.4596],[-86.4836,30.4632],[-86.479,30.4685],[-86.4762,30.4728],[-86.4744,30.479],[-86.4743,30.4793],[-86.47,30.4816],[-86.4688,30.4808],[-86.4669,30.4807],[-86.4643,30.4811],[-86.458,30.4831],[-86.4546,30.4856],[-86.4505,30.4904],[-86.45,30.4903],[-86.4485,30.4854],[-86.4471,30.4821],[-86.4466,30.4811],[-86.4405,30.4723],[-86.4365,30.4667],[-86.4347,30.4642],[-86.4245,30.4492],[-86.4226,30.448],[-86.4205,30.4476],[-86.4185,30.4486],[-86.4159,30.4509],[-86.411,30.4527],[-86.4085,30.4531],[-86.4057,30.4525],[-86.4009,30.4501],[-86.3983,30.4494],[-86.3948,30.4501],[-86.3954,30.4337],[-86.3954,30.4333],[-86.3968,30.4013],[-86.3969,30.3983],[-86.3972,30.3857],[-86.3972,30.3856],[-86.3974,30.3787],[-86.3976,30.3787],[-86.4121,30.3803],[-86.423,30.3813],[-86.4439,30.3832],[-86.4708,30.3839],[-86.4895,30.3835],[-86.5062,30.3823],[-86.5068,30.3825],[-86.5119,30.3843],[-86.5141,30.3851],[-86.5168,30.3858],[-86.5202,30.3866],[-86.5262,30.3874],[-86.5411,30.3889],[-86.5488,30.3894],[-86.5595,30.3902],[-86.5635,30.3909],[-86.5806,30.3929],[-86.5828,30.3929],[-86.5869,30.3928],[-86.5967,30.3938],[-86.608,30.3952],[-86.6214,30.3963],[-86.6251,30.3966],[-86.6329,30.3968],[-86.6437,30.397],[-86.6571,30.3968],[-86.6815,30.396],[-86.7131,30.3948],[-86.7386,30.3934],[-86.7549,30.3918],[-86.7891,30.3883],[-86.7995,30.3872],[-86.7992,30.3933]]]]}},{"type":"Feature","properties":{"geoid":"1205707","puma":"05707","name":"Hillsborough County (Central) PUMA"},"geometry":{"type":"Polygon","coordinates":[[[-82.4141,27.9835],[-82.412,27.9852],[-82.4074,27.9888],[-82.4018,27.9931],[-82.3979,27.9962],[-82.3935,27.9962],[-82.3847,27.9963],[-82.3731,27.9962],[-82.3657,27.9963],[-82.3626,27.9967],[-82.361,27.9967],[-82.3577,27.9962],[-82.3577,27.996],[-82.3525,27.9957],[-82.3488,27.9962],[-82.3433,27.9976],[-82.3366,28.0],[-82.3309,28.0017],[-82.3273,28.0022],[-82.3268,27.9971],[-82.3267,27.9812],[-82.3266,27.9733],[-82.3266,27.9729],[-82.3261,27.9729],[-82.3187,27.9734],[-82.3159,27.9738],[-82.3105,27.9764],[-82.3065,27.9781],[-82.3024,27.9775],[-82.2982,27.9769],[-82.2948,27.9765],[-82.2927,27.9769],[-82.29,27.9779],[-82.2859,27.9794],[-82.2777,27.9825],[-82.2721,27.9846],[-82.2579,27.987],[-82.2529,27.9879],[-82.2528,27.9743],[-82.2528,27.9675],[-82.2528,27.9671],[-82.2528,27.9616],[-82.2528,27.9525],[-82.2528,27.9519],[-82.2528,27.9509],[-82.2528,27.9477],[-82.2528,27.9453],[-82.2528,27.9379],[-82.2528,27.9275],[-82.2527,27.9233],[-82.2612,27.9233],[-82.2652,27.9233],[-82.2686,27.9232],[-82.2693,27.9225],[-82.2693,27.9083],[-82.2693,27.8936],[-82.2733,27.8936],[-82.2775,27.8937],[-82.2858,27.8936],[-82.294,27.8936],[-82.294,27.879],[-82.2966,27.8789],[-82.2989,27.8806],[-82.3001,27.8806],[-82.2992,27.8826],[-82.3009,27.8844],[-82.3021,27.8853],[-82.3028,27.8857],[-82.3053,27.8842],[-82.3077,27.8844],[-82.3075,27.885],[-82.3039,27.8884],[-82.3012,27.8888],[-82.3006,27.8908],[-82.3003,27.8911],[-82.2991,27.893],[-82.2991,27.8936],[-82.2996,27.8936],[-82.3023,27.8936],[-82.3026,27.8936],[-82.3103,27.8936],[-82.3185,27.8936],[-82.3308,27.8937],[-82.3347,27.8938],[-82.338,27.8939],[-82.34,27.8939],[-82.3428,27.8938],[-82.3465,27.8942],[-82.3482,27.8951],[-82.3515,27.8978],[-82.352,27.8981],[-82.3526,27.8985],[-82.3545,27.8991],[-82.3566,27.8991],[-82.3605,27.8992],[-82.3631,27.8992],[-82.3623,27.9009],[-82.3606,27.9009],[-82.3609,27.9078],[-82.367,27.9078],[-82.3686,27.9071],[-82.3686,27.9067],[-82.3686,27.9066],[-82.3686,27.9036],[-82.3687,27.8992],[-82.371,27.8995],[-82.3737,27.9008],[-82.3771,27.9009],[-82.381,27.9009],[-82.3976,27.901],[-82.4018,27.901],[-82.4019,27.915],[-82.402,27.9221],[-82.4019,27.923],[-82.3851,27.9228],[-82.385,27.9335],[-82.385,27.9347],[-82.3851,27.9365],[-82.3854,27.9371],[-82.3855,27.9411],[-82.3854,27.9483],[-82.3831,27.9466],[-82.3793,27.945],[-82.378,27.9451],[-82.3771,27.9459],[-82.3755,27.9486],[-82.3743,27.9485],[-82.3712,27.9503],[-82.371,27.9505],[-82.3705,27.9511],[-82.3701,27.9524],[-82.369,27.957],[-82.3673,27.9612],[-82.3672,27.9654],[-82.3672,27.9664],[-82.3699,27.9668],[-82.373,27.9667],[-82.3853,27.9668],[-82.3997,27.9668],[-82.4016,27.9668],[-82.4018,27.9651],[-82.4043,27.9652],[-82.406,27.9663],[-82.4016,27.9683],[-82.3935,27.9745],[-82.3896,27.9775],[-82.3845,27.9815],[-82.3936,27.9815],[-82.4016,27.9815],[-82.4018,27.9815],[-82.4035,27.9815],[-82.4141,27.9815],[-82.4167,27.9815],[-82.4141,27.9835]]]}},{"type":"Feature","properties":{"geoid":"1208612","puma":"08612","name":"Miami-Dade County (Northeast)--Miami Beach City, Surfside & Bay Harbor Islands Towns PUMA"},"geometry":{"type":"Polygon","coordinates":[[[-80.189,25.7923],[-80.1871,25.792],[-80.1871,25.7919],[-80.1854,25.7919],[-80.1826,25.7919],[-80.1826,25.7971],[-80.1639,25.7972],[-80.1633,25.7994],[-80.1626,25.8016],[-80.1617,25.8048],[-80.1611,25.807],[-80.1606,25.8088],[-80.1602,25.8101],[-80.1601,25.8105],[-80.1594,25.813],[-80.1598,25.8221],[-80.1601,25.8269],[-80.1602,25.8283],[-80.1605,25.8333],[-80.1607,25.8368],[-80.1608,25.8398],[-80.1609,25.8428],[-80.1611,25.8484],[-80.1614,25.8558],[-80.1618,25.8558],[-80.1635,25.8557],[-80.1617,25.8595],[-80.161,25.8612],[-80.1593,25.8649],[-80.1567,25.8706],[-80.1558,25.8726],[-80.1549,25.8745],[-80.1537,25.8773],[-80.151,25.8809],[-80.1433,25.8867],[-80.1426,25.8873],[-80.1405,25.8899],[-80.1345,25.8955],[-80.1318,25.8983],[-80.1307,25.8951],[-80.1281,25.8869],[-80.1277,25.8869],[-80.1227,25.8871],[-80.1211,25.8872],[-80.1209,25.8836],[-80.1209,25.8832],[-80.1205,25.8798],[-80.1202,25.8771],[-80.1202,25.8766],[-80.1201,25.8763],[-80.1197,25.8726],[-80.119,25.8659],[-80.119,25.8648],[-80.119,25.8623],[-80.1189,25.8561],[-80.1189,25.8544],[-80.1189,25.8513],[-80.1188,25.8486],[-80.1188,25.8457],[-80.1188,25.8444],[-80.1189,25.8437],[-80.119,25.8411],[-80.119,25.841],[-80.119,25.8391],[-80.1192,25.8348],[-80.1193,25.8335],[-80.1193,25.8323],[-80.1193,25.8315],[-80.1194,25.8294],[-80.1195,25.8277],[-80.1198,25.8247],[-80.1199,25.8235],[-80.1203,25.8196],[-80.1204,25.8187],[-80.1207,25.8161],[-80.1207,25.816],[-80.121,25.8132],[-80.1211,25.8126],[-80.1211,25.8126],[-80.1213,25.8119],[-80.1224,25.8074],[-80.1229,25.8051],[-80.1233,25.8041],[-80.1242,25.8014],[-80.1246,25.8003],[-80.1252,25.7975],[-80.126,25.7934],[-80.1267,25.7904],[-80.1267,25.7904],[-80.1273,25.7879],[-80.1276,25.7863],[-80.1282,25.7837],[-80.1286,25.7821],[-80.1288,25.7811],[-80.1293,25.7789],[-80.1307,25.772],[-80.1311,25.7698],[-80.131,25.7684],[-80.1308,25.7644],[-80.131,25.7643],[-80.1323,25.7634],[-80.1337,25.7624],[-80.1339,25.7621],[-80.1343,25.7614],[-80.1371,25.7566],[-80.1371,25.7566],[-80.1396,25.7555],[-80.1397,25.7555],[-80.1406,25.7542],[-80.155,25.7643],[-80.1502,25.7651],[-80.1491,25.7651],[-80.1395,25.7657],[-80.1391,25.7662],[-80.1414,25.7671],[-80.1445,25.7686],[-80.1521,25.7719],[-80.169,25.7792],[-80.169,25.7797],[-80.1685,25.7819],[-80.167,25.7862],[-80.1662,25.7889],[-80.1791,25.7889],[-80.1799,25.7899],[-80.1854,25.7897],[-80.1891,25.7895],[-80.189,25.7923]]]}},{"type":"Feature","properties":{"geoid":"1201115","puma":"01115","name":"Broward County (Northwest) Coral Springs City PUMA"},"geometry":{"type":"Polygon","coordinates":[[[-80.8813,26.3338],[-80.7764,26.3341],[-80.5399,26.3347],[-80.5378,26.3346],[-80.5359,26.3346],[-80.2975,26.3344],[-80.297,26.3344],[-80.2971,26.3113],[-80.2974,26.3109],[-80.2977,26.2933],[-80.2978,26.2879],[-80.2978,26.2874],[-80.2973,26.2874],[-80.2963,26.2874],[-80.2941,26.2874],[-80.287,26.2873],[-80.2826,26.2875],[-80.2744,26.2874],[-80.273,26.2874],[-80.2666,26.2873],[-80.2606,26.2872],[-80.2566,26.2871],[-80.2503,26.287],[-80.2413,26.2869],[-80.2343,26.2868],[-80.2301,26.2867],[-80.2241,26.2867],[-80.2241,26.2867],[-80.2232,26.2866],[-80.2221,26.2866],[-80.2194,26.2866],[-80.2167,26.2865],[-80.2106,26.2863],[-80.202,26.2862],[-80.202,26.2798],[-80.2019,26.2742],[-80.2132,26.274],[-80.2186,26.2727],[-80.2231,26.2722],[-80.2231,26.272],[-80.2242,26.272],[-80.2297,26.2721],[-80.2342,26.2721],[-80.2342,26.2694],[-80.2341,26.2632],[-80.2341,26.258],[-80.2342,26.257],[-80.2342,26.2568],[-80.234,26.2425],[-80.2338,26.2355],[-80.2337,26.2301],[-80.2404,26.23],[-80.2406,26.23],[-80.2528,26.2299],[-80.2545,26.2298],[-80.2698,26.2297],[-80.2818,26.2296],[-80.2931,26.2295],[-80.2959,26.2295],[-80.2975,26.2294],[-80.2982,26.2294],[-80.2983,26.2083],[-80.2982,26.1937],[-80.298,26.1937],[-80.2981,26.1898],[-80.2999,26.1879],[-80.3223,26.1678],[-80.3252,26.1654],[-80.3261,26.1648],[-80.3275,26.1634],[-80.3415,26.1505],[-80.3464,26.1466],[-80.3667,26.1283],[-80.3684,26.1287],[-80.3685,26.1282],[-80.3686,26.1281],[-80.3686,26.1279],[-80.3863,26.1321],[-80.4006,26.1355],[-80.4057,26.1368],[-80.4144,26.1389],[-80.4194,26.1401],[-80.4374,26.1444],[-80.4411,26.1457],[-80.4414,26.1458],[-80.442,26.1465],[-80.4427,26.1493],[-80.443,26.1493],[-80.4442,26.149],[-80.4464,26.1461],[-80.4469,26.1455],[-80.4476,26.1446],[-80.4497,26.1418],[-80.4498,26.1407],[-80.4433,26.1129],[-80.442,26.0619],[-80.442,26.0615],[-80.442,26.0611],[-80.442,26.0442],[-80.4417,26.0352],[-80.4416,26.0295],[-80.4409,26.0077],[-80.4405,25.9932],[-80.4394,25.9569],[-80.4409,25.9569],[-80.4512,25.9568],[-80.5508,25.957],[-80.5517,25.957],[-80.68,25.9569],[-80.68,25.9787],[-80.7813,25.9791],[-80.8729,25.9794],[-80.873,25.9996],[-80.8727,26.0004],[-80.8791,26.1725],[-80.8791,26.1729],[-80.8797,26.2593],[-80.8812,26.3294],[-80.8812,26.3315],[-80.8813,26.3338]]]}},{"type":"Feature","properties":{"geoid":"1200101","puma":"00101","name":"Alachua County (Central)--Gainesville City (Central) PUMA"},"geometry":{"type":"Polygon","coordinates":[[[-82.4661,29.7163],[-82.452,29.7116],[-82.4495,29.711],[-82.4465,29.7106],[-82.4305,29.7105],[-82.4283,29.7106],[-82.427,29.7107],[-82.4241,29.7107],[-82.4181,29.7106],[-82.4165,29.7106],[-82.4104,29.7058],[-82.4058,29.7035],[-82.399,29.7033],[-82.3974,29.7032],[-82.3938,29.7033],[-82.3912,29.7033],[-82.3889,29.7033],[-82.3888,29.7096],[-82.3883,29.7112],[-82.3856,29.7155],[-82.3857,29.7174],[-82.3859,29.7181],[-82.3887,29.7229],[-82.3888,29.7322],[-82.3888,29.7334],[-82.3888,29.7362],[-82.3888,29.7393],[-82.3884,29.7393],[-82.386,29.7393],[-82.3843,29.7393],[-82.3811,29.7361],[-82.3796,29.7345],[-82.3775,29.7322],[-82.3757,29.7306],[-82.3603,29.7175],[-82.3537,29.7119],[-82.3536,29.7122],[-82.3491,29.7084],[-82.3452,29.705],[-82.3431,29.7032],[-82.3224,29.7032],[-82.3173,29.7031],[-82.3114,29.703],[-82.3058,29.703],[-82.2975,29.703],[-82.285,29.703],[-82.2787,29.703],[-82.2779,29.7027],[-82.2775,29.7024],[-82.2759,29.7047],[-82.2753,29.7057],[-82.2741,29.7075],[-82.2643,29.7075],[-82.2557,29.7075],[-82.2557,29.6906],[-82.2557,29.6882],[-82.2505,29.6881],[-82.2392,29.6879],[-82.2381,29.6879],[-82.2249,29.6879],[-82.2251,29.6874],[-82.2382,29.6759],[-82.2385,29.6756],[-82.236,29.6735],[-82.2347,29.6735],[-82.237,29.6701],[-82.2377,29.667],[-82.2394,29.6613],[-82.2395,29.6567],[-82.2408,29.6555],[-82.2395,29.6543],[-82.2392,29.6512],[-82.2377,29.6472],[-82.2368,29.6403],[-82.2378,29.6381],[-82.2372,29.6363],[-82.2428,29.6362],[-82.2485,29.6331],[-82.2506,29.6314],[-82.2542,29.6302],[-82.2563,29.6284],[-82.2567,29.6258],[-82.2576,29.625],[-82.2565,29.6243],[-82.255,29.6211],[-82.2526,29.6188],[-82.2516,29.6184],[-82.2518,29.6177],[-82.2492,29.6151],[-82.2483,29.6112],[-82.2525,29.6122],[-82.2537,29.6127],[-82.254,29.6121],[-82.2631,29.6133],[-82.2714,29.6083],[-82.2719,29.6078],[-82.2734,29.6035],[-82.2823,29.5964],[-82.2841,29.5958],[-82.2926,29.5985],[-82.2953,29.6017],[-82.2959,29.6057],[-82.2981,29.6074],[-82.3006,29.6074],[-82.3017,29.6079],[-82.3046,29.6087],[-82.3052,29.6094],[-82.3077,29.6138],[-82.308,29.6153],[-82.3086,29.6173],[-82.3087,29.6191],[-82.3112,29.6277],[-82.3181,29.6277],[-82.3181,29.6299],[-82.3216,29.6298],[-82.3222,29.6298],[-82.3223,29.6295],[-82.3267,29.6221],[-82.3268,29.6221],[-82.328,29.6209],[-82.3299,29.6197],[-82.3326,29.6182],[-82.3327,29.6181],[-82.3337,29.6175],[-82.3351,29.6167],[-82.3356,29.6165],[-82.3391,29.615],[-82.3409,29.6147],[-82.3422,29.6055],[-82.3411,29.602],[-82.3394,29.5981],[-82.3392,29.5947],[-82.3592,29.5932],[-82.3606,29.5934],[-82.3625,29.5946],[-82.3704,29.6028],[-82.371,29.6037],[-82.371,29.6038],[-82.3732,29.6022],[-82.3734,29.602],[-82.3756,29.6045],[-82.378,29.6071],[-82.3833,29.6132],[-82.3862,29.6173],[-82.386,29.6174],[-82.3951,29.6303],[-82.3958,29.6312],[-82.4021,29.6399],[-82.4083,29.6473],[-82.4187,29.6595],[-82.4191,29.6597],[-82.4194,29.66],[-82.4234,29.6647],[-82.4308,29.6725],[-82.4325,29.6743],[-82.4468,29.689],[-82.4556,29.6981],[-82.4578,29.7011],[-82.4661,29.7163]]]}},{"type":"Feature","properties":{"geoid":"1208609","puma":"08609","name":"Miami-Dade County (Northeast)--Hialeah City (South) PUMA"},"geometry":{"type":"Polygon","coordinates":[[[-80.339,25.8671],[-80.339,25.8682],[-80.3375,25.869],[-80.3351,25.8693],[-80.331,25.8693],[-80.3281,25.8687],[-80.3251,25.867],[-80.3228,25.8666],[-80.3229,25.8696],[-80.3149,25.8696],[-80.3069,25.8696],[-80.3069,25.8702],[-80.2989,25.8702],[-80.2956,25.8702],[-80.2929,25.8702],[-80.2911,25.8709],[-80.2908,25.8709],[-80.2908,25.8704],[-80.2847,25.8706],[-80.2832,25.8706],[-80.2795,25.8707],[-80.2789,25.8706],[-80.2789,25.8761],[-80.2791,25.8815],[-80.275,25.8816],[-80.2731,25.8817],[-80.2712,25.8817],[-80.2672,25.8818],[-80.267,25.8746],[-80.2669,25.871],[-80.2669,25.8705],[-80.2603,25.8707],[-80.2602,25.8675],[-80.2601,25.8601],[-80.2601,25.8601],[-80.2596,25.8482],[-80.2596,25.8455],[-80.2595,25.8422],[-80.2595,25.839],[-80.2594,25.8381],[-80.2592,25.8307],[-80.259,25.8234],[-80.2587,25.816],[-80.2586,25.8106],[-80.2585,25.8104],[-80.2585,25.8096],[-80.2585,25.809],[-80.2585,25.8085],[-80.2584,25.8072],[-80.2584,25.806],[-80.2586,25.806],[-80.2619,25.8085],[-80.2647,25.8106],[-80.2711,25.8154],[-80.2731,25.8169],[-80.2797,25.8218],[-80.2805,25.8224],[-80.2816,25.8233],[-80.284,25.8251],[-80.2899,25.8295],[-80.2953,25.8335],[-80.2976,25.835],[-80.3041,25.84],[-80.3041,25.84],[-80.3042,25.8401],[-80.3049,25.8405],[-80.3063,25.8416],[-80.3102,25.8445],[-80.3143,25.8476],[-80.3226,25.8537],[-80.3231,25.8541],[-80.3395,25.8662],[-80.339,25.8671]]]}},{"type":"Feature","properties":{"geoid":"1206903","puma":"06903","name":"Lake County (South) PUMA"},"geometry":{"type":"Polygon","coordinates":[[[-81.9562,28.4136],[-81.9561,28.4142],[-81.956,28.4473],[-81.9553,28.5068],[-81.9548,28.5238],[-81.9542,28.5517],[-81.9542,28.5712],[-81.9541,28.5807],[-81.9545,28.6196],[-81.9549,28.6424],[-81.9545,28.6557],[-81.9526,28.6569],[-81.9471,28.6569],[-81.9435,28.6567],[-81.939,28.6576],[-81.9341,28.6612],[-81.9274,28.6631],[-81.9269,28.6654],[-81.925,28.6681],[-81.9227,28.6691],[-81.9172,28.6706],[-81.9139,28.6714],[-81.9062,28.6733],[-81.9025,28.6759],[-81.8964,28.6784],[-81.8912,28.6779],[-81.8895,28.6782],[-81.8863,28.6795],[-81.8846,28.6797],[-81.8762,28.6797],[-81.872,28.6816],[-81.8641,28.6844],[-81.8616,28.682],[-81.8569,28.6776],[-81.8533,28.6753],[-81.8532,28.6752],[-81.8469,28.672],[-81.8233,28.66],[-81.8118,28.6542],[-81.8095,28.653],[-81.8001,28.6481],[-81.7999,28.648],[-81.7931,28.6444],[-81.7821,28.6378],[-81.7752,28.6337],[-81.7645,28.6286],[-81.7629,28.6278],[-81.7541,28.6236],[-81.7469,28.6198],[-81.7435,28.618],[-81.7375,28.6148],[-81.7323,28.6121],[-81.7294,28.6104],[-81.7271,28.6086],[-81.7267,28.6085],[-81.7255,28.6072],[-81.7129,28.5918],[-81.713,28.5915],[-81.7089,28.5866],[-81.7002,28.576],[-81.6988,28.5744],[-81.6924,28.569],[-81.6836,28.5616],[-81.6822,28.5608],[-81.6812,28.5603],[-81.6772,28.5588],[-81.666,28.5546],[-81.6628,28.5536],[-81.6573,28.5531],[-81.6573,28.5484],[-81.6574,28.5479],[-81.6573,28.5463],[-81.6573,28.5461],[-81.6573,28.5447],[-81.6573,28.5432],[-81.6574,28.5372],[-81.6575,28.5224],[-81.6575,28.5222],[-81.6574,28.5142],[-81.6575,28.5088],[-81.6576,28.489],[-81.6575,28.4742],[-81.6575,28.4506],[-81.6574,28.4501],[-81.6575,28.4492],[-81.6574,28.4341],[-81.6573,28.3841],[-81.6572,28.3811],[-81.6571,28.3769],[-81.6572,28.361],[-81.6571,28.3476],[-81.6573,28.3471],[-81.6643,28.3471],[-81.6738,28.347],[-81.683,28.3468],[-81.7061,28.3466],[-81.7066,28.3466],[-81.7391,28.3465],[-81.7604,28.3464],[-81.7907,28.3464],[-81.7909,28.3618],[-81.8189,28.3617],[-81.8576,28.3619],[-81.8575,28.346],[-81.9403,28.3452],[-81.9576,28.3452],[-81.9562,28.4136]]]}},{"type":"Feature","properties":{"geoid":"1209101","puma":"09101","name":"Okaloosa County (North) PUMA"},"geometry":{"type":"Polygon","coordinates":[[[-86.7992,30.4166],[-86.7989,30.431],[-86.7989,30.4311],[-86.7956,30.6172],[-86.7953,30.618],[-86.7953,30.6252],[-86.7952,30.6259],[-86.7939,30.6259],[-86.7936,30.6366],[-86.7936,30.6366],[-86.7928,30.6638],[-86.7928,30.6699],[-86.7924,30.6849],[-86.7924,30.6851],[-86.7918,30.7243],[-86.7914,30.7567],[-86.7914,30.757],[-86.791,30.7803],[-86.791,30.7808],[-86.7907,30.7871],[-86.7881,30.872],[-86.7884,30.8739],[-86.7881,30.8791],[-86.7877,30.8938],[-86.7873,30.9004],[-86.7874,30.9132],[-86.786,30.9937],[-86.7857,30.997],[-86.7452,30.9963],[-86.7284,30.9967],[-86.7273,30.9969],[-86.7254,30.9969],[-86.7063,30.9947],[-86.6883,30.9946],[-86.6784,30.9945],[-86.6647,30.9945],[-86.6278,30.9948],[-86.5676,30.9951],[-86.5634,30.9952],[-86.5425,30.9943],[-86.5199,30.9932],[-86.5128,30.9937],[-86.4999,30.9933],[-86.4583,30.994],[-86.4547,30.9938],[-86.4049,30.994],[-86.3919,30.9942],[-86.3886,30.9942],[-86.3886,30.9942],[-86.3886,30.9666],[-86.3886,30.9665],[-86.3888,30.9216],[-86.389,30.9065],[-86.3893,30.8772],[-86.3897,30.8752],[-86.39,30.8663],[-86.3902,30.8512],[-86.3909,30.8128],[-86.391,30.793],[-86.3917,30.7568],[-86.3921,30.7502],[-86.3918,30.7426],[-86.3916,30.7297],[-86.3916,30.7287],[-86.3916,30.7219],[-86.3918,30.7069],[-86.3919,30.7036],[-86.3923,30.694],[-86.3915,30.6552],[-86.3922,30.6275],[-86.392,30.6234],[-86.3918,30.6204],[-86.3932,30.4972],[-86.3936,30.4934],[-86.3943,30.4674],[-86.3942,30.4671],[-86.3942,30.4641],[-86.3942,30.464],[-86.3945,30.4549],[-86.3946,30.454],[-86.3948,30.4501],[-86.3983,30.4494],[-86.4009,30.4501],[-86.4057,30.4525],[-86.4085,30.4531],[-86.411,30.4527],[-86.4159,30.4509],[-86.4185,30.4486],[-86.4205,30.4476],[-86.4226,30.448],[-86.4245,30.4492],[-86.4347,30.4642],[-86.4365,30.4667],[-86.4405,30.4723],[-86.4466,30.4811],[-86.4471,30.4821],[-86.4485,30.4854],[-86.45,30.4903],[-86.4505,30.4904],[-86.4546,30.4856],[-86.458,30.4831],[-86.4643,30.4811],[-86.4669,30.4807],[-86.4688,30.4808],[-86.47,30.4816],[-86.4743,30.4793],[-86.4744,30.479],[-86.4762,30.4728],[-86.479,30.4685],[-86.4836,30.4632],[-86.488,30.4596],[-86.4931,30.4568],[-86.5013,30.454],[-86.5072,30.4524],[-86.5128,30.4515],[-86.5152,30.4516],[-86.5192,30.4524],[-86.5245,30.4524],[-86.5289,30.452],[-86.5289,30.4565],[-86.529,30.4743],[-86.5311,30.4749],[-86.5625,30.4625],[-86.5663,30.4605],[-86.5687,30.4588],[-86.5709,30.4572],[-86.5735,30.4547],[-86.577,30.4503],[-86.5781,30.4505],[-86.5758,30.4531],[-86.5768,30.4563],[-86.5767,30.4589],[-86.576,30.4593],[-86.577,30.4606],[-86.5762,30.4612],[-86.5744,30.4633],[-86.5792,30.4672],[-86.5789,30.4704],[-86.5887,30.4705],[-86.5896,30.4725],[-86.5864,30.4756],[-86.5876,30.4765],[-86.5903,30.475],[-86.5942,30.475],[-86.5959,30.4753],[-86.5937,30.4714],[-86.5922,30.4707],[-86.5954,30.4681],[-86.5943,30.4659],[-86.5969,30.4632],[-86.5974,30.4632],[-86.5974,30.4633],[-86.5978,30.4634],[-86.6033,30.4635],[-86.6044,30.4635],[-86.6053,30.4711],[-86.6121,30.4711],[-86.6128,30.4711],[-86.6164,30.4712],[-86.6165,30.4687],[-86.6214,30.4687],[-86.6214,30.4641],[-86.6226,30.4636],[-86.6249,30.4625],[-86.6256,30.4622],[-86.6256,30.4626],[-86.6256,30.4671],[-86.6256,30.4679],[-86.6319,30.4678],[-86.6341,30.4679],[-86.6341,30.4661],[-86.6363,30.4643],[-86.6383,30.4644],[-86.6384,30.4633],[-86.6384,30.4607],[-86.6467,30.4609],[-86.6468,30.4647],[-86.6512,30.4648],[-86.6512,30.4682],[-86.6554,30.4682],[-86.6556,30.461],[-86.6594,30.461],[-86.6594,30.4572],[-86.6553,30.4572],[-86.6553,30.4486],[-86.6554,30.4463],[-86.6553,30.4435],[-86.6553,30.4424],[-86.6554,30.4389],[-86.6554,30.4369],[-86.6555,30.4353],[-86.6665,30.4357],[-86.6722,30.4358],[-86.6723,30.4292],[-86.6723,30.4282],[-86.6728,30.4282],[-86.6731,30.4139],[-86.6801,30.4141],[-86.6803,30.4102],[-86.6817,30.4103],[-86.6819,30.4078],[-86.682,30.4056],[-86.6877,30.4048],[-86.6897,30.4047],[-86.6929,30.405],[-86.708,30.406],[-86.7147,30.4073],[-86.7147,30.4083],[-86.7148,30.4145],[-86.718,30.4148],[-86.7403,30.4151],[-86.7422,30.4151],[-86.7643,30.4157],[-86.7655,30.4158],[-86.7658,30.4124],[-86.7688,30.4124],[-86.7688,30.4108],[-86.7688,30.4101],[-86.7709,30.4096],[-86.7724,30.4097],[-86.7724,30.4107],[-86.7724,30.4124],[-86.7785,30.4124],[-86.7785,30.4159],[-86.7877,30.416],[-86.7992,30.4164],[-86.7992,30.4166]],[[-86.6341,30.4679],[-86.634,30.4699],[-86.634,30.4716],[-86.6382,30.4717],[-86.6382,30.4701],[-86.6382,30.4679],[-86.6341,30.4679]],[[-86.6512,30.4682],[-86.651,30.4682],[-86.647,30.4682],[-86.6469,30.4718],[-86.6511,30.4719],[-86.6512,30.4686],[-86.6512,30.4682]]]}},{"type":"Feature","properties":{"geoid":"1209910","puma":"09910","name":"Palm Beach County (Central)--Wellington Village & Agricultural Reserve PUMA"},"geometry":{"type":"Polygon","coordinates":[[[-80.3644,26.6809],[-80.3641,26.6846],[-80.364,26.685],[-80.3448,26.6845],[-80.3311,26.6841],[-80.3229,26.6839],[-80.3099,26.6835],[-80.3024,26.6832],[-80.2982,26.6831],[-80.2838,26.6827],[-80.2669,26.6822],[-80.2545,26.6818],[-80.2506,26.6817],[-80.2469,26.6816],[-80.2425,26.6815],[-80.234,26.6812],[-80.2264,26.681],[-80.2195,26.6808],[-80.2182,26.6808],[-80.2144,26.6806],[-80.2101,26.6805],[-80.207,26.6805],[-80.2024,26.6805],[-80.1958,26.6802],[-80.1946,26.6801],[-80.193,26.68],[-80.1842,26.6797],[-80.1663,26.6792],[-80.1668,26.6785],[-80.1716,26.6715],[-80.1726,26.6694],[-80.1737,26.666],[-80.1742,26.6619],[-80.1741,26.6545],[-80.174,26.6509],[-80.174,26.6446],[-80.1738,26.6312],[-80.1737,26.6247],[-80.1736,26.6174],[-80.1735,26.6027],[-80.1733,26.595],[-80.1733,26.5904],[-80.173,26.5904],[-80.1729,26.5869],[-80.1728,26.5723],[-80.1727,26.5652],[-80.1727,26.5627],[-80.1727,26.5576],[-80.1727,26.5569],[-80.1726,26.5542],[-80.1726,26.5499],[-80.1725,26.5425],[-80.1724,26.5388],[-80.1723,26.5353],[-80.1722,26.528],[-80.1723,26.5127],[-80.1723,26.4977],[-80.1722,26.4838],[-80.1724,26.4838],[-80.1726,26.4807],[-80.1734,26.4762],[-80.1746,26.4687],[-80.1747,26.4669],[-80.1744,26.4537],[-80.1743,26.4462],[-80.174,26.4383],[-80.1727,26.4315],[-80.1718,26.4273],[-80.1716,26.4241],[-80.1714,26.4164],[-80.1715,26.4163],[-80.2037,26.4163],[-80.204,26.4163],[-80.2055,26.4163],[-80.22,26.4162],[-80.224,26.4164],[-80.2338,26.4166],[-80.2292,26.4349],[-80.2224,26.4637],[-80.2208,26.4683],[-80.221,26.4832],[-80.222,26.4832],[-80.2223,26.4982],[-80.2223,26.5127],[-80.2232,26.5148],[-80.2269,26.5247],[-80.2296,26.5319],[-80.2312,26.5361],[-80.2307,26.5361],[-80.2333,26.5425],[-80.2435,26.5571],[-80.2479,26.5633],[-80.2722,26.5931],[-80.2795,26.6022],[-80.2885,26.6075],[-80.2891,26.608],[-80.3185,26.6253],[-80.3205,26.6263],[-80.3333,26.6339],[-80.3343,26.6348],[-80.3472,26.6477],[-80.3477,26.6484],[-80.3488,26.6495],[-80.3527,26.6576],[-80.3626,26.6765],[-80.3643,26.6804],[-80.3644,26.6809]]]}},{"type":"Feature","properties":{"geoid":"1210903","puma":"10903","name":"St. Johns County (Northeast) PUMA"},"geometry":{"type":"Polygon","coordinates":[[[-81.5033,30.1044],[-81.4945,30.1045],[-81.4792,30.1048],[-81.479,30.1048],[-81.4744,30.1049],[-81.4712,30.105],[-81.468,30.105],[-81.4603,30.1051],[-81.4347,30.1053],[-81.434,30.1055],[-81.4338,30.1055],[-81.4337,30.106],[-81.4339,30.1151],[-81.4343,30.1324],[-81.4343,30.1347],[-81.4358,30.2096],[-81.4366,30.237],[-81.4369,30.2494],[-81.4369,30.2519],[-81.4369,30.252],[-81.4369,30.2523],[-81.4343,30.2523],[-81.4309,30.2522],[-81.4302,30.2522],[-81.4301,30.2522],[-81.4293,30.2523],[-81.4006,30.2527],[-81.3943,30.2528],[-81.3884,30.2528],[-81.3818,30.2528],[-81.3807,30.2529],[-81.3799,30.2529],[-81.3708,30.2193],[-81.3686,30.2109],[-81.3556,30.1626],[-81.3556,30.1625],[-81.3308,30.0592],[-81.3282,30.0472],[-81.325,30.0325],[-81.3228,30.0239],[-81.3219,30.0205],[-81.3169,30.0011],[-81.3168,30.0009],[-81.3119,29.9812],[-81.309,29.9694],[-81.3076,29.9651],[-81.3065,29.9614],[-81.3034,29.9519],[-81.2997,29.94],[-81.2996,29.9398],[-81.2953,29.9286],[-81.2915,29.9206],[-81.289,29.9152],[-81.2876,29.9138],[-81.2855,29.9118],[-81.2818,29.9083],[-81.2774,29.904],[-81.2751,29.8988],[-81.2751,29.8938],[-81.2729,29.8837],[-81.272,29.881],[-81.2706,29.8765],[-81.2705,29.8764],[-81.27,29.8727],[-81.2669,29.8615],[-81.2666,29.8604],[-81.2664,29.86],[-81.2662,29.8598],[-81.2661,29.8595],[-81.2656,29.8587],[-81.2654,29.8547],[-81.2654,29.8526],[-81.2653,29.8523],[-81.2649,29.8453],[-81.2649,29.8447],[-81.2643,29.8394],[-81.2635,29.8329],[-81.2635,29.8327],[-81.2624,29.8221],[-81.2624,29.822],[-81.2622,29.8203],[-81.2621,29.8195],[-81.262,29.8187],[-81.2617,29.8157],[-81.2615,29.8144],[-81.2611,29.8106],[-81.2606,29.8063],[-81.2593,29.7998],[-81.2583,29.7945],[-81.2569,29.7891],[-81.2561,29.7861],[-81.2561,29.7859],[-81.2552,29.7822],[-81.2539,29.7769],[-81.2522,29.7723],[-81.2547,29.7714],[-81.2543,29.7707],[-81.2576,29.7691],[-81.2579,29.7688],[-81.2607,29.7717],[-81.2661,29.7757],[-81.271,29.7797],[-81.2755,29.7845],[-81.2757,29.7862],[-81.2736,29.794],[-81.2736,29.7958],[-81.2743,29.7974],[-81.2778,29.8043],[-81.2799,29.8065],[-81.2827,29.8079],[-81.2852,29.8083],[-81.2878,29.8089],[-81.2909,29.8123],[-81.2928,29.8153],[-81.2964,29.8238],[-81.3013,29.8296],[-81.3021,29.831],[-81.3026,29.8325],[-81.303,29.8324],[-81.3057,29.8313],[-81.3065,29.8308],[-81.3081,29.8302],[-81.3123,29.8302],[-81.313,29.8287],[-81.3144,29.8282],[-81.3172,29.8255],[-81.3156,29.8233],[-81.3194,29.8216],[-81.3224,29.8219],[-81.3235,29.8241],[-81.3255,29.8231],[-81.3254,29.8239],[-81.3286,29.8234],[-81.3289,29.8223],[-81.3263,29.821],[-81.327,29.8204],[-81.3285,29.8216],[-81.3301,29.8195],[-81.3334,29.8185],[-81.3362,29.8182],[-81.3359,29.8174],[-81.3378,29.8171],[-81.3379,29.8183],[-81.3397,29.8171],[-81.3416,29.8191],[-81.3404,29.8175],[-81.3423,29.8193],[-81.343,29.8208],[-81.3454,29.8211],[-81.3453,29.8224],[-81.3466,29.8223],[-81.3479,29.827],[-81.3493,29.8282],[-81.3509,29.832],[-81.3536,29.8346],[-81.3543,29.8362],[-81.3552,29.8406],[-81.3581,29.8456],[-81.361,29.8474],[-81.358,29.851],[-81.3509,29.8593],[-81.3441,29.8637],[-81.3515,29.8812],[-81.3526,29.8835],[-81.3544,29.8873],[-81.3583,29.8857],[-81.3597,29.8846],[-81.3669,29.8734],[-81.3673,29.8729],[-81.3678,29.8725],[-81.3834,29.8631],[-81.3861,29.8623],[-81.3951,29.8614],[-81.4121,29.9174],[-81.4142,29.9227],[-81.416,29.9251],[-81.4232,29.9329],[-81.4408,29.9521],[-81.4425,29.9542],[-81.445,29.958],[-81.4524,29.9702],[-81.4624,29.9867],[-81.482,30.0193],[-81.4957,30.0419],[-81.4966,30.044],[-81.497,30.0455],[-81.4983,30.0649],[-81.4988,30.0731],[-81.4988,30.0762],[-81.4979,30.0881],[-81.498,30.0917],[-81.4999,30.0987],[-81.5025,30.1025],[-81.5043,30.1043],[-81.5033,30.1044]]]}},{"type":"Feature","properties":{"geoid":"1202103","puma":"02103","name":"Collier County (East) PUMA"},"geometry":{"type":"Polygon","coordinates":[[[-81.7555,25.9573],[-81.7529,25.9612],[-81.7446,25.9701],[-81.7429,25.9706],[-81.7382,25.9718],[-81.7389,25.9737],[-81.7327,25.9752],[-81.729,25.9754],[-81.7241,25.9745],[-81.7188,25.9721],[-81.7174,25.9712],[-81.7156,25.9685],[-81.7098,25.9634],[-81.7085,25.9664],[-81.7076,25.9706],[-81.7029,25.9826],[-81.7025,25.9843],[-81.7023,25.9876],[-81.7019,25.9974],[-81.7014,26.0142],[-81.7012,26.0188],[-81.7011,26.021],[-81.701,26.0226],[-81.701,26.0246],[-81.7007,26.0325],[-81.7005,26.0357],[-81.7004,26.039],[-81.7,26.0476],[-81.6999,26.0501],[-81.6999,26.0503],[-81.6999,26.0525],[-81.6996,26.0589],[-81.6991,26.0631],[-81.703,26.0656],[-81.7074,26.0684],[-81.7106,26.0704],[-81.7166,26.0743],[-81.7203,26.0767],[-81.7237,26.0804],[-81.7289,26.0861],[-81.7366,26.0946],[-81.7355,26.0956],[-81.7346,26.095],[-81.7287,26.0953],[-81.7253,26.0948],[-81.7262,26.0961],[-81.7264,26.0966],[-81.7209,26.0977],[-81.7201,26.0987],[-81.7192,26.1005],[-81.7135,26.1045],[-81.7133,26.105],[-81.713,26.1062],[-81.7126,26.1075],[-81.7131,26.1091],[-81.7027,26.109],[-81.7013,26.1091],[-81.687,26.1097],[-81.687,26.117],[-81.6869,26.1217],[-81.6868,26.1285],[-81.6868,26.1301],[-81.6868,26.137],[-81.6867,26.1396],[-81.6864,26.1548],[-81.6866,26.1572],[-81.6866,26.1579],[-81.6866,26.1602],[-81.6866,26.1605],[-81.6868,26.1685],[-81.6868,26.1698],[-81.6868,26.1699],[-81.6868,26.1701],[-81.6871,26.1845],[-81.6872,26.1958],[-81.6872,26.1978],[-81.6872,26.1996],[-81.6874,26.2124],[-81.6876,26.2289],[-81.688,26.2439],[-81.6887,26.2585],[-81.6889,26.2613],[-81.6894,26.2731],[-81.6895,26.2738],[-81.6895,26.2806],[-81.6895,26.2844],[-81.69,26.3012],[-81.6905,26.3173],[-81.69,26.3173],[-81.6705,26.3175],[-81.6589,26.3175],[-81.6579,26.3176],[-81.6581,26.3324],[-81.6595,26.4211],[-81.6584,26.4211],[-81.5625,26.4226],[-81.5622,26.4226],[-81.5627,26.4544],[-81.5636,26.5052],[-81.5638,26.5133],[-81.4663,26.5138],[-81.4513,26.5155],[-81.4351,26.5156],[-81.3865,26.5161],[-81.3863,26.5161],[-81.2834,26.517],[-81.2718,26.5171],[-81.2718,26.4633],[-81.2721,26.4582],[-81.272,26.4579],[-81.2719,26.4226],[-81.2682,26.2531],[-81.1068,26.256],[-80.8797,26.2593],[-80.8791,26.1729],[-80.8791,26.1725],[-80.8727,26.0004],[-80.873,25.9996],[-80.8729,25.9794],[-80.8732,25.8062],[-80.8731,25.8054],[-81.2127,25.8039],[-81.2595,25.8042],[-81.2607,25.8041],[-81.2899,25.8037],[-81.2938,25.8038],[-81.3015,25.804],[-81.3214,25.8037],[-81.3249,25.8035],[-81.3442,25.8033],[-81.3748,25.8033],[-81.3792,25.8033],[-81.4526,25.8037],[-81.47,25.8036],[-81.464,25.8113],[-81.4647,25.812],[-81.4681,25.8152],[-81.4765,25.8172],[-81.4794,25.8213],[-81.4895,25.8221],[-81.4913,25.8248],[-81.493,25.8309],[-81.4996,25.8348],[-81.5052,25.8362],[-81.5115,25.8323],[-81.515,25.8386],[-81.5228,25.841],[-81.53,25.8386],[-81.5278,25.85],[-81.5303,25.8526],[-81.5342,25.8566],[-81.5424,25.8526],[-81.5479,25.8496],[-81.5525,25.8583],[-81.5613,25.8617],[-81.5644,25.8562],[-81.5694,25.8594],[-81.571,25.8624],[-81.5727,25.8656],[-81.5791,25.8649],[-81.5813,25.8708],[-81.5821,25.8746],[-81.5825,25.8767],[-81.5878,25.8794],[-81.5894,25.8806],[-81.593,25.8833],[-81.6029,25.8906],[-81.605,25.8921],[-81.6177,25.8913],[-81.6226,25.8907],[-81.6359,25.8986],[-81.6374,25.9017],[-81.6386,25.9054],[-81.6389,25.9054],[-81.6423,25.9054],[-81.6542,25.8959],[-81.6603,25.8901],[-81.6648,25.8856],[-81.6721,25.8818],[-81.6752,25.8765],[-81.6709,25.8718],[-81.6696,25.8664],[-81.6726,25.8567],[-81.6775,25.8504],[-81.6782,25.8462],[-81.6783,25.8453],[-81.6806,25.8453],[-81.6848,25.8472],[-81.6895,25.8527],[-81.7007,25.8738],[-81.7013,25.875],[-81.7129,25.8971],[-81.7132,25.8976],[-81.7133,25.8977],[-81.7161,25.9005],[-81.7163,25.9007],[-81.7163,25.9007],[-81.7165,25.9009],[-81.7177,25.902],[-81.7177,25.902],[-81.7178,25.905],[-81.7179,25.9072],[-81.718,25.9079],[-81.7227,25.9088],[-81.7282,25.9082],[-81.7286,25.9082],[-81.7295,25.9094],[-81.7293,25.9184],[-81.7299,25.9212],[-81.7318,25.9307],[-81.7319,25.9315],[-81.7346,25.9361],[-81.7389,25.9411],[-81.7455,25.9462],[-81.7531,25.9511],[-81.7534,25.9519],[-81.7555,25.9573]]]}},{"type":"Feature","properties":{"geoid":"1208103","puma":"08103","name":"Manatee County (South) PUMA"},"geometry":{"type":"Polygon","coordinates":[[[-82.6918,27.4375],[-82.6913,27.4417],[-82.6911,27.4437],[-82.6881,27.4446],[-82.6873,27.4455],[-82.68,27.4535],[-82.6713,27.4471],[-82.6671,27.4517],[-82.6658,27.4524],[-82.6641,27.4527],[-82.6614,27.4529],[-82.6561,27.4528],[-82.6541,27.4523],[-82.6522,27.4511],[-82.65,27.4505],[-82.6498,27.4505],[-82.6495,27.4503],[-82.6493,27.4501],[-82.649,27.45],[-82.6486,27.4499],[-82.6485,27.4616],[-82.6369,27.4623],[-82.6368,27.4488],[-82.6362,27.4481],[-82.6342,27.448],[-82.6286,27.448],[-82.6125,27.4479],[-82.6074,27.4479],[-82.5997,27.4478],[-82.5958,27.4478],[-82.5918,27.4478],[-82.5876,27.4478],[-82.5855,27.4478],[-82.582,27.4477],[-82.5815,27.4477],[-82.5754,27.4477],[-82.5688,27.4477],[-82.5672,27.4477],[-82.5652,27.4477],[-82.5635,27.4477],[-82.5629,27.4477],[-82.5628,27.4477],[-82.5612,27.4477],[-82.5599,27.4477],[-82.5549,27.4476],[-82.5549,27.4476],[-82.551,27.4477],[-82.5498,27.4476],[-82.5467,27.4477],[-82.5425,27.4475],[-82.542,27.4475],[-82.5415,27.4475],[-82.5412,27.4475],[-82.5302,27.4473],[-82.5161,27.4471],[-82.512,27.447],[-82.5106,27.4466],[-82.5092,27.4462],[-82.5083,27.4461],[-82.5056,27.4461],[-82.5055,27.4461],[-82.5013,27.4461],[-82.493,27.4463],[-82.4912,27.4463],[-82.4909,27.4463],[-82.487,27.4459],[-82.4851,27.4459],[-82.481,27.4459],[-82.4742,27.4457],[-82.4689,27.4441],[-82.4682,27.4438],[-82.4592,27.441],[-82.4592,27.4413],[-82.459,27.4571],[-82.4589,27.4616],[-82.459,27.4636],[-82.4593,27.4649],[-82.4679,27.4829],[-82.4718,27.4909],[-82.468,27.4904],[-82.465,27.4889],[-82.4616,27.487],[-82.4608,27.4867],[-82.4592,27.4862],[-82.4568,27.486],[-82.4486,27.4856],[-82.4436,27.4854],[-82.4358,27.4852],[-82.4338,27.4852],[-82.4324,27.4852],[-82.4271,27.485],[-82.4217,27.4842],[-82.4129,27.4841],[-82.413,27.4843],[-82.4107,27.4842],[-82.4087,27.4838],[-82.4072,27.4831],[-82.4069,27.4829],[-82.4055,27.4818],[-82.4024,27.4778],[-82.401,27.4766],[-82.3983,27.4757],[-82.3956,27.4757],[-82.3822,27.4756],[-82.3709,27.4755],[-82.3513,27.4753],[-82.3506,27.4753],[-82.3068,27.4745],[-82.3049,27.4747],[-82.3016,27.4756],[-82.299,27.4764],[-82.2964,27.4767],[-82.2789,27.4765],[-82.2753,27.4744],[-82.2703,27.4742],[-82.211,27.4736],[-82.2065,27.4732],[-82.2045,27.4725],[-82.1863,27.4628],[-82.1823,27.4609],[-82.1792,27.46],[-82.1752,27.4597],[-82.0882,27.4601],[-82.0865,27.4608],[-82.0729,27.4698],[-82.0721,27.4702],[-82.0706,27.4705],[-82.0612,27.4704],[-82.0596,27.4706],[-82.0555,27.4731],[-82.0558,27.3383],[-82.0562,27.292],[-82.0565,27.2754],[-82.0561,27.2497],[-82.0565,27.2078],[-82.1129,27.2082],[-82.1333,27.2082],[-82.2536,27.2089],[-82.2536,27.2105],[-82.2532,27.2878],[-82.2532,27.2899],[-82.2531,27.2905],[-82.253,27.2994],[-82.2531,27.3001],[-82.2528,27.3344],[-82.2526,27.3502],[-82.2526,27.3644],[-82.2523,27.3862],[-82.2682,27.3863],[-82.2999,27.3863],[-82.347,27.3865],[-82.3506,27.3865],[-82.3529,27.3865],[-82.3681,27.3866],[-82.3717,27.3866],[-82.375,27.3865],[-82.3927,27.3868],[-82.3981,27.3865],[-82.4167,27.3864],[-82.4169,27.3864],[-82.424,27.3864],[-82.4333,27.3863],[-82.4362,27.3864],[-82.4446,27.3861],[-82.4459,27.3862],[-82.4471,27.3861],[-82.4472,27.3886],[-82.4475,27.3886],[-82.4486,27.3886],[-82.449,27.3886],[-82.455,27.3887],[-82.4636,27.3882],[-82.4723,27.3883],[-82.4787,27.3883],[-82.4808,27.3883],[-82.4871,27.3884],[-82.5016,27.3884],[-82.5056,27.3889],[-82.5057,27.3889],[-82.5139,27.389],[-82.5221,27.3889],[-82.5242,27.3887],[-82.5291,27.3887],[-82.5302,27.3887],[-82.5316,27.3888],[-82.5426,27.389],[-82.5467,27.3891],[-82.5577,27.389],[-82.5593,27.389],[-82.5655,27.3891],[-82.5663,27.3891],[-82.5768,27.3892],[-82.5965,27.3893],[-82.6166,27.3895],[-82.6171,27.3895],[-82.6257,27.3896],[-82.6399,27.3897],[-82.6428,27.3897],[-82.6578,27.4085],[-82.6611,27.4126],[-82.6742,27.4236],[-82.6751,27.4243],[-82.6751,27.4243],[-82.6812,27.4284],[-82.6845,27.4306],[-82.6901,27.4344],[-82.6918,27.4372],[-82.6918,27.4375]]]}},{"type":"Feature","properties":{"geoid":"1209505","puma":"09505","name":"Orange County (Central)--Orlando City (East Downtown) & Azalea Park PUMA"},"geometry":{"type":"Polygon","coordinates":[[[-81.3973,28.5499],[-81.397,28.5507],[-81.396,28.5518],[-81.3957,28.5529],[-81.3954,28.553],[-81.3933,28.553],[-81.3891,28.553],[-81.3884,28.553],[-81.3877,28.553],[-81.3885,28.5567],[-81.3881,28.559],[-81.3893,28.561],[-81.3893,28.5639],[-81.3894,28.5666],[-81.3894,28.568],[-81.3895,28.5721],[-81.3896,28.582],[-81.3839,28.5821],[-81.3772,28.5822],[-81.3762,28.5822],[-81.3752,28.5822],[-81.375,28.5822],[-81.374,28.5823],[-81.3731,28.5823],[-81.3701,28.5823],[-81.3691,28.582],[-81.3699,28.5813],[-81.3706,28.5804],[-81.3712,28.5787],[-81.3713,28.5738],[-81.3717,28.5714],[-81.3691,28.5719],[-81.3645,28.5701],[-81.3645,28.5656],[-81.3605,28.5656],[-81.3564,28.5657],[-81.3551,28.5676],[-81.3523,28.5678],[-81.3518,28.5678],[-81.3466,28.5678],[-81.3461,28.5678],[-81.3398,28.5679],[-81.3391,28.5679],[-81.338,28.5679],[-81.3379,28.5679],[-81.3344,28.5679],[-81.3337,28.5679],[-81.3335,28.5609],[-81.3335,28.5608],[-81.3335,28.5575],[-81.3335,28.557],[-81.3334,28.5535],[-81.3273,28.5534],[-81.3251,28.5534],[-81.3222,28.5535],[-81.3209,28.5537],[-81.3141,28.5555],[-81.3107,28.5572],[-81.31,28.5577],[-81.3042,28.562],[-81.299,28.5652],[-81.2943,28.567],[-81.2902,28.5679],[-81.2862,28.5684],[-81.2859,28.5538],[-81.2859,28.5484],[-81.2859,28.5405],[-81.2859,28.5401],[-81.2859,28.5392],[-81.2857,28.5244],[-81.2857,28.5225],[-81.2868,28.5211],[-81.2893,28.5184],[-81.2898,28.5158],[-81.2895,28.5128],[-81.2856,28.5059],[-81.2854,28.5024],[-81.2854,28.5021],[-81.2853,28.499],[-81.2937,28.499],[-81.2953,28.499],[-81.2967,28.499],[-81.2973,28.499],[-81.304,28.499],[-81.3051,28.4989],[-81.3062,28.4989],[-81.3101,28.4989],[-81.3101,28.5058],[-81.3117,28.5058],[-81.3144,28.5062],[-81.3185,28.5061],[-81.3207,28.5061],[-81.3268,28.5061],[-81.3308,28.506],[-81.3309,28.5133],[-81.3332,28.5133],[-81.3361,28.5133],[-81.3372,28.5133],[-81.3392,28.5133],[-81.3415,28.5147],[-81.3434,28.5147],[-81.3436,28.5132],[-81.3475,28.5132],[-81.3475,28.5132],[-81.3516,28.5132],[-81.3576,28.5131],[-81.3599,28.5131],[-81.3623,28.5131],[-81.3629,28.5131],[-81.364,28.5131],[-81.3655,28.5131],[-81.3673,28.5131],[-81.3681,28.513],[-81.3702,28.513],[-81.3722,28.513],[-81.3763,28.5129],[-81.3805,28.5129],[-81.3837,28.5129],[-81.3844,28.5132],[-81.3849,28.514],[-81.3861,28.5147],[-81.3892,28.5147],[-81.3897,28.5147],[-81.3903,28.5147],[-81.3928,28.5129],[-81.396,28.5106],[-81.397,28.5101],[-81.3971,28.5118],[-81.397,28.5127],[-81.3971,28.52],[-81.3971,28.5209],[-81.3971,28.521],[-81.3971,28.5265],[-81.3971,28.5274],[-81.3971,28.5311],[-81.3972,28.5344],[-81.3973,28.5351],[-81.3972,28.5365],[-81.3972,28.5402],[-81.3973,28.542],[-81.3973,28.5439],[-81.3973,28.5499]]]}},{"type":"Feature","properties":{"geoid":"1209901","puma":"09901","name":"Palm Beach County (Northeast) PUMA"},"geometry":{"type":"Polygon","coordinates":[[[-80.3748,26.9584],[-80.3472,26.9582],[-80.3404,26.9582],[-80.3051,26.9579],[-80.2874,26.9578],[-80.2558,26.9573],[-80.2547,26.9571],[-80.2231,26.9569],[-80.1906,26.9567],[-80.1705,26.9566],[-80.1678,26.9566],[-80.1673,26.9566],[-80.1671,26.9566],[-80.1667,26.9566],[-80.1665,26.9566],[-80.1581,26.9566],[-80.1501,26.9566],[-80.142,26.9566],[-80.1419,26.9668],[-80.1419,26.9708],[-80.1418,26.9709],[-80.1418,26.9709],[-80.1397,26.9709],[-80.1357,26.9709],[-80.1263,26.9709],[-80.1257,26.9709],[-80.1211,26.9708],[-80.1104,26.9708],[-80.1101,26.9708],[-80.1089,26.9708],[-80.102,26.9707],[-80.1016,26.9707],[-80.1014,26.9707],[-80.1013,26.9707],[-80.1012,26.9707],[-80.1011,26.9707],[-80.0972,26.9706],[-80.0952,26.9706],[-80.0942,26.9706],[-80.0907,26.9705],[-80.0896,26.9705],[-80.0884,26.9705],[-80.0874,26.9705],[-80.0873,26.9705],[-80.0867,26.9706],[-80.0839,26.9706],[-80.0833,26.9705],[-80.0799,26.9705],[-80.0782,26.9646],[-80.0779,26.9633],[-80.0775,26.9619],[-80.0774,26.9616],[-80.0766,26.9589],[-80.0757,26.9564],[-80.0743,26.9525],[-80.074,26.9516],[-80.0728,26.9492],[-80.0713,26.9461],[-80.0706,26.9446],[-80.0708,26.9441],[-80.0711,26.9435],[-80.0714,26.9429],[-80.0711,26.9419],[-80.071,26.9413],[-80.0685,26.9331],[-80.0673,26.9276],[-80.0668,26.9252],[-80.0667,26.9248],[-80.0667,26.9248],[-80.0667,26.9248],[-80.0662,26.9231],[-80.0654,26.9205],[-80.0651,26.9195],[-80.0626,26.9116],[-80.0614,26.9076],[-80.0577,26.8964],[-80.0569,26.8939],[-80.0569,26.8938],[-80.0568,26.8937],[-80.0536,26.8838],[-80.0531,26.882],[-80.0508,26.8743],[-80.0487,26.8675],[-80.0485,26.8666],[-80.0464,26.8598],[-80.0463,26.8592],[-80.0462,26.8591],[-80.0555,26.8595],[-80.0562,26.8593],[-80.0563,26.8593],[-80.0573,26.856],[-80.0585,26.8525],[-80.0591,26.8508],[-80.0611,26.8448],[-80.0606,26.8441],[-80.061,26.8406],[-80.062,26.8407],[-80.0618,26.8396],[-80.0607,26.8371],[-80.0643,26.8372],[-80.0657,26.8372],[-80.066,26.839],[-80.0661,26.84],[-80.0661,26.8411],[-80.0665,26.8436],[-80.0664,26.8443],[-80.0665,26.8446],[-80.0721,26.8447],[-80.0764,26.8448],[-80.0826,26.8449],[-80.089,26.8451],[-80.0952,26.8439],[-80.0964,26.8488],[-80.0963,26.8534],[-80.0962,26.8561],[-80.0962,26.857],[-80.0961,26.8597],[-80.0959,26.8641],[-80.0958,26.868],[-80.0954,26.8829],[-80.1037,26.8829],[-80.1088,26.883],[-80.1228,26.8831],[-80.1268,26.8831],[-80.1271,26.8831],[-80.1287,26.8831],[-80.131,26.883],[-80.1316,26.8829],[-80.1443,26.8818],[-80.1436,26.8964],[-80.1442,26.8965],[-80.1442,26.8966],[-80.1473,26.8965],[-80.1759,26.897],[-80.176,26.897],[-80.1928,26.8979],[-80.2253,26.8977],[-80.2253,26.8904],[-80.2256,26.883],[-80.233,26.8831],[-80.2348,26.8684],[-80.2349,26.8654],[-80.2455,26.872],[-80.2461,26.8724],[-80.2496,26.8748],[-80.2644,26.8847],[-80.2767,26.8929],[-80.2779,26.8937],[-80.282,26.8964],[-80.2866,26.9012],[-80.2881,26.902],[-80.2907,26.9029],[-80.2931,26.9039],[-80.304,26.9111],[-80.3199,26.9217],[-80.3259,26.9257],[-80.3271,26.9265],[-80.3519,26.9431],[-80.3748,26.9584]]]}},{"type":"Feature","properties":{"geoid":"1205711","puma":"05711","name":"Hillsborough County (Central)--Progress Village, Gibsonton, Riverview PUMA"},"geometry":{"type":"MultiPolygon","coordinates":[[[[-82.4206,27.8465],[-82.4146,27.8484],[-82.406,27.85],[-82.4052,27.849],[-82.4056,27.848],[-82.4106,27.847],[-82.417,27.8458],[-82.4181,27.8442],[-82.4199,27.8436],[-82.4214,27.8446],[-82.4206,27.8465]]],[[[-82.4356,27.9046],[-82.4354,27.9043],[-82.4284,27.9097],[-82.4273,27.9106],[-82.4284,27.9281],[-82.4302,27.9307],[-82.4302,27.9323],[-82.4297,27.9323],[-82.4193,27.9239],[-82.4167,27.9231],[-82.4101,27.9231],[-82.4019,27.923],[-82.402,27.9221],[-82.4019,27.915],[-82.4018,27.901],[-82.3976,27.901],[-82.381,27.9009],[-82.3771,27.9009],[-82.3737,27.9008],[-82.371,27.8995],[-82.3687,27.8992],[-82.3686,27.9036],[-82.3686,27.9066],[-82.3686,27.9067],[-82.3686,27.9071],[-82.367,27.9078],[-82.3609,27.9078],[-82.3606,27.9009],[-82.3623,27.9009],[-82.3631,27.8992],[-82.3605,27.8992],[-82.3566,27.8991],[-82.3545,27.8991],[-82.3526,27.8985],[-82.352,27.8981],[-82.3515,27.8978],[-82.3482,27.8951],[-82.3465,27.8942],[-82.3428,27.8938],[-82.34,27.8939],[-82.338,27.8939],[-82.3347,27.8938],[-82.3308,27.8937],[-82.3185,27.8936],[-82.3103,27.8936],[-82.3026,27.8936],[-82.3023,27.8936],[-82.2996,27.8936],[-82.2991,27.8936],[-82.2991,27.893],[-82.3003,27.8911],[-82.3006,27.8908],[-82.3012,27.8888],[-82.3039,27.8884],[-82.3075,27.885],[-82.3077,27.8844],[-82.3053,27.8842],[-82.3028,27.8857],[-82.3021,27.8853],[-82.3009,27.8844],[-82.2992,27.8826],[-82.3001,27.8806],[-82.2988,27.879],[-82.2979,27.8785],[-82.2969,27.878],[-82.2934,27.8782],[-82.2911,27.875],[-82.2893,27.8741],[-82.2868,27.8715],[-82.2861,27.8708],[-82.2838,27.8683],[-82.2839,27.8678],[-82.2838,27.8674],[-82.284,27.8669],[-82.2846,27.8665],[-82.2847,27.8663],[-82.2837,27.8648],[-82.2834,27.8641],[-82.2824,27.8628],[-82.2817,27.8623],[-82.2782,27.8619],[-82.2768,27.8604],[-82.2767,27.8603],[-82.2758,27.8599],[-82.2748,27.8591],[-82.2734,27.8578],[-82.2698,27.8577],[-82.2693,27.8572],[-82.2693,27.8536],[-82.2741,27.8535],[-82.2994,27.8536],[-82.3022,27.8535],[-82.3145,27.8535],[-82.3145,27.8522],[-82.3144,27.8436],[-82.314,27.8432],[-82.3115,27.8405],[-82.3078,27.8353],[-82.3062,27.8329],[-82.3054,27.8318],[-82.3036,27.8292],[-82.2995,27.8234],[-82.2981,27.8215],[-82.2953,27.8181],[-82.2933,27.8141],[-82.2912,27.8096],[-82.2899,27.8068],[-82.2872,27.8013],[-82.2863,27.7994],[-82.2843,27.7959],[-82.2822,27.7924],[-82.2821,27.7922],[-82.2796,27.7873],[-82.2777,27.7819],[-82.2748,27.7727],[-82.2734,27.7696],[-82.2748,27.7703],[-82.2815,27.7702],[-82.3009,27.7702],[-82.3101,27.7701],[-82.3182,27.7701],[-82.3235,27.7701],[-82.3246,27.7701],[-82.3267,27.7701],[-82.3281,27.77],[-82.3288,27.77],[-82.3309,27.77],[-82.3316,27.77],[-82.3351,27.77],[-82.335,27.7731],[-82.335,27.7736],[-82.335,27.7775],[-82.335,27.7805],[-82.335,27.7841],[-82.3349,27.7886],[-82.3349,27.792],[-82.3473,27.7916],[-82.3569,27.7917],[-82.3773,27.7923],[-82.3844,27.7925],[-82.3995,27.7927],[-82.4007,27.7931],[-82.4008,27.7935],[-82.4121,27.7938],[-82.4118,27.794],[-82.4119,27.7974],[-82.412,27.7983],[-82.412,27.7992],[-82.4121,27.8018],[-82.4121,27.8021],[-82.4119,27.8059],[-82.4119,27.8059],[-82.4111,27.8085],[-82.4105,27.8107],[-82.4029,27.8121],[-82.4026,27.8122],[-82.4024,27.8123],[-82.4019,27.8126],[-82.3985,27.8142],[-82.3937,27.8141],[-82.392,27.8172],[-82.3859,27.8197],[-82.3859,27.8199],[-82.3861,27.8208],[-82.3862,27.8213],[-82.3866,27.8228],[-82.3869,27.824],[-82.3919,27.8239],[-82.3947,27.833],[-82.394,27.8355],[-82.3935,27.8372],[-82.3934,27.8375],[-82.3945,27.8415],[-82.3947,27.8422],[-82.3933,27.8436],[-82.3929,27.8442],[-82.3922,27.8455],[-82.3924,27.8461],[-82.3944,27.8458],[-82.3965,27.845],[-82.3969,27.8455],[-82.3973,27.8493],[-82.3975,27.8516],[-82.3975,27.8521],[-82.3978,27.8538],[-82.3981,27.8538],[-82.3989,27.8539],[-82.4023,27.854],[-82.4044,27.8578],[-82.4013,27.8608],[-82.4033,27.874],[-82.4016,27.8764],[-82.4017,27.8772],[-82.402,27.8792],[-82.4026,27.8826],[-82.4034,27.8837],[-82.4038,27.8843],[-82.404,27.8845],[-82.4106,27.8938],[-82.413,27.8972],[-82.4153,27.9004],[-82.4292,27.9003],[-82.4297,27.9003],[-82.4329,27.8988],[-82.4338,27.9004],[-82.4361,27.9043],[-82.4356,27.9046]]]]}},{"type":"Feature","properties":{"geoid":"1205702","puma":"05702","name":"Hillsborough County (Southwest)--Tampa City (South Central) PUMA"},"geometry":{"type":"Polygon","coordinates":[[[-82.5742,27.9758],[-82.5714,27.9817],[-82.5692,27.9843],[-82.5672,27.9826],[-82.565,27.9818],[-82.5642,27.9817],[-82.5627,27.9818],[-82.5587,27.9818],[-82.5506,27.9817],[-82.547,27.9817],[-82.5462,27.9817],[-82.5458,27.9891],[-82.5459,27.9964],[-82.5338,27.9962],[-82.5261,27.9962],[-82.5261,27.9969],[-82.5259,27.9998],[-82.5258,28.0108],[-82.5256,28.0255],[-82.5255,28.0333],[-82.5258,28.0363],[-82.5276,28.0373],[-82.5141,28.0367],[-82.5049,28.0363],[-82.5006,28.0361],[-82.4967,28.036],[-82.4924,28.0358],[-82.4891,28.0354],[-82.4853,28.0335],[-82.4842,28.0331],[-82.4842,28.0308],[-82.4842,28.0289],[-82.4843,28.0254],[-82.4843,28.0247],[-82.4843,28.0234],[-82.4843,28.0217],[-82.4843,28.0214],[-82.4843,28.018],[-82.4855,28.0157],[-82.4848,28.0124],[-82.4844,28.0107],[-82.4844,28.009],[-82.4844,28.0066],[-82.4844,28.0033],[-82.4844,28.002],[-82.4844,28.0014],[-82.4844,27.9997],[-82.4844,27.9983],[-82.4844,27.9961],[-82.4845,27.9924],[-82.4846,27.9896],[-82.4846,27.9888],[-82.4846,27.9876],[-82.4846,27.9864],[-82.4846,27.9841],[-82.4846,27.983],[-82.4847,27.9813],[-82.4784,27.9812],[-82.4766,27.9815],[-82.4759,27.9815],[-82.4759,27.9815],[-82.4755,27.9815],[-82.4776,27.9784],[-82.481,27.9751],[-82.4816,27.973],[-82.4809,27.9706],[-82.4801,27.97],[-82.4774,27.969],[-82.4753,27.9668],[-82.4743,27.9669],[-82.4677,27.9669],[-82.4595,27.9669],[-82.4543,27.9669],[-82.4534,27.9669],[-82.4527,27.9649],[-82.4512,27.9652],[-82.4456,27.9651],[-82.4442,27.965],[-82.4429,27.965],[-82.438,27.9654],[-82.4348,27.9655],[-82.4306,27.9654],[-82.4265,27.9655],[-82.4248,27.9656],[-82.4241,27.9655],[-82.4182,27.9654],[-82.4141,27.9654],[-82.4091,27.9655],[-82.406,27.9663],[-82.4043,27.9652],[-82.4018,27.9651],[-82.4016,27.9668],[-82.3997,27.9668],[-82.3853,27.9668],[-82.373,27.9667],[-82.3699,27.9668],[-82.3672,27.9664],[-82.3672,27.9654],[-82.3673,27.9612],[-82.369,27.957],[-82.3701,27.9524],[-82.3705,27.9511],[-82.371,27.9505],[-82.3712,27.9503],[-82.3743,27.9485],[-82.3755,27.9486],[-82.3771,27.9459],[-82.378,27.9451],[-82.3793,27.945],[-82.3831,27.9466],[-82.3854,27.9483],[-82.3855,27.9411],[-82.3854,27.9371],[-82.3851,27.9365],[-82.385,27.9347],[-82.385,27.9335],[-82.3851,27.9228],[-82.4019,27.923],[-82.4101,27.9231],[-82.4167,27.9231],[-82.4193,27.9239],[-82.4297,27.9323],[-82.4302,27.9323],[-82.4302,27.9307],[-82.4284,27.9281],[-82.4273,27.9106],[-82.4284,27.9097],[-82.4354,27.9043],[-82.4356,27.9046],[-82.4361,27.9043],[-82.4424,27.9153],[-82.4425,27.9153],[-82.4439,27.9155],[-82.4479,27.923],[-82.4483,27.9236],[-82.4523,27.9311],[-82.4554,27.9367],[-82.4568,27.9394],[-82.4582,27.9413],[-82.4587,27.943],[-82.4588,27.9432],[-82.4594,27.9447],[-82.4608,27.9467],[-82.465,27.9501],[-82.465,27.9502],[-82.4652,27.9511],[-82.465,27.9545],[-82.4647,27.9564],[-82.4649,27.9563],[-82.4666,27.9561],[-82.4684,27.9561],[-82.4725,27.9561],[-82.4767,27.9561],[-82.485,27.9562],[-82.4932,27.9562],[-82.4971,27.9562],[-82.501,27.9562],[-82.5015,27.9562],[-82.504,27.9558],[-82.5056,27.955],[-82.5106,27.9522],[-82.5136,27.951],[-82.52,27.9508],[-82.5233,27.9506],[-82.5242,27.9504],[-82.5314,27.9478],[-82.5375,27.9456],[-82.5446,27.9431],[-82.5447,27.9437],[-82.5405,27.947],[-82.5412,27.949],[-82.5425,27.9494],[-82.5438,27.9498],[-82.5456,27.9503],[-82.5457,27.9523],[-82.5448,27.9526],[-82.5437,27.953],[-82.5439,27.9544],[-82.5442,27.9562],[-82.5471,27.9593],[-82.549,27.9616],[-82.5491,27.9616],[-82.5492,27.9617],[-82.5516,27.9644],[-82.5539,27.967],[-82.5554,27.967],[-82.562,27.9671],[-82.5621,27.9671],[-82.5655,27.9671],[-82.5673,27.964],[-82.5689,27.9614],[-82.5708,27.9621],[-82.5734,27.963],[-82.5712,27.9682],[-82.5711,27.9684],[-82.5703,27.9704],[-82.5702,27.9704],[-82.5663,27.9725],[-82.5666,27.9729],[-82.5669,27.9733],[-82.5674,27.9739],[-82.5686,27.9755],[-82.5697,27.9754],[-82.5728,27.975],[-82.5728,27.975],[-82.575,27.9758],[-82.5742,27.9758]]]}},{"type":"Feature","properties":{"geoid":"1209903","puma":"09903","name":"Palm Beach County (East)--West Palm Beach City (Southeast) & Palm Beach Town PUMA"},"geometry":{"type":"Polygon","coordinates":[[[-80.161,26.6868],[-80.156,26.6922],[-80.1474,26.7011],[-80.141,26.7077],[-80.1385,26.7112],[-80.1367,26.7155],[-80.1359,26.7185],[-80.1356,26.7221],[-80.1349,26.7365],[-80.1343,26.7517],[-80.134,26.7585],[-80.1339,26.76],[-80.1333,26.7602],[-80.1319,26.7605],[-80.1247,26.7603],[-80.1245,26.7603],[-80.1167,26.7601],[-80.1114,26.7599],[-80.1105,26.7598],[-80.1086,26.7597],[-80.091,26.759],[-80.0932,26.7646],[-80.0852,26.7643],[-80.0837,26.7643],[-80.078,26.7641],[-80.0715,26.7639],[-80.0675,26.7637],[-80.0593,26.7635],[-80.0552,26.7634],[-80.0523,26.7633],[-80.0491,26.7633],[-80.0494,26.7693],[-80.0487,26.7692],[-80.0405,26.7719],[-80.0358,26.7731],[-80.0375,26.7663],[-80.0363,26.7553],[-80.0362,26.7539],[-80.0357,26.7493],[-80.0348,26.7365],[-80.0349,26.7279],[-80.0347,26.7256],[-80.0345,26.7219],[-80.0344,26.7211],[-80.034,26.719],[-80.0332,26.7148],[-80.0331,26.7117],[-80.0331,26.7076],[-80.0331,26.7008],[-80.0331,26.7007],[-80.0338,26.6897],[-80.0346,26.6864],[-80.0358,26.676],[-80.0358,26.6745],[-80.0359,26.673],[-80.0359,26.6729],[-80.0362,26.6653],[-80.0366,26.6544],[-80.0369,26.647],[-80.037,26.646],[-80.0368,26.6344],[-80.0367,26.6305],[-80.0365,26.6243],[-80.0361,26.6155],[-80.0361,26.6153],[-80.0375,26.6153],[-80.0387,26.6151],[-80.0439,26.6154],[-80.0437,26.6158],[-80.0432,26.6345],[-80.0429,26.6444],[-80.0523,26.6446],[-80.0563,26.6447],[-80.0588,26.6448],[-80.0637,26.6449],[-80.066,26.645],[-80.0665,26.6456],[-80.0683,26.646],[-80.0691,26.6462],[-80.069,26.6465],[-80.0688,26.6483],[-80.0704,26.6553],[-80.0712,26.6585],[-80.0721,26.6615],[-80.0718,26.666],[-80.0712,26.6724],[-80.0709,26.6761],[-80.0712,26.6761],[-80.0751,26.6762],[-80.079,26.6764],[-80.0815,26.6766],[-80.0825,26.6768],[-80.1002,26.6774],[-80.1038,26.6774],[-80.1081,26.6778],[-80.112,26.678],[-80.1124,26.678],[-80.1203,26.6782],[-80.1286,26.6781],[-80.1369,26.6783],[-80.1452,26.6788],[-80.1493,26.6786],[-80.1663,26.6792],[-80.161,26.6868]]]}},{"type":"Feature","properties":{"geoid":"1201117","puma":"01117","name":"Broward County (West) Weston, Sunrise (S), Davie (W) Cities & Southwest Ranches Town PUMA"},"geometry":{"type":"Polygon","coordinates":[[[-80.4497,26.1418],[-80.4476,26.1446],[-80.4469,26.1455],[-80.4464,26.1461],[-80.4442,26.149],[-80.443,26.1493],[-80.4427,26.1493],[-80.442,26.1465],[-80.4414,26.1458],[-80.4411,26.1457],[-80.4374,26.1444],[-80.4194,26.1401],[-80.4144,26.1389],[-80.4057,26.1368],[-80.4006,26.1355],[-80.3863,26.1321],[-80.3686,26.1279],[-80.3686,26.1281],[-80.3685,26.1282],[-80.3684,26.1287],[-80.3667,26.1283],[-80.3661,26.1281],[-80.3658,26.1281],[-80.3626,26.1273],[-80.36,26.1266],[-80.3601,26.1264],[-80.3463,26.1231],[-80.3451,26.1228],[-80.3302,26.1192],[-80.3302,26.1143],[-80.3302,26.113],[-80.3301,26.1105],[-80.3301,26.1095],[-80.3302,26.1022],[-80.3303,26.0877],[-80.3138,26.0877],[-80.314,26.0767],[-80.3143,26.0736],[-80.3138,26.0684],[-80.3136,26.0638],[-80.3136,26.0633],[-80.3137,26.0627],[-80.3135,26.0587],[-80.3134,26.0559],[-80.3133,26.0534],[-80.3132,26.0487],[-80.3131,26.0445],[-80.3131,26.0441],[-80.3129,26.039],[-80.3128,26.0368],[-80.3128,26.0352],[-80.3453,26.0354],[-80.3473,26.0356],[-80.3522,26.0356],[-80.3531,26.0356],[-80.3573,26.0354],[-80.3613,26.0354],[-80.3612,26.0349],[-80.3693,26.0349],[-80.3694,26.0355],[-80.3775,26.0355],[-80.3955,26.0353],[-80.4016,26.0354],[-80.4096,26.0354],[-80.4134,26.0354],[-80.4136,26.0354],[-80.4176,26.0354],[-80.4204,26.0354],[-80.4332,26.0353],[-80.4337,26.0352],[-80.4417,26.0352],[-80.442,26.0442],[-80.442,26.0611],[-80.442,26.0615],[-80.442,26.0619],[-80.4433,26.1129],[-80.4498,26.1407],[-80.4497,26.1418]]]}},{"type":"Feature","properties":{"geoid":"1211101","puma":"11101","name":"St. Lucie County (North) PUMA"},"geometry":{"type":"Polygon","coordinates":[[[-80.6798,27.5585],[-80.5784,27.5585],[-80.5294,27.5583],[-80.5257,27.5587],[-80.5171,27.5585],[-80.4808,27.5581],[-80.4804,27.5581],[-80.4779,27.558],[-80.464,27.558],[-80.4475,27.5578],[-80.4146,27.5575],[-80.398,27.5575],[-80.3979,27.5576],[-80.3901,27.5575],[-80.3763,27.5576],[-80.3739,27.5573],[-80.3699,27.5573],[-80.369,27.5573],[-80.3689,27.5573],[-80.3684,27.5573],[-80.368,27.5573],[-80.3484,27.5572],[-80.3482,27.5572],[-80.3327,27.5573],[-80.3232,27.5573],[-80.3216,27.5574],[-80.3194,27.55],[-80.3117,27.5253],[-80.3006,27.5006],[-80.2978,27.4915],[-80.2963,27.486],[-80.2932,27.4787],[-80.2907,27.4743],[-80.2912,27.4732],[-80.2914,27.4731],[-80.296,27.4721],[-80.2966,27.471],[-80.2964,27.4707],[-80.2958,27.4699],[-80.2957,27.4698],[-80.2914,27.4703],[-80.2907,27.4698],[-80.2907,27.4697],[-80.2906,27.4665],[-80.2871,27.4578],[-80.2827,27.4472],[-80.2805,27.4417],[-80.2784,27.4359],[-80.2771,27.4335],[-80.2702,27.4156],[-80.2615,27.3944],[-80.2537,27.3798],[-80.2372,27.3484],[-80.2335,27.3413],[-80.233,27.3385],[-80.2317,27.3349],[-80.2279,27.3257],[-80.2268,27.3227],[-80.2211,27.3101],[-80.2197,27.3071],[-80.2091,27.2832],[-80.2038,27.2723],[-80.1994,27.263],[-80.1996,27.2632],[-80.1998,27.2635],[-80.2012,27.263],[-80.2098,27.2631],[-80.2106,27.2631],[-80.224,27.263],[-80.2337,27.2631],[-80.2443,27.263],[-80.2548,27.2633],[-80.2661,27.2635],[-80.2831,27.2638],[-80.2839,27.2637],[-80.2849,27.2657],[-80.285,27.2658],[-80.288,27.2711],[-80.2883,27.2711],[-80.2894,27.273],[-80.2946,27.282],[-80.2976,27.2872],[-80.304,27.2981],[-80.3073,27.3038],[-80.3082,27.3053],[-80.3101,27.3086],[-80.3113,27.3107],[-80.312,27.3118],[-80.3145,27.316],[-80.319,27.3238],[-80.3204,27.326],[-80.3209,27.327],[-80.3254,27.3342],[-80.326,27.3378],[-80.326,27.3503],[-80.326,27.3523],[-80.3259,27.3619],[-80.326,27.3667],[-80.326,27.367],[-80.326,27.3742],[-80.3258,27.3765],[-80.3259,27.3769],[-80.3259,27.383],[-80.3258,27.3841],[-80.3258,27.3851],[-80.3258,27.387],[-80.3258,27.3873],[-80.3257,27.3888],[-80.3257,27.3913],[-80.3256,27.3969],[-80.3256,27.397],[-80.3257,27.3977],[-80.3257,27.3978],[-80.3257,27.3985],[-80.3258,27.4],[-80.3258,27.4003],[-80.3258,27.4007],[-80.3258,27.401],[-80.3258,27.4012],[-80.3258,27.4022],[-80.3259,27.4032],[-80.3259,27.4036],[-80.3259,27.4037],[-80.3259,27.4047],[-80.3259,27.4059],[-80.3259,27.4062],[-80.3259,27.4079],[-80.3259,27.4089],[-80.3259,27.4107],[-80.3319,27.4108],[-80.3337,27.4108],[-80.3375,27.4109],[-80.3416,27.4109],[-80.3425,27.411],[-80.3427,27.411],[-80.3416,27.413],[-80.3346,27.4254],[-80.3371,27.4255],[-80.3475,27.4259],[-80.3504,27.4257],[-80.3524,27.4256],[-80.3585,27.4256],[-80.3585,27.4264],[-80.3584,27.4304],[-80.3583,27.4312],[-80.3583,27.4313],[-80.3583,27.4337],[-80.3582,27.4375],[-80.3581,27.4384],[-80.3581,27.4401],[-80.3581,27.4439],[-80.3581,27.4458],[-80.3581,27.4475],[-80.3586,27.4485],[-80.3588,27.4488],[-80.3591,27.4494],[-80.3592,27.4496],[-80.3581,27.45],[-80.3581,27.453],[-80.358,27.4657],[-80.3538,27.4657],[-80.3497,27.4657],[-80.3496,27.4685],[-80.3496,27.4688],[-80.3496,27.4691],[-80.3496,27.4717],[-80.3496,27.475],[-80.3495,27.4766],[-80.3495,27.4773],[-80.3497,27.4786],[-80.3501,27.4817],[-80.3501,27.484],[-80.358,27.484],[-80.3733,27.484],[-80.3824,27.484],[-80.3827,27.484],[-80.3906,27.4842],[-80.3987,27.4843],[-80.3987,27.4842],[-80.4155,27.4843],[-80.4197,27.4845],[-80.4199,27.4703],[-80.4199,27.4701],[-80.4275,27.4701],[-80.443,27.4702],[-80.4433,27.4702],[-80.4429,27.4699],[-80.4342,27.4614],[-80.4325,27.4596],[-80.4298,27.4551],[-80.4274,27.4475],[-80.4263,27.4439],[-80.4253,27.4416],[-80.4237,27.4391],[-80.4042,27.4159],[-80.402,27.4124],[-80.4,27.4075],[-80.3989,27.4046],[-80.3984,27.4037],[-80.3945,27.3957],[-80.3943,27.3954],[-80.3903,27.3871],[-80.3866,27.3795],[-80.3873,27.3789],[-80.3926,27.3744],[-80.4025,27.3657],[-80.4139,27.3556],[-80.4143,27.3552],[-80.4255,27.3451],[-80.43,27.3412],[-80.4335,27.3381],[-80.4384,27.3336],[-80.4403,27.3319],[-80.4419,27.3305],[-80.445,27.3277],[-80.4503,27.323],[-80.4531,27.3206],[-80.4533,27.3204],[-80.4535,27.3202],[-80.4536,27.3201],[-80.4641,27.3106],[-80.4813,27.2949],[-80.4813,27.2944],[-80.4814,27.2861],[-80.4814,27.2797],[-80.4811,27.2716],[-80.4812,27.2545],[-80.4813,27.2369],[-80.4813,27.2351],[-80.4814,27.2064],[-80.578,27.2061],[-80.5788,27.206],[-80.5805,27.206],[-80.6779,27.206],[-80.678,27.2445],[-80.6783,27.2503],[-80.6787,27.294],[-80.6777,27.2941],[-80.6778,27.3021],[-80.678,27.3526],[-80.6786,27.4486],[-80.6793,27.4557],[-80.679,27.4718],[-80.6795,27.4989],[-80.6797,27.5008],[-80.6797,27.5576],[-80.6798,27.5585]]]}},{"type":"Feature","properties":{"geoid":"1201109","puma":"01109","name":"Broward County (Southeast)--Hollywood (North) & Dania Beach Cities PUMA"},"geometry":{"type":"Polygon","coordinates":[[[-80.2488,26.03],[-80.2487,26.0312],[-80.2485,26.033],[-80.2477,26.0332],[-80.2427,26.0358],[-80.2394,26.0372],[-80.2387,26.0375],[-80.2374,26.0381],[-80.2368,26.0387],[-80.2329,26.0423],[-80.2318,26.0439],[-80.2315,26.0459],[-80.2315,26.0461],[-80.2249,26.0463],[-80.2235,26.0463],[-80.2241,26.0653],[-80.2241,26.0656],[-80.2158,26.0658],[-80.2153,26.0658],[-80.2153,26.0656],[-80.2133,26.0651],[-80.2111,26.063],[-80.2078,26.0629],[-80.2079,26.0662],[-80.2078,26.0679],[-80.2067,26.0717],[-80.2066,26.072],[-80.2056,26.0753],[-80.2029,26.0853],[-80.202,26.0881],[-80.2017,26.088],[-80.2008,26.0878],[-80.1936,26.0854],[-80.1916,26.0863],[-80.1904,26.087],[-80.189,26.0872],[-80.1888,26.0872],[-80.1884,26.0873],[-80.1858,26.0878],[-80.1847,26.0877],[-80.1839,26.0877],[-80.1813,26.0892],[-80.1785,26.0911],[-80.176,26.0914],[-80.1756,26.0914],[-80.1751,26.0914],[-80.1734,26.0945],[-80.1708,26.095],[-80.1693,26.0963],[-80.1689,26.0966],[-80.1671,26.0988],[-80.1655,26.0987],[-80.1615,26.0991],[-80.161,26.0962],[-80.1609,26.0926],[-80.1609,26.0904],[-80.1529,26.0924],[-80.1527,26.0816],[-80.1527,26.0815],[-80.1527,26.0813],[-80.1455,26.0813],[-80.1404,26.0813],[-80.1397,26.0812],[-80.1393,26.0811],[-80.1386,26.0811],[-80.1343,26.0803],[-80.1345,26.0813],[-80.1363,26.0891],[-80.1364,26.09],[-80.1356,26.0928],[-80.1177,26.0932],[-80.1068,26.0933],[-80.108,26.0922],[-80.1088,26.0901],[-80.109,26.0873],[-80.1091,26.081],[-80.1102,26.0726],[-80.1106,26.0683],[-80.1111,26.0592],[-80.1111,26.0584],[-80.1111,26.0583],[-80.1115,26.0552],[-80.1115,26.0549],[-80.1115,26.0548],[-80.1118,26.0529],[-80.1125,26.0474],[-80.1125,26.0473],[-80.1135,26.0331],[-80.1141,26.0252],[-80.1144,26.0218],[-80.115,26.0134],[-80.1174,26.0136],[-80.1175,26.0122],[-80.1183,26.0122],[-80.1303,26.0119],[-80.1351,26.0118],[-80.1406,26.0116],[-80.1411,26.0125],[-80.1411,26.0135],[-80.1431,26.0134],[-80.145,26.0134],[-80.1491,26.0133],[-80.1494,26.0135],[-80.1493,26.0114],[-80.1545,26.0113],[-80.1577,26.0112],[-80.158,26.0113],[-80.1592,26.0122],[-80.1603,26.0113],[-80.1677,26.011],[-80.1678,26.0184],[-80.168,26.0258],[-80.1721,26.0257],[-80.1751,26.0256],[-80.1772,26.0255],[-80.1775,26.0248],[-80.178,26.0244],[-80.1789,26.0242],[-80.1805,26.0241],[-80.182,26.0244],[-80.1823,26.0247],[-80.1826,26.0254],[-80.184,26.0254],[-80.1899,26.0253],[-80.1971,26.0251],[-80.2001,26.0251],[-80.2082,26.0249],[-80.213,26.0248],[-80.2203,26.0246],[-80.2239,26.0245],[-80.2243,26.0245],[-80.2323,26.0242],[-80.2403,26.024],[-80.2486,26.0237],[-80.2488,26.0282],[-80.2488,26.03]]]}},{"type":"Feature","properties":{"geoid":"1201116","puma":"01116","name":"Broward County (East Central)--Wilton Manors, Fort Lauderdale (North), Oakland Park PUMA"},"geometry":{"type":"Polygon","coordinates":[[[-80.204,26.2],[-80.2023,26.202],[-80.2015,26.2029],[-80.2007,26.2039],[-80.1956,26.2099],[-80.1883,26.2185],[-80.1882,26.2097],[-80.1834,26.2091],[-80.1816,26.2092],[-80.1763,26.2093],[-80.1718,26.2099],[-80.1639,26.2103],[-80.1559,26.2107],[-80.1559,26.2109],[-80.1482,26.2109],[-80.148,26.2119],[-80.148,26.2119],[-80.1394,26.2093],[-80.1385,26.2091],[-80.1382,26.209],[-80.1376,26.2088],[-80.1345,26.206],[-80.1324,26.206],[-80.1315,26.2061],[-80.1299,26.2061],[-80.1231,26.2084],[-80.1226,26.2084],[-80.1209,26.2086],[-80.12,26.2106],[-80.1146,26.2108],[-80.1101,26.2109],[-80.1101,26.2097],[-80.1074,26.2098],[-80.1042,26.2098],[-80.1042,26.2117],[-80.0983,26.2118],[-80.0983,26.2118],[-80.099,26.209],[-80.1001,26.2047],[-80.0998,26.2047],[-80.0998,26.2044],[-80.0947,26.2045],[-80.0946,26.2049],[-80.0929,26.2049],[-80.0933,26.202],[-80.0933,26.2018],[-80.0934,26.2016],[-80.0934,26.2014],[-80.0939,26.1978],[-80.0943,26.1947],[-80.0949,26.1898],[-80.095,26.1897],[-80.0959,26.1823],[-80.096,26.1818],[-80.0961,26.1807],[-80.0968,26.1761],[-80.0972,26.1726],[-80.0979,26.1676],[-80.098,26.1665],[-80.098,26.1664],[-80.0993,26.1592],[-80.0996,26.1576],[-80.1001,26.1551],[-80.1006,26.1521],[-80.1012,26.1484],[-80.1014,26.1478],[-80.1026,26.1381],[-80.1082,26.138],[-80.1087,26.135],[-80.1091,26.134],[-80.1099,26.1319],[-80.1097,26.1282],[-80.1122,26.1283],[-80.113,26.129],[-80.1131,26.1313],[-80.1176,26.1325],[-80.1185,26.1341],[-80.1186,26.1364],[-80.1181,26.1377],[-80.1184,26.1377],[-80.1204,26.1372],[-80.1221,26.1373],[-80.123,26.1374],[-80.1258,26.1373],[-80.1287,26.1372],[-80.1316,26.1371],[-80.1355,26.137],[-80.1362,26.137],[-80.1363,26.137],[-80.1383,26.1369],[-80.1386,26.1369],[-80.1366,26.139],[-80.1333,26.1425],[-80.1317,26.1425],[-80.1288,26.1426],[-80.126,26.1427],[-80.1202,26.1428],[-80.1202,26.1446],[-80.1202,26.1465],[-80.1199,26.1487],[-80.119,26.1524],[-80.1175,26.1574],[-80.1183,26.1579],[-80.1201,26.1548],[-80.1213,26.1556],[-80.1221,26.1544],[-80.128,26.1543],[-80.1292,26.1533],[-80.131,26.1529],[-80.1322,26.1538],[-80.1326,26.1536],[-80.1364,26.1514],[-80.1408,26.1512],[-80.1423,26.1509],[-80.1445,26.1511],[-80.146,26.1512],[-80.1475,26.1518],[-80.1481,26.1521],[-80.1508,26.154],[-80.1528,26.1546],[-80.1544,26.1558],[-80.155,26.1565],[-80.1602,26.164],[-80.1619,26.1623],[-80.1619,26.1623],[-80.1624,26.1625],[-80.1626,26.1631],[-80.1614,26.166],[-80.1619,26.166],[-80.162,26.1658],[-80.1652,26.1585],[-80.1668,26.1549],[-80.1684,26.1513],[-80.1685,26.1513],[-80.1706,26.1513],[-80.1828,26.1509],[-80.1869,26.1508],[-80.187,26.1526],[-80.187,26.1553],[-80.187,26.158],[-80.1869,26.1617],[-80.1869,26.1654],[-80.1871,26.1654],[-80.1872,26.1714],[-80.1872,26.1729],[-80.1872,26.173],[-80.1872,26.1739],[-80.1873,26.1795],[-80.1873,26.1804],[-80.1933,26.1803],[-80.1955,26.1803],[-80.1963,26.1803],[-80.2034,26.1803],[-80.2036,26.1803],[-80.2036,26.183],[-80.2037,26.184],[-80.2037,26.185],[-80.2037,26.1865],[-80.2037,26.1867],[-80.2038,26.1878],[-80.2038,26.1939],[-80.2039,26.1953],[-80.204,26.2]]]}},{"type":"Feature","properties":{"geoid":"1210101","puma":"10101","name":"Pasco County (East Central) PUMA"},"geometry":{"type":"Polygon","coordinates":[[[-82.5204,28.3144],[-82.5178,28.3245],[-82.517,28.3302],[-82.5185,28.3377],[-82.5183,28.34],[-82.5175,28.3417],[-82.5133,28.349],[-82.5125,28.3499],[-82.5074,28.3539],[-82.5048,28.3558],[-82.4992,28.3609],[-82.4944,28.3666],[-82.4916,28.3707],[-82.489,28.3753],[-82.4839,28.3854],[-82.48,28.3948],[-82.4701,28.4118],[-82.4627,28.4265],[-82.4597,28.4326],[-82.4592,28.4337],[-82.4529,28.4338],[-82.4024,28.434],[-82.3872,28.4341],[-82.3708,28.4341],[-82.3203,28.4348],[-82.3194,28.4349],[-82.3028,28.4349],[-82.2812,28.4348],[-82.2698,28.4348],[-82.2534,28.4348],[-82.2533,28.4568],[-82.2533,28.4785],[-82.2519,28.4788],[-82.2066,28.4786],[-82.2041,28.4787],[-82.2003,28.4785],[-82.1993,28.4785],[-82.196,28.4785],[-82.1783,28.4785],[-82.1626,28.4784],[-82.1552,28.4784],[-82.1528,28.4784],[-82.1479,28.4784],[-82.0547,28.4784],[-82.0548,28.4587],[-82.0553,28.3906],[-82.0555,28.3457],[-82.0558,28.3128],[-82.0558,28.3057],[-82.0559,28.3021],[-82.0555,28.295],[-82.0555,28.2589],[-82.0626,28.2591],[-82.0756,28.2592],[-82.0967,28.2593],[-82.1055,28.2592],[-82.1062,28.2592],[-82.1062,28.2242],[-82.1058,28.2155],[-82.1059,28.1973],[-82.1189,28.1972],[-82.12,28.1995],[-82.1216,28.2016],[-82.1232,28.2032],[-82.1263,28.205],[-82.128,28.2066],[-82.1292,28.2066],[-82.1295,28.2046],[-82.1323,28.2035],[-82.134,28.2012],[-82.1395,28.2002],[-82.1441,28.1984],[-82.1456,28.1994],[-82.1465,28.1964],[-82.1484,28.1954],[-82.1506,28.1989],[-82.152,28.198],[-82.15,28.2008],[-82.1501,28.2041],[-82.1516,28.2068],[-82.1516,28.2068],[-82.1515,28.2104],[-82.1514,28.213],[-82.155,28.2177],[-82.1551,28.2192],[-82.1611,28.2192],[-82.1641,28.2203],[-82.1679,28.2232],[-82.1715,28.2229],[-82.172,28.2228],[-82.1723,28.2205],[-82.1715,28.2158],[-82.1714,28.2155],[-82.1715,28.2155],[-82.1794,28.2154],[-82.1799,28.2154],[-82.1842,28.2154],[-82.1863,28.2164],[-82.1883,28.2159],[-82.1883,28.2154],[-82.1888,28.2154],[-82.1925,28.2154],[-82.1961,28.2154],[-82.1966,28.2154],[-82.2049,28.2154],[-82.2048,28.2081],[-82.2131,28.208],[-82.2132,28.2181],[-82.2132,28.2227],[-82.2133,28.2299],[-82.2174,28.2299],[-82.2246,28.2298],[-82.2268,28.229],[-82.2294,28.2273],[-82.2338,28.2245],[-82.2417,28.2194],[-82.2435,28.2188],[-82.2462,28.2188],[-82.2583,28.2187],[-82.2669,28.2198],[-82.274,28.2208],[-82.2758,28.2214],[-82.2789,28.2231],[-82.2794,28.2234],[-82.2879,28.228],[-82.293,28.2302],[-82.2955,28.2312],[-82.297,28.2319],[-82.2997,28.233],[-82.3009,28.2335],[-82.304,28.2349],[-82.3083,28.2388],[-82.3107,28.2402],[-82.3126,28.2405],[-82.3133,28.2405],[-82.3161,28.2405],[-82.3244,28.2405],[-82.3325,28.2404],[-82.3338,28.2403],[-82.3365,28.24],[-82.3497,28.2364],[-82.3516,28.2364],[-82.3542,28.2369],[-82.3546,28.237],[-82.3575,28.2375],[-82.3643,28.2384],[-82.3665,28.238],[-82.3674,28.2374],[-82.3694,28.2353],[-82.3695,28.2351],[-82.3724,28.2377],[-82.3748,28.2376],[-82.3772,28.2367],[-82.3843,28.2364],[-82.3846,28.2362],[-82.3894,28.2353],[-82.3922,28.2352],[-82.3964,28.2346],[-82.3987,28.2355],[-82.4035,28.2362],[-82.4092,28.2371],[-82.4128,28.2383],[-82.4128,28.2401],[-82.4174,28.2369],[-82.4191,28.2345],[-82.4226,28.2329],[-82.4256,28.2307],[-82.4258,28.2289],[-82.4329,28.2289],[-82.4355,28.2295],[-82.4369,28.2293],[-82.4377,28.2293],[-82.4385,28.2293],[-82.4438,28.226],[-82.4483,28.2239],[-82.4497,28.2252],[-82.4569,28.2267],[-82.4578,28.2267],[-82.4578,28.2209],[-82.4581,28.2194],[-82.4583,28.2189],[-82.4602,28.2155],[-82.4608,28.2144],[-82.461,28.2137],[-82.4622,28.2089],[-82.4626,28.2101],[-82.4627,28.211],[-82.4634,28.2127],[-82.4639,28.2138],[-82.4653,28.2155],[-82.4688,28.2199],[-82.4721,28.2238],[-82.4813,28.2355],[-82.494,28.2513],[-82.5029,28.2623],[-82.5035,28.2639],[-82.5047,28.2716],[-82.5055,28.2772],[-82.5142,28.2968],[-82.5186,28.3058],[-82.5198,28.3093],[-82.5203,28.3116],[-82.5204,28.3144]]]}},{"type":"Feature","properties":{"geoid":"1211502","puma":"11502","name":"Sarasota County (Central & Gulf Coast) PUMA"},"geometry":{"type":"Polygon","coordinates":[[[-82.5412,27.2561],[-82.5375,27.2571],[-82.5385,27.2587],[-82.5358,27.2604],[-82.5337,27.2575],[-82.5318,27.2542],[-82.5301,27.2549],[-82.5299,27.255],[-82.524,27.2593],[-82.5225,27.2604],[-82.5153,27.268],[-82.5138,27.269],[-82.5141,27.2699],[-82.5142,27.2748],[-82.5142,27.2767],[-82.5142,27.2841],[-82.5142,27.2915],[-82.5142,27.2979],[-82.5142,27.2981],[-82.5142,27.2988],[-82.5141,27.3039],[-82.5132,27.3047],[-82.51,27.3083],[-82.5099,27.3083],[-82.5058,27.3083],[-82.4975,27.3083],[-82.4896,27.3083],[-82.4822,27.3083],[-82.4803,27.3083],[-82.4721,27.3083],[-82.4686,27.3083],[-82.4674,27.3083],[-82.4646,27.3112],[-82.4618,27.3092],[-82.461,27.3089],[-82.4515,27.3087],[-82.449,27.3086],[-82.4482,27.3087],[-82.448,27.3222],[-82.448,27.3223],[-82.447,27.3384],[-82.4468,27.3442],[-82.4467,27.3442],[-82.4464,27.3442],[-82.4459,27.3441],[-82.4416,27.3441],[-82.417,27.3436],[-82.4165,27.343],[-82.4165,27.3382],[-82.4049,27.3383],[-82.3837,27.3387],[-82.3833,27.3259],[-82.3836,27.3255],[-82.3839,27.3055],[-82.3825,27.3001],[-82.3824,27.2958],[-82.3842,27.2932],[-82.3869,27.2846],[-82.3881,27.2844],[-82.3888,27.2827],[-82.3879,27.2717],[-82.3859,27.2666],[-82.3855,27.2592],[-82.3844,27.2562],[-82.3841,27.2542],[-82.385,27.251],[-82.3861,27.2496],[-82.3895,27.2509],[-82.4011,27.2579],[-82.4095,27.263],[-82.4197,27.2689],[-82.4211,27.2689],[-82.4412,27.269],[-82.4415,27.269],[-82.4488,27.2693],[-82.4492,27.2693],[-82.4496,27.252],[-82.4499,27.2495],[-82.4523,27.2384],[-82.4527,27.2362],[-82.4528,27.2316],[-82.4521,27.2276],[-82.4507,27.2238],[-82.4447,27.2111],[-82.4429,27.2063],[-82.4404,27.1963],[-82.4389,27.1902],[-82.4353,27.1756],[-82.4345,27.1728],[-82.4322,27.1675],[-82.4271,27.1599],[-82.4239,27.1552],[-82.4238,27.1551],[-82.4169,27.1453],[-82.4114,27.1385],[-82.4105,27.1374],[-82.4045,27.1302],[-82.3976,27.1228],[-82.398,27.1228],[-82.4009,27.1228],[-82.4009,27.1192],[-82.401,27.1137],[-82.401,27.11],[-82.401,27.1078],[-82.401,27.1037],[-82.401,27.1022],[-82.4009,27.0996],[-82.402,27.0996],[-82.4029,27.0996],[-82.4095,27.0997],[-82.4104,27.0997],[-82.4173,27.0997],[-82.4173,27.0941],[-82.4186,27.094],[-82.4214,27.0955],[-82.4239,27.0966],[-82.4254,27.0979],[-82.4254,27.0938],[-82.4336,27.0938],[-82.4335,27.0935],[-82.4334,27.0927],[-82.433,27.0917],[-82.4327,27.0913],[-82.4317,27.09],[-82.4327,27.0891],[-82.4331,27.0888],[-82.4334,27.0885],[-82.4304,27.0843],[-82.4303,27.0789],[-82.4303,27.0786],[-82.43,27.0785],[-82.4297,27.0784],[-82.4286,27.0778],[-82.428,27.0772],[-82.4258,27.0749],[-82.4252,27.0748],[-82.4249,27.0745],[-82.4244,27.0735],[-82.42,27.0672],[-82.414,27.0589],[-82.413,27.0576],[-82.4137,27.0567],[-82.4135,27.0555],[-82.4152,27.0534],[-82.4167,27.0511],[-82.418,27.0469],[-82.4196,27.0458],[-82.4192,27.045],[-82.4197,27.0444],[-82.4255,27.0429],[-82.4292,27.0428],[-82.4304,27.0413],[-82.4369,27.0497],[-82.4387,27.0535],[-82.438,27.0558],[-82.4384,27.0557],[-82.4424,27.0607],[-82.4452,27.0607],[-82.4457,27.0607],[-82.454,27.0814],[-82.4559,27.0863],[-82.4563,27.0873],[-82.4578,27.0918],[-82.4603,27.0999],[-82.4603,27.1],[-82.4618,27.1031],[-82.4653,27.1107],[-82.4661,27.1113],[-82.4676,27.1126],[-82.4689,27.1136],[-82.4692,27.1145],[-82.4765,27.1394],[-82.477,27.1412],[-82.4867,27.1587],[-82.4928,27.1684],[-82.4996,27.1801],[-82.4999,27.1806],[-82.5023,27.1882],[-82.5028,27.1897],[-82.5097,27.2045],[-82.5111,27.2076],[-82.5114,27.208],[-82.5115,27.2082],[-82.5116,27.2083],[-82.5142,27.2119],[-82.5197,27.2236],[-82.522,27.2284],[-82.5283,27.2374],[-82.5296,27.2385],[-82.5327,27.2409],[-82.5331,27.2413],[-82.5362,27.2454],[-82.5363,27.2458],[-82.5365,27.2488],[-82.538,27.2515],[-82.5397,27.2543],[-82.5412,27.2561]]]}},{"type":"Feature","properties":{"geoid":"1201101","puma":"01101","name":"Broward County (NNW)--Coral Springs (North), Parkland, & Coconut Creek (North) Cities PUMA"},"geometry":{"type":"Polygon","coordinates":[[[-80.2978,26.2879],[-80.2977,26.2933],[-80.2974,26.3109],[-80.2971,26.3113],[-80.297,26.3344],[-80.2971,26.3527],[-80.2971,26.3551],[-80.2971,26.3553],[-80.2969,26.3554],[-80.2512,26.3417],[-80.2498,26.3415],[-80.2347,26.337],[-80.2274,26.3347],[-80.2236,26.3336],[-80.2197,26.3325],[-80.2189,26.3322],[-80.2127,26.3304],[-80.2041,26.3278],[-80.2031,26.3278],[-80.2029,26.3278],[-80.2025,26.3278],[-80.1901,26.3278],[-80.1866,26.3278],[-80.1856,26.3278],[-80.1703,26.3278],[-80.1701,26.3278],[-80.1698,26.3278],[-80.1536,26.3278],[-80.1534,26.3278],[-80.1532,26.3248],[-80.1529,26.3223],[-80.1527,26.318],[-80.1658,26.3178],[-80.1696,26.3178],[-80.17,26.3178],[-80.1696,26.3092],[-80.1694,26.3052],[-80.1693,26.3016],[-80.169,26.2891],[-80.169,26.2889],[-80.1689,26.2817],[-80.1688,26.2742],[-80.169,26.2742],[-80.1693,26.2742],[-80.1743,26.2741],[-80.1824,26.2739],[-80.1842,26.2739],[-80.1864,26.274],[-80.1927,26.274],[-80.1946,26.274],[-80.1968,26.274],[-80.2017,26.2741],[-80.2019,26.2741],[-80.2019,26.2742],[-80.202,26.2798],[-80.202,26.2862],[-80.2106,26.2863],[-80.2167,26.2865],[-80.2194,26.2866],[-80.2221,26.2866],[-80.2232,26.2866],[-80.2241,26.2867],[-80.2241,26.2867],[-80.2301,26.2867],[-80.2343,26.2868],[-80.2413,26.2869],[-80.2503,26.287],[-80.2566,26.2871],[-80.2606,26.2872],[-80.2666,26.2873],[-80.273,26.2874],[-80.2744,26.2874],[-80.2826,26.2875],[-80.287,26.2873],[-80.2941,26.2874],[-80.2963,26.2874],[-80.2973,26.2874],[-80.2978,26.2874],[-80.2978,26.2879]]]}},{"type":"Feature","properties":{"geoid":"1210301","puma":"10301","name":"Pinellas County (North) PUMA"},"geometry":{"type":"MultiPolygon","coordinates":[[[[-82.8009,28.1709],[-82.7978,28.1723],[-82.7929,28.1727],[-82.7929,28.1727],[-82.7921,28.1728],[-82.7898,28.1723],[-82.789,28.1723],[-82.7874,28.1722],[-82.786,28.1724],[-82.7855,28.1726],[-82.7837,28.1729],[-82.7734,28.1729],[-82.7654,28.1729],[-82.764,28.1729],[-82.7612,28.1729],[-82.7591,28.1729],[-82.7571,28.173],[-82.7529,28.173],[-82.7505,28.173],[-82.7502,28.1728],[-82.7406,28.1728],[-82.7379,28.1732],[-82.7317,28.1731],[-82.7307,28.1732],[-82.7293,28.1732],[-82.7241,28.1732],[-82.7216,28.1732],[-82.7202,28.1732],[-82.699,28.1732],[-82.6745,28.1733],[-82.6721,28.1733],[-82.6541,28.1733],[-82.6512,28.1733],[-82.6506,28.1449],[-82.6504,28.1367],[-82.6491,28.0989],[-82.6491,28.0939],[-82.6491,28.0911],[-82.6491,28.086],[-82.649,28.0798],[-82.649,28.0784],[-82.6489,28.0635],[-82.6486,28.06],[-82.649,28.06],[-82.6695,28.0599],[-82.669,28.0604],[-82.6804,28.0604],[-82.6804,28.0598],[-82.6827,28.0597],[-82.6861,28.0589],[-82.6886,28.0563],[-82.6887,28.0561],[-82.6887,28.0537],[-82.6888,28.0484],[-82.6893,28.0474],[-82.6905,28.0478],[-82.6939,28.0489],[-82.6964,28.049],[-82.7066,28.049],[-82.7071,28.049],[-82.7093,28.049],[-82.7119,28.049],[-82.7183,28.049],[-82.7217,28.049],[-82.724,28.049],[-82.7258,28.049],[-82.7299,28.0501],[-82.7334,28.0499],[-82.7363,28.0492],[-82.7386,28.049],[-82.7429,28.0488],[-82.7472,28.0487],[-82.7596,28.0487],[-82.7637,28.0488],[-82.7694,28.05],[-82.771,28.0495],[-82.7719,28.0491],[-82.7721,28.049],[-82.7724,28.0489],[-82.7725,28.0489],[-82.7729,28.0489],[-82.7754,28.0489],[-82.7761,28.0489],[-82.7782,28.0489],[-82.7803,28.0494],[-82.7785,28.0536],[-82.7766,28.0556],[-82.7766,28.0562],[-82.7772,28.0562],[-82.7829,28.0562],[-82.7835,28.0562],[-82.7835,28.0606],[-82.7855,28.0636],[-82.7859,28.0643],[-82.7866,28.0652],[-82.7792,28.0728],[-82.779,28.0746],[-82.7789,28.0764],[-82.7798,28.0771],[-82.7837,28.0799],[-82.7837,28.0817],[-82.7838,28.0822],[-82.7835,28.0834],[-82.7829,28.0859],[-82.7821,28.0895],[-82.7819,28.0904],[-82.7803,28.0971],[-82.7836,28.1054],[-82.7821,28.1079],[-82.7825,28.1085],[-82.7836,28.11],[-82.7812,28.1125],[-82.7823,28.1146],[-82.7819,28.1161],[-82.7816,28.1171],[-82.7815,28.1175],[-82.7807,28.1177],[-82.7794,28.1181],[-82.779,28.1182],[-82.7786,28.119],[-82.7781,28.12],[-82.7783,28.1216],[-82.7799,28.1225],[-82.7809,28.123],[-82.783,28.1229],[-82.7839,28.1241],[-82.7819,28.1268],[-82.7817,28.1271],[-82.7813,28.1276],[-82.7817,28.129],[-82.782,28.1303],[-82.782,28.1304],[-82.7838,28.1375],[-82.7866,28.1388],[-82.7874,28.1392],[-82.7852,28.1424],[-82.7856,28.1435],[-82.7881,28.1499],[-82.7919,28.1556],[-82.794,28.1609],[-82.7942,28.1609],[-82.7982,28.161],[-82.7982,28.1613],[-82.7983,28.1617],[-82.7985,28.1622],[-82.7985,28.1625],[-82.7958,28.1638],[-82.7949,28.1643],[-82.7943,28.1656],[-82.7966,28.1691],[-82.8003,28.1695],[-82.8009,28.1709]]],[[[-82.843,28.1212],[-82.8422,28.1254],[-82.8381,28.1294],[-82.8338,28.1303],[-82.8322,28.1291],[-82.8378,28.124],[-82.839,28.1212],[-82.8398,28.1193],[-82.8384,28.1135],[-82.8327,28.1099],[-82.8324,28.1067],[-82.8427,28.1112],[-82.8434,28.1195],[-82.843,28.1212]]],[[[-82.848,28.1717],[-82.8446,28.1717],[-82.843,28.1717],[-82.8404,28.1669],[-82.8427,28.1638],[-82.8466,28.1653],[-82.848,28.1717]]]]}},{"type":"Feature","properties":{"geoid":"1201103","puma":"01103","name":"Broward County (NE)--Deerfield Beach, Pompano Beach (North) & Lighthouse Point Cities PUMA"},"geometry":{"type":"Polygon","coordinates":[[[-80.1696,26.3178],[-80.1658,26.3178],[-80.1527,26.318],[-80.1529,26.3223],[-80.1532,26.3248],[-80.1534,26.3278],[-80.1369,26.3279],[-80.1287,26.3278],[-80.1283,26.3277],[-80.1201,26.3278],[-80.117,26.3278],[-80.1073,26.3279],[-80.1019,26.3278],[-80.0992,26.3276],[-80.0985,26.3247],[-80.0991,26.3235],[-80.0988,26.3228],[-80.0983,26.3226],[-80.0964,26.3224],[-80.0956,26.3242],[-80.092,26.3264],[-80.0909,26.3256],[-80.0908,26.3255],[-80.0895,26.325],[-80.0888,26.3221],[-80.0879,26.3208],[-80.0806,26.3208],[-80.0805,26.3208],[-80.0794,26.3208],[-80.0757,26.3209],[-80.0748,26.321],[-80.0753,26.3187],[-80.0756,26.3145],[-80.0761,26.3094],[-80.0764,26.3054],[-80.0799,26.2644],[-80.0802,26.2587],[-80.0814,26.2581],[-80.0838,26.2626],[-80.0863,26.2614],[-80.0881,26.2608],[-80.0883,26.2614],[-80.0945,26.2612],[-80.0995,26.2611],[-80.0988,26.2661],[-80.0988,26.2665],[-80.0987,26.2674],[-80.0984,26.2692],[-80.098,26.2722],[-80.0975,26.2754],[-80.0975,26.2755],[-80.1031,26.2755],[-80.1072,26.2754],[-80.1135,26.2753],[-80.1194,26.2752],[-80.1219,26.2751],[-80.1234,26.2751],[-80.125,26.275],[-80.1291,26.275],[-80.1303,26.275],[-80.1311,26.275],[-80.1342,26.275],[-80.1357,26.2749],[-80.1358,26.2749],[-80.1521,26.2745],[-80.1582,26.2745],[-80.1684,26.2742],[-80.1688,26.2742],[-80.1689,26.2817],[-80.169,26.2889],[-80.169,26.2891],[-80.1693,26.3016],[-80.1694,26.3052],[-80.1696,26.3092],[-80.17,26.3178],[-80.1696,26.3178]]]}},{"type":"Feature","properties":{"geoid":"1209909","puma":"09909","name":"Palm Beach County (West of Boca Raton City) PUMA"},"geometry":{"type":"Polygon","coordinates":[[[-80.2974,26.3563],[-80.2971,26.3567],[-80.284,26.3643],[-80.2533,26.3644],[-80.2517,26.365],[-80.2391,26.381],[-80.2369,26.3837],[-80.236,26.385],[-80.2358,26.3928],[-80.2356,26.4092],[-80.2338,26.4166],[-80.224,26.4164],[-80.22,26.4162],[-80.2055,26.4163],[-80.204,26.4163],[-80.2037,26.4163],[-80.1715,26.4163],[-80.1714,26.4164],[-80.1713,26.4093],[-80.1713,26.4088],[-80.1712,26.4013],[-80.171,26.3943],[-80.171,26.3907],[-80.171,26.3869],[-80.1709,26.3852],[-80.1709,26.3817],[-80.1707,26.3679],[-80.1691,26.3679],[-80.1664,26.3685],[-80.1661,26.3686],[-80.1598,26.3687],[-80.1588,26.3687],[-80.1457,26.3688],[-80.147,26.3652],[-80.1499,26.3631],[-80.1513,26.3622],[-80.1532,26.3597],[-80.1536,26.3575],[-80.1539,26.3547],[-80.1539,26.3537],[-80.1539,26.3503],[-80.1538,26.3464],[-80.1537,26.3439],[-80.1373,26.344],[-80.1372,26.3398],[-80.1368,26.3384],[-80.1361,26.3374],[-80.1351,26.3365],[-80.132,26.3348],[-80.1315,26.3319],[-80.1285,26.3319],[-80.1202,26.332],[-80.1201,26.3278],[-80.1283,26.3277],[-80.1287,26.3278],[-80.1369,26.3279],[-80.1534,26.3278],[-80.1536,26.3278],[-80.1698,26.3278],[-80.1701,26.3278],[-80.1703,26.3278],[-80.1856,26.3278],[-80.1866,26.3278],[-80.1901,26.3278],[-80.2025,26.3278],[-80.2029,26.3278],[-80.2031,26.3278],[-80.2041,26.3278],[-80.2127,26.3304],[-80.2189,26.3322],[-80.2197,26.3325],[-80.2236,26.3336],[-80.2274,26.3347],[-80.2347,26.337],[-80.2498,26.3415],[-80.2512,26.3417],[-80.2969,26.3554],[-80.2971,26.3553],[-80.2975,26.3558],[-80.2974,26.3563]]]}},{"type":"Feature","properties":{"geoid":"1202101","puma":"02101","name":"Collier County (Northwest) PUMA"},"geometry":{"type":"Polygon","coordinates":[[[-81.8458,26.3304],[-81.841,26.3303],[-81.8358,26.3303],[-81.8341,26.3304],[-81.8317,26.3304],[-81.8212,26.3304],[-81.8191,26.3304],[-81.8191,26.3233],[-81.8191,26.3215],[-81.819,26.3162],[-81.8052,26.3163],[-81.805,26.3163],[-81.8028,26.3163],[-81.7891,26.3163],[-81.7881,26.3164],[-81.7864,26.3164],[-81.7625,26.3166],[-81.7623,26.3166],[-81.7612,26.3167],[-81.7544,26.3168],[-81.7462,26.3169],[-81.7372,26.317],[-81.7296,26.317],[-81.7224,26.3171],[-81.7221,26.3171],[-81.7146,26.3171],[-81.7063,26.3172],[-81.6905,26.3173],[-81.69,26.3012],[-81.6895,26.2844],[-81.6895,26.2806],[-81.6895,26.2738],[-81.6894,26.2731],[-81.6889,26.2613],[-81.6887,26.2585],[-81.688,26.2439],[-81.6876,26.2289],[-81.6874,26.2124],[-81.6872,26.1996],[-81.7026,26.1994],[-81.7194,26.1992],[-81.7194,26.1973],[-81.7192,26.1913],[-81.7189,26.1829],[-81.7188,26.1744],[-81.7188,26.1688],[-81.73,26.1686],[-81.7298,26.1685],[-81.7311,26.1685],[-81.7346,26.1684],[-81.7369,26.1684],[-81.7409,26.1683],[-81.743,26.1683],[-81.7508,26.1683],[-81.7508,26.1684],[-81.767,26.1679],[-81.767,26.1747],[-81.7674,26.1822],[-81.7678,26.1899],[-81.7681,26.1971],[-81.7682,26.201],[-81.7684,26.2117],[-81.7724,26.2116],[-81.7724,26.2091],[-81.7736,26.2081],[-81.7762,26.2081],[-81.7763,26.204],[-81.7763,26.2019],[-81.7761,26.201],[-81.7795,26.2006],[-81.7828,26.2011],[-81.7841,26.2008],[-81.7841,26.2008],[-81.7845,26.2114],[-81.7923,26.2113],[-81.7922,26.2104],[-81.7921,26.2083],[-81.792,26.199],[-81.792,26.1967],[-81.7919,26.1958],[-81.7918,26.1885],[-81.7916,26.1822],[-81.7996,26.182],[-81.7998,26.182],[-81.7999,26.1884],[-81.8,26.1911],[-81.8,26.1927],[-81.8002,26.1965],[-81.8003,26.2029],[-81.8003,26.2038],[-81.8004,26.2112],[-81.8006,26.2112],[-81.8086,26.2111],[-81.812,26.211],[-81.8141,26.211],[-81.8173,26.2109],[-81.8184,26.2193],[-81.8185,26.2202],[-81.8194,26.2266],[-81.8201,26.2325],[-81.8203,26.2336],[-81.8207,26.2367],[-81.8244,26.2539],[-81.8244,26.2542],[-81.8283,26.2723],[-81.8307,26.2832],[-81.8317,26.2876],[-81.8317,26.2877],[-81.8317,26.288],[-81.8318,26.2881],[-81.8321,26.2897],[-81.8327,26.2926],[-81.8331,26.2945],[-81.8379,26.3083],[-81.8424,26.3216],[-81.8446,26.3277],[-81.8458,26.3304]]]}},{"type":"Feature","properties":{"geoid":"1211501","puma":"11501","name":"Sarasota County (North) PUMA"},"geometry":{"type":"Polygon","coordinates":[[[-82.6428,27.3897],[-82.6399,27.3897],[-82.6257,27.3896],[-82.6171,27.3895],[-82.6166,27.3895],[-82.5965,27.3893],[-82.5768,27.3892],[-82.5663,27.3891],[-82.5655,27.3891],[-82.5593,27.389],[-82.5577,27.389],[-82.5467,27.3891],[-82.5426,27.389],[-82.5316,27.3888],[-82.5302,27.3887],[-82.5291,27.3887],[-82.5242,27.3887],[-82.5221,27.3889],[-82.5139,27.389],[-82.5057,27.3889],[-82.5056,27.3889],[-82.5016,27.3884],[-82.4871,27.3884],[-82.4808,27.3883],[-82.4787,27.3883],[-82.4723,27.3883],[-82.4636,27.3882],[-82.455,27.3887],[-82.449,27.3886],[-82.447,27.3806],[-82.4468,27.367],[-82.4468,27.3571],[-82.4465,27.3571],[-82.4467,27.3442],[-82.4468,27.3442],[-82.447,27.3384],[-82.448,27.3223],[-82.448,27.3222],[-82.4482,27.3087],[-82.449,27.3086],[-82.4515,27.3087],[-82.461,27.3089],[-82.4618,27.3092],[-82.4646,27.3112],[-82.4674,27.3083],[-82.4686,27.3083],[-82.4721,27.3083],[-82.4803,27.3083],[-82.4822,27.3083],[-82.4896,27.3083],[-82.4975,27.3083],[-82.5058,27.3083],[-82.5099,27.3083],[-82.51,27.3083],[-82.5132,27.3047],[-82.5141,27.3039],[-82.5142,27.2988],[-82.5142,27.2981],[-82.5142,27.2979],[-82.5142,27.2915],[-82.5142,27.2841],[-82.5142,27.2767],[-82.5142,27.2748],[-82.5141,27.2699],[-82.5138,27.269],[-82.5153,27.268],[-82.5225,27.2604],[-82.524,27.2593],[-82.5299,27.255],[-82.5301,27.2549],[-82.5318,27.2542],[-82.5337,27.2575],[-82.5358,27.2604],[-82.5385,27.2587],[-82.5375,27.2571],[-82.5412,27.2561],[-82.542,27.2571],[-82.5451,27.261],[-82.5478,27.2624],[-82.5564,27.2667],[-82.5577,27.2674],[-82.564,27.2699],[-82.5643,27.2702],[-82.567,27.2733],[-82.5689,27.2756],[-82.569,27.2761],[-82.5698,27.2795],[-82.5686,27.2807],[-82.5676,27.2816],[-82.5672,27.282],[-82.5646,27.2847],[-82.5617,27.2892],[-82.5617,27.2894],[-82.5603,27.2942],[-82.5601,27.2951],[-82.5624,27.2959],[-82.566,27.2972],[-82.5661,27.2972],[-82.5692,27.2986],[-82.5709,27.3012],[-82.576,27.3093],[-82.5835,27.3176],[-82.5868,27.3196],[-82.5884,27.3244],[-82.5886,27.3249],[-82.5895,27.3267],[-82.5898,27.3273],[-82.5904,27.3284],[-82.5924,27.3305],[-82.5958,27.3339],[-82.5976,27.3358],[-82.6042,27.3424],[-82.6119,27.3502],[-82.612,27.3503],[-82.6181,27.3564],[-82.6239,27.3622],[-82.6375,27.38],[-82.6428,27.3897],[-82.6428,27.3897]]]}},{"type":"Feature","properties":{"geoid":"1208101","puma":"08101","name":"Manatee County (North) PUMA"},"geometry":{"type":"MultiPolygon","coordinates":[[[[-82.5767,27.6351],[-82.5726,27.6369],[-82.5693,27.6332],[-82.5692,27.6305],[-82.5736,27.6313],[-82.5767,27.6351],[-82.5767,27.6351]]],[[[-82.646,27.5335],[-82.6459,27.5336],[-82.6442,27.5345],[-82.6382,27.5375],[-82.6382,27.5376],[-82.636,27.5387],[-82.6351,27.5391],[-82.6349,27.5392],[-82.6341,27.5428],[-82.6321,27.5519],[-82.6267,27.5589],[-82.612,27.5712],[-82.613,27.5828],[-82.6126,27.5836],[-82.6117,27.5853],[-82.6017,27.5899],[-82.5965,27.594],[-82.5876,27.5941],[-82.5846,27.596],[-82.5815,27.5963],[-82.5774,27.5996],[-82.5785,27.6021],[-82.5777,27.6054],[-82.5725,27.6071],[-82.5706,27.6089],[-82.5657,27.6157],[-82.5645,27.6218],[-82.566,27.6245],[-82.5637,27.6314],[-82.5629,27.638],[-82.5621,27.6381],[-82.5599,27.6385],[-82.5585,27.6387],[-82.5582,27.6392],[-82.5544,27.6453],[-82.5541,27.6458],[-82.5495,27.6456],[-82.5398,27.6455],[-82.5372,27.6455],[-82.5342,27.6455],[-82.5257,27.6454],[-82.5249,27.6454],[-82.5247,27.6454],[-82.4998,27.6454],[-82.4985,27.6455],[-82.4537,27.6459],[-82.4523,27.6459],[-82.4503,27.6459],[-82.3849,27.6464],[-82.381,27.6464],[-82.3364,27.6465],[-82.3183,27.6466],[-82.2934,27.6466],[-82.2927,27.6465],[-82.2829,27.6467],[-82.2745,27.6465],[-82.2682,27.6464],[-82.2106,27.6465],[-82.1463,27.6463],[-82.1346,27.6463],[-82.0564,27.6462],[-82.0543,27.6464],[-82.0545,27.5952],[-82.0554,27.4836],[-82.0555,27.4731],[-82.0596,27.4706],[-82.0612,27.4704],[-82.0706,27.4705],[-82.0721,27.4702],[-82.0729,27.4698],[-82.0865,27.4608],[-82.0882,27.4601],[-82.1752,27.4597],[-82.1792,27.46],[-82.1823,27.4609],[-82.1863,27.4628],[-82.2045,27.4725],[-82.2065,27.4732],[-82.211,27.4736],[-82.2703,27.4742],[-82.2753,27.4744],[-82.2789,27.4765],[-82.2964,27.4767],[-82.299,27.4764],[-82.3016,27.4756],[-82.3049,27.4747],[-82.3068,27.4745],[-82.3506,27.4753],[-82.3513,27.4753],[-82.3709,27.4755],[-82.3822,27.4756],[-82.3956,27.4757],[-82.3983,27.4757],[-82.401,27.4766],[-82.4024,27.4778],[-82.4055,27.4818],[-82.4069,27.4829],[-82.4072,27.4831],[-82.4087,27.4838],[-82.4107,27.4842],[-82.413,27.4843],[-82.4129,27.4841],[-82.4217,27.4842],[-82.4271,27.485],[-82.4324,27.4852],[-82.4338,27.4852],[-82.4358,27.4852],[-82.4436,27.4854],[-82.4486,27.4856],[-82.4568,27.486],[-82.4592,27.4862],[-82.4608,27.4867],[-82.4616,27.487],[-82.465,27.4889],[-82.468,27.4904],[-82.4718,27.4909],[-82.4744,27.491],[-82.4838,27.4932],[-82.4876,27.4937],[-82.4909,27.494],[-82.4927,27.4941],[-82.4954,27.4945],[-82.5018,27.4974],[-82.5029,27.4979],[-82.5045,27.4982],[-82.5053,27.4983],[-82.5088,27.4986],[-82.5143,27.4986],[-82.5168,27.4984],[-82.5184,27.4982],[-82.5239,27.4968],[-82.5243,27.4965],[-82.5263,27.4963],[-82.5265,27.4963],[-82.5276,27.4962],[-82.5304,27.4962],[-82.5303,27.4914],[-82.5303,27.4878],[-82.5344,27.4878],[-82.5385,27.4878],[-82.5394,27.4878],[-82.5396,27.4878],[-82.5405,27.4878],[-82.5426,27.4878],[-82.5434,27.488],[-82.5438,27.488],[-82.5451,27.488],[-82.5466,27.488],[-82.5466,27.4879],[-82.5466,27.4859],[-82.5466,27.485],[-82.5466,27.4843],[-82.5466,27.4806],[-82.5466,27.4802],[-82.5466,27.477],[-82.5494,27.477],[-82.5505,27.4776],[-82.5548,27.4799],[-82.5571,27.481],[-82.5617,27.4813],[-82.5627,27.4821],[-82.5627,27.481],[-82.563,27.4807],[-82.5634,27.4829],[-82.5632,27.4843],[-82.563,27.4881],[-82.563,27.4917],[-82.5655,27.4917],[-82.5671,27.4918],[-82.57,27.4918],[-82.5712,27.4918],[-82.5727,27.4918],[-82.5752,27.4918],[-82.5793,27.4919],[-82.5814,27.4919],[-82.5777,27.4942],[-82.5775,27.4955],[-82.5874,27.4956],[-82.5936,27.4956],[-82.5957,27.4957],[-82.5957,27.4957],[-82.603,27.4957],[-82.6039,27.4957],[-82.608,27.4957],[-82.6121,27.4958],[-82.6205,27.4959],[-82.6204,27.496],[-82.6245,27.496],[-82.627,27.4961],[-82.6285,27.4961],[-82.6305,27.4961],[-82.6333,27.4961],[-82.6344,27.4961],[-82.6345,27.4961],[-82.6354,27.4961],[-82.6367,27.4962],[-82.6366,27.5034],[-82.6365,27.5071],[-82.6365,27.5118],[-82.6365,27.5168],[-82.6367,27.5172],[-82.6375,27.5179],[-82.6415,27.5185],[-82.6438,27.5191],[-82.6446,27.5201],[-82.6446,27.5204],[-82.6453,27.5212],[-82.6453,27.5238],[-82.6413,27.5255],[-82.6438,27.5285],[-82.6467,27.5318],[-82.646,27.5335]]]]}},{"type":"Feature","properties":{"geoid":"1203106","puma":"03106","name":"Duval County (Southeast)--Jacksonville City (Southeast) PUMA"},"geometry":{"type":"Polygon","coordinates":[[[-81.6676,30.3142],[-81.6675,30.3144],[-81.6641,30.3207],[-81.6636,30.321],[-81.6606,30.3222],[-81.6586,30.3223],[-81.6559,30.3218],[-81.6539,30.3212],[-81.6513,30.3204],[-81.6476,30.32],[-81.6421,30.3183],[-81.6298,30.3141],[-81.6299,30.311],[-81.6285,30.3065],[-81.6282,30.3061],[-81.6275,30.3044],[-81.6279,30.3024],[-81.6262,30.3016],[-81.6186,30.298],[-81.6147,30.2962],[-81.6097,30.2948],[-81.602,30.2926],[-81.5946,30.2905],[-81.5917,30.2901],[-81.59,30.2899],[-81.5819,30.2889],[-81.5704,30.2876],[-81.5685,30.2874],[-81.5592,30.2866],[-81.5442,30.2867],[-81.539,30.2868],[-81.5335,30.2868],[-81.5277,30.2869],[-81.5257,30.2869],[-81.5237,30.2869],[-81.5225,30.287],[-81.5216,30.287],[-81.5057,30.2871],[-81.5049,30.2872],[-81.4887,30.2873],[-81.4673,30.2876],[-81.4618,30.2876],[-81.4588,30.2877],[-81.4549,30.2877],[-81.449,30.2878],[-81.4484,30.2878],[-81.4419,30.2879],[-81.4377,30.2879],[-81.434,30.2879],[-81.4212,30.2882],[-81.42,30.276],[-81.4207,30.2743],[-81.421,30.2712],[-81.4219,30.2682],[-81.4226,30.267],[-81.4266,30.2606],[-81.4283,30.2574],[-81.4283,30.2572],[-81.4301,30.2522],[-81.4302,30.2522],[-81.4309,30.2522],[-81.4343,30.2523],[-81.4369,30.2523],[-81.4369,30.252],[-81.4369,30.2519],[-81.4369,30.2494],[-81.4366,30.237],[-81.4358,30.2096],[-81.4343,30.1347],[-81.4343,30.1324],[-81.4339,30.1151],[-81.4337,30.106],[-81.4338,30.1055],[-81.434,30.1055],[-81.4347,30.1053],[-81.4603,30.1051],[-81.468,30.105],[-81.4712,30.105],[-81.4744,30.1049],[-81.479,30.1048],[-81.4792,30.1048],[-81.4945,30.1045],[-81.5033,30.1044],[-81.5043,30.1043],[-81.5077,30.1079],[-81.5137,30.1139],[-81.5266,30.1269],[-81.5382,30.1387],[-81.5409,30.1415],[-81.5421,30.143],[-81.544,30.1456],[-81.5489,30.1548],[-81.5525,30.1618],[-81.5554,30.1662],[-81.5558,30.1672],[-81.5584,30.1733],[-81.5591,30.1765],[-81.5591,30.18],[-81.5585,30.1832],[-81.5582,30.1848],[-81.5581,30.1847],[-81.5561,30.1954],[-81.5561,30.1967],[-81.5564,30.1978],[-81.5569,30.1991],[-81.5711,30.2209],[-81.5714,30.2209],[-81.5732,30.2236],[-81.5807,30.2351],[-81.5853,30.2405],[-81.5937,30.2484],[-81.5965,30.2512],[-81.6037,30.2581],[-81.6054,30.2599],[-81.6071,30.262],[-81.6122,30.2693],[-81.6196,30.2797],[-81.6207,30.2813],[-81.6211,30.2818],[-81.6215,30.2823],[-81.6239,30.285],[-81.6299,30.2906],[-81.6328,30.2882],[-81.6356,30.2866],[-81.6417,30.2952],[-81.6427,30.2966],[-81.6451,30.3001],[-81.6495,30.3062],[-81.6498,30.3066],[-81.6513,30.3087],[-81.659,30.3052],[-81.668,30.3013],[-81.6676,30.3142]]]}},{"type":"Feature","properties":{"geoid":"1211102","puma":"11102","name":"St. Lucie County (Southeast) PUMA"},"geometry":{"type":"Polygon","coordinates":[[[-80.443,27.4702],[-80.4275,27.4701],[-80.4199,27.4701],[-80.4199,27.4703],[-80.4197,27.4845],[-80.4155,27.4843],[-80.3987,27.4842],[-80.3987,27.4843],[-80.3906,27.4842],[-80.3827,27.484],[-80.3824,27.484],[-80.3733,27.484],[-80.358,27.484],[-80.3501,27.484],[-80.3501,27.4817],[-80.3497,27.4786],[-80.3495,27.4773],[-80.3495,27.4766],[-80.3496,27.475],[-80.3496,27.4717],[-80.3496,27.4691],[-80.3496,27.4688],[-80.3496,27.4685],[-80.3497,27.4657],[-80.3538,27.4657],[-80.358,27.4657],[-80.3581,27.453],[-80.3581,27.45],[-80.3592,27.4496],[-80.3591,27.4494],[-80.3588,27.4488],[-80.3586,27.4485],[-80.3581,27.4475],[-80.3581,27.4458],[-80.3581,27.4439],[-80.3581,27.4401],[-80.3581,27.4384],[-80.3582,27.4375],[-80.3583,27.4337],[-80.3583,27.4313],[-80.3583,27.4312],[-80.3584,27.4304],[-80.3585,27.4264],[-80.3585,27.4256],[-80.3524,27.4256],[-80.3504,27.4257],[-80.3475,27.4259],[-80.3371,27.4255],[-80.3346,27.4254],[-80.3416,27.413],[-80.3427,27.411],[-80.3425,27.411],[-80.3416,27.4109],[-80.3375,27.4109],[-80.3337,27.4108],[-80.3319,27.4108],[-80.3259,27.4107],[-80.3259,27.4089],[-80.3259,27.4079],[-80.3259,27.4062],[-80.3259,27.4059],[-80.3259,27.4047],[-80.3259,27.4037],[-80.3259,27.4036],[-80.3259,27.4032],[-80.3258,27.4022],[-80.3258,27.4012],[-80.3258,27.401],[-80.3258,27.4007],[-80.3258,27.4003],[-80.3258,27.4],[-80.3257,27.3985],[-80.3257,27.3978],[-80.3257,27.3977],[-80.3256,27.397],[-80.3256,27.3969],[-80.3257,27.3913],[-80.3257,27.3888],[-80.3258,27.3873],[-80.3258,27.387],[-80.3258,27.3851],[-80.3258,27.3841],[-80.3259,27.383],[-80.3259,27.3769],[-80.3258,27.3765],[-80.326,27.3742],[-80.326,27.367],[-80.326,27.3667],[-80.3259,27.3619],[-80.326,27.3523],[-80.326,27.3503],[-80.326,27.3378],[-80.3254,27.3342],[-80.3209,27.327],[-80.3204,27.326],[-80.319,27.3238],[-80.3145,27.316],[-80.312,27.3118],[-80.3113,27.3107],[-80.3101,27.3086],[-80.3082,27.3053],[-80.3073,27.3038],[-80.304,27.2981],[-80.2976,27.2872],[-80.2946,27.282],[-80.2894,27.273],[-80.2883,27.2711],[-80.288,27.2711],[-80.285,27.2658],[-80.2849,27.2657],[-80.2839,27.2637],[-80.2842,27.2637],[-80.2848,27.2637],[-80.2849,27.2603],[-80.285,27.2457],[-80.2852,27.2446],[-80.2879,27.2439],[-80.2881,27.242],[-80.293,27.242],[-80.2925,27.241],[-80.2926,27.2406],[-80.2927,27.2388],[-80.2918,27.2369],[-80.2895,27.2352],[-80.2855,27.2312],[-80.2851,27.231],[-80.2854,27.2254],[-80.2854,27.2107],[-80.2855,27.206],[-80.2865,27.2059],[-80.2912,27.2059],[-80.2912,27.2059],[-80.3318,27.2057],[-80.3319,27.2057],[-80.3403,27.2232],[-80.3411,27.2253],[-80.3428,27.2311],[-80.3444,27.2374],[-80.3468,27.2466],[-80.3476,27.2495],[-80.3495,27.2566],[-80.3522,27.2622],[-80.3523,27.2624],[-80.3583,27.2731],[-80.3637,27.2827],[-80.3698,27.2936],[-80.3708,27.2953],[-80.371,27.2957],[-80.3736,27.3012],[-80.3744,27.3073],[-80.3744,27.3177],[-80.3744,27.3179],[-80.3744,27.3288],[-80.3743,27.3378],[-80.3743,27.3451],[-80.3743,27.3489],[-80.3743,27.3502],[-80.3748,27.3544],[-80.3767,27.3596],[-80.3841,27.3745],[-80.3866,27.3795],[-80.3903,27.3871],[-80.3943,27.3954],[-80.3945,27.3957],[-80.3984,27.4037],[-80.3989,27.4046],[-80.4,27.4075],[-80.402,27.4124],[-80.4042,27.4159],[-80.4237,27.4391],[-80.4253,27.4416],[-80.4263,27.4439],[-80.4274,27.4475],[-80.4298,27.4551],[-80.4325,27.4596],[-80.4342,27.4614],[-80.4429,27.4699],[-80.4433,27.4702],[-80.443,27.4702]]]}},{"type":"Feature","properties":{"geoid":"1208618","puma":"08618","name":"Miami-Dade County (North Central)--Tamiami Trail Region (South), Tamiami PUMA"},"geometry":{"type":"Polygon","coordinates":[[[-80.4984,25.761],[-80.4844,25.761],[-80.4814,25.7609],[-80.473,25.7608],[-80.449,25.7609],[-80.447,25.7609],[-80.441,25.7609],[-80.4369,25.7609],[-80.4329,25.7609],[-80.4248,25.7609],[-80.4209,25.7609],[-80.417,25.7609],[-80.4169,25.7609],[-80.4156,25.7609],[-80.4149,25.761],[-80.4142,25.7609],[-80.4134,25.761],[-80.4098,25.761],[-80.4088,25.761],[-80.4037,25.761],[-80.4008,25.761],[-80.3928,25.761],[-80.3855,25.761],[-80.3845,25.761],[-80.3805,25.7611],[-80.3784,25.7611],[-80.3764,25.7611],[-80.3725,25.7612],[-80.3684,25.7613],[-80.3681,25.7544],[-80.3681,25.7543],[-80.3679,25.7505],[-80.3677,25.7467],[-80.3677,25.7432],[-80.3677,25.7396],[-80.3678,25.7323],[-80.3757,25.7322],[-80.3833,25.732],[-80.3844,25.732],[-80.3843,25.7302],[-80.3899,25.7302],[-80.3916,25.7299],[-80.3996,25.7296],[-80.3996,25.7294],[-80.3994,25.7222],[-80.3991,25.7149],[-80.407,25.7147],[-80.4151,25.7144],[-80.4175,25.7143],[-80.4191,25.7143],[-80.4231,25.7141],[-80.4271,25.714],[-80.4311,25.7139],[-80.4338,25.7138],[-80.4391,25.7136],[-80.4471,25.7134],[-80.4552,25.7132],[-80.4554,25.7204],[-80.4474,25.7207],[-80.4477,25.728],[-80.4478,25.728],[-80.4557,25.7277],[-80.4636,25.7274],[-80.4794,25.7269],[-80.48,25.7274],[-80.48,25.7271],[-80.4817,25.7271],[-80.4819,25.7316],[-80.4941,25.7316],[-80.4939,25.727],[-80.497,25.727],[-80.4984,25.761]]]}},{"type":"Feature","properties":{"geoid":"1207104","puma":"07104","name":"Lee County (Central)--Greater Fort Myers City PUMA"},"geometry":{"type":"Polygon","coordinates":[[[-81.9137,26.625],[-81.9121,26.625],[-81.9125,26.6278],[-81.9125,26.6278],[-81.9051,26.6358],[-81.8953,26.6463],[-81.8942,26.6475],[-81.8883,26.6521],[-81.8937,26.6568],[-81.8975,26.6571],[-81.8975,26.6598],[-81.8972,26.6603],[-81.8962,26.6605],[-81.8975,26.6634],[-81.8962,26.6653],[-81.8964,26.6672],[-81.8981,26.6706],[-81.9,26.6702],[-81.9008,26.6722],[-81.9035,26.6717],[-81.9059,26.6721],[-81.9067,26.6734],[-81.9068,26.6747],[-81.9073,26.678],[-81.9089,26.6788],[-81.9082,26.681],[-81.9103,26.6817],[-81.9105,26.6818],[-81.9094,26.6821],[-81.9039,26.6822],[-81.9032,26.6821],[-81.9015,26.682],[-81.9005,26.682],[-81.8934,26.682],[-81.8877,26.6819],[-81.8835,26.682],[-81.8816,26.6821],[-81.8808,26.6823],[-81.8774,26.6829],[-81.8752,26.6833],[-81.875,26.6834],[-81.8712,26.6847],[-81.8663,26.6875],[-81.8662,26.6876],[-81.8613,26.6905],[-81.8589,26.6914],[-81.8578,26.6921],[-81.8513,26.6987],[-81.8447,26.7041],[-81.8442,26.7045],[-81.8423,26.7061],[-81.8369,26.7114],[-81.8344,26.7136],[-81.8324,26.7146],[-81.8261,26.7152],[-81.8238,26.7151],[-81.8214,26.7151],[-81.8201,26.7152],[-81.8119,26.7151],[-81.8115,26.7151],[-81.8071,26.7151],[-81.8044,26.715],[-81.8016,26.715],[-81.7997,26.715],[-81.801,26.7097],[-81.8011,26.7076],[-81.8001,26.707],[-81.8005,26.7008],[-81.7994,26.6986],[-81.7989,26.6967],[-81.7993,26.6966],[-81.8002,26.6966],[-81.8011,26.6967],[-81.8024,26.6981],[-81.8036,26.6985],[-81.8058,26.6986],[-81.8076,26.6982],[-81.811,26.6953],[-81.815,26.6944],[-81.8151,26.6881],[-81.8151,26.6851],[-81.8152,26.6827],[-81.8152,26.6798],[-81.8166,26.6771],[-81.8152,26.6749],[-81.8126,26.6712],[-81.8125,26.6707],[-81.8083,26.6708],[-81.7995,26.6709],[-81.7994,26.6632],[-81.7936,26.6684],[-81.7923,26.67],[-81.7903,26.671],[-81.7888,26.6721],[-81.788,26.6728],[-81.7862,26.6745],[-81.7847,26.6769],[-81.7827,26.6805],[-81.7763,26.6918],[-81.7762,26.6919],[-81.7716,26.6909],[-81.7672,26.693],[-81.7652,26.6928],[-81.7641,26.6938],[-81.7621,26.6936],[-81.7598,26.692],[-81.756,26.6905],[-81.7527,26.689],[-81.7502,26.6896],[-81.7477,26.6888],[-81.7471,26.6879],[-81.7465,26.6878],[-81.7443,26.6862],[-81.7434,26.6861],[-81.743,26.6855],[-81.7412,26.6843],[-81.7408,26.6837],[-81.7371,26.6813],[-81.7357,26.6749],[-81.7351,26.6719],[-81.7338,26.6706],[-81.7319,26.6703],[-81.7314,26.6583],[-81.7297,26.6572],[-81.7229,26.6573],[-81.7216,26.656],[-81.721,26.6527],[-81.7187,26.6505],[-81.7179,26.6488],[-81.7177,26.6448],[-81.7174,26.6438],[-81.7173,26.6426],[-81.7175,26.6416],[-81.7188,26.6396],[-81.7207,26.6387],[-81.7262,26.6384],[-81.7277,26.637],[-81.729,26.6365],[-81.7312,26.6365],[-81.7482,26.6365],[-81.7501,26.6363],[-81.7512,26.6361],[-81.751,26.6279],[-81.7513,26.6276],[-81.7511,26.621],[-81.7496,26.6209],[-81.7579,26.6208],[-81.7589,26.6208],[-81.7591,26.6208],[-81.7654,26.6205],[-81.7678,26.6186],[-81.7615,26.6131],[-81.7591,26.611],[-81.7588,26.6107],[-81.7591,26.6068],[-81.7589,26.598],[-81.7583,26.597],[-81.758,26.5951],[-81.7576,26.5944],[-81.7569,26.5934],[-81.7568,26.5931],[-81.7544,26.5903],[-81.7533,26.5889],[-81.7521,26.5823],[-81.7496,26.5773],[-81.7492,26.5755],[-81.7489,26.5718],[-81.7488,26.5716],[-81.7488,26.5697],[-81.7516,26.5657],[-81.7522,26.5641],[-81.7519,26.5616],[-81.7514,26.558],[-81.7502,26.5562],[-81.7503,26.5562],[-81.7572,26.5517],[-81.7582,26.5507],[-81.7595,26.5494],[-81.7623,26.548],[-81.7639,26.5477],[-81.7725,26.5473],[-81.7743,26.5477],[-81.7747,26.5493],[-81.7779,26.5479],[-81.776,26.5478],[-81.776,26.5476],[-81.7864,26.5473],[-81.7948,26.5472],[-81.7948,26.5474],[-81.7948,26.5548],[-81.7946,26.5565],[-81.7922,26.5712],[-81.7974,26.5691],[-81.8047,26.569],[-81.8218,26.5688],[-81.8228,26.5688],[-81.8277,26.5706],[-81.8315,26.5613],[-81.8333,26.5572],[-81.8383,26.5519],[-81.839,26.5501],[-81.8394,26.5468],[-81.8394,26.5466],[-81.8396,26.5418],[-81.8411,26.5362],[-81.8449,26.531],[-81.8471,26.5294],[-81.8493,26.5285],[-81.8543,26.5282],[-81.8549,26.5282],[-81.8553,26.5463],[-81.8552,26.5485],[-81.8552,26.5646],[-81.8598,26.5646],[-81.867,26.5645],[-81.8719,26.5645],[-81.872,26.5645],[-81.8721,26.5677],[-81.8721,26.5683],[-81.872,26.5754],[-81.8799,26.5752],[-81.8842,26.5752],[-81.8925,26.575],[-81.8968,26.575],[-81.8969,26.575],[-81.8976,26.5759],[-81.8979,26.5767],[-81.8988,26.5777],[-81.899,26.5785],[-81.8996,26.5786],[-81.9082,26.5831],[-81.9074,26.5857],[-81.9039,26.5966],[-81.9037,26.5972],[-81.9041,26.6032],[-81.9097,26.6071],[-81.9112,26.6077],[-81.9104,26.6084],[-81.9113,26.6087],[-81.9118,26.6119],[-81.9134,26.6243],[-81.9137,26.625]]]}},{"type":"Feature","properties":{"geoid":"1209701","puma":"09701","name":"Osceola County (West) PUMA"},"geometry":{"type":"Polygon","coordinates":[[[-81.6573,28.3471],[-81.6482,28.3469],[-81.6386,28.347],[-81.6238,28.3471],[-81.6163,28.3471],[-81.611,28.3471],[-81.6083,28.3471],[-81.6077,28.347],[-81.6014,28.3471],[-81.5652,28.3473],[-81.5503,28.3473],[-81.5409,28.3472],[-81.5332,28.3473],[-81.5324,28.3473],[-81.5319,28.3473],[-81.5315,28.3473],[-81.5103,28.3472],[-81.4879,28.3471],[-81.4876,28.3471],[-81.4818,28.3404],[-81.4799,28.3373],[-81.4795,28.3328],[-81.4766,28.3326],[-81.4747,28.3316],[-81.4713,28.3275],[-81.4709,28.3235],[-81.4709,28.3206],[-81.4702,28.3185],[-81.4749,28.3186],[-81.4749,28.3111],[-81.4814,28.311],[-81.4795,28.3092],[-81.4775,28.3038],[-81.4764,28.3005],[-81.4725,28.2879],[-81.4724,28.2875],[-81.472,28.2862],[-81.4718,28.2857],[-81.4712,28.2812],[-81.4718,28.2787],[-81.4739,28.2753],[-81.4756,28.2739],[-81.4842,28.2689],[-81.4856,28.2672],[-81.4858,28.2665],[-81.4859,28.2589],[-81.4859,28.2586],[-81.4859,28.2571],[-81.4864,28.2558],[-81.4873,28.2524],[-81.4874,28.2454],[-81.4874,28.2386],[-81.4874,28.2308],[-81.4868,28.2285],[-81.4843,28.2253],[-81.4804,28.2198],[-81.4793,28.2163],[-81.4775,28.2127],[-81.4666,28.2126],[-81.4665,28.2134],[-81.4666,28.2162],[-81.4666,28.2279],[-81.4661,28.2291],[-81.4651,28.2305],[-81.464,28.2329],[-81.4638,28.2357],[-81.4624,28.2384],[-81.4625,28.2416],[-81.4625,28.2418],[-81.4625,28.2454],[-81.4614,28.2454],[-81.4587,28.2455],[-81.457,28.2455],[-81.457,28.246],[-81.4486,28.246],[-81.4403,28.246],[-81.4362,28.246],[-81.4361,28.242],[-81.4341,28.2351],[-81.4342,28.2334],[-81.4348,28.232],[-81.438,28.2284],[-81.4391,28.226],[-81.4403,28.2233],[-81.4403,28.2169],[-81.4403,28.2149],[-81.4403,28.213],[-81.4403,28.2113],[-81.4403,28.2108],[-81.4402,28.2095],[-81.4192,28.2096],[-81.4171,28.2095],[-81.3969,28.2094],[-81.3981,28.2058],[-81.3986,28.2018],[-81.3983,28.1999],[-81.3961,28.1948],[-81.3934,28.1863],[-81.3915,28.1826],[-81.3895,28.1802],[-81.3873,28.1788],[-81.3669,28.1641],[-81.3657,28.164],[-81.3515,28.1403],[-81.3519,28.1389],[-81.345,28.0862],[-81.3446,28.0856],[-81.3438,28.0847],[-81.3444,28.0816],[-81.3465,28.081],[-81.346,28.0824],[-81.3468,28.0837],[-81.3452,28.0848],[-81.3458,28.0855],[-81.3464,28.0847],[-81.3748,28.0851],[-81.3755,28.0851],[-81.4248,28.0852],[-81.445,28.0852],[-81.4558,28.0849],[-81.4558,28.0925],[-81.456,28.1118],[-81.4561,28.125],[-81.4562,28.1432],[-81.4601,28.1431],[-81.4701,28.1433],[-81.4733,28.1428],[-81.5009,28.1428],[-81.5015,28.1427],[-81.5173,28.1428],[-81.5242,28.1428],[-81.5242,28.1723],[-81.5242,28.187],[-81.5241,28.1978],[-81.5241,28.201],[-81.5367,28.2232],[-81.5395,28.2282],[-81.5413,28.2313],[-81.5513,28.249],[-81.5516,28.2495],[-81.5547,28.2544],[-81.5575,28.2594],[-81.5581,28.2594],[-81.5803,28.2595],[-81.5906,28.2594],[-81.5964,28.2595],[-81.6136,28.2595],[-81.6142,28.2594],[-81.6153,28.2594],[-81.6233,28.2593],[-81.6401,28.2593],[-81.6402,28.2593],[-81.6572,28.2592],[-81.6572,28.2645],[-81.657,28.2738],[-81.657,28.2884],[-81.6572,28.303],[-81.6572,28.3103],[-81.6572,28.3139],[-81.6573,28.3212],[-81.6569,28.3275],[-81.6571,28.3416],[-81.6572,28.3431],[-81.6573,28.3471]]]}},{"type":"Feature","properties":{"geoid":"1210306","puma":"10306","name":"Pinellas County (Central)--Greater Pinellas Park City PUMA"},"geometry":{"type":"Polygon","coordinates":[[[-82.7647,27.8188],[-82.7609,27.8207],[-82.7602,27.8207],[-82.7565,27.8289],[-82.7544,27.829],[-82.7539,27.8291],[-82.754,27.8332],[-82.7542,27.8343],[-82.7527,27.8369],[-82.7525,27.8381],[-82.7519,27.8391],[-82.752,27.8391],[-82.75,27.845],[-82.7494,27.8457],[-82.7494,27.8461],[-82.7498,27.847],[-82.7494,27.8478],[-82.7487,27.8483],[-82.7465,27.8516],[-82.7457,27.8528],[-82.7454,27.8533],[-82.7438,27.8557],[-82.7423,27.8576],[-82.7408,27.8593],[-82.7375,27.8613],[-82.7374,27.8614],[-82.7383,27.8634],[-82.7433,27.8667],[-82.7447,27.8686],[-82.7456,27.8723],[-82.7456,27.8778],[-82.7457,27.8796],[-82.7457,27.8842],[-82.7457,27.8868],[-82.7436,27.8869],[-82.737,27.8867],[-82.7365,27.8867],[-82.7353,27.8866],[-82.735,27.8866],[-82.734,27.8866],[-82.7309,27.8865],[-82.7301,27.8864],[-82.7292,27.8864],[-82.7291,27.8864],[-82.7291,27.8903],[-82.729,27.8907],[-82.7289,27.8937],[-82.7278,27.8937],[-82.7268,27.8937],[-82.7259,27.8937],[-82.7243,27.8937],[-82.7224,27.8937],[-82.7208,27.8938],[-82.7187,27.8939],[-82.7183,27.8939],[-82.7177,27.8939],[-82.7177,27.8939],[-82.7126,27.8939],[-82.7105,27.8939],[-82.7045,27.8939],[-82.7044,27.8939],[-82.7023,27.8939],[-82.7018,27.8939],[-82.701,27.8939],[-82.7004,27.8939],[-82.6988,27.8939],[-82.6963,27.8939],[-82.6956,27.8938],[-82.6913,27.8938],[-82.6874,27.8938],[-82.6871,27.8938],[-82.6833,27.8938],[-82.6819,27.8939],[-82.6795,27.8939],[-82.6736,27.8938],[-82.6682,27.8938],[-82.6628,27.8938],[-82.6599,27.8938],[-82.6506,27.8938],[-82.6469,27.8935],[-82.6454,27.8935],[-82.645,27.8935],[-82.6466,27.8914],[-82.6469,27.8864],[-82.647,27.8822],[-82.647,27.8769],[-82.647,27.872],[-82.647,27.8699],[-82.647,27.8648],[-82.647,27.8627],[-82.647,27.8613],[-82.647,27.8534],[-82.6469,27.8516],[-82.6469,27.8498],[-82.6469,27.8475],[-82.647,27.8432],[-82.647,27.8429],[-82.647,27.8357],[-82.6469,27.8285],[-82.6468,27.8212],[-82.655,27.8211],[-82.6607,27.8211],[-82.6612,27.8211],[-82.6624,27.8211],[-82.6632,27.8211],[-82.6645,27.8211],[-82.6645,27.8175],[-82.6644,27.8125],[-82.6629,27.8088],[-82.664,27.8084],[-82.6652,27.8083],[-82.6714,27.8083],[-82.6788,27.8084],[-82.6795,27.8085],[-82.6826,27.8083],[-82.6877,27.8083],[-82.6919,27.8083],[-82.6928,27.8083],[-82.696,27.8082],[-82.697,27.8082],[-82.7,27.8082],[-82.7082,27.8082],[-82.7082,27.8082],[-82.7095,27.8083],[-82.7123,27.8082],[-82.7128,27.8082],[-82.7204,27.8082],[-82.7225,27.8082],[-82.7286,27.8082],[-82.7328,27.8082],[-82.7369,27.8082],[-82.741,27.8082],[-82.7497,27.8082],[-82.7498,27.81],[-82.7539,27.8109],[-82.7539,27.8098],[-82.7539,27.8096],[-82.7538,27.8094],[-82.7538,27.8084],[-82.7538,27.8082],[-82.7582,27.8082],[-82.7638,27.8082],[-82.7638,27.8124],[-82.7638,27.813],[-82.7638,27.8135],[-82.7641,27.8159],[-82.7647,27.8188]]]}},{"type":"Feature","properties":{"geoid":"1209509","puma":"09509","name":"Orange County (Southeast) PUMA"},"geometry":{"type":"Polygon","coordinates":[[[-81.4257,28.3765],[-81.4256,28.3796],[-81.4253,28.3812],[-81.4249,28.3853],[-81.4249,28.3886],[-81.425,28.397],[-81.425,28.4016],[-81.4251,28.4074],[-81.4248,28.4088],[-81.4229,28.4134],[-81.4227,28.415],[-81.4227,28.4219],[-81.4227,28.4221],[-81.4204,28.4235],[-81.4163,28.4288],[-81.4138,28.431],[-81.4088,28.4335],[-81.4048,28.4345],[-81.4037,28.4348],[-81.4013,28.436],[-81.3973,28.4396],[-81.395,28.4411],[-81.3928,28.4419],[-81.3781,28.4456],[-81.3669,28.4458],[-81.365,28.4458],[-81.3614,28.4458],[-81.3583,28.4467],[-81.3507,28.4504],[-81.3488,28.4508],[-81.3457,28.4507],[-81.3451,28.4507],[-81.3418,28.4505],[-81.3388,28.4506],[-81.3355,28.4509],[-81.3334,28.4511],[-81.3305,28.4512],[-81.3091,28.4513],[-81.3082,28.4513],[-81.3015,28.4513],[-81.2962,28.4508],[-81.2815,28.4487],[-81.2702,28.4487],[-81.2644,28.4487],[-81.2643,28.4487],[-81.2606,28.4487],[-81.2571,28.4489],[-81.254,28.4496],[-81.2535,28.4498],[-81.2475,28.4513],[-81.2444,28.4515],[-81.2306,28.4515],[-81.1611,28.4518],[-81.1609,28.4518],[-81.1446,28.4517],[-81.1083,28.4515],[-81.095,28.4517],[-81.0613,28.4521],[-81.0269,28.4525],[-80.9793,28.4527],[-80.8973,28.4529],[-80.8972,28.4529],[-80.8957,28.4512],[-80.8939,28.4508],[-80.892,28.4491],[-80.8902,28.4453],[-80.8939,28.4439],[-80.8931,28.4419],[-80.894,28.441],[-80.8947,28.4385],[-80.8943,28.4379],[-80.8955,28.4363],[-80.8964,28.4374],[-80.8982,28.4365],[-80.897,28.4354],[-80.8987,28.4349],[-80.8994,28.4335],[-80.9012,28.4332],[-80.9001,28.4315],[-80.8983,28.4318],[-80.8978,28.4296],[-80.8969,28.4281],[-80.8971,28.4264],[-80.8987,28.4261],[-80.8965,28.425],[-80.8969,28.4233],[-80.8958,28.4231],[-80.8955,28.4207],[-80.8965,28.4187],[-80.8949,28.4182],[-80.8945,28.4192],[-80.8924,28.4185],[-80.8911,28.4162],[-80.8882,28.4158],[-80.8879,28.4128],[-80.885,28.4109],[-80.8848,28.4087],[-80.883,28.4082],[-80.8832,28.4065],[-80.885,28.4063],[-80.8864,28.4038],[-80.8855,28.4024],[-80.8867,28.4],[-80.8862,28.3991],[-80.8847,28.3984],[-80.8847,28.3959],[-80.8869,28.3965],[-80.8871,28.3946],[-80.888,28.3936],[-80.8896,28.3931],[-80.8896,28.3923],[-80.8878,28.388],[-80.8884,28.3855],[-80.8855,28.3848],[-80.8825,28.3821],[-80.8814,28.3806],[-80.8796,28.3804],[-80.8795,28.3797],[-80.8798,28.3768],[-80.8819,28.3755],[-80.8815,28.3746],[-80.8801,28.3749],[-80.8803,28.3737],[-80.8793,28.3724],[-80.8778,28.3722],[-80.8767,28.3733],[-80.8753,28.3732],[-80.8728,28.3696],[-80.8725,28.3668],[-80.8738,28.3642],[-80.8739,28.3616],[-80.8718,28.3572],[-80.8687,28.3525],[-80.8667,28.3503],[-80.8629,28.3475],[-80.9253,28.3477],[-80.9396,28.3477],[-80.9406,28.3478],[-80.9491,28.3477],[-80.9944,28.3485],[-80.9998,28.3486],[-81.0232,28.3477],[-81.0947,28.3481],[-81.0996,28.3481],[-81.1742,28.3482],[-81.1982,28.3481],[-81.2111,28.3481],[-81.22,28.3481],[-81.2319,28.3482],[-81.2322,28.3482],[-81.2395,28.3481],[-81.24,28.3481],[-81.2601,28.3481],[-81.2693,28.3481],[-81.293,28.3481],[-81.3096,28.3481],[-81.3177,28.348],[-81.3197,28.3481],[-81.3219,28.348],[-81.3417,28.348],[-81.3499,28.348],[-81.3549,28.348],[-81.3627,28.3479],[-81.3628,28.3479],[-81.3676,28.3479],[-81.383,28.3479],[-81.3834,28.3479],[-81.3885,28.3479],[-81.3888,28.3479],[-81.3922,28.3478],[-81.3979,28.3478],[-81.404,28.3479],[-81.4042,28.3479],[-81.4195,28.3479],[-81.4198,28.3479],[-81.4197,28.353],[-81.4196,28.353],[-81.4195,28.3549],[-81.4199,28.3567],[-81.4202,28.3575],[-81.4239,28.3644],[-81.4254,28.3674],[-81.4257,28.3726],[-81.4257,28.3762],[-81.4257,28.3765]]]}},{"type":"Feature","properties":{"geoid":"1201107","puma":"01107","name":"Broward County (Central)--Lauderhill & Lauderdale Lakes Cities PUMA"},"geometry":{"type":"Polygon","coordinates":[[[-80.2681,26.1937],[-80.252,26.1937],[-80.244,26.1937],[-80.236,26.1937],[-80.2356,26.1793],[-80.2297,26.1793],[-80.2199,26.1793],[-80.2192,26.1793],[-80.2198,26.1755],[-80.2199,26.1729],[-80.2194,26.1728],[-80.219,26.1727],[-80.2115,26.1728],[-80.2112,26.1728],[-80.2069,26.1729],[-80.2033,26.1729],[-80.2035,26.1762],[-80.2036,26.1803],[-80.2034,26.1803],[-80.1963,26.1803],[-80.1955,26.1803],[-80.1933,26.1803],[-80.1873,26.1804],[-80.1873,26.1795],[-80.1872,26.1739],[-80.1872,26.173],[-80.1872,26.1729],[-80.1872,26.1714],[-80.1871,26.1654],[-80.1869,26.1654],[-80.1869,26.1617],[-80.187,26.158],[-80.187,26.1553],[-80.187,26.1526],[-80.1869,26.1508],[-80.1869,26.1507],[-80.1867,26.1429],[-80.1866,26.1416],[-80.1865,26.1362],[-80.1864,26.1305],[-80.1864,26.1286],[-80.1782,26.1288],[-80.178,26.1217],[-80.178,26.1215],[-80.1831,26.1213],[-80.1862,26.1213],[-80.194,26.1211],[-80.1972,26.121],[-80.1986,26.121],[-80.202,26.1209],[-80.2021,26.1236],[-80.2023,26.1283],[-80.2025,26.1337],[-80.2025,26.136],[-80.2026,26.1376],[-80.2127,26.1375],[-80.2158,26.1375],[-80.2152,26.1359],[-80.216,26.136],[-80.2162,26.136],[-80.2166,26.1375],[-80.2171,26.1375],[-80.2191,26.1375],[-80.2194,26.136],[-80.2198,26.136],[-80.2201,26.1377],[-80.2231,26.1378],[-80.2231,26.1377],[-80.2231,26.1358],[-80.2243,26.1358],[-80.2242,26.1375],[-80.2265,26.1375],[-80.2268,26.1375],[-80.2268,26.143],[-80.227,26.1502],[-80.231,26.1503],[-80.2311,26.1564],[-80.2313,26.1647],[-80.2353,26.1647],[-80.2394,26.1647],[-80.241,26.1648],[-80.2423,26.1647],[-80.2426,26.1645],[-80.2447,26.1643],[-80.2447,26.1646],[-80.2447,26.1657],[-80.2448,26.167],[-80.2451,26.1682],[-80.2477,26.1722],[-80.2487,26.1751],[-80.2476,26.1777],[-80.2492,26.1787],[-80.2499,26.179],[-80.2517,26.1792],[-80.2598,26.1791],[-80.2638,26.1791],[-80.2678,26.1791],[-80.2678,26.182],[-80.2679,26.1865],[-80.2681,26.1937]]]}},{"type":"Feature","properties":{"geoid":"1205706","puma":"05706","name":"Hillsborough County (Northeast) PUMA"},"geometry":{"type":"Polygon","coordinates":[[[-82.3269,28.0023],[-82.3248,28.0025],[-82.3191,28.0034],[-82.3146,28.004],[-82.3024,28.0063],[-82.3027,28.0362],[-82.3027,28.0425],[-82.3027,28.0507],[-82.3193,28.0508],[-82.32,28.0512],[-82.3149,28.0544],[-82.3131,28.0558],[-82.3084,28.0617],[-82.3065,28.0641],[-82.3031,28.0686],[-82.3024,28.0696],[-82.3003,28.0716],[-82.2985,28.0729],[-82.2866,28.0792],[-82.2852,28.0796],[-82.2817,28.0798],[-82.2803,28.0802],[-82.2777,28.0815],[-82.2716,28.0858],[-82.271,28.0863],[-82.2584,28.0952],[-82.2553,28.0978],[-82.2544,28.0987],[-82.2494,28.1062],[-82.2452,28.1127],[-82.2432,28.1156],[-82.2367,28.1257],[-82.2367,28.1273],[-82.2426,28.1273],[-82.2426,28.1324],[-82.2471,28.1324],[-82.2471,28.1339],[-82.2513,28.1414],[-82.2429,28.1409],[-82.2395,28.14],[-82.2388,28.1378],[-82.2287,28.1379],[-82.2245,28.1445],[-82.2221,28.1482],[-82.2211,28.1501],[-82.2228,28.1507],[-82.2252,28.1506],[-82.2277,28.1517],[-82.2286,28.1508],[-82.2286,28.153],[-82.2496,28.1526],[-82.2495,28.1491],[-82.2539,28.1491],[-82.2539,28.1473],[-82.2598,28.1473],[-82.2596,28.1419],[-82.2619,28.1419],[-82.2619,28.1394],[-82.2653,28.1357],[-82.2665,28.1366],[-82.2675,28.1355],[-82.268,28.137],[-82.2702,28.1383],[-82.2743,28.1383],[-82.2743,28.1357],[-82.2756,28.1357],[-82.2756,28.1337],[-82.2794,28.1337],[-82.2802,28.1324],[-82.2831,28.1328],[-82.2831,28.1317],[-82.2862,28.1318],[-82.2862,28.131],[-82.2884,28.1311],[-82.2897,28.1292],[-82.2906,28.1292],[-82.2894,28.1311],[-82.2891,28.1315],[-82.2882,28.1329],[-82.2849,28.1377],[-82.282,28.1437],[-82.281,28.1457],[-82.2807,28.1463],[-82.2801,28.147],[-82.2782,28.1493],[-82.2767,28.1512],[-82.2763,28.1518],[-82.2728,28.1561],[-82.2723,28.1566],[-82.2537,28.1566],[-82.254,28.1712],[-82.2543,28.1715],[-82.2188,28.1719],[-82.212,28.1719],[-82.1948,28.1719],[-82.1841,28.1717],[-82.156,28.1717],[-82.1557,28.1717],[-82.1393,28.1717],[-82.1388,28.1718],[-82.1248,28.1721],[-82.1059,28.1716],[-82.0652,28.1716],[-82.0563,28.1716],[-82.0563,28.1601],[-82.0563,28.1311],[-82.0565,28.1133],[-82.0565,28.1109],[-82.0566,28.1088],[-82.0565,28.0998],[-82.0564,28.096],[-82.0564,28.0804],[-82.0562,28.0476],[-82.0561,28.0414],[-82.0559,28.0403],[-82.056,28.0386],[-82.0559,28.0369],[-82.0559,28.0367],[-82.0559,28.0347],[-82.0559,28.0335],[-82.0559,28.0318],[-82.0559,28.0294],[-82.0558,28.0274],[-82.0558,28.0272],[-82.0557,28.0269],[-82.0557,28.0262],[-82.0557,28.0258],[-82.0557,28.0251],[-82.0556,28.0047],[-82.0559,28.0027],[-82.0559,28.0016],[-82.0559,27.9965],[-82.0559,27.9964],[-82.0555,27.9928],[-82.056,27.9856],[-82.0559,27.9821],[-82.0557,27.9747],[-82.0556,27.9709],[-82.0556,27.9708],[-82.0556,27.9674],[-82.0556,27.9638],[-82.0554,27.9529],[-82.0554,27.9504],[-82.0553,27.9382],[-82.0553,27.9273],[-82.0553,27.9271],[-82.0697,27.9269],[-82.073,27.9271],[-82.0761,27.9282],[-82.0885,27.9368],[-82.0911,27.9376],[-82.0924,27.9378],[-82.1213,27.9376],[-82.1477,27.9375],[-82.1705,27.9375],[-82.1827,27.9375],[-82.1843,27.9375],[-82.1868,27.9376],[-82.1874,27.9375],[-82.194,27.9375],[-82.203,27.9377],[-82.2107,27.9376],[-82.2196,27.9377],[-82.2195,27.9267],[-82.2203,27.9271],[-82.2281,27.9337],[-82.2279,27.9232],[-82.2364,27.9232],[-82.2445,27.9233],[-82.2527,27.9233],[-82.2528,27.9275],[-82.2528,27.9379],[-82.2528,27.9453],[-82.2528,27.9477],[-82.2528,27.9509],[-82.2528,27.9519],[-82.2528,27.9525],[-82.2528,27.9616],[-82.2528,27.9671],[-82.2528,27.9675],[-82.2528,27.9743],[-82.2529,27.9879],[-82.2579,27.987],[-82.2721,27.9846],[-82.2777,27.9825],[-82.2859,27.9794],[-82.29,27.9779],[-82.2927,27.9769],[-82.2948,27.9765],[-82.2982,27.9769],[-82.3024,27.9775],[-82.3065,27.9781],[-82.3105,27.9764],[-82.3159,27.9738],[-82.3187,27.9734],[-82.3261,27.9729],[-82.3266,27.9729],[-82.3266,27.9733],[-82.3267,27.9812],[-82.3268,27.9971],[-82.3273,28.0022],[-82.3269,28.0023]]]}},{"type":"Feature","properties":{"geoid":"1208606","puma":"08606","name":"Miami-Dade County (Northeast)--Opa-Locka City, West Little River & Brownsville PUMA"},"geometry":{"type":"Polygon","coordinates":[[[-80.2926,25.9134],[-80.2761,25.9142],[-80.2602,25.9149],[-80.2591,25.915],[-80.2583,25.915],[-80.2522,25.9152],[-80.2443,25.9154],[-80.2362,25.9157],[-80.2281,25.916],[-80.2278,25.916],[-80.2234,25.9163],[-80.2184,25.9165],[-80.2217,25.9136],[-80.2229,25.9128],[-80.2277,25.9086],[-80.2283,25.9083],[-80.2309,25.906],[-80.2357,25.9034],[-80.2365,25.903],[-80.2363,25.8982],[-80.2362,25.8982],[-80.2355,25.8982],[-80.2355,25.8974],[-80.2314,25.8975],[-80.2274,25.8976],[-80.2272,25.894],[-80.2271,25.8908],[-80.227,25.8904],[-80.2269,25.8867],[-80.2267,25.8831],[-80.2187,25.8834],[-80.2146,25.8836],[-80.2106,25.8837],[-80.2094,25.8838],[-80.2091,25.8838],[-80.2092,25.8802],[-80.2091,25.8765],[-80.2087,25.8692],[-80.2084,25.8619],[-80.2083,25.8572],[-80.2054,25.8573],[-80.2055,25.8582],[-80.2034,25.8583],[-80.2014,25.8584],[-80.1973,25.8585],[-80.1973,25.8583],[-80.1971,25.8531],[-80.1971,25.853],[-80.1971,25.8525],[-80.197,25.8511],[-80.197,25.8506],[-80.197,25.8497],[-80.1969,25.8479],[-80.1969,25.8474],[-80.2035,25.8473],[-80.2078,25.8471],[-80.2076,25.846],[-80.2066,25.8434],[-80.2063,25.8422],[-80.2062,25.8397],[-80.2089,25.8397],[-80.217,25.8394],[-80.2253,25.8391],[-80.2249,25.8317],[-80.2247,25.8281],[-80.2246,25.8244],[-80.2244,25.8208],[-80.2243,25.8171],[-80.2241,25.8148],[-80.224,25.8127],[-80.224,25.8122],[-80.2281,25.8121],[-80.2322,25.812],[-80.2361,25.8121],[-80.2404,25.8123],[-80.2485,25.8122],[-80.2498,25.812],[-80.2526,25.8114],[-80.2559,25.8107],[-80.2566,25.8105],[-80.2585,25.8096],[-80.2585,25.8104],[-80.2586,25.8106],[-80.2587,25.816],[-80.259,25.8234],[-80.2592,25.8307],[-80.2594,25.8381],[-80.2595,25.839],[-80.2595,25.8422],[-80.2596,25.8455],[-80.2596,25.8482],[-80.2601,25.8601],[-80.2601,25.8601],[-80.2602,25.8675],[-80.2603,25.8707],[-80.2669,25.8705],[-80.2669,25.871],[-80.267,25.8746],[-80.2672,25.8818],[-80.2712,25.8817],[-80.2731,25.8817],[-80.275,25.8816],[-80.2791,25.8815],[-80.2836,25.8814],[-80.2873,25.8813],[-80.2875,25.8813],[-80.2912,25.8812],[-80.2913,25.8843],[-80.2916,25.8898],[-80.2916,25.8916],[-80.2917,25.8925],[-80.2918,25.8943],[-80.2918,25.8946],[-80.2919,25.8963],[-80.292,25.8986],[-80.292,25.8988],[-80.2925,25.9099],[-80.2926,25.9134]]]}},{"type":"Feature","properties":{"geoid":"1210104","puma":"10104","name":"Pasco County (South) PUMA"},"geometry":{"type":"Polygon","coordinates":[[[-82.7187,28.1741],[-82.7173,28.175],[-82.7154,28.1789],[-82.7154,28.1821],[-82.7177,28.1829],[-82.7169,28.1834],[-82.7164,28.1835],[-82.715,28.1843],[-82.7152,28.1846],[-82.716,28.1847],[-82.7182,28.1868],[-82.717,28.1919],[-82.7187,28.1942],[-82.7173,28.1952],[-82.7058,28.1953],[-82.7046,28.1946],[-82.6989,28.1945],[-82.699,28.1925],[-82.6976,28.1923],[-82.6972,28.1944],[-82.6952,28.1942],[-82.6898,28.1951],[-82.6897,28.1952],[-82.6895,28.1954],[-82.6892,28.1955],[-82.689,28.1951],[-82.6881,28.1933],[-82.6852,28.1946],[-82.683,28.1969],[-82.6829,28.2025],[-82.6829,28.2061],[-82.6785,28.2061],[-82.6775,28.2066],[-82.676,28.2061],[-82.666,28.2061],[-82.6546,28.2061],[-82.6534,28.2057],[-82.6526,28.2052],[-82.6516,28.2042],[-82.6451,28.1984],[-82.6452,28.1983],[-82.6416,28.1953],[-82.635,28.1932],[-82.6232,28.19],[-82.6209,28.19],[-82.6209,28.1901],[-82.6172,28.1905],[-82.614,28.1908],[-82.6094,28.1913],[-82.5944,28.1941],[-82.5923,28.1942],[-82.5817,28.1969],[-82.5686,28.2031],[-82.5678,28.2034],[-82.5483,28.2087],[-82.5373,28.2118],[-82.5371,28.2119],[-82.5346,28.2126],[-82.5246,28.2153],[-82.5182,28.2173],[-82.5018,28.2225],[-82.4976,28.2238],[-82.4935,28.2251],[-82.4896,28.2269],[-82.4853,28.2312],[-82.4813,28.2355],[-82.4721,28.2238],[-82.4688,28.2199],[-82.4653,28.2155],[-82.4639,28.2138],[-82.4634,28.2127],[-82.4627,28.211],[-82.4626,28.2101],[-82.4622,28.2089],[-82.461,28.2137],[-82.4608,28.2144],[-82.4602,28.2155],[-82.4583,28.2189],[-82.4581,28.2194],[-82.4578,28.2209],[-82.4578,28.2267],[-82.4569,28.2267],[-82.4497,28.2252],[-82.4483,28.2239],[-82.4438,28.226],[-82.4385,28.2293],[-82.4377,28.2293],[-82.4369,28.2293],[-82.4355,28.2295],[-82.4329,28.2289],[-82.4258,28.2289],[-82.4256,28.2307],[-82.4226,28.2329],[-82.4191,28.2345],[-82.4174,28.2369],[-82.4128,28.2401],[-82.4128,28.2383],[-82.4092,28.2371],[-82.4035,28.2362],[-82.3987,28.2355],[-82.3964,28.2346],[-82.3922,28.2352],[-82.3894,28.2353],[-82.3846,28.2362],[-82.3843,28.2364],[-82.3772,28.2367],[-82.3748,28.2376],[-82.3724,28.2377],[-82.3695,28.2351],[-82.3694,28.2353],[-82.3674,28.2374],[-82.3665,28.238],[-82.3643,28.2384],[-82.3575,28.2375],[-82.3546,28.237],[-82.3542,28.2369],[-82.3516,28.2364],[-82.3497,28.2364],[-82.3365,28.24],[-82.3338,28.2403],[-82.3325,28.2404],[-82.3244,28.2405],[-82.3161,28.2405],[-82.3133,28.2405],[-82.3126,28.2405],[-82.3107,28.2402],[-82.3083,28.2388],[-82.304,28.2349],[-82.3009,28.2335],[-82.2997,28.233],[-82.297,28.2319],[-82.2955,28.2312],[-82.293,28.2302],[-82.2879,28.228],[-82.2794,28.2234],[-82.2789,28.2231],[-82.2758,28.2214],[-82.274,28.2208],[-82.2669,28.2198],[-82.2583,28.2187],[-82.2462,28.2188],[-82.2435,28.2188],[-82.2417,28.2194],[-82.2338,28.2245],[-82.2294,28.2273],[-82.2268,28.229],[-82.2246,28.2298],[-82.2174,28.2299],[-82.2133,28.2299],[-82.2132,28.2227],[-82.2132,28.2181],[-82.2131,28.208],[-82.2048,28.2081],[-82.2049,28.2154],[-82.1966,28.2154],[-82.1961,28.2154],[-82.1925,28.2154],[-82.1888,28.2154],[-82.1883,28.2154],[-82.1883,28.2159],[-82.1863,28.2164],[-82.1842,28.2154],[-82.1799,28.2154],[-82.1794,28.2154],[-82.1715,28.2155],[-82.1714,28.2155],[-82.1715,28.2158],[-82.1723,28.2205],[-82.172,28.2228],[-82.1715,28.2229],[-82.1679,28.2232],[-82.1641,28.2203],[-82.1611,28.2192],[-82.1551,28.2192],[-82.155,28.2177],[-82.1514,28.213],[-82.1515,28.2104],[-82.1516,28.2068],[-82.1516,28.2068],[-82.1501,28.2041],[-82.15,28.2008],[-82.152,28.198],[-82.1506,28.1989],[-82.1484,28.1954],[-82.1465,28.1964],[-82.1456,28.1994],[-82.1441,28.1984],[-82.1395,28.2002],[-82.134,28.2012],[-82.1323,28.2035],[-82.1295,28.2046],[-82.1292,28.2066],[-82.128,28.2066],[-82.1263,28.205],[-82.1232,28.2032],[-82.1216,28.2016],[-82.12,28.1995],[-82.1189,28.1972],[-82.1059,28.1973],[-82.1059,28.1716],[-82.1248,28.1721],[-82.1388,28.1718],[-82.1393,28.1717],[-82.1557,28.1717],[-82.156,28.1717],[-82.1841,28.1717],[-82.1948,28.1719],[-82.212,28.1719],[-82.2188,28.1719],[-82.2543,28.1715],[-82.2597,28.1715],[-82.2707,28.1715],[-82.2865,28.1715],[-82.2944,28.1715],[-82.2998,28.1714],[-82.3104,28.1714],[-82.3132,28.1714],[-82.3142,28.1714],[-82.3199,28.1714],[-82.3201,28.1714],[-82.3246,28.1715],[-82.3269,28.1715],[-82.3371,28.1714],[-82.3519,28.1713],[-82.3537,28.1713],[-82.3539,28.1713],[-82.3622,28.1713],[-82.3819,28.171],[-82.3822,28.1711],[-82.3831,28.1712],[-82.3855,28.1712],[-82.3887,28.1712],[-82.392,28.1713],[-82.3937,28.1713],[-82.394,28.1713],[-82.3946,28.1713],[-82.4033,28.1712],[-82.4105,28.1712],[-82.4125,28.1712],[-82.4139,28.1712],[-82.4282,28.1713],[-82.4324,28.1711],[-82.4345,28.1714],[-82.4492,28.1718],[-82.4546,28.1718],[-82.4577,28.1718],[-82.4615,28.1718],[-82.4617,28.1718],[-82.474,28.1719],[-82.4743,28.1719],[-82.4849,28.1722],[-82.4928,28.1724],[-82.498,28.1725],[-82.502,28.1722],[-82.5063,28.1723],[-82.5162,28.1727],[-82.5165,28.1727],[-82.5358,28.1728],[-82.536,28.1726],[-82.5557,28.1729],[-82.5797,28.173],[-82.5918,28.1732],[-82.5965,28.1732],[-82.6005,28.1733],[-82.6193,28.1734],[-82.6512,28.1733],[-82.6541,28.1733],[-82.6721,28.1733],[-82.6745,28.1733],[-82.699,28.1732],[-82.7202,28.1732],[-82.7187,28.1741]]]}},{"type":"Feature","properties":{"geoid":"1210308","puma":"10308","name":"Pinellas County (South Central)--St. Petersburg City (West) PUMA"},"geometry":{"type":"MultiPolygon","coordinates":[[[[-82.6955,27.6655],[-82.6939,27.6687],[-82.6879,27.668],[-82.6856,27.6647],[-82.6872,27.6626],[-82.6912,27.6628],[-82.6951,27.6616],[-82.6955,27.6655]]],[[[-82.7715,27.7967],[-82.7678,27.7988],[-82.7653,27.8001],[-82.7648,27.8037],[-82.7648,27.8081],[-82.7638,27.8082],[-82.7582,27.8082],[-82.7538,27.8082],[-82.7538,27.8084],[-82.7538,27.8094],[-82.7539,27.8096],[-82.7539,27.8098],[-82.7539,27.8109],[-82.7498,27.81],[-82.7497,27.8082],[-82.741,27.8082],[-82.7369,27.8082],[-82.7328,27.8082],[-82.7286,27.8082],[-82.7225,27.8082],[-82.7204,27.8082],[-82.7128,27.8082],[-82.7123,27.8082],[-82.7095,27.8083],[-82.7082,27.8082],[-82.7082,27.8082],[-82.7,27.8082],[-82.697,27.8082],[-82.696,27.8082],[-82.6928,27.8083],[-82.6919,27.8083],[-82.6877,27.8083],[-82.6826,27.8083],[-82.6795,27.8085],[-82.6795,27.8065],[-82.6795,27.8028],[-82.6795,27.7992],[-82.6795,27.7919],[-82.6794,27.7846],[-82.6794,27.7809],[-82.6794,27.7791],[-82.6794,27.7773],[-82.6794,27.7765],[-82.6794,27.771],[-82.6794,27.7701],[-82.6794,27.7686],[-82.6794,27.7665],[-82.6794,27.7628],[-82.6794,27.7592],[-82.6794,27.7574],[-82.6786,27.7574],[-82.6764,27.7574],[-82.6765,27.7563],[-82.6768,27.7556],[-82.677,27.755],[-82.6771,27.752],[-82.6772,27.7484],[-82.677,27.7447],[-82.6763,27.7411],[-82.6758,27.7368],[-82.6762,27.7338],[-82.6771,27.729],[-82.6772,27.7278],[-82.6774,27.7232],[-82.6775,27.7229],[-82.6774,27.7227],[-82.6773,27.7202],[-82.6777,27.7192],[-82.679,27.7171],[-82.6795,27.716],[-82.6797,27.7153],[-82.6796,27.7139],[-82.6793,27.7089],[-82.6792,27.6949],[-82.6798,27.6949],[-82.6799,27.6954],[-82.6801,27.7005],[-82.6801,27.7008],[-82.6803,27.7052],[-82.6803,27.7058],[-82.6839,27.7041],[-82.6846,27.7038],[-82.6848,27.7037],[-82.6891,27.6995],[-82.6915,27.6999],[-82.6937,27.7002],[-82.6977,27.702],[-82.6986,27.7081],[-82.7073,27.7062],[-82.7113,27.7054],[-82.7115,27.7054],[-82.7132,27.7038],[-82.7134,27.7037],[-82.7135,27.7019],[-82.7136,27.6987],[-82.7155,27.6963],[-82.7166,27.6948],[-82.7173,27.694],[-82.7173,27.6939],[-82.7178,27.6934],[-82.7188,27.692],[-82.7188,27.692],[-82.7165,27.6887],[-82.7189,27.6862],[-82.7191,27.686],[-82.7196,27.6741],[-82.7242,27.6733],[-82.7243,27.6733],[-82.7242,27.6687],[-82.7212,27.6653],[-82.7211,27.6644],[-82.7228,27.6639],[-82.7238,27.6636],[-82.7237,27.6624],[-82.7217,27.6607],[-82.7181,27.6578],[-82.7163,27.6514],[-82.7162,27.6513],[-82.7162,27.6513],[-82.7143,27.6489],[-82.7131,27.6473],[-82.7126,27.6466],[-82.7144,27.6454],[-82.7148,27.6429],[-82.7135,27.6417],[-82.7111,27.6418],[-82.708,27.6301],[-82.7063,27.6292],[-82.7043,27.6304],[-82.7002,27.638],[-82.6989,27.6386],[-82.6982,27.6378],[-82.7025,27.6278],[-82.705,27.6253],[-82.7306,27.6143],[-82.7347,27.6119],[-82.737,27.6126],[-82.7366,27.6173],[-82.7358,27.6249],[-82.7372,27.6275],[-82.7376,27.6328],[-82.74,27.6372],[-82.7442,27.6483],[-82.7443,27.6487],[-82.7453,27.6537],[-82.7453,27.6538],[-82.743,27.6706],[-82.743,27.6706],[-82.7419,27.6755],[-82.7413,27.677],[-82.7395,27.6811],[-82.7387,27.683],[-82.7384,27.6837],[-82.7383,27.6904],[-82.7381,27.7044],[-82.738,27.7054],[-82.738,27.7068],[-82.7383,27.7083],[-82.7403,27.7182],[-82.7411,27.7197],[-82.7435,27.7242],[-82.7454,27.7279],[-82.7466,27.7302],[-82.7496,27.7327],[-82.7497,27.7328],[-82.7537,27.7363],[-82.7549,27.7377],[-82.7549,27.7378],[-82.7555,27.7385],[-82.7539,27.7396],[-82.7545,27.7406],[-82.759,27.7492],[-82.76,27.7526],[-82.7611,27.7562],[-82.7617,27.7584],[-82.7599,27.7587],[-82.7575,27.7593],[-82.7571,27.7607],[-82.7542,27.7643],[-82.7533,27.7667],[-82.7534,27.7708],[-82.7534,27.7724],[-82.7534,27.775],[-82.7539,27.7758],[-82.7578,27.7833],[-82.7608,27.7891],[-82.7707,27.796],[-82.7716,27.7966],[-82.7715,27.7967]]]]}},{"type":"Feature","properties":{"geoid":"1203105","puma":"03105","name":"Duval County (East)--Jacksonville City (Beaches) PUMA"},"geometry":{"type":"Polygon","coordinates":[[[-81.526,30.3074],[-81.5257,30.3087],[-81.5253,30.3109],[-81.5253,30.3129],[-81.5247,30.3166],[-81.5232,30.3213],[-81.5231,30.3244],[-81.5234,30.3387],[-81.5236,30.3479],[-81.5238,30.3549],[-81.5224,30.3553],[-81.5202,30.3561],[-81.5168,30.3591],[-81.5155,30.3615],[-81.5154,30.3679],[-81.5135,30.3722],[-81.5113,30.3766],[-81.5104,30.3781],[-81.5085,30.3791],[-81.5026,30.3794],[-81.4991,30.3795],[-81.4986,30.3798],[-81.4971,30.3825],[-81.4953,30.3851],[-81.4897,30.3863],[-81.4876,30.3837],[-81.486,30.3835],[-81.484,30.3861],[-81.4888,30.3878],[-81.4906,30.3892],[-81.4909,30.3921],[-81.4708,30.392],[-81.4638,30.3871],[-81.4593,30.3839],[-81.4503,30.3809],[-81.439,30.3865],[-81.4236,30.403],[-81.4113,30.4024],[-81.4116,30.4022],[-81.4105,30.4005],[-81.4059,30.3978],[-81.4048,30.3972],[-81.403,30.3946],[-81.3947,30.3965],[-81.3935,30.3956],[-81.3971,30.3813],[-81.3976,30.3795],[-81.398,30.3617],[-81.398,30.3608],[-81.3965,30.3363],[-81.3962,30.3311],[-81.3959,30.3292],[-81.3952,30.3246],[-81.3935,30.3145],[-81.3933,30.3131],[-81.3929,30.3106],[-81.3924,30.3077],[-81.3919,30.3044],[-81.3908,30.3004],[-81.3907,30.2998],[-81.3904,30.2989],[-81.3883,30.291],[-81.3878,30.2887],[-81.3869,30.2849],[-81.3869,30.2847],[-81.3857,30.2795],[-81.3857,30.2794],[-81.3851,30.2767],[-81.3845,30.274],[-81.3845,30.274],[-81.3845,30.2739],[-81.3827,30.2654],[-81.3827,30.2653],[-81.3809,30.2568],[-81.3799,30.2529],[-81.3807,30.2529],[-81.3818,30.2528],[-81.3884,30.2528],[-81.3943,30.2528],[-81.4006,30.2527],[-81.4293,30.2523],[-81.4301,30.2522],[-81.4283,30.2572],[-81.4283,30.2574],[-81.4266,30.2606],[-81.4226,30.267],[-81.4219,30.2682],[-81.421,30.2712],[-81.4207,30.2743],[-81.42,30.276],[-81.4212,30.2882],[-81.434,30.2879],[-81.4377,30.2879],[-81.4419,30.2879],[-81.4484,30.2878],[-81.449,30.2878],[-81.4549,30.2877],[-81.4588,30.2877],[-81.4618,30.2876],[-81.4673,30.2876],[-81.4887,30.2873],[-81.5049,30.2872],[-81.5057,30.2871],[-81.5216,30.287],[-81.5225,30.287],[-81.5237,30.2869],[-81.5257,30.2869],[-81.5258,30.2945],[-81.5259,30.3012],[-81.526,30.3062],[-81.526,30.3074]]]}},{"type":"Feature","properties":{"geoid":"1208603","puma":"08603","name":"Miami-Dade County (Northeast)--Greater North Miami Beach City (West) PUMA"},"geometry":{"type":"Polygon","coordinates":[[[-80.2212,25.9419],[-80.2132,25.9422],[-80.2052,25.9426],[-80.2054,25.9498],[-80.2057,25.9571],[-80.2058,25.9595],[-80.2058,25.9599],[-80.2059,25.9656],[-80.2061,25.9721],[-80.2062,25.9726],[-80.2021,25.9729],[-80.198,25.973],[-80.1944,25.9732],[-80.1908,25.9732],[-80.1828,25.9734],[-80.1819,25.9735],[-80.1745,25.9736],[-80.1665,25.9736],[-80.1657,25.9738],[-80.1652,25.9671],[-80.1656,25.964],[-80.1671,25.9611],[-80.1694,25.9591],[-80.1763,25.9547],[-80.1767,25.9544],[-80.1806,25.9513],[-80.1814,25.9506],[-80.1844,25.9481],[-80.185,25.9475],[-80.1851,25.9474],[-80.1843,25.9466],[-80.1828,25.9455],[-80.1823,25.9453],[-80.1818,25.9449],[-80.1805,25.9439],[-80.1792,25.9451],[-80.1764,25.9455],[-80.1733,25.9448],[-80.1724,25.9448],[-80.171,25.945],[-80.1685,25.9458],[-80.1649,25.946],[-80.1629,25.9461],[-80.1628,25.9443],[-80.1625,25.9371],[-80.1624,25.9352],[-80.1563,25.9355],[-80.1543,25.9356],[-80.1515,25.9357],[-80.1519,25.9347],[-80.1527,25.9333],[-80.156,25.9297],[-80.156,25.9287],[-80.156,25.9284],[-80.1559,25.9261],[-80.1543,25.9261],[-80.156,25.9206],[-80.1572,25.9166],[-80.1574,25.916],[-80.1576,25.9155],[-80.1577,25.915],[-80.1635,25.9148],[-80.1654,25.9147],[-80.1715,25.9145],[-80.1755,25.9143],[-80.1755,25.914],[-80.1754,25.9125],[-80.1751,25.9072],[-80.1792,25.907],[-80.1832,25.9069],[-80.1872,25.9067],[-80.1871,25.905],[-80.1869,25.8995],[-80.1889,25.8993],[-80.1911,25.8992],[-80.1919,25.8992],[-80.1937,25.8991],[-80.1949,25.899],[-80.1955,25.9035],[-80.1969,25.9059],[-80.1971,25.9063],[-80.1998,25.9101],[-80.2023,25.9137],[-80.2034,25.9148],[-80.2056,25.9161],[-80.2099,25.9169],[-80.2105,25.9169],[-80.2108,25.9185],[-80.2112,25.9202],[-80.2112,25.9217],[-80.2102,25.9242],[-80.2068,25.9274],[-80.2083,25.9278],[-80.2088,25.9283],[-80.2089,25.9284],[-80.2105,25.9299],[-80.2159,25.9351],[-80.216,25.9352],[-80.2227,25.9418],[-80.2212,25.9419]]]}},{"type":"Feature","properties":{"geoid":"1210304","puma":"10304","name":"Pinellas County (Central)--Greater Largo City PUMA"},"geometry":{"type":"Polygon","coordinates":[[[-82.8435,27.8854],[-82.8432,27.8859],[-82.8415,27.8892],[-82.8381,27.8939],[-82.838,27.8942],[-82.8367,27.8989],[-82.8369,27.8988],[-82.8363,27.9008],[-82.8335,27.9097],[-82.8325,27.913],[-82.8311,27.9162],[-82.8308,27.9169],[-82.8285,27.9221],[-82.8227,27.9222],[-82.8213,27.9243],[-82.8128,27.9242],[-82.8094,27.9242],[-82.8089,27.9242],[-82.8065,27.9241],[-82.8005,27.9241],[-82.8004,27.9285],[-82.8007,27.9311],[-82.8001,27.939],[-82.7999,27.9426],[-82.7999,27.9425],[-82.7997,27.9419],[-82.7976,27.9389],[-82.7957,27.939],[-82.7915,27.9389],[-82.7893,27.9389],[-82.7874,27.9389],[-82.7848,27.9389],[-82.7798,27.9388],[-82.7794,27.9388],[-82.7792,27.9388],[-82.775,27.9388],[-82.7749,27.9388],[-82.7744,27.9388],[-82.7742,27.9388],[-82.7721,27.9388],[-82.7708,27.9388],[-82.7625,27.9387],[-82.7624,27.9387],[-82.7584,27.9387],[-82.7571,27.9387],[-82.7537,27.9349],[-82.7531,27.9327],[-82.7542,27.9318],[-82.7542,27.9308],[-82.753,27.9293],[-82.752,27.9274],[-82.7501,27.9273],[-82.7486,27.9284],[-82.7459,27.9284],[-82.744,27.9284],[-82.7426,27.9284],[-82.7393,27.9306],[-82.739,27.9307],[-82.7389,27.9307],[-82.7386,27.9305],[-82.7384,27.9305],[-82.738,27.9304],[-82.7379,27.9305],[-82.7378,27.9307],[-82.7378,27.9311],[-82.7369,27.9318],[-82.7364,27.9329],[-82.7353,27.9331],[-82.7345,27.9336],[-82.7321,27.9342],[-82.7319,27.9347],[-82.7317,27.9354],[-82.7315,27.9362],[-82.7313,27.9366],[-82.7307,27.9367],[-82.7303,27.9367],[-82.73,27.9367],[-82.7299,27.9367],[-82.7263,27.9366],[-82.7257,27.9366],[-82.7259,27.9362],[-82.7244,27.9362],[-82.7219,27.9362],[-82.7219,27.9362],[-82.7206,27.9362],[-82.7148,27.9321],[-82.71,27.9288],[-82.7096,27.9286],[-82.703,27.9239],[-82.7021,27.9238],[-82.6983,27.9231],[-82.698,27.923],[-82.6978,27.923],[-82.6977,27.9229],[-82.6955,27.9228],[-82.6953,27.9228],[-82.6932,27.9227],[-82.6915,27.9253],[-82.6889,27.9244],[-82.6883,27.9191],[-82.6843,27.9158],[-82.6767,27.9138],[-82.6718,27.9131],[-82.6668,27.9124],[-82.6613,27.9099],[-82.6515,27.9065],[-82.6487,27.9061],[-82.6481,27.906],[-82.6475,27.9059],[-82.6471,27.9068],[-82.6467,27.9075],[-82.6457,27.9095],[-82.6455,27.9101],[-82.6443,27.9101],[-82.6396,27.9058],[-82.6392,27.9053],[-82.6384,27.9046],[-82.6372,27.9045],[-82.6315,27.9084],[-82.6309,27.9079],[-82.6308,27.9078],[-82.6337,27.9053],[-82.639,27.9],[-82.645,27.8935],[-82.6454,27.8935],[-82.6469,27.8935],[-82.6506,27.8938],[-82.6599,27.8938],[-82.6628,27.8938],[-82.6682,27.8938],[-82.6736,27.8938],[-82.6795,27.8939],[-82.6819,27.8939],[-82.6833,27.8938],[-82.6871,27.8938],[-82.6874,27.8938],[-82.6913,27.8938],[-82.6956,27.8938],[-82.6963,27.8939],[-82.6988,27.8939],[-82.7004,27.8939],[-82.701,27.8939],[-82.7018,27.8939],[-82.7023,27.8939],[-82.7044,27.8939],[-82.7045,27.8939],[-82.7105,27.8939],[-82.7126,27.8939],[-82.7177,27.8939],[-82.7177,27.8939],[-82.7183,27.8939],[-82.7187,27.8939],[-82.7208,27.8938],[-82.7224,27.8937],[-82.7243,27.8937],[-82.7259,27.8937],[-82.7268,27.8937],[-82.7278,27.8937],[-82.7289,27.8937],[-82.7298,27.8937],[-82.7311,27.8937],[-82.7311,27.8937],[-82.7326,27.8938],[-82.7372,27.894],[-82.7418,27.8942],[-82.7458,27.8943],[-82.7478,27.8943],[-82.7482,27.8943],[-82.7485,27.8943],[-82.7499,27.8943],[-82.7514,27.8944],[-82.7519,27.8944],[-82.7536,27.8944],[-82.7561,27.8944],[-82.7624,27.8945],[-82.7635,27.8945],[-82.7674,27.8945],[-82.7682,27.8945],[-82.7716,27.8946],[-82.7718,27.8946],[-82.7727,27.8946],[-82.7733,27.8941],[-82.775,27.8946],[-82.7766,27.8946],[-82.779,27.8946],[-82.779,27.8911],[-82.7788,27.8892],[-82.7788,27.8875],[-82.7784,27.8874],[-82.7775,27.8873],[-82.7762,27.887],[-82.7759,27.8846],[-82.7785,27.8849],[-82.7812,27.8849],[-82.7819,27.8837],[-82.7825,27.8837],[-82.7835,27.8837],[-82.7871,27.8837],[-82.7871,27.8811],[-82.7871,27.8801],[-82.7953,27.8802],[-82.7994,27.8802],[-82.8034,27.8802],[-82.8076,27.8802],[-82.8094,27.8802],[-82.8117,27.8803],[-82.8146,27.8803],[-82.8152,27.8809],[-82.8169,27.8804],[-82.82,27.8803],[-82.8283,27.8804],[-82.8324,27.8804],[-82.8406,27.8805],[-82.8419,27.8809],[-82.8455,27.8834],[-82.8435,27.8854]]]}},{"type":"Feature","properties":{"geoid":"1208608","puma":"08608","name":"Miami-Dade County (North Central)--Sweetwater City & Fontainebleau PUMA"},"geometry":{"type":"Polygon","coordinates":[[[-80.4984,25.7612],[-80.4983,25.7624],[-80.4969,25.7636],[-80.4833,25.7755],[-80.4845,25.7976],[-80.4839,25.8132],[-80.4866,25.8924],[-80.4538,25.9273],[-80.445,25.938],[-80.441,25.9418],[-80.4403,25.9427],[-80.4403,25.9423],[-80.4396,25.9414],[-80.4377,25.9389],[-80.4223,25.9275],[-80.3876,25.9019],[-80.3856,25.9005],[-80.3855,25.9008],[-80.3716,25.8906],[-80.3663,25.8867],[-80.362,25.8835],[-80.3624,25.8832],[-80.3625,25.8831],[-80.3569,25.8788],[-80.3472,25.8717],[-80.3446,25.8698],[-80.371,25.8698],[-80.3711,25.8698],[-80.3872,25.8699],[-80.3878,25.8698],[-80.3881,25.8698],[-80.3877,25.8552],[-80.3875,25.8478],[-80.3873,25.8405],[-80.3871,25.8354],[-80.3869,25.8261],[-80.3867,25.8188],[-80.3865,25.8117],[-80.3861,25.7971],[-80.3861,25.7968],[-80.386,25.7829],[-80.386,25.7825],[-80.386,25.7824],[-80.386,25.7819],[-80.386,25.7762],[-80.3852,25.7768],[-80.3831,25.7777],[-80.3784,25.7789],[-80.3743,25.7798],[-80.3689,25.7811],[-80.3649,25.7817],[-80.3531,25.7816],[-80.3527,25.7816],[-80.3436,25.7816],[-80.3367,25.7816],[-80.3315,25.7816],[-80.3285,25.7813],[-80.3238,25.7811],[-80.3208,25.7807],[-80.3209,25.78],[-80.3207,25.7769],[-80.32,25.7769],[-80.3199,25.7769],[-80.3125,25.7772],[-80.3122,25.7707],[-80.313,25.7701],[-80.3158,25.7681],[-80.3182,25.7633],[-80.3184,25.763],[-80.3178,25.7626],[-80.3206,25.7624],[-80.3209,25.7624],[-80.3279,25.7622],[-80.3315,25.7621],[-80.3351,25.762],[-80.3362,25.762],[-80.3442,25.7618],[-80.3524,25.7617],[-80.3604,25.7615],[-80.3654,25.7614],[-80.3684,25.7613],[-80.3725,25.7612],[-80.3764,25.7611],[-80.3784,25.7611],[-80.3805,25.7611],[-80.3845,25.761],[-80.3855,25.761],[-80.3928,25.761],[-80.4008,25.761],[-80.4037,25.761],[-80.4088,25.761],[-80.4098,25.761],[-80.4134,25.761],[-80.4142,25.7609],[-80.4149,25.761],[-80.4156,25.7609],[-80.4169,25.7609],[-80.417,25.7609],[-80.4209,25.7609],[-80.4248,25.7609],[-80.4329,25.7609],[-80.4369,25.7609],[-80.441,25.7609],[-80.447,25.7609],[-80.449,25.7609],[-80.473,25.7608],[-80.4814,25.7609],[-80.4844,25.761],[-80.4984,25.761],[-80.4984,25.7612]]]}},{"type":"Feature","properties":{"geoid":"1205708","puma":"05708","name":"Hillsborough County (Southwest) PUMA"},"geometry":{"type":"Polygon","coordinates":[[[-82.5541,27.6458],[-82.5439,27.6622],[-82.542,27.6652],[-82.5371,27.6729],[-82.5359,27.6746],[-82.5347,27.6762],[-82.5337,27.6775],[-82.5307,27.6817],[-82.5286,27.6845],[-82.5242,27.6887],[-82.517,27.698],[-82.517,27.7002],[-82.517,27.7017],[-82.5143,27.7056],[-82.5129,27.7066],[-82.5115,27.7075],[-82.4949,27.719],[-82.4942,27.719],[-82.4924,27.7192],[-82.4839,27.7198],[-82.4824,27.7199],[-82.4824,27.7199],[-82.4821,27.7201],[-82.4795,27.7222],[-82.4795,27.7222],[-82.4791,27.7221],[-82.4785,27.7219],[-82.4767,27.7237],[-82.4767,27.7238],[-82.4771,27.7251],[-82.4771,27.7251],[-82.4781,27.7257],[-82.4762,27.7288],[-82.4764,27.7303],[-82.4769,27.734],[-82.4771,27.7351],[-82.4771,27.7352],[-82.479,27.7396],[-82.4792,27.7401],[-82.4798,27.7409],[-82.4806,27.7421],[-82.4814,27.7434],[-82.4811,27.7437],[-82.4788,27.7458],[-82.4783,27.7462],[-82.4705,27.7486],[-82.4688,27.7481],[-82.4681,27.7478],[-82.4676,27.7484],[-82.4671,27.7489],[-82.4669,27.749],[-82.4632,27.7507],[-82.462,27.7481],[-82.4614,27.7474],[-82.4604,27.7476],[-82.4599,27.7485],[-82.459,27.7501],[-82.4581,27.7516],[-82.4575,27.7526],[-82.4552,27.7538],[-82.4551,27.7538],[-82.4526,27.7536],[-82.4526,27.7536],[-82.4524,27.7539],[-82.4518,27.755],[-82.4516,27.7553],[-82.4477,27.7565],[-82.4476,27.7566],[-82.4469,27.7571],[-82.4464,27.7574],[-82.4462,27.7576],[-82.4458,27.7578],[-82.4452,27.7582],[-82.4426,27.7575],[-82.4381,27.7614],[-82.4377,27.7618],[-82.4333,27.7656],[-82.4325,27.7663],[-82.4324,27.7663],[-82.4324,27.7666],[-82.4325,27.7671],[-82.4326,27.7673],[-82.4326,27.7678],[-82.4327,27.7682],[-82.4328,27.7685],[-82.4298,27.7712],[-82.4295,27.7714],[-82.4293,27.772],[-82.429,27.7725],[-82.4289,27.7727],[-82.4287,27.7731],[-82.4285,27.7746],[-82.4297,27.7748],[-82.4302,27.7749],[-82.4306,27.7745],[-82.4322,27.7731],[-82.4339,27.7742],[-82.434,27.7743],[-82.4358,27.7754],[-82.4271,27.7843],[-82.4212,27.7904],[-82.4192,27.7924],[-82.414,27.7925],[-82.4129,27.7933],[-82.4121,27.7938],[-82.4008,27.7935],[-82.4007,27.7931],[-82.3995,27.7927],[-82.3844,27.7925],[-82.3773,27.7923],[-82.3569,27.7917],[-82.3473,27.7916],[-82.3349,27.792],[-82.3349,27.7886],[-82.335,27.7841],[-82.335,27.7805],[-82.335,27.7775],[-82.335,27.7736],[-82.335,27.7731],[-82.3351,27.77],[-82.3316,27.77],[-82.3309,27.77],[-82.3288,27.77],[-82.3281,27.77],[-82.3267,27.7701],[-82.3246,27.7701],[-82.3235,27.7701],[-82.3182,27.7701],[-82.3101,27.7701],[-82.3009,27.7702],[-82.2815,27.7702],[-82.2748,27.7703],[-82.2734,27.7696],[-82.2702,27.7648],[-82.2684,27.7636],[-82.2663,27.7629],[-82.2615,27.7628],[-82.264,27.7593],[-82.2743,27.7446],[-82.278,27.7395],[-82.2812,27.7347],[-82.2884,27.7244],[-82.2893,27.7228],[-82.2967,27.7125],[-82.2961,27.7123],[-82.2985,27.7087],[-82.3018,27.7026],[-82.302,27.7012],[-82.3027,27.6647],[-82.3025,27.6637],[-82.3012,27.6629],[-82.3018,27.6618],[-82.3047,27.6613],[-82.3055,27.6583],[-82.3072,27.6553],[-82.3092,27.6531],[-82.3113,27.6514],[-82.3154,27.649],[-82.3165,27.6473],[-82.3176,27.6476],[-82.3183,27.6466],[-82.3364,27.6465],[-82.381,27.6464],[-82.3849,27.6464],[-82.4503,27.6459],[-82.4523,27.6459],[-82.4537,27.6459],[-82.4985,27.6455],[-82.4998,27.6454],[-82.5247,27.6454],[-82.5249,27.6454],[-82.5257,27.6454],[-82.5342,27.6455],[-82.5372,27.6455],[-82.5398,27.6455],[-82.5495,27.6456],[-82.5541,27.6458]]]}},{"type":"Feature","properties":{"geoid":"1203302","puma":"03302","name":"Escambia County (Southeast) PUMA"},"geometry":{"type":"Polygon","coordinates":[[[-87.3136,30.5216],[-87.3135,30.5215],[-87.3099,30.5196],[-87.3089,30.5196],[-87.3011,30.5194],[-87.2969,30.5193],[-87.2841,30.5191],[-87.2798,30.519],[-87.2729,30.5188],[-87.2715,30.5142],[-87.266,30.5023],[-87.2658,30.5023],[-87.2596,30.5038],[-87.2585,30.5038],[-87.2546,30.5038],[-87.245,30.5037],[-87.2383,30.5035],[-87.2304,30.5034],[-87.2299,30.5034],[-87.2235,30.5036],[-87.2217,30.5036],[-87.2215,30.5036],[-87.212,30.5029],[-87.2069,30.5028],[-87.2051,30.5028],[-87.2017,30.5027],[-87.1971,30.5026],[-87.1962,30.5025],[-87.1944,30.5025],[-87.1901,30.5024],[-87.1839,30.5023],[-87.1801,30.5022],[-87.1783,30.5021],[-87.1777,30.5021],[-87.1749,30.502],[-87.171,30.5021],[-87.1681,30.5029],[-87.1674,30.5003],[-87.1664,30.4986],[-87.1661,30.4977],[-87.1659,30.4967],[-87.167,30.4923],[-87.1678,30.4893],[-87.169,30.4847],[-87.1694,30.483],[-87.163,30.4802],[-87.1628,30.4796],[-87.1621,30.4791],[-87.1457,30.4714],[-87.1336,30.4672],[-87.1339,30.4653],[-87.1345,30.462],[-87.1358,30.4568],[-87.1394,30.445],[-87.1416,30.4365],[-87.1447,30.4275],[-87.1482,30.419],[-87.1514,30.4135],[-87.1519,30.4126],[-87.1612,30.4056],[-87.1823,30.3948],[-87.1846,30.3936],[-87.1847,30.3936],[-87.2089,30.3811],[-87.213,30.379],[-87.2162,30.3774],[-87.2202,30.376],[-87.2359,30.3967],[-87.2369,30.3975],[-87.2386,30.398],[-87.2388,30.3984],[-87.2397,30.3991],[-87.243,30.3997],[-87.2436,30.398],[-87.2444,30.3972],[-87.2527,30.3947],[-87.2561,30.3938],[-87.2639,30.3915],[-87.2666,30.3907],[-87.2727,30.3889],[-87.2759,30.3879],[-87.2763,30.3879],[-87.2782,30.3877],[-87.2783,30.3909],[-87.2776,30.398],[-87.2775,30.3984],[-87.2762,30.4111],[-87.2761,30.4122],[-87.2756,30.4179],[-87.2746,30.4231],[-87.2745,30.4263],[-87.2744,30.4287],[-87.2726,30.4307],[-87.276,30.4342],[-87.2746,30.4344],[-87.2703,30.4354],[-87.2693,30.4355],[-87.2683,30.4356],[-87.2673,30.4358],[-87.2653,30.4365],[-87.2619,30.4378],[-87.2624,30.442],[-87.2662,30.4435],[-87.2673,30.4404],[-87.273,30.4403],[-87.2767,30.4417],[-87.2789,30.4411],[-87.2814,30.4418],[-87.2827,30.4408],[-87.2879,30.446],[-87.2905,30.4484],[-87.2915,30.4495],[-87.2935,30.4514],[-87.2959,30.4538],[-87.2986,30.4566],[-87.3009,30.4611],[-87.3045,30.4685],[-87.307,30.4735],[-87.3068,30.474],[-87.3068,30.4757],[-87.3068,30.4758],[-87.3065,30.4844],[-87.3064,30.4867],[-87.3065,30.4867],[-87.306,30.4995],[-87.306,30.5006],[-87.3059,30.504],[-87.3061,30.505],[-87.3064,30.5061],[-87.3081,30.5092],[-87.3132,30.5186],[-87.3135,30.5197],[-87.3135,30.5201],[-87.3136,30.5216]]]}},{"type":"Feature","properties":{"geoid":"1209905","puma":"09905","name":"Palm Beach County (East Central)--Lake Worth City, Lantana Town & Atlantis City PUMA"},"geometry":{"type":"Polygon","coordinates":[[[-80.1736,26.6174],[-80.165,26.6175],[-80.1574,26.6177],[-80.1568,26.6177],[-80.1537,26.6177],[-80.151,26.6177],[-80.1497,26.6179],[-80.1491,26.6181],[-80.1487,26.6182],[-80.1467,26.6189],[-80.1467,26.6182],[-80.1467,26.6176],[-80.1467,26.6156],[-80.1468,26.6138],[-80.1468,26.6124],[-80.1468,26.6119],[-80.1471,26.6029],[-80.1471,26.6026],[-80.1466,26.603],[-80.1448,26.6045],[-80.1436,26.6044],[-80.1388,26.6043],[-80.1346,26.6042],[-80.134,26.6042],[-80.1305,26.6042],[-80.1243,26.6042],[-80.1222,26.6043],[-80.1222,26.6043],[-80.1215,26.6041],[-80.1192,26.6039],[-80.1161,26.6038],[-80.1142,26.6037],[-80.1141,26.6045],[-80.1141,26.6074],[-80.1139,26.611],[-80.1138,26.6149],[-80.1137,26.6175],[-80.1136,26.6184],[-80.1135,26.6221],[-80.1134,26.624],[-80.1133,26.6258],[-80.1132,26.6257],[-80.1092,26.6256],[-80.1051,26.6255],[-80.0993,26.6251],[-80.0983,26.6251],[-80.0969,26.6251],[-80.0889,26.6248],[-80.0886,26.6322],[-80.0865,26.6322],[-80.0809,26.632],[-80.0804,26.632],[-80.0768,26.6318],[-80.0781,26.629],[-80.0785,26.6282],[-80.0769,26.6281],[-80.0763,26.6281],[-80.0685,26.6279],[-80.0684,26.6297],[-80.0688,26.6338],[-80.069,26.6363],[-80.0696,26.6433],[-80.0691,26.6462],[-80.0683,26.646],[-80.0665,26.6456],[-80.066,26.645],[-80.0637,26.6449],[-80.0588,26.6448],[-80.0563,26.6447],[-80.0523,26.6446],[-80.0429,26.6444],[-80.0432,26.6345],[-80.0437,26.6158],[-80.0439,26.6154],[-80.0387,26.6151],[-80.0375,26.6153],[-80.0361,26.6153],[-80.036,26.6132],[-80.036,26.6116],[-80.0362,26.6026],[-80.0363,26.6009],[-80.0365,26.5985],[-80.0368,26.5944],[-80.0369,26.5936],[-80.0401,26.5937],[-80.04,26.5944],[-80.0412,26.5957],[-80.0431,26.5938],[-80.045,26.5939],[-80.0459,26.5939],[-80.0465,26.5842],[-80.0471,26.5734],[-80.0523,26.5732],[-80.0536,26.5732],[-80.0536,26.572],[-80.0578,26.572],[-80.0594,26.5721],[-80.0626,26.5721],[-80.0631,26.5721],[-80.0662,26.5722],[-80.0696,26.5722],[-80.0702,26.5723],[-80.0704,26.5723],[-80.0745,26.5723],[-80.0755,26.5723],[-80.0775,26.5722],[-80.0801,26.5723],[-80.0802,26.5723],[-80.0821,26.5723],[-80.0822,26.5723],[-80.0897,26.5722],[-80.1052,26.572],[-80.1053,26.572],[-80.1107,26.572],[-80.1133,26.572],[-80.1194,26.5721],[-80.1215,26.5722],[-80.1255,26.5722],[-80.1296,26.5723],[-80.1461,26.5726],[-80.1563,26.5725],[-80.1638,26.5724],[-80.1728,26.5723],[-80.1729,26.5869],[-80.173,26.5904],[-80.1733,26.5904],[-80.1733,26.595],[-80.1735,26.6027],[-80.1736,26.6174]]]}},{"type":"Feature","properties":{"geoid":"1201108","puma":"01108","name":"Broward County (East Central)--Fort Lauderdale City (Central) PUMA"},"geometry":{"type":"Polygon","coordinates":[[[-80.2019,26.0885],[-80.2013,26.0904],[-80.2012,26.0916],[-80.2012,26.094],[-80.2012,26.0952],[-80.2013,26.0977],[-80.2014,26.099],[-80.2014,26.1004],[-80.2015,26.1028],[-80.2015,26.1035],[-80.2016,26.1045],[-80.2016,26.1046],[-80.2016,26.1059],[-80.2016,26.1063],[-80.2018,26.1136],[-80.2019,26.1185],[-80.202,26.1209],[-80.1986,26.121],[-80.1972,26.121],[-80.194,26.1211],[-80.1862,26.1213],[-80.1831,26.1213],[-80.178,26.1215],[-80.178,26.1217],[-80.1782,26.1288],[-80.1864,26.1286],[-80.1864,26.1305],[-80.1865,26.1362],[-80.1866,26.1416],[-80.1867,26.1429],[-80.1869,26.1507],[-80.1869,26.1508],[-80.1828,26.1509],[-80.1706,26.1513],[-80.1685,26.1513],[-80.1684,26.1513],[-80.1668,26.1549],[-80.1652,26.1585],[-80.162,26.1658],[-80.1619,26.166],[-80.1614,26.166],[-80.1626,26.1631],[-80.1624,26.1625],[-80.1619,26.1623],[-80.1619,26.1623],[-80.1602,26.164],[-80.155,26.1565],[-80.1544,26.1558],[-80.1528,26.1546],[-80.1508,26.154],[-80.1481,26.1521],[-80.1475,26.1518],[-80.146,26.1512],[-80.1445,26.1511],[-80.1423,26.1509],[-80.1408,26.1512],[-80.1364,26.1514],[-80.1326,26.1536],[-80.1322,26.1538],[-80.131,26.1529],[-80.1292,26.1533],[-80.128,26.1543],[-80.1221,26.1544],[-80.1213,26.1556],[-80.1201,26.1548],[-80.1183,26.1579],[-80.1175,26.1574],[-80.119,26.1524],[-80.1199,26.1487],[-80.1202,26.1465],[-80.1202,26.1446],[-80.1202,26.1428],[-80.126,26.1427],[-80.1288,26.1426],[-80.1317,26.1425],[-80.1333,26.1425],[-80.1366,26.139],[-80.1386,26.1369],[-80.1383,26.1369],[-80.1363,26.137],[-80.1362,26.137],[-80.1355,26.137],[-80.1316,26.1371],[-80.1287,26.1372],[-80.1258,26.1373],[-80.123,26.1374],[-80.1221,26.1373],[-80.1204,26.1372],[-80.1184,26.1377],[-80.1181,26.1377],[-80.1186,26.1364],[-80.1185,26.1341],[-80.1176,26.1325],[-80.1131,26.1313],[-80.113,26.129],[-80.1122,26.1283],[-80.1097,26.1282],[-80.1099,26.1319],[-80.1091,26.134],[-80.1087,26.135],[-80.1082,26.138],[-80.1026,26.1381],[-80.1029,26.1351],[-80.1029,26.1306],[-80.1032,26.128],[-80.1037,26.1225],[-80.1037,26.1219],[-80.1039,26.1147],[-80.1039,26.1141],[-80.1039,26.1137],[-80.104,26.1118],[-80.1041,26.1102],[-80.1045,26.1016],[-80.1049,26.0953],[-80.1068,26.0933],[-80.1177,26.0932],[-80.1356,26.0928],[-80.1364,26.09],[-80.1363,26.0891],[-80.1345,26.0813],[-80.1343,26.0803],[-80.1386,26.0811],[-80.1393,26.0811],[-80.1397,26.0812],[-80.1404,26.0813],[-80.1455,26.0813],[-80.1527,26.0813],[-80.1527,26.0815],[-80.1527,26.0816],[-80.1529,26.0924],[-80.1609,26.0904],[-80.1609,26.0926],[-80.161,26.0962],[-80.1615,26.0991],[-80.1655,26.0987],[-80.1671,26.0988],[-80.1689,26.0966],[-80.1693,26.0963],[-80.1708,26.095],[-80.1734,26.0945],[-80.1751,26.0914],[-80.1756,26.0914],[-80.176,26.0914],[-80.1785,26.0911],[-80.1813,26.0892],[-80.1839,26.0877],[-80.1847,26.0877],[-80.1858,26.0878],[-80.1884,26.0873],[-80.1888,26.0872],[-80.189,26.0872],[-80.1904,26.087],[-80.1916,26.0863],[-80.1936,26.0854],[-80.2008,26.0878],[-80.2017,26.088],[-80.202,26.0881],[-80.2019,26.0885]]]}},{"type":"Feature","properties":{"geoid":"1208614","puma":"08614","name":"Miami-Dade County (East)--Miami City (South) & Key Biscayne Village PUMA"},"geometry":{"type":"Polygon","coordinates":[[[-80.2619,25.709],[-80.261,25.709],[-80.2611,25.7127],[-80.2612,25.7141],[-80.2614,25.7199],[-80.2616,25.7236],[-80.2616,25.7248],[-80.2617,25.7265],[-80.2604,25.7274],[-80.2579,25.7294],[-80.2559,25.7313],[-80.2559,25.7319],[-80.2559,25.7322],[-80.2579,25.7322],[-80.258,25.7349],[-80.2582,25.7386],[-80.2562,25.7391],[-80.2562,25.742],[-80.2548,25.7421],[-80.2543,25.7421],[-80.2543,25.7425],[-80.2543,25.7426],[-80.2543,25.743],[-80.248,25.7432],[-80.2462,25.7432],[-80.2462,25.7436],[-80.2462,25.7448],[-80.2462,25.7452],[-80.2462,25.7455],[-80.2463,25.7464],[-80.2464,25.7492],[-80.2464,25.7501],[-80.2383,25.7503],[-80.2384,25.7541],[-80.2386,25.7578],[-80.2325,25.758],[-80.2304,25.7581],[-80.2263,25.7582],[-80.2223,25.7582],[-80.2223,25.7579],[-80.2202,25.7579],[-80.2142,25.7578],[-80.2143,25.7609],[-80.2143,25.7618],[-80.2143,25.762],[-80.2143,25.7623],[-80.2143,25.7629],[-80.2143,25.7631],[-80.2144,25.7643],[-80.2145,25.7659],[-80.2112,25.7659],[-80.2074,25.766],[-80.2075,25.7669],[-80.2075,25.7679],[-80.2058,25.768],[-80.2042,25.768],[-80.2008,25.7681],[-80.1975,25.7679],[-80.1975,25.7688],[-80.1956,25.7688],[-80.1935,25.7696],[-80.1924,25.7703],[-80.19,25.7699],[-80.1882,25.7698],[-80.1866,25.7697],[-80.1801,25.7697],[-80.1735,25.7698],[-80.1623,25.7644],[-80.155,25.7643],[-80.1406,25.7542],[-80.1429,25.751],[-80.1428,25.7497],[-80.1427,25.7465],[-80.1451,25.7415],[-80.1482,25.7388],[-80.1513,25.738],[-80.1587,25.7334],[-80.1594,25.733],[-80.1546,25.7288],[-80.1534,25.7287],[-80.1526,25.7286],[-80.148,25.7259],[-80.1476,25.7235],[-80.1482,25.7191],[-80.1511,25.7129],[-80.1514,25.709],[-80.1523,25.7053],[-80.1544,25.7023],[-80.1552,25.7004],[-80.1557,25.699],[-80.1559,25.6985],[-80.1561,25.696],[-80.1566,25.6912],[-80.1558,25.6862],[-80.1556,25.6852],[-80.1553,25.683],[-80.1552,25.6823],[-80.1529,25.6716],[-80.1563,25.6662],[-80.158,25.6654],[-80.1594,25.6662],[-80.1626,25.6744],[-80.1702,25.6812],[-80.1706,25.6815],[-80.1773,25.6866],[-80.1772,25.6868],[-80.1753,25.6917],[-80.1727,25.6952],[-80.1724,25.6958],[-80.1687,25.6993],[-80.1676,25.7004],[-80.1669,25.7011],[-80.1679,25.7064],[-80.1725,25.7079],[-80.1724,25.7096],[-80.1703,25.7109],[-80.1644,25.7145],[-80.1618,25.7161],[-80.1543,25.7232],[-80.158,25.7264],[-80.1577,25.7271],[-80.1576,25.7275],[-80.1621,25.7316],[-80.1624,25.7316],[-80.166,25.7318],[-80.1671,25.7339],[-80.1663,25.7357],[-80.1663,25.7357],[-80.1666,25.736],[-80.1737,25.7431],[-80.1751,25.7445],[-80.1789,25.746],[-80.1789,25.746],[-80.1894,25.746],[-80.197,25.746],[-80.1996,25.746],[-80.2021,25.7478],[-80.2022,25.7479],[-80.2023,25.7479],[-80.2026,25.7482],[-80.2085,25.7456],[-80.2096,25.7445],[-80.2097,25.7444],[-80.2098,25.7443],[-80.2107,25.7407],[-80.2144,25.7383],[-80.216,25.7388],[-80.2177,25.7394],[-80.222,25.7367],[-80.2275,25.7337],[-80.228,25.7334],[-80.2293,25.734],[-80.23,25.7334],[-80.2297,25.7326],[-80.2314,25.7316],[-80.2331,25.7317],[-80.2333,25.7298],[-80.2328,25.7291],[-80.2358,25.726],[-80.2379,25.7272],[-80.2381,25.7269],[-80.2392,25.7256],[-80.2404,25.7242],[-80.241,25.7232],[-80.2447,25.7179],[-80.2491,25.7134],[-80.2482,25.71],[-80.2478,25.7095],[-80.2475,25.7092],[-80.2484,25.7087],[-80.2528,25.7086],[-80.2528,25.7078],[-80.2609,25.7079],[-80.2611,25.708],[-80.2619,25.709]]]}},{"type":"Feature","properties":{"geoid":"1207105","puma":"07105","name":"Lee County (Southeast)--Bonita Springs City & Estero (East) PUMA"},"geometry":{"type":"Polygon","coordinates":[[[-81.8856,26.3977],[-81.8827,26.4006],[-81.8826,26.4009],[-81.8825,26.4022],[-81.8812,26.4044],[-81.881,26.4047],[-81.8803,26.4068],[-81.8801,26.4074],[-81.8786,26.4132],[-81.8769,26.4176],[-81.876,26.419],[-81.8724,26.4233],[-81.8701,26.4216],[-81.8607,26.4122],[-81.8556,26.405],[-81.8548,26.4033],[-81.8524,26.4032],[-81.8525,26.3987],[-81.8511,26.3958],[-81.8439,26.3928],[-81.844,26.3944],[-81.8424,26.3954],[-81.8419,26.3964],[-81.8424,26.3989],[-81.84,26.3991],[-81.8362,26.3992],[-81.8362,26.398],[-81.8333,26.398],[-81.8286,26.398],[-81.8265,26.398],[-81.8262,26.398],[-81.8149,26.398],[-81.8107,26.398],[-81.811,26.4045],[-81.8119,26.4112],[-81.8122,26.4143],[-81.8117,26.4203],[-81.8107,26.4309],[-81.8107,26.4312],[-81.8109,26.4348],[-81.8111,26.442],[-81.812,26.4438],[-81.8179,26.4482],[-81.8213,26.4523],[-81.8218,26.4529],[-81.8233,26.4547],[-81.8267,26.4588],[-81.8303,26.4631],[-81.8333,26.4667],[-81.834,26.4679],[-81.8371,26.4753],[-81.8422,26.4873],[-81.8437,26.49],[-81.8462,26.4924],[-81.8459,26.4924],[-81.8446,26.4924],[-81.8438,26.4924],[-81.8409,26.4925],[-81.853,26.5096],[-81.8533,26.5101],[-81.8541,26.5125],[-81.8541,26.5164],[-81.8547,26.5164],[-81.8547,26.5182],[-81.8549,26.5282],[-81.8543,26.5282],[-81.8493,26.5285],[-81.8471,26.5294],[-81.8449,26.531],[-81.8411,26.5362],[-81.8396,26.5418],[-81.8394,26.5466],[-81.8394,26.5468],[-81.839,26.5501],[-81.8383,26.5519],[-81.8333,26.5572],[-81.8315,26.5613],[-81.8277,26.5706],[-81.8228,26.5688],[-81.8218,26.5688],[-81.8047,26.569],[-81.7974,26.5691],[-81.7922,26.5712],[-81.7946,26.5565],[-81.7948,26.5548],[-81.7948,26.5474],[-81.7948,26.5472],[-81.7864,26.5473],[-81.776,26.5476],[-81.776,26.5478],[-81.7779,26.5479],[-81.7747,26.5493],[-81.7743,26.5477],[-81.7725,26.5473],[-81.7639,26.5477],[-81.7623,26.548],[-81.7595,26.5494],[-81.7582,26.5507],[-81.7572,26.5517],[-81.7503,26.5562],[-81.7502,26.5562],[-81.7475,26.558],[-81.7446,26.559],[-81.7406,26.5598],[-81.738,26.5608],[-81.7341,26.5633],[-81.733,26.5641],[-81.7323,26.5647],[-81.7299,26.5672],[-81.7217,26.5759],[-81.7163,26.5788],[-81.7137,26.5817],[-81.7129,26.5814],[-81.6783,26.5664],[-81.6618,26.5592],[-81.6617,26.5591],[-81.6476,26.553],[-81.6408,26.5481],[-81.6372,26.5453],[-81.6354,26.542],[-81.6339,26.5391],[-81.6313,26.5362],[-81.6284,26.5349],[-81.6214,26.5331],[-81.6117,26.5306],[-81.6052,26.529],[-81.588,26.5246],[-81.5801,26.5226],[-81.5798,26.5225],[-81.5641,26.5185],[-81.5638,26.5185],[-81.5638,26.5183],[-81.5638,26.5133],[-81.5636,26.5052],[-81.5627,26.4544],[-81.5622,26.4226],[-81.5625,26.4226],[-81.6584,26.4211],[-81.6595,26.4211],[-81.6581,26.3324],[-81.6579,26.3176],[-81.6589,26.3175],[-81.6705,26.3175],[-81.69,26.3173],[-81.6905,26.3173],[-81.7063,26.3172],[-81.7146,26.3171],[-81.7221,26.3171],[-81.7224,26.3171],[-81.7296,26.317],[-81.7372,26.317],[-81.7462,26.3169],[-81.7544,26.3168],[-81.7612,26.3167],[-81.7623,26.3166],[-81.7625,26.3166],[-81.7864,26.3164],[-81.7881,26.3164],[-81.7891,26.3163],[-81.8028,26.3163],[-81.805,26.3163],[-81.8052,26.3163],[-81.819,26.3162],[-81.8191,26.3215],[-81.8191,26.3233],[-81.8191,26.3304],[-81.8212,26.3304],[-81.8317,26.3304],[-81.8341,26.3304],[-81.8358,26.3303],[-81.841,26.3303],[-81.8458,26.3304],[-81.8473,26.3337],[-81.855,26.3505],[-81.8566,26.3532],[-81.8587,26.3568],[-81.8631,26.3642],[-81.8629,26.366],[-81.863,26.3663],[-81.8668,26.374],[-81.8679,26.3764],[-81.869,26.3786],[-81.8765,26.387],[-81.8843,26.394],[-81.8856,26.3977]]]}},{"type":"Feature","properties":{"geoid":"1208102","puma":"08102","name":"Manatee County (West Central) PUMA"},"geometry":{"type":"Polygon","coordinates":[[[-82.7457,27.5388],[-82.7424,27.5394],[-82.7349,27.5348],[-82.7325,27.5337],[-82.7315,27.5332],[-82.7306,27.5328],[-82.7222,27.5287],[-82.7209,27.5281],[-82.7192,27.5261],[-82.719,27.5261],[-82.7167,27.5264],[-82.708,27.5231],[-82.7084,27.5207],[-82.7092,27.5157],[-82.7096,27.5133],[-82.7116,27.5089],[-82.7106,27.5017],[-82.7075,27.499],[-82.7068,27.4984],[-82.7033,27.498],[-82.6993,27.4975],[-82.6974,27.4973],[-82.6904,27.4964],[-82.6884,27.4972],[-82.6863,27.4981],[-82.6861,27.4981],[-82.6862,27.4985],[-82.6869,27.508],[-82.6859,27.5096],[-82.6837,27.513],[-82.6836,27.5131],[-82.6834,27.5133],[-82.6746,27.5196],[-82.662,27.5228],[-82.6556,27.5213],[-82.6504,27.5221],[-82.6485,27.5223],[-82.6453,27.5238],[-82.6453,27.5212],[-82.6446,27.5204],[-82.6446,27.5201],[-82.6438,27.5191],[-82.6415,27.5185],[-82.6375,27.5179],[-82.6367,27.5172],[-82.6365,27.5168],[-82.6365,27.5118],[-82.6365,27.5071],[-82.6366,27.5034],[-82.6367,27.4962],[-82.6354,27.4961],[-82.6345,27.4961],[-82.6344,27.4961],[-82.6333,27.4961],[-82.6305,27.4961],[-82.6285,27.4961],[-82.627,27.4961],[-82.6245,27.496],[-82.6204,27.496],[-82.6205,27.4959],[-82.6121,27.4958],[-82.608,27.4957],[-82.6039,27.4957],[-82.603,27.4957],[-82.5957,27.4957],[-82.5957,27.4957],[-82.5936,27.4956],[-82.5874,27.4956],[-82.5775,27.4955],[-82.5777,27.4942],[-82.5814,27.4919],[-82.5793,27.4919],[-82.5752,27.4918],[-82.5727,27.4918],[-82.5712,27.4918],[-82.57,27.4918],[-82.5671,27.4918],[-82.5655,27.4917],[-82.563,27.4917],[-82.563,27.4881],[-82.5632,27.4843],[-82.5634,27.4829],[-82.563,27.4807],[-82.5627,27.481],[-82.5627,27.4821],[-82.5617,27.4813],[-82.5571,27.481],[-82.5548,27.4799],[-82.5505,27.4776],[-82.5494,27.477],[-82.5466,27.477],[-82.5466,27.4802],[-82.5466,27.4806],[-82.5466,27.4843],[-82.5466,27.485],[-82.5466,27.4859],[-82.5466,27.4879],[-82.5466,27.488],[-82.5451,27.488],[-82.5438,27.488],[-82.5434,27.488],[-82.5426,27.4878],[-82.5405,27.4878],[-82.5396,27.4878],[-82.5394,27.4878],[-82.5385,27.4878],[-82.5344,27.4878],[-82.5303,27.4878],[-82.5303,27.4914],[-82.5304,27.4962],[-82.5276,27.4962],[-82.5265,27.4963],[-82.5263,27.4963],[-82.5243,27.4965],[-82.5239,27.4968],[-82.5184,27.4982],[-82.5168,27.4984],[-82.5143,27.4986],[-82.5088,27.4986],[-82.5053,27.4983],[-82.5045,27.4982],[-82.5029,27.4979],[-82.5018,27.4974],[-82.4954,27.4945],[-82.4927,27.4941],[-82.4909,27.494],[-82.4876,27.4937],[-82.4838,27.4932],[-82.4744,27.491],[-82.4718,27.4909],[-82.4679,27.4829],[-82.4593,27.4649],[-82.459,27.4636],[-82.4589,27.4616],[-82.459,27.4571],[-82.4592,27.4413],[-82.4592,27.441],[-82.4682,27.4438],[-82.4689,27.4441],[-82.4742,27.4457],[-82.481,27.4459],[-82.4851,27.4459],[-82.487,27.4459],[-82.4909,27.4463],[-82.4912,27.4463],[-82.493,27.4463],[-82.5013,27.4461],[-82.5055,27.4461],[-82.5056,27.4461],[-82.5083,27.4461],[-82.5092,27.4462],[-82.5106,27.4466],[-82.512,27.447],[-82.5161,27.4471],[-82.5302,27.4473],[-82.5412,27.4475],[-82.5415,27.4475],[-82.542,27.4475],[-82.5425,27.4475],[-82.5467,27.4477],[-82.5498,27.4476],[-82.551,27.4477],[-82.5549,27.4476],[-82.5549,27.4476],[-82.5599,27.4477],[-82.5612,27.4477],[-82.5628,27.4477],[-82.5629,27.4477],[-82.5635,27.4477],[-82.5652,27.4477],[-82.5672,27.4477],[-82.5688,27.4477],[-82.5754,27.4477],[-82.5815,27.4477],[-82.582,27.4477],[-82.5855,27.4478],[-82.5876,27.4478],[-82.5918,27.4478],[-82.5958,27.4478],[-82.5997,27.4478],[-82.6074,27.4479],[-82.6125,27.4479],[-82.6286,27.448],[-82.6342,27.448],[-82.6362,27.4481],[-82.6368,27.4488],[-82.6369,27.4623],[-82.6485,27.4616],[-82.6486,27.4499],[-82.649,27.45],[-82.6493,27.4501],[-82.6495,27.4503],[-82.6498,27.4505],[-82.65,27.4505],[-82.6522,27.4511],[-82.6541,27.4523],[-82.6561,27.4528],[-82.6614,27.4529],[-82.6641,27.4527],[-82.6658,27.4524],[-82.6671,27.4517],[-82.6713,27.4471],[-82.68,27.4535],[-82.6873,27.4455],[-82.6881,27.4446],[-82.6911,27.4437],[-82.691,27.4443],[-82.7026,27.4741],[-82.7068,27.4851],[-82.7078,27.4876],[-82.7124,27.4963],[-82.7145,27.5004],[-82.7154,27.5016],[-82.7223,27.5107],[-82.7245,27.5136],[-82.7249,27.5139],[-82.7315,27.5202],[-82.7316,27.5203],[-82.7325,27.5211],[-82.7369,27.5253],[-82.7384,27.5267],[-82.743,27.5311],[-82.7445,27.5352],[-82.7457,27.5388]]]}},{"type":"Feature","properties":{"geoid":"1203107","puma":"03107","name":"Duval County (South Central)--Jacksonville City (Southeast River) PUMA"},"geometry":{"type":"Polygon","coordinates":[[[-81.6921,30.1447],[-81.6902,30.1613],[-81.6904,30.1691],[-81.6905,30.1719],[-81.6817,30.1814],[-81.6796,30.1905],[-81.6796,30.1908],[-81.6507,30.2235],[-81.6491,30.2282],[-81.6518,30.2418],[-81.653,30.2439],[-81.6581,30.2501],[-81.6653,30.2576],[-81.6671,30.2593],[-81.6696,30.2616],[-81.6803,30.2731],[-81.6841,30.2832],[-81.6774,30.2882],[-81.6766,30.2887],[-81.6739,30.2904],[-81.6682,30.2944],[-81.6682,30.296],[-81.668,30.3013],[-81.659,30.3052],[-81.6513,30.3087],[-81.6498,30.3066],[-81.6495,30.3062],[-81.6451,30.3001],[-81.6427,30.2966],[-81.6417,30.2952],[-81.6356,30.2866],[-81.6328,30.2882],[-81.6299,30.2906],[-81.6239,30.285],[-81.6215,30.2823],[-81.6211,30.2818],[-81.6207,30.2813],[-81.6196,30.2797],[-81.6122,30.2693],[-81.6071,30.262],[-81.6054,30.2599],[-81.6037,30.2581],[-81.5965,30.2512],[-81.5937,30.2484],[-81.5853,30.2405],[-81.5807,30.2351],[-81.5732,30.2236],[-81.5714,30.2209],[-81.5711,30.2209],[-81.5569,30.1991],[-81.5564,30.1978],[-81.5561,30.1967],[-81.5561,30.1954],[-81.5581,30.1847],[-81.5582,30.1848],[-81.5585,30.1832],[-81.5591,30.18],[-81.5591,30.1765],[-81.5584,30.1733],[-81.5558,30.1672],[-81.5554,30.1662],[-81.5525,30.1618],[-81.5489,30.1548],[-81.544,30.1456],[-81.5421,30.143],[-81.5409,30.1415],[-81.5382,30.1387],[-81.5266,30.1269],[-81.5137,30.1139],[-81.5077,30.1079],[-81.5043,30.1043],[-81.5137,30.1042],[-81.5144,30.1042],[-81.5163,30.1041],[-81.5259,30.1041],[-81.5387,30.1037],[-81.5387,30.1045],[-81.539,30.1199],[-81.5562,30.1178],[-81.558,30.1171],[-81.5643,30.1175],[-81.5654,30.118],[-81.5679,30.1179],[-81.5723,30.1205],[-81.5737,30.1206],[-81.5758,30.1218],[-81.5768,30.1229],[-81.5779,30.1233],[-81.5784,30.1238],[-81.5785,30.1243],[-81.5809,30.1261],[-81.5812,30.1261],[-81.5835,30.1257],[-81.5905,30.1258],[-81.6012,30.1305],[-81.6017,30.1306],[-81.6123,30.1329],[-81.6132,30.133],[-81.6223,30.1335],[-81.6237,30.1336],[-81.6292,30.1315],[-81.6417,30.1255],[-81.6505,30.1215],[-81.6802,30.1212],[-81.6918,30.1423],[-81.6921,30.1447]]]}},{"type":"Feature","properties":{"geoid":"1208619","puma":"08619","name":"Miami-Dade County (Central)--Kendale Lakes (Southwest) & Kendall West (South) PUMA"},"geometry":{"type":"Polygon","coordinates":[[[-80.499,25.6836],[-80.4963,25.688],[-80.4957,25.69],[-80.496,25.6976],[-80.497,25.727],[-80.4939,25.727],[-80.4941,25.7316],[-80.4819,25.7316],[-80.4817,25.7271],[-80.48,25.7271],[-80.48,25.7274],[-80.4794,25.7269],[-80.4636,25.7274],[-80.4557,25.7277],[-80.4478,25.728],[-80.4477,25.728],[-80.4474,25.7207],[-80.4554,25.7204],[-80.4552,25.7132],[-80.4471,25.7134],[-80.4391,25.7136],[-80.4338,25.7138],[-80.4311,25.7139],[-80.4271,25.714],[-80.4231,25.7141],[-80.4191,25.7143],[-80.4175,25.7143],[-80.4151,25.7144],[-80.407,25.7147],[-80.3991,25.7149],[-80.3989,25.7095],[-80.3987,25.7041],[-80.3985,25.7005],[-80.3987,25.6955],[-80.4005,25.6937],[-80.4015,25.6929],[-80.4021,25.6917],[-80.4021,25.6898],[-80.4007,25.6859],[-80.4006,25.681],[-80.4006,25.6805],[-80.4005,25.6786],[-80.4002,25.6713],[-80.4037,25.6712],[-80.4123,25.6709],[-80.4162,25.6708],[-80.4164,25.6708],[-80.416,25.6635],[-80.4158,25.6564],[-80.4238,25.6559],[-80.4241,25.6632],[-80.4243,25.6683],[-80.4244,25.6706],[-80.4244,25.6724],[-80.4233,25.674],[-80.421,25.6761],[-80.4204,25.6781],[-80.4207,25.6795],[-80.4212,25.6804],[-80.4246,25.6837],[-80.4249,25.685],[-80.4289,25.685],[-80.4299,25.685],[-80.4331,25.6848],[-80.4371,25.6847],[-80.4411,25.6846],[-80.446,25.6844],[-80.4494,25.6843],[-80.4541,25.6841],[-80.4574,25.684],[-80.462,25.6839],[-80.4654,25.6838],[-80.4672,25.6838],[-80.4702,25.6852],[-80.4742,25.6883],[-80.4784,25.6886],[-80.4784,25.6864],[-80.48,25.6849],[-80.4805,25.6845],[-80.4817,25.6833],[-80.4987,25.6823],[-80.499,25.6823],[-80.499,25.6836]]]}},{"type":"Feature","properties":{"geoid":"1208601","puma":"08601","name":"Miami-Dade County (North Central)--Greater Miami Lakes Town PUMA"},"geometry":{"type":"Polygon","coordinates":[[[-80.4409,25.9569],[-80.4394,25.9569],[-80.4314,25.957],[-80.4087,25.9569],[-80.4074,25.9569],[-80.3751,25.9571],[-80.375,25.9571],[-80.3521,25.957],[-80.3514,25.957],[-80.3428,25.9572],[-80.3409,25.9572],[-80.34,25.9571],[-80.3391,25.9571],[-80.3332,25.9571],[-80.3318,25.9571],[-80.3267,25.9571],[-80.3174,25.9571],[-80.3108,25.9572],[-80.3106,25.9572],[-80.295,25.9568],[-80.295,25.9569],[-80.2945,25.9569],[-80.2946,25.9535],[-80.2945,25.9516],[-80.2943,25.9469],[-80.2943,25.9466],[-80.2941,25.9424],[-80.2939,25.9393],[-80.2934,25.9305],[-80.2933,25.9281],[-80.2932,25.925],[-80.2926,25.9134],[-80.2925,25.9099],[-80.292,25.8988],[-80.3002,25.8988],[-80.3082,25.8988],[-80.3162,25.8988],[-80.3243,25.8987],[-80.3404,25.8989],[-80.3403,25.8984],[-80.3407,25.8984],[-80.3449,25.8979],[-80.3503,25.8985],[-80.3513,25.8976],[-80.3513,25.8985],[-80.3513,25.8987],[-80.3515,25.8987],[-80.3515,25.8985],[-80.3534,25.8986],[-80.3545,25.8987],[-80.3545,25.8988],[-80.3564,25.8987],[-80.3562,25.8952],[-80.356,25.8915],[-80.3592,25.891],[-80.3641,25.8906],[-80.364,25.8873],[-80.3633,25.8867],[-80.3657,25.8866],[-80.3663,25.8867],[-80.3716,25.8906],[-80.3855,25.9008],[-80.3856,25.9005],[-80.3876,25.9019],[-80.4223,25.9275],[-80.4377,25.9389],[-80.4396,25.9414],[-80.4403,25.9423],[-80.4403,25.9427],[-80.4409,25.9569]]]}},{"type":"Feature","properties":{"geoid":"1205703","puma":"05703","name":"Hillsborough County (Northwest) PUMA"},"geometry":{"type":"Polygon","coordinates":[[[-82.6512,28.1733],[-82.6193,28.1734],[-82.6005,28.1733],[-82.5965,28.1732],[-82.5918,28.1732],[-82.5797,28.173],[-82.5557,28.1729],[-82.536,28.1726],[-82.5358,28.1728],[-82.5165,28.1727],[-82.5167,28.1551],[-82.5246,28.1554],[-82.5323,28.1556],[-82.5332,28.1557],[-82.5377,28.1558],[-82.538,28.1558],[-82.5382,28.1538],[-82.5409,28.1502],[-82.5461,28.1431],[-82.5465,28.1422],[-82.5486,28.1329],[-82.5487,28.1301],[-82.5486,28.1286],[-82.5434,28.1282],[-82.5334,28.1279],[-82.5335,28.1135],[-82.5335,28.1133],[-82.5335,28.1063],[-82.5418,28.1063],[-82.5427,28.1065],[-82.543,28.1067],[-82.5448,28.1069],[-82.5464,28.1062],[-82.5459,28.1058],[-82.5447,28.101],[-82.5429,28.0978],[-82.5425,28.0971],[-82.5418,28.096],[-82.54,28.0929],[-82.5399,28.0921],[-82.5399,28.0899],[-82.5399,28.0866],[-82.5399,28.0843],[-82.5406,28.084],[-82.5419,28.0832],[-82.5417,28.0731],[-82.5417,28.072],[-82.5417,28.0703],[-82.5418,28.062],[-82.5419,28.0614],[-82.5497,28.0636],[-82.5498,28.0513],[-82.5498,28.044],[-82.5498,28.0404],[-82.542,28.0403],[-82.5419,28.0379],[-82.5276,28.0373],[-82.5258,28.0363],[-82.5255,28.0333],[-82.5256,28.0255],[-82.5258,28.0108],[-82.5259,27.9998],[-82.5261,27.9969],[-82.5261,27.9962],[-82.5338,27.9962],[-82.5459,27.9964],[-82.5458,27.9891],[-82.5462,27.9817],[-82.547,27.9817],[-82.5506,27.9817],[-82.5587,27.9818],[-82.5627,27.9818],[-82.5642,27.9817],[-82.565,27.9818],[-82.5672,27.9826],[-82.5692,27.9843],[-82.5714,27.9817],[-82.5742,27.9758],[-82.575,27.9758],[-82.5768,27.9764],[-82.5798,27.9776],[-82.5812,27.9781],[-82.5822,27.9785],[-82.5835,27.9789],[-82.5836,27.979],[-82.5837,27.979],[-82.5964,27.9798],[-82.6024,27.9823],[-82.607,27.9854],[-82.6084,27.9864],[-82.6113,27.9884],[-82.6113,27.9884],[-82.6114,27.9893],[-82.6116,27.9903],[-82.6122,27.9903],[-82.6126,27.9904],[-82.6133,27.9904],[-82.6144,27.9905],[-82.6206,27.9955],[-82.6214,27.9975],[-82.6226,28.0001],[-82.6239,28.0005],[-82.6276,28.0014],[-82.6308,28.0027],[-82.6365,28.0059],[-82.6394,28.0098],[-82.6394,28.0101],[-82.6404,28.0165],[-82.6405,28.0168],[-82.6423,28.0169],[-82.644,28.017],[-82.6469,28.0172],[-82.6485,28.0181],[-82.6485,28.0188],[-82.6486,28.0337],[-82.6486,28.0386],[-82.6484,28.0562],[-82.6486,28.06],[-82.6489,28.0635],[-82.649,28.0784],[-82.649,28.0798],[-82.6491,28.086],[-82.6491,28.0911],[-82.6491,28.0939],[-82.6491,28.0989],[-82.6504,28.1367],[-82.6506,28.1449],[-82.6512,28.1733]]]}},{"type":"Feature","properties":{"geoid":"1209906","puma":"09906","name":"Palm Beach County (East Central)--Greater Boynton Beach City (North) PUMA"},"geometry":{"type":"Polygon","coordinates":[[[-80.1728,26.5723],[-80.1638,26.5724],[-80.1563,26.5725],[-80.1461,26.5726],[-80.1296,26.5723],[-80.1255,26.5722],[-80.1215,26.5722],[-80.1194,26.5721],[-80.1133,26.572],[-80.1107,26.572],[-80.1053,26.572],[-80.1052,26.572],[-80.0897,26.5722],[-80.0822,26.5723],[-80.0821,26.5723],[-80.0802,26.5723],[-80.0801,26.5723],[-80.0775,26.5722],[-80.0755,26.5723],[-80.0745,26.5723],[-80.0704,26.5723],[-80.0702,26.5723],[-80.0696,26.5722],[-80.0662,26.5722],[-80.0631,26.5721],[-80.0626,26.5721],[-80.0594,26.5721],[-80.0578,26.572],[-80.0536,26.572],[-80.0536,26.5732],[-80.0523,26.5732],[-80.0471,26.5734],[-80.0465,26.5842],[-80.0459,26.5939],[-80.045,26.5939],[-80.0431,26.5938],[-80.0412,26.5957],[-80.04,26.5944],[-80.0401,26.5937],[-80.0369,26.5936],[-80.0373,26.5884],[-80.0375,26.5866],[-80.0375,26.5863],[-80.0375,26.5859],[-80.0377,26.584],[-80.0387,26.5717],[-80.0389,26.5693],[-80.0416,26.5544],[-80.0421,26.5454],[-80.0422,26.5452],[-80.0422,26.5451],[-80.0424,26.5446],[-80.0438,26.5409],[-80.0449,26.538],[-80.0502,26.5102],[-80.0504,26.5095],[-80.0504,26.5091],[-80.0507,26.5074],[-80.0511,26.5049],[-80.0514,26.5032],[-80.0556,26.4758],[-80.0568,26.4757],[-80.0619,26.4754],[-80.0606,26.4839],[-80.0606,26.4846],[-80.0589,26.4915],[-80.0631,26.4915],[-80.0633,26.4914],[-80.0656,26.4915],[-80.066,26.4915],[-80.0661,26.4915],[-80.0713,26.4915],[-80.0714,26.4956],[-80.078,26.4955],[-80.0786,26.4984],[-80.0784,26.4989],[-80.0787,26.4997],[-80.0792,26.5003],[-80.0794,26.4998],[-80.0881,26.4994],[-80.09,26.4994],[-80.0958,26.4992],[-80.0962,26.4992],[-80.0985,26.4991],[-80.1148,26.4988],[-80.1147,26.4913],[-80.1229,26.4913],[-80.1231,26.4955],[-80.1232,26.4987],[-80.1238,26.4987],[-80.1311,26.4987],[-80.1322,26.4986],[-80.1391,26.4986],[-80.1473,26.4985],[-80.1559,26.4984],[-80.1571,26.4977],[-80.1639,26.4978],[-80.1723,26.4977],[-80.1723,26.5127],[-80.1722,26.528],[-80.1723,26.5353],[-80.1724,26.5388],[-80.1725,26.5425],[-80.1726,26.5499],[-80.1726,26.5542],[-80.1727,26.5569],[-80.1727,26.5576],[-80.1727,26.5627],[-80.1727,26.5652],[-80.1728,26.5723]]]}},{"type":"Feature","properties":{"geoid":"1200905","puma":"00905","name":"Brevard County (West)--Rockledge & Cocoa Cities PUMA"},"geometry":{"type":"Polygon","coordinates":[[[-80.9012,28.4332],[-80.8994,28.4335],[-80.8987,28.4349],[-80.897,28.4354],[-80.8982,28.4365],[-80.8964,28.4374],[-80.8955,28.4363],[-80.8943,28.4379],[-80.8947,28.4385],[-80.894,28.441],[-80.8931,28.4419],[-80.8939,28.4439],[-80.8902,28.4453],[-80.892,28.4491],[-80.8939,28.4508],[-80.8957,28.4512],[-80.8972,28.4529],[-80.8965,28.4528],[-80.8836,28.4528],[-80.8819,28.4527],[-80.879,28.4523],[-80.8747,28.4507],[-80.8713,28.4486],[-80.8699,28.4473],[-80.8696,28.4468],[-80.8534,28.429],[-80.8422,28.4167],[-80.8408,28.4154],[-80.8373,28.4133],[-80.8341,28.4121],[-80.8318,28.4116],[-80.8292,28.4114],[-80.8204,28.4116],[-80.8205,28.4118],[-80.8205,28.4185],[-80.8205,28.4248],[-80.8205,28.4318],[-80.8042,28.4319],[-80.7883,28.4319],[-80.7882,28.4314],[-80.7866,28.4321],[-80.7712,28.4321],[-80.7672,28.4322],[-80.7665,28.4322],[-80.7555,28.4046],[-80.7554,28.4045],[-80.7545,28.4026],[-80.7533,28.4007],[-80.7531,28.4002],[-80.7528,28.4002],[-80.7487,28.4008],[-80.7456,28.4013],[-80.7347,28.4026],[-80.7347,28.4024],[-80.7331,28.3971],[-80.7322,28.3945],[-80.7296,28.386],[-80.7264,28.3759],[-80.7204,28.3613],[-80.7182,28.3563],[-80.7178,28.3557],[-80.7154,28.3495],[-80.711,28.3396],[-80.7078,28.3323],[-80.7041,28.3244],[-80.6941,28.303],[-80.6919,28.2978],[-80.6912,28.2961],[-80.6759,28.2592],[-80.6733,28.2529],[-80.6635,28.2322],[-80.6708,28.2301],[-80.6729,28.2295],[-80.6759,28.2286],[-80.6764,28.2284],[-80.6789,28.2277],[-80.68,28.2296],[-80.6835,28.2301],[-80.6888,28.23],[-80.6918,28.2303],[-80.6973,28.2308],[-80.6989,28.2308],[-80.7056,28.2306],[-80.7058,28.2306],[-80.7059,28.2306],[-80.7127,28.2303],[-80.7151,28.2303],[-80.7184,28.2303],[-80.716,28.222],[-80.7133,28.2132],[-80.7121,28.2088],[-80.7114,28.2063],[-80.7074,28.1924],[-80.7059,28.186],[-80.7057,28.1837],[-80.7058,28.1718],[-80.7247,28.1716],[-80.7365,28.1712],[-80.7396,28.1718],[-80.7441,28.1715],[-80.7445,28.1716],[-80.7481,28.1718],[-80.753,28.1705],[-80.7548,28.1697],[-80.7564,28.1682],[-80.7606,28.1671],[-80.7625,28.1671],[-80.7644,28.1662],[-80.7691,28.166],[-80.7707,28.1663],[-80.7736,28.1681],[-80.7748,28.1699],[-80.7769,28.1704],[-80.781,28.1704],[-80.7818,28.1726],[-80.7849,28.1743],[-80.7867,28.1748],[-80.7883,28.1765],[-80.7927,28.1771],[-80.7966,28.1772],[-80.799,28.1778],[-80.8002,28.1788],[-80.8007,28.1802],[-80.8019,28.1811],[-80.8036,28.1818],[-80.8044,28.1809],[-80.8079,28.1832],[-80.8096,28.186],[-80.8124,28.1886],[-80.8124,28.1896],[-80.8151,28.1927],[-80.8172,28.1956],[-80.8194,28.1958],[-80.8232,28.1977],[-80.8271,28.1988],[-80.8301,28.2013],[-80.8306,28.2038],[-80.8323,28.2053],[-80.8351,28.2068],[-80.8373,28.2076],[-80.8482,28.2094],[-80.8516,28.2137],[-80.8554,28.2161],[-80.8581,28.2197],[-80.8581,28.2209],[-80.8562,28.224],[-80.8554,28.2262],[-80.8559,28.2275],[-80.8572,28.2286],[-80.8598,28.2326],[-80.8603,28.2343],[-80.8599,28.2382],[-80.8602,28.2392],[-80.8616,28.2387],[-80.8616,28.2466],[-80.8614,28.2522],[-80.8628,28.3472],[-80.8629,28.3475],[-80.8667,28.3503],[-80.8687,28.3525],[-80.8718,28.3572],[-80.8739,28.3616],[-80.8738,28.3642],[-80.8725,28.3668],[-80.8728,28.3696],[-80.8753,28.3732],[-80.8767,28.3733],[-80.8778,28.3722],[-80.8793,28.3724],[-80.8803,28.3737],[-80.8801,28.3749],[-80.8815,28.3746],[-80.8819,28.3755],[-80.8798,28.3768],[-80.8795,28.3797],[-80.8796,28.3804],[-80.8814,28.3806],[-80.8825,28.3821],[-80.8855,28.3848],[-80.8884,28.3855],[-80.8878,28.388],[-80.8896,28.3923],[-80.8896,28.3931],[-80.888,28.3936],[-80.8871,28.3946],[-80.8869,28.3965],[-80.8847,28.3959],[-80.8847,28.3984],[-80.8862,28.3991],[-80.8867,28.4],[-80.8855,28.4024],[-80.8864,28.4038],[-80.885,28.4063],[-80.8832,28.4065],[-80.883,28.4082],[-80.8848,28.4087],[-80.885,28.4109],[-80.8879,28.4128],[-80.8882,28.4158],[-80.8911,28.4162],[-80.8924,28.4185],[-80.8945,28.4192],[-80.8949,28.4182],[-80.8965,28.4187],[-80.8955,28.4207],[-80.8958,28.4231],[-80.8969,28.4233],[-80.8965,28.425],[-80.8987,28.4261],[-80.8971,28.4264],[-80.8969,28.4281],[-80.8978,28.4296],[-80.8983,28.4318],[-80.9001,28.4315],[-80.9012,28.4332]]]}},{"type":"Feature","properties":{"geoid":"1209510","puma":"09510","name":"Orange County (Northeast) PUMA"},"geometry":{"type":"Polygon","coordinates":[[[-81.2893,28.5184],[-81.2868,28.5211],[-81.2857,28.5225],[-81.2857,28.5244],[-81.2859,28.5392],[-81.2764,28.5392],[-81.2714,28.5392],[-81.2526,28.5393],[-81.2515,28.5393],[-81.2442,28.5394],[-81.2443,28.5474],[-81.2445,28.5494],[-81.237,28.5495],[-81.2346,28.5498],[-81.2303,28.5493],[-81.2298,28.5495],[-81.2279,28.5505],[-81.2281,28.5558],[-81.2295,28.5575],[-81.2292,28.5615],[-81.2292,28.5684],[-81.2292,28.5693],[-81.2323,28.5696],[-81.2323,28.5697],[-81.224,28.5688],[-81.2202,28.5684],[-81.2118,28.5674],[-81.2097,28.5672],[-81.2077,28.5669],[-81.2034,28.5664],[-81.1949,28.5655],[-81.1939,28.5654],[-81.191,28.5654],[-81.1871,28.5654],[-81.1823,28.5654],[-81.1782,28.5654],[-81.1738,28.5655],[-81.1699,28.5654],[-81.1657,28.5654],[-81.1563,28.5655],[-81.1562,28.5653],[-81.1542,28.5653],[-81.1542,28.5655],[-81.1555,28.567],[-81.1549,28.5676],[-81.1583,28.5716],[-81.1584,28.5731],[-81.1606,28.5743],[-81.1613,28.5761],[-81.1628,28.5783],[-81.1672,28.5816],[-81.1679,28.5825],[-81.1683,28.5833],[-81.1702,28.587],[-81.169,28.5879],[-81.1677,28.5895],[-81.1634,28.5896],[-81.1617,28.5913],[-81.1614,28.5934],[-81.1596,28.5948],[-81.1591,28.5971],[-81.1578,28.5992],[-81.1597,28.6034],[-81.1599,28.6054],[-81.157,28.6081],[-81.1568,28.6107],[-81.1578,28.6122],[-81.129,28.6125],[-81.1238,28.6125],[-81.1062,28.6126],[-81.098,28.6127],[-81.0677,28.6127],[-80.9954,28.6132],[-80.9922,28.613],[-80.9922,28.613],[-80.9873,28.613],[-80.9863,28.6118],[-80.985,28.6114],[-80.9844,28.6128],[-80.9837,28.6102],[-80.9806,28.6109],[-80.9809,28.6098],[-80.9798,28.6091],[-80.978,28.6091],[-80.9756,28.6078],[-80.9746,28.6087],[-80.9731,28.6113],[-80.9726,28.6115],[-80.971,28.6112],[-80.9706,28.6107],[-80.9708,28.6094],[-80.9706,28.6086],[-80.9695,28.6084],[-80.9695,28.6052],[-80.9679,28.6043],[-80.9676,28.6052],[-80.9652,28.6044],[-80.964,28.6051],[-80.9615,28.6055],[-80.9604,28.6049],[-80.96,28.6029],[-80.957,28.6019],[-80.9565,28.6038],[-80.9551,28.6036],[-80.9543,28.6048],[-80.9522,28.6042],[-80.952,28.6021],[-80.9531,28.6011],[-80.9506,28.5996],[-80.9496,28.6004],[-80.9495,28.5985],[-80.9466,28.5972],[-80.9477,28.5956],[-80.9463,28.5957],[-80.9433,28.5937],[-80.9439,28.5926],[-80.9451,28.5923],[-80.9439,28.5905],[-80.9443,28.5891],[-80.9451,28.5889],[-80.9457,28.5864],[-80.9471,28.5873],[-80.9463,28.5861],[-80.9471,28.585],[-80.9447,28.5838],[-80.9458,28.5829],[-80.9445,28.5826],[-80.9438,28.5813],[-80.9442,28.58],[-80.9426,28.5799],[-80.9416,28.5783],[-80.9404,28.5781],[-80.9403,28.5759],[-80.9391,28.5753],[-80.9403,28.5743],[-80.9393,28.5724],[-80.9373,28.5709],[-80.9363,28.5714],[-80.9344,28.5694],[-80.9337,28.5676],[-80.932,28.5665],[-80.932,28.5647],[-80.93,28.5632],[-80.9322,28.5618],[-80.9316,28.5599],[-80.9341,28.5593],[-80.9317,28.5559],[-80.9338,28.555],[-80.9337,28.5521],[-80.9326,28.5516],[-80.9341,28.5477],[-80.9342,28.5448],[-80.9329,28.5438],[-80.9328,28.5436],[-80.9321,28.5429],[-80.9326,28.5415],[-80.9342,28.5405],[-80.9354,28.5416],[-80.939,28.542],[-80.9394,28.5404],[-80.939,28.5395],[-80.9393,28.535],[-80.9377,28.5347],[-80.9372,28.5364],[-80.9358,28.5366],[-80.9355,28.5347],[-80.9337,28.5333],[-80.9318,28.5354],[-80.9287,28.5329],[-80.9275,28.5327],[-80.9244,28.5331],[-80.9234,28.5327],[-80.9211,28.5288],[-80.9206,28.5252],[-80.9175,28.523],[-80.9163,28.5228],[-80.9114,28.5246],[-80.9105,28.5235],[-80.9126,28.523],[-80.912,28.5216],[-80.9099,28.5219],[-80.907,28.5204],[-80.908,28.5181],[-80.906,28.518],[-80.9054,28.5166],[-80.9069,28.5149],[-80.9071,28.5138],[-80.9056,28.5127],[-80.9066,28.5116],[-80.904,28.5105],[-80.9031,28.5111],[-80.902,28.5105],[-80.8999,28.5114],[-80.8986,28.5097],[-80.8964,28.5094],[-80.8949,28.51],[-80.8935,28.5117],[-80.8903,28.5118],[-80.8857,28.5103],[-80.8852,28.5096],[-80.8833,28.5043],[-80.8813,28.504],[-80.8802,28.5012],[-80.8799,28.4976],[-80.881,28.4966],[-80.8833,28.4962],[-80.8841,28.4949],[-80.8826,28.4915],[-80.8801,28.491],[-80.8798,28.4902],[-80.8779,28.4898],[-80.8759,28.4901],[-80.8753,28.4887],[-80.8773,28.488],[-80.878,28.4864],[-80.8758,28.486],[-80.8752,28.4834],[-80.8734,28.4822],[-80.8739,28.4804],[-80.8731,28.4785],[-80.8738,28.4783],[-80.8742,28.4763],[-80.8708,28.4714],[-80.8727,28.4712],[-80.8751,28.4688],[-80.8764,28.4696],[-80.8758,28.4708],[-80.8795,28.4695],[-80.8797,28.4683],[-80.8808,28.4683],[-80.8817,28.4704],[-80.8825,28.4695],[-80.8842,28.4695],[-80.8847,28.4687],[-80.8867,28.4696],[-80.8873,28.4685],[-80.8896,28.4666],[-80.8909,28.4669],[-80.8908,28.4684],[-80.8945,28.467],[-80.8942,28.4646],[-80.8927,28.4647],[-80.8933,28.4634],[-80.8958,28.4632],[-80.8948,28.462],[-80.8944,28.4598],[-80.8934,28.4601],[-80.8941,28.458],[-80.8955,28.4581],[-80.8965,28.4567],[-80.8976,28.4578],[-80.8983,28.4551],[-80.8971,28.4548],[-80.8973,28.4529],[-80.9793,28.4527],[-81.0269,28.4525],[-81.0613,28.4521],[-81.095,28.4517],[-81.1083,28.4515],[-81.1446,28.4517],[-81.1609,28.4518],[-81.1611,28.4518],[-81.2306,28.4515],[-81.2311,28.4572],[-81.2321,28.4598],[-81.2345,28.4643],[-81.2367,28.4684],[-81.2376,28.4702],[-81.2382,28.4722],[-81.2396,28.4777],[-81.2397,28.4777],[-81.2397,28.4778],[-81.2432,28.4916],[-81.2438,28.4999],[-81.2445,28.5022],[-81.2446,28.5026],[-81.2481,28.5101],[-81.2566,28.5101],[-81.265,28.51],[-81.269,28.51],[-81.2714,28.51],[-81.2797,28.51],[-81.2821,28.5111],[-81.2898,28.5158],[-81.2893,28.5184]]]}},{"type":"Feature","properties":{"geoid":"1209508","puma":"09508","name":"Orange County (North Central)--Orlando City (Univ. of Central Florida) & Union Park PUMA"},"geometry":{"type":"Polygon","coordinates":[[[-81.3109,28.5735],[-81.3107,28.5752],[-81.3106,28.5755],[-81.3108,28.5755],[-81.3106,28.5761],[-81.309,28.579],[-81.3089,28.5792],[-81.3078,28.5811],[-81.3072,28.5826],[-81.307,28.5844],[-81.3072,28.5899],[-81.3073,28.5935],[-81.3074,28.5972],[-81.3072,28.5972],[-81.3072,28.6003],[-81.3073,28.6044],[-81.3077,28.6082],[-81.3088,28.6107],[-81.3051,28.6108],[-81.3024,28.6108],[-81.299,28.6108],[-81.2968,28.6109],[-81.2948,28.6109],[-81.2823,28.6111],[-81.2785,28.6112],[-81.2778,28.6112],[-81.268,28.6114],[-81.2623,28.6115],[-81.2458,28.6117],[-81.2447,28.6115],[-81.2332,28.6117],[-81.2262,28.6118],[-81.2253,28.6118],[-81.2241,28.6118],[-81.2179,28.6119],[-81.2077,28.6119],[-81.2075,28.6119],[-81.2012,28.612],[-81.192,28.6121],[-81.1893,28.6119],[-81.1869,28.612],[-81.1745,28.612],[-81.1578,28.6122],[-81.1568,28.6107],[-81.157,28.6081],[-81.1599,28.6054],[-81.1597,28.6034],[-81.1578,28.5992],[-81.1591,28.5971],[-81.1596,28.5948],[-81.1614,28.5934],[-81.1617,28.5913],[-81.1634,28.5896],[-81.1677,28.5895],[-81.169,28.5879],[-81.1702,28.587],[-81.1683,28.5833],[-81.1679,28.5825],[-81.1672,28.5816],[-81.1628,28.5783],[-81.1613,28.5761],[-81.1606,28.5743],[-81.1584,28.5731],[-81.1583,28.5716],[-81.1549,28.5676],[-81.1555,28.567],[-81.1542,28.5655],[-81.1542,28.5653],[-81.1562,28.5653],[-81.1563,28.5655],[-81.1657,28.5654],[-81.1699,28.5654],[-81.1738,28.5655],[-81.1782,28.5654],[-81.1823,28.5654],[-81.1871,28.5654],[-81.191,28.5654],[-81.1939,28.5654],[-81.1949,28.5655],[-81.2034,28.5664],[-81.2077,28.5669],[-81.2097,28.5672],[-81.2118,28.5674],[-81.2202,28.5684],[-81.224,28.5688],[-81.2323,28.5697],[-81.2323,28.5696],[-81.2292,28.5693],[-81.2292,28.5684],[-81.2292,28.5615],[-81.2295,28.5575],[-81.2281,28.5558],[-81.2279,28.5505],[-81.2298,28.5495],[-81.2303,28.5493],[-81.2346,28.5498],[-81.237,28.5495],[-81.2445,28.5494],[-81.2443,28.5474],[-81.2442,28.5394],[-81.2515,28.5393],[-81.2526,28.5393],[-81.2714,28.5392],[-81.2764,28.5392],[-81.2859,28.5392],[-81.2859,28.5401],[-81.2859,28.5405],[-81.2859,28.5484],[-81.2859,28.5538],[-81.2862,28.5684],[-81.2902,28.5679],[-81.2943,28.567],[-81.299,28.5652],[-81.3042,28.562],[-81.31,28.5577],[-81.3107,28.5572],[-81.3108,28.5616],[-81.3109,28.5735]]]}},{"type":"Feature","properties":{"geoid":"1211702","puma":"11702","name":"Seminole County (North Central) PUMA"},"geometry":{"type":"Polygon","coordinates":[[[-81.3889,28.6906],[-81.3884,28.6947],[-81.3878,28.6959],[-81.382,28.7044],[-81.3788,28.713],[-81.3722,28.7317],[-81.3635,28.7561],[-81.3586,28.77],[-81.357,28.7739],[-81.3506,28.7864],[-81.3486,28.7904],[-81.3472,28.7932],[-81.3457,28.7963],[-81.3433,28.801],[-81.3405,28.8065],[-81.3382,28.8113],[-81.3381,28.8114],[-81.3346,28.8184],[-81.3323,28.8225],[-81.327,28.8278],[-81.3251,28.8297],[-81.321,28.8338],[-81.3198,28.8345],[-81.3096,28.8346],[-81.3041,28.8344],[-81.2895,28.8341],[-81.273,28.8337],[-81.2548,28.8332],[-81.2584,28.8128],[-81.2584,28.8126],[-81.2604,28.8117],[-81.2608,28.8072],[-81.2607,28.8013],[-81.2607,28.794],[-81.2612,28.794],[-81.2601,28.7922],[-81.2601,28.7867],[-81.26,28.7795],[-81.2598,28.7753],[-81.258,28.7712],[-81.2578,28.7706],[-81.2575,28.7691],[-81.2575,28.7604],[-81.2575,28.7603],[-81.2576,28.7596],[-81.2585,28.758],[-81.2645,28.7535],[-81.2665,28.752],[-81.2695,28.7497],[-81.2725,28.7449],[-81.2729,28.7445],[-81.2767,28.7419],[-81.2808,28.7391],[-81.2975,28.732],[-81.3013,28.7308],[-81.3039,28.7298],[-81.3065,28.728],[-81.308,28.7268],[-81.309,28.7254],[-81.3095,28.7233],[-81.3092,28.7217],[-81.3093,28.7217],[-81.3096,28.7226],[-81.3097,28.7237],[-81.3096,28.7255],[-81.3095,28.7264],[-81.3095,28.729],[-81.3099,28.7305],[-81.3113,28.729],[-81.3185,28.7217],[-81.3232,28.7165],[-81.3243,28.7149],[-81.3246,28.7142],[-81.3249,28.7135],[-81.3251,28.7131],[-81.3255,28.712],[-81.3258,28.7107],[-81.326,28.7097],[-81.3262,28.7083],[-81.3264,28.7073],[-81.3264,28.707],[-81.3267,28.7041],[-81.3268,28.7033],[-81.3269,28.702],[-81.327,28.6979],[-81.3276,28.6923],[-81.3277,28.6917],[-81.3279,28.6913],[-81.3282,28.6905],[-81.3289,28.689],[-81.3303,28.6873],[-81.3307,28.6869],[-81.3325,28.6854],[-81.3329,28.6851],[-81.3342,28.6834],[-81.3348,28.684],[-81.3356,28.6844],[-81.3365,28.6847],[-81.3459,28.6849],[-81.3461,28.6833],[-81.347,28.6832],[-81.348,28.6832],[-81.3496,28.6831],[-81.3542,28.6832],[-81.3579,28.6831],[-81.3599,28.683],[-81.3609,28.683],[-81.3621,28.683],[-81.3621,28.6838],[-81.3738,28.6837],[-81.3794,28.6837],[-81.382,28.6837],[-81.3886,28.6837],[-81.3888,28.6837],[-81.3889,28.6906]]]}},{"type":"Feature","properties":{"geoid":"1210502","puma":"10502","name":"Polk County (Northeast) PUMA"},"geometry":{"type":"Polygon","coordinates":[[[-81.9081,28.0808],[-81.9075,28.0825],[-81.9056,28.0851],[-81.9056,28.0995],[-81.9056,28.1013],[-81.9056,28.1067],[-81.9056,28.1068],[-81.9056,28.1076],[-81.9068,28.115],[-81.9079,28.1183],[-81.8996,28.1381],[-81.8987,28.14],[-81.8543,28.1522],[-81.8544,28.1524],[-81.8468,28.1545],[-81.8456,28.1548],[-81.8419,28.1558],[-81.8388,28.1566],[-81.8373,28.1569],[-81.8357,28.1572],[-81.8313,28.1576],[-81.8264,28.1577],[-81.8262,28.1577],[-81.8256,28.1577],[-81.8203,28.1577],[-81.8018,28.1577],[-81.7972,28.1579],[-81.7922,28.1585],[-81.787,28.16],[-81.7823,28.1621],[-81.7773,28.1653],[-81.7704,28.1698],[-81.7635,28.1737],[-81.7577,28.1764],[-81.7438,28.1819],[-81.744,28.1822],[-81.7228,28.1906],[-81.7156,28.194],[-81.702,28.1998],[-81.6823,28.2094],[-81.6803,28.2105],[-81.6774,28.2123],[-81.65,28.2325],[-81.6499,28.2323],[-81.6497,28.2324],[-81.6203,28.2541],[-81.6136,28.2595],[-81.5964,28.2595],[-81.5906,28.2594],[-81.5803,28.2595],[-81.5581,28.2594],[-81.5575,28.2594],[-81.5547,28.2544],[-81.5516,28.2495],[-81.5513,28.249],[-81.5413,28.2313],[-81.5395,28.2282],[-81.5367,28.2232],[-81.5241,28.201],[-81.5241,28.1978],[-81.5242,28.187],[-81.5242,28.1723],[-81.5242,28.1428],[-81.5173,28.1428],[-81.5015,28.1427],[-81.5045,28.1424],[-81.511,28.1386],[-81.5138,28.138],[-81.5218,28.1396],[-81.5263,28.1404],[-81.5295,28.1402],[-81.5321,28.1391],[-81.5391,28.1349],[-81.5407,28.1334],[-81.5419,28.1317],[-81.5529,28.1165],[-81.554,28.1154],[-81.5552,28.1148],[-81.5569,28.1143],[-81.5573,28.1142],[-81.5699,28.1141],[-81.5719,28.1141],[-81.5739,28.1141],[-81.5739,28.1141],[-81.576,28.1141],[-81.5781,28.1141],[-81.5801,28.1141],[-81.5842,28.1141],[-81.5904,28.1141],[-81.5903,28.1074],[-81.5904,28.1068],[-81.5916,28.1068],[-81.5935,28.1068],[-81.5986,28.1068],[-81.6027,28.1068],[-81.6065,28.1068],[-81.6068,28.1068],[-81.6068,28.0995],[-81.6068,28.0958],[-81.6068,28.0922],[-81.6087,28.0922],[-81.6089,28.0884],[-81.6108,28.0883],[-81.6109,28.0845],[-81.6217,28.0845],[-81.6294,28.0845],[-81.6314,28.0845],[-81.6365,28.0814],[-81.638,28.0807],[-81.6436,28.0797],[-81.6449,28.0798],[-81.6496,28.0807],[-81.6487,28.0778],[-81.6487,28.0776],[-81.6477,28.0758],[-81.6459,28.0731],[-81.6439,28.0701],[-81.6439,28.0701],[-81.6453,28.07],[-81.6454,28.0719],[-81.6472,28.0723],[-81.6488,28.0724],[-81.6504,28.0718],[-81.6521,28.0681],[-81.6532,28.0679],[-81.6538,28.0679],[-81.6557,28.0699],[-81.656,28.0704],[-81.656,28.0709],[-81.6565,28.0714],[-81.6568,28.0715],[-81.6572,28.0714],[-81.6577,28.072],[-81.658,28.072],[-81.6582,28.0718],[-81.6596,28.0706],[-81.6598,28.0691],[-81.6625,28.0663],[-81.6643,28.0652],[-81.6649,28.0631],[-81.6673,28.0618],[-81.6695,28.059],[-81.6708,28.0552],[-81.6709,28.0536],[-81.6697,28.0481],[-81.6685,28.0486],[-81.6682,28.049],[-81.6678,28.0489],[-81.6667,28.0483],[-81.6637,28.0413],[-81.6628,28.0402],[-81.6582,28.0371],[-81.6499,28.0342],[-81.6458,28.035],[-81.645,28.0343],[-81.6498,28.0311],[-81.6539,28.0304],[-81.6547,28.0303],[-81.6569,28.0301],[-81.6577,28.03],[-81.6589,28.03],[-81.6598,28.0302],[-81.6603,28.0304],[-81.6615,28.0311],[-81.662,28.0313],[-81.6631,28.0316],[-81.6632,28.0299],[-81.6649,28.0294],[-81.6651,28.0261],[-81.6651,28.0225],[-81.6672,28.0225],[-81.6692,28.0225],[-81.6709,28.0225],[-81.6764,28.0225],[-81.6769,28.0225],[-81.6775,28.0225],[-81.6774,28.0188],[-81.6774,28.016],[-81.6773,28.0149],[-81.6823,28.0078],[-81.6836,28.0078],[-81.6855,28.0075],[-81.6861,28.0072],[-81.6893,28.0049],[-81.6912,28.0035],[-81.6933,28.0029],[-81.6986,28.0043],[-81.7026,28.0041],[-81.7036,28.0044],[-81.706,28.0052],[-81.7067,28.0053],[-81.7073,28.0052],[-81.7102,28.0044],[-81.7109,28.0046],[-81.7114,28.0046],[-81.7138,28.004],[-81.7154,28.0041],[-81.7185,28.004],[-81.7191,28.004],[-81.7217,28.0041],[-81.7247,28.004],[-81.7331,28.004],[-81.7341,28.001],[-81.7346,28.0003],[-81.736,27.9985],[-81.7348,27.9983],[-81.7381,27.9948],[-81.7389,27.9957],[-81.7391,27.9959],[-81.7404,27.997],[-81.7447,27.9975],[-81.7469,27.9983],[-81.7503,28.0019],[-81.7508,28.0026],[-81.7513,28.0039],[-81.7514,28.0039],[-81.753,28.004],[-81.7534,28.0036],[-81.7551,28.0021],[-81.7567,28.0011],[-81.7578,28.0024],[-81.7596,28.0034],[-81.7618,28.004],[-81.7658,28.0041],[-81.7721,28.004],[-81.776,28.0048],[-81.7794,28.0049],[-81.7776,28.0067],[-81.7766,28.0096],[-81.7761,28.0118],[-81.7761,28.0287],[-81.7761,28.0295],[-81.7766,28.0295],[-81.7793,28.0296],[-81.7814,28.0332],[-81.789,28.0332],[-81.7895,28.0332],[-81.7964,28.0332],[-81.8146,28.0331],[-81.8133,28.0412],[-81.8133,28.0489],[-81.8133,28.0515],[-81.8132,28.0534],[-81.8133,28.0549],[-81.8133,28.0567],[-81.8133,28.0577],[-81.8175,28.057],[-81.8242,28.0564],[-81.8299,28.0556],[-81.8319,28.0551],[-81.8344,28.0541],[-81.8384,28.0525],[-81.8384,28.0523],[-81.8443,28.0501],[-81.8475,28.0495],[-81.8571,28.0479],[-81.8585,28.0478],[-81.8667,28.0478],[-81.8765,28.0478],[-81.8765,28.048],[-81.8926,28.0479],[-81.8956,28.0479],[-81.8956,28.0488],[-81.8956,28.0507],[-81.8957,28.0529],[-81.8957,28.0583],[-81.8956,28.0608],[-81.8956,28.0625],[-81.8957,28.0735],[-81.8997,28.0735],[-81.9045,28.0734],[-81.9081,28.0726],[-81.9081,28.0737],[-81.9081,28.0808]]]}},{"type":"Feature","properties":{"geoid":"1211701","puma":"11701","name":"Seminole County (West) PUMA"},"geometry":{"type":"Polygon","coordinates":[[[-81.4597,28.6444],[-81.4597,28.6447],[-81.4597,28.6616],[-81.4597,28.6626],[-81.4597,28.6645],[-81.4597,28.6727],[-81.4597,28.6729],[-81.4597,28.6734],[-81.4596,28.6746],[-81.4596,28.6802],[-81.4597,28.6837],[-81.4596,28.6886],[-81.4595,28.7094],[-81.4595,28.7133],[-81.458,28.7143],[-81.4505,28.7144],[-81.4475,28.7152],[-81.4464,28.7137],[-81.4443,28.7139],[-81.4409,28.7156],[-81.441,28.7159],[-81.4394,28.7191],[-81.4382,28.7206],[-81.4362,28.7218],[-81.4316,28.727],[-81.4315,28.7281],[-81.4269,28.7337],[-81.425,28.7352],[-81.4238,28.7353],[-81.4228,28.7369],[-81.4219,28.7397],[-81.4215,28.7445],[-81.4185,28.7546],[-81.4165,28.7557],[-81.4163,28.7584],[-81.4157,28.7597],[-81.4152,28.7637],[-81.4158,28.7645],[-81.4156,28.7665],[-81.4162,28.7675],[-81.4164,28.7695],[-81.4158,28.7711],[-81.4157,28.7738],[-81.4149,28.7747],[-81.4147,28.777],[-81.4153,28.7786],[-81.4151,28.7803],[-81.4155,28.7827],[-81.4151,28.7845],[-81.4147,28.7856],[-81.4155,28.7859],[-81.414,28.7898],[-81.4138,28.7926],[-81.4151,28.7971],[-81.4157,28.8026],[-81.4182,28.8065],[-81.418,28.8082],[-81.4189,28.8106],[-81.4196,28.8152],[-81.4192,28.8183],[-81.4168,28.8246],[-81.4158,28.8264],[-81.4144,28.8275],[-81.412,28.8306],[-81.4091,28.8325],[-81.4092,28.8332],[-81.4073,28.8348],[-81.4039,28.8348],[-81.403,28.8372],[-81.4005,28.8387],[-81.3984,28.8407],[-81.3984,28.8419],[-81.3947,28.8421],[-81.3901,28.849],[-81.3881,28.8499],[-81.3863,28.8499],[-81.383,28.852],[-81.382,28.8539],[-81.38,28.8565],[-81.3799,28.8581],[-81.3769,28.8611],[-81.375,28.8623],[-81.376,28.8659],[-81.3757,28.8665],[-81.3741,28.8698],[-81.3724,28.8689],[-81.3697,28.8705],[-81.3686,28.8729],[-81.3663,28.8736],[-81.3669,28.8792],[-81.3653,28.8765],[-81.3607,28.8725],[-81.3605,28.8705],[-81.363,28.8699],[-81.3646,28.8674],[-81.3647,28.8657],[-81.3635,28.8647],[-81.3579,28.864],[-81.3537,28.8631],[-81.3521,28.8623],[-81.3511,28.8581],[-81.3535,28.8592],[-81.355,28.858],[-81.355,28.8546],[-81.3557,28.8533],[-81.3583,28.8519],[-81.3596,28.8503],[-81.3593,28.8489],[-81.358,28.8478],[-81.3525,28.8472],[-81.3476,28.8462],[-81.3449,28.8463],[-81.3415,28.8471],[-81.3391,28.8452],[-81.3335,28.8404],[-81.3299,28.839],[-81.3246,28.8377],[-81.3242,28.8376],[-81.3234,28.8373],[-81.3206,28.8346],[-81.3198,28.8345],[-81.321,28.8338],[-81.3251,28.8297],[-81.327,28.8278],[-81.3323,28.8225],[-81.3346,28.8184],[-81.3381,28.8114],[-81.3382,28.8113],[-81.3405,28.8065],[-81.3433,28.801],[-81.3457,28.7963],[-81.3472,28.7932],[-81.3486,28.7904],[-81.3506,28.7864],[-81.357,28.7739],[-81.3586,28.77],[-81.3635,28.7561],[-81.3722,28.7317],[-81.3788,28.713],[-81.382,28.7044],[-81.3878,28.6959],[-81.3884,28.6947],[-81.3889,28.6906],[-81.3888,28.6837],[-81.3888,28.6755],[-81.3888,28.6729],[-81.3888,28.6727],[-81.3887,28.662],[-81.3885,28.662],[-81.3842,28.662],[-81.3833,28.6621],[-81.3823,28.6624],[-81.3789,28.6636],[-81.374,28.6639],[-81.3711,28.6639],[-81.3703,28.6641],[-81.3659,28.6634],[-81.3659,28.6533],[-81.3658,28.6475],[-81.3658,28.6467],[-81.3657,28.6456],[-81.3657,28.6455],[-81.3657,28.6454],[-81.3657,28.6454],[-81.3657,28.6453],[-81.3657,28.6453],[-81.3657,28.6445],[-81.3657,28.644],[-81.3655,28.6408],[-81.3652,28.6404],[-81.3716,28.6404],[-81.3733,28.6403],[-81.3759,28.6404],[-81.378,28.6403],[-81.3874,28.6402],[-81.388,28.6402],[-81.3916,28.6402],[-81.3965,28.6402],[-81.3986,28.6402],[-81.408,28.6401],[-81.4152,28.6401],[-81.4154,28.6401],[-81.4273,28.6402],[-81.4356,28.6401],[-81.4436,28.6401],[-81.4446,28.6402],[-81.4566,28.6402],[-81.458,28.6402],[-81.4597,28.6402],[-81.4597,28.6444]]]}},{"type":"Feature","properties":{"geoid":"1208303","puma":"08303","name":"Marion County (South Central) PUMA"},"geometry":{"type":"Polygon","coordinates":[[[-82.3496,28.9887],[-82.3189,29.0188],[-82.3027,29.0347],[-82.2867,29.0503],[-82.2836,29.0535],[-82.2835,29.0537],[-82.2741,29.0628],[-82.2676,29.0692],[-82.2667,29.0701],[-82.2657,29.0711],[-82.2592,29.0773],[-82.2575,29.0791],[-82.2523,29.0841],[-82.2448,29.0915],[-82.2443,29.092],[-82.2266,29.1094],[-82.2237,29.1123],[-82.2185,29.1174],[-82.2185,29.1171],[-82.2185,29.1065],[-82.2071,29.1065],[-82.1978,29.1065],[-82.1854,29.1064],[-82.185,29.1064],[-82.1813,29.1063],[-82.1814,29.099],[-82.169,29.099],[-82.169,29.0957],[-82.1675,29.0951],[-82.1362,29.0954],[-82.1362,29.0918],[-82.1277,29.0919],[-82.1277,29.0845],[-82.1029,29.0844],[-82.091,29.0843],[-82.0906,29.0843],[-82.0875,29.0843],[-82.0868,29.0842],[-82.0867,29.0843],[-82.0846,29.0843],[-82.0841,29.0843],[-82.0797,29.0843],[-82.0788,29.0843],[-82.0788,29.0844],[-82.0802,29.0868],[-82.0809,29.0881],[-82.087,29.0988],[-82.0889,29.103],[-82.0912,29.1063],[-82.0864,29.1063],[-82.0797,29.1063],[-82.0784,29.1074],[-82.0784,29.1209],[-82.0785,29.1353],[-82.0745,29.1424],[-82.0744,29.1466],[-82.0761,29.1496],[-82.0764,29.1498],[-82.074,29.1499],[-82.0736,29.1496],[-82.0723,29.1489],[-82.0604,29.1419],[-82.0537,29.1395],[-82.0537,29.1436],[-82.0537,29.1462],[-82.0537,29.1603],[-82.0537,29.1682],[-82.0519,29.1685],[-82.0516,29.1697],[-82.0502,29.1704],[-82.0504,29.1725],[-82.0479,29.1731],[-82.0456,29.1718],[-82.0459,29.171],[-82.0438,29.1708],[-82.044,29.1729],[-82.04,29.1729],[-82.0391,29.1702],[-82.0387,29.172],[-82.0378,29.1719],[-82.0366,29.1733],[-82.037,29.1742],[-82.0332,29.1746],[-82.0332,29.1685],[-82.0328,29.1647],[-82.0324,29.1652],[-82.0319,29.1644],[-82.029,29.1628],[-82.029,29.1608],[-82.0268,29.1602],[-82.0269,29.1578],[-82.0253,29.1514],[-82.0247,29.1502],[-82.0247,29.1428],[-82.0226,29.1425],[-82.021,29.1398],[-82.0201,29.1403],[-82.0171,29.1426],[-82.0115,29.1426],[-82.0082,29.1393],[-82.0088,29.1379],[-82.0063,29.1376],[-82.0056,29.1363],[-82.0054,29.1339],[-82.0087,29.1344],[-82.0102,29.1335],[-82.0078,29.1306],[-82.0003,29.1255],[-81.9983,29.1234],[-81.9969,29.121],[-82.0027,29.1197],[-82.0044,29.1197],[-82.0065,29.1177],[-82.0069,29.1156],[-82.0057,29.1112],[-82.0069,29.1091],[-82.0059,29.1087],[-82.0029,29.1064],[-82.0021,29.1056],[-81.9977,29.0997],[-81.9946,29.095],[-81.9928,29.0934],[-81.9973,29.0898],[-81.9901,29.083],[-81.9876,29.0815],[-81.9834,29.0789],[-81.9818,29.0779],[-81.9742,29.0732],[-81.9726,29.0722],[-81.9715,29.0715],[-81.9708,29.0713],[-81.9665,29.0713],[-81.9608,29.0712],[-81.9599,29.0709],[-81.9537,29.0667],[-81.9503,29.0644],[-81.9459,29.0619],[-81.942,29.0576],[-81.9384,29.0541],[-81.9372,29.053],[-81.931,29.0501],[-81.9294,29.0501],[-81.929,29.051],[-81.9216,29.0516],[-81.9183,29.0537],[-81.917,29.0554],[-81.9115,29.0623],[-81.8998,29.0767],[-81.8985,29.078],[-81.8929,29.0801],[-81.8888,29.0804],[-81.8869,29.0809],[-81.8853,29.082],[-81.8813,29.0797],[-81.8804,29.0783],[-81.8763,29.0777],[-81.8727,29.0762],[-81.87,29.0738],[-81.8666,29.07],[-81.8659,29.067],[-81.8668,29.0602],[-81.8666,29.0595],[-81.862,29.0502],[-81.8601,29.0478],[-81.8549,29.0413],[-81.8523,29.0379],[-81.8485,29.0335],[-81.8483,29.027],[-81.8484,29.0205],[-81.8476,29.0186],[-81.8462,29.0174],[-81.8457,29.0161],[-81.8466,29.0126],[-81.8485,29.0102],[-81.8484,29.0038],[-81.8482,29.0036],[-81.8448,29.0003],[-81.8407,28.9961],[-81.8371,28.9936],[-81.8362,28.9914],[-81.8357,28.9881],[-81.836,28.9864],[-81.839,28.9813],[-81.8398,28.9793],[-81.8402,28.9761],[-81.8423,28.9708],[-81.8429,28.9685],[-81.8421,28.9638],[-81.8422,28.961],[-81.8423,28.9599],[-81.8546,28.9598],[-81.8748,28.9603],[-81.8833,28.96],[-81.8898,28.9601],[-81.8945,28.9602],[-81.896,28.9599],[-81.9274,28.9601],[-81.9291,28.96],[-81.9361,28.96],[-81.9376,28.96],[-81.9409,28.96],[-81.9417,28.96],[-81.9495,28.9601],[-81.9542,28.9601],[-81.9651,28.96],[-81.9654,28.96],[-81.9888,28.9599],[-81.9957,28.9599],[-82.0022,28.9599],[-82.0023,28.9599],[-82.0163,28.9601],[-82.0164,28.9601],[-82.0402,28.9601],[-82.0407,28.9601],[-82.0952,28.9601],[-82.1199,28.9601],[-82.1236,28.9602],[-82.1239,28.9602],[-82.1731,28.96],[-82.1863,28.96],[-82.2195,28.9601],[-82.248,28.9603],[-82.2498,28.9605],[-82.3117,28.9604],[-82.3118,28.9606],[-82.3117,28.9637],[-82.3123,28.9666],[-82.3134,28.9695],[-82.3156,28.9709],[-82.3158,28.9733],[-82.3177,28.9734],[-82.3193,28.9744],[-82.3203,28.9731],[-82.3213,28.974],[-82.3213,28.9753],[-82.3232,28.9753],[-82.3232,28.9761],[-82.3249,28.9767],[-82.3273,28.9788],[-82.3297,28.979],[-82.3301,28.98],[-82.3313,28.9804],[-82.3321,28.982],[-82.3332,28.9824],[-82.3339,28.9815],[-82.3353,28.9831],[-82.3372,28.9835],[-82.3379,28.9848],[-82.3399,28.986],[-82.3414,28.9878],[-82.3429,28.9872],[-82.3458,28.9871],[-82.3496,28.9887]]]}},{"type":"Feature","properties":{"geoid":"1210305","puma":"10305","name":"Pinellas County (West Central)--Greater Seminole City PUMA"},"geometry":{"type":"Polygon","coordinates":[[[-82.8522,27.886],[-82.8506,27.8944],[-82.8506,27.8946],[-82.8489,27.9042],[-82.8479,27.9098],[-82.8465,27.9098],[-82.8335,27.9097],[-82.8363,27.9008],[-82.8369,27.8988],[-82.8367,27.8989],[-82.838,27.8942],[-82.8381,27.8939],[-82.8415,27.8892],[-82.8432,27.8859],[-82.8435,27.8854],[-82.8455,27.8834],[-82.8419,27.8809],[-82.8406,27.8805],[-82.8324,27.8804],[-82.8283,27.8804],[-82.82,27.8803],[-82.8169,27.8804],[-82.8152,27.8809],[-82.8146,27.8803],[-82.8117,27.8803],[-82.8094,27.8802],[-82.8076,27.8802],[-82.8034,27.8802],[-82.7994,27.8802],[-82.7953,27.8802],[-82.7871,27.8801],[-82.7871,27.8811],[-82.7871,27.8837],[-82.7835,27.8837],[-82.7825,27.8837],[-82.7819,27.8837],[-82.7812,27.8849],[-82.7785,27.8849],[-82.7759,27.8846],[-82.7762,27.887],[-82.7775,27.8873],[-82.7784,27.8874],[-82.7788,27.8875],[-82.7788,27.8892],[-82.779,27.8911],[-82.779,27.8946],[-82.7766,27.8946],[-82.775,27.8946],[-82.7733,27.8941],[-82.7727,27.8946],[-82.7718,27.8946],[-82.7716,27.8946],[-82.7682,27.8945],[-82.7674,27.8945],[-82.7635,27.8945],[-82.7624,27.8945],[-82.7561,27.8944],[-82.7536,27.8944],[-82.7519,27.8944],[-82.7514,27.8944],[-82.7499,27.8943],[-82.7485,27.8943],[-82.7482,27.8943],[-82.7478,27.8943],[-82.7458,27.8943],[-82.7418,27.8942],[-82.7372,27.894],[-82.7326,27.8938],[-82.7311,27.8937],[-82.7311,27.8937],[-82.7298,27.8937],[-82.7289,27.8937],[-82.729,27.8907],[-82.7291,27.8903],[-82.7291,27.8864],[-82.7292,27.8864],[-82.7301,27.8864],[-82.7309,27.8865],[-82.734,27.8866],[-82.735,27.8866],[-82.7353,27.8866],[-82.7365,27.8867],[-82.737,27.8867],[-82.7436,27.8869],[-82.7457,27.8868],[-82.7457,27.8842],[-82.7457,27.8796],[-82.7456,27.8778],[-82.7456,27.8723],[-82.7447,27.8686],[-82.7433,27.8667],[-82.7383,27.8634],[-82.7374,27.8614],[-82.7375,27.8613],[-82.7408,27.8593],[-82.7423,27.8576],[-82.7438,27.8557],[-82.7454,27.8533],[-82.7457,27.8528],[-82.7465,27.8516],[-82.7487,27.8483],[-82.7494,27.8478],[-82.7498,27.847],[-82.7494,27.8461],[-82.7494,27.8457],[-82.75,27.845],[-82.752,27.8391],[-82.7519,27.8391],[-82.7525,27.8381],[-82.7527,27.8369],[-82.7542,27.8343],[-82.754,27.8332],[-82.7539,27.8291],[-82.7544,27.829],[-82.7565,27.8289],[-82.7602,27.8207],[-82.7609,27.8207],[-82.7647,27.8188],[-82.7641,27.8159],[-82.7638,27.8135],[-82.7638,27.813],[-82.7638,27.8124],[-82.7638,27.8082],[-82.7648,27.8081],[-82.7648,27.8037],[-82.7653,27.8001],[-82.7678,27.7988],[-82.7715,27.7967],[-82.7716,27.7966],[-82.7707,27.796],[-82.7608,27.7891],[-82.7578,27.7833],[-82.7539,27.7758],[-82.7534,27.775],[-82.7534,27.7724],[-82.7534,27.7708],[-82.7533,27.7667],[-82.7542,27.7643],[-82.7571,27.7607],[-82.7575,27.7593],[-82.7599,27.7587],[-82.7617,27.7584],[-82.7611,27.7562],[-82.76,27.7526],[-82.759,27.7492],[-82.7545,27.7406],[-82.7539,27.7396],[-82.7555,27.7385],[-82.7555,27.7386],[-82.7581,27.7417],[-82.7609,27.7452],[-82.7634,27.7507],[-82.7641,27.7522],[-82.7665,27.7576],[-82.7686,27.7622],[-82.7705,27.7663],[-82.7746,27.77],[-82.78,27.7748],[-82.7834,27.78],[-82.784,27.7823],[-82.7843,27.7831],[-82.7905,27.791],[-82.7959,27.7951],[-82.7964,27.7955],[-82.8074,27.8039],[-82.8164,27.8107],[-82.8204,27.8137],[-82.8204,27.8137],[-82.8217,27.815],[-82.8259,27.8195],[-82.8273,27.8209],[-82.8277,27.8213],[-82.8283,27.822],[-82.8285,27.8221],[-82.8285,27.8222],[-82.8286,27.8223],[-82.8309,27.8259],[-82.8315,27.827],[-82.8371,27.8359],[-82.8376,27.8367],[-82.8418,27.8435],[-82.8419,27.8436],[-82.8419,27.8436],[-82.8421,27.844],[-82.8465,27.8543],[-82.8474,27.8572],[-82.8491,27.8632],[-82.8507,27.8716],[-82.8508,27.8723],[-82.8511,27.8742],[-82.8513,27.876],[-82.8522,27.886]]]}},{"type":"Feature","properties":{"geoid":"1201111","puma":"01111","name":"Broward County (Southwest)--Pembroke Pines (West) City PUMA"},"geometry":{"type":"Polygon","coordinates":[[[-80.4417,26.0352],[-80.4337,26.0352],[-80.4332,26.0353],[-80.4204,26.0354],[-80.4176,26.0354],[-80.4136,26.0354],[-80.4134,26.0354],[-80.4096,26.0354],[-80.4016,26.0354],[-80.3955,26.0353],[-80.3775,26.0355],[-80.3694,26.0355],[-80.3693,26.0349],[-80.3612,26.0349],[-80.3613,26.0354],[-80.3573,26.0354],[-80.3531,26.0356],[-80.3522,26.0356],[-80.3473,26.0356],[-80.3453,26.0354],[-80.3128,26.0352],[-80.3126,26.0295],[-80.3087,26.0296],[-80.2968,26.0296],[-80.2886,26.0299],[-80.2804,26.0299],[-80.2802,26.0226],[-80.28,26.0191],[-80.2799,26.0158],[-80.2799,26.0153],[-80.2797,26.0083],[-80.2797,26.0081],[-80.2794,26.0026],[-80.2794,26.001],[-80.2792,25.9938],[-80.2796,25.9938],[-80.2959,25.9933],[-80.3002,25.9933],[-80.3019,25.9933],[-80.305,25.9933],[-80.3116,25.9933],[-80.312,25.9933],[-80.3185,25.9933],[-80.3281,25.9933],[-80.3406,25.9932],[-80.3441,25.9932],[-80.358,25.9931],[-80.3619,25.9931],[-80.3762,25.9931],[-80.3863,25.9932],[-80.3923,25.9932],[-80.3926,26.0031],[-80.3928,26.0075],[-80.3928,26.0077],[-80.3979,26.0077],[-80.4049,26.0078],[-80.4088,26.0078],[-80.4168,26.0078],[-80.4324,26.0079],[-80.4329,26.0079],[-80.4409,26.0077],[-80.4416,26.0295],[-80.4417,26.0352]]]}},{"type":"Feature","properties":{"geoid":"1205704","puma":"05704","name":"Hillsborough County (North Central) PUMA"},"geometry":{"type":"Polygon","coordinates":[[[-82.5498,28.0513],[-82.5497,28.0636],[-82.5419,28.0614],[-82.5418,28.062],[-82.5417,28.0703],[-82.5417,28.072],[-82.5417,28.0731],[-82.5419,28.0832],[-82.5406,28.084],[-82.5399,28.0843],[-82.5399,28.0866],[-82.5399,28.0899],[-82.5399,28.0921],[-82.54,28.0929],[-82.5418,28.096],[-82.5425,28.0971],[-82.5429,28.0978],[-82.5447,28.101],[-82.5459,28.1058],[-82.5464,28.1062],[-82.5448,28.1069],[-82.543,28.1067],[-82.5427,28.1065],[-82.5418,28.1063],[-82.5335,28.1063],[-82.5335,28.1133],[-82.5335,28.1135],[-82.5334,28.1279],[-82.5434,28.1282],[-82.5486,28.1286],[-82.5487,28.1301],[-82.5486,28.1329],[-82.5465,28.1422],[-82.5461,28.1431],[-82.5409,28.1502],[-82.5382,28.1538],[-82.538,28.1558],[-82.5377,28.1558],[-82.5332,28.1557],[-82.5323,28.1556],[-82.5246,28.1554],[-82.5167,28.1551],[-82.5165,28.1727],[-82.5162,28.1727],[-82.5063,28.1723],[-82.502,28.1722],[-82.498,28.1725],[-82.4928,28.1724],[-82.4849,28.1722],[-82.4743,28.1719],[-82.474,28.1719],[-82.4617,28.1718],[-82.4615,28.1718],[-82.4577,28.1718],[-82.4546,28.1718],[-82.4492,28.1718],[-82.4345,28.1714],[-82.4324,28.1711],[-82.4282,28.1713],[-82.4139,28.1712],[-82.4125,28.1712],[-82.4105,28.1712],[-82.4033,28.1712],[-82.3946,28.1713],[-82.3949,28.1708],[-82.4025,28.1603],[-82.4055,28.1552],[-82.4077,28.1492],[-82.4125,28.1371],[-82.4208,28.1206],[-82.424,28.1142],[-82.4262,28.1106],[-82.4279,28.1092],[-82.4298,28.1081],[-82.4308,28.1077],[-82.4308,28.1074],[-82.4307,28.1004],[-82.4307,28.0996],[-82.4307,28.0993],[-82.4307,28.0988],[-82.4307,28.0942],[-82.4308,28.0915],[-82.4308,28.0887],[-82.4308,28.0883],[-82.4308,28.0873],[-82.4308,28.0865],[-82.4308,28.0848],[-82.4308,28.0844],[-82.4309,28.0822],[-82.4308,28.0804],[-82.4347,28.0804],[-82.4365,28.0804],[-82.4404,28.0805],[-82.4416,28.0807],[-82.4427,28.0813],[-82.4434,28.0805],[-82.4465,28.0805],[-82.45,28.0804],[-82.4512,28.0822],[-82.4549,28.0822],[-82.4548,28.0766],[-82.4548,28.0693],[-82.4549,28.0551],[-82.4549,28.0547],[-82.4553,28.0547],[-82.4594,28.0547],[-82.4676,28.0547],[-82.4699,28.0547],[-82.471,28.0536],[-82.4746,28.0527],[-82.4758,28.0532],[-82.4796,28.0533],[-82.4797,28.0515],[-82.4797,28.0477],[-82.4798,28.0424],[-82.4798,28.04],[-82.482,28.0388],[-82.4823,28.0381],[-82.4841,28.0344],[-82.4841,28.0335],[-82.4842,28.0331],[-82.4853,28.0335],[-82.4891,28.0354],[-82.4924,28.0358],[-82.4967,28.036],[-82.5006,28.0361],[-82.5049,28.0363],[-82.5141,28.0367],[-82.5276,28.0373],[-82.5419,28.0379],[-82.542,28.0403],[-82.5498,28.0404],[-82.5498,28.044],[-82.5498,28.0513]]]}},{"type":"Feature","properties":{"geoid":"1200901","puma":"00901","name":"Brevard County (Northwest)--Titusville PUMA"},"geometry":{"type":"Polygon","coordinates":[[[-80.9873,28.613],[-80.9804,28.6131],[-80.9742,28.6127],[-80.9672,28.6127],[-80.9645,28.613],[-80.9647,28.6134],[-80.9647,28.6244],[-80.9649,28.627],[-80.9653,28.6671],[-80.9673,28.7645],[-80.9679,28.7902],[-80.9602,28.7903],[-80.944,28.7905],[-80.8996,28.791],[-80.8993,28.791],[-80.8827,28.7912],[-80.8429,28.7911],[-80.8409,28.7829],[-80.8396,28.779],[-80.8354,28.7615],[-80.835,28.7583],[-80.8344,28.7567],[-80.834,28.7527],[-80.8312,28.7503],[-80.8286,28.7402],[-80.8232,28.7197],[-80.8172,28.6966],[-80.8149,28.6878],[-80.816,28.6878],[-80.8132,28.6779],[-80.8072,28.6627],[-80.8064,28.6613],[-80.8065,28.6597],[-80.8033,28.6508],[-80.8034,28.6503],[-80.8068,28.6449],[-80.807,28.6337],[-80.8043,28.6302],[-80.8005,28.6247],[-80.7982,28.6217],[-80.7978,28.6211],[-80.7976,28.6204],[-80.7923,28.6007],[-80.7898,28.5916],[-80.7866,28.5842],[-80.7751,28.5573],[-80.7735,28.5536],[-80.7629,28.5367],[-80.759,28.5276],[-80.759,28.5272],[-80.7578,28.5156],[-80.7579,28.514],[-80.7576,28.4912],[-80.7527,28.471],[-80.7524,28.4689],[-80.7515,28.4622],[-80.7507,28.4602],[-80.7498,28.4577],[-80.7471,28.4483],[-80.7432,28.435],[-80.7432,28.4349],[-80.7353,28.4047],[-80.7347,28.4028],[-80.7347,28.4026],[-80.7456,28.4013],[-80.7487,28.4008],[-80.7528,28.4002],[-80.7531,28.4002],[-80.7533,28.4007],[-80.7545,28.4026],[-80.7554,28.4045],[-80.7555,28.4046],[-80.7665,28.4322],[-80.7672,28.4322],[-80.7712,28.4321],[-80.7866,28.4321],[-80.7882,28.4314],[-80.7883,28.4319],[-80.8042,28.4319],[-80.8205,28.4318],[-80.8205,28.4248],[-80.8205,28.4185],[-80.8205,28.4118],[-80.8204,28.4116],[-80.8292,28.4114],[-80.8318,28.4116],[-80.8341,28.4121],[-80.8373,28.4133],[-80.8408,28.4154],[-80.8422,28.4167],[-80.8534,28.429],[-80.8696,28.4468],[-80.8699,28.4473],[-80.8713,28.4486],[-80.8747,28.4507],[-80.879,28.4523],[-80.8819,28.4527],[-80.8836,28.4528],[-80.8965,28.4528],[-80.8972,28.4529],[-80.8973,28.4529],[-80.8971,28.4548],[-80.8983,28.4551],[-80.8976,28.4578],[-80.8965,28.4567],[-80.8955,28.4581],[-80.8941,28.458],[-80.8934,28.4601],[-80.8944,28.4598],[-80.8948,28.462],[-80.8958,28.4632],[-80.8933,28.4634],[-80.8927,28.4647],[-80.8942,28.4646],[-80.8945,28.467],[-80.8908,28.4684],[-80.8909,28.4669],[-80.8896,28.4666],[-80.8873,28.4685],[-80.8867,28.4696],[-80.8847,28.4687],[-80.8842,28.4695],[-80.8825,28.4695],[-80.8817,28.4704],[-80.8808,28.4683],[-80.8797,28.4683],[-80.8795,28.4695],[-80.8758,28.4708],[-80.8764,28.4696],[-80.8751,28.4688],[-80.8727,28.4712],[-80.8708,28.4714],[-80.8742,28.4763],[-80.8738,28.4783],[-80.8731,28.4785],[-80.8739,28.4804],[-80.8734,28.4822],[-80.8752,28.4834],[-80.8758,28.486],[-80.878,28.4864],[-80.8773,28.488],[-80.8753,28.4887],[-80.8759,28.4901],[-80.8779,28.4898],[-80.8798,28.4902],[-80.8801,28.491],[-80.8826,28.4915],[-80.8841,28.4949],[-80.8833,28.4962],[-80.881,28.4966],[-80.8799,28.4976],[-80.8802,28.5012],[-80.8813,28.504],[-80.8833,28.5043],[-80.8852,28.5096],[-80.8857,28.5103],[-80.8903,28.5118],[-80.8935,28.5117],[-80.8949,28.51],[-80.8964,28.5094],[-80.8986,28.5097],[-80.8999,28.5114],[-80.902,28.5105],[-80.9031,28.5111],[-80.904,28.5105],[-80.9066,28.5116],[-80.9056,28.5127],[-80.9071,28.5138],[-80.9069,28.5149],[-80.9054,28.5166],[-80.906,28.518],[-80.908,28.5181],[-80.907,28.5204],[-80.9099,28.5219],[-80.912,28.5216],[-80.9126,28.523],[-80.9105,28.5235],[-80.9114,28.5246],[-80.9163,28.5228],[-80.9175,28.523],[-80.9206,28.5252],[-80.9211,28.5288],[-80.9234,28.5327],[-80.9244,28.5331],[-80.9275,28.5327],[-80.9287,28.5329],[-80.9318,28.5354],[-80.9337,28.5333],[-80.9355,28.5347],[-80.9358,28.5366],[-80.9372,28.5364],[-80.9377,28.5347],[-80.9393,28.535],[-80.939,28.5395],[-80.9394,28.5404],[-80.939,28.542],[-80.9354,28.5416],[-80.9342,28.5405],[-80.9326,28.5415],[-80.9321,28.5429],[-80.9328,28.5436],[-80.9329,28.5438],[-80.9342,28.5448],[-80.9341,28.5477],[-80.9326,28.5516],[-80.9337,28.5521],[-80.9338,28.555],[-80.9317,28.5559],[-80.9341,28.5593],[-80.9316,28.5599],[-80.9322,28.5618],[-80.93,28.5632],[-80.932,28.5647],[-80.932,28.5665],[-80.9337,28.5676],[-80.9344,28.5694],[-80.9363,28.5714],[-80.9373,28.5709],[-80.9393,28.5724],[-80.9403,28.5743],[-80.9391,28.5753],[-80.9403,28.5759],[-80.9404,28.5781],[-80.9416,28.5783],[-80.9426,28.5799],[-80.9442,28.58],[-80.9438,28.5813],[-80.9445,28.5826],[-80.9458,28.5829],[-80.9447,28.5838],[-80.9471,28.585],[-80.9463,28.5861],[-80.9471,28.5873],[-80.9457,28.5864],[-80.9451,28.5889],[-80.9443,28.5891],[-80.9439,28.5905],[-80.9451,28.5923],[-80.9439,28.5926],[-80.9433,28.5937],[-80.9463,28.5957],[-80.9477,28.5956],[-80.9466,28.5972],[-80.9495,28.5985],[-80.9496,28.6004],[-80.9506,28.5996],[-80.9531,28.6011],[-80.952,28.6021],[-80.9522,28.6042],[-80.9543,28.6048],[-80.9551,28.6036],[-80.9565,28.6038],[-80.957,28.6019],[-80.96,28.6029],[-80.9604,28.6049],[-80.9615,28.6055],[-80.964,28.6051],[-80.9652,28.6044],[-80.9676,28.6052],[-80.9679,28.6043],[-80.9695,28.6052],[-80.9695,28.6084],[-80.9706,28.6086],[-80.9708,28.6094],[-80.9706,28.6107],[-80.971,28.6112],[-80.9726,28.6115],[-80.9731,28.6113],[-80.9746,28.6087],[-80.9756,28.6078],[-80.978,28.6091],[-80.9798,28.6091],[-80.9809,28.6098],[-80.9806,28.6109],[-80.9837,28.6102],[-80.9844,28.6128],[-80.985,28.6114],[-80.9863,28.6118],[-80.9873,28.613]]]}},{"type":"Feature","properties":{"geoid":"1208500","puma":"08500","name":"Martin County PUMA"},"geometry":{"type":"Polygon","coordinates":[[[-80.6856,27.1147],[-80.6838,27.1163],[-80.6774,27.1216],[-80.6777,27.1585],[-80.6777,27.1593],[-80.6779,27.206],[-80.5805,27.206],[-80.5788,27.206],[-80.578,27.2061],[-80.4814,27.2064],[-80.4324,27.206],[-80.4157,27.2059],[-80.4007,27.2058],[-80.4003,27.2058],[-80.3759,27.2056],[-80.3745,27.2058],[-80.372,27.2061],[-80.3564,27.2059],[-80.3394,27.2057],[-80.3319,27.2057],[-80.3318,27.2057],[-80.2912,27.2059],[-80.2912,27.2059],[-80.2865,27.2059],[-80.2855,27.206],[-80.2854,27.2107],[-80.2854,27.2254],[-80.2851,27.231],[-80.2855,27.2312],[-80.2895,27.2352],[-80.2918,27.2369],[-80.2927,27.2388],[-80.2926,27.2406],[-80.2925,27.241],[-80.293,27.242],[-80.2881,27.242],[-80.2879,27.2439],[-80.2852,27.2446],[-80.285,27.2457],[-80.2849,27.2603],[-80.2848,27.2637],[-80.2842,27.2637],[-80.2839,27.2637],[-80.2831,27.2638],[-80.2661,27.2635],[-80.2548,27.2633],[-80.2443,27.263],[-80.2337,27.2631],[-80.224,27.263],[-80.2106,27.2631],[-80.2098,27.2631],[-80.2012,27.263],[-80.1998,27.2635],[-80.1996,27.2632],[-80.1994,27.263],[-80.1931,27.2495],[-80.1743,27.2159],[-80.1683,27.205],[-80.168,27.2045],[-80.1615,27.1928],[-80.1607,27.1907],[-80.1598,27.1884],[-80.16,27.1868],[-80.1578,27.1792],[-80.1534,27.1693],[-80.1536,27.169],[-80.1566,27.1646],[-80.1576,27.1631],[-80.1558,27.1585],[-80.1507,27.1473],[-80.1498,27.1436],[-80.1453,27.1322],[-80.1436,27.1257],[-80.1421,27.1198],[-80.1386,27.1115],[-80.1337,27.1019],[-80.132,27.0989],[-80.1313,27.0979],[-80.1267,27.0901],[-80.1261,27.0891],[-80.1251,27.0873],[-80.1168,27.0724],[-80.1151,27.0666],[-80.1117,27.0605],[-80.0939,27.0186],[-80.0889,26.998],[-80.0862,26.9871],[-80.081,26.9742],[-80.0799,26.9705],[-80.0833,26.9705],[-80.0839,26.9706],[-80.0867,26.9706],[-80.0873,26.9705],[-80.0874,26.9705],[-80.0884,26.9705],[-80.0896,26.9705],[-80.0907,26.9705],[-80.0942,26.9706],[-80.0952,26.9706],[-80.0972,26.9706],[-80.1011,26.9707],[-80.1012,26.9707],[-80.1013,26.9707],[-80.1014,26.9707],[-80.1016,26.9707],[-80.102,26.9707],[-80.1089,26.9708],[-80.1101,26.9708],[-80.1104,26.9708],[-80.1211,26.9708],[-80.1257,26.9709],[-80.1263,26.9709],[-80.1357,26.9709],[-80.1397,26.9709],[-80.1418,26.9709],[-80.1418,26.9709],[-80.1419,26.9708],[-80.1419,26.9668],[-80.142,26.9566],[-80.1501,26.9566],[-80.1581,26.9566],[-80.1665,26.9566],[-80.1667,26.9566],[-80.1671,26.9566],[-80.1673,26.9566],[-80.1678,26.9566],[-80.1705,26.9566],[-80.1906,26.9567],[-80.2231,26.9569],[-80.2547,26.9571],[-80.2558,26.9573],[-80.2874,26.9578],[-80.3051,26.9579],[-80.3404,26.9582],[-80.3472,26.9582],[-80.3748,26.9584],[-80.3847,26.9584],[-80.4438,26.9577],[-80.4824,26.9579],[-80.4832,26.9579],[-80.5302,26.9581],[-80.5802,26.9579],[-80.6114,26.9579],[-80.6181,26.9578],[-80.8856,26.9589],[-80.6856,27.1147]]]}},{"type":"Feature","properties":{"geoid":"1212702","puma":"12702","name":"Volusia County (Northeast)--Daytona Beach, Ormond Beach & Holly Hill Cities PUMA"},"geometry":{"type":"Polygon","coordinates":[[[-81.3298,29.2623],[-81.2684,29.2632],[-81.2676,29.2632],[-81.2502,29.2634],[-81.2272,29.2637],[-81.2095,29.2641],[-81.2083,29.2643],[-81.2,29.2644],[-81.1958,29.2648],[-81.1766,29.2653],[-81.1643,29.2656],[-81.1554,29.2658],[-81.1501,29.266],[-81.1502,29.2706],[-81.1504,29.2759],[-81.151,29.2951],[-81.1526,29.3465],[-81.1526,29.349],[-81.1526,29.3491],[-81.1527,29.3504],[-81.1526,29.3513],[-81.1526,29.3518],[-81.1527,29.3539],[-81.1529,29.3582],[-81.1538,29.3829],[-81.1547,29.393],[-81.1545,29.3949],[-81.1553,29.4038],[-81.1554,29.4046],[-81.1559,29.411],[-81.1482,29.4118],[-81.1487,29.4168],[-81.1294,29.4217],[-81.1102,29.427],[-81.1077,29.427],[-81.1077,29.427],[-81.1071,29.427],[-81.1056,29.427],[-81.1032,29.427],[-81.1019,29.4271],[-81.1016,29.4264],[-81.0942,29.4104],[-81.0773,29.3739],[-81.0736,29.3659],[-81.0707,29.3596],[-81.0705,29.3593],[-81.0678,29.3535],[-81.0639,29.3451],[-81.0607,29.3382],[-81.06,29.3366],[-81.0592,29.3349],[-81.0589,29.3343],[-81.0589,29.3342],[-81.0581,29.3325],[-81.0571,29.3303],[-81.0563,29.3285],[-81.0556,29.3272],[-81.0543,29.3243],[-81.0511,29.3173],[-81.0467,29.3079],[-81.0467,29.3079],[-81.0435,29.3016],[-81.0431,29.3007],[-81.0389,29.2924],[-81.0377,29.2899],[-81.0359,29.2864],[-81.0331,29.2809],[-81.0271,29.2689],[-81.027,29.2688],[-81.0205,29.2558],[-81.0204,29.2557],[-81.0194,29.2536],[-81.0139,29.2428],[-81.0098,29.2347],[-81.0062,29.2275],[-81.0027,29.2206],[-81.0027,29.2205],[-81.0027,29.2204],[-80.9989,29.2129],[-80.9988,29.2128],[-80.9954,29.2061],[-80.993,29.2013],[-80.993,29.2012],[-80.9845,29.1844],[-80.9828,29.181],[-80.9825,29.1804],[-80.9849,29.1799],[-80.9899,29.1799],[-80.9946,29.1797],[-80.9986,29.1877],[-81.0085,29.1837],[-81.0108,29.1827],[-81.0112,29.1824],[-81.0165,29.1802],[-81.0284,29.1753],[-81.0286,29.1752],[-81.0287,29.1753],[-81.0351,29.1726],[-81.0387,29.1711],[-81.0493,29.1667],[-81.0509,29.166],[-81.0567,29.1636],[-81.0637,29.1606],[-81.072,29.1571],[-81.0736,29.1568],[-81.0745,29.1568],[-81.0744,29.156],[-81.0756,29.1555],[-81.0827,29.168],[-81.083,29.1679],[-81.0868,29.1662],[-81.0854,29.1614],[-81.0852,29.1609],[-81.084,29.156],[-81.0839,29.1557],[-81.083,29.1524],[-81.0857,29.1513],[-81.0877,29.1504],[-81.0869,29.1515],[-81.0891,29.1536],[-81.0895,29.1554],[-81.0899,29.1562],[-81.09,29.1564],[-81.0908,29.1572],[-81.0908,29.1576],[-81.0905,29.1579],[-81.0905,29.1581],[-81.0901,29.1585],[-81.0902,29.1588],[-81.0905,29.1588],[-81.0911,29.1613],[-81.0907,29.1638],[-81.0907,29.164],[-81.0909,29.1645],[-81.0947,29.1618],[-81.0954,29.1612],[-81.1079,29.1524],[-81.1119,29.1494],[-81.114,29.1482],[-81.1149,29.1478],[-81.1155,29.1475],[-81.1232,29.1435],[-81.1253,29.1425],[-81.1258,29.1422],[-81.1272,29.1419],[-81.1298,29.1412],[-81.1363,29.139],[-81.1391,29.138],[-81.1435,29.1358],[-81.1443,29.135],[-81.1488,29.1337],[-81.1546,29.1316],[-81.213,29.1021],[-81.2173,29.0999],[-81.2184,29.1011],[-81.2209,29.1016],[-81.2239,29.1047],[-81.2266,29.1063],[-81.2302,29.1078],[-81.2365,29.1081],[-81.2415,29.1111],[-81.2477,29.1131],[-81.25,29.1138],[-81.2537,29.1155],[-81.2547,29.1159],[-81.256,29.127],[-81.256,29.1281],[-81.255,29.1344],[-81.2576,29.1412],[-81.2602,29.1474],[-81.266,29.1551],[-81.2679,29.1574],[-81.269,29.16],[-81.2633,29.1657],[-81.271,29.1644],[-81.2759,29.1704],[-81.2809,29.174],[-81.2846,29.1763],[-81.2862,29.1811],[-81.2881,29.1839],[-81.2911,29.1874],[-81.2945,29.1882],[-81.2973,29.19],[-81.2991,29.1924],[-81.3023,29.1992],[-81.3044,29.2049],[-81.3068,29.2151],[-81.3053,29.2176],[-81.3075,29.2181],[-81.3077,29.2174],[-81.3107,29.2171],[-81.3116,29.2179],[-81.3123,29.2213],[-81.3114,29.2227],[-81.3122,29.2252],[-81.311,29.2267],[-81.3106,29.2282],[-81.3122,29.2297],[-81.3129,29.2311],[-81.3131,29.2334],[-81.3148,29.2381],[-81.3163,29.239],[-81.317,29.243],[-81.3183,29.2438],[-81.3199,29.2438],[-81.3207,29.2469],[-81.3226,29.2481],[-81.3222,29.2503],[-81.3204,29.2528],[-81.3241,29.256],[-81.3274,29.2575],[-81.3289,29.2596],[-81.3298,29.2623]]]}},{"type":"Feature","properties":{"geoid":"1209504","puma":"09504","name":"Orange County (South Central)--Orlando City (South Central), Conway & Pine Castle PUMA"},"geometry":{"type":"Polygon","coordinates":[[[-81.4491,28.4787],[-81.4409,28.4854],[-81.4368,28.4892],[-81.4332,28.4933],[-81.4233,28.5044],[-81.4229,28.5049],[-81.4208,28.5071],[-81.4186,28.5084],[-81.4183,28.5085],[-81.4135,28.5091],[-81.4135,28.5089],[-81.408,28.509],[-81.4011,28.5093],[-81.3991,28.5095],[-81.397,28.5101],[-81.396,28.5106],[-81.3928,28.5129],[-81.3903,28.5147],[-81.3897,28.5147],[-81.3892,28.5147],[-81.3861,28.5147],[-81.3849,28.514],[-81.3844,28.5132],[-81.3837,28.5129],[-81.3805,28.5129],[-81.3763,28.5129],[-81.3722,28.513],[-81.3702,28.513],[-81.3681,28.513],[-81.3673,28.5131],[-81.3655,28.5131],[-81.364,28.5131],[-81.3629,28.5131],[-81.3623,28.5131],[-81.3599,28.5131],[-81.3576,28.5131],[-81.3516,28.5132],[-81.3475,28.5132],[-81.3475,28.5132],[-81.3436,28.5132],[-81.3434,28.5147],[-81.3415,28.5147],[-81.3392,28.5133],[-81.3372,28.5133],[-81.3361,28.5133],[-81.3332,28.5133],[-81.3309,28.5133],[-81.3308,28.506],[-81.3268,28.5061],[-81.3207,28.5061],[-81.3185,28.5061],[-81.3144,28.5062],[-81.3117,28.5058],[-81.3101,28.5058],[-81.3101,28.4989],[-81.3062,28.4989],[-81.3051,28.4989],[-81.304,28.499],[-81.2973,28.499],[-81.2967,28.499],[-81.2953,28.499],[-81.2937,28.499],[-81.2853,28.499],[-81.2854,28.5021],[-81.2854,28.5024],[-81.2856,28.5059],[-81.2895,28.5128],[-81.2898,28.5158],[-81.2821,28.5111],[-81.2797,28.51],[-81.2714,28.51],[-81.269,28.51],[-81.265,28.51],[-81.2566,28.5101],[-81.2481,28.5101],[-81.2446,28.5026],[-81.2445,28.5022],[-81.2438,28.4999],[-81.2432,28.4916],[-81.2397,28.4778],[-81.2397,28.4777],[-81.2396,28.4777],[-81.2382,28.4722],[-81.2376,28.4702],[-81.2367,28.4684],[-81.2345,28.4643],[-81.2321,28.4598],[-81.2311,28.4572],[-81.2306,28.4515],[-81.2444,28.4515],[-81.2475,28.4513],[-81.2535,28.4498],[-81.254,28.4496],[-81.2571,28.4489],[-81.2606,28.4487],[-81.2643,28.4487],[-81.2644,28.4487],[-81.2702,28.4487],[-81.2815,28.4487],[-81.2962,28.4508],[-81.3015,28.4513],[-81.3082,28.4513],[-81.3091,28.4513],[-81.3305,28.4512],[-81.3334,28.4511],[-81.3355,28.4509],[-81.3388,28.4506],[-81.3418,28.4505],[-81.3451,28.4507],[-81.3457,28.4507],[-81.3488,28.4508],[-81.3507,28.4504],[-81.3583,28.4467],[-81.3614,28.4458],[-81.365,28.4458],[-81.3669,28.4458],[-81.3781,28.4456],[-81.3928,28.4419],[-81.395,28.4411],[-81.3973,28.4396],[-81.4013,28.436],[-81.4037,28.4348],[-81.4048,28.4345],[-81.4088,28.4335],[-81.4111,28.4359],[-81.4208,28.4503],[-81.421,28.4505],[-81.4232,28.4533],[-81.4265,28.4563],[-81.4334,28.4622],[-81.4429,28.4705],[-81.4442,28.4721],[-81.4491,28.4787]]]}},{"type":"Feature","properties":{"geoid":"1208613","puma":"08613","name":"Miami-Dade County (Northeast Central)--Miami City (Downtown) PUMA"},"geometry":{"type":"Polygon","coordinates":[[[-80.2585,25.8096],[-80.2566,25.8105],[-80.2559,25.8107],[-80.2526,25.8114],[-80.2498,25.812],[-80.2485,25.8122],[-80.2404,25.8123],[-80.2361,25.8121],[-80.2322,25.812],[-80.2321,25.8112],[-80.2321,25.8093],[-80.2319,25.8056],[-80.2318,25.8019],[-80.2297,25.802],[-80.2277,25.802],[-80.2236,25.8021],[-80.2174,25.8023],[-80.2154,25.8024],[-80.2133,25.8024],[-80.2114,25.8025],[-80.2073,25.8026],[-80.2058,25.8027],[-80.2056,25.798],[-80.2056,25.7971],[-80.2071,25.7971],[-80.207,25.7952],[-80.207,25.7916],[-80.207,25.7886],[-80.2069,25.7879],[-80.2068,25.7843],[-80.2031,25.7845],[-80.203,25.7815],[-80.2029,25.7792],[-80.2029,25.7787],[-80.2001,25.7788],[-80.2,25.7788],[-80.1995,25.7788],[-80.1979,25.7789],[-80.1961,25.7789],[-80.1962,25.7808],[-80.1963,25.7818],[-80.1961,25.7818],[-80.1962,25.7837],[-80.1962,25.7847],[-80.1963,25.7869],[-80.1962,25.7882],[-80.196,25.7893],[-80.1946,25.7894],[-80.1939,25.7894],[-80.1891,25.7895],[-80.1854,25.7897],[-80.1799,25.7899],[-80.1791,25.7889],[-80.1662,25.7889],[-80.167,25.7862],[-80.1685,25.7819],[-80.169,25.7797],[-80.169,25.7792],[-80.1521,25.7719],[-80.1445,25.7686],[-80.1414,25.7671],[-80.1391,25.7662],[-80.1395,25.7657],[-80.1491,25.7651],[-80.1502,25.7651],[-80.155,25.7643],[-80.1623,25.7644],[-80.1735,25.7698],[-80.1801,25.7697],[-80.1866,25.7697],[-80.1882,25.7698],[-80.19,25.7699],[-80.1924,25.7703],[-80.1935,25.7696],[-80.1956,25.7688],[-80.1975,25.7688],[-80.1975,25.7679],[-80.2008,25.7681],[-80.2042,25.768],[-80.2058,25.768],[-80.2075,25.7679],[-80.2075,25.7669],[-80.2074,25.766],[-80.2112,25.7659],[-80.2145,25.7659],[-80.2149,25.7659],[-80.2161,25.7658],[-80.2195,25.7657],[-80.2205,25.7657],[-80.2225,25.7656],[-80.2266,25.7655],[-80.2307,25.7654],[-80.2307,25.7663],[-80.2308,25.7689],[-80.231,25.7726],[-80.233,25.7725],[-80.235,25.7725],[-80.2361,25.7724],[-80.2371,25.7724],[-80.2391,25.7723],[-80.2392,25.7763],[-80.2393,25.7795],[-80.2395,25.7831],[-80.2395,25.7849],[-80.2396,25.7869],[-80.2397,25.7904],[-80.2397,25.7907],[-80.2396,25.792],[-80.2396,25.7926],[-80.2405,25.7931],[-80.2421,25.7942],[-80.2442,25.7953],[-80.2584,25.806],[-80.2584,25.8072],[-80.2585,25.8085],[-80.2585,25.809],[-80.2585,25.8096]]]}},{"type":"Feature","properties":{"geoid":"1202102","puma":"02102","name":"Collier County (Southwest) PUMA"},"geometry":{"type":"Polygon","coordinates":[[[-81.8173,26.2109],[-81.8141,26.211],[-81.812,26.211],[-81.8086,26.2111],[-81.8006,26.2112],[-81.8004,26.2112],[-81.8003,26.2038],[-81.8003,26.2029],[-81.8002,26.1965],[-81.8,26.1927],[-81.8,26.1911],[-81.7999,26.1884],[-81.7998,26.182],[-81.7996,26.182],[-81.7916,26.1822],[-81.7918,26.1885],[-81.7919,26.1958],[-81.792,26.1967],[-81.792,26.199],[-81.7921,26.2083],[-81.7922,26.2104],[-81.7923,26.2113],[-81.7845,26.2114],[-81.7841,26.2008],[-81.7841,26.2008],[-81.7828,26.2011],[-81.7795,26.2006],[-81.7761,26.201],[-81.7763,26.2019],[-81.7763,26.204],[-81.7762,26.2081],[-81.7736,26.2081],[-81.7724,26.2091],[-81.7724,26.2116],[-81.7684,26.2117],[-81.7682,26.201],[-81.7681,26.1971],[-81.7678,26.1899],[-81.7674,26.1822],[-81.767,26.1747],[-81.767,26.1679],[-81.7508,26.1684],[-81.7508,26.1683],[-81.743,26.1683],[-81.7409,26.1683],[-81.7369,26.1684],[-81.7346,26.1684],[-81.7311,26.1685],[-81.7298,26.1685],[-81.73,26.1686],[-81.7188,26.1688],[-81.7188,26.1744],[-81.7189,26.1829],[-81.7192,26.1913],[-81.7194,26.1973],[-81.7194,26.1992],[-81.7026,26.1994],[-81.6872,26.1996],[-81.6872,26.1978],[-81.6872,26.1958],[-81.6871,26.1845],[-81.6868,26.1701],[-81.6868,26.1699],[-81.6868,26.1698],[-81.6868,26.1685],[-81.6866,26.1605],[-81.6866,26.1602],[-81.6866,26.1579],[-81.6866,26.1572],[-81.6864,26.1548],[-81.6867,26.1396],[-81.6868,26.137],[-81.6868,26.1301],[-81.6868,26.1285],[-81.6869,26.1217],[-81.687,26.117],[-81.687,26.1097],[-81.7013,26.1091],[-81.7027,26.109],[-81.7131,26.1091],[-81.7126,26.1075],[-81.713,26.1062],[-81.7133,26.105],[-81.7135,26.1045],[-81.7192,26.1005],[-81.7201,26.0987],[-81.7209,26.0977],[-81.7264,26.0966],[-81.7262,26.0961],[-81.7253,26.0948],[-81.7287,26.0953],[-81.7346,26.095],[-81.7355,26.0956],[-81.7366,26.0946],[-81.7289,26.0861],[-81.7237,26.0804],[-81.7203,26.0767],[-81.7166,26.0743],[-81.7106,26.0704],[-81.7074,26.0684],[-81.703,26.0656],[-81.6991,26.0631],[-81.6996,26.0589],[-81.6999,26.0525],[-81.6999,26.0503],[-81.6999,26.0501],[-81.7,26.0476],[-81.7004,26.039],[-81.7005,26.0357],[-81.7007,26.0325],[-81.701,26.0246],[-81.701,26.0226],[-81.7011,26.021],[-81.7012,26.0188],[-81.7014,26.0142],[-81.7019,25.9974],[-81.7023,25.9876],[-81.7025,25.9843],[-81.7029,25.9826],[-81.7076,25.9706],[-81.7085,25.9664],[-81.7098,25.9634],[-81.7156,25.9685],[-81.7174,25.9712],[-81.7188,25.9721],[-81.7241,25.9745],[-81.729,25.9754],[-81.7327,25.9752],[-81.7389,25.9737],[-81.7396,25.9757],[-81.7411,25.9766],[-81.7451,25.9789],[-81.7472,25.9841],[-81.7492,25.9916],[-81.7498,25.992],[-81.751,25.9926],[-81.7526,25.9934],[-81.7579,25.9987],[-81.7624,26.0061],[-81.767,26.0175],[-81.7685,26.0213],[-81.7732,26.033],[-81.785,26.054],[-81.7912,26.0679],[-81.7961,26.0787],[-81.7961,26.0789],[-81.8017,26.0914],[-81.8019,26.0924],[-81.802,26.0935],[-81.8049,26.1181],[-81.8053,26.1222],[-81.8062,26.1294],[-81.8073,26.1392],[-81.8075,26.1407],[-81.8088,26.1522],[-81.8092,26.1534],[-81.8098,26.1556],[-81.8098,26.1556],[-81.8146,26.1732],[-81.8146,26.1736],[-81.8147,26.1739],[-81.8147,26.1749],[-81.8156,26.189],[-81.8157,26.1894],[-81.8168,26.2072],[-81.8169,26.2075],[-81.8173,26.2109]]]}},{"type":"Feature","properties":{"geoid":"1203104","puma":"03104","name":"Duval County (North Central)--Jacksonville City (Arlington) PUMA"},"geometry":{"type":"Polygon","coordinates":[[[-81.6298,30.3141],[-81.6269,30.3149],[-81.6217,30.3187],[-81.6207,30.3211],[-81.6184,30.3272],[-81.6184,30.3273],[-81.6179,30.3295],[-81.6163,30.3345],[-81.6132,30.3439],[-81.6133,30.3456],[-81.6134,30.3462],[-81.6141,30.355],[-81.6145,30.3625],[-81.6201,30.3668],[-81.6264,30.3719],[-81.6287,30.3788],[-81.6264,30.3869],[-81.6238,30.392],[-81.6131,30.4029],[-81.6012,30.4029],[-81.6012,30.4125],[-81.5969,30.4127],[-81.5886,30.4104],[-81.5833,30.4094],[-81.5821,30.4076],[-81.5801,30.4065],[-81.5753,30.4015],[-81.5688,30.3941],[-81.5653,30.3906],[-81.5604,30.3865],[-81.557,30.385],[-81.5568,30.3851],[-81.5556,30.3853],[-81.5517,30.3852],[-81.5383,30.3857],[-81.5382,30.3872],[-81.5366,30.3887],[-81.5126,30.3927],[-81.5073,30.3913],[-81.5052,30.3907],[-81.5017,30.3911],[-81.4909,30.3921],[-81.4906,30.3892],[-81.4888,30.3878],[-81.484,30.3861],[-81.486,30.3835],[-81.4876,30.3837],[-81.4897,30.3863],[-81.4953,30.3851],[-81.4971,30.3825],[-81.4986,30.3798],[-81.4991,30.3795],[-81.5026,30.3794],[-81.5085,30.3791],[-81.5104,30.3781],[-81.5113,30.3766],[-81.5135,30.3722],[-81.5154,30.3679],[-81.5155,30.3615],[-81.5168,30.3591],[-81.5202,30.3561],[-81.5224,30.3553],[-81.5238,30.3549],[-81.5236,30.3479],[-81.5234,30.3387],[-81.5231,30.3244],[-81.5232,30.3213],[-81.5247,30.3166],[-81.5253,30.3129],[-81.5253,30.3109],[-81.5257,30.3087],[-81.526,30.3074],[-81.526,30.3062],[-81.5259,30.3012],[-81.5258,30.2945],[-81.5257,30.2869],[-81.5277,30.2869],[-81.5335,30.2868],[-81.539,30.2868],[-81.5442,30.2867],[-81.5592,30.2866],[-81.5685,30.2874],[-81.5704,30.2876],[-81.5819,30.2889],[-81.59,30.2899],[-81.5917,30.2901],[-81.5946,30.2905],[-81.602,30.2926],[-81.6097,30.2948],[-81.6147,30.2962],[-81.6186,30.298],[-81.6262,30.3016],[-81.6279,30.3024],[-81.6275,30.3044],[-81.6282,30.3061],[-81.6285,30.3065],[-81.6299,30.311],[-81.6298,30.3141]]]}},{"type":"Feature","properties":{"geoid":"1201113","puma":"01113","name":"Broward County (Southeast)--Hollywood (South) & Pembroke Pines (East) Cities PUMA"},"geometry":{"type":"Polygon","coordinates":[[[-80.2805,26.0301],[-80.2714,26.0304],[-80.2646,26.0307],[-80.2491,26.0312],[-80.2487,26.0312],[-80.2488,26.03],[-80.2488,26.0282],[-80.2486,26.0237],[-80.2403,26.024],[-80.2323,26.0242],[-80.2243,26.0245],[-80.2239,26.0245],[-80.2203,26.0246],[-80.213,26.0248],[-80.2082,26.0249],[-80.2001,26.0251],[-80.1971,26.0251],[-80.1899,26.0253],[-80.184,26.0254],[-80.1826,26.0254],[-80.1823,26.0247],[-80.182,26.0244],[-80.1805,26.0241],[-80.1789,26.0242],[-80.178,26.0244],[-80.1775,26.0248],[-80.1772,26.0255],[-80.1751,26.0256],[-80.1721,26.0257],[-80.168,26.0258],[-80.1678,26.0184],[-80.1677,26.011],[-80.1603,26.0113],[-80.1592,26.0122],[-80.158,26.0113],[-80.1577,26.0112],[-80.1545,26.0113],[-80.1493,26.0114],[-80.1494,26.0135],[-80.1491,26.0133],[-80.145,26.0134],[-80.1431,26.0134],[-80.1411,26.0135],[-80.1411,26.0125],[-80.1406,26.0116],[-80.1351,26.0118],[-80.1303,26.0119],[-80.1183,26.0122],[-80.1175,26.0122],[-80.1174,26.0136],[-80.115,26.0134],[-80.1152,26.0109],[-80.1152,26.0108],[-80.1157,26.0042],[-80.1161,25.9981],[-80.1162,25.9974],[-80.1166,25.9937],[-80.1167,25.9926],[-80.1172,25.9879],[-80.1172,25.987],[-80.1181,25.9868],[-80.1193,25.9864],[-80.1193,25.9864],[-80.12,25.9865],[-80.1218,25.9865],[-80.1222,25.9865],[-80.1219,25.989],[-80.1216,25.9896],[-80.1204,25.9926],[-80.1201,25.9972],[-80.1217,25.9974],[-80.1269,25.9972],[-80.1276,25.9972],[-80.1286,25.9972],[-80.1304,25.9971],[-80.1341,25.997],[-80.1346,25.997],[-80.1366,25.9969],[-80.1406,25.9968],[-80.1426,25.9968],[-80.1484,25.9966],[-80.1488,25.9966],[-80.1549,25.9964],[-80.1569,25.9964],[-80.1589,25.9963],[-80.1607,25.9963],[-80.161,25.9963],[-80.1628,25.9962],[-80.1655,25.9962],[-80.1661,25.9962],[-80.1673,25.9962],[-80.1684,25.9961],[-80.1712,25.996],[-80.1769,25.9958],[-80.1834,25.9956],[-80.1895,25.9955],[-80.1951,25.9954],[-80.197,25.9953],[-80.1988,25.9952],[-80.2062,25.9952],[-80.2071,25.9953],[-80.2111,25.9954],[-80.2131,25.9954],[-80.2152,25.9954],[-80.2193,25.9953],[-80.2193,25.9945],[-80.2232,25.9944],[-80.2242,25.9952],[-80.225,25.9951],[-80.226,25.9951],[-80.2272,25.9951],[-80.2291,25.995],[-80.2313,25.995],[-80.2346,25.9949],[-80.2384,25.9949],[-80.2431,25.9948],[-80.2476,25.9948],[-80.2541,25.9945],[-80.2569,25.9944],[-80.2601,25.9943],[-80.2632,25.9943],[-80.2672,25.9941],[-80.2717,25.994],[-80.2737,25.9939],[-80.2792,25.9938],[-80.2794,26.001],[-80.2794,26.0026],[-80.2797,26.0081],[-80.2797,26.0083],[-80.2799,26.0153],[-80.2799,26.0158],[-80.28,26.0191],[-80.2802,26.0226],[-80.2804,26.0299],[-80.2805,26.0301]]]}},{"type":"Feature","properties":{"geoid":"1211503","puma":"11503","name":"Sarasota County (East) PUMA"},"geometry":{"type":"Polygon","coordinates":[[[-82.4527,27.2362],[-82.4523,27.2384],[-82.4499,27.2495],[-82.4496,27.252],[-82.4492,27.2693],[-82.4488,27.2693],[-82.4415,27.269],[-82.4412,27.269],[-82.4211,27.2689],[-82.4197,27.2689],[-82.4095,27.263],[-82.4011,27.2579],[-82.3895,27.2509],[-82.3861,27.2496],[-82.385,27.251],[-82.3841,27.2542],[-82.3844,27.2562],[-82.3855,27.2592],[-82.3859,27.2666],[-82.3879,27.2717],[-82.3888,27.2827],[-82.3881,27.2844],[-82.3869,27.2846],[-82.3842,27.2932],[-82.3824,27.2958],[-82.3825,27.3001],[-82.3839,27.3055],[-82.3836,27.3255],[-82.3833,27.3259],[-82.3837,27.3387],[-82.4049,27.3383],[-82.4165,27.3382],[-82.4165,27.343],[-82.417,27.3436],[-82.4416,27.3441],[-82.4459,27.3441],[-82.4464,27.3442],[-82.4467,27.3442],[-82.4465,27.3571],[-82.4468,27.3571],[-82.4468,27.367],[-82.447,27.3806],[-82.449,27.3886],[-82.4486,27.3886],[-82.4475,27.3886],[-82.4472,27.3886],[-82.4471,27.3861],[-82.4459,27.3862],[-82.4446,27.3861],[-82.4362,27.3864],[-82.4333,27.3863],[-82.424,27.3864],[-82.4169,27.3864],[-82.4167,27.3864],[-82.3981,27.3865],[-82.3927,27.3868],[-82.375,27.3865],[-82.3717,27.3866],[-82.3681,27.3866],[-82.3529,27.3865],[-82.3506,27.3865],[-82.347,27.3865],[-82.2999,27.3863],[-82.2682,27.3863],[-82.2523,27.3862],[-82.2526,27.3644],[-82.2526,27.3502],[-82.2528,27.3344],[-82.2531,27.3001],[-82.253,27.2994],[-82.2531,27.2905],[-82.2532,27.2899],[-82.2532,27.2878],[-82.2536,27.2105],[-82.2536,27.2089],[-82.1333,27.2082],[-82.1129,27.2082],[-82.0565,27.2078],[-82.0565,27.2039],[-82.0567,27.1928],[-82.0574,27.1492],[-82.0575,27.1353],[-82.0576,27.1253],[-82.0574,27.1198],[-82.0575,27.0765],[-82.0575,27.0372],[-82.0575,27.0352],[-82.0575,27.0321],[-82.058,27.0321],[-82.0612,27.0321],[-82.0676,27.0321],[-82.0739,27.0321],[-82.0764,27.0321],[-82.0886,27.0322],[-82.1028,27.0324],[-82.1033,27.0324],[-82.1133,27.0325],[-82.1187,27.0325],[-82.1224,27.0325],[-82.1389,27.0326],[-82.139,27.0326],[-82.1398,27.0326],[-82.1508,27.0327],[-82.1562,27.0327],[-82.1635,27.0327],[-82.1729,27.0328],[-82.1772,27.0328],[-82.1944,27.0328],[-82.2034,27.0328],[-82.2048,27.0328],[-82.2051,27.0328],[-82.207,27.0329],[-82.2194,27.0329],[-82.2385,27.033],[-82.251,27.033],[-82.2516,27.0329],[-82.2523,27.033],[-82.2552,27.033],[-82.2552,27.0314],[-82.2552,27.0311],[-82.2553,27.0123],[-82.2553,27.0056],[-82.2553,27.0056],[-82.2553,27.0003],[-82.2553,26.9989],[-82.2553,26.983],[-82.2553,26.9797],[-82.2554,26.9746],[-82.2554,26.9712],[-82.2555,26.9453],[-82.2637,26.9453],[-82.2724,26.9454],[-82.289,26.9455],[-82.2999,26.9456],[-82.3043,26.9456],[-82.3044,26.9456],[-82.3127,26.9457],[-82.3171,26.9457],[-82.3177,26.9457],[-82.3208,26.9456],[-82.3228,26.9456],[-82.3233,26.9457],[-82.3373,26.9459],[-82.3382,26.9459],[-82.3493,26.9459],[-82.3502,26.9459],[-82.3527,26.9459],[-82.3616,26.9461],[-82.3651,26.9461],[-82.375,26.9456],[-82.3752,26.946],[-82.377,26.9492],[-82.3816,26.9577],[-82.3928,26.9727],[-82.4006,26.9849],[-82.4077,27.0005],[-82.4095,27.0045],[-82.4178,27.0183],[-82.4192,27.0207],[-82.4238,27.0276],[-82.4384,27.0497],[-82.4386,27.05],[-82.442,27.055],[-82.4457,27.0606],[-82.4457,27.0607],[-82.4452,27.0607],[-82.4424,27.0607],[-82.4384,27.0557],[-82.438,27.0558],[-82.4387,27.0535],[-82.4369,27.0497],[-82.4304,27.0413],[-82.4292,27.0428],[-82.4255,27.0429],[-82.4197,27.0444],[-82.4192,27.045],[-82.4196,27.0458],[-82.418,27.0469],[-82.4167,27.0511],[-82.4152,27.0534],[-82.4135,27.0555],[-82.4137,27.0567],[-82.413,27.0576],[-82.414,27.0589],[-82.42,27.0672],[-82.4244,27.0735],[-82.4249,27.0745],[-82.4252,27.0748],[-82.4258,27.0749],[-82.428,27.0772],[-82.4286,27.0778],[-82.4297,27.0784],[-82.43,27.0785],[-82.4303,27.0786],[-82.4303,27.0789],[-82.4304,27.0843],[-82.4334,27.0885],[-82.4331,27.0888],[-82.4327,27.0891],[-82.4317,27.09],[-82.4327,27.0913],[-82.433,27.0917],[-82.4334,27.0927],[-82.4335,27.0935],[-82.4336,27.0938],[-82.4254,27.0938],[-82.4254,27.0979],[-82.4239,27.0966],[-82.4214,27.0955],[-82.4186,27.094],[-82.4173,27.0941],[-82.4173,27.0997],[-82.4104,27.0997],[-82.4095,27.0997],[-82.4029,27.0996],[-82.402,27.0996],[-82.4009,27.0996],[-82.401,27.1022],[-82.401,27.1037],[-82.401,27.1078],[-82.401,27.11],[-82.401,27.1137],[-82.4009,27.1192],[-82.4009,27.1228],[-82.398,27.1228],[-82.3976,27.1228],[-82.4045,27.1302],[-82.4105,27.1374],[-82.4114,27.1385],[-82.4169,27.1453],[-82.4238,27.1551],[-82.4239,27.1552],[-82.4271,27.1599],[-82.4322,27.1675],[-82.4345,27.1728],[-82.4353,27.1756],[-82.4389,27.1902],[-82.4404,27.1963],[-82.4429,27.2063],[-82.4447,27.2111],[-82.4507,27.2238],[-82.4521,27.2276],[-82.4528,27.2316],[-82.4527,27.2362]]]}},{"type":"Feature","properties":{"geoid":"1207103","puma":"07103","name":"Lee County (Northeast)--Lehigh Acres & North Fort Myers PUMA"},"geometry":{"type":"Polygon","coordinates":[[[-81.9403,26.7553],[-81.9282,26.7553],[-81.9295,26.7579],[-81.9249,26.7579],[-81.9246,26.7579],[-81.9295,26.7668],[-81.9313,26.77],[-81.9313,26.7701],[-81.9311,26.77],[-81.8921,26.77],[-81.8865,26.77],[-81.879,26.7699],[-81.8785,26.7699],[-81.8636,26.77],[-81.8586,26.7699],[-81.8057,26.7697],[-81.8055,26.7697],[-81.7607,26.7696],[-81.703,26.7696],[-81.6617,26.7696],[-81.5657,26.7696],[-81.5663,26.7363],[-81.5664,26.7254],[-81.5665,26.7145],[-81.5665,26.7139],[-81.5665,26.7095],[-81.5664,26.6959],[-81.5663,26.6872],[-81.5661,26.6728],[-81.5658,26.6441],[-81.5657,26.6355],[-81.5651,26.6006],[-81.5651,26.6003],[-81.5649,26.5863],[-81.5646,26.5639],[-81.5642,26.5425],[-81.5638,26.5185],[-81.5641,26.5185],[-81.5798,26.5225],[-81.5801,26.5226],[-81.588,26.5246],[-81.6052,26.529],[-81.6117,26.5306],[-81.6214,26.5331],[-81.6284,26.5349],[-81.6313,26.5362],[-81.6339,26.5391],[-81.6354,26.542],[-81.6372,26.5453],[-81.6408,26.5481],[-81.6476,26.553],[-81.6617,26.5591],[-81.6618,26.5592],[-81.6783,26.5664],[-81.7129,26.5814],[-81.7137,26.5817],[-81.7163,26.5788],[-81.7217,26.5759],[-81.7299,26.5672],[-81.7323,26.5647],[-81.733,26.5641],[-81.7341,26.5633],[-81.738,26.5608],[-81.7406,26.5598],[-81.7446,26.559],[-81.7475,26.558],[-81.7502,26.5562],[-81.7514,26.558],[-81.7519,26.5616],[-81.7522,26.5641],[-81.7516,26.5657],[-81.7488,26.5697],[-81.7488,26.5716],[-81.7489,26.5718],[-81.7492,26.5755],[-81.7496,26.5773],[-81.7521,26.5823],[-81.7533,26.5889],[-81.7544,26.5903],[-81.7568,26.5931],[-81.7569,26.5934],[-81.7576,26.5944],[-81.758,26.5951],[-81.7583,26.597],[-81.7589,26.598],[-81.7591,26.6068],[-81.7588,26.6107],[-81.7591,26.611],[-81.7615,26.6131],[-81.7678,26.6186],[-81.7654,26.6205],[-81.7591,26.6208],[-81.7589,26.6208],[-81.7579,26.6208],[-81.7496,26.6209],[-81.7511,26.621],[-81.7513,26.6276],[-81.751,26.6279],[-81.7512,26.6361],[-81.7501,26.6363],[-81.7482,26.6365],[-81.7312,26.6365],[-81.729,26.6365],[-81.7277,26.637],[-81.7262,26.6384],[-81.7207,26.6387],[-81.7188,26.6396],[-81.7175,26.6416],[-81.7173,26.6426],[-81.7174,26.6438],[-81.7177,26.6448],[-81.7179,26.6488],[-81.7187,26.6505],[-81.721,26.6527],[-81.7216,26.656],[-81.7229,26.6573],[-81.7297,26.6572],[-81.7314,26.6583],[-81.7319,26.6703],[-81.7338,26.6706],[-81.7351,26.6719],[-81.7357,26.6749],[-81.7371,26.6813],[-81.7408,26.6837],[-81.7412,26.6843],[-81.743,26.6855],[-81.7434,26.6861],[-81.7443,26.6862],[-81.7465,26.6878],[-81.7471,26.6879],[-81.7477,26.6888],[-81.7502,26.6896],[-81.7527,26.689],[-81.756,26.6905],[-81.7598,26.692],[-81.7621,26.6936],[-81.7641,26.6938],[-81.7652,26.6928],[-81.7672,26.693],[-81.7716,26.6909],[-81.7762,26.6919],[-81.7763,26.6918],[-81.7827,26.6805],[-81.7847,26.6769],[-81.7862,26.6745],[-81.788,26.6728],[-81.7888,26.6721],[-81.7903,26.671],[-81.7923,26.67],[-81.7936,26.6684],[-81.7994,26.6632],[-81.7995,26.6709],[-81.8083,26.6708],[-81.8125,26.6707],[-81.8126,26.6712],[-81.8152,26.6749],[-81.8166,26.6771],[-81.8152,26.6798],[-81.8152,26.6827],[-81.8151,26.6851],[-81.8151,26.6881],[-81.815,26.6944],[-81.811,26.6953],[-81.8076,26.6982],[-81.8058,26.6986],[-81.8036,26.6985],[-81.8024,26.6981],[-81.8011,26.6967],[-81.8002,26.6966],[-81.7993,26.6966],[-81.7989,26.6967],[-81.7994,26.6986],[-81.8005,26.7008],[-81.8001,26.707],[-81.8011,26.7076],[-81.801,26.7097],[-81.7997,26.715],[-81.8016,26.715],[-81.8044,26.715],[-81.8071,26.7151],[-81.8115,26.7151],[-81.8119,26.7151],[-81.8201,26.7152],[-81.8214,26.7151],[-81.8238,26.7151],[-81.8261,26.7152],[-81.8324,26.7146],[-81.8344,26.7136],[-81.8369,26.7114],[-81.8423,26.7061],[-81.8442,26.7045],[-81.8447,26.7041],[-81.8513,26.6987],[-81.8578,26.6921],[-81.8589,26.6914],[-81.8613,26.6905],[-81.8662,26.6876],[-81.8663,26.6875],[-81.8712,26.6847],[-81.875,26.6834],[-81.8752,26.6833],[-81.8774,26.6829],[-81.8808,26.6823],[-81.8816,26.6821],[-81.8835,26.682],[-81.8877,26.6819],[-81.8934,26.682],[-81.9005,26.682],[-81.9015,26.682],[-81.9032,26.6821],[-81.9039,26.6822],[-81.9094,26.6821],[-81.9105,26.6818],[-81.911,26.6816],[-81.9115,26.6823],[-81.9126,26.6857],[-81.9135,26.686],[-81.9136,26.6865],[-81.9138,26.6865],[-81.9138,26.6871],[-81.9173,26.6931],[-81.9188,26.694],[-81.9199,26.6968],[-81.9077,26.6969],[-81.9077,26.701],[-81.9077,26.7042],[-81.9077,26.7114],[-81.9022,26.7113],[-81.9025,26.7125],[-81.9038,26.7165],[-81.9042,26.7178],[-81.9046,26.7192],[-81.9067,26.7253],[-81.9068,26.7255],[-81.9071,26.726],[-81.9183,26.7259],[-81.9183,26.7258],[-81.9249,26.7257],[-81.9249,26.7258],[-81.9249,26.7311],[-81.9246,26.7404],[-81.9246,26.7409],[-81.9321,26.7405],[-81.9374,26.7406],[-81.9402,26.7406],[-81.9406,26.748],[-81.9403,26.7553]]]}},{"type":"Feature","properties":{"geoid":"1209507","puma":"09507","name":"Orange County (North Central)--Orlando (North), Winter Park & Maitland Cities PUMA"},"geometry":{"type":"Polygon","coordinates":[[[-81.4566,28.6402],[-81.4446,28.6402],[-81.4436,28.6401],[-81.4356,28.6401],[-81.4273,28.6402],[-81.4154,28.6401],[-81.4152,28.6401],[-81.408,28.6401],[-81.3986,28.6402],[-81.3965,28.6402],[-81.3916,28.6402],[-81.388,28.6402],[-81.3874,28.6402],[-81.378,28.6403],[-81.3759,28.6404],[-81.3733,28.6403],[-81.3716,28.6404],[-81.3652,28.6404],[-81.3651,28.6404],[-81.3617,28.6404],[-81.3616,28.6393],[-81.3572,28.6393],[-81.357,28.6393],[-81.3492,28.6394],[-81.3454,28.6395],[-81.3387,28.6395],[-81.3355,28.6395],[-81.3311,28.6396],[-81.3285,28.6396],[-81.3284,28.6327],[-81.3283,28.6324],[-81.3283,28.6323],[-81.3283,28.6311],[-81.328,28.625],[-81.328,28.6211],[-81.328,28.6177],[-81.3279,28.6113],[-81.3279,28.6105],[-81.3145,28.6107],[-81.3113,28.6107],[-81.3088,28.6107],[-81.3077,28.6082],[-81.3073,28.6044],[-81.3072,28.6003],[-81.3072,28.5972],[-81.3074,28.5972],[-81.3073,28.5935],[-81.3072,28.5899],[-81.307,28.5844],[-81.3072,28.5826],[-81.3078,28.5811],[-81.3089,28.5792],[-81.309,28.579],[-81.3106,28.5761],[-81.3108,28.5755],[-81.3106,28.5755],[-81.3107,28.5752],[-81.3109,28.5735],[-81.3108,28.5616],[-81.3107,28.5572],[-81.3141,28.5555],[-81.3209,28.5537],[-81.3222,28.5535],[-81.3251,28.5534],[-81.3273,28.5534],[-81.3334,28.5535],[-81.3335,28.557],[-81.3335,28.5575],[-81.3335,28.5608],[-81.3335,28.5609],[-81.3337,28.5679],[-81.3344,28.5679],[-81.3379,28.5679],[-81.338,28.5679],[-81.3391,28.5679],[-81.3398,28.5679],[-81.3461,28.5678],[-81.3466,28.5678],[-81.3518,28.5678],[-81.3523,28.5678],[-81.3551,28.5676],[-81.3564,28.5657],[-81.3605,28.5656],[-81.3645,28.5656],[-81.3645,28.5701],[-81.3691,28.5719],[-81.3717,28.5714],[-81.3713,28.5738],[-81.3712,28.5787],[-81.3706,28.5804],[-81.3699,28.5813],[-81.3691,28.582],[-81.3701,28.5823],[-81.3731,28.5823],[-81.374,28.5823],[-81.375,28.5822],[-81.3752,28.5822],[-81.3762,28.5822],[-81.3772,28.5822],[-81.3839,28.5821],[-81.3896,28.582],[-81.3917,28.5839],[-81.3966,28.5828],[-81.3997,28.5813],[-81.4013,28.5806],[-81.4019,28.5803],[-81.4019,28.5783],[-81.403,28.5783],[-81.4069,28.5782],[-81.407,28.5782],[-81.4071,28.5782],[-81.4071,28.578],[-81.4072,28.578],[-81.4073,28.578],[-81.4073,28.578],[-81.4074,28.578],[-81.4074,28.578],[-81.4165,28.5779],[-81.4165,28.5781],[-81.4179,28.5781],[-81.4191,28.5781],[-81.4194,28.5781],[-81.4287,28.5781],[-81.4308,28.5781],[-81.4316,28.5781],[-81.4339,28.578],[-81.4344,28.578],[-81.4348,28.578],[-81.4349,28.5781],[-81.4408,28.5781],[-81.4432,28.5781],[-81.4474,28.5781],[-81.4478,28.578],[-81.4515,28.578],[-81.4516,28.5829],[-81.4515,28.5846],[-81.4513,28.5854],[-81.4515,28.5891],[-81.4514,28.5951],[-81.4514,28.5963],[-81.4515,28.5982],[-81.4515,28.6],[-81.4515,28.6019],[-81.4516,28.6056],[-81.4516,28.6076],[-81.4517,28.6098],[-81.4518,28.6113],[-81.4501,28.6114],[-81.4497,28.6115],[-81.4477,28.6119],[-81.4433,28.6127],[-81.4345,28.6127],[-81.4326,28.6128],[-81.4391,28.6173],[-81.4435,28.6204],[-81.444,28.6209],[-81.4472,28.6256],[-81.4484,28.6274],[-81.4496,28.6294],[-81.4524,28.6337],[-81.4566,28.6402]]]}},{"type":"Feature","properties":{"geoid":"1200903","puma":"00903","name":"Brevard County (Southwest)--Melbourne & West Melbourne Cities PUMA"},"geometry":{"type":"Polygon","coordinates":[[[-80.8701,28.0571],[-80.8693,28.0651],[-80.8693,28.0847],[-80.8629,28.0847],[-80.8628,28.0919],[-80.8616,28.2387],[-80.8602,28.2392],[-80.8599,28.2382],[-80.8603,28.2343],[-80.8598,28.2326],[-80.8572,28.2286],[-80.8559,28.2275],[-80.8554,28.2262],[-80.8562,28.224],[-80.8581,28.2209],[-80.8581,28.2197],[-80.8554,28.2161],[-80.8516,28.2137],[-80.8482,28.2094],[-80.8373,28.2076],[-80.8351,28.2068],[-80.8323,28.2053],[-80.8306,28.2038],[-80.8301,28.2013],[-80.8271,28.1988],[-80.8232,28.1977],[-80.8194,28.1958],[-80.8172,28.1956],[-80.8151,28.1927],[-80.8124,28.1896],[-80.8124,28.1886],[-80.8096,28.186],[-80.8079,28.1832],[-80.8044,28.1809],[-80.8036,28.1818],[-80.8019,28.1811],[-80.8007,28.1802],[-80.8002,28.1788],[-80.799,28.1778],[-80.7966,28.1772],[-80.7927,28.1771],[-80.7883,28.1765],[-80.7867,28.1748],[-80.7849,28.1743],[-80.7818,28.1726],[-80.781,28.1704],[-80.7769,28.1704],[-80.7748,28.1699],[-80.7736,28.1681],[-80.7707,28.1663],[-80.7691,28.166],[-80.7644,28.1662],[-80.7625,28.1671],[-80.7606,28.1671],[-80.7564,28.1682],[-80.7548,28.1697],[-80.753,28.1705],[-80.7481,28.1718],[-80.7445,28.1716],[-80.7441,28.1715],[-80.7396,28.1718],[-80.7365,28.1712],[-80.7247,28.1716],[-80.7058,28.1718],[-80.7057,28.1837],[-80.7059,28.186],[-80.7074,28.1924],[-80.7114,28.2063],[-80.7121,28.2088],[-80.7133,28.2132],[-80.716,28.222],[-80.7184,28.2303],[-80.7151,28.2303],[-80.7127,28.2303],[-80.7059,28.2306],[-80.7058,28.2306],[-80.7056,28.2306],[-80.6989,28.2308],[-80.6973,28.2308],[-80.6918,28.2303],[-80.6888,28.23],[-80.6835,28.2301],[-80.68,28.2296],[-80.6789,28.2277],[-80.6764,28.2284],[-80.6759,28.2286],[-80.6729,28.2295],[-80.6708,28.2301],[-80.6635,28.2322],[-80.6512,28.2063],[-80.6511,28.2062],[-80.6393,28.1807],[-80.6357,28.1727],[-80.6345,28.1699],[-80.6285,28.1566],[-80.6181,28.1333],[-80.6177,28.1327],[-80.6134,28.1341],[-80.6134,28.1338],[-80.6122,28.1226],[-80.6109,28.1203],[-80.6104,28.1192],[-80.6081,28.1149],[-80.6067,28.1123],[-80.604,28.1071],[-80.5977,28.0955],[-80.5949,28.0903],[-80.5915,28.084],[-80.5899,28.0783],[-80.5894,28.0765],[-80.5819,28.0637],[-80.597,28.0638],[-80.5985,28.0638],[-80.6048,28.0638],[-80.6086,28.0638],[-80.613,28.0638],[-80.6132,28.0638],[-80.6213,28.064],[-80.6214,28.057],[-80.6215,28.0497],[-80.6289,28.0497],[-80.634,28.0497],[-80.6382,28.0497],[-80.6382,28.0483],[-80.6382,28.0479],[-80.6381,28.0461],[-80.6381,28.0442],[-80.638,28.0425],[-80.6381,28.0389],[-80.6382,28.0352],[-80.6399,28.0352],[-80.6425,28.0353],[-80.643,28.0353],[-80.6444,28.0352],[-80.6456,28.0352],[-80.6565,28.0353],[-80.6619,28.0427],[-80.6629,28.0436],[-80.6669,28.0462],[-80.6679,28.0469],[-80.6689,28.0475],[-80.6713,28.0491],[-80.6714,28.0466],[-80.6714,28.0429],[-80.6755,28.0428],[-80.6764,28.0428],[-80.6875,28.0426],[-80.6957,28.0426],[-80.6963,28.0426],[-80.705,28.0426],[-80.7121,28.0425],[-80.7203,28.0424],[-80.7283,28.0424],[-80.7285,28.0389],[-80.7286,28.0322],[-80.729,28.0144],[-80.7288,28.0134],[-80.7453,28.0134],[-80.7455,27.999],[-80.7455,27.9989],[-80.7416,27.9989],[-80.7295,27.999],[-80.7289,27.999],[-80.7209,27.999],[-80.7205,27.991],[-80.7206,27.9768],[-80.7206,27.9657],[-80.721,27.9656],[-80.721,27.9426],[-80.7207,27.9378],[-80.7208,27.9106],[-80.6885,27.9103],[-80.6718,27.9103],[-80.6473,27.9102],[-80.6288,27.9102],[-80.6232,27.9101],[-80.6227,27.9056],[-80.6223,27.9024],[-80.6224,27.8958],[-80.6227,27.8739],[-80.6229,27.8667],[-80.6231,27.845],[-80.623,27.8424],[-80.6224,27.8402],[-80.6208,27.8374],[-80.6195,27.836],[-80.6084,27.8251],[-80.6071,27.8224],[-80.6439,27.8227],[-80.6735,27.8229],[-80.6911,27.8229],[-80.767,27.8236],[-80.7701,27.8237],[-80.8275,27.8229],[-80.8689,27.8225],[-80.8696,27.945],[-80.8694,27.9474],[-80.8694,27.9489],[-80.8694,27.964],[-80.8696,27.9779],[-80.87,27.9826],[-80.8699,27.9944],[-80.8697,28.0264],[-80.8695,28.0485],[-80.8701,28.0571]]]}},{"type":"Feature","properties":{"geoid":"1208617","puma":"08617","name":"Miami-Dade County (East Central)--South Miami City, Westchester & Coral Terrace PUMA"},"geometry":{"type":"Polygon","coordinates":[[[-80.3684,25.7613],[-80.3654,25.7614],[-80.3604,25.7615],[-80.3524,25.7617],[-80.3442,25.7618],[-80.3362,25.762],[-80.3351,25.762],[-80.3315,25.7621],[-80.3279,25.7622],[-80.3209,25.7624],[-80.3206,25.7624],[-80.3178,25.7626],[-80.3157,25.7627],[-80.3119,25.7628],[-80.3098,25.7629],[-80.308,25.763],[-80.3074,25.763],[-80.3039,25.7631],[-80.3037,25.7558],[-80.3036,25.7513],[-80.3035,25.748],[-80.3014,25.7481],[-80.2995,25.7481],[-80.2975,25.7482],[-80.2955,25.7482],[-80.2914,25.7483],[-80.2873,25.7484],[-80.2871,25.7447],[-80.2868,25.7399],[-80.2868,25.7386],[-80.2865,25.734],[-80.2906,25.7339],[-80.2931,25.7338],[-80.2938,25.7338],[-80.2947,25.7337],[-80.2945,25.73],[-80.2944,25.7262],[-80.2941,25.7186],[-80.288,25.7188],[-80.2879,25.7181],[-80.2859,25.7182],[-80.2858,25.7153],[-80.2857,25.7117],[-80.2856,25.7086],[-80.2855,25.7075],[-80.2854,25.7052],[-80.2854,25.7044],[-80.2851,25.697],[-80.2849,25.6897],[-80.2853,25.6897],[-80.2868,25.6896],[-80.2892,25.6895],[-80.2928,25.6894],[-80.303,25.689],[-80.3084,25.6889],[-80.3048,25.6918],[-80.3051,25.6921],[-80.3066,25.692],[-80.3093,25.6922],[-80.3115,25.6924],[-80.3165,25.6923],[-80.3171,25.6924],[-80.3175,25.6923],[-80.3196,25.6923],[-80.3215,25.6923],[-80.3337,25.6918],[-80.3338,25.6958],[-80.3341,25.7023],[-80.3343,25.706],[-80.3344,25.7068],[-80.3345,25.7099],[-80.3346,25.7104],[-80.3348,25.7145],[-80.3349,25.7158],[-80.3349,25.7167],[-80.3349,25.7173],[-80.3353,25.7237],[-80.3353,25.7241],[-80.3358,25.7331],[-80.3366,25.7331],[-80.3398,25.733],[-80.3437,25.7329],[-80.3457,25.7329],[-80.3477,25.7328],[-80.3517,25.7327],[-80.3598,25.7325],[-80.3617,25.7325],[-80.3678,25.7323],[-80.3677,25.7396],[-80.3677,25.7432],[-80.3677,25.7467],[-80.3679,25.7505],[-80.3681,25.7543],[-80.3681,25.7544],[-80.3684,25.7613]]]}},{"type":"Feature","properties":{"geoid":"1208611","puma":"08611","name":"Miami-Dade County (Northeast Central)--Miami City (North) PUMA"},"geometry":{"type":"Polygon","coordinates":[[[-80.2322,25.812],[-80.2281,25.8121],[-80.224,25.8122],[-80.224,25.8127],[-80.2241,25.8148],[-80.2243,25.8171],[-80.2244,25.8208],[-80.2246,25.8244],[-80.2247,25.8281],[-80.2249,25.8317],[-80.2253,25.8391],[-80.217,25.8394],[-80.2089,25.8397],[-80.2062,25.8397],[-80.2063,25.8422],[-80.2066,25.8434],[-80.2076,25.846],[-80.2078,25.8471],[-80.2035,25.8473],[-80.1969,25.8474],[-80.1969,25.8479],[-80.197,25.8497],[-80.197,25.8506],[-80.197,25.8511],[-80.1971,25.8525],[-80.1971,25.853],[-80.1951,25.8531],[-80.193,25.8535],[-80.1888,25.853],[-80.1884,25.8524],[-80.1873,25.8515],[-80.1853,25.8515],[-80.1855,25.8552],[-80.1849,25.8552],[-80.1844,25.8552],[-80.1775,25.8554],[-80.1767,25.8554],[-80.1635,25.8557],[-80.1618,25.8558],[-80.1614,25.8558],[-80.1611,25.8484],[-80.1609,25.8428],[-80.1608,25.8398],[-80.1607,25.8368],[-80.1605,25.8333],[-80.1602,25.8283],[-80.1601,25.8269],[-80.1598,25.8221],[-80.1594,25.813],[-80.1601,25.8105],[-80.1602,25.8101],[-80.1606,25.8088],[-80.1611,25.807],[-80.1617,25.8048],[-80.1626,25.8016],[-80.1633,25.7994],[-80.1639,25.7972],[-80.1826,25.7971],[-80.1826,25.7919],[-80.1854,25.7919],[-80.1871,25.7919],[-80.1871,25.792],[-80.189,25.7923],[-80.1891,25.7895],[-80.1939,25.7894],[-80.1946,25.7894],[-80.196,25.7893],[-80.1962,25.7882],[-80.1963,25.7869],[-80.1962,25.7847],[-80.1962,25.7837],[-80.1961,25.7818],[-80.1963,25.7818],[-80.1962,25.7808],[-80.1961,25.7789],[-80.1979,25.7789],[-80.1995,25.7788],[-80.2,25.7788],[-80.2001,25.7788],[-80.2029,25.7787],[-80.2029,25.7792],[-80.203,25.7815],[-80.2031,25.7845],[-80.2068,25.7843],[-80.2069,25.7879],[-80.207,25.7886],[-80.207,25.7916],[-80.207,25.7952],[-80.2071,25.7971],[-80.2056,25.7971],[-80.2056,25.798],[-80.2058,25.8027],[-80.2073,25.8026],[-80.2114,25.8025],[-80.2133,25.8024],[-80.2154,25.8024],[-80.2174,25.8023],[-80.2236,25.8021],[-80.2277,25.802],[-80.2297,25.802],[-80.2318,25.8019],[-80.2319,25.8056],[-80.2321,25.8093],[-80.2321,25.8112],[-80.2322,25.812]]]}},{"type":"Feature","properties":{"geoid":"1210102","puma":"10102","name":"Pasco County (West Central) PUMA"},"geometry":{"type":"Polygon","coordinates":[[[-82.7073,28.2696],[-82.7073,28.2713],[-82.7072,28.2732],[-82.7072,28.2741],[-82.7071,28.2806],[-82.6971,28.2806],[-82.6971,28.286],[-82.6912,28.286],[-82.6912,28.2878],[-82.6957,28.2878],[-82.6962,28.2881],[-82.6987,28.288],[-82.6987,28.291],[-82.6957,28.2912],[-82.6957,28.2918],[-82.6987,28.2918],[-82.6987,28.2937],[-82.6957,28.2936],[-82.6926,28.2934],[-82.6916,28.2925],[-82.6896,28.2911],[-82.6871,28.2911],[-82.6844,28.2911],[-82.6844,28.2972],[-82.6844,28.3011],[-82.6844,28.302],[-82.6823,28.302],[-82.6816,28.302],[-82.6805,28.302],[-82.6766,28.3058],[-82.6756,28.305],[-82.6731,28.3058],[-82.6709,28.3096],[-82.6787,28.3095],[-82.6784,28.3114],[-82.681,28.314],[-82.6799,28.3172],[-82.6811,28.3214],[-82.6805,28.3234],[-82.6793,28.3242],[-82.6783,28.3243],[-82.6767,28.3269],[-82.6776,28.3309],[-82.6755,28.3309],[-82.6702,28.3311],[-82.6664,28.331],[-82.6662,28.331],[-82.6663,28.3351],[-82.6663,28.3385],[-82.666,28.3398],[-82.6666,28.34],[-82.6702,28.343],[-82.677,28.3489],[-82.6784,28.3501],[-82.6876,28.3582],[-82.6888,28.3599],[-82.6903,28.3609],[-82.6908,28.3618],[-82.6908,28.3641],[-82.6915,28.3642],[-82.6932,28.3642],[-82.6895,28.3681],[-82.6829,28.3751],[-82.6807,28.3775],[-82.6743,28.3844],[-82.669,28.39],[-82.6644,28.3949],[-82.6623,28.3971],[-82.66,28.3997],[-82.6597,28.4],[-82.6557,28.4043],[-82.6526,28.408],[-82.6489,28.4155],[-82.6476,28.4183],[-82.64,28.4338],[-82.6336,28.4339],[-82.6273,28.4338],[-82.6172,28.4338],[-82.6129,28.4339],[-82.6021,28.4339],[-82.6006,28.4339],[-82.5932,28.4339],[-82.5825,28.4339],[-82.5783,28.4339],[-82.5683,28.4338],[-82.5681,28.4338],[-82.5678,28.4338],[-82.5667,28.4338],[-82.5513,28.4338],[-82.5487,28.4338],[-82.5461,28.4338],[-82.5279,28.4337],[-82.5188,28.4337],[-82.5085,28.4337],[-82.4851,28.4337],[-82.485,28.4337],[-82.4694,28.4338],[-82.4678,28.4338],[-82.4619,28.4338],[-82.4592,28.4337],[-82.4597,28.4326],[-82.4627,28.4265],[-82.4701,28.4118],[-82.48,28.3948],[-82.4839,28.3854],[-82.489,28.3753],[-82.4916,28.3707],[-82.4944,28.3666],[-82.4992,28.3609],[-82.5048,28.3558],[-82.5074,28.3539],[-82.5125,28.3499],[-82.5133,28.349],[-82.5175,28.3417],[-82.5183,28.34],[-82.5185,28.3377],[-82.517,28.3302],[-82.5178,28.3245],[-82.5204,28.3144],[-82.5203,28.3116],[-82.5198,28.3093],[-82.5186,28.3058],[-82.5142,28.2968],[-82.5055,28.2772],[-82.5047,28.2716],[-82.5035,28.2639],[-82.5029,28.2623],[-82.494,28.2513],[-82.4813,28.2355],[-82.4853,28.2312],[-82.4896,28.2269],[-82.4935,28.2251],[-82.4976,28.2238],[-82.5018,28.2225],[-82.5182,28.2173],[-82.5246,28.2153],[-82.5346,28.2126],[-82.5371,28.2119],[-82.5373,28.2118],[-82.5483,28.2087],[-82.5678,28.2034],[-82.5686,28.2031],[-82.5817,28.1969],[-82.5923,28.1942],[-82.5944,28.1941],[-82.6094,28.1913],[-82.614,28.1908],[-82.6172,28.1905],[-82.6209,28.1901],[-82.6209,28.19],[-82.6232,28.19],[-82.635,28.1932],[-82.6416,28.1953],[-82.6452,28.1983],[-82.6451,28.1984],[-82.6516,28.2042],[-82.6526,28.2052],[-82.6534,28.2057],[-82.6546,28.2061],[-82.666,28.2061],[-82.676,28.2061],[-82.6775,28.2066],[-82.6785,28.2061],[-82.6829,28.2061],[-82.6849,28.206],[-82.6858,28.2053],[-82.6902,28.2074],[-82.6902,28.2046],[-82.6917,28.2048],[-82.6917,28.2067],[-82.6942,28.2074],[-82.6942,28.2092],[-82.6938,28.2098],[-82.6927,28.2127],[-82.6927,28.2156],[-82.6927,28.217],[-82.6847,28.2169],[-82.6836,28.2164],[-82.6835,28.2166],[-82.6828,28.217],[-82.6826,28.2297],[-82.6825,28.2361],[-82.6831,28.236],[-82.6912,28.2376],[-82.694,28.2375],[-82.6967,28.236],[-82.6988,28.2363],[-82.6989,28.2361],[-82.6991,28.2362],[-82.699,28.2383],[-82.6989,28.2389],[-82.6997,28.2423],[-82.7001,28.2428],[-82.6991,28.2444],[-82.6991,28.2498],[-82.6991,28.2587],[-82.7012,28.2587],[-82.7022,28.2587],[-82.7037,28.2587],[-82.7073,28.2587],[-82.7073,28.2614],[-82.7073,28.2632],[-82.7073,28.266],[-82.7073,28.2696]]]}},{"type":"Feature","properties":{"geoid":"1208605","puma":"08605","name":"Miami-Dade County--North Miami City & Miami Shores & Biscayne Park Villages PUMA"},"geometry":{"type":"Polygon","coordinates":[[[-80.2365,25.903],[-80.2357,25.9034],[-80.2309,25.906],[-80.2283,25.9083],[-80.2277,25.9086],[-80.2229,25.9128],[-80.2217,25.9136],[-80.2184,25.9165],[-80.2234,25.9163],[-80.2278,25.916],[-80.2281,25.916],[-80.228,25.9173],[-80.2302,25.9172],[-80.2304,25.9206],[-80.2306,25.9265],[-80.2325,25.9268],[-80.2284,25.9269],[-80.2217,25.9272],[-80.2142,25.9275],[-80.2121,25.9286],[-80.2121,25.9286],[-80.2105,25.9299],[-80.2089,25.9284],[-80.2088,25.9283],[-80.2083,25.9278],[-80.2068,25.9274],[-80.2102,25.9242],[-80.2112,25.9217],[-80.2112,25.9202],[-80.2108,25.9185],[-80.2105,25.9169],[-80.2099,25.9169],[-80.2056,25.9161],[-80.2034,25.9148],[-80.2023,25.9137],[-80.1998,25.9101],[-80.1971,25.9063],[-80.1969,25.9059],[-80.1955,25.9035],[-80.1949,25.899],[-80.1937,25.8991],[-80.1919,25.8992],[-80.1911,25.8992],[-80.1889,25.8993],[-80.1869,25.8995],[-80.1871,25.905],[-80.1872,25.9067],[-80.1832,25.9069],[-80.1792,25.907],[-80.1751,25.9072],[-80.1754,25.9125],[-80.1755,25.914],[-80.1755,25.9143],[-80.1715,25.9145],[-80.1654,25.9147],[-80.1635,25.9148],[-80.1577,25.915],[-80.1588,25.9069],[-80.159,25.9061],[-80.1597,25.9042],[-80.1631,25.9003],[-80.1629,25.9003],[-80.1619,25.9],[-80.1605,25.8999],[-80.1609,25.8987],[-80.1628,25.8926],[-80.163,25.8917],[-80.1637,25.8894],[-80.1621,25.8894],[-80.1587,25.8893],[-80.1525,25.8896],[-80.1518,25.8895],[-80.1506,25.8892],[-80.1476,25.8883],[-80.1447,25.8876],[-80.1426,25.8873],[-80.1433,25.8867],[-80.151,25.8809],[-80.1537,25.8773],[-80.1549,25.8745],[-80.1558,25.8726],[-80.1567,25.8706],[-80.1593,25.8649],[-80.161,25.8612],[-80.1617,25.8595],[-80.1635,25.8557],[-80.1767,25.8554],[-80.1775,25.8554],[-80.1844,25.8552],[-80.1849,25.8552],[-80.1855,25.8552],[-80.1853,25.8515],[-80.1873,25.8515],[-80.1884,25.8524],[-80.1888,25.853],[-80.193,25.8535],[-80.1951,25.8531],[-80.1971,25.853],[-80.1971,25.8531],[-80.1973,25.8583],[-80.1973,25.8585],[-80.2014,25.8584],[-80.2034,25.8583],[-80.2055,25.8582],[-80.2054,25.8573],[-80.2083,25.8572],[-80.2084,25.8619],[-80.2087,25.8692],[-80.2091,25.8765],[-80.2092,25.8802],[-80.2091,25.8838],[-80.2094,25.8838],[-80.2106,25.8837],[-80.2146,25.8836],[-80.2187,25.8834],[-80.2267,25.8831],[-80.2269,25.8867],[-80.227,25.8904],[-80.2271,25.8908],[-80.2272,25.894],[-80.2274,25.8976],[-80.2314,25.8975],[-80.2355,25.8974],[-80.2355,25.8982],[-80.2362,25.8982],[-80.2363,25.8982],[-80.2365,25.903]]]}},{"type":"Feature","properties":{"geoid":"1203103","puma":"03103","name":"Duval County (Southwest Central)--Jacksonville City (Southwest) PUMA"},"geometry":{"type":"Polygon","coordinates":[[[-81.8544,30.3086],[-81.8485,30.309],[-81.8328,30.3102],[-81.8256,30.3112],[-81.8197,30.312],[-81.8191,30.3121],[-81.8149,30.3127],[-81.8028,30.3143],[-81.7907,30.3148],[-81.7836,30.3149],[-81.7705,30.3151],[-81.7691,30.3151],[-81.752,30.3154],[-81.752,30.3141],[-81.7519,30.3061],[-81.7453,30.3081],[-81.7394,30.309],[-81.7306,30.3092],[-81.7307,30.3123],[-81.7307,30.3138],[-81.7307,30.3153],[-81.7307,30.3172],[-81.7273,30.3182],[-81.7225,30.3206],[-81.7201,30.3207],[-81.7157,30.3207],[-81.7138,30.3208],[-81.7096,30.3208],[-81.7054,30.3208],[-81.7005,30.3209],[-81.6999,30.321],[-81.6979,30.3214],[-81.697,30.3216],[-81.6957,30.3216],[-81.6921,30.3206],[-81.691,30.3206],[-81.6853,30.3207],[-81.6837,30.3209],[-81.6831,30.321],[-81.6817,30.3216],[-81.681,30.3222],[-81.679,30.3267],[-81.6764,30.3291],[-81.6742,30.3272],[-81.6712,30.3265],[-81.6681,30.3261],[-81.6674,30.3255],[-81.6664,30.324],[-81.6641,30.3207],[-81.6675,30.3144],[-81.6676,30.3142],[-81.668,30.3013],[-81.6682,30.296],[-81.6682,30.2944],[-81.6739,30.2904],[-81.6766,30.2887],[-81.6774,30.2882],[-81.6841,30.2832],[-81.6803,30.2731],[-81.6696,30.2616],[-81.6671,30.2593],[-81.6653,30.2576],[-81.6581,30.2501],[-81.653,30.2439],[-81.6518,30.2418],[-81.6491,30.2282],[-81.6507,30.2235],[-81.6796,30.1908],[-81.6796,30.1905],[-81.6912,30.1912],[-81.6943,30.1913],[-81.6988,30.1915],[-81.7026,30.1915],[-81.7033,30.1891],[-81.7034,30.189],[-81.7064,30.1896],[-81.7076,30.1907],[-81.7088,30.1912],[-81.7113,30.1912],[-81.7176,30.1911],[-81.7252,30.191],[-81.7335,30.1935],[-81.7389,30.1893],[-81.7395,30.1893],[-81.7431,30.1893],[-81.7643,30.1893],[-81.7666,30.1911],[-81.7678,30.1915],[-81.77,30.1938],[-81.7682,30.1965],[-81.769,30.1997],[-81.7728,30.2039],[-81.7773,30.2116],[-81.7913,30.2237],[-81.7934,30.2256],[-81.7935,30.2257],[-81.7939,30.233],[-81.7942,30.2381],[-81.7952,30.2434],[-81.7951,30.245],[-81.7944,30.2455],[-81.796,30.2462],[-81.7969,30.2468],[-81.7969,30.2477],[-81.7981,30.2485],[-81.7982,30.2491],[-81.8111,30.2549],[-81.815,30.2587],[-81.8162,30.2598],[-81.819,30.2609],[-81.8194,30.2611],[-81.8204,30.2614],[-81.8231,30.265],[-81.8292,30.2671],[-81.8342,30.2741],[-81.837,30.2796],[-81.8379,30.2881],[-81.8417,30.2939],[-81.8425,30.2977],[-81.8486,30.3007],[-81.8507,30.3024],[-81.8528,30.3049],[-81.8544,30.3086]]]}},{"type":"Feature","properties":{"geoid":"1209503","puma":"09503","name":"Orange County (Southwest)--Disney-International Drive Region PUMA"},"geometry":{"type":"Polygon","coordinates":[[[-81.6576,28.489],[-81.6575,28.5088],[-81.6574,28.5142],[-81.6566,28.5142],[-81.6532,28.5143],[-81.6511,28.5143],[-81.649,28.5143],[-81.6459,28.5144],[-81.6441,28.5144],[-81.6336,28.5172],[-81.6256,28.5175],[-81.6237,28.518],[-81.6202,28.518],[-81.6202,28.5179],[-81.6201,28.5073],[-81.6118,28.5074],[-81.6103,28.5074],[-81.6085,28.5074],[-81.6077,28.5074],[-81.6053,28.5074],[-81.605,28.5074],[-81.6029,28.5049],[-81.602,28.5039],[-81.5988,28.5056],[-81.5949,28.5057],[-81.5948,28.5057],[-81.5937,28.5057],[-81.5871,28.5058],[-81.587,28.5021],[-81.587,28.5012],[-81.587,28.5003],[-81.587,28.4985],[-81.587,28.4967],[-81.5865,28.4935],[-81.5856,28.4923],[-81.5842,28.493],[-81.583,28.493],[-81.5746,28.4931],[-81.5746,28.5032],[-81.5734,28.5041],[-81.5705,28.5045],[-81.5705,28.5135],[-81.5698,28.5146],[-81.5651,28.515],[-81.5625,28.5157],[-81.5609,28.5166],[-81.5582,28.5165],[-81.5574,28.5164],[-81.5566,28.5121],[-81.5558,28.5117],[-81.5541,28.5117],[-81.552,28.5117],[-81.5428,28.5115],[-81.5431,28.5091],[-81.5429,28.5083],[-81.5422,28.5071],[-81.5379,28.5035],[-81.5364,28.5044],[-81.534,28.5056],[-81.5316,28.5057],[-81.5292,28.5053],[-81.5252,28.504],[-81.5195,28.5022],[-81.5134,28.5021],[-81.5108,28.5016],[-81.5102,28.5017],[-81.5077,28.5017],[-81.5087,28.4961],[-81.5085,28.4936],[-81.4909,28.4937],[-81.4835,28.4937],[-81.4838,28.5028],[-81.4802,28.5003],[-81.4772,28.4989],[-81.4732,28.4974],[-81.4673,28.4952],[-81.4647,28.4937],[-81.459,28.4899],[-81.4559,28.4875],[-81.4522,28.4829],[-81.4494,28.4791],[-81.4491,28.4787],[-81.4442,28.4721],[-81.4429,28.4705],[-81.4334,28.4622],[-81.4265,28.4563],[-81.4232,28.4533],[-81.421,28.4505],[-81.4208,28.4503],[-81.4111,28.4359],[-81.4088,28.4335],[-81.4138,28.431],[-81.4163,28.4288],[-81.4204,28.4235],[-81.4227,28.4221],[-81.4227,28.4219],[-81.4227,28.415],[-81.4229,28.4134],[-81.4248,28.4088],[-81.4251,28.4074],[-81.425,28.4016],[-81.425,28.397],[-81.4249,28.3886],[-81.4249,28.3853],[-81.4253,28.3812],[-81.4256,28.3796],[-81.4257,28.3765],[-81.4257,28.3762],[-81.4257,28.3726],[-81.4254,28.3674],[-81.4239,28.3644],[-81.4202,28.3575],[-81.4199,28.3567],[-81.4195,28.3549],[-81.4196,28.353],[-81.4197,28.353],[-81.4198,28.3479],[-81.4244,28.3479],[-81.4395,28.348],[-81.4479,28.3479],[-81.4578,28.3473],[-81.4686,28.3472],[-81.4876,28.3471],[-81.4879,28.3471],[-81.5103,28.3472],[-81.5315,28.3473],[-81.5319,28.3473],[-81.5324,28.3473],[-81.5332,28.3473],[-81.5409,28.3472],[-81.5503,28.3473],[-81.5652,28.3473],[-81.6014,28.3471],[-81.6077,28.347],[-81.6083,28.3471],[-81.611,28.3471],[-81.6163,28.3471],[-81.6238,28.3471],[-81.6386,28.347],[-81.6482,28.3469],[-81.6573,28.3471],[-81.6571,28.3476],[-81.6572,28.361],[-81.6571,28.3769],[-81.6572,28.3811],[-81.6573,28.3841],[-81.6574,28.4341],[-81.6575,28.4492],[-81.6574,28.4501],[-81.6575,28.4506],[-81.6575,28.4742],[-81.6576,28.489]]]}},{"type":"Feature","properties":{"geoid":"1208622","puma":"08622","name":"Miami-Dade County (Southwest)--South Miami Heights PUMA"},"geometry":{"type":"Polygon","coordinates":[[[-80.5111,25.6087],[-80.479,25.6088],[-80.4785,25.5943],[-80.4623,25.5948],[-80.446,25.5954],[-80.4377,25.5957],[-80.4297,25.596],[-80.4215,25.5962],[-80.4134,25.5965],[-80.413,25.5966],[-80.4129,25.5966],[-80.4093,25.5967],[-80.3971,25.5971],[-80.389,25.5973],[-80.3849,25.5975],[-80.3809,25.5976],[-80.375,25.5979],[-80.3736,25.598],[-80.3726,25.598],[-80.3645,25.5983],[-80.3567,25.5985],[-80.3568,25.5961],[-80.3566,25.5961],[-80.3553,25.5961],[-80.3481,25.5961],[-80.3481,25.5944],[-80.3503,25.5937],[-80.3517,25.591],[-80.3552,25.5859],[-80.3586,25.5824],[-80.3586,25.5812],[-80.3589,25.5788],[-80.3602,25.5763],[-80.3624,25.5763],[-80.364,25.5767],[-80.3648,25.5771],[-80.3657,25.5775],[-80.3688,25.58],[-80.3728,25.576],[-80.3724,25.5757],[-80.3723,25.57],[-80.3686,25.5695],[-80.3635,25.5684],[-80.3631,25.5684],[-80.3628,25.5684],[-80.3628,25.5664],[-80.3628,25.5623],[-80.3627,25.5594],[-80.3627,25.5517],[-80.3627,25.5481],[-80.3626,25.5454],[-80.3626,25.5445],[-80.3637,25.5406],[-80.3656,25.5373],[-80.3658,25.537],[-80.369,25.5339],[-80.372,25.5323],[-80.373,25.532],[-80.3883,25.5293],[-80.3882,25.522],[-80.3881,25.5183],[-80.3879,25.5183],[-80.3879,25.5091],[-80.3882,25.5072],[-80.3859,25.5072],[-80.3859,25.504],[-80.3796,25.504],[-80.3792,25.5043],[-80.3764,25.5046],[-80.3756,25.5037],[-80.3718,25.5038],[-80.3696,25.5039],[-80.3676,25.5017],[-80.3661,25.5014],[-80.3668,25.5009],[-80.3652,25.4992],[-80.3717,25.494],[-80.3716,25.4927],[-80.3716,25.4905],[-80.3716,25.4891],[-80.3716,25.488],[-80.3736,25.488],[-80.3781,25.4889],[-80.3827,25.4854],[-80.3852,25.4835],[-80.3857,25.4835],[-80.3856,25.4759],[-80.396,25.4759],[-80.3983,25.4741],[-80.3996,25.4753],[-80.4034,25.4723],[-80.4038,25.4727],[-80.4038,25.4735],[-80.4008,25.4758],[-80.4039,25.4758],[-80.4039,25.4778],[-80.4049,25.4804],[-80.4121,25.4803],[-80.4121,25.4813],[-80.4122,25.4851],[-80.4122,25.4871],[-80.4122,25.4878],[-80.4123,25.4976],[-80.4123,25.4996],[-80.4142,25.4996],[-80.4148,25.4996],[-80.4172,25.4995],[-80.419,25.4996],[-80.4247,25.4995],[-80.4289,25.4995],[-80.437,25.4994],[-80.4369,25.5031],[-80.4369,25.5068],[-80.439,25.5067],[-80.4408,25.5067],[-80.4334,25.5142],[-80.4431,25.514],[-80.4443,25.514],[-80.4451,25.514],[-80.4534,25.5139],[-80.4574,25.5139],[-80.4614,25.5139],[-80.4696,25.5138],[-80.4778,25.5137],[-80.49,25.5137],[-80.4941,25.5137],[-80.5103,25.5135],[-80.5103,25.5209],[-80.5106,25.5429],[-80.5106,25.5466],[-80.5106,25.5502],[-80.5096,25.5502],[-80.5066,25.5503],[-80.5067,25.5648],[-80.5067,25.5721],[-80.5068,25.5868],[-80.5109,25.5869],[-80.5111,25.6087]]]}},{"type":"Feature","properties":{"geoid":"1206100","puma":"06100","name":"Indian River County PUMA"},"geometry":{"type":"Polygon","coordinates":[[[-80.8816,27.8225],[-80.8689,27.8225],[-80.8275,27.8229],[-80.7701,27.8237],[-80.767,27.8236],[-80.6911,27.8229],[-80.6735,27.8229],[-80.6439,27.8227],[-80.6071,27.8224],[-80.5545,27.8222],[-80.5091,27.8221],[-80.5073,27.828],[-80.5053,27.8288],[-80.4998,27.8346],[-80.4992,27.8354],[-80.4971,27.8381],[-80.4969,27.8384],[-80.4944,27.8459],[-80.4948,27.8509],[-80.4944,27.8519],[-80.4911,27.8546],[-80.4788,27.8546],[-80.4786,27.8546],[-80.4549,27.8546],[-80.454,27.8548],[-80.4514,27.8568],[-80.4484,27.8601],[-80.4472,27.8599],[-80.4472,27.8597],[-80.4283,27.8237],[-80.416,27.7987],[-80.4146,27.7963],[-80.4042,27.778],[-80.4037,27.7772],[-80.3998,27.7694],[-80.3966,27.7633],[-80.3954,27.7608],[-80.3915,27.7549],[-80.3877,27.7476],[-80.3844,27.7412],[-80.3814,27.7341],[-80.3812,27.7337],[-80.3805,27.732],[-80.3788,27.7252],[-80.372,27.7047],[-80.3674,27.6921],[-80.3646,27.6847],[-80.3633,27.6799],[-80.363,27.6785],[-80.3629,27.6784],[-80.362,27.6749],[-80.3617,27.6738],[-80.3595,27.6682],[-80.3593,27.6678],[-80.359,27.6671],[-80.3582,27.6623],[-80.3579,27.6609],[-80.3552,27.6535],[-80.3551,27.6532],[-80.3514,27.64],[-80.351,27.6323],[-80.3509,27.632],[-80.3481,27.624],[-80.3464,27.6208],[-80.3461,27.6202],[-80.3449,27.6181],[-80.3439,27.6163],[-80.3392,27.6101],[-80.3358,27.6057],[-80.3323,27.5999],[-80.3317,27.5983],[-80.3309,27.5961],[-80.3249,27.5687],[-80.3216,27.5574],[-80.3232,27.5573],[-80.3327,27.5573],[-80.3482,27.5572],[-80.3484,27.5572],[-80.368,27.5573],[-80.3684,27.5573],[-80.3689,27.5573],[-80.369,27.5573],[-80.3699,27.5573],[-80.3739,27.5573],[-80.3763,27.5576],[-80.3901,27.5575],[-80.3979,27.5576],[-80.398,27.5575],[-80.4146,27.5575],[-80.4475,27.5578],[-80.464,27.558],[-80.4779,27.558],[-80.4804,27.5581],[-80.4808,27.5581],[-80.5171,27.5585],[-80.5257,27.5587],[-80.5294,27.5583],[-80.5784,27.5585],[-80.6798,27.5585],[-80.6869,27.5584],[-80.7443,27.5586],[-80.745,27.5587],[-80.7498,27.5589],[-80.7772,27.5587],[-80.7775,27.6204],[-80.778,27.6432],[-80.8535,27.6423],[-80.8587,27.6423],[-80.8638,27.6421],[-80.867,27.6424],[-80.8731,27.6423],[-80.8734,27.665],[-80.8735,27.6835],[-80.8736,27.6997],[-80.8738,27.7339],[-80.8748,27.7337],[-80.8801,27.7337],[-80.8808,27.7749],[-80.8815,27.822],[-80.8816,27.8225]]]}},{"type":"Feature","properties":{"geoid":"1204798","puma":"04798","name":"Hamilton, Lafayette, Madison, Suwannee, & Taylor Counties PUMA"},"geometry":{"type":"MultiPolygon","coordinates":[[[[-83.83,29.973],[-83.8278,29.9728],[-83.827,29.9711],[-83.829,29.9698],[-83.8308,29.9711],[-83.83,29.973]]],[[[-83.992,30.0934],[-83.9922,30.0958],[-83.9898,30.0986],[-83.9897,30.1009],[-83.988,30.1036],[-83.9847,30.1048],[-83.983,30.1087],[-83.9815,30.1102],[-83.9802,30.1143],[-83.98,30.1177],[-83.9797,30.119],[-83.9784,30.1199],[-83.9777,30.1231],[-83.9757,30.1253],[-83.974,30.1267],[-83.9737,30.1284],[-83.971,30.1315],[-83.9705,30.1333],[-83.9697,30.1338],[-83.9687,30.1359],[-83.969,30.1375],[-83.9718,30.1392],[-83.9726,30.1404],[-83.9725,30.1416],[-83.9733,30.1422],[-83.9734,30.1453],[-83.9728,30.1461],[-83.9699,30.1473],[-83.9682,30.1486],[-83.9639,30.1503],[-83.9618,30.1508],[-83.9606,30.1518],[-83.9619,30.154],[-83.9631,30.1575],[-83.96,30.1606],[-83.9578,30.162],[-83.9576,30.1663],[-83.9569,30.1685],[-83.9581,30.1714],[-83.9569,30.1744],[-83.9547,30.1757],[-83.9527,30.1758],[-83.9531,30.1775],[-83.9522,30.1796],[-83.9508,30.1813],[-83.9508,30.184],[-83.9518,30.1851],[-83.9503,30.1871],[-83.9488,30.1875],[-83.9479,30.1887],[-83.9443,30.1898],[-83.9435,30.191],[-83.9408,30.1921],[-83.9364,30.1918],[-83.9346,30.191],[-83.9327,30.1911],[-83.931,30.1891],[-83.9273,30.1909],[-83.9255,30.1929],[-83.927,30.1943],[-83.9244,30.1983],[-83.9248,30.2013],[-83.9236,30.2018],[-83.9237,30.203],[-83.9255,30.2039],[-83.9256,30.205],[-83.9239,30.2068],[-83.9236,30.2086],[-83.9212,30.2107],[-83.9205,30.2133],[-83.9193,30.2135],[-83.918,30.2148],[-83.9174,30.2176],[-83.9189,30.2199],[-83.9176,30.2209],[-83.9178,30.2222],[-83.9167,30.2232],[-83.9166,30.2255],[-83.9182,30.225],[-83.9191,30.2279],[-83.9216,30.2286],[-83.9206,30.2301],[-83.9175,30.2317],[-83.916,30.2348],[-83.9167,30.2354],[-83.9158,30.2396],[-83.9164,30.2409],[-83.9153,30.2421],[-83.9158,30.2452],[-83.9138,30.2462],[-83.9122,30.2459],[-83.9101,30.2477],[-83.9076,30.2476],[-83.9048,30.2482],[-83.9026,30.2475],[-83.9026,30.2495],[-83.8997,30.2499],[-83.8973,30.2521],[-83.8971,30.2543],[-83.8962,30.255],[-83.8969,30.2565],[-83.8955,30.2579],[-83.8934,30.2581],[-83.8924,30.2606],[-83.8905,30.2615],[-83.8882,30.2633],[-83.8863,30.2635],[-83.8849,30.2644],[-83.8843,30.2657],[-83.8829,30.265],[-83.8817,30.2676],[-83.8797,30.269],[-83.8783,30.2685],[-83.8773,30.2694],[-83.8765,30.2688],[-83.8733,30.2689],[-83.871,30.2696],[-83.8695,30.2708],[-83.8677,30.2713],[-83.8664,30.2704],[-83.8647,30.2705],[-83.8633,30.2715],[-83.8614,30.2709],[-83.8592,30.2727],[-83.857,30.2733],[-83.8566,30.2744],[-83.8543,30.2741],[-83.8538,30.277],[-83.8503,30.2778],[-83.8495,30.2769],[-83.8478,30.2778],[-83.8477,30.2785],[-83.8449,30.2774],[-83.8445,30.2781],[-83.8427,30.2784],[-83.8417,30.2798],[-83.8398,30.2807],[-83.8385,30.2804],[-83.8382,30.282],[-83.8377,30.2808],[-83.8364,30.2821],[-83.8368,30.2833],[-83.8345,30.2845],[-83.8349,30.2853],[-83.8337,30.2867],[-83.8295,30.2879],[-83.8278,30.2905],[-83.8289,30.2906],[-83.8293,30.2918],[-83.8275,30.2916],[-83.8284,30.2927],[-83.8262,30.2953],[-83.8258,30.2971],[-83.8228,30.298],[-83.8226,30.299],[-83.821,30.3],[-83.8203,30.2997],[-83.8202,30.3035],[-83.8181,30.3043],[-83.8189,30.3059],[-83.8219,30.3074],[-83.8205,30.3092],[-83.82,30.3113],[-83.8205,30.3131],[-83.8165,30.315],[-83.8157,30.3171],[-83.8145,30.3176],[-83.8121,30.3175],[-83.8111,30.3183],[-83.8076,30.3176],[-83.8059,30.3158],[-83.803,30.3158],[-83.8013,30.3153],[-83.7989,30.3177],[-83.7985,30.317],[-83.7972,30.3185],[-83.7949,30.3193],[-83.7925,30.3192],[-83.7912,30.3219],[-83.7915,30.3227],[-83.7889,30.3243],[-83.7893,30.3263],[-83.7885,30.3282],[-83.7877,30.3284],[-83.7871,30.3317],[-83.7906,30.3337],[-83.7919,30.3339],[-83.7936,30.3355],[-83.7937,30.3373],[-83.7957,30.3383],[-83.796,30.3393],[-83.7976,30.3413],[-83.7966,30.3423],[-83.7981,30.3437],[-83.7995,30.3461],[-83.7992,30.3469],[-83.8028,30.3478],[-83.807,30.3484],[-83.8076,30.3487],[-83.8068,30.35],[-83.8051,30.351],[-83.8041,30.3531],[-83.8046,30.3562],[-83.8058,30.3577],[-83.8064,30.3622],[-83.8081,30.3647],[-83.8066,30.368],[-83.8069,30.3706],[-83.8067,30.3717],[-83.8042,30.3737],[-83.805,30.375],[-83.8046,30.3769],[-83.8038,30.3776],[-83.8017,30.3777],[-83.8009,30.3798],[-83.7983,30.3822],[-83.7957,30.3821],[-83.7949,30.3839],[-83.795,30.3861],[-83.7929,30.3867],[-83.7927,30.3879],[-83.7914,30.3899],[-83.7898,30.3902],[-83.788,30.3894],[-83.7875,30.3867],[-83.7885,30.3843],[-83.7884,30.3822],[-83.7861,30.38],[-83.7832,30.3789],[-83.7808,30.3802],[-83.7798,30.3821],[-83.7739,30.3825],[-83.773,30.3833],[-83.7707,30.3832],[-83.7684,30.3819],[-83.7662,30.3821],[-83.7648,30.3831],[-83.7629,30.3831],[-83.761,30.3844],[-83.7609,30.3854],[-83.7584,30.3849],[-83.7567,30.3867],[-83.7552,30.3918],[-83.7549,30.394],[-83.7558,30.3948],[-83.7558,30.3965],[-83.7545,30.3972],[-83.7539,30.3983],[-83.7533,30.3972],[-83.752,30.3981],[-83.7515,30.4001],[-83.7521,30.401],[-83.7513,30.4033],[-83.7501,30.405],[-83.7511,30.4076],[-83.7487,30.4106],[-83.7467,30.4116],[-83.7457,30.4137],[-83.7432,30.4158],[-83.7404,30.4212],[-83.7379,30.4224],[-83.7372,30.4234],[-83.736,30.4235],[-83.7334,30.424],[-83.7331,30.4258],[-83.7309,30.4279],[-83.7279,30.4291],[-83.7271,30.4325],[-83.7235,30.4329],[-83.7217,30.4348],[-83.7223,30.4354],[-83.7228,30.4423],[-83.7244,30.4455],[-83.7268,30.4488],[-83.7264,30.4502],[-83.7277,30.4514],[-83.7277,30.4532],[-83.7283,30.4546],[-83.728,30.4558],[-83.7262,30.458],[-83.7268,30.4591],[-83.7239,30.4612],[-83.7245,30.4657],[-83.7254,30.4671],[-83.7249,30.4686],[-83.728,30.4707],[-83.7289,30.4727],[-83.7287,30.4741],[-83.7277,30.4751],[-83.7274,30.4796],[-83.7279,30.4799],[-83.7281,30.483],[-83.7264,30.4846],[-83.7272,30.4856],[-83.727,30.4877],[-83.7277,30.49],[-83.7311,30.4923],[-83.7315,30.495],[-83.7328,30.496],[-83.7335,30.4983],[-83.7354,30.4986],[-83.7354,30.5012],[-83.7364,30.5021],[-83.7363,30.5042],[-83.737,30.5076],[-83.7367,30.5087],[-83.7347,30.5104],[-83.7339,30.5133],[-83.7319,30.5151],[-83.73,30.5188],[-83.7274,30.5206],[-83.726,30.5231],[-83.7044,30.523],[-83.7045,30.524],[-83.7043,30.5381],[-83.6711,30.538],[-83.6705,30.5529],[-83.6374,30.5527],[-83.6373,30.5675],[-83.6249,30.5675],[-83.6212,30.5674],[-83.6207,30.5788],[-83.6207,30.582],[-83.6061,30.5821],[-83.6042,30.5819],[-83.6046,30.6107],[-83.6044,30.6252],[-83.6044,30.6382],[-83.6121,30.6387],[-83.6117,30.6513],[-83.6117,30.6513],[-83.5369,30.6475],[-83.4999,30.6457],[-83.48,30.6444],[-83.4489,30.6424],[-83.4489,30.6424],[-83.44,30.642],[-83.4296,30.6415],[-83.4295,30.6415],[-83.4208,30.641],[-83.3901,30.6393],[-83.3901,30.6393],[-83.3795,30.6387],[-83.3577,30.6374],[-83.341,30.6363],[-83.3409,30.6363],[-83.3119,30.6346],[-83.3116,30.6346],[-83.3095,30.6344],[-83.3092,30.6344],[-83.3092,30.6344],[-83.2659,30.6319],[-83.2562,30.6313],[-83.1874,30.6272],[-83.1744,30.6264],[-83.1724,30.6263],[-83.1724,30.6263],[-83.1633,30.6259],[-83.1562,30.6255],[-83.1366,30.624],[-83.1314,30.6236],[-83.1214,30.623],[-83.1186,30.6228],[-83.056,30.6193],[-83.0557,30.6192],[-83.0235,30.6174],[-83.0228,30.6174],[-83.013,30.6168],[-82.9768,30.6147],[-82.9399,30.6126],[-82.8788,30.6091],[-82.8773,30.609],[-82.8038,30.6046],[-82.8008,30.6044],[-82.6989,30.5983],[-82.6986,30.5982],[-82.6895,30.5977],[-82.6896,30.597],[-82.6923,30.5945],[-82.6948,30.5948],[-82.6965,30.596],[-82.6973,30.5944],[-82.696,30.593],[-82.6962,30.5915],[-82.6978,30.5911],[-82.6993,30.5893],[-82.7009,30.5894],[-82.7038,30.586],[-82.7067,30.5843],[-82.7066,30.5837],[-82.7043,30.5829],[-82.7036,30.5809],[-82.7043,30.5798],[-82.7049,30.5767],[-82.7067,30.5743],[-82.7136,30.5708],[-82.717,30.5696],[-82.7183,30.5676],[-82.7169,30.5668],[-82.7162,30.5683],[-82.7149,30.5681],[-82.7157,30.5657],[-82.719,30.563],[-82.7226,30.5636],[-82.7239,30.5649],[-82.7246,30.5635],[-82.7229,30.5623],[-82.7228,30.5608],[-82.7246,30.5594],[-82.7266,30.5595],[-82.7269,30.5583],[-82.7262,30.5567],[-82.7244,30.5558],[-82.7242,30.5541],[-82.7216,30.5544],[-82.7208,30.5537],[-82.7206,30.5518],[-82.7229,30.5503],[-82.7225,30.5479],[-82.7216,30.547],[-82.7213,30.5449],[-82.7194,30.5435],[-82.7193,30.5417],[-82.7166,30.5413],[-82.7171,30.54],[-82.7156,30.537],[-82.7145,30.5318],[-82.7173,30.5306],[-82.7206,30.5301],[-82.7254,30.5312],[-82.7267,30.5311],[-82.7277,30.5304],[-82.7276,30.5273],[-82.7286,30.5257],[-82.7255,30.5217],[-82.7243,30.518],[-82.7232,30.5174],[-82.7219,30.5179],[-82.7202,30.5213],[-82.719,30.5215],[-82.718,30.5198],[-82.7183,30.5176],[-82.7161,30.5125],[-82.7165,30.5106],[-82.7165,30.5074],[-82.715,30.5055],[-82.7103,30.5067],[-82.7079,30.5065],[-82.7057,30.5035],[-82.7058,30.5024],[-82.7075,30.5006],[-82.7083,30.4978],[-82.707,30.4961],[-82.7052,30.4951],[-82.7061,30.4924],[-82.7042,30.4921],[-82.7009,30.4901],[-82.698,30.4903],[-82.6967,30.4894],[-82.6967,30.4846],[-82.6992,30.4836],[-82.7017,30.4839],[-82.7024,30.4834],[-82.6996,30.4793],[-82.7018,30.4785],[-82.7018,30.4777],[-82.6991,30.4754],[-82.695,30.4736],[-82.6936,30.4733],[-82.6884,30.472],[-82.6858,30.472],[-82.682,30.4711],[-82.678,30.4722],[-82.6773,30.4719],[-82.6767,30.4704],[-82.6774,30.4677],[-82.6756,30.4658],[-82.6757,30.4648],[-82.6808,30.4646],[-82.6802,30.461],[-82.6771,30.4584],[-82.6745,30.4567],[-82.6729,30.4557],[-82.6722,30.4543],[-82.6705,30.4531],[-82.6687,30.4535],[-82.6651,30.4533],[-82.6633,30.4521],[-82.6624,30.4507],[-82.6623,30.4488],[-82.6663,30.4513],[-82.6681,30.4493],[-82.6679,30.4472],[-82.6698,30.447],[-82.6703,30.4487],[-82.6715,30.4492],[-82.6729,30.4486],[-82.6714,30.4455],[-82.6702,30.4444],[-82.6663,30.4426],[-82.6622,30.4391],[-82.6612,30.4388],[-82.66,30.4411],[-82.6591,30.4407],[-82.658,30.4377],[-82.6556,30.4349],[-82.6553,30.4338],[-82.6563,30.4322],[-82.6542,30.4309],[-82.6527,30.4294],[-82.6525,30.4281],[-82.6544,30.4263],[-82.6531,30.4251],[-82.6539,30.422],[-82.6496,30.419],[-82.6494,30.4172],[-82.6515,30.4156],[-82.6502,30.4117],[-82.65,30.4101],[-82.6485,30.4086],[-82.6462,30.4083],[-82.6455,30.4071],[-82.6471,30.4008],[-82.6467,30.3974],[-82.6472,30.3948],[-82.6499,30.3919],[-82.6537,30.3911],[-82.6578,30.3915],[-82.6586,30.3897],[-82.6583,30.3854],[-82.6592,30.3827],[-82.6599,30.3819],[-82.6644,30.3802],[-82.6656,30.3788],[-82.6651,30.3749],[-82.6626,30.3698],[-82.6658,30.367],[-82.6703,30.3656],[-82.6723,30.3655],[-82.6744,30.3647],[-82.6758,30.3636],[-82.676,30.3622],[-82.6813,30.3588],[-82.6822,30.3574],[-82.683,30.3549],[-82.6838,30.3541],[-82.6861,30.3543],[-82.6869,30.3533],[-82.6843,30.3479],[-82.684,30.3466],[-82.6819,30.3445],[-82.6815,30.3428],[-82.6832,30.3401],[-82.6842,30.338],[-82.6859,30.337],[-82.689,30.3351],[-82.6896,30.3333],[-82.6937,30.332],[-82.6973,30.3335],[-82.7008,30.3335],[-82.7039,30.3322],[-82.7103,30.3284],[-82.7132,30.3257],[-82.7151,30.3221],[-82.7164,30.3212],[-82.7178,30.3214],[-82.7215,30.3244],[-82.7249,30.3285],[-82.7247,30.3295],[-82.7226,30.3315],[-82.723,30.3335],[-82.7238,30.3338],[-82.7246,30.3338],[-82.7301,30.3311],[-82.7349,30.3292],[-82.7365,30.3284],[-82.7382,30.3264],[-82.7383,30.3261],[-82.7384,30.3258],[-82.7386,30.3252],[-82.7398,30.3216],[-82.7404,30.321],[-82.7443,30.3193],[-82.7445,30.3179],[-82.7454,30.3174],[-82.7467,30.3174],[-82.7489,30.3186],[-82.7492,30.3191],[-82.7501,30.3197],[-82.753,30.3195],[-82.7608,30.3243],[-82.7612,30.326],[-82.7597,30.3274],[-82.7606,30.3293],[-82.7633,30.3309],[-82.7658,30.33],[-82.7669,30.3286],[-82.7716,30.3259],[-82.7778,30.3233],[-82.7796,30.325],[-82.7845,30.3247],[-82.7885,30.324],[-82.7879,30.3265],[-82.7893,30.3279],[-82.792,30.3265],[-82.7932,30.3276],[-82.7928,30.3295],[-82.7935,30.3332],[-82.7921,30.3359],[-82.7946,30.337],[-82.7948,30.3202],[-82.7946,30.3054],[-82.7949,30.2855],[-82.7947,30.281],[-82.7947,30.2743],[-82.7948,30.2672],[-82.7947,30.26],[-82.7947,30.2416],[-82.7945,30.2381],[-82.7944,30.2266],[-82.7945,30.2262],[-82.7947,30.2035],[-82.7949,30.1614],[-82.7944,30.1544],[-82.7947,30.1504],[-82.7949,30.1467],[-82.7948,30.1322],[-82.7948,30.1178],[-82.795,30.1171],[-82.7947,30.116],[-82.7945,30.1041],[-82.7947,30.1031],[-82.7947,30.0883],[-82.7945,30.0739],[-82.7944,30.0572],[-82.794,30.0153],[-82.794,29.9862],[-82.7643,29.9865],[-82.7615,29.9863],[-82.7604,29.9862],[-82.7604,29.9821],[-82.7588,29.9801],[-82.7593,29.9774],[-82.7586,29.9757],[-82.76,29.9723],[-82.7601,29.9697],[-82.7614,29.9682],[-82.7614,29.966],[-82.7622,29.9644],[-82.7677,29.9623],[-82.7706,29.9605],[-82.7722,29.9603],[-82.7732,29.959],[-82.7739,29.9596],[-82.7792,29.958],[-82.7804,29.9565],[-82.7831,29.9546],[-82.7858,29.9549],[-82.786,29.9528],[-82.7881,29.9511],[-82.7885,29.9488],[-82.7896,29.9482],[-82.7895,29.9464],[-82.7919,29.944],[-82.7915,29.9421],[-82.7953,29.9401],[-82.7967,29.9378],[-82.7989,29.9357],[-82.7989,29.9336],[-82.8005,29.9321],[-82.8034,29.931],[-82.8063,29.9327],[-82.8085,29.9331],[-82.8102,29.9321],[-82.8112,29.9308],[-82.8144,29.9298],[-82.8176,29.9259],[-82.8188,29.9249],[-82.8225,29.9236],[-82.8237,29.9227],[-82.8251,29.9198],[-82.8295,29.9164],[-82.8315,29.9128],[-82.8327,29.9127],[-82.8346,29.914],[-82.8375,29.9139],[-82.8399,29.9143],[-82.8408,29.9124],[-82.8424,29.9118],[-82.8487,29.9138],[-82.8516,29.9139],[-82.8553,29.9133],[-82.8581,29.9117],[-82.8601,29.9116],[-82.8633,29.911],[-82.8647,29.9088],[-82.8642,29.9076],[-82.8649,29.9052],[-82.8658,29.904],[-82.8669,29.9037],[-82.8675,29.9023],[-82.8666,29.9004],[-82.8668,29.8988],[-82.8687,29.8983],[-82.8707,29.8988],[-82.8717,29.8985],[-82.8729,29.8964],[-82.8746,29.8907],[-82.8787,29.8892],[-82.8798,29.8868],[-82.8788,29.8872],[-82.8768,29.8862],[-82.876,29.8844],[-82.8759,29.8823],[-82.8753,29.8807],[-82.8752,29.8773],[-82.8764,29.8741],[-82.8769,29.8716],[-82.8756,29.8676],[-82.8756,29.8665],[-82.8779,29.8621],[-82.8824,29.8581],[-82.8857,29.8545],[-82.8884,29.8501],[-82.8902,29.8451],[-82.891,29.8424],[-82.8914,29.8373],[-82.8924,29.8333],[-82.8925,29.8285],[-82.8934,29.8268],[-82.895,29.8258],[-82.9023,29.8252],[-82.904,29.8243],[-82.9187,29.8241],[-82.9206,29.8241],[-82.9591,29.824],[-82.9592,29.8254],[-82.9685,29.8253],[-82.9809,29.8253],[-82.9853,29.8251],[-83.0019,29.8253],[-83.0358,29.825],[-83.069,29.8246],[-83.0718,29.8245],[-83.1526,29.8238],[-83.3105,29.8227],[-83.3134,29.8226],[-83.3155,29.8226],[-83.3189,29.8226],[-83.3191,29.8035],[-83.3192,29.7962],[-83.3195,29.7783],[-83.3216,29.7782],[-83.322,29.7768],[-83.324,29.7746],[-83.3242,29.7745],[-83.3265,29.7738],[-83.3269,29.7727],[-83.3259,29.7707],[-83.3262,29.7693],[-83.3276,29.7692],[-83.3286,29.7677],[-83.3285,29.7658],[-83.3307,29.7649],[-83.3317,29.7619],[-83.334,29.7618],[-83.3366,29.7607],[-83.3384,29.7577],[-83.3388,29.7553],[-83.3415,29.7515],[-83.3418,29.7478],[-83.3429,29.7454],[-83.3457,29.7435],[-83.3448,29.7404],[-83.3433,29.7371],[-83.3437,29.7354],[-83.3476,29.7339],[-83.3478,29.7321],[-83.3466,29.7308],[-83.3449,29.7268],[-83.347,29.7235],[-83.3474,29.7213],[-83.3461,29.7197],[-83.3471,29.7177],[-83.3471,29.7146],[-83.3488,29.714],[-83.3501,29.7124],[-83.3514,29.7067],[-83.3513,29.7005],[-83.3506,29.6979],[-83.3508,29.6952],[-83.3528,29.6931],[-83.3542,29.6904],[-83.3575,29.6856],[-83.3578,29.6846],[-83.3593,29.6838],[-83.3595,29.6829],[-83.3623,29.6784],[-83.365,29.6767],[-83.3654,29.6758],[-83.364,29.6736],[-83.3644,29.6712],[-83.3631,29.6704],[-83.3632,29.6682],[-83.3653,29.6671],[-83.3664,29.6657],[-83.3694,29.6667],[-83.3734,29.666],[-83.3749,29.6672],[-83.3818,29.6696],[-83.3831,29.6697],[-83.386,29.6689],[-83.3877,29.6695],[-83.3904,29.6714],[-83.395,29.6715],[-83.3985,29.6739],[-83.4008,29.6735],[-83.403,29.6719],[-83.4096,29.6684],[-83.411,29.6699],[-83.4147,29.6705],[-83.4186,29.6691],[-83.425,29.6695],[-83.4288,29.675],[-83.4363,29.6774],[-83.4446,29.6772],[-83.4482,29.6753],[-83.4554,29.6764],[-83.4583,29.6782],[-83.4585,29.6805],[-83.464,29.6821],[-83.4785,29.6876],[-83.4837,29.6882],[-83.4836,29.6985],[-83.4877,29.7003],[-83.4909,29.7084],[-83.4957,29.7078],[-83.4987,29.7098],[-83.493,29.7127],[-83.5041,29.7137],[-83.5096,29.7124],[-83.5127,29.7165],[-83.5262,29.7212],[-83.5357,29.7257],[-83.5425,29.7282],[-83.5479,29.7281],[-83.5493,29.7296],[-83.5472,29.7322],[-83.5539,29.7411],[-83.56,29.743],[-83.5608,29.7492],[-83.5631,29.7546],[-83.566,29.7614],[-83.5733,29.7632],[-83.5799,29.7592],[-83.5842,29.7585],[-83.5856,29.7614],[-83.5833,29.7657],[-83.579,29.7684],[-83.5813,29.7715],[-83.5847,29.7761],[-83.587,29.7789],[-83.5892,29.7833],[-83.5861,29.7846],[-83.583,29.7873],[-83.5819,29.7921],[-83.5845,29.7969],[-83.5854,29.8004],[-83.5885,29.8022],[-83.589,29.8053],[-83.5859,29.8118],[-83.5875,29.8161],[-83.5868,29.8189],[-83.5904,29.8214],[-83.5925,29.8186],[-83.5944,29.8186],[-83.5955,29.828],[-83.6026,29.8305],[-83.6014,29.8331],[-83.6052,29.8364],[-83.6106,29.8367],[-83.613,29.8399],[-83.6186,29.8423],[-83.6196,29.8476],[-83.6234,29.8539],[-83.6293,29.8634],[-83.6326,29.8739],[-83.637,29.8765],[-83.6365,29.8827],[-83.638,29.8861],[-83.6536,29.8947],[-83.6537,29.8947],[-83.66,29.8995],[-83.6623,29.9025],[-83.6687,29.906],[-83.6716,29.9098],[-83.6772,29.9116],[-83.679,29.9144],[-83.6792,29.9185],[-83.6808,29.9216],[-83.6843,29.9234],[-83.6888,29.9222],[-83.6973,29.9278],[-83.7117,29.9333],[-83.7176,29.9372],[-83.7279,29.941],[-83.7392,29.9492],[-83.7432,29.9541],[-83.7463,29.9578],[-83.7494,29.9589],[-83.7526,29.9557],[-83.7537,29.9562],[-83.7566,29.9576],[-83.7572,29.9579],[-83.7577,29.9582],[-83.7617,29.9606],[-83.762,29.9608],[-83.7621,29.9609],[-83.7656,29.9648],[-83.7658,29.9653],[-83.7666,29.9669],[-83.7672,29.9681],[-83.7703,29.9685],[-83.7731,29.9682],[-83.774,29.9681],[-83.7742,29.9685],[-83.7757,29.9721],[-83.7758,29.9722],[-83.7808,29.9722],[-83.7824,29.9755],[-83.7887,29.977],[-83.7926,29.9763],[-83.7958,29.9757],[-83.8026,29.9776],[-83.8077,29.9767],[-83.8126,29.9819],[-83.8195,29.9842],[-83.822,29.9822],[-83.8287,29.9832],[-83.8454,29.9981],[-83.8589,30.0048],[-83.863,30.0079],[-83.874,30.0111],[-83.8741,30.0112],[-83.8783,30.0131],[-83.8809,30.0143],[-83.8906,30.0187],[-83.8938,30.0201],[-83.899,30.0225],[-83.9132,30.029],[-83.9138,30.0326],[-83.92,30.0346],[-83.921,30.0346],[-83.9254,30.0346],[-83.9261,30.0351],[-83.9314,30.039],[-83.9315,30.0391],[-83.9337,30.0412],[-83.9319,30.0442],[-83.9334,30.0463],[-83.9351,30.0474],[-83.936,30.048],[-83.9391,30.0501],[-83.94,30.0502],[-83.9439,30.0508],[-83.9457,30.055],[-83.9509,30.0534],[-83.951,30.054],[-83.9513,30.0561],[-83.9514,30.0568],[-83.9514,30.0572],[-83.9517,30.0586],[-83.9539,30.0601],[-83.9572,30.0624],[-83.9577,30.0627],[-83.9597,30.0649],[-83.9631,30.0653],[-83.9675,30.0658],[-83.9696,30.0704],[-83.9715,30.0714],[-83.9727,30.0721],[-83.9736,30.0725],[-83.9748,30.0726],[-83.9832,30.0731],[-83.9878,30.0766],[-83.9892,30.0777],[-83.9869,30.0811],[-83.9861,30.0846],[-83.9896,30.0873],[-83.9914,30.086],[-83.9923,30.0891],[-83.992,30.0934]]]]}},{"type":"Feature","properties":{"geoid":"1212703","puma":"12703","name":"Volusia County--Port Orange, Edgewater, New Smyrna Beach (East) & Oak Hill Cities PUMA"},"geometry":{"type":"Polygon","coordinates":[[[-81.0756,29.1555],[-81.0744,29.156],[-81.0745,29.1568],[-81.0736,29.1568],[-81.072,29.1571],[-81.0637,29.1606],[-81.0567,29.1636],[-81.0509,29.166],[-81.0493,29.1667],[-81.0387,29.1711],[-81.0351,29.1726],[-81.0287,29.1753],[-81.0286,29.1752],[-81.0284,29.1753],[-81.0165,29.1802],[-81.0112,29.1824],[-81.0108,29.1827],[-81.0085,29.1837],[-80.9986,29.1877],[-80.9946,29.1797],[-80.9899,29.1799],[-80.9849,29.1799],[-80.9825,29.1804],[-80.9824,29.1803],[-80.975,29.1655],[-80.9693,29.1542],[-80.968,29.1516],[-80.9662,29.148],[-80.9648,29.1456],[-80.9625,29.1418],[-80.9598,29.1371],[-80.9597,29.1369],[-80.9511,29.1223],[-80.9444,29.1109],[-80.9428,29.1087],[-80.9383,29.1028],[-80.931,29.093],[-80.9299,29.0916],[-80.9241,29.0852],[-80.919,29.0797],[-80.9179,29.0784],[-80.9144,29.0757],[-80.9142,29.0755],[-80.9135,29.075],[-80.9134,29.0749],[-80.9122,29.074],[-80.9096,29.0709],[-80.9073,29.0643],[-80.9054,29.0606],[-80.9046,29.0591],[-80.8941,29.0388],[-80.8931,29.0369],[-80.8894,29.0307],[-80.8893,29.0306],[-80.8873,29.0273],[-80.8822,29.0186],[-80.878,29.0116],[-80.8771,29.0102],[-80.8764,29.0091],[-80.8661,28.9938],[-80.8044,28.9013],[-80.8041,28.9008],[-80.8012,28.8966],[-80.7908,28.8809],[-80.7906,28.8806],[-80.787,28.8753],[-80.7399,28.8016],[-80.7329,28.7912],[-80.8059,28.7912],[-80.8068,28.7913],[-80.8429,28.7911],[-80.8827,28.7912],[-80.8993,28.791],[-80.9149,28.8432],[-80.9195,28.8713],[-80.921,28.8754],[-80.9215,28.8753],[-80.9261,28.8868],[-80.9308,28.8988],[-80.9328,28.9044],[-80.9358,28.9142],[-80.9393,28.9254],[-80.9442,28.9362],[-80.9509,28.9507],[-80.959,28.9679],[-80.9646,28.9767],[-80.9717,28.9875],[-80.9718,28.9876],[-80.9882,29.0127],[-80.9883,29.0129],[-80.9908,29.0168],[-80.9922,29.019],[-81.0054,29.039],[-81.0064,29.041],[-81.0069,29.0435],[-81.0073,29.0476],[-81.0088,29.0627],[-81.0108,29.069],[-81.0215,29.0909],[-81.0217,29.0913],[-81.0289,29.1059],[-81.0324,29.1121],[-81.0345,29.1139],[-81.0458,29.1208],[-81.0475,29.1218],[-81.0479,29.1221],[-81.0478,29.1226],[-81.0575,29.1285],[-81.058,29.1289],[-81.0614,29.1319],[-81.065,29.137],[-81.074,29.1528],[-81.0754,29.1553],[-81.0756,29.1555]]]}},{"type":"Feature","properties":{"geoid":"1205709","puma":"05709","name":"Hillsborough County (Southeast) PUMA"},"geometry":{"type":"Polygon","coordinates":[[[-82.3176,27.6476],[-82.3165,27.6473],[-82.3154,27.649],[-82.3113,27.6514],[-82.3092,27.6531],[-82.3072,27.6553],[-82.3055,27.6583],[-82.3047,27.6613],[-82.3018,27.6618],[-82.3012,27.6629],[-82.3025,27.6637],[-82.3027,27.6647],[-82.302,27.7012],[-82.3018,27.7026],[-82.2985,27.7087],[-82.2961,27.7123],[-82.2967,27.7125],[-82.2893,27.7228],[-82.2884,27.7244],[-82.2812,27.7347],[-82.278,27.7395],[-82.2743,27.7446],[-82.264,27.7593],[-82.2615,27.7628],[-82.2663,27.7629],[-82.2684,27.7636],[-82.2702,27.7648],[-82.2734,27.7696],[-82.2748,27.7727],[-82.2777,27.7819],[-82.2796,27.7873],[-82.2821,27.7922],[-82.2822,27.7924],[-82.2843,27.7959],[-82.2863,27.7994],[-82.2872,27.8013],[-82.2899,27.8068],[-82.2912,27.8096],[-82.2933,27.8141],[-82.2953,27.8181],[-82.2981,27.8215],[-82.2995,27.8234],[-82.3036,27.8292],[-82.3054,27.8318],[-82.3062,27.8329],[-82.3078,27.8353],[-82.3115,27.8405],[-82.314,27.8432],[-82.3144,27.8436],[-82.3145,27.8522],[-82.3145,27.8535],[-82.3022,27.8535],[-82.2994,27.8536],[-82.2741,27.8535],[-82.2693,27.8536],[-82.2693,27.8572],[-82.2698,27.8577],[-82.2734,27.8578],[-82.2748,27.8591],[-82.2758,27.8599],[-82.2767,27.8603],[-82.2768,27.8604],[-82.2782,27.8619],[-82.2817,27.8623],[-82.2824,27.8628],[-82.2834,27.8641],[-82.2837,27.8648],[-82.2847,27.8663],[-82.2846,27.8665],[-82.284,27.8669],[-82.2838,27.8674],[-82.2839,27.8678],[-82.2838,27.8683],[-82.2861,27.8708],[-82.2868,27.8715],[-82.2893,27.8741],[-82.2911,27.875],[-82.2934,27.8782],[-82.2969,27.878],[-82.2979,27.8785],[-82.2988,27.879],[-82.3001,27.8806],[-82.2989,27.8806],[-82.2966,27.8789],[-82.294,27.879],[-82.294,27.8936],[-82.2858,27.8936],[-82.2775,27.8937],[-82.2733,27.8936],[-82.2693,27.8936],[-82.2693,27.9083],[-82.2693,27.9225],[-82.2686,27.9232],[-82.2652,27.9233],[-82.2612,27.9233],[-82.2527,27.9233],[-82.2445,27.9233],[-82.2364,27.9232],[-82.2279,27.9232],[-82.2281,27.9337],[-82.2203,27.9271],[-82.2195,27.9267],[-82.2196,27.9377],[-82.2107,27.9376],[-82.203,27.9377],[-82.194,27.9375],[-82.1874,27.9375],[-82.1868,27.9376],[-82.1843,27.9375],[-82.1827,27.9375],[-82.1705,27.9375],[-82.1477,27.9375],[-82.1213,27.9376],[-82.0924,27.9378],[-82.0911,27.9376],[-82.0885,27.9368],[-82.0761,27.9282],[-82.073,27.9271],[-82.0697,27.9269],[-82.0553,27.9271],[-82.0549,27.9077],[-82.0551,27.8945],[-82.0552,27.8798],[-82.0553,27.878],[-82.0552,27.8653],[-82.054,27.8546],[-82.054,27.8507],[-82.0545,27.7959],[-82.0549,27.7663],[-82.0547,27.7193],[-82.0545,27.6503],[-82.0543,27.6464],[-82.0564,27.6462],[-82.1346,27.6463],[-82.1463,27.6463],[-82.2106,27.6465],[-82.2682,27.6464],[-82.2745,27.6465],[-82.2829,27.6467],[-82.2927,27.6465],[-82.2934,27.6466],[-82.3183,27.6466],[-82.3176,27.6476]]]}},{"type":"Feature","properties":{"geoid":"1208615","puma":"08615","name":"Miami-Dade County (East Central)--Miami City (West) PUMA"},"geometry":{"type":"Polygon","coordinates":[[[-80.3182,25.7633],[-80.3158,25.7681],[-80.313,25.7701],[-80.3122,25.7707],[-80.3116,25.7706],[-80.31,25.7713],[-80.3097,25.7715],[-80.3097,25.7715],[-80.3087,25.7719],[-80.3079,25.7724],[-80.3028,25.7746],[-80.296,25.7778],[-80.2911,25.7804],[-80.2884,25.7808],[-80.2883,25.778],[-80.2822,25.7782],[-80.2781,25.7784],[-80.2754,25.7785],[-80.2764,25.7794],[-80.2764,25.7812],[-80.2743,25.7835],[-80.2743,25.7836],[-80.2721,25.7861],[-80.2714,25.787],[-80.271,25.7872],[-80.2685,25.79],[-80.2655,25.7929],[-80.2644,25.7935],[-80.2625,25.7939],[-80.2562,25.7944],[-80.2513,25.7947],[-80.248,25.7946],[-80.2472,25.7949],[-80.2455,25.795],[-80.2442,25.7953],[-80.2421,25.7942],[-80.2405,25.7931],[-80.2396,25.7926],[-80.2396,25.792],[-80.2397,25.7907],[-80.2397,25.7904],[-80.2396,25.7869],[-80.2395,25.7849],[-80.2395,25.7831],[-80.2393,25.7795],[-80.2392,25.7763],[-80.2391,25.7723],[-80.2371,25.7724],[-80.2361,25.7724],[-80.235,25.7725],[-80.233,25.7725],[-80.231,25.7726],[-80.2308,25.7689],[-80.2307,25.7663],[-80.2307,25.7654],[-80.2266,25.7655],[-80.2225,25.7656],[-80.2205,25.7657],[-80.2195,25.7657],[-80.2161,25.7658],[-80.2149,25.7659],[-80.2145,25.7659],[-80.2144,25.7643],[-80.2143,25.7631],[-80.2143,25.7629],[-80.2143,25.7623],[-80.2143,25.762],[-80.2143,25.7618],[-80.2143,25.7609],[-80.2142,25.7578],[-80.2202,25.7579],[-80.2223,25.7579],[-80.2223,25.7582],[-80.2263,25.7582],[-80.2304,25.7581],[-80.2325,25.758],[-80.2386,25.7578],[-80.2384,25.7541],[-80.2383,25.7503],[-80.2464,25.7501],[-80.2464,25.7492],[-80.2463,25.7464],[-80.2462,25.7455],[-80.2462,25.7452],[-80.2462,25.7448],[-80.2462,25.7436],[-80.2462,25.7432],[-80.248,25.7432],[-80.2543,25.743],[-80.2544,25.7442],[-80.2544,25.7446],[-80.2545,25.7461],[-80.2545,25.7481],[-80.2546,25.7499],[-80.2547,25.7533],[-80.2548,25.756],[-80.2548,25.7572],[-80.2549,25.7583],[-80.2549,25.7591],[-80.255,25.7603],[-80.255,25.7607],[-80.255,25.761],[-80.2551,25.763],[-80.2551,25.7647],[-80.2592,25.7646],[-80.2609,25.7645],[-80.2613,25.7645],[-80.2633,25.7644],[-80.267,25.7643],[-80.2674,25.7643],[-80.2704,25.7642],[-80.2715,25.7642],[-80.2733,25.7641],[-80.2756,25.764],[-80.2793,25.7639],[-80.2797,25.7639],[-80.2838,25.7637],[-80.2879,25.7636],[-80.2919,25.7634],[-80.295,25.7633],[-80.2979,25.7633],[-80.298,25.7633],[-80.2999,25.7632],[-80.3039,25.7631],[-80.3074,25.763],[-80.308,25.763],[-80.3098,25.7629],[-80.3119,25.7628],[-80.3157,25.7627],[-80.3178,25.7626],[-80.3184,25.763],[-80.3182,25.7633]]]}},{"type":"Feature","properties":{"geoid":"1208624","puma":"08624","name":"Miami-Dade County (South)--Homestead City (North) & Florida City (North) PUMA"},"geometry":{"type":"Polygon","coordinates":[[[-80.5103,25.5135],[-80.4941,25.5137],[-80.49,25.5137],[-80.4778,25.5137],[-80.4696,25.5138],[-80.4614,25.5139],[-80.4574,25.5139],[-80.4534,25.5139],[-80.4451,25.514],[-80.4443,25.514],[-80.4431,25.514],[-80.4334,25.5142],[-80.4408,25.5067],[-80.439,25.5067],[-80.4369,25.5068],[-80.4369,25.5031],[-80.437,25.4994],[-80.4289,25.4995],[-80.4247,25.4995],[-80.419,25.4996],[-80.4172,25.4995],[-80.4148,25.4996],[-80.4142,25.4996],[-80.4123,25.4996],[-80.4123,25.4976],[-80.4122,25.4878],[-80.4122,25.4871],[-80.4122,25.4851],[-80.4121,25.4813],[-80.4121,25.4803],[-80.412,25.4778],[-80.412,25.4738],[-80.412,25.4736],[-80.4119,25.4702],[-80.4119,25.4629],[-80.42,25.4627],[-80.4282,25.4627],[-80.4337,25.4627],[-80.4362,25.4626],[-80.4443,25.4625],[-80.4523,25.4627],[-80.4543,25.4627],[-80.4564,25.4627],[-80.4608,25.4626],[-80.4618,25.4626],[-80.463,25.4625],[-80.469,25.4625],[-80.4712,25.4625],[-80.4752,25.4625],[-80.4773,25.4625],[-80.4772,25.4552],[-80.4772,25.4478],[-80.4771,25.4409],[-80.4767,25.4391],[-80.4772,25.4395],[-80.4777,25.4399],[-80.4779,25.4401],[-80.4784,25.4405],[-80.4806,25.4423],[-80.4807,25.4427],[-80.4833,25.4427],[-80.4833,25.4406],[-80.4853,25.4406],[-80.4913,25.4405],[-80.4933,25.4405],[-80.4933,25.4331],[-80.4953,25.4331],[-80.4974,25.4331],[-80.5015,25.4331],[-80.5015,25.4396],[-80.5015,25.4404],[-80.5016,25.4477],[-80.5015,25.455],[-80.5016,25.4569],[-80.5016,25.4587],[-80.5016,25.4624],[-80.5016,25.4659],[-80.5016,25.4696],[-80.5057,25.4696],[-80.5097,25.4696],[-80.5098,25.477],[-80.5098,25.4842],[-80.5099,25.4879],[-80.5099,25.4915],[-80.5101,25.5026],[-80.5102,25.5061],[-80.5103,25.5135]]]}},{"type":"Feature","properties":{"geoid":"1200102","puma":"00102","name":"Alachua County (Outer) PUMA"},"geometry":{"type":"Polygon","coordinates":[[[-82.6586,29.8301],[-82.6555,29.8297],[-82.6546,29.8291],[-82.6537,29.8269],[-82.6521,29.8256],[-82.6492,29.8265],[-82.6444,29.8268],[-82.6414,29.8274],[-82.6406,29.8288],[-82.6358,29.8324],[-82.6347,29.8336],[-82.6346,29.8353],[-82.635,29.8381],[-82.6345,29.8397],[-82.6317,29.8415],[-82.6308,29.8425],[-82.6306,29.8428],[-82.6306,29.8429],[-82.6305,29.8437],[-82.6321,29.8468],[-82.6313,29.8491],[-82.6293,29.8494],[-82.622,29.8485],[-82.6185,29.847],[-82.6178,29.8473],[-82.6175,29.8495],[-82.6185,29.8509],[-82.6224,29.8521],[-82.6229,29.854],[-82.6197,29.8591],[-82.6165,29.8578],[-82.6159,29.8566],[-82.6139,29.8543],[-82.6114,29.8523],[-82.6099,29.8521],[-82.6085,29.8529],[-82.6063,29.8529],[-82.6037,29.8547],[-82.6024,29.8577],[-82.6006,29.8583],[-82.5999,29.859],[-82.5972,29.8589],[-82.5954,29.8597],[-82.5944,29.8612],[-82.5929,29.8619],[-82.5912,29.866],[-82.5884,29.8669],[-82.5865,29.8667],[-82.5868,29.8677],[-82.5896,29.8705],[-82.5902,29.8732],[-82.5923,29.8732],[-82.5926,29.8875],[-82.58,29.8876],[-82.58,29.8949],[-82.5759,29.8949],[-82.576,29.9131],[-82.5795,29.9144],[-82.5783,29.9158],[-82.5716,29.9183],[-82.5706,29.9175],[-82.5679,29.9172],[-82.5663,29.9193],[-82.5666,29.9206],[-82.5647,29.9202],[-82.5632,29.9214],[-82.5609,29.9222],[-82.5621,29.9227],[-82.5608,29.9249],[-82.5588,29.9265],[-82.5586,29.9266],[-82.5547,29.9285],[-82.5513,29.9287],[-82.5505,29.9283],[-82.5494,29.9264],[-82.5481,29.9256],[-82.5452,29.9251],[-82.5416,29.9255],[-82.5396,29.9289],[-82.5351,29.9293],[-82.5318,29.9311],[-82.5305,29.9324],[-82.5294,29.9343],[-82.5293,29.9368],[-82.5303,29.9391],[-82.5297,29.9409],[-82.5279,29.9412],[-82.5265,29.9424],[-82.5266,29.9433],[-82.5254,29.945],[-82.5241,29.9453],[-82.5222,29.9446],[-82.5221,29.9435],[-82.5201,29.9439],[-82.5164,29.9434],[-82.511,29.9452],[-82.5048,29.9428],[-82.5032,29.9418],[-82.5016,29.942],[-82.5011,29.9411],[-82.4992,29.9402],[-82.499,29.9389],[-82.4943,29.9397],[-82.4907,29.939],[-82.4862,29.9399],[-82.4845,29.9397],[-82.4838,29.9385],[-82.4843,29.9369],[-82.482,29.9359],[-82.4812,29.937],[-82.4776,29.9349],[-82.4767,29.933],[-82.4757,29.9324],[-82.4754,29.9304],[-82.4721,29.9265],[-82.47,29.9258],[-82.4684,29.9283],[-82.4649,29.9296],[-82.4634,29.9286],[-82.4613,29.9316],[-82.4601,29.9304],[-82.4588,29.9305],[-82.4583,29.9292],[-82.4567,29.9276],[-82.4531,29.9257],[-82.4512,29.9267],[-82.4504,29.929],[-82.4489,29.9315],[-82.4466,29.9318],[-82.4442,29.931],[-82.4417,29.9291],[-82.4398,29.9293],[-82.4394,29.931],[-82.4376,29.9303],[-82.4366,29.9308],[-82.4361,29.9303],[-82.4355,29.9286],[-82.4351,29.9284],[-82.4338,29.9283],[-82.4342,29.9293],[-82.4337,29.9295],[-82.4334,29.9293],[-82.4293,29.9255],[-82.4267,29.9221],[-82.4263,29.9218],[-82.4239,29.9207],[-82.4224,29.9199],[-82.4205,29.9208],[-82.4187,29.9231],[-82.4164,29.9223],[-82.4164,29.9217],[-82.4157,29.9225],[-82.413,29.9222],[-82.4133,29.9212],[-82.411,29.9206],[-82.4103,29.9181],[-82.4111,29.9172],[-82.409,29.9169],[-82.4097,29.915],[-82.4066,29.9141],[-82.4055,29.9112],[-82.407,29.9102],[-82.4059,29.9089],[-82.4065,29.9074],[-82.4045,29.9048],[-82.406,29.9041],[-82.4058,29.9025],[-82.404,29.8996],[-82.4047,29.8984],[-82.4036,29.8977],[-82.4045,29.8957],[-82.4029,29.8958],[-82.4024,29.8937],[-82.4013,29.8928],[-82.4009,29.89],[-82.3987,29.8894],[-82.3988,29.8873],[-82.3972,29.8875],[-82.3976,29.8862],[-82.3944,29.8866],[-82.3917,29.8841],[-82.3896,29.8846],[-82.3888,29.8841],[-82.3886,29.8818],[-82.3874,29.8819],[-82.3827,29.8809],[-82.3786,29.8825],[-82.379,29.8809],[-82.3772,29.8814],[-82.375,29.8794],[-82.3739,29.8793],[-82.3722,29.8799],[-82.3695,29.8791],[-82.3678,29.8804],[-82.3661,29.8805],[-82.3631,29.8814],[-82.3615,29.8812],[-82.3584,29.8774],[-82.3564,29.8775],[-82.3541,29.8785],[-82.3514,29.8776],[-82.3501,29.8782],[-82.3481,29.8768],[-82.3433,29.8766],[-82.3362,29.8788],[-82.3329,29.8772],[-82.3336,29.8761],[-82.3328,29.875],[-82.3293,29.8743],[-82.3267,29.8719],[-82.3263,29.8695],[-82.3237,29.8676],[-82.3225,29.8671],[-82.3142,29.8676],[-82.3139,29.86],[-82.3052,29.8599],[-82.305,29.8532],[-82.2995,29.8532],[-82.2959,29.8525],[-82.2949,29.8509],[-82.2932,29.8512],[-82.2896,29.8498],[-82.2897,29.849],[-82.2863,29.848],[-82.2839,29.8453],[-82.2818,29.8444],[-82.2797,29.8447],[-82.2782,29.8441],[-82.2751,29.8442],[-82.2726,29.843],[-82.2717,29.8433],[-82.2695,29.844],[-82.2696,29.8449],[-82.2671,29.8458],[-82.2664,29.847],[-82.264,29.8471],[-82.2637,29.8466],[-82.2604,29.8466],[-82.2574,29.8485],[-82.2548,29.8491],[-82.2543,29.8497],[-82.2496,29.8501],[-82.247,29.8513],[-82.2462,29.852],[-82.2411,29.8522],[-82.2382,29.8508],[-82.2382,29.849],[-82.2337,29.849],[-82.2335,29.8453],[-82.2197,29.8453],[-82.2103,29.8453],[-82.2103,29.8443],[-82.2084,29.8439],[-82.2059,29.8455],[-82.1981,29.8482],[-82.1945,29.8485],[-82.1903,29.8481],[-82.1883,29.8459],[-82.1851,29.844],[-82.1821,29.8407],[-82.1774,29.838],[-82.1732,29.837],[-82.1649,29.8396],[-82.1619,29.8387],[-82.1471,29.8387],[-82.1466,29.8359],[-82.1385,29.8359],[-82.1385,29.836],[-82.1331,29.8359],[-82.1331,29.8337],[-82.1331,29.8308],[-82.1302,29.8308],[-82.1302,29.8254],[-82.1299,29.8237],[-82.1239,29.8237],[-82.1241,29.8053],[-82.1217,29.8053],[-82.1217,29.8019],[-82.1196,29.8018],[-82.1195,29.7982],[-82.1176,29.7982],[-82.1176,29.7927],[-82.1176,29.7906],[-82.1089,29.7907],[-82.1091,29.7831],[-82.1044,29.7833],[-82.1038,29.7836],[-82.1019,29.7837],[-82.098,29.7809],[-82.0963,29.7807],[-82.0934,29.7818],[-82.0943,29.7801],[-82.0935,29.7792],[-82.0869,29.779],[-82.0819,29.7782],[-82.0789,29.7751],[-82.0783,29.7732],[-82.0798,29.7732],[-82.0798,29.7677],[-82.0821,29.7636],[-82.0836,29.7636],[-82.0875,29.7619],[-82.0881,29.7608],[-82.0852,29.7604],[-82.0827,29.7613],[-82.0767,29.7612],[-82.0744,29.7607],[-82.0707,29.7593],[-82.0669,29.7565],[-82.0603,29.7504],[-82.0579,29.7478],[-82.0564,29.7442],[-82.0551,29.7381],[-82.0545,29.7376],[-82.055,29.7344],[-82.0544,29.7327],[-82.0545,29.7289],[-82.054,29.7279],[-82.0541,29.7252],[-82.0557,29.7197],[-82.0556,29.7182],[-82.0555,29.7172],[-82.0508,29.7161],[-82.0491,29.7134],[-82.05,29.7135],[-82.0503,29.7097],[-82.0523,29.6905],[-82.0526,29.6893],[-82.0548,29.6711],[-82.0561,29.6568],[-82.0562,29.6454],[-82.056,29.6312],[-82.0553,29.5948],[-82.0554,29.5941],[-82.0554,29.5658],[-82.0555,29.5639],[-82.056,29.5211],[-82.0561,29.508],[-82.056,29.5069],[-82.0559,29.4712],[-82.0556,29.4418],[-82.0567,29.44],[-82.0596,29.4393],[-82.064,29.4396],[-82.0651,29.4419],[-82.0672,29.4438],[-82.0713,29.4433],[-82.0717,29.4426],[-82.0703,29.4392],[-82.0704,29.4344],[-82.074,29.4346],[-82.0761,29.4368],[-82.0759,29.4387],[-82.0784,29.4401],[-82.0809,29.4404],[-82.0838,29.4379],[-82.0857,29.4372],[-82.0876,29.4357],[-82.0887,29.4332],[-82.0867,29.4321],[-82.0861,29.4311],[-82.0883,29.429],[-82.0865,29.4268],[-82.0881,29.4262],[-82.0894,29.428],[-82.0889,29.4289],[-82.0905,29.4297],[-82.091,29.4309],[-82.092,29.4308],[-82.0927,29.4292],[-82.093,29.4306],[-82.0945,29.4304],[-82.0957,29.4288],[-82.0955,29.4278],[-82.0969,29.4252],[-82.0967,29.4237],[-82.0955,29.4218],[-82.0956,29.4205],[-82.0999,29.4187],[-82.0988,29.4198],[-82.0997,29.4211],[-82.0994,29.4225],[-82.0978,29.4211],[-82.0968,29.4218],[-82.0985,29.4243],[-82.0987,29.4273],[-82.097,29.4282],[-82.0959,29.4303],[-82.0979,29.4317],[-82.0975,29.4331],[-82.0988,29.4333],[-82.0994,29.4347],[-82.0988,29.4361],[-82.1005,29.4366],[-82.1011,29.4383],[-82.1041,29.4383],[-82.1052,29.4376],[-82.1057,29.436],[-82.1059,29.4357],[-82.1098,29.4354],[-82.1119,29.435],[-82.1139,29.4323],[-82.116,29.4326],[-82.1178,29.4319],[-82.1183,29.4285],[-82.1211,29.429],[-82.1252,29.4289],[-82.1272,29.43],[-82.1266,29.4323],[-82.1281,29.4331],[-82.1286,29.4322],[-82.132,29.4334],[-82.1336,29.4349],[-82.1355,29.4347],[-82.1367,29.4328],[-82.1378,29.4325],[-82.1376,29.431],[-82.141,29.4286],[-82.1408,29.4279],[-82.1425,29.4264],[-82.1441,29.4266],[-82.1442,29.4249],[-82.1453,29.4235],[-82.1425,29.4218],[-82.1406,29.4215],[-82.1403,29.4201],[-82.1418,29.4198],[-82.1435,29.4185],[-82.145,29.4181],[-82.1454,29.4178],[-82.1485,29.4172],[-82.1495,29.4201],[-82.151,29.4205],[-82.1516,29.4217],[-82.15,29.4229],[-82.1508,29.4267],[-82.1536,29.4243],[-82.1534,29.4224],[-82.1554,29.4261],[-82.1563,29.4256],[-82.1549,29.4237],[-82.1558,29.4224],[-82.1573,29.4225],[-82.1591,29.4249],[-82.1629,29.4244],[-82.1652,29.425],[-82.1671,29.4271],[-82.1682,29.4271],[-82.1684,29.4257],[-82.1673,29.4246],[-82.1705,29.4253],[-82.1734,29.424],[-82.1723,29.4233],[-82.1755,29.422],[-82.1761,29.4206],[-82.1781,29.4225],[-82.1804,29.4223],[-82.1832,29.4213],[-82.1936,29.4209],[-82.198,29.4231],[-82.1977,29.4221],[-82.2001,29.4228],[-82.2001,29.4241],[-82.2021,29.4264],[-82.2097,29.4282],[-82.2118,29.4301],[-82.2137,29.4333],[-82.2133,29.4345],[-82.2137,29.437],[-82.2125,29.4402],[-82.2136,29.441],[-82.2128,29.442],[-82.2129,29.4444],[-82.2113,29.4478],[-82.2117,29.4479],[-82.2116,29.4495],[-82.2146,29.452],[-82.2141,29.453],[-82.2169,29.455],[-82.2177,29.4571],[-82.2164,29.4602],[-82.2149,29.4614],[-82.2134,29.4617],[-82.2137,29.4629],[-82.2118,29.464],[-82.2127,29.4656],[-82.2117,29.4661],[-82.2095,29.4645],[-82.2089,29.4633],[-82.2066,29.4617],[-82.2053,29.4623],[-82.2042,29.4606],[-82.199,29.4607],[-82.1961,29.4627],[-82.1945,29.4613],[-82.1935,29.4614],[-82.1933,29.4598],[-82.1956,29.4576],[-82.1986,29.458],[-82.199,29.4558],[-82.1963,29.4549],[-82.1923,29.4525],[-82.1888,29.4544],[-82.1881,29.4569],[-82.1892,29.459],[-82.1908,29.4597],[-82.1894,29.4611],[-82.1918,29.463],[-82.1928,29.4623],[-82.1967,29.4641],[-82.1992,29.4665],[-82.2012,29.4675],[-82.2002,29.4683],[-82.2016,29.4691],[-82.2035,29.4721],[-82.2046,29.4713],[-82.2058,29.4723],[-82.2066,29.4707],[-82.2053,29.4671],[-82.2063,29.4661],[-82.2082,29.4668],[-82.2083,29.4708],[-82.211,29.4708],[-82.212,29.4721],[-82.2106,29.4741],[-82.2117,29.4741],[-82.2148,29.4773],[-82.2133,29.4789],[-82.211,29.4797],[-82.2103,29.4813],[-82.2116,29.4827],[-82.2114,29.4841],[-82.214,29.4834],[-82.2151,29.4842],[-82.2245,29.4843],[-82.225,29.4843],[-82.2439,29.4843],[-82.2872,29.4843],[-82.3693,29.4848],[-82.4066,29.485],[-82.4129,29.4851],[-82.4477,29.4854],[-82.4533,29.4852],[-82.4548,29.4853],[-82.4666,29.4851],[-82.4908,29.4854],[-82.4962,29.4855],[-82.4963,29.4784],[-82.4998,29.4787],[-82.5231,29.4793],[-82.5566,29.4801],[-82.5568,29.4801],[-82.5569,29.5002],[-82.5565,29.512],[-82.5567,29.5346],[-82.557,29.5374],[-82.5576,29.5376],[-82.5684,29.5377],[-82.5736,29.5375],[-82.5892,29.5378],[-82.5989,29.5377],[-82.6022,29.5375],[-82.6064,29.5373],[-82.6146,29.5371],[-82.6378,29.5361],[-82.6395,29.5361],[-82.6563,29.5356],[-82.6564,29.5503],[-82.6561,29.5508],[-82.6563,29.5509],[-82.6563,29.5648],[-82.6563,29.5649],[-82.6565,29.5722],[-82.6563,29.5782],[-82.6563,29.5827],[-82.6563,29.5835],[-82.6563,29.5859],[-82.6563,29.5963],[-82.6563,29.6014],[-82.6563,29.6036],[-82.6563,29.62],[-82.6563,29.6229],[-82.6563,29.6242],[-82.6563,29.6273],[-82.6563,29.6275],[-82.6563,29.6279],[-82.6564,29.6431],[-82.6564,29.6475],[-82.6566,29.6476],[-82.6566,29.6798],[-82.657,29.682],[-82.6569,29.6852],[-82.6569,29.6891],[-82.6569,29.7113],[-82.657,29.7266],[-82.657,29.7405],[-82.6572,29.7515],[-82.6573,29.7551],[-82.6581,29.8218],[-82.6581,29.8281],[-82.6586,29.8301]],[[-82.4578,29.7011],[-82.4556,29.6981],[-82.4468,29.689],[-82.4325,29.6743],[-82.4308,29.6725],[-82.4234,29.6647],[-82.4194,29.66],[-82.4191,29.6597],[-82.4187,29.6595],[-82.4083,29.6473],[-82.4021,29.6399],[-82.3958,29.6312],[-82.3951,29.6303],[-82.386,29.6174],[-82.3862,29.6173],[-82.3833,29.6132],[-82.378,29.6071],[-82.3756,29.6045],[-82.3734,29.602],[-82.3732,29.6022],[-82.371,29.6038],[-82.371,29.6037],[-82.3704,29.6028],[-82.3625,29.5946],[-82.3606,29.5934],[-82.3592,29.5932],[-82.3392,29.5947],[-82.3394,29.5981],[-82.3411,29.602],[-82.3422,29.6055],[-82.3409,29.6147],[-82.3391,29.615],[-82.3356,29.6165],[-82.3351,29.6167],[-82.3337,29.6175],[-82.3327,29.6181],[-82.3326,29.6182],[-82.3299,29.6197],[-82.328,29.6209],[-82.3268,29.6221],[-82.3267,29.6221],[-82.3223,29.6295],[-82.3222,29.6298],[-82.3216,29.6298],[-82.3181,29.6299],[-82.3181,29.6277],[-82.3112,29.6277],[-82.3087,29.6191],[-82.3086,29.6173],[-82.308,29.6153],[-82.3077,29.6138],[-82.3052,29.6094],[-82.3046,29.6087],[-82.3017,29.6079],[-82.3006,29.6074],[-82.2981,29.6074],[-82.2959,29.6057],[-82.2953,29.6017],[-82.2926,29.5985],[-82.2841,29.5958],[-82.2823,29.5964],[-82.2734,29.6035],[-82.2719,29.6078],[-82.2714,29.6083],[-82.2631,29.6133],[-82.254,29.6121],[-82.2537,29.6127],[-82.2525,29.6122],[-82.2483,29.6112],[-82.2492,29.6151],[-82.2518,29.6177],[-82.2516,29.6184],[-82.2526,29.6188],[-82.255,29.6211],[-82.2565,29.6243],[-82.2576,29.625],[-82.2567,29.6258],[-82.2563,29.6284],[-82.2542,29.6302],[-82.2506,29.6314],[-82.2485,29.6331],[-82.2428,29.6362],[-82.2372,29.6363],[-82.2378,29.6381],[-82.2368,29.6403],[-82.2377,29.6472],[-82.2392,29.6512],[-82.2395,29.6543],[-82.2408,29.6555],[-82.2395,29.6567],[-82.2394,29.6613],[-82.2377,29.667],[-82.237,29.6701],[-82.2347,29.6735],[-82.236,29.6735],[-82.2385,29.6756],[-82.2382,29.6759],[-82.2251,29.6874],[-82.2249,29.6879],[-82.2381,29.6879],[-82.2392,29.6879],[-82.2505,29.6881],[-82.2557,29.6882],[-82.2557,29.6906],[-82.2557,29.7075],[-82.2643,29.7075],[-82.2741,29.7075],[-82.2753,29.7057],[-82.2759,29.7047],[-82.2775,29.7024],[-82.2779,29.7027],[-82.2787,29.703],[-82.285,29.703],[-82.2975,29.703],[-82.3058,29.703],[-82.3114,29.703],[-82.3173,29.7031],[-82.3224,29.7032],[-82.3431,29.7032],[-82.3452,29.705],[-82.3491,29.7084],[-82.3536,29.7122],[-82.3537,29.7119],[-82.3603,29.7175],[-82.3757,29.7306],[-82.3775,29.7322],[-82.3796,29.7345],[-82.3811,29.7361],[-82.3843,29.7393],[-82.386,29.7393],[-82.3884,29.7393],[-82.3888,29.7393],[-82.3888,29.7362],[-82.3888,29.7334],[-82.3888,29.7322],[-82.3887,29.7229],[-82.3859,29.7181],[-82.3857,29.7174],[-82.3856,29.7155],[-82.3883,29.7112],[-82.3888,29.7096],[-82.3889,29.7033],[-82.3912,29.7033],[-82.3938,29.7033],[-82.3974,29.7032],[-82.399,29.7033],[-82.4058,29.7035],[-82.4104,29.7058],[-82.4165,29.7106],[-82.4181,29.7106],[-82.4241,29.7107],[-82.427,29.7107],[-82.4283,29.7106],[-82.4305,29.7105],[-82.4465,29.7106],[-82.4495,29.711],[-82.452,29.7116],[-82.4661,29.7163],[-82.4578,29.7011]]]}},{"type":"Feature","properties":{"geoid":"1210307","puma":"10307","name":"Pinellas County (Southeast)--St. Petersburg City (East) PUMA"},"geometry":{"type":"Polygon","coordinates":[[[-82.6797,27.7153],[-82.6795,27.716],[-82.679,27.7171],[-82.6777,27.7192],[-82.6773,27.7202],[-82.6774,27.7227],[-82.6775,27.7229],[-82.6774,27.7232],[-82.6772,27.7278],[-82.6771,27.729],[-82.6762,27.7338],[-82.6758,27.7368],[-82.6763,27.7411],[-82.677,27.7447],[-82.6772,27.7484],[-82.6771,27.752],[-82.677,27.755],[-82.6768,27.7556],[-82.6765,27.7563],[-82.6764,27.7574],[-82.6786,27.7574],[-82.6794,27.7574],[-82.6794,27.7592],[-82.6794,27.7628],[-82.6794,27.7665],[-82.6794,27.7686],[-82.6794,27.7701],[-82.6794,27.771],[-82.6794,27.7765],[-82.6794,27.7773],[-82.6794,27.7791],[-82.6794,27.7809],[-82.6794,27.7846],[-82.6795,27.7919],[-82.6795,27.7992],[-82.6795,27.8028],[-82.6795,27.8065],[-82.6795,27.8085],[-82.6788,27.8084],[-82.6714,27.8083],[-82.6652,27.8083],[-82.664,27.8084],[-82.6629,27.8088],[-82.6644,27.8125],[-82.6645,27.8175],[-82.6645,27.8211],[-82.6632,27.8211],[-82.6624,27.8211],[-82.6612,27.8211],[-82.6607,27.8211],[-82.655,27.8211],[-82.6468,27.8212],[-82.6469,27.8285],[-82.647,27.8357],[-82.647,27.8429],[-82.647,27.8432],[-82.6469,27.8475],[-82.6469,27.8498],[-82.6469,27.8516],[-82.647,27.8534],[-82.647,27.8613],[-82.647,27.8627],[-82.647,27.8648],[-82.647,27.8699],[-82.647,27.872],[-82.647,27.8769],[-82.647,27.8822],[-82.6469,27.8864],[-82.6466,27.8914],[-82.645,27.8935],[-82.639,27.9],[-82.6337,27.9053],[-82.6308,27.9078],[-82.6297,27.907],[-82.6341,27.9034],[-82.6353,27.9019],[-82.6377,27.8987],[-82.6382,27.8981],[-82.6382,27.8954],[-82.6383,27.8929],[-82.6379,27.8928],[-82.6374,27.8927],[-82.6328,27.8913],[-82.6321,27.8911],[-82.6216,27.8842],[-82.6175,27.8815],[-82.6173,27.8814],[-82.6165,27.8808],[-82.6118,27.8755],[-82.61,27.8735],[-82.6098,27.8733],[-82.6095,27.8729],[-82.6089,27.8721],[-82.6033,27.8652],[-82.5964,27.8641],[-82.5965,27.8604],[-82.5966,27.8589],[-82.5981,27.8578],[-82.5984,27.8576],[-82.5949,27.8436],[-82.5948,27.8434],[-82.5905,27.8373],[-82.5893,27.8357],[-82.5887,27.8304],[-82.5915,27.8267],[-82.5944,27.8252],[-82.594,27.8241],[-82.5935,27.8227],[-82.5931,27.8216],[-82.5876,27.819],[-82.5885,27.8154],[-82.5916,27.813],[-82.5938,27.8133],[-82.5967,27.8136],[-82.5969,27.8137],[-82.5972,27.8137],[-82.6004,27.8088],[-82.6023,27.8059],[-82.6058,27.8031],[-82.6059,27.8024],[-82.6062,27.801],[-82.6063,27.8004],[-82.6063,27.8],[-82.607,27.7994],[-82.6074,27.7989],[-82.6057,27.7965],[-82.6071,27.7929],[-82.6116,27.7903],[-82.615,27.7897],[-82.6191,27.7891],[-82.6223,27.7892],[-82.6224,27.7892],[-82.624,27.7852],[-82.6257,27.7809],[-82.6247,27.779],[-82.6244,27.7783],[-82.624,27.7777],[-82.6216,27.774],[-82.6219,27.7732],[-82.6227,27.771],[-82.6232,27.7695],[-82.6234,27.7689],[-82.6235,27.7682],[-82.6235,27.7676],[-82.624,27.7604],[-82.628,27.7584],[-82.6283,27.758],[-82.6287,27.7573],[-82.6293,27.756],[-82.6305,27.7539],[-82.6305,27.7537],[-82.6299,27.7515],[-82.6293,27.7493],[-82.6254,27.7486],[-82.6246,27.7484],[-82.6232,27.7446],[-82.6256,27.7425],[-82.6258,27.7423],[-82.6271,27.7411],[-82.6272,27.7411],[-82.625,27.7327],[-82.6255,27.7284],[-82.6257,27.727],[-82.6292,27.7198],[-82.6292,27.7197],[-82.6302,27.7178],[-82.6331,27.7116],[-82.6335,27.7108],[-82.6336,27.7106],[-82.6366,27.7074],[-82.6383,27.7056],[-82.6398,27.7039],[-82.6414,27.7035],[-82.6463,27.7021],[-82.6513,27.7007],[-82.6525,27.7003],[-82.6532,27.7004],[-82.6608,27.7019],[-82.6614,27.702],[-82.6617,27.7021],[-82.6629,27.7023],[-82.6632,27.7024],[-82.6716,27.7059],[-82.6773,27.7062],[-82.6773,27.7062],[-82.6773,27.7057],[-82.6772,27.6954],[-82.6772,27.6953],[-82.6772,27.6951],[-82.6785,27.695],[-82.6792,27.6949],[-82.6793,27.7089],[-82.6796,27.7139],[-82.6797,27.7153]]]}},{"type":"Feature","properties":{"geoid":"1205705","puma":"05705","name":"Hillsborough County (North Central)--Tampa City (North) PUMA"},"geometry":{"type":"Polygon","coordinates":[[[-82.4549,28.0551],[-82.4548,28.0693],[-82.4548,28.0766],[-82.4549,28.0822],[-82.4512,28.0822],[-82.45,28.0804],[-82.4465,28.0805],[-82.4434,28.0805],[-82.4427,28.0813],[-82.4416,28.0807],[-82.4404,28.0805],[-82.4365,28.0804],[-82.4347,28.0804],[-82.4308,28.0804],[-82.4309,28.0822],[-82.4308,28.0844],[-82.4308,28.0848],[-82.4308,28.0865],[-82.4308,28.0873],[-82.4308,28.0883],[-82.4308,28.0887],[-82.4308,28.0915],[-82.4307,28.0942],[-82.4307,28.0988],[-82.4307,28.0993],[-82.4307,28.0996],[-82.4307,28.1004],[-82.4308,28.1074],[-82.4308,28.1077],[-82.4298,28.1081],[-82.4279,28.1092],[-82.4262,28.1106],[-82.424,28.1142],[-82.4208,28.1206],[-82.4125,28.1371],[-82.4077,28.1492],[-82.4055,28.1552],[-82.4025,28.1603],[-82.3949,28.1708],[-82.3946,28.1713],[-82.394,28.1713],[-82.3937,28.1713],[-82.392,28.1713],[-82.3887,28.1712],[-82.3855,28.1712],[-82.3831,28.1712],[-82.3822,28.1711],[-82.3819,28.171],[-82.3622,28.1713],[-82.3539,28.1713],[-82.3537,28.1713],[-82.3519,28.1713],[-82.3371,28.1714],[-82.3269,28.1715],[-82.3246,28.1715],[-82.3201,28.1714],[-82.3199,28.1714],[-82.3142,28.1714],[-82.3132,28.1714],[-82.3104,28.1714],[-82.2998,28.1714],[-82.2944,28.1715],[-82.2865,28.1715],[-82.2707,28.1715],[-82.2597,28.1715],[-82.2543,28.1715],[-82.254,28.1712],[-82.2537,28.1566],[-82.2723,28.1566],[-82.2728,28.1561],[-82.2763,28.1518],[-82.2767,28.1512],[-82.2782,28.1493],[-82.2801,28.147],[-82.2807,28.1463],[-82.281,28.1457],[-82.282,28.1437],[-82.2849,28.1377],[-82.2882,28.1329],[-82.2891,28.1315],[-82.2894,28.1311],[-82.2906,28.1292],[-82.2897,28.1292],[-82.2884,28.1311],[-82.2862,28.131],[-82.2862,28.1318],[-82.2831,28.1317],[-82.2831,28.1328],[-82.2802,28.1324],[-82.2794,28.1337],[-82.2756,28.1337],[-82.2756,28.1357],[-82.2743,28.1357],[-82.2743,28.1383],[-82.2702,28.1383],[-82.268,28.137],[-82.2675,28.1355],[-82.2665,28.1366],[-82.2653,28.1357],[-82.2619,28.1394],[-82.2619,28.1419],[-82.2596,28.1419],[-82.2598,28.1473],[-82.2539,28.1473],[-82.2539,28.1491],[-82.2495,28.1491],[-82.2496,28.1526],[-82.2286,28.153],[-82.2286,28.1508],[-82.2277,28.1517],[-82.2252,28.1506],[-82.2228,28.1507],[-82.2211,28.1501],[-82.2221,28.1482],[-82.2245,28.1445],[-82.2287,28.1379],[-82.2388,28.1378],[-82.2395,28.14],[-82.2429,28.1409],[-82.2513,28.1414],[-82.2471,28.1339],[-82.2471,28.1324],[-82.2426,28.1324],[-82.2426,28.1273],[-82.2367,28.1273],[-82.2367,28.1257],[-82.2432,28.1156],[-82.2452,28.1127],[-82.2494,28.1062],[-82.2544,28.0987],[-82.2553,28.0978],[-82.2584,28.0952],[-82.271,28.0863],[-82.2716,28.0858],[-82.2777,28.0815],[-82.2803,28.0802],[-82.2817,28.0798],[-82.2852,28.0796],[-82.2866,28.0792],[-82.2985,28.0729],[-82.3003,28.0716],[-82.3024,28.0696],[-82.3031,28.0686],[-82.3065,28.0641],[-82.3084,28.0617],[-82.3131,28.0558],[-82.3149,28.0544],[-82.32,28.0512],[-82.3193,28.0508],[-82.3027,28.0507],[-82.3027,28.0425],[-82.3027,28.0362],[-82.3024,28.0063],[-82.3146,28.004],[-82.3191,28.0034],[-82.3248,28.0025],[-82.3269,28.0023],[-82.3273,28.0022],[-82.3309,28.0017],[-82.3366,28.0],[-82.3433,27.9976],[-82.3488,27.9962],[-82.3525,27.9957],[-82.3577,27.996],[-82.3577,27.9962],[-82.361,27.9967],[-82.3626,27.9967],[-82.3657,27.9963],[-82.3731,27.9962],[-82.3847,27.9963],[-82.3935,27.9962],[-82.3935,28.007],[-82.3935,28.0107],[-82.3935,28.0143],[-82.3934,28.018],[-82.3935,28.0241],[-82.3935,28.025],[-82.3938,28.0257],[-82.3976,28.0248],[-82.3976,28.0251],[-82.3976,28.0326],[-82.3976,28.0398],[-82.3976,28.0435],[-82.3976,28.0468],[-82.3976,28.0471],[-82.3976,28.0544],[-82.4018,28.0544],[-82.4048,28.0544],[-82.4162,28.0544],[-82.4261,28.0545],[-82.4346,28.0545],[-82.4429,28.0545],[-82.4482,28.0546],[-82.4498,28.0546],[-82.4512,28.0546],[-82.4549,28.0547],[-82.4549,28.0551]]]}},{"type":"Feature","properties":{"geoid":"1209911","puma":"09911","name":"Palm Beach County (West)--Glades & Western Communities PUMA"},"geometry":{"type":"Polygon","coordinates":[[[-80.886,26.6529],[-80.8858,26.6961],[-80.886,26.7386],[-80.886,26.7437],[-80.886,26.7448],[-80.886,26.7453],[-80.8859,26.7692],[-80.8856,26.9589],[-80.6181,26.9578],[-80.6114,26.9579],[-80.5802,26.9579],[-80.5302,26.9581],[-80.4832,26.9579],[-80.4824,26.9579],[-80.4438,26.9577],[-80.3847,26.9584],[-80.3748,26.9584],[-80.3519,26.9431],[-80.3271,26.9265],[-80.3259,26.9257],[-80.3199,26.9217],[-80.304,26.9111],[-80.2931,26.9039],[-80.2907,26.9029],[-80.2881,26.902],[-80.2866,26.9012],[-80.282,26.8964],[-80.2779,26.8937],[-80.2767,26.8929],[-80.2644,26.8847],[-80.2644,26.884],[-80.2644,26.8833],[-80.2652,26.869],[-80.2677,26.8544],[-80.2678,26.8539],[-80.2783,26.854],[-80.2783,26.8431],[-80.2685,26.8428],[-80.2694,26.8243],[-80.2692,26.812],[-80.2609,26.8119],[-80.2528,26.8118],[-80.2446,26.8117],[-80.2374,26.812],[-80.2293,26.8123],[-80.2211,26.8121],[-80.2169,26.812],[-80.2127,26.8119],[-80.2088,26.8118],[-80.1974,26.8115],[-80.198,26.801],[-80.1979,26.8008],[-80.1994,26.7658],[-80.2,26.7337],[-80.2002,26.7246],[-80.2002,26.7238],[-80.1842,26.7231],[-80.1689,26.7225],[-80.1672,26.7224],[-80.1668,26.7374],[-80.1509,26.7371],[-80.1507,26.7524],[-80.1351,26.7518],[-80.1343,26.7517],[-80.1349,26.7365],[-80.1356,26.7221],[-80.1359,26.7185],[-80.1367,26.7155],[-80.1385,26.7112],[-80.141,26.7077],[-80.1474,26.7011],[-80.156,26.6922],[-80.161,26.6868],[-80.1663,26.6792],[-80.1842,26.6797],[-80.193,26.68],[-80.1946,26.6801],[-80.1958,26.6802],[-80.2024,26.6805],[-80.207,26.6805],[-80.2101,26.6805],[-80.2144,26.6806],[-80.2182,26.6808],[-80.2195,26.6808],[-80.2264,26.681],[-80.234,26.6812],[-80.2425,26.6815],[-80.2469,26.6816],[-80.2506,26.6817],[-80.2545,26.6818],[-80.2669,26.6822],[-80.2838,26.6827],[-80.2982,26.6831],[-80.3024,26.6832],[-80.3099,26.6835],[-80.3229,26.6839],[-80.3311,26.6841],[-80.3448,26.6845],[-80.364,26.685],[-80.3641,26.6846],[-80.3644,26.6809],[-80.3643,26.6804],[-80.3626,26.6765],[-80.3527,26.6576],[-80.3488,26.6495],[-80.3477,26.6484],[-80.3472,26.6477],[-80.3343,26.6348],[-80.3333,26.6339],[-80.3205,26.6263],[-80.3185,26.6253],[-80.2891,26.608],[-80.2885,26.6075],[-80.2795,26.6022],[-80.2722,26.5931],[-80.2479,26.5633],[-80.2435,26.5571],[-80.2333,26.5425],[-80.2307,26.5361],[-80.2312,26.5361],[-80.2296,26.5319],[-80.2269,26.5247],[-80.2232,26.5148],[-80.2223,26.5127],[-80.2223,26.4982],[-80.222,26.4832],[-80.221,26.4832],[-80.2208,26.4683],[-80.2224,26.4637],[-80.2292,26.4349],[-80.2338,26.4166],[-80.2356,26.4092],[-80.2358,26.3928],[-80.236,26.385],[-80.2369,26.3837],[-80.2391,26.381],[-80.2517,26.365],[-80.2533,26.3644],[-80.284,26.3643],[-80.2971,26.3567],[-80.2974,26.3563],[-80.2975,26.3558],[-80.2971,26.3553],[-80.2971,26.3551],[-80.2971,26.3527],[-80.297,26.3344],[-80.2975,26.3344],[-80.5359,26.3346],[-80.5378,26.3346],[-80.5399,26.3347],[-80.7764,26.3341],[-80.8813,26.3338],[-80.8818,26.3338],[-80.8819,26.3461],[-80.88,26.3461],[-80.8831,26.4623],[-80.883,26.4649],[-80.8842,26.522],[-80.8843,26.5282],[-80.885,26.565],[-80.8858,26.6092],[-80.886,26.6527],[-80.886,26.6529]]]}},{"type":"Feature","properties":{"geoid":"1201110","puma":"01110","name":"Broward County (Central)--Davie Town & Cooper City PUMA"},"geometry":{"type":"Polygon","coordinates":[[[-80.3302,26.1022],[-80.3301,26.1095],[-80.3301,26.1105],[-80.3302,26.113],[-80.3302,26.1143],[-80.3302,26.1192],[-80.3246,26.1179],[-80.3219,26.1172],[-80.3138,26.1153],[-80.3135,26.1152],[-80.2979,26.1115],[-80.2976,26.1114],[-80.2879,26.109],[-80.2821,26.1076],[-80.2816,26.1075],[-80.2685,26.1043],[-80.2654,26.1035],[-80.2652,26.1034],[-80.2503,26.0998],[-80.2335,26.0958],[-80.229,26.0948],[-80.2266,26.0941],[-80.2189,26.0922],[-80.2165,26.0917],[-80.2159,26.0915],[-80.2108,26.0902],[-80.202,26.0881],[-80.2029,26.0853],[-80.2056,26.0753],[-80.2066,26.072],[-80.2067,26.0717],[-80.2078,26.0679],[-80.2079,26.0662],[-80.2078,26.0629],[-80.2111,26.063],[-80.2133,26.0651],[-80.2153,26.0656],[-80.2153,26.0658],[-80.2158,26.0658],[-80.2241,26.0656],[-80.2241,26.0653],[-80.2235,26.0463],[-80.2249,26.0463],[-80.2315,26.0461],[-80.2315,26.0459],[-80.2318,26.0439],[-80.2329,26.0423],[-80.2368,26.0387],[-80.2374,26.0381],[-80.2387,26.0375],[-80.2394,26.0372],[-80.2427,26.0358],[-80.2477,26.0332],[-80.2485,26.033],[-80.2487,26.0312],[-80.2491,26.0312],[-80.2646,26.0307],[-80.2714,26.0304],[-80.2805,26.0301],[-80.2804,26.0299],[-80.2886,26.0299],[-80.2968,26.0296],[-80.3087,26.0296],[-80.3126,26.0295],[-80.3128,26.0352],[-80.3128,26.0368],[-80.3129,26.039],[-80.3131,26.0441],[-80.3131,26.0445],[-80.3132,26.0487],[-80.3133,26.0534],[-80.3134,26.0559],[-80.3135,26.0587],[-80.3137,26.0627],[-80.3136,26.0633],[-80.3136,26.0638],[-80.3138,26.0684],[-80.3143,26.0736],[-80.314,26.0767],[-80.3138,26.0877],[-80.3303,26.0877],[-80.3302,26.1022]]]}},{"type":"Feature","properties":{"geoid":"1209904","puma":"09904","name":"Palm Beach County (East)--Greenacres City (North) & Palm Springs Village (North) PUMA"},"geometry":{"type":"Polygon","coordinates":[[[-80.1742,26.6619],[-80.1737,26.666],[-80.1726,26.6694],[-80.1716,26.6715],[-80.1668,26.6785],[-80.1663,26.6792],[-80.1493,26.6786],[-80.1452,26.6788],[-80.1369,26.6783],[-80.1286,26.6781],[-80.1203,26.6782],[-80.1124,26.678],[-80.112,26.678],[-80.1081,26.6778],[-80.1038,26.6774],[-80.1002,26.6774],[-80.0825,26.6768],[-80.0815,26.6766],[-80.079,26.6764],[-80.0751,26.6762],[-80.0712,26.6761],[-80.0709,26.6761],[-80.0712,26.6724],[-80.0718,26.666],[-80.0721,26.6615],[-80.0712,26.6585],[-80.0704,26.6553],[-80.0688,26.6483],[-80.069,26.6465],[-80.0691,26.6462],[-80.0696,26.6433],[-80.069,26.6363],[-80.0688,26.6338],[-80.0684,26.6297],[-80.0685,26.6279],[-80.0763,26.6281],[-80.0769,26.6281],[-80.0785,26.6282],[-80.0781,26.629],[-80.0768,26.6318],[-80.0804,26.632],[-80.0809,26.632],[-80.0865,26.6322],[-80.0886,26.6322],[-80.0889,26.6248],[-80.0969,26.6251],[-80.0983,26.6251],[-80.0993,26.6251],[-80.1051,26.6255],[-80.1092,26.6256],[-80.1132,26.6257],[-80.1133,26.6258],[-80.1134,26.624],[-80.1135,26.6221],[-80.1136,26.6184],[-80.1137,26.6175],[-80.1138,26.6149],[-80.1139,26.611],[-80.1141,26.6074],[-80.1141,26.6045],[-80.1142,26.6037],[-80.1161,26.6038],[-80.1192,26.6039],[-80.1215,26.6041],[-80.1222,26.6043],[-80.1222,26.6043],[-80.1243,26.6042],[-80.1305,26.6042],[-80.134,26.6042],[-80.1346,26.6042],[-80.1388,26.6043],[-80.1436,26.6044],[-80.1448,26.6045],[-80.1466,26.603],[-80.1471,26.6026],[-80.1471,26.6029],[-80.1468,26.6119],[-80.1468,26.6124],[-80.1468,26.6138],[-80.1467,26.6156],[-80.1467,26.6176],[-80.1467,26.6182],[-80.1467,26.6189],[-80.1487,26.6182],[-80.1491,26.6181],[-80.1497,26.6179],[-80.151,26.6177],[-80.1537,26.6177],[-80.1568,26.6177],[-80.1574,26.6177],[-80.165,26.6175],[-80.1736,26.6174],[-80.1737,26.6247],[-80.1738,26.6312],[-80.174,26.6446],[-80.174,26.6509],[-80.1741,26.6545],[-80.1742,26.6619]]]}},{"type":"Feature","properties":{"geoid":"1209902","puma":"09902","name":"Palm Beach County (Northeast)--Palm Beach Gardens & Riviera Beach Cities PUMA"},"geometry":{"type":"Polygon","coordinates":[[[-80.2783,26.854],[-80.2678,26.8539],[-80.2677,26.8544],[-80.2652,26.869],[-80.2644,26.8833],[-80.2644,26.884],[-80.2644,26.8847],[-80.2496,26.8748],[-80.2461,26.8724],[-80.2455,26.872],[-80.2349,26.8654],[-80.2348,26.8684],[-80.233,26.8831],[-80.2256,26.883],[-80.2253,26.8904],[-80.2253,26.8977],[-80.1928,26.8979],[-80.176,26.897],[-80.1759,26.897],[-80.1473,26.8965],[-80.1442,26.8966],[-80.1442,26.8965],[-80.1436,26.8964],[-80.1443,26.8818],[-80.1316,26.8829],[-80.131,26.883],[-80.1287,26.8831],[-80.1271,26.8831],[-80.1268,26.8831],[-80.1228,26.8831],[-80.1088,26.883],[-80.1037,26.8829],[-80.0954,26.8829],[-80.0958,26.868],[-80.0959,26.8641],[-80.0961,26.8597],[-80.0962,26.857],[-80.0962,26.8561],[-80.0963,26.8534],[-80.0964,26.8488],[-80.0952,26.8439],[-80.089,26.8451],[-80.0826,26.8449],[-80.0764,26.8448],[-80.0721,26.8447],[-80.0665,26.8446],[-80.0664,26.8443],[-80.0665,26.8436],[-80.0661,26.8411],[-80.0661,26.84],[-80.066,26.839],[-80.0657,26.8372],[-80.0643,26.8372],[-80.0607,26.8371],[-80.0618,26.8396],[-80.062,26.8407],[-80.061,26.8406],[-80.0606,26.8441],[-80.0611,26.8448],[-80.0591,26.8508],[-80.0585,26.8525],[-80.0573,26.856],[-80.0563,26.8593],[-80.0562,26.8593],[-80.0555,26.8595],[-80.0462,26.8591],[-80.0447,26.8524],[-80.0409,26.8365],[-80.0406,26.8353],[-80.0397,26.8316],[-80.0359,26.8154],[-80.0356,26.8142],[-80.0316,26.7973],[-80.0314,26.7963],[-80.0314,26.7957],[-80.0315,26.7927],[-80.0318,26.7903],[-80.0323,26.7872],[-80.0314,26.7837],[-80.0315,26.7819],[-80.032,26.7736],[-80.0356,26.7738],[-80.0358,26.7731],[-80.0405,26.7719],[-80.0487,26.7692],[-80.0494,26.7693],[-80.0491,26.7633],[-80.0523,26.7633],[-80.0552,26.7634],[-80.0593,26.7635],[-80.0675,26.7637],[-80.0715,26.7639],[-80.078,26.7641],[-80.0837,26.7643],[-80.0852,26.7643],[-80.0932,26.7646],[-80.091,26.759],[-80.1086,26.7597],[-80.1105,26.7598],[-80.1114,26.7599],[-80.1167,26.7601],[-80.1245,26.7603],[-80.1247,26.7603],[-80.1319,26.7605],[-80.1333,26.7602],[-80.1339,26.76],[-80.134,26.7585],[-80.1343,26.7517],[-80.1351,26.7518],[-80.1507,26.7524],[-80.1509,26.7371],[-80.1668,26.7374],[-80.1672,26.7224],[-80.1689,26.7225],[-80.1842,26.7231],[-80.2002,26.7238],[-80.2002,26.7246],[-80.2,26.7337],[-80.1994,26.7658],[-80.1979,26.8008],[-80.198,26.801],[-80.1974,26.8115],[-80.2088,26.8118],[-80.2127,26.8119],[-80.2169,26.812],[-80.2211,26.8121],[-80.2293,26.8123],[-80.2374,26.812],[-80.2446,26.8117],[-80.2528,26.8118],[-80.2609,26.8119],[-80.2692,26.812],[-80.2694,26.8243],[-80.2685,26.8428],[-80.2783,26.8431],[-80.2783,26.854]]]}},{"type":"Feature","properties":{"geoid":"1209506","puma":"09506","name":"Orange County (Central)--Orlando City (West Downtown) & Pine Hills (Southeast) PUMA"},"geometry":{"type":"Polygon","coordinates":[[[-81.4861,28.5135],[-81.4852,28.5156],[-81.4851,28.5157],[-81.4838,28.5171],[-81.4818,28.5183],[-81.478,28.519],[-81.4748,28.5192],[-81.4733,28.5198],[-81.4718,28.5211],[-81.4711,28.5229],[-81.4711,28.5243],[-81.4718,28.5259],[-81.4728,28.527],[-81.4747,28.5287],[-81.4755,28.53],[-81.4756,28.5302],[-81.4758,28.5316],[-81.4758,28.5339],[-81.4758,28.5391],[-81.4758,28.5421],[-81.4758,28.5484],[-81.4759,28.5521],[-81.4759,28.5593],[-81.4759,28.5644],[-81.4759,28.5658],[-81.476,28.5704],[-81.4761,28.5775],[-81.4761,28.5777],[-81.4678,28.5778],[-81.4601,28.578],[-81.4562,28.578],[-81.4515,28.578],[-81.4478,28.578],[-81.4474,28.5781],[-81.4432,28.5781],[-81.4408,28.5781],[-81.4349,28.5781],[-81.4348,28.578],[-81.4344,28.578],[-81.4339,28.578],[-81.4316,28.5781],[-81.4308,28.5781],[-81.4287,28.5781],[-81.4194,28.5781],[-81.4191,28.5781],[-81.4179,28.5781],[-81.4165,28.5781],[-81.4165,28.5779],[-81.4074,28.578],[-81.4074,28.578],[-81.4073,28.578],[-81.4073,28.578],[-81.4072,28.578],[-81.4071,28.578],[-81.4071,28.5782],[-81.407,28.5782],[-81.4069,28.5782],[-81.403,28.5783],[-81.4019,28.5783],[-81.4019,28.5803],[-81.4013,28.5806],[-81.3997,28.5813],[-81.3966,28.5828],[-81.3917,28.5839],[-81.3896,28.582],[-81.3895,28.5721],[-81.3894,28.568],[-81.3894,28.5666],[-81.3893,28.5639],[-81.3893,28.561],[-81.3881,28.559],[-81.3885,28.5567],[-81.3877,28.553],[-81.3884,28.553],[-81.3891,28.553],[-81.3933,28.553],[-81.3954,28.553],[-81.3957,28.5529],[-81.396,28.5518],[-81.397,28.5507],[-81.3973,28.5499],[-81.3973,28.5439],[-81.3973,28.542],[-81.3972,28.5402],[-81.3972,28.5365],[-81.3973,28.5351],[-81.3972,28.5344],[-81.3971,28.5311],[-81.3971,28.5274],[-81.3971,28.5265],[-81.3971,28.521],[-81.3971,28.5209],[-81.3971,28.52],[-81.397,28.5127],[-81.3971,28.5118],[-81.397,28.5101],[-81.3991,28.5095],[-81.4011,28.5093],[-81.408,28.509],[-81.4135,28.5089],[-81.4135,28.5091],[-81.4183,28.5085],[-81.4186,28.5084],[-81.4208,28.5071],[-81.4229,28.5049],[-81.4233,28.5044],[-81.4332,28.4933],[-81.4368,28.4892],[-81.4409,28.4854],[-81.4491,28.4787],[-81.4494,28.4791],[-81.4522,28.4829],[-81.4559,28.4875],[-81.459,28.4899],[-81.4647,28.4937],[-81.4673,28.4952],[-81.4732,28.4974],[-81.4772,28.4989],[-81.4802,28.5003],[-81.4838,28.5028],[-81.4838,28.5034],[-81.4839,28.5042],[-81.4844,28.5056],[-81.4856,28.5075],[-81.4858,28.5081],[-81.486,28.5087],[-81.4861,28.512],[-81.4861,28.5135]]]}},{"type":"Feature","properties":{"geoid":"1203500","puma":"03500","name":"Flagler County PUMA"},"geometry":{"type":"Polygon","coordinates":[[[-81.5237,29.6224],[-81.4945,29.6227],[-81.4581,29.6233],[-81.4237,29.6241],[-81.408,29.6245],[-81.3696,29.6252],[-81.3241,29.6256],[-81.3244,29.6402],[-81.3243,29.6535],[-81.3211,29.6525],[-81.3185,29.6513],[-81.3176,29.6497],[-81.3136,29.6456],[-81.3128,29.644],[-81.31,29.6422],[-81.3077,29.6422],[-81.3059,29.6426],[-81.305,29.6454],[-81.303,29.6482],[-81.3028,29.6492],[-81.3013,29.6501],[-81.3008,29.6505],[-81.2977,29.6511],[-81.2902,29.6496],[-81.2869,29.6513],[-81.2867,29.6513],[-81.2821,29.6504],[-81.2769,29.6524],[-81.2745,29.6527],[-81.2762,29.6538],[-81.2759,29.6545],[-81.2732,29.6549],[-81.2727,29.6556],[-81.2744,29.6569],[-81.2728,29.6578],[-81.2714,29.6563],[-81.2702,29.6563],[-81.2703,29.6576],[-81.2718,29.6581],[-81.2723,29.6606],[-81.2716,29.6609],[-81.2696,29.6598],[-81.2692,29.6612],[-81.268,29.6619],[-81.2684,29.6631],[-81.2674,29.664],[-81.266,29.6638],[-81.2653,29.6653],[-81.2626,29.6662],[-81.2618,29.6687],[-81.261,29.6691],[-81.2602,29.669],[-81.2577,29.6674],[-81.2577,29.6645],[-81.2549,29.6635],[-81.2534,29.6616],[-81.2514,29.6624],[-81.2492,29.6615],[-81.2481,29.6595],[-81.2473,29.6591],[-81.2449,29.6596],[-81.2408,29.6617],[-81.2375,29.6626],[-81.2345,29.6627],[-81.2317,29.6634],[-81.2285,29.6677],[-81.2273,29.6705],[-81.2205,29.6706],[-81.2179,29.6706],[-81.2154,29.6706],[-81.2138,29.6707],[-81.2129,29.6707],[-81.2116,29.6671],[-81.2107,29.665],[-81.2096,29.6625],[-81.2096,29.6624],[-81.2044,29.6503],[-81.1944,29.627],[-81.1921,29.6218],[-81.1898,29.6164],[-81.1892,29.6151],[-81.1862,29.6079],[-81.1761,29.5846],[-81.1655,29.5598],[-81.164,29.5564],[-81.1636,29.5553],[-81.162,29.5521],[-81.1482,29.5241],[-81.1411,29.5094],[-81.1337,29.4944],[-81.1265,29.4798],[-81.1239,29.4745],[-81.1221,29.4707],[-81.1152,29.4563],[-81.1141,29.4538],[-81.1114,29.4476],[-81.1112,29.4471],[-81.1019,29.4271],[-81.1032,29.427],[-81.1056,29.427],[-81.1071,29.427],[-81.1077,29.427],[-81.1077,29.427],[-81.1102,29.427],[-81.1294,29.4217],[-81.1487,29.4168],[-81.1482,29.4118],[-81.1559,29.411],[-81.1554,29.4046],[-81.1553,29.4038],[-81.1545,29.3949],[-81.1547,29.393],[-81.1538,29.3829],[-81.1529,29.3582],[-81.1527,29.3539],[-81.1526,29.3518],[-81.1526,29.3513],[-81.1527,29.3504],[-81.1526,29.3491],[-81.1526,29.349],[-81.1526,29.3465],[-81.151,29.2951],[-81.1504,29.2759],[-81.1502,29.2706],[-81.1501,29.266],[-81.1554,29.2658],[-81.1643,29.2656],[-81.1766,29.2653],[-81.1958,29.2648],[-81.2,29.2644],[-81.2083,29.2643],[-81.2095,29.2641],[-81.2272,29.2637],[-81.2502,29.2634],[-81.2676,29.2632],[-81.2684,29.2632],[-81.3298,29.2623],[-81.3334,29.2623],[-81.3555,29.2619],[-81.3632,29.2617],[-81.3671,29.2617],[-81.4018,29.2612],[-81.4074,29.2611],[-81.4173,29.2612],[-81.4173,29.2612],[-81.4177,29.2693],[-81.4191,29.3214],[-81.4207,29.3996],[-81.4229,29.4004],[-81.4247,29.3973],[-81.4269,29.3969],[-81.4294,29.3971],[-81.4317,29.3997],[-81.4336,29.3998],[-81.4345,29.3993],[-81.434,29.3986],[-81.4364,29.3982],[-81.4388,29.3972],[-81.4422,29.395],[-81.4483,29.3917],[-81.4517,29.3902],[-81.455,29.3897],[-81.4612,29.3905],[-81.4681,29.3923],[-81.4763,29.3962],[-81.4788,29.3991],[-81.4797,29.4017],[-81.4801,29.4048],[-81.4804,29.414],[-81.4809,29.4165],[-81.4822,29.419],[-81.4844,29.422],[-81.486,29.4242],[-81.4864,29.4276],[-81.4865,29.4353],[-81.4864,29.4405],[-81.4867,29.4456],[-81.4872,29.4472],[-81.4907,29.4542],[-81.4967,29.4623],[-81.5011,29.4688],[-81.5088,29.4785],[-81.5152,29.4867],[-81.5176,29.4902],[-81.5205,29.4965],[-81.5213,29.5201],[-81.5217,29.5385],[-81.5223,29.5598],[-81.5227,29.5795],[-81.5237,29.6224]]]}},{"type":"Feature","properties":{"geoid":"1209908","puma":"09908","name":"Palm Beach County (Southeast)--Boca Raton City & Highland Beach Town PUMA"},"geometry":{"type":"Polygon","coordinates":[[[-80.1716,26.4241],[-80.1712,26.424],[-80.1465,26.4241],[-80.1456,26.4241],[-80.1341,26.4242],[-80.1299,26.4243],[-80.1292,26.4243],[-80.1229,26.4243],[-80.1221,26.4243],[-80.1062,26.4245],[-80.0994,26.4246],[-80.0991,26.4246],[-80.0907,26.4246],[-80.0903,26.4246],[-80.0898,26.4246],[-80.0887,26.4246],[-80.0793,26.4245],[-80.0765,26.4227],[-80.0763,26.4226],[-80.0739,26.4222],[-80.0714,26.4207],[-80.0655,26.4205],[-80.0649,26.4236],[-80.0648,26.4252],[-80.0648,26.4258],[-80.0647,26.4321],[-80.0634,26.4321],[-80.0617,26.4321],[-80.062,26.4289],[-80.0623,26.4264],[-80.0653,26.3931],[-80.0656,26.3927],[-80.0663,26.3917],[-80.0664,26.3909],[-80.0666,26.3863],[-80.0673,26.3739],[-80.0675,26.3698],[-80.0676,26.369],[-80.0678,26.366],[-80.0683,26.3607],[-80.0693,26.3507],[-80.07,26.3428],[-80.0706,26.3365],[-80.0715,26.3359],[-80.0723,26.3354],[-80.0735,26.3287],[-80.0748,26.321],[-80.0757,26.3209],[-80.0794,26.3208],[-80.0805,26.3208],[-80.0806,26.3208],[-80.0879,26.3208],[-80.0888,26.3221],[-80.0895,26.325],[-80.0908,26.3255],[-80.0909,26.3256],[-80.092,26.3264],[-80.0956,26.3242],[-80.0964,26.3224],[-80.0983,26.3226],[-80.0988,26.3228],[-80.0991,26.3235],[-80.0985,26.3247],[-80.0992,26.3276],[-80.1019,26.3278],[-80.1073,26.3279],[-80.117,26.3278],[-80.1201,26.3278],[-80.1202,26.332],[-80.1285,26.3319],[-80.1315,26.3319],[-80.132,26.3348],[-80.1351,26.3365],[-80.1361,26.3374],[-80.1368,26.3384],[-80.1372,26.3398],[-80.1373,26.344],[-80.1537,26.3439],[-80.1538,26.3464],[-80.1539,26.3503],[-80.1539,26.3537],[-80.1539,26.3547],[-80.1536,26.3575],[-80.1532,26.3597],[-80.1513,26.3622],[-80.1499,26.3631],[-80.147,26.3652],[-80.1457,26.3688],[-80.1588,26.3687],[-80.1598,26.3687],[-80.1661,26.3686],[-80.1664,26.3685],[-80.1691,26.3679],[-80.1707,26.3679],[-80.1709,26.3817],[-80.1709,26.3852],[-80.171,26.3869],[-80.171,26.3907],[-80.171,26.3943],[-80.1712,26.4013],[-80.1713,26.4088],[-80.1713,26.4093],[-80.1714,26.4164],[-80.1716,26.4241]]]}},{"type":"Feature","properties":{"geoid":"1208623","puma":"08623","name":"Miami-Dade County (Southeast)--Cutler Bay Town & Palmetto Bay Village PUMA"},"geometry":{"type":"Polygon","coordinates":[[[-80.4121,25.4803],[-80.4049,25.4804],[-80.4039,25.4778],[-80.4039,25.4758],[-80.4008,25.4758],[-80.4038,25.4735],[-80.4038,25.4727],[-80.4034,25.4723],[-80.3996,25.4753],[-80.3983,25.4741],[-80.396,25.4759],[-80.3856,25.4759],[-80.3857,25.4835],[-80.3852,25.4835],[-80.3827,25.4854],[-80.3781,25.4889],[-80.3736,25.488],[-80.3716,25.488],[-80.3716,25.4891],[-80.3716,25.4905],[-80.3716,25.4927],[-80.3717,25.494],[-80.3652,25.4992],[-80.3668,25.5009],[-80.3661,25.5014],[-80.3676,25.5017],[-80.3696,25.5039],[-80.3718,25.5038],[-80.3756,25.5037],[-80.3764,25.5046],[-80.3792,25.5043],[-80.3796,25.504],[-80.3859,25.504],[-80.3859,25.5072],[-80.3882,25.5072],[-80.3879,25.5091],[-80.3879,25.5183],[-80.3881,25.5183],[-80.3882,25.522],[-80.3883,25.5293],[-80.373,25.532],[-80.372,25.5323],[-80.369,25.5339],[-80.3658,25.537],[-80.3656,25.5373],[-80.3637,25.5406],[-80.3626,25.5445],[-80.3626,25.5454],[-80.3627,25.5481],[-80.3627,25.5517],[-80.3627,25.5594],[-80.3628,25.5623],[-80.3628,25.5664],[-80.3628,25.5684],[-80.3631,25.5684],[-80.3635,25.5684],[-80.3686,25.5695],[-80.3723,25.57],[-80.3724,25.5757],[-80.3728,25.576],[-80.3688,25.58],[-80.3657,25.5775],[-80.3648,25.5771],[-80.364,25.5767],[-80.3624,25.5763],[-80.3602,25.5763],[-80.3589,25.5788],[-80.3586,25.5812],[-80.3586,25.5824],[-80.3552,25.5859],[-80.3517,25.591],[-80.3503,25.5937],[-80.3481,25.5944],[-80.3481,25.5961],[-80.3553,25.5961],[-80.3566,25.5961],[-80.3568,25.5961],[-80.3567,25.5985],[-80.3645,25.5983],[-80.3726,25.598],[-80.3736,25.598],[-80.375,25.5979],[-80.3769,25.6005],[-80.3774,25.6019],[-80.3779,25.604],[-80.3783,25.6126],[-80.3788,25.6218],[-80.3797,25.6258],[-80.3802,25.6274],[-80.3812,25.6286],[-80.3823,25.6294],[-80.3841,25.6309],[-80.3852,25.6333],[-80.3849,25.6341],[-80.3852,25.6383],[-80.3853,25.6418],[-80.3854,25.6435],[-80.383,25.6447],[-80.383,25.6419],[-80.3827,25.6419],[-80.3771,25.6423],[-80.3762,25.6424],[-80.376,25.6417],[-80.3682,25.6386],[-80.3655,25.6382],[-80.3622,25.6356],[-80.3598,25.6356],[-80.3582,25.6347],[-80.3524,25.6312],[-80.3498,25.6312],[-80.3489,25.631],[-80.3481,25.6287],[-80.3437,25.6288],[-80.3417,25.6289],[-80.3411,25.6289],[-80.3376,25.6363],[-80.3353,25.6412],[-80.3353,25.6413],[-80.3341,25.6439],[-80.3178,25.6443],[-80.3137,25.6444],[-80.3097,25.6445],[-80.3082,25.6446],[-80.3016,25.6448],[-80.2955,25.6449],[-80.2936,25.645],[-80.2934,25.645],[-80.2912,25.6454],[-80.2903,25.6461],[-80.2856,25.6526],[-80.2836,25.6526],[-80.2834,25.6453],[-80.2824,25.6431],[-80.2837,25.6401],[-80.2863,25.6404],[-80.2853,25.6382],[-80.2872,25.6309],[-80.2884,25.6327],[-80.2893,25.6307],[-80.2874,25.6308],[-80.2879,25.6303],[-80.283,25.6303],[-80.2829,25.6254],[-80.2863,25.6201],[-80.2882,25.6206],[-80.2983,25.6216],[-80.2988,25.6193],[-80.3001,25.619],[-80.3015,25.6176],[-80.3034,25.6174],[-80.3054,25.6159],[-80.3054,25.6158],[-80.3056,25.6153],[-80.3067,25.6128],[-80.307,25.6107],[-80.3072,25.6095],[-80.3083,25.6074],[-80.3084,25.607],[-80.3089,25.6042],[-80.3088,25.6037],[-80.3082,25.6003],[-80.3083,25.5995],[-80.3085,25.5967],[-80.3085,25.5966],[-80.3085,25.5953],[-80.3082,25.5944],[-80.3077,25.5933],[-80.3081,25.5919],[-80.3077,25.5862],[-80.3058,25.5807],[-80.3051,25.5786],[-80.3026,25.5718],[-80.3027,25.5695],[-80.3068,25.5651],[-80.3078,25.561],[-80.3076,25.5597],[-80.3073,25.558],[-80.3084,25.5559],[-80.3118,25.547],[-80.3134,25.5374],[-80.3144,25.5362],[-80.3246,25.5356],[-80.325,25.5353],[-80.3256,25.5349],[-80.3287,25.5326],[-80.3304,25.5307],[-80.3315,25.5282],[-80.3299,25.5262],[-80.3315,25.5257],[-80.3318,25.5225],[-80.3308,25.5192],[-80.331,25.518],[-80.3336,25.517],[-80.3358,25.5097],[-80.3335,25.5076],[-80.3339,25.5062],[-80.3327,25.5041],[-80.3398,25.5002],[-80.339,25.4953],[-80.3402,25.4929],[-80.3405,25.4922],[-80.3405,25.4883],[-80.3396,25.4837],[-80.3396,25.4822],[-80.3403,25.4815],[-80.3403,25.4772],[-80.3405,25.4706],[-80.3405,25.4705],[-80.34,25.4679],[-80.3386,25.4662],[-80.3364,25.4647],[-80.3344,25.4649],[-80.3341,25.4642],[-80.3344,25.4633],[-80.3467,25.4632],[-80.3795,25.4631],[-80.4038,25.4629],[-80.4119,25.4629],[-80.4119,25.4702],[-80.412,25.4736],[-80.412,25.4738],[-80.412,25.4778],[-80.4121,25.4803]]]}},{"type":"Feature","properties":{"geoid":"1210504","puma":"10504","name":"Polk County (South) PUMA"},"geometry":{"type":"Polygon","coordinates":[[[-82.0553,27.9273],[-82.0397,27.9275],[-82.0364,27.9271],[-82.0338,27.9262],[-82.0302,27.9236],[-82.0304,27.9234],[-82.0337,27.9194],[-82.0361,27.9178],[-82.0424,27.916],[-82.0482,27.9098],[-82.0492,27.9071],[-82.0457,27.9065],[-82.0449,27.9055],[-82.0416,27.906],[-82.041,27.9046],[-82.0389,27.9039],[-82.0353,27.9063],[-82.0331,27.9063],[-82.0321,27.9056],[-82.0306,27.9078],[-82.0284,27.9064],[-82.0274,27.9054],[-82.027,27.9055],[-82.0251,27.9024],[-82.0248,27.9028],[-82.0233,27.8985],[-82.0197,27.8972],[-82.0171,27.8967],[-82.016,27.8966],[-82.016,27.8958],[-82.0136,27.8936],[-82.0135,27.8916],[-82.013,27.891],[-82.013,27.8905],[-82.0125,27.8907],[-82.0122,27.8905],[-82.0122,27.8904],[-82.0048,27.8935],[-82.0028,27.8941],[-81.9994,27.8946],[-81.9988,27.8948],[-81.998,27.8957],[-81.9979,27.8978],[-81.9979,27.9055],[-81.9975,27.9066],[-81.9967,27.9073],[-81.9943,27.9083],[-81.9927,27.909],[-81.9894,27.9106],[-81.984,27.9129],[-81.9826,27.914],[-81.9825,27.914],[-81.983,27.9117],[-81.9826,27.9097],[-81.9784,27.9021],[-81.9736,27.8934],[-81.9679,27.8935],[-81.9655,27.8939],[-81.9648,27.8941],[-81.9572,27.8942],[-81.9431,27.8941],[-81.9423,27.8941],[-81.9244,27.8914],[-81.9244,27.8914],[-81.9207,27.8911],[-81.9196,27.8915],[-81.9186,27.8926],[-81.9183,27.8944],[-81.9159,27.8947],[-81.9092,27.8977],[-81.9077,27.8982],[-81.9066,27.8983],[-81.8881,27.8982],[-81.8839,27.8978],[-81.8752,27.8974],[-81.8631,27.8969],[-81.8627,27.8969],[-81.8587,27.8967],[-81.8588,27.8983],[-81.8588,27.8985],[-81.8589,27.8988],[-81.8589,27.8991],[-81.859,27.9],[-81.8589,27.9004],[-81.8589,27.9006],[-81.8589,27.904],[-81.8572,27.9042],[-81.8572,27.908],[-81.8572,27.9128],[-81.8532,27.9128],[-81.8513,27.9128],[-81.8441,27.9128],[-81.8439,27.9128],[-81.8425,27.9128],[-81.8406,27.9099],[-81.8386,27.9111],[-81.8368,27.9128],[-81.8367,27.9129],[-81.8297,27.9195],[-81.829,27.9201],[-81.8264,27.9225],[-81.8263,27.9227],[-81.8246,27.9242],[-81.8177,27.9314],[-81.8136,27.9353],[-81.8099,27.9383],[-81.8084,27.9397],[-81.8053,27.9423],[-81.8024,27.9436],[-81.8017,27.9439],[-81.8009,27.9456],[-81.7987,27.9457],[-81.7983,27.9441],[-81.798,27.942],[-81.797,27.942],[-81.7961,27.941],[-81.7961,27.9383],[-81.7957,27.9349],[-81.7954,27.9345],[-81.794,27.9337],[-81.7927,27.9325],[-81.792,27.9305],[-81.792,27.9276],[-81.7925,27.9266],[-81.7954,27.9263],[-81.7956,27.9254],[-81.7954,27.9239],[-81.7961,27.9219],[-81.7961,27.9168],[-81.7951,27.9148],[-81.7946,27.9129],[-81.7945,27.9092],[-81.7907,27.9093],[-81.7892,27.9093],[-81.7837,27.9094],[-81.778,27.9095],[-81.7754,27.9096],[-81.7716,27.9093],[-81.7612,27.9093],[-81.756,27.9094],[-81.7519,27.9106],[-81.7479,27.9119],[-81.7468,27.9124],[-81.7408,27.916],[-81.7387,27.9164],[-81.7321,27.9165],[-81.7264,27.9164],[-81.7181,27.9163],[-81.7181,27.9232],[-81.7177,27.9236],[-81.7172,27.9237],[-81.714,27.9237],[-81.7058,27.9236],[-81.7016,27.9236],[-81.6839,27.9236],[-81.6765,27.9237],[-81.6728,27.9237],[-81.6686,27.9237],[-81.6686,27.9274],[-81.6687,27.9342],[-81.6691,27.9355],[-81.6727,27.9417],[-81.6768,27.9487],[-81.677,27.9493],[-81.6771,27.9521],[-81.6771,27.9566],[-81.6771,27.9603],[-81.6746,27.9603],[-81.6689,27.9603],[-81.6689,27.9662],[-81.6689,27.9693],[-81.6689,27.9718],[-81.6689,27.9747],[-81.6657,27.9749],[-81.6648,27.9753],[-81.6635,27.9761],[-81.6611,27.9765],[-81.6607,27.9775],[-81.6608,27.9784],[-81.6608,27.9823],[-81.6608,27.9841],[-81.6608,27.9852],[-81.6609,27.9895],[-81.6606,27.9934],[-81.663,27.9952],[-81.6639,27.9976],[-81.6625,27.9999],[-81.6609,28.0005],[-81.6609,28.0025],[-81.6609,28.0042],[-81.6609,28.0101],[-81.661,28.0158],[-81.661,28.0169],[-81.661,28.0224],[-81.6631,28.0224],[-81.6651,28.0225],[-81.6651,28.0261],[-81.6649,28.0294],[-81.6632,28.0299],[-81.6631,28.0316],[-81.662,28.0313],[-81.6615,28.0311],[-81.6603,28.0304],[-81.6598,28.0302],[-81.6589,28.03],[-81.6577,28.03],[-81.6569,28.0301],[-81.6547,28.0303],[-81.6539,28.0304],[-81.6498,28.0311],[-81.645,28.0343],[-81.6458,28.035],[-81.6499,28.0342],[-81.6582,28.0371],[-81.6628,28.0402],[-81.6637,28.0413],[-81.6667,28.0483],[-81.6678,28.0489],[-81.6682,28.049],[-81.6685,28.0486],[-81.6697,28.0481],[-81.6709,28.0536],[-81.6708,28.0552],[-81.6695,28.059],[-81.6673,28.0618],[-81.6649,28.0631],[-81.6643,28.0652],[-81.6625,28.0663],[-81.6598,28.0691],[-81.6596,28.0706],[-81.6582,28.0718],[-81.658,28.072],[-81.6577,28.072],[-81.6572,28.0714],[-81.6568,28.0715],[-81.6565,28.0714],[-81.656,28.0709],[-81.656,28.0704],[-81.6557,28.0699],[-81.6538,28.0679],[-81.6532,28.0679],[-81.6521,28.0681],[-81.6504,28.0718],[-81.6488,28.0724],[-81.6472,28.0723],[-81.6454,28.0719],[-81.6453,28.07],[-81.6439,28.0701],[-81.6439,28.0701],[-81.6459,28.0731],[-81.6477,28.0758],[-81.6487,28.0776],[-81.6487,28.0778],[-81.6496,28.0807],[-81.6449,28.0798],[-81.6436,28.0797],[-81.638,28.0807],[-81.6365,28.0814],[-81.6314,28.0845],[-81.6294,28.0845],[-81.6217,28.0845],[-81.6109,28.0845],[-81.6108,28.0883],[-81.6089,28.0884],[-81.6087,28.0922],[-81.6068,28.0922],[-81.6068,28.0958],[-81.6068,28.0995],[-81.6068,28.1068],[-81.6065,28.1068],[-81.6027,28.1068],[-81.5986,28.1068],[-81.5935,28.1068],[-81.5916,28.1068],[-81.5904,28.1068],[-81.5903,28.1074],[-81.5904,28.1141],[-81.5842,28.1141],[-81.5801,28.1141],[-81.5781,28.1141],[-81.576,28.1141],[-81.5739,28.1141],[-81.5739,28.1141],[-81.5719,28.1141],[-81.5699,28.1141],[-81.5573,28.1142],[-81.5569,28.1143],[-81.5552,28.1148],[-81.554,28.1154],[-81.5529,28.1165],[-81.5419,28.1317],[-81.5407,28.1334],[-81.5391,28.1349],[-81.5321,28.1391],[-81.5295,28.1402],[-81.5263,28.1404],[-81.5218,28.1396],[-81.5138,28.138],[-81.511,28.1386],[-81.5045,28.1424],[-81.5015,28.1427],[-81.5009,28.1428],[-81.4733,28.1428],[-81.4701,28.1433],[-81.4601,28.1431],[-81.4562,28.1432],[-81.4561,28.125],[-81.456,28.1118],[-81.4558,28.0925],[-81.4558,28.0849],[-81.445,28.0852],[-81.4248,28.0852],[-81.3755,28.0851],[-81.3748,28.0851],[-81.3464,28.0847],[-81.3478,28.0839],[-81.3487,28.0815],[-81.3473,28.0803],[-81.3472,28.0763],[-81.3467,28.0753],[-81.3465,28.0731],[-81.3463,28.0697],[-81.3488,28.0677],[-81.3503,28.0685],[-81.3532,28.0677],[-81.3535,28.0671],[-81.3604,28.0684],[-81.3624,28.07],[-81.365,28.0682],[-81.3657,28.0661],[-81.3651,28.0649],[-81.3663,28.0636],[-81.3668,28.0617],[-81.3656,28.0608],[-81.3654,28.0596],[-81.3643,28.0583],[-81.3641,28.0569],[-81.3651,28.0552],[-81.3642,28.0529],[-81.3644,28.0516],[-81.3638,28.0495],[-81.3645,28.0469],[-81.3618,28.0437],[-81.3629,28.0422],[-81.3626,28.0405],[-81.3634,28.04],[-81.3637,28.0378],[-81.3653,28.0374],[-81.3674,28.0363],[-81.3675,28.0346],[-81.3686,28.0344],[-81.3724,28.0319],[-81.3756,28.0297],[-81.3759,28.0286],[-81.3752,28.0269],[-81.3761,28.0247],[-81.379,28.022],[-81.3792,28.0212],[-81.3779,28.0174],[-81.3765,28.0158],[-81.3776,28.0134],[-81.3785,28.0134],[-81.3787,28.0117],[-81.3815,28.013],[-81.3825,28.0124],[-81.3857,28.0172],[-81.3874,28.0176],[-81.3908,28.0197],[-81.3921,28.0196],[-81.3925,28.0213],[-81.3927,28.0243],[-81.3935,28.0248],[-81.394,28.028],[-81.3972,28.0294],[-81.3998,28.0289],[-81.4027,28.0293],[-81.4058,28.029],[-81.4077,28.0297],[-81.41,28.032],[-81.4108,28.0336],[-81.4147,28.0365],[-81.4179,28.038],[-81.4232,28.0386],[-81.424,28.0404],[-81.4257,28.0393],[-81.428,28.0393],[-81.4283,28.0406],[-81.4276,28.0413],[-81.4297,28.0425],[-81.4309,28.042],[-81.4325,28.0433],[-81.434,28.0459],[-81.4346,28.05],[-81.4354,28.0529],[-81.4385,28.057],[-81.4401,28.0583],[-81.4434,28.0588],[-81.4434,28.0592],[-81.4494,28.0571],[-81.4506,28.0567],[-81.4536,28.0576],[-81.4574,28.0551],[-81.4586,28.0531],[-81.4582,28.0517],[-81.4596,28.0517],[-81.4584,28.051],[-81.4601,28.0503],[-81.4595,28.0499],[-81.4598,28.045],[-81.4585,28.0418],[-81.4588,28.0401],[-81.4557,28.0388],[-81.4523,28.0353],[-81.4516,28.0342],[-81.4483,28.0323],[-81.4451,28.0332],[-81.4426,28.0332],[-81.4403,28.0339],[-81.4371,28.0307],[-81.4355,28.0267],[-81.4325,28.0224],[-81.4292,28.021],[-81.4286,28.0188],[-81.4281,28.0215],[-81.4268,28.0171],[-81.4249,28.0139],[-81.4245,28.0125],[-81.4242,28.0107],[-81.4223,28.0074],[-81.4217,28.0047],[-81.42,28.0018],[-81.4156,27.9982],[-81.4143,27.9986],[-81.4146,27.9999],[-81.4135,28.0008],[-81.4089,28.001],[-81.4037,28.0028],[-81.4022,28.0025],[-81.3982,28.003],[-81.3925,28.0046],[-81.387,28.0036],[-81.3861,28.0016],[-81.3858,27.9994],[-81.3848,27.9996],[-81.3834,27.9972],[-81.3827,27.9978],[-81.3785,27.9885],[-81.3805,27.9883],[-81.3818,27.986],[-81.381,27.9834],[-81.3793,27.983],[-81.377,27.9839],[-81.3765,27.9783],[-81.375,27.9782],[-81.373,27.977],[-81.3713,27.9778],[-81.3706,27.9779],[-81.3691,27.9761],[-81.3687,27.9738],[-81.3651,27.9729],[-81.3498,27.9638],[-81.348,27.961],[-81.3485,27.9555],[-81.3498,27.9539],[-81.3479,27.9531],[-81.3436,27.9523],[-81.3428,27.953],[-81.3405,27.9509],[-81.3375,27.9507],[-81.3367,27.9496],[-81.3367,27.9453],[-81.3385,27.94],[-81.3384,27.9392],[-81.339,27.9399],[-81.3435,27.9414],[-81.3459,27.9415],[-81.3476,27.9389],[-81.3471,27.9373],[-81.3458,27.9358],[-81.3438,27.936],[-81.3414,27.9325],[-81.3387,27.9313],[-81.3383,27.9334],[-81.3334,27.9304],[-81.3281,27.9288],[-81.3191,27.9254],[-81.3178,27.9243],[-81.3171,27.9247],[-81.3176,27.9267],[-81.3188,27.9281],[-81.3179,27.9287],[-81.3156,27.9282],[-81.3144,27.9258],[-81.3124,27.9253],[-81.3087,27.9219],[-81.3084,27.9208],[-81.3092,27.9153],[-81.3124,27.9099],[-81.3126,27.9082],[-81.3139,27.9047],[-81.3148,27.9038],[-81.3149,27.9012],[-81.3141,27.8981],[-81.312,27.8943],[-81.3081,27.8897],[-81.3061,27.8862],[-81.3046,27.8813],[-81.3045,27.8799],[-81.3059,27.8775],[-81.3055,27.875],[-81.3034,27.8704],[-81.2977,27.8635],[-81.2974,27.8623],[-81.2989,27.8625],[-81.3015,27.8652],[-81.3021,27.8624],[-81.2979,27.8609],[-81.2971,27.8596],[-81.292,27.8576],[-81.2896,27.8573],[-81.2813,27.8575],[-81.2815,27.8558],[-81.2802,27.8543],[-81.2791,27.852],[-81.2761,27.8505],[-81.2729,27.8502],[-81.2666,27.8484],[-81.2652,27.8476],[-81.2608,27.847],[-81.2585,27.8482],[-81.2591,27.846],[-81.2557,27.8475],[-81.2542,27.8488],[-81.2502,27.8484],[-81.2512,27.8469],[-81.2514,27.8446],[-81.2507,27.8437],[-81.2488,27.8449],[-81.2477,27.8478],[-81.2465,27.8488],[-81.2417,27.8457],[-81.2413,27.8472],[-81.2381,27.8458],[-81.2348,27.8437],[-81.2333,27.8437],[-81.2295,27.8418],[-81.2236,27.8362],[-81.2208,27.8349],[-81.2153,27.8297],[-81.2144,27.8285],[-81.2156,27.8268],[-81.2131,27.8234],[-81.2081,27.8211],[-81.21,27.8192],[-81.2092,27.8176],[-81.2099,27.8172],[-81.2067,27.8123],[-81.2049,27.8102],[-81.204,27.8105],[-81.2038,27.8088],[-81.2018,27.805],[-81.2007,27.8037],[-81.2002,27.8006],[-81.2005,27.7974],[-81.1988,27.7975],[-81.1975,27.795],[-81.1972,27.7924],[-81.1963,27.7908],[-81.1943,27.7898],[-81.1932,27.788],[-81.1912,27.7863],[-81.1896,27.7853],[-81.1894,27.7823],[-81.186,27.779],[-81.1857,27.7782],[-81.1874,27.7765],[-81.1875,27.775],[-81.1847,27.7729],[-81.1825,27.7745],[-81.1808,27.7737],[-81.1808,27.7699],[-81.1782,27.7705],[-81.1791,27.7658],[-81.175,27.7644],[-81.1742,27.7622],[-81.1732,27.7613],[-81.1731,27.7592],[-81.1743,27.7594],[-81.178,27.7589],[-81.179,27.7559],[-81.1785,27.7519],[-81.1773,27.7515],[-81.1754,27.7493],[-81.176,27.7485],[-81.1745,27.7456],[-81.1729,27.7474],[-81.172,27.7472],[-81.1706,27.7454],[-81.1706,27.7438],[-81.1718,27.7432],[-81.1679,27.7422],[-81.1664,27.743],[-81.165,27.7424],[-81.1649,27.7387],[-81.1644,27.736],[-81.1651,27.7345],[-81.1666,27.7347],[-81.1671,27.7328],[-81.1686,27.7322],[-81.1682,27.7296],[-81.167,27.7289],[-81.1682,27.7283],[-81.1688,27.7263],[-81.167,27.7244],[-81.1671,27.7231],[-81.1655,27.7242],[-81.1631,27.7244],[-81.1608,27.7238],[-81.16,27.7193],[-81.159,27.7185],[-81.1568,27.7188],[-81.1526,27.7183],[-81.1521,27.7164],[-81.1507,27.7176],[-81.1507,27.7157],[-81.1489,27.7128],[-81.146,27.7105],[-81.1468,27.7091],[-81.1459,27.7065],[-81.1476,27.7055],[-81.1476,27.7041],[-81.1493,27.7031],[-81.148,27.6992],[-81.1498,27.7002],[-81.1501,27.6993],[-81.1486,27.6982],[-81.1473,27.6958],[-81.149,27.692],[-81.1472,27.6915],[-81.1467,27.6905],[-81.1477,27.689],[-81.1462,27.6865],[-81.1449,27.6822],[-81.1467,27.6817],[-81.1447,27.6795],[-81.1454,27.6774],[-81.1443,27.6764],[-81.1451,27.6747],[-81.1443,27.6697],[-81.1434,27.6694],[-81.143,27.6709],[-81.142,27.6703],[-81.1419,27.6688],[-81.1403,27.6676],[-81.1376,27.6642],[-81.1351,27.6632],[-81.1341,27.6621],[-81.1318,27.6615],[-81.131,27.6593],[-81.132,27.6538],[-81.1312,27.6514],[-81.1317,27.649],[-81.1326,27.6474],[-81.1339,27.6491],[-81.1346,27.6476],[-81.1338,27.6472],[-81.1368,27.6443],[-81.1382,27.6444],[-81.1373,27.6453],[-81.1373,27.647],[-81.1401,27.6467],[-81.1422,27.6432],[-81.2072,27.6443],[-81.3119,27.6462],[-81.3364,27.6464],[-81.3551,27.6465],[-81.3616,27.6465],[-81.4035,27.6466],[-81.4775,27.6466],[-81.5227,27.6465],[-81.5299,27.6464],[-81.5318,27.6465],[-81.5435,27.6465],[-81.5471,27.6465],[-81.5557,27.6466],[-81.5631,27.6466],[-81.5635,27.6466],[-81.6139,27.6465],[-81.6333,27.6465],[-81.6619,27.6465],[-81.6623,27.6465],[-81.6987,27.6464],[-81.7413,27.6463],[-81.7892,27.6462],[-81.802,27.6462],[-81.8179,27.6462],[-81.8227,27.6462],[-81.8343,27.6462],[-81.8785,27.6462],[-81.8916,27.6462],[-81.8951,27.6461],[-81.9094,27.6465],[-81.9268,27.6464],[-81.949,27.6463],[-82.0543,27.6464],[-82.0545,27.6503],[-82.0547,27.7193],[-82.0549,27.7663],[-82.0545,27.7959],[-82.054,27.8507],[-82.054,27.8546],[-82.0552,27.8653],[-82.0553,27.878],[-82.0552,27.8798],[-82.0551,27.8945],[-82.0549,27.9077],[-82.0553,27.9271],[-82.0553,27.9273]]]}},{"type":"Feature","properties":{"geoid":"1208620","puma":"08620","name":"Miami-Dade County (East Central)--Kendall (North), Sunset & Westwood Lakes PUMA"},"geometry":{"type":"Polygon","coordinates":[[[-80.4021,25.6917],[-80.4015,25.6929],[-80.4005,25.6937],[-80.3987,25.6955],[-80.3985,25.7005],[-80.3987,25.7041],[-80.3989,25.7095],[-80.3991,25.7149],[-80.3994,25.7222],[-80.3996,25.7294],[-80.3996,25.7296],[-80.3916,25.7299],[-80.3899,25.7302],[-80.3843,25.7302],[-80.3844,25.732],[-80.3833,25.732],[-80.3757,25.7322],[-80.3678,25.7323],[-80.3617,25.7325],[-80.3598,25.7325],[-80.3517,25.7327],[-80.3477,25.7328],[-80.3457,25.7329],[-80.3437,25.7329],[-80.3398,25.733],[-80.3366,25.7331],[-80.3358,25.7331],[-80.3353,25.7241],[-80.3353,25.7237],[-80.3349,25.7173],[-80.3349,25.7167],[-80.3349,25.7158],[-80.3348,25.7145],[-80.3346,25.7104],[-80.3345,25.7099],[-80.3344,25.7068],[-80.3343,25.706],[-80.3341,25.7023],[-80.3338,25.6958],[-80.3337,25.6918],[-80.3215,25.6923],[-80.3196,25.6923],[-80.3175,25.6923],[-80.3171,25.6924],[-80.3165,25.6923],[-80.3115,25.6924],[-80.3093,25.6922],[-80.3066,25.692],[-80.3051,25.6921],[-80.3048,25.6918],[-80.3084,25.6889],[-80.3088,25.6885],[-80.3112,25.6865],[-80.3127,25.6849],[-80.3139,25.6837],[-80.3149,25.6825],[-80.3182,25.6776],[-80.3202,25.6739],[-80.3215,25.671],[-80.3236,25.6664],[-80.3349,25.666],[-80.3511,25.6656],[-80.3543,25.6655],[-80.3554,25.6656],[-80.3561,25.6654],[-80.3593,25.6653],[-80.3676,25.6649],[-80.3724,25.6647],[-80.3756,25.6646],[-80.3756,25.6673],[-80.3757,25.6693],[-80.3758,25.6721],[-80.3783,25.6721],[-80.3841,25.6719],[-80.3884,25.6717],[-80.3887,25.6717],[-80.3921,25.6716],[-80.4002,25.6713],[-80.4005,25.6786],[-80.4006,25.6805],[-80.4006,25.681],[-80.4007,25.6859],[-80.4021,25.6898],[-80.4021,25.6917]]]}},{"type":"Feature","properties":{"geoid":"1206902","puma":"06902","name":"Lake County (Northwest) PUMA"},"geometry":{"type":"Polygon","coordinates":[[[-81.9544,28.677],[-81.9543,28.6802],[-81.9543,28.6825],[-81.9544,28.6879],[-81.9544,28.697],[-81.9543,28.7006],[-81.9539,28.7278],[-81.954,28.729],[-81.954,28.748],[-81.954,28.748],[-81.9537,28.7553],[-81.9538,28.769],[-81.9538,28.7695],[-81.9538,28.7698],[-81.9538,28.7703],[-81.9537,28.7851],[-81.9536,28.7912],[-81.9536,28.7996],[-81.9536,28.8032],[-81.9537,28.8104],[-81.9536,28.8206],[-81.9536,28.8208],[-81.9536,28.8209],[-81.9536,28.8235],[-81.9536,28.8289],[-81.9536,28.8345],[-81.9536,28.8364],[-81.9535,28.8471],[-81.9535,28.8479],[-81.9534,28.8618],[-81.9534,28.8634],[-81.9534,28.8636],[-81.9534,28.8637],[-81.9533,28.8785],[-81.9534,28.8821],[-81.9535,28.887],[-81.9535,28.8873],[-81.9536,28.9057],[-81.9538,28.916],[-81.9539,28.9166],[-81.9539,28.9197],[-81.9539,28.9204],[-81.954,28.9258],[-81.954,28.929],[-81.9541,28.9352],[-81.9541,28.9396],[-81.9541,28.949],[-81.9541,28.9492],[-81.9541,28.9535],[-81.9542,28.9581],[-81.9542,28.9601],[-81.9495,28.9601],[-81.9417,28.96],[-81.9409,28.96],[-81.9376,28.96],[-81.9361,28.96],[-81.9291,28.96],[-81.9274,28.9601],[-81.896,28.9599],[-81.8945,28.9602],[-81.8898,28.9601],[-81.8833,28.96],[-81.8748,28.9603],[-81.8546,28.9598],[-81.8423,28.9599],[-81.8422,28.961],[-81.7853,28.9609],[-81.7823,28.9609],[-81.7617,28.9609],[-81.7617,28.9522],[-81.7616,28.9357],[-81.7616,28.9355],[-81.7616,28.9298],[-81.7615,28.9294],[-81.7611,28.9277],[-81.7606,28.9262],[-81.7594,28.9243],[-81.7546,28.9193],[-81.7524,28.9178],[-81.7498,28.9166],[-81.7412,28.9138],[-81.7484,28.9084],[-81.7506,28.9078],[-81.7505,28.9059],[-81.7497,28.9053],[-81.7495,28.9024],[-81.7453,28.9024],[-81.7452,28.8952],[-81.7415,28.8952],[-81.7414,28.8951],[-81.7414,28.8916],[-81.7414,28.8837],[-81.7413,28.881],[-81.7454,28.8783],[-81.7448,28.8755],[-81.7432,28.873],[-81.7432,28.8728],[-81.7427,28.8727],[-81.7411,28.8714],[-81.7399,28.8664],[-81.7404,28.8614],[-81.7425,28.8556],[-81.7444,28.8519],[-81.7485,28.8451],[-81.7498,28.8438],[-81.7507,28.8421],[-81.7512,28.8411],[-81.7513,28.8374],[-81.751,28.8352],[-81.7509,28.8337],[-81.7498,28.8315],[-81.7463,28.8224],[-81.7442,28.8168],[-81.7423,28.8157],[-81.7423,28.8129],[-81.7423,28.8112],[-81.7423,28.8111],[-81.7423,28.8108],[-81.7414,28.8089],[-81.7417,28.8079],[-81.7418,28.8075],[-81.7422,28.8058],[-81.7414,28.8032],[-81.7389,28.8007],[-81.7387,28.8007],[-81.738,28.8004],[-81.7378,28.8],[-81.7378,28.7997],[-81.7377,28.7991],[-81.7374,28.7985],[-81.7362,28.7971],[-81.7311,28.794],[-81.7279,28.7932],[-81.7259,28.7923],[-81.7241,28.7916],[-81.7162,28.7899],[-81.7146,28.7892],[-81.7123,28.7888],[-81.7073,28.7879],[-81.6989,28.788],[-81.6951,28.7877],[-81.6874,28.7879],[-81.6783,28.7882],[-81.6737,28.7896],[-81.6639,28.7933],[-81.6594,28.794],[-81.6511,28.7931],[-81.6563,28.8016],[-81.6554,28.8048],[-81.6553,28.8053],[-81.6518,28.8041],[-81.6499,28.8033],[-81.6457,28.7989],[-81.6426,28.7972],[-81.6406,28.7961],[-81.6361,28.7908],[-81.6346,28.7901],[-81.632,28.7901],[-81.632,28.7915],[-81.6302,28.7914],[-81.63,28.7942],[-81.6321,28.7941],[-81.6321,28.7968],[-81.628,28.7969],[-81.6279,28.7942],[-81.6258,28.7942],[-81.6254,28.7942],[-81.625,28.7942],[-81.6246,28.7859],[-81.6248,28.7859],[-81.6357,28.7859],[-81.6381,28.7859],[-81.6408,28.7859],[-81.6447,28.7859],[-81.6465,28.7859],[-81.6477,28.7839],[-81.646,28.7818],[-81.6448,28.776],[-81.6452,28.7727],[-81.6465,28.7698],[-81.649,28.7669],[-81.651,28.7661],[-81.6532,28.7661],[-81.6539,28.7675],[-81.6559,28.769],[-81.6563,28.7698],[-81.6586,28.7664],[-81.6586,28.7458],[-81.6586,28.7403],[-81.6586,28.7313],[-81.6585,28.6955],[-81.6585,28.6828],[-81.6585,28.6768],[-81.6582,28.6589],[-81.6569,28.6083],[-81.6572,28.5952],[-81.6572,28.5926],[-81.6568,28.5924],[-81.6535,28.5904],[-81.6494,28.5865],[-81.6481,28.5845],[-81.6491,28.5825],[-81.6506,28.5819],[-81.652,28.5802],[-81.6521,28.5772],[-81.6514,28.5751],[-81.6529,28.5709],[-81.6572,28.5698],[-81.6572,28.5632],[-81.6573,28.557],[-81.6573,28.5531],[-81.6628,28.5536],[-81.666,28.5546],[-81.6772,28.5588],[-81.6812,28.5603],[-81.6822,28.5608],[-81.6836,28.5616],[-81.6924,28.569],[-81.6988,28.5744],[-81.7002,28.576],[-81.7089,28.5866],[-81.713,28.5915],[-81.7129,28.5918],[-81.7255,28.6072],[-81.7267,28.6085],[-81.7271,28.6086],[-81.7294,28.6104],[-81.7323,28.6121],[-81.7375,28.6148],[-81.7435,28.618],[-81.7469,28.6198],[-81.7541,28.6236],[-81.7629,28.6278],[-81.7645,28.6286],[-81.7752,28.6337],[-81.7821,28.6378],[-81.7931,28.6444],[-81.7999,28.648],[-81.8001,28.6481],[-81.8095,28.653],[-81.8118,28.6542],[-81.8233,28.66],[-81.8469,28.672],[-81.8532,28.6752],[-81.8533,28.6753],[-81.8569,28.6776],[-81.8616,28.682],[-81.8641,28.6844],[-81.872,28.6816],[-81.8762,28.6797],[-81.8846,28.6797],[-81.8863,28.6795],[-81.8895,28.6782],[-81.8912,28.6779],[-81.8964,28.6784],[-81.9025,28.6759],[-81.9062,28.6733],[-81.9139,28.6714],[-81.9172,28.6706],[-81.9227,28.6691],[-81.925,28.6681],[-81.9269,28.6654],[-81.9274,28.6631],[-81.9341,28.6612],[-81.939,28.6576],[-81.9435,28.6567],[-81.9471,28.6569],[-81.9526,28.6569],[-81.9545,28.6557],[-81.9544,28.677]]]}},{"type":"Feature","properties":{"geoid":"1211703","puma":"11703","name":"Seminole County (South Central) PUMA"},"geometry":{"type":"Polygon","coordinates":[[[-81.3888,28.6837],[-81.3886,28.6837],[-81.382,28.6837],[-81.3794,28.6837],[-81.3738,28.6837],[-81.3621,28.6838],[-81.3621,28.683],[-81.3609,28.683],[-81.3599,28.683],[-81.3579,28.6831],[-81.3542,28.6832],[-81.3496,28.6831],[-81.348,28.6832],[-81.347,28.6832],[-81.3461,28.6833],[-81.3459,28.6849],[-81.3365,28.6847],[-81.3356,28.6844],[-81.3348,28.684],[-81.3342,28.6834],[-81.3329,28.6851],[-81.3325,28.6854],[-81.3307,28.6869],[-81.3303,28.6873],[-81.3289,28.689],[-81.3282,28.6905],[-81.3279,28.6913],[-81.3277,28.6917],[-81.3276,28.6923],[-81.327,28.6979],[-81.3269,28.702],[-81.3268,28.7033],[-81.3267,28.7041],[-81.3264,28.707],[-81.3264,28.7073],[-81.3262,28.7083],[-81.326,28.7097],[-81.3258,28.7107],[-81.3255,28.712],[-81.3251,28.7131],[-81.3249,28.7135],[-81.3246,28.7142],[-81.3243,28.7149],[-81.3232,28.7165],[-81.3185,28.7217],[-81.3113,28.729],[-81.3099,28.7305],[-81.3095,28.729],[-81.3095,28.7264],[-81.3096,28.7255],[-81.3097,28.7237],[-81.3096,28.7226],[-81.3093,28.7217],[-81.3092,28.7217],[-81.3085,28.7189],[-81.3061,28.7188],[-81.3013,28.7166],[-81.2938,28.7158],[-81.2932,28.7151],[-81.2899,28.7157],[-81.2895,28.7157],[-81.286,28.7161],[-81.2844,28.7161],[-81.276,28.7146],[-81.2711,28.7132],[-81.2615,28.7133],[-81.2534,28.7124],[-81.2553,28.7093],[-81.2567,28.7059],[-81.2577,28.7043],[-81.2598,28.701],[-81.2625,28.6967],[-81.263,28.6949],[-81.2633,28.6937],[-81.2635,28.6929],[-81.2637,28.6923],[-81.2655,28.6855],[-81.2658,28.6846],[-81.2673,28.6815],[-81.27,28.6755],[-81.271,28.6738],[-81.2726,28.6722],[-81.2744,28.6705],[-81.2747,28.6701],[-81.2748,28.6698],[-81.275,28.667],[-81.2751,28.6647],[-81.2753,28.6626],[-81.2754,28.6603],[-81.2729,28.654],[-81.268,28.6476],[-81.2666,28.6456],[-81.2664,28.6431],[-81.2665,28.6386],[-81.2665,28.6369],[-81.2663,28.6295],[-81.2661,28.6201],[-81.2701,28.6172],[-81.2753,28.6134],[-81.2759,28.6118],[-81.2778,28.6112],[-81.2785,28.6112],[-81.2823,28.6111],[-81.2948,28.6109],[-81.2968,28.6109],[-81.299,28.6108],[-81.3024,28.6108],[-81.3051,28.6108],[-81.3088,28.6107],[-81.3113,28.6107],[-81.3145,28.6107],[-81.3279,28.6105],[-81.3279,28.6113],[-81.328,28.6177],[-81.328,28.6211],[-81.328,28.625],[-81.3283,28.6311],[-81.3283,28.6323],[-81.3283,28.6324],[-81.3284,28.6327],[-81.3285,28.6396],[-81.3311,28.6396],[-81.3355,28.6395],[-81.3387,28.6395],[-81.3454,28.6395],[-81.3492,28.6394],[-81.357,28.6393],[-81.3572,28.6393],[-81.3616,28.6393],[-81.3617,28.6404],[-81.3651,28.6404],[-81.3652,28.6404],[-81.3655,28.6408],[-81.3657,28.644],[-81.3657,28.6445],[-81.3657,28.6453],[-81.3657,28.6453],[-81.3657,28.6454],[-81.3657,28.6454],[-81.3657,28.6455],[-81.3657,28.6456],[-81.3658,28.6467],[-81.3658,28.6475],[-81.3659,28.6533],[-81.3659,28.6634],[-81.3703,28.6641],[-81.3711,28.6639],[-81.374,28.6639],[-81.3789,28.6636],[-81.3823,28.6624],[-81.3833,28.6621],[-81.3842,28.662],[-81.3885,28.662],[-81.3887,28.662],[-81.3888,28.6727],[-81.3888,28.6729],[-81.3888,28.6755],[-81.3888,28.6837]]]}},{"type":"Feature","properties":{"geoid":"1209502","puma":"09502","name":"Orange County (West Central)--Winter Garden, Ocoee Cities & Oakland Town PUMA"},"geometry":{"type":"Polygon","coordinates":[[[-81.6585,28.6768],[-81.6391,28.672],[-81.6238,28.671],[-81.617,28.6736],[-81.6062,28.6713],[-81.5998,28.6669],[-81.5997,28.6532],[-81.593,28.6475],[-81.5867,28.646],[-81.578,28.6431],[-81.5703,28.6386],[-81.5567,28.6326],[-81.5578,28.627],[-81.5583,28.6226],[-81.5655,28.6188],[-81.572,28.6068],[-81.5631,28.6067],[-81.5611,28.604],[-81.5568,28.6022],[-81.5549,28.601],[-81.5534,28.6008],[-81.5533,28.6007],[-81.5535,28.5996],[-81.5501,28.6006],[-81.5493,28.6008],[-81.5444,28.6022],[-81.5409,28.6031],[-81.5402,28.6034],[-81.5396,28.6036],[-81.5387,28.6038],[-81.5342,28.6048],[-81.531,28.6057],[-81.5273,28.6066],[-81.5259,28.607],[-81.5193,28.6077],[-81.5176,28.6083],[-81.5165,28.609],[-81.5155,28.6096],[-81.5134,28.6105],[-81.5114,28.6113],[-81.5113,28.6113],[-81.5082,28.6123],[-81.5033,28.6124],[-81.501,28.6125],[-81.4996,28.6124],[-81.4984,28.6125],[-81.497,28.6104],[-81.4963,28.6061],[-81.4965,28.6056],[-81.4968,28.605],[-81.4968,28.6049],[-81.4969,28.6012],[-81.4968,28.5994],[-81.4968,28.5934],[-81.4967,28.5871],[-81.4962,28.586],[-81.4968,28.5852],[-81.4968,28.5776],[-81.4968,28.5775],[-81.491,28.5774],[-81.4861,28.5775],[-81.4782,28.5774],[-81.4761,28.5777],[-81.4761,28.5775],[-81.476,28.5704],[-81.4759,28.5658],[-81.4759,28.5644],[-81.4759,28.5593],[-81.4759,28.5521],[-81.4758,28.5484],[-81.4758,28.5421],[-81.4758,28.5391],[-81.4758,28.5339],[-81.4758,28.5316],[-81.4756,28.5302],[-81.4755,28.53],[-81.4747,28.5287],[-81.4728,28.527],[-81.4718,28.5259],[-81.4711,28.5243],[-81.4711,28.5229],[-81.4718,28.5211],[-81.4733,28.5198],[-81.4748,28.5192],[-81.478,28.519],[-81.4818,28.5183],[-81.4838,28.5171],[-81.4851,28.5157],[-81.4852,28.5156],[-81.4861,28.5135],[-81.4861,28.512],[-81.486,28.5087],[-81.4858,28.5081],[-81.4856,28.5075],[-81.4844,28.5056],[-81.4839,28.5042],[-81.4838,28.5034],[-81.4838,28.5028],[-81.4835,28.4937],[-81.4909,28.4937],[-81.5085,28.4936],[-81.5087,28.4961],[-81.5077,28.5017],[-81.5102,28.5017],[-81.5108,28.5016],[-81.5134,28.5021],[-81.5195,28.5022],[-81.5252,28.504],[-81.5292,28.5053],[-81.5316,28.5057],[-81.534,28.5056],[-81.5364,28.5044],[-81.5379,28.5035],[-81.5422,28.5071],[-81.5429,28.5083],[-81.5431,28.5091],[-81.5428,28.5115],[-81.552,28.5117],[-81.5541,28.5117],[-81.5558,28.5117],[-81.5566,28.5121],[-81.5574,28.5164],[-81.5582,28.5165],[-81.5609,28.5166],[-81.5625,28.5157],[-81.5651,28.515],[-81.5698,28.5146],[-81.5705,28.5135],[-81.5705,28.5045],[-81.5734,28.5041],[-81.5746,28.5032],[-81.5746,28.4931],[-81.583,28.493],[-81.5842,28.493],[-81.5856,28.4923],[-81.5865,28.4935],[-81.587,28.4967],[-81.587,28.4985],[-81.587,28.5003],[-81.587,28.5012],[-81.587,28.5021],[-81.5871,28.5058],[-81.5937,28.5057],[-81.5948,28.5057],[-81.5949,28.5057],[-81.5988,28.5056],[-81.602,28.5039],[-81.6029,28.5049],[-81.605,28.5074],[-81.6053,28.5074],[-81.6077,28.5074],[-81.6085,28.5074],[-81.6103,28.5074],[-81.6118,28.5074],[-81.6201,28.5073],[-81.6202,28.5179],[-81.6202,28.518],[-81.6237,28.518],[-81.6256,28.5175],[-81.6336,28.5172],[-81.6441,28.5144],[-81.6459,28.5144],[-81.649,28.5143],[-81.6511,28.5143],[-81.6532,28.5143],[-81.6566,28.5142],[-81.6574,28.5142],[-81.6575,28.5222],[-81.6575,28.5224],[-81.6574,28.5372],[-81.6573,28.5432],[-81.6573,28.5447],[-81.6573,28.5461],[-81.6573,28.5463],[-81.6574,28.5479],[-81.6573,28.5484],[-81.6573,28.5531],[-81.6573,28.557],[-81.6572,28.5632],[-81.6572,28.5698],[-81.6529,28.5709],[-81.6514,28.5751],[-81.6521,28.5772],[-81.652,28.5802],[-81.6506,28.5819],[-81.6491,28.5825],[-81.6481,28.5845],[-81.6494,28.5865],[-81.6535,28.5904],[-81.6568,28.5924],[-81.6572,28.5926],[-81.6572,28.5952],[-81.6569,28.6083],[-81.6582,28.6589],[-81.6585,28.6768]]]}},{"type":"Feature","properties":{"geoid":"1208616","puma":"08616","name":"Miami-Dade County (East)--Coral Gables City, Pinecrest Village & Kendall (South) PUMA"},"geometry":{"type":"Polygon","coordinates":[[[-80.3886,25.6711],[-80.3887,25.6717],[-80.3884,25.6717],[-80.3841,25.6719],[-80.3783,25.6721],[-80.3758,25.6721],[-80.3757,25.6693],[-80.3756,25.6673],[-80.3756,25.6646],[-80.3724,25.6647],[-80.3676,25.6649],[-80.3593,25.6653],[-80.3561,25.6654],[-80.3554,25.6656],[-80.3543,25.6655],[-80.3511,25.6656],[-80.3349,25.666],[-80.3236,25.6664],[-80.3215,25.671],[-80.3202,25.6739],[-80.3182,25.6776],[-80.3149,25.6825],[-80.3139,25.6837],[-80.3127,25.6849],[-80.3112,25.6865],[-80.3088,25.6885],[-80.3084,25.6889],[-80.303,25.689],[-80.2928,25.6894],[-80.2892,25.6895],[-80.2868,25.6896],[-80.2853,25.6897],[-80.2849,25.6897],[-80.2851,25.697],[-80.2854,25.7044],[-80.2854,25.7052],[-80.2855,25.7075],[-80.2856,25.7086],[-80.2857,25.7117],[-80.2858,25.7153],[-80.2859,25.7182],[-80.2879,25.7181],[-80.288,25.7188],[-80.2941,25.7186],[-80.2944,25.7262],[-80.2945,25.73],[-80.2947,25.7337],[-80.2938,25.7338],[-80.2931,25.7338],[-80.2906,25.7339],[-80.2865,25.734],[-80.2868,25.7386],[-80.2868,25.7399],[-80.2871,25.7447],[-80.2873,25.7484],[-80.2914,25.7483],[-80.2955,25.7482],[-80.2975,25.7482],[-80.2995,25.7481],[-80.3014,25.7481],[-80.3035,25.748],[-80.3036,25.7513],[-80.3037,25.7558],[-80.3039,25.7631],[-80.2999,25.7632],[-80.298,25.7633],[-80.2979,25.7633],[-80.295,25.7633],[-80.2919,25.7634],[-80.2879,25.7636],[-80.2838,25.7637],[-80.2797,25.7639],[-80.2793,25.7639],[-80.2756,25.764],[-80.2733,25.7641],[-80.2715,25.7642],[-80.2704,25.7642],[-80.2674,25.7643],[-80.267,25.7643],[-80.2633,25.7644],[-80.2613,25.7645],[-80.2609,25.7645],[-80.2592,25.7646],[-80.2551,25.7647],[-80.2551,25.763],[-80.255,25.761],[-80.255,25.7607],[-80.255,25.7603],[-80.2549,25.7591],[-80.2549,25.7583],[-80.2548,25.7572],[-80.2548,25.756],[-80.2547,25.7533],[-80.2546,25.7499],[-80.2545,25.7481],[-80.2545,25.7461],[-80.2544,25.7446],[-80.2544,25.7442],[-80.2543,25.743],[-80.2543,25.7426],[-80.2543,25.7425],[-80.2543,25.7421],[-80.2548,25.7421],[-80.2562,25.742],[-80.2562,25.7391],[-80.2582,25.7386],[-80.258,25.7349],[-80.2579,25.7322],[-80.2559,25.7322],[-80.2559,25.7319],[-80.2559,25.7313],[-80.2579,25.7294],[-80.2604,25.7274],[-80.2617,25.7265],[-80.2616,25.7248],[-80.2616,25.7236],[-80.2614,25.7199],[-80.2612,25.7141],[-80.2611,25.7127],[-80.261,25.709],[-80.2619,25.709],[-80.2611,25.708],[-80.2609,25.7079],[-80.2528,25.7078],[-80.2528,25.7086],[-80.2484,25.7087],[-80.2475,25.7092],[-80.2461,25.7075],[-80.2455,25.7021],[-80.2451,25.6984],[-80.2473,25.6976],[-80.2497,25.6906],[-80.2498,25.6902],[-80.2558,25.6806],[-80.2558,25.6779],[-80.2574,25.6778],[-80.2585,25.6765],[-80.26,25.6747],[-80.2601,25.6745],[-80.2626,25.6692],[-80.2631,25.6681],[-80.2653,25.6625],[-80.2656,25.6617],[-80.2673,25.659],[-80.2676,25.6576],[-80.2682,25.6545],[-80.2662,25.6528],[-80.2662,25.6527],[-80.2665,25.6522],[-80.2683,25.6518],[-80.2686,25.6505],[-80.2698,25.6478],[-80.2707,25.6476],[-80.2713,25.6445],[-80.272,25.6392],[-80.2758,25.6374],[-80.2783,25.6325],[-80.2812,25.6279],[-80.2829,25.6254],[-80.283,25.6303],[-80.2879,25.6303],[-80.2874,25.6308],[-80.2893,25.6307],[-80.2884,25.6327],[-80.2872,25.6309],[-80.2853,25.6382],[-80.2863,25.6404],[-80.2837,25.6401],[-80.2824,25.6431],[-80.2834,25.6453],[-80.2836,25.6526],[-80.2856,25.6526],[-80.2903,25.6461],[-80.2912,25.6454],[-80.2934,25.645],[-80.2936,25.645],[-80.2955,25.6449],[-80.3016,25.6448],[-80.3082,25.6446],[-80.3097,25.6445],[-80.3137,25.6444],[-80.3178,25.6443],[-80.3341,25.6439],[-80.3353,25.6413],[-80.3353,25.6412],[-80.3376,25.6363],[-80.3411,25.6289],[-80.3417,25.6289],[-80.3437,25.6288],[-80.3481,25.6287],[-80.3489,25.631],[-80.3498,25.6312],[-80.3524,25.6312],[-80.3582,25.6347],[-80.3598,25.6356],[-80.3622,25.6356],[-80.3655,25.6382],[-80.3682,25.6386],[-80.376,25.6417],[-80.3762,25.6424],[-80.3771,25.6423],[-80.3827,25.6419],[-80.383,25.6419],[-80.383,25.6447],[-80.3854,25.6435],[-80.3853,25.645],[-80.3851,25.646],[-80.3844,25.6494],[-80.3849,25.6507],[-80.3857,25.6525],[-80.386,25.6535],[-80.3855,25.6573],[-80.3859,25.6631],[-80.3878,25.6684],[-80.3887,25.6684],[-80.3886,25.6711]]]}},{"type":"Feature","properties":{"geoid":"1208604","puma":"08604","name":"Miami-Dade County (NE)--Aventura, Sunny Isles Beach, North Miami Beach (East) Cities PUMA"},"geometry":{"type":"Polygon","coordinates":[[[-80.185,25.9475],[-80.1844,25.9481],[-80.1814,25.9506],[-80.1806,25.9513],[-80.1767,25.9544],[-80.1763,25.9547],[-80.1694,25.9591],[-80.1671,25.9611],[-80.1656,25.964],[-80.1652,25.9671],[-80.1657,25.9738],[-80.165,25.9739],[-80.1582,25.9741],[-80.1574,25.9741],[-80.1542,25.9742],[-80.1481,25.9744],[-80.1479,25.9744],[-80.1435,25.9745],[-80.1421,25.9747],[-80.1339,25.9749],[-80.1339,25.9741],[-80.1304,25.9742],[-80.1239,25.9745],[-80.1233,25.9751],[-80.1195,25.9752],[-80.1179,25.9752],[-80.118,25.9732],[-80.1182,25.9681],[-80.1186,25.9571],[-80.1187,25.9539],[-80.1187,25.9538],[-80.1187,25.9521],[-80.1189,25.947],[-80.119,25.9459],[-80.1192,25.9434],[-80.1193,25.9431],[-80.1194,25.942],[-80.1198,25.9377],[-80.1199,25.9365],[-80.1201,25.9354],[-80.1201,25.935],[-80.1204,25.9301],[-80.1205,25.9285],[-80.1206,25.927],[-80.1208,25.9249],[-80.1209,25.9233],[-80.121,25.9214],[-80.1213,25.9177],[-80.1216,25.9049],[-80.1217,25.9008],[-80.1217,25.8995],[-80.1217,25.8987],[-80.1217,25.898],[-80.1216,25.8957],[-80.1214,25.8937],[-80.1213,25.8918],[-80.1211,25.8872],[-80.1227,25.8871],[-80.1277,25.8869],[-80.1281,25.8869],[-80.1307,25.8951],[-80.1318,25.8983],[-80.1345,25.8955],[-80.1405,25.8899],[-80.1426,25.8873],[-80.1447,25.8876],[-80.1476,25.8883],[-80.1506,25.8892],[-80.1518,25.8895],[-80.1525,25.8896],[-80.1587,25.8893],[-80.1621,25.8894],[-80.1637,25.8894],[-80.163,25.8917],[-80.1628,25.8926],[-80.1609,25.8987],[-80.1605,25.8999],[-80.1619,25.9],[-80.1629,25.9003],[-80.1631,25.9003],[-80.1597,25.9042],[-80.159,25.9061],[-80.1588,25.9069],[-80.1577,25.915],[-80.1576,25.9155],[-80.1574,25.916],[-80.1572,25.9166],[-80.156,25.9206],[-80.1543,25.9261],[-80.1559,25.9261],[-80.156,25.9284],[-80.156,25.9287],[-80.156,25.9297],[-80.1527,25.9333],[-80.1519,25.9347],[-80.1515,25.9357],[-80.1543,25.9356],[-80.1563,25.9355],[-80.1624,25.9352],[-80.1625,25.9371],[-80.1628,25.9443],[-80.1629,25.9461],[-80.1649,25.946],[-80.1685,25.9458],[-80.171,25.945],[-80.1724,25.9448],[-80.1733,25.9448],[-80.1764,25.9455],[-80.1792,25.9451],[-80.1805,25.9439],[-80.1818,25.9449],[-80.1823,25.9453],[-80.1828,25.9455],[-80.1843,25.9466],[-80.1851,25.9474],[-80.185,25.9475]]]}}]}