STATE,STATEFIPS,COUNTY,COUNTYFIPS,YM,YEAR,MONTH,HOUSEHOLDS,INDIVIDUALS,ISSUANCE,APPS_RECEIVED,APPS_APPROVED,APPS_DENIED,APPS_DENIED_NEEDBASED,APPS_DENIED_PROCEDURAL
California,6,alameda,1,2016m7,2016,7,60323,115631,16403972,4285,3149,1062,434,525
California,6,alameda,1,2016m8,2016,8,60357,115341,16484993,5115,3592,1356,542,666
California,6,alameda,1,2016m9,2016,9,60124,115295,16418129,4458,3339,1303,504,704
California,6,alameda,1,2016m10,2016,10,59986,114855,16188738,4230,3154,1144,446,595
California,6,alameda,1,2016m11,2016,11,59482,114093,16038520,3910,2973,1064,395,581
California,6,alameda,1,2016m12,2016,12,59072,113430,15989041,4102,2934,1018,391,532
California,6,alameda,1,2017m1,2017,1,58727,111820,15641304,5064,3408,1276,490,665
California,6,alameda,1,2017m2,2017,2,57353,110176,15343029,4092,2964,1187,401,697
California,6,alameda,1,2017m3,2017,3,57764,109769,15483638,4893,3473,1415,493,746
California,6,alameda,1,2017m4,2017,4,56804,108049,15138874,4304,2943,1187,406,647
California,6,alameda,1,2017m5,2017,5,57144,107958,15155309,4820,3279,1385,459,776
California,6,alameda,1,2017m6,2017,6,57141,108000,15165991,4980,3265,1464,516,768
California,6,alameda,1,2017m7,2017,7,56864,107183,15133286,5174,3215,1470,477,791
California,6,alameda,1,2017m8,2017,8,57382,107694,15200950,6024,3594,2074,644,1215
California,6,alameda,1,2017m9,2017,9,57189,107586,15104692,5367,3233,1967,552,1222
California,6,alameda,1,2017m10,2017,10,57502,107669,14858422,5532,3288,2135,564,1375
California,6,alameda,1,2017m11,2017,11,56882,106861,14668194,4870,2912,2014,577,1283
California,6,alameda,1,2017m12,2017,12,56587,106310,14603061,4270,2799,1721,469,1091
California,6,alameda,1,2018m1,2018,1,56497,104937,14649581,5746,3319,1715,472,1044
California,6,alameda,1,2018m2,2018,2,55019,103106,14165010,4710,2966,1780,433,1148
California,6,alameda,1,2018m3,2018,3,55632,103157,14314706,5220,3368,1961,500,1203
California,6,alameda,1,2018m4,2018,4,55132,102099,14119393,4935,3058,1788,444,1107
California,6,alameda,1,2018m5,2018,5,55154,101559,14115775,5269,3171,1920,451,1164
California,6,alameda,1,2018m6,2018,6,55241,101859,14148657,4948,2933,1776,435,1064
California,6,alameda,1,2018m7,2018,7,54734,100430,13968285,5379,3191,1939,486,1151
California,6,alameda,1,2018m8,2018,8,54766,100106,13971600,6350,3704,2115,552,1243
California,6,alameda,1,2018m9,2018,9,54088,99547,13769594,5261,2987,2125,468,1385
California,6,alameda,1,2018m10,2018,10,54429,99336,13860664,5743,3273,2516,558,1628
California,6,alameda,1,2018m11,2018,11,53759,98389,13665684,4744,2734,2117,411,1425
California,6,alameda,1,2018m12,2018,12,53319,97312,13514022,4152,2551,1896,410,1257
California,6,alameda,1,2019m1,2019,1,53529,93512,24294722,5515,3099,1715,454,1033
California,6,alameda,1,2019m2,2019,2,8320,12515,1966510,4478,2597,1914,434,1277
California,6,alameda,1,2019m3,2019,3,51429,92704,13032602,5041,3168,1986,473,1279
California,6,alameda,1,2019m4,2019,4,51134,91764,12715909,5253,3225,1892,450,1176
California,6,alameda,1,2019m5,2019,5,51206,91776,12718005,8074,3006,1993,443,1242
California,6,alameda,1,2019m6,2019,6,58481,98504,13300837,10955,8774,2322,569,1458
California,6,alameda,1,2019m7,2019,7,59750,104208,13385661,8442,5809,2614,570,1759
California,6,alameda,1,2019m8,2019,8,62122,107992,13635481,7459,4769,2327,499,1554
California,6,alameda,1,2019m9,2019,9,63246,109700,13595191,6555,3979,2254,478,1519
California,6,alameda,1,2019m10,2019,10,64496,111973,13766167,6614,4125,2341,488,1588
California,6,alameda,1,2019m11,2019,11,64654,112311,13648815,5294,3362,2012,424,1361
California,6,alameda,1,2019m12,2019,12,65129,112943,13608080,5146,3188,1977,375,1368
California,6,alameda,1,2020m1,2020,1,65302,112881,12426677,6341,3620,1912,492,1160
California,6,alameda,1,2020m2,2020,2,65156,112458,13495945,5234,3214,1827,397,1218
California,6,alameda,1,2020m3,2020,3,66424,114173,13831165,8152,3610,2032,453,1317
California,6,alameda,1,2020m4,2020,4,76979,126157,15651644,13951,9154,3519,1018,2109
California,6,alameda,1,2020m5,2020,5,82572,134219,16940121,9886,5815,3962,1713,1752
California,6,alameda,1,2020m6,2020,6,86632,141850,17595067,8340,3894,4279,1820,1926
California,6,alameda,1,2020m7,2020,7,86626,139604,17231205,6968,3379,3729,1403,1849
California,6,alameda,1,2020m8,2020,8,86097,139609,17048885.49,7382,4125,2603,870,1432
California,6,alameda,1,2020m9,2020,9,85083,143675,16462635.15,6218,3757,2347,662,1374
California,6,alameda,1,2020m10,2020,10,81670,138417,16322362.28,6240,3688,2421,683,1403
California,6,alameda,1,2020m11,2020,11,78468,132809,15379331.13,6377,3666,2071,543,1321
California,6,alameda,1,2020m12,2020,12,78156,131805,15164372.65,9425,5145,2680,848,1525
California,6,alameda,1,2021m1,2021,1,79808,133661,15231672.01,8229,5018,3423,964,2097
California,6,alameda,1,2021m2,2021,2,82449,137321,21846446.03,7032,4313,2966,861,1796
California,6,alameda,1,2021m3,2021,3,82562,137331,18770176.66,8205,4532,3036,803,1858
California,6,alameda,1,2021m4,2021,4,82729,137957,18662293.51001,6696,3870,2816,708,1808
California,6,alameda,1,2021m5,2021,5,83931,139333,18401056.99,6152,3404,2585,676,1610
California,6,alameda,1,2021m6,2021,6,84606,140224,18014146.27,9249,4544,3139,819,1902
California,6,alameda,1,2021m7,2021,7,83916,139751,18269220.03,8722,4780,3829,858,2550
California,6,alameda,1,2021m8,2021,8,85383,141898,18425242.01001,11675,5391,3977,1028,2518
California,6,alameda,1,2021m9,2021,9,87740,144804,19006293.84,10591,5849,4690,1137,3180
California,6,alameda,1,2021m10,2021,10,90454,148606,22533276.79,10372,6316,4110,1025,2732
California,6,alameda,1,2021m11,2021,11,91557,149768,23036912.97,8435,4577,4130,866,2973
California,6,alameda,1,2021m12,2021,12,91973,149858,23382981.97,7427,3999,3393,762,2319
California,6,alameda,1,2022m1,2022,1,92141,149893,23212632.93,9331,4409,3345,847,2186
California,6,alameda,1,2022m2,2022,2,92708,150476,22169052.33,8567,4646,3656,968,2423
California,6,alameda,1,2022m3,2022,3,93449,151991,23205359.66,8920,5083,3891,966,2541
California,6,alameda,1,2022m4,2022,4,93530,152390,23154662.84,7690,4328,3165,874,1999
California,6,alameda,1,2022m5,2022,5,93646,152428,23194956.48,7646,4182,2997,836,1868
California,6,alameda,1,2022m6,2022,6,94964,154499,23316748.68,9006,4732,3161,919,1938
California,6,alameda,1,2022m7,2022,7,95143,154947,23436850.89,8713,4281,3363,963,2106
California,6,alameda,1,2022m8,2022,8,96589,157130,23661716.82,11600,5089,4345,1217,2669
California,6,alameda,1,2022m9,2022,9,98538,159948,22744583,11463,5768,4947,1423,3115
California,6,alameda,1,2022m10,2022,10,84112,132932,29126805,10409,5673,4700,1364,2991
California,6,alameda,1,2022m11,2022,11,101510,163695,29330761,8868,4616,4008,1084,2642
California,6,alameda,1,2022m12,2022,12,102606,165382,29615503,7857,4369,3870,1038,2449
California,6,alameda,1,2023m1,2023,1,103991,167060,28990882,10285,4660,3832,1067,2379
California,6,alameda,1,2023m2,2023,2,104831,168022,28430849,8335,4407,3933,1090,2535
California,6,alameda,1,2023m3,2023,3,105610,169136,28745084,9154,5147,4197,1159,2734
California,6,alameda,1,2023m4,2023,4,98915,159333,28517731,7704,3965,3142,878,1994
California,6,alameda,1,2023m5,2023,5,100514,161416,29002801,9093,4716,3790,1087,2393
California,6,alameda,1,2023m6,2023,6,100979,162285,29013917,8424,4149,3439,956,2136
California,6,alameda,1,2023m7,2023,7,100424,161474,28907666,8476,3739,3538,910,2333
California,6,alameda,1,2023m8,2023,8,101551,163097,29432505,11454,5464,4626,1421,2730
California,6,alameda,1,2023m9,2023,9,99102,159127,28448645,9537,3659,4280,1427,2576
California,6,alameda,1,2023m10,2023,10,102129,161845,31358389,9684,5629,5101,1962,2829
California,6,alameda,1,2023m11,2023,11,102089,162197,31232080,8546,4442,4483,1420,2807
California,6,alameda,1,2023m12,2023,12,102486,162987,31204853,7113,3985,4000,1233,2511
California,6,alameda,1,2024m1,2024,1,103361,164137,31250605,10156,4517,4001,1343,2366
California,6,alameda,1,2024m2,2024,2,93862,149760,30873986,8008,4192,4497,1404,2810
California,6,alpine,3,2016m7,2016,7,93,154,19185, , ,0,0,0
California,6,alpine,3,2016m8,2016,8,89,143,17092, , ,0,0,0
California,6,alpine,3,2016m9,2016,9,90,147,17447, , ,0,0, 
California,6,alpine,3,2016m10,2016,10,88,143,16576, , ,0,0,0
California,6,alpine,3,2016m11,2016,11,90,146,17327, , ,0,0,0
California,6,alpine,3,2016m12,2016,12,90,148,17269, , , ,0, 
California,6,alpine,3,2017m1,2017,1,86,141,17426, , ,0,0, 
California,6,alpine,3,2017m2,2017,2,85,143,17720, , ,0,0,0
California,6,alpine,3,2017m3,2017,3,87,146,18319, , ,0, ,0
California,6,alpine,3,2017m4,2017,4,84,143,16171, , ,0,0,0
California,6,alpine,3,2017m5,2017,5,79,143,17624, , ,0,0,0
California,6,alpine,3,2017m6,2017,6,79,139,16678, , ,0,0,0
California,6,alpine,3,2017m7,2017,7,76,138,16899, , ,0,0,0
California,6,alpine,3,2017m8,2017,8,78,137,17084, , ,0,0,0
California,6,alpine,3,2017m9,2017,9,76,136,15909, , ,0, , 
California,6,alpine,3,2017m10,2017,10,79,144,16717, , ,0, ,0
California,6,alpine,3,2017m11,2017,11,81,144,15803, , ,0,0,0
California,6,alpine,3,2017m12,2017,12,77,136,14599, , ,0,0,0
California,6,alpine,3,2018m1,2018,1,79,139,16226, , ,0,0,0
California,6,alpine,3,2018m2,2018,2,79,141,17024, , ,0,0, 
California,6,alpine,3,2018m3,2018,3,80,147,16675, , ,0,0, 
California,6,alpine,3,2018m4,2018,4,76,133,15296, ,0,0,0, 
California,6,alpine,3,2018m5,2018,5,80,147,17080, , ,0, , 
California,6,alpine,3,2018m6,2018,6,78,138,16338, , ,0,0,0
California,6,alpine,3,2018m7,2018,7,72,122,14937, , ,0,0,0
California,6,alpine,3,2018m8,2018,8,69,118,14416, , ,0,0, 
California,6,alpine,3,2018m9,2018,9,67,114,14203, , ,0,0,0
California,6,alpine,3,2018m10,2018,10,73,124,15616, , ,0, , 
California,6,alpine,3,2018m11,2018,11,72,127,15542, , ,0,0,0
California,6,alpine,3,2018m12,2018,12,70,113,15349, , ,0, , 
California,6,alpine,3,2019m1,2019,1,70,114,27662, , , ,0, 
California,6,alpine,3,2019m2,2019,2,12,28,1877, , ,0,0,0
California,6,alpine,3,2019m3,2019,3,70,118,14626, , ,0,0,0
California,6,alpine,3,2019m4,2019,4,73,127,16172, , ,0,0,0
California,6,alpine,3,2019m5,2019,5,71,119,15284, , ,0,0, 
California,6,alpine,3,2019m6,2019,6,78,125,1647, , ,0, ,0
California,6,alpine,3,2019m7,2019,7,79,132,16271, , , ,0, 
California,6,alpine,3,2019m8,2019,8,79,123,14673, , ,0,0, 
California,6,alpine,3,2019m9,2019,9,74,115,14420, , ,0, ,0
California,6,alpine,3,2019m10,2019,10,72,112,13998, , ,0,0, 
California,6,alpine,3,2019m11,2019,11,70,105,12682, , , ,0, 
California,6,alpine,3,2019m12,2019,12,74,117,13673, , ,0,0,0
California,6,alpine,3,2020m1,2020,1,77,126,14377, , ,0, , 
California,6,alpine,3,2020m2,2020,2,69,116,13049, , ,0,0, 
California,6,alpine,3,2020m3,2020,3,72,120,13779,15, , , ,0
California,6,alpine,3,2020m4,2020,4,86,138,23937,16,11,6, , 
California,6,alpine,3,2020m5,2020,5,92,148,26676, , ,0, , 
California,6,alpine,3,2020m6,2020,6,79,128,23953, , ,0, , 
California,6,alpine,3,2020m7,2020,7,73,118,20852, , ,0,0, 
California,6,alpine,3,2020m8,2020,8,69,113,19948, , ,0,0,0
California,6,alpine,3,2020m9,2020,9,66,109,19584, , ,0,0, 
California,6,alpine,3,2020m10,2020,10,63,105,20069, , ,0,0, 
California,6,alpine,3,2020m11,2020,11,60,100,18572, , , ,0, 
California,6,alpine,3,2020m12,2020,12,59,93,18343, , , , ,0
California,6,alpine,3,2021m1,2021,1,62,101,19393, , ,0,0, 
California,6,alpine,3,2021m2,2021,2,66,113,26149, , ,0,0,0
California,6,alpine,3,2021m3,2021,3,67,118,24598, , ,0,0, 
California,6,alpine,3,2021m4,2021,4,66,120,24852, , , ,0, 
California,6,alpine,3,2021m5,2021,5,63,117,28063, , ,0, , 
California,6,alpine,3,2021m6,2021,6,62,116,27356, , ,0,0, 
California,6,alpine,3,2021m7,2021,7,61,119,27588, , ,0,0, 
California,6,alpine,3,2021m8,2021,8,63,125,30234, , ,0,0, 
California,6,alpine,3,2021m9,2021,9,64,124,29300, , ,0, , 
California,6,alpine,3,2021m10,2021,10,64,127,32362,11, , , , 
California,6,alpine,3,2021m11,2021,11,67,129,31734, , , , , 
California,6,alpine,3,2021m12,2021,12,63,122,30002, , , ,0, 
California,6,alpine,3,2022m1,2022,1,63,118,29373, , ,0,0, 
California,6,alpine,3,2022m2,2022,2,67,122,29763,12, , ,0, 
California,6,alpine,3,2022m3,2022,3,71,128,30676, , ,0,0, 
California,6,alpine,3,2022m4,2022,4,71,128,32313, , ,0, , 
California,6,alpine,3,2022m5,2022,5,65,117,29700, , ,0, ,0
California,6,alpine,3,2022m6,2022,6,68,123,30423, , ,0,0, 
California,6,alpine,3,2022m7,2022,7,68,121,29995, , ,0, , 
California,6,alpine,3,2022m8,2022,8,67,121,30379, , ,0,0,0
California,6,alpine,3,2022m9,2022,9,67,122,30334, , ,0,0,0
California,6,alpine,3,2022m10,2022,10,75,129,35084, , ,0,0,0
California,6,alpine,3,2022m11,2022,11,77,133,39893, , ,0,0,0
California,6,alpine,3,2022m12,2022,12,77,134,37779, , ,0,0, 
California,6,alpine,3,2023m1,2023,1,78,140,37038, , ,0,0, 
California,6,alpine,3,2023m2,2023,2,81,144,40023, , ,0,0, 
California,6,alpine,3,2023m3,2023,3,87,154,42259, , ,0,0, 
California,6,alpine,3,2023m4,2023,4,85,145,26373, , ,0,0,0
California,6,alpine,3,2023m5,2023,5,95,165,30728, , ,0, , 
California,6,alpine,3,2023m6,2023,6,93,169,30404, , , , , 
California,6,alpine,3,2023m7,2023,7,98,178,32151, , ,0,0,0
California,6,alpine,3,2023m8,2023,8,105,192,31238,13,11,0,0,0
California,6,alpine,3,2023m9,2023,9,100,183,31678, , ,0,0,0
California,6,alpine,3,2023m10,2023,10,98,179,36066, , ,0, ,0
California,6,alpine,3,2023m11,2023,11,98,182,33696, , ,0, , 
California,6,alpine,3,2023m12,2023,12,102,178,34990, , , , ,0
California,6,alpine,3,2024m1,2024,1,102,181,33683, , ,0,0,0
California,6,alpine,3,2024m2,2024,2,99,173,33882, , ,0,0, 
California,6,amador,5,2016m7,2016,7,1764,3321,447974,38,71,41,32,0
California,6,amador,5,2016m8,2016,8,1748,3292,444227,30,73,49,40,0
California,6,amador,5,2016m9,2016,9,1733,3280,436980,134,81,45,16,24
California,6,amador,5,2016m10,2016,10,1728,3264,433269,103,82,30,13,11
California,6,amador,5,2016m11,2016,11,1734,3235,425040,136,89,43,15,21
California,6,amador,5,2016m12,2016,12,1715,3207,426292,125,80,45,18,19
California,6,amador,5,2017m1,2017,1,1699,3158,411904,144,79,39,21,16
California,6,amador,5,2017m2,2017,2,1693,3148,413365,113,90,41,17,19
California,6,amador,5,2017m3,2017,3,1699,3123,412990,106,80,37,13,15
California,6,amador,5,2017m4,2017,4,1668,3073,405693,112,56,33,17,13
California,6,amador,5,2017m5,2017,5,1664,3037,399857,109,81,42,20,16
California,6,amador,5,2017m6,2017,6,1651,2997,396063,113,77,37,14,16
California,6,amador,5,2017m7,2017,7,1647,2990,392151,122,89,46,22,16
California,6,amador,5,2017m8,2017,8,1665,3007,396786,128,79,34,13,13
California,6,amador,5,2017m9,2017,9,1650,2990,386323,133,91,29,13,11
California,6,amador,5,2017m10,2017,10,1647,2997,382732,108,75,52,16,27
California,6,amador,5,2017m11,2017,11,1607,2925,371382,115,65,48, , 
California,6,amador,5,2017m12,2017,12,1609,2939,375791,111,77,38, , 
California,6,amador,5,2018m1,2018,1,1609,2915,378707,144,85,43, , 
California,6,amador,5,2018m2,2018,2,1570,2834,363922,112,74,45, , 
California,6,amador,5,2018m3,2018,3,1557,2813,362695,117,73,41,15,21
California,6,amador,5,2018m4,2018,4,1547,2776,352746,126,78,37,14,21
California,6,amador,5,2018m5,2018,5,1581,2842,365156,112,73,56, , 
California,6,amador,5,2018m6,2018,6,1524,2747,352537,122,62,43, , 
California,6,amador,5,2018m7,2018,7,1504,2691,351850,115,73,46,15,25
California,6,amador,5,2018m8,2018,8,1504,2694,351731,153,84,64,20,33
California,6,amador,5,2018m9,2018,9,1478,2610,340830,122,67,50, , 
California,6,amador,5,2018m10,2018,10,1473,2585,339963,139,91,49,13,25
California,6,amador,5,2018m11,2018,11,1461,2573,341986,116,83,42, , 
California,6,amador,5,2018m12,2018,12,1439,2525,333382,110,64,37, , 
California,6,amador,5,2019m1,2019,1,1460,2568,607423,154,94,52,12,33
California,6,amador,5,2019m2,2019,2,266,524,56485,102,66,37, , 
California,6,amador,5,2019m3,2019,3,1428,2559,329413,129,77,50,11,26
California,6,amador,5,2019m4,2019,4,1385,2461,314732,118,68,47, , 
California,6,amador,5,2019m5,2019,5,1381,2456,308535,167,69,57,11,41
California,6,amador,5,2019m6,2019,6,1430,2503,311467,205,109,97,31,54
California,6,amador,5,2019m7,2019,7,1459,2549,314107,192,110,79,17,44
California,6,amador,5,2019m8,2019,8,1475,2575,311354,159,98,68, , 
California,6,amador,5,2019m9,2019,9,1490,2581,309807,154,86,65,12,39
California,6,amador,5,2019m10,2019,10,1490,2561,434084,151,73,79, , 
California,6,amador,5,2019m11,2019,11,1478,2543,320895,132,72,61, , 
California,6,amador,5,2019m12,2019,12,1469,2537,302616,142,88,49, , 
California,6,amador,5,2020m1,2020,1,1494,2586,305508,171,95,59,12,39
California,6,amador,5,2020m2,2020,2,1492,2584,305552,131,79,60, , 
California,6,amador,5,2020m3,2020,3,1482,2531,303908,164,72,51, , 
California,6,amador,5,2020m4,2020,4,1609,2776,488771,211,106,129,19,78
California,6,amador,5,2020m5,2020,5,1690,2927,526419,149,71,100,17,58
California,6,amador,5,2020m6,2020,6,1646,2827,507629,102,32,77,17,44
California,6,amador,5,2020m7,2020,7,1518,2541,463490,109,32,69,16,39
California,6,amador,5,2020m8,2020,8,1489,2503,438002,155,53,52, , 
California,6,amador,5,2020m9,2020,9,1512,2582,495982,159,80,77,12,57
California,6,amador,5,2020m10,2020,10,1497,2573,488549,141,67,83,12,54
California,6,amador,5,2020m11,2020,11,1472,2529,472010,141,65,70, , 
California,6,amador,5,2020m12,2020,12,1462,2517,478471,236,66,100, , 
California,6,amador,5,2021m1,2021,1,1476,2515,475560,212,63,123,20,87
California,6,amador,5,2021m2,2021,2,1503,2563,630611,158,89,115, , 
California,6,amador,5,2021m3,2021,3,1549,2650,576056,158,97,111,13,86
California,6,amador,5,2021m4,2021,4,1560,2639,589662,142,67,79,12,56
California,6,amador,5,2021m5,2021,5,1546,2635,631825,99,59,46, , 
California,6,amador,5,2021m6,2021,6,1516,2581,616640,190,56,85, , 
California,6,amador,5,2021m7,2021,7,1548,2633,632133,212,87,93, , 
California,6,amador,5,2021m8,2021,8,1549,2621,633861,201,71,114, , 
California,6,amador,5,2021m9,2021,9,1560,2677,656627,245,73,93, , 
California,6,amador,5,2021m10,2021,10,1606,2735,738688,208,100,94, , 
California,6,amador,5,2021m11,2021,11,1671,2817,743422,254,120,82, , 
California,6,amador,5,2021m12,2021,12,1721,2912,777629,171,116,122,22,86
California,6,amador,5,2022m1,2022,1,1770,3015,806101,199,114,113,12,74
California,6,amador,5,2022m2,2022,2,1807,3044,802843,174,102,89, , 
California,6,amador,5,2022m3,2022,3,1855,3168,836764,190,108,97,11,65
California,6,amador,5,2022m4,2022,4,1918,3329,867521,178,114,89,17,62
California,6,amador,5,2022m5,2022,5,1967,3413,887808,177,110,63,13,47
California,6,amador,5,2022m6,2022,6,2039,3519,902072,188,107,91,21,61
California,6,amador,5,2022m7,2022,7,2071,3594,914307,206,102,83,16,59
California,6,amador,5,2022m8,2022,8,2157,3716,954284,239,139,101,24,69
California,6,amador,5,2022m9,2022,9,2223,3843,972464,181,110,74,19,48
California,6,amador,5,2022m10,2022,10,2265,3905,1134438,186,97,81,19,55
California,6,amador,5,2022m11,2022,11,2301,3971,1578966,154,101,52,16,31
California,6,amador,5,2022m12,2022,12,2359,4049,1136312,178,102,60,20,31
California,6,amador,5,2023m1,2023,1,2369,4069,1139770,226,99,79,33,33
California,6,amador,5,2023m2,2023,2,2381,4078,1160316,155,102,73,20,43
California,6,amador,5,2023m3,2023,3,2474,4242,1230073,194,145,90,21,56
California,6,amador,5,2023m4,2023,4,2430,4154,1041597, , , , , 
California,6,amador,5,2023m5,2023,5,2469,4190,713125,179,97,65,22,40
California,6,amador,5,2023m6,2023,6,2483,4187,717854,181,102,86,28,48
California,6,amador,5,2023m7,2023,7,2499,4221,726983, , , , , 
California,6,amador,5,2023m8,2023,8,2532,4257,727730,195,122,66,32,27
California,6,amador,5,2023m9,2023,9,2533,4247,728987,173,108,71,34,27
California,6,amador,5,2023m10,2023,10,2552,4274,785506,174,107,76,29,38
California,6,amador,5,2023m11,2023,11,2569,4310,783882,147,94,42, , 
California,6,amador,5,2023m12,2023,12,2599,4346,791636,157,98,50,17,24
California,6,amador,5,2024m1,2024,1,2591,4320,777632,200,109,57,20,27
California,6,amador,5,2024m2,2024,2,2605,4319,771249,128,87,50,23,22
California,6,butte,7,2016m7,2016,7,16974,32165,4374253,1245,701,537,195,281
California,6,butte,7,2016m8,2016,8,16981,32126,4393362,1964,862,636,240,326
California,6,butte,7,2016m9,2016,9,16877,31886,4360935,1655,918,853,283,458
California,6,butte,7,2016m10,2016,10,16869,31819,4375228,1535,847,789,295,391
California,6,butte,7,2016m11,2016,11,16854,31626,4320369,1285,811,659,225,354
California,6,butte,7,2016m12,2016,12,16810,31550,4284497,1239,803,557,193,332
California,6,butte,7,2017m1,2017,1,16579,31092,4210528,1681,779,537,157,321
California,6,butte,7,2017m2,2017,2,16426,30825,4201574,1236,757,589,182,353
California,6,butte,7,2017m3,2017,3,16664,31098,4287151,1360,848,637,214,360
California,6,butte,7,2017m4,2017,4,16636,30944,4246042,1339,756,589,182,350
California,6,butte,7,2017m5,2017,5,16759,31054,4262291,1304,788,599,197,339
California,6,butte,7,2017m6,2017,6,16843,31147,4240053,1294,744,561,185,308
California,6,butte,7,2017m7,2017,7,16651,30937,4189469,1345,728,524,166,284
California,6,butte,7,2017m8,2017,8,16544,30858,4186517,1955,886,752,211,451
California,6,butte,7,2017m9,2017,9,16547,30767,4171400,1615,904,779,76,640
California,6,butte,7,2017m10,2017,10,16660,30804,4185591,1715,896,843,105,648
California,6,butte,7,2017m11,2017,11,16760,30879,4178130,1556,860,725,83,576
California,6,butte,7,2017m12,2017,12,16845,30881,4171801,1291,799,725,76,585
California,6,butte,7,2018m1,2018,1,17012,31060,4204856,1967,915,705,59,567
California,6,butte,7,2018m2,2018,2,16903,30858,4158796,1377,802,712,72,566
California,6,butte,7,2018m3,2018,3,17067,30964,4195629,1401,740,799,83,631
California,6,butte,7,2018m4,2018,4,17093,30912,4170859,1520,778,690,54,546
California,6,butte,7,2018m5,2018,5,17113,30967,4179181,1408,786,711,77,534
California,6,butte,7,2018m6,2018,6,17171,31082,4155713,1386,676,684,79,518
California,6,butte,7,2018m7,2018,7,16757,30508,4066063,1543,682,709,89,520
California,6,butte,7,2018m8,2018,8,16651,30414,4039049,2329,911,909,98,687
California,6,butte,7,2018m9,2018,9,16571,30060,3993320,1945,798,1051,86,835
California,6,butte,7,2018m10,2018,10,16778,30174,4106952,2000,945,1207,112,943
California,6,butte,7,2018m11,2018,11,16661,29849,4305207,1734,733,962,61,791
California,6,butte,7,2018m12,2018,12,16688,29896,5052002,2241,1460,1053,151,737
California,6,butte,7,2019m1,2019,1,16535,29634,7209609,2043,1007,932,83,722
California,6,butte,7,2019m2,2019,2,3060,5760,734685,1198,653,818,50,650
California,6,butte,7,2019m3,2019,3,15900,28424,3827653,1329,722,835,64,689
California,6,butte,7,2019m4,2019,4,15595,27767,3721104,1382,699,674,52,531
California,6,butte,7,2019m5,2019,5,15384,27344,3657554,2418,614,992,319,579
California,6,butte,7,2019m6,2019,6,16161,27945,3652391,2406,868,1264,482,683
California,6,butte,7,2019m7,2019,7,16541,28433,3657217,2057,1242,1045,156,762
California,6,butte,7,2019m8,2019,8,16647,28566,3560725,2381,1015,947,74,763
California,6,butte,7,2019m9,2019,9,16651,28577,3516346,2020,931,1207,103,971
California,6,butte,7,2019m10,2019,10,16868,28654,4010866,1780,993,1215,112,992
California,6,butte,7,2019m11,2019,11,16884,28548,3509728,1375,779,830,90,644
California,6,butte,7,2019m12,2019,12,17033,28688,3500210,1492,759,781,65,629
California,6,butte,7,2020m1,2020,1,17028,28648,3504705,1901,799,751,58,597
California,6,butte,7,2020m2,2020,2,16964,28535,3450730,1420,751,730,79,580
California,6,butte,7,2020m3,2020,3,17053,28521,3492449,1841,789,885,84,708
California,6,butte,7,2020m4,2020,4,18812,31203,5531735,2264,1630,1139,182,774
California,6,butte,7,2020m5,2020,5,19681,32491,5903749,1305,875,859,166,528
California,6,butte,7,2020m6,2020,6,19728,32357,5878955,1195,621,545,86,347
California,6,butte,7,2020m7,2020,7,18528,30236,5418275,1253,574,580,99,361
California,6,butte,7,2020m8,2020,8,17921,29244,5228706,1848,790,609,129,400
California,6,butte,7,2020m9,2020,9,17666,28943,5273479,1575,655,835,86,649
California,6,butte,7,2020m10,2020,10,17108,28177,5538067,1422,756,852,107,657
California,6,butte,7,2020m11,2020,11,16731,27522,5381493,1379,724,577,65,447
California,6,butte,7,2020m12,2020,12,16485,27247,5217258,1872,928,822,65,663
California,6,butte,7,2021m1,2021,1,16623,27476,5196078,1670,802,807,66,644
California,6,butte,7,2021m2,2021,2,16762,27675,6809028,1600,851,789,70,627
California,6,butte,7,2021m3,2021,3,17056,28148,6126068,1419,905,922,90,716
California,6,butte,7,2021m4,2021,4,17110,28272,6214087,1230,747,635,67,499
California,6,butte,7,2021m5,2021,5,17004,28274,6878351,1148,631,490,53,382
California,6,butte,7,2021m6,2021,6,17030,28470,6865061,1790,893,642,56,503
California,6,butte,7,2021m7,2021,7,17247,28791,7024135,1742,870,640,54,464
California,6,butte,7,2021m8,2021,8,17630,29139,7077350,2796,1252,878,111,629
California,6,butte,7,2021m9,2021,9,18340,30085,7353240,2399,1403,892,133,589
California,6,butte,7,2021m10,2021,10,18824,30711,8244396,2073,1311,993,187,633
California,6,butte,7,2021m11,2021,11,19252,31269,8282566,1773,1173,750,173,468
California,6,butte,7,2021m12,2021,12,19518,31614,8417912,1666,1154,784,179,478
California,6,butte,7,2022m1,2022,1,19793,31941,8521829,2200,1309,674,140,397
California,6,butte,7,2022m2,2022,2,19804,32026,8586970,1933,1183,697,164,406
California,6,butte,7,2022m3,2022,3,20140,32528,8630364,1792,1224,857,219,502
California,6,butte,7,2022m4,2022,4,20399,32924,8658247,1642,1070,678,163,403
California,6,butte,7,2022m5,2022,5,20771,33380,8853425,1578,1012,619,147,342
California,6,butte,7,2022m6,2022,6,21096,33868,8901205,1762,983,589,166,304
California,6,butte,7,2022m7,2022,7,21325,34272,9022572,1843,1116,600,177,302
California,6,butte,7,2022m8,2022,8,21892,35091,9258453,2981,1516,744,192,373
California,6,butte,7,2022m9,2022,9,22409,35724,9336963,2550,1492,908,278,467
California,6,butte,7,2022m10,2022,10,22915,36334,10808820,2212,1291,756,258,349
California,6,butte,7,2022m11,2022,11,23315,36777,10933199,1896,1255,624,201,304
California,6,butte,7,2022m12,2022,12,23659,37261,11025266,1638,1122,704,232,352
California,6,butte,7,2023m1,2023,1,23912,37613,11000994,2236,1229,730,201,395
California,6,butte,7,2023m2,2023,2,23930,37626,11314648,1834,1155,667,199,351
California,6,butte,7,2023m3,2023,3,24528,38500,11582077,1829,1313,806,235,403
California,6,butte,7,2023m4,2023,4,24346,38345,7390849,1506,1017,693,185,371
California,6,butte,7,2023m5,2023,5,24706,38926,7161633,1662,1104,701,193,373
California,6,butte,7,2023m6,2023,6,25051,39524,7209986,1644,1119,676,195,350
California,6,butte,7,2023m7,2023,7,25016,39591,7229552,1775,1032,659,210,330
California,6,butte,7,2023m8,2023,8,25144,39742,7303680,2808,1365,749,207,378
California,6,butte,7,2023m9,2023,9,25162,39712,7284621,2239,1332,749,258,369
California,6,butte,7,2023m10,2023,10,25705,40256,7950731,2128,1389,829,300,386
California,6,butte,7,2023m11,2023,11,25896,40486,7954362,1626,1080,657,199,345
California,6,butte,7,2023m12,2023,12,26199,40951,8150008,1467,1039,681,201,363
California,6,butte,7,2024m1,2024,1,26410,41197,8195451,2204,1190,656,191,355
California,6,butte,7,2024m2,2024,2,26451,41408,8088878,1744,1200,644,181,343
California,6,calaveras,9,2016m7,2016,7,2775,5125,682041,195,140,39,13,19
California,6,calaveras,9,2016m8,2016,8,2811,5205,697675,204,155,58,20,32
California,6,calaveras,9,2016m9,2016,9,2807,5203,695497,175,119,42,15,20
California,6,calaveras,9,2016m10,2016,10,2839,5210,697895,172,131,46,19,18
California,6,calaveras,9,2016m11,2016,11,2836,5175,693201,212,145,40,18,16
California,6,calaveras,9,2016m12,2016,12,2835,5170,678924,173,147,46,24,15
California,6,calaveras,9,2017m1,2017,1,2818,5079,668793,247,136,53,27,18
California,6,calaveras,9,2017m2,2017,2,2817,5090,673558,186,165,63,35,20
California,6,calaveras,9,2017m3,2017,3,2814,5084,681338,171,135,52,21,23
California,6,calaveras,9,2017m4,2017,4,2798,5067,670969,174,129,46,17,21
California,6,calaveras,9,2017m5,2017,5,2783,5016,670188,175,133,30,13,12
California,6,calaveras,9,2017m6,2017,6,2799,5029,675480,197,140,48,23,18
California,6,calaveras,9,2017m7,2017,7,2777,4963,666732,181,131,54,26,23
California,6,calaveras,9,2017m8,2017,8,2797,5009,666476,254,170,65,30,23
California,6,calaveras,9,2017m9,2017,9,2788,5005,657471,165,118,62,18,38
California,6,calaveras,9,2017m10,2017,10,2777,4968,649267,197,113,50,16,29
California,6,calaveras,9,2017m11,2017,11,2737,4949,650946,187,126,70,21,42
California,6,calaveras,9,2017m12,2017,12,2762,4985,655308,182,121,64, , 
California,6,calaveras,9,2018m1,2018,1,2792,5027,654968,252,146,77,21,44
California,6,calaveras,9,2018m2,2018,2,2777,5027,647401,167,123,58,19,34
California,6,calaveras,9,2018m3,2018,3,2777,5020,655934,193,132,72,12,51
California,6,calaveras,9,2018m4,2018,4,2780,4988,648709,190,111,64,16,42
California,6,calaveras,9,2018m5,2018,5,2775,4961,648146,174,117,69,17,43
California,6,calaveras,9,2018m6,2018,6,2789,4967,648924,204,132,48,15,33
California,6,calaveras,9,2018m7,2018,7,2741,4868,634090,167,114,41, , 
California,6,calaveras,9,2018m8,2018,8,2728,4836,633793,191,149,51,13,29
California,6,calaveras,9,2018m9,2018,9,2691,4741,614021,161,107,58,15,39
California,6,calaveras,9,2018m10,2018,10,2661,4665,650165,159,98,67,25,37
California,6,calaveras,9,2018m11,2018,11,2627,4592,603964,176,106,55, , 
California,6,calaveras,9,2018m12,2018,12,2590,4524,595694,170,129,37, , 
California,6,calaveras,9,2019m1,2019,1,2586,4553,1109846,221,154,70,16,48
California,6,calaveras,9,2019m2,2019,2,354,686,83475,147,111,45,11,29
California,6,calaveras,9,2019m3,2019,3,2557,4486,592941,195,122,47,12,26
California,6,calaveras,9,2019m4,2019,4,2561,4522,595892,190,157,70,26,38
California,6,calaveras,9,2019m5,2019,5,2593,4542,592393,297,109,107,52,46
California,6,calaveras,9,2019m6,2019,6,2708,4643,604029,286,175,125,50,63
California,6,calaveras,9,2019m7,2019,7,2759,4672,601319,240,187,81,25,50
California,6,calaveras,9,2019m8,2019,8,2807,4804,611634,266,173,102,29,57
California,6,calaveras,9,2019m9,2019,9,2822,4814,606932,212,145,77,23,48
California,6,calaveras,9,2019m10,2019,10,2827,4820,825346,213,122,72,15,47
California,6,calaveras,9,2019m11,2019,11,2824,4793,632448,193,113,71,18,45
California,6,calaveras,9,2019m12,2019,12,2858,4870,607694,199,132,81,11,53
California,6,calaveras,9,2020m1,2020,1,2870,4907,599539,245,140,80, , 
California,6,calaveras,9,2020m2,2020,2,2882,4950,601785,190,136,71,20,39
California,6,calaveras,9,2020m3,2020,3,2903,5019,614136,267,134,73,24,43
California,6,calaveras,9,2020m4,2020,4,3101,5420,952241,315,207,133,50,63
California,6,calaveras,9,2020m5,2020,5,3188,5584,1009765,164,108,91,26,47
California,6,calaveras,9,2020m6,2020,6,3138,5400,971192,167,85,82,20,46
California,6,calaveras,9,2020m7,2020,7,2955,5032,900213,172,82,86,17,45
California,6,calaveras,9,2020m8,2020,8,2920,4979,876748,215,115,77,13,52
California,6,calaveras,9,2020m9,2020,9,2875,4922,925843,166,112,73, , 
California,6,calaveras,9,2020m10,2020,10,2793,4804,903303,202,107,83,13,61
California,6,calaveras,9,2020m11,2020,11,2756,4743,982527,197,122,74,15,48
California,6,calaveras,9,2020m12,2020,12,2778,4818,890584,278,163,91,19,56
California,6,calaveras,9,2021m1,2021,1,2830,4888,899206,193,128,86,21,48
California,6,calaveras,9,2021m2,2021,2,2824,4876,1180071,207,107,87, , 
California,6,calaveras,9,2021m3,2021,3,2839,4855,1041948,203,119,96,13, 
California,6,calaveras,9,2021m4,2021,4,2816,4799,1045455,166,90,72, , 
California,6,calaveras,9,2021m5,2021,5,2816,4825,1171349,164,93,65, , 
California,6,calaveras,9,2021m6,2021,6,2816,4854,1160847,314,122,145,18,99
California,6,calaveras,9,2021m7,2021,7,2810,4824,1172883,217,101,98,12,66
California,6,calaveras,9,2021m8,2021,8,2852,4866,1168351,272,157,105,14,67
California,6,calaveras,9,2021m9,2021,9,2874,4929,1196913,295,127,128,27,81
California,6,calaveras,9,2021m10,2021,10,2911,4986,1311914,262,125,93,16,68
California,6,calaveras,9,2021m11,2021,11,2946,5031,1303473,268,150,108,21,65
California,6,calaveras,9,2021m12,2021,12,2969,5047,1349512,213,183,152,23,103
California,6,calaveras,9,2022m1,2022,1,2981,5084,1411104,300,128,112,19,79
California,6,calaveras,9,2022m2,2022,2,3031,5155,1345973,240,152,81,17,49
California,6,calaveras,9,2022m3,2022,3,3079,5177,1359505,244,160,109,20,73
California,6,calaveras,9,2022m4,2022,4,3099,5203,1348138,226,128,99,19,66
California,6,calaveras,9,2022m5,2022,5,3130,5255,1374526,239,143,85,15,46
California,6,calaveras,9,2022m6,2022,6,3204,5381,1395365,264,148,81,15,42
California,6,calaveras,9,2022m7,2022,7,3247,5423,1420046,251,145,93,23,46
California,6,calaveras,9,2022m8,2022,8,3323,5603,1466672,293,177,156,26,74
California,6,calaveras,9,2022m9,2022,9,3365,5660,1458878,249,143,122,36,53
California,6,calaveras,9,2022m10,2022,10,3400,5679,1651198,240,136,94,31,31
California,6,calaveras,9,2022m11,2022,11,3417,5716,1646522,221,134,85,25,35
California,6,calaveras,9,2022m12,2022,12,3456,5806,1671815,245,147,82,23,39
California,6,calaveras,9,2023m1,2023,1,3451,5806,1622027,263,139,99,27,45
California,6,calaveras,9,2023m2,2023,2,3516,5907,2081805,223,162,86,18,49
California,6,calaveras,9,2023m3,2023,3,3539,5941,1730211,268,128,110,23,62
California,6,calaveras,9,2023m4,2023,4,3556,5931,1203712,192,130,88,21,49
California,6,calaveras,9,2023m5,2023,5,3603,6003,1057413,215,137,107,29,61
California,6,calaveras,9,2023m6,2023,6,3616,6004,1049698,231,130,82,29,38
California,6,calaveras,9,2023m7,2023,7,3647,6075,1061924,221,110,82,28,41
California,6,calaveras,9,2023m8,2023,8,3692,6124,1063860,245,150,105,41,39
California,6,calaveras,9,2023m9,2023,9,3702,6192,1101588,245,133,101,37,41
California,6,calaveras,9,2023m10,2023,10,3777,6279,1166464,234,161,93,35,45
California,6,calaveras,9,2023m11,2023,11,3824,6318,1163527,242,140,97,30,44
California,6,calaveras,9,2023m12,2023,12,3845,6360,1181575,213,136,80,21,46
California,6,calaveras,9,2024m1,2024,1,3903,6448,1172860,284,165,100,18,60
California,6,calaveras,9,2024m2,2024,2,3958,6534,1190215,239,156,87,23,43
California,6,colusa,11,2016m7,2016,7,626,1399,178848,61,26,25, , 
California,6,colusa,11,2016m8,2016,8,644,1445,192731,73,38,41,13,28
California,6,colusa,11,2016m9,2016,9,641,1464,192589,52,27,24, , 
California,6,colusa,11,2016m10,2016,10,627,1425,182127,53,21,33, , 
California,6,colusa,11,2016m11,2016,11,628,1449,183503,76,35,29,14,14
California,6,colusa,11,2016m12,2016,12,639,1491,191087,72,49,31, , 
California,6,colusa,11,2017m1,2017,1,674,1578,199514,96,62,31,13,17
California,6,colusa,11,2017m2,2017,2,676,1599,201110,54,45,26, , 
California,6,colusa,11,2017m3,2017,3,688,1625,204005,50,26,25, , 
California,6,colusa,11,2017m4,2017,4,696,1642,205000,53,33,20, , 
California,6,colusa,11,2017m5,2017,5,700,1620,202761,67,33,30, , 
California,6,colusa,11,2017m6,2017,6,695,1580,192149,60,28,30,11,19
California,6,colusa,11,2017m7,2017,7,682,1522,185725,60,27,24, , 
California,6,colusa,11,2017m8,2017,8,685,1527,187381,69,38,33,11,18
California,6,colusa,11,2017m9,2017,9,684,1502,184505,58,27,25, , 
California,6,colusa,11,2017m10,2017,10,681,1487,177315,65,35,27, , 
California,6,colusa,11,2017m11,2017,11,657,1432,173178,70,31,39,12,27
California,6,colusa,11,2017m12,2017,12,666,1437,179284,86,46,30, , 
California,6,colusa,11,2018m1,2018,1,678,1481,189511,90,42,43, , 
California,6,colusa,11,2018m2,2018,2,668,1470,187682,49,34,28, , 
California,6,colusa,11,2018m3,2018,3,693,1493,188748,56,34,35, , 
California,6,colusa,11,2018m4,2018,4,683,1479,189179,62,32,23, , 
California,6,colusa,11,2018m5,2018,5,682,1446,180974,75,37,26, , 
California,6,colusa,11,2018m6,2018,6,650,1408,171988,65,34,33, , 
California,6,colusa,11,2018m7,2018,7,654,1409,173512,85,42,37, , 
California,6,colusa,11,2018m8,2018,8,644,1369,165739,96,42,51, , 
California,6,colusa,11,2018m9,2018,9,606,1301,156416,71,26,37, , 
California,6,colusa,11,2018m10,2018,10,635,1353,164832,80,45,50, , 
California,6,colusa,11,2018m11,2018,11,625,1335,161108,76,42,37, , 
California,6,colusa,11,2018m12,2018,12,623,1331,165575,56,31,28, , 
California,6,colusa,11,2019m1,2019,1,643,1392,314806,88,35,40, , 
California,6,colusa,11,2019m2,2019,2,139,301,34097,80,39,44, , 
California,6,colusa,11,2019m3,2019,3,631,1363,173900,57,29,34,12,22
California,6,colusa,11,2019m4,2019,4,633,1358,165881,54,24,30, , 
California,6,colusa,11,2019m5,2019,5,633,1354,168764,92,32,25, , 
California,6,colusa,11,2019m6,2019,6,630,1334,156940,119,39,46,14,32
California,6,colusa,11,2019m7,2019,7,667,1393,163119,82,60,52,12,36
California,6,colusa,11,2019m8,2019,8,692,1432,165363,76,53,48, , 
California,6,colusa,11,2019m9,2019,9,677,1408,158059,69,24,37, , 
California,6,colusa,11,2019m10,2019,10,696,1429,163605,75,40,34, , 
California,6,colusa,11,2019m11,2019,11,706,1465,171612,62,43,29, , 
California,6,colusa,11,2019m12,2019,12,723,1483,171060,69,33,30, , 
California,6,colusa,11,2020m1,2020,1,733,1509,174318,82,46,27, , 
California,6,colusa,11,2020m2,2020,2,734,1510,176730,79,37,34, , 
California,6,colusa,11,2020m3,2020,3,765,1591,184269,63,38,38, , 
California,6,colusa,11,2020m4,2020,4,864,1820,207160,123,102,34,22,11
California,6,colusa,11,2020m5,2020,5,910,1923,213057,83,48,30, , 
California,6,colusa,11,2020m6,2020,6,934,1958,214122,77,47,25, , 
California,6,colusa,11,2020m7,2020,7,902,1898,201622,63,39,22, , 
California,6,colusa,11,2020m8,2020,8,921,1908,202713,85,48,31, , 
California,6,colusa,11,2020m9,2020,9,926,1893,199031,59,50,19, , 
California,6,colusa,11,2020m10,2020,10,892,1786,199240,58,41,15, , 
California,6,colusa,11,2020m11,2020,11,888,1785,205632,82,52,16, , 
California,6,colusa,11,2020m12,2020,12,927,1857,211777,95,75,24, , 
California,6,colusa,11,2021m1,2021,1,956,1907,217723,87,68,23, , 
California,6,colusa,11,2021m2,2021,2,986,1956,329618,74, ,0, , 
California,6,colusa,11,2021m3,2021,3,1014,2003,282593,81,55,27, , 
California,6,colusa,11,2021m4,2021,4,1020,2011,281430,55,46,13, , 
California,6,colusa,11,2021m5,2021,5,1015,1990,274829,53,34,14, , 
California,6,colusa,11,2021m6,2021,6,1021,2009,267060,103,69,18, , 
California,6,colusa,11,2021m7,2021,7,1037,2034,269778,80,43,32,11,19
California,6,colusa,11,2021m8,2021,8,1019,2014,258416,101,43,43,11,28
California,6,colusa,11,2021m9,2021,9,1054,2077,274433,102,55,31, , 
California,6,colusa,11,2021m10,2021,10,1057,2109,320144,102,63,50, , 
California,6,colusa,11,2021m11,2021,11,1096,2158,336385,106,67,52, , 
California,6,colusa,11,2021m12,2021,12,1097,2177,336645,105,65,52, , 
California,6,colusa,11,2022m1,2022,1,1090,2161,329843,112,44,23, , 
California,6,colusa,11,2022m2,2022,2,1092,2156,331187,98,45,46, , 
California,6,colusa,11,2022m3,2022,3,1114,2208,340399,98,67,54,12,35
California,6,colusa,11,2022m4,2022,4,1113,2184,331173,103,59,44,12,29
California,6,colusa,11,2022m5,2022,5,1138,2241,329180,117,70,36, , 
California,6,colusa,11,2022m6,2022,6,1170,2297,337898,129,80,51,17,23
California,6,colusa,11,2022m7,2022,7,1216,2384,349764,118,69,56,11,37
California,6,colusa,11,2022m8,2022,8,1271,2496,367399,173,87,79,41,32
California,6,colusa,11,2022m9,2022,9,1292,2530,359301,120,72,42, , 
California,6,colusa,11,2022m10,2022,10,1317,2568,437192,134,64,67,20,30
California,6,colusa,11,2022m11,2022,11,1335,2612,442193,147,84,67,15,46
California,6,colusa,11,2022m12,2022,12,1381,2739,458260,135,80,69,17,44
California,6,colusa,11,2023m1,2023,1,1418,2798,466921,156,88,46, , 
California,6,colusa,11,2023m2,2023,2,1445,2850,461282,106,65,57,13,35
California,6,colusa,11,2023m3,2023,3,1458,2882,464727,106,68,44,14,22
California,6,colusa,11,2023m4,2023,4,1454,2886,468360,110,49,45, , 
California,6,colusa,11,2023m5,2023,5,1460,2874,463463,104,65,47,12,24
California,6,colusa,11,2023m6,2023,6,1462,2878,458878,80,53,40, , 
California,6,colusa,11,2023m7,2023,7,1438,2808,443361,91,54,28, , 
California,6,colusa,11,2023m8,2023,8,1411,2782,441327,108,47,50,14,21
California,6,colusa,11,2023m9,2023,9,1425,2788,442889,107,52,48,13,27
California,6,colusa,11,2023m10,2023,10,1422,2745,468384,93,62,51,19,25
California,6,colusa,11,2023m11,2023,11,1423,2746,454857,108,59,30, , 
California,6,colusa,11,2023m12,2023,12,1439,2761,461770,101,63,44,13,24
California,6,colusa,11,2024m1,2024,1,1486,2863,479703,143,88,53,15,30
California,6,colusa,11,2024m2,2024,2,1517,2935,503838,97,60,35, , 
California,6,contracosta,13,2016m7,2016,7,33984,67647,9674278,2162,991,893, , 
California,6,contracosta,13,2016m8,2016,8,33911,67128,9704300,2714,1199,1031, , 
California,6,contracosta,13,2016m9,2016,9,33326,66496,9467372,2362,1084,938,838,11
California,6,contracosta,13,2016m10,2016,10,32926,65866,9384002,2117,959,867,167,593
California,6,contracosta,13,2016m11,2016,11,32647,65640,9323368,2028,1008,855,182,586
California,6,contracosta,13,2016m12,2016,12,32307,65007,9218747,1954,1000,826,158,558
California,6,contracosta,13,2017m1,2017,1,31854,63918,9035169,2520,995,759,160,519
California,6,contracosta,13,2017m2,2017,2,31455,63385,8960262,2053,1071,850,159,585
California,6,contracosta,13,2017m3,2017,3,31637,63174,8983717,2215,1114,896,244,587
California,6,contracosta,13,2017m4,2017,4,31281,62475,8818312,1915,922,754,156,515
California,6,contracosta,13,2017m5,2017,5,31358,62579,8834230,2222,1081,780,238,504
California,6,contracosta,13,2017m6,2017,6,31398,62682,8774518,2197,1076,787,180,516
California,6,contracosta,13,2017m7,2017,7,31242,62388,8750678,2284,959,804,178,546
California,6,contracosta,13,2017m8,2017,8,31606,62627,8830952,2892,1344,1069,324,639
California,6,contracosta,13,2017m9,2017,9,31466,62968,8766152,2482,1062,1145,262,773
California,6,contracosta,13,2017m10,2017,10,31852,63270,8785750,2679,1189,1231,295,839
California,6,contracosta,13,2017m11,2017,11,31599,63001,8638852,2403,1036,1106,245,782
California,6,contracosta,13,2017m12,2017,12,31506,62958,8614933,2068,972,1038,234,733
California,6,contracosta,13,2018m1,2018,1,31436,62160,8592952,2750,1051,968,226,661
California,6,contracosta,13,2018m2,2018,2,30879,61557,8395212,2113,958,1014,221,715
California,6,contracosta,13,2018m3,2018,3,30919,61341,8419079,2370,1003,974,230,670
California,6,contracosta,13,2018m4,2018,4,30665,60618,8354907,2334,991,1043,245,693
California,6,contracosta,13,2018m5,2018,5,30598,60331,8274070,2482,1068,1064,249,694
California,6,contracosta,13,2018m6,2018,6,30517,60065,8195728,2476,998,1021,215,706
California,6,contracosta,13,2018m7,2018,7,30364,59407,8188052,2829,1049,1103,218,776
California,6,contracosta,13,2018m8,2018,8,30372,59422,8194333,2969,1184,1418,314,957
California,6,contracosta,13,2018m9,2018,9,30072,59098,8102528,2409,961,1210,255,847
California,6,contracosta,13,2018m10,2018,10,30154,58965,8247649,2710,1169,1397,331,967
California,6,contracosta,13,2018m11,2018,11,29845,58539,8103258,2163,851,1141,217,848
California,6,contracosta,13,2018m12,2018,12,29652,58120,8039572,2006,894,972,189,710
California,6,contracosta,13,2019m1,2019,1,29521,56080,14221900,2573,969,996,251,653
California,6,contracosta,13,2019m2,2019,2,6743,8101,1417927,1834,823,1135,259,790
California,6,contracosta,13,2019m3,2019,3,28670,55871,7700257,2036,898,854,207,555
California,6,contracosta,13,2019m4,2019,4,28415,55269,7571845,2277,965,901,188,645
California,6,contracosta,13,2019m5,2019,5,28297,54959,7487194,3384,1023,888,187,627
California,6,contracosta,13,2019m6,2019,6,29655,56098,7580239,4863,2105,950,164,680
California,6,contracosta,13,2019m7,2019,7,31035,59069,7734058,3805,2560,1586,272,1196
California,6,contracosta,13,2019m8,2019,8,32503,61293,7881315,3233,2419,1517,259,1131
California,6,contracosta,13,2019m9,2019,9,33032,62186,7903941,2848,1468,1408,265,1039
California,6,contracosta,13,2019m10,2019,10,33657,64001,7976244,3023,1549,1381,291,987
California,6,contracosta,13,2019m11,2019,11,33702,63723,7843701,2368,1150,1001,200,725
California,6,contracosta,13,2019m12,2019,12,34014,64366,7855719,2444,1152,1048,188,799
California,6,contracosta,13,2020m1,2020,1,33892,64360,7749153,2857,1140,1035,207,749
California,6,contracosta,13,2020m2,2020,2,33937,63827,7719527,2459,1209,960,192,685
California,6,contracosta,13,2020m3,2020,3,34081,63989,7840884,3528,1179,1127,224,809
California,6,contracosta,13,2020m4,2020,4,37747,68202,12345599,6337,2248,1499,393,962
California,6,contracosta,13,2020m5,2020,5,40758,73309,13332220,5093,2430,2495,1348,911
California,6,contracosta,13,2020m6,2020,6,43544,77365,14427544,3688,2330,3289,1791,1234
California,6,contracosta,13,2020m7,2020,7,43542,76147,13799516,2957,1289,1742,791,805
California,6,contracosta,13,2020m8,2020,8,43916,77681,13766413,3209,1652,1336,529,681
California,6,contracosta,13,2020m9,2020,9,43968,80426,13858544,2519,1309,474,230,122
California,6,contracosta,13,2020m10,2020,10,42744,78584,14071745,2375,1254,463,246,108
California,6,contracosta,13,2020m11,2020,11,41736,76656,13826247,2494,1136,315,176,75
California,6,contracosta,13,2020m12,2020,12,41836,76656,13990941,4176,1573,477,256,131
California,6,contracosta,13,2021m1,2021,1,42830,77919,14087193,3547,1922,522,276,101
California,6,contracosta,13,2021m2,2021,2,44389,80233,18669108,2889,1751,489,254,96
California,6,contracosta,13,2021m3,2021,3,44344,80160,16744848,2928,1608,566,279,191
California,6,contracosta,13,2021m4,2021,4,44495,80319,17036731,2450,1277,419,221,117
California,6,contracosta,13,2021m5,2021,5,45129,81115,18674822,2257,1162,839,263,502
California,6,contracosta,13,2021m6,2021,6,45552,81754,18361434,4706,1735,1274,477,631
California,6,contracosta,13,2021m7,2021,7,45253,81407,18501842,4232,2335,1918,492,1256
California,6,contracosta,13,2021m8,2021,8,46053,82738,18776273,5026,2441,1855,549,1109
California,6,contracosta,13,2021m9,2021,9,46883,83821,19409679,5059,2397,2000,566,1269
California,6,contracosta,13,2021m10,2021,10,48345,85914,21825624,4987,2723,1981,529,1227
California,6,contracosta,13,2021m11,2021,11,49009,86846,21579942,3898,2173,1962,459,1344
California,6,contracosta,13,2021m12,2021,12,49546,87544,21982886,3337,2144,1797,434,1201
California,6,contracosta,13,2022m1,2022,1,49581,87537,21767306,4082,2038,1580,397,1016
California,6,contracosta,13,2022m2,2022,2,49711,87799,22009690,3367,2035,1665,402,1085
California,6,contracosta,13,2022m3,2022,3,50252,88567,21932132,3968,2409,1823,566,1097
California,6,contracosta,13,2022m4,2022,4,50486,89081,22032218,3352,1980,1547,443,961
California,6,contracosta,13,2022m5,2022,5,50968,89854,22464586,3464,2098,1622,492,1004
California,6,contracosta,13,2022m6,2022,6,51902,91367,22560998,3618,2231,1668,532,982
California,6,contracosta,13,2022m7,2022,7,52361,92034,22849860,3829,1993,1592,507,903
California,6,contracosta,13,2022m8,2022,8,53192,93448,23179089,4387,2262,2077,624,1241
California,6,contracosta,13,2022m9,2022,9,53767,94294,23334167,3986,2109,1918,602,1140
California,6,contracosta,13,2022m10,2022,10,54472,95511,26374969,4178,2261,1805,527,1089
California,6,contracosta,13,2022m11,2022,11,54814,95870,26675054,3956,1967,1678,434,1097
California,6,contracosta,13,2022m12,2022,12,55535,96956,27015669,3818,2239,1665,462,1027
California,6,contracosta,13,2023m1,2023,1,56228,98047,26825621,4482,2233,1841,526,1087
California,6,contracosta,13,2023m2,2023,2,56603,98627,27107368,3318,2161,1877,544,1130
California,6,contracosta,13,2023m3,2023,3,53970,93901,26957014,5252,2068,2567,742,1621
California,6,contracosta,13,2023m4,2023,4,53704,93279,16946758,4351,2053,2508,807,1491
California,6,contracosta,13,2023m5,2023,5,54638,94998,17410799,5052,2405,2686,865,1597
California,6,contracosta,13,2023m6,2023,6,55069,95790,17498040,4807,2239,2586,845,1488
California,6,contracosta,13,2023m7,2023,7,55581,96769,17786446,4809,2196,2412,822,1380
California,6,contracosta,13,2023m8,2023,8,56464,98303,18070006,5672,2672,2985,1100,1534
California,6,contracosta,13,2023m9,2023,9,57229,99434,18201138,4947,2171,2789,997,1528
California,6,contracosta,13,2023m10,2023,10,57891,100467,19475275,5067,2257,2745,952,1526
California,6,contracosta,13,2023m11,2023,11,58223,100823,19449191,4362,2082,2530,868,1421
California,6,contracosta,13,2023m12,2023,12,58608,101429,19767316,3928,1973,2171,725,1221
California,6,contracosta,13,2024m1,2024,1,58894,101775,19595941,5619,2305,2495,881,1349
California,6,contracosta,13,2024m2,2024,2,59106,102195,19511677,4607,2282,2672,875,1536
California,6,delnorte,15,2016m7,2016,7,2607,5297,716688,167,90,82,36,43
California,6,delnorte,15,2016m8,2016,8,2591,5281,720680,171,94,80,26,44
California,6,delnorte,15,2016m9,2016,9,2573,5237,705271,197,102,98,46,41
California,6,delnorte,15,2016m10,2016,10,2556,5221,701040,178,93,77,30,38
California,6,delnorte,15,2016m11,2016,11,2546,5223,695304,190,96,86,34,45
California,6,delnorte,15,2016m12,2016,12,2551,5250,695312,170,98,92,32,49
California,6,delnorte,15,2017m1,2017,1,2516,5193,680840,195,96,84,34,40
California,6,delnorte,15,2017m2,2017,2,2546,5224,687900,173,106,76,31,38
California,6,delnorte,15,2017m3,2017,3,2543,5222,685798,189,86,95,35,50
California,6,delnorte,15,2017m4,2017,4,2562,5267,690138,170,99,79,31,45
California,6,delnorte,15,2017m5,2017,5,2565,5289,690148,161,89,76,23,46
California,6,delnorte,15,2017m6,2017,6,2584,5308,695441,178,99,89,45,41
California,6,delnorte,15,2017m7,2017,7,2561,5241,687761,167,88,73,20,46
California,6,delnorte,15,2017m8,2017,8,2574,5272,693056,211,111,70,18,47
California,6,delnorte,15,2017m9,2017,9,2582,5253,684544,167,106,83,31,46
California,6,delnorte,15,2017m10,2017,10,2601,5265,681938,170,106,71,30,34
California,6,delnorte,15,2017m11,2017,11,2594,5238,678974,150,100,46,11,28
California,6,delnorte,15,2017m12,2017,12,2587,5212,680743,133,102,42,20,21
California,6,delnorte,15,2018m1,2018,1,2601,5193,679870,194,105,65,23,34
California,6,delnorte,15,2018m2,2018,2,2570,5131,666993,163,118,58,16,38
California,6,delnorte,15,2018m3,2018,3,2575,5134,668372,169,100,64,15,43
California,6,delnorte,15,2018m4,2018,4,2525,5035,655365,163,85,69,25,32
California,6,delnorte,15,2018m5,2018,5,2530,5014,651322,218,121,84,26,51
California,6,delnorte,15,2018m6,2018,6,2498,4953,647919,178,107,70,32,32
California,6,delnorte,15,2018m7,2018,7,2499,4939,645956,184,111,70,24,38
California,6,delnorte,15,2018m8,2018,8,2496,4906,641881,175,108,71,23,41
California,6,delnorte,15,2018m9,2018,9,2462,4838,630452,176,96,68,21,40
California,6,delnorte,15,2018m10,2018,10,2504,5252,639653,217,122,72,16,54
California,6,delnorte,15,2018m11,2018,11,2521,4897,645168,179,118,70,22,45
California,6,delnorte,15,2018m12,2018,12,2487,4837,639079,129,72,61,21,33
California,6,delnorte,15,2019m1,2019,1,2513,4865,1188991,176,103,75,20,47
California,6,delnorte,15,2019m2,2019,2,358,720,80010,130,66,65,11,54
California,6,delnorte,15,2019m3,2019,3,2441,4689,622224,145,73,58,15,40
California,6,delnorte,15,2019m4,2019,4,2448,4650,605549,183,111,61,17,40
California,6,delnorte,15,2019m5,2019,5,2462,4669,608667,363,95,113,47,66
California,6,delnorte,15,2019m6,2019,6,2713,4964,617445,369,211,248,149,99
California,6,delnorte,15,2019m7,2019,7,2784,5099,617992,251,156,114,22,84
California,6,delnorte,15,2019m8,2019,8,2864,5217,625992,243,147,101,24,70
California,6,delnorte,15,2019m9,2019,9,2882,5277,609792,204,115,93,24,61
California,6,delnorte,15,2019m10,2019,10,2892,5271,609223,221,121,91,19,66
California,6,delnorte,15,2019m11,2019,11,2924,5279,601354,204,126,94,17,69
California,6,delnorte,15,2019m12,2019,12,2986,5363,611671,207,117,92,14,70
California,6,delnorte,15,2020m1,2020,1,2995,5373,611412,228,105,86,25,56
California,6,delnorte,15,2020m2,2020,2,3020,5406,610049,149,105,79,24,52
California,6,delnorte,15,2020m3,2020,3,3054,5528,622489,210,118,62,15,39
California,6,delnorte,15,2020m4,2020,4,3243,5764,1001136,250,164,118,28,84
California,6,delnorte,15,2020m5,2020,5,3318,5894,1040198,172,76,70,17,53
California,6,delnorte,15,2020m6,2020,6,3354,5939,1046561,154,70,99,28,59
California,6,delnorte,15,2020m7,2020,7,3269,5786,999962,163,78,77,34,39
California,6,delnorte,15,2020m8,2020,8,3228,5693,1005563,194,85,83,29,54
California,6,delnorte,15,2020m9,2020,9,3167,5584,984463,145,82,81,21,56
California,6,delnorte,15,2020m10,2020,10,3068,5463,1011172,158,80,75,30,41
California,6,delnorte,15,2020m11,2020,11,3052,5448,1014450,186,131,56,17,34
California,6,delnorte,15,2020m12,2020,12,3071,5452,1019949,221,131,72,17,51
California,6,delnorte,15,2021m1,2021,1,3070,5426,1015034,193,121,66,16,45
California,6,delnorte,15,2021m2,2021,2,3056,5439,1293665,158,108,59,18,38
California,6,delnorte,15,2021m3,2021,3,3095,5562,1169835,201,130,72,18,48
California,6,delnorte,15,2021m4,2021,4,3062,5432,1171756,163,89,64,21,39
California,6,delnorte,15,2021m5,2021,5,3072,5411,1284277,160,101,73,14,56
California,6,delnorte,15,2021m6,2021,6,3064,5408,1282040,216,116,81,25,51
California,6,delnorte,15,2021m7,2021,7,3078,5445,1288478,205,129,85,19,66
California,6,delnorte,15,2021m8,2021,8,3118,5471,1285803,220,118,74,19,53
California,6,delnorte,15,2021m9,2021,9,3149,5506,1298243,211,134,79,15,57
California,6,delnorte,15,2021m10,2021,10,3262,5671,1449534,294,180,104,13,87
California,6,delnorte,15,2021m11,2021,11,3335,5746,1455698,237,163,107,20,81
California,6,delnorte,15,2021m12,2021,12,3366,5782,1470801,205,135,73,23,47
California,6,delnorte,15,2022m1,2022,1,3383,5773,1474417,209,128,76,11,61
California,6,delnorte,15,2022m2,2022,2,3408,5810,1478568,184,129,59,14,35
California,6,delnorte,15,2022m3,2022,3,3424,5818,1468520,231,130,74,19,48
California,6,delnorte,15,2022m4,2022,4,3426,5828,1479033,172,124,67,11,53
California,6,delnorte,15,2022m5,2022,5,3462,5902,1496556,228,125,78,26,39
California,6,delnorte,15,2022m6,2022,6,3513,5964,1506401,197,130,82,22,47
California,6,delnorte,15,2022m7,2022,7,3525,5961,1510410,188,101,69,27,36
California,6,delnorte,15,2022m8,2022,8,3567,6044,1534197,223,137,84,33,41
California,6,delnorte,15,2022m9,2022,9,3632,6140,1559911,219,144,94,28,59
California,6,delnorte,15,2022m10,2022,10,3637,6143,1744810,186,108,65,21,40
California,6,delnorte,15,2022m11,2022,11,3671,6185,1744047,200,121,65,16,48
California,6,delnorte,15,2022m12,2022,12,3709,6239,1778692,199,131,66,15,44
California,6,delnorte,15,2023m1,2023,1,3767,6319,1758614,237,145,97,29,60
California,6,delnorte,15,2023m2,2023,2,3793,6340,1770082,170,120,63,17,39
California,6,delnorte,15,2023m3,2023,3,3807,6372,1800026, , , , , 
California,6,delnorte,15,2023m4,2023,4,3752,6263,1033100,152,83,50,13,31
California,6,delnorte,15,2023m5,2023,5,3789,6342,1058731, , , , , 
California,6,delnorte,15,2023m6,2023,6,3804,6338,1061132,209,116,75,25,40
California,6,delnorte,15,2023m7,2023,7,3812,6360,1069617,170,101,63,18,38
California,6,delnorte,15,2023m8,2023,8,3829,6389,1154312,176,129,64,18,38
California,6,delnorte,15,2023m9,2023,9,3829,6335,1396376,199,109,70,45,17
California,6,delnorte,15,2023m10,2023,10,3857,6383,1150180,181,120,63,18,39
California,6,delnorte,15,2023m11,2023,11,3885,6407,1149785,194,134,71,22,44
California,6,delnorte,15,2023m12,2023,12,3909,6443,1157021,176,115,66,24,37
California,6,delnorte,15,2024m1,2024,1,3950,5488,1150788,219,140,75,26,39
California,6,delnorte,15,2024m2,2024,2,3654,6018,1172943,152,95,63,23,34
California,6,eldorado,17,2016m7,2016,7,7246,12890,1755366,531,345,211,66,134
California,6,eldorado,17,2016m8,2016,8,7193,12826,1741457,559,349,237,78,134
California,6,eldorado,17,2016m9,2016,9,7128,12665,1709754,559,349,237,78,134
California,6,eldorado,17,2016m10,2016,10,7017,12467,1684646,592,343,232,71,151
California,6,eldorado,17,2016m11,2016,11,7007,12464,1689393,604,390,200,66,114
California,6,eldorado,17,2016m12,2016,12,7005,12474,1676805,550,421,193,64,111
California,6,eldorado,17,2017m1,2017,1,6973,12387,1649753,568,336,199,76,105
California,6,eldorado,17,2017m2,2017,2,6888,12324,1638469,511,329,209,79,116
California,6,eldorado,17,2017m3,2017,3,6927,12339,1635927,582,353,226,91,112
California,6,eldorado,17,2017m4,2017,4,6832,12170,1599143,526,338,198,75,110
California,6,eldorado,17,2017m5,2017,5,6867,12205,1613906,600,383,182,58,114
California,6,eldorado,17,2017m6,2017,6,6907,12247,1624201,573,387,209,67,127
California,6,eldorado,17,2017m7,2017,7,6810,12039,1604619,522,313,215,83,121
California,6,eldorado,17,2017m8,2017,8,6782,11959,1576898,596,338,215,74,125
California,6,eldorado,17,2017m9,2017,9,6730,11867,1574461,523,301,206,53,140
California,6,eldorado,17,2017m10,2017,10,6679,11736,1541307,641,354,234,52,169
California,6,eldorado,17,2017m11,2017,11,6528,11462,1499704,600,373,212,46,150
California,6,eldorado,17,2017m12,2017,12,6536,11430,1512549,541,334,213,45,151
California,6,eldorado,17,2018m1,2018,1,6523,11332,1499284,613,328,253,46,190
California,6,eldorado,17,2018m2,2018,2,6453,11185,1487288,535,312,215,47,153
California,6,eldorado,17,2018m3,2018,3,6524,11281,1503269,601,369,241,51,177
California,6,eldorado,17,2018m4,2018,4,6449,11155,1486521,577,320,232,50,164
California,6,eldorado,17,2018m5,2018,5,6427,11061,1481279,620,340,246,44,176
California,6,eldorado,17,2018m6,2018,6,6431,11040,1470820,649,377,245,49,178
California,6,eldorado,17,2018m7,2018,7,6374,10932,1458079,591,327,254,61,177
California,6,eldorado,17,2018m8,2018,8,6429,10993,1462624,650,353,281,56,209
California,6,eldorado,17,2018m9,2018,9,6315,10760,1426723,509,253,231,52,164
California,6,eldorado,17,2018m10,2018,10,6345,10790,1723220,679,393,300,64,216
California,6,eldorado,17,2018m11,2018,11,6225,10573,1416169,599,315,252,45,188
California,6,eldorado,17,2018m12,2018,12,6231,10590,1419646,572,364,267,46,200
California,6,eldorado,17,2019m1,2019,1,6292,10674,2573934,641,354,232,49,173
California,6,eldorado,17,2019m2,2019,2,974,1853,223723,528,298,234,56,164
California,6,eldorado,17,2019m3,2019,3,6194,10557,1402901,611,372,250,48,182
California,6,eldorado,17,2019m4,2019,4,6133,10432,1368826,629,344,277,63,202
California,6,eldorado,17,2019m5,2019,5,6137,10432,1373911,830,322,313,108,194
California,6,eldorado,17,2019m6,2019,6,6431,10656,1390261,858,475,446,139,289
California,6,eldorado,17,2019m7,2019,7,6601,10873,1405372,763,475,325,62,242
California,6,eldorado,17,2019m8,2019,8,6703,11035,1405400,650,387,291,57,216
California,6,eldorado,17,2019m9,2019,9,6689,11042,1401120,620,323,250,55,185
California,6,eldorado,17,2019m10,2019,10,6755,11041,1811999,615,374,265,60,193
California,6,eldorado,17,2019m11,2019,11,6684,10946,1408900,583,332,229,50,161
California,6,eldorado,17,2019m12,2019,12,6757,11081,1383392,595,360,285,34,227
California,6,eldorado,17,2020m1,2020,1,6761,11037,1378822,707,389,249,35,195
California,6,eldorado,17,2020m2,2020,2,6724,10986,1371431,553,327,241,48,168
California,6,eldorado,17,2020m3,2020,3,6861,11181,1416575,967,420,308,57,229
California,6,eldorado,17,2020m4,2020,4,7866,12725,2282893,1255,780,575,126,397
California,6,eldorado,17,2020m5,2020,5,8239,13299,2436329,631,354,398,84,261
California,6,eldorado,17,2020m6,2020,6,8206,13116,2334068,500,218,290,73,191
California,6,eldorado,17,2020m7,2020,7,7801,12409,2229301,578,246,258,59,169
California,6,eldorado,17,2020m8,2020,8,7641,12103,2168660,665,271,276,55,197
California,6,eldorado,17,2020m9,2020,9,7420,11756,2257266,512,288,295,56,224
California,6,eldorado,17,2020m10,2020,10,6929,11020,2357105,565,267,263,46,202
California,6,eldorado,17,2020m11,2020,11,6748,10692,2420832,662,334,220,33,174
California,6,eldorado,17,2020m12,2020,12,6738,10670,2052166,947,497,408,69,310
California,6,eldorado,17,2021m1,2021,1,6905,10972,2070256,704,408,357,64,274
California,6,eldorado,17,2021m2,2021,2,6903,10990,2712632,574,331,293,45,228
California,6,eldorado,17,2021m3,2021,3,6971,11090,2412515,585,368,263,43,203
California,6,eldorado,17,2021m4,2021,4,6984,11124,2433749,517,301,233,43,172
California,6,eldorado,17,2021m5,2021,5,6834,10908,2707008,481,261,202,30,156
California,6,eldorado,17,2021m6,2021,6,6803,10900,2660880,857,374,382,55,302
California,6,eldorado,17,2021m7,2021,7,6857,10988,2722696,707,360,342,46,270
California,6,eldorado,17,2021m8,2021,8,6992,11207,2766287,794,353,384,49,298
California,6,eldorado,17,2021m9,2021,9,7130,11436,2829629,931,393,430,54,338
California,6,eldorado,17,2021m10,2021,10,7376,11804,3179752,989,470,497,76,388
California,6,eldorado,17,2021m11,2021,11,7466,11919,3199085,797,423,388,53,294
California,6,eldorado,17,2021m12,2021,12,7422,11817,3168038,573,358,326,48,263
California,6,eldorado,17,2022m1,2022,1,7426,11780,3378317,811,380,341,48,268
California,6,eldorado,17,2022m2,2022,2,7500,11843,3226771,733,329,321,49,254
California,6,eldorado,17,2022m3,2022,3,7504,11890,3203291,815,412,346,53,268
California,6,eldorado,17,2022m4,2022,4,7562,11953,3207889,653,368,307,45,234
California,6,eldorado,17,2022m5,2022,5,7616,12003,3225350,727,359,297,60,218
California,6,eldorado,17,2022m6,2022,6,7714,12136,3249938,775,360,355,62,266
California,6,eldorado,17,2022m7,2022,7,7788,12326,3320115,691,374,223,61,139
California,6,eldorado,17,2022m8,2022,8,7788,12326,3320115,735,412,327,74,216
California,6,eldorado,17,2022m9,2022,9,7975,12700,3365806,752,370,260,68,174
California,6,eldorado,17,2022m10,2022,10,8123,12898,3892887,786,425,290,82,171
California,6,eldorado,17,2022m11,2022,11,8245,13061,3929892,722,441,301,78,195
California,6,eldorado,17,2022m12,2022,12,8286,13161,3930258,817,398,323,64,222
California,6,eldorado,17,2023m1,2023,1,8351,13215,3848462,835,426,334,75,226
California,6,eldorado,17,2023m2,2023,2,8351,13215,3848462,695,362,310,61,212
California,6,eldorado,17,2023m3,2023,3,8499,13417,4073198,713,466,404,98,265
California,6,eldorado,17,2023m4,2023,4,8485,13411,3271990,638,392,317,78,199
California,6,eldorado,17,2023m5,2023,5,8634,13616,2589473,768,426,349,74,232
California,6,eldorado,17,2023m6,2023,6,8816,13904,2594496,806,413,449,102,266
California,6,eldorado,17,2023m7,2023,7,8868,14023,2590087,629,400,395,94,263
California,6,eldorado,17,2023m8,2023,8,8980,14197,2594842,764,403,386,113,229
California,6,eldorado,17,2023m9,2023,9,8957,14084,2563655,739,353,333,96,206
California,6,eldorado,17,2023m10,2023,10,8976,14103,2754609,722,393,321,93,194
California,6,eldorado,17,2023m11,2023,11,9058,14179,2764808,768,421,319,90,190
California,6,eldorado,17,2023m12,2023,12,9179,14337,2785603,651,404,276,75,173
California,6,eldorado,17,2024m1,2024,1,9291,14491,2824569,809,430,334,74,216
California,6,eldorado,17,2024m2,2024,2,8499,13268,2804478,663,369,353,93,214
California,6,fresno,19,2016m7,2016,7,101476,234221,31910712,4861,3276,1392,690,609
California,6,fresno,19,2016m8,2016,8,101289,234133,31954356,5712,3835,1718,921,685
California,6,fresno,19,2016m9,2016,9,100635,232719,31519571,5116,3613,1515,704,699
California,6,fresno,19,2016m10,2016,10,100086,231861,31415264,5110,3398,1485,673,708
California,6,fresno,19,2016m11,2016,11,99955,231514,31430045,4958,3713,1443,637,697
California,6,fresno,19,2016m12,2016,12,99380,230548,31354086,4729,3586,1366,616,669
California,6,fresno,19,2017m1,2017,1,98879,229747,30900757,5818,3659,1424,726,599
California,6,fresno,19,2017m2,2017,2,99090,229528,30729564,4371,3432,1414,597,725
California,6,fresno,19,2017m3,2017,3,98739,228457,30846037,4373,3281,1414,644,678
California,6,fresno,19,2017m4,2017,4,97927,226442,30356818,4183,2897,1144,527,542
California,6,fresno,19,2017m5,2017,5,97286,224858,30201194,4689,3192,1271,650,545
California,6,fresno,19,2017m6,2017,6,96848,223824,29949310,4972,3393,1332,668,582
California,6,fresno,19,2017m7,2017,7,96002,221983,29735845,4949,3261,1338,621,649
California,6,fresno,19,2017m8,2017,8,96248,222126,29819623,5513,3780,1553,725,729
California,6,fresno,19,2017m9,2017,9,95747,220937,29459649,4722,3193,1514,608,832
California,6,fresno,19,2017m10,2017,10,95483,220258,29086146,5771,3678,1639,855,676
California,6,fresno,19,2017m11,2017,11,95412,219822,28892602,5748,3747,1804,728,956
California,6,fresno,19,2017m12,2017,12,95652,220286,29120558,5126,3835,1797,715,1002
California,6,fresno,19,2018m1,2018,1,95077,219123,28918342,6327,3723,1700,765,828
California,6,fresno,19,2018m2,2018,2,95117,218752,28731053,4574,3441,1896,666,1118
California,6,fresno,19,2018m3,2018,3,94887,217902,28721192,4877,3315,1725,653,966
California,6,fresno,19,2018m4,2018,4,94269,216111,28452186,5195,3340,1554,630,819
California,6,fresno,19,2018m5,2018,5,94139,215553,28374247,5089,3481,1787,747,942
California,6,fresno,19,2018m6,2018,6,93686,214282,28154004,5100,3348,1656,698,864
California,6,fresno,19,2018m7,2018,7,92501,211750,27960434,5087,3212,1686,738,859
California,6,fresno,19,2018m8,2018,8,92393,211352,27805660,5577,3567,1783,823,842
California,6,fresno,19,2018m9,2018,9,91284,208864,27313176,4430,2787,1685,641,946
California,6,fresno,19,2018m10,2018,10,90429,206798,27522021,5345,3477,1732,735,897
California,6,fresno,19,2018m11,2018,11,89910,205465,27219418,4869,3262,1536,559,875
California,6,fresno,19,2018m12,2018,12,89413,204382,27202148,4504,3179,1492,565,836
California,6,fresno,19,2019m1,2019,1,88792,203094,49382016,5541,3567,1494,620,781
California,6,fresno,19,2019m2,2019,2,15120,35603,4310747,4214,2777,1530,587,857
California,6,fresno,19,2019m3,2019,3,87038,200076,26508587,4875,3338,1488,573,807
California,6,fresno,19,2019m4,2019,4,86198,197808,25759896,5163,3274,1631,649,884
California,6,fresno,19,2019m5,2019,5,85640,196175,25598045,7104,3536,1714,601,996
California,6,fresno,19,2019m6,2019,6,89267,199048,25588526,10070,6994,1786,573,1069
California,6,fresno,19,2019m7,2019,7,90860,201127,25762650,8166,5849,2860,724,1971
California,6,fresno,19,2019m8,2019,8,91899,202115,25595013,7090,4899,2642,699,1774
California,6,fresno,19,2019m9,2019,9,92363,202315,25390498,5929,4043,2534,791,1581
California,6,fresno,19,2019m10,2019,10,92443,202102,25059254,6686,4180,2332,765,1412
California,6,fresno,19,2019m11,2019,11,92565,201899,24801654,5470,3748,2031,630,1287
California,6,fresno,19,2019m12,2019,12,93682,203633,24986040,5631,3719,2066,676,1283
California,6,fresno,19,2020m1,2020,1,93579,202951,24739887,6755,3872,1953,688,1107
California,6,fresno,19,2020m2,2020,2,93333,202014,24607053,5083,3405,2053,564,1356
California,6,fresno,19,2020m3,2020,3,93466,201651,24740304,5864,3374,2024,642,1262
California,6,fresno,19,2020m4,2020,4,102436,218566,37154928,9798,6546,2951,1391,1292
California,6,fresno,19,2020m5,2020,5,106134,225658,38648092,6632,3706,3207,2849,70
California,6,fresno,19,2020m6,2020,6,108309,229561,39303308,5189,2471,3079,1261,1592
California,6,fresno,19,2020m7,2020,7,106241,226364,37529066,5181,2491,2801,1205,1375
California,6,fresno,19,2020m8,2020,8,103286,209362,36417862,6580,3492,2424,1011,1172
California,6,fresno,19,2020m9,2020,9,101232,215876,35987222,5910,3617,2555,961,1418
California,6,fresno,19,2020m10,2020,10,97442,209656,36047324,5913,3526,2363,888,1313
California,6,fresno,19,2020m11,2020,11,93979,202365,34876825,6550,3934,2205,849,1236
California,6,fresno,19,2020m12,2020,12,93517,200842,35392622,8606,5217,2738,1166,1378
California,6,fresno,19,2021m1,2021,1,93995,200913,35097502,7456,4323,2943,948,1836
California,6,fresno,19,2021m2,2021,2,96657,205229,46101046,6883,4318,2649,852,1613
California,6,fresno,19,2021m3,2021,3,95960,204464,41204976,6558,4462,2713,890,1615
California,6,fresno,19,2021m4,2021,4,95706,204283,41725264,5565,3424,2288,727,1400
California,6,fresno,19,2021m5,2021,5,96664,205475,44792019,5290,3194,1951,696,1099
California,6,fresno,19,2021m6,2021,6,106241,226364,37529066,9066,4593,2455,1005,1185
California,6,fresno,19,2021m7,2021,7,96661,205639,45019469,8325,4787,3536,1035,2219
California,6,fresno,19,2021m8,2021,8,97963,207749,45246701,8883,4623,3603,1233,2093
California,6,fresno,19,2021m9,2021,9,99554,209462,45967289,8898,4909,3795,1215,2284
California,6,fresno,19,2021m10,2021,10,102277,214451,50847851,9104,5688,3634,1138,2237
California,6,fresno,19,2021m11,2021,11,103801,216531,50987586,7756,4473,3711,1016,2445
California,6,fresno,19,2021m12,2021,12,104578,217605,51536733,6867,4349,3140,868,2049
California,6,fresno,19,2022m1,2022,1,104690,217340,51066859,8043,4106,2881,983,1666
California,6,fresno,19,2022m2,2022,2,105050,218011,51827061,7322,4485,2921,891,1851
California,6,fresno,19,2022m3,2022,3,106483,221035,52094476,8093,4963,3247,1101,1870
California,6,fresno,19,2022m4,2022,4,107481,222981,52564566,7718,4558,2928,892,1840
California,6,fresno,19,2022m5,2022,5,108551,224725,53297842,7828,4355,3033,2824,0
California,6,fresno,19,2022m6,2022,6,110117,227923,53526112,8520,4583,3137,1017,1903
California,6,fresno,19,2022m7,2022,7,111300,230215,54676564,8317,4667,3451,1118,2087
California,6,fresno,19,2022m8,2022,8,113045,233512,55243932,9603,4855,4144,1415,2353
California,6,fresno,19,2022m9,2022,9,113979,235390,55377148,8119,4591,3788,1107,2393
California,6,fresno,19,2022m10,2022,10,115093,237175,62180480,8755,4749,3444,1098,2101
California,6,fresno,19,2022m11,2022,11,116625,239102,63210709,8138,4674,3336,988,2139
California,6,fresno,19,2022m12,2022,12,117640,242231,64334319,7491,4796,3408,983,2185
California,6,fresno,19,2023m1,2023,1,118079,243063,63671277,8303,4135,3080,906,1937
California,6,fresno,19,2023m2,2023,2,118773,242817,63842406,6937,4370,3388,924,2186
California,6,fresno,19,2023m3,2023,3,119687,244294,65144938,7250,4541,3508,983,2231
California,6,fresno,19,2023m4,2023,4,113690,233327,40957840,6828,3453,2898,797,1887
California,6,fresno,19,2023m5,2023,5,114608,234816,41347626,7688,3766,3229,880,2156
California,6,fresno,19,2023m6,2023,6,115969,236722,41727711,7395,4327,3402,1005,2120
California,6,fresno,19,2023m7,2023,7,115792,236217,41764696,7256,3597,3096,869,1965
California,6,fresno,19,2023m8,2023,8,116679,237397,42235376,8377,4137,3602,2075,1179
California,6,fresno,19,2023m9,2023,9,114084,231804,40620912,7647,2975,3414,717,2461
California,6,fresno,19,2023m10,2023,10,116260,235027,44076074,9798,5578,4215,1351,2451
California,6,fresno,19,2023m11,2023,11,116949,236223,43967707,8912,5653,4481,1245,2870
California,6,fresno,19,2023m12,2023,12,118039,238441,44606826,7978,5220,3948,1082,2591
California,6,fresno,19,2024m1,2024,1,118918,240305,44840649,10706,5354,3746,1024,2440
California,6,fresno,19,2024m2,2024,2,109055,220421,44688319,8917,5383,4316,1127,2851
California,6,glenn,21,2016m7,2016,7,1585,3699,461721,97,72,23, , 
California,6,glenn,21,2016m8,2016,8,1563,3632,447813,109,66,42, , 
California,6,glenn,21,2016m9,2016,9,1559,3611,439337,85,66,30,15,12
California,6,glenn,21,2016m10,2016,10,1528,3522,429222,94,53,33, , 
California,6,glenn,21,2016m11,2016,11,1517,3530,430508,115,62,42, , 
California,6,glenn,21,2016m12,2016,12,1522,3520,427777,123,69,55,12,37
California,6,glenn,21,2017m1,2017,1,1524,3516,438724,134,79,55,16,30
California,6,glenn,21,2017m2,2017,2,1525,3550,439513,115,69,42,11,25
California,6,glenn,21,2017m3,2017,3,1533,3541,441364,101,72,31, , 
California,6,glenn,21,2017m4,2017,4,1498,3450,428910,106,57,53, , 
California,6,glenn,21,2017m5,2017,5,1485,3413,415569,111,56,41,11,26
California,6,glenn,21,2017m6,2017,6,1494,3416,414813,150,94,63,19,37
California,6,glenn,21,2017m7,2017,7,1461,3351,406129,115,59,49,18,27
California,6,glenn,21,2017m8,2017,8,1499,3447,414660,126,88,45, , 
California,6,glenn,21,2017m9,2017,9,1480,3419,413329,109,57,46,14,22
California,6,glenn,21,2017m10,2017,10,1481,3398,403793,106,70,41,14,20
California,6,glenn,21,2017m11,2017,11,1467,3385,395848,104,57,32,13,17
California,6,glenn,21,2017m12,2017,12,1467,2378,402426,108,68,35, , 
California,6,glenn,21,2018m1,2018,1,1486,3418,410198,127,79,52,12,37
California,6,glenn,21,2018m2,2018,2,1481,3405,401807,110,69,46, , 
California,6,glenn,21,2018m3,2018,3,1477,3369,409005,109,63,51,11,32
California,6,glenn,21,2018m4,2018,4,1481,3380,410084,122,75,45,16,20
California,6,glenn,21,2018m5,2018,5,1504,3372,413069,116,76,38, , 
California,6,glenn,21,2018m6,2018,6,1489,3332,403520,112,67,46, , 
California,6,glenn,21,2018m7,2018,7,1506,3335,406571,158,77,80,13,55
California,6,glenn,21,2018m8,2018,8,1518,3335,406139,162,82,71,19,39
California,6,glenn,21,2018m9,2018,9,1493,3253,398914,117,60,68,14,42
California,6,glenn,21,2018m10,2018,10,1471,3192,394744,142,64,65,16,42
California,6,glenn,21,2018m11,2018,11,1456,3176,391078,129,58,67,20,37
California,6,glenn,21,2018m12,2018,12,1462,3199,398753,106,61,52,15,31
California,6,glenn,21,2019m1,2019,1,1470,3183,714876,158,82,64, , 
California,6,glenn,21,2019m2,2019,2,265,644,75917,110,66,50, , 
California,6,glenn,21,2019m3,2019,3,1449,3124,391315,113,56,56,14,36
California,6,glenn,21,2019m4,2019,4,1434,3073,375234,133,71,59,13,41
California,6,glenn,21,2019m5,2019,5,1431,3062,374736,198,70,69,22,47
California,6,glenn,21,2019m6,2019,6,1547,3186,384907,247,140,127,33,87
California,6,glenn,21,2019m7,2019,7,1601,3279,386743,186,110,91,20,68
California,6,glenn,21,2019m8,2019,8,1606,3284,394196,165,107,76,11,57
California,6,glenn,21,2019m9,2019,9,1653,3358,389596,138,82,87,52,35
California,6,glenn,21,2019m10,2019,10,1641,3285,385549,127,65,60,14,37
California,6,glenn,21,2019m11,2019,11,1640,3274,382815,116,80,46, , 
California,6,glenn,21,2019m12,2019,12,1625,3262,374616,105,66,33, , 
California,6,glenn,21,2020m1,2020,1,1631,3306,384307,172,105,62,17,42
California,6,glenn,21,2020m2,2020,2,1617,3274,379347,115,70,42, , 
California,6,glenn,21,2020m3,2020,3,1671,3386,394129,125,85,48, , 
California,6,glenn,21,2020m4,2020,4,1747,3536,615217,170,102,43,14,18
California,6,glenn,21,2020m5,2020,5,1802,3633,640601,98,55,54,14,27
California,6,glenn,21,2020m6,2020,6,1811,3600,641481,119,49,63,12,37
California,6,glenn,21,2020m7,2020,7,1735,3428,596390,103,50,66,12,40
California,6,glenn,21,2020m8,2020,8,1736,3429,590978,114,48,41, , 
California,6,glenn,21,2020m9,2020,9,1685,3343,586724,96,60,53,13,40
California,6,glenn,21,2020m10,2020,10,1604,3229,609885,107,57,52,11,36
California,6,glenn,21,2020m11,2020,11,1576,3148,581497,129,63,50,14,20
California,6,glenn,21,2020m12,2020,12,1551,3066,567026,134,74,54, , 
California,6,glenn,21,2021m1,2021,1,1568,3107,580179,145,77,81,18,52
California,6,glenn,21,2021m2,2021,2,1562,3072,740556,143,77,52,14,29
California,6,glenn,21,2021m3,2021,3,1611,3184,675301,151,96,62,11,39
California,6,glenn,21,2021m4,2021,4,1630,3231,688655,119,61,61, , 
California,6,glenn,21,2021m5,2021,5,1641,3249,749553,118,72,46,11,29
California,6,glenn,21,2021m6,2021,6,1647,3292,754628,156,69,67, , 
California,6,glenn,21,2021m7,2021,7,1667,3338,773753,136,80,84,13,57
California,6,glenn,21,2021m8,2021,8,1679,3366,763935,136,69,57,13,38
California,6,glenn,21,2021m9,2021,9,1719,3450,797261,137,90,47, , 
California,6,glenn,21,2021m10,2021,10,1738,3487,870704,168,85,72,14,42
California,6,glenn,21,2021m11,2021,11,1775,3533,879310,141,95,62,11,40
California,6,glenn,21,2021m12,2021,12,1807,3556,892486,141,95,62,11,40
California,6,glenn,21,2022m1,2022,1,1823,3613,900152,179,93,58,16,32
California,6,glenn,21,2022m2,2022,2,1904,3707,923723, , , , , 
California,6,glenn,21,2022m3,2022,3,1927,3760,934220,158,87,71,12,42
California,6,glenn,21,2022m4,2022,4,1945,3776,938540,150,77,64,16,39
California,6,glenn,21,2022m5,2022,5,1981,3842,951554,125,87,49, , 
California,6,glenn,21,2022m6,2022,6,2018,3912,973035,127,79,53,17,32
California,6,glenn,21,2022m7,2022,7,2018,3912,973035,181,98,59,13,37
California,6,glenn,21,2022m8,2022,8,2067,4024,983877,189,116,82,17,42
California,6,glenn,21,2022m9,2022,9,2076,5029,992098,174,87,76,19,44
California,6,glenn,21,2022m10,2022,10,2098,4110,1118369,136,68,80,15,51
California,6,glenn,21,2022m11,2022,11,2128,4132,1135475,166,78,83,56,16
California,6,glenn,21,2022m12,2022,12,2142,4200,1160653,147,88,69,12,34
California,6,glenn,21,2023m1,2023,1,2173,4249,1145195,189,103,73,13,38
California,6,glenn,21,2023m2,2023,2,2198,4289,1174054,157,88,75,14,37
California,6,glenn,21,2023m3,2023,3,2210,4274,1184643,167,85,81, , 
California,6,glenn,21,2023m4,2023,4,2241,4299,692116,131,94,51, , 
California,6,glenn,21,2023m5,2023,5,2241,4299,692116,143,79,61,15,29
California,6,glenn,21,2023m6,2023,6,2245,4316,683429,135,66,70,17,37
California,6,glenn,21,2023m7,2023,7,2221,4262,669848,149,64,64,21,33
California,6,glenn,21,2023m8,2023,8,2248,4266,684322,167,92,74,21,34
California,6,glenn,21,2023m9,2023,9,2265,4292,691463,176,103,82,27,37
California,6,glenn,21,2023m10,2023,10,2254,4253,737587,137,73,68,19,36
California,6,glenn,21,2023m11,2023,11,2273,4288,737559,157,69,72,15,36
California,6,glenn,21,2023m12,2023,12,2307,4329,743352,165,89,71,14,41
California,6,glenn,21,2024m1,2024,1,2314,4319,738186,195,99,70,17,31
California,6,glenn,21,2024m2,2024,2,2346,4405,748113,175,100,83,20,40
California,6,humboldt,23,2016m7,2016,7,12449,21139,2933240,1001,511,452,153,262
California,6,humboldt,23,2016m8,2016,8,12498,21226,2947364,1323,633,534,156,335
California,6,humboldt,23,2016m9,2016,9,12424,21097,2930223,1393,701,575,161,356
California,6,humboldt,23,2016m10,2016,10,12458,21040,2972400,1222,726,638,215,378
California,6,humboldt,23,2016m11,2016,11,12432,20898,2924298,1108,603,501,144,321
California,6,humboldt,23,2016m12,2016,12,12463,20904,2945905,990,627,413,130,253
California,6,humboldt,23,2017m1,2017,1,12431,20868,2914730,1317,646,529,151,337
California,6,humboldt,23,2017m2,2017,2,12247,20671,2891849,949,597,490,183,271
California,6,humboldt,23,2017m3,2017,3,12281,20694,2899882,1062,602,492,133,322
California,6,humboldt,23,2017m4,2017,4,12161,20518,2866075,1016,559,436,135,272
California,6,humboldt,23,2017m5,2017,5,12174,20526,2877579,1004,583,457,164,262
California,6,humboldt,23,2017m6,2017,6,12148,20515,2847420,1020,560,441,132,270
California,6,humboldt,23,2017m7,2017,7,12005,20316,2816036,1134,566,454,131,299
California,6,humboldt,23,2017m8,2017,8,11984,20342,2813477,1496,646,632,212,373
California,6,humboldt,23,2017m9,2017,9,11954,20255,2794789,1409,639,677,161,464
California,6,humboldt,23,2017m10,2017,10,11945,20111,2766550,1325,644,675,134,490
California,6,humboldt,23,2017m11,2017,11,11971,20049,2762588,1117,637,642,142,453
California,6,humboldt,23,2017m12,2017,12,12003,20029,2747885,1000,587,555,112,406
California,6,humboldt,23,2018m1,2018,1,12020,20065,2769064,1425,664,589,103,437
California,6,humboldt,23,2018m2,2018,2,11795,19736,2700938,1097,512,514,82,392
California,6,humboldt,23,2018m3,2018,3,11952,19926,2743501,1146,668,596,101,446
California,6,humboldt,23,2018m4,2018,4,11907,19749,2726734,1217,616,586,91,458
California,6,humboldt,23,2018m5,2018,5,11888,19701,2711435,1238,588,577,102,443
California,6,humboldt,23,2018m6,2018,6,11976,19771,2724888,1100,582,598,98,470
California,6,humboldt,23,2018m7,2018,7,11816,19498,2678437,1181,551,549,94,418
California,6,humboldt,23,2018m8,2018,8,11766,19428,2665470,1458,684,689,119,529
California,6,humboldt,23,2018m9,2018,9,11756,19446,2659856,1264,616,672,112,531
California,6,humboldt,23,2018m10,2018,10,11930,19666,2722214,1389,748,670,103,538
California,6,humboldt,23,2018m11,2018,11,11975,19730,2735325,1100,586,559,97,440
California,6,humboldt,23,2018m12,2018,12,11969,19635,2718402,966,507,473,94,372
California,6,humboldt,23,2019m1,2019,1,12108,19785,4982047,1328,606,571,102,438
California,6,humboldt,23,2019m2,2019,2,1982,3455,426193,1017,551,516,117,381
California,6,humboldt,23,2019m3,2019,3,11918,19498,2701781,1181,612,598,123,457
California,6,humboldt,23,2019m4,2019,4,11880,19436,2659421,1214,588,634,156,456
California,6,humboldt,23,2019m5,2019,5,11958,19068,2668259,2441,599,1154,672,463
California,6,humboldt,23,2019m6,2019,6,13335,20955,2746962,1825,867,1161,615,512
California,6,humboldt,23,2019m7,2019,7,13612,21366,2766637,1493,824,808,145,631
California,6,humboldt,23,2019m8,2019,8,13764,21649,2771099,1535,736,783,149,592
California,6,humboldt,23,2019m9,2019,9,13728,21510,2708625,1328,659,687,113,544
California,6,humboldt,23,2019m10,2019,10,13820,21571,2714108,1266,633,725,116,585
California,6,humboldt,23,2019m11,2019,11,13645,21339,2704357,1165,611,554,84,449
California,6,humboldt,23,2019m12,2019,12,13800,21538,2721322,1161,646,614,89,491
California,6,humboldt,23,2020m1,2020,1,13851,21616,2710912,1449,714,540,80,430
California,6,humboldt,23,2020m2,2020,2,13695,21358,2696997,1028,556,521,90,412
California,6,humboldt,23,2020m3,2020,3,13816,21513,2758237,1438,630,541,103,421
California,6,humboldt,23,2020m4,2020,4,15284,23835,3030770,1871,1337,630,230,362
California,6,humboldt,23,2020m5,2020,5,15855,24671,3147998,959,640,523,202,276
California,6,humboldt,23,2020m6,2020,6,15735,24335,3125325,865,396,507,169,304
California,6,humboldt,23,2020m7,2020,7,15001,23175,2936373,925,387,521,184,317
California,6,humboldt,23,2020m8,2020,8,14820,23055,2840638,1096,476,466,123,316
California,6,humboldt,23,2020m9,2020,9,14512,22690,2756079,1000,456,524,113,391
California,6,humboldt,23,2020m10,2020,10,13831,21659,2796515,1052,490,488,109,360
California,6,humboldt,23,2020m11,2020,11,13455,21132,2669125,1148,540,441,96,327
California,6,humboldt,23,2020m12,2020,12,13377,21028,2625302,1439,756,691,106,547
California,6,humboldt,23,2021m1,2021,1,13400,21026,2596611,1291,651,627,113,481
California,6,humboldt,23,2021m2,2021,2,13474,21160,3696053,1186,629,577,90,459
California,6,humboldt,23,2021m3,2021,3,13686,21403,3195134,1131,691,663,96,533
California,6,humboldt,23,2021m4,2021,4,13602,21303,3150880,964,506,521,86,412
California,6,humboldt,23,2021m5,2021,5,13504,21262,3156536,899,489,432,60,361
California,6,humboldt,23,2021m6,2021,6,13499,21334,3142122,1333,654,536,64,447
California,6,humboldt,23,2021m7,2021,7,13632,21528,3160152,1150,635,569,95,456
California,6,humboldt,23,2021m8,2021,8,13663,21550,3154135,1469,618,564,117,421
California,6,humboldt,23,2021m9,2021,9,13907,21855,3206969,1503,734,684,137,512
California,6,humboldt,23,2021m10,2021,10,14282,22358,3758933,1509,809,645,114,509
California,6,humboldt,23,2021m11,2021,11,14488,22751,3836776,1324,704,541,101,422
California,6,humboldt,23,2021m12,2021,12,14561,22774,3879019,1204,749,602,138,440
California,6,humboldt,23,2022m1,2022,1,14811,23128,3903767,1628,884,535,135,377
California,6,humboldt,23,2022m2,2022,2,15015,23383,3954858, , , , , 
California,6,humboldt,23,2022m3,2022,3,15015,23383,4009946, , , , , 
California,6,humboldt,23,2022m4,2022,4,15363,23998,4039135,1255,797,489,134,333
California,6,humboldt,23,2022m5,2022,5,15732,24520,4095706,1292,789,472,147,300
California,6,humboldt,23,2022m6,2022,6,16075,25106,4143195,1355,883,603,204,373
California,6,humboldt,23,2022m7,2022,7,16278,25432,4189263,1384,795,446,136,276
California,6,humboldt,23,2022m8,2022,8,16586,25931,4222279,1656,915,490,205,248
California,6,humboldt,23,2022m9,2022,9,16788,26154,4249669,1624,865,493,199,272
California,6,humboldt,23,2022m10,2022,10,17080,26571,5135803,1560,898,555,162,374
California,6,humboldt,23,2022m11,2022,11,17318,26918,5238784,1469,875,533,174,329
California,6,humboldt,23,2022m12,2022,12,17585,27305,5281827,1242,883,550,188,339
California,6,humboldt,23,2023m1,2023,1,17672,27408,5170168,1674,899,544,180,326
California,6,humboldt,23,2023m2,2023,2,17757,27437,4565284,1261,845,578,181,367
California,6,humboldt,23,2023m3,2023,3,18227,28098,5255937,1509,1051,603,187,399
California,6,humboldt,23,2023m4,2023,4,18142,27966,5223054,1251,872,580,194,357
California,6,humboldt,23,2023m5,2023,5,18553,28499,5369797, , , , , 
California,6,humboldt,23,2023m6,2023,6,18714,28648,5358070,1218,806,496,176,287
California,6,humboldt,23,2023m7,2023,7,18616,28526,5316191,1133,664,448,119,301
California,6,humboldt,23,2023m8,2023,8,18712,28701,5364461,1547,753,466,160,285
California,6,humboldt,23,2023m9,2023,9,18704,28676,5369434,1261,656,545,202,320
California,6,humboldt,23,2023m10,2023,10,18841,28816,5733222,1421,865,607,210,358
California,6,humboldt,23,2023m11,2023,11,18980,28997,5755718,1277,724,442,164,255
California,6,humboldt,23,2023m12,2023,12,19270,29382,5849620,1048,774,486,180,271
California,6,humboldt,23,2024m1,2024,1,19457,29637,5822554,1341,775,416,140,251
California,6,humboldt,23,2024m2,2024,2,19486,29627,5807235,1117,656,368,113,237
California,6,imperial,25,2016m7,2016,7,17431,42490,5455151,1159,750,377,157,172
California,6,imperial,25,2016m8,2016,8,17632,42922,5527330,1396,907,421,201,171
California,6,imperial,25,2016m9,2016,9,17680,43114,5532335,1197,815,448,204,192
California,6,imperial,25,2016m10,2016,10,17694,43062,5529450,1043,716,389,180,163
California,6,imperial,25,2016m11,2016,11,17710,43011,5490926,953,675,301,126,117
California,6,imperial,25,2016m12,2016,12,17585,42705,5418491,896,633,293,139,117
California,6,imperial,25,2017m1,2017,1,17486,42423,5320172,1167,734,292,148,115
California,6,imperial,25,2017m2,2017,2,17256,41932,5249513,905,622,323,145,144
California,6,imperial,25,2017m3,2017,3,17252,41719,5227411,1058,684,360,156,142
California,6,imperial,25,2017m4,2017,4,17081,41323,5160733,1005,695,318,135,131
California,6,imperial,25,2017m5,2017,5,17079,41403,5202431,1085,717,342,159,129
California,6,imperial,25,2017m6,2017,6,17175,41625,5218565,1215,783,363,139,153
California,6,imperial,25,2017m7,2017,7,17191,41667,5218148,1235,808,373,169,159
California,6,imperial,25,2017m8,2017,8,17388,42136,5307867,1406,964,429,181,178
California,6,imperial,25,2017m9,2017,9,17361,42162,5299380,1083,758,388,126,193
California,6,imperial,25,2017m10,2017,10,17402,42152,5227543,1136,752,412,134,212
California,6,imperial,25,2017m11,2017,11,17347,41831,5194098,1034,662,329,91,176
California,6,imperial,25,2017m12,2017,12,17180,41423,5120693,863,588,281,85,149
California,6,imperial,25,2018m1,2018,1,17149,41050,5082592,1156,760,369,108,195
California,6,imperial,25,2018m2,2018,2,16932,40404,4983379,867,625,293,77,165
California,6,imperial,25,2018m3,2018,3,16881,40017,4940610,1018,667,322,95,172
California,6,imperial,25,2018m4,2018,4,16729,39591,4891054,1120,719,371,131,176
California,6,imperial,25,2018m5,2018,5,16729,39549,4918449,1034,721,309,93,178
California,6,imperial,25,2018m6,2018,6,16743,39425,4900807,1038,674,328,111,168
California,6,imperial,25,2018m7,2018,7,16820,39617,4940043,1261,845,379,130,200
California,6,imperial,25,2018m8,2018,8,16965,39952,4996056,1297,901,401,164,173
California,6,imperial,25,2018m9,2018,9,16974,39951,4989945,1060,695,346,125,164
California,6,imperial,25,2018m10,2018,10,17062,40074,5072381,1057,728,372,122,193
California,6,imperial,25,2018m11,2018,11,16981,39823,5012471,856,591,303,92,166
California,6,imperial,25,2018m12,2018,12,16757,39283,4925694,736,508,244,102,110
California,6,imperial,25,2019m1,2019,1,17286,41148,9346045,1864,1294,438,165,184
California,6,imperial,25,2019m2,2019,2,2597,6859,758129,795,531,307,84,182
California,6,imperial,25,2019m3,2019,3,16164,37775,4729253,887,567,315,99,157
California,6,imperial,25,2019m4,2019,4,15952,37111,4569429,1005,642,300,87,166
California,6,imperial,25,2019m5,2019,5,16006,37233,4603052,1644,701,491,255,171
California,6,imperial,25,2019m6,2019,6,16918,38221,4637669,2222,1185,776,409,261
California,6,imperial,25,2019m7,2019,7,17567,39276,4691736,1774,1363,720,189,423
California,6,imperial,25,2019m8,2019,8,17983,40018,4711846,1460,1044,599,155,326
California,6,imperial,25,2019m9,2019,9,18081,40149,4680225,1146,794,418,118,229
California,6,imperial,25,2019m10,2019,10,18278,40402,4659379,1153,816,389,121,197
California,6,imperial,25,2019m11,2019,11,18242,40180,4591033,982,667,285,86,155
California,6,imperial,25,2019m12,2019,12,18204,39934,4550873,909,641,317,93,176
California,6,imperial,25,2020m1,2020,1,18027,39338,4437949,1144,697,326,82,183
California,6,imperial,25,2020m2,2020,2,17862,38783,4396346,895,597,346,81,191
California,6,imperial,25,2020m3,2020,3,17769,38474,4378780,1060,604,305,86,160
California,6,imperial,25,2020m4,2020,4,18779,40673,6991450,1569,1024,485,190,219
California,6,imperial,25,2020m5,2020,5,19394,41901,7252014,1261,673,620,231,271
California,6,imperial,25,2020m6,2020,6,19700,42207,7387026,1126,554,619,198,259
California,6,imperial,25,2020m7,2020,7,18973,40511,6909846,989,489,594,191,296
California,6,imperial,25,2020m8,2020,8,18706,39980,6855894,1252,698,447,136,240
California,6,imperial,25,2020m9,2020,9,18523,39673,6807578,1066,620,437,106,255
California,6,imperial,25,2020m10,2020,10,18022,38803,7068556,1077,692,432,85,281
California,6,imperial,25,2020m11,2020,11,17590,37942,6887410,1083,623,396,86,242
California,6,imperial,25,2020m12,2020,12,17425,37648,6851345,1441,780,486,110,285
California,6,imperial,25,2021m1,2021,1,17458,37712,6819403,1180,707,587,89,421
California,6,imperial,25,2021m2,2021,2,17475,37741,8825968,1180,666,460,109,271
California,6,imperial,25,2021m3,2021,3,17501,37628,7797904,1168,710,544,88,385
California,6,imperial,25,2021m4,2021,4,17401,37409,7834107,1212,671,506,91,342
California,6,imperial,25,2021m5,2021,5,17444,37479,8507570,1053,692,414,74,288
California,6,imperial,25,2021m6,2021,6,17618,37932,8527341,1846,912,586,141,325
California,6,imperial,25,2021m7,2021,7,18073,38953,8798641,1725,979,770,131,493
California,6,imperial,25,2021m8,2021,8,18456,39534,8899800,1760,979,731,131,462
California,6,imperial,25,2021m9,2021,9,18808,40195,9086015,1775,910,784,172,482
California,6,imperial,25,2021m10,2021,10,20084,40832,10095947, , , , , 
California,6,imperial,25,2021m11,2021,11,19309,40906,10019265, , , , , 
California,6,imperial,25,2021m12,2021,12,19170,40333,9872773, , , , , 
California,6,imperial,25,2022m1,2022,1,18982,39713,9734506, , , , , 
California,6,imperial,25,2022m2,2022,2,19223,40084,9899558, , , , , 
California,6,imperial,25,2022m3,2022,3,19681,40839,9998946, , , , , 
California,6,imperial,25,2022m4,2022,4,19992,41442,10099353,1623,991,649,175,363
California,6,imperial,25,2022m5,2022,5,20520,42400,10342780,1635,1014,644,164,362
California,6,imperial,25,2022m6,2022,6,21038,43476,10539264,1924,1043,673,188,353
California,6,imperial,25,2022m7,2022,7,21521,44505,10859478,1769,1028,737,191,435
California,6,imperial,25,2022m8,2022,8,22121,45747,11220317,2092,1183,907,260,433
California,6,imperial,25,2022m9,2022,9,22479,46421,11281073,1657,983,755,192,417
California,6,imperial,25,2022m10,2022,10,22986,47415,12859890,1698,1017,702,190,360
California,6,imperial,25,2022m11,2022,11,23194,47701,12971851,1436,777,685,171,365
California,6,imperial,25,2022m12,2022,12,23162,47642,12891953,1254,724,651,158,324
California,6,imperial,25,2023m1,2023,1,23152,47360,12639673,1588,809,687,204,304
California,6,imperial,25,2023m2,2023,2,23091,47079,12674778,1375,734,663,206,299
California,6,imperial,25,2023m3,2023,3,23219,47249,12878517,1524,845,782,225,353
California,6,imperial,25,2023m4,2023,4,23010,46739,7567140,1405,736,575,158,261
California,6,imperial,25,2023m5,2023,5,23287,47289,7714519,1580,822,692,197,339
California,6,imperial,25,2023m6,2023,6,23652,47919,7818415,1550,928,656,184,306
California,6,imperial,25,2023m7,2023,7,23838,48308,7906048,1591,868,627,169,331
California,6,imperial,25,2023m8,2023,8,24304,49099,8100747,1788,1075,753,195,398
California,6,imperial,25,2023m9,2023,9,24518,49466,8140456,1454,854,619,167,333
California,6,imperial,25,2023m10,2023,10,24801,49865,8753033,1456,899,605,165,327
California,6,imperial,25,2023m11,2023,11,24832,49958,8734941,1214,722,453,127,238
California,6,imperial,25,2023m12,2023,12,24946,50043,8859446,1086,683,460,108,244
California,6,imperial,25,2024m1,2024,1,24969,49917,8674842,1574,832,578,143,285
California,6,imperial,25,2024m2,2024,2,25036,49906,8674341,1305,842,604,178,317
California,6,inyo,27,2016m7,2016,7,1061,2063,257105,84,54,24, , 
California,6,inyo,27,2016m8,2016,8,1057,2046,260557,64,40,30,14,14
California,6,inyo,27,2016m9,2016,9,1033,2004,253642,88,55,26, , 
California,6,inyo,27,2016m10,2016,10,1021,1947,252186,78,52,29, , 
California,6,inyo,27,2016m11,2016,11,1006,1934,244345,82,52,27, , 
California,6,inyo,27,2016m12,2016,12,1016,1943,246929,95,74,16, , 
California,6,inyo,27,2017m1,2017,1,1004,1907,245150,82,55,18, , 
California,6,inyo,27,2017m2,2017,2,1009,1899,247921,65,56,16, , 
California,6,inyo,27,2017m3,2017,3,1013,1904,247874,83,58,27, , 
California,6,inyo,27,2017m4,2017,4,1033,1971,258269,68,61,20, , 
California,6,inyo,27,2017m5,2017,5,1034,1965,258617,84,60,15, , 
California,6,inyo,27,2017m6,2017,6,1010,1925,251516,60,50,14, , 
California,6,inyo,27,2017m7,2017,7,1003,1927,248250,75,61,13, , 
California,6,inyo,27,2017m8,2017,8,1010,1958,247633,65,48,16, , 
California,6,inyo,27,2017m9,2017,9,1006,1945,245108,78,59,19, , 
California,6,inyo,27,2017m10,2017,10,991,1908,241733,67,41,8, , 
California,6,inyo,27,2017m11,2017,11,988,1920,241140,74,59,24, , 
California,6,inyo,27,2017m12,2017,12,993,1909,242399,80,55,18, , 
California,6,inyo,27,2018m1,2018,1,1027,1996,250583,93,76,23, , 
California,6,inyo,27,2018m2,2018,2,1037,1984,251022,71,54,20, , 
California,6,inyo,27,2018m3,2018,3,1031,1969,249930,59,37,18, , 
California,6,inyo,27,2018m4,2018,4,1048,2000,253415,77,56,17, , 
California,6,inyo,27,2018m5,2018,5,1036,1975,255155,60,37,27, , 
California,6,inyo,27,2018m6,2018,6,1028,1938,250338,70,50,11, , 
California,6,inyo,27,2018m7,2018,7,1021,1924,242570,77,60,23, , 
California,6,inyo,27,2018m8,2018,8,1015,1887,236956,68,51,16, , 
California,6,inyo,27,2018m9,2018,9,989,1838,224778,58,38,20, , 
California,6,inyo,27,2018m10,2018,10,989,1832,228172,84,55,14, , 
California,6,inyo,27,2018m11,2018,11,1004,1843,233260,87,66,17, , 
California,6,inyo,27,2018m12,2018,12,992,1817,232812,60,41,27, , 
California,6,inyo,27,2019m1,2019,1,1003,1834,435985,84,64,18, , 
California,6,inyo,27,2019m2,2019,2,117,265,29027,38,20,19, , 
California,6,inyo,27,2019m3,2019,3,969,1757,233625,59,44,17, , 
California,6,inyo,27,2019m4,2019,4,918,1685,222167,60,34,16, , 
California,6,inyo,27,2019m5,2019,5,921,1700,222983,77,43,32,13,12
California,6,inyo,27,2019m6,2019,6,937,1728,225813,91,51,35,20,12
California,6,inyo,27,2019m7,2019,7,929,1723,219880,86,51,29, , 
California,6,inyo,27,2019m8,2019,8,954,1752,222695,77,54,28,12,11
California,6,inyo,27,2019m9,2019,9,957,1755,220437,81,54,27, , 
California,6,inyo,27,2019m10,2019,10,967,1773,224124,89,54,24, , 
California,6,inyo,27,2019m11,2019,11,993,1817,227289,74,53,25, , 
California,6,inyo,27,2019m12,2019,12,993,1814,225280,54,42,32, , 
California,6,inyo,27,2020m1,2020,1,997,1813,223433,92,54,12, , 
California,6,inyo,27,2020m2,2020,2,1014,1829,227930,76,52,19, , 
California,6,inyo,27,2020m3,2020,3,1035,1855,233525,128,70,35, , 
California,6,inyo,27,2020m4,2020,4,1144,2076,363934,145,109,48,19,27
California,6,inyo,27,2020m5,2020,5,1193,2190,390428,78,51,40, , 
California,6,inyo,27,2020m6,2020,6,1204,2193,381955,56,30,26, , 
California,6,inyo,27,2020m7,2020,7,1157,2064,368121,57,33,27, , 
California,6,inyo,27,2020m8,2020,8,1132,2030,358685,72,33,31,16,11
California,6,inyo,27,2020m9,2020,9,1112,1987,350673,58,41,26, , 
California,6,inyo,27,2020m10,2020,10,1052,1904,356090,63,41,32, , 
California,6,inyo,27,2020m11,2020,11,1009,1833,342723,84,43,29,15,11
California,6,inyo,27,2020m12,2020,12,1014,1852,345717,116,70,34,11,20
California,6,inyo,27,2021m1,2021,1,1018,1856,344609,75,61,30, , 
California,6,inyo,27,2021m2,2021,2,1035,1894,458661,92,52,30, , 
California,6,inyo,27,2021m3,2021,3,1030,1879,404352,74,58,30, , 
California,6,inyo,27,2021m4,2021,4,1019,1879,402064,75,39,23, , 
California,6,inyo,27,2021m5,2021,5,1031,1888,453923,67,52,26, , 
California,6,inyo,27,2021m6,2021,6,1020,1878,447402,84,46,26, , 
California,6,inyo,27,2021m7,2021,7,1032,1922,455795,90,56,38, , 
California,6,inyo,27,2021m8,2021,8,1063,1959,460803,106,67,31, , 
California,6,inyo,27,2021m9,2021,9,1080,1967,464298,125,73,44,15,25
California,6,inyo,27,2021m10,2021,10,1120,2051,519531,121,78,42, , 
California,6,inyo,27,2021m11,2021,11,1145,2063,532078, , , , , 
California,6,inyo,27,2021m12,2021,12,1179,2124,538905,98,64,42, , 
California,6,inyo,27,2022m1,2022,1,1190,2128,549003,110,66,36, , 
California,6,inyo,27,2022m2,2022,2,1198,2143,549082,77,52,37,13,21
California,6,inyo,27,2022m3,2022,3,1200,2140,545940,113,69,30, , 
California,6,inyo,27,2022m4,2022,4,1194,2105,544100, , , , , 
California,6,inyo,27,2022m5,2022,5,1199,2121,545931,83,58,28, , 
California,6,inyo,27,2022m6,2022,6,1212,2158,545287,110,65,34,16,14
California,6,inyo,27,2022m7,2022,7,1219,2174,553154,100,58,34,14,17
California,6,inyo,27,2022m8,2022,8,1227,2171,558109,121,65,51,19,29
California,6,inyo,27,2022m9,2022,9,1253,2211,557946,112,73,36, , 
California,6,inyo,27,2022m10,2022,10,1279,2227,638769,122,73,51,16,30
California,6,inyo,27,2022m11,2022,11,1281,2205,638900,96,54,34,11,19
California,6,inyo,27,2022m12,2022,12,1270,2180,629104,80,51,45,14,28
California,6,inyo,27,2023m1,2023,1,1266,2194,615894,104,56,34, , 
California,6,inyo,27,2023m2,2023,2,1257,2188,625378,84,52,46,13,30
California,6,inyo,27,2023m3,2023,3,1263,2220,622714,97,56,37, , 
California,6,inyo,27,2023m4,2023,4,1224,2138,370932, , , , , 
California,6,inyo,27,2023m5,2023,5,1228,2144,372696,85,57,30, , 
California,6,inyo,27,2023m6,2023,6,1238,2118,367855,98,62,31, , 
California,6,inyo,27,2023m7,2023,7,1219,2114,365035,77,46,33, , 
California,6,inyo,27,2023m8,2023,8,1240,2148,369979,98,54,36,17,15
California,6,inyo,27,2023m9,2023,9,1226,2110,358342,67,48,30, , 
California,6,inyo,27,2023m10,2023,10,1221,2081,377874,103,48,38,14,21
California,6,inyo,27,2023m11,2023,11,1238,2097,373996,99,68,32,11,18
California,6,inyo,27,2023m12,2023,12,1234,2103,382684,83,51,35, , 
California,6,inyo,27,2024m1,2024,1,1265,2141,390020,121,65,38,15,18
California,6,inyo,27,2024m2,2024,2,1288,2198,401149,95,68,41,15,21
California,6,kern,29,2016m7,2016,7,70466,163720,21895424,5310,3399,1931,888,879
California,6,kern,29,2016m8,2016,8,70997,164367,22043840,6746,4097,2336,973,1061
California,6,kern,29,2016m9,2016,9,70534,163823,21806945,5764,3832,2344,1060,1015
California,6,kern,29,2016m10,2016,10,70187,162909,21741050,5832,3590,2084,912,926
California,6,kern,29,2016m11,2016,11,70164,162848,21726245,5863,3880,2198,975,900
California,6,kern,29,2016m12,2016,12,69940,162833,21827890,5321,3607,1895,936,769
California,6,kern,29,2017m1,2017,1,69890,162758,21624175,6887,3921,2055,862,950
California,6,kern,29,2017m2,2017,2,69499,162214,21593928,4852,3671,2028,867,938
California,6,kern,29,2017m3,2017,3,69686,162134,21512469,5216,3566,1934,813,867
California,6,kern,29,2017m4,2017,4,69111,160813,21235809,4730,3036,1574,665,699
California,6,kern,29,2017m5,2017,5,68976,160000,21107166,5402,3510,1879,807,841
California,6,kern,29,2017m6,2017,6,69012,160089,21064831,5729,3592,1856,837,810
California,6,kern,29,2017m7,2017,7,68701,159585,21031788,5564,3446,2005,847,915
California,6,kern,29,2017m8,2017,8,68941,159703,21055058,6466,3846,2166,846,1042
California,6,kern,29,2017m9,2017,9,68715,158997,20885143,5191,3273,2286,540,1467
California,6,kern,29,2017m10,2017,10,68617,157975,20614902,5846,3643,2126,507,1358
California,6,kern,29,2017m11,2017,11,68295,157260,20483612,5860,3599,2107,530,1313
California,6,kern,29,2017m12,2017,12,68268,157266,20653997,4762,3415,1854,467,1204
California,6,kern,29,2018m1,2018,1,68299,157208,20745917,7258,4021,2139,430,1451
California,6,kern,29,2018m2,2018,2,67900,156899,20669851,5106,3564,2172,427,1501
California,6,kern,29,2018m3,2018,3,68132,156958,20568973,5186,3349,1974,431,1285
California,6,kern,29,2018m4,2018,4,67659,155710,20395812,5232,3393,1866,406,1201
California,6,kern,29,2018m5,2018,5,67595,155375,20312589,5286,3514,1838,455,1181
California,6,kern,29,2018m6,2018,6,67478,154691,20176650,5425,3275,1694,433,1114
California,6,kern,29,2018m7,2018,7,66851,153262,20063634,5564,3418,2020,471,1384
California,6,kern,29,2018m8,2018,8,67241,153790,20187147,6079,3963,2183,470,1541
California,6,kern,29,2018m9,2018,9,66695,152773,19928182,5050,3170,1938,445,1344
California,6,kern,29,2018m10,2018,10,66451,151430,19947157,5546,3570,2014,491,1366
California,6,kern,29,2018m11,2018,11,65835,150017,19691405,5240,3217,1725,380,1229
California,6,kern,29,2018m12,2018,12,65593,149594,19795463,4421,3177,1675,384,1179
California,6,kern,29,2019m1,2019,1,64938,147651,36085750,6163,3627,1925,374,1376
California,6,kern,29,2019m2,2019,2,10558,25850,3036402,4841,3036,2020,410,1452
California,6,kern,29,2019m3,2019,3,64698,147218,19453700,5118,3437,1770,430,1208
California,6,kern,29,2019m4,2019,4,64389,146089,18963001,5375,3546,1876,431,1265
California,6,kern,29,2019m5,2019,5,64472,145946,18938793,7013,3516,2353,951,1278
California,6,kern,29,2019m6,2019,6,67688,149227,19115512,8719,4594,3486,1772,1566
California,6,kern,29,2019m7,2019,7,69829,152322,19404666,9217,5765,3410,596,2620
California,6,kern,29,2019m8,2019,8,70467,154596,19553451,7409,4904,2860,589,2113
California,6,kern,29,2019m9,2019,9,71851,154999,19285852,6104,3971,2548,503,1885
California,6,kern,29,2019m10,2019,10,72053,155017,19058804,6890,4382,2469,593,1723
California,6,kern,29,2019m11,2019,11,72077,155370,18870522,5878,3795,2059,478,1470
California,6,kern,29,2019m12,2019,12,72333,156099,19035813,4842,3501,2211,429,1677
California,6,kern,29,2020m1,2020,1,71862,154628,18857594,6994,3764,2232,407,1693
California,6,kern,29,2020m2,2020,2,71884,155080,18980589,5967,3566,2395,417,1830
California,6,kern,29,2020m3,2020,3,72082,155326,18977921,6913,3678,2459,457,1827
California,6,kern,29,2020m4,2020,4,76690,164496,20088844,8394,4994,3166,1012,1926
California,6,kern,29,2020m5,2020,5,81550,172901,21143777,7269,4016,3568,1229,2035
California,6,kern,29,2020m6,2020,6,82052,174183,21907962,5979,3012,3543,1255,1932
California,6,kern,29,2020m7,2020,7,79880,168942,20527513,5521,2775,3196,1238,1751
California,6,kern,29,2020m8,2020,8,78286,166130,19808283,6583,3541,2513,922,1403
California,6,kern,29,2020m9,2020,9,76998,164079,19323460,5761,3481,2514,737,1620
California,6,kern,29,2020m10,2020,10,73942,158626,19850712,6200,3507,2367,627,1614
California,6,kern,29,2020m11,2020,11,71641,154228,18986251,6134,3611,2350,576,1672
California,6,kern,29,2020m12,2020,12,70804,152838,18754363,7275,4225,2591,592,1848
California,6,kern,29,2021m1,2021,1,71792,154242,18890132,9358,4713,3748,630,2902
California,6,kern,29,2021m2,2021,2,71583,153633,27141755,7054,4503,2867,566,2141
California,6,kern,29,2021m3,2021,3,73845,158404,23320382,6956,4689,3242,605,2441
California,6,kern,29,2021m4,2021,4,73879,158887,23170403,6082,3875,2478,458,1895
California,6,kern,29,2021m5,2021,5,73476,158578,22973998,5385,3461,2044,451,1476
California,6,kern,29,2021m6,2021,6,73272,158615,22811997,8426,4131,2396,539,1675
California,6,kern,29,2021m7,2021,7,74142,160184,23075921,8922,4449,4059,680,3144
California,6,kern,29,2021m8,2021,8,74969,161474,23224598,7844,4591,3733,666,2868
California,6,kern,29,2021m9,2021,9,74869,160791,23073873,8117,3629,3858,543,3104
California,6,kern,29,2021m10,2021,10,75213,160156,25774870,8652,3861,4234,507,3488
California,6,kern,29,2021m11,2021,11,75340,159799,26094124,8995,4188,5163,555,4380
California,6,kern,29,2021m12,2021,12,73580,155972,25600400,6295,3227,3670,415,3086
California,6,kern,29,2022m1,2022,1,72567,153655,25165990,9148,3907,3710,414,3084
California,6,kern,29,2022m2,2022,2,73468,155449,25849811,8681,4648,4168,574,3356
California,6,kern,29,2022m3,2022,3,75705,160435,26578196,10608,5339,4616,700,3658
California,6,kern,29,2022m4,2022,4,76366,163269,26957630,9062,4770,4005,700,3092
California,6,kern,29,2022m5,2022,5,79480,168713,27327172,8757,4730,3854,712,2937
California,6,kern,29,2022m6,2022,6,81507,172887,27747471,8288,4800,3595,708,2679
California,6,kern,29,2022m7,2022,7,82837,175392,28122719,7506,4196,3685,811,2684
California,6,kern,29,2022m8,2022,8,84561,178375,28580027,8726,4756,4060,965,2810
California,6,kern,29,2022m9,2022,9,85546,179829,28575252,7782,4339,3976,978,2722
California,6,kern,29,2022m10,2022,10,87251,182761,33712562,8733,4670,4105,1004,2826
California,6,kern,29,2022m11,2022,11,88808,185665,34249035,8244,4606,3788,853,2676
California,6,kern,29,2022m12,2022,12,89722,187616,34424229,6708,3973,3246,776,2250
California,6,kern,29,2023m1,2023,1,90160,188117,33968688,8898,4348,3408,781,2368
California,6,kern,29,2023m2,2023,2,91047,189927,34019684,7320,4476,3648,852,2524
California,6,kern,29,2023m3,2023,3,93001,193785,34733041,7869,4703,3778,837,2623
California,6,kern,29,2023m4,2023,4,92994,194007,34556138,6573,3698,2748,677,1866
California,6,kern,29,2023m5,2023,5,93819,195416,34765390,6673,3814,3107,776,2079
California,6,kern,29,2023m6,2023,6,94542,196490,34927124,7793,3673,3015,720,2054
California,6,kern,29,2023m7,2023,7,94052,195581,34841730,7062,2997,2891,636,1982
California,6,kern,29,2023m8,2023,8,94940,196474,35499550,8130,4263,3697,896,2465
California,6,kern,29,2023m9,2023,9,95052,195928,35123051,9072,3609,3762,890,2544
California,6,kern,29,2023m10,2023,10,96287,197458,37602100,9350,4722,4966,1147,3364
California,6,kern,29,2023m11,2023,11,97111,198731,37409376,7617,4339,3954,890,2686
California,6,kern,29,2023m12,2023,12,97242,198850,37468960,5492,3296,2733,601,1911
California,6,kern,29,2024m1,2024,1,98208,200419,38045311,7031,4449,3614,820,2461
California,6,kern,29,2024m2,2024,2,99425,203089,38216904,8888,4425,3637,867,2466
California,6,kings,31,2016m7,2016,7,10726,24414,3111197,825,514,272,155,103
California,6,kings,31,2016m8,2016,8,10804,24494,2982132,931,651,341,167,133
California,6,kings,31,2016m9,2016,9,10720,24345,3095351,793,503,285,157,105
California,6,kings,31,2016m10,2016,10,10696,24267,3100216,854,620,217,110,80
California,6,kings,31,2016m11,2016,11,10669,24215,3101268,858,583,243,118,91
California,6,kings,31,2016m12,2016,12,10697,24327,3122844,715,573,231,123,83
California,6,kings,31,2017m1,2017,1,10812,24565,3119132,1087,733,238,115,82
California,6,kings,31,2017m2,2017,2,10755,24610,3147565,726,527,266,142,98
California,6,kings,31,2017m3,2017,3,10818,24644,3129955,747,528,271,128,109
California,6,kings,31,2017m4,2017,4,10690,24293,3070490,731,491,214,112,73
California,6,kings,31,2017m5,2017,5,10578,24005,3039520,779,512,238,103,103
California,6,kings,31,2017m6,2017,6,10610,23969,3022189,865,570,260,127,97
California,6,kings,31,2017m7,2017,7,10493,23734,2980370,909,570,317,167,121
California,6,kings,31,2017m8,2017,8,10585,23866,2999607,926,610,445,293,115
California,6,kings,31,2017m9,2017,9,10540,23600,2977063,822,534,284,104,143
California,6,kings,31,2017m10,2017,10,10523,23482,2925794,926,560,349,125,187
California,6,kings,31,2017m11,2017,11,10567,23576,2959384,900,594,297,119,143
California,6,kings,31,2017m12,2017,12,10606,23692,2957600,706,502,242,88,122
California,6,kings,31,2018m1,2018,1,10770,23971,3005604,1122,709,357,114,210
California,6,kings,31,2018m2,2018,2,10635,23910,2974974,725,508,287,92,156
California,6,kings,31,2018m3,2018,3,0,0, ,756,488,256,82,141
California,6,kings,31,2018m4,2018,4,10649,23750,2962164,765,495,278,98,147
California,6,kings,31,2018m5,2018,5,10595,23551,2927304,750,468,270,105,124
California,6,kings,31,2018m6,2018,6,10610,23488,2938067,803,506,298,119,140
California,6,kings,31,2018m7,2018,7,10468,23176,2912642,837,536,291,96,156
California,6,kings,31,2018m8,2018,8,10485,23126,2914719,882,516,360,165,154
California,6,kings,31,2018m9,2018,9,10379,22835,2854066,675,400,283,102,153
California,6,kings,31,2018m10,2018,10,10358,22719,2884878,818,516,296,115,155
California,6,kings,31,2018m11,2018,11,10332,22844,2892378,803,493,275,109,139
California,6,kings,31,2018m12,2018,12,10289,22780,2897630,649,419,274,95,154
California,6,kings,31,2019m1,2019,1,10489,23134,5426553,1021,679,313,104,175
California,6,kings,31,2019m2,2019,2,1756,4237,450361,666,424,269,95,138
California,6,kings,31,2019m3,2019,3,10331,22868,2921236,697,451,253,84,132
California,6,kings,31,2019m4,2019,4,10270,22675,2842023,771,469,257,86,137
California,6,kings,31,2019m5,2019,5,10166,22450,2795385,1140,480,473,281,165
California,6,kings,31,2019m6,2019,6,10762,23011,2815342,1241,802,545,230,271
California,6,kings,31,2019m7,2019,7,10940,23288,2826858,1119,700,389,118,223
California,6,kings,31,2019m8,2019,8,11053,23582,2833363,999,609,428,149,234
California,6,kings,31,2019m9,2019,9,11145,23601,2825930,800,506,361,106,204
California,6,kings,31,2019m10,2019,10,11192,23673,2836555,962,579,387,110,223
California,6,kings,31,2019m11,2019,11,11311,23969,2836681,872,558,290,95,158
California,6,kings,31,2019m12,2019,12,11367,24035,2844613,745,491,289,77,177
California,6,kings,31,2020m1,2020,1,11480,24160,2837664,1013,660,305,88,175
California,6,kings,31,2020m2,2020,2,11451,24123,2855284,709,458,301,87,192
California,6,kings,31,2020m3,2020,3,11536,24204,2873091,898,472,338,107,205
California,6,kings,31,2020m4,2020,4,12173,25519,4337667,1005,624,409,143,224
California,6,kings,31,2020m5,2020,5,12555,26337,3098843,860,395,467,142,255
California,6,kings,31,2020m6,2020,6,12590,26219,3091545,768,265,513,141,280
California,6,kings,31,2020m7,2020,7,12133,25242,4304167,789,331,441,112,274
California,6,kings,31,2020m8,2020,8,11891,24803,4244311,953,457,459,118,295
California,6,kings,31,2020m9,2020,9,11711,24467,4218216,798,395,420,102,271
California,6,kings,31,2020m10,2020,10,11305,23776,2824778,876,428,427,78,326
California,6,kings,31,2020m11,2020,11,11081,23371,2757818,1014,490,423,88,310
California,6,kings,31,2020m12,2020,12,11034,23346,2733971,1072,528,515,98,377
California,6,kings,31,2021m1,2021,1,11211,23646,2764497,1040,548,534,85,397
California,6,kings,31,2021m2,2021,2,11310,23842,4014949,948,499,486,88,357
California,6,kings,31,2021m3,2021,3,11416,24054,3422018,876,477,452,72,334
California,6,kings,31,2021m4,2021,4,11340,23863,3373695,732,379,331,49,251
California,6,kings,31,2021m5,2021,5,11166,23584,3303887,710,351,336,55,244
California,6,kings,31,2021m6,2021,6,11206,23721,3252149,1154,492,571,95,418
California,6,kings,31,2021m7,2021,7,11295,23880,3262414,1078,498,565,84,425
California,6,kings,31,2021m8,2021,8,11287,23851,3239951,1117,496,611,85,475
California,6,kings,31,2021m9,2021,9,11341,23969,3267958,1100,476,534,80,391
California,6,kings,31,2021m10,2021,10,11608,24439,3766293,1444,657,666,104,514
California,6,kings,31,2021m11,2021,11,11700,24547,3810100,1178,602,646,87,504
California,6,kings,31,2021m12,2021,12,11709,24553,3873297,1118,576,534,76,387
California,6,kings,31,2022m1,2022,1,11882,24834,3864549,1394,684,651,101,455
California,6,kings,31,2022m2,2022,2,12189,25521,3893797,1058,674,582,99,404
California,6,kings,31,2022m3,2022,3,12402,26034,3975979,1173,595,561,105,372
California,6,kings,31,2022m4,2022,4,12464,26177,3958479,997,554,492,93,338
California,6,kings,31,2022m5,2022,5,12658,26504,4014768,1085,542,487,87,353
California,6,kings,31,2022m6,2022,6,12856,26840,4008752,1237,615,573,115,385
California,6,kings,31,2022m7,2022,7,12962,27005,4015467,1175,567,534,99,357
California,6,kings,31,2022m8,2022,8,13219,27431,4110586,1305,655,653,138,426
California,6,kings,31,2022m9,2022,9,13270,27408,6683320,1084,575,545,129,327
California,6,kings,31,2022m10,2022,10,13532,27787,7580319,1231,729,562,122,335
California,6,kings,31,2022m11,2022,11,13782,28212,4849848,1191,694,482,102,304
California,6,kings,31,2022m12,2022,12,13875,28477,4905068,914,640,434,98,248
California,6,kings,31,2023m1,2023,1,14111,28822,4831885,1441,759,579,136,339
California,6,kings,31,2023m2,2023,2,14177,28867,4779087,1018,568,444,89,265
California,6,kings,31,2023m3,2023,3,14461,29426,4878290,1174,666,529,114,321
California,6,kings,31,2023m4,2023,4,14343,29202,4894316.2,964,543,452,109,268
California,6,kings,31,2023m5,2023,5,14485,29426,4950176,1071,605,464,116,265
California,6,kings,31,2023m6,2023,6,14499,29418,4956763,1002,516,438,116,242
California,6,kings,31,2023m7,2023,7,14514,29402,4963078,1023,522,436,129,226
California,6,kings,31,2023m8,2023,8,14614,29412,4931953,1239,620,593,187,311
California,6,kings,31,2023m9,2023,9,14525,29184,4876847,1005,497,515,158,284
California,6,kings,31,2023m10,2023,10,14578,29234,5194867,1181,596,473,158,238
California,6,kings,31,2023m11,2023,11,14702,29480,5279699,1108,718,436,167,215
California,6,kings,31,2023m12,2023,12,14760,29546,5244398,902,524,389,133,192
California,6,kings,31,2024m1,2024,1,14936,29864,5290897,1400,766,512,160,252
California,6,kings,31,2024m2,2024,2,13702,27475,5298431,1005,625,517,146,282
California,6,lake,33,2016m7,2016,7,6609,12378,1685534,413,293,101,34,58
California,6,lake,33,2016m8,2016,8,6586,12382,1677640,471,302,118,27,62
California,6,lake,33,2016m9,2016,9,6586,12398,1677466,401,309,139,51,61
California,6,lake,33,2016m10,2016,10,6513,12259,1655305,374,273,108,24,66
California,6,lake,33,2016m11,2016,11,6555,12425,1667539,443,311,120,34,72
California,6,lake,33,2016m12,2016,12,6499,12322,1652593,420,310,99,32,58
California,6,lake,33,2017m1,2017,1,6474,12231,1640926,475,343,118,35,64
California,6,lake,33,2017m2,2017,2,6445,12146,1637625,395,285,114,40,61
California,6,lake,33,2017m3,2017,3,6447,12110,1640967,441,319,122,34,65
California,6,lake,33,2017m4,2017,4,6423,11993,1617485,382,302,77,16,46
California,6,lake,33,2017m5,2017,5,6424,11935,1607959,415,297,107,27,61
California,6,lake,33,2017m6,2017,6,6385,11849,1586620,411,267,121,34,67
California,6,lake,33,2017m7,2017,7,6349,11761,1564699,379,260,119,30,72
California,6,lake,33,2017m8,2017,8,6403,11840,1589040,493,316,134,35,82
California,6,lake,33,2017m9,2017,9,6383,11820,1562644,392,293,131,36,76
California,6,lake,33,2017m10,2017,10,6576,12170,1551471,441,270,130,34,65
California,6,lake,33,2017m11,2017,11,6353,11705,1534995,460,311,139,30,82
California,6,lake,33,2017m12,2017,12,6317,11616,1547102,363,272,129,26,78
California,6,lake,33,2018m1,2018,1,6392,11679,1550867,482,326,119,25,78
California,6,lake,33,2018m2,2018,2,6300,11573,1513732,380,268,134,26,90
California,6,lake,33,2018m3,2018,3,6309,11529,1546208,411,277,114,38,59
California,6,lake,33,2018m4,2018,4,6317,11541,1526063,422,295,144,25,92
California,6,lake,33,2018m5,2018,5,6290,11443,1520586,429,284,138,34,79
California,6,lake,33,2018m6,2018,6,6307,11483,1515363,451,292,168,42,89
California,6,lake,33,2018m7,2018,7,6214,11273,1482225,460,279,138,44,76
California,6,lake,33,2018m8,2018,8,6252,11369,1481720,508,272,216,43,119
California,6,lake,33,2018m9,2018,9,6245,11317,1479180,443,330,210,52,126
California,6,lake,33,2018m10,2018,10,6245,11283,1490005,437,284,166,48,99
California,6,lake,33,2018m11,2018,11,6227,11236,1457596,464,314,119,27,74
California,6,lake,33,2018m12,2018,12,6225,11220,1460883,398,264,133,36,79
California,6,lake,33,2019m1,2019,1,6298,11286,2746378,422,304,149,44,83
California,6,lake,33,2019m2,2019,2,737,1426,158543,314,202,92,20,57
California,6,lake,33,2019m3,2019,3,6177,11063,1440355,398,253,126,23,80
California,6,lake,33,2019m4,2019,4,6113,10991,1416569,409,259,140,28,88
California,6,lake,33,2019m5,2019,5,6141,10908,1398307,1300,307,642,481,126
California,6,lake,33,2019m6,2019,6,6973,11792,1456740,822,485,486,278,172
California,6,lake,33,2019m7,2019,7,7235,12135,1492374,658,514,254,59,170
California,6,lake,33,2019m8,2019,8,7278,12173,1460224,546,368,191,41,128
California,6,lake,33,2019m9,2019,9,7350,12201,1445128,511,341,160,41,95
California,6,lake,33,2019m10,2019,10,7431,12313,1472448,445,298,167,37,111
California,6,lake,33,2019m11,2019,11,7333,12131,1435632,456,284,148,44,90
California,6,lake,33,2019m12,2019,12,7419,12352,1483338,508,326,201,35,134
California,6,lake,33,2020m1,2020,1,7405,12243,1446236,570,346,179,32,121
California,6,lake,33,2020m2,2020,2,7412,12258,1459808,431,301,178,35,123
California,6,lake,33,2020m3,2020,3,7454,12271,1465458,568,327,197,30,147
California,6,lake,33,2020m4,2020,4,7998,13333,1562763,786,514,284,68,177
California,6,lake,33,2020m5,2020,5,8246,13769,1622248,429,248,233,54,129
California,6,lake,33,2020m6,2020,6,8138,13422,1609470,283,195,206,47,118
California,6,lake,33,2020m7,2020,7,7856,12894,1502968,382,187,177,50,97
California,6,lake,33,2020m8,2020,8,7765,12881,1465072,470,270,153,45,88
California,6,lake,33,2020m9,2020,9,7669,12735,1427481,385,243,168,24,127
California,6,lake,33,2020m10,2020,10,7421,12322,1465502,412,238,180,55,99
California,6,lake,33,2020m11,2020,11,7310,12146,1411619,394,245,127,23,85
California,6,lake,33,2020m12,2020,12,7251,12021,1382652,629,333,203,30,149
California,6,lake,33,2021m1,2021,1,7367,12276,1406062,537,346,232,45,166
California,6,lake,33,2021m2,2021,2,7513,12567,2051050,537,347,216,30,168
California,6,lake,33,2021m3,2021,3,7575,12668,1751040,483,314,201,34,145
California,6,lake,33,2021m4,2021,4,7505,12501,1706113,401,258,152,27,111
California,6,lake,33,2021m5,2021,5,7509,12507,1700978,420,280,137,26,96
California,6,lake,33,2021m6,2021,6,7592,12678,1711175,625,369,209,27,162
California,6,lake,33,2021m7,2021,7,7614,12698,1717413,537,286,202,31,143
California,6,lake,33,2021m8,2021,8,7700,12829,1714146,619,360,213,48,142
California,6,lake,33,2021m9,2021,9,7797,12937,1724480,591,330,249,39,174
California,6,lake,33,2021m10,2021,10,7967,13148,2050364,741,403,224,51,143
California,6,lake,33,2021m11,2021,11,8033,13254,2124748,602,401,224,38,162
California,6,lake,33,2021m12,2021,12,8033,13254,2124748,607,355,192,25,142
California,6,lake,33,2022m1,2022,1,8194,13479,2128955, , , , , 
California,6,lake,33,2022m2,2022,2,8278,13590,2156159,512,354,231,43,160
California,6,lake,33,2022m3,2022,3,8474,13887,2168397, , , , , 
California,6,lake,33,2022m4,2022,4,8564,14076,2154929,569,359,202,61,121
California,6,lake,33,2022m5,2022,5,8718,14289,2179494,561,365,218,56,139
California,6,lake,33,2022m6,2022,6,8858,14564,2224304,653,409,232,68,124
California,6,lake,33,2022m7,2022,7,8986,14876,2228897,601,384,206,56,119
California,6,lake,33,2022m8,2022,8,9165,15179,2267864,695,438,252,75,140
California,6,lake,33,2022m9,2022,9,9275,15334,2230459,590,356,214,67,114
California,6,lake,33,2022m10,2022,10,9407,15603,2751956,612,392,225,64,119
California,6,lake,33,2022m11,2022,11,9658,15918,2795513,579,386,231,64,130
California,6,lake,33,2022m12,2022,12,9658,15918,2795513,481,326,172,39,109
California,6,lake,33,2023m1,2023,1,9745,16085,2751225,638,394,184,35,108
California,6,lake,33,2023m2,2023,2,9775,16140,2693426,478,338,199,48,126
California,6,lake,33,2023m3,2023,3,9953,16421,2732884,598,407,203,57,117
California,6,lake,33,2023m4,2023,4,9847,16260,2726359,492,329,148,45,83
California,6,lake,33,2023m5,2023,5,9968,16397,2764348,588,363,209,45,124
California,6,lake,33,2023m6,2023,6,10006,16452,2764488,474,317,170,38,99
California,6,lake,33,2023m7,2023,7,10040,16477,2785847,507,333,149,51,66
California,6,lake,33,2023m8,2023,8,10108,16559,2807534,593,375,237,74,108
California,6,lake,33,2023m9,2023,9,10087,16453,2799226,506,305,192,51,117
California,6,lake,33,2023m10,2023,10,10150,16498,2981520,548,342,198,58,103
California,6,lake,33,2023m11,2023,11,10237,16607,2989866,585,379,186,60,103
California,6,lake,33,2023m12,2023,12,10278,16654,3014333,464,319,141,35,77
California,6,lake,33,2024m1,2024,1,10402,16891,3024975,672,417,214,64,97
California,6,lake,33,2024m2,2024,2,10440,16926,3008760,538,300,230,41,137
California,6,lassen,35,2016m7,2016,7,1566,3138,438260,101,71,36, , 
California,6,lassen,35,2016m8,2016,8,1565,3110,437851,155,79,36,15,13
California,6,lassen,35,2016m9,2016,9,1572,3123,443156,127,105,36,17,15
California,6,lassen,35,2016m10,2016,10,1575,3110,436425,112,81,26, , 
California,6,lassen,35,2016m11,2016,11,1591,3146,448119,115,85,40,19,18
California,6,lassen,35,2016m12,2016,12,1608,3150,442885,100,86,52,28,21
California,6,lassen,35,2017m1,2017,1,1604,3140,433738,126,80,27,11,12
California,6,lassen,35,2017m2,2017,2,1574,3095,430921,79,62,22, , 
California,6,lassen,35,2017m3,2017,3,1571,3075,431488,109,71,27,12,14
California,6,lassen,35,2017m4,2017,4,1572,3108,428980,109,79,26, , 
California,6,lassen,35,2017m5,2017,5,1577,3119,429093,112,77,22, , 
California,6,lassen,35,2017m6,2017,6,1596,3154,433947,110,91,24, , 
California,6,lassen,35,2017m7,2017,7,1583,3160,438496,103,74,40, , 
California,6,lassen,35,2017m8,2017,8,1580,3167,434677,102,76,28, , 
California,6,lassen,35,2017m9,2017,9,1565,3135,425394,112,81,30, , 
California,6,lassen,35,2017m10,2017,10,1509,3037,409536,124,74,35,15,19
California,6,lassen,35,2017m11,2017,11,1515,3072,409233,116,81,28, , 
California,6,lassen,35,2017m12,2017,12,1494,3017,404770,84,60,29, , 
California,6,lassen,35,2018m1,2018,1,1513,3040,405728,146,83,36,15,20
California,6,lassen,35,2018m2,2018,2,1519,3020,407759,93,78,36, , 
California,6,lassen,35,2018m3,2018,3,1542,3048,410126,128,85,40,14,26
California,6,lassen,35,2018m4,2018,4,1503,2939,394380,86,69,42,18,23
California,6,lassen,35,2018m5,2018,5,1491,2893,394403,98,55,30, , 
California,6,lassen,35,2018m6,2018,6,1462,2845,389281,89,41,26, , 
California,6,lassen,35,2018m7,2018,7,1445,2825,389311,133,82,39,14,20
California,6,lassen,35,2018m8,2018,8,1460,2887,394291,126,92,48,14,28
California,6,lassen,35,2018m9,2018,9,1441,2882,389801,117,53,35, , 
California,6,lassen,35,2018m10,2018,10,1468,2857,395488,128,90,55,17,36
California,6,lassen,35,2018m11,2018,11,1473,2878,393776,116,89,33,12,18
California,6,lassen,35,2018m12,2018,12,1470,2846,392514,109,79,27,11,16
California,6,lassen,35,2019m1,2019,1,1482,2868,714570,119,68,47, , 
California,6,lassen,35,2019m2,2019,2,229,492,61231,94,67,29, , 
California,6,lassen,35,2019m3,2019,3,1456,2808,385603,100,77,44, , 
California,6,lassen,35,2019m4,2019,4,1448,2785,373378,118,72,33, , 
California,6,lassen,35,2019m5,2019,5,1453,2795,381219,164,80,55,24,29
California,6,lassen,35,2019m6,2019,6,1557,2917,379608,226,113,84,59,24
California,6,lassen,35,2019m7,2019,7,1642,3019,387997,177,153,51, , 
California,6,lassen,35,2019m8,2019,8,1677,3102,387754,148,116,48,13,32
California,6,lassen,35,2019m9,2019,9,1665,3058,377616,127,75,46, , 
California,6,lassen,35,2019m10,2019,10,1682,3070,375956,153,104,48,12,36
California,6,lassen,35,2019m11,2019,11,1667,3060,370386,127,61,42, , 
California,6,lassen,35,2019m12,2019,12,1661,3058,369412,137,64,47, , 
California,6,lassen,35,2020m1,2020,1,1671,3045,379338,130,86,25, , 
California,6,lassen,35,2020m2,2020,2,1673,3075,378458,116,84,47,15,29
California,6,lassen,35,2020m3,2020,3,1681,3048,376466,127,95,42, , 
California,6,lassen,35,2020m4,2020,4,1827,3271,583094,163,121,51,26,21
California,6,lassen,35,2020m5,2020,5,1944,3449,612840,133,103,35,14,18
California,6,lassen,35,2020m6,2020,6,1988,3526,627013,108,63,57,33,19
California,6,lassen,35,2020m7,2020,7,1844,3265,577791,101,56,32,12,18
California,6,lassen,35,2020m8,2020,8,1844,3265,577791,113,57,32, , 
California,6,lassen,35,2020m9,2020,9,1821,3217,578031,101,69,46, , 
California,6,lassen,35,2020m10,2020,10,1762,3154,599184,127,72,34, , 
California,6,lassen,35,2020m11,2020,11,1729,3094,583501,128,85,32, , 
California,6,lassen,35,2020m12,2020,12,1721,3083,602394,157,80,50,11,34
California,6,lassen,35,2021m1,2021,1,1723,3083,578869,139,89,51,13,34
California,6,lassen,35,2021m2,2021,2,1738,3122,768128,120,97,61,11,48
California,6,lassen,35,2021m3,2021,3,1774,3197,703068,124,94,40,11,29
California,6,lassen,35,2021m4,2021,4,1770,3233,701607,110,69,56,13,37
California,6,lassen,35,2021m5,2021,5,1754,3222,759726,95,76,37, , 
California,6,lassen,35,2021m6,2021,6,1747,3189,763678,183,86,47, , 
California,6,lassen,35,2021m7,2021,7,1763,3199,777977,135,81,60, , 
California,6,lassen,35,2021m8,2021,8,1784,3217,782457,180,89,60, , 
California,6,lassen,35,2021m9,2021,9,1803,3248,772467,166,96,76,16,46
California,6,lassen,35,2021m10,2021,10,1857,3322,861323,211,110,70,17,43
California,6,lassen,35,2021m11,2021,11,1875,3343,882993,155,93,98,17,71
California,6,lassen,35,2021m12,2021,12,1848,3296,855224, , , , , 
California,6,lassen,35,2022m1,2022,1,1894,3380,881763, , , , , 
California,6,lassen,35,2022m2,2022,2,1956,3501,918581,155,105,67,16,49
California,6,lassen,35,2022m3,2022,3,2009,3600,925137,172,131,67,18,41
California,6,lassen,35,2022m4,2022,4,2010,3590,923245,144,94,50,18,31
California,6,lassen,35,2022m5,2022,5,2074,3637,939676,176,122,58,19,34
California,6,lassen,35,2022m6,2022,6,2106,3706,942420,148,72,39,11,23
California,6,lassen,35,2022m7,2022,7,2108,3706,956562,173,97,38, , 
California,6,lassen,35,2022m8,2022,8,2120,3718,974444,225,97,60,14,31
California,6,lassen,35,2022m9,2022,9,2149,3756,971032,173,102,37, , 
California,6,lassen,35,2022m10,2022,10,2208,3844,1129708,184,132,55,17,33
California,6,lassen,35,2022m11,2022,11,2242,3937,1158941,177,109,53,14,30
California,6,lassen,35,2022m12,2022,12,2286,3989,1170656,149,100,50,13,31
California,6,lassen,35,2023m1,2023,1,2274,3974,1148276,190,94,72,22,44
California,6,lassen,35,2023m2,2023,2,2284,3962,1158331,132,85,51, , 
California,6,lassen,35,2023m3,2023,3,2327,4050,1245314,151,120,55,16,33
California,6,lassen,35,2023m4,2023,4,2347,4119,772081,137,106,60,17,36
California,6,lassen,35,2023m5,2023,5,2372,4189,776665,161,115,53,17,30
California,6,lassen,35,2023m6,2023,6,2385,4197,752724,132,77,49,13,32
California,6,lassen,35,2023m7,2023,7,2386,4180,743164,149,98,40, , 
California,6,lassen,35,2023m8,2023,8,2388,4176,745925,235,85,54,11,31
California,6,lassen,35,2023m9,2023,9,2390,4135,744551,148,84,29, , 
California,6,lassen,35,2023m10,2023,10,2363,4090,782435,152,83,31, , 
California,6,lassen,35,2023m11,2023,11,2385,4105,805159,159,95,32, , 
California,6,lassen,35,2023m12,2023,12,2381,4077,796894,123,76,40,16,18
California,6,lassen,35,2024m1,2024,1,2447,4178,837487,174,133,98,34,55
California,6,lassen,35,2024m2,2024,2,2217,3794,788341,123,80,80,16,59
California,6,losangeles,37,2016m7,2016,7,551477,1099674,161860457,37337,21267,7536,2320,4178
California,6,losangeles,37,2016m8,2016,8,555559,1111039,163575035,37082,26687,10184,3289,5376
California,6,losangeles,37,2016m9,2016,9,553594,1112257,163267466,33964,26016,10052,3154,5483
California,6,losangeles,37,2016m10,2016,10,550768,1108041,162684671,31440,26553,8586,2764,4620
California,6,losangeles,37,2016m11,2016,11,549658,1124458,161875812,29301,25902,7828,2463,4288
California,6,losangeles,37,2016m12,2016,12,546067,1102398,161077822,28437,25012,7760,2328,4292
California,6,losangeles,37,2017m1,2017,1,540144,1091333,157161425,35088,26721,7396,2151,4092
California,6,losangeles,37,2017m2,2017,2,533693,1080363,155325494,29023,25508,7922,2266,4485
California,6,losangeles,37,2017m3,2017,3,535925,1079610,155568624,29766,25609,8283,2440,4700
California,6,losangeles,37,2017m4,2017,4,530579,1067896,152968402,28631,23909,6891,2074,3753
California,6,losangeles,37,2017m5,2017,5,531634,1067719,153312603,33455,27120,7625,2324,4110
California,6,losangeles,37,2017m6,2017,6,531794,1068841,153261177,35694,29033,8367,2630,4481
California,6,losangeles,37,2017m7,2017,7,531015,1066219,151928320,42457,28892,10243,2791,5839
California,6,losangeles,37,2017m8,2017,8,539658,1080306,154197468,54604,35244,15335,4139,9063
California,6,losangeles,37,2017m9,2017,9,543966,1087433,153474255,48406,31868,17610,4324,11396
California,6,losangeles,37,2017m10,2017,10,550197,1095403,153527920,50714,32514,18153,4384,11811
California,6,losangeles,37,2017m11,2017,11,550866,1095209,152205846,45252,30550,16638,4109,10861
California,6,losangeles,37,2017m12,2017,12,554348,1099100,152076329,40259,28625,15258,3620,10090
California,6,losangeles,37,2018m1,2018,1,555624,1097151,151895578,50642,32620,13603,3963,7967
California,6,losangeles,37,2018m2,2018,2,547867,1083101,149931311,40793,28397,14248,3772,8958
California,6,losangeles,37,2018m3,2018,3,553466,1086313,150637585,39780,28213,14354,3731,9207
California,6,losangeles,37,2018m4,2018,4,549968,1075868,148780785,40116,26742,12037,3324,7307
California,6,losangeles,37,2018m5,2018,5,550424,1073474,148847476,41026,28986,12416,3495,7484
California,6,losangeles,37,2018m6,2018,6,551468,1073224,148404605,40649,28346,11810,3595,6743
California,6,losangeles,37,2018m7,2018,7,549880,1069091,148184390,43294,29785,12470,3862,7132
California,6,losangeles,37,2018m8,2018,8,551618,1071511,148710516,45195,31667,14058,4391,8070
California,6,losangeles,37,2018m9,2018,9,550057,1066428,147563049,36706,25393,11807,3629,6895
California,6,losangeles,37,2018m10,2018,10,548833,1061135,148843339,42277,28391,12845,3997,7349
California,6,losangeles,37,2018m11,2018,11,545804,1053148,147162243,40141,25898,13112,3665,8184
California,6,losangeles,37,2018m12,2018,12,543701,1045336,146256149,35614,24397,13812,3302,9359
California,6,losangeles,37,2019m1,2019,1,546186,1043266,268668479,45946,28377,13409,3611,8433
California,6,losangeles,37,2019m2,2019,2,77544,158145,19543556,35757,23590,13817,3621,8891
California,6,losangeles,37,2019m3,2019,3,538105,1024468,142841269,39400,26307,13466,3715,8391
California,6,losangeles,37,2019m4,2019,4,537734,1020547,140103969,43747,28521,13964,4053,8360
California,6,losangeles,37,2019m5,2019,5,538656,1018751,140270380,85989,27892,30150,19047,9455
California,6,losangeles,37,2019m6,2019,6,594565,1083275,144892397,88581,49677,38327,23788,12563
California,6,losangeles,37,2019m7,2019,7,628409,1128251,150056918,71303,59566,22418,6650,13647
California,6,losangeles,37,2019m8,2019,8,648760,1157346,151895261,56789,46103,20796,5089,13549
California,6,losangeles,37,2019m9,2019,9,659550,1171354,152034532,50901,36127,16834,4633,10505
California,6,losangeles,37,2019m10,2019,10,665549,1176731,152645036,54155,35589,16925,4783,10405
California,6,losangeles,37,2019m11,2019,11,669546,1181126,151671399,43340,31511,16141,4237,10415
California,6,losangeles,37,2019m12,2019,12,675274,1186496,151835308,42463,30544,14591,3840,9206
California,6,losangeles,37,2020m1,2020,1,674575,1180662,150044190,53124,32823,13725,3740,8251
California,6,losangeles,37,2020m2,2020,2,674595,1176924,149866617,42835,30788,15606,4066,9916
California,6,losangeles,37,2020m3,2020,3,680466,1181670,151133803,68925,31053,15441,4522,9276
California,6,losangeles,37,2020m4,2020,4,752273,1294689,229018014,125900,67601,31490,12293,15908
California,6,losangeles,37,2020m5,2020,5,807785,1383112,251455974,83263,56688,42693,17854,19047
California,6,losangeles,37,2020m6,2020,6,834828,1424012,256646643,60157,34311,39651,16915,17172
California,6,losangeles,37,2020m7,2020,7,821129,1398867,250877866,54168,29896,33814,14412,14923
California,6,losangeles,37,2020m8,2020,8,814259,1386045,247086849,57812,34301,24928,10142,11895
California,6,losangeles,37,2020m9,2020,9,810634,1383013,245435766,47546,32365,20598,7310,11090
California,6,losangeles,37,2020m10,2020,10,778220,1331212,249933234,48913,32192,18106,5987,10267
California,6,losangeles,37,2020m11,2020,11,759930,1299069,244179550,51399,30839,15908,4766,9719
California,6,losangeles,37,2020m12,2020,12,760063,1297558,244514812,78490,43096,20229,6444,11353
California,6,losangeles,37,2021m1,2021,1,774734,1317851,246074227,65183,42723,26621,7263,16660
California,6,losangeles,37,2021m2,2021,2,786158,1335472,323790684,54983,39173,22511,6178,13992
California,6,losangeles,37,2021m3,2021,3,789617,1338123,288135531,55297,37264,21071,5913,12731
California,6,losangeles,37,2021m4,2021,4,785609,1332321,290370610,46332,33506,19511,5815,11580
California,6,losangeles,37,2021m5,2021,5,778864,1322736,322073451,41588,26815,14605,4487,8863
California,6,losangeles,37,2021m6,2021,6,775192,1320066,319783648,70841,31459,16126,5082,9113
California,6,losangeles,37,2021m7,2021,7,780058,1326144,322811727,63899,35343,21638,6265,13100
California,6,losangeles,37,2021m8,2021,8,794237,1345595,327141489,67157,44573,33374,9148,20827
California,6,losangeles,37,2021m9,2021,9,798789,1350249,330188384,74223,32842,24266,6623,15834
California,6,losangeles,37,2021m10,2021,10,809126,1361042,358915259,74558,42564,21245,6610,12401
California,6,losangeles,37,2021m11,2021,11,818286,1367641,360375122,62887,41957,32732,8587,21155
California,6,losangeles,37,2021m12,2021,12,821106,1366380,361607162,54328,41437,33173,8589,21490
California,6,losangeles,37,2022m1,2022,1,821813,1363574,359754793,70844,41060,23852,7023,14249
California,6,losangeles,37,2022m2,2022,2,826735,1371231,363882548,60527,40410,25211,7441,15505
California,6,losangeles,37,2022m3,2022,3,834066,1384921,362328189,69871,47341,27450,9353,15311
California,6,losangeles,37,2022m4,2022,4,843395,1399842,366899078,62858,42337,24761,8848,13651
California,6,losangeles,37,2022m5,2022,5,853268,1416989,371143801,64213,39810,23324,8555,12756
California,6,losangeles,37,2022m6,2022,6,865891,1439824,375576032,69604,42396,25222,9878,13206
California,6,losangeles,37,2022m7,2022,7,881110,1464726,381483926,70881,43319,26980,10286,14320
California,6,losangeles,37,2022m8,2022,8,901299,1495147,387868717,80017,47604,31682,11939,16921
California,6,losangeles,37,2022m9,2022,9,912396,1511475,390208745,72003,43435,30558,11843,16232
California,6,losangeles,37,2022m10,2022,10,922025,1525502,439446376,77357,45245,29402,11458,15647
California,6,losangeles,37,2022m11,2022,11,933274,1540783,445587837,66399,41112,30158,10587,17390
California,6,losangeles,37,2022m12,2022,12,940252,1549602,446841817,60697,38270,27077,9897,14947
California,6,losangeles,37,2023m1,2023,1,944929,1552352,441748129,73871,40736,25385,9924,13087
California,6,losangeles,37,2023m2,2023,2,950541,1557315,442777778,63364,38681,26413,9677,14595
California,6,losangeles,37,2023m3,2023,3,959454,1568422,452734375,69264,43535,29922,10656,16858
California,6,losangeles,37,2023m4,2023,4,945553,1546785,285962478,56994,35838,23386,8948,12538
California,6,losangeles,37,2023m5,2023,5,958113,1565031,290604580,68498,40672,25302,9921,13060
California,6,losangeles,37,2023m6,2023,6,966078,1576918,292385943,61766,37772,25805,10170,13353
California,6,losangeles,37,2023m7,2023,7,970243,1583632,293859839,61975,35457,24065,9549,12218
California,6,losangeles,37,2023m8,2023,8,979330,1595836,296773204,71653,40410,28951,12004,14089
California,6,losangeles,37,2023m9,2023,9,978265,1591153,294991772,63729,35672,28340,11109,14805
California,6,losangeles,37,2023m10,2023,10,982927,1595776,315235371,67686,38506,27731,10562,14832
California,6,losangeles,37,2023m11,2023,11,981366,1592298,313773314,58102,33939,26663,8964,15659
California,6,losangeles,37,2023m12,2023,12,981777,1590757,315959442,53986,33392,23942,8045,13828
California,6,losangeles,37,2024m1,2024,1,981730,1588542,313556141,73556,38844,24848,9012,13196
California,6,losangeles,37,2024m2,2024,2,978009,1582702,309082745,61722,36823,28403,9151,16859
California,6,madera,39,2016m7,2016,7,11887,28999,3811837,704,463,234,94,117
California,6,madera,39,2016m8,2016,8,11892,28811,3770470,798,476,267,113,127
California,6,madera,39,2016m9,2016,9,11818,28752,3728894,717,451,272,110,141
California,6,madera,39,2016m10,2016,10,11764,28629,3721253,767,500,262,94,138
California,6,madera,39,2016m11,2016,11,11705,28483,3719420,855,566,249,111,121
California,6,madera,39,2016m12,2016,12,11802,28740,3784323,761,587,251,91,139
California,6,madera,39,2017m1,2017,1,11820,31792,3779987,855,538,187,71,93
California,6,madera,39,2017m2,2017,2,11746,28700,3757223,586,428,224,85,114
California,6,madera,39,2017m3,2017,3,11796,28673,3772907,643,401,231,88,119
California,6,madera,39,2017m4,2017,4,11657,28309,3731234,552,312,202,70,104
California,6,madera,39,2017m5,2017,5,11637,28249,3709982,592,406,199,77,104
California,6,madera,39,2017m6,2017,6,11538,27982,3674025,593,389,193,88,85
California,6,madera,39,2017m7,2017,7,11401,27701,3639059,626,363,277,167,86
California,6,madera,39,2017m8,2017,8,11305,27445,3584346,670,420,221,87,103
California,6,madera,39,2017m9,2017,9,11264,27339,3542639,595,392,209,69,126
California,6,madera,39,2017m10,2017,10,11204,27178,3482331,658,426,229,73,122
California,6,madera,39,2017m11,2017,11,11228,27223,3485739,744,514,195,49,121
California,6,madera,39,2017m12,2017,12,11292,27315,3543032,652,478,215,71,130
California,6,madera,39,2018m1,2018,1,11370,27424,3564566,769,510,199,63,106
California,6,madera,39,2018m2,2018,2,11348,27455,3533546,551,382,189,61,102
California,6,madera,39,2018m3,2018,3,11404,27446,3515954,588,406,200,64,108
California,6,madera,39,2018m4,2018,4,11343,27316,3496022,554,380,172,52,98
California,6,madera,39,2018m5,2018,5,11239,27054,3482620,563,354,173,58,91
California,6,madera,39,2018m6,2018,6,11209,26919,3450639,560,363,181,52,97
California,6,madera,39,2018m7,2018,7,11057,26529,3372999,624,426,201,70,103
California,6,madera,39,2018m8,2018,8,10990,26345,3351580,691,439,223,62,125
California,6,madera,39,2018m9,2018,9,10835,25974,3293582,541,352,179,56,94
California,6,madera,39,2018m10,2018,10,10787,25839,3314229,678,406,192,68,95
California,6,madera,39,2018m11,2018,11,10709,25672,3294194,710,450,188,68,106
California,6,madera,39,2018m12,2018,12,10703,25872,3353318,615,465,217,63,115
California,6,madera,39,2019m1,2019,1,10856,26043,6290199,688,446,207,57,120
California,6,madera,39,2019m2,2019,2,1426,3411,393802,547,323,192,64,99
California,6,madera,39,2019m3,2019,3,10680,25593,3318171,627,389,211,59,125
California,6,madera,39,2019m4,2019,4,10650,25492,3259194,611,399,197,68,112
California,6,madera,39,2019m5,2019,5,10594,25402,3254093,815,379,254,86,132
California,6,madera,39,2019m6,2019,6,10754,25373,3217618,1076,513,374,167,160
California,6,madera,39,2019m7,2019,7,11001,25674,3222392,906,711,382,83,256
California,6,madera,39,2019m8,2019,8,11150,25966,3221474,863,559,285,71,164
California,6,madera,39,2019m9,2019,9,11133,25763,3163382,673,434,267,64,169
California,6,madera,39,2019m10,2019,10,11160,25620,3118585,873,522,266,76,146
California,6,madera,39,2019m11,2019,11,11341,25928,3143264,777,533,256,62,150
California,6,madera,39,2019m12,2019,12,11462,26136,3174541,736,554,267,68,160
California,6,madera,39,2020m1,2020,1,11541,26259,3179812,791,488,248,63,144
California,6,madera,39,2020m2,2020,2,11599,26370,3191191,607,438,243,62,148
California,6,madera,39,2020m3,2020,3,11680,26493,3206140,924,480,272,79,134
California,6,madera,39,2020m4,2020,4,12622,28557,4842657,1272,958,383,161,125
California,6,madera,39,2020m5,2020,5,13122,29751,5096267,846,468,363,129,141
California,6,madera,39,2020m6,2020,6,13359,30147,5193239,700,340,382,135,163
California,6,madera,39,2020m7,2020,7,13003,29364,4956933,692,357,343,122,149
California,6,madera,39,2020m8,2020,8,12838,28976,4902951,728,389,300,105,135
California,6,madera,39,2020m9,2020,9,12613,28503,3342602,661,366,291,82,154
California,6,madera,39,2020m10,2020,10,12131,27547,3421096,711,400,303,91,159
California,6,madera,39,2020m11,2020,11,11869,26916,3306781,774,433,245,83,133
California,6,madera,39,2020m12,2020,12,11833,26869,3274579,1080,581,332,93,182
California,6,madera,39,2021m1,2021,1,12025,27193,3293297,872,544,397,107,222
California,6,madera,39,2021m2,2021,2,12185,27576,4762171,872,515,338,92,173
California,6,madera,39,2021m3,2021,3,12358,27959,4078480,781,525,363,91,213
California,6,madera,39,2021m4,2021,4,12379,28083,4067738,645,414,262,60,152
California,6,madera,39,2021m5,2021,5,12347,27959,4044935,582,398,190,37,113
California,6,madera,39,2021m6,2021,6,12266,27871,3973962,996,486,265,71,136
California,6,madera,39,2021m7,2021,7,12367,28102,3995707,954,530,461,98,280
California,6,madera,39,2021m8,2021,8,12461,28166,3959903,1029,537,402,96,220
California,6,madera,39,2021m9,2021,9,12618,28324,3967136,1065,599,441,116,259
California,6,madera,39,2021m10,2021,10,12787,28492,4493147,1116,630,693,361,252
California,6,madera,39,2021m11,2021,11,12908,28596,4510604,997,603,441,86,285
California,6,madera,39,2021m12,2021,12,13019,28721,4593918,916,599,384,92,231
California,6,madera,39,2022m1,2022,1,13143,28888,4582756,1082,594,384,90,206
California,6,madera,39,2022m2,2022,2,13363,29256,4656025,952,634,388,106,217
California,6,madera,39,2022m3,2022,3,13309,29898,4715302,1165,670,432,120,208
California,6,madera,39,2022m4,2022,4,13840,30230,4747695,972,606,398,107,214
California,6,madera,39,2022m5,2022,5,13954,30402,4783634,902,530,346,91,173
California,6,madera,39,2022m6,2022,6,14188,30836,4789450,1074,592,399,115,201
California,6,madera,39,2022m7,2022,7,14403,31292,4851467,1047,623,420,142,193
California,6,madera,39,2022m8,2022,8,14575,31573,4881511,1141,614,508,151,252
California,6,madera,39,2022m9,2022,9,14727,31864,4932302,1006,587,440,152,214
California,6,madera,39,2022m10,2022,10,14904,32190,5787376,1185,618,448,144,218
California,6,madera,39,2022m11,2022,11,15135,32578,5810970,1139,634,610,330,187
California,6,madera,39,2022m12,2022,12,15312,32999,5901188,885,619,438,138,223
California,6,madera,39,2023m1,2023,1,15397,33230,5784699,11090,593,409,123,183
California,6,madera,39,2023m2,2023,2,15609,33669,5801823,1002,640,428,146,200
California,6,madera,39,2023m3,2023,3,15888,34194,5902160,1081,660,468,134,249
California,6,madera,39,2023m4,2023,4,15738,33893,5888302,852,504,377,86,205
California,6,madera,39,2023m5,2023,5,15906,34180,5985085,997,562,383,112,186
California,6,madera,39,2023m6,2023,6,15995,34334,5978483,949,531,426,132,183
California,6,madera,39,2023m7,2023,7,16002,34306,5957435,956,486,406,116,207
California,6,madera,39,2023m8,2023,8,16116,34409,5990637,1069,596,459,150,212
California,6,madera,39,2023m9,2023,9,16112,34331,5958741,831,439,420,149,198
California,6,madera,39,2023m10,2023,10,16220,34471,6334315,969,496,428,150,211
California,6,madera,39,2023m11,2023,11,16273,34466,6309530,1058,553,445,143,214
California,6,madera,39,2023m12,2023,12,16434,34630,6384335,882,590,407,118,211
California,6,madera,39,2024m1,2024,1,16532,34792,6364484,1117,548,428,132,206
California,6,madera,39,2024m2,2024,2,16681,35179,6419581,986,583,448,126,228
California,6,marin,41,2016m7,2016,7,6227,10235,1439035,453,293,121,38,61
California,6,marin,41,2016m8,2016,8,6287,10315,1452256,538,354,191,73,94
California,6,marin,41,2016m9,2016,9,6194,10182,1427513,490,351,154,47,85
California,6,marin,41,2016m10,2016,10,6169,10185,1422202,511,332,176,60,89
California,6,marin,41,2016m11,2016,11,6152,10167,1426235,424,287,158,46,90
California,6,marin,41,2016m12,2016,12,6181,10219,1426330,438,312,136,44,76
California,6,marin,41,2017m1,2017,1,6130,10165,1414414,466,308,142,50,67
California,6,marin,41,2017m2,2017,2,6014,10003,1396709,402,271,138,59,61
California,6,marin,41,2017m3,2017,3,5991,9913,1391216,483,313,144,49,71
California,6,marin,41,2017m4,2017,4,5945,9827,1371427,432,278,146,58,64
California,6,marin,41,2017m5,2017,5,5980,9845,1375716,481,325,183,69,89
California,6,marin,41,2017m6,2017,6,5942,9819,1364686,429,274,137,53,69
California,6,marin,41,2017m7,2017,7,5939,9844,1373321,458,292,160,55,85
California,6,marin,41,2017m8,2017,8,5972,9897,1377309,531,317,172,63,96
California,6,marin,41,2017m9,2017,9,5916,9809,1355465,460,284,169,48,98
California,6,marin,41,2017m10,2017,10,5943,9818,1352535,452,298,175,44,113
California,6,marin,41,2017m11,2017,11,5936,9785,1349018,437,275,176,47,112
California,6,marin,41,2017m12,2017,12,5923,9775,1346181,387,267,148,40,92
California,6,marin,41,2018m1,2018,1,6007,9872,1358105,532,335,181,47,113
California,6,marin,41,2018m2,2018,2,5987,9836,1346489,421,279,154,43,93
California,6,marin,41,2018m3,2018,3,6030,9849,1357558,439,276,151,41,99
California,6,marin,41,2018m4,2018,4,6023,9803,1347632,446,258,149,39,93
California,6,marin,41,2018m5,2018,5,6039,9795,1349517,441,270,190,62,106
California,6,marin,41,2018m6,2018,6,6080,9842,1359427,427,273,153,42,90
California,6,marin,41,2018m7,2018,7,6023,9788,1359821,438,272,182,43,112
California,6,marin,41,2018m8,2018,8,6001,9717,1346419,503,296,154,45,92
California,6,marin,41,2018m9,2018,9,5905,9590,1328658,414,233,166,40,109
California,6,marin,41,2018m10,2018,10,5929,9570,1350247,471,300,197,51,121
California,6,marin,41,2018m11,2018,11,5848,9458,1316789,397,230,176,46,107
California,6,marin,41,2018m12,2018,12,5828,9425,1308417,384,230,166,41,103
California,6,marin,41,2019m1,2019,1,5838,9377,2377427,515,285,191,49,125
California,6,marin,41,2019m2,2019,2,846,1424,184461,443,246,185,48,120
California,6,marin,41,2019m3,2019,3,5729,9182,1271422,444,258,189,35,138
California,6,marin,41,2019m4,2019,4,5725,9109,1254154,474,264,194,47,132
California,6,marin,41,2019m5,2019,5,5747,9123,1255195,728,280,277,143,134
California,6,marin,41,2019m6,2019,6,6170,9623,1285827,890,441,339,177,147
California,6,marin,41,2019m7,2019,7,6389,9863,1304633,621,459,288,65,205
California,6,marin,41,2019m8,2019,8,6492,9987,1315483,541,367,267,62,183
California,6,marin,41,2019m9,2019,9,6466,9988,1303815,493,276,208,43,137
California,6,marin,41,2019m10,2019,10,6449,9926,1394826,519,296,212,36,161
California,6,marin,41,2019m11,2019,11,6536,9995,1599394,490,278,208,38,141
California,6,marin,41,2019m12,2019,12,6510,9939,1289375,456,278,198,41,138
California,6,marin,41,2020m1,2020,1,6536,9944,1288746,610,334,225,51,147
California,6,marin,41,2020m2,2020,2,6543,9938,1291438,461,295,221,41,159
California,6,marin,41,2020m3,2020,3,6754,10193,1353301,843,442,252,76,153
California,6,marin,41,2020m4,2020,4,7957,12204,2182791,1645,1181,319,131,131
California,6,marin,41,2020m5,2020,5,8693,13345,2479015,916,645,457,232,164
California,6,marin,41,2020m6,2020,6,8889,13648,2503929,542,316,317,144,129
California,6,marin,41,2020m7,2020,7,8695,13284,2397153,530,286,237,128,78
California,6,marin,41,2020m8,2020,8,8706,13352,2394761,586,394,193,85,86
California,6,marin,41,2020m9,2020,9,8639,13247,2408402,461,262,170,56,102
California,6,marin,41,2020m10,2020,10,8332,12766,2423536,461,262,170,56,102
California,6,marin,41,2020m11,2020,11,8151,12460,2418290,455,258,128,39,80
California,6,marin,41,2020m12,2020,12,8177,12521,2388114,665,371,200,77,100
California,6,marin,41,2021m1,2021,1,8423,12923,2439326,595,457,199,76,101
California,6,marin,41,2021m2,2021,2,8469,12982,3199792,498,324,200,52,126
California,6,marin,41,2021m3,2021,3,8509,13055,2850319,497,362,202,62,123
California,6,marin,41,2021m4,2021,4,8390,12864,2843449,427,277,122,46,62
California,6,marin,41,2021m5,2021,5,8340,12756,3223393,410,278,145,48, 
California,6,marin,41,2021m6,2021,6,8307,12723,3198872,658,368,158,36,93
California,6,marin,41,2021m7,2021,7,8389,12789,3200874,650,392,261,50,181
California,6,marin,41,2021m8,2021,8,8464,12900,3213491,721,409,287,79,181
California,6,marin,41,2021m9,2021,9,8510,12976,3275218,665,336,239,76,138
California,6,marin,41,2021m10,2021,10,8569,12962,3584205,765,392,296,81,170
California,6,marin,41,2021m11,2021,11,8628,13045,3628198,634,381,323,76,214
California,6,marin,41,2021m12,2021,12,8676,13061,3571179,617,393,287,79,179
California,6,marin,41,2022m1,2022,1,8677,13063,3557344,712,368,283,78,177
California,6,marin,41,2022m2,2022,2,8748,13097,3590479, , , , , 
California,6,marin,41,2022m3,2022,3,8848,13270,3603446,662,396,288,80,168
California,6,marin,41,2022m4,2022,4,8888,13290,3587396,601,324,239,64,156
California,6,marin,41,2022m5,2022,5,8925,13339,3328583,550,318,235,59,148
California,6,marin,41,2022m6,2022,6,9037,13519,3673314,641,314,259,66,172
California,6,marin,41,2022m7,2022,7,9159,13722,3739840,638,372,243,76,140
California,6,marin,41,2022m8,2022,8,9309,13957,3780256,746,453,343,115,202
California,6,marin,41,2022m9,2022,9,9361,13986,3785764, , , , , 
California,6,marin,41,2022m10,2022,10,9522,14192,4308315,663,423,344,113,205
California,6,marin,41,2022m11,2022,11,9601,14276,4318940,677,310,279,91,161
California,6,marin,41,2022m12,2022,12,9648,14325,4326909,556,308,237,48,167
California,6,marin,41,2023m1,2023,1,9627,14298,4267068,708,264,240,57,145
California,6,marin,41,2023m2,2023,2,9795,14522,4451258,590,410,295,77,181
California,6,marin,41,2023m3,2023,3,9980,14784,4518045,623,378,336,86,210
California,6,marin,41,2023m4,2023,4,9927,14676,2830326,544,303,306,86,180
California,6,marin,41,2023m5,2023,5,10033,14848,2863207,606,322,303,84,176
California,6,marin,41,2023m6,2023,6,10065,14842,2860594,595,351,282,90,153
California,6,marin,41,2023m7,2023,7,10117,14918,2873418,602,337,267,73,147
California,6,marin,41,2023m8,2023,8,10112,14914,2868049,748,328,299,106,153
California,6,marin,41,2023m9,2023,9,10180,15056,2898713,628,327,297,92,168
California,6,marin,41,2023m10,2023,10,10232,15063,3068832,649,356,324,99,187
California,6,marin,41,2023m11,2023,11,10277,15139,3087445,616,324,300,85,191
California,6,marin,41,2023m12,2023,12,10395,15239,3134873,518,353,277,86,152
California,6,marin,41,2024m1,2024,1,10469,15357,3116286,733,383,251,82,136
California,6,marin,41,2024m2,2024,2,10499,15438,3118926,621,363,270,92,147
California,6,mariposa,43,2016m7,2016,7,1079,1988,268243,65,21,24, , 
California,6,mariposa,43,2016m8,2016,8,1083,1994,269897,72,44,39,13,20
California,6,mariposa,43,2016m9,2016,9,1060,1958,258626,66,34,21, , 
California,6,mariposa,43,2016m10,2016,10,1036,1926,259958,58,35,20, , 
California,6,mariposa,43,2016m11,2016,11,1019,1882,254328,86,44,39, , 
California,6,mariposa,43,2016m12,2016,12,1002,1833,248065,84,42,43,12,21
California,6,mariposa,43,2017m1,2017,1,998,1847,252819,93,47,35, , 
California,6,mariposa,43,2017m2,2017,2,996,1804,247257,79,49,34,11,19
California,6,mariposa,43,2017m3,2017,3,1002,1822,248983,73,43,40, , 
California,6,mariposa,43,2017m4,2017,4,1010,1824,247395,63,44,15, , 
California,6,mariposa,43,2017m5,2017,5,1002,1785,240833,86,41,28,11,14
California,6,mariposa,43,2017m6,2017,6,1022,1825,245600,79,45,42,13,20
California,6,mariposa,43,2017m7,2017,7,1011,1818,272038,91,45,45,14,20
California,6,mariposa,43,2017m8,2017,8,1020,1848,315818,96,48,57,17,29
California,6,mariposa,43,2017m9,2017,9,1028,1901,245003,66,45,32, , 
California,6,mariposa,43,2017m10,2017,10,1020,1879,239689,74,35,27, , 
California,6,mariposa,43,2017m11,2017,11,1012,1867,239204,61,44,28, , 
California,6,mariposa,43,2017m12,2017,12,1027,1900,246542,78,53,18, , 
California,6,mariposa,43,2018m1,2018,1,1034,1915,248804,85,51,35, , 
California,6,mariposa,43,2018m2,2018,2,1036,1919,251238,49,36,23, , 
California,6,mariposa,43,2018m3,2018,3,1035,1892,249577,55,34,21, , 
California,6,mariposa,43,2018m4,2018,4,1030,1895,252047,54,37,14, , 
California,6,mariposa,43,2018m5,2018,5,1026,1870,247626,54,42,15, , 
California,6,mariposa,43,2018m6,2018,6,1011,1829,239203,75,51,23, , 
California,6,mariposa,43,2018m7,2018,7,990,1798,236235,74,43,30, , 
California,6,mariposa,43,2018m8,2018,8,1005,1804,238198,104,49,46,11,22
California,6,mariposa,43,2018m9,2018,9,1008,1824,235580,60,48,19, , 
California,6,mariposa,43,2018m10,2018,10,1010,1811,238767,83,42,31, , 
California,6,mariposa,43,2018m11,2018,11,1003,1826,235508,63,52,25, , 
California,6,mariposa,43,2018m12,2018,12,1023,1845,235372,73,45,17, , 
California,6,mariposa,43,2019m1,2019,1,1042,1873,437807,99,66,36, , 
California,6,mariposa,43,2019m2,2019,2,149,305,35939,40,29,18, , 
California,6,mariposa,43,2019m3,2019,3,1021,1846,237025,58,35,19, , 
California,6,mariposa,43,2019m4,2019,4,1023,1860,235491,77,51,22, , 
California,6,mariposa,43,2019m5,2019,5,1041,1891,240484,146,53,53,31,22
California,6,mariposa,43,2019m6,2019,6,1124,1987,248508,111,69,62,28,34
California,6,mariposa,43,2019m7,2019,7,1124,1976,241671,98,79,35, , 
California,6,mariposa,43,2019m8,2019,8,1152,2017,243057,106,57,49,13,28
California,6,mariposa,43,2019m9,2019,9,1173,2040,244372,75,42,30, , 
California,6,mariposa,43,2019m10,2019,10,1200,2064,271728,91,63,33, , 
California,6,mariposa,43,2019m11,2019,11,1179,2047,244764,72,42,27, , 
California,6,mariposa,43,2019m12,2019,12,1210,2069,247922,91,59,32, , 
California,6,mariposa,43,2020m1,2020,1,1203,2079,246785,75,48,28, , 
California,6,mariposa,43,2020m2,2020,2,1221,2122,252607,76,55,22, , 
California,6,mariposa,43,2020m3,2020,3,1255,2171,265272,163,70,31, , 
California,6,mariposa,43,2020m4,2020,4,1504,2543,454894,283,221,99,41,29
California,6,mariposa,43,2020m5,2020,5,1578,2647,480406,120,62,69,25,23
California,6,mariposa,43,2020m6,2020,6,1494,2482,451051,73,42,34,11,23
California,6,mariposa,43,2020m7,2020,7,1453,2392,428381,61,40,26, , 
California,6,mariposa,43,2020m8,2020,8,1453,2381,420326,101,44,31,11,14
California,6,mariposa,43,2020m9,2020,9,1463,2398,438636,79,61,31, , 
California,6,mariposa,43,2020m10,2020,10,1399,2325,449499,87,43,43,12,28
California,6,mariposa,43,2020m11,2020,11,1382,2284,435529,101,60,24, , 
California,6,mariposa,43,2020m12,2020,12,1418,2359,453514,150,109,48,18,25
California,6,mariposa,43,2021m1,2021,1,1468,2439,467570,105,71,40,14,19
California,6,mariposa,43,2021m2,2021,2,1486,2482,613963,84,66,31, , 
California,6,mariposa,43,2021m3,2021,3,1488,2495,535887,82,52,16, , 
California,6,mariposa,43,2021m4,2021,4,1463,2457,535723,67,45,34, , 
California,6,mariposa,43,2021m5,2021,5,1424,2404,591632,63,26,26, , 
California,6,mariposa,43,2021m6,2021,6,1403,2369,570424,98,65,17, , 
California,6,mariposa,43,2021m7,2021,7,1409,2392,579734,106,70,48, , 
California,6,mariposa,43,2021m8,2021,8,1419,2413,583612,108,75,35, , 
California,6,mariposa,43,2021m9,2021,9,1449,2437,588102,120,81,23, , 
California,6,mariposa,43,2021m10,2021,10,1475,3032,654143,131,69,45, , 
California,6,mariposa,43,2021m11,2021,11,1511,2545,668715,112,80,55,15,35
California,6,mariposa,43,2021m12,2021,12,1530,2588,0,115,67,35,13,19
California,6,mariposa,43,2022m1,2022,1,1535,2583,679705,119,74,42,18,21
California,6,mariposa,43,2022m2,2022,2,1550,2591,679253,96,72,38,13,20
California,6,mariposa,43,2022m3,2022,3,1578,2669,697097,125,88,31, , 
California,6,mariposa,43,2022m4,2022,4,1578,2666,699923,97,69,34,12,15
California,6,mariposa,43,2022m5,2022,5,1596,2662,691427,95,61,30, , 
California,6,mariposa,43,2022m6,2022,6,1605,2665,691893,117,66,32, , 
California,6,mariposa,43,2022m7,2022,7,1608,2676,729176,106,60,49,23,22
California,6,mariposa,43,2022m8,2022,8,1642,2735,725800,154,93,63,13,37
California,6,mariposa,43,2022m9,2022,9,1670,2764,711318,135,74,55,24,25
California,6,mariposa,43,2022m10,2022,10,1712,2841,814645,109,74,45,23,17
California,6,mariposa,43,2022m11,2022,11,1727,2875,828913,115,66,34, , 
California,6,mariposa,43,2022m12,2022,12,1757,2919,830755,88,70,37,15,17
California,6,mariposa,43,2023m1,2023,1,1759,2921,835677,130,50,39, , 
California,6,mariposa,43,2023m2,2023,2,1781,2947,1036678,101,81,50,20,25
California,6,mariposa,43,2023m3,2023,3,1835,3016,919262,141,113,47,19,21
California,6,mariposa,43,2023m4,2023,4,1803,2976,866091,84,51,22, , 
California,6,mariposa,43,2023m5,2023,5,1809,2997,519704,108,72,35,19,11
California,6,mariposa,43,2023m6,2023,6,1829,3031,527394,114,69,43,17,18
California,6,mariposa,43,2023m7,2023,7,1835,3052,531717,92,65,32,11,15
California,6,mariposa,43,2023m8,2023,8,1828,3021,529868,102,75,40,18,15
California,6,mariposa,43,2023m9,2023,9,1807,3001,522266,82,53,26, , 
California,6,mariposa,43,2023m10,2023,10,1832,3051,567172,109,68,26, , 
California,6,mariposa,43,2023m11,2023,11,1841,3085,571587,95,58,33,12,17
California,6,mariposa,43,2023m12,2023,12,1866,3109,578241,107,72,46,21,18
California,6,mariposa,43,2024m1,2024,1,1921,3192,587572,160,86,41,17,12
California,6,mariposa,43,2024m2,2024,2,1934,3205,590316,97,84,42,15,17
California,6,mendocino,45,2016m7,2016,7,6654,12443,1737932,424,320,91,36,47
California,6,mendocino,45,2016m8,2016,8,6731,12579,1756365,632,460,124,53,50
California,6,mendocino,45,2016m9,2016,9,6601,12391,1724697,463,359,155,49,91
California,6,mendocino,45,2016m10,2016,10,6559,13249,1723491,447,352,111,42,62
California,6,mendocino,45,2016m11,2016,11,6484,12124,1698218,456,349,90,35,48
California,6,mendocino,45,2016m12,2016,12,6389,12051,1668017,401,311,93,48,38
California,6,mendocino,45,2017m1,2017,1,6331,11916,1664359,539,390,88,31,49
California,6,mendocino,45,2017m2,2017,2,6203,11721,1653045,403,334,83,25,53
California,6,mendocino,45,2017m3,2017,3,6272,11853,1670647,511,382,134,61,66
California,6,mendocino,45,2017m4,2017,4,6184,11667,1630064,441,338,95,33,54
California,6,mendocino,45,2017m5,2017,5,6264,11807,1655715,526,408,109,49,56
California,6,mendocino,45,2017m6,2017,6,6329,11777,1639885,488,364,90,42,41
California,6,mendocino,45,2017m7,2017,7,6260,11716,1627461,521,376,85,31,50
California,6,mendocino,45,2017m8,2017,8,6320,11736,1638104,664,469,129,57,63
California,6,mendocino,45,2017m9,2017,9,6307,11672,1615467,479,356,124,56,63
California,6,mendocino,45,2017m10,2017,10,6400,11831,1613682,605,439,151,53,78
California,6,mendocino,45,2017m11,2017,11,6274,11584,1582422,495,372,126,50,69
California,6,mendocino,45,2017m12,2017,12,6272,11569,1590167,410,321,103,36,61
California,6,mendocino,45,2018m1,2018,1,6287,11559,1601378,616,429,121,39,73
California,6,mendocino,45,2018m2,2018,2,6170,11424,1570333,442,365,115,33,73
California,6,mendocino,45,2018m3,2018,3,6240,11568,1589711,482,375,130,41,81
California,6,mendocino,45,2018m4,2018,4,6261,11601,1594985,514,391,108,48,54
California,6,mendocino,45,2018m5,2018,5,6244,11546,1584445,482,351,130,44,77
California,6,mendocino,45,2018m6,2018,6,6128,11288,1544451,388,291,82,24,49
California,6,mendocino,45,2018m7,2018,7,6117,11264,1556872,508,335,119,37,71
California,6,mendocino,45,2018m8,2018,8,6083,11217,1534039,528,395,197,50,133
California,6,mendocino,45,2018m9,2018,9,6002,11051,1508595,445,296,132,42,77
California,6,mendocino,45,2018m10,2018,10,6039,11145,1549722,536,401,163,49,105
California,6,mendocino,45,2018m11,2018,11,5988,11023,1515978,424,315,123,39,77
California,6,mendocino,45,2018m12,2018,12,5948,10946,1503413,390,274,85,22,53
California,6,mendocino,45,2019m1,2019,1,6008,11021,2726988,540,392,127,45,70
California,6,mendocino,45,2019m2,2019,2,1007,1994,264121,449,319,111,39,67
California,6,mendocino,45,2019m3,2019,3,5829,10655,1475308,467,321,139,38,90
California,6,mendocino,45,2019m4,2019,4,5795,10606,1467056,490,346,132,44,75
California,6,mendocino,45,2019m5,2019,5,5829,10657,1464080,746,349,193,76,103
California,6,mendocino,45,2019m6,2019,6,6188,11007,1472413,899,530,275,169,84
California,6,mendocino,45,2019m7,2019,7,6413,11305,1492745,677,581,198,63,119
California,6,mendocino,45,2019m8,2019,8,6511,11358,1467515,605,474,228,75,135
California,6,mendocino,45,2019m9,2019,9,6602,11472,1461441,505,398,169,50,107
California,6,mendocino,45,2019m10,2019,10,6618,11503,1476226,498,359,159,36,109
California,6,mendocino,45,2019m11,2019,11,6620,11418,1411983,547,354,141,36,90
California,6,mendocino,45,2019m12,2019,12,6617,11381,1436957,518,376,186,40,129
California,6,mendocino,45,2020m1,2020,1,6631,11387,1428013,624,407,141,43,89
California,6,mendocino,45,2020m2,2020,2,6617,11312,1433332,494,364,156,29,104
California,6,mendocino,45,2020m3,2020,3,6683,11420,1455930,647,360,141,24,100
California,6,mendocino,45,2020m4,2020,4,7421,12720,2246708,836,711,254,106,127
California,6,mendocino,45,2020m5,2020,5,7758,13321,2390162,523,330,198,86,87
California,6,mendocino,45,2020m6,2020,6,7810,13310,2386811,442,234,212,80,114
California,6,mendocino,45,2020m7,2020,7,7415,12630,2246483,431,227,211,87,105
California,6,mendocino,45,2020m8,2020,8,7379,12671,2224166,518,319,177,63,95
California,6,mendocino,45,2020m9,2020,9,7225,12419,2188714,439,250,138,45,78
California,6,mendocino,45,2020m10,2020,10,6869,11841,2238721,427,280,164,45,104
California,6,mendocino,45,2020m11,2020,11,6697,11481,2161748,491,330,143,34,96
California,6,mendocino,45,2020m12,2020,12,6748,11590,2169466,675,488,176,52,110
California,6,mendocino,45,2021m1,2021,1,6848,11716,2200823,575,378,165,36,113
California,6,mendocino,45,2021m2,2021,2,6944,11948,2904255,500,355,162,37,101
California,6,mendocino,45,2021m3,2021,3,7079,12130,2601786,516,362,196,46,133
California,6,mendocino,45,2021m4,2021,4,7074,12181,2647907,442,305,126,26,88
California,6,mendocino,45,2021m5,2021,5,7053,12166,2937739,385,275,139,33,95
California,6,mendocino,45,2021m6,2021,6,7078,12221,2931827,607,378,142,41,83
California,6,mendocino,45,2021m7,2021,7,7216,12422,2986187,564,390,164,43,105
California,6,mendocino,45,2021m8,2021,8,7384,12706,3040300,671,468,168,53,104
California,6,mendocino,45,2021m9,2021,9,7596,12973,3108855,638,479,187,53,116
California,6,mendocino,45,2021m10,2021,10,7828,13268,3443878,705,496,170,47,109
California,6,mendocino,45,2021m11,2021,11,7962,13352,3479378,667,443,183,45,119
California,6,mendocino,45,2021m12,2021,12,8113,13512,3527503,638,484,193,48,132
California,6,mendocino,45,2022m1,2022,1,8250,13722,3620821,732,542,169,67,94
California,6,mendocino,45,2022m2,2022,2,8405,14004,3654999,679,495,197,61,127
California,6,mendocino,45,2022m3,2022,3,8605,14372,3726398,757,557,203,87,97
California,6,mendocino,45,2022m4,2022,4,8717,14514,3761089,607,461,170,59,95
California,6,mendocino,45,2022m5,2022,5,8844,14749,3826405,670,442,161,62,90
California,6,mendocino,45,2022m6,2022,6,9038,15051,3867635,741,495,206,87,95
California,6,mendocino,45,2022m7,2022,7,9115,15209,3957700,727,460,209,81,85
California,6,mendocino,45,2022m8,2022,8,9298,15520,4016080,785,510,227,91,102
California,6,mendocino,45,2022m9,2022,9,9442,15669,4036798,726,496,278,96,137
California,6,mendocino,45,2022m10,2022,10,9649,15922,4656537,732,501,211,82,100
California,6,mendocino,45,2022m11,2022,11,9822,16177,4705397,712,482,232,84,122
California,6,mendocino,45,2022m12,2022,12,9822,16177,4705397,568,429,208,78,103
California,6,mendocino,45,2023m1,2023,1,9991,16471,4724754,818,499,233,93,118
California,6,mendocino,45,2023m2,2023,2,10053,16487,4871525,650,433,214,75,101
California,6,mendocino,45,2023m3,2023,3,10249,16811,4896018,705,505,221,72,123
California,6,mendocino,45,2023m4,2023,4,10124,16631,3312831,539,345,201,72,106
California,6,mendocino,45,2023m5,2023,5,10229,16763,3019603,660,439,207,61,118
California,6,mendocino,45,2023m6,2023,6,10190,16672,2981529,529,349,204,74,95
California,6,mendocino,45,2023m7,2023,7,10130,16562,2971224,517,298,175,56,100
California,6,mendocino,45,2023m8,2023,8,10106,16493,2975947,687,396,221,73,109
California,6,mendocino,45,2023m9,2023,9,10079,16389,2979783,615,364,235,81,115
California,6,mendocino,45,2023m10,2023,10,10210,16521,3203740,748,456,264,95,138
California,6,mendocino,45,2023m11,2023,11,10278,16631,3226890,638,415,237,79,131
California,6,mendocino,45,2023m12,2023,12,10369,16761,3258281,554,359,215,68,127
California,6,mendocino,45,2024m1,2024,1,10476,16967,3259504,791,459,276,80,154
California,6,mendocino,45,2024m2,2024,2,10536,17051,3255256,657,418,248,72,131
California,6,merced,47,2016m7,2016,7,24440,56347,7476379,1433,736,525,132,266
California,6,merced,47,2016m8,2016,8,24515,56382,7514249,1756,1007,767,265,339
California,6,merced,47,2016m9,2016,9,24125,55743,7350808,1459,859,689,252,308
California,6,merced,47,2016m10,2016,10,23866,55112,7282272,1542,795,637,232,267
California,6,merced,47,2016m11,2016,11,23731,54914,7259542,1714,1003,551,197,239
California,6,merced,47,2016m12,2016,12,23674,54932,7286083,1602,977,589,194,284
California,6,merced,47,2017m1,2017,1,23789,55292,7306605,1787,1116,641,225,304
California,6,merced,47,2017m2,2017,2,23691,55195,7280923,1340,920,603,211,285
California,6,merced,47,2017m3,2017,3,23896,55480,7288827,1444,1030,637,199,304
California,6,merced,47,2017m4,2017,4,23754,54979,7190319,1267,764,456,166,204
California,6,merced,47,2017m5,2017,5,23752,55013,7162999,1491,885,566,188,253
California,6,merced,47,2017m6,2017,6,23660,54748,7113389,1613,885,544,166,265
California,6,merced,47,2017m7,2017,7,23507,54447,7094574,1668,887,701,251,308
California,6,merced,47,2017m8,2017,8,23439,54193,7060873,1808,972,781,252,372
California,6,merced,47,2017m9,2017,9,23272,53792,6967231,1411,766,648,138,395
California,6,merced,47,2017m10,2017,10,23196,53463,6862261,1614,936,696,172,438
California,6,merced,47,2017m11,2017,11,23042,53010,6819015,1697,961,648,134,402
California,6,merced,47,2017m12,2017,12,23084,53088,6871736,1461,951,638,133,393
California,6,merced,47,2018m1,2018,1,23163,53153,6898165,1879,1053,656,132,392
California,6,merced,47,2018m2,2018,2,22977,52829,6862270,1309,786,591,106,371
California,6,merced,47,2018m3,2018,3,23268,53212,6898552,1417,882,693,134,432
California,6,merced,47,2018m4,2018,4,23019,52609,6785677,1433,801,516,104,292
California,6,merced,47,2018m5,2018,5,22952,52362,6745683,1433,818,586,114,343
California,6,merced,47,2018m6,2018,6,22847,51930,6687850,1440,780,572,88,349
California,6,merced,47,2018m7,2018,7,22658,51491,6644964,1624,852,675,113,420
California,6,merced,47,2018m8,2018,8,22639,51344,6608937,1725,963,771,152,467
California,6,merced,47,2018m9,2018,9,22475,50700,6526240,1466,779,672,132,406
California,6,merced,47,2018m10,2018,10,22423,50476,6576523,1709,870,761,143,470
California,6,merced,47,2018m11,2018,11,22226,49973,6511419,1542,861,565,93,372
California,6,merced,47,2018m12,2018,12,22214,50091,6581325,1352,876,589,120,365
California,6,merced,47,2019m1,2019,1,22423,50423,12274925,1796,1036,657,108,404
California,6,merced,47,2019m2,2019,2,3090,7244,833529,1272,727,562,107,346
California,6,merced,47,2019m3,2019,3,22155,49755,6527490,1501,833,608,86,378
California,6,merced,47,2019m4,2019,4,22135,49493,6360332,1499,880,627,104,376
California,6,merced,47,2019m5,2019,5,22105,49358,6353585,2617,868,1183,575,475
California,6,merced,47,2019m6,2019,6,23528,50884,6444825,2537,1573,1298,513,617
California,6,merced,47,2019m7,2019,7,23883,51393,6439547,2110,1212,799,129,493
California,6,merced,47,2019m8,2019,8,24342,52048,6534385,2053,1150,863,137,521
California,6,merced,47,2019m9,2019,9,24340,51942,6453381,1859,1007,859,118,567
California,6,merced,47,2019m10,2019,10,24462,51786,6390904,1871,1041,918,148,573
California,6,merced,47,2019m11,2019,11,24418,51803,6271703,1639,884,621,124,373
California,6,merced,47,2019m12,2019,12,24637,52363,6455488,1656,1002,723,132,454
California,6,merced,47,2020m1,2020,1,24601,52167,6432693,2094,1074,791,112,519
California,6,merced,47,2020m2,2020,2,24596,52120,6427718,1490,820,692,113,444
California,6,merced,47,2020m3,2020,3,24740,52282,6451379,1780,925,754,114,480
California,6,merced,47,2020m4,2020,4,26067,55003,9493014,2339,1265,1163,210,749
California,6,merced,47,2020m5,2020,5,26782,56379,9834867,1675,767,967,187,525
California,6,merced,47,2020m6,2020,6,26475,55459,9722182,1622,608,1083,152,582
California,6,merced,47,2020m7,2020,7,25369,53190,9082736,1581,634,968,167,536
California,6,merced,47,2020m8,2020,8,25223,53197,9094604,2046,830,937,182,552
California,6,merced,47,2020m9,2020,9,25087,52947,9096068,1658,886,877,152,547
California,6,merced,47,2020m10,2020,10,24349,51785,9412129,1515,767,802,128,517
California,6,merced,47,2020m11,2020,11,23951,50912,9232663,1638,775,654,76,461
California,6,merced,47,2020m12,2020,12,23834,50703,9258465,2373,1032,970,125,630
California,6,merced,47,2021m1,2021,1,24092,51250,9323760,1953,974,1031,136,664
California,6,merced,47,2021m2,2021,2,24211,51601,12162439,1700,881,799,99,533
California,6,merced,47,2021m3,2021,3,24460,52018,10840754,1766,978,1034,86,697
California,6,merced,47,2021m4,2021,4,24402,52035,10895723,1460,757,872,87,617
California,6,merced,47,2021m5,2021,5,24360,51991,11921290,1452,801,681,86,442
California,6,merced,47,2021m6,2021,6,24233,51665,11773279,2436,867,928,103,612
California,6,merced,47,2021m7,2021,7,24603,52225,11934393,2276,1079,1131,122,709
California,6,merced,47,2021m8,2021,8,24807,52643,11982079,2594,1041,1226,139,811
California,6,merced,47,2021m9,2021,9,24839,52377,12116218,2236,905,956,114,588
California,6,merced,47,2021m10,2021,10,25090,52429,13165890,2794,1055,1042,121,617
California,6,merced,47,2021m11,2021,11,25523,52929,13258656,2372,1250,1324,164,801
California,6,merced,47,2021m12,2021,12,25907,53518,13466019,2188,1417,1504,192,913
California,6,merced,47,2022m1,2022,1,26001,53670,13549427,2677,1162,1171,158,722
California,6,merced,47,2022m2,2022,2,26271,54162,13658156,2190,1140,1019,131,634
California,6,merced,47,2022m3,2022,3,26792,55175,13755543,2500,1384,1167,164,677
California,6,merced,47,2022m4,2022,4,26958,55549,13901251,2071,1098,1052,181,603
California,6,merced,47,2022m5,2022,5,27179,56076,13936387, , , , , 
California,6,merced,47,2022m6,2022,6,27320,56341,14009323,2493,990,921,138,547
California,6,merced,47,2022m7,2022,7,27491,56542,14149083,2423,957,1009,173,557
California,6,merced,47,2022m8,2022,8,27862,57206,14358876,2890,1334,1541,247,846
California,6,merced,47,2022m9,2022,9,28080,57494,14369267,2420,1254,1592,257,876
California,6,merced,47,2022m10,2022,10,28709,58602,16335899,2572,1368,1421,266,786
California,6,merced,47,2022m11,2022,11,29114,59323,16529027,2419,1202,1198,194,683
California,6,merced,47,2022m12,2022,12,29456,59910,16609267,2223,1193,1231,212,684
California,6,merced,47,2023m1,2023,1,29682,60450,16653724,3018,1149,1090,184,551
California,6,merced,47,2023m2,2023,2,29898,60792,16845352,2053,1079,1287,169,779
California,6,merced,47,2023m3,2023,3,30527,61941,17446348,2327,1367,1366,214,790
California,6,merced,47,2023m4,2023,4,30590,62213,11036324,1869,1093,995,142,562
California,6,merced,47,2023m5,2023,5,31036,62938,11063712,2202,1223,1040,169,553
California,6,merced,47,2023m6,2023,6,31201,63214,11061681,2132,1029,1005,189,495
California,6,merced,47,2023m7,2023,7,31226,63192,11088964,2194,1022,932,156,526
California,6,merced,47,2023m8,2023,8,31310,63271,11116916,3004,1192,1255,236,562
California,6,merced,47,2023m9,2023,9,31240,63027,11049257,2242,1047,1368,230,710
California,6,merced,47,2023m10,2023,10,31215,62556,11658971,2314,1080,1241,217,714
California,6,merced,47,2023m11,2023,11,31161,62165,11562490,2162,975,1052,146,603
California,6,merced,47,2023m12,2023,12,31411,62622,11801881,2205,1021,1078,182,602
California,6,merced,47,2024m1,2024,1,31660,63140,11863891,2382,1194,1146,188,630
California,6,merced,47,2024m2,2024,2,31596,63143,11807720,2490,937,1030,165,573
California,6,modoc,49,2016m7,2016,7,519,1086,145933,39,26,11, , 
California,6,modoc,49,2016m8,2016,8,519,1062,141888,43,26,14, , 
California,6,modoc,49,2016m9,2016,9,531,1088,144412,42,28,13, , 
California,6,modoc,49,2016m10,2016,10,538,1107,146155,50,34,19, , 
California,6,modoc,49,2016m11,2016,11,530,1099,146331,39,27,11, , 
California,6,modoc,49,2016m12,2016,12,533,1128,150752,47,32,12, , 
California,6,modoc,49,2017m1,2017,1,549,1168,157598,63,44,16, , 
California,6,modoc,49,2017m2,2017,2,536,1158,153214,31,25,6, , 
California,6,modoc,49,2017m3,2017,3,552,1182,161583,46,30,16, , 
California,6,modoc,49,2017m4,2017,4,548,1176,156570,29,25,7, , 
California,6,modoc,49,2017m5,2017,5,545,1152,156662,35,26,10, , 
California,6,modoc,49,2017m6,2017,6,535,1133,153161,36,23,8, , 
California,6,modoc,49,2017m7,2017,7,538,1148,154447,49,29,14, , 
California,6,modoc,49,2017m8,2017,8,542,1168,156168,43,37,13, , 
California,6,modoc,49,2017m9,2017,9,539,1156,152653,40,26,6, , 
California,6,modoc,49,2017m10,2017,10,555,1167,154312,59,37,19, , 
California,6,modoc,49,2017m11,2017,11,568,1206,156494,37,22,12, , 
California,6,modoc,49,2017m12,2017,12,580,1214,158270,39,35,14, , 
California,6,modoc,49,2018m1,2018,1,594,1244,163153,47,36,7,0, 
California,6,modoc,49,2018m2,2018,2,595,1224,161014,41,28,9, , 
California,6,modoc,49,2018m3,2018,3,597,1214,160749,37,32,10, , 
California,6,modoc,49,2018m4,2018,4,592,1188,158911,46,34,6, , 
California,6,modoc,49,2018m5,2018,5,596,1203,161326,35,23,9, , 
California,6,modoc,49,2018m6,2018,6,604,1214,165845,43,30,13, , 
California,6,modoc,49,2018m7,2018,7,593,1205,163041,40,27,11, , 
California,6,modoc,49,2018m8,2018,8,596,1208,164936,39,25,13, , 
California,6,modoc,49,2018m9,2018,9,596,1209,157686,44,29,13, , 
California,6,modoc,49,2018m10,2018,10,596,1229,159037,53,38,15, , 
California,6,modoc,49,2018m11,2018,11,603,1239,163942,52,35,10, , 
California,6,modoc,49,2018m12,2018,12,613,1240,165779,39,26,10, , 
California,6,modoc,49,2019m1,2019,1,635,1297,312230,63,47,21, , 
California,6,modoc,49,2019m2,2019,2,90,197,23189,34,20,12, , 
California,6,modoc,49,2019m3,2019,3,631,1278,166283,35,31,9, , 
California,6,modoc,49,2019m4,2019,4,612,1221,155088,42,21,11, , 
California,6,modoc,49,2019m5,2019,5,610,1214,152809,86,31,29,16,13
California,6,modoc,49,2019m6,2019,6,673,1310,157237,90,49,31, , 
California,6,modoc,49,2019m7,2019,7,702,1356,159079,59,66,23, , 
California,6,modoc,49,2019m8,2019,8,713,1377,158410,49,42,12,0,12
California,6,modoc,49,2019m9,2019,9,711,1369,157819,63,33,19, , 
California,6,modoc,49,2019m10,2019,10,716,1366,155768,50,47,15, , 
California,6,modoc,49,2019m11,2019,11,728,1387,159071,52,36,8, , 
California,6,modoc,49,2019m12,2019,12,746,1430,165218,47,37,16, , 
California,6,modoc,49,2020m1,2020,1,754,1430,164037,67,47,15, , 
California,6,modoc,49,2020m2,2020,2,750,1420,159753,44,28,13, , 
California,6,modoc,49,2020m3,2020,3,761,1425,163195,49,35,13, , 
California,6,modoc,49,2020m4,2020,4,796,1484,261981,40,38,10, , 
California,6,modoc,49,2020m5,2020,5,806,1491,263268,27,16,10, , 
California,6,modoc,49,2020m6,2020,6,809,1489,270712,33,20,15, , 
California,6,modoc,49,2020m7,2020,7,783,1428,250012,36, , , , 
California,6,modoc,49,2020m8,2020,8,775,1404,244044,32,22,16, , 
California,6,modoc,49,2020m9,2020,9,760,1377,240887,39,25,13, , 
California,6,modoc,49,2020m10,2020,10,734,1341,248552,37,24,13, , 
California,6,modoc,49,2020m11,2020,11,724,1313,248278,43,18,19, , 
California,6,modoc,49,2020m12,2020,12,713,1279,235866,68,34,17, , 
California,6,modoc,49,2021m1,2021,1,726,1308,245674,47,44,20, , 
California,6,modoc,49,2021m2,2021,2,738,1330,319770,50,32,13, , 
California,6,modoc,49,2021m3,2021,3,748,1362,288753,46,37,14, , 
California,6,modoc,49,2021m4,2021,4,747,1362,291225,36,19,13, , 
California,6,modoc,49,2021m5,2021,5,749,1384,320957,38,27,15, , 
California,6,modoc,49,2021m6,2021,6,747,1377,321723,36, , , , 
California,6,modoc,49,2021m7,2021,7,746,1345,311268,52, , , , 
California,6,modoc,49,2021m8,2021,8,758,1349,318931,56,38,15, , 
California,6,modoc,49,2021m9,2021,9,770,1370,319185,55,38,17, , 
California,6,modoc,49,2021m10,2021,10,795,1406,355544,72,54,18, , 
California,6,modoc,49,2021m11,2021,11,818,1459,359461,75,40,25, , 
California,6,modoc,49,2021m12,2021,12,843,1500,379023,54,51,26, , 
California,6,modoc,49,2022m1,2022,1,850,1520,378089,63, , ,0, 
California,6,modoc,49,2022m2,2022,2,869,1582,386954,59,47,14, , 
California,6,modoc,49,2022m3,2022,3,875,1580,394730,66,45,18, , 
California,6,modoc,49,2022m4,2022,4,897,1629,406814,60, , , , 
California,6,modoc,49,2022m5,2022,5,914,1654,414185,73,50,19, , 
California,6,modoc,49,2022m6,2022,6,952,3594,417275,65,58,14, , 
California,6,modoc,49,2022m7,2022,7,973,1734,433050,58,47,17, , 
California,6,modoc,49,2022m8,2022,8,996,1783,441183,65,44,14, , 
California,6,modoc,49,2022m9,2022,9,1026,1865,451300,57,49,13, , 
California,6,modoc,49,2022m10,2022,10,1035,1857,515395,53, , , , 
California,6,modoc,49,2022m11,2022,11,1046,1866,516711,64, , , , 
California,6,modoc,49,2022m12,2022,12,1068,1911,533583,50,41,14, , 
California,6,modoc,49,2023m1,2023,1,1082,1944,530460,72,44,16, , 
California,6,modoc,49,2023m2,2023,2,1098,1967,537837,43,34,17, , 
California,6,modoc,49,2023m3,2023,3,1124,1972,556242,76,64,18, , 
California,6,modoc,49,2023m4,2023,4,1094,1923,303967,47, , , , 
California,6,modoc,49,2023m5,2023,5,1121,1964,311114,56,49,18, , 
California,6,modoc,49,2023m6,2023,6,1120,1963,311497, , , , , 
California,6,modoc,49,2023m7,2023,7,1111,1943,307939,49, , , , 
California,6,modoc,49,2023m8,2023,8,1122,1983,314414,62,39,13, , 
California,6,modoc,49,2023m9,2023,9,1108,1955,307072,58,43,24,11,13
California,6,modoc,49,2023m10,2023,10,1122,1950,326464,54,36,16, , 
California,6,modoc,49,2023m11,2023,11,1138,1968,327524,73,54,17, , 
California,6,modoc,49,2023m12,2023,12,1140,1972,326569,62,55,15, , 
California,6,modoc,49,2024m1,2024,1,1161,2009,332344,69, , , , 
California,6,modoc,49,2024m2,2024,2,1157,2014,330011,55, , , , 
California,6,mono,51,2016m7,2016,7,445,775,108112,44,20,9, , 
California,6,mono,51,2016m8,2016,8,450,791,108920,39,24,18, , 
California,6,mono,51,2016m9,2016,9,455,778,106060,55,27,25, , 
California,6,mono,51,2016m10,2016,10,469,814,109167,62,53,12, , 
California,6,mono,51,2016m11,2016,11,448,775,109204,56,30,17, , 
California,6,mono,51,2016m12,2016,12,470,788,113896,51,47,22, , 
California,6,mono,51,2017m1,2017,1,461,762,110367,37,20,12, , 
California,6,mono,51,2017m2,2017,2,448,732,104964,22,15,11, , 
California,6,mono,51,2017m3,2017,3,437,702,103242,44,30,13, , 
California,6,mono,51,2017m4,2017,4,403,656,92863,35,21,14, , 
California,6,mono,51,2017m5,2017,5,397,664,95395,54,38,16, , 
California,6,mono,51,2017m6,2017,6,396,668,96031,56,47,11, , 
California,6,mono,51,2017m7,2017,7,390,665,94226,32,25,8, , 
California,6,mono,51,2017m8,2017,8,389,664,95896,34,23,9, , 
California,6,mono,51,2017m9,2017,9,395,682,97634,47,31,19, , 
California,6,mono,51,2017m10,2017,10,410,692,97731,65,38,18, , 
California,6,mono,51,2017m11,2017,11,395,670,91752,60,33,22, , 
California,6,mono,51,2017m12,2017,12,410,698,98378,52,40,17, , 
California,6,mono,51,2018m1,2018,1,398,686,99300,37,21,16, , 
California,6,mono,51,2018m2,2018,2,400,687,96092,32,21,16, , 
California,6,mono,51,2018m3,2018,3,392,675,92881,34,19,17,0,14
California,6,mono,51,2018m4,2018,4,369,652,87088,34,17,16, , 
California,6,mono,51,2018m5,2018,5,369,646,87280,46,36,11, , 
California,6,mono,51,2018m6,2018,6,373,648,88272,43,35,10, , 
California,6,mono,51,2018m7,2018,7,353,618,82330,32,15,9,0, 
California,6,mono,51,2018m8,2018,8,376,654,87878,44,29,13, , 
California,6,mono,51,2018m9,2018,9,377,646,83039,41,27,18, , 
California,6,mono,51,2018m10,2018,10,391,655,89568,59,35,20, , 
California,6,mono,51,2018m11,2018,11,404,679,94581,67,44,24, , 
California,6,mono,51,2018m12,2018,12,414,700,97094,54,27,20, , 
California,6,mono,51,2019m1,2019,1,424,718,187084,37,25,23, , 
California,6,mono,51,2019m2,2019,2,48,95,10475,17,13,8, , 
California,6,mono,51,2019m3,2019,3,370,646,87934,19, , , , 
California,6,mono,51,2019m4,2019,4,355,629,84638,31,21,5, , 
California,6,mono,51,2019m5,2019,5,329,573,75615,48,25,17, , 
California,6,mono,51,2019m6,2019,6,321,566,74037,45,30,16, , 
California,6,mono,51,2019m7,2019,7,340,586,79109,38,30,18, , 
California,6,mono,51,2019m8,2019,8,342,591,78677,39,22,14, , 
California,6,mono,51,2019m9,2019,9,348,597,76440,40,21,15, , 
California,6,mono,51,2019m10,2019,10,353,579,78258,43,22,21, , 
California,6,mono,51,2019m11,2019,11,344,562,74759,55,32,17, , 
California,6,mono,51,2019m12,2019,12,351,572,79495,19,25,10, , 
California,6,mono,51,2020m1,2020,1,338,554,73794,25,17,8, , 
California,6,mono,51,2020m2,2020,2,330,546,73238,34,20,11, , 
California,6,mono,51,2020m3,2020,3,351,572,78085,134,42,16, , 
California,6,mono,51,2020m4,2020,4,552,885,155337,202,174,81,45,23
California,6,mono,51,2020m5,2020,5,617,995,193263,74,51,35,17,12
California,6,mono,51,2020m6,2020,6,614,980,177145,43,30,18, , 
California,6,mono,51,2020m7,2020,7,592,943,171491,39,18,15, , 
California,6,mono,51,2020m8,2020,8,574,902,160266,44,20,19, , 
California,6,mono,51,2020m9,2020,9,533,849,158512,51,32,19, , 
California,6,mono,51,2020m10,2020,10,462,731,147008,42,38,13, , 
California,6,mono,51,2020m11,2020,11,425,690,137966,47,28,11, , 
California,6,mono,51,2020m12,2020,12,467,763,148272,116,66,29, , 
California,6,mono,51,2021m1,2021,1,529,854,162790,93,75,31, , 
California,6,mono,51,2021m2,2021,2,533,854,213003,46,26,26, , 
California,6,mono,51,2021m3,2021,3,518,822,184029,36,26,17, , 
California,6,mono,51,2021m4,2021,4,476,777,174874,27,13,17, , 
California,6,mono,51,2021m5,2021,5,459,739,186828,47, ,0, , 
California,6,mono,51,2021m6,2021,6,431,698,177524,55,39,19, , 
California,6,mono,51,2021m7,2021,7,408,648,167434,40,22,18, , 
California,6,mono,51,2021m8,2021,8,406,643,158985,49,28,18, , 
California,6,mono,51,2021m9,2021,9,427,660,163372,72,50,18, , 
California,6,mono,51,2021m10,2021,10,438,677,184846,45,30,19, , 
California,6,mono,51,2021m11,2021,11,426,666,183482,43,28,11, , 
California,6,mono,51,2021m12,2021,12,408,643,176461,37,21,24, , 
California,6,mono,51,2022m1,2022,1,391,616,171047,42,24,16, , 
California,6,mono,51,2022m2,2022,2,382,616,167546,35,22,19, , 
California,6,mono,51,2022m3,2022,3,375,616,169856,42,33,11, , 
California,6,mono,51,2022m4,2022,4,369,592,159010, , , , , 
California,6,mono,51,2022m5,2022,5,387,622,167824,63,38,31,11,19
California,6,mono,51,2022m6,2022,6,397,626,171250,45,38,16, , 
California,6,mono,51,2022m7,2022,7,402,632,171518,46,23,13, , 
California,6,mono,51,2022m8,2022,8,409,642,172509,57,32,12, , 
California,6,mono,51,2022m9,2022,9,418,654,177565,63,38,19, , 
California,6,mono,51,2022m10,2022,10,446,722,213314,57,36,19, , 
California,6,mono,51,2022m11,2022,11,450,731,218475,59,40,16, , 
California,6,mono,51,2022m12,2022,12,458,745,221940,37,36,24, , 
California,6,mono,51,2023m1,2023,1,458,756,223335,52,28,12, , 
California,6,mono,51,2023m2,2023,2,448,729,213133,34,24,14, , 
California,6,mono,51,2023m3,2023,3,450,737,228268,34,23,19, , 
California,6,mono,51,2023m4,2023,4,420,680,122024,48,21,15, , 
California,6,mono,51,2023m5,2023,5,419,671,124888,59,32,16, , 
California,6,mono,51,2023m6,2023,6,435,698,132773,40,36,20, , 
California,6,mono,51,2023m7,2023,7,434,688,126709,41,26,19, , 
California,6,mono,51,2023m8,2023,8,437,674,125256,44,25,14, , 
California,6,mono,51,2023m9,2023,9,431,677,124970,35,21,16, , 
California,6,mono,51,2023m10,2023,10,439,683,130324,54,36,15, , 
California,6,mono,51,2023m11,2023,11,441,688,133782,44, ,0, , 
California,6,mono,51,2023m12,2023,12,487,761,150159,60,56,14, , 
California,6,mono,51,2024m1,2024,1,480,755,145105,44,23,11, , 
California,6,mono,51,2024m2,2024,2,437,674,142580,42,20,21, , 
California,6,monterey,53,2016m7,2016,7,21783,47811,6207660,1523,913,624,377,172
California,6,monterey,53,2016m8,2016,8,21492,46916,6020162,2022,1127,740,419,215
California,6,monterey,53,2016m9,2016,9,20947,45892,5821383,1783,1052,709,383,249
California,6,monterey,53,2016m10,2016,10,20476,44720,5614055,2340,1282,813,462,278
California,6,monterey,53,2016m11,2016,11,20485,44912,5667508,3293,1754,832,460,306
California,6,monterey,53,2016m12,2016,12,21923,48778,6603943,3066,2464,997,595,329
California,6,monterey,53,2017m1,2017,1,22869,51274,7108123,2449,1898,817,413,329
California,6,monterey,53,2017m2,2017,2,23195,52008,7116763,1585,1273,663,343,239
California,6,monterey,53,2017m3,2017,3,23451,52475,7153157,1427,971,552,280,210
California,6,monterey,53,2017m4,2017,4,22959,51364,6924579,1208,722,449,258,145
California,6,monterey,53,2017m5,2017,5,22224,49320,6550042,1381,867,493,277,161
California,6,monterey,53,2017m6,2017,6,21073,46439,6036381,1482,860,517,309,158
California,6,monterey,53,2017m7,2017,7,20137,43982,5649110,1443,832,549,313,170
California,6,monterey,53,2017m8,2017,8,19822,43219,5507202,1841,1006,677,381,218
California,6,monterey,53,2017m9,2017,9,19447,42443,5365525,1645,955,704,245,395
California,6,monterey,53,2017m10,2017,10,19155,41620,5160787,2145,1133,758,281,378
California,6,monterey,53,2017m11,2017,11,18967,41385,5186500,3306,1463,914,338,480
California,6,monterey,53,2017m12,2017,12,20394,45078,6016964,2940,2330,1147,366,701
California,6,monterey,53,2018m1,2018,1,21204,47217,6524357,2522,1827,934,258,592
California,6,monterey,53,2018m2,2018,2,21349,47635,6481137,1725,1179,839,243,488
California,6,monterey,53,2018m3,2018,3,21615,48150,6493067,1631,1047,712,210,418
California,6,monterey,53,2018m4,2018,4,21326,47521,6341096,1474,840,613,169,353
California,6,monterey,53,2018m5,2018,5,20603,45654,5973074,1452,866,660,223,345
California,6,monterey,53,2018m6,2018,6,19501,42718,5493075,1392,763,557,168,308
California,6,monterey,53,2018m7,2018,7,18575,40323,5151407,1596,853,649,198,359
California,6,monterey,53,2018m8,2018,8,18023,39031,4922203,1684,883,721,211,414
California,6,monterey,53,2018m9,2018,9,17557,37925,4736434,1655,876,688,220,402
California,6,monterey,53,2018m10,2018,10,17257,37032,4629350,2013,1211,803,244,485
California,6,monterey,53,2018m11,2018,11,16951,36374,4527089,2763,1272,798,260,460
California,6,monterey,53,2018m12,2018,12,18043,39420,5205450,2383,1950,974,364,543
California,6,monterey,53,2019m1,2019,1,19022,41729,10250510,2233,1527,735,211,431
California,6,monterey,53,2019m2,2019,2,3709,8681,1006676,1512,969,667,195,401
California,6,monterey,53,2019m3,2019,3,18998,41839,5646110,1510,947,613,168,358
California,6,monterey,53,2019m4,2019,4,18759,41204,5422415,1470,885,675,196,407
California,6,monterey,53,2019m5,2019,5,18079,39327,5073141,1716,821,641,216,338
California,6,monterey,53,2019m6,2019,6,17595,37316,4699209,2161,1020,797,326,378
California,6,monterey,53,2019m7,2019,7,17417,36186,4505121,1911,1294,864,225,534
California,6,monterey,53,2019m8,2019,8,17309,35712,4347302,1838,1084,792,210,473
California,6,monterey,53,2019m9,2019,9,17089,35071,4210162,1570,966,730,214,447
California,6,monterey,53,2019m10,2019,10,16891,34383,4114471,2174,1151,744,243,404
California,6,monterey,53,2019m11,2019,11,16973,34464,4184631,2456,1301,809,265,446
California,6,monterey,53,2019m12,2019,12,18216,37708,4817970,2619,1998,880,255,541
California,6,monterey,53,2020m1,2020,1,18863,39532,5183267,2242,1554,772,216,447
California,6,monterey,53,2020m2,2020,2,19029,39746,5058128,1498,1019,652,195,366
California,6,monterey,53,2020m3,2020,3,19278,40292,5119422,2346,1036,705,219,375
California,6,monterey,53,2020m4,2020,4,21177,43953,7535540,3073,1816,1338,444,707
California,6,monterey,53,2020m5,2020,5,22307,46322,8169144,2126,1031,1256,418,649
California,6,monterey,53,2020m6,2020,6,22979,47640,8391929,1820,744,1190,414,587
California,6,monterey,53,2020m7,2020,7,21657,44473,7678749,1599,664,1142,348,632
California,6,monterey,53,2020m8,2020,8,20744,42366,7278848,1906,700,889,285,463
California,6,monterey,53,2020m9,2020,9,20169,41019,7085356,1675,799,957,251,604
California,6,monterey,53,2020m10,2020,10,19116,38975,7254286,1925,874,899,226,563
California,6,monterey,53,2020m11,2020,11,18502,37656,6972840,2488,1076,845,233,534
California,6,monterey,53,2020m12,2020,12,19074,39244,7512074,3206,1749,1271,317,820
California,6,monterey,53,2021m1,2021,1,19928,41223,7670977,2622,1452,1399,293,912
California,6,monterey,53,2021m2,2021,2,20480,42623,10304173,2078,1236,1071,217,713
California,6,monterey,53,2021m3,2021,3,20874,43478,9185552,1823,1157,1099,215,736
California,6,monterey,53,2021m4,2021,4,20785,43318,9185044,1428,830,712,134,500
California,6,monterey,53,2021m5,2021,5,19672,40585,9425882,1340,713,574,113,408
California,6,monterey,53,2021m6,2021,6,19672,40585,9425882,2228,960,829,231,484
California,6,monterey,53,2021m7,2021,7,19459,39869,9335098,2078,973,1094,251,721
California,6,monterey,53,2021m8,2021,8,19468,39452,9181310,2313,1126,1100,277,694
California,6,monterey,53,2021m9,2021,9,19468,39125,9167046,2306,1041,1137,320,690
California,6,monterey,53,2021m10,2021,10,19761,39306,9966626,2822,1268,1270,284,814
California,6,monterey,53,2021m11,2021,11,19947,39400,9977028,2938,1360,1435,285,1001
California,6,monterey,53,2021m12,2021,12,20680,41196,10565592,2755,1768,1495,328,1000
California,6,monterey,53,2022m1,2022,1,21337,42657,11075157,3148,1589,1183,261,768
California,6,monterey,53,2022m2,2022,2,22716,45929,11666297,2467,1476,1167,271,769
California,6,monterey,53,2022m3,2022,3,22716,45929,11666297,2724,1595,1299,390,745
California,6,monterey,53,2022m4,2022,4,22922,46420,11666659,1897,1110,1139,298,692
California,6,monterey,53,2022m5,2022,5,22801,46024,11601085,2104,1113,958,290,547
California,6,monterey,53,2022m6,2022,6,22448,45168,11286533,2290,1075,944,273,547
California,6,monterey,53,2022m7,2022,7,22165,44209,11143291,2225,1028,1155,347,659
California,6,monterey,53,2022m8,2022,8,22147,43920,11015609,2659,1298,1283,430,678
California,6,monterey,53,2022m9,2022,9,22225,43835,10942780,2557,1202,1214,314,714
California,6,monterey,53,2022m10,2022,10,22632,44570,12484449,3400,1458,1349,361,803
California,6,monterey,53,2022m11,2022,11,23708,47071,13379379,3636,2031,1541,394,953
California,6,monterey,53,2022m12,2022,12,25262,50724,14433617,3217,2288,1540,369,951
California,6,monterey,53,2023m1,2023,1,26423,53411,14908808,3386,2030,1411,336,821
California,6,monterey,53,2023m2,2023,2,26995,54539,15619096, , , , , 
California,6,monterey,53,2023m3,2023,3,27790,56068,15798557, , , , , 
California,6,monterey,53,2023m4,2023,4,27404,55235,10198035,2011,1030,983,232,602
California,6,monterey,53,2023m5,2023,5,27570,55367,10157500,2180,1186,1089,275,611
California,6,monterey,53,2023m6,2023,6,27086,54185,9802273,2079,1092,1064,273,599
California,6,monterey,53,2023m7,2023,7,26472,52644,9403995,2025,1003,967,273,513
California,6,monterey,53,2023m8,2023,8,26163,51524,9081210,2690,1244,1169,375,559
California,6,monterey,53,2023m9,2023,9,25930,50713,8831724,2456,1201,1272,404,647
California,6,monterey,53,2023m10,2023,10,26218,50889,9394708,2959,1500,1354,401,684
California,6,monterey,53,2023m11,2023,11,26685,52049,9612403,3761,1712,1290,360,709
California,6,monterey,53,2023m12,2023,12,28328,55834,10897008,3127,2310,1581,467,850
California,6,monterey,53,2024m1,2024,1,29546,58507,11516032,3426,1988,1303,330,683
California,6,monterey,53,2024m2,2024,2,30113,59767,11624468,2608,1675,1347,379,639
California,6,napa,55,2016m7,2016,7,3523,7246,893403,287,121,138,24,74
California,6,napa,55,2016m8,2016,8,3499,7150,875900,339,166,173,37,97
California,6,napa,55,2016m9,2016,9,3460,7082,864876,300,142,156,39,86
California,6,napa,55,2016m10,2016,10,3423,7043,859522,249,143,144,40,76
California,6,napa,55,2016m11,2016,11,3404,6931,851952,265,144,109,32,52
California,6,napa,55,2016m12,2016,12,3371,6899,848059,280,165,125,30,58
California,6,napa,55,2017m1,2017,1,3375,6874,850945,318,167,126,33,72
California,6,napa,55,2017m2,2017,2,3310,6730,833367,279,133,135,32,70
California,6,napa,55,2017m3,2017,3,3332,6738,842633,273,154,146,33,91
California,6,napa,55,2017m4,2017,4,3297,6641,817244,234,134,108,28,53
California,6,napa,55,2017m5,2017,5,3267,6527,810344,227,103,126,40,61
California,6,napa,55,2017m6,2017,6,3215,6390,788191,282,128,129,35,69
California,6,napa,55,2017m7,2017,7,3117,6161,757013,271,103,129,28,61
California,6,napa,55,2017m8,2017,8,3123,6219,775700,308,133,175,53,85
California,6,napa,55,2017m9,2017,9,3063,6075,748633,297,120,162,18,107
California,6,napa,55,2017m10,2017,10,3085,6216,729492,454,118,248,30,146
California,6,napa,55,2017m11,2017,11,3028,6078,721456,489,236,320,62,204
California,6,napa,55,2017m12,2017,12,3026,6033,749336,289,180,166,25,111
California,6,napa,55,2018m1,2018,1,3057,6104,763997,385,174,170,28,102
California,6,napa,55,2018m2,2018,2,3044,6068,753736,284,163,167,19,119
California,6,napa,55,2018m3,2018,3,3047,6084,754779,251,118,139,22,91
California,6,napa,55,2018m4,2018,4,3050,6063,748627,241,106,139,19,98
California,6,napa,55,2018m5,2018,5,3022,5947,734711,255,126,153,19,107
California,6,napa,55,2018m6,2018,6,2946,5794,715773,235,88,118,11,88
California,6,napa,55,2018m7,2018,7,2850,5598,684384,261,111,148,20,107
California,6,napa,55,2018m8,2018,8,2812,5515,670955,300,144,159,21,99
California,6,napa,55,2018m9,2018,9,2770,5444,659427,234,99,147,18,92
California,6,napa,55,2018m10,2018,10,2764,5401,666998,256,107,161,22,108
California,6,napa,55,2018m11,2018,11,2740,5353,656151,238,95,122,15,87
California,6,napa,55,2018m12,2018,12,2705,5303,643762,240,106,136,23,90
California,6,napa,55,2019m1,2019,1,2682,5244,1147721,280,111,154,18,113
California,6,napa,55,2019m2,2019,2,473,981,124723,258,121,143,20,90
California,6,napa,55,2019m3,2019,3,2709,5264,645394,245,127,136,13,98
California,6,napa,55,2019m4,2019,4,2696,5233,636190,210,98,114,23,74
California,6,napa,55,2019m5,2019,5,2693,5193,636769,305,110,132,18,85
California,6,napa,55,2019m6,2019,6,2807,5260,634601,529,204,193,58,102
California,6,napa,55,2019m7,2019,7,2889,5375,644717,343,209,218,35,148
California,6,napa,55,2019m8,2019,8,2920,5349,637602,346,163,162,21,107
California,6,napa,55,2019m9,2019,9,2932,5320,618932,307,155,176,21,123
California,6,napa,55,2019m10,2019,10,2970,5316,620888,339,153,170,15,128
California,6,napa,55,2019m11,2019,11,2978,5325,622415,299,134,134,14,93
California,6,napa,55,2019m12,2019,12,3077,5476,645507,374,195,189,21,134
California,6,napa,55,2020m1,2020,1,3123,5564,654030,400,195,177,16,135
California,6,napa,55,2020m2,2020,2,3188,5627,656249,282,167,156,16,113
California,6,napa,55,2020m3,2020,3,3286,5752,681498,504,191,200,31,132
California,6,napa,55,2020m4,2020,4,3918,6976,824815,982,559,425,129,219
California,6,napa,55,2020m5,2020,5,4228,7542,884437,602,288,416,106,191
California,6,napa,55,2020m6,2020,6,4121,7276,859225,403,163,286,57,147
California,6,napa,55,2020m7,2020,7,4022,7062,821805,372,126,227,45,131
California,6,napa,55,2020m8,2020,8,4046,7055,802419,449,187,208,48,120
California,6,napa,55,2020m9,2020,9,4059,7102,795331,392,170,262,39,186
California,6,napa,55,2020m10,2020,10,3894,6760,803698,498,150,303,38,221
California,6,napa,55,2020m11,2020,11,3876,6802,794003,500,186,268,50,185
California,6,napa,55,2020m12,2020,12,3966,6961,809621,626,275,288,59,182
California,6,napa,55,2021m1,2021,1,4155,7285,824033,504,314,292,49,199
California,6,napa,55,2021m2,2021,2,4201,7381,1202016,394,221,180,28,130
California,6,napa,55,2021m3,2021,3,4241,7448,1039760,380,207,219,29,162
California,6,napa,55,2021m4,2021,4,4201,7314,1007050,334,156,184,31,132
California,6,napa,55,2021m5,2021,5,4117,7198,1003170,271,113,165,15,122
California,6,napa,55,2021m6,2021,6,4035,7054,972858,550,175,272,34,208
California,6,napa,55,2021m7,2021,7,4024,7008,947795,443,185,265,23,206
California,6,napa,55,2021m8,2021,8,4048,7045,954230,541,191,291,40,215
California,6,napa,55,2021m9,2021,9,4088,7100,949313,577,202,301,32,207
California,6,napa,55,2021m10,2021,10,4181,7178,1111114,557,255,289,41,193
California,6,napa,55,2021m11,2021,11,4307,7343,1152778,426,277,267,44,176
California,6,napa,55,2021m12,2021,12,4278,7315,1153560,415,204,205,30,142
California,6,napa,55,2022m1,2022,1,4343,7401,1157207,561,229,249,46,161
California,6,napa,55,2022m2,2022,2,4414,7514,1173488,451,219,312,39,198
California,6,napa,55,2022m3,2022,3,4510,7694,1204571,463,239,271,59,158
California,6,napa,55,2022m4,2022,4,4536,7717,1183665,428,160,238,42,154
California,6,napa,55,2022m5,2022,5,4592,7795,1182955, , , , , 
California,6,napa,55,2022m6,2022,6,4628,7863,1173332, , , , , 
California,6,napa,55,2022m7,2022,7,4685,7916,1179151,439,226,196,51,108
California,6,napa,55,2022m8,2022,8,4778,8061,1202227,563,252,279,66,148
California,6,napa,55,2022m9,2022,9,4842,8154,1210832,396,198,263,64,165
California,6,napa,55,2022m10,2022,10,4914,8267,1474133,553,215,268,61,156
California,6,napa,55,2022m11,2022,11,5018,8435,1495838,523,251,259,72,141
California,6,napa,55,2022m12,2022,12,5088,8549,2451913,508,232,275,63,163
California,6,napa,55,2023m1,2023,1,5146,8673,2421014,597,231,225,49,132
California,6,napa,55,2023m2,2023,2,5203,8832,1482414,480,222,291,56,190
California,6,napa,55,2023m3,2023,3,5371,9149,1553134,518,264,287,81,164
California,6,napa,55,2023m4,2023,4,5358,9127,1531547,402,201,264,71,147
California,6,napa,55,2023m5,2023,5,5464,9313,1565889,463,246,255,68,147
California,6,napa,55,2023m6,2023,6,5459,9275,1545855,365,163,218,52,131
California,6,napa,55,2023m7,2023,7,5471,9216,1553668,401,187,205,56,106
California,6,napa,55,2023m8,2023,8,5450,9153,1541143,542,214,270,80,141
California,6,napa,55,2023m9,2023,9,5499,9194,1565653,533,199,302,84,158
California,6,napa,55,2023m10,2023,10,5572,9280,1692441,444,228,290,91,159
California,6,napa,55,2023m11,2023,11,5547,9205,1654465,437,196,202,44,121
California,6,napa,55,2023m12,2023,12,5602,9298,1685530,419,203,251,62,155
California,6,napa,55,2024m1,2024,1,5703,9456,1687341,670,233,257,70,144
California,6,napa,55,2024m2,2024,2,5775,9644,1710877,540,264,338,75,187
California,6,nevada,57,2016m7,2016,7,4370,7680,1055129,317,219,106,47,42
California,6,nevada,57,2016m8,2016,8,4368,7627,1050401,421,237,137,66,64
California,6,nevada,57,2016m9,2016,9,4358,7606,1040968,370,247,144,64,66
California,6,nevada,57,2016m10,2016,10,4318,7534,1034270,333,226,126,55,49
California,6,nevada,57,2016m11,2016,11,4330,7500,1026155,363,230,117,39,69
California,6,nevada,57,2016m12,2016,12,4257,7382,1005032,314,190,109,47,49
California,6,nevada,57,2017m1,2017,1,4206,7326,991373,372,189,121,37,67
California,6,nevada,57,2017m2,2017,2,4129,7226,979203,375,215,138,45,82
California,6,nevada,57,2017m3,2017,3,4168,7246,991873,382,245,177,50,108
California,6,nevada,57,2017m4,2017,4,4128,7203,991873,318,205,147,56,82
California,6,nevada,57,2017m5,2017,5,4156,7197,980105,320,213,125,42,69
California,6,nevada,57,2017m6,2017,6,4147,7118,975647,314,196,125,46,65
California,6,nevada,57,2017m7,2017,7,4100,7088,967994,341,209,103,40,57
California,6,nevada,57,2017m8,2017,8,4100,7085,968043,363,222,127,55,64
California,6,nevada,57,2017m9,2017,9,4104,7089,963023,357,222,126,38,82
California,6,nevada,57,2017m10,2017,10,4096,7068,1011537,391,210,148,32,107
California,6,nevada,57,2017m11,2017,11,4017,6948,944244,335,157,166,41,110
California,6,nevada,57,2017m12,2017,12,4021,6929,955349,402,180,138,25,106
California,6,nevada,57,2018m1,2018,1,4016,6898,941634,426,228,199,32,160
California,6,nevada,57,2018m2,2018,2,3955,6739,923913,313,179,163,30,126
California,6,nevada,57,2018m3,2018,3,4085,6986,970424,434,276,204,43,149
California,6,nevada,57,2018m4,2018,4,4062,6974,947622,350,200,210,29,169
California,6,nevada,57,2018m5,2018,5,4067,6943,943019,400,237,167,36,120
California,6,nevada,57,2018m6,2018,6,4094,6985,940049,373,187,147,29,103
California,6,nevada,57,2018m7,2018,7,4125,7034,959314,403,218,186,37,138
California,6,nevada,57,2018m8,2018,8,4211,7142,966625,394,261,186,46,127
California,6,nevada,57,2018m9,2018,9,4223,7185,962039,359,189,167,42,118
California,6,nevada,57,2018m10,2018,10,4255,7230,982104,431,202,199,33,155
California,6,nevada,57,2018m11,2018,11,4288,7232,979188,365,212,194,27,149
California,6,nevada,57,2018m12,2018,12,4295,7252,971982,349,185,181,37,134
California,6,nevada,57,2019m1,2019,1,4339,7302,1775180,430,237,185,39,132
California,6,nevada,57,2019m2,2019,2,698,1251,159236,362,197,162,32,120
California,6,nevada,57,2019m3,2019,3,4345,7306,968889,362,201,198,37,150
California,6,nevada,57,2019m4,2019,4,4273,7156,935157,394,191,170,34,129
California,6,nevada,57,2019m5,2019,5,4293,7166,934995,535,225,207,59,141
California,6,nevada,57,2019m6,2019,6,4600,7511,969542,637,412,225,48,163
California,6,nevada,57,2019m7,2019,7,4700,7618,971964,509,307,226,38,178
California,6,nevada,57,2019m8,2019,8,4731,7618,967371,460,240,193,27,159
California,6,nevada,57,2019m9,2019,9,4778,7676,977835,398,195,196,35,154
California,6,nevada,57,2019m10,2019,10,4825,7711,1431858,405,213,192,31,156
California,6,nevada,57,2019m11,2019,11,4750,7629,1016844,334,200,153,34,113
California,6,nevada,57,2019m12,2019,12,4738,7624,972001,405,201,149,23,118
California,6,nevada,57,2020m1,2020,1,4729,7582,966012,508,210,185,32,143
California,6,nevada,57,2020m2,2020,2,4727,7548,962025,361,218,178,31,140
California,6,nevada,57,2020m3,2020,3,4864,7723,1001644,563,268,189,34,143
California,6,nevada,57,2020m4,2020,4,5450,8632,1576017,713,569,221,88,123
California,6,nevada,57,2020m5,2020,5,5756,9100,1689326,375,300,220,82,120
California,6,nevada,57,2020m6,2020,6,5647,8816,1637958,304,169,209,57,141
California,6,nevada,57,2020m7,2020,7,5480,8557,1571497,351,195,151,49,93
California,6,nevada,57,2020m8,2020,8,5399,8426,1514289,366,180,141,39,92
California,6,nevada,57,2020m9,2020,9,5241,8175,1505869,341,171,206,31,162
California,6,nevada,57,2020m10,2020,10,4998,7822,1515830,331,145,149,32,117
California,6,nevada,57,2020m11,2020,11,4931,7696,1944378,353,180,104,36,66
California,6,nevada,57,2020m12,2020,12,4867,7618,1485402,569,277,183,57,116
California,6,nevada,57,2021m1,2021,1,4940,7722,1474104,439,260,145,34,103
California,6,nevada,57,2021m2,2021,2,4978,7741,1972967,389,224,134,35,93
California,6,nevada,57,2021m3,2021,3,5113,7938,1777651,377,326,167,40,116
California,6,nevada,57,2021m4,2021,4,5113,7874,1829788,303,268,142,29,105
California,6,nevada,57,2021m5,2021,5,5096,7833,1988021,316,195,129,33,85
California,6,nevada,57,2021m6,2021,6,5029,7749,1953081,575,192,145,27,106
California,6,nevada,57,2021m7,2021,7,5163,7923,2003254,523,349,198,47,138
California,6,nevada,57,2021m8,2021,8,5245,8010,2041083,580,279,216,51,156
California,6,nevada,57,2021m9,2021,9,5295,8071,2062715,595,224,167,36,115
California,6,nevada,57,2021m10,2021,10,5492,8342,2364969,550,307,193,60,124
California,6,nevada,57,2021m11,2021,11,5537,8415,2405365,475,267,168,51,112
California,6,nevada,57,2021m12,2021,12,5462,8351,2382745,421,215,168,45,115
California,6,nevada,57,2022m1,2022,1,5392,8279,2661974,542,212,106,42,52
California,6,nevada,57,2022m2,2022,2,5300,8115,2337482,415,164,107,31,65
California,6,nevada,57,2022m3,2022,3,5269,8117,2382414,493,224,173,47,114
California,6,nevada,57,2022m4,2022,4,5265,8142,2330250,420,210,174,47,114
California,6,nevada,57,2022m5,2022,5,5354,8305,2420292,455,268,195,51,130
California,6,nevada,57,2022m6,2022,6,5395,8396,2468333,500,243,260,88,156
California,6,nevada,57,2022m7,2022,7,5568,8678,2618061,440,323,263,70,173
California,6,nevada,57,2022m8,2022,8,5761,8964,2631785,562,372,287,95,162
California,6,nevada,57,2022m9,2022,9,5833,9133,2562783,513,242,272,82,167
California,6,nevada,57,2022m10,2022,10,6045,9446,2984444,568,359,260,77,162
California,6,nevada,57,2022m11,2022,11,6251,9761,3139010,478,348,289,86,182
California,6,nevada,57,2022m12,2022,12,6447,10048,3116284,506,354,307,86,206
California,6,nevada,57,2023m1,2023,1,6600,10273,3069022,637,354,311,86,199
California,6,nevada,57,2023m2,2023,2,6786,10572,3272434,488,364,303,94,184
California,6,nevada,57,2023m3,2023,3,6930,10831,3380172,582,370,274,84,171
California,6,nevada,57,2023m4,2023,4,6963,10841,2829527, , , , , 
California,6,nevada,57,2023m5,2023,5,7087,11028,2045398, , , , , 
California,6,nevada,57,2023m6,2023,6,7177,11176,2065545,478,261,203,54,135
California,6,nevada,57,2023m7,2023,7,7096,11062,2036122,424,238,183,58,107
California,6,nevada,57,2023m8,2023,8,7180,11216,2077364,521,313,175,58,100
California,6,nevada,57,2023m9,2023,9,7180,11158,2063884,484,284,177,55,113
California,6,nevada,57,2023m10,2023,10,7279,11282,2232562,478,281,201,52,131
California,6,nevada,57,2023m11,2023,11,7290,11330,2235466,512,282,208,54,133
California,6,nevada,57,2023m12,2023,12,7292,11300,2241217,423,283,176,40,125
California,6,nevada,57,2024m1,2024,1,7408,11473,2293159,656,327,199,53,127
California,6,nevada,57,2024m2,2024,2,7488,11647,2334378,510,349,249,56,165
California,6,orange,59,2016m7,2016,7,123573,252962,34182934,7641,5622,1937, , 
California,6,orange,59,2016m8,2016,8,123793,252589,34207345,9258,6601,2200, , 
California,6,orange,59,2016m9,2016,9,123021,251610,33918668,8339,6180,2163, , 
California,6,orange,59,2016m10,2016,10,122281,250730,33724301,7792,5556,2096,1835,13
California,6,orange,59,2016m11,2016,11,121757,249747,33482495,6899,4553,1986,891,845
California,6,orange,59,2016m12,2016,12,120825,248297,33276443,6609,4549,2030,839,924
California,6,orange,59,2017m1,2017,1,120368,245723,32845948,7723,4913,2059,900,871
California,6,orange,59,2017m2,2017,2,118186,242852,32255571,6186,4249,1921,756,906
California,6,orange,59,2017m3,2017,3,118158,240771,32296623,6790,4593,2296,927,1049
California,6,orange,59,2017m4,2017,4,116202,237017,31725136,6153,4096,1758,843,672
California,6,orange,59,2017m5,2017,5,116316,235714,31556459,7085,4723,2048,902,873
California,6,orange,59,2017m6,2017,6,116037,234962,31475549,7310,5011,2038,900,846
California,6,orange,59,2017m7,2017,7,115149,233056,31171998,7062,4584,1996,878,843
California,6,orange,59,2017m8,2017,8,115627,233036,31296890,7995,5383,2288,1174,782
California,6,orange,59,2017m9,2017,9,115089,232951,31076217,7135,4711,2150,1118,744
California,6,orange,59,2017m10,2017,10,115302,231950,30687056,7290,4695,2161,919,924
California,6,orange,59,2017m11,2017,11,114309,230662,30310726,6899,4674,2013,838,873
California,6,orange,59,2017m12,2017,12,113785,230130,30181062,6340,4385,1860,707,864
California,6,orange,59,2018m1,2018,1,113584,226935,30023427,8691,4929,2206,966,882
California,6,orange,59,2018m2,2018,2,111321,224263,29390834,6978,4484,2427,815,1313
California,6,orange,59,2018m3,2018,3,112044,224545,29730505,7473,4786,2715,851,1472
California,6,orange,59,2018m4,2018,4,110752,221451,29209139,7311,4325,2433,876,1214
California,6,orange,59,2018m5,2018,5,110203,219587,29008894,7335,4618,2477,904,1253
California,6,orange,59,2018m6,2018,6,109744,218039,28800581,7501,4640,2429,809,1263
California,6,orange,59,2018m7,2018,7,108635,214874,28392639,7816,4558,2654,866,1414
California,6,orange,59,2018m8,2018,8,108255,213968,28263886.11,8442,5157,3005,1051,1513
California,6,orange,59,2018m9,2018,9,107215,212839,27963452.92,7583,4198,2633,868,1417
California,6,orange,59,2018m10,2018,10,106965,211113,28020547.11,8615,4956,3158,994,1802
California,6,orange,59,2018m11,2018,11,105325,208279,27477126.76,7392,4241,3110,826,1929
California,6,orange,59,2018m12,2018,12,104251,206037,27156582.93,6462,3872,2855,736,1788
California,6,orange,59,2019m1,2019,1,103534,197017,48232432,8637,4298,2794,797,1544
California,6,orange,59,2019m2,2019,2,15997,25943,4083985,6872,3714,3110,717,2037
California,6,orange,59,2019m3,2019,3,98913,193009,25605746,7611,4506,3144,881,1789
California,6,orange,59,2019m4,2019,4,97218,189144,24810019,8204,4450,3079,842,1791
California,6,orange,59,2019m5,2019,5,96833,187659,24738765,10606,4888,3179,708,2017
California,6,orange,59,2019m6,2019,6,102435,192498,25093345,13861,9553,3276,823,1918
California,6,orange,59,2019m7,2019,7,104569,200297,25072849,11895,8505,4247,907,2723
California,6,orange,59,2019m8,2019,8,106642,203646,25233877,10836,6801,3864,917,2482
California,6,orange,59,2019m9,2019,9,108371,205850,25147046,9291,5653,3683,866,2411
California,6,orange,59,2019m10,2019,10,108947,206194,25172191,10176,6000,3685,943,2286
California,6,orange,59,2019m11,2019,11,108899,206001,24924191,8221,5087,3254,777,2106
California,6,orange,59,2019m12,2019,12,109877,206913,24893183,7799,4852,3375,739,2261
California,6,orange,59,2020m1,2020,1,109775,205555,24646948,9814,5336,2966,751,1806
California,6,orange,59,2020m2,2020,2,109687,204605,24581760,7563,4719,3077,732,1995
California,6,orange,59,2020m3,2020,3,110866,205680,24761627,13314,5677,3151,764,1952
California,6,orange,59,2020m4,2020,4,127910,228193,40700335,20472,13604,5157,1735,2635
California,6,orange,59,2020m5,2020,5,136916,242909,44154573,15238,8874,7748,3363,3263
California,6,orange,59,2020m6,2020,6,141812,252147,45794340,10700,5481,6994,2977,3097
California,6,orange,59,2020m7,2020,7,138010,239857,43211805,9993,4428,5573,2316,2636
California,6,orange,59,2020m8,2020,8,136155,239471,42156585,12297,6288,4273,1569,2179
California,6,orange,59,2020m9,2020,9,135062,247703,42364036,9729,5830,4442,1281,2656
California,6,orange,59,2020m10,2020,10,129922,239606,42770939,9610,5643,3910,1071,2397
California,6,orange,59,2020m11,2020,11,125767,232111,41451876,10089,5660,3514,978,2205
California,6,orange,59,2020m12,2020,12,125847,231110,41618761,15438,7182,4318,1308,2505
California,6,orange,59,2021m1,2021,1,128368,234234,42171572,12365,7045,6183,1440,4165
California,6,orange,59,2021m2,2021,2,132584,240292,55499961,10605,6389,5008,1342,3099
California,6,orange,59,2021m3,2021,3,133887,242236,50293990,10701,7127,5474,1473,3362
California,6,orange,59,2021m4,2021,4,135876,244554,51004715,9849,5287,4006,1033,2460
California,6,orange,59,2021m5,2021,5,137053,245590,55903048,9916,5207,4111,1053,2489
California,6,orange,59,2021m6,2021,6,138646,247345,55711323,16172,7277,5254,1527,2904
California,6,orange,59,2021m7,2021,7,140035,249273,56935564,13709,7912,7121,1740,4683
California,6,orange,59,2021m8,2021,8,142742,253191,57302466,15148,7655,6279,1820,3799
California,6,orange,59,2021m9,2021,9,146906,258627,59108299,17370,8644,6754,1949,4100
California,6,orange,59,2021m10,2021,10,151721,265362,66242248,16289,9022,5212, , 
California,6,orange,59,2021m11,2021,11,154034,268064,66178149,13663,7158,7558,1824,5078
California,6,orange,59,2021m12,2021,12,155916,269956,67065346,11251,6865,6539,1650,4290
California,6,orange,59,2022m1,2022,1,155702,268581,66083991,13758,5922,5480,1524,3427
California,6,orange,59,2022m2,2022,2,155719,268047,66759428,11881,6365,6040,1540,3930
California,6,orange,59,2022m3,2022,3,158010,271517,67078313,14046,7821,6468,1901,3894
California,6,orange,59,2022m4,2022,4,158517,271899,67356530,12703,6522,5792,1662,3592
California,6,orange,59,2022m5,2022,5,159841,274023,68003747,16048,6966,6565,2035,3799
California,6,orange,59,2022m6,2022,6,163290,279809,69179737,17334,7881,8472,2538,4983
California,6,orange,59,2022m7,2022,7,165935,284073,71183157,14676,7316,8355,2317,5200
California,6,orange,59,2022m8,2022,8,169596,290563,72308014,17025,8411,8728,2649,5203
California,6,orange,59,2022m9,2022,9,172559,294765,72817242,15893,7499,7996,2324,4832
California,6,orange,59,2022m10,2022,10,175013,298790,82768709,17186,7917,7990,2320,4850
California,6,orange,59,2022m11,2022,11,176352,300376,83652045,14496,7117,8098,2080,5297
California,6,orange,59,2022m12,2022,12,177679,302194,84224197,13124,6860,7412,1964,4679
California,6,orange,59,2023m1,2023,1,179416,304038,83130185,16033,6832,7045,2050,4199
California,6,orange,59,2023m2,2023,2,179263,303102,82650251,13702,5930,6956,1688,4624
California,6,orange,59,2023m3,2023,3,180448,304438,85031895,15051,7604,8367,2243,5258
California,6,orange,59,2023m4,2023,4,169821,286256,51684094,19541,7750,8433,2358,5163
California,6,orange,59,2023m5,2023,5,170196,286231,51041116,15753,6498,6889,1934,4139
California,6,orange,59,2023m6,2023,6,172796,291039,52255807,15183,7430,7951,2310,4685
California,6,orange,59,2023m7,2023,7,174414,294138,52864789,14636,7513,8467,2531,4985
California,6,orange,59,2023m8,2023,8,175933,296669,53030059,17699,8213,8865,2782,4989
California,6,orange,59,2023m9,2023,9,176453,296835,52915415,16039,7037,8408,2420,5154
California,6,orange,59,2023m10,2023,10,179906,301920,57187430,17696,8930,9351,2795,5618
California,6,orange,59,2023m11,2023,11,180828,303050,57330161,13920,7215,8283,2118,5389
California,6,orange,59,2023m12,2023,12,181649,305232,57845188,12318,6631,6923,1959,4266
California,6,orange,59,2024m1,2024,1,182836,306453,57505527,17265,7644,7254,2114,4233
California,6,orange,59,2024m2,2024,2,183526,307255,57293315, , , , , 
California,6,placer,61,2016m7,2016,7,9397,17692,2286672,579,291,293,70,207
California,6,placer,61,2016m8,2016,8,9339,17562,2268457,735,217,275,67,185
California,6,placer,61,2016m9,2016,9,9269,17399,2251206,630,300,287,69,187
California,6,placer,61,2016m10,2016,10,9213,17322,2230189,639,306,274,67,182
California,6,placer,61,2016m11,2016,11,9120,17269,2216408,560,250,258,60,167
California,6,placer,61,2016m12,2016,12,9017,17044,2177962,510,263,231,51,155
California,6,placer,61,2017m1,2017,1,8877,16652,2134328,710,272,242,51,155
California,6,placer,61,2017m2,2017,2,8696,16480,2102017,594,275,290,66,195
California,6,placer,61,2017m3,2017,3,8850,16472,2119201,622,336,291,74,196
California,6,placer,61,2017m4,2017,4,9127,16262,2093121,586,277,237,58,153
California,6,placer,61,2017m5,2017,5,8719,16171,2062017,610,280,304,67,206
California,6,placer,61,2017m6,2017,6,8726,16164,2061059,652,291,295,63,200
California,6,placer,61,2017m7,2017,7,8684,16142,2057349,589,251,264,55,189
California,6,placer,61,2017m8,2017,8,8686,16186,2064480,779,311,315,61,206
California,6,placer,61,2017m9,2017,9,8670,16179,2050045,643,317,315,64,225
California,6,placer,61,2017m10,2017,10,8593,17608,2015200,695,296,346,77,251
California,6,placer,61,2017m11,2017,11,8556,15948,1988564,638,283,280,57,187
California,6,placer,61,2017m12,2017,12,8522,15863,1992745,539,260,276,44,195
California,6,placer,61,2018m1,2018,1,8576,15802,1981193,753,302,276,42,195
California,6,placer,61,2018m2,2018,2,8387,15593,1908621,561,261,282,56,194
California,6,placer,61,2018m3,2018,3,8486,15477,1941881,599,258,259,37,187
California,6,placer,61,2018m4,2018,4,8328,15110,1896155,617,232,297,65,198
California,6,placer,61,2018m5,2018,5,8247,14901,1886750,614,232,295,54,200
California,6,placer,61,2018m6,2018,6,8229,14836,1866015,591,243,294,53,202
California,6,placer,61,2018m7,2018,7,8161,14603,1850737,699,256,321,44,243
California,6,placer,61,2018m8,2018,8,8147,14704,1845887,716,297,296,62,234
California,6,placer,61,2018m9,2018,9,8028,14525,1820944,618,262,276,52,206
California,6,placer,61,2018m10,2018,10,8055,14494,1867357,717,297,359,60,263
California,6,placer,61,2018m11,2018,11,7889,14194,1794284,602,225,313,45,235
California,6,placer,61,2018m12,2018,12,7901,14252,1784144,500,251,293,43,226
California,6,placer,61,2019m1,2019,1,8015,14065,3183124,724,251,297,49,211
California,6,placer,61,2019m2,2019,2,1326,13636,310005,556,210,280,35,198
California,6,placer,61,2019m3,2019,3,7650,13705,1719279,597,241,301,39,223
California,6,placer,61,2019m4,2019,4,7577,13554,1693586,621,250,313,58,215
California,6,placer,61,2019m5,2019,5,7506,13417,1665327,959,244,363,58,253
California,6,placer,61,2019m6,2019,6,8164,14104,1717867,1242,724,417,81,259
California,6,placer,61,2019m7,2019,7,8367,14500,1737880,976,516,493,83,336
California,6,placer,61,2019m8,2019,8,9816,14666,1723033,850,403,410,67,284
California,6,placer,61,2019m9,2019,9,8585,14623,1726749,767,270,372,59,257
California,6,placer,61,2019m10,2019,10,8685,14557,1952224,749,288,411,59,285
California,6,placer,61,2019m11,2019,11,8599,14441,1710883,645,249,337,47,245
California,6,placer,61,2019m12,2019,12,8660,14445,1720797,597,237,395,51,300
California,6,placer,61,2020m1,2020,1,8642,16430,1688847,829,284,298,73,212
California,6,placer,61,2020m2,2020,2,8558,14329,1668861,638,197,360,66,246
California,6,placer,61,2020m3,2020,3,8691,14402,1719482, , , , , 
California,6,placer,61,2020m4,2020,4,9763,15817,2851532,1622,545,874,141,599
California,6,placer,61,2020m5,2020,5,10232,16886,3032083,929,332,843,151,579
California,6,placer,61,2020m6,2020,6,10270,16499,3031175,799,187,621,125,410
California,6,placer,61,2020m7,2020,7,9831,15723,2814966,753,181,470,83,339
California,6,placer,61,2020m8,2020,8,9475,15101,2678397,866,436,234,38,133
California,6,placer,61,2020m9,2020,9,9474,18478,2677941,667,417,177,37,85
California,6,placer,61,2020m10,2020,10,9387,14939,2799400,631,373,153,21,89
California,6,placer,61,2020m11,2020,11,9224,14555,2821789,666,331,151,26,74
California,6,placer,61,2020m12,2020,12,9214,14595,2759888,1032,506,205,34,105
California,6,placer,61,2021m1,2021,1,9482,15115,2806734,811,607,142,17,77
California,6,placer,61,2021m2,2021,2,9794,15260,3702737,687,412,143,27,59
California,6,placer,61,2021m3,2021,3,9741,15581,3325111,647,423,183,38,98
California,6,placer,61,2021m4,2021,4,9772,15573,3364604,561,322,109,18,56
California,6,placer,61,2021m5,2021,5,9951,15574,3716108,550,332,253,40,179
California,6,placer,61,2021m6,2021,6,10081,15776,3750353,1092,469,399,79,243
California,6,placer,61,2021m7,2021,7,10265,16282,3875821,1009,562,553,80,390
California,6,placer,61,2021m8,2021,8,10421,16599,3941666,1113,525,558,72,402
California,6,placer,61,2021m9,2021,9,10626,17107,4058508,1156,531,524,71,370
California,6,placer,61,2021m10,2021,10,11151,17810,4637376,1168,761,631,84,446
California,6,placer,61,2021m11,2021,11,11380,18138,4659677, , , , , 
California,6,placer,61,2021m12,2021,12,11706,18542,4824071,982,614,512,76,352
California,6,placer,61,2022m1,2022,1,11841,18734,4914989,1066,551,423,87,287
California,6,placer,61,2022m2,2022,2,11912,18850,4918199,879,517,478,78,342
California,6,placer,61,2022m3,2022,3,12058,19218,4943887,1032,585,550,95,378
California,6,placer,61,2022m4,2022,4,12203,19460,5002329,1038,520,526,135,326
California,6,placer,61,2022m5,2022,5,12400,19751,5094994,967,566,500,84,355
California,6,placer,61,2022m6,2022,6,12510,19946,5119554,1040,535,484,90,329
California,6,placer,61,2022m7,2022,7,12668,20338,5217054,1101,570,508,98,342
California,6,placer,61,2022m8,2022,8,12938,20830,5338093,1212,675,645,122,440
California,6,placer,61,2022m9,2022,9,13102,21056,5418332,1118,548,595,88,439
California,6,placer,61,2022m10,2022,10,13233,21259,6127159,1039,528,500,71,349
California,6,placer,61,2022m11,2022,11,12463,20993,2542794,1688,318,421,76,253
California,6,placer,61,2022m12,2022,12,12753,21388,6224639,1380,573,753,152,490
California,6,placer,61,2023m1,2023,1,12765,21506,6209181,1718,608,1072,203,732
California,6,placer,61,2023m2,2023,2,12703,21399,6225009,1313,506,800,162,531
California,6,placer,61,2023m3,2023,3,12953,21959,6607288,1495,607,980,185,622
California,6,placer,61,2023m4,2023,4,12972,22056,4111605,1160,574,845,177,537
California,6,placer,61,2023m5,2023,5,13280,22613,3986467,1482,661,909,167,590
California,6,placer,61,2023m6,2023,6,13526,23049,4030854,1299,601,871,158,565
California,6,placer,61,2023m7,2023,7,13670,23285,4053093,1289,598,731,164,443
California,6,placer,61,2023m8,2023,8,13954,23803,4136451,1492,649,867,217,487
California,6,placer,61,2023m9,2023,9,14102,24029,4154293,1295,542,766,196,432
California,6,placer,61,2023m10,2023,10,14333,24518,4538955,1401,573,694,151,404
California,6,placer,61,2023m11,2023,11,14662,25146,4672249,1330,687,728,194,421
California,6,placer,61,2023m12,2023,12,14968,25679,4805889,1114,639,698,172,425
California,6,placer,61,2024m1,2024,1,15136,25926,4799232,1523,545,644,168,363
California,6,placer,61,2024m2,2024,2,15189,25936,4767599,1277,565,688,154,428
California,6,plumas,63,2016m7,2016,7,1100,2021,278841,66,29,24, , 
California,6,plumas,63,2016m8,2016,8,1138,2074,281859,151,96,54,17,35
California,6,plumas,63,2016m9,2016,9,1114,2019,270997,100,61,36, , 
California,6,plumas,63,2016m10,2016,10,1130,2027,272028,89,59,37,12,23
California,6,plumas,63,2016m11,2016,11,1135,2079,275204,100,60,26, , 
California,6,plumas,63,2016m12,2016,12,1162,2097,289004,103,74,28,11,13
California,6,plumas,63,2017m1,2017,1,1169,2142,298171,101,60,45,13,29
California,6,plumas,63,2017m2,2017,2,1141,2109,287975,103,56,37, , 
California,6,plumas,63,2017m3,2017,3,1169,2049,293715,93,62,44, , 
California,6,plumas,63,2017m4,2017,4,1160,2110,289728,83,49,26, , 
California,6,plumas,63,2017m5,2017,5,1167,2183,286979,76,49,34,15,19
California,6,plumas,63,2017m6,2017,6,1134,2068,276439,72,42,29, , 
California,6,plumas,63,2017m7,2017,7,1107,1947,271813,71,46,35, , 
California,6,plumas,63,2017m8,2017,8,1081,1956,264911,142,84,38,15,19
California,6,plumas,63,2017m9,2017,9,1096,2003,264269,105,95,20, , 
California,6,plumas,63,2017m10,2017,10,1138,2026,270939,105,74,37,13,19
California,6,plumas,63,2017m11,2017,11,1142,2043,267686,111,80,21, , 
California,6,plumas,63,2017m12,2017,12,1173,2107,279193,80,61,26,11,15
California,6,plumas,63,2018m1,2018,1,1219,2201,289460,130,87,31, , 
California,6,plumas,63,2018m2,2018,2,1190,2188,285191,65,64,27, , 
California,6,plumas,63,2018m3,2018,3,1208,2205,288359,86,56,19, , 
California,6,plumas,63,2018m4,2018,4,1192,2173,284244,58,40,27, , 
California,6,plumas,63,2018m5,2018,5,1180,2148,283103,60,35,18, , 
California,6,plumas,63,2018m6,2018,6,1183,2140,282316,64,47,21, , 
California,6,plumas,63,2018m7,2018,7,1104,1997,264154,71,34,27, , 
California,6,plumas,63,2018m8,2018,8,1094,1982,260060,127,78,37,14,20
California,6,plumas,63,2018m9,2018,9,1065,1945,255083,99,65,34,11,18
California,6,plumas,63,2018m10,2018,10,1081,1927,255369,119,73,38,17,18
California,6,plumas,63,2018m11,2018,11,1094,1907,317553,92,60,42, , 
California,6,plumas,63,2018m12,2018,12,1088,1935,258905,94,48,37,12,22
California,6,plumas,63,2019m1,2019,1,1147,2032,499475,128,84,42,13,23
California,6,plumas,63,2019m2,2019,2,212,406,51042,82,54,34, , 
California,6,plumas,63,2019m3,2019,3,1134,2011,274827,102,71,31,12,18
California,6,plumas,63,2019m4,2019,4,1139,2028,271043,78,61,26,13,12
California,6,plumas,63,2019m5,2019,5,1140,2029,275347,127,59,32,15,13
California,6,plumas,63,2019m6,2019,6,1175,2060,272242,135,58,60,27,33
California,6,plumas,63,2019m7,2019,7,1212,2100,271666,141,90,57,13,40
California,6,plumas,63,2019m8,2019,8,1215,2075,265844,184,117,48, , 
California,6,plumas,63,2019m9,2019,9,1241,2104,265847,114,90,49, , 
California,6,plumas,63,2019m10,2019,10,1263,2127,272685,127,96,51, , 
California,6,plumas,63,2019m11,2019,11,1272,2134,268130,91,62,27, , 
California,6,plumas,63,2019m12,2019,12,1300,2194,276317,96,63,30, , 
California,6,plumas,63,2020m1,2020,1,1294,2206,271513,112,53,37, , 
California,6,plumas,63,2020m2,2020,2,1283,2191,267927,76,50,30, , 
California,6,plumas,63,2020m3,2020,3,1288,2195,271594,102,68,38, , 
California,6,plumas,63,2020m4,2020,4,1368,2339,421252,114,82,41, , 
California,6,plumas,63,2020m5,2020,5,1409,2397,430475,65,39,36, , 
California,6,plumas,63,2020m6,2020,6,1417,2396,427247,84,45,41, , 
California,6,plumas,63,2020m7,2020,7,1376,2294,408845,86,45,32,12,16
California,6,plumas,63,2020m8,2020,8,1344,2282,404332,110,57,39, , 
California,6,plumas,63,2020m9,2020,9,1343,2237,480125,116,65,38, , 
California,6,plumas,63,2020m10,2020,10,1301,2167,418792,82,57,38, , 
California,6,plumas,63,2020m11,2020,11,1268,2098,404224,122,63,38, , 
California,6,plumas,63,2020m12,2020,12,1292,2172,419169,145,90,47,11,33
California,6,plumas,63,2021m1,2021,1,1323,2216,418428,96,68,50, , 
California,6,plumas,63,2021m2,2021,2,1343,2269,555934,126,83,49, , 
California,6,plumas,63,2021m3,2021,3,1358,2283,495173,106,75,44, , 
California,6,plumas,63,2021m4,2021,4,1364,2291,498815,77,51,36, , 
California,6,plumas,63,2021m5,2021,5,1351,2265,550198,66,39,29, , 
California,6,plumas,63,2021m6,2021,6,1313,2203,527894,104,48,41, , 
California,6,plumas,63,2021m7,2021,7,1285,2140,524388,84,40,42, , 
California,6,plumas,63,2021m8,2021,8,1294,2182,515414,230,92,60, , 
California,6,plumas,63,2021m9,2021,9,1326,2227,543502,189,102,92, , 
California,6,plumas,63,2021m10,2021,10,1346,2242,619469,148,82,85,15,56
California,6,plumas,63,2021m11,2021,11,1320,2191,581404,126,40,35, , 
California,6,plumas,63,2021m12,2021,12,1351,2225,588252,100,86,87, , 
California,6,plumas,63,2022m1,2022,1,1395,2298,647085,163,87,69,14,52
California,6,plumas,63,2022m2,2022,2,1412,2353,623320,129,82,57, , 
California,6,plumas,63,2022m3,2022,3,1426,2345,611782,125,74,59,15,39
California,6,plumas,63,2022m4,2022,4,1437,2356,607900,116,70,53,12,36
California,6,plumas,63,2022m5,2022,5,1441,2334,611598,112,56,48, , 
California,6,plumas,63,2022m6,2022,6,1454,2339,609895,105,60,40, , 
California,6,plumas,63,2022m7,2022,7,1413,2271,600248,137,52,47,12,29
California,6,plumas,63,2022m8,2022,8,1426,2292,602693,218,102,79,14,52
California,6,plumas,63,2022m9,2022,9,1460,2328,608908,138,104,72,15,47
California,6,plumas,63,2022m10,2022,10,1481,2363,705418,135,90,56, , 
California,6,plumas,63,2022m11,2022,11,1501,2405,702190,139,74,54,14,36
California,6,plumas,63,2022m12,2022,12,1518,2442,725372,98,65,55, , 
California,6,plumas,63,2023m1,2023,1,1540,2481,705835,132,71,52, , 
California,6,plumas,63,2023m2,2023,2,1506,2433,713274,83,44,45, , 
California,6,plumas,63,2023m3,2023,3,1498,2431,712660,122,59,59,12,47
California,6,plumas,63,2023m4,2023,4,1496,2419,420298,86,54,49, , 
California,6,plumas,63,2023m5,2023,5,1475,2377,407562,70,47,40, , 
California,6,plumas,63,2023m6,2023,6,1461,2346,402069,95,53,40,13,21
California,6,plumas,63,2023m7,2023,7,1427,2301,398776,80,45,38,11,23
California,6,plumas,63,2023m8,2023,8,1414,2289,388015,272,79,52, , 
California,6,plumas,63,2023m9,2023,9,1406,2251,394488,112,65,75, , 
California,6,plumas,63,2023m10,2023,10,1467,2324,437310,130,91,92,13,79
California,6,plumas,63,2023m11,2023,11,1484,2325,434066,101,58,59, , 
California,6,plumas,63,2023m12,2023,12,1508,2367,433592,91,53,47,11,36
California,6,plumas,63,2024m1,2024,1,1508,2367,433592,146,58,46, , 
California,6,plumas,63,2024m2,2024,2,1498,2369,435857,118,60,38, , 
California,6,riverside,65,2016m7,2016,7,128747,286427,38152204,10353,6086,4162,1738,2097
California,6,riverside,65,2016m8,2016,8,130293,289177,38639116,12411,7185,5084,2123,2544
California,6,riverside,65,2016m9,2016,9,129515,288251,38343233,10623,6363,4530,1875,2275
California,6,riverside,65,2016m10,2016,10,128773,286308,38254817,9876,6045,4026,1604,2045
California,6,riverside,65,2016m11,2016,11,127953,284468,37855072,9404,5798,3832,1461,2030
California,6,riverside,65,2016m12,2016,12,126507,281279,37242235,8876,5488,3608,1385,1937
California,6,riverside,65,2017m1,2017,1,125483,278710,36708367,11249,6312,3861,1371,2150
California,6,riverside,65,2017m2,2017,2,123373,274276,36280790,8800,5620,3836,1413,2093
California,6,riverside,65,2017m3,2017,3,123262,273018,36187831,9341,5827,3795,1434,2009
California,6,riverside,65,2017m4,2017,4,121906,269828,35571980,8762,5236,3351,1230,1813
California,6,riverside,65,2017m5,2017,5,122242,269902,35622740,10426,6144,3965,1425,2189
California,6,riverside,65,2017m6,2017,6,122275,269873,35505224,10753,5912,4220,1485,2407
California,6,riverside,65,2017m7,2017,7,121753,268703,35365897,10776,5874,4397,1500,2542
California,6,riverside,65,2017m8,2017,8,123150,271909,35881395,12191,7077,5239,1853,2943
California,6,riverside,65,2017m9,2017,9,122740,271114,35571672,10213,5559,4522,1002,3136
California,6,riverside,65,2017m10,2017,10,122806,270567,35320985,10305,5804,4725,1029,3309
California,6,riverside,65,2017m11,2017,11,122029,269026,34999940,9515,5277,4461,978,3129
California,6,riverside,65,2017m12,2017,12,120891,265986,34522264,8429,4629,3871,827,2786
California,6,riverside,65,2018m1,2018,1,120061,263086,34262450,11559,5720,4744,974,3398
California,6,riverside,65,2018m2,2018,2,117728,258144,33571303,8746,4763,4290,870,3089
California,6,riverside,65,2018m3,2018,3,117832,256978,33585050,9365,5319,4624,937,3337
California,6,riverside,65,2018m4,2018,4,116445,253355,33110120,9279,4921,4010,786,2916
California,6,riverside,65,2018m5,2018,5,116198,252464,33012259,10142,5314,4675,903,3396
California,6,riverside,65,2018m6,2018,6,116060,251657,32916458,10211,5151,4418,897,3189
California,6,riverside,65,2018m7,2018,7,115401,250275,32721124,11127,5667,4996,997,3625
California,6,riverside,65,2018m8,2018,8,115661,250923,32901607,11631,6052,5295,1089,3785
California,6,riverside,65,2018m9,2018,9,115016,249349,32592690,9697,5043,4702,983,3378
California,6,riverside,65,2018m10,2018,10,115157,248621,32958266,10645,5544,5376,969,4012
California,6,riverside,65,2018m11,2018,11,113910,245931,32527204,9054,4599,4483,836,3333
California,6,riverside,65,2018m12,2018,12,112032,241257,31873747,7720,4172,3995,743,2978
California,6,riverside,65,2019m1,2019,1,111236,238225,57036480,11223,5353,4922,864,3650
California,6,riverside,65,2019m2,2019,2,17770,41109,4983794,8526,4367,4170,790,3073
California,6,riverside,65,2019m3,2019,3,108012,230740,30502839,9591,5035,4500,834,3358
California,6,riverside,65,2019m4,2019,4,107753,229496,30012349,10694,5433,4999,883,3766
California,6,riverside,65,2019m5,2019,5,108249,229765,30049855,14833,5640,6093,1661,4067
California,6,riverside,65,2019m6,2019,6,113429,235205,30358757,16706,7608,8095,2757,4903
California,6,riverside,65,2019m7,2019,7,117656,241077,31072917,15549,9155,7756,1343,5849
California,6,riverside,65,2019m8,2019,8,120127,245209,31339855,13940,7604,6833,1178,5069
California,6,riverside,65,2019m9,2019,9,121660,247090,31371690,12450,6240,6408,1069,4825
California,6,riverside,65,2019m10,2019,10,122576,247682,31433084,13222,6635,6633,1108,5007
California,6,riverside,65,2019m11,2019,11,122232,246399,31001871,10434,5326,5352,893,4058
California,6,riverside,65,2019m12,2019,12,122208,245129,30852058,10336,5298,5426,768,4232
California,6,riverside,65,2020m1,2020,1,120637,240982,30083676,13035,5800,5428,788,4143
California,6,riverside,65,2020m2,2020,2,119359,237652,29805009,10147,5314,5361,825,4079
California,6,riverside,65,2020m3,2020,3,121285,240626,30619419,15909,6870,6785,1139,5070
California,6,riverside,65,2020m4,2020,4,134406,266334,33442223,22616,10940,11961,2722,8065
California,6,riverside,65,2020m5,2020,5,142244,282116,49786820,15997,6568,10697,2584,6854
California,6,riverside,65,2020m6,2020,6,145900,288138,51004940,13203,4281,9817,2181,6285
California,6,riverside,65,2020m7,2020,7,137553,270888,47305387,11617,3794,8180,1922,5210
California,6,riverside,65,2020m8,2020,8,133183,262616,45965092,14419,4991,7578,1442,5395
California,6,riverside,65,2020m9,2020,9,130900,259321,45536762,12043,5414,7083,1224,5187
California,6,riverside,65,2020m10,2020,10,123843,246522,46184141,12134,5553,6869,1137,5111
California,6,riverside,65,2020m11,2020,11,119370,237999,44180871,12494,5442,6382,925,4946
California,6,riverside,65,2020m12,2020,12,118041,235562,43998198,18029,7047,9323,1219,7359
California,6,riverside,65,2021m1,2021,1,119905,237919,43749707,15092,6848,8699,1166,6740
California,6,riverside,65,2021m2,2021,2,120176,237868,57515568,13259,6175,7406,953,5779
California,6,riverside,65,2021m3,2021,3,121291,239547,51005408,12792,6426,7679,935,6006
California,6,riverside,65,2021m4,2021,4,119653,236416,51246060,11045,4856,5996,721,4724
California,6,riverside,65,2021m5,2021,5,118789,235233,55558379,10335,4967,5408,686,4215
California,6,riverside,65,2021m6,2021,6,119298,236999,55686080,18849,7176,9385,1100,7291
California,6,riverside,65,2021m7,2021,7,121803,241586,56874904,17783,7486,9722,1285,7481
California,6,riverside,65,2021m8,2021,8,125252,247312,57749683,18630,7997,10173,1413,7723
California,6,riverside,65,2021m9,2021,9,127987,251107,59351024,19429,7493,10123,1476,7676
California,6,riverside,65,2021m10,2021,10,130935,254809,66030246,20586,8028,11147,1591,8576
California,6,riverside,65,2021m11,2021,11,133521,257780,66104191,16377,7987,10928,1722,8217
California,6,riverside,65,2021m12,2021,12,133104,255262,65805902,13906,6917,8842,1356,6698
California,6,riverside,65,2022m1,2022,1,132215,252261,65267027,17773,6709,7877,1157,5875
California,6,riverside,65,2022m2,2022,2,132498,252045,65721919,15349,7273,8013,1330,5944
California,6,riverside,65,2022m3,2022,3,135512,258174,66479159,18336,9201,9513,1796,6790
California,6,riverside,65,2022m4,2022,4,137852,262913,67095414,15396,8014,8301,1632,5885
California,6,riverside,65,2022m5,2022,5,141087,269280,68695849,16758,8164,8001,1688,5578
California,6,riverside,65,2022m6,2022,6,145516,278247,70407847,19332,9004,8867,1998,5989
California,6,riverside,65,2022m7,2022,7,148356,284483,72518850,19158,8568,9119,2088,6057
California,6,riverside,65,2022m8,2022,8,153042,293249,74361617,20961,10152,10715,2494,7181
California,6,riverside,65,2022m9,2022,9,155108,296838,74791504,19485,8489,9508,2268,6377
California,6,riverside,65,2022m10,2022,10,158521,302563,86150664,20366,9603,10269,2349,6924
California,6,riverside,65,2022m11,2022,11,163067,310895,88718165,16934,9396,10733,2326,7509
California,6,riverside,65,2022m12,2022,12,164463,312800,88072612,14620,7800,8534,1814,5944
California,6,riverside,65,2023m1,2023,1,164546,311748,86575364,18076,7684,7606,1761,5074
California,6,riverside,65,2023m2,2023,2,165404,312013,87601284,16440,7755,8033,1768,5409
California,6,riverside,65,2023m3,2023,3,168632,317314,90953071,17575,9474,9742,2062,6772
California,6,riverside,65,2023m4,2023,4,167080,314366,56643540,14456,7334,7531,1634,5299
California,6,riverside,65,2023m5,2023,5,169360,317855,57238134,18607,8881,8441,1940,5734
California,6,riverside,65,2023m6,2023,6,171803,322380,57950114,17095,8398,8928,2086,6046
California,6,riverside,65,2023m7,2023,7,171195,321227,57790031,17113,7894,8457,2073,5653
California,6,riverside,65,2023m8,2023,8,174048,326065,58838760,19397,9186,9676,2603,6108
California,6,riverside,65,2023m9,2023,9,174365,326144,58802346,17355,7493,9166,2300,6046
California,6,riverside,65,2023m10,2023,10,175788,328132,62994968,18139,8596,9623,2376,6339
California,6,riverside,65,2023m11,2023,11,176865,330042,63196871,15257,8103,9507,2201,6497
California,6,riverside,65,2023m12,2023,12,176565,328696,62749129,13088,6864,7404,1699,5124
California,6,riverside,65,2024m1,2024,1,177310,328668,62551525,18540,8525,7661,1843,5056
California,6,riverside,65,2024m2,2024,2,161863,299759,61845937,15537,8019,8464,1892,5798
California,6,sacramento,67,2016m7,2016,7,102234,213173,30499403,7606,3748,2577,739,1660
California,6,sacramento,67,2016m8,2016,8,102492,212948,30617289,9172,4521,2681,850,1626
California,6,sacramento,67,2016m9,2016,9,101529,212543,30381627,7779,4136,2635,826,1631
California,6,sacramento,67,2016m10,2016,10,101002,211464,30162938,7397,3757,2334,714,1467
California,6,sacramento,67,2016m11,2016,11,100229,210740,29915886,7347,3876,2055,624,1291
California,6,sacramento,67,2016m12,2016,12,99968,210293,29783454,7297,4106,2159,685,1322
California,6,sacramento,67,2017m1,2017,1,99593,208408,29424395,7744,4091,2285,732,1365
California,6,sacramento,67,2017m2,2017,2,98368,207853,29072890,6831,3735,2350,661,1523
California,6,sacramento,67,2017m3,2017,3,99506,208592,29358191,7541,3909,2541,715,1650
California,6,sacramento,67,2017m4,2017,4,98716,207187,29088951,7298,3661,2190,627,1380
California,6,sacramento,67,2017m5,2017,5,98777,206532,29090924,7898,4158,2529,747,1592
California,6,sacramento,67,2017m6,2017,6,98582,206394,28977256,8179,4140,2421,771,1484
California,6,sacramento,67,2017m7,2017,7,97997,204946,28864783,7760,3768,2373,647,1559
California,6,sacramento,67,2017m8,2017,8,98666,205778,29023414,8716,4427,2744,855,1645
California,6,sacramento,67,2017m9,2017,9,98208,205556,28838734,7532,3885,2463,701,1579
California,6,sacramento,67,2017m10,2017,10,97936,204329,28435729,7748,3727,2321,647,1485
California,6,sacramento,67,2017m11,2017,11,96860,203309,28148369,7695,3900,2223,635,1435
California,6,sacramento,67,2017m12,2017,12,96516,202910,27974033,7154,4037,2466,635,1646
California,6,sacramento,67,2018m1,2018,1,96362,200821,27875188,9470,4264,2570,748,1616
California,6,sacramento,67,2018m2,2018,2,94749,199442,27474926,7240,3764,2779,597,1991
California,6,sacramento,67,2018m3,2018,3,95602,199742,27666591,7735,4075,2922,655,2077
California,6,sacramento,67,2018m4,2018,4,95020,198328,27549571,8056,3928,2555,651,1717
California,6,sacramento,67,2018m5,2018,5,94933,197630,27441509,8330,4183,2786,702,1874
California,6,sacramento,67,2018m6,2018,6,94780,197383,27265144,8090,3968,2772,757,1813
California,6,sacramento,67,2018m7,2018,7,94573,195585,29238870,8390,3956,2852,713,1947
California,6,sacramento,67,2018m8,2018,8,94658,195718,27182647,9163,3444,3237,852,2168
California,6,sacramento,67,2018m9,2018,9,93960,194200,26929168,7798,3616,2845,721,1910
California,6,sacramento,67,2018m10,2018,10,94345,194900,27165792,8713,4315,3197,839,2130
California,6,sacramento,67,2018m11,2018,11,93507,193913,26811488,7774,3772,2786,674,1900
California,6,sacramento,67,2018m12,2018,12,93495,193436,26731604,7007,3832,2538,578,1782
California,6,sacramento,67,2019m1,2019,1,93983,187356,48362188,8503,4150,2578,715,1662
California,6,sacramento,67,2019m2,2019,2,14760,25413,4003944,6576,3272,2578,639,1770
California,6,sacramento,67,2019m3,2019,3,91135,187629,25908247,7927,4065,2629,639,1770
California,6,sacramento,67,2019m4,2019,4,90668,186122,25417508,8717,4127,2544,708,1626
California,6,sacramento,67,2019m5,2019,5,90512,186156,25281994,14065,4106,2849,685,1897
California,6,sacramento,67,2019m6,2019,6,99131,195345,26103866,14085,10094,3514,646,2619
California,6,sacramento,67,2019m7,2019,7,102734,205508,26662030,12188,7761,4491,745,3405
California,6,sacramento,67,2019m8,2019,8,105854,211193,26989808,10429,6608,4651,869,3393
California,6,sacramento,67,2019m9,2019,9,107293,213801,26973411,9330,4768,3337,692,2441
California,6,sacramento,67,2019m10,2019,10,108176,215830,26977507,9528,4850,3832,702,2840
California,6,sacramento,67,2019m11,2019,11,108769,217395,26849811,7776,4394,3244,596,2399
California,6,sacramento,67,2019m12,2019,12,109525,218697,26916737,7922,4455,3242,637,2405
California,6,sacramento,67,2020m1,2020,1,109778,219383,26712932,9795,4743,2961,658,2075
California,6,sacramento,67,2020m2,2020,2,109702,219449,26623591,7284,4174,3031,586,2221
California,6,sacramento,67,2020m3,2020,3,109933,218473,26703818,9041,4047,2740,570,1969
California,6,sacramento,67,2020m4,2020,4,115999,220433,39255349,10545,4654,3242,587,2397
California,6,sacramento,67,2020m5,2020,5,119470,227892,40251516,7271,4056,4149,1245,2359
California,6,sacramento,67,2020m6,2020,6,123598,234265,42085044,7037,4343,5864,2007,3038
California,6,sacramento,67,2020m7,2020,7,123140,226834,40662021,7252,4304,5928,2070,3037
California,6,sacramento,67,2020m8,2020,8,121167,223552,39911410,8601,5530,1223,560,227
California,6,sacramento,67,2020m9,2020,9,119020,229917,39113126,7569,4651,1154,495,207
California,6,sacramento,67,2020m10,2020,10,115408,224584,39727007,7483,4753,1104,521,298
California,6,sacramento,67,2020m11,2020,11,111399,217345,38257260,7296,4330,899,483,218
California,6,sacramento,67,2020m12,2020,12,109847,213765,37995754,12011,5767,1207,566,338
California,6,sacramento,67,2021m1,2021,1,110905,213999,38147277,10811,6179,1015,410,163
California,6,sacramento,67,2021m2,2021,2,113599,217792,49824599,8766,5407,881,359,148
California,6,sacramento,67,2021m3,2021,3,114067,218061,44905718,8909,6277,1124,453,297
California,6,sacramento,67,2021m4,2021,4,114503,218433,45220784,7691,5386,1145,484,391
California,6,sacramento,67,2021m5,2021,5,116167,220199,49315076,7268,4240,2610,605,1803
California,6,sacramento,67,2021m6,2021,6,117083,221459,48884409,11663,5817,3276,923,2003
California,6,sacramento,67,2021m7,2021,7,116524,221178,49461721,11710,6093,4860,990,3453
California,6,sacramento,67,2021m8,2021,8,118457,223957,50091507,12609,6675,4986,1282,3175
California,6,sacramento,67,2021m9,2021,9,119888,226070,51071814,11668,6039,5002,933,3640
California,6,sacramento,67,2021m10,2021,10,121599,228848,56418932,13517,6194,4719,796,3488
California,6,sacramento,67,2021m11,2021,11,122930,230573,56150678,12203,5677,5084,776,3849
California,6,sacramento,67,2021m12,2021,12,124356,231652,56599045,9558,6060,4860,891,3542
California,6,sacramento,67,2022m1,2022,1,123886,230845,56271485,9359,5931,4128,830,2859
California,6,sacramento,67,2022m2,2022,2,123910,231074,56883755,9901,5664,4206,877,2959
California,6,sacramento,67,2022m3,2022,3,125249,233415,56481066,12408,6760,4613,1022,3096
California,6,sacramento,67,2022m4,2022,4,125195,233497,56562985,12083,5718,5083,1568,3094
California,6,sacramento,67,2022m5,2022,5,126059,234698,57268677,11164,5970,4898,1344,3114
California,6,sacramento,67,2022m6,2022,6,129063,239863,57830566,12027,7394,4962,1437,2999
California,6,sacramento,67,2022m7,2022,7,130368,242455,58865038,11844,6502,4299,1135,2771
California,6,sacramento,67,2022m8,2022,8,132218,246394,59822722,13031,6650,5037,1235,3344
California,6,sacramento,67,2022m9,2022,9,133670,248278,59741846,11433,6294,5183,1054,3743
California,6,sacramento,67,2022m10,2022,10,134615,249905,67467295,12647,6677,5092,1167,3494
California,6,sacramento,67,2022m11,2022,11,135809,251138,68570080,11139,6185,5015,1066,3543
California,6,sacramento,67,2022m12,2022,12,137126,253264,68870616,10774,6338,4981,1139,3401
California,6,sacramento,67,2023m1,2023,1,138315,255288,68324376,12185,6381,4904,1143,3295
California,6,sacramento,67,2023m2,2023,2,139021,255556,68285358,10039,6032,4581,959,3204
California,6,sacramento,67,2023m3,2023,3,140305,257915,70290999,11279,6751,4971,1108,3433
California,6,sacramento,67,2023m4,2023,4,134141,247302,43666278,9640,6132,4616,1093,3160
California,6,sacramento,67,2023m5,2023,5,135229,250029,44252854,10607,6146,4480,1101,2980
California,6,sacramento,67,2023m6,2023,6,136136,251620,44574300,10528,5948,4345,1019,2945
California,6,sacramento,67,2023m7,2023,7,136008,250631,44559171,10235,5545,3869,923,2553
California,6,sacramento,67,2023m8,2023,8,136054,250431,45043469,12146,5933,4321,972,2851
California,6,sacramento,67,2023m9,2023,9,136564,250730,45331327,10036,5988,4506,974,3086
California,6,sacramento,67,2023m10,2023,10,135774,248997,47681122,10055,4933,3695,668,2706
California,6,sacramento,67,2023m11,2023,11,133021,244117,46155009,9227,3449,3883,746,2867
California,6,sacramento,67,2023m12,2023,12,132809,242124,47052320,10138,4945,3854,905,2600
California,6,sacramento,67,2024m1,2024,1,133133,243397,46993595,12110,5655,5363,1360,3599
California,6,sacramento,67,2024m2,2024,2,132684,243559,46545702,10621,5503,6135,1382,4290
California,6,sanbenito,69,2016m7,2016,7,2512,5525,706052,166,92,63, , 
California,6,sanbenito,69,2016m8,2016,8,2482,5465,699684,192,99,76,18,48
California,6,sanbenito,69,2016m9,2016,9,2447,5364,684993,180,119,71,19,40
California,6,sanbenito,69,2016m10,2016,10,2395,5281,681351,176,97,68,17,45
California,6,sanbenito,69,2016m11,2016,11,2363,5247,673628,184,108,50,14,28
California,6,sanbenito,69,2016m12,2016,12,2380,5288,679910,166,132,53,13,36
California,6,sanbenito,69,2017m1,2017,1,2329,5224,677027,192,93,53,12,30
California,6,sanbenito,69,2017m2,2017,2,2346,5299,700449,137,121,78,20,46
California,6,sanbenito,69,2017m3,2017,3,2355,5279,682330,162,95,59, , 
California,6,sanbenito,69,2017m4,2017,4,2326,5184,673141,157,96,58,18,26
California,6,sanbenito,69,2017m5,2017,5,2288,5112,663263,146,88,70,17,48
California,6,sanbenito,69,2017m6,2017,6,2243,5020,644119,147,78,48, , 
California,6,sanbenito,69,2017m7,2017,7,2179,4852,622042,142,64,64,11,44
California,6,sanbenito,69,2017m8,2017,8,2144,4762,607038,185,96,61, , 
California,6,sanbenito,69,2017m9,2017,9,2117,4695,596202,169,93,70,19,41
California,6,sanbenito,69,2017m10,2017,10,2126,4706,590414,178,126,70,19,43
California,6,sanbenito,69,2017m11,2017,11,2120,4650,587840,190,104,61,11,37
California,6,sanbenito,69,2017m12,2017,12,2116,4649,602599,174,115,67,17,42
California,6,sanbenito,69,2018m1,2018,1,2125,4656,599543,175,123,62,11,41
California,6,sanbenito,69,2018m2,2018,2,2124,4652,598038,154,114,57,13,27
California,6,sanbenito,69,2018m3,2018,3,2152,4713,605119,147,97,47,15,24
California,6,sanbenito,69,2018m4,2018,4,2125,4649,591846,136,96,37, , 
California,6,sanbenito,69,2018m5,2018,5,2115,4595,592440,159,107,54,14,24
California,6,sanbenito,69,2018m6,2018,6,2095,4540,582941,145,85,56,16,30
California,6,sanbenito,69,2018m7,2018,7,2092,4494,581562,182,113,56,13,34
California,6,sanbenito,69,2018m8,2018,8,2095,4468,579327,165,106,55,13,29
California,6,sanbenito,69,2018m9,2018,9,2096,4466,575692,141,98,52,12,22
California,6,sanbenito,69,2018m10,2018,10,2089,4404,573601,188,122,51, , 
California,6,sanbenito,69,2018m11,2018,11,2086,4382,563045,192,107,66,11,39
California,6,sanbenito,69,2018m12,2018,12,2120,4461,588882,171,118,167, , 
California,6,sanbenito,69,2019m1,2019,1,2089,4385,1052997,189,109,69, , 
California,6,sanbenito,69,2019m2,2019,2,331,792,84555,154,99,53,11,27
California,6,sanbenito,69,2019m3,2019,3,2080,4364,565646,159,109,61,16,35
California,6,sanbenito,69,2019m4,2019,4,2052,4346,554504,139,87,63, , 
California,6,sanbenito,69,2019m5,2019,5,2049,4342,556051,198,111,45,16,22
California,6,sanbenito,69,2019m6,2019,6,2110,4378,552959,236,137,79,42,28
California,6,sanbenito,69,2019m7,2019,7,2160,4436,552697,200,153,88,24,45
California,6,sanbenito,69,2019m8,2019,8,2183,4470,557578,185,132,60,15,29
California,6,sanbenito,69,2019m9,2019,9,2154,4382,554581,177,97,64,16,39
California,6,sanbenito,69,2019m10,2019,10,2170,4355,541933,169,117,77,27,41
California,6,sanbenito,69,2019m11,2019,11,2180,4340,534063,179,132,44,12,27
California,6,sanbenito,69,2019m12,2019,12,2206,4395,550363,161,130,40,11,25
California,6,sanbenito,69,2020m1,2020,1,2211,4430,548068,234,127,37, , 
California,6,sanbenito,69,2020m2,2020,2,2229,4424,551518,154,120,67,15,42
California,6,sanbenito,69,2020m3,2020,3,2266,4485,566964,247,123,76,21,38
California,6,sanbenito,69,2020m4,2020,4,2572,5123,637922,406,308,128,54,52
California,6,sanbenito,69,2020m5,2020,5,2722,5439,683868,228,135,122,65,38
California,6,sanbenito,69,2020m6,2020,6,2821,5635,715281,210,96,97,33,40
California,6,sanbenito,69,2020m7,2020,7,2731,5418,670139,166,72,99,36,47
California,6,sanbenito,69,2020m8,2020,8,2706,5358,639042,184,99,96,34,37
California,6,sanbenito,69,2020m9,2020,9,2658,5268,621657,168,84,65,28,26
California,6,sanbenito,69,2020m10,2020,10,2538,5044,629989,198,115,78,32,29
California,6,sanbenito,69,2020m11,2020,11,2496,4990,620252,193,126,70,24,33
California,6,sanbenito,69,2020m12,2020,12,2555,5083,620818,313,209,90,36,37
California,6,sanbenito,69,2021m1,2021,1,2635,5247,639786,239,145,80,30,33
California,6,sanbenito,69,2021m2,2021,2,2670,5306,915313,183,123,79,28,42
California,6,sanbenito,69,2021m3,2021,3,2704,5407,794498,183,130,70,21,39
California,6,sanbenito,69,2021m4,2021,4,2710,5404,781323,169,112,64,19,34
California,6,sanbenito,69,2021m5,2021,5,2693,5343,764581,142,86,46,18,22
California,6,sanbenito,69,2021m6,2021,6,2669,5272,755593,269,136,82,32,33
California,6,sanbenito,69,2021m7,2021,7,2682,5257,1229247,247,138,134,48,62
California,6,sanbenito,69,2021m8,2021,8,2694,5251,736086,264,141,110,35,62
California,6,sanbenito,69,2021m9,2021,9,2709,5282,741231,266,129,94,32,47
California,6,sanbenito,69,2021m10,2021,10,2778,5430,850443,284,164,110,39,55
California,6,sanbenito,69,2021m11,2021,11,2824,5507,872230,260,149,97,25,61
California,6,sanbenito,69,2021m12,2021,12,2843,5524,889868,228,152,88,22,52
California,6,sanbenito,69,2022m1,2022,1,2875,5603,898426,284,160,131,38,80
California,6,sanbenito,69,2022m2,2022,2,2866,5600,899299,267,127,85,18,60
California,6,sanbenito,69,2022m3,2022,3,2921,5739,916300, , , , , 
California,6,sanbenito,69,2022m4,2022,4,2933,5759,907087,213,142,91,34,48
California,6,sanbenito,69,2022m5,2022,5,2969,5813,900447,245,152,93,30,46
California,6,sanbenito,69,2022m6,2022,6,2970,5821,897082,298,131,105,34,56
California,6,sanbenito,69,2022m7,2022,7,3023,5931,906688,293,170,116,35,71
California,6,sanbenito,69,2022m8,2022,8,3069,5988,911357,328,167,154,46,96
California,6,sanbenito,69,2022m9,2022,9,3066,5957,904207,255,134,142,39,92
California,6,sanbenito,69,2022m10,2022,10,3091,6038,1086530,295,157,122,37,73
California,6,sanbenito,69,2022m11,2022,11,3119,6156,1103422,283,139,109,39,56
California,6,sanbenito,69,2022m12,2022,12,3130,6162,1149710,296,189,152,43,96
California,6,sanbenito,69,2023m1,2023,1,3280,6442,1138396,361,199,127,32,83
California,6,sanbenito,69,2023m2,2023,2,3347,6552,1160493,266,168,130,41,78
California,6,sanbenito,69,2023m3,2023,3,3434,6704,1182027,328,182,138,37,89
California,6,sanbenito,69,2023m4,2023,4,3418,6669,1178576,248,135,100,25,66
California,6,sanbenito,69,2023m5,2023,5,3425,6658,1178374,285,132,137,31,95
California,6,sanbenito,69,2023m6,2023,6,3426,6671,1173621,275,139,110,43,61
California,6,sanbenito,69,2023m7,2023,7,3453,6727,1184481,246,144,138,38,92
California,6,sanbenito,69,2023m8,2023,8,3449,6692,1180159,321,144,105,43,51
California,6,sanbenito,69,2023m9,2023,9,3412,6584,1158836,261,116,133,32,79
California,6,sanbenito,69,2023m10,2023,10,3408,6576,1234945,301,133,140,28,112
California,6,sanbenito,69,2023m11,2023,11,3408,6591,1247208,296,122,108,28,69
California,6,sanbenito,69,2023m12,2023,12,3436,6627,1292735,251,124,124,39,76
California,6,sanbenito,69,2024m1,2024,1,3502,6793,1315544,377,157,162,38,114
California,6,sanbenito,69,2024m2,2024,2,3592,7021,1344531,270,186,162,47,105
California,6,sanbernardino,71,2016m7,2016,7,179421,391714,53511331,12146,8429,3496,1517,1724
California,6,sanbernardino,71,2016m8,2016,8,180460,393474,53822720,14400,9655,4234,1810,2075
California,6,sanbernardino,71,2016m9,2016,9,178723,390765,53386504,11922,8301,4141,1789,2069
California,6,sanbernardino,71,2016m10,2016,10,177172,387537,52842924,11469,7958,3704,1560,1833
California,6,sanbernardino,71,2016m11,2016,11,174900,382666,52088992,11080,7758,3319,1344,1698
California,6,sanbernardino,71,2016m12,2016,12,172876,378023,51317639,10219,7593,3089,1291,1526
California,6,sanbernardino,71,2017m1,2017,1,171214,374387,50378328,13957,9146,3366,1341,1670
California,6,sanbernardino,71,2017m2,2017,2,168344,369588,49746282,10864,7944,3306,1292,1747
California,6,sanbernardino,71,2017m3,2017,3,168437,367853,49763451,11665,8413,3561,1333,1927
California,6,sanbernardino,71,2017m4,2017,4,166689,363995,49065072,11014,7800,2947,1185,1509
California,6,sanbernardino,71,2017m5,2017,5,166644,363035,49032494,12413,8654,3511,1353,1860
California,6,sanbernardino,71,2017m6,2017,6,166694,363138,49021240,12569,8609,3497,1402,1806
California,6,sanbernardino,71,2017m7,2017,7,165609,361132,48771158,12250,8230,3666,1343,2032
California,6,sanbernardino,71,2017m8,2017,8,166053,361938,48932530,13766,9461,4063,1599,2060
California,6,sanbernardino,71,2017m9,2017,9,165648,361295,48574229,11706,7967,3859,1372,2137
California,6,sanbernardino,71,2017m10,2017,10,165353,359372,47862365,12202,8383,3933,1413,2170
California,6,sanbernardino,71,2017m11,2017,11,163660,355714,47231786,11368,7840,3565,1251,1995
California,6,sanbernardino,71,2017m12,2017,12,162482,352795,46931869,10060,7206,3229,1073,1898
California,6,sanbernardino,71,2018m1,2018,1,161011,348552,46483390,13783,8500,3582,1182,2015
California,6,sanbernardino,71,2018m2,2018,2,158956,344997,46038717,10230,7554,3724,1209,2192
California,6,sanbernardino,71,2018m3,2018,3,158837,343226,45916036,10851,7653,3575,1145,2091
California,6,sanbernardino,71,2018m4,2018,4,157177,339363,45385104,11295,7554,3231,1045,1880
California,6,sanbernardino,71,2018m5,2018,5,156828,338411,45306434,11811,8298,3501,1209,1978
California,6,sanbernardino,71,2018m6,2018,6,156484,337399,45123607,11777,7743,3353,1121,1903
California,6,sanbernardino,71,2018m7,2018,7,155585,335516,44955687,12498,7989,3986,1287,2356
California,6,sanbernardino,71,2018m8,2018,8,155954,336316,45031513,13211,8877,4347,1458,2454
California,6,sanbernardino,71,2018m9,2018,9,154979,334211,44604123,10594,7041,3993,1324,2314
California,6,sanbernardino,71,2018m10,2018,10,154379,331726,44797769,12041,7853,4174,1315,2446
California,6,sanbernardino,71,2018m11,2018,11,152484,328235,44239267,10268,6953,3597,1099,2127
California,6,sanbernardino,71,2018m12,2018,12,150681,323701,43522130,9112,6274,3050,969,1757
California,6,sanbernardino,71,2019m1,2019,1,150205,321527,78903928,12790,8066,3656,1207,1995
California,6,sanbernardino,71,2019m2,2019,2,24450,56910,6674568,9006,5989,3698,1122,2199
California,6,sanbernardino,71,2019m3,2019,3,145766,313010,42001099,10394,6937,3250,1050,1822
California,6,sanbernardino,71,2019m4,2019,4,145092,311168,41320407,11971,8030,3452,1143,1918
California,6,sanbernardino,71,2019m5,2019,5,144798,310010,41062443,15915,7689,4890,2246,2212
California,6,sanbernardino,71,2019m6,2019,6,152151,317856,41527864,19801,11719,6763,3636,2687
California,6,sanbernardino,71,2019m7,2019,7,156431,324722,42123418,16583,11790,6400,1599,4277
California,6,sanbernardino,71,2019m8,2019,8,159016,329053,42246193,14684,9964,5444,1607,3334
California,6,sanbernardino,71,2019m9,2019,9,159837,330091,41977299,11853,7428,4881,1305,3161
California,6,sanbernardino,71,2019m10,2019,10,160309,330490,41786588,12555,7682,4878,1504,2846
California,6,sanbernardino,71,2019m11,2019,11,160124,329938,41294570,10293,6733,4012,1233,2385
California,6,sanbernardino,71,2019m12,2019,12,159425,327437,40784104,9637,6065,3967,1068,2566
California,6,sanbernardino,71,2020m1,2020,1,158541,324719,40296331,13665,7486,4115,1185,2398
California,6,sanbernardino,71,2020m2,2020,2,157663,322881,40197042,10446,6682,4505,1242,2797
California,6,sanbernardino,71,2020m3,2020,3,156910,320415,40099947,14501,7017,4933,1389,2977
California,6,sanbernardino,71,2020m4,2020,4,168327,342576,58756406,19520,10813,6868,2546,3665
California,6,sanbernardino,71,2020m5,2020,5,175820,357205,62288484,14930,7501,8049,2592,4484
California,6,sanbernardino,71,2020m6,2020,6,179336,363347,63577235,12140,5107,8417,2678,4721
California,6,sanbernardino,71,2020m7,2020,7,170169,345004,59389993,11716,4942,7759,2467,4422
California,6,sanbernardino,71,2020m8,2020,8,165633,337335,58465305,13711,5954,6187,1894,3633
California,6,sanbernardino,71,2020m9,2020,9,162182,331506,57549808,11884,6513,6251,1653,3957
California,6,sanbernardino,71,2020m10,2020,10,153307,315453,58132258,12515,6442,5613,1374,3694
California,6,sanbernardino,71,2020m11,2020,11,147899,303509,55786536,13017,6275,5475,1239,3737
California,6,sanbernardino,71,2020m12,2020,12,143813,297337,55059003,17407,7603,6363,1405,4345
California,6,sanbernardino,71,2021m1,2021,1,144573,297640,54434050,15769,8389,8685,1540,6360
California,6,sanbernardino,71,2021m2,2021,2,144717,297741,70930279,14305,7789,7079,1323,5065
California,6,sanbernardino,71,2021m3,2021,3,145759,299057,63211018,13518,7996,7683,1381,5568
California,6,sanbernardino,71,2021m4,2021,4,143393,294647,63078464,11584,6251,5615,998,4140
California,6,sanbernardino,71,2021m5,2021,5,141143,291059,68208810,11184,6228,4929,1012,3467
California,6,sanbernardino,71,2021m6,2021,6,140585,290731,67758850,19811,8209,6155,1444,3939
California,6,sanbernardino,71,2021m7,2021,7,142923,294729,69078206,18204,9000,9686,1800,7039
California,6,sanbernardino,71,2021m8,2021,8,145844,299284,69496558,18799,9453,8961,1980,6182
California,6,sanbernardino,71,2021m9,2021,9,147469,301307,70745567,19180,8304,8217,1783,5653
California,6,sanbernardino,71,2021m10,2021,10,151020,306095,78500974,20115,9918,9724,1934,6935
California,6,sanbernardino,71,2021m11,2021,11,153519,308923,78274215,15960,9123,10005,1888,7331
California,6,sanbernardino,71,2021m12,2021,12,153483,307412,78217951,13426,8401,8199,1733,5753
California,6,sanbernardino,71,2022m1,2022,1,152908,305393,77669755,17666,7893,7155,1476,5005
California,6,sanbernardino,71,2022m2,2022,2,152504,303937,77675259,15463,7857,7999,1600,5765
California,6,sanbernardino,71,2022m3,2022,3,155410,309757,78172857,18438,10179,8612,2106,5650
California,6,sanbernardino,71,2022m4,2022,4,157626,314212,78820133,16108,8863,7671,1834,5206
California,6,sanbernardino,71,2022m5,2022,5,160592,320039,80442630,16751,8400,7399,1648,5106
California,6,sanbernardino,71,2022m6,2022,6,164157,327381,81855617,18560,8850,8175,1992,5484
California,6,sanbernardino,71,2022m7,2022,7,167269,334003,84081963,18333,8700,8857,2256,5863
California,6,sanbernardino,71,2022m8,2022,8,171554,341376,85667955,20367,9977,10417,2506,6946
California,6,sanbernardino,71,2022m9,2022,9,173561,344596,85956687,17726,8366,9624,2389,6328
California,6,sanbernardino,71,2022m10,2022,10,175843,348778,97713979,18735,8544,9292,2356,6022
California,6,sanbernardino,71,2022m11,2022,11,178308,352788,99277840,16406,8266,9308,2249,6186
California,6,sanbernardino,71,2022m12,2022,12,179716,355060,99401051,13753,7346,7970,1952,5242
California,6,sanbernardino,71,2023m1,2023,1,179647,353643,97479831,18238,7538,8127,1866,5316
California,6,sanbernardino,71,2023m2,2023,2,180310,354346,98186548,15057,7564,7777,1657,5332
California,6,sanbernardino,71,2023m3,2023,3,183762,359937,101830029,17172,9325,9298,2012,6356
California,6,sanbernardino,71,2023m4,2023,4,183314,359224,64273184,14300,7397,7358,1563,5121
California,6,sanbernardino,71,2023m5,2023,5,185995,363740,65217526,17047,7897,8169,1717,5619
California,6,sanbernardino,71,2023m6,2023,6,188599,368362,66024058,15913,7945,8404,1883,5652
California,6,sanbernardino,71,2023m7,2023,7,189758,370458,66679729,15581,7087,7883,1786,5307
California,6,sanbernardino,71,2023m8,2023,8,191984,374065,67369879,18095,8401,8963,2252,5679
California,6,sanbernardino,71,2023m9,2023,9,192212,373846,67068494,15015,6901,8632,1976,5837
California,6,sanbernardino,71,2023m10,2023,10,193940,375838,71628805,16228,7475,8591,1950,5740
California,6,sanbernardino,71,2023m11,2023,11,193991,375370,71222189,14057,7001,8014,1738,5520
California,6,sanbernardino,71,2023m12,2023,12,194396,375757,71657414,11947,6286,6517,1459,4441
California,6,sanbernardino,71,2024m1,2024,1,194395,374546,70885442,17213,6658,6833,1476,4628
California,6,sanbernardino,71,2024m2,2024,2,194628,374528,70913528,14425,6972,7534,1694,5046
California,6,sandiego,73,2016m7,2016,7,142524,286685,38646861,10308,5811,4183, , 
California,6,sandiego,73,2016m8,2016,8,142529,285700,38524730,12825,6811,4777,4360,11
California,6,sandiego,73,2016m9,2016,9,141621,285226,38302647,11537,6570,5021, , 
California,6,sandiego,73,2016m10,2016,10,141023,284723,38177800,11113,6264,4784,4446,11
California,6,sandiego,73,2016m11,2016,11,139632,282845,37740434,10250,5890,4572, , 
California,6,sandiego,73,2016m12,2016,12,138842,281401,37590351,10358,6083,4377, , 
California,6,sandiego,73,2017m1,2017,1,136947,277364,36563215,12220,5421,4270, , 
California,6,sandiego,73,2017m2,2017,2,135077,274517,36204018,10114,5765,4840, , 
California,6,sandiego,73,2017m3,2017,3,135446,273084,36319180,10802,6511,5013, , 
California,6,sandiego,73,2017m4,2017,4,133422,269370,35588308,9753,5362,4200, , 
California,6,sandiego,73,2017m5,2017,5,133562,268428,35568978,10863,6004,4385, , 
California,6,sandiego,73,2017m6,2017,6,133304,267684,35423402,11554,6066,4288, , 
California,6,sandiego,73,2017m7,2017,7,132680,266491,35368034,11807,5846,4721, , 
California,6,sandiego,73,2017m8,2017,8,133572,267512,35503311,14024,6947,5555, , 
California,6,sandiego,73,2017m9,2017,9,133646,268127,35414259,12508,6286,5839, , 
California,6,sandiego,73,2017m10,2017,10,134449,268458,35084490,13206,6666,6140, , 
California,6,sandiego,73,2017m11,2017,11,133643,267634,34691719,11870,6098,6030, , 
California,6,sandiego,73,2017m12,2017,12,133714,268565,34657901,10584,5984,5348, , 
California,6,sandiego,73,2018m1,2018,1,132859,262987,34150068,13721,5845,5183, , 
California,6,sandiego,73,2018m2,2018,2,131584,260795,34264951,11626,6193,5761, , 
California,6,sandiego,73,2018m3,2018,3,132723,261612,34122396,11576,6709,5578, , 
California,6,sandiego,73,2018m4,2018,4,131828,259098,33643964,11829,6052,5252, , 
California,6,sandiego,73,2018m5,2018,5,132602,259599,33865467,11590,6414,5169, , 
California,6,sandiego,73,2018m6,2018,6,132714,259784,33770418,10824,5790,4704, , 
California,6,sandiego,73,2018m7,2018,7,132281,257770,33538497,11684,5889,5223,1241,3554
California,6,sandiego,73,2018m8,2018,8,132709,258231,33606627,12881,6685,5841,1413,3921
California,6,sandiego,73,2018m9,2018,9,132156,258120,33444224,11835,5661,5536,1310,3792
California,6,sandiego,73,2018m10,2018,10,133052,257701,33788058,13381,6810,6397,1494,4424
California,6,sandiego,73,2018m11,2018,11,132258,256856,33429229,11279,5959,5998,1324,4265
California,6,sandiego,73,2018m12,2018,12,132266,256328,33340447,9945,5387,5404,1146,3796
California,6,sandiego,73,2019m1,2019,1,132715,248598,59772835,12905,5613,4874,1124,3278
California,6,sandiego,73,2019m2,2019,2,22732,35397,5640525,10538,5675,5585,1125,3949
California,6,sandiego,73,2019m3,2019,3,130626,249791,32576886,10698,5996,5381,1253,3688
California,6,sandiego,73,2019m4,2019,4,129439,246929,31698560,11579,5653,5229,1263,3496
California,6,sandiego,73,2019m5,2019,5,129472,246741,31742496,17485,5746,5268,1036,3778
California,6,sandiego,73,2019m6,2019,6,135710,253326,32065243,16954,10962,5328,1064,3778
California,6,sandiego,73,2019m7,2019,7,140324,262665,32347647,15596,11039,7762,1419,5787
California,6,sandiego,73,2019m8,2019,8,141846,264661,32291464,14499,8234,6576,1318,4707
California,6,sandiego,73,2019m9,2019,9,142681,265399,31950381,13150,6963,6355,1179,4727
California,6,sandiego,73,2019m10,2019,10,144182,267182,32357623,14562,7769,6323,1396,4482
California,6,sandiego,73,2019m11,2019,11,144112,266687,32086201,11259,6546,5527,1150,4028
California,6,sandiego,73,2019m12,2019,12,145926,268700,32205491,11568,6273,5927,1109,4299
California,6,sandiego,73,2020m1,2020,1,145435,266755,31790534,13646,5957,5456,1054,3897
California,6,sandiego,73,2020m2,2020,2,145979,266499,32073160,11491,6116,5767,1159,4126
California,6,sandiego,73,2020m3,2020,3,147924,268633,32581560,16135,6695,6076,1233,4290
California,6,sandiego,73,2020m4,2020,4,175767,311379,38679059,27868,22833,7542,3257,3668
California,6,sandiego,73,2020m5,2020,5,189714,331073,41615431,19701,12290,8674,4237,3859
California,6,sandiego,73,2020m6,2020,6,198896,348149,43142061,15153,7662,8614,3910,4195
California,6,sandiego,73,2020m7,2020,7,199745,343297,41817464,13239,6589,7002,2695,3959
California,6,sandiego,73,2020m8,2020,8,199506,343582,40637298,14327,7888,5519,2263,2950
California,6,sandiego,73,2020m9,2020,9,199681,357489,39409491,14578,8889,1586,1247,40
California,6,sandiego,73,2020m10,2020,10,195294,350744,39855562,14494,8786,1639,1345,45
California,6,sandiego,73,2020m11,2020,11,188349,338000,37747893,14149,7805,1362,1138,40
California,6,sandiego,73,2020m12,2020,12,188904,337549,37795713,20437,11276,2009,1556,183
California,6,sandiego,73,2021m1,2021,1,191965,340596,38052951,17539,11528,1805,1471,36
California,6,sandiego,73,2021m2,2021,2,197217,348109,55530817,15550,9870,1580,1304,41
California,6,sandiego,73,2021m3,2021,3,197209,347828,47227185,15167,10121,1687,1356,51
California,6,sandiego,73,2021m4,2021,4,196711,346945,46051868,14131,8732,1529,1258,45
California,6,sandiego,73,2021m5,2021,5,198630,349046,46502320,12783,8321,4272,1651,2419
California,6,sandiego,73,2021m6,2021,6,200655,351936,46386585,20288,10895,5138,2480,2410
California,6,sandiego,73,2021m7,2021,7,201305,353792,47242739,18639,11150,7043,2711,4066
California,6,sandiego,73,2021m8,2021,8,204440,358749,47622849,20265,11341,6902,2906,3753
California,6,sandiego,73,2021m9,2021,9,208450,364373,48491322,22795,12507,7632,2980,4391
California,6,sandiego,73,2021m10,2021,10,213639,372224,56522117,21806,13655,7908,3159,4434
California,6,sandiego,73,2021m11,2021,11,215510,374269,57058788,18526,10737,8057,2690,5100
California,6,sandiego,73,2021m12,2021,12,217078,375923,57993006,16708,10424,7391,2688,4484
California,6,sandiego,73,2022m1,2022,1,216504,374503,56942143,19765,10197,6261,2544,3487
California,6,sandiego,73,2022m2,2022,2,216853,374405,57384893,17658,10302,7182,2684,4233
California,6,sandiego,73,2022m3,2022,3,218224,376885,57662908,18866,10903,7326,2874,4203
California,6,sandiego,73,2022m4,2022,4,217429,375823,56849709,18076,9904,7322,2812,4334
California,6,sandiego,73,2022m5,2022,5,217328,375250,57103255,17841,10093,6927,2710,4028
California,6,sandiego,73,2022m6,2022,6,219256,378487,57027285,19817,10676,7559,3008,4335
California,6,sandiego,73,2022m7,2022,7,220067,380363,57383054,18618,10123,7844,3025,4590
California,6,sandiego,73,2022m8,2022,8,221955,383567,57620651,21637,11231,9217,3562,5420
California,6,sandiego,73,2022m9,2022,9,223347,385179,57435017,21643,10901,9405,3203,5991
California,6,sandiego,73,2022m10,2022,10,225189,388130,68873950,21528,11757,9818,3553,6068
California,6,sandiego,73,2022m11,2022,11,226004,388619,68618089,18946,10398,9501,3145,6146
California,6,sandiego,73,2022m12,2022,12,227382,390429,69255724,19942,10862,9181,3246,5748
California,6,sandiego,73,2023m1,2023,1,228880,392105,67330816,22129,10197,8396,2959,5237
California,6,sandiego,73,2023m2,2023,2,229764,392449,65961766,18549,10027,8809,3072,5546
California,6,sandiego,73,2023m3,2023,3,230924,393737,67007372,18844,11039,9160,3210,5737
California,6,sandiego,73,2023m4,2023,4,219036,374292,66191068,17641,9722,8060,2818,5055
California,6,sandiego,73,2023m5,2023,5,220353,376321,66826457,19698,10257,8741,3026,5541
California,6,sandiego,73,2023m6,2023,6,221145,377519,67048758,18003,9941,8322,2970,5159
California,6,sandiego,73,2023m7,2023,7,203885,345721,65298206, , , , , 
California,6,sandiego,73,2023m8,2023,8,218999,372218,66351636, , , , , 
California,6,sandiego,73,2023m9,2023,9,219691,373933,66582385, , , , , 
California,6,sandiego,73,2023m10,2023,10,223123,379276,71615119, , , , , 
California,6,sandiego,73,2023m11,2023,11,224062,380451,71547332, , , , , 
California,6,sandiego,73,2023m12,2023,12,226697,384441,72265655, , , , , 
California,6,sandiego,73,2024m1,2024,1,227694,385225,71673206, , , , , 
California,6,sandiego,73,2024m2,2024,2,229561,388434,71840776, , , , , 
California,6,sanfrancisco,75,2016m7,2016,7,35193,53215,7779525,2616,1543,660,200,367
California,6,sanfrancisco,75,2016m8,2016,8,35326,53214,7767801,3107,1738,850,292,427
California,6,sanfrancisco,75,2016m9,2016,9,34896,52857,7712142,2725,1523,817,272,458
California,6,sanfrancisco,75,2016m10,2016,10,34765,52717,7650814,2753,1504,760,266,412
California,6,sanfrancisco,75,2016m11,2016,11,34616,52708,7570554,2532,1454,707,216,407
California,6,sanfrancisco,75,2016m12,2016,12,34368,52485,7526042,2464,1335,678,190,383
California,6,sanfrancisco,75,2017m1,2017,1,34278,52106,7402505,2935,1464,827,248,493
California,6,sanfrancisco,75,2017m2,2017,2,33824,51451,7289534,2595,1495,878,203,556
California,6,sanfrancisco,75,2017m3,2017,3,34044,51149,7319711,2848,1664,903,227,569
California,6,sanfrancisco,75,2017m4,2017,4,33742,50721,7229913,2498,1442,748,204,444
California,6,sanfrancisco,75,2017m5,2017,5,34069,50907,7258873,2793,1517,840,251,484
California,6,sanfrancisco,75,2017m6,2017,6,34088,50807,7285829,2799,1471,839,243,481
California,6,sanfrancisco,75,2017m7,2017,7,34008,50759,7264121,2975,1494,870,296,454
California,6,sanfrancisco,75,2017m8,2017,8,34152,50937,7335743,3270,1665,1096,335,626
California,6,sanfrancisco,75,2017m9,2017,9,33923,50864,7268352,3106,1402,1034,287,603
California,6,sanfrancisco,75,2017m10,2017,10,34061,50846,7226430,3226,1497,1250,282,812
California,6,sanfrancisco,75,2017m11,2017,11,33716,50406,7088672,2849,1382,1180,244,798
California,6,sanfrancisco,75,2017m12,2017,12,33601,50348,7103322,2526,1309,1068,233,727
California,6,sanfrancisco,75,2018m1,2018,1,33498,49803,6995744,2331,1439,1090,234,710
California,6,sanfrancisco,75,2018m2,2018,2,32822,49160,6858713,2609,1323,1169,217,812
California,6,sanfrancisco,75,2018m3,2018,3,33145,49118,6970009,3019,1557,1290,279,832
California,6,sanfrancisco,75,2018m4,2018,4,32889,48648,6836055,2923,1446,1117,271,664
California,6,sanfrancisco,75,2018m5,2018,5,32948,48619,6828910,2772,1361,1080,245,663
California,6,sanfrancisco,75,2018m6,2018,6,32850,48414,6802786,2585,1242,894,226,519
California,6,sanfrancisco,75,2018m7,2018,7,32787,48168,6770245,2939,1345,1017,269,592
California,6,sanfrancisco,75,2018m8,2018,8,32888,48189,6799747,3202,1545,1167,282,707
California,6,sanfrancisco,75,2018m9,2018,9,32677,48009,6786533,2769,1238,1092,237,709
California,6,sanfrancisco,75,2018m10,2018,10,32651,47652,6823610,3048,1425,1274,313,781
California,6,sanfrancisco,75,2018m11,2018,11,32043,46971,6681845,2441,1141,1062,216,695
California,6,sanfrancisco,75,2018m12,2018,12,31804,46591,6640382,2275,1087,925,216,608
California,6,sanfrancisco,75,2019m1,2019,1,31885,44797,11879520,3181,1279,1116,305,683
California,6,sanfrancisco,75,2019m2,2019,2,4773,6923,995422,2547,1147,1147,243,786
California,6,sanfrancisco,75,2019m3,2019,3,30457,45363,6439536,2747,1274,1259,299,812
California,6,sanfrancisco,75,2019m4,2019,4,30181,44993,6327505,2990,1370,1279,304,803
California,6,sanfrancisco,75,2019m5,2019,5,30064,44896,6271784,10330,2392,1104,207,736
California,6,sanfrancisco,75,2019m6,2019,6,38038,54915,6772984,7087,7519,1733,218,1301
California,6,sanfrancisco,75,2019m7,2019,7,41396,59410,7008015,5620,4401,2045,272,1578
California,6,sanfrancisco,75,2019m8,2019,8,43423,61780,7164615,4981,3464,2238,270,1739
California,6,sanfrancisco,75,2019m9,2019,9,44630,63227,7146472,4246,2560,1862,283,1410
California,6,sanfrancisco,75,2019m10,2019,10,45632,64344,7345392,4055,2409,1701,285,1245
California,6,sanfrancisco,75,2019m11,2019,11,46054,64750,7304753,3124,1728,1328,207,981
California,6,sanfrancisco,75,2019m12,2019,12,46918,65668,7366084,2996,1594,1353,193,1027
California,6,sanfrancisco,75,2020m1,2020,1,47127,65824,7295166,3529,1650,1186,186,863
California,6,sanfrancisco,75,2020m2,2020,2,47362,66002,7337262,3046,1508,1267,195,912
California,6,sanfrancisco,75,2020m3,2020,3,47789,66545,7395700,5132,1729,1281,207,877
California,6,sanfrancisco,75,2020m4,2020,4,53714,75243,8690017,8488,5664,2450,721,1302
California,6,sanfrancisco,75,2020m5,2020,5,56482,79157,9306237,5842,3500,2375,944,961
California,6,sanfrancisco,75,2020m6,2020,6,59128,82794,9551611,4047,1880,2174,984,777
California,6,sanfrancisco,75,2020m7,2020,7,55982,78064,8905823,3688,1730,1472,610,573
California,6,sanfrancisco,75,2020m8,2020,8,59874,83851,8957228,3853,2443,730,325,185
California,6,sanfrancisco,75,2020m9,2020,9,59799,83903,8915639,3084,1893,489,181,111
California,6,sanfrancisco,75,2020m10,2020,10,58267,81871,9200775,3018,1836,468,196,100
California,6,sanfrancisco,75,2020m11,2020,11,57800,81234,8998075,3181,1971,428,224,96
California,6,sanfrancisco,75,2020m12,2020,12,58481,82179,9068332,4823,2597,686,370,150
California,6,sanfrancisco,75,2021m1,2021,1,59597,83673,9307208,4091,2982,641,296,140
California,6,sanfrancisco,75,2021m2,2021,2,61938,87058,13838903,3584,2448,500,271,95
California,6,sanfrancisco,75,2021m3,2021,3,62062,86969,11789912,3838,2757,743,320,219
California,6,sanfrancisco,75,2021m4,2021,4,61162,86004,11580069,3035,2054,480,230,113
California,6,sanfrancisco,75,2021m5,2021,5,61170,86015,11631325,2949,2020,976,329,518
California,6,sanfrancisco,75,2021m6,2021,6,61247,86144,11552389,4488,2496,1300,487,596
California,6,sanfrancisco,75,2021m7,2021,7,62077,87321,11779702,4080,2655,1395,434,751
California,6,sanfrancisco,75,2021m8,2021,8,62779,88145,11811568,4852,2803,1592,552,797
California,6,sanfrancisco,75,2021m9,2021,9,63736,89431,12028035,5376,3046,1757,580,899
California,6,sanfrancisco,75,2021m10,2021,10,65344,91520,14626049,4838,3368,1733,528,960
California,6,sanfrancisco,75,2021m11,2021,11,65871,92089,15084594,4082,2609,1529,395,938
California,6,sanfrancisco,75,2021m12,2021,12,66345,92643,15337496,3756,2558,1369,386,825
California,6,sanfrancisco,75,2022m1,2022,1,66730,93045,15012165,4541,2567,1297,413,734
California,6,sanfrancisco,75,2022m2,2022,2,66727,92968,14916015,3886,2302,1290,368,774
California,6,sanfrancisco,75,2022m3,2022,3,67796,94318,14936904,4536,3029,1461,480,814
California,6,sanfrancisco,75,2022m4,2022,4,68083,94575,14891554,3823,2648,1318,395,775
California,6,sanfrancisco,75,2022m5,2022,5,68837,95371,14734127,3792,2513,1325,427,751
California,6,sanfrancisco,75,2022m6,2022,6,69310,96056,14744682,4078,2503,1276,395,730
California,6,sanfrancisco,75,2022m7,2022,7,69742,96575,14824494,4298,2508,1287,384,731
California,6,sanfrancisco,75,2022m8,2022,8,70788,97889,15001507,5203,3010,1688,598,904
California,6,sanfrancisco,75,2022m9,2022,9,71239,98347,15133775,4737,2909,1638,526,939
California,6,sanfrancisco,75,2022m10,2022,10,72078,99340,18699512,4515,2676,1624,508,932
California,6,sanfrancisco,75,2022m11,2022,11,72520,99778,18707023,4044,2434,1487,416,919
California,6,sanfrancisco,75,2022m12,2022,12,73249,100580,18942529,3949,2594,1481,502,808
California,6,sanfrancisco,75,2023m1,2023,1,73802,101249,18421852,4903,2787,1634,535,878
California,6,sanfrancisco,75,2023m2,2023,2,74448,101889,17880336,4199,2661,1669,539,926
California,6,sanfrancisco,75,2023m3,2023,3,75499,103038,18082556,4358,2837,1768,508,1051
California,6,sanfrancisco,75,2023m4,2023,4,75254,102652,17948080,3223,2161,1421,440,811
California,6,sanfrancisco,75,2023m5,2023,5,75987,103487,18041772,4504,2573,1573,469,895
California,6,sanfrancisco,75,2023m6,2023,6,75842,103367,17998825,3314,1999,1238,331,760
California,6,sanfrancisco,75,2023m7,2023,7,75700,103126,18001726,4287,2207,1246,334,764
California,6,sanfrancisco,75,2023m8,2023,8,75943,103433,18193564,5765,2665,1620,515,862
California,6,sanfrancisco,75,2023m9,2023,9,76222,103731,18303917,4496,2709,1735,572,912
California,6,sanfrancisco,75,2023m10,2023,10,76748,104446,19851319,3923,2626,1966,556,1181
California,6,sanfrancisco,75,2023m11,2023,11,75069,101903,19056269,3261,1546,1254,470,717
California,6,sanfrancisco,75,2023m12,2023,12,75277,102233,19375771,4164,1973,1403,593,712
California,6,sanfrancisco,75,2024m1,2024,1,75323,102349,19258644,4959,2374,1637,683,801
California,6,sanfrancisco,75,2024m2,2024,2,69079,93918,18981472.33,5560,2665,1971,845,968
California,6,sanjoaquin,77,2016m7,2016,7,51610,115760,15538864,2857,1568,1080,435,525
California,6,sanjoaquin,77,2016m8,2016,8,51802,116010,15612638,3619,2171,1422,578,667
California,6,sanjoaquin,77,2016m9,2016,9,51225,114858,15351414,3243,1915,1336,502,674
California,6,sanjoaquin,77,2016m10,2016,10,50577,113445,15170722,2936,1856,1227,497,584
California,6,sanjoaquin,77,2016m11,2016,11,50193,112537,15040475,2965,1894,1016,435,442
California,6,sanjoaquin,77,2016m12,2016,12,49970,112183,14943372,3036,2082,983,408,443
California,6,sanjoaquin,77,2017m1,2017,1,49688,111431,14711298,3633,2171,1118,500,475
California,6,sanjoaquin,77,2017m2,2017,2,49341,110677,14648364,2952,2063,1083,434,492
California,6,sanjoaquin,77,2017m3,2017,3,49259,109785,14527239,3125,2045,1129,418,532
California,6,sanjoaquin,77,2017m4,2017,4,48854,108793,14363412,2736,1775,869,400,346
California,6,sanjoaquin,77,2017m5,2017,5,48782,108347,14292029,3072,2011,1056,432,452
California,6,sanjoaquin,77,2017m6,2017,6,48610,107840,14183832,3225,2005,1121,510,451
California,6,sanjoaquin,77,2017m7,2017,7,48123,106642,14020687,3138,1890,1076,497,432
California,6,sanjoaquin,77,2017m8,2017,8,48114,106429,14004994,3641,2232,1321,573,581
California,6,sanjoaquin,77,2017m9,2017,9,47781,105787,13848738,3073,1858,1181,465,590
California,6,sanjoaquin,77,2017m10,2017,10,47501,104759,13547185,3213,1931,1256,447,666
California,6,sanjoaquin,77,2017m11,2017,11,47203,104133,13444353,3120,1925,1168,426,613
California,6,sanjoaquin,77,2017m12,2017,12,46912,103344,13334385,2968,1943,1149,407,593
California,6,sanjoaquin,77,2018m1,2018,1,46664,102602,13267873,3543,2061,1193,450,571
California,6,sanjoaquin,77,2018m2,2018,2,46250,101739,13114399,2865,1833,1189,388,636
California,6,sanjoaquin,77,2018m3,2018,3,46348,101545,13111197,3039,1949,1117,392,585
California,6,sanjoaquin,77,2018m4,2018,4,45905,100490,12974463,2867,1845,1049,389,504
California,6,sanjoaquin,77,2018m5,2018,5,45824,100058,12921017,3110,1928,1104,395,545
California,6,sanjoaquin,77,2018m6,2018,6,45569,99379,12844136,3080,1860,1095,412,522
California,6,sanjoaquin,77,2018m7,2018,7,45270,98646,12767755,3172,1930,1161,397,617
California,6,sanjoaquin,77,2018m8,2018,8,45357,98671,12760807,3476,2122,1292,503,593
California,6,sanjoaquin,77,2018m9,2018,9,44909,97748,12600363,2897,1723,1164,385,619
California,6,sanjoaquin,77,2018m10,2018,10,44760,97028,12669021,3270,1985,1290,427,672
California,6,sanjoaquin,77,2018m11,2018,11,44206,95905,12474824,2834,1684,1130,352,628
California,6,sanjoaquin,77,2018m12,2018,12,43925,95098,12396839,2753,1790,1056,341,591
California,6,sanjoaquin,77,2019m1,2019,1,43673,94099,22751414,3151,1889,1129,414,555
California,6,sanjoaquin,77,2019m2,2019,2,6022,13697,1570367,2545,1483,1034,345,542
California,6,sanjoaquin,77,2019m3,2019,3,42555,91471,11929253,2895,1728,1128,388,586
California,6,sanjoaquin,77,2019m4,2019,4,42261,90705,11699401,3113,1801,1182,381,600
California,6,sanjoaquin,77,2019m5,2019,5,42247,90386,11634528,3897,1882,1396,576,657
California,6,sanjoaquin,77,2019m6,2019,6,43893,91978,11684944,5656,2416,2366,1351,871
California,6,sanjoaquin,77,2019m7,2019,7,45380,94081,11821504,4881,3231,1953,470,1266
California,6,sanjoaquin,77,2019m8,2019,8,46256,95514,11836088,4351,2614,1843,452,1168
California,6,sanjoaquin,77,2019m9,2019,9,46445,95819,11734654,3594,2068,1813,431,1163
California,6,sanjoaquin,77,2019m10,2019,10,46557,95729,11616593,3855,2115,1727,423,1064
California,6,sanjoaquin,77,2019m11,2019,11,46426,95344,11399369,3423,1896,1496,339,951
California,6,sanjoaquin,77,2019m12,2019,12,46604,95549,11392717,3364,1949,1510,354,957
California,6,sanjoaquin,77,2020m1,2020,1,46634,95254,11317941,3869,2010,1526,371,939
California,6,sanjoaquin,77,2020m2,2020,2,46722,95116,11301493,3240,1956,1544,371,967
California,6,sanjoaquin,77,2020m3,2020,3,46934,95262,11356600,3903,1890,1418,357,883
California,6,sanjoaquin,77,2020m4,2020,4,50097,101595,17644425,5856,3300,2076,775,969
California,6,sanjoaquin,77,2020m5,2020,5,51981,105222,18487959,4588,2093,2591,825,1211
California,6,sanjoaquin,77,2020m6,2020,6,51499,103096,18440493,4002,1487,2656,766,1288
California,6,sanjoaquin,77,2020m7,2020,7,49680,99175,17089515,3948,1363,2589,800,1337
California,6,sanjoaquin,77,2020m8,2020,8,49805,99870,17444171,3842,1679,2133,680,1165
California,6,sanjoaquin,77,2020m9,2020,9,49307,99221,17329417,3540,1760,1917,504,1155
California,6,sanjoaquin,77,2020m10,2020,10,47975,96739,17952009,3318,1853,1747,480,1000
California,6,sanjoaquin,77,2020m11,2020,11,47066,94825,17398214,3143,1752,1314,355,779
California,6,sanjoaquin,77,2020m12,2020,12,46980,94695,17519177,4557,2294,1623,466,923
California,6,sanjoaquin,77,2021m1,2021,1,47575,95361,17479419,4420,2241,2104,426,1385
California,6,sanjoaquin,77,2021m2,2021,2,48055,96170,23041092,3884,2317,1875,401,1197
California,6,sanjoaquin,77,2021m3,2021,3,48611,97036,20408765,3832,2290,1805,401,1129
California,6,sanjoaquin,77,2021m4,2021,4,48554,97015,20565562,3382,1908,1568,369,982
California,6,sanjoaquin,77,2021m5,2021,5,48428,96833,22460944,3032,1859,1327,337,832
California,6,sanjoaquin,77,2021m6,2021,6,48439,97014,22440714,5210,2467,1599,441,839
California,6,sanjoaquin,77,2021m7,2021,7,49568,98960,22963496,5085,2643,2468,524,1630
California,6,sanjoaquin,77,2021m8,2021,8,50391,100014,23140451,5452,2723,2580,648,1507
California,6,sanjoaquin,77,2021m9,2021,9,51079,101070,23595568,4419,2326,2243,477,1470
California,6,sanjoaquin,77,2021m10,2021,10,52147,102682,26281984,5400,2603,2354,522,1443
California,6,sanjoaquin,77,2021m11,2021,11,52877,103633,26205900,5336,2682,2890,623,1811
California,6,sanjoaquin,77,2021m12,2021,12,52715,102863,26053725,4446,2453,2521,516,1640
California,6,sanjoaquin,77,2022m1,2022,1,52731,102744,26078096,4866,2320,2094,453,1317
California,6,sanjoaquin,77,2022m2,2022,2,52925,103154,26284093,4253,2332,2142,508,1289
California,6,sanjoaquin,77,2022m3,2022,3,53605,104312,26141932,5200,2808,2263,621,1316
California,6,sanjoaquin,77,2022m4,2022,4,54316,105744,26539861,4622,2623,2021,593,1118
California,6,sanjoaquin,77,2022m5,2022,5,54994,106998,26820838,4332,2504,1998,590,1124
California,6,sanjoaquin,77,2022m6,2022,6,55978,108924,27190395,5127,2662,2173,645,1203
California,6,sanjoaquin,77,2022m7,2022,7,56733,110419,27680314,4934,2511,2274,735,1194
California,6,sanjoaquin,77,2022m8,2022,8,57852,112446,28091321,5843,2900,2777,864,1496
California,6,sanjoaquin,77,2022m9,2022,9,58401,113381,28189972,5085,2546,2578,794,1389
California,6,sanjoaquin,77,2022m10,2022,10,59032,114238,32008382,5132,2498,2467,747,1320
California,6,sanjoaquin,77,2022m11,2022,11,59645,115235,32286493,4738,2481,2482,683,1395
California,6,sanjoaquin,77,2022m12,2022,12,60070,115911,32383432,4955,2400,2451,742,1340
California,6,sanjoaquin,77,2023m1,2023,1,60032,115758,31793065,4973,2231,2403,635,1363
California,6,sanjoaquin,77,2023m2,2023,2,60159,115783,32728619,5065,2357,2320,693,1253
California,6,sanjoaquin,77,2023m3,2023,3,61071,117585,33220133,5394,2721,2592,721,1389
California,6,sanjoaquin,77,2023m4,2023,4,60811,117147,20190659,4288,2275,2067,585,1079
California,6,sanjoaquin,77,2023m5,2023,5,61532,118253,20459416,4923,2544,2456,706,1299
California,6,sanjoaquin,77,2023m6,2023,6,62191,119520,20666310,4925,2498,2453,759,1252
California,6,sanjoaquin,77,2023m7,2023,7,62137,119207,20601480,4174,1986,2181,703,1100
California,6,sanjoaquin,77,2023m8,2023,8,62488,119565,20736355,5255,2319,2700,810,1394
California,6,sanjoaquin,77,2023m9,2023,9,62508,119197,20691071,4747,2110,2504,750,1289
California,6,sanjoaquin,77,2023m10,2023,10,62848,119536,22040058,4981,2340,2710,836,1413
California,6,sanjoaquin,77,2023m11,2023,11,62945,119514,21929554,4384,2199,2457,704,1316
California,6,sanjoaquin,77,2023m12,2023,12,63378,120157,22077416,4301,2237,2216,661,1151
California,6,sanjoaquin,77,2024m1,2024,1,63795,120591,22043375,5210,2427,2344,699,1149
California,6,sanjoaquin,77,2024m2,2024,2,64156,121334,21959616,4694,2359,2454,693,1276
California,6,sanluisobispo,79,2016m7,2016,7,9956,18096,2443148,662,341,332,50,181
California,6,sanluisobispo,79,2016m8,2016,8,9892,17921,2415352,769,352,368,65,178
California,6,sanluisobispo,79,2016m9,2016,9,9837,17827,2396094,693,397,336,52,175
California,6,sanluisobispo,79,2016m10,2016,10,9734,17679,2363323,659,370,260,47,127
California,6,sanluisobispo,79,2016m11,2016,11,9673,17540,2337690,678,368,316,61,151
California,6,sanluisobispo,79,2016m12,2016,12,9689,17479,2348819,712,446,297,50,128
California,6,sanluisobispo,79,2017m1,2017,1,9690,17371,2330703,795,388,297,48,153
California,6,sanluisobispo,79,2017m2,2017,2,9611,17296,2318409,635,383,270,41,130
California,6,sanluisobispo,79,2017m3,2017,3,9687,17344,2343725,690,417,320,50,151
California,6,sanluisobispo,79,2017m4,2017,4,9631,17301,2315542,615,362,249,43,124
California,6,sanluisobispo,79,2017m5,2017,5,9663,17206,2303438,794,430,293,62,118
California,6,sanluisobispo,79,2017m6,2017,6,9600,17027,2284506,694,407,313,50,143
California,6,sanluisobispo,79,2017m7,2017,7,9478,16831,2240912,633,358,238,12,132
California,6,sanluisobispo,79,2017m8,2017,8,9449,16636,2228391,885,431,325,63,123
California,6,sanluisobispo,79,2017m9,2017,9,9389,16591,2212997,769,375,369,69,169
California,6,sanluisobispo,79,2017m10,2017,10,9413,16564,2190346,837,390,353,69,153
California,6,sanluisobispo,79,2017m11,2017,11,9374,16579,2161272,775,409,379,71,183
California,6,sanluisobispo,79,2017m12,2017,12,9378,16451,2162925,722,417,339,45,184
California,6,sanluisobispo,79,2018m1,2018,1,9469,16415,2167405,864,451,333,64,134
California,6,sanluisobispo,79,2018m2,2018,2,9358,16330,2133538,692,391,301,66,148
California,6,sanluisobispo,79,2018m3,2018,3,9476,16328,2152102,748,435,315,53,158
California,6,sanluisobispo,79,2018m4,2018,4,0,0, ,706,337,358,59,169
California,6,sanluisobispo,79,2018m5,2018,5,9304,16011,2111497,765,379,368,54,195
California,6,sanluisobispo,79,2018m6,2018,6,9240,15908,2089737,733,370,341,55,160
California,6,sanluisobispo,79,2018m7,2018,7,9127,15607,2053305,702,350,349,54,176
California,6,sanluisobispo,79,2018m8,2018,8,9024,15453,2032139,861,406,359,63,170
California,6,sanluisobispo,79,2018m9,2018,9,8887,15221,1988240,787,362,343,60,177
California,6,sanluisobispo,79,2018m10,2018,10,8991,15278,2023691,939,492,433,71,229
California,6,sanluisobispo,79,2018m11,2018,11,8886,15174,1981160,715,394,373,63,210
California,6,sanluisobispo,79,2018m12,2018,12,8964,15238,1993500,707,396,329,57,183
California,6,sanluisobispo,79,2019m1,2019,1,9061,14786,3652216,784,407,288,71,142
California,6,sanluisobispo,79,2019m2,2019,2,1439,1959,313291,776,383,319,60,153
California,6,sanluisobispo,79,2019m3,2019,3,8929,15053,1989309,774,411,401,74,211
California,6,sanluisobispo,79,2019m4,2019,4,8906,14980,1966014,780,412,382,63,196
California,6,sanluisobispo,79,2019m5,2019,5,8827,14916,1950074,923,383,363,55,213
California,6,sanluisobispo,79,2019m6,2019,6,9206,15056,1964234,1163,748,449,83,208
California,6,sanluisobispo,79,2019m7,2019,7,9310,15494,1940284,1022,605,479,74,239
California,6,sanluisobispo,79,2019m8,2019,8,9451,15711,1935518,889,492,402,89,170
California,6,sanluisobispo,79,2019m9,2019,9,9511,15739,1930812,994,441,381,56,190
California,6,sanluisobispo,79,2019m10,2019,10,9643,15976,1958007,932,496,479,60,283
California,6,sanluisobispo,79,2019m11,2019,11,9680,16009,1939781,734,436,379,55,221
California,6,sanluisobispo,79,2019m12,2019,12,9792,16192,1951883,758,469,335,43,195
California,6,sanluisobispo,79,2020m1,2020,1,9769,16070,1918559,890,436,306,44,166
California,6,sanluisobispo,79,2020m2,2020,2,9797,16003,1946436,662,381,364,54,212
California,6,sanluisobispo,79,2020m3,2020,3,9962,16146,1988691,1086,454,339,62,171
California,6,sanluisobispo,79,2020m4,2020,4,11571,18369,2350123,1752,1263,561,160,204
California,6,sanluisobispo,79,2020m5,2020,5,12062,19086,2459106,1045,522,594,195,230
California,6,sanluisobispo,79,2020m6,2020,6,11993,18667,2352041,777,371,509,170,206
California,6,sanluisobispo,79,2020m7,2020,7,11205,17130,2130075.11,768,309,396,102,175
California,6,sanluisobispo,79,2020m8,2020,8,10674,16528,2016551,1021,413,419,109,169
California,6,sanluisobispo,79,2020m9,2020,9,10539,17353,1939083,952,507,200,40,14
California,6,sanluisobispo,79,2020m10,2020,10,10342,17071,1968866,849,434,181,42,15
California,6,sanluisobispo,79,2020m11,2020,11,10140,16697,1899284,834,410,140,42,15
California,6,sanluisobispo,79,2020m12,2020,12,10257,16899,1910213,1274,604,191,33,20
California,6,sanluisobispo,79,2021m1,2021,1,10481,17176,1908275,1041,716,152,33,11
California,6,sanluisobispo,79,2021m2,2021,2,10832,17649,2781231,847,620,126, , 
California,6,sanluisobispo,79,2021m3,2021,3,10818,17562,2389914,888,596,152,34,25
California,6,sanluisobispo,79,2021m4,2021,4,10851,17571,2336817,736,519,120, , 
California,6,sanluisobispo,79,2021m5,2021,5,11032,17784,2327664,718,473,262,58,133
California,6,sanluisobispo,79,2021m6,2021,6,11200,17963,2315576,1095,649,363,72,152
California,6,sanluisobispo,79,2021m7,2021,7,11309,18065,2383515,1099,709,444,65,272
California,6,sanluisobispo,79,2021m8,2021,8,11492,18309,2354684,1179,678,475,80,257
California,6,sanluisobispo,79,2021m9,2021,9,11792,18729,2464884,1450,824,545,96,285
California,6,sanluisobispo,79,2021m10,2021,10,12245,19586,2904719,1373,880,625,117,370
California,6,sanluisobispo,79,2021m11,2021,11,12513,19650,2994792,1194,730,649,121,399
California,6,sanluisobispo,79,2021m12,2021,12,12716,19978,3094471,1020,706,542,91,315
California,6,sanluisobispo,79,2022m1,2022,1,12857,20144,3089679,1256,681,421,83,218
California,6,sanluisobispo,79,2022m2,2022,2,13004,20313,3044986,1123,695,556,103,340
California,6,sanluisobispo,79,2022m3,2022,3,13355,20918,3188286,1292,815,618,164,326
California,6,sanluisobispo,79,2022m4,2022,4,13490,21015,3194726,1035,669,486,106,269
California,6,sanluisobispo,79,2022m5,2022,5,13601,21176,3190874,1042,614,461,102,259
California,6,sanluisobispo,79,2022m6,2022,6,13791,21398,3196497,1233,736,539,126,278
California,6,sanluisobispo,79,2022m7,2022,7,13919,21556,3195119.86,1082,658,492,118,262
California,6,sanluisobispo,79,2022m8,2022,8,14059,21795,3214632,1478,796,593,148,307
California,6,sanluisobispo,79,2022m9,2022,9,14249,22009,3107809,1741,825,697,149,410
California,6,sanluisobispo,79,2022m10,2022,10,14565,22348,3900476,1661,978,859,195,499
California,6,sanluisobispo,79,2022m11,2022,11,14799,22559,3964208,1430,859,771,162,466
California,6,sanluisobispo,79,2022m12,2022,12,14978,22896,4038694,1293,797,668,135,402
California,6,sanluisobispo,79,2023m1,2023,1,15313,23346,3981286,1589,873,540,104,314
California,6,sanluisobispo,79,2023m2,2023,2,15616,23710,4014310,1570,868,694,122,430
California,6,sanluisobispo,79,2023m3,2023,3,16108,24304,4198287,1660,1080,786,148,453
California,6,sanluisobispo,79,2023m4,2023,4,15475,23316,4224833,1258,889,558,96,350
California,6,sanluisobispo,79,2023m5,2023,5,15874,23779,4302342,1427,870,617,114,356
California,6,sanluisobispo,79,2023m6,2023,6,16020,23924,4303216,1168,697,663,108,399
California,6,sanluisobispo,79,2023m7,2023,7,15846,23689,4237397,1018,602,484,99,283
California,6,sanluisobispo,79,2023m8,2023,8,15725,23536,4183455,1470,817,556,111,267
California,6,sanluisobispo,79,2023m9,2023,9,15615,23424,4190778.93,2115,873,600,100,367
California,6,sanluisobispo,79,2023m10,2023,10,16395,24225,4737745,2717,1625,992,166,657
California,6,sanluisobispo,79,2023m11,2023,11,16780,24573,4792263,1957,1073,970,176,680
California,6,sanluisobispo,79,2023m12,2023,12,17414,25378,5021973,1545,1080,944,194,660
California,6,sanluisobispo,79,2024m1,2024,1,17917,25952,5076905,2383,1163,805,199,496
California,6,sanluisobispo,79,2024m2,2024,2,18347,26407,5166203.86,1736,1100,864,153,625
California,6,sanmateo,81,2016m7,2016,7,15096,29256,3821788,1292,582,426,357,0
California,6,sanmateo,81,2016m8,2016,8,14988,29060,3811721,1351,657,591,496,0
California,6,sanmateo,81,2016m9,2016,9,14840,28778,3808392,1316,682,523,442,0
California,6,sanmateo,81,2016m10,2016,10,14695,28610,3777857,1133,542,495,425,0
California,6,sanmateo,81,2016m11,2016,11,14534,28260,3695135,1001,534,505,419,0
California,6,sanmateo,81,2016m12,2016,12,14449,28057,3660414,976,528,407,336,0
California,6,sanmateo,81,2017m1,2017,1,14262,27623,3590585,1178,544,455,372,0
California,6,sanmateo,81,2017m2,2017,2,14079,27211,3511578,1194,548,497,396,0
California,6,sanmateo,81,2017m3,2017,3,14027,27063,3503017,1160,579,538,431,0
California,6,sanmateo,81,2017m4,2017,4,13730,26516,3424382,923,487,399,333,0
California,6,sanmateo,81,2017m5,2017,5,13714,26382,3399708,1077,525,532,460,0
California,6,sanmateo,81,2017m6,2017,6,13636,26186,3358778,1034,540,430,332,0
California,6,sanmateo,81,2017m7,2017,7,13512,25954,3347839,1103,491,459,387,0
California,6,sanmateo,81,2017m8,2017,8,13401,25662,3319769,1330,551,625,214,324
California,6,sanmateo,81,2017m9,2017,9,13291,25375,3270411,1165,519,646,182,388
California,6,sanmateo,81,2017m10,2017,10,13306,25396,3253430,1229,535,614,179,357
California,6,sanmateo,81,2017m11,2017,11,13159,25032,3181014,1024,465,527,167,304
California,6,sanmateo,81,2017m12,2017,12,13040,24925,3137095,1004,471,563,175,306
California,6,sanmateo,81,2018m1,2018,1,13072,24923,3153292,1247,539,546,168,289
California,6,sanmateo,81,2018m2,2018,2,12771,24271,3047389,1071,466,535,156,303
California,6,sanmateo,81,2018m3,2018,3,12879,24322,3081433,1041,510,507,155,274
California,6,sanmateo,81,2018m4,2018,4,12661,23928,3030038,946,404,463,138,256
California,6,sanmateo,81,2018m5,2018,5,12535,23614,3006485,1066,479,548,184,280
California,6,sanmateo,81,2018m6,2018,6,12405,23338,2968134,990,440,487,141,263
California,6,sanmateo,81,2018m7,2018,7,12259,23056,2934422,1070,446,533,149,284
California,6,sanmateo,81,2018m8,2018,8,12173,22898,2928297,1210,537,623,171,355
California,6,sanmateo,81,2018m9,2018,9,11958,22465,2855803,1037,424,537,160,290
California,6,sanmateo,81,2018m10,2018,10,11887,22223,2870514,1128,467,612,199,328
California,6,sanmateo,81,2018m11,2018,11,11726,21867,2817838,915,445,554,131,337
California,6,sanmateo,81,2018m12,2018,12,11391,21305,2741850,913,398,517,157,296
California,6,sanmateo,81,2019m1,2019,1,11434,21160,4839710,1146,464,530,139,298
California,6,sanmateo,81,2019m2,2019,2,1883,3557,447128,933,426,515,145,305
California,6,sanmateo,81,2019m3,2019,3,10872,20106,2567103,1075,428,517,131,314
California,6,sanmateo,81,2019m4,2019,4,10861,20006,2546668,1165,520,643,156,398
California,6,sanmateo,81,2019m5,2019,5,10845,19896,2532657,1630,495,637,143,399
California,6,sanmateo,81,2019m6,2019,6,11721,20932,2612390,1795,1148,710,151,448
California,6,sanmateo,81,2019m7,2019,7,11881,21052,2604369,1507,810,821,168,532
California,6,sanmateo,81,2019m8,2019,8,12102,21315,2623645,1485,718,711,175,428
California,6,sanmateo,81,2019m9,2019,9,12145,21277,2608958,1210,579,618,145,387
California,6,sanmateo,81,2019m10,2019,10,12146,21139,2659469,1316,631,597,131,384
California,6,sanmateo,81,2019m11,2019,11,12161,21094,2594964,1039,525,546,115,356
California,6,sanmateo,81,2019m12,2019,12,12225,21059,2595535,1095,509,553,124,355
California,6,sanmateo,81,2020m1,2020,1,12173,20834,2552371,1339,553,539,120,337
California,6,sanmateo,81,2020m2,2020,2,12151,20603,2526710,1132,542,596,131,385
California,6,sanmateo,81,2020m3,2020,3,12283,20809,2576971,1614,521,591,114,412
California,6,sanmateo,81,2020m4,2020,4,14285,24593,4318430,3654,1395,1290,337,783
California,6,sanmateo,81,2020m5,2020,5,15947,27783,4994940,2779,1378,1903,634,1036
California,6,sanmateo,81,2020m6,2020,6,16680,29049,5300927,2051,685,1574,544,858
California,6,sanmateo,81,2020m7,2020,7,16755,29209,5094220,1650,516,1274,396,731
California,6,sanmateo,81,2020m8,2020,8,16754,29298,5054541,1847,671,1004,286,594
California,6,sanmateo,81,2020m9,2020,9,16700,29251,5085920,1441,647,355,142,131
California,6,sanmateo,81,2020m10,2020,10,16205,28446,5107703,1427,707,363,136,145
California,6,sanmateo,81,2020m11,2020,11,15733,27563,4975989,1367,720,269,118,103
California,6,sanmateo,81,2020m12,2020,12,15719,27421,4984709,2360,1044,449,192,164
California,6,sanmateo,81,2021m1,2021,1,16166,28097,5093360,2019,1129,465,186,157
California,6,sanmateo,81,2021m2,2021,2,16848,29154,6771056,1601,942,346,161,94
California,6,sanmateo,81,2021m3,2021,3,16770,28938,6077749,1732,912,452,188,165
California,6,sanmateo,81,2021m4,2021,4,16813,28927,6117765,1399,777,335,146,120
California,6,sanmateo,81,2021m5,2021,5,17025,29175,6696055,1369,705,661,170,441
California,6,sanmateo,81,2021m6,2021,6,17133,29356,6664260,2320,989,938,272,573
California,6,sanmateo,81,2021m7,2021,7,17122,29318,6711082,2176,1060,1210,262,860
California,6,sanmateo,81,2021m8,2021,8,17380,29710,6757396,2323,1089,1141,276,772
California,6,sanmateo,81,2021m9,2021,9,17794,30292,6925501,2502,1233,1259,297,882
California,6,sanmateo,81,2021m10,2021,10,18144,30771,7656700,2470,1240,1141,262,804
California,6,sanmateo,81,2021m11,2021,11,18271,30746,7634207,1739,947,1145,265,798
California,6,sanmateo,81,2021m12,2021,12,18396,30780,7639277,2032,1019,1160,272,800
California,6,sanmateo,81,2022m1,2022,1,18125,30292,7462160,2031,829,858,218,574
California,6,sanmateo,81,2022m2,2022,2,18190,30398,7565676,2023,983,1126,250,780
California,6,sanmateo,81,2022m3,2022,3,18525,30832,7644385,2510,1242,1216,305,805
California,6,sanmateo,81,2022m4,2022,4,18655,31002,7649167,1877,1060,1093,271,745
California,6,sanmateo,81,2022m5,2022,5,18616,30847,7709940,1924,898,948,258,629
California,6,sanmateo,81,2022m6,2022,6,18775,31084,7730363,1989,906,1041,280,693
California,6,sanmateo,81,2022m7,2022,7,19033,31384,7824987,2033,993,1164,320,776
California,6,sanmateo,81,2022m8,2022,8,19306,31777,7930877,2295,1058,1228,319,814
California,6,sanmateo,81,2022m9,2022,9,19400,31805,7865011,2017,901,1191,310,796
California,6,sanmateo,81,2022m10,2022,10,19557,32019,8927054,2446,1022,1244,362,786
California,6,sanmateo,81,2022m11,2022,11,19715,32187,9044580,1728,947,1238,329,828
California,6,sanmateo,81,2022m12,2022,12,20048,32593,9142642,2507,1064,1241,351,761
California,6,sanmateo,81,2023m1,2023,1,20335,32936,9004019,2459,974,1191,358,729
California,6,sanmateo,81,2023m2,2023,2,20302,32721,9318385,2086,866,1290,346,841
California,6,sanmateo,81,2023m3,2023,3,20418,32808,9195940,2278,1050,1359,357,882
California,6,sanmateo,81,2023m4,2023,4,19446,30945,5491644,2002,980,1081,320,682
California,6,sanmateo,81,2023m5,2023,5,19697,31380,5576264,2276,993,1247,318,838
California,6,sanmateo,81,2023m6,2023,6,19808,31488,5551819,2271,974,1153,308,760
California,6,sanmateo,81,2023m7,2023,7,19559,31830,5447972,2039,655,985,331,568
California,6,sanmateo,81,2023m8,2023,8,19794,31442,5579713, , , , , 
California,6,sanmateo,81,2023m9,2023,9,19597,32254,5519836.97,2157,744,1262,447,714
California,6,sanmateo,81,2023m10,2023,10,19857,31177,5949554,2555,1001,1784,706,935
California,6,sanmateo,81,2023m11,2023,11,20011,31436,6000427,2200,971,1831,512,1195
California,6,sanmateo,81,2023m12,2023,12,20301,31881,6012184,2147,902,1616,392,1116
California,6,sanmateo,81,2024m1,2024,1,20436,32103,6031582.02,2811,891,1610,447,1041
California,6,sanmateo,81,2024m2,2024,2,20625,32370,6005718,2379,971,1673,469,1090
California,6,santabarbara,83,2016m7,2016,7,18325,37874,5058806,1433,779,449,142,244
California,6,santabarbara,83,2016m8,2016,8,18158,37441,4977487,1589,916,487,185,223
California,6,santabarbara,83,2016m9,2016,9,17986,37239,4894228,1423,874,509,176,264
California,6,santabarbara,83,2016m10,2016,10,17925,37019,4839832,1777,946,479,170,242
California,6,santabarbara,83,2016m11,2016,11,18073,37268,4900602,1949,1088,472,154,256
California,6,santabarbara,83,2016m12,2016,12,18591,38443,5162085,1858,1378,538,199,270
California,6,santabarbara,83,2017m1,2017,1,19056,39357,5383015,1996,1247,521,173,283
California,6,santabarbara,83,2017m2,2017,2,19181,39916,5443607,1223,1002,482,142,264
California,6,santabarbara,83,2017m3,2017,3,19502,40275,5550780,1387,983,531,178,282
California,6,santabarbara,83,2017m4,2017,4,19162,39691,5412339,1248,728,358,122,174
California,6,santabarbara,83,2017m5,2017,5,18905,38800,5282806,1365,808,430,153,208
California,6,santabarbara,83,2017m6,2017,6,18503,37821,5113259,1310,785,389,144,189
California,6,santabarbara,83,2017m7,2017,7,18150,36933,4953411,1486,758,453,164,228
California,6,santabarbara,83,2017m8,2017,8,18120,36519,4880182,1902,1011,552,204,277
California,6,santabarbara,83,2017m9,2017,9,18061,36432,4834703,1758,943,578,172,319
California,6,santabarbara,83,2017m10,2017,10,18410,36620,4777265,2453,1269,652,204,344
California,6,santabarbara,83,2017m11,2017,11,18746,36938,4833313,2304,1326,742,177,476
California,6,santabarbara,83,2017m12,2017,12,19232,37984,5064556,1775,1299,682,154,461
California,6,santabarbara,83,2018m1,2018,1,19890,39123,5320625,2477,1386,596,157,360
California,6,santabarbara,83,2018m2,2018,2,20269,39690,5635375,1743,1240,663,172,411
California,6,santabarbara,83,2018m3,2018,3,20595,40497,5515732,1691,1176,692,180,426
California,6,santabarbara,83,2018m4,2018,4,20426,40135,5394661,1732,922,555,150,336
California,6,santabarbara,83,2018m5,2018,5,20284,39504,5341896,1742,954,615,170,370
California,6,santabarbara,83,2018m6,2018,6,20034,38640,5209369,1531,896,633,177,378
California,6,santabarbara,83,2018m7,2018,7,19509,37327,4988673,1885,920,608,179,354
California,6,santabarbara,83,2018m8,2018,8,19317,36837,4916368,2105,1090,788,201,463
California,6,santabarbara,83,2018m9,2018,9,19273,36808,4885733,2472,1045,795,214,474
California,6,santabarbara,83,2018m10,2018,10,19470,36732,4912413,3218,1491,1051,262,667
California,6,santabarbara,83,2018m11,2018,11,19742,36747,4947783,2227,1419,1128,193,865
California,6,santabarbara,83,2018m12,2018,12,20326,37785,5143425,2005,1414,860,183,585
California,6,santabarbara,83,2019m1,2019,1,21021,37441,9680521,2509,1515,745,169,486
California,6,santabarbara,83,2019m2,2019,2,3420,5869,1078348,1828,1073,767,166,517
California,6,santabarbara,83,2019m3,2019,3,21053,39233,5458551,1707,1124,752,185,480
California,6,santabarbara,83,2019m4,2019,4,20777,38779,5289182,1911,1041,643,164,402
California,6,santabarbara,83,2019m5,2019,5,20639,38347,5246048,2022,983,699,150,478
California,6,santabarbara,83,2019m6,2019,6,21262,38386,5167560,2495,1664,689,152,432
California,6,santabarbara,83,2019m7,2019,7,21075,38466,5002358,2099,1300,827,176,541
California,6,santabarbara,83,2019m8,2019,8,20864,38030,4882298,2174,1152,780,171,493
California,6,santabarbara,83,2019m9,2019,9,20673,37725,4761720,2477,1117,838,167,565
California,6,santabarbara,83,2019m10,2019,10,20775,37786,4752888,3147,1658,987,192,692
California,6,santabarbara,83,2019m11,2019,11,21150,38238,4794086,2133,1518,974,183,718
California,6,santabarbara,83,2019m12,2019,12,21728,39358,4961803,2314,1394,876,121,674
California,6,santabarbara,83,2020m1,2020,1,22381,40745,5240179,2667,1584,853,182,584
California,6,santabarbara,83,2020m2,2020,2,22812,41392,5342594,1801,1280,897,168,660
California,6,santabarbara,83,2020m3,2020,3,23253,41904,5414719,2511,1143,833,144,576
California,6,santabarbara,83,2020m4,2020,4,25416,44217,7972953,3025,1823,949,194,609
California,6,santabarbara,83,2020m5,2020,5,26540,46093,8437856,1923,1133,1178,427,566
California,6,santabarbara,83,2020m6,2020,6,27170,47169,8546305,1805,872,1026,324,489
California,6,santabarbara,83,2020m7,2020,7,26811,45377,8168798,1632,821,966,313,484
California,6,santabarbara,83,2020m8,2020,8,26150,44636,8018460,1949,880,714,182,403
California,6,santabarbara,83,2020m9,2020,9,25492,45150,7792450,1956,1110,217,97,14
California,6,santabarbara,83,2020m10,2020,10,24434,43712,7870197,1817,1175,238,109,12
California,6,santabarbara,83,2020m11,2020,11,23611,42238,7581602,1930,1027,155, , 
California,6,santabarbara,83,2020m12,2020,12,23565,42374,7755853,2794,1576,236,92,37
California,6,santabarbara,83,2021m1,2021,1,23994,43025,7932162,2398,1500,210, , 
California,6,santabarbara,83,2021m2,2021,2,24936,44543,10558390,2051,1480,204,85,11
California,6,santabarbara,83,2021m3,2021,3,25125,44935,9469687,1887,1340,256,102,39
California,6,santabarbara,83,2021m4,2021,4,25358,45251,9585746,1412,994,128, , 
California,6,santabarbara,83,2021m5,2021,5,25451,45339,10532310,1317,855,448,97,288
California,6,santabarbara,83,2021m6,2021,6,25523,45310,10304394,2223,1101,615,164,322
California,6,santabarbara,83,2021m7,2021,7,25346,44829,10332679,2163,1248,918,215,559
California,6,santabarbara,83,2021m8,2021,8,25424,44796,10246491,2636,1281,874,220,529
California,6,santabarbara,83,2021m9,2021,9,25971,45269,10392008,4146,1773,1039,240,647
California,6,santabarbara,83,2021m10,2021,10,27202,46632,11797805,3122,2419,1302,279,900
California,6,santabarbara,83,2021m11,2021,11,27804,47389,11882474,2786,1755,1237,256,843
California,6,santabarbara,83,2021m12,2021,12,28359,48122,12237027,2408,1617,1030,209,717
California,6,santabarbara,83,2022m1,2022,1,28641,48362,12256443,2994,1458,843,198,537
California,6,santabarbara,83,2022m2,2022,2,29063,48989,12688872,2664,1615,1103,233,731
California,6,santabarbara,83,2022m3,2022,3,29818,50298,12841741,2795,1776,1159,242,784
California,6,santabarbara,83,2022m4,2022,4,30067,50612,12878684,2375,1421,1080,209,719
California,6,santabarbara,83,2022m5,2022,5,30144,50721,12888829,2181,1253,1000,213,666
California,6,santabarbara,83,2022m6,2022,6,30089,50612,12782113,2295,1130,943,203,599
California,6,santabarbara,83,2022m7,2022,7,30115,50448,12796364,2319,1254,1040,224,631
California,6,santabarbara,83,2022m8,2022,8,30145,50617,12600672,3096,1425,1285,312,735
California,6,santabarbara,83,2022m9,2022,9,30101,50511,12459540,4239,1547,1273,282,825
California,6,santabarbara,83,2022m10,2022,10,30231,50709,14154256,3801,2028,1609,282,1150
California,6,santabarbara,83,2022m11,2022,11,30947,52024,14867778,3356,2165,1403,249,964
California,6,santabarbara,83,2022m12,2022,12,31687,53459,15494448,2691,1908,1169,225,756
California,6,santabarbara,83,2023m1,2023,1,32512,54860,15618835,3610,1804,1078,208,652
California,6,santabarbara,83,2023m2,2023,2,33022,55775,15958845,2743,1683,1162,239,750
California,6,santabarbara,83,2023m3,2023,3,33732,56078,16618202,2812,1896,1300,257,870
California,6,santabarbara,83,2023m4,2023,4,31836,54332,10456331,2319,1287,1040,208,689
California,6,santabarbara,83,2023m5,2023,5,31841,54117,10212024,2610,1314,1357,327,842
California,6,santabarbara,83,2023m6,2023,6,31643,53578,10122533,2293,1193,1327,307,827
California,6,santabarbara,83,2023m7,2023,7,30912,52342,9855623,2282,1061,1237,311,759
California,6,santabarbara,83,2023m8,2023,8,30386,51249,9562127,3135,1312,1399,416,768
California,6,santabarbara,83,2023m9,2023,9,29613,50218,9223896,3876,1365,1688,531,951
California,6,santabarbara,83,2023m10,2023,10,29904,50168,9837596,4141,2072,2103,614,1306
California,6,santabarbara,83,2023m11,2023,11,30335,50643,9978274,3404,1883,1871,472,1258
California,6,santabarbara,83,2023m12,2023,12,31018,51828,10154814,3095,1726,1483,354,998
California,6,santabarbara,83,2024m1,2024,1,31780,53263,10586262,4100,1885,1462,387,939
California,6,santabarbara,83,2024m2,2024,2,32469,54487,10922965,2904,1788,1661,424,1060
California,6,santaclara,85,2016m7,2016,7,52747,103430,14047144,2677,1558,877, , 
California,6,santaclara,85,2016m8,2016,8,52504,102959,13963751,3345,1818,1060, , 
California,6,santaclara,85,2016m9,2016,9,52133,102328,13842960,2888,1840,1059, , 
California,6,santaclara,85,2016m10,2016,10,51556,101253,13713447,2775,1691,1117, , 
California,6,santaclara,85,2016m11,2016,11,50962,100149,13520522,2693,1608,979, , 
California,6,santaclara,85,2016m12,2016,12,50599,99337,13421127,2522,1533,950,245,450
California,6,santaclara,85,2017m1,2017,1,50071,98291,13142782,2966,1532,979,221,504
California,6,santaclara,85,2017m2,2017,2,48890,95926,12811145,2286,1421,949,222,496
California,6,santaclara,85,2017m3,2017,3,48704,95162,12805673,2858,1688,1112,296,511
California,6,santaclara,85,2017m4,2017,4,47911,93540,12536116,2650,1482,977,246,471
California,6,santaclara,85,2017m5,2017,5,47569,92733,12433998,2854,1637,1066,289,499
California,6,santaclara,85,2017m6,2017,6,47284,92106,12287698,2972,1680,1013,280,487
California,6,santaclara,85,2017m7,2017,7,46568,90705,12095345,3157,1489,1035,296,470
California,6,santaclara,85,2017m8,2017,8,46807,90804,12127406,3756,1956,1354,385,558
California,6,santaclara,85,2017m9,2017,9,46440,90030,12024737,3163,1784,1523,408,705
California,6,santaclara,85,2017m10,2017,10,46314,89521,11772421,3364,1706,1385,407,604
California,6,santaclara,85,2017m11,2017,11,45866,88372,11604520,2769,1630,1145,282,605
California,6,santaclara,85,2017m12,2017,12,45652,87809,11522281,2560,1542,1007,248,502
California,6,santaclara,85,2018m1,2018,1,45365,87007,11383810,3196,1625,1032,290,443
California,6,santaclara,85,2018m2,2018,2,44319,84952,11082151,2517,1496,961,283,483
California,6,santaclara,85,2018m3,2018,3,44303,84476,11106147,2881,1579,1155,342,521
California,6,santaclara,85,2018m4,2018,4,43723,82792,10829161,2822,1490,1060,273,482
California,6,santaclara,85,2018m5,2018,5,43326,81722,10732409,2978,1543,1114,264,513
California,6,santaclara,85,2018m6,2018,6,42871,80663,10563780,2852,1476,1186,300,556
California,6,santaclara,85,2018m7,2018,7,42434,79764,10460308,3130,1494,1109,298,524
California,6,santaclara,85,2018m8,2018,8,42076,79047,10345341,3307,1746,1353,346,644
California,6,santaclara,85,2018m9,2018,9,41441,77911,10192068,2850,1312,1259,296,671
California,6,santaclara,85,2018m10,2018,10,41144,77271,10197236,3282,1558,1487,353,752
California,6,santaclara,85,2018m11,2018,11,40366,75784,9969052,2595,1336,1221,306,653
California,6,santaclara,85,2018m12,2018,12,39781,74558,9832235,2511,1307,1100,244,589
California,6,santaclara,85,2019m1,2019,1,39661,73623,17676878,3037,1435,1217,310,599
California,6,santaclara,85,2019m2,2019,2,5910,11059,1415669,2712,1434,1128,284,582
California,6,santaclara,85,2019m3,2019,3,38630,71677,9469706,3026,1592,1353,329,675
California,6,santaclara,85,2019m4,2019,4,38281,70790,9224442,2962,1465,1257,299,636
California,6,santaclara,85,2019m5,2019,5,38091,70096,9163928,6884,1698,1158,264,560
California,6,santaclara,85,2019m6,2019,6,43496,76884,9696405,5897,5999,1649,368,759
California,6,santaclara,85,2019m7,2019,7,46067,79839,9958321,4893,4362,1749,370,912
California,6,santaclara,85,2019m8,2019,8,46990,80972,9993438,4406,2714,1411,293,755
California,6,santaclara,85,2019m9,2019,9,47991,82231,10064673,3806,2270,1555,309,874
California,6,santaclara,85,2019m10,2019,10,48806,82864,10198982,3842,2500,1694,318,924
California,6,santaclara,85,2019m11,2019,11,49160,83124,10137350,3175,2117,1361,284,698
California,6,santaclara,85,2019m12,2019,12,49619,83438,10125687,3069,1835,1280,243,775
California,6,santaclara,85,2020m1,2020,1,49649,83219,10022330,3586,1930,1189,253,656
California,6,santaclara,85,2020m2,2020,2,49781,83033,10010889,2992,1784,1323,275,734
California,6,santaclara,85,2020m3,2020,3,49923,82967,10037562,3414,1851,1295,220,790
California,6,santaclara,85,2020m4,2020,4,55250,91263,16443496,7963,4593,2140,736,690
California,6,santaclara,85,2020m5,2020,5,59017,96962,17597211,6584,3848,3343,1229,974
California,6,santaclara,85,2020m6,2020,6,61189,100482,18379526,5101,2324,3131,1107,952
California,6,santaclara,85,2020m7,2020,7,61370,99509,17968503,3998,1926,2131,627,816
California,6,santaclara,85,2020m8,2020,8,61771,101042,17803811,4191,2317,1793,554,615
California,6,santaclara,85,2020m9,2020,9,61748,104152,18055465,3378,1829,804,236,80
California,6,santaclara,85,2020m10,2020,10,60864,102841,18632702,3134,1859,819,254,86
California,6,santaclara,85,2020m11,2020,11,59463,100289,18109069,3279,1774,639,224,65
California,6,santaclara,85,2020m12,2020,12,58957,99149,18181531, , , , , 
California,6,santaclara,85,2021m1,2021,1,60248,100806,18326730,4709,3133,1226,262,66
California,6,santaclara,85,2021m2,2021,2,61832,102818,24338751,4128,2390,817,226,58
California,6,santaclara,85,2021m3,2021,3,62107,103151,21877948,4324,2783,1106,317,100
California,6,santaclara,85,2021m4,2021,4,62529,103909,21975384,3675,2253,839,273,96
California,6,santaclara,85,2021m5,2021,5,63321,104750,24437239,3583,1978,1185,340,476
California,6,santaclara,85,2021m6,2021,6,63395,104757,24317490,6175,2199,1597,434,592
California,6,santaclara,85,2021m7,2021,7,63974,105589,24713827,5319,2921,2341,552,975
California,6,santaclara,85,2021m8,2021,8,65122,107220,25083342,5650,2958,2516,659,1031
California,6,santaclara,85,2021m9,2021,9,66404,108787,25762960,6598,3055,2597,658,1056
California,6,santaclara,85,2021m10,2021,10,68479,111697,28922652,6062,3257,2815,676,1182
California,6,santaclara,85,2021m11,2021,11,69690,113273,28838316,5243,3312,3301,778,1440
California,6,santaclara,85,2021m12,2021,12,70272,113780,29237741,4539,2419,2492,537,1218
California,6,santaclara,85,2022m1,2022,1,70571,113944,28833921,5917,2650,2478,641,1054
California,6,santaclara,85,2022m2,2022,2,71163,114656,29273424,4480,2710,2511,632,1103
California,6,santaclara,85,2022m3,2022,3,71802,115588,29189563,5387,2736,2363,645,942
California,6,santaclara,85,2022m4,2022,4,72310,116400,29293984,4914,2621,2487,656,1027
California,6,santaclara,85,2022m5,2022,5,72457,116336,29472786,4784,2556,2135,540,958
California,6,santaclara,85,2022m6,2022,6,72931,117007,29611156,5314,2512,2143,520,944
California,6,santaclara,85,2022m7,2022,7,73769,118228,30078088,5311,2987,2339,619,911
California,6,santaclara,85,2022m8,2022,8,74871,119876,30277984,6469,3305,2867,851,1114
California,6,santaclara,85,2022m9,2022,9,75431,120460,30379647,5768,2915,2635,713,1112
California,6,santaclara,85,2022m10,2022,10,76415,121793,34719569,6021,3366,2894,851,1075
California,6,santaclara,85,2022m11,2022,11,77000,122447,34844025,5554,2720,2641,655,1259
California,6,santaclara,85,2022m12,2022,12,78094,124028,35290948,5290,3120,2848,868,1070
California,6,santaclara,85,2023m1,2023,1,78746,124905,34864997,6257,2595,2406,664,1043
California,6,santaclara,85,2023m2,2023,2,79102,125268,34864148,4743,2449,2442,641,1119
California,6,santaclara,85,2023m3,2023,3,76686,121265,35457779,6455,2168,2157,680,845
California,6,santaclara,85,2023m4,2023,4,76109,120085,21669364,5098,2346,2395,714,959
California,6,santaclara,85,2023m5,2023,5,76962,121522,22214626,5628,2707,3156,900,1346
California,6,santaclara,85,2023m6,2023,6,77535,122153,22255038,5544,2649,3206,964,1347
California,6,santaclara,85,2023m7,2023,7,77748,122508,22287092,5590,2338,2800,810,1245
California,6,santaclara,85,2023m8,2023,8,78024,123092,22467846,7207,2663,3448,1008,1439
California,6,santaclara,85,2023m9,2023,9,78435,123700,22457844,6017,2561,3274,936,1411
California,6,santaclara,85,2023m10,2023,10,79014,124340,24001246,6132,2563,3364,932,1521
California,6,santaclara,85,2023m11,2023,11,79174,124404,23999588,5571,2309,3092,824,1435
California,6,santaclara,85,2023m12,2023,12,79771,125180,24453465,4926,2353,3161,774,1441
California,6,santaclara,85,2024m1,2024,1,80538,126328,24652170,6920,2945,3903,1002,1775
California,6,santaclara,85,2024m2,2024,2,80782,126758,24262551,5608,2483,2917,781,1355
California,6,santacruz,87,2016m7,2016,7,14491,26340,3526652,812,410,333,74,206
California,6,santacruz,87,2016m8,2016,8,14361,25991,3477938,944,527,355,104,182
California,6,santacruz,87,2016m9,2016,9,14213,25732,3395318,963,536,333,81,192
California,6,santacruz,87,2016m10,2016,10,14144,25530,3384064,945,533,349,98,193
California,6,santacruz,87,2016m11,2016,11,14267,25866,3493107,1091,694,310,90,163
California,6,santacruz,87,2016m12,2016,12,14564,26638,3616837,1015,730,317,67,186
California,6,santacruz,87,2017m1,2017,1,14653,26869,3682001,1122,629,297,79,161
California,6,santacruz,87,2017m2,2017,2,14830,27079,3698105,880,581,325,81,189
California,6,santacruz,87,2017m3,2017,3,14939,27177,3738851,852,589,315,76,195
California,6,santacruz,87,2017m4,2017,4,14853,26905,3672741,776,497,227,51,131
California,6,santacruz,87,2017m5,2017,5,14830,26721,3650564,904,524,270,86,129
California,6,santacruz,87,2017m6,2017,6,14653,26228,3532250,717,419,299,69,178
California,6,santacruz,87,2017m7,2017,7,14242,25362,3405050,737,406,287,69,178
California,6,santacruz,87,2017m8,2017,8,14147,25125,3358335,737,507,326,100,152
California,6,santacruz,87,2017m9,2017,9,14015,24853,3304610,1029,512,318,65,177
California,6,santacruz,87,2017m10,2017,10,13972,24693,3247323,1259,592,453,106,271
California,6,santacruz,87,2017m11,2017,11,14099,24996,3314450,1139,681,486,100,329
California,6,santacruz,87,2017m12,2017,12,14352,25568,3438016,1003,685,371,58,242
California,6,santacruz,87,2018m1,2018,1,14583,26016,3566990,1160,669,317,74,179
California,6,santacruz,87,2018m2,2018,2,14762,26244,3530999,1119,588,328,78,199
California,6,santacruz,87,2018m3,2018,3,14858,26186,3572838,1136,666,557,102,370
California,6,santacruz,87,2018m4,2018,4,14826,26060,3528046,867,505,436,88,286
California,6,santacruz,87,2018m5,2018,5,14789,25816,3482681,892,532,270,86,142
California,6,santacruz,87,2018m6,2018,6,14553,25200,3368767,754,417,316,68,201
California,6,santacruz,87,2018m7,2018,7,14085,24243,3246055,773,390,315,102,162
California,6,santacruz,87,2018m8,2018,8,13914,23956,3183126,951,497,350,88,206
California,6,santacruz,87,2018m9,2018,9,13686,23519,3099484,1102,460,339,94,201
California,6,santacruz,87,2018m10,2018,10,13707,23341,3141883,1298,678,487,102,308
California,6,santacruz,87,2018m11,2018,11,13687,23231,3140828,1098,574,495,82,354
California,6,santacruz,87,2018m12,2018,12,13792,23608,3209825,898,599,405,65,276
California,6,santacruz,87,2019m1,2019,1,13817,23649,5924952,1178,582,316,61,183
California,6,santacruz,87,2019m2,2019,2,2325,2948,560753,983,589,382,72,242
California,6,santacruz,87,2019m3,2019,3,14025,23436,3260919,968,538,382,89,218
California,6,santacruz,87,2019m4,2019,4,14038,23400,3240766,958,536,357,66,224
California,6,santacruz,87,2019m5,2019,5,14007,23315,3213415,1163,531,337,84,184
California,6,santacruz,87,2019m6,2019,6,14259,23243,3139637,1414,967,293,56,184
California,6,santacruz,87,2019m7,2019,7,14427,23256,3081845,1172,791,421,73,267
California,6,santacruz,87,2019m8,2019,8,14305,23189,3048830,1065,698,332,78,185
California,6,santacruz,87,2019m9,2019,9,14258,22971,2989767,1199,625,307,82,161
California,6,santacruz,87,2019m10,2019,10,14554,23279,3316092,1374,874,379,93,230
California,6,santacruz,87,2019m11,2019,11,14759,23249,3135274,1152,734,376,71,246
California,6,santacruz,87,2019m12,2019,12,14911,24007,3213036,1093,744,357,66,238
California,6,santacruz,87,2020m1,2020,1,15112,24221,3236038,1281,753,329,77,200
California,6,santacruz,87,2020m2,2020,2,15163,24287,3228640,920,581,330,79,195
California,6,santacruz,87,2020m3,2020,3,15506,24868,3337295,1555,726,369,85,199
California,6,santacruz,87,2020m4,2020,4,17625,27611,5027292,2375,1782,550,181,257
California,6,santacruz,87,2020m5,2020,5,18401,28816,5316960,1227,792,599,175,320
California,6,santacruz,87,2020m6,2020,6,18581,29047,5336131,921,434,449,142,232
California,6,santacruz,87,2020m7,2020,7,17950,27544,5002165,917,394,442,118,248
California,6,santacruz,87,2020m8,2020,8,17535,27217,4877988,1159,616,336,84,176
California,6,santacruz,87,2020m9,2020,9,17262,27613,4880342,963,625,107, , 
California,6,santacruz,87,2020m10,2020,10,16447,26541,4823678,931,591,88, , 
California,6,santacruz,87,2020m11,2020,11,16016,25928,4791473,959,623,81, , 
California,6,santacruz,87,2020m12,2020,12,15994,25950,4803850,1234,818,92,47,15
California,6,santacruz,87,2021m1,2021,1,16204,26348,4862593,1089,760,73, , 
California,6,santacruz,87,2021m2,2021,2,16805,27283,6419079,898,763,83, , 
California,6,santacruz,87,2021m3,2021,3,16808,27302,5739939,995,781,81, , 
California,6,santacruz,87,2021m4,2021,4,16765,27291,5811226,762,569,72, , 
California,6,santacruz,87,2021m5,2021,5,17010,27551,6486277,697,545,242,65,155
California,6,santacruz,87,2021m6,2021,6,17035,27555,6399559,1118,647,246,72,146
California,6,santacruz,87,2021m7,2021,7,16859,27222,6364551,1051,646,411,93,279
California,6,santacruz,87,2021m8,2021,8,16905,27268,6309861,1139,667,408,105,266
California,6,santacruz,87,2021m9,2021,9,16978,27166,6328629,1701,842,462,130,300
California,6,santacruz,87,2021m10,2021,10,17262,27717,6934589,1745,1056,674,176,472
California,6,santacruz,87,2021m11,2021,11,17660,27886,7106590,1510,1057,743,159,550
California,6,santacruz,87,2021m12,2021,12,17858,26415,7221800,1093,812,565,86,445
California,6,santacruz,87,2022m1,2022,1,17957,28311,7214213,1410,780,441,113,290
California,6,santacruz,87,2022m2,2022,2,18149,28577,7393277,1265,824,502,133,328
California,6,santacruz,87,2022m3,2022,3,18465,29076,7502446,1260,874,541,140,375
California,6,santacruz,87,2022m4,2022,4,18600,29388,7553355,1111,751,510,124,351
California,6,santacruz,87,2022m5,2022,5,18666,29434,7583316,994,677,410,121,267
California,6,santacruz,87,2022m6,2022,6,18681,29400,7467466,1019,625,388,112,242
California,6,santacruz,87,2022m7,2022,7,18614,29233,7453019,1012,636,389,98,261
California,6,santacruz,87,2022m8,2022,8,18577,29038,7373245,1306,713,481,118,331
California,6,santacruz,87,2022m9,2022,9,18543,28769,7232047,1741,779,581,162,378
California,6,santacruz,87,2022m10,2022,10,18694,28974,8126218,2009,1001,804,185,583
California,6,santacruz,87,2022m11,2022,11,19124,29855,8600881,1551,1155,952,166,736
California,6,santacruz,87,2022m12,2022,12,19484,30612,8829145,1272,1033,658,159,466
California,6,santacruz,87,2023m1,2023,1,19932,31308,8782146,1513,867,472,113,326
California,6,santacruz,87,2023m2,2023,2,20040,31335,9179975,1357,813,540,107,388
California,6,santacruz,87,2023m3,2023,3,20315,31743,9179879,1172,796,680,144,495
California,6,santacruz,87,2023m4,2023,4,19368,30444,5686281,1098,695,491,103,358
California,6,santacruz,87,2023m5,2023,5,19471,30484,5708240,1023,633,499,101,348
California,6,santacruz,87,2023m6,2023,6,19326,30275,5634757,845,514,380,79,267
California,6,santacruz,87,2023m7,2023,7,18677,29025,5366913,1258,414,144,75,35
California,6,santacruz,87,2023m8,2023,8,18501,28914,5263314,1573,640,705,175,467
California,6,santacruz,87,2023m9,2023,9,18107,28280,5173083,2145,624,565,173,342
California,6,santacruz,87,2023m10,2023,10,17938,27849,5390424,2135,909,817,207,563
California,6,santacruz,87,2023m11,2023,11,17970,27847,5468193,1890,1014,891,247,583
California,6,santacruz,87,2023m12,2023,12,18451,28669,5936034,1517,1027,986,237,688
California,6,santacruz,87,2024m1,2024,1,18942,29429,6117715,2110,1085,1103,300,720
California,6,santacruz,87,2024m2,2024,2,19361,30088,6165611,1570,996,1126,280,780
California,6,shasta,89,2016m7,2016,7,12960,24222,3207020,1026,591,481,182,281
California,6,shasta,89,2016m8,2016,8,13087,24425,3237610,1305,731,494,171,292
California,6,shasta,89,2016m9,2016,9,12966,24221,3190517,1008,632,432,171,241
California,6,shasta,89,2016m10,2016,10,12908,24243,3193628,1038,577,460,190,251
California,6,shasta,89,2016m11,2016,11,12823,24143,3166150,970,624,396,145,233
California,6,shasta,89,2016m12,2016,12,12730,24056,3134320,935,590,396,134,250
California,6,shasta,89,2017m1,2017,1,12555,23707,3068671,1289,616,485,135,328
California,6,shasta,89,2017m2,2017,2,12450,23480,3063353,998,595,430,140,272
California,6,shasta,89,2017m3,2017,3,12572,23564,3115418,1072,675,487,164,305
California,6,shasta,89,2017m4,2017,4,12427,23176,3070518,929,529,378,118,236
California,6,shasta,89,2017m5,2017,5,12419,23195,3073388,1079,573,486,164,302
California,6,shasta,89,2017m6,2017,6,12457,23286,3082572,1093,616,438,133,286
California,6,shasta,89,2017m7,2017,7,12332,23135,3048706,1041,563,449,142,287
California,6,shasta,89,2017m8,2017,8,12375,23244,3061428,1340,671,558,172,357
California,6,shasta,89,2017m9,2017,9,12332,23186,3034888,1085,571,530,80,419
California,6,shasta,89,2017m10,2017,10,12297,23035,3013396,1058,607,511,84,396
California,6,shasta,89,2017m11,2017,11,12256,22878,2974530,1032,570,424,67,330
California,6,shasta,89,2017m12,2017,12,12331,23085,3002198,961,573,447,71,349
California,6,shasta,89,2018m1,2018,1,12367,23062,2999516,1317,665,497,71,405
California,6,shasta,89,2018m2,2018,2,12235,22870,2971234,910,543,434,54,350
California,6,shasta,89,2018m3,2018,3,12322,22929,2968889,1103,599,528,79,412
California,6,shasta,89,2018m4,2018,4,12254,22729,2973474,1017,559,482,82,366
California,6,shasta,89,2018m5,2018,5,12330,22776,2973079,1018,554,474,95,357
California,6,shasta,89,2018m6,2018,6,12271,22687,2943491,1133,535,542,95,416
California,6,shasta,89,2018m7,2018,7,12089,22357,2905531,1043,555,509,83,396
California,6,shasta,89,2018m8,2018,8,12107,22498,2889241,1333,1267,587,77,480
California,6,shasta,89,2018m9,2018,9,11836,21913,2828574,1032,506,543,83,439
California,6,shasta,89,2018m10,2018,10,11889,21990,2870932,1231,655,588,115,453
California,6,shasta,89,2018m11,2018,11,11837,21780,2841212,986,577,469,85,375
California,6,shasta,89,2018m12,2018,12,11719,21517,2802960,922,506,432,89,325
California,6,shasta,89,2019m1,2019,1,11817,21653,5122588,1170,626,502,90,395
California,6,shasta,89,2019m2,2019,2,8693,16684,1037097,833,411,391,67,309
California,6,shasta,89,2019m3,2019,3,11522,21261,2783292,1020,571,495,90,395
California,6,shasta,89,2019m4,2019,4,11461,21116,2683832,1148,577,530,94,423
California,6,shasta,89,2019m5,2019,5,11469,21163,2687904,1746,542,718,272,427
California,6,shasta,89,2019m6,2019,6,12668,22372,2749229,2190,1180,1078,406,644
California,6,shasta,89,2019m7,2019,7,13068,22993,2741148,1775,994,858,114,706
California,6,shasta,89,2019m8,2019,8,13455,23464,2750229,1590,841,734,90,625
California,6,shasta,89,2019m9,2019,9,13755,23944,2771262,1287,756,672,100,557
California,6,shasta,89,2019m10,2019,10,13876,24105,3142523,1338,681,700,98,583
California,6,shasta,89,2019m11,2019,11,13867,24025,2741795,1134,571,550,63,476
California,6,shasta,89,2019m12,2019,12,13968,24043,2715822,1213,637,604,83,500
California,6,shasta,89,2020m1,2020,1,13950,23881,2685509,1429,672,653,81,547
California,6,shasta,89,2020m2,2020,2,13949,23768,2676950,1061,561,601,80,501
California,6,shasta,89,2020m3,2020,3,13972,23667,2690953,1468,654,710,96,588
California,6,shasta,89,2020m4,2020,4,15056,25634,4515368,1723,914,954,206,701
California,6,shasta,89,2020m5,2020,5,15517,26404,4744629,1006,436,612,94,485
California,6,shasta,89,2020m6,2020,6,15527,26206,4686500,1045,363,618,101,482
California,6,shasta,89,2020m7,2020,7,15049,25235,4456158,1025,407,676,115,530
California,6,shasta,89,2020m8,2020,8,14793,24859,4406398,1208,457,637,87,535
California,6,shasta,89,2020m9,2020,9,14523,24496,4510792,1078,430,622,77,524
California,6,shasta,89,2020m10,2020,10,14038,23593,4471151,1173,520,679,68,582
California,6,shasta,89,2020m11,2020,11,13643,22972,4757462,1308,521,658,55,582
California,6,shasta,89,2020m12,2020,12,13546,22859,4359529,1603,681,949,101,824
California,6,shasta,89,2021m1,2021,1,13693,23103,4327472,1418,596,804,66,715
California,6,shasta,89,2021m2,2021,2,13792,23248,5658838,1295,573,711,60,616
California,6,shasta,89,2021m3,2021,3,14050,23709,5104273,1259,682,792,85,677
California,6,shasta,89,2021m4,2021,4,13898,23437,5128226,993,444,522,54,452
California,6,shasta,89,2021m5,2021,5,13805,23350,5548764,1031,466,543,59,473
California,6,shasta,89,2021m6,2021,6,13709,23247,5515139,1583,586,737,47,674
California,6,shasta,89,2021m7,2021,7,13760,23301,5559175,1506,613,778,74,680
California,6,shasta,89,2021m8,2021,8,13948,23504,5594108,1668,740,908,103,781
California,6,shasta,89,2021m9,2021,9,14007,23542,5643922,1496,538,714,80,604
California,6,shasta,89,2021m10,2021,10,14200,23893,6305247,1861,681,759,91,635
California,6,shasta,89,2021m11,2021,11,14435,24119,6302540,1621,788,912,98,774
California,6,shasta,89,2021m12,2021,12,14670,24541,6419584,1577,880,799,116,646
California,6,shasta,89,2022m1,2022,1,14709,24678,6499543,1665,768,697,147,529
California,6,shasta,89,2022m2,2022,2,14717,24684,6504937,1414,708,735,104,585
California,6,shasta,89,2022m3,2022,3,15003,25153,6541032,1681,899,814,131,639
California,6,shasta,89,2022m4,2022,4,15373,25712,6630219,1304,892,754,147,576
California,6,shasta,89,2022m5,2022,5,15545,25898,6678539,1568,770,671,128,518
California,6,shasta,89,2022m6,2022,6,15772,26214,6724554,1633,760,731,145,556
California,6,shasta,89,2022m7,2022,7,15972,26626,6854915,1601,726,718,152,539
California,6,shasta,89,2022m8,2022,8,16374,27286,7056024,1846,907,1494,808,644
California,6,shasta,89,2022m9,2022,9,16579,27550,7036682,1616,825,1412,786,586
California,6,shasta,89,2022m10,2022,10,16951,28147,8211357,1673,880,769,173,558
California,6,shasta,89,2022m11,2022,11,17141,28380,8271379,1390,736,756,140,581
California,6,shasta,89,2022m12,2022,12,17195,28439,8201727,1360,675,702,101,567
California,6,shasta,89,2023m1,2023,1,17141,28283,8271379,1585,657,693,112,538
California,6,shasta,89,2023m2,2023,2,17246,28402,8078033,1423,707,679,131,498
California,6,shasta,89,2023m3,2023,3,17703,29036,8529773,1611,1027,871,167,639
California,6,shasta,89,2023m4,2023,4,17722,29129,5481263,1177,702,651,95,523
California,6,shasta,89,2023m5,2023,5,17726,29004,4745981,1442,555,643,120,489
California,6,shasta,89,2023m6,2023,6,18002,29460,4859023,1370,808,728,153,526
California,6,shasta,89,2023m7,2023,7,18157,29699,4853093,1332,739,713,167,505
California,6,shasta,89,2023m8,2023,8,18376,29976,4939875,1593,898,715,163,489
California,6,shasta,89,2023m9,2023,9,18301,29461,4890355,1447,728,717,181,475
California,6,shasta,89,2023m10,2023,10,18533,30042,5276779,1496,824,735,151,536
California,6,shasta,89,2023m11,2023,11,18504,29919,5246813,1288,702,657,119,500
California,6,shasta,89,2023m12,2023,12,18679,30244,5307376,1255,725,563,118,402
California,6,shasta,89,2024m1,2024,1,18694,30205,5313653,1654,769,561,142,363
California,6,shasta,89,2024m2,2024,2,18668,30081,5223804,1356,759,663,125,489
California,6,sierra,91,2016m7,2016,7,156,263,34881, , ,0,0, 
California,6,sierra,91,2016m8,2016,8,161,273,36490,12,12,1, ,0
California,6,sierra,91,2016m9,2016,9,158,271,34088,14, , , ,0
California,6,sierra,91,2016m10,2016,10,164,279,35226,11,13,4, , 
California,6,sierra,91,2016m11,2016,11,158,270,33861,11, , , ,0
California,6,sierra,91,2016m12,2016,12,164,286,36734, , ,0,0, 
California,6,sierra,91,2017m1,2017,1,167,295,38652, , ,0,0, 
California,6,sierra,91,2017m2,2017,2,165,282,37227,11, ,0,0,0
California,6,sierra,91,2017m3,2017,3,165,284,37227, , ,0,0,0
California,6,sierra,91,2017m4,2017,4,164,275,36196, , ,0,0,0
California,6,sierra,91,2017m5,2017,5,162,266,36225, , ,0,0, 
California,6,sierra,91,2017m6,2017,6,167,275,38709,15, ,0, , 
California,6,sierra,91,2017m7,2017,7,155,259,36559,11, , , ,0
California,6,sierra,91,2017m8,2017,8,160,268,38172,18,12,6, , 
California,6,sierra,91,2017m9,2017,9,154,259,36379,13, ,0,0,0
California,6,sierra,91,2017m10,2017,10,159,273,38132, , ,0, ,0
California,6,sierra,91,2017m11,2017,11,158,271,37153, , ,0, ,0
California,6,sierra,91,2017m12,2017,12,156,262,36304, , , ,0, 
California,6,sierra,91,2018m1,2018,1,153,259,37354, , , , , 
California,6,sierra,91,2018m2,2018,2,146,236,31784, , , , ,0
California,6,sierra,91,2018m3,2018,3,147,241,32220,11,11,0,0,0
California,6,sierra,91,2018m4,2018,4,146,243,32192, , ,0,0, 
California,6,sierra,91,2018m5,2018,5,148,246,31699,12, , , , 
California,6,sierra,91,2018m6,2018,6,143,251,29634, , ,0,0, 
California,6,sierra,91,2018m7,2018,7,135,226,28186, , ,0,0,0
California,6,sierra,91,2018m8,2018,8,134,222,27199, , , , ,0
California,6,sierra,91,2018m9,2018,9,133,221,26816,15, , , , 
California,6,sierra,91,2018m10,2018,10,133,222,27593, , , , ,0
California,6,sierra,91,2018m11,2018,11,141,229,29329, , ,0, ,0
California,6,sierra,91,2018m12,2018,12,132,214,27372,0,0,0,0,0
California,6,sierra,91,2019m1,2019,1,131,218,52714,11, ,0,0, 
California,6,sierra,91,2019m2,2019,2,14,24,2506, , ,0, , 
California,6,sierra,91,2019m3,2019,3,125,207,26063, , ,0, , 
California,6,sierra,91,2019m4,2019,4,128,217,26946, , , ,0, 
California,6,sierra,91,2019m5,2019,5,124,214,26068,14, ,0, ,0
California,6,sierra,91,2019m6,2019,6,139,232,28277,15,11,4, ,0
California,6,sierra,91,2019m7,2019,7,145,232,26769,12,13,5, , 
California,6,sierra,91,2019m8,2019,8,145,235,27195, , , ,0, 
California,6,sierra,91,2019m9,2019,9,147,241,26454,13, , , ,0
California,6,sierra,91,2019m10,2019,10,153,248,32463, , ,0,0, 
California,6,sierra,91,2019m11,2019,11,158,256,28472,11,11,2,0, 
California,6,sierra,91,2019m12,2019,12,158,248,26875, , ,0,0,0
California,6,sierra,91,2020m1,2020,1,162,257,29024,17,14,3,0, 
California,6,sierra,91,2020m2,2020,2,161,239,27392,12, , ,0, 
California,6,sierra,91,2020m3,2020,3,169,259,31279,18,12,0,0,0
California,6,sierra,91,2020m4,2020,4,188,290,49400,16,17,3,0, 
California,6,sierra,91,2020m5,2020,5,193,296,54304,11, ,0, , 
California,6,sierra,91,2020m6,2020,6,190,293,53195, , , ,0, 
California,6,sierra,91,2020m7,2020,7,178,275,48671, , ,0,0, 
California,6,sierra,91,2020m8,2020,8,169,255,47155, , ,0,0,0
California,6,sierra,91,2020m9,2020,9,162,254,48124,11, ,0,0, 
California,6,sierra,91,2020m10,2020,10,160,246,44844, , ,0, , 
California,6,sierra,91,2020m11,2020,11,150,232,48307.15, , ,0, , 
California,6,sierra,91,2020m12,2020,12,161,244,46345,19, , , ,0
California,6,sierra,91,2021m1,2021,1,172,261,48532,17, ,0, , 
California,6,sierra,91,2021m2,2021,2,171,259,64607.41, , ,0,0,0
California,6,sierra,91,2021m3,2021,3,179,266,57315,11, , ,0, 
California,6,sierra,91,2021m4,2021,4,172,254,56263, ,0,0,0,0
California,6,sierra,91,2021m5,2021,5,169,248,61134, , ,0, ,0
California,6,sierra,91,2021m6,2021,6,166,240,59078,11, ,0, ,0
California,6,sierra,91,2021m7,2021,7,167,238,59345,12, ,0,0, 
California,6,sierra,91,2021m8,2021,8,164,229,58743,12, ,0,0, 
California,6,sierra,91,2021m9,2021,9,170,243,60400,17, ,0, , 
California,6,sierra,91,2021m10,2021,10,180,261,69590,18, ,0, , 
California,6,sierra,91,2021m11,2021,11,184,266,71021,15, ,0,0, 
California,6,sierra,91,2021m12,2021,12,190,280,74274,13, , , , 
California,6,sierra,91,2022m1,2022,1,195,293,77531,19, ,0,0, 
California,6,sierra,91,2022m2,2022,2,200,302,75617,12, ,0,0, 
California,6,sierra,91,2022m3,2022,3,204,319,81274,17, , , , 
California,6,sierra,91,2022m4,2022,4,204,317,81331, , ,0,0, 
California,6,sierra,91,2022m5,2022,5,210,326,83605, , ,0,0, 
California,6,sierra,91,2022m6,2022,6,209,325,82868, , , , ,0
California,6,sierra,91,2022m7,2022,7,203,317,81525,16, , ,0, 
California,6,sierra,91,2022m8,2022,8,208,325,85786, , ,0,0, 
California,6,sierra,91,2022m9,2022,9,213,329,82522,11, ,0, , 
California,6,sierra,91,2022m10,2022,10,218,337,98279,13, , , , 
California,6,sierra,91,2022m11,2022,11,221,338,97998,13, ,0, , 
California,6,sierra,91,2022m12,2022,12,221,331,98289,15, ,0, , 
California,6,sierra,91,2023m1,2023,1,232,347,96889,16, ,0, , 
California,6,sierra,91,2023m2,2023,2,234,351,101889,15, , , , 
California,6,sierra,91,2023m3,2023,3,235,355,102267,11, , , ,0
California,6,sierra,91,2023m4,2023,4,236,355,71164.5, , , , , 
California,6,sierra,91,2023m5,2023,5,238,352,59505, , , ,0, 
California,6,sierra,91,2023m6,2023,6,240,347,60332,11, ,0, , 
California,6,sierra,91,2023m7,2023,7,237,341,60312, , ,0, , 
California,6,sierra,91,2023m8,2023,8,227,322,56044, , ,0,0, 
California,6,sierra,91,2023m9,2023,9,227,323,55312, , , ,0, 
California,6,sierra,91,2023m10,2023,10,223,317,58181, , ,0, ,0
California,6,sierra,91,2023m11,2023,11,227,332,64079,21, , , , 
California,6,sierra,91,2023m12,2023,12,217,315,58231,12, , , , 
California,6,sierra,91,2024m1,2024,1,227,329,61557,22, , , , 
California,6,sierra,91,2024m2,2024,2,232,336,62853,12, , ,0, 
California,6,siskiyou,93,2016m7,2016,7,3163,6690,893386,230,115,101,38,57
California,6,siskiyou,93,2016m8,2016,8,3163,6647,894754,256,139,111,36,64
California,6,siskiyou,93,2016m9,2016,9,3122,6572,883358,280,126,146,53,82
California,6,siskiyou,93,2016m10,2016,10,3124,6535,875663,262,152,136,44,82
California,6,siskiyou,93,2016m11,2016,11,3085,6455,859394,251,135,107,37,61
California,6,siskiyou,93,2016m12,2016,12,3121,6569,878063,238,143,109,27,78
California,6,siskiyou,93,2017m1,2017,1,3111,6602,876288,254,128,114,38,65
California,6,siskiyou,93,2017m2,2017,2,3146,6661,894601,235,160,105,34,64
California,6,siskiyou,93,2017m3,2017,3,3154,6656,891570,232,125,109,30,71
California,6,siskiyou,93,2017m4,2017,4,3127,6550,866289,218,104,110,45,54
California,6,siskiyou,93,2017m5,2017,5,3105,6476,850777,230,137,109,36,66
California,6,siskiyou,93,2017m6,2017,6,3087,6395,837918,236,121,108,48,50
California,6,siskiyou,93,2017m7,2017,7,3062,6313,835401,239,107,124,51,61
California,6,siskiyou,93,2017m8,2017,8,3041,6229,819230,308,152,121,34,78
California,6,siskiyou,93,2017m9,2017,9,3042,6235,820150,246,126,116,35,66
California,6,siskiyou,93,2017m10,2017,10,3063,6236,819555,269,166,100,14,75
California,6,siskiyou,93,2017m11,2017,11,3041,6212,804068,291,129,138,29,95
California,6,siskiyou,93,2017m12,2017,12,3068,6341,817888,278,172,123,18,89
California,6,siskiyou,93,2018m1,2018,1,3115,6405,831847,341,189,116,19,84
California,6,siskiyou,93,2018m2,2018,2,3153,6492,840131,250,160,121,35,79
California,6,siskiyou,93,2018m3,2018,3,3180,6500,840741,224,142,113,17,82
California,6,siskiyou,93,2018m4,2018,4,3180,6489,847205,249,113,126,24,86
California,6,siskiyou,93,2018m5,2018,5,3189,6466,835297,271,150,100,23,68
California,6,siskiyou,93,2018m6,2018,6,3167,6376,825255,256,144,121,27,83
California,6,siskiyou,93,2018m7,2018,7,3095,6209,807122,261,113,118,33,72
California,6,siskiyou,93,2018m8,2018,8,3117,6283,816497,313,152,154,29,117
California,6,siskiyou,93,2018m9,2018,9,3113,6320,818963,245,128,119,32,75
California,6,siskiyou,93,2018m10,2018,10,3139,6321,830840,308,154,132,21,94
California,6,siskiyou,93,2018m11,2018,11,3132,6327,826950,263,150,126,27,85
California,6,siskiyou,93,2018m12,2018,12,3154,6397,829999,294,181,104,23,69
California,6,siskiyou,93,2019m1,2019,1,3213,6489,1541056,294,170,137,26,94
California,6,siskiyou,93,2019m2,2019,2,519,1131,130037,202,117,100,19,70
California,6,siskiyou,93,2019m3,2019,3,3191,6428,836835,258,134,101,28,65
California,6,siskiyou,93,2019m4,2019,4,3156,6369,818653,248,140,102,22,74
California,6,siskiyou,93,2019m5,2019,5,3137,6281,804592,506,154,154,67,72
California,6,siskiyou,93,2019m6,2019,6,3435,6577,812017,503,282,439,296,124
California,6,siskiyou,93,2019m7,2019,7,3498,6619,806415,357,200,192,27,149
California,6,siskiyou,93,2019m8,2019,8,3607,6788,816473,352,201,137,19,96
California,6,siskiyou,93,2019m9,2019,9,3644,6859,815595,305,167,152,23,113
California,6,siskiyou,93,2019m10,2019,10,3692,6879,808739,347,204,156,31,107
California,6,siskiyou,93,2019m11,2019,11,3718,6937,805915,287,179,106,14,76
California,6,siskiyou,93,2019m12,2019,12,3795,7039,831323,321,213,144,18,109
California,6,siskiyou,93,2020m1,2020,1,3800,7013,809706,338,166,149,23,114
California,6,siskiyou,93,2020m2,2020,2,3833,7108,823302,304,153,137,19,104
California,6,siskiyou,93,2020m3,2020,3,3876,7160,833176,330,171,120,16,90
California,6,siskiyou,93,2020m4,2020,4,4204,7726,904184,415,320,148,47,89
California,6,siskiyou,93,2020m5,2020,5,4349,7956,1422218,243,160,117,29,76
California,6,siskiyou,93,2020m6,2020,6,4402,8013,1428211,246,117,107,25,69
California,6,siskiyou,93,2020m7,2020,7,4263,7703,1345718,251,112,143,18,100
California,6,siskiyou,93,2020m8,2020,8,4200,7522,1328138,310,122,122,24,84
California,6,siskiyou,93,2020m9,2020,9,4158,7414,1322372,258,137,155,21,116
California,6,siskiyou,93,2020m10,2020,10,4098,7284,1371494,310,145,151,24,106
California,6,siskiyou,93,2020m11,2020,11,4091,7208,1362993,347,199,111,20,73
California,6,siskiyou,93,2020m12,2020,12,4108,7218,1366343,403,227,151,17,116
California,6,siskiyou,93,2021m1,2021,1,4141,7289,1381803,342,192,129,24,91
California,6,siskiyou,93,2021m2,2021,2,4209,7490,1829003,312,221,123,18,90
California,6,siskiyou,93,2021m3,2021,3,4271,7557,1640717,276,191,126,19,93
California,6,siskiyou,93,2021m4,2021,4,4244,7502,1622469,252,168,100,19,70
California,6,siskiyou,93,2021m5,2021,5,4247,7542,1810802,258,163,87,20,61
California,6,siskiyou,93,2021m6,2021,6,4221,7418,1768187,377,182,121,24,90
California,6,siskiyou,93,2021m7,2021,7,4218,7361,1771355,326,159,142,21,108
California,6,siskiyou,93,2021m8,2021,8,4281,7439,1775975,347,211,170,38,118
California,6,siskiyou,93,2021m9,2021,9,4367,7551,1811951,402,204,149,30,98
California,6,siskiyou,93,2021m10,2021,10,4492,7771,2035957,400,217,169,26,133
California,6,siskiyou,93,2021m11,2021,11,4556,7890,2040783,331,216,137,21,104
California,6,siskiyou,93,2021m12,2021,12,4576,7886,2034530, , , , , 
California,6,siskiyou,93,2022m1,2022,1,4633,7921,2043680, , , , , 
California,6,siskiyou,93,2022m2,2022,2,4656,7933,2097489, , , , , 
California,6,siskiyou,93,2022m3,2022,3,4729,7990,2112430, , , , , 
California,6,siskiyou,93,2022m4,2022,4,4741,7959,2084210,280,203,196,112,76
California,6,siskiyou,93,2022m5,2022,5,4817,8132,2144573,327,169,123,29,80
California,6,siskiyou,93,2022m6,2022,6,4872,8146,2124032,310,195,124,29,89
California,6,siskiyou,93,2022m7,2022,7,4875,8167,2131639,292,155,125,22,96
California,6,siskiyou,93,2022m8,2022,8,4992,8328,2170738,357,237,178,40,126
California,6,siskiyou,93,2022m9,2022,9,5046,8384,2201568,251,181,114,22,77
California,6,siskiyou,93,2022m10,2022,10,5075,8376,2473052,364,179,128,34,75
California,6,siskiyou,93,2022m11,2022,11,5149,8494,2546395,300,182,131,24,92
California,6,siskiyou,93,2022m12,2022,12,5154,8542,2514731,175,166,91,16,62
California,6,siskiyou,93,2023m1,2023,1,5092,8402,2417238, , , , , 
California,6,siskiyou,93,2023m2,2023,2,5072,8361,2439793, , , , , 
California,6,siskiyou,93,2023m3,2023,3,5166,8552,2603848,572,187,170,21,125
California,6,siskiyou,93,2023m4,2023,4,5228,8670,1567497, , , , , 
California,6,siskiyou,93,2023m5,2023,5,5363,8908,1567692,320,252,144,25,103
California,6,siskiyou,93,2023m6,2023,6,5469,9061,1550171,345,216,130,35,80
California,6,siskiyou,93,2023m7,2023,7,5464,9060,1528681,260,171,99,24,61
California,6,siskiyou,93,2023m8,2023,8,5522,9189,1565056,306,184,99,36,52
California,6,siskiyou,93,2023m9,2023,9,5539,9192,1549916,290,181,117,39,62
California,6,siskiyou,93,2023m10,2023,10,5589,9226,1678954,270,183,110,45,55
California,6,siskiyou,93,2023m11,2023,11,5615,9240,1673943,292,160,86,30,44
California,6,siskiyou,93,2023m12,2023,12,5701,9369,1708915,270,211,84,33,43
California,6,siskiyou,93,2024m1,2024,1,5750,9413,1690534,289,204,100,32,58
California,6,siskiyou,93,2024m2,2024,2,5743,9418,1693474,281,158,94,29,59
California,6,solano,95,2016m7,2016,7,22415,42303,5999360,1435,733,483,99,275
California,6,solano,95,2016m8,2016,8,22402,42066,5985974,1712,880,572,131,302
California,6,solano,95,2016m9,2016,9,22149,41939,5926393,1449,809,543,134,292
California,6,solano,95,2016m10,2016,10,21992,41617,5851571,1450,725,470,121,252
California,6,solano,95,2016m11,2016,11,21756,41179,5775764,1364,719,477,111,265
California,6,solano,95,2016m12,2016,12,21606,40825,5733198,1323,820,436,98,231
California,6,solano,95,2017m1,2017,1,21415,40381,5637362,1643,746,457,127,240
California,6,solano,95,2017m2,2017,2,21149,40026,5551089,1312,771,472,98,292
California,6,solano,95,2017m3,2017,3,21384,40235,5632331,1499,817,572,139,326
California,6,solano,95,2017m4,2017,4,21060,39724,5502279,1310,667,436,108,261
California,6,solano,95,2017m5,2017,5,21136,39676,5520113,1558,774,510,158,258
California,6,solano,95,2017m6,2017,6,21025,39458,5474270,1496,792,523,164,268
California,6,solano,95,2017m7,2017,7,20918,39289,5470870,1499,739,469,123,264
California,6,solano,95,2017m8,2017,8,21031,39333,5514656,1182,900,603,140,350
California,6,solano,95,2017m9,2017,9,20949,39407,5454428,1559,804,572,160,338
California,6,solano,95,2017m10,2017,10,20972,39184,5374578,1593,761,547,130,326
California,6,solano,95,2017m11,2017,11,20868,38995,5351390,1490,821,588,141,359
California,6,solano,95,2017m12,2017,12,20974,39153,5370746,1372,794,504,132,317
California,6,solano,95,2018m1,2018,1,20761,38145,5282427,1774,749,485,120,285
California,6,solano,95,2018m2,2018,2,20387,37788,5186814,1294,802,515,112,332
California,6,solano,95,2018m3,2018,3,20539,37878,5231488,1475,762,479,115,301
California,6,solano,95,2018m4,2018,4,20322,37493,5173250,1483,767,481,117,286
California,6,solano,95,2018m5,2018,5,20354,37463,5153122,1547,753,594,145,342
California,6,solano,95,2018m6,2018,6,20301,37331,5145812,1480,765,528,126,306
California,6,solano,95,2018m7,2018,7,20109,36940,5104994,1546,715,513,131,291
California,6,solano,95,2018m8,2018,8,20146,36916,5102489,1687,835,616,163,353
California,6,solano,95,2018m9,2018,9,20009,36898,5072200,1484,711,528,132,307
California,6,solano,95,2018m10,2018,10,20010,36766,5104688,1798,803,678,187,363
California,6,solano,95,2018m11,2018,11,19733,36439,5015553,1358,726,596,142,364
California,6,solano,95,2018m12,2018,12,19622,36196,4977249,1251,661,488,131,289
California,6,solano,95,2019m1,2019,1,19641,35179,8990215,1468,715,499,119,294
California,6,solano,95,2019m2,2019,2,3031,4679,773256,1340,652,490,111,308
California,6,solano,95,2019m3,2019,3,19013,34962,4791905,1393,692,528,116,319
California,6,solano,95,2019m4,2019,4,18892,34509,4724778,1587,759,563,140,325
California,6,solano,95,2019m5,2019,5,18948,34423,4717715,2181,943,619,125,398
California,6,solano,95,2019m6,2019,6,20220,35725,4851722,2523,1760,618,141,379
California,6,solano,95,2019m7,2019,7,20660,37003,4866875,2231,1510,771,154,488
California,6,solano,95,2019m8,2019,8,20989,37728,4902548,1856,1193,733,164,452
California,6,solano,95,2019m9,2019,9,21505,38382,4948017,1749,1032,620,129,388
California,6,solano,95,2019m10,2019,10,19358,38193,4864704,1631,933,648,148,381
California,6,solano,95,2019m11,2019,11,21622,38226,4830817,1348,860,527,129,324
California,6,solano,95,2019m12,2019,12,21683,38300,4844189,1552,809,538,118,321
California,6,solano,95,2020m1,2020,1,21574,37841,4736124,1806,893,521,96,354
California,6,solano,95,2020m2,2020,2,21470,37649,4703553,1383,783,579,107,381
California,6,solano,95,2020m3,2020,3,21596,37652,4774812,1996,874,579,117,374
California,6,solano,95,2020m4,2020,4,24193,41337,7398387,3330,1953,758,235,393
California,6,solano,95,2020m5,2020,5,26011,44165,8005050,2530,1761,1052,541,338
California,6,solano,95,2020m6,2020,6,27019,45845,8388807,1886,893,956,494,328
California,6,solano,95,2020m7,2020,7,26824,44831,8044379,1567,763,797,322,328
California,6,solano,95,2020m8,2020,8,26513,44318,7893097,1695,866,528,220,234
California,6,solano,95,2020m9,2020,9,26245,45792,7815846,1533,848,207,70,35
California,6,solano,95,2020m10,2020,10,25400,44413,7915574,1526,697,170,66,20
California,6,solano,95,2020m11,2020,11,24401,42611,7666112,1683,948,165,81,28
California,6,solano,95,2020m12,2020,12,24227,42333,7656006,2518,1142,220,88,41
California,6,solano,95,2021m1,2021,1,24745,42955,7726353,2096,1517,278,128,32
California,6,solano,95,2021m2,2021,2,25452,43972,10222131,1841,1138,264,129,47
California,6,solano,95,2021m3,2021,3,25444,43838,9159822,1894,1084,310,133,90
California,6,solano,95,2021m4,2021,4,25557,43889,9187237,1567,878,237,101,56
California,6,solano,95,2021m5,2021,5,25977,44411,10090075,1493,758,426,129,226
California,6,solano,95,2021m6,2021,6,25831,44244,9910146,2747,1208,620,215,302
California,6,solano,95,2021m7,2021,7,25769,44221,10106331,2511,1487,963,309,496
California,6,solano,95,2021m8,2021,8,26144,44862,10173769,2712,1379,887,310,435
California,6,solano,95,2021m9,2021,9,26685,45755,10533743,2891,1437,931,324,453
California,6,solano,95,2021m10,2021,10,27569,47138,11800957,2805,1608,967,313,486
California,6,solano,95,2021m11,2021,11,28084,47845,11866124,2209,1148,931,271,508
California,6,solano,95,2021m12,2021,12,28305,48081,11953341,1912,1035,820,222,476
California,6,solano,95,2022m1,2022,1,28298,47934,11840993,2503,1067,747,215,391
California,6,solano,95,2022m2,2022,2,28376,48005,12055810,2076,1129,812,277,412
California,6,solano,95,2022m3,2022,3,28704,48684,12106450,2378,1288,892,300,456
California,6,solano,95,2022m4,2022,4,28655,48663,12103709,2165,1001,781,253,414
California,6,solano,95,2022m5,2022,5,28749,48869,12171886,2183,1072,775,221,425
California,6,solano,95,2022m6,2022,6,29002,49319,12253751,2329,1052,864,288,435
California,6,solano,95,2022m7,2022,7,29169,49560,12365091,2364,1071,891,267,478
California,6,solano,95,2022m8,2022,8,29520,50173,12513175,2651,1232,1022,364,502
California,6,solano,95,2022m9,2022,9,29719,50524,12563765,2400,1098,868,271,467
California,6,solano,95,2022m10,2022,10,29963,50913,14185470,2418,1116,960,323,484
California,6,solano,95,2022m11,2022,11,30259,51349,14404634,2294,1112,1030,295,553
California,6,solano,95,2022m12,2022,12,30365,51485,14413276,2140,998,826,240,453
California,6,solano,95,2023m1,2023,1,30764,52090,14316497,2661,1158,971,319,450
California,6,solano,95,2023m2,2023,2,30864,52295,14434635,2094,1167,909,258,528
California,6,solano,95,2023m3,2023,3,31113,52651,14779492,2211,1227,1027,286,536
California,6,solano,95,2023m4,2023,4,29600,50203,9135578,1993,1038,807,231,434
California,6,solano,95,2023m5,2023,5,29797,50416,9190040,2270,1108,840,247,467
California,6,solano,95,2023m6,2023,6,29960,50546,9218262,2131,1041,786,228,435
California,6,solano,95,2023m7,2023,7,29629,49759,9034361,2322,1106,1009,325,543
California,6,solano,95,2023m8,2023,8,30102,50561,9245118,2780,1438,1367,514,662
California,6,solano,95,2023m9,2023,9,30211,50549,9220072,2503,1251,1236,473,607
California,6,solano,95,2023m10,2023,10,30377,50724,9842198,2531,1184,1112,376,588
California,6,solano,95,2023m11,2023,11,30448,50715,9803234,2289,1122,1123,353,644
California,6,solano,95,2023m12,2023,12,30468,50764,9893047.24,2115,1088,878,289,478
California,6,solano,95,2024m1,2024,1,30643,50928,9943924,2880,1282,1068,415,484
California,6,solano,95,2024m2,2024,2,27974,46476,9873424,2386,1198,1104,343,589
California,6,sonoma,97,2016m7,2016,7,19088,33804,4517730,1408,765,519, , 
California,6,sonoma,97,2016m8,2016,8,18830,33256,4439985,1583,805,664, , 
California,6,sonoma,97,2016m9,2016,9,18529,32851,4347668,1425,852,743, , 
California,6,sonoma,97,2016m10,2016,10,18256,32490,4300983,1385,778,615, , 
California,6,sonoma,97,2016m11,2016,11,17998,31995,4208722,1378,790,622, , 
California,6,sonoma,97,2016m12,2016,12,17891,31889,4198202,1468,470,803,525,238
California,6,sonoma,97,2017m1,2017,1,17594,31271,4142476,992,497,927, , 
California,6,sonoma,97,2017m2,2017,2,17390,31056,4106558,825,446,403,103,255
California,6,sonoma,97,2017m3,2017,3,17574,31052,4145209,944,507,489,142,333
California,6,sonoma,97,2017m4,2017,4,17375,30719,4074728,876,393,384,100,242
California,6,sonoma,97,2017m5,2017,5,17348,30594,4058911,951,440,433,100,291
California,6,sonoma,97,2017m6,2017,6,17326,30450,4035513,950,466,401,122,253
California,6,sonoma,97,2017m7,2017,7,17114,30018,3963537,964,422,400,95,266
California,6,sonoma,97,2017m8,2017,8,17242,30059,3978258,1234,482,482,137,294
California,6,sonoma,97,2017m9,2017,9,17167,30001,3933505,1035,465,487,119,314
California,6,sonoma,97,2017m10,2017,10,16960,29511,3872793,1339,390,309,85,161
California,6,sonoma,97,2017m11,2017,11,17414,30149,3836115,1056,491,744,127,516
California,6,sonoma,97,2017m12,2017,12,16881,29682,3864941,931,464,740,159,501
California,6,sonoma,97,2018m1,2018,1,16778,29264,3820637,1163,568,1196, , 
California,6,sonoma,97,2018m2,2018,2,16488,28908,3746748,865,486,1020, , 
California,6,sonoma,97,2018m3,2018,3,16662,28991,3771363,1041,621,1178, , 
California,6,sonoma,97,2018m4,2018,4,16437,28471,3713495,964,593,1023, , 
California,6,sonoma,97,2018m5,2018,5,16379,28308,3677549,980,536,992, , 
California,6,sonoma,97,2018m6,2018,6,16319,28135,3648002,943,497,924, , 
California,6,sonoma,97,2018m7,2018,7,16106,27643,3587117,1053,553,1071, , 
California,6,sonoma,97,2018m8,2018,8,16099,27581,3583190,1123,626,1227, , 
California,6,sonoma,97,2018m9,2018,9,15906,27371,3532043,983,496,1061, , 
California,6,sonoma,97,2018m10,2018,10,15779,26919,3529465,1132,566,1221, , 
California,6,sonoma,97,2018m11,2018,11,15571,26553,3462166,910,508,1031, , 
California,6,sonoma,97,2018m12,2018,12,15389,26120,3425275,864,530,959, , 
California,6,sonoma,97,2019m1,2019,1,15231,25002,6053320,1097,512,1038, , 
California,6,sonoma,97,2019m2,2019,2,3125,4215,559908,968,440,1092, , 
California,6,sonoma,97,2019m3,2019,3,14995,24175,6059337,1124,534,605,123,410
California,6,sonoma,97,2019m4,2019,4,2732,3506,490330,1059,545,592,94,419
California,6,sonoma,97,2019m5,2019,5,14923,24955,3268319,1825,677,679,120,485
California,6,sonoma,97,2019m6,2019,6,15529,26279,3270341,2138,609,568,119,367
California,6,sonoma,97,2019m7,2019,7,15865,26229,3285814,1921,682,2275,1692,506
California,6,sonoma,97,2019m8,2019,8,16242,26679,3304639,1364,878,1781,913,849
California,6,sonoma,97,2019m9,2019,9,16337,26758,3258448,1436,834,1122,599,438
California,6,sonoma,97,2019m10,2019,10,16385,29364,3251377,1317,679,1469,639,764
California,6,sonoma,97,2019m11,2019,11,16490,29235,3213553,1452,695,1567,713,790
California,6,sonoma,97,2019m12,2019,12,16484,26876,3234754,1321,680,1383,549,759
California,6,sonoma,97,2020m1,2020,1,16482,26810,3199446,1570,641,1387,641,680
California,6,sonoma,97,2020m2,2020,2,16424,26680,3190424,1249,577,1270,542,682
California,6,sonoma,97,2020m3,2020,3,16660,26741,3232098.6,1373,651,1266,541,675
California,6,sonoma,97,2020m4,2020,4,18267,29076,5258936,1823,1406,1199,701,442
California,6,sonoma,97,2020m5,2020,5,19473,31184,5711189,2172,993,1457,563,830
California,6,sonoma,97,2020m6,2020,6,20155,32029,5970701,3106,880,1638,757,744
California,6,sonoma,97,2020m7,2020,7,20358,31956,5952638,1455,885,1580,610,857
California,6,sonoma,97,2020m8,2020,8,20574,32476,5920008,1361,1038,1270,492,739
California,6,sonoma,97,2020m9,2020,9,20280,33120,5776721,1228,575,842,354,449
California,6,sonoma,97,2020m10,2020,10,19769,32419,5869482,1139,641,1065,365,633
California,6,sonoma,97,2020m11,2020,11,19059,31059,5670008,989,509,675,268,351
California,6,sonoma,97,2020m12,2020,12,18589,30337,5665448,1135,712,836,308,465
California,6,sonoma,97,2021m1,2021,1,18506,30183,5630265,1513,740,995,357,574
California,6,sonoma,97,2021m2,2021,2,18837,30652,7314876,1588,653,957,332,538
California,6,sonoma,97,2021m3,2021,3,18578,30311,6608100,1165,672,994,321,593
California,6,sonoma,97,2021m4,2021,4,18467,30234,6726412,1375,715,939,264,564
California,6,sonoma,97,2021m5,2021,5,18829,30690,7424821,1207,752,1011,333,592
California,6,sonoma,97,2021m6,2021,6,18998,30966,7473770,1842,987,1294,397,804
California,6,sonoma,97,2021m7,2021,7,19017,30940,7503127,1713,893,1328,499,750
California,6,sonoma,97,2021m8,2021,8,19176,31135,7384007,2320,975,1406,463,846
California,6,sonoma,97,2021m9,2021,9,19147,31018,7545674,2196,820,1235,425,708
California,6,sonoma,97,2021m10,2021,10,19562,31532,8337468,2140,1058,1571,623,841
California,6,sonoma,97,2021m11,2021,11,19909,32022,8268109,1745,985,1440,505,838
California,6,sonoma,97,2021m12,2021,12,20262,32451,8587700,1805,1121,1526,534,846
California,6,sonoma,97,2022m1,2022,1,20436,32601,8500703,1908,1038,1435,569,751
California,6,sonoma,97,2022m2,2022,2,20653,32750,8793756,1551,1054,1362,471,745
California,6,sonoma,97,2022m3,2022,3,21169,33545,8869733,2145,1255,1713,596,945
California,6,sonoma,97,2022m4,2022,4,21756,34549,9018034,1818,1347,1815,675,991
California,6,sonoma,97,2022m5,2022,5,22146,35199,9279470,1704,1170,1662,541,991
California,6,sonoma,97,2022m6,2022,6,22450,35857,9320387,1864,1079,1650,498,1036
California,6,sonoma,97,2022m7,2022,7,22692,36213,9386343,1969,963,1198,425,690
California,6,sonoma,97,2022m8,2022,8,23107,36935,9419904,2354,1185,1462,409,998
California,6,sonoma,97,2022m9,2022,9,23226,37097,9393030,2049,996,1772,387,1352
California,6,sonoma,97,2022m10,2022,10,23390,37394,10607236,2263,968,1798,378,1372
California,6,sonoma,97,2022m11,2022,11,23378,37402,10607009,2282,980,1458,380,1036
California,6,sonoma,97,2022m12,2022,12,23696,37939,10838840,2229,1001,1699,384,1285
California,6,sonoma,97,2023m1,2023,1,23942,38403,10704673,2387,959,1770,457,1273
California,6,sonoma,97,2023m2,2023,2,24022,38500,10869625,2058,968,2058,462,1564
California,6,sonoma,97,2023m3,2023,3,24277,38869,11164656,2150,961,2277,345,1893
California,6,sonoma,97,2023m4,2023,4,23196,37125,6780657,1675,758,1886,263,1591
California,6,sonoma,97,2023m5,2023,5,23430,37481,6839119,1958,854,1954,293,1621
California,6,sonoma,97,2023m6,2023,6,23490,37537,6798920,1979,802,1781,307,1446
California,6,sonoma,97,2023m7,2023,7,23323,37333,6756349,1785,612,1369,274,1073
California,6,sonoma,97,2023m8,2023,8,23346,37341,6783792,2034,808,1122,280,810
California,6,sonoma,97,2023m9,2023,9,22890,35860,6524325,771,490,348,109,206
California,6,sonoma,97,2023m10,2023,10,22884,37511,7068669,2264,701,479,127,324
California,6,sonoma,97,2023m11,2023,11,22675,36150,7038212,2258,722,480,139,285
California,6,sonoma,97,2023m12,2023,12,22552,35912,7187667,1814,783,1613,190,1384
California,6,sonoma,97,2024m1,2024,1,22817,36267,7254186,1712,1123,1038,183,793
California,6,sonoma,97,2024m2,2024,2,22732,36067,7091594,1582,782,750,160,535
California,6,stanislaus,99,2016m7,2016,7,41897,87686,11852842,2825,1792,1013,474,410
California,6,stanislaus,99,2016m8,2016,8,41974,87836,11861191,3533,2213,1196,617,407
California,6,stanislaus,99,2016m9,2016,9,41499,87093,11696800,3085,2052,1137,547,409
California,6,stanislaus,99,2016m10,2016,10,41187,86397,11629538,2924,1945,1066,543,398
California,6,stanislaus,99,2016m11,2016,11,40920,85844,11549116,2821,1918,916,437,353
California,6,stanislaus,99,2016m12,2016,12,40599,85272,11448201,2643,1760,860,413,341
California,6,stanislaus,99,2017m1,2017,1,40463,84966,11332984,3247,2035,1013,426,426
California,6,stanislaus,99,2017m2,2017,2,40049,84462,11282595,2774,1847,1026,489,423
California,6,stanislaus,99,2017m3,2017,3,40126,84285,11302596,2871,1974,1025,497,415
California,6,stanislaus,99,2017m4,2017,4,39798,83375,11148526,2586,1714,827,378,321
California,6,stanislaus,99,2017m5,2017,5,39732,83137,11075336,2837,1864,986,506,370
California,6,stanislaus,99,2017m6,2017,6,39844,83142,11077547,3085,1942,1069,540,421
California,6,stanislaus,99,2017m7,2017,7,39640,82629,10994516,2804,1761,1024,525,405
California,6,stanislaus,99,2017m8,2017,8,39568,82528,10963563,3293,2027,1129,597,452
California,6,stanislaus,99,2017m9,2017,9,39239,81885,10799648,2779,1748,1052,405,539
California,6,stanislaus,99,2017m10,2017,10,39064,81180,10674000,2935,1837,1003,360,567
California,6,stanislaus,99,2017m11,2017,11,38782,80667,10614602,2844,1828,1013,393,516
California,6,stanislaus,99,2017m12,2017,12,38671,80673,10603345,2578,1718,932,335,517
California,6,stanislaus,99,2018m1,2018,1,38318,80036,10566492,3116,1827,980,311,561
California,6,stanislaus,99,2018m2,2018,2,37759,79077,10398019,2647,1718,950,302,551
California,6,stanislaus,99,2018m3,2018,3,37905,79038,10379889,2803,1866,1046,346,644
California,6,stanislaus,99,2018m4,2018,4,37473,78058,10236216,2644,1618,901,289,543
California,6,stanislaus,99,2018m5,2018,5,37386,77678,10206504,2820,1778,1023,323,648
California,6,stanislaus,99,2018m6,2018,6,37211,76976,10143455,2779,1713,990,318,613
California,6,stanislaus,99,2018m7,2018,7,36797,76286,10053466,2820,1733,1008,314,639
California,6,stanislaus,99,2018m8,2018,8,36578,75934,10000590,3068,1841,1246,429,750
California,6,stanislaus,99,2018m9,2018,9,36191,75154,9870038,2605,1584,1006,346,591
California,6,stanislaus,99,2018m10,2018,10,35910,74432,9911648,2942,1841,1127,350,703
California,6,stanislaus,99,2018m11,2018,11,35461,73506,9748084,2648,1592,1004,303,622
California,6,stanislaus,99,2018m12,2018,12,35274,72985,9686501,2467,1635,1005,322,617
California,6,stanislaus,99,2019m1,2019,1,35160,72410,17379757,3048,1757,1087,312,692
California,6,stanislaus,99,2019m2,2019,2,5806,12994,1556609,2331,1431,931,295,563
California,6,stanislaus,99,2019m3,2019,3,34168,70460,9297169,2629,1546,1079,318,674
California,6,stanislaus,99,2019m4,2019,4,33944,69856,9090702,2926,1806,1114,335,694
California,6,stanislaus,99,2019m5,2019,5,33754,69441,8996537,4170,1599,1313,452,776
California,6,stanislaus,99,2019m6,2019,6,35025,70553,9002721,5419,2114,2087,1131,848
California,6,stanislaus,99,2019m7,2019,7,36656,72673,9168067,4119,3016,2185,863,1184
California,6,stanislaus,99,2019m8,2019,8,37433,73742,9164039,3462,2334,1603,474,991
California,6,stanislaus,99,2019m9,2019,9,37712,74074,9071845,3283,1921,1315,359,849
California,6,stanislaus,99,2019m10,2019,10,37874,74246,8993979,3367,1860,1436,395,921
California,6,stanislaus,99,2019m11,2019,11,37895,73906,8906203,2764,1734,1224,386,741
California,6,stanislaus,99,2019m12,2019,12,38085,74124,8902696,2664,1826,1364,362,891
California,6,stanislaus,99,2020m1,2020,1,37913,73655,8791328,3223,1777,1170,309,749
California,6,stanislaus,99,2020m2,2020,2,37830,73410,8775260,2684,1670,1098,278,726
California,6,stanislaus,99,2020m3,2020,3,37904,73491,8827532,3434,1658,1218,347,756
California,6,stanislaus,99,2020m4,2020,4,40220,77715,13509399,4768,2254,1760,685,898
California,6,stanislaus,99,2020m5,2020,5,41830,80723,14258886,3476,1922,2214,903,1060
California,6,stanislaus,99,2020m6,2020,6,41252,78669,14214885,3233,1307,2222,890,1083
California,6,stanislaus,99,2020m7,2020,7,39168,74331,13005184,2829,1049,1988,715,1064
California,6,stanislaus,99,2020m8,2020,8,38611,73675,12803501,3618,1488,1655,565,935
California,6,stanislaus,99,2020m9,2020,9,38372,73796,12927558,2876,1563,1744,492,1093
California,6,stanislaus,99,2020m10,2020,10,36965,71656,13386950,2917,1527,1570,412,1046
California,6,stanislaus,99,2020m11,2020,11,35741,69436,12879339,2961,1406,1228,297,831
California,6,stanislaus,99,2020m12,2020,12,35098,68315,12790633,4291,1601,1539,330,1095
California,6,stanislaus,99,2021m1,2021,1,35690,69144,12787750,3592,1956,1939,347,1437
California,6,stanislaus,99,2021m2,2021,2,35917,69479,16800403,3317,1796,1835,356,1314
California,6,stanislaus,99,2021m3,2021,3,36532,70476,14976322,3304,2003,2001,416,1398
California,6,stanislaus,99,2021m4,2021,4,36317,70192,15087336,2716,1325,1420,267,1024
California,6,stanislaus,99,2021m5,2021,5,36089,70003,16433960,2750,1314,1162,235,842
California,6,stanislaus,99,2021m6,2021,6,35931,69913,16367638,4874,1733,1712,325,1235
California,6,stanislaus,99,2021m7,2021,7,36151,70235,16590213,4186,1591,1829,360,1317
California,6,stanislaus,99,2021m8,2021,8,36283,70142,16474325,4270,1753,2181,460,1510
California,6,stanislaus,99,2021m9,2021,9,36271,69791,16690681,4252,1492,1760,360,1240
California,6,stanislaus,99,2021m10,2021,10,36980,70640,18590769,4310,2068,2570,478,1829
California,6,stanislaus,99,2021m11,2021,11,37505,71027,18489865,3917,2015,2575,524,1830
California,6,stanislaus,99,2021m12,2021,12,37646,71183,18645476,3493,2099,2582,531,1818
California,6,stanislaus,99,2022m1,2022,1,37614,71051,18730226,3601,1672,1769,301,1278
California,6,stanislaus,99,2022m2,2022,2,37907,71328,18685694,4830,1875,1935,349,1378
California,6,stanislaus,99,2022m3,2022,3,38767,73146,19087609,4290,2282,2427,497,1699
California,6,stanislaus,99,2022m4,2022,4,39353,74294,19015941,3247,1862,1921,435,1284
California,6,stanislaus,99,2022m5,2022,5,39972,75448,19344257,3779,1818,2045,476,1366
California,6,stanislaus,99,2022m6,2022,6,40659,76859,19623949,4600,1852,1908,489,1228
California,6,stanislaus,99,2022m7,2022,7,40911,77315,19852489,4230,1590,1502,398,967
California,6,stanislaus,99,2022m8,2022,8,41265,77850,20036972,4681,1790,2250,576,1437
California,6,stanislaus,99,2022m9,2022,9,41630,78393,20077134,4077,1937,2237,559,1410
California,6,stanislaus,99,2022m10,2022,10,42496,79869,23214531,4253,2239,2271,692,1345
California,6,stanislaus,99,2022m11,2022,11,43158,80917,23367618,3600,1952,2350,1607,568
California,6,stanislaus,99,2022m12,2022,12,43608,81801,23535461,3487,1833,1953,503,1237
California,6,stanislaus,99,2023m1,2023,1,43894,82244,23131330,4455,2007,2089,599,1247
California,6,stanislaus,99,2023m2,2023,2,44535,83275,23800628,3479,2095,2225,643,1308
California,6,stanislaus,99,2023m3,2023,3,45845,85558,24740718,4196,2508,2409,674,1434
California,6,stanislaus,99,2023m4,2023,4,46245,86764,15276084,3261,2090,1620,601,794
California,6,stanislaus,99,2023m5,2023,5,47131,88161,15348896,3819,2167,1689,586,870
California,6,stanislaus,99,2023m6,2023,6,47530,88676,15384890,3733,1929,1614,559,815
California,6,stanislaus,99,2023m7,2023,7,47981,89445,15604886,3469,1861,1506,551,758
California,6,stanislaus,99,2023m8,2023,8,48684,90511,15780017,4160,2171,1794,697,853
California,6,stanislaus,99,2023m9,2023,9,48829,90820,15822054,3394,1804,1631,534,897
California,6,stanislaus,99,2023m10,2023,10,49248,91314,16929436,3501,2029,1648,602,874
California,6,stanislaus,99,2023m11,2023,11,49166,91144,16821633,3101,1732,1568,540,866
California,6,stanislaus,99,2023m12,2023,12,49346,91348,16865146,3295,1720,2075,1213,715
California,6,stanislaus,99,2024m1,2024,1,49662,91958,16904794,3848,2012,1462,568,734
California,6,stanislaus,99,2024m2,2024,2,49882,92418,16896678,3718,1941,1632,578,836
California,6,sutter,101,2016m7,2016,7,5725,13127,1736060,372,208,163,50,91
California,6,sutter,101,2016m8,2016,8,5680,13033,1726354,510,238,213,64,120
California,6,sutter,101,2016m9,2016,9,5615,12856,1698185,419,234,211,68,118
California,6,sutter,101,2016m10,2016,10,5549,12653,1686599,400,219,183,66,95
California,6,sutter,101,2016m11,2016,11,5570,12709,1691255,454,271,178,64,90
California,6,sutter,101,2016m12,2016,12,5591,12823,1710117,418,270,155,59,79
California,6,sutter,101,2017m1,2017,1,5637,12912,1718542,505,292,153,50,87
California,6,sutter,101,2017m2,2017,2,5599,12877,1708422,353,206,123,40,67
California,6,sutter,101,2017m3,2017,3,5693,13063,1740667,412,241,196,67,110
California,6,sutter,101,2017m4,2017,4,5660,12998,1705357,423,225,185,56,108
California,6,sutter,101,2017m5,2017,5,5609,12819,1687328,385,196,176,71,91
California,6,sutter,101,2017m6,2017,6,5558,12737,1681691,384,218,170,70,80
California,6,sutter,101,2017m7,2017,7,5452,12529,1639433,345,186,163,62,81
California,6,sutter,101,2017m8,2017,8,5413,12391,1613123,464,231,187,76,96
California,6,sutter,101,2017m9,2017,9,5361,12250,1589145,382,207,167,33,114
California,6,sutter,101,2017m10,2017,10,5303,12101,1558719,422,193,184,31,129
California,6,sutter,101,2017m11,2017,11,5301,12071,1551459,485,234,191,36,147
California,6,sutter,101,2017m12,2017,12,5359,12232,1583167,409,269,161,24,120
California,6,sutter,101,2018m1,2018,1,5374,12262,1589277,493,279,220,37,159
California,6,sutter,101,2018m2,2018,2,5348,12267,1579825,319,186,160,33,110
California,6,sutter,101,2018m3,2018,3,5315,12152,1568354,346,195,138,33,95
California,6,sutter,101,2018m4,2018,4,5271,11982,1545401,424,243,172,24,127
California,6,sutter,101,2018m5,2018,5,5182,11796,1515271,343,175,154,26,107
California,6,sutter,101,2018m6,2018,6,5083,11542,1492623,394,191,163,40,110
California,6,sutter,101,2018m7,2018,7,5032,11438,1487261,404,201,215,49,140
California,6,sutter,101,2018m8,2018,8,5058,11483,1484462,430,235,207,38,155
California,6,sutter,101,2018m9,2018,9,4994,11285,1445333,377,184,176,27,137
California,6,sutter,101,2018m10,2018,10,4965,11170,1455259,394,211,193,49,133
California,6,sutter,101,2018m11,2018,11,4970,11180,1460768,372,200,149,29,96
California,6,sutter,101,2018m12,2018,12,4964,11187,1471993,314,195,119,25,78
California,6,sutter,101,2019m1,2019,1,4980,11221,2691762,451,221,178,30,132
California,6,sutter,101,2019m2,2019,2,826,1990,226161,285,186,134,26,97
California,6,sutter,101,2019m3,2019,3,4897,11076,1434581,361,191,166,36,106
California,6,sutter,101,2019m4,2019,4,4862,10992,1402189,406,201,184,35,122
California,6,sutter,101,2019m5,2019,5,4834,10933,1397525,512,181,207,61,131
California,6,sutter,101,2019m6,2019,6,4978,10979,1390259,668,276,312,122,176
California,6,sutter,101,2019m7,2019,7,5180,11216,1402330,602,394,288,53,209
California,6,sutter,101,2019m8,2019,8,5319,11431,1413675,485,322,221,39,161
California,6,sutter,101,2019m9,2019,9,5280,11303,1379456,417,221,201,35,148
California,6,sutter,101,2019m10,2019,10,5337,11290,1371054,490,266,209,49,139
California,6,sutter,101,2019m11,2019,11,5365,11331,1358983,420,256,160,38,108
California,6,sutter,101,2019m12,2019,12,5369,11389,1358245,415,234,145,35,97
California,6,sutter,101,2020m1,2020,1,5443,11447,1363330,556,299,194,36,138
California,6,sutter,101,2020m2,2020,2,5486,11489,1378975,379,259,178,45,116
California,6,sutter,101,2020m3,2020,3,5520,11534,1380210,455,217,158,35,99
California,6,sutter,101,2020m4,2020,4,5879,12229,2100112,650,317,261,63,156
California,6,sutter,101,2020m5,2020,5,6075,12540,2206828,404,253,241,50,139
California,6,sutter,101,2020m6,2020,6,6132,12524,2195020,482,192,294,56,169
California,6,sutter,101,2020m7,2020,7,5871,12008,2077003,412,172,271,58,162
California,6,sutter,101,2020m8,2020,8,5744,11737,2030117,460,209,210,34,138
California,6,sutter,101,2020m9,2020,9,5680,11623,2015790,410,204,208,40,141
California,6,sutter,101,2020m10,2020,10,5515,11358,2067135,381,218,187,35,136
California,6,sutter,101,2020m11,2020,11,5396,11152,2024203,406,199,145,27,101
California,6,sutter,101,2020m12,2020,12,5381,11226,2071417,607,281,214,42,140
California,6,sutter,101,2021m1,2021,1,5532,11450,2076281,508,297,236,37,167
California,6,sutter,101,2021m2,2021,2,5583,11563,2735698,418,249,186,35,127
California,6,sutter,101,2021m3,2021,3,5649,11647,2426468,407,236,225,31,154
California,6,sutter,101,2021m4,2021,4,5588,11503,2438440,346,212,164,26,119
California,6,sutter,101,2021m5,2021,5,5546,11443,2615585,347,224,147,35,88
California,6,sutter,101,2021m6,2021,6,5548,11437,2622834,635,242,178,26,134
California,6,sutter,101,2021m7,2021,7,5662,11601,2662218,584,304,317,44,220
California,6,sutter,101,2021m8,2021,8,5758,11751,2685870,600,322,312,49,205
California,6,sutter,101,2021m9,2021,9,5858,11871,2753747,606,281,236,27,167
California,6,sutter,101,2021m10,2021,10,6013,12158,3060047,679,353,296,38,211
California,6,sutter,101,2021m11,2021,11,6089,12150,3039094,526,302,238,43,162
California,6,sutter,101,2021m12,2021,12,6124,12229,3045515,522,334,260,53,178
California,6,sutter,101,2022m1,2022,1,6106,12270,3059644,541,283,197,34,131
California,6,sutter,101,2022m2,2022,2,6171,12414,3121775,562,290,204,52,114
California,6,sutter,101,2022m3,2022,3,6214,12552,3126186,581,302,336,68,225
California,6,sutter,101,2022m4,2022,4,6255,12630,3124351,497,268,252,54,164
California,6,sutter,101,2022m5,2022,5,6340,12774,3163346,588,245,254,51,170
California,6,sutter,101,2022m6,2022,6,6421,12951,3220228,636,263,288,43,195
California,6,sutter,101,2022m7,2022,7,6452,13015,3251968,591,254,284,48,187
California,6,sutter,101,2022m8,2022,8,6552,13178,3296087,713,295,344,69,220
California,6,sutter,101,2022m9,2022,9,6671,13402,3313030,691,277,341,66,222
California,6,sutter,101,2022m10,2022,10,6769,13630,3808213,612,283,396,71,262
California,6,sutter,101,2022m11,2022,11,6807,13743,3842805,509,202,265,47,176
California,6,sutter,101,2022m12,2022,12,6813,13837,3865123,738,237,251,53,154
California,6,sutter,101,2023m1,2023,1,6790,13866,3775821,575,209,280,43,190
California,6,sutter,101,2023m2,2023,2,6774,13855,3823182,695,199,298,51,216
California,6,sutter,101,2023m3,2023,3,6832,13966,3981981,558,249,350,45,255
California,6,sutter,101,2023m4,2023,4,6753,13815,2445495,515,190,309,51,201
California,6,sutter,101,2023m5,2023,5,6779,13895,2469399,580,183,354,53,246
California,6,sutter,101,2023m6,2023,6,6803,13898,2449645,451,243,303,45,195
California,6,sutter,101,2023m7,2023,7,6807,13791,2405943,512,190,257,34,178
California,6,sutter,101,2023m8,2023,8,6850,13920,2459956,701,239,409,56,274
California,6,sutter,101,2023m9,2023,9,6860,13870,2451071,471,220,327,42,215
California,6,sutter,101,2023m10,2023,10,6958,14001,2618409,559,275,484,68,319
California,6,sutter,101,2023m11,2023,11,7047,14178,2616474,673,298,391,63,265
California,6,sutter,101,2023m12,2023,12,7182,14522,2707596,505,317,308,47,222
California,6,sutter,101,2024m1,2024,1,7406,15006,2775873,768,382,463,55,324
California,6,sutter,101,2024m2,2024,2,7614,15340,2774139,542,312,329,58,214
California,6,tehama,103,2016m7,2016,7,4569,9978,1281056,369,205,130,14,97
California,6,tehama,103,2016m8,2016,8,4557,9960,1275631,399,225,196,43,116
California,6,tehama,103,2016m9,2016,9,4495,9778,1255664,371,193,161,27,100
California,6,tehama,103,2016m10,2016,10,4429,9599,1234307,344,170,169,33,107
California,6,tehama,103,2016m11,2016,11,4398,9464,1214070,363,203,141,29,89
California,6,tehama,103,2016m12,2016,12,4357,9412,1210226,360,225,143,41,89
California,6,tehama,103,2017m1,2017,1,4331,9378,1197525,470,226,158,30,107
California,6,tehama,103,2017m2,2017,2,4297,9312,1206252,342,213,178,28,115
California,6,tehama,103,2017m3,2017,3,4341,9364,1211360,397,221,180,42,97
California,6,tehama,103,2017m4,2017,4,4305,9338,1190694,340,175,145,36,89
California,6,tehama,103,2017m5,2017,5,4340,9395,1207049,358,186,188,32,126
California,6,tehama,103,2017m6,2017,6,4318,9385,1200787,365,181,166,41,96
California,6,tehama,103,2017m7,2017,7,4258,9216,1172019,408,196,138,24,93
California,6,tehama,103,2017m8,2017,8,4285,9331,1191823,399,216,214,46,133
California,6,tehama,103,2017m9,2017,9,4235,8952,1160593,343,182,175,26,124
California,6,tehama,103,2017m10,2017,10,4199,9001,1144379,336,174,147,17,111
California,6,tehama,103,2017m11,2017,11,4131,8880,1118056,376,194,122,16,86
California,6,tehama,103,2017m12,2017,12,4153,8993,1132935,367,213,162,23,113
California,6,tehama,103,2018m1,2018,1,4179,8977,1130034,470,237,173,13,127
California,6,tehama,103,2018m2,2018,2,4119,8928,1113670,339,171,163,14,124
California,6,tehama,103,2018m3,2018,3,4181,9015,1119386,433,209,204,19,153
California,6,tehama,103,2018m4,2018,4,4164,8943,1107745,359,195,168,23,121
California,6,tehama,103,2018m5,2018,5,4157,8896,1110544,402,192,190,15,146
California,6,tehama,103,2018m6,2018,6,4142,8823,1105360,385,194,164,22,115
California,6,tehama,103,2018m7,2018,7,4137,8803,1112364,414,202,178,17,126
California,6,tehama,103,2018m8,2018,8,4128,8710,1104780,416,201,189,19,131
California,6,tehama,103,2018m9,2018,9,4118,8717,1103287,352,203,202,26,136
California,6,tehama,103,2018m10,2018,10,4164,8772,1116222,398,238,178,18,133
California,6,tehama,103,2018m11,2018,11,4134,8678,1094504,402,191,194,28,130
California,6,tehama,103,2018m12,2018,12,4147,8662,1101862,345,190,172,22,135
California,6,tehama,103,2019m1,2019,1,4194,8779,2024573,427,222,180,23,135
California,6,tehama,103,2019m2,2019,2,651,1494,166541,325,152,148,18,118
California,6,tehama,103,2019m3,2019,3,4191,8710,1095643,366,211,168,22,135
California,6,tehama,103,2019m4,2019,4,4166,8687,1078997,358,164,181,18,148
California,6,tehama,103,2019m5,2019,5,4197,8721,1082948,740,187,355,143,199
California,6,tehama,103,2019m6,2019,6,4564,9085,1105724,683,279,416,172,226
California,6,tehama,103,2019m7,2019,7,4836,9498,1137404,600,408,317,38,263
California,6,tehama,103,2019m8,2019,8,4942,9733,1133875,476,227,220,24,180
California,6,tehama,103,2019m9,2019,9,4945,9629,1102928,429,216,180,23,144
California,6,tehama,103,2019m10,2019,10,5053,9781,1493325,398,201,197,17,164
California,6,tehama,103,2019m11,2019,11,4979,9686,1101979,370,203,158,24,127
California,6,tehama,103,2019m12,2019,12,5049,9767,1099549,432,210,191,15,162
California,6,tehama,103,2020m1,2020,1,5059,9817,1095139,454,253,180,20,151
California,6,tehama,103,2020m2,2020,2,5083,9782,1073864,405,206,163,25,131
California,6,tehama,103,2020m3,2020,3,5106,9795,1098375,411,232,214,33,167
California,6,tehama,103,2020m4,2020,4,5394,10264,1151023,505,237,230,29,183
California,6,tehama,103,2020m5,2020,5,5565,10532,1165655,352,162,217,21,177
California,6,tehama,103,2020m6,2020,6,5655,10655,1187846,329,126,199,30,140
California,6,tehama,103,2020m7,2020,7,5500,10296,1112604,350,163,195,27,144
California,6,tehama,103,2020m8,2020,8,5391,10069,1077340,378,163,194,32,148
California,6,tehama,103,2020m9,2020,9,5326,9904,1052655,375,164,200,26,153
California,6,tehama,103,2020m10,2020,10,5174,9611,1092600,392,183,198,22,151
California,6,tehama,103,2020m11,2020,11,5046,9383,1045443,403,179,182,22,145
California,6,tehama,103,2020m12,2020,12,4958,9188,1012454,504,247,247,22,198
California,6,tehama,103,2021m1,2021,1,5004,9247,1008878,473,238,211,21,172
California,6,tehama,103,2021m2,2021,2,5096,9275,1466702,473,242,201,25,155
California,6,tehama,103,2021m3,2021,3,5209,9490,1253006,457,241,217,21,178
California,6,tehama,103,2021m4,2021,4,5173,9449,1244611,325,139,170, , 
California,6,tehama,103,2021m5,2021,5,5152,9382,1239326,318,177,126,16,104
California,6,tehama,103,2021m6,2021,6,5130,9338,1227203,486,188,240,19,202
California,6,tehama,103,2021m7,2021,7,5244,9545,1263155,457,243,222,25,174
California,6,tehama,103,2021m8,2021,8,5288,9623,1263750,470,232,226,26,177
California,6,tehama,103,2021m9,2021,9,5355,9737,1291732,453,219,224,20,185
California,6,tehama,103,2021m10,2021,10,5466,9896,1470917,526,280,259,218,29
California,6,tehama,103,2021m11,2021,11,5530,10016,1497882,485,240,236,32,185
California,6,tehama,103,2021m12,2021,12,5582,10138,1531073,449,234,245,31,188
California,6,tehama,103,2022m1,2022,1,5611,10200,1503573,500,236,250,30,193
California,6,tehama,103,2022m2,2022,2,5695,10310,1505404,421,238,184,26,140
California,6,tehama,103,2022m3,2022,3,5751,10375,1501098,503,297,243,42,181
California,6,tehama,103,2022m4,2022,4,5699,10332,1472210,430,191,119,23,84
California,6,tehama,103,2022m5,2022,5,5877,10585,1539543,520,269,263,27,206
California,6,tehama,103,2022m6,2022,6,6006,10815,1544780,522,268,296,44,220
California,6,tehama,103,2022m7,2022,7,6115,11003,1560991,557,253,274,53,191
California,6,tehama,103,2022m8,2022,8,6221,11227,1586738,552,267,272,42,196
California,6,tehama,103,2022m9,2022,9,6291,11331,1584638,561,244,262,44,195
California,6,tehama,103,2022m10,2022,10,6392,11455,3198519,510,221,283,48,207
California,6,tehama,103,2022m11,2022,11,6442,11581,3231307, , , , , 
California,6,tehama,103,2022m12,2022,12,6641,11834,3242079,442,222,272,26,207
California,6,tehama,103,2023m1,2023,1,6562,11616,3170219,501,187,253,17,192
California,6,tehama,103,2023m2,2023,2,6492,11848,3195496,501,228,251,28,185
California,6,tehama,103,2023m3,2023,3,6669,11886,3379284,469,249,264,40,188
California,6,tehama,103,2023m4,2023,4,6690,11919,2752938, , , , , 
California,6,tehama,103,2023m5,2023,5,6953,12089,1913855,522,214,255,20,208
California,6,tehama,103,2023m6,2023,6,6813,12041,1949788,474,236,249,25,196
California,6,tehama,103,2023m7,2023,7,6895,12042,1957428,466,178,226,31,162
California,6,tehama,103,2023m8,2023,8,6797,12096,1971879,543,229,191,29,132
California,6,tehama,103,2023m9,2023,9,6773,12015,1958423,460,223,194,36,114
California,6,tehama,103,2023m10,2023,10,6847,12163,2144018,431,230,198,31,136
California,6,tehama,103,2023m11,2023,11,6817,12051,2103439,480,242,194,36,129
California,6,tehama,103,2023m12,2023,12,6864,12097,2159630,432,235,196,41,123
California,6,tehama,103,2024m1,2024,1,6902,12117,2157392,551,276,210,39,136
California,6,tehama,103,2024m2,2024,2,6350,11224,2163355,513,289,208,39,129
California,6,trinity,105,2016m7,2016,7,974,1708,240491,87,35,23, , 
California,6,trinity,105,2016m8,2016,8,996,1739,247600,102,52,39, , 
California,6,trinity,105,2016m9,2016,9,1022,1779,253532,114,75,54, , 
California,6,trinity,105,2016m10,2016,10,998,1718,242295,104,67,26, , 
California,6,trinity,105,2016m11,2016,11,1015,1750,250380,92,76,35, , 
California,6,trinity,105,2016m12,2016,12,1013,1750,245070,77,54,30,12,17
California,6,trinity,105,2017m1,2017,1,985,1708,240249,73,44,15, , 
California,6,trinity,105,2017m2,2017,2,970,1698,241844,95,52,29, , 
California,6,trinity,105,2017m3,2017,3,963,1700,240427,80,63,25, , 
California,6,trinity,105,2017m4,2017,4,978,1739,245070,65,55,20, , 
California,6,trinity,105,2017m5,2017,5,966,1710,241798,81,53,28, , 
California,6,trinity,105,2017m6,2017,6,972,1700,239453,85,57,30, , 
California,6,trinity,105,2017m7,2017,7,935,1639,227542,75,40,28, , 
California,6,trinity,105,2017m8,2017,8,970,1701,237956,104,60,42, , 
California,6,trinity,105,2017m9,2017,9,969,1685,236924,97,55,35, , 
California,6,trinity,105,2017m10,2017,10,973,1702,236135,81,52,29, , 
California,6,trinity,105,2017m11,2017,11,972,1677,235347,97,52,31, , 
California,6,trinity,105,2017m12,2017,12,985,1682,234869,76,64,28, , 
California,6,trinity,105,2018m1,2018,1,989,1670,236705,89,58,28, , 
California,6,trinity,105,2018m2,2018,2,968,1652,229393,88,44,26, , 
California,6,trinity,105,2018m3,2018,3,994,1684,235055,81,57,38,11,26
California,6,trinity,105,2018m4,2018,4,984,1653,229691,75,40,28, , 
California,6,trinity,105,2018m5,2018,5,1000,1673,236846,83,55,31, , 
California,6,trinity,105,2018m6,2018,6,989,1637,228001,93,49,37, , 
California,6,trinity,105,2018m7,2018,7,965,1621,225966,86,43,33, , 
California,6,trinity,105,2018m8,2018,8,976,1646,236259,94,51,28, , 
California,6,trinity,105,2018m9,2018,9,960,1655,233041,61,38,45,14,31
California,6,trinity,105,2018m10,2018,10,962,1651,237437,80,48,28, , 
California,6,trinity,105,2018m11,2018,11,926,1612,232612,78,39,30, , 
California,6,trinity,105,2018m12,2018,12,942,1649,236683,77,57,30, , 
California,6,trinity,105,2019m1,2019,1,950,1668,427427,82,46,33, , 
California,6,trinity,105,2019m2,2019,2,178,347,42048,45,26,22, , 
California,6,trinity,105,2019m3,2019,3,925,1600,227774,83,44,25, , 
California,6,trinity,105,2019m4,2019,4,915,1551,219167,92,52,32, , 
California,6,trinity,105,2019m5,2019,5,903,1523,211355,160,40,68,36,32
California,6,trinity,105,2019m6,2019,6,976,1597,216378,142,88,74,37,35
California,6,trinity,105,2019m7,2019,7,1001,1649,212421,104,76,36, , 
California,6,trinity,105,2019m8,2019,8,1032,1665,213509,106,71,58,12,43
California,6,trinity,105,2019m9,2019,9,1021,1647,211649,99,47,36, , 
California,6,trinity,105,2019m10,2019,10,1035,1671,218842,87,48,48, , 
California,6,trinity,105,2019m11,2019,11,1046,1692,220333,66,47,24, , 
California,6,trinity,105,2019m12,2019,12,1047,1690,217946,93,40,39, , 
California,6,trinity,105,2020m1,2020,1,1046,1694,216309,91,54,28, , 
California,6,trinity,105,2020m2,2020,2,1082,1742,228874,88,64,23, , 
California,6,trinity,105,2020m3,2020,3,1092,1789,239480,83,61,24, , 
California,6,trinity,105,2020m4,2020,4,1190,1956,255611,103,69,30,13,16
California,6,trinity,105,2020m5,2020,5,1257,2062,269754,70,59,26, , 
California,6,trinity,105,2020m6,2020,6,1292,2099,279889,68,31,30, , 
California,6,trinity,105,2020m7,2020,7,1269,2003,259810,79,41,36, , 
California,6,trinity,105,2020m8,2020,8,1248,2004,255303,62,41,26, , 
California,6,trinity,105,2020m9,2020,9,1226,1969,243771,78,33,30, , 
California,6,trinity,105,2020m10,2020,10,1201,1942,257471,82,38,38, , 
California,6,trinity,105,2020m11,2020,11,1161,1881,248552,77,37,36, , 
California,6,trinity,105,2020m12,2020,12,1129,1850,233680,117,56,56, , 
California,6,trinity,105,2021m1,2021,1,1159,1891,241534,95,61,41, , 
California,6,trinity,105,2021m2,2021,2,1163,1893,341637,83,54,31, , 
California,6,trinity,105,2021m3,2021,3,1207,1937,292669,96,67,39, , 
California,6,trinity,105,2021m4,2021,4,1205,1937,294987,67,40,18, , 
California,6,trinity,105,2021m5,2021,5,1203,1940,291301,70,38,32, , 
California,6,trinity,105,2021m6,2021,6,1198,1938,285369,111,56,44, , 
California,6,trinity,105,2021m7,2021,7,1213,1956,289121,102,66,46, , 
California,6,trinity,105,2021m8,2021,8,1223,1990,292632,100,56,37, , 
California,6,trinity,105,2021m9,2021,9,1377,2090,501835,118,68,27, , 
California,6,trinity,105,2021m10,2021,10,1378,2188,566030,116,81,45, , 
California,6,trinity,105,2021m11,2021,11,1325,2227,573400,93,67,40, , 
California,6,trinity,105,2021m12,2021,12,1384,2220,578195,113,68,39, , 
California,6,trinity,105,2022m1,2022,1,1400,2284,598645,149,94,43, , 
California,6,trinity,105,2022m2,2022,2,1423,2325,617142,110,62,48, , 
California,6,trinity,105,2022m3,2022,3,1461,2374,622394,132,94,40, , 
California,6,trinity,105,2022m4,2022,4,1479,2404,629104,99,58,55,12,41
California,6,trinity,105,2022m5,2022,5,1509,2463,645057,101,59,33,12,19
California,6,trinity,105,2022m6,2022,6,1540,2508,649451,123,70,37,14,21
California,6,trinity,105,2022m7,2022,7,1529,2500,657715,105,62,50, , 
California,6,trinity,105,2022m8,2022,8,1582,2555,668948,161,98,60,14,38
California,6,trinity,105,2022m9,2022,9,1633,2646,683457,128,88,41, , 
California,6,trinity,105,2022m10,2022,10,1671,2728,795212,154,89,39,15,21
California,6,trinity,105,2022m11,2022,11,1707,2793,822068,131,88,43,13,25
California,6,trinity,105,2022m12,2022,12,1748,2892,837072,106,83,51,12,37
California,6,trinity,105,2023m1,2023,1,1754,2900,863950,124,71,32, , 
California,6,trinity,105,2023m2,2023,2,1758,2902,855523, , , , , 
California,6,trinity,105,2023m3,2023,3,1780,2943,857584,93,60,28, , 
California,6,trinity,105,2023m4,2023,4,1752,2895,783043,101,69,35,12,23
California,6,trinity,105,2023m5,2023,5,1813,2989,550995, , , , , 
California,6,trinity,105,2023m6,2023,6,1833,3002,554063, , , , , 
California,6,trinity,105,2023m7,2023,7,1815,2952,544063,94,48,26, , 
California,6,trinity,105,2023m8,2023,8,1832,2978,555870,99,62,42,14,27
California,6,trinity,105,2023m9,2023,9,1835,2978,563536,107,63,33,14,18
California,6,trinity,105,2023m10,2023,10,1835,2983,584583,105,54,41, , 
California,6,trinity,105,2023m11,2023,11,1856,3006,593041,88,67,33, , 
California,6,trinity,105,2023m12,2023,12,1876,3049,724870,94,54,36, , 
California,6,trinity,105,2024m1,2024,1,1934,3140,614399,135,85,37, , 
California,6,trinity,105,2024m2,2024,2,1930,3170,605917,93,58,50, , 
California,6,tulare,107,2016m7,2016,7,51880,120959,16249940,2740,2071,549, , 
California,6,tulare,107,2016m8,2016,8,51849,120370,16334673,3861,2085,636,572,0
California,6,tulare,107,2016m9,2016,9,51546,120088,16194064,2386,1833,601,544,0
California,6,tulare,107,2016m10,2016,10,51623,119982,16198222,2527,1857,521,471,0
California,6,tulare,107,2016m11,2016,11,51619,119895,16191448,2498,1914,482,434,0
California,6,tulare,107,2016m12,2016,12,51899,120694,16380750,2450,2286,562,326,174
California,6,tulare,107,2017m1,2017,1,52128,120968,16409134,2859,2118,499,349,86
California,6,tulare,107,2017m2,2017,2,51786,121167,16402905,2128,1865,508,434,28
California,6,tulare,107,2017m3,2017,3,52114,121374,16561719,2209,1806,510,416,26
California,6,tulare,107,2017m4,2017,4,51520,120321,16171116,1965,1419,384,294,46
California,6,tulare,107,2017m5,2017,5,51369,119304,15954445,2465,1901,461,325,88
California,6,tulare,107,2017m6,2017,6,50995,118132,15798801,2662,1914,539,406,82
California,6,tulare,107,2017m7,2017,7,50612,117038,15814396,2676,1855,497,371,61
California,6,tulare,107,2017m8,2017,8,50769,117031,15872413,2924,2207,534,241,210
California,6,tulare,107,2017m9,2017,9,50655,117113,15730748,2426,1790,462,219,175
California,6,tulare,107,2017m10,2017,10,51237,117227,15780829,2673,2267,636,296,252
California,6,tulare,107,2017m11,2017,11,50906,117022,15534409,2769,2009,506,208,220
California,6,tulare,107,2017m12,2017,12,51026,117544,15589675,2627,2060,455,195,205
California,6,tulare,107,2018m1,2018,1,51376,117240,15710484,2627,2277,502,227,189
California,6,tulare,107,2018m2,2018,2,50651,117219,15563461,2128,1690,490,226,205
California,6,tulare,107,2018m3,2018,3,50926,117454,15608896,2301,1744,449,193,175
California,6,tulare,107,2018m4,2018,4,50615,116388,15466206,2280,1660,401,176,159
California,6,tulare,107,2018m5,2018,5,50236,115261,15349215,2373,1696,433,201,170
California,6,tulare,107,2018m6,2018,6,49934,114152,15224745,2480,1719,486,202,212
California,6,tulare,107,2018m7,2018,7,49611,113012,15284052,2473,1938,504,210,200
California,6,tulare,107,2018m8,2018,8,49734,113221,15224203,2595,2036,648,314,238
California,6,tulare,107,2018m9,2018,9,49299,112819,14965056,2469,1324,504,211,225
California,6,tulare,107,2018m10,2018,10,49213,112176,15058023,2569,1447,597,234,271
California,6,tulare,107,2018m11,2018,11,48683,110940,14751334,2147,1424,401,141,174
California,6,tulare,107,2018m12,2018,12,48633,110651,14802137,2810,1572,510,199,214
California,6,tulare,107,2019m1,2019,1,49211,108905,27424363,2231,1649,503,227,189
California,6,tulare,107,2019m2,2019,2,11556,14897,2266911,1809,1310,465,197,204
California,6,tulare,107,2019m3,2019,3,48232,111237,14714884,2189,1444,514,223,206
California,6,tulare,107,2019m4,2019,4,47902,110555,14442859,2141,1431,538,207,237
California,6,tulare,107,2019m5,2019,5,47808,109903,14374435,3294,1433,606,219,289
California,6,tulare,107,2019m6,2019,6,49375,110977,14358496,3854,3108,705,252,322
California,6,tulare,107,2019m7,2019,7,50021,112456,14500241,3261,2596,789,256,432
California,6,tulare,107,2019m8,2019,8,50641,113804,14544725,2779,2048,768,240,425
California,6,tulare,107,2019m9,2019,9,50588,114005,14466370,2252,1602,637,188,368
California,6,tulare,107,2019m10,2019,10,50609,113767,14233196,3267,1741,670,234,359
California,6,tulare,107,2019m11,2019,11,50182,113362,13975483,2365,1574,501,170,270
California,6,tulare,107,2019m12,2019,12,50324,113854,14074085,2475,1767,565,155,341
California,6,tulare,107,2020m1,2020,1,50319,113943,14116231,2532,1820,616,198,336
California,6,tulare,107,2020m2,2020,2,50495,114239,14095965,2179,1778,654,209,364
California,6,tulare,107,2020m3,2020,3,50677,114289,14082947,2368,1612,624,207,351
California,6,tulare,107,2020m4,2020,4,53443,115381,19957436,4010,2085,679,245,361
California,6,tulare,107,2020m5,2020,5,54714,118467,20701487,2677,1586,1150,405,624
California,6,tulare,107,2020m6,2020,6,55602,119800,20992620,2223,1086,1213,365,713
California,6,tulare,107,2020m7,2020,7,54253,113959,20062085,2042,951,1040,273,674
California,6,tulare,107,2020m8,2020,8,52384,111277,19652103,2426,1186,1045,273,674
California,6,tulare,107,2020m9,2020,9,50621,112531,18904358,2338,1159,1009,219,718
California,6,tulare,107,2020m10,2020,10,48487,108939,19346929,2610,1395,992,206,695
California,6,tulare,107,2020m11,2020,11,46341,104666,18534321,2593,1425,791,43,710
California,6,tulare,107,2020m12,2020,12,44400,100736,18127788,2461,1403,947,35,875
California,6,tulare,107,2021m1,2021,1,43593,98649,17762304,2990,2285,982,38,863
California,6,tulare,107,2021m2,2021,2,45068,101481,23832789,2990,1845,541,35,475
California,6,tulare,107,2021m3,2021,3,45652,102855,22023302,3689,3673,1091,55,904
California,6,tulare,107,2021m4,2021,4,46418,104633,22648768,2423,3046,1093,104,852
California,6,tulare,107,2021m5,2021,5,47498,106423,23867000,2268,1936,1251,108,1059
California,6,tulare,107,2021m6,2021,6,47886,107175,23713241,4370,2500,970,219,656
California,6,tulare,107,2021m7,2021,7,48577,108450,23986322,4196,3038,1292,255,926
California,6,tulare,107,2021m8,2021,8,49861,110875,24296095, , , , , 
California,6,tulare,107,2021m9,2021,9,50651,111761,24775647,3608,2504,1042,228,717
California,6,tulare,107,2021m10,2021,10,51746,113650,27103154,4254,2521,972,199,662
California,6,tulare,107,2021m11,2021,11,52415,114373,27005342,3007,2065,881,182,614
California,6,tulare,107,2021m12,2021,12,53090,115450,27394994,3725,2463,858,210,531
California,6,tulare,107,2022m1,2022,1,52980,114969,27152708,3257,1915,937,159,665
California,6,tulare,107,2022m2,2022,2,53365,115548,27866650,3673,2499,1007,224,663
California,6,tulare,107,2022m3,2022,3,54467,117972,28138787,4148,2965,1208,314,770
California,6,tulare,107,2022m4,2022,4,55088,119313,28276890,3252,2424,942,240,600
California,6,tulare,107,2022m5,2022,5,55494,120004,28506938,3437,2191,808,216,502
California,6,tulare,107,2022m6,2022,6,55992,121221,28609847,3615,2144,536,184,255
California,6,tulare,107,2022m7,2022,7,56646,122632,29348304,4386,2607,512,213,201
California,6,tulare,107,2022m8,2022,8,57775,124695,29911430,4063,2876,716,269,323
California,6,tulare,107,2022m9,2022,9,58366,125731,29739906,3492,2504,638,192,331
California,6,tulare,107,2022m10,2022,10,58999,126880,33340139,3714,2678,714,240,353
California,6,tulare,107,2022m11,2022,11,59210,127098,33629704,3606,2126,571,163,317
California,6,tulare,107,2022m12,2022,12,59900,128631,34157367,3248,2423,508,174,205
California,6,tulare,107,2023m1,2023,1,60611,128923,34298224,4085,2642,584,161,267
California,6,tulare,107,2023m2,2023,2,60522,129829,34435465,2530,1915,536,185,204
California,6,tulare,107,2023m3,2023,3,58171,125208,14562362, , , , , 
California,6,tulare,107,2023m4,2023,4,57780,124425,22594583, , , , , 
California,6,tulare,107,2023m5,2023,5,58329,125651,22910867,3933,2306,1071,407,505
California,6,tulare,107,2023m6,2023,6,58137,124849,22759126,3589,2195,1199,435,624
California,6,tulare,107,2023m7,2023,7,58526,125611,23150339,3866,2496,1517,587,756
California,6,tulare,107,2023m8,2023,8,59742,127744,23611716,3539,2698,2081,703,1154
California,6,tulare,107,2023m9,2023,9,59852,127594,23123637,3573,2055,1658,561,919
California,6,tulare,107,2023m10,2023,10,60241,128008,24476543,3679,2262,1874,547,1181
California,6,tulare,107,2023m11,2023,11,60452,128211,24398676,3605,2228,1499,463,909
California,6,tulare,107,2023m12,2023,12,60756,128581,24588524,3255,2096,1156,428,591
California,6,tulare,107,2024m1,2024,1,61254,129434,24875874,4196,2333,1060,431,494
California,6,tulare,107,2024m2,2024,2,61671,130239,25217797,3420,2237,1129,418,563
California,6,tuolumne,109,2016m7,2016,7,3120,5403,727328,229,132,87,36,38
California,6,tuolumne,109,2016m8,2016,8,3101,5375,720633,284,160,101,34,48
California,6,tuolumne,109,2016m9,2016,9,3125,5405,726380,232,158,91,32,46
California,6,tuolumne,109,2016m10,2016,10,3084,5346,712287,215,141,87,24,45
California,6,tuolumne,109,2016m11,2016,11,3067,5370,712468,204,127,73,20,46
California,6,tuolumne,109,2016m12,2016,12,3044,5322,705771,197,132,65,18,35
California,6,tuolumne,109,2017m1,2017,1,3012,5264,694675,267,138,79,19,55
California,6,tuolumne,109,2017m2,2017,2,2962,5209,686660,197,132,92,31,50
California,6,tuolumne,109,2017m3,2017,3,2953,5169,681027,231,151,92,24,59
California,6,tuolumne,109,2017m4,2017,4,2905,5100,669616,197,128,65,19,34
California,6,tuolumne,109,2017m5,2017,5,2916,5108,675904,197,152,84,28,43
California,6,tuolumne,109,2017m6,2017,6,2859,5027,660960,213,121,84,28,37
California,6,tuolumne,109,2017m7,2017,7,2803,4944,641892,222,119,87,28,48
California,6,tuolumne,109,2017m8,2017,8,2757,4827,630207,254,137,118,40,51
California,6,tuolumne,109,2017m9,2017,9,2731,4761,622727,222,142,80,16,46
California,6,tuolumne,109,2017m10,2017,10,2732,4784,629557,232,142,101,20,56
California,6,tuolumne,109,2017m11,2017,11,2705,4757,626552,237,122,94,13,60
California,6,tuolumne,109,2017m12,2017,12,2679,4709,617683,192,118,93,24,45
California,6,tuolumne,109,2018m1,2018,1,2675,4687,619663,297,149,111,19,63
California,6,tuolumne,109,2018m2,2018,2,2657,4654,611518,234,146,120,18,78
California,6,tuolumne,109,2018m3,2018,3,2666,4661,608493,185,115,77,12,45
California,6,tuolumne,109,2018m4,2018,4,2652,4603,606324,196,106,77,15,43
California,6,tuolumne,109,2018m5,2018,5,2671,4622,604295,247,165,85,13,54
California,6,tuolumne,109,2018m6,2018,6,2685,4605,600490,213,123,74,17,51
California,6,tuolumne,109,2018m7,2018,7,2701,4630,605226,215,140,71,17,46
California,6,tuolumne,109,2018m8,2018,8,2686,4620,604776,283,154,89,12,63
California,6,tuolumne,109,2018m9,2018,9,2701,4637,604704,176,136,80,16,56
California,6,tuolumne,109,2018m10,2018,10,2727,4684,612568,244,148,81,15,55
California,6,tuolumne,109,2018m11,2018,11,2713,4650,599242,221,128,84,22,55
California,6,tuolumne,109,2018m12,2018,12,2710,4597,593914,215,114,101,20,74
California,6,tuolumne,109,2019m1,2019,1,2704,4563,1080528,233,140,104,27,72
California,6,tuolumne,109,2019m2,2019,2,331,600,74162,190,107,58,12,42
California,6,tuolumne,109,2019m3,2019,3,2674,4481,578310,201,123,96,27,62
California,6,tuolumne,109,2019m4,2019,4,2662,4418,566538,239,114,97,24,65
California,6,tuolumne,109,2019m5,2019,5,2618,4325,552545,338,119,125,44,67
California,6,tuolumne,109,2019m6,2019,6,2803,4501,562405,401,204,208,102,95
California,6,tuolumne,109,2019m7,2019,7,2939,4659,578627,360,260,149,35,101
California,6,tuolumne,109,2019m8,2019,8,2970,4687,566847,309,186,132,42,81
California,6,tuolumne,109,2019m9,2019,9,2990,4765,568318,291,144,118,26,81
California,6,tuolumne,109,2019m10,2019,10,3054,4851,847214,289,164,133,31,87
California,6,tuolumne,109,2019m11,2019,11,3016,4767,559911,264,145,113,25,79
California,6,tuolumne,109,2019m12,2019,12,3056,4781,560424,290,154,133,32,87
California,6,tuolumne,109,2020m1,2020,1,3079,4804,562994,317,179,122,20,92
California,6,tuolumne,109,2020m2,2020,2,3087,4844,566876,254,143,138,29,99
California,6,tuolumne,109,2020m3,2020,3,3112,4924,582506,273,127,95,18,70
California,6,tuolumne,109,2020m4,2020,4,3410,5367,957734,380,263,159,38,100
California,6,tuolumne,109,2020m5,2020,5,3534,5554,1012398,229,132,118,26,73
California,6,tuolumne,109,2020m6,2020,6,3474,5410,997138,206,77,111,23,67
California,6,tuolumne,109,2020m7,2020,7,3260,5001,909026,203,80,121,27,75
California,6,tuolumne,109,2020m8,2020,8,3173,4834,874626,291,117,121,26,79
California,6,tuolumne,109,2020m9,2020,9,3149,4806,1101078,222,126,132,27,98
California,6,tuolumne,109,2020m10,2020,10,3103,4758,901003,268,132,118,16,89
California,6,tuolumne,109,2020m11,2020,11,3072,4717,1133345,245,125,113,22,83
California,6,tuolumne,109,2020m12,2020,12,3044,4649,905423,338,161,153,22,117
California,6,tuolumne,109,2021m1,2021,1,3125,4816,906854,327,160,183,21,134
California,6,tuolumne,109,2021m2,2021,2,3167,4902,1200612,238,129,139,14,113
California,6,tuolumne,109,2021m3,2021,3,3187,4879,1074442,238,123,125,19,106
California,6,tuolumne,109,2021m4,2021,4,3153,4804,1060247,209,99,89,12,77
California,6,tuolumne,109,2021m5,2021,5,3106,4739,1170903,221,115,105,19,74
California,6,tuolumne,109,2021m6,2021,6,3127,4771,1181786,331,153,139,15,103
California,6,tuolumne,109,2021m7,2021,7,3109,4742,1175288,281,119,160,19,129
California,6,tuolumne,109,2021m8,2021,8,3147,4831,1177475,355,146,158,28,114
California,6,tuolumne,109,2021m9,2021,9,3245,5034,1230369,355,173,207,22,157
California,6,tuolumne,109,2021m10,2021,10,3317,5171,1400597,389,188,163,46,100
California,6,tuolumne,109,2021m11,2021,11,3406,5295,1413171,334,200,156,38,102
California,6,tuolumne,109,2021m12,2021,12,3445,5341,1417365,326,176,149,30,101
California,6,tuolumne,109,2022m1,2022,1,3497,5433,1457640,340,180,144,27,96
California,6,tuolumne,109,2022m2,2022,2,3560,5537,1473157,345,193,155,43,98
California,6,tuolumne,109,2022m3,2022,3,3619,5628,1473159, , , , , 
California,6,tuolumne,109,2022m4,2022,4,3694,5696,1495763,310,195,119,31,70
California,6,tuolumne,109,2022m5,2022,5,3722,5758,1514721, , , , , 
California,6,tuolumne,109,2022m6,2022,6,3760,5760,1515598, , , , , 
California,6,tuolumne,109,2022m7,2022,7,3803,5829,1537375,293,181,149,39,90
California,6,tuolumne,109,2022m8,2022,8,3883,5920,1558488,426,214,155,44,86
California,6,tuolumne,109,2022m9,2022,9,3917,5966,1548709,359,203,218,146,48
California,6,tuolumne,109,2022m10,2022,10,3981,6053,1791716,326,189,168,57,84
California,6,tuolumne,109,2022m11,2022,11,4061,6175,1798410,351,210,132,35,86
California,6,tuolumne,109,2022m12,2022,12,4115,6223,1829179,304,182,143,45,75
California,6,tuolumne,109,2023m1,2023,1,4148,6311,1793278,398,194,134,46,76
California,6,tuolumne,109,2023m2,2023,2,4142,6319,1868750,255,168,142,38,80
California,6,tuolumne,109,2023m3,2023,3,4212,6387,1883678, , , , , 
California,6,tuolumne,109,2023m4,2023,4,4173,6351,1238584, , , , , 
California,6,tuolumne,109,2023m5,2023,5,4222,6430,1105382,336,187,141,38,85
California,6,tuolumne,109,2023m6,2023,6,4238,6448,1115779,288,175,121,37,67
California,6,tuolumne,109,2023m7,2023,7,4220,6414,1098813,328,159,111,37,51
California,6,tuolumne,109,2023m8,2023,8,4249,6415,1105691,329,178,161,42,95
California,6,tuolumne,109,2023m9,2023,9,4211,6368,1104051,303,159,131,43,68
California,6,tuolumne,109,2023m10,2023,10,4233,6402,1178240,325,168,157,46,97
California,6,tuolumne,109,2023m11,2023,11,4200,6347,1166313,317,166,118,31,76
California,6,tuolumne,109,2023m12,2023,12,4249,6437,1175098,298,167,131,40,77
California,6,tuolumne,109,2024m1,2024,1,4309,6463,1174337,366,211,150,47,91
California,6,tuolumne,109,2024m2,2024,2,4361,6528,1174126,307,211,132,40,78
California,6,ventura,111,2016m7,2016,7,37090,74297,10137713,2897,1482,1264,697,480
California,6,ventura,111,2016m8,2016,8,37278,74243,10275650,3140,2006,986,306,580
California,6,ventura,111,2016m9,2016,9,37063,74322,10183209,3053,1803,938,276,573
California,6,ventura,111,2016m10,2016,10,37188,74515,10181852,3087,1785,867,314,452
California,6,ventura,111,2016m11,2016,11,36926,74230,10095994,2715,1507,745,232,423
California,6,ventura,111,2016m12,2016,12,36850,74251,10021173,2544,1546,636,215,339
California,6,ventura,111,2017m1,2017,1,36668,73321,9899349,3219,1426,675,224,351
California,6,ventura,111,2017m2,2017,2,36121,72777,9748912,2475,1392,702,207,410
California,6,ventura,111,2017m3,2017,3,36304,72699,9800235,2684,1426,725,208,419
California,6,ventura,111,2017m4,2017,4,35650,71562,9584360,2342,1193,582,188,310
California,6,ventura,111,2017m5,2017,5,35666,70912,9547853,2738,1345,721,243,393
California,6,ventura,111,2017m6,2017,6,35340,70075,9391780,2704,1289,743,243,409
California,6,ventura,111,2017m7,2017,7,34711,68560,9235941,2796,1229,639,208,349
California,6,ventura,111,2017m8,2017,8,34825,68412,9274918,3172,1371,761,266,404
California,6,ventura,111,2017m9,2017,9,34650,68571,9226299,2719,1240,647,237,326
California,6,ventura,111,2017m10,2017,10,34846,68759,9193176,3030,1279,664,215,352
California,6,ventura,111,2017m11,2017,11,34631,68495,9071321,2899,1178,638,207,346
California,6,ventura,111,2017m12,2017,12,34448,67604,8960974,2541,1517,686,185,430
California,6,ventura,111,2018m1,2018,1,34548,67471,8984031,3433,1648,785,230,445
California,6,ventura,111,2018m2,2018,2,34044,67156,8861400,2663,1491,790,210,483
California,6,ventura,111,2018m3,2018,3,34532,67699,8967331,2789,1644,871,267,508
California,6,ventura,111,2018m4,2018,4,34165,66830,8791880,2649,1644,711,199,440
California,6,ventura,111,2018m5,2018,5,33975,66208,8725117,2649,1462,721,232,421
California,6,ventura,111,2018m6,2018,6,33777,65507,8601714,2705,1431,693,219,399
California,6,ventura,111,2018m7,2018,7,33502,64370,8545642,3088,1584,764,218,459
California,6,ventura,111,2018m8,2018,8,33620,64436,8609638,3240,1831,843,248,483
California,6,ventura,111,2018m9,2018,9,33233,64134,8490436,2640,1402,716,217,398
California,6,ventura,111,2018m10,2018,10,33320,64104,8594139,3045,1402,903,245,551
California,6,ventura,111,2018m11,2018,11,32860,63451,8394397,2507,1396,750,196,477
California,6,ventura,111,2018m12,2018,12,32494,62835,8284284,2267,1248,634,184,378
California,6,ventura,111,2019m1,2019,1,32681,60378,14782161,2956,1554,488,186,222
California,6,ventura,111,2019m2,2019,2,5678,9061,1435934,2436,1345,643,181,382
California,6,ventura,111,2019m3,2019,3,31729,60946,8043108,2730,1573,754,233,414
California,6,ventura,111,2019m4,2019,4,31534,66280,7904453,2685,1434,749,195,456
California,6,ventura,111,2019m5,2019,5,31355,59971,7856734,3501,1546,736,166,445
California,6,ventura,111,2019m6,2019,6,32972,61143,7952390,4020,2798,840,210,488
California,6,ventura,111,2019m7,2019,7,33279,62774,7265732,3658,2185,1048,240,646
California,6,ventura,111,2019m8,2019,8,33601,63171,7992861,3209,1898,905,199,571
California,6,ventura,111,2019m9,2019,9,33925,63597,8009529,2909,1558,868,228,520
California,6,ventura,111,2019m10,2019,10,34187,63785,8019476,3268,1866,956,219,583
California,6,ventura,111,2019m11,2019,11,34071,63422,7881792,2705,1419,755,191,455
California,6,ventura,111,2019m12,2019,12,34313,63708,7925291,2583,1474,775,170,480
California,6,ventura,111,2020m1,2020,1,34321,63526,7846108,3088,1576,764,191,455
California,6,ventura,111,2020m2,2020,2,34942,63189,7817668,2524,1414,793,169,515
California,6,ventura,111,2020m3,2020,3,34169,62936,7848887,3691,1414,768,163,487
California,6,ventura,111,2020m4,2020,4,37132,68279,8689388,4955,2931,1336,320,767
California,6,ventura,111,2020m5,2020,5,39489,72388,9319382,3562,2242,1907,589,926
California,6,ventura,111,2020m6,2020,6,40306,73872,9315221,2927,1190,1730,530,884
California,6,ventura,111,2020m7,2020,7,38529,70264,8722888,2695,1190,1279,340,753
California,6,ventura,111,2020m8,2020,8,38619,70947,8706284,2741,1766,965,299,525
California,6,ventura,111,2020m9,2020,9,37821,69793,8405121,2220,1430,351,134,100
California,6,ventura,111,2020m10,2020,10,36009,66740,8396989,2153,1378,386,134,116
California,6,ventura,111,2020m11,2020,11,34752,68415,7988745,2284,1390,261,107,71
California,6,ventura,111,2020m12,2020,12,34400,63706,7821679,3346,1965,480,158,158
California,6,ventura,111,2021m1,2021,1,34498,63677,7716799,2851,1816,362,112,87
California,6,ventura,111,2021m2,2021,2,36565,67207,11083904,2499,1775,366,132,95
California,6,ventura,111,2021m3,2021,3,35840,65451,9606528,2528,1828,490,141,203
California,6,ventura,111,2021m4,2021,4,35046,64218,9330077,2114,1334,365,114,118
California,6,ventura,111,2021m5,2021,5,34715,63608,9212989,2076,1338,735,141,490
California,6,ventura,111,2021m6,2021,6,34350,63193,9127130,3643,1874,1043,246,599
California,6,ventura,111,2021m7,2021,7,34699,63626,9165241,3560,1957,1414,228,964
California,6,ventura,111,2021m8,2021,8,35410,64835,9326163,3924,2268,1598,312,998
California,6,ventura,111,2021m9,2021,9,35816,65368,9414470,3959,2112,1595,289,1042
California,6,ventura,111,2021m10,2021,10,37152,67476,10899834,3869,2381,1536,300,1033
California,6,ventura,111,2021m11,2021,11,37384,67578,11020499,3215,1843,1616,265,1156
California,6,ventura,111,2021m12,2021,12,37305,67238,11012784,2910,1693,1298,240,875
California,6,ventura,111,2022m1,2022,1,36957,66476,10743731,3421,1587,1089,267,801
California,6,ventura,111,2022m2,2022,2,36702,66040,10734027,3007,1781,1414,281,927
California,6,ventura,111,2022m3,2022,3,37116,66862,10907659,3269,2057,1422,327,877
California,6,ventura,111,2022m4,2022,4,37020,66601,10778556,3122,1824,1223,289,755
California,6,ventura,111,2022m5,2022,5,37690,67760,10942887,3233,1943,1232,272,787
California,6,ventura,111,2022m6,2022,6,38169,68824,11003403,3617,2208,1262,297,783
California,6,ventura,111,2022m7,2022,7,38623,69641,11057083,3600,2093,1472,330,898
California,6,ventura,111,2022m8,2022,8,39582,71394,11379618,4111,2388,1778,424,1084
California,6,ventura,111,2022m9,2022,9,40249,72035,11456572,3609,2200,1594,351,1032
California,6,ventura,111,2022m10,2022,10,40872,73705,13789071,3930,2234,1617,368,1001
California,6,ventura,111,2022m11,2022,11,41428,74500,13863679,3328,2037,1626,326,1088
California,6,ventura,111,2022m12,2022,12,41889,75163,13849902,3034,1912,1306,277,848
California,6,ventura,111,2023m1,2023,1,42136,75243,13599740,3911,1886,1264,284,783
California,6,ventura,111,2023m2,2023,2,41986,74716,13349700,3199,1836,1443,299,949
California,6,ventura,111,2023m3,2023,3,42808,76186,13627011,3450,2066,1316,260,844
California,6,ventura,111,2023m4,2023,4,42086,74874,13374290,2992,1525,1113,214,730
California,6,ventura,111,2023m5,2023,5,42261,74925,13436058,3922,1837,1684,453,989
California,6,ventura,111,2023m6,2023,6,42345,75100,13509811,3670,2058,2023,512,1257
California,6,ventura,111,2023m7,2023,7,42476,75173,13461441,3670,1694,1749,487,1025
California,6,ventura,111,2023m8,2023,8,42556,75424,13579659,4417,2100,1920,607,1013
California,6,ventura,111,2023m9,2023,9,42586,75189,13504052,3691,1753,1718,499,979
California,6,ventura,111,2023m10,2023,10,42948,75829,14510863,3939,1777,1885,511,1098
California,6,ventura,111,2023m11,2023,11,42959,75752,14441622,3492,1628,1732,464,1066
California,6,ventura,111,2023m12,2023,12,43140,75882,14528098,3005,1520,1419,425,847
California,6,ventura,111,2024m1,2024,1,43168,75741,14434968,4209,1789,1793,501,1058
California,6,ventura,111,2024m2,2024,2,39602,69550,14468210,3626,1931,1958,533,1163
California,6,yolo,113,2016m7,2016,7,10662,20820,2808277,696,438,334,175,119
California,6,yolo,113,2016m8,2016,8,10606,20521,2781018,795,435,400,209,143
California,6,yolo,113,2016m9,2016,9,10499,20418,2753116,869,459,396,221,135
California,6,yolo,113,2016m10,2016,10,10440,20333,2739913,820,462,456,261,163
California,6,yolo,113,2016m11,2016,11,10312,20165,2677800,777,444,414,231,142
California,6,yolo,113,2016m12,2016,12,10178,19872,2662177,657,409,212,60,127
California,6,yolo,113,2017m1,2017,1,10083,19633,2628937,859,403,225,66,131
California,6,yolo,113,2017m2,2017,2,10008,19496,2624409,723,446,263,68,146
California,6,yolo,113,2017m3,2017,3,10119,19606,2659944,723,511,261,65,164
California,6,yolo,113,2017m4,2017,4,10043,19513,2627776,633,370,174,45,99
California,6,yolo,113,2017m5,2017,5,10091,19311,2619919,721,420,222,54,141
California,6,yolo,113,2017m6,2017,6,10054,19272,2602887,755,458,224,66,135
California,6,yolo,113,2017m7,2017,7,9887,18924,2530285,689,351,230,51,154
California,6,yolo,113,2017m8,2017,8,9815,18777,2533543,929,426,251,59,155
California,6,yolo,113,2017m9,2017,9,9726,18467,2475951,1238,468,319,60,214
California,6,yolo,113,2017m10,2017,10,9918,18541,2495007,1409,653,458,90,325
California,6,yolo,113,2017m11,2017,11,10044,18604,2520722,1005,659,531,89,398
California,6,yolo,113,2017m12,2017,12,10146,18712,2555094,833,539,447,102,293
California,6,yolo,113,2018m1,2018,1,10145,18544,2508993,1266,475,365,81,228
California,6,yolo,113,2018m2,2018,2,10064,18382,2481473,918,503,415,84,281
California,6,yolo,113,2018m3,2018,3,10136,18290,2504607,983,562,466,76,302
California,6,yolo,113,2018m4,2018,4,10029,18072,2433623,954,448,438,88,294
California,6,yolo,113,2018m5,2018,5,10018,18034,2436475,938,440,386,95,239
California,6,yolo,113,2018m6,2018,6,10022,18001,2428894,992,441,397,79,257
California,6,yolo,113,2018m7,2018,7,9940,17717,2396877,1059,472,459,102,271
California,6,yolo,113,2018m8,2018,8,9915,17671,2388780,1262,540,616,120,385
California,6,yolo,113,2018m9,2018,9,9695,17417,2331631,1429,453,506,96,308
California,6,yolo,113,2018m10,2018,10,9757,17361,2373640,1508,685,697,151,438
California,6,yolo,113,2018m11,2018,11,9798,17359,2368022,986,634,667,111,453
California,6,yolo,113,2018m12,2018,12,9890,17412,2381253,755,520,400,70,272
California,6,yolo,113,2019m1,2019,1,9966,16909,4314797,1102,482,340,67,222
California,6,yolo,113,2019m2,2019,2,1638,2347,384116,1249,511,423,75,258
California,6,yolo,113,2019m3,2019,3,9900,17179,2358960,1071,501,600,94,388
California,6,yolo,113,2019m4,2019,4,10089,17252,2382850,1203,601,512,96,319
California,6,yolo,113,2019m5,2019,5,10138,17237,2380385,1384,487,411,75,261
California,6,yolo,113,2019m6,2019,6,10678,18091,2393461,1654,858,371,71,213
California,6,yolo,113,2019m7,2019,7,11052,18652,2433764,1499,886,684,87,443
California,6,yolo,113,2019m8,2019,8,11236,18953,2445682,1505,700,661,98,379
California,6,yolo,113,2019m9,2019,9,11245,18905,2437389,1916,652,571,99,320
California,6,yolo,113,2019m10,2019,10,11642,20229,2552468,1753,999,779,127,508
California,6,yolo,113,2019m11,2019,11,11852,19576,2586655,1410,709,617,92,424
California,6,yolo,113,2019m12,2019,12,12082,19761,2564210,1243,621,530,74,377
California,6,yolo,113,2020m1,2020,1,12127,19810,2533747,1534,563,385,75,235
California,6,yolo,113,2020m2,2020,2,12155,19711,2569780,807,502,411,58,301
California,6,yolo,113,2020m3,2020,3,12174,19707,2550927,1582,485,479,77,320
California,6,yolo,113,2020m4,2020,4,13429,21373,2835038,1833,1016,652,176,373
California,6,yolo,113,2020m5,2020,5,13895,21870,2872570,1298,466,460,124,250
California,6,yolo,113,2020m6,2020,6,14233,22427,2935656,1181,360,531,146,284
California,6,yolo,113,2020m7,2020,7,13991,21451,2733001,1164,331,511,130,250
California,6,yolo,113,2020m8,2020,8,13577,21050,2652651,1416,380,429,84,220
California,6,yolo,113,2020m9,2020,9,13149,21350,2560417,1530,532,279,39,48
California,6,yolo,113,2020m10,2020,10,12888,20999,2647672,1268,859,226,50,28
California,6,yolo,113,2020m11,2020,11,12383,20106,2522545,958,485,94,21,11
California,6,yolo,113,2020m12,2020,12,12170,19850,2506531,1214,638,164,38,40
California,6,yolo,113,2021m1,2021,1,12244,19907,2485261,1083,652,137,36,16
California,6,yolo,113,2021m2,2021,2,12730,20554,3545994,1108,684,115, , 
California,6,yolo,113,2021m3,2021,3,12558,20301,3006013,1165,654,197,48,44
California,6,yolo,113,2021m4,2021,4,12538,20241,2932348,980,566,156,47,44
California,6,yolo,113,2021m5,2021,5,12762,20521,2940076,821,462,320,61,215
California,6,yolo,113,2021m6,2021,6,12790,20627,2921594,1454,609,425,80,260
California,6,yolo,113,2021m7,2021,7,12920,20783,2934371,1263,666,598,89,393
California,6,yolo,113,2021m8,2021,8,13062,20956,2936906,1708,689,641,129,380
California,6,yolo,113,2021m9,2021,9,13532,21446,3016366,2763,1081,850,164,532
California,6,yolo,113,2021m10,2021,10,14040,22040,3556174,2318,1234,875,142,594
California,6,yolo,113,2021m11,2021,11,14213,22116,3727457,1801,933,695,61,537
California,6,yolo,113,2021m12,2021,12,14398,22252,3825695,1605,860,723,65,587
California,6,yolo,113,2022m1,2022,1,14503,22312,3762004,1576,759,763,74,606
California,6,yolo,113,2022m2,2022,2,14745,22547,3675237,1680,763,921,99,761
California,6,yolo,113,2022m3,2022,3,14942,22842,3737640,1656,767,824,85,646
California,6,yolo,113,2022m4,2022,4,14944,22891,3757723,1448,758,745,113,571
California,6,yolo,113,2022m5,2022,5,15038,23024,3811165,1280,715,689,83,520
California,6,yolo,113,2022m6,2022,6,15243,23494,3830570,1685,695,752,101,558
California,6,yolo,113,2022m7,2022,7,15328,23665,3800970,1556,607,668,76,515
California,6,yolo,113,2022m8,2022,8,15444,23925,3824416,2103,724,933,106,690
California,6,yolo,113,2022m9,2022,9,15444,23839,3560683,1957,756,1022,121,819
California,6,yolo,113,2022m10,2022,10,15252,23612,4502333,3435,906,848,75,723
California,6,yolo,113,2022m11,2022,11,14195,21968,2882425, , , , , 
California,6,yolo,113,2022m12,2022,12,14496,22301,7004240, , , , , 
California,6,yolo,113,2023m1,2023,1,14552,22553,7085905,2261,919,1657,151,1448
California,6,yolo,113,2023m2,2023,2,14687,22644,8880666,2484,684,1290,132,1089
California,6,yolo,113,2023m3,2023,3,14811,22862,7471698,2432,967,1811,153,1591
California,6,yolo,113,2023m4,2023,4,15021,23105,4738929,2233,916,1452,170,1212
California,6,yolo,113,2023m5,2023,5,15565,23852,4812503,1765,852,1186,130,996
California,6,yolo,113,2023m6,2023,6,15903,24317,4793578,1501,777,1111,168,827
California,6,yolo,113,2023m7,2023,7,15883,24339,4730577,1559,606,770,143,534
California,6,yolo,113,2023m8,2023,8,15973,24525,4790245,1944,729,1071,231,726
California,6,yolo,113,2023m9,2023,9,15896,24514,4732452,1872,801,1056,213,755
California,6,yolo,113,2023m10,2023,10,16123,24697,5110716,2754,909,1485,231,1152
California,6,yolo,113,2023m11,2023,11,16330,24848,5174918,2343,849,1518,203,1236
California,6,yolo,113,2023m12,2023,12,16619,25223,5284819,1337,792,1076,182,830
California,6,yolo,113,2024m1,2024,1,16839,25617,5309054,2056,892,973,196,688
California,6,yolo,113,2024m2,2024,2,17020,25875,5326893,1572,780,1037,218,734
California,6,yuba,115,2016m7,2016,7,6136,13247,1787051,449,244,174,72,99
California,6,yuba,115,2016m8,2016,8,6209,13344,1820822,560,327,231,107,110
California,6,yuba,115,2016m9,2016,9,6121,13269,1795729,460,278,216,104,102
California,6,yuba,115,2016m10,2016,10,6059,13123,1789273,423,231,180,62,107
California,6,yuba,115,2016m11,2016,11,6022,13002,1772542,433,267,164,59,99
California,6,yuba,115,2016m12,2016,12,5979,12853,1754066,468,292,185,82,95
California,6,yuba,115,2017m1,2017,1,6005,12898,1746953,536,296,179,88,77
California,6,yuba,115,2017m2,2017,2,5893,12728,1722793,376,285,187,90,85
California,6,yuba,115,2017m3,2017,3,5925,12827,1740619,455,305,153,68,65
California,6,yuba,115,2017m4,2017,4,5942,12824,1724047,408,276,121,66,46
California,6,yuba,115,2017m5,2017,5,5944,12934,1728162,434,289,145,85,49
California,6,yuba,115,2017m6,2017,6,5975,12979,1731115,494,339,137,82,40
California,6,yuba,115,2017m7,2017,7,6023,13067,1742244,466,324,153,70,60
California,6,yuba,115,2017m8,2017,8,6028,13052,1741607,499,318,143,80,44
California,6,yuba,115,2017m9,2017,9,5995,13015,1725127,432,296,175,47,108
California,6,yuba,115,2017m10,2017,10,6008,12922,1751640,474,305,149,53,71
California,6,yuba,115,2017m11,2017,11,5952,12828,1684142,451,320,126,47,68
California,6,yuba,115,2017m12,2017,12,5982,12831,1686137,459,347,128,45,67
California,6,yuba,115,2018m1,2018,1,6048,12879,1695963,607,408,150,40,85
California,6,yuba,115,2018m2,2018,2,5975,12814,1675117,389,274,172,57,97
California,6,yuba,115,2018m3,2018,3,6103,13023,1715388,440,303,122,44,61
California,6,yuba,115,2018m4,2018,4,6041,12934,1703451,390,278,120,38,59
California,6,yuba,115,2018m5,2018,5,5973,12799,1680609,416,277,136,48,70
California,6,yuba,115,2018m6,2018,6,5976,12821,1668667,440,313,122,31,75
California,6,yuba,115,2018m7,2018,7,5981,12762,1684318,485,328,144,37,84
California,6,yuba,115,2018m8,2018,8,5995,12752,1681392,537,365,172,64,80
California,6,yuba,115,2018m9,2018,9,6013,12747,1684109,444,316,119,44,61
California,6,yuba,115,2018m10,2018,10,6085,12809,1751855,440,300,146,46,80
California,6,yuba,115,2018m11,2018,11,6079,12817,1714166,393,266,119,45,54
California,6,yuba,115,2018m12,2018,12,6082,12800,1711796,372,296,101,35,52
California,6,yuba,115,2019m1,2019,1,6105,12804,3133861,481,314,133,52,57
California,6,yuba,115,2019m2,2019,2,912,2066,229062,328,245,113,43,58
California,6,yuba,115,2019m3,2019,3,6062,12758,1689948,383,295,109,38,59
California,6,yuba,115,2019m4,2019,4,6016,12689,1645796,455,310,104,43,49
California,6,yuba,115,2019m5,2019,5,6026,12675,1646980,700,288,245,143,83
California,6,yuba,115,2019m6,2019,6,6469,13077,1652526,916,561,289,168,91
California,6,yuba,115,2019m7,2019,7,6720,13454,1679456,656,574,199,56,125
California,6,yuba,115,2019m8,2019,8,6883,13769,1688361,585,421,186,56,115
California,6,yuba,115,2019m9,2019,9,6932,13839,1665117,514,342,173,55,97
California,6,yuba,115,2019m10,2019,10,7019,13971,1713387,491,347,178,56,106
California,6,yuba,115,2019m11,2019,11,7013,13985,1642848,384,269,156,51,92
California,6,yuba,115,2019m12,2019,12,7015,13938,1635714,438,281,129,38,79
California,6,yuba,115,2020m1,2020,1,7009,13958,1624070,564,344,150,49,84
California,6,yuba,115,2020m2,2020,2,7053,13942,1631685,428,299,166,43,105
California,6,yuba,115,2020m3,2020,3,7077,13943,1643898,519,304,158,40,98
California,6,yuba,115,2020m4,2020,4,7459,14674,2519265,683,427,243,71,133
California,6,yuba,115,2020m5,2020,5,7697,15110,2647673,416,250,207,61,93
California,6,yuba,115,2020m6,2020,6,7771,15136,2656726,458,198,197,67,89
California,6,yuba,115,2020m7,2020,7,7505,14629,2509971,400,204,235,81,125
California,6,yuba,115,2020m8,2020,8,7351,14400,2503963,470,255,174,64,100
California,6,yuba,115,2020m9,2020,9,7228,14331,2553085,376,238,207,67,129
California,6,yuba,115,2020m10,2020,10,6976,13909,2554383,410,247,140,36,96
California,6,yuba,115,2020m11,2020,11,6864,13736,3029706,456,271,158,53,100
California,6,yuba,115,2020m12,2020,12,6736,13417,2465711,553,295,175,50,118
California,6,yuba,115,2021m1,2021,1,6876,13708,2490292,700,396,269,59,195
California,6,yuba,115,2021m2,2021,2,6728,13332,3210304,266,185,85,15,61
California,6,yuba,115,2021m3,2021,3,6966,13731,2897488,752,478,302,49,234
California,6,yuba,115,2021m4,2021,4,7059,13864,3054480,455,317,206,41,152
California,6,yuba,115,2021m5,2021,5,7109,13979,3245985,449,323,178,43,126
California,6,yuba,115,2021m6,2021,6,7186,14128,3254628,732,394,174,45,116
California,6,yuba,115,2021m7,2021,7,7350,14423,3345441,602,435,248,59,175
California,6,yuba,115,2021m8,2021,8,7487,14662,3377173,677,381,229,57,160
California,6,yuba,115,2021m9,2021,9,7705,14931,3434248,696,408,270,63,184
California,6,yuba,115,2021m10,2021,10,7951,15325,3857734,736,479,243,66,161
California,6,yuba,115,2021m11,2021,11,8115,15532,3889202,621,388,256,65,171
California,6,yuba,115,2021m12,2021,12,8162,15601,3904952, , , , , 
California,6,yuba,115,2022m1,2022,1,8165,15535,3930669,663,390,214,53,147
California,6,yuba,115,2022m2,2022,2,8244,15668,3956195,552,394,202,55,131
California,6,yuba,115,2022m3,2022,3,8407,16047,4028846,648,476,229,82,132
California,6,yuba,115,2022m4,2022,4,8518,16245,4043646,624,411,201,74,111
California,6,yuba,115,2022m5,2022,5,8640,16474,4092147,625,426,183,61,108
California,6,yuba,115,2022m6,2022,6,8785,16739,4150873,673,453,198,78,104
California,6,yuba,115,2022m7,2022,7,8889,16923,4217276,624,403,227,85,131
California,6,yuba,115,2022m8,2022,8,9078,17197,4278859,707,428,217,88,111
California,6,yuba,115,2022m9,2022,9,9201,17376,4299211,671,451,252,112,125
California,6,yuba,115,2022m10,2022,10,9392,17719,4854295,697,456,272,120,137
California,6,yuba,115,2022m11,2022,11,9473,17853,4948697,638,387,215,94,108
California,6,yuba,115,2022m12,2022,12,9564,18035,4990517,551,367,229,77,140
California,6,yuba,115,2023m1,2023,1,9640,18128,4980697,715,398,189,59,119
California,6,yuba,115,2023m2,2023,2,9762,18385,5981575,583,403,269,70,181
California,6,yuba,115,2023m3,2023,3,9942,18641,5202491,672,468,244,75,152
California,6,yuba,115,2023m4,2023,4,9742,18282,3285343,480,307,182,60,114
California,6,yuba,115,2023m5,2023,5,9888,18470,3220328,621,400,181,64,106
California,6,yuba,115,2023m6,2023,6,9922,18462,3223141,610,382,220,78,120
California,6,yuba,115,2023m7,2023,7,9986,18630,3248677,616,333,213,72,124
California,6,yuba,115,2023m8,2023,8,10004,18636,3260432,632,353,246,76,155
California,6,yuba,115,2023m9,2023,9,9977,18550,3234979,568,314,258,81,158
California,6,yuba,115,2023m10,2023,10,10029,18635,3453942,596,355,218,64,138
California,6,yuba,115,2023m11,2023,11,10061,18692,3442355,524,362,229,78,126
California,6,yuba,115,2023m12,2023,12,10120,18802,3481688,550,386,235,62,160
California,6,yuba,115,2024m1,2024,1,10102,18769,3488469,657,385,225,53,154
California,6,yuba,115,2024m2,2024,2,10182,18939,3499475, , , , , 
