state_fips,yearmonth,unemployment
1,199601,5.4
1,199602,5.4
1,199603,5.3
1,199604,5.3
1,199605,5.2
1,199606,5.2
1,199607,5.1
1,199608,5.1
1,199609,5.0
1,199610,5.1
1,199611,5.1
1,199612,5.1
1,199701,5.1
1,199702,5.1
1,199703,5.1
1,199704,5.1
1,199705,5.1
1,199706,5.0
1,199707,5.0
1,199708,4.9
1,199709,4.9
1,199710,4.8
1,199711,4.7
1,199712,4.6
1,199801,4.5
1,199802,4.4
1,199803,4.4
1,199804,4.4
1,199805,4.4
1,199806,4.4
1,199807,4.5
1,199808,4.5
1,199809,4.5
1,199810,4.5
1,199811,4.5
1,199812,4.5
1,199901,4.6
1,199902,4.6
1,199903,4.7
1,199904,4.7
1,199905,4.8
1,199906,4.8
1,199907,4.8
1,199908,4.8
1,199909,4.8
1,199910,4.8
1,199911,4.7
1,199912,4.7
1,200001,4.7
1,200002,4.7
1,200003,4.7
1,200004,4.7
1,200005,4.6
1,200006,4.6
1,200007,4.6
1,200008,4.6
1,200009,4.6
1,200010,4.6
1,200011,4.6
1,200012,4.7
1,200101,4.7
1,200102,4.8
1,200103,4.8
1,200104,4.8
1,200105,4.9
1,200106,5.0
1,200107,5.1
1,200108,5.2
1,200109,5.4
1,200110,5.6
1,200111,5.7
1,200112,5.8
1,200201,5.8
1,200202,5.9
1,200203,5.9
1,200204,5.9
1,200205,5.9
1,200206,5.9
1,200207,5.9
1,200208,5.9
1,200209,5.9
1,200210,5.9
1,200211,5.9
1,200212,5.9
1,200301,5.9
1,200302,5.9
1,200303,5.9
1,200304,5.9
1,200305,6.0
1,200306,6.0
1,200307,6.0
1,200308,6.0
1,200309,6.0
1,200310,6.0
1,200311,5.9
1,200312,5.9
1,200401,5.9
1,200402,5.9
1,200403,5.8
1,200404,5.8
1,200405,5.7
1,200406,5.7
1,200407,5.6
1,200408,5.5
1,200409,5.4
1,200410,5.3
1,200411,5.2
1,200412,5.1
1,200501,5.0
1,200502,4.9
1,200503,4.8
1,200504,4.6
1,200505,4.5
1,200506,4.4
1,200507,4.3
1,200508,4.2
1,200509,4.2
1,200510,4.2
1,200511,4.2
1,200512,4.2
1,200601,4.2
1,200602,4.1
1,200603,4.1
1,200604,4.1
1,200605,4.1
1,200606,4.1
1,200607,4.0
1,200608,4.0
1,200609,3.9
1,200610,3.9
1,200611,3.8
1,200612,3.8
1,200701,3.8
1,200702,3.9
1,200703,3.9
1,200704,3.9
1,200705,4.0
1,200706,4.0
1,200707,4.0
1,200708,4.1
1,200709,4.2
1,200710,4.2
1,200711,4.3
1,200712,4.5
1,200801,4.6
1,200802,4.7
1,200803,4.9
1,200804,5.2
1,200805,5.4
1,200806,5.7
1,200807,6.0
1,200808,6.3
1,200809,6.5
1,200810,6.9
1,200811,7.2
1,200812,7.6
1,200901,8.0
1,200902,8.4
1,200903,8.8
1,200904,9.1
1,200905,9.4
1,200906,9.7
1,200907,10.0
1,200908,10.3
1,200909,10.5
1,200910,10.7
1,200911,10.9
1,200912,11.0
1,201001,11.0
1,201002,11.0
1,201003,10.9
1,201004,10.5
1,201005,10.3
1,201006,10.2
1,201007,10.1
1,201008,10.1
1,201009,10.1
1,201010,10.1
1,201011,10.1
1,201012,10.1
1,201101,10.1
1,201102,10.0
1,201103,9.9
1,201104,9.9
1,201105,9.8
1,201106,9.8
1,201107,9.7
1,201108,9.5
1,201109,9.3
1,201110,9.1
1,201111,8.9
1,201112,8.7
1,201201,8.6
1,201202,8.5
1,201203,8.4
1,201204,8.4
1,201205,8.4
1,201206,8.3
1,201207,8.2
1,201208,8.1
1,201209,7.9
1,201210,7.8
1,201211,7.8
1,201212,7.7
1,201301,7.7
1,201302,7.6
1,201303,7.5
1,201304,7.4
1,201305,7.3
1,201306,7.3
1,201307,7.3
1,201308,7.3
1,201309,7.3
1,201310,7.2
1,201311,7.2
1,201312,7.2
1,201401,7.2
1,201402,7.1
1,201403,7.1
1,201404,7.0
1,201405,6.9
1,201406,6.9
1,201407,6.8
1,201408,6.7
1,201409,6.6
1,201410,6.4
1,201411,6.3
1,201412,6.2
1,201501,6.2
1,201502,6.1
1,201503,6.1
1,201504,6.1
1,201505,6.1
1,201506,6.1
1,201507,6.1
1,201508,6.1
1,201509,6.1
1,201510,6.0
1,201511,6.0
1,201512,6.0
1,201601,5.9
1,201602,5.9
1,201603,5.9
1,201604,5.8
1,201605,5.8
1,201606,5.8
1,201607,5.8
1,201608,5.8
1,201609,5.8
1,201610,5.8
1,201611,5.7
1,201612,5.6
1,201701,5.4
1,201702,5.2
1,201703,5.0
1,201704,4.8
1,201705,4.6
1,201706,4.5
1,201707,4.3
1,201708,4.2
1,201709,4.1
1,201710,4.0
1,201711,4.0
1,201712,4.0
1,201801,4.0
1,201802,4.0
1,201803,4.0
1,201804,4.0
1,201805,4.0
1,201806,4.0
1,201807,3.9
1,201808,3.9
1,201809,3.9
1,201810,3.8
1,201811,3.8
1,201812,3.8
1,201901,3.7
1,201902,3.6
1,201903,3.4
1,201904,3.3
1,201905,3.2
1,201906,3.0
1,201907,3.0
1,201908,3.0
1,201909,3.0
1,201910,3.0
1,201911,3.0
1,201912,3.1
1,202001,3.2
1,202002,3.3
1,202003,3.4
1,202004,13.8
1,202005,10.4
1,202006,8.6
1,202007,7.5
1,202008,6.3
1,202009,5.9
1,202010,5.2
1,202011,4.8
1,202012,4.5
2,199601,7.7
2,199602,7.7
2,199603,7.6
2,199604,7.6
2,199605,7.5
2,199606,7.4
2,199607,7.3
2,199608,7.3
2,199609,7.3
2,199610,7.3
2,199611,7.4
2,199612,7.4
2,199701,7.5
2,199702,7.4
2,199703,7.3
2,199704,7.2
2,199705,7.1
2,199706,7.0
2,199707,7.0
2,199708,6.9
2,199709,6.8
2,199710,6.7
2,199711,6.5
2,199712,6.4
2,199801,6.3
2,199802,6.2
2,199803,6.2
2,199804,6.2
2,199805,6.2
2,199806,6.3
2,199807,6.4
2,199808,6.4
2,199809,6.4
2,199810,6.4
2,199811,6.4
2,199812,6.4
2,199901,6.4
2,199902,6.4
2,199903,6.5
2,199904,6.5
2,199905,6.5
2,199906,6.4
2,199907,6.4
2,199908,6.3
2,199909,6.3
2,199910,6.2
2,199911,6.2
2,199912,6.1
2,200001,6.2
2,200002,6.2
2,200003,6.2
2,200004,6.3
2,200005,6.3
2,200006,6.4
2,200007,6.4
2,200008,6.4
2,200009,6.3
2,200010,6.3
2,200011,6.3
2,200012,6.2
2,200101,6.2
2,200102,6.1
2,200103,6.1
2,200104,6.1
2,200105,6.1
2,200106,6.1
2,200107,6.2
2,200108,6.3
2,200109,6.4
2,200110,6.5
2,200111,6.6
2,200112,6.7
2,200201,6.8
2,200202,6.9
2,200203,6.9
2,200204,7.0
2,200205,7.1
2,200206,7.2
2,200207,7.2
2,200208,7.3
2,200209,7.3
2,200210,7.4
2,200211,7.4
2,200212,7.5
2,200301,7.5
2,200302,7.6
2,200303,7.6
2,200304,7.7
2,200305,7.7
2,200306,7.8
2,200307,7.8
2,200308,7.8
2,200309,7.7
2,200310,7.7
2,200311,7.6
2,200312,7.6
2,200401,7.6
2,200402,7.6
2,200403,7.6
2,200404,7.6
2,200405,7.5
2,200406,7.5
2,200407,7.4
2,200408,7.3
2,200409,7.3
2,200410,7.2
2,200411,7.2
2,200412,7.2
2,200501,7.1
2,200502,7.0
2,200503,6.9
2,200504,6.9
2,200505,6.8
2,200506,6.8
2,200507,6.8
2,200508,6.9
2,200509,6.9
2,200510,7.0
2,200511,7.0
2,200512,7.0
2,200601,6.9
2,200602,6.9
2,200603,6.8
2,200604,6.7
2,200605,6.7
2,200606,6.7
2,200607,6.6
2,200608,6.5
2,200609,6.5
2,200610,6.4
2,200611,6.4
2,200612,6.3
2,200701,6.3
2,200702,6.2
2,200703,6.2
2,200704,6.2
2,200705,6.2
2,200706,6.2
2,200707,6.3
2,200708,6.3
2,200709,6.3
2,200710,6.3
2,200711,6.3
2,200712,6.2
2,200801,6.2
2,200802,6.2
2,200803,6.3
2,200804,6.3
2,200805,6.4
2,200806,6.5
2,200807,6.6
2,200808,6.6
2,200809,6.6
2,200810,6.7
2,200811,6.8
2,200812,6.9
2,200901,7.1
2,200902,7.4
2,200903,7.6
2,200904,7.7
2,200905,7.8
2,200906,7.9
2,200907,8.0
2,200908,8.0
2,200909,8.1
2,200910,8.1
2,200911,8.1
2,200912,8.2
2,201001,8.3
2,201002,8.3
2,201003,8.2
2,201004,8.1
2,201005,8.0
2,201006,7.9
2,201007,7.8
2,201008,7.8
2,201009,7.8
2,201010,7.9
2,201011,7.9
2,201012,7.9
2,201101,7.8
2,201102,7.8
2,201103,7.7
2,201104,7.6
2,201105,7.6
2,201106,7.6
2,201107,7.6
2,201108,7.6
2,201109,7.6
2,201110,7.5
2,201111,7.5
2,201112,7.4
2,201201,7.3
2,201202,7.3
2,201203,7.2
2,201204,7.2
2,201205,7.2
2,201206,7.2
2,201207,7.1
2,201208,7.1
2,201209,7.0
2,201210,7.0
2,201211,7.0
2,201212,7.0
2,201301,7.0
2,201302,7.0
2,201303,6.9
2,201304,6.9
2,201305,6.9
2,201306,6.9
2,201307,6.9
2,201308,7.0
2,201309,6.9
2,201310,6.9
2,201311,6.9
2,201312,6.9
2,201401,6.9
2,201402,6.9
2,201403,6.9
2,201404,6.9
2,201405,6.9
2,201406,6.8
2,201407,6.8
2,201408,6.8
2,201409,6.7
2,201410,6.6
2,201411,6.4
2,201412,6.3
2,201501,6.3
2,201502,6.3
2,201503,6.3
2,201504,6.3
2,201505,6.3
2,201506,6.2
2,201507,6.2
2,201508,6.2
2,201509,6.3
2,201510,6.3
2,201511,6.3
2,201512,6.4
2,201601,6.4
2,201602,6.5
2,201603,6.5
2,201604,6.6
2,201605,6.6
2,201606,6.7
2,201607,6.7
2,201608,6.7
2,201609,6.7
2,201610,6.7
2,201611,6.7
2,201612,6.7
2,201701,6.7
2,201702,6.6
2,201703,6.6
2,201704,6.6
2,201705,6.6
2,201706,6.6
2,201707,6.6
2,201708,6.6
2,201709,6.6
2,201710,6.6
2,201711,6.6
2,201712,6.6
2,201801,6.5
2,201802,6.4
2,201803,6.3
2,201804,6.1
2,201805,6.0
2,201806,6.0
2,201807,5.9
2,201808,5.9
2,201809,5.9
2,201810,6.0
2,201811,6.0
2,201812,6.1
2,201901,6.0
2,201902,5.9
2,201903,5.8
2,201904,5.7
2,201905,5.6
2,201906,5.6
2,201907,5.6
2,201908,5.6
2,201909,5.5
2,201910,5.4
2,201911,5.3
2,201912,5.2
2,202001,5.3
2,202002,5.4
2,202003,5.4
2,202004,11.6
2,202005,11.7
2,202006,11.2
2,202007,11.1
2,202008,8.6
2,202009,7.8
2,202010,7.2
2,202011,7.0
2,202012,7.1
4,199601,5.2
4,199602,5.3
4,199603,5.3
4,199604,5.4
4,199605,5.5
4,199606,5.6
4,199607,5.6
4,199608,5.6
4,199609,5.6
4,199610,5.6
4,199611,5.6
4,199612,5.5
4,199701,5.3
4,199702,5.2
4,199703,5.0
4,199704,4.8
4,199705,4.6
4,199706,4.5
4,199707,4.4
4,199708,4.4
4,199709,4.3
4,199710,4.3
4,199711,4.3
4,199712,4.3
4,199801,4.3
4,199802,4.3
4,199803,4.3
4,199804,4.2
4,199805,4.2
4,199806,4.2
4,199807,4.2
4,199808,4.2
4,199809,4.2
4,199810,4.3
4,199811,4.3
4,199812,4.3
4,199901,4.4
4,199902,4.5
4,199903,4.6
4,199904,4.6
4,199905,4.7
4,199906,4.7
4,199907,4.6
4,199908,4.5
4,199909,4.4
4,199910,4.3
4,199911,4.2
4,199912,4.1
4,200001,4.1
4,200002,4.0
4,200003,4.0
4,200004,4.0
4,200005,4.0
4,200006,4.0
4,200007,4.0
4,200008,4.0
4,200009,3.9
4,200010,3.9
4,200011,3.9
4,200012,4.0
4,200101,4.0
4,200102,4.1
4,200103,4.2
4,200104,4.2
4,200105,4.3
4,200106,4.4
4,200107,4.6
4,200108,4.8
4,200109,5.1
4,200110,5.4
4,200111,5.7
4,200112,5.9
4,200201,6.0
4,200202,6.1
4,200203,6.2
4,200204,6.2
4,200205,6.3
4,200206,6.3
4,200207,6.2
4,200208,6.2
4,200209,6.2
4,200210,6.1
4,200211,6.1
4,200212,6.0
4,200301,6.0
4,200302,5.9
4,200303,5.9
4,200304,5.9
4,200305,5.9
4,200306,5.9
4,200307,5.9
4,200308,5.8
4,200309,5.7
4,200310,5.6
4,200311,5.5
4,200312,5.4
4,200401,5.4
4,200402,5.3
4,200403,5.3
4,200404,5.2
4,200405,5.1
4,200406,5.0
4,200407,4.9
4,200408,4.8
4,200409,4.7
4,200410,4.6
4,200411,4.6
4,200412,4.6
4,200501,4.6
4,200502,4.6
4,200503,4.6
4,200504,4.7
4,200505,4.7
4,200506,4.7
4,200507,4.7
4,200508,4.7
4,200509,4.7
4,200510,4.6
4,200511,4.6
4,200512,4.5
4,200601,4.4
4,200602,4.4
4,200603,4.3
4,200604,4.3
4,200605,4.4
4,200606,4.4
4,200607,4.3
4,200608,4.3
4,200609,4.2
4,200610,4.1
4,200611,4.1
4,200612,4.0
4,200701,3.9
4,200702,3.8
4,200703,3.7
4,200704,3.6
4,200705,3.5
4,200706,3.5
4,200707,3.4
4,200708,3.5
4,200709,3.6
4,200710,3.8
4,200711,4.0
4,200712,4.1
4,200801,4.2
4,200802,4.4
4,200803,4.5
4,200804,4.8
4,200805,5.1
4,200806,5.5
4,200807,5.9
4,200808,6.2
4,200809,6.6
4,200810,6.9
4,200811,7.3
4,200812,7.8
4,200901,8.2
4,200902,8.6
4,200903,9.0
4,200904,9.4
4,200905,9.6
4,200906,9.8
4,200907,10.0
4,200908,10.2
4,200909,10.3
4,200910,10.4
4,200911,10.5
4,200912,10.6
4,201001,10.6
4,201002,10.7
4,201003,10.6
4,201004,10.6
4,201005,10.5
4,201006,10.4
4,201007,10.3
4,201008,10.2
4,201009,10.2
4,201010,10.1
4,201011,10.1
4,201012,10.0
4,201101,9.9
4,201102,9.8
4,201103,9.7
4,201104,9.7
4,201105,9.6
4,201106,9.6
4,201107,9.6
4,201108,9.5
4,201109,9.4
4,201110,9.2
4,201111,9.1
4,201112,8.9
4,201201,8.8
4,201202,8.7
4,201203,8.6
4,201204,8.5
4,201205,8.5
4,201206,8.4
4,201207,8.4
4,201208,8.3
4,201209,8.2
4,201210,8.1
4,201211,8.1
4,201212,8.1
4,201301,8.1
4,201302,8.1
4,201303,8.1
4,201304,8.0
4,201305,8.0
4,201306,7.9
4,201307,7.9
4,201308,7.8
4,201309,7.7
4,201310,7.6
4,201311,7.5
4,201312,7.4
4,201401,7.2
4,201402,7.1
4,201403,7.0
4,201404,7.0
4,201405,6.9
4,201406,6.8
4,201407,6.8
4,201408,6.7
4,201409,6.7
4,201410,6.6
4,201411,6.5
4,201412,6.5
4,201501,6.4
4,201502,6.3
4,201503,6.3
4,201504,6.2
4,201505,6.2
4,201506,6.1
4,201507,6.1
4,201508,6.1
4,201509,6.0
4,201510,5.9
4,201511,5.9
4,201512,5.8
4,201601,5.7
4,201602,5.7
4,201603,5.6
4,201604,5.6
4,201605,5.6
4,201606,5.5
4,201607,5.5
4,201608,5.4
4,201609,5.4
4,201610,5.4
4,201611,5.3
4,201612,5.3
4,201701,5.2
4,201702,5.2
4,201703,5.1
4,201704,5.0
4,201705,5.0
4,201706,4.9
4,201707,4.9
4,201708,4.8
4,201709,4.8
4,201710,4.8
4,201711,4.9
4,201712,4.9
4,201801,4.9
4,201802,4.8
4,201803,4.8
4,201804,4.7
4,201805,4.7
4,201806,4.7
4,201807,4.7
4,201808,4.7
4,201809,4.8
4,201810,4.9
4,201811,5.0
4,201812,5.0
4,201901,5.0
4,201902,5.0
4,201903,4.9
4,201904,4.9
4,201905,4.8
4,201906,4.8
4,201907,4.8
4,201908,4.8
4,201909,4.7
4,201910,4.7
4,201911,4.7
4,201912,4.7
4,202001,4.8
4,202002,4.8
4,202003,4.9
4,202004,13.8
4,202005,11.2
4,202006,9.8
4,202007,9.0
4,202008,7.9
4,202009,7.5
4,202010,7.0
4,202011,6.7
4,202012,6.5
5,199601,5.0
5,199602,5.1
5,199603,5.1
5,199604,5.2
5,199605,5.2
5,199606,5.2
5,199607,5.2
5,199608,5.2
5,199609,5.2
5,199610,5.2
5,199611,5.2
5,199612,5.2
5,199701,5.2
5,199702,5.2
5,199703,5.1
5,199704,5.1
5,199705,5.1
5,199706,5.1
5,199707,5.1
5,199708,5.1
5,199709,5.1
5,199710,5.1
5,199711,5.0
5,199712,5.1
5,199801,5.1
5,199802,5.1
5,199803,5.1
5,199804,5.1
5,199805,5.1
5,199806,5.0
5,199807,5.0
5,199808,5.1
5,199809,5.1
5,199810,5.0
5,199811,5.0
5,199812,4.8
5,199901,4.7
5,199902,4.6
5,199903,4.6
5,199904,4.5
5,199905,4.5
5,199906,4.6
5,199907,4.6
5,199908,4.5
5,199909,4.5
5,199910,4.4
5,199911,4.4
5,199912,4.3
5,200001,4.3
5,200002,4.3
5,200003,4.2
5,200004,4.2
5,200005,4.1
5,200006,4.1
5,200007,4.1
5,200008,4.1
5,200009,4.1
5,200010,4.1
5,200011,4.2
5,200012,4.2
5,200101,4.3
5,200102,4.4
5,200103,4.5
5,200104,4.5
5,200105,4.6
5,200106,4.6
5,200107,4.7
5,200108,4.8
5,200109,4.9
5,200110,5.1
5,200111,5.2
5,200112,5.3
5,200201,5.4
5,200202,5.5
5,200203,5.5
5,200204,5.4
5,200205,5.4
5,200206,5.3
5,200207,5.2
5,200208,5.2
5,200209,5.2
5,200210,5.2
5,200211,5.3
5,200212,5.4
5,200301,5.4
5,200302,5.5
5,200303,5.6
5,200304,5.7
5,200305,5.8
5,200306,5.9
5,200307,6.0
5,200308,6.0
5,200309,5.9
5,200310,5.8
5,200311,5.8
5,200312,5.7
5,200401,5.7
5,200402,5.7
5,200403,5.7
5,200404,5.7
5,200405,5.7
5,200406,5.6
5,200407,5.5
5,200408,5.5
5,200409,5.5
5,200410,5.4
5,200411,5.4
5,200412,5.4
5,200501,5.4
5,200502,5.3
5,200503,5.3
5,200504,5.2
5,200505,5.2
5,200506,5.2
5,200507,5.2
5,200508,5.3
5,200509,5.3
5,200510,5.3
5,200511,5.3
5,200512,5.2
5,200601,5.1
5,200602,5.1
5,200603,5.1
5,200604,5.2
5,200605,5.2
5,200606,5.3
5,200607,5.3
5,200608,5.3
5,200609,5.3
5,200610,5.3
5,200611,5.3
5,200612,5.3
5,200701,5.3
5,200702,5.3
5,200703,5.3
5,200704,5.4
5,200705,5.4
5,200706,5.5
5,200707,5.5
5,200708,5.5
5,200709,5.5
5,200710,5.4
5,200711,5.3
5,200712,5.2
5,200801,5.1
5,200802,5.0
5,200803,4.9
5,200804,4.9
5,200805,5.0
5,200806,5.1
5,200807,5.3
5,200808,5.4
5,200809,5.6
5,200810,5.9
5,200811,6.2
5,200812,6.6
5,200901,7.0
5,200902,7.3
5,200903,7.6
5,200904,7.8
5,200905,7.9
5,200906,7.9
5,200907,7.9
5,200908,7.8
5,200909,7.8
5,200910,7.8
5,200911,7.8
5,200912,7.9
5,201001,7.9
5,201002,7.9
5,201003,7.9
5,201004,7.8
5,201005,7.7
5,201006,7.7
5,201007,7.7
5,201008,7.7
5,201009,7.8
5,201010,7.9
5,201011,8.0
5,201012,8.0
5,201101,8.0
5,201102,8.0
5,201103,8.0
5,201104,7.9
5,201105,8.0
5,201106,8.0
5,201107,8.0
5,201108,7.9
5,201109,7.9
5,201110,7.8
5,201111,7.6
5,201112,7.5
5,201201,7.4
5,201202,7.3
5,201203,7.3
5,201204,7.3
5,201205,7.3
5,201206,7.3
5,201207,7.2
5,201208,7.2
5,201209,7.2
5,201210,7.2
5,201211,7.2
5,201212,7.2
5,201301,7.2
5,201302,7.2
5,201303,7.2
5,201304,7.2
5,201305,7.2
5,201306,7.1
5,201307,7.1
5,201308,7.1
5,201309,7.0
5,201310,6.9
5,201311,6.7
5,201312,6.6
5,201401,6.4
5,201402,6.3
5,201403,6.1
5,201404,6.0
5,201405,6.0
5,201406,5.9
5,201407,5.8
5,201408,5.7
5,201409,5.7
5,201410,5.6
5,201411,5.5
5,201412,5.5
5,201501,5.5
5,201502,5.4
5,201503,5.4
5,201504,5.3
5,201505,5.2
5,201506,5.1
5,201507,4.9
5,201508,4.8
5,201509,4.6
5,201510,4.5
5,201511,4.4
5,201512,4.3
5,201601,4.2
5,201602,4.1
5,201603,4.0
5,201604,4.0
5,201605,4.0
5,201606,4.0
5,201607,4.0
5,201608,3.9
5,201609,3.9
5,201610,3.9
5,201611,3.9
5,201612,3.8
5,201701,3.8
5,201702,3.7
5,201703,3.7
5,201704,3.7
5,201705,3.7
5,201706,3.7
5,201707,3.7
5,201708,3.7
5,201709,3.8
5,201710,3.8
5,201711,3.8
5,201712,3.8
5,201801,3.8
5,201802,3.8
5,201803,3.7
5,201804,3.7
5,201805,3.6
5,201806,3.6
5,201807,3.5
5,201808,3.5
5,201809,3.6
5,201810,3.6
5,201811,3.7
5,201812,3.7
5,201901,3.7
5,201902,3.6
5,201903,3.5
5,201904,3.4
5,201905,3.4
5,201906,3.4
5,201907,3.4
5,201908,3.5
5,201909,3.5
5,201910,3.5
5,201911,3.5
5,201912,3.5
5,202001,3.5
5,202002,3.6
5,202003,4.8
5,202004,10.1
5,202005,8.9
5,202006,7.9
5,202007,7.3
5,202008,6.4
5,202009,5.9
5,202010,5.4
5,202011,5.1
5,202012,5.0
6,199601,7.8
6,199602,7.8
6,199603,7.7
6,199604,7.6
6,199605,7.5
6,199606,7.3
6,199607,7.2
6,199608,7.1
6,199609,7.1
6,199610,7.0
6,199611,7.0
6,199612,7.0
6,199701,6.9
6,199702,6.8
6,199703,6.7
6,199704,6.6
6,199705,6.5
6,199706,6.4
6,199707,6.3
6,199708,6.2
6,199709,6.2
6,199710,6.1
6,199711,6.1
6,199712,6.0
6,199801,6.0
6,199802,6.0
6,199803,6.0
6,199804,6.0
6,199805,6.0
6,199806,6.0
6,199807,6.0
6,199808,6.0
6,199809,6.0
6,199810,5.9
6,199811,5.9
6,199812,5.8
6,199901,5.7
6,199902,5.6
6,199903,5.5
6,199904,5.4
6,199905,5.3
6,199906,5.3
6,199907,5.2
6,199908,5.2
6,199909,5.1
6,199910,5.1
6,199911,5.0
6,199912,5.0
6,200001,5.0
6,200002,5.0
6,200003,5.0
6,200004,5.0
6,200005,5.1
6,200006,5.0
6,200007,5.0
6,200008,4.9
6,200009,4.9
6,200010,4.8
6,200011,4.7
6,200012,4.7
6,200101,4.7
6,200102,4.8
6,200103,4.9
6,200104,5.0
6,200105,5.1
6,200106,5.2
6,200107,5.4
6,200108,5.6
6,200109,5.9
6,200110,6.1
6,200111,6.3
6,200112,6.5
6,200201,6.6
6,200202,6.7
6,200203,6.7
6,200204,6.7
6,200205,6.7
6,200206,6.7
6,200207,6.7
6,200208,6.7
6,200209,6.8
6,200210,6.8
6,200211,6.8
6,200212,6.9
6,200301,6.9
6,200302,6.9
6,200303,7.0
6,200304,7.0
6,200305,7.0
6,200306,7.0
6,200307,7.0
6,200308,7.0
6,200309,6.9
6,200310,6.8
6,200311,6.7
6,200312,6.6
6,200401,6.6
6,200402,6.5
6,200403,6.5
6,200404,6.5
6,200405,6.4
6,200406,6.3
6,200407,6.2
6,200408,6.1
6,200409,6.0
6,200410,5.9
6,200411,5.9
6,200412,5.8
6,200501,5.8
6,200502,5.7
6,200503,5.6
6,200504,5.5
6,200505,5.4
6,200506,5.3
6,200507,5.3
6,200508,5.3
6,200509,5.3
6,200510,5.2
6,200511,5.2
6,200512,5.1
6,200601,5.0
6,200602,5.0
6,200603,4.9
6,200604,4.9
6,200605,4.9
6,200606,4.9
6,200607,4.9
6,200608,4.9
6,200609,4.8
6,200610,4.8
6,200611,4.8
6,200612,4.9
6,200701,4.9
6,200702,5.0
6,200703,5.0
6,200704,5.1
6,200705,5.1
6,200706,5.2
6,200707,5.3
6,200708,5.4
6,200709,5.6
6,200710,5.7
6,200711,5.7
6,200712,5.8
6,200801,5.9
6,200802,6.0
6,200803,6.2
6,200804,6.4
6,200805,6.7
6,200806,7.0
6,200807,7.3
6,200808,7.6
6,200809,7.9
6,200810,8.3
6,200811,8.8
6,200812,9.3
6,200901,9.9
6,200902,10.4
6,200903,10.8
6,200904,11.1
6,200905,11.4
6,200906,11.6
6,200907,11.7
6,200908,11.9
6,200909,12.0
6,200910,12.1
6,200911,12.2
6,200912,12.3
6,201001,12.4
6,201002,12.4
6,201003,12.4
6,201004,12.4
6,201005,12.3
6,201006,12.3
6,201007,12.2
6,201008,12.3
6,201009,12.3
6,201010,12.3
6,201011,12.3
6,201012,12.2
6,201101,12.1
6,201102,12.0
6,201103,11.9
6,201104,11.9
6,201105,11.9
6,201106,11.9
6,201107,11.8
6,201108,11.8
6,201109,11.6
6,201110,11.5
6,201111,11.3
6,201112,11.1
6,201201,11.0
6,201202,10.9
6,201203,10.8
6,201204,10.7
6,201205,10.7
6,201206,10.5
6,201207,10.4
6,201208,10.2
6,201209,10.1
6,201210,9.9
6,201211,9.8
6,201212,9.7
6,201301,9.6
6,201302,9.5
6,201303,9.4
6,201304,9.3
6,201305,9.2
6,201306,9.1
6,201307,9.0
6,201308,8.9
6,201309,8.8
6,201310,8.6
6,201311,8.5
6,201312,8.4
6,201401,8.2
6,201402,8.1
6,201403,8.0
6,201404,7.8
6,201405,7.7
6,201406,7.6
6,201407,7.5
6,201408,7.4
6,201409,7.3
6,201410,7.2
6,201411,7.1
6,201412,6.9
6,201501,6.8
6,201502,6.7
6,201503,6.6
6,201504,6.5
6,201505,6.4
6,201506,6.3
6,201507,6.1
6,201508,6.0
6,201509,5.9
6,201510,5.8
6,201511,5.8
6,201512,5.7
6,201601,5.7
6,201602,5.6
6,201603,5.6
6,201604,5.5
6,201605,5.5
6,201606,5.5
6,201607,5.5
6,201608,5.5
6,201609,5.5
6,201610,5.5
6,201611,5.4
6,201612,5.4
6,201701,5.3
6,201702,5.1
6,201703,5.0
6,201704,5.0
6,201705,4.9
6,201706,4.8
6,201707,4.8
6,201708,4.8
6,201709,4.7
6,201710,4.6
6,201711,4.5
6,201712,4.5
6,201801,4.4
6,201802,4.3
6,201803,4.3
6,201804,4.2
6,201805,4.2
6,201806,4.2
6,201807,4.2
6,201808,4.2
6,201809,4.2
6,201810,4.3
6,201811,4.3
6,201812,4.3
6,201901,4.3
6,201902,4.3
6,201903,4.2
6,201904,4.1
6,201905,4.0
6,201906,4.0
6,201907,4.0
6,201908,4.0
6,201909,4.0
6,201910,4.0
6,201911,4.1
6,201912,4.1
6,202001,4.3
6,202002,4.4
6,202003,5.5
6,202004,16.1
6,202005,15.8
6,202006,13.8
6,202007,13.1
6,202008,11.8
6,202009,9.9
6,202010,9.3
6,202011,9.0
6,202012,9.0
8,199601,4.2
8,199602,4.2
8,199603,4.3
8,199604,4.3
8,199605,4.3
8,199606,4.3
8,199607,4.3
8,199608,4.2
8,199609,4.1
8,199610,4.0
8,199611,3.9
8,199612,3.9
8,199701,3.8
8,199702,3.6
8,199703,3.5
8,199704,3.4
8,199705,3.3
8,199706,3.2
8,199707,3.2
8,199708,3.2
8,199709,3.2
8,199710,3.2
8,199711,3.3
8,199712,3.4
8,199801,3.5
8,199802,3.6
8,199803,3.7
8,199804,3.7
8,199805,3.7
8,199806,3.8
8,199807,3.8
8,199808,3.8
8,199809,3.7
8,199810,3.6
8,199811,3.4
8,199812,3.3
8,199901,3.1
8,199902,3.0
8,199903,3.0
8,199904,3.0
8,199905,3.0
8,199906,3.1
8,199907,3.1
8,199908,3.1
8,199909,3.0
8,199910,3.0
8,199911,2.9
8,199912,2.8
8,200001,2.8
8,200002,2.7
8,200003,2.7
8,200004,2.7
8,200005,2.7
8,200006,2.7
8,200007,2.8
8,200008,2.8
8,200009,2.8
8,200010,2.7
8,200011,2.7
8,200012,2.6
8,200101,2.7
8,200102,2.8
8,200103,2.9
8,200104,3.1
8,200105,3.2
8,200106,3.4
8,200107,3.7
8,200108,4.0
8,200109,4.4
8,200110,4.8
8,200111,5.2
8,200112,5.6
8,200201,5.8
8,200202,5.9
8,200203,5.9
8,200204,5.8
8,200205,5.7
8,200206,5.6
8,200207,5.6
8,200208,5.6
8,200209,5.6
8,200210,5.6
8,200211,5.7
8,200212,5.8
8,200301,5.9
8,200302,6.0
8,200303,6.1
8,200304,6.2
8,200305,6.3
8,200306,6.3
8,200307,6.3
8,200308,6.2
8,200309,6.1
8,200310,6.1
8,200311,6.0
8,200312,5.9
8,200401,5.8
8,200402,5.8
8,200403,5.7
8,200404,5.6
8,200405,5.6
8,200406,5.5
8,200407,5.5
8,200408,5.5
8,200409,5.5
8,200410,5.5
8,200411,5.4
8,200412,5.4
8,200501,5.4
8,200502,5.4
8,200503,5.3
8,200504,5.3
8,200505,5.2
8,200506,5.1
8,200507,5.0
8,200508,5.0
8,200509,4.9
8,200510,4.9
8,200511,4.8
8,200512,4.7
8,200601,4.5
8,200602,4.4
8,200603,4.4
8,200604,4.3
8,200605,4.4
8,200606,4.4
8,200607,4.3
8,200608,4.3
8,200609,4.2
8,200610,4.1
8,200611,3.9
8,200612,3.8
8,200701,3.6
8,200702,3.5
8,200703,3.4
8,200704,3.4
8,200705,3.4
8,200706,3.5
8,200707,3.6
8,200708,3.7
8,200709,3.9
8,200710,4.0
8,200711,4.1
8,200712,4.1
8,200801,4.1
8,200802,4.2
8,200803,4.2
8,200804,4.3
8,200805,4.5
8,200806,4.6
8,200807,4.8
8,200808,5.0
8,200809,5.2
8,200810,5.4
8,200811,5.7
8,200812,6.1
8,200901,6.6
8,200902,7.1
8,200903,7.6
8,200904,7.9
8,200905,8.1
8,200906,8.2
8,200907,8.2
8,200908,8.2
8,200909,8.2
8,200910,8.3
8,200911,8.4
8,200912,8.6
8,201001,8.8
8,201002,9.0
8,201003,9.1
8,201004,9.1
8,201005,9.0
8,201006,9.0
8,201007,9.1
8,201008,9.2
8,201009,9.3
8,201010,9.4
8,201011,9.4
8,201012,9.3
8,201101,9.1
8,201102,8.9
8,201103,8.8
8,201104,8.7
8,201105,8.6
8,201106,8.6
8,201107,8.7
8,201108,8.7
8,201109,8.6
8,201110,8.6
8,201111,8.5
8,201112,8.5
8,201201,8.4
8,201202,8.3
8,201203,8.3
8,201204,8.2
8,201205,8.2
8,201206,8.2
8,201207,8.1
8,201208,7.9
8,201209,7.8
8,201210,7.6
8,201211,7.5
8,201212,7.4
8,201301,7.3
8,201302,7.1
8,201303,7.0
8,201304,6.9
8,201305,6.9
8,201306,6.8
8,201307,6.8
8,201308,6.7
8,201309,6.5
8,201310,6.4
8,201311,6.2
8,201312,6.1
8,201401,5.9
8,201402,5.8
8,201403,5.6
8,201404,5.4
8,201405,5.2
8,201406,5.0
8,201407,4.8
8,201408,4.6
8,201409,4.4
8,201410,4.3
8,201411,4.2
8,201412,4.2
8,201501,4.1
8,201502,4.1
8,201503,4.0
8,201504,4.0
8,201505,3.9
8,201506,3.8
8,201507,3.6
8,201508,3.5
8,201509,3.4
8,201510,3.4
8,201511,3.3
8,201512,3.3
8,201601,3.3
8,201602,3.3
8,201603,3.3
8,201604,3.3
8,201605,3.3
8,201606,3.2
8,201607,3.2
8,201608,3.1
8,201609,3.0
8,201610,2.9
8,201611,2.8
8,201612,2.7
8,201701,2.6
8,201702,2.5
8,201703,2.4
8,201704,2.4
8,201705,2.4
8,201706,2.5
8,201707,2.6
8,201708,2.7
8,201709,2.8
8,201710,2.8
8,201711,2.8
8,201712,2.9
8,201801,2.9
8,201802,2.9
8,201803,2.9
8,201804,3.0
8,201805,3.0
8,201806,3.1
8,201807,3.1
8,201808,3.1
8,201809,3.1
8,201810,3.1
8,201811,3.1
8,201812,3.0
8,201901,3.0
8,201902,2.9
8,201903,2.8
8,201904,2.6
8,201905,2.6
8,201906,2.5
8,201907,2.5
8,201908,2.5
8,201909,2.5
8,201910,2.6
8,201911,2.7
8,201912,2.8
8,202001,3.0
8,202002,3.2
8,202003,3.4
8,202004,11.2
8,202005,11.7
8,202006,11.2
8,202007,6.5
8,202008,6.2
8,202009,6.3
8,202010,6.2
8,202011,6.2
8,202012,6.4
9,199601,5.2
9,199602,5.2
9,199603,5.2
9,199604,5.2
9,199605,5.2
9,199606,5.2
9,199607,5.2
9,199608,5.2
9,199609,5.2
9,199610,5.3
9,199611,5.3
9,199612,5.3
9,199701,5.3
9,199702,5.2
9,199703,5.1
9,199704,5.0
9,199705,4.9
9,199706,4.8
9,199707,4.7
9,199708,4.5
9,199709,4.4
9,199710,4.2
9,199711,4.1
9,199712,4.0
9,199801,3.8
9,199802,3.7
9,199803,3.6
9,199804,3.4
9,199805,3.3
9,199806,3.2
9,199807,3.2
9,199808,3.1
9,199809,3.0
9,199810,2.9
9,199811,2.8
9,199812,2.7
9,199901,2.7
9,199902,2.6
9,199903,2.6
9,199904,2.6
9,199905,2.5
9,199906,2.5
9,199907,2.5
9,199908,2.4
9,199909,2.4
9,199910,2.4
9,199911,2.4
9,199912,2.4
9,200001,2.3
9,200002,2.3
9,200003,2.2
9,200004,2.2
9,200005,2.1
9,200006,2.1
9,200007,2.1
9,200008,2.1
9,200009,2.1
9,200010,2.1
9,200011,2.1
9,200012,2.2
9,200101,2.3
9,200102,2.4
9,200103,2.6
9,200104,2.7
9,200105,2.8
9,200106,2.9
9,200107,3.0
9,200108,3.1
9,200109,3.2
9,200110,3.3
9,200111,3.4
9,200112,3.5
9,200201,3.6
9,200202,3.7
9,200203,3.8
9,200204,4.0
9,200205,4.1
9,200206,4.3
9,200207,4.4
9,200208,4.6
9,200209,4.7
9,200210,4.9
9,200211,5.0
9,200212,5.1
9,200301,5.3
9,200302,5.3
9,200303,5.4
9,200304,5.5
9,200305,5.5
9,200306,5.6
9,200307,5.6
9,200308,5.6
9,200309,5.5
9,200310,5.5
9,200311,5.4
9,200312,5.3
9,200401,5.3
9,200402,5.2
9,200403,5.2
9,200404,5.1
9,200405,5.1
9,200406,5.1
9,200407,5.0
9,200408,5.0
9,200409,4.9
9,200410,4.9
9,200411,4.9
9,200412,4.9
9,200501,4.9
9,200502,5.0
9,200503,5.0
9,200504,5.0
9,200505,4.9
9,200506,4.9
9,200507,4.8
9,200508,4.8
9,200509,4.8
9,200510,4.8
9,200511,4.7
9,200512,4.7
9,200601,4.6
9,200602,4.5
9,200603,4.4
9,200604,4.4
9,200605,4.4
9,200606,4.4
9,200607,4.4
9,200608,4.4
9,200609,4.4
9,200610,4.4
9,200611,4.4
9,200612,4.4
9,200701,4.4
9,200702,4.4
9,200703,4.4
9,200704,4.4
9,200705,4.4
9,200706,4.4
9,200707,4.5
9,200708,4.6
9,200709,4.6
9,200710,4.7
9,200711,4.8
9,200712,4.8
9,200801,4.9
9,200802,4.9
9,200803,5.0
9,200804,5.1
9,200805,5.3
9,200806,5.5
9,200807,5.7
9,200808,5.8
9,200809,6.0
9,200810,6.2
9,200811,6.5
9,200812,6.8
9,200901,7.1
9,200902,7.4
9,200903,7.7
9,200904,7.9
9,200905,8.1
9,200906,8.2
9,200907,8.4
9,200908,8.5
9,200909,8.7
9,200910,8.9
9,200911,9.0
9,200912,9.2
9,201001,9.4
9,201002,9.5
9,201003,9.5
9,201004,9.5
9,201005,9.5
9,201006,9.5
9,201007,9.4
9,201008,9.5
9,201009,9.5
9,201010,9.5
9,201011,9.6
9,201012,9.5
9,201101,9.5
9,201102,9.4
9,201103,9.3
9,201104,9.2
9,201105,9.2
9,201106,9.1
9,201107,9.0
9,201108,8.9
9,201109,8.8
9,201110,8.7
9,201111,8.6
9,201112,8.4
9,201201,8.3
9,201202,8.3
9,201203,8.3
9,201204,8.4
9,201205,8.4
9,201206,8.5
9,201207,8.5
9,201208,8.5
9,201209,8.4
9,201210,8.4
9,201211,8.3
9,201212,8.3
9,201301,8.3
9,201302,8.3
9,201303,8.2
9,201304,8.2
9,201305,8.1
9,201306,8.1
9,201307,8.0
9,201308,7.9
9,201309,7.8
9,201310,7.6
9,201311,7.5
9,201312,7.4
9,201401,7.2
9,201402,7.1
9,201403,6.9
9,201404,6.8
9,201405,6.7
9,201406,6.6
9,201407,6.6
9,201408,6.5
9,201409,6.4
9,201410,6.3
9,201411,6.2
9,201412,6.1
9,201501,6.0
9,201502,5.9
9,201503,5.8
9,201504,5.7
9,201505,5.7
9,201506,5.6
9,201507,5.5
9,201508,5.5
9,201509,5.5
9,201510,5.4
9,201511,5.4
9,201512,5.3
9,201601,5.3
9,201602,5.2
9,201603,5.1
9,201604,5.0
9,201605,5.0
9,201606,4.9
9,201607,4.8
9,201608,4.7
9,201609,4.7
9,201610,4.6
9,201611,4.6
9,201612,4.6
9,201701,4.6
9,201702,4.5
9,201703,4.5
9,201704,4.5
9,201705,4.4
9,201706,4.4
9,201707,4.4
9,201708,4.4
9,201709,4.3
9,201710,4.3
9,201711,4.3
9,201712,4.3
9,201801,4.2
9,201802,4.2
9,201803,4.1
9,201804,4.0
9,201805,3.9
9,201806,3.9
9,201807,3.8
9,201808,3.8
9,201809,3.8
9,201810,3.7
9,201811,3.7
9,201812,3.7
9,201901,3.7
9,201902,3.6
9,201903,3.5
9,201904,3.5
9,201905,3.5
9,201906,3.5
9,201907,3.5
9,201908,3.6
9,201909,3.6
9,201910,3.6
9,201911,3.7
9,201912,3.7
9,202001,3.8
9,202002,3.8
9,202003,3.9
9,202004,8.3
9,202005,11.9
9,202006,11.5
9,202007,11.7
9,202008,9.6
9,202009,8.8
9,202010,7.9
9,202011,7.5
9,202012,7.4
10,199601,5.1
10,199602,5.2
10,199603,5.2
10,199604,5.2
10,199605,5.2
10,199606,5.1
10,199607,5.2
10,199608,5.2
10,199609,5.3
10,199610,5.4
10,199611,5.3
10,199612,5.2
10,199701,5.1
10,199702,4.9
10,199703,4.8
10,199704,4.5
10,199705,4.3
10,199706,4.1
10,199707,3.9
10,199708,3.7
10,199709,3.5
10,199710,3.4
10,199711,3.2
10,199712,3.3
10,199801,3.4
10,199802,3.5
10,199803,3.5
10,199804,3.6
10,199805,3.6
10,199806,3.6
10,199807,3.6
10,199808,3.6
10,199809,3.5
10,199810,3.4
10,199811,3.3
10,199812,3.2
10,199901,3.1
10,199902,3.1
10,199903,3.2
10,199904,3.2
10,199905,3.2
10,199906,3.3
10,199907,3.3
10,199908,3.3
10,199909,3.3
10,199910,3.3
10,199911,3.3
10,199912,3.3
10,200001,3.3
10,200002,3.3
10,200003,3.3
10,200004,3.4
10,200005,3.4
10,200006,3.5
10,200007,3.5
10,200008,3.5
10,200009,3.5
10,200010,3.6
10,200011,3.6
10,200012,3.6
10,200101,3.6
10,200102,3.5
10,200103,3.4
10,200104,3.3
10,200105,3.3
10,200106,3.2
10,200107,3.3
10,200108,3.4
10,200109,3.5
10,200110,3.6
10,200111,3.8
10,200112,3.9
10,200201,4.0
10,200202,4.1
10,200203,4.2
10,200204,4.2
10,200205,4.2
10,200206,4.1
10,200207,4.1
10,200208,4.0
10,200209,4.0
10,200210,4.0
10,200211,4.0
10,200212,4.1
10,200301,4.2
10,200302,4.3
10,200303,4.4
10,200304,4.4
10,200305,4.4
10,200306,4.4
10,200307,4.4
10,200308,4.3
10,200309,4.2
10,200310,4.1
10,200311,4.0
10,200312,3.9
10,200401,3.9
10,200402,3.9
10,200403,3.9
10,200404,3.9
10,200405,4.0
10,200406,4.0
10,200407,4.0
10,200408,4.1
10,200409,4.1
10,200410,4.1
10,200411,4.1
10,200412,4.1
10,200501,4.1
10,200502,4.1
10,200503,4.1
10,200504,4.1
10,200505,4.1
10,200506,4.1
10,200507,4.2
10,200508,4.2
10,200509,4.2
10,200510,4.2
10,200511,4.1
10,200512,4.0
10,200601,3.9
10,200602,3.8
10,200603,3.7
10,200604,3.6
10,200605,3.6
10,200606,3.6
10,200607,3.6
10,200608,3.6
10,200609,3.5
10,200610,3.4
10,200611,3.4
10,200612,3.3
10,200701,3.3
10,200702,3.3
10,200703,3.3
10,200704,3.4
10,200705,3.4
10,200706,3.3
10,200707,3.3
10,200708,3.4
10,200709,3.4
10,200710,3.5
10,200711,3.6
10,200712,3.6
10,200801,3.7
10,200802,3.8
10,200803,3.9
10,200804,4.0
10,200805,4.3
10,200806,4.6
10,200807,4.9
10,200808,5.1
10,200809,5.5
10,200810,5.8
10,200811,6.2
10,200812,6.6
10,200901,7.1
10,200902,7.5
10,200903,7.8
10,200904,8.1
10,200905,8.2
10,200906,8.3
10,200907,8.3
10,200908,8.4
10,200909,8.4
10,200910,8.5
10,200911,8.6
10,200912,8.7
10,201001,8.8
10,201002,8.7
10,201003,8.6
10,201004,8.5
10,201005,8.4
10,201006,8.3
10,201007,8.2
10,201008,8.1
10,201009,8.1
10,201010,8.0
10,201011,8.0
10,201012,7.9
10,201101,7.7
10,201102,7.6
10,201103,7.5
10,201104,7.5
10,201105,7.4
10,201106,7.5
10,201107,7.5
10,201108,7.5
10,201109,7.4
10,201110,7.3
10,201111,7.2
10,201112,7.1
10,201201,7.0
10,201202,6.9
10,201203,6.9
10,201204,7.0
10,201205,7.0
10,201206,7.0
10,201207,7.0
10,201208,7.0
10,201209,7.0
10,201210,6.9
10,201211,6.9
10,201212,6.9
10,201301,6.9
10,201302,6.9
10,201303,6.8
10,201304,6.8
10,201305,6.7
10,201306,6.6
10,201307,6.5
10,201308,6.4
10,201309,6.3
10,201310,6.2
10,201311,6.2
10,201312,6.1
10,201401,6.0
10,201402,6.0
10,201403,5.9
10,201404,5.9
10,201405,5.8
10,201406,5.7
10,201407,5.6
10,201408,5.5
10,201409,5.4
10,201410,5.3
10,201411,5.2
10,201412,5.1
10,201501,5.0
10,201502,5.0
10,201503,5.0
10,201504,4.9
10,201505,4.9
10,201506,4.8
10,201507,4.8
10,201508,4.7
10,201509,4.7
10,201510,4.7
10,201511,4.6
10,201512,4.6
10,201601,4.5
10,201602,4.5
10,201603,4.5
10,201604,4.5
10,201605,4.5
10,201606,4.5
10,201607,4.5
10,201608,4.5
10,201609,4.6
10,201610,4.6
10,201611,4.6
10,201612,4.6
10,201701,4.6
10,201702,4.6
10,201703,4.5
10,201704,4.5
10,201705,4.5
10,201706,4.4
10,201707,4.4
10,201708,4.3
10,201709,4.3
10,201710,4.3
10,201711,4.2
10,201712,4.2
10,201801,4.1
10,201802,4.0
10,201803,3.9
10,201804,3.8
10,201805,3.7
10,201806,3.7
10,201807,3.6
10,201808,3.5
10,201809,3.5
10,201810,3.5
10,201811,3.5
10,201812,3.5
10,201901,3.5
10,201902,3.5
10,201903,3.5
10,201904,3.5
10,201905,3.5
10,201906,3.5
10,201907,3.6
10,201908,3.6
10,201909,3.6
10,201910,3.6
10,201911,3.6
10,201912,3.6
10,202001,3.6
10,202002,3.6
10,202003,5.0
10,202004,13.1
10,202005,13.4
10,202006,12.8
10,202007,7.6
10,202008,7.4
10,202009,7.6
10,202010,5.2
10,202011,5.4
10,202012,5.6
11,199601,8.7
11,199602,8.6
11,199603,8.7
11,199604,8.7
11,199605,8.6
11,199606,8.6
11,199607,8.5
11,199608,8.3
11,199609,8.3
11,199610,8.2
11,199611,8.2
11,199612,8.1
11,199701,8.1
11,199702,8.0
11,199703,8.0
11,199704,8.0
11,199705,8.0
11,199706,8.0
11,199707,8.1
11,199708,8.2
11,199709,8.3
11,199710,8.3
11,199711,8.4
11,199712,8.5
11,199801,8.6
11,199802,8.6
11,199803,8.6
11,199804,8.5
11,199805,8.4
11,199806,8.4
11,199807,8.3
11,199808,8.2
11,199809,8.1
11,199810,8.0
11,199811,7.7
11,199812,7.5
11,199901,7.3
11,199902,7.1
11,199903,7.0
11,199904,6.8
11,199905,6.7
11,199906,6.6
11,199907,6.5
11,199908,6.4
11,199909,6.2
11,199910,6.1
11,199911,6.0
11,199912,5.9
11,200001,5.8
11,200002,5.7
11,200003,5.7
11,200004,5.6
11,200005,5.6
11,200006,5.6
11,200007,5.6
11,200008,5.6
11,200009,5.6
11,200010,5.7
11,200011,5.7
11,200012,5.8
11,200101,5.9
11,200102,5.9
11,200103,6.0
11,200104,6.0
11,200105,6.1
11,200106,6.2
11,200107,6.3
11,200108,6.4
11,200109,6.6
11,200110,6.7
11,200111,6.8
11,200112,6.8
11,200201,6.8
11,200202,6.8
11,200203,6.8
11,200204,6.7
11,200205,6.6
11,200206,6.6
11,200207,6.5
11,200208,6.5
11,200209,6.4
11,200210,6.5
11,200211,6.5
11,200212,6.6
11,200301,6.7
11,200302,6.7
11,200303,6.8
11,200304,6.8
11,200305,6.9
11,200306,6.9
11,200307,6.9
11,200308,6.9
11,200309,6.9
11,200310,6.8
11,200311,6.8
11,200312,6.9
11,200401,7.0
11,200402,7.1
11,200403,7.2
11,200404,7.4
11,200405,7.5
11,200406,7.6
11,200407,7.7
11,200408,7.7
11,200409,7.8
11,200410,7.7
11,200411,7.7
11,200412,7.6
11,200501,7.4
11,200502,7.3
11,200503,7.1
11,200504,6.9
11,200505,6.7
11,200506,6.4
11,200507,6.2
11,200508,6.1
11,200509,6.0
11,200510,5.9
11,200511,5.8
11,200512,5.8
11,200601,5.8
11,200602,5.8
11,200603,5.8
11,200604,5.8
11,200605,5.9
11,200606,5.9
11,200607,5.9
11,200608,5.9
11,200609,5.9
11,200610,5.8
11,200611,5.8
11,200612,5.7
11,200701,5.6
11,200702,5.6
11,200703,5.5
11,200704,5.5
11,200705,5.5
11,200706,5.5
11,200707,5.5
11,200708,5.5
11,200709,5.5
11,200710,5.6
11,200711,5.6
11,200712,5.6
11,200801,5.6
11,200802,5.7
11,200803,5.8
11,200804,5.9
11,200805,6.1
11,200806,6.3
11,200807,6.5
11,200808,6.7
11,200809,6.9
11,200810,7.2
11,200811,7.5
11,200812,7.9
11,200901,8.3
11,200902,8.6
11,200903,9.0
11,200904,9.2
11,200905,9.4
11,200906,9.6
11,200907,9.8
11,200908,9.9
11,200909,10.1
11,200910,10.2
11,200911,10.2
11,200912,10.2
11,201001,10.2
11,201002,10.1
11,201003,10.0
11,201004,9.8
11,201005,9.7
11,201006,9.6
11,201007,9.5
11,201008,9.6
11,201009,9.6
11,201010,9.7
11,201011,9.7
11,201012,9.8
11,201101,9.8
11,201102,9.9
11,201103,10.0
11,201104,10.1
11,201105,10.3
11,201106,10.3
11,201107,10.4
11,201108,10.3
11,201109,10.2
11,201110,10.1
11,201111,9.9
11,201112,9.7
11,201201,9.6
11,201202,9.4
11,201203,9.3
11,201204,9.2
11,201205,9.1
11,201206,9.0
11,201207,8.8
11,201208,8.7
11,201209,8.6
11,201210,8.6
11,201211,8.6
11,201212,8.6
11,201301,8.6
11,201302,8.6
11,201303,8.6
11,201304,8.6
11,201305,8.5
11,201306,8.5
11,201307,8.5
11,201308,8.4
11,201309,8.4
11,201310,8.2
11,201311,8.1
11,201312,8.0
11,201401,8.0
11,201402,7.9
11,201403,7.8
11,201404,7.8
11,201405,7.8
11,201406,7.8
11,201407,7.7
11,201408,7.7
11,201409,7.6
11,201410,7.6
11,201411,7.5
11,201412,7.4
11,201501,7.3
11,201502,7.3
11,201503,7.2
11,201504,7.1
11,201505,7.0
11,201506,6.9
11,201507,6.8
11,201508,6.7
11,201509,6.7
11,201510,6.6
11,201511,6.5
11,201512,6.5
11,201601,6.4
11,201602,6.3
11,201603,6.2
11,201604,6.1
11,201605,6.1
11,201606,6.1
11,201607,6.2
11,201608,6.2
11,201609,6.3
11,201610,6.3
11,201611,6.3
11,201612,6.3
11,201701,6.3
11,201702,6.2
11,201703,6.2
11,201704,6.2
11,201705,6.2
11,201706,6.2
11,201707,6.1
11,201708,6.1
11,201709,6.0
11,201710,6.0
11,201711,5.9
11,201712,5.9
11,201801,5.9
11,201802,5.9
11,201803,5.8
11,201804,5.8
11,201805,5.7
11,201806,5.7
11,201807,5.6
11,201808,5.5
11,201809,5.5
11,201810,5.6
11,201811,5.7
11,201812,5.9
11,201901,5.9
11,201902,5.9
11,201903,5.9
11,201904,5.7
11,201905,5.6
11,201906,5.5
11,201907,5.4
11,201908,5.3
11,201909,5.2
11,201910,5.2
11,201911,5.2
11,201912,5.4
11,202001,5.5
11,202002,5.7
11,202003,5.8
11,202004,11.3
11,202005,8.8
11,202006,8.6
11,202007,8.7
11,202008,8.5
11,202009,8.6
11,202010,8.3
11,202011,8.0
11,202012,7.8
12,199601,5.5
12,199602,5.4
12,199603,5.4
12,199604,5.4
12,199605,5.3
12,199606,5.3
12,199607,5.2
12,199608,5.2
12,199609,5.2
12,199610,5.2
12,199611,5.2
12,199612,5.2
12,199701,5.2
12,199702,5.2
12,199703,5.1
12,199704,5.1
12,199705,5.0
12,199706,5.0
12,199707,4.9
12,199708,4.8
12,199709,4.8
12,199710,4.8
12,199711,4.7
12,199712,4.7
12,199801,4.7
12,199802,4.6
12,199803,4.6
12,199804,4.5
12,199805,4.5
12,199806,4.4
12,199807,4.4
12,199808,4.4
12,199809,4.4
12,199810,4.3
12,199811,4.2
12,199812,4.2
12,199901,4.1
12,199902,4.1
12,199903,4.0
12,199904,4.0
12,199905,4.0
12,199906,4.0
12,199907,3.9
12,199908,3.9
12,199909,3.9
12,199910,3.8
12,199911,3.8
12,199912,3.8
12,200001,3.7
12,200002,3.7
12,200003,3.7
12,200004,3.7
12,200005,3.8
12,200006,3.8
12,200007,3.8
12,200008,3.7
12,200009,3.7
12,200010,3.7
12,200011,3.7
12,200012,3.8
12,200101,3.9
12,200102,4.0
12,200103,4.1
12,200104,4.2
12,200105,4.3
12,200106,4.4
12,200107,4.6
12,200108,4.8
12,200109,5.0
12,200110,5.4
12,200111,5.6
12,200112,5.7
12,200201,5.8
12,200202,5.8
12,200203,5.8
12,200204,5.7
12,200205,5.7
12,200206,5.7
12,200207,5.6
12,200208,5.6
12,200209,5.5
12,200210,5.5
12,200211,5.5
12,200212,5.5
12,200301,5.5
12,200302,5.5
12,200303,5.4
12,200304,5.4
12,200305,5.4
12,200306,5.4
12,200307,5.4
12,200308,5.3
12,200309,5.2
12,200310,5.1
12,200311,5.0
12,200312,4.9
12,200401,4.8
12,200402,4.8
12,200403,4.8
12,200404,4.8
12,200405,4.7
12,200406,4.7
12,200407,4.6
12,200408,4.5
12,200409,4.5
12,200410,4.4
12,200411,4.4
12,200412,4.3
12,200501,4.3
12,200502,4.2
12,200503,4.1
12,200504,4.0
12,200505,3.8
12,200506,3.7
12,200507,3.6
12,200508,3.6
12,200509,3.5
12,200510,3.4
12,200511,3.4
12,200512,3.3
12,200601,3.3
12,200602,3.2
12,200603,3.2
12,200604,3.2
12,200605,3.2
12,200606,3.3
12,200607,3.3
12,200608,3.3
12,200609,3.3
12,200610,3.3
12,200611,3.4
12,200612,3.4
12,200701,3.5
12,200702,3.5
12,200703,3.6
12,200704,3.7
12,200705,3.8
12,200706,3.9
12,200707,4.0
12,200708,4.1
12,200709,4.3
12,200710,4.4
12,200711,4.6
12,200712,4.7
12,200801,4.8
12,200802,5.0
12,200803,5.2
12,200804,5.5
12,200805,5.8
12,200806,6.1
12,200807,6.4
12,200808,6.7
12,200809,7.0
12,200810,7.3
12,200811,7.7
12,200812,8.1
12,200901,8.5
12,200902,8.9
12,200903,9.3
12,200904,9.5
12,200905,10.1
12,200906,10.4
12,200907,10.6
12,200908,10.8
12,200909,10.9
12,200910,11.1
12,200911,11.2
12,200912,11.3
12,201001,11.4
12,201002,11.4
12,201003,11.4
12,201004,11.3
12,201005,11.2
12,201006,11.2
12,201007,11.2
12,201008,11.2
12,201009,11.2
12,201010,11.2
12,201011,11.2
12,201012,11.1
12,201101,10.9
12,201102,10.8
12,201103,10.6
12,201104,10.5
12,201105,10.4
12,201106,10.3
12,201107,10.2
12,201108,10.1
12,201109,9.8
12,201110,9.7
12,201111,9.5
12,201112,9.4
12,201201,9.2
12,201202,9.1
12,201203,9.0
12,201204,8.9
12,201205,8.9
12,201206,8.8
12,201207,8.7
12,201208,8.5
12,201209,8.4
12,201210,8.3
12,201211,8.2
12,201212,8.1
12,201301,8.0
12,201302,7.9
12,201303,7.9
12,201304,7.7
12,201305,7.6
12,201306,7.6
12,201307,7.5
12,201308,7.4
12,201309,7.3
12,201310,7.2
12,201311,7.1
12,201312,7.0
12,201401,6.9
12,201402,6.8
12,201403,6.8
12,201404,6.7
12,201405,6.6
12,201406,6.5
12,201407,6.4
12,201408,6.3
12,201409,6.2
12,201410,6.1
12,201411,6.0
12,201412,6.0
12,201501,5.9
12,201502,5.8
12,201503,5.8
12,201504,5.7
12,201505,5.6
12,201506,5.5
12,201507,5.5
12,201508,5.4
12,201509,5.3
12,201510,5.2
12,201511,5.2
12,201512,5.1
12,201601,5.1
12,201602,5.0
12,201603,4.9
12,201604,4.9
12,201605,4.9
12,201606,4.9
12,201607,4.9
12,201608,4.9
12,201609,4.9
12,201610,4.9
12,201611,4.8
12,201612,4.8
12,201701,4.7
12,201702,4.6
12,201703,4.5
12,201704,4.4
12,201705,4.3
12,201706,4.2
12,201707,4.2
12,201708,4.2
12,201709,4.1
12,201710,4.1
12,201711,4.1
12,201712,4.0
12,201801,3.9
12,201802,3.9
12,201803,3.8
12,201804,3.7
12,201805,3.7
12,201806,3.6
12,201807,3.6
12,201808,3.5
12,201809,3.5
12,201810,3.5
12,201811,3.5
12,201812,3.5
12,201901,3.5
12,201902,3.4
12,201903,3.4
12,201904,3.3
12,201905,3.3
12,201906,3.2
12,201907,3.2
12,201908,3.2
12,201909,3.2
12,201910,3.1
12,201911,3.1
12,201912,3.0
12,202001,3.0
12,202002,3.0
12,202003,4.0
12,202004,13.3
12,202005,14.1
12,202006,11.6
12,202007,11.6
12,202008,8.6
12,202009,8.0
12,202010,6.9
12,202011,6.5
12,202012,6.2
13,199601,4.6
13,199602,4.6
13,199603,4.6
13,199604,4.6
13,199605,4.6
13,199606,4.5
13,199607,4.5
13,199608,4.6
13,199609,4.6
13,199610,4.7
13,199611,4.8
13,199612,4.8
13,199701,4.8
13,199702,4.8
13,199703,4.7
13,199704,4.6
13,199705,4.5
13,199706,4.5
13,199707,4.4
13,199708,4.3
13,199709,4.3
13,199710,4.3
13,199711,4.2
13,199712,4.2
13,199801,4.2
13,199802,4.2
13,199803,4.2
13,199804,4.2
13,199805,4.2
13,199806,4.2
13,199807,4.2
13,199808,4.2
13,199809,4.2
13,199810,4.1
13,199811,4.1
13,199812,4.1
13,199901,4.0
13,199902,4.0
13,199903,3.9
13,199904,3.9
13,199905,3.9
13,199906,3.8
13,199907,3.8
13,199908,3.8
13,199909,3.8
13,199910,3.8
13,199911,3.7
13,199912,3.6
13,200001,3.6
13,200002,3.6
13,200003,3.6
13,200004,3.6
13,200005,3.6
13,200006,3.6
13,200007,3.6
13,200008,3.5
13,200009,3.5
13,200010,3.4
13,200011,3.4
13,200012,3.4
13,200101,3.4
13,200102,3.5
13,200103,3.6
13,200104,3.6
13,200105,3.7
13,200106,3.7
13,200107,3.9
13,200108,4.1
13,200109,4.3
13,200110,4.5
13,200111,4.7
13,200112,4.8
13,200201,4.9
13,200202,5.0
13,200203,5.0
13,200204,5.0
13,200205,5.0
13,200206,5.0
13,200207,5.0
13,200208,5.0
13,200209,4.9
13,200210,5.0
13,200211,5.0
13,200212,5.0
13,200301,5.0
13,200302,5.0
13,200303,5.0
13,200304,5.0
13,200305,5.0
13,200306,5.0
13,200307,4.9
13,200308,4.8
13,200309,4.7
13,200310,4.6
13,200311,4.5
13,200312,4.4
13,200401,4.4
13,200402,4.4
13,200403,4.4
13,200404,4.5
13,200405,4.6
13,200406,4.7
13,200407,4.8
13,200408,4.9
13,200409,5.0
13,200410,5.1
13,200411,5.2
13,200412,5.2
13,200501,5.3
13,200502,5.4
13,200503,5.4
13,200504,5.4
13,200505,5.4
13,200506,5.3
13,200507,5.3
13,200508,5.3
13,200509,5.3
13,200510,5.2
13,200511,5.1
13,200512,5.0
13,200601,4.9
13,200602,4.8
13,200603,4.8
13,200604,4.7
13,200605,4.7
13,200606,4.7
13,200607,4.7
13,200608,4.6
13,200609,4.6
13,200610,4.5
13,200611,4.5
13,200612,4.4
13,200701,4.4
13,200702,4.4
13,200703,4.3
13,200704,4.4
13,200705,4.4
13,200706,4.5
13,200707,4.5
13,200708,4.6
13,200709,4.7
13,200710,4.8
13,200711,4.9
13,200712,5.0
13,200801,5.1
13,200802,5.3
13,200803,5.4
13,200804,5.6
13,200805,5.8
13,200806,6.1
13,200807,6.3
13,200808,6.5
13,200809,7.1
13,200810,7.5
13,200811,7.9
13,200812,8.3
13,200901,8.7
13,200902,9.1
13,200903,9.5
13,200904,9.7
13,200905,9.9
13,200906,10.0
13,200907,10.1
13,200908,10.2
13,200909,10.3
13,200910,10.4
13,200911,10.5
13,200912,10.5
13,201001,10.6
13,201002,10.5
13,201003,10.5
13,201004,10.4
13,201005,10.3
13,201006,10.2
13,201007,10.2
13,201008,10.3
13,201009,10.4
13,201010,10.4
13,201011,10.4
13,201012,10.4
13,201101,10.3
13,201102,10.2
13,201103,10.2
13,201104,10.1
13,201105,10.1
13,201106,10.1
13,201107,10.1
13,201108,10.1
13,201109,10.0
13,201110,9.9
13,201111,9.7
13,201112,9.6
13,201201,9.5
13,201202,9.4
13,201203,9.3
13,201204,9.3
13,201205,9.2
13,201206,9.1
13,201207,9.0
13,201208,8.9
13,201209,8.8
13,201210,8.7
13,201211,8.7
13,201212,8.6
13,201301,8.6
13,201302,8.5
13,201303,8.5
13,201304,8.4
13,201305,8.3
13,201306,8.2
13,201307,8.1
13,201308,8.0
13,201309,7.9
13,201310,7.8
13,201311,7.7
13,201312,7.6
13,201401,7.5
13,201402,7.4
13,201403,7.4
13,201404,7.4
13,201405,7.4
13,201406,7.3
13,201407,7.2
13,201408,7.1
13,201409,7.0
13,201410,6.8
13,201411,6.7
13,201412,6.6
13,201501,6.5
13,201502,6.4
13,201503,6.3
13,201504,6.2
13,201505,6.2
13,201506,6.1
13,201507,6.0
13,201508,5.9
13,201509,5.8
13,201510,5.8
13,201511,5.7
13,201512,5.7
13,201601,5.7
13,201602,5.6
13,201603,5.5
13,201604,5.5
13,201605,5.4
13,201606,5.4
13,201607,5.4
13,201608,5.4
13,201609,5.4
13,201610,5.4
13,201611,5.4
13,201612,5.3
13,201701,5.2
13,201702,5.1
13,201703,5.0
13,201704,4.9
13,201705,4.9
13,201706,4.8
13,201707,4.7
13,201708,4.6
13,201709,4.6
13,201710,4.5
13,201711,4.4
13,201712,4.4
13,201801,4.3
13,201802,4.2
13,201803,4.2
13,201804,4.1
13,201805,4.0
13,201806,4.0
13,201807,3.9
13,201808,3.9
13,201809,3.9
13,201810,3.9
13,201811,3.9
13,201812,3.9
13,201901,3.9
13,201902,3.8
13,201903,3.7
13,201904,3.7
13,201905,3.6
13,201906,3.6
13,201907,3.6
13,201908,3.5
13,201909,3.5
13,201910,3.4
13,201911,3.4
13,201912,3.5
13,202001,3.6
13,202002,3.6
13,202003,3.7
13,202004,12.5
13,202005,9.8
13,202006,8.4
13,202007,7.7
13,202008,6.8
13,202009,6.5
13,202010,5.6
13,202011,5.3
13,202012,5.1
15,199601,5.9
15,199602,5.9
15,199603,5.9
15,199604,5.9
15,199605,5.9
15,199606,5.9
15,199607,5.8
15,199608,5.8
15,199609,5.8
15,199610,5.9
15,199611,6.0
15,199612,6.0
15,199701,6.1
15,199702,6.1
15,199703,6.1
15,199704,6.1
15,199705,6.0
15,199706,6.0
15,199707,6.0
15,199708,5.9
15,199709,5.8
15,199710,5.8
15,199711,5.7
15,199712,5.7
15,199801,5.7
15,199802,5.7
15,199803,5.7
15,199804,5.7
15,199805,5.8
15,199806,5.8
15,199807,5.9
15,199808,5.9
15,199809,5.9
15,199810,5.9
15,199811,5.8
15,199812,5.7
15,199901,5.6
15,199902,5.5
15,199903,5.4
15,199904,5.4
15,199905,5.3
15,199906,5.2
15,199907,5.2
15,199908,5.1
15,199909,5.0
15,199910,4.9
15,199911,4.8
15,199912,4.6
15,200001,4.5
15,200002,4.5
15,200003,4.4
15,200004,4.4
15,200005,4.3
15,200006,4.3
15,200007,4.2
15,200008,4.1
15,200009,4.1
15,200010,4.0
15,200011,4.0
15,200012,4.0
15,200101,4.1
15,200102,4.1
15,200103,4.2
15,200104,4.2
15,200105,4.2
15,200106,4.2
15,200107,4.2
15,200108,4.3
15,200109,4.4
15,200110,4.4
15,200111,4.5
15,200112,4.5
15,200201,4.4
15,200202,4.4
15,200203,4.3
15,200204,4.2
15,200205,4.1
15,200206,4.0
15,200207,4.0
15,200208,3.9
15,200209,3.9
15,200210,3.8
15,200211,3.8
15,200212,3.7
15,200301,3.7
15,200302,3.7
15,200303,3.8
15,200304,3.9
15,200305,4.0
15,200306,4.0
15,200307,4.1
15,200308,4.1
15,200309,4.0
15,200310,3.9
15,200311,3.9
15,200312,3.8
15,200401,3.7
15,200402,3.6
15,200403,3.5
15,200404,3.4
15,200405,3.3
15,200406,3.2
15,200407,3.2
15,200408,3.2
15,200409,3.2
15,200410,3.2
15,200411,3.1
15,200412,3.1
15,200501,3.1
15,200502,3.0
15,200503,2.9
15,200504,2.8
15,200505,2.8
15,200506,2.8
15,200507,2.8
15,200508,2.8
15,200509,2.8
15,200510,2.8
15,200511,2.8
15,200512,2.7
15,200601,2.7
15,200602,2.7
15,200603,2.7
15,200604,2.8
15,200605,2.8
15,200606,2.7
15,200607,2.6
15,200608,2.5
15,200609,2.4
15,200610,2.3
15,200611,2.3
15,200612,2.3
15,200701,2.4
15,200702,2.5
15,200703,2.5
15,200704,2.6
15,200705,2.6
15,200706,2.7
15,200707,2.7
15,200708,2.8
15,200709,2.9
15,200710,3.0
15,200711,3.1
15,200712,3.1
15,200801,3.1
15,200802,3.2
15,200803,3.3
15,200804,3.4
15,200805,3.6
15,200806,3.9
15,200807,4.1
15,200808,4.3
15,200809,4.6
15,200810,4.9
15,200811,5.2
15,200812,5.5
15,200901,5.8
15,200902,6.1
15,200903,6.3
15,200904,6.4
15,200905,6.5
15,200906,6.6
15,200907,6.6
15,200908,6.7
15,200909,6.7
15,200910,6.7
15,200911,6.8
15,200912,6.8
15,201001,6.8
15,201002,6.8
15,201003,6.8
15,201004,6.7
15,201005,6.7
15,201006,6.6
15,201007,6.6
15,201008,6.6
15,201009,6.7
15,201010,6.7
15,201011,6.7
15,201012,6.7
15,201101,6.6
15,201102,6.6
15,201103,6.6
15,201104,6.6
15,201105,6.7
15,201106,6.8
15,201107,6.8
15,201108,6.9
15,201109,6.9
15,201110,6.8
15,201111,6.7
15,201112,6.5
15,201201,6.4
15,201202,6.3
15,201203,6.3
15,201204,6.2
15,201205,6.1
15,201206,6.0
15,201207,5.8
15,201208,5.6
15,201209,5.4
15,201210,5.3
15,201211,5.2
15,201212,5.1
15,201301,5.0
15,201302,4.9
15,201303,4.8
15,201304,4.7
15,201305,4.7
15,201306,4.6
15,201307,4.6
15,201308,4.6
15,201309,4.7
15,201310,4.7
15,201311,4.7
15,201312,4.6
15,201401,4.6
15,201402,4.5
15,201403,4.4
15,201404,4.4
15,201405,4.3
15,201406,4.3
15,201407,4.2
15,201408,4.1
15,201409,4.1
15,201410,4.0
15,201411,3.9
15,201412,3.9
15,201501,3.8
15,201502,3.7
15,201503,3.7
15,201504,3.6
15,201505,3.5
15,201506,3.4
15,201507,3.3
15,201508,3.3
15,201509,3.2
15,201510,3.2
15,201511,3.2
15,201512,3.1
15,201601,3.1
15,201602,3.1
15,201603,3.0
15,201604,3.0
15,201605,3.0
15,201606,3.0
15,201607,2.9
15,201608,2.9
15,201609,2.8
15,201610,2.8
15,201611,2.7
15,201612,2.6
15,201701,2.6
15,201702,2.5
15,201703,2.5
15,201704,2.4
15,201705,2.3
15,201706,2.2
15,201707,2.2
15,201708,2.1
15,201709,2.0
15,201710,2.0
15,201711,2.0
15,201712,2.0
15,201801,2.1
15,201802,2.1
15,201803,2.2
15,201804,2.2
15,201805,2.3
15,201806,2.4
15,201807,2.4
15,201808,2.5
15,201809,2.6
15,201810,2.6
15,201811,2.7
15,201812,2.7
15,201901,2.8
15,201902,2.7
15,201903,2.7
15,201904,2.6
15,201905,2.6
15,201906,2.5
15,201907,2.5
15,201908,2.4
15,201909,2.4
15,201910,2.4
15,201911,2.3
15,201912,2.2
15,202001,2.2
15,202002,2.2
15,202003,2.1
15,202004,22.5
15,202005,20.7
15,202006,17.3
15,202007,15.6
15,202008,13.0
15,202009,13.3
15,202010,11.3
15,202011,10.5
15,202012,10.2
16,199601,5.5
16,199602,5.5
16,199603,5.5
16,199604,5.5
16,199605,5.4
16,199606,5.4
16,199607,5.3
16,199608,5.3
16,199609,5.3
16,199610,5.3
16,199611,5.4
16,199612,5.4
16,199701,5.4
16,199702,5.4
16,199703,5.3
16,199704,5.3
16,199705,5.2
16,199706,5.2
16,199707,5.2
16,199708,5.2
16,199709,5.2
16,199710,5.2
16,199711,5.2
16,199712,5.2
16,199801,5.3
16,199802,5.3
16,199803,5.3
16,199804,5.3
16,199805,5.2
16,199806,5.2
16,199807,5.2
16,199808,5.2
16,199809,5.2
16,199810,5.2
16,199811,5.2
16,199812,5.1
16,199901,5.1
16,199902,5.1
16,199903,5.1
16,199904,5.1
16,199905,5.1
16,199906,5.1
16,199907,5.1
16,199908,5.0
16,199909,4.9
16,199910,4.8
16,199911,4.7
16,199912,4.7
16,200001,4.6
16,200002,4.5
16,200003,4.5
16,200004,4.6
16,200005,4.6
16,200006,4.6
16,200007,4.7
16,200008,4.7
16,200009,4.7
16,200010,4.7
16,200011,4.7
16,200012,4.6
16,200101,4.7
16,200102,4.7
16,200103,4.8
16,200104,4.8
16,200105,4.9
16,200106,4.9
16,200107,5.0
16,200108,5.1
16,200109,5.3
16,200110,5.4
16,200111,5.6
16,200112,5.7
16,200201,5.8
16,200202,5.9
16,200203,5.9
16,200204,5.8
16,200205,5.7
16,200206,5.6
16,200207,5.5
16,200208,5.5
16,200209,5.5
16,200210,5.5
16,200211,5.5
16,200212,5.5
16,200301,5.6
16,200302,5.6
16,200303,5.6
16,200304,5.7
16,200305,5.7
16,200306,5.7
16,200307,5.7
16,200308,5.7
16,200309,5.6
16,200310,5.5
16,200311,5.4
16,200312,5.3
16,200401,5.2
16,200402,5.1
16,200403,5.1
16,200404,5.0
16,200405,5.0
16,200406,4.9
16,200407,4.9
16,200408,4.9
16,200409,4.8
16,200410,4.8
16,200411,4.6
16,200412,4.5
16,200501,4.4
16,200502,4.3
16,200503,4.2
16,200504,4.1
16,200505,4.1
16,200506,4.1
16,200507,4.0
16,200508,4.0
16,200509,3.9
16,200510,3.8
16,200511,3.7
16,200512,3.7
16,200601,3.7
16,200602,3.6
16,200603,3.6
16,200604,3.6
16,200605,3.5
16,200606,3.4
16,200607,3.4
16,200608,3.3
16,200609,3.3
16,200610,3.2
16,200611,3.1
16,200612,3.0
16,200701,2.9
16,200702,2.8
16,200703,2.8
16,200704,2.7
16,200705,2.7
16,200706,2.8
16,200707,2.9
16,200708,3.1
16,200709,3.2
16,200710,3.2
16,200711,3.2
16,200712,3.1
16,200801,3.1
16,200802,3.0
16,200803,3.1
16,200804,4.0
16,200805,4.6
16,200806,5.0
16,200807,5.4
16,200808,5.7
16,200809,5.9
16,200810,6.3
16,200811,6.8
16,200812,7.3
16,200901,7.7
16,200902,8.1
16,200903,8.4
16,200904,8.5
16,200905,9.2
16,200906,9.4
16,200907,9.5
16,200908,9.5
16,200909,9.5
16,200910,9.5
16,200911,9.5
16,200912,9.5
16,201001,9.5
16,201002,9.5
16,201003,9.4
16,201004,9.3
16,201005,9.1
16,201006,9.0
16,201007,9.0
16,201008,9.0
16,201009,9.0
16,201010,8.9
16,201011,8.9
16,201012,8.9
16,201101,8.8
16,201102,8.7
16,201103,8.6
16,201104,8.6
16,201105,8.5
16,201106,8.5
16,201107,8.5
16,201108,8.5
16,201109,8.4
16,201110,8.2
16,201111,8.0
16,201112,8.0
16,201201,7.8
16,201202,7.8
16,201203,7.7
16,201204,7.6
16,201205,7.7
16,201206,7.7
16,201207,7.6
16,201208,7.5
16,201209,7.3
16,201210,7.3
16,201211,7.1
16,201212,7.2
16,201301,7.2
16,201302,7.1
16,201303,7.0
16,201304,7.0
16,201305,7.0
16,201306,7.1
16,201307,7.1
16,201308,7.0
16,201309,7.0
16,201310,6.9
16,201311,6.4
16,201312,6.0
16,201401,5.6
16,201402,5.3
16,201403,5.0
16,201404,4.6
16,201405,4.5
16,201406,4.0
16,201407,4.0
16,201408,4.1
16,201409,4.0
16,201410,4.0
16,201411,3.9
16,201412,3.9
16,201501,3.9
16,201502,3.9
16,201503,3.9
16,201504,3.9
16,201505,4.0
16,201506,4.0
16,201507,3.9
16,201508,3.9
16,201509,3.9
16,201510,3.9
16,201511,3.9
16,201512,3.8
16,201601,3.8
16,201602,3.8
16,201603,3.8
16,201604,3.8
16,201605,3.7
16,201606,3.7
16,201607,3.7
16,201608,3.7
16,201609,3.7
16,201610,3.7
16,201611,3.6
16,201612,3.5
16,201701,3.5
16,201702,3.4
16,201703,3.3
16,201704,3.2
16,201705,3.1
16,201706,3.1
16,201707,3.1
16,201708,3.1
16,201709,3.1
16,201710,3.1
16,201711,3.1
16,201712,3.1
16,201801,3.0
16,201802,2.9
16,201803,2.9
16,201804,2.8
16,201805,2.8
16,201806,2.8
16,201807,2.8
16,201808,2.8
16,201809,2.8
16,201810,2.9
16,201811,3.0
16,201812,3.0
16,201901,3.0
16,201902,3.0
16,201903,2.9
16,201904,2.9
16,201905,2.8
16,201906,2.8
16,201907,2.9
16,201908,2.9
16,201909,2.9
16,201910,2.9
16,201911,2.8
16,201912,2.8
16,202001,2.8
16,202002,2.8
16,202003,2.8
16,202004,11.8
16,202005,9.1
16,202006,7.5
16,202007,6.6
16,202008,5.4
16,202009,5.0
16,202010,4.4
16,202011,4.2
16,202012,4.2
17,199601,5.3
17,199602,5.3
17,199603,5.4
17,199604,5.4
17,199605,5.4
17,199606,5.4
17,199607,5.4
17,199608,5.3
17,199609,5.2
17,199610,5.2
17,199611,5.1
17,199612,5.1
17,199701,5.1
17,199702,5.0
17,199703,4.9
17,199704,4.8
17,199705,4.7
17,199706,4.6
17,199707,4.6
17,199708,4.6
17,199709,4.7
17,199710,4.8
17,199711,4.8
17,199712,4.8
17,199801,4.8
17,199802,4.7
17,199803,4.5
17,199804,4.4
17,199805,4.3
17,199806,4.3
17,199807,4.4
17,199808,4.5
17,199809,4.5
17,199810,4.5
17,199811,4.4
17,199812,4.3
17,199901,4.2
17,199902,4.2
17,199903,4.2
17,199904,4.3
17,199905,4.5
17,199906,4.6
17,199907,4.6
17,199908,4.6
17,199909,4.6
17,199910,4.5
17,199911,4.4
17,199912,4.4
17,200001,4.4
17,200002,4.4
17,200003,4.4
17,200004,4.4
17,200005,4.4
17,200006,4.4
17,200007,4.4
17,200008,4.4
17,200009,4.4
17,200010,4.5
17,200011,4.6
17,200012,4.8
17,200101,5.0
17,200102,5.1
17,200103,5.2
17,200104,5.2
17,200105,5.2
17,200106,5.3
17,200107,5.3
17,200108,5.4
17,200109,5.6
17,200110,5.8
17,200111,6.0
17,200112,6.1
17,200201,6.3
17,200202,6.4
17,200203,6.5
17,200204,6.6
17,200205,6.6
17,200206,6.6
17,200207,6.6
17,200208,6.6
17,200209,6.6
17,200210,6.6
17,200211,6.6
17,200212,6.6
17,200301,6.7
17,200302,6.7
17,200303,6.7
17,200304,6.7
17,200305,6.8
17,200306,6.8
17,200307,6.9
17,200308,6.9
17,200309,6.9
17,200310,6.8
17,200311,6.6
17,200312,6.5
17,200401,6.4
17,200402,6.4
17,200403,6.3
17,200404,6.3
17,200405,6.2
17,200406,6.2
17,200407,6.1
17,200408,6.1
17,200409,6.1
17,200410,6.1
17,200411,6.1
17,200412,6.0
17,200501,6.0
17,200502,6.0
17,200503,6.0
17,200504,5.9
17,200505,5.9
17,200506,5.8
17,200507,5.7
17,200508,5.7
17,200509,5.6
17,200510,5.5
17,200511,5.4
17,200512,5.3
17,200601,5.2
17,200602,5.0
17,200603,4.9
17,200604,4.7
17,200605,4.6
17,200606,4.5
17,200607,4.5
17,200608,4.4
17,200609,4.4
17,200610,4.4
17,200611,4.4
17,200612,4.5
17,200701,4.6
17,200702,4.7
17,200703,4.7
17,200704,4.8
17,200705,4.9
17,200706,5.0
17,200707,5.1
17,200708,5.2
17,200709,5.3
17,200710,5.4
17,200711,5.5
17,200712,5.5
17,200801,5.6
17,200802,5.6
17,200803,5.8
17,200804,5.9
17,200805,6.2
17,200806,6.4
17,200807,6.6
17,200808,6.8
17,200809,6.9
17,200810,7.1
17,200811,7.4
17,200812,7.8
17,200901,8.2
17,200902,8.7
17,200903,9.2
17,200904,9.5
17,200905,9.8
17,200906,10.0
17,200907,10.2
17,200908,10.4
17,200909,10.6
17,200910,10.8
17,200911,11.0
17,200912,11.2
17,201001,11.3
17,201002,11.2
17,201003,11.1
17,201004,10.9
17,201005,10.6
17,201006,10.4
17,201007,10.2
17,201008,10.0
17,201009,9.9
17,201010,9.8
17,201011,9.7
17,201012,9.6
17,201101,9.5
17,201102,9.5
17,201103,9.5
17,201104,9.6
17,201105,9.8
17,201106,9.9
17,201107,10.1
17,201108,10.1
17,201109,10.1
17,201110,9.9
17,201111,9.7
17,201112,9.5
17,201201,9.3
17,201202,9.1
17,201203,9.0
17,201204,9.0
17,201205,9.0
17,201206,9.0
17,201207,9.0
17,201208,9.0
17,201209,8.9
17,201210,9.0
17,201211,9.0
17,201212,9.1
17,201301,9.2
17,201302,9.3
17,201303,9.3
17,201304,9.3
17,201305,9.2
17,201306,9.2
17,201307,9.2
17,201308,9.1
17,201309,9.0
17,201310,8.9
17,201311,8.7
17,201312,8.5
17,201401,8.3
17,201402,8.1
17,201403,7.9
17,201404,7.6
17,201405,7.4
17,201406,7.2
17,201407,7.0
17,201408,6.8
17,201409,6.6
17,201410,6.5
17,201411,6.3
17,201412,6.2
17,201501,6.1
17,201502,6.1
17,201503,6.0
17,201504,6.0
17,201505,6.0
17,201506,6.0
17,201507,5.9
17,201508,5.9
17,201509,5.9
17,201510,5.9
17,201511,6.0
17,201512,6.1
17,201601,6.2
17,201602,6.2
17,201603,6.2
17,201604,6.1
17,201605,6.0
17,201606,5.9
17,201607,5.8
17,201608,5.8
17,201609,5.7
17,201610,5.7
17,201611,5.6
17,201612,5.4
17,201701,5.3
17,201702,5.1
17,201703,5.0
17,201704,5.0
17,201705,4.9
17,201706,4.9
17,201707,5.0
17,201708,5.0
17,201709,4.9
17,201710,4.9
17,201711,4.8
17,201712,4.7
17,201801,4.5
17,201802,4.4
17,201803,4.4
17,201804,4.3
17,201805,4.3
17,201806,4.3
17,201807,4.3
17,201808,4.3
17,201809,4.4
17,201810,4.4
17,201811,4.5
17,201812,4.6
17,201901,4.6
17,201902,4.5
17,201903,4.4
17,201904,4.2
17,201905,4.0
17,201906,3.9
17,201907,3.8
17,201908,3.7
17,201909,3.7
17,201910,3.7
17,201911,3.6
17,201912,3.6
17,202001,3.7
17,202002,3.8
17,202003,5.1
17,202004,18.3
17,202005,14.7
17,202006,12.6
17,202007,11.4
17,202008,9.7
17,202009,9.1
17,202010,8.2
17,202011,7.8
17,202012,7.6
18,199601,4.4
18,199602,4.4
18,199603,4.3
18,199604,4.2
18,199605,4.1
18,199606,4.0
18,199607,3.9
18,199608,3.8
18,199609,3.7
18,199610,3.6
18,199611,3.5
18,199612,3.4
18,199701,3.4
18,199702,3.4
18,199703,3.3
18,199704,3.3
18,199705,3.4
18,199706,3.4
18,199707,3.4
18,199708,3.4
18,199709,3.4
18,199710,3.4
18,199711,3.4
18,199712,3.3
18,199801,3.2
18,199802,3.1
18,199803,2.9
18,199804,2.9
18,199805,2.9
18,199806,2.9
18,199807,3.0
18,199808,3.0
18,199809,3.0
18,199810,3.0
18,199811,3.0
18,199812,2.9
18,199901,2.9
18,199902,2.8
18,199903,2.8
18,199904,2.7
18,199905,2.8
18,199906,2.9
18,199907,2.9
18,199908,3.0
18,199909,3.0
18,199910,3.1
18,199911,3.1
18,199912,3.1
18,200001,3.1
18,200002,3.1
18,200003,3.0
18,200004,3.1
18,200005,3.1
18,200006,3.1
18,200007,3.0
18,200008,2.9
18,200009,2.9
18,200010,2.9
18,200011,3.0
18,200012,3.1
18,200101,3.3
18,200102,3.5
18,200103,3.6
18,200104,3.7
18,200105,3.9
18,200106,4.0
18,200107,4.2
18,200108,4.3
18,200109,4.6
18,200110,4.8
18,200111,5.0
18,200112,5.2
18,200201,5.3
18,200202,5.4
18,200203,5.3
18,200204,5.3
18,200205,5.2
18,200206,5.1
18,200207,5.1
18,200208,5.0
18,200209,5.0
18,200210,4.9
18,200211,4.9
18,200212,4.9
18,200301,4.9
18,200302,5.0
18,200303,5.0
18,200304,5.1
18,200305,5.2
18,200306,5.1
18,200307,5.3
18,200308,5.4
18,200309,5.4
18,200310,5.4
18,200311,5.3
18,200312,5.4
18,200401,5.3
18,200402,5.5
18,200403,5.4
18,200404,5.4
18,200405,5.4
18,200406,5.3
18,200407,5.3
18,200408,5.4
18,200409,5.4
18,200410,5.5
18,200411,5.5
18,200412,5.6
18,200501,5.6
18,200502,5.6
18,200503,5.5
18,200504,5.4
18,200505,5.4
18,200506,5.3
18,200507,5.3
18,200508,5.4
18,200509,5.4
18,200510,5.4
18,200511,5.3
18,200512,5.2
18,200601,5.1
18,200602,5.0
18,200603,5.0
18,200604,5.0
18,200605,5.1
18,200606,5.1
18,200607,5.1
18,200608,5.1
18,200609,5.0
18,200610,5.0
18,200611,4.9
18,200612,4.8
18,200701,4.7
18,200702,4.6
18,200703,4.5
18,200704,4.5
18,200705,4.5
18,200706,4.5
18,200707,4.6
18,200708,4.7
18,200709,4.7
18,200710,4.8
18,200711,4.8
18,200712,4.8
18,200801,4.8
18,200802,4.8
18,200803,4.9
18,200804,5.1
18,200805,5.3
18,200806,5.6
18,200807,5.8
18,200808,6.1
18,200809,6.4
18,200810,6.9
18,200811,7.4
18,200812,8.1
18,200901,8.8
18,200902,9.5
18,200903,10.0
18,200904,10.3
18,200905,10.5
18,200906,10.5
18,200907,10.4
18,200908,10.4
18,200909,10.3
18,200910,10.3
18,200911,10.4
18,200912,10.5
18,201001,10.5
18,201002,10.5
18,201003,10.4
18,201004,10.3
18,201005,10.2
18,201006,10.0
18,201007,9.9
18,201008,9.8
18,201009,9.7
18,201010,9.6
18,201011,9.5
18,201012,9.3
18,201101,9.0
18,201102,8.9
18,201103,8.8
18,201104,8.7
18,201105,8.8
18,201106,8.9
18,201107,9.1
18,201108,9.1
18,201109,9.1
18,201110,9.0
18,201111,8.9
18,201112,8.6
18,201201,8.4
18,201202,8.3
18,201203,8.2
18,201204,8.2
18,201205,8.2
18,201206,8.2
18,201207,8.2
18,201208,8.2
18,201209,8.1
18,201210,8.2
18,201211,8.2
18,201212,8.2
18,201301,8.2
18,201302,8.2
18,201303,8.1
18,201304,8.0
18,201305,7.8
18,201306,7.7
18,201307,7.5
18,201308,7.4
18,201309,7.1
18,201310,6.9
18,201311,6.7
18,201312,6.5
18,201401,6.4
18,201402,6.3
18,201403,6.2
18,201404,6.1
18,201405,6.1
18,201406,6.0
18,201407,5.9
18,201408,5.8
18,201409,5.8
18,201410,5.7
18,201411,5.6
18,201412,5.5
18,201501,5.4
18,201502,5.2
18,201503,5.1
18,201504,5.0
18,201505,4.8
18,201506,4.7
18,201507,4.6
18,201508,4.6
18,201509,4.5
18,201510,4.5
18,201511,4.6
18,201512,4.6
18,201601,4.6
18,201602,4.7
18,201603,4.6
18,201604,4.6
18,201605,4.5
18,201606,4.5
18,201607,4.4
18,201608,4.3
18,201609,4.2
18,201610,4.2
18,201611,4.1
18,201612,4.0
18,201701,3.9
18,201702,3.7
18,201703,3.6
18,201704,3.5
18,201705,3.4
18,201706,3.5
18,201707,3.5
18,201708,3.5
18,201709,3.5
18,201710,3.5
18,201711,3.4
18,201712,3.3
18,201801,3.3
18,201802,3.3
18,201803,3.3
18,201804,3.4
18,201805,3.4
18,201806,3.4
18,201807,3.4
18,201808,3.5
18,201809,3.5
18,201810,3.5
18,201811,3.6
18,201812,3.6
18,201901,3.5
18,201902,3.5
18,201903,3.4
18,201904,3.3
18,201905,3.2
18,201906,3.2
18,201907,3.2
18,201908,3.3
18,201909,3.3
18,201910,3.3
18,201911,3.3
18,201912,3.3
18,202001,3.4
18,202002,3.5
18,202003,3.6
18,202004,16.9
18,202005,12.5
18,202006,10.3
18,202007,8.9
18,202008,7.2
18,202009,6.5
18,202010,5.6
18,202011,5.2
18,202012,5.0
19,199601,3.5
19,199602,3.6
19,199603,3.6
19,199604,3.6
19,199605,3.6
19,199606,3.6
19,199607,3.6
19,199608,3.6
19,199609,3.5
19,199610,3.6
19,199611,3.6
19,199612,3.6
19,199701,3.5
19,199702,3.4
19,199703,3.4
19,199704,3.2
19,199705,3.2
19,199706,3.1
19,199707,3.1
19,199708,3.0
19,199709,3.0
19,199710,3.0
19,199711,2.9
19,199712,2.9
19,199801,2.8
19,199802,2.8
19,199803,2.8
19,199804,2.8
19,199805,2.8
19,199806,2.9
19,199807,2.9
19,199808,2.9
19,199809,2.9
19,199810,2.9
19,199811,2.9
19,199812,2.8
19,199901,2.8
19,199902,2.7
19,199903,2.7
19,199904,2.7
19,199905,2.7
19,199906,2.8
19,199907,2.8
19,199908,2.7
19,199909,2.7
19,199910,2.6
19,199911,2.5
19,199912,2.5
19,200001,2.5
19,200002,2.5
19,200003,2.5
19,200004,2.5
19,200005,2.6
19,200006,2.6
19,200007,2.7
19,200008,2.7
19,200009,2.8
19,200010,2.8
19,200011,2.9
19,200012,3.0
19,200101,3.0
19,200102,3.1
19,200103,3.2
19,200104,3.2
19,200105,3.2
19,200106,3.2
19,200107,3.2
19,200108,3.3
19,200109,3.4
19,200110,3.6
19,200111,3.7
19,200112,3.9
19,200201,3.9
19,200202,4.0
19,200203,4.0
19,200204,4.0
19,200205,4.0
19,200206,4.0
19,200207,4.0
19,200208,4.0
19,200209,4.0
19,200210,4.0
19,200211,4.0
19,200212,4.1
19,200301,4.2
19,200302,4.3
19,200303,4.4
19,200304,4.5
19,200305,4.6
19,200306,4.6
19,200307,4.6
19,200308,4.6
19,200309,4.5
19,200310,4.4
19,200311,4.4
19,200312,4.4
19,200401,4.3
19,200402,4.4
19,200403,4.4
19,200404,4.4
19,200405,4.5
19,200406,4.5
19,200407,4.6
19,200408,4.6
19,200409,4.6
19,200410,4.6
19,200411,4.6
19,200412,4.6
19,200501,4.6
19,200502,4.5
19,200503,4.5
19,200504,4.4
19,200505,4.3
19,200506,4.2
19,200507,4.2
19,200508,4.2
19,200509,4.2
19,200510,4.2
19,200511,4.1
19,200512,4.0
19,200601,3.9
19,200602,3.8
19,200603,3.6
19,200604,3.6
19,200605,3.6
19,200606,3.6
19,200607,3.7
19,200608,3.7
19,200609,3.7
19,200610,3.7
19,200611,3.7
19,200612,3.7
19,200701,3.7
19,200702,3.7
19,200703,3.7
19,200704,3.7
19,200705,3.7
19,200706,3.7
19,200707,3.7
19,200708,3.7
19,200709,3.8
19,200710,3.8
19,200711,3.7
19,200712,3.7
19,200801,3.6
19,200802,3.6
19,200803,3.7
19,200804,3.8
19,200805,3.9
19,200806,4.0
19,200807,4.1
19,200808,4.2
19,200809,4.3
19,200810,4.5
19,200811,4.9
19,200812,5.3
19,200901,5.7
19,200902,6.1
19,200903,6.4
19,200904,6.6
19,200905,6.7
19,200906,6.7
19,200907,6.7
19,200908,6.6
19,200909,6.6
19,200910,6.5
19,200911,6.5
19,200912,6.5
19,201001,6.5
19,201002,6.4
19,201003,6.3
19,201004,6.2
19,201005,6.1
19,201006,6.0
19,201007,5.9
19,201008,5.9
19,201009,6.0
19,201010,6.0
19,201011,5.9
19,201012,5.9
19,201101,5.8
19,201102,5.7
19,201103,5.7
19,201104,5.6
19,201105,5.6
19,201106,5.6
19,201107,5.6
19,201108,5.6
19,201109,5.6
19,201110,5.5
19,201111,5.4
19,201112,5.3
19,201201,5.2
19,201202,5.1
19,201203,5.1
19,201204,5.0
19,201205,5.0
19,201206,5.0
19,201207,5.0
19,201208,5.0
19,201209,5.0
19,201210,4.9
19,201211,4.9
19,201212,4.9
19,201301,4.9
19,201302,4.9
19,201303,4.9
19,201304,4.9
19,201305,4.8
19,201306,4.8
19,201307,4.7
19,201308,4.7
19,201309,4.6
19,201310,4.5
19,201311,4.5
19,201312,4.5
19,201401,4.5
19,201402,4.4
19,201403,4.4
19,201404,4.4
19,201405,4.3
19,201406,4.3
19,201407,4.3
19,201408,4.2
19,201409,4.2
19,201410,4.1
19,201411,4.0
19,201412,4.0
19,201501,3.9
19,201502,3.8
19,201503,3.8
19,201504,3.8
19,201505,3.7
19,201506,3.7
19,201507,3.7
19,201508,3.6
19,201509,3.6
19,201510,3.6
19,201511,3.7
19,201512,3.7
19,201601,3.6
19,201602,3.6
19,201603,3.6
19,201604,3.6
19,201605,3.6
19,201606,3.7
19,201607,3.7
19,201608,3.7
19,201609,3.6
19,201610,3.6
19,201611,3.5
19,201612,3.4
19,201701,3.3
19,201702,3.3
19,201703,3.2
19,201704,3.1
19,201705,3.1
19,201706,3.1
19,201707,3.1
19,201708,3.1
19,201709,3.0
19,201710,3.0
19,201711,2.9
19,201712,2.9
19,201801,2.8
19,201802,2.7
19,201803,2.7
19,201804,2.6
19,201805,2.5
19,201806,2.5
19,201807,2.5
19,201808,2.5
19,201809,2.5
19,201810,2.5
19,201811,2.6
19,201812,2.6
19,201901,2.6
19,201902,2.6
19,201903,2.6
19,201904,2.6
19,201905,2.6
19,201906,2.7
19,201907,2.7
19,201908,2.7
19,201909,2.7
19,201910,2.7
19,201911,2.7
19,201912,2.7
19,202001,2.7
19,202002,2.7
19,202003,2.7
19,202004,11.0
19,202005,8.5
19,202006,6.8
19,202007,6.0
19,202008,5.0
19,202009,4.6
19,202010,4.2
19,202011,4.2
19,202012,4.2
20,199601,4.1
20,199602,4.1
20,199603,4.2
20,199604,4.3
20,199605,4.3
20,199606,4.3
20,199607,4.3
20,199608,4.3
20,199609,4.3
20,199610,4.3
20,199611,4.3
20,199612,4.2
20,199701,4.2
20,199702,4.1
20,199703,4.0
20,199704,3.9
20,199705,3.8
20,199706,3.7
20,199707,3.7
20,199708,3.7
20,199709,3.6
20,199710,3.6
20,199711,3.6
20,199712,3.6
20,199801,3.6
20,199802,3.6
20,199803,3.6
20,199804,3.7
20,199805,3.7
20,199806,3.8
20,199807,3.8
20,199808,3.9
20,199809,3.8
20,199810,3.7
20,199811,3.6
20,199812,3.5
20,199901,3.4
20,199902,3.4
20,199903,3.4
20,199904,3.4
20,199905,3.5
20,199906,3.5
20,199907,3.5
20,199908,3.5
20,199909,3.5
20,199910,3.5
20,199911,3.5
20,199912,3.5
20,200001,3.6
20,200002,3.6
20,200003,3.6
20,200004,3.6
20,200005,3.7
20,200006,3.7
20,200007,3.7
20,200008,3.8
20,200009,3.8
20,200010,3.9
20,200011,3.9
20,200012,4.0
20,200101,4.0
20,200102,4.0
20,200103,4.1
20,200104,4.1
20,200105,4.1
20,200106,4.1
20,200107,4.2
20,200108,4.3
20,200109,4.4
20,200110,4.6
20,200111,4.8
20,200112,4.9
20,200201,5.0
20,200202,5.1
20,200203,5.1
20,200204,5.1
20,200205,5.1
20,200206,5.1
20,200207,5.1
20,200208,5.1
20,200209,5.1
20,200210,5.1
20,200211,5.1
20,200212,5.1
20,200301,5.2
20,200302,5.2
20,200303,5.3
20,200304,5.4
20,200305,5.6
20,200306,5.7
20,200307,5.8
20,200308,5.8
20,200309,5.8
20,200310,5.8
20,200311,5.7
20,200312,5.7
20,200401,5.6
20,200402,5.6
20,200403,5.6
20,200404,5.6
20,200405,5.5
20,200406,5.5
20,200407,5.5
20,200408,5.4
20,200409,5.4
20,200410,5.4
20,200411,5.4
20,200412,5.4
20,200501,5.4
20,200502,5.4
20,200503,5.3
20,200504,5.3
20,200505,5.2
20,200506,5.1
20,200507,5.0
20,200508,4.9
20,200509,4.9
20,200510,4.9
20,200511,4.8
20,200512,4.8
20,200601,4.7
20,200602,4.6
20,200603,4.5
20,200604,4.5
20,200605,4.4
20,200606,4.4
20,200607,4.4
20,200608,4.3
20,200609,4.3
20,200610,4.3
20,200611,4.3
20,200612,4.3
20,200701,4.3
20,200702,4.3
20,200703,4.2
20,200704,4.2
20,200705,4.2
20,200706,4.2
20,200707,4.2
20,200708,4.3
20,200709,4.3
20,200710,4.3
20,200711,4.3
20,200712,4.3
20,200801,4.2
20,200802,4.2
20,200803,4.1
20,200804,4.2
20,200805,4.2
20,200806,4.3
20,200807,4.5
20,200808,4.6
20,200809,4.8
20,200810,5.0
20,200811,5.3
20,200812,5.6
20,200901,5.9
20,200902,6.3
20,200903,6.7
20,200904,6.9
20,200905,7.2
20,200906,7.3
20,200907,7.4
20,200908,7.4
20,200909,7.4
20,200910,7.4
20,200911,7.3
20,200912,7.3
20,201001,7.3
20,201002,7.2
20,201003,7.1
20,201004,7.0
20,201005,6.9
20,201006,6.8
20,201007,6.8
20,201008,6.8
20,201009,6.8
20,201010,6.9
20,201011,6.9
20,201012,6.8
20,201101,6.7
20,201102,6.6
20,201103,6.5
20,201104,6.4
20,201105,6.4
20,201106,6.4
20,201107,6.3
20,201108,6.3
20,201109,6.3
20,201110,6.2
20,201111,6.1
20,201112,6.0
20,201201,5.9
20,201202,5.8
20,201203,5.8
20,201204,5.8
20,201205,5.7
20,201206,5.7
20,201207,5.6
20,201208,5.6
20,201209,5.6
20,201210,5.5
20,201211,5.6
20,201212,5.6
20,201301,5.6
20,201302,5.6
20,201303,5.5
20,201304,5.5
20,201305,5.4
20,201306,5.4
20,201307,5.3
20,201308,5.3
20,201309,5.2
20,201310,5.1
20,201311,5.0
20,201312,4.9
20,201401,4.8
20,201402,4.8
20,201403,4.7
20,201404,4.7
20,201405,4.6
20,201406,4.5
20,201407,4.5
20,201408,4.4
20,201409,4.4
20,201410,4.3
20,201411,4.3
20,201412,4.3
20,201501,4.3
20,201502,4.4
20,201503,4.4
20,201504,4.4
20,201505,4.3
20,201506,4.2
20,201507,4.1
20,201508,4.0
20,201509,4.0
20,201510,4.0
20,201511,4.0
20,201512,4.0
20,201601,3.9
20,201602,3.9
20,201603,3.9
20,201604,4.0
20,201605,4.0
20,201606,4.1
20,201607,4.1
20,201608,4.2
20,201609,4.2
20,201610,4.2
20,201611,4.1
20,201612,4.0
20,201701,3.9
20,201702,3.8
20,201703,3.7
20,201704,3.7
20,201705,3.7
20,201706,3.6
20,201707,3.6
20,201708,3.6
20,201709,3.6
20,201710,3.5
20,201711,3.5
20,201712,3.5
20,201801,3.4
20,201802,3.4
20,201803,3.4
20,201804,3.4
20,201805,3.3
20,201806,3.3
20,201807,3.2
20,201808,3.2
20,201809,3.2
20,201810,3.3
20,201811,3.3
20,201812,3.3
20,201901,3.3
20,201902,3.3
20,201903,3.2
20,201904,3.2
20,201905,3.1
20,201906,3.1
20,201907,3.1
20,201908,3.1
20,201909,3.1
20,201910,3.1
20,201911,3.1
20,201912,3.1
20,202001,3.1
20,202002,3.1
20,202003,3.1
20,202004,12.1
20,202005,9.2
20,202006,7.5
20,202007,6.7
20,202008,5.8
20,202009,5.4
20,202010,4.9
20,202011,4.6
20,202012,4.4
21,199601,5.4
21,199602,5.4
21,199603,5.4
21,199604,5.4
21,199605,5.3
21,199606,5.2
21,199607,5.2
21,199608,5.2
21,199609,5.3
21,199610,5.5
21,199611,5.6
21,199612,5.7
21,199701,5.7
21,199702,5.7
21,199703,5.6
21,199704,5.5
21,199705,5.4
21,199706,5.3
21,199707,5.2
21,199708,5.1
21,199709,5.0
21,199710,4.8
21,199711,4.7
21,199712,4.6
21,199801,4.5
21,199802,4.5
21,199803,4.5
21,199804,4.5
21,199805,4.5
21,199806,4.5
21,199807,4.5
21,199808,4.5
21,199809,4.6
21,199810,4.6
21,199811,4.5
21,199812,4.5
21,199901,4.6
21,199902,4.6
21,199903,4.6
21,199904,4.6
21,199905,4.6
21,199906,4.6
21,199907,4.6
21,199908,4.5
21,199909,4.5
21,199910,4.4
21,199911,4.3
21,199912,4.2
21,200001,4.1
21,200002,4.1
21,200003,4.0
21,200004,4.0
21,200005,4.0
21,200006,4.1
21,200007,4.1
21,200008,4.2
21,200009,4.2
21,200010,4.3
21,200011,4.3
21,200012,4.4
21,200101,4.5
21,200102,4.6
21,200103,4.7
21,200104,4.8
21,200105,4.9
21,200106,5.0
21,200107,5.2
21,200108,5.3
21,200109,5.5
21,200110,5.7
21,200111,5.8
21,200112,5.9
21,200201,5.9
21,200202,5.9
21,200203,5.8
21,200204,5.8
21,200205,5.7
21,200206,5.7
21,200207,5.7
21,200208,5.7
21,200209,5.7
21,200210,5.8
21,200211,5.8
21,200212,5.9
21,200301,6.0
21,200302,6.1
21,200303,6.2
21,200304,6.3
21,200305,6.3
21,200306,6.4
21,200307,6.4
21,200308,6.3
21,200309,6.2
21,200310,6.1
21,200311,6.0
21,200312,5.9
21,200401,5.8
21,200402,5.7
21,200403,5.7
21,200404,5.7
21,200405,5.6
21,200406,5.5
21,200407,5.5
21,200408,5.4
21,200409,5.3
21,200410,5.3
21,200411,5.3
21,200412,5.4
21,200501,5.5
21,200502,5.6
21,200503,5.7
21,200504,5.7
21,200505,5.8
21,200506,5.8
21,200507,5.8
21,200508,5.9
21,200509,6.0
21,200510,6.1
21,200511,6.1
21,200512,6.1
21,200601,6.0
21,200602,5.9
21,200603,5.8
21,200604,5.8
21,200605,5.7
21,200606,5.7
21,200607,5.7
21,200608,5.7
21,200609,5.7
21,200610,5.7
21,200611,5.6
21,200612,5.5
21,200701,5.5
21,200702,5.4
21,200703,5.3
21,200704,5.3
21,200705,5.3
21,200706,5.3
21,200707,5.3
21,200708,5.4
21,200709,5.4
21,200710,5.4
21,200711,5.4
21,200712,5.4
21,200801,5.4
21,200802,5.4
21,200803,5.5
21,200804,5.7
21,200805,5.9
21,200806,6.2
21,200807,6.5
21,200808,6.7
21,200809,7.1
21,200810,7.5
21,200811,8.0
21,200812,8.6
21,200901,9.2
21,200902,9.8
21,200903,10.3
21,200904,10.7
21,200905,10.9
21,200906,11.0
21,200907,11.0
21,200908,11.0
21,200909,10.9
21,200910,10.9
21,200911,10.9
21,200912,10.9
21,201001,10.9
21,201002,10.8
21,201003,10.7
21,201004,10.5
21,201005,10.3
21,201006,10.2
21,201007,10.1
21,201008,10.0
21,201009,10.0
21,201010,10.0
21,201011,10.0
21,201012,9.9
21,201101,9.8
21,201102,9.7
21,201103,9.6
21,201104,9.5
21,201105,9.5
21,201106,9.5
21,201107,9.5
21,201108,9.4
21,201109,9.3
21,201110,9.1
21,201111,8.9
21,201112,8.7
21,201201,8.5
21,201202,8.3
21,201203,8.2
21,201204,8.2
21,201205,8.2
21,201206,8.2
21,201207,8.2
21,201208,8.2
21,201209,8.1
21,201210,8.1
21,201211,8.1
21,201212,8.0
21,201301,8.0
21,201302,8.0
21,201303,8.0
21,201304,8.0
21,201305,8.0
21,201306,8.0
21,201307,8.0
21,201308,8.0
21,201309,7.9
21,201310,7.8
21,201311,7.7
21,201312,7.6
21,201401,7.5
21,201402,7.3
21,201403,7.2
21,201404,7.0
21,201405,6.8
21,201406,6.5
21,201407,6.3
21,201408,6.1
21,201409,5.9
21,201410,5.7
21,201411,5.6
21,201412,5.4
21,201501,5.4
21,201502,5.3
21,201503,5.3
21,201504,5.3
21,201505,5.3
21,201506,5.2
21,201507,5.2
21,201508,5.2
21,201509,5.2
21,201510,5.2
21,201511,5.2
21,201512,5.2
21,201601,5.2
21,201602,5.2
21,201603,5.1
21,201604,5.0
21,201605,5.0
21,201606,5.0
21,201607,5.0
21,201608,5.0
21,201609,5.1
21,201610,5.1
21,201611,5.1
21,201612,5.1
21,201701,5.1
21,201702,5.0
21,201703,5.0
21,201704,4.9
21,201705,4.9
21,201706,4.8
21,201707,4.8
21,201708,4.7
21,201709,4.6
21,201710,4.5
21,201711,4.4
21,201712,4.3
21,201801,4.2
21,201802,4.2
21,201803,4.2
21,201804,4.2
21,201805,4.2
21,201806,4.2
21,201807,4.2
21,201808,4.2
21,201809,4.2
21,201810,4.2
21,201811,4.2
21,201812,4.2
21,201901,4.2
21,201902,4.2
21,201903,4.1
21,201904,4.1
21,201905,4.1
21,201906,4.1
21,201907,4.1
21,201908,4.1
21,201909,4.0
21,201910,4.0
21,201911,4.0
21,201912,4.0
21,202001,4.1
21,202002,4.1
21,202003,4.1
21,202004,16.7
21,202005,12.8
21,202006,5.3
21,202007,5.8
21,202008,5.2
21,202009,5.0
21,202010,4.8
21,202011,4.8
21,202012,4.7
22,199601,6.7
22,199602,6.6
22,199603,6.6
22,199604,6.6
22,199605,6.5
22,199606,6.4
22,199607,6.4
22,199608,6.3
22,199609,6.3
22,199610,6.3
22,199611,6.2
22,199612,6.2
22,199701,6.1
22,199702,6.1
22,199703,6.1
22,199704,6.0
22,199705,6.0
22,199706,6.0
22,199707,5.9
22,199708,5.8
22,199709,5.7
22,199710,5.6
22,199711,5.5
22,199712,5.4
22,199801,5.4
22,199802,5.4
22,199803,5.4
22,199804,5.5
22,199805,5.6
22,199806,5.7
22,199807,5.7
22,199808,5.7
22,199809,5.6
22,199810,5.5
22,199811,5.4
22,199812,5.3
22,199901,5.2
22,199902,5.1
22,199903,5.0
22,199904,4.9
22,199905,4.9
22,199906,4.9
22,199907,4.9
22,199908,4.9
22,199909,4.9
22,199910,4.9
22,199911,4.9
22,199912,4.9
22,200001,4.9
22,200002,4.9
22,200003,4.9
22,200004,5.0
22,200005,5.0
22,200006,5.1
22,200007,5.1
22,200008,5.2
22,200009,5.3
22,200010,5.3
22,200011,5.4
22,200012,5.4
22,200101,5.5
22,200102,5.5
22,200103,5.5
22,200104,5.4
22,200105,5.3
22,200106,5.3
22,200107,5.4
22,200108,5.5
22,200109,5.7
22,200110,5.9
22,200111,6.0
22,200112,6.1
22,200201,6.1
22,200202,6.1
22,200203,6.0
22,200204,6.0
22,200205,5.9
22,200206,5.9
22,200207,5.9
22,200208,5.9
22,200209,5.9
22,200210,5.9
22,200211,6.0
22,200212,6.0
22,200301,6.1
22,200302,6.2
22,200303,6.3
22,200304,6.4
22,200305,6.5
22,200306,6.5
22,200307,6.5
22,200308,6.4
22,200309,6.2
22,200310,6.0
22,200311,5.9
22,200312,5.8
22,200401,5.8
22,200402,5.8
22,200403,5.8
22,200404,5.8
22,200405,5.8
22,200406,5.7
22,200407,5.6
22,200408,5.6
22,200409,5.5
22,200410,5.6
22,200411,5.6
22,200412,5.6
22,200501,5.6
22,200502,5.5
22,200503,5.5
22,200504,5.4
22,200505,5.4
22,200506,5.4
22,200507,5.3
22,200508,5.3
22,200509,11.7
22,200510,11.5
22,200511,11.6
22,200512,6.4
22,200601,4.6
22,200602,4.4
22,200603,4.3
22,200604,4.1
22,200605,4.1
22,200606,4.0
22,200607,4.0
22,200608,4.0
22,200609,4.0
22,200610,4.0
22,200611,4.1
22,200612,4.1
22,200701,4.1
22,200702,4.1
22,200703,4.2
22,200704,4.2
22,200705,4.2
22,200706,4.1
22,200707,4.1
22,200708,4.0
22,200709,4.0
22,200710,4.0
22,200711,4.0
22,200712,4.0
22,200801,4.1
22,200802,4.1
22,200803,4.1
22,200804,4.2
22,200805,4.2
22,200806,4.4
22,200807,4.6
22,200808,4.8
22,200809,5.0
22,200810,5.3
22,200811,5.5
22,200812,5.7
22,200901,6.0
22,200902,6.2
22,200903,6.5
22,200904,6.7
22,200905,6.8
22,200906,6.8
22,200907,6.9
22,200908,6.9
22,200909,6.9
22,200910,6.9
22,200911,6.9
22,200912,7.0
22,201001,7.0
22,201002,7.1
22,201003,7.2
22,201004,7.2
22,201005,7.3
22,201006,7.4
22,201007,7.5
22,201008,7.6
22,201009,7.7
22,201010,7.7
22,201011,7.8
22,201012,7.7
22,201101,7.7
22,201102,7.6
22,201103,7.5
22,201104,7.4
22,201105,7.3
22,201106,7.3
22,201107,7.3
22,201108,7.3
22,201109,7.2
22,201110,7.2
22,201111,7.2
22,201112,7.1
22,201201,7.1
22,201202,7.0
22,201203,7.0
22,201204,6.9
22,201205,6.9
22,201206,6.8
22,201207,6.7
22,201208,6.5
22,201209,6.4
22,201210,6.4
22,201211,6.4
22,201212,6.5
22,201301,6.6
22,201302,6.7
22,201303,6.8
22,201304,6.7
22,201305,6.6
22,201306,6.6
22,201307,6.5
22,201308,6.3
22,201309,6.2
22,201310,6.0
22,201311,5.8
22,201312,5.7
22,201401,5.6
22,201402,5.6
22,201403,5.6
22,201404,5.8
22,201405,6.0
22,201406,6.2
22,201407,6.4
22,201408,6.6
22,201409,6.7
22,201410,6.8
22,201411,6.8
22,201412,6.8
22,201501,6.7
22,201502,6.7
22,201503,6.6
22,201504,6.5
22,201505,6.4
22,201506,6.2
22,201507,6.1
22,201508,6.0
22,201509,6.0
22,201510,6.0
22,201511,6.0
22,201512,6.0
22,201601,6.0
22,201602,6.0
22,201603,6.0
22,201604,6.1
22,201605,6.1
22,201606,6.1
22,201607,6.1
22,201608,6.1
22,201609,6.1
22,201610,6.0
22,201611,6.0
22,201612,5.9
22,201701,5.8
22,201702,5.7
22,201703,5.5
22,201704,5.4
22,201705,5.2
22,201706,5.1
22,201707,5.0
22,201708,4.9
22,201709,4.8
22,201710,4.7
22,201711,4.7
22,201712,4.7
22,201801,4.7
22,201802,4.7
22,201803,4.8
22,201804,4.9
22,201805,4.9
22,201806,4.9
22,201807,4.9
22,201808,4.9
22,201809,4.8
22,201810,4.8
22,201811,4.8
22,201812,4.8
22,201901,4.7
22,201902,4.6
22,201903,4.5
22,201904,4.4
22,201905,4.4
22,201906,4.5
22,201907,4.6
22,201908,4.7
22,201909,4.8
22,201910,4.8
22,201911,4.8
22,201912,4.8
22,202001,4.7
22,202002,4.7
22,202003,6.7
22,202004,13.5
22,202005,12.3
22,202006,11.0
22,202007,10.4
22,202008,9.2
22,202009,8.7
22,202010,8.0
22,202011,7.6
22,202012,7.4
23,199601,5.5
23,199602,5.5
23,199603,5.5
23,199604,5.5
23,199605,5.4
23,199606,5.3
23,199607,5.3
23,199608,5.2
23,199609,5.1
23,199610,5.1
23,199611,5.2
23,199612,5.2
23,199701,5.3
23,199702,5.4
23,199703,5.4
23,199704,5.4
23,199705,5.3
23,199706,5.2
23,199707,5.1
23,199708,5.0
23,199709,5.0
23,199710,5.0
23,199711,5.0
23,199712,5.0
23,199801,4.9
23,199802,4.8
23,199803,4.6
23,199804,4.5
23,199805,4.4
23,199806,4.4
23,199807,4.4
23,199808,4.5
23,199809,4.4
23,199810,4.3
23,199811,4.2
23,199812,4.1
23,199901,4.0
23,199902,3.9
23,199903,3.9
23,199904,4.0
23,199905,4.0
23,199906,4.0
23,199907,4.0
23,199908,4.0
23,199909,4.0
23,199910,4.0
23,199911,3.9
23,199912,3.8
23,200001,3.7
23,200002,3.5
23,200003,3.4
23,200004,3.3
23,200005,3.3
23,200006,3.3
23,200007,3.2
23,200008,3.2
23,200009,3.2
23,200010,3.2
23,200011,3.2
23,200012,3.2
23,200101,3.2
23,200102,3.3
23,200103,3.5
23,200104,3.6
23,200105,3.7
23,200106,3.8
23,200107,3.8
23,200108,3.9
23,200109,4.0
23,200110,4.0
23,200111,4.1
23,200112,4.1
23,200201,4.2
23,200202,4.2
23,200203,4.3
23,200204,4.3
23,200205,4.4
23,200206,4.4
23,200207,4.4
23,200208,4.4
23,200209,4.5
23,200210,4.6
23,200211,4.7
23,200212,4.8
23,200301,4.9
23,200302,5.1
23,200303,5.1
23,200304,5.2
23,200305,5.2
23,200306,5.2
23,200307,5.2
23,200308,5.2
23,200309,5.1
23,200310,5.1
23,200311,5.0
23,200312,4.9
23,200401,4.8
23,200402,4.8
23,200403,4.7
23,200404,4.6
23,200405,4.6
23,200406,4.6
23,200407,4.6
23,200408,4.6
23,200409,4.6
23,200410,4.6
23,200411,4.7
23,200412,4.8
23,200501,4.8
23,200502,4.9
23,200503,4.9
23,200504,4.9
23,200505,4.9
23,200506,4.9
23,200507,4.9
23,200508,4.9
23,200509,4.9
23,200510,4.9
23,200511,4.9
23,200512,4.8
23,200601,4.7
23,200602,4.6
23,200603,4.6
23,200604,4.6
23,200605,4.6
23,200606,4.7
23,200607,4.8
23,200608,4.8
23,200609,4.8
23,200610,4.8
23,200611,4.8
23,200612,4.7
23,200701,4.6
23,200702,4.6
23,200703,4.6
23,200704,4.6
23,200705,4.6
23,200706,4.7
23,200707,4.8
23,200708,4.8
23,200709,4.8
23,200710,4.8
23,200711,4.8
23,200712,4.7
23,200801,4.7
23,200802,4.7
23,200803,4.7
23,200804,4.8
23,200805,4.9
23,200806,5.1
23,200807,5.3
23,200808,5.5
23,200809,5.7
23,200810,6.1
23,200811,6.5
23,200812,6.9
23,200901,7.4
23,200902,7.9
23,200903,8.2
23,200904,8.4
23,200905,8.4
23,200906,8.5
23,200907,8.4
23,200908,8.4
23,200909,8.4
23,200910,8.5
23,200911,8.5
23,200912,8.6
23,201001,8.7
23,201002,8.6
23,201003,8.6
23,201004,8.5
23,201005,8.4
23,201006,8.3
23,201007,8.2
23,201008,8.2
23,201009,8.2
23,201010,8.2
23,201011,8.2
23,201012,8.1
23,201101,8.1
23,201102,8.0
23,201103,7.9
23,201104,7.9
23,201105,7.9
23,201106,7.8
23,201107,7.8
23,201108,7.7
23,201109,7.7
23,201110,7.6
23,201111,7.5
23,201112,7.4
23,201201,7.3
23,201202,7.2
23,201203,7.2
23,201204,7.2
23,201205,7.3
23,201206,7.3
23,201207,7.3
23,201208,7.2
23,201209,7.2
23,201210,7.1
23,201211,7.1
23,201212,7.1
23,201301,7.1
23,201302,7.0
23,201303,7.0
23,201304,6.9
23,201305,6.8
23,201306,6.7
23,201307,6.7
23,201308,6.6
23,201309,6.5
23,201310,6.4
23,201311,6.3
23,201312,6.2
23,201401,6.1
23,201402,6.0
23,201403,5.9
23,201404,5.8
23,201405,5.7
23,201406,5.6
23,201407,5.5
23,201408,5.4
23,201409,5.3
23,201410,5.3
23,201411,5.2
23,201412,5.1
23,201501,4.9
23,201502,4.8
23,201503,4.7
23,201504,4.6
23,201505,4.5
23,201506,4.4
23,201507,4.3
23,201508,4.2
23,201509,4.1
23,201510,4.1
23,201511,4.1
23,201512,4.0
23,201601,4.0
23,201602,4.0
23,201603,3.9
23,201604,3.9
23,201605,3.8
23,201606,3.8
23,201607,3.8
23,201608,3.7
23,201609,3.7
23,201610,3.7
23,201611,3.6
23,201612,3.6
23,201701,3.5
23,201702,3.5
23,201703,3.5
23,201704,3.4
23,201705,3.4
23,201706,3.4
23,201707,3.4
23,201708,3.4
23,201709,3.4
23,201710,3.3
23,201711,3.2
23,201712,3.1
23,201801,3.1
23,201802,3.0
23,201803,3.0
23,201804,3.0
23,201805,3.1
23,201806,3.2
23,201807,3.3
23,201808,3.3
23,201809,3.3
23,201810,3.3
23,201811,3.3
23,201812,3.2
23,201901,3.1
23,201902,3.0
23,201903,2.9
23,201904,2.8
23,201905,2.7
23,201906,2.7
23,201907,2.8
23,201908,2.8
23,201909,2.9
23,201910,3.0
23,201911,3.0
23,201912,3.1
23,202001,3.2
23,202002,3.2
23,202003,3.2
23,202004,9.3
23,202005,9.5
23,202006,6.6
23,202007,6.3
23,202008,4.2
23,202009,4.0
23,202010,3.8
23,202011,3.9
23,202012,4.2
24,199601,5.0
24,199602,5.0
24,199603,5.0
24,199604,5.0
24,199605,5.0
24,199606,4.9
24,199607,4.9
24,199608,4.9
24,199609,4.9
24,199610,4.9
24,199611,4.9
24,199612,4.9
24,199701,5.0
24,199702,5.0
24,199703,4.9
24,199704,4.9
24,199705,4.8
24,199706,4.8
24,199707,4.8
24,199708,4.8
24,199709,4.8
24,199710,4.8
24,199711,4.8
24,199712,4.8
24,199801,4.7
24,199802,4.6
24,199803,4.5
24,199804,4.4
24,199805,4.3
24,199806,4.3
24,199807,4.2
24,199808,4.2
24,199809,4.1
24,199810,4.0
24,199811,3.8
24,199812,3.7
24,199901,3.7
24,199902,3.6
24,199903,3.6
24,199904,3.5
24,199905,3.5
24,199906,3.5
24,199907,3.4
24,199908,3.3
24,199909,3.3
24,199910,3.3
24,199911,3.2
24,199912,3.2
24,200001,3.3
24,200002,3.3
24,200003,3.4
24,200004,3.5
24,200005,3.6
24,200006,3.6
24,200007,3.7
24,200008,3.7
24,200009,3.7
24,200010,3.7
24,200011,3.7
24,200012,3.7
24,200101,3.7
24,200102,3.7
24,200103,3.7
24,200104,3.8
24,200105,3.8
24,200106,4.0
24,200107,4.1
24,200108,4.3
24,200109,4.5
24,200110,4.6
24,200111,4.7
24,200112,4.8
24,200201,4.8
24,200202,4.7
24,200203,4.7
24,200204,4.6
24,200205,4.5
24,200206,4.4
24,200207,4.4
24,200208,4.3
24,200209,4.3
24,200210,4.3
24,200211,4.4
24,200212,4.4
24,200301,4.5
24,200302,4.5
24,200303,4.5
24,200304,4.6
24,200305,4.6
24,200306,4.5
24,200307,4.5
24,200308,4.5
24,200309,4.4
24,200310,4.4
24,200311,4.4
24,200312,4.3
24,200401,4.3
24,200402,4.3
24,200403,4.3
24,200404,4.3
24,200405,4.3
24,200406,4.3
24,200407,4.3
24,200408,4.3
24,200409,4.3
24,200410,4.3
24,200411,4.3
24,200412,4.4
24,200501,4.4
24,200502,4.4
24,200503,4.4
24,200504,4.4
24,200505,4.3
24,200506,4.2
24,200507,4.1
24,200508,4.1
24,200509,4.0
24,200510,4.0
24,200511,3.9
24,200512,3.8
24,200601,3.7
24,200602,3.7
24,200603,3.8
24,200604,3.8
24,200605,3.9
24,200606,4.0
24,200607,4.0
24,200608,4.0
24,200609,3.9
24,200610,3.9
24,200611,3.8
24,200612,3.7
24,200701,3.7
24,200702,3.6
24,200703,3.5
24,200704,3.5
24,200705,3.4
24,200706,3.4
24,200707,3.4
24,200708,3.4
24,200709,3.4
24,200710,3.4
24,200711,3.3
24,200712,3.3
24,200801,3.3
24,200802,3.3
24,200803,3.5
24,200804,3.6
24,200805,3.9
24,200806,4.1
24,200807,4.3
24,200808,4.6
24,200809,4.8
24,200810,5.1
24,200811,5.5
24,200812,5.8
24,200901,6.1
24,200902,6.5
24,200903,6.7
24,200904,6.9
24,200905,7.0
24,200906,7.1
24,200907,7.2
24,200908,7.3
24,200909,7.5
24,200910,7.6
24,200911,7.8
24,200912,7.9
24,201001,8.0
24,201002,8.0
24,201003,7.9
24,201004,7.9
24,201005,7.8
24,201006,7.7
24,201007,7.7
24,201008,7.7
24,201009,7.7
24,201010,7.7
24,201011,7.6
24,201012,7.5
24,201101,7.4
24,201102,7.4
24,201103,7.3
24,201104,7.3
24,201105,7.3
24,201106,7.4
24,201107,7.4
24,201108,7.3
24,201109,7.3
24,201110,7.2
24,201111,7.1
24,201112,7.0
24,201201,7.0
24,201202,6.9
24,201203,6.9
24,201204,6.9
24,201205,6.9
24,201206,6.9
24,201207,6.9
24,201208,6.8
24,201209,6.8
24,201210,6.8
24,201211,6.8
24,201212,6.8
24,201301,6.8
24,201302,6.9
24,201303,6.8
24,201304,6.8
24,201305,6.7
24,201306,6.7
24,201307,6.6
24,201308,6.5
24,201309,6.4
24,201310,6.3
24,201311,6.2
24,201312,6.1
24,201401,6.0
24,201402,5.9
24,201403,5.9
24,201404,5.9
24,201405,5.8
24,201406,5.8
24,201407,5.8
24,201408,5.7
24,201409,5.6
24,201410,5.5
24,201411,5.5
24,201412,5.4
24,201501,5.4
24,201502,5.3
24,201503,5.3
24,201504,5.2
24,201505,5.1
24,201506,5.1
24,201507,5.0
24,201508,5.0
24,201509,4.9
24,201510,4.8
24,201511,4.7
24,201512,4.6
24,201601,4.5
24,201602,4.4
24,201603,4.3
24,201604,4.2
24,201605,4.2
24,201606,4.2
24,201607,4.2
24,201608,4.2
24,201609,4.2
24,201610,4.2
24,201611,4.2
24,201612,4.2
24,201701,4.2
24,201702,4.1
24,201703,4.1
24,201704,4.0
24,201705,4.0
24,201706,4.0
24,201707,4.0
24,201708,4.0
24,201709,4.1
24,201710,4.1
24,201711,4.1
24,201712,4.1
24,201801,4.1
24,201802,4.0
24,201803,4.0
24,201804,3.9
24,201805,3.8
24,201806,3.8
24,201807,3.7
24,201808,3.7
24,201809,3.7
24,201810,3.7
24,201811,3.7
24,201812,3.6
24,201901,3.6
24,201902,3.5
24,201903,3.5
24,201904,3.4
24,201905,3.4
24,201906,3.4
24,201907,3.4
24,201908,3.4
24,201909,3.3
24,201910,3.3
24,201911,3.2
24,201912,3.2
24,202001,3.3
24,202002,3.4
24,202003,3.5
24,202004,9.0
24,202005,8.8
24,202006,8.1
24,202007,7.9
24,202008,7.2
24,202009,7.1
24,202010,6.7
24,202011,6.6
24,202012,6.6
25,199601,5.0
25,199602,4.9
25,199603,4.9
25,199604,4.8
25,199605,4.7
25,199606,4.6
25,199607,4.5
25,199608,4.4
25,199609,4.4
25,199610,4.4
25,199611,4.4
25,199612,4.4
25,199701,4.4
25,199702,4.3
25,199703,4.3
25,199704,4.2
25,199705,4.2
25,199706,4.1
25,199707,4.1
25,199708,4.0
25,199709,3.9
25,199710,3.8
25,199711,3.8
25,199712,3.7
25,199801,3.6
25,199802,3.5
25,199803,3.5
25,199804,3.4
25,199805,3.4
25,199806,3.3
25,199807,3.3
25,199808,3.3
25,199809,3.3
25,199810,3.3
25,199811,3.3
25,199812,3.3
25,199901,3.3
25,199902,3.3
25,199903,3.3
25,199904,3.3
25,199905,3.3
25,199906,3.3
25,199907,3.3
25,199908,3.3
25,199909,3.3
25,199910,3.3
25,199911,3.2
25,199912,3.2
25,200001,3.1
25,200002,3.0
25,200003,2.9
25,200004,2.8
25,200005,2.8
25,200006,2.8
25,200007,2.7
25,200008,2.7
25,200009,2.7
25,200010,2.7
25,200011,2.7
25,200012,2.8
25,200101,2.9
25,200102,3.1
25,200103,3.2
25,200104,3.4
25,200105,3.5
25,200106,3.7
25,200107,3.8
25,200108,4.0
25,200109,4.2
25,200110,4.4
25,200111,4.6
25,200112,4.7
25,200201,4.9
25,200202,5.0
25,200203,5.0
25,200204,5.1
25,200205,5.2
25,200206,5.2
25,200207,5.3
25,200208,5.3
25,200209,5.4
25,200210,5.4
25,200211,5.5
25,200212,5.6
25,200301,5.6
25,200302,5.7
25,200303,5.7
25,200304,5.8
25,200305,5.8
25,200306,5.9
25,200307,5.9
25,200308,5.9
25,200309,5.8
25,200310,5.7
25,200311,5.6
25,200312,5.5
25,200401,5.5
25,200402,5.4
25,200403,5.3
25,200404,5.3
25,200405,5.2
25,200406,5.2
25,200407,5.1
25,200408,5.0
25,200409,4.9
25,200410,4.9
25,200411,4.9
25,200412,4.9
25,200501,4.9
25,200502,4.9
25,200503,4.8
25,200504,4.8
25,200505,4.8
25,200506,4.7
25,200507,4.7
25,200508,4.7
25,200509,4.8
25,200510,4.8
25,200511,4.8
25,200512,4.8
25,200601,4.7
25,200602,4.7
25,200603,4.7
25,200604,4.7
25,200605,4.7
25,200606,4.7
25,200607,4.7
25,200608,4.7
25,200609,4.7
25,200610,4.7
25,200611,4.7
25,200612,4.6
25,200701,4.6
25,200702,4.6
25,200703,4.5
25,200704,4.5
25,200705,4.5
25,200706,4.5
25,200707,4.5
25,200708,4.5
25,200709,4.5
25,200710,4.5
25,200711,4.5
25,200712,4.5
25,200801,4.5
25,200802,4.5
25,200803,4.6
25,200804,4.7
25,200805,4.9
25,200806,5.1
25,200807,5.3
25,200808,5.5
25,200809,5.7
25,200810,6.0
25,200811,6.3
25,200812,6.7
25,200901,7.1
25,200902,7.4
25,200903,7.7
25,200904,8.0
25,200905,8.1
25,200906,8.3
25,200907,8.4
25,200908,8.5
25,200909,8.5
25,200910,8.6
25,200911,8.6
25,200912,8.6
25,201001,8.6
25,201002,8.5
25,201003,8.4
25,201004,8.3
25,201005,8.2
25,201006,8.1
25,201007,8.0
25,201008,7.9
25,201009,7.9
25,201010,7.8
25,201011,7.8
25,201012,7.7
25,201101,7.6
25,201102,7.5
25,201103,7.5
25,201104,7.4
25,201105,7.3
25,201106,7.3
25,201107,7.2
25,201108,7.2
25,201109,7.1
25,201110,7.0
25,201111,6.9
25,201112,6.8
25,201201,6.7
25,201202,6.7
25,201203,6.7
25,201204,6.7
25,201205,6.7
25,201206,6.7
25,201207,6.7
25,201208,6.7
25,201209,6.7
25,201210,6.7
25,201211,6.7
25,201212,6.7
25,201301,6.7
25,201302,6.8
25,201303,6.8
25,201304,6.8
25,201305,6.8
25,201306,6.8
25,201307,6.7
25,201308,6.7
25,201309,6.6
25,201310,6.5
25,201311,6.4
25,201312,6.3
25,201401,6.2
25,201402,6.1
25,201403,6.0
25,201404,5.9
25,201405,5.9
25,201406,5.8
25,201407,5.7
25,201408,5.7
25,201409,5.6
25,201410,5.5
25,201411,5.4
25,201412,5.3
25,201501,5.2
25,201502,5.1
25,201503,5.0
25,201504,5.0
25,201505,4.9
25,201506,4.8
25,201507,4.7
25,201508,4.7
25,201509,4.6
25,201510,4.6
25,201511,4.5
25,201512,4.5
25,201601,4.4
25,201602,4.3
25,201603,4.2
25,201604,4.1
25,201605,4.1
25,201606,4.0
25,201607,3.9
25,201608,3.9
25,201609,3.8
25,201610,3.8
25,201611,3.8
25,201612,3.9
25,201701,3.9
25,201702,3.9
25,201703,3.9
25,201704,3.9
25,201705,3.9
25,201706,3.8
25,201707,3.8
25,201708,3.8
25,201709,3.8
25,201710,3.8
25,201711,3.8
25,201712,3.7
25,201801,3.7
25,201802,3.6
25,201803,3.6
25,201804,3.6
25,201805,3.5
25,201806,3.5
25,201807,3.4
25,201808,3.4
25,201809,3.3
25,201810,3.3
25,201811,3.3
25,201812,3.3
25,201901,3.2
25,201902,3.2
25,201903,3.1
25,201904,3.1
25,201905,3.0
25,201906,3.0
25,201907,3.0
25,201908,3.0
25,201909,3.0
25,201910,3.0
25,201911,3.0
25,201912,3.0
25,202001,3.0
25,202002,3.1
25,202003,3.1
25,202004,17.8
25,202005,14.3
25,202006,14.7
25,202007,12.5
25,202008,10.4
25,202009,9.6
25,202010,8.4
25,202011,7.8
25,202012,7.4
26,199601,4.9
26,199602,4.9
26,199603,4.9
26,199604,5.0
26,199605,5.0
26,199606,5.0
26,199607,5.0
26,199608,4.9
26,199609,4.9
26,199610,4.8
26,199611,4.8
26,199612,4.8
26,199701,4.7
26,199702,4.6
26,199703,4.5
26,199704,4.3
26,199705,4.2
26,199706,4.2
26,199707,4.2
26,199708,4.2
26,199709,4.2
26,199710,4.2
26,199711,4.2
26,199712,4.1
26,199801,4.0
26,199802,4.0
26,199803,3.9
26,199804,3.8
26,199805,3.8
26,199806,3.8
26,199807,4.7
26,199808,3.9
26,199809,3.9
26,199810,4.0
26,199811,4.0
26,199812,4.0
26,199901,4.0
26,199902,4.0
26,199903,4.0
26,199904,3.9
26,199905,3.8
26,199906,3.7
26,199907,3.7
26,199908,3.7
26,199909,3.6
26,199910,3.6
26,199911,3.5
26,199912,3.4
26,200001,3.3
26,200002,3.2
26,200003,3.3
26,200004,3.4
26,200005,3.6
26,200006,3.7
26,200007,3.8
26,200008,3.9
26,200009,3.9
26,200010,4.0
26,200011,4.0
26,200012,4.2
26,200101,4.4
26,200102,4.5
26,200103,4.7
26,200104,4.8
26,200105,4.8
26,200106,4.9
26,200107,5.0
26,200108,5.2
26,200109,5.5
26,200110,5.8
26,200111,6.0
26,200112,6.2
26,200201,6.3
26,200202,6.3
26,200203,6.3
26,200204,6.3
26,200205,6.3
26,200206,6.2
26,200207,6.1
26,200208,6.0
26,200209,6.0
26,200210,6.0
26,200211,6.2
26,200212,6.3
26,200301,6.6
26,200302,6.8
26,200303,7.0
26,200304,7.2
26,200305,7.3
26,200306,7.4
26,200307,7.5
26,200308,7.4
26,200309,7.3
26,200310,7.1
26,200311,6.9
26,200312,6.8
26,200401,6.7
26,200402,6.7
26,200403,6.7
26,200404,6.8
26,200405,6.8
26,200406,6.9
26,200407,7.0
26,200408,7.0
26,200409,7.1
26,200410,7.2
26,200411,7.2
26,200412,7.2
26,200501,7.2
26,200502,7.1
26,200503,7.0
26,200504,6.9
26,200505,6.8
26,200506,6.7
26,200507,6.6
26,200508,6.5
26,200509,6.5
26,200510,6.5
26,200511,6.6
26,200512,6.7
26,200601,6.7
26,200602,6.7
26,200603,6.7
26,200604,6.8
26,200605,6.8
26,200606,6.8
26,200607,6.9
26,200608,7.0
26,200609,7.0
26,200610,7.0
26,200611,7.0
26,200612,7.0
26,200701,6.9
26,200702,6.9
26,200703,6.9
26,200704,6.9
26,200705,6.9
26,200706,7.0
26,200707,7.1
26,200708,7.2
26,200709,7.2
26,200710,7.3
26,200711,7.3
26,200712,7.2
26,200801,7.2
26,200802,7.2
26,200803,7.3
26,200804,7.4
26,200805,7.7
26,200806,7.9
26,200807,8.2
26,200808,8.4
26,200809,8.7
26,200810,9.1
26,200811,9.6
26,200812,10.1
26,200901,11.0
26,200902,11.9
26,200903,12.7
26,200904,13.3
26,200905,13.8
26,200906,14.3
26,200907,14.3
26,200908,14.2
26,200909,14.2
26,200910,14.1
26,200911,14.0
26,200912,14.0
26,201001,13.9
26,201002,13.8
26,201003,13.7
26,201004,13.4
26,201005,13.2
26,201006,12.9
26,201007,12.9
26,201008,12.5
26,201009,12.2
26,201010,11.8
26,201011,11.5
26,201012,11.1
26,201101,10.8
26,201102,10.6
26,201103,10.2
26,201104,10.2
26,201105,10.3
26,201106,10.3
26,201107,10.3
26,201108,10.2
26,201109,10.0
26,201110,9.8
26,201111,9.6
26,201112,9.4
26,201201,9.2
26,201202,9.1
26,201203,9.1
26,201204,9.1
26,201205,9.1
26,201206,9.1
26,201207,9.1
26,201208,9.0
26,201209,9.0
26,201210,9.0
26,201211,9.0
26,201212,9.0
26,201301,9.0
26,201302,9.0
26,201303,8.9
26,201304,8.9
26,201305,8.8
26,201306,8.8
26,201307,8.8
26,201308,8.8
26,201309,8.7
26,201310,8.5
26,201311,8.4
26,201312,8.2
26,201401,8.1
26,201402,8.0
26,201403,7.8
26,201404,7.7
26,201405,7.5
26,201406,7.4
26,201407,7.2
26,201408,7.0
26,201409,6.8
26,201410,6.6
26,201411,6.4
26,201412,6.2
26,201501,6.0
26,201502,5.9
26,201503,5.8
26,201504,5.7
26,201505,5.6
26,201506,5.5
26,201507,5.4
26,201508,5.2
26,201509,5.1
26,201510,5.0
26,201511,4.9
26,201512,4.9
26,201601,4.9
26,201602,4.9
26,201603,4.9
26,201604,5.0
26,201605,5.0
26,201606,5.0
26,201607,5.0
26,201608,5.0
26,201609,5.0
26,201610,5.1
26,201611,5.1
26,201612,5.0
26,201701,4.9
26,201702,4.7
26,201703,4.5
26,201704,4.4
26,201705,4.3
26,201706,4.4
26,201707,4.5
26,201708,4.6
26,201709,4.7
26,201710,4.7
26,201711,4.7
26,201712,4.6
26,201801,4.5
26,201802,4.4
26,201803,4.3
26,201804,4.2
26,201805,4.1
26,201806,4.0
26,201807,4.0
26,201808,4.0
26,201809,4.0
26,201810,4.1
26,201811,4.2
26,201812,4.2
26,201901,4.2
26,201902,4.2
26,201903,4.2
26,201904,4.2
26,201905,4.2
26,201906,4.2
26,201907,4.1
26,201908,4.1
26,201909,4.0
26,201910,3.9
26,201911,3.8
26,201912,3.8
26,202001,3.8
26,202002,3.8
26,202003,3.7
26,202004,22.7
26,202005,19.3
26,202006,14.5
26,202007,12.5
26,202008,10.0
26,202009,8.9
26,202010,7.7
26,202011,7.1
26,202012,6.9
27,199601,3.8
27,199602,3.9
27,199603,3.9
27,199604,4.0
27,199605,4.0
27,199606,4.0
27,199607,3.9
27,199608,3.9
27,199609,3.8
27,199610,3.7
27,199611,3.7
27,199612,3.6
27,199701,3.5
27,199702,3.5
27,199703,3.4
27,199704,3.3
27,199705,3.3
27,199706,3.3
27,199707,3.2
27,199708,3.2
27,199709,3.1
27,199710,3.0
27,199711,3.0
27,199712,2.9
27,199801,2.8
27,199802,2.8
27,199803,2.7
27,199804,2.7
27,199805,2.6
27,199806,2.6
27,199807,2.6
27,199808,2.6
27,199809,2.7
27,199810,2.7
27,199811,2.7
27,199812,2.6
27,199901,2.6
27,199902,2.5
27,199903,2.6
27,199904,2.7
27,199905,2.8
27,199906,2.8
27,199907,2.9
27,199908,2.9
27,199909,2.9
27,199910,2.8
27,199911,2.9
27,199912,2.9
27,200001,2.9
27,200002,3.0
27,200003,3.0
27,200004,3.0
27,200005,3.0
27,200006,3.0
27,200007,3.1
27,200008,3.2
27,200009,3.2
27,200010,3.3
27,200011,3.3
27,200012,3.3
27,200101,3.4
27,200102,3.4
27,200103,3.5
27,200104,3.5
27,200105,3.6
27,200106,3.6
27,200107,3.7
27,200108,3.8
27,200109,3.9
27,200110,4.1
27,200111,4.2
27,200112,4.4
27,200201,4.5
27,200202,4.5
27,200203,4.6
27,200204,4.6
27,200205,4.5
27,200206,4.4
27,200207,4.4
27,200208,4.3
27,200209,4.3
27,200210,4.3
27,200211,4.3
27,200212,4.3
27,200301,4.4
27,200302,4.5
27,200303,4.6
27,200304,4.7
27,200305,4.8
27,200306,4.8
27,200307,4.9
27,200308,4.9
27,200309,4.9
27,200310,4.9
27,200311,4.9
27,200312,4.8
27,200401,4.8
27,200402,4.7
27,200403,4.7
27,200404,4.7
27,200405,4.7
27,200406,4.7
27,200407,4.7
27,200408,4.7
27,200409,4.6
27,200410,4.5
27,200411,4.4
27,200412,4.3
27,200501,4.3
27,200502,4.2
27,200503,4.2
27,200504,4.1
27,200505,4.1
27,200506,4.0
27,200507,4.0
27,200508,4.0
27,200509,4.0
27,200510,4.1
27,200511,4.1
27,200512,4.2
27,200601,4.1
27,200602,4.1
27,200603,4.0
27,200604,3.9
27,200605,3.9
27,200606,3.9
27,200607,3.9
27,200608,4.0
27,200609,4.1
27,200610,4.2
27,200611,4.3
27,200612,4.3
27,200701,4.4
27,200702,4.4
27,200703,4.4
27,200704,4.5
27,200705,4.5
27,200706,4.6
27,200707,4.6
27,200708,4.7
27,200709,4.8
27,200710,4.8
27,200711,4.8
27,200712,4.7
27,200801,4.7
27,200802,4.7
27,200803,4.8
27,200804,5.0
27,200805,5.1
27,200806,5.3
27,200807,5.5
27,200808,5.6
27,200809,5.8
27,200810,6.0
27,200811,6.3
27,200812,6.6
27,200901,7.0
27,200902,7.4
27,200903,7.7
27,200904,7.8
27,200905,7.9
27,200906,7.9
27,200907,7.9
27,200908,7.8
27,200909,7.8
27,200910,7.8
27,200911,7.7
27,200912,7.7
27,201001,7.7
27,201002,7.6
27,201003,7.6
27,201004,7.4
27,201005,7.3
27,201006,7.3
27,201007,7.2
27,201008,7.3
27,201009,7.3
27,201010,7.3
27,201011,7.3
27,201012,7.1
27,201101,7.0
27,201102,6.9
27,201103,6.8
27,201104,6.8
27,201105,6.8
27,201106,6.7
27,201107,6.7
27,201108,6.6
27,201109,6.4
27,201110,6.2
27,201111,6.1
27,201112,5.9
27,201201,5.8
27,201202,5.8
27,201203,5.7
27,201204,5.7
27,201205,5.7
27,201206,5.7
27,201207,5.7
27,201208,5.7
27,201209,5.6
27,201210,5.6
27,201211,5.5
27,201212,5.4
27,201301,5.4
27,201302,5.3
27,201303,5.2
27,201304,5.2
27,201305,5.1
27,201306,5.1
27,201307,5.0
27,201308,5.0
27,201309,4.9
27,201310,4.8
27,201311,4.8
27,201312,4.7
27,201401,4.7
27,201402,4.6
27,201403,4.6
27,201404,4.5
27,201405,4.4
27,201406,4.2
27,201407,4.1
27,201408,4.1
27,201409,4.0
27,201410,3.9
27,201411,3.9
27,201412,3.9
27,201501,3.8
27,201502,3.8
27,201503,3.8
27,201504,3.8
27,201505,3.8
27,201506,3.8
27,201507,3.8
27,201508,3.7
27,201509,3.7
27,201510,3.7
27,201511,3.7
27,201512,3.7
27,201601,3.7
27,201602,3.7
27,201603,3.8
27,201604,3.8
27,201605,3.8
27,201606,3.9
27,201607,3.9
27,201608,3.9
27,201609,4.0
27,201610,4.0
27,201611,4.0
27,201612,3.9
27,201701,3.8
27,201702,3.7
27,201703,3.6
27,201704,3.5
27,201705,3.5
27,201706,3.4
27,201707,3.4
27,201708,3.4
27,201709,3.3
27,201710,3.3
27,201711,3.2
27,201712,3.2
27,201801,3.1
27,201802,3.1
27,201803,3.0
27,201804,3.0
27,201805,2.9
27,201806,2.9
27,201807,2.9
27,201808,2.9
27,201809,3.0
27,201810,3.1
27,201811,3.2
27,201812,3.2
27,201901,3.3
27,201902,3.3
27,201903,3.3
27,201904,3.2
27,201905,3.2
27,201906,3.2
27,201907,3.2
27,201908,3.3
27,201909,3.3
27,201910,3.3
27,201911,3.3
27,201912,3.4
27,202001,3.4
27,202002,3.5
27,202003,3.6
27,202004,8.9
27,202005,11.1
27,202006,8.9
27,202007,7.8
27,202008,6.7
27,202009,6.2
27,202010,5.5
27,202011,5.1
27,202012,4.8
28,199601,6.2
28,199602,6.2
28,199603,6.2
28,199604,6.2
28,199605,6.1
28,199606,6.0
28,199607,5.9
28,199608,5.8
28,199609,5.8
28,199610,5.8
28,199611,5.8
28,199612,5.9
28,199701,5.9
28,199702,5.8
28,199703,5.8
28,199704,5.7
28,199705,5.7
28,199706,5.7
28,199707,5.7
28,199708,5.8
28,199709,5.7
28,199710,5.7
28,199711,5.6
28,199712,5.5
28,199801,5.4
28,199802,5.3
28,199803,5.3
28,199804,5.3
28,199805,5.3
28,199806,5.2
28,199807,5.2
28,199808,5.2
28,199809,5.2
28,199810,5.2
28,199811,5.1
28,199812,5.0
28,199901,4.9
28,199902,4.9
28,199903,4.9
28,199904,4.9
28,199905,5.0
28,199906,5.0
28,199907,5.1
28,199908,5.2
28,199909,5.2
28,199910,5.3
28,199911,5.3
28,199912,5.4
28,200001,5.4
28,200002,5.5
28,200003,5.5
28,200004,5.5
28,200005,5.5
28,200006,5.5
28,200007,5.4
28,200008,5.3
28,200009,5.2
28,200010,5.1
28,200011,5.0
28,200012,5.0
28,200101,5.0
28,200102,5.0
28,200103,5.0
28,200104,5.0
28,200105,5.1
28,200106,5.2
28,200107,5.3
28,200108,5.5
28,200109,5.7
28,200110,6.0
28,200111,6.2
28,200112,6.4
28,200201,6.5
28,200202,6.5
28,200203,6.5
28,200204,6.5
28,200205,6.4
28,200206,6.4
28,200207,6.3
28,200208,6.3
28,200209,6.3
28,200210,6.3
28,200211,6.4
28,200212,6.4
28,200301,6.4
28,200302,6.4
28,200303,6.4
28,200304,6.4
28,200305,6.4
28,200306,6.3
28,200307,6.2
28,200308,6.1
28,200309,5.9
28,200310,5.8
28,200311,5.7
28,200312,5.7
28,200401,5.7
28,200402,5.7
28,200403,5.8
28,200404,5.9
28,200405,6.0
28,200406,6.1
28,200407,6.2
28,200408,6.3
28,200409,6.4
28,200410,6.5
28,200411,6.6
28,200412,6.8
28,200501,6.9
28,200502,6.9
28,200503,7.0
28,200504,7.0
28,200505,7.1
28,200506,7.2
28,200507,7.2
28,200508,7.2
28,200509,9.9
28,200510,9.1
28,200511,8.7
28,200512,7.6
28,200601,6.9
28,200602,6.6
28,200603,6.3
28,200604,6.3
28,200605,6.3
28,200606,6.3
28,200607,6.3
28,200608,6.3
28,200609,6.3
28,200610,6.3
28,200611,6.3
28,200612,6.4
28,200701,6.4
28,200702,6.4
28,200703,6.3
28,200704,6.2
28,200705,6.2
28,200706,6.1
28,200707,6.0
28,200708,6.0
28,200709,6.0
28,200710,6.0
28,200711,6.0
28,200712,6.0
28,200801,6.0
28,200802,6.1
28,200803,6.2
28,200804,6.3
28,200805,6.5
28,200806,6.7
28,200807,6.8
28,200808,6.9
28,200809,7.0
28,200810,7.1
28,200811,7.4
28,200812,7.6
28,200901,8.0
28,200902,8.3
28,200903,8.6
28,200904,8.9
28,200905,9.0
28,200906,9.1
28,200907,9.3
28,200908,9.5
28,200909,9.7
28,200910,9.9
28,200911,10.2
28,200912,10.4
28,201001,10.5
28,201002,10.5
28,201003,10.5
28,201004,10.4
28,201005,10.3
28,201006,10.0
28,201007,9.9
28,201008,9.8
28,201009,9.9
28,201010,9.9
28,201011,9.9
28,201012,9.9
28,201101,9.9
28,201102,9.9
28,201103,9.9
28,201104,9.9
28,201105,9.9
28,201106,10.0
28,201107,10.0
28,201108,9.9
28,201109,9.8
28,201110,9.6
28,201111,9.5
28,201112,9.3
28,201201,9.1
28,201202,9.0
28,201203,8.9
28,201204,8.9
28,201205,8.9
28,201206,8.9
28,201207,8.8
28,201208,8.8
28,201209,8.7
28,201210,8.7
28,201211,8.6
28,201212,8.6
28,201301,8.7
28,201302,8.7
28,201303,8.7
28,201304,8.7
28,201305,8.6
28,201306,8.5
28,201307,8.5
28,201308,8.5
28,201309,8.4
28,201310,8.3
28,201311,8.2
28,201312,8.1
28,201401,8.1
28,201402,8.0
28,201403,8.0
28,201404,7.9
28,201405,7.8
28,201406,7.7
28,201407,7.6
28,201408,7.5
28,201409,7.4
28,201410,7.2
28,201411,7.1
28,201412,6.9
28,201501,6.8
28,201502,6.7
28,201503,6.6
28,201504,6.6
28,201505,6.5
28,201506,6.4
28,201507,6.3
28,201508,6.3
28,201509,6.3
28,201510,6.3
28,201511,6.3
28,201512,6.3
28,201601,6.3
28,201602,6.2
28,201603,6.1
28,201604,6.0
28,201605,6.0
28,201606,6.0
28,201607,6.0
28,201608,6.0
28,201609,5.9
28,201610,5.9
28,201611,5.8
28,201612,5.7
28,201701,5.6
28,201702,5.5
28,201703,5.4
28,201704,5.4
28,201705,5.3
28,201706,5.2
28,201707,5.2
28,201708,5.1
28,201709,5.0
28,201710,5.0
28,201711,4.9
28,201712,4.9
28,201801,4.9
28,201802,4.9
28,201803,4.9
28,201804,4.9
28,201805,4.9
28,201806,4.8
28,201807,4.8
28,201808,4.8
28,201809,4.9
28,201810,5.0
28,201811,5.2
28,201812,5.3
28,201901,5.4
28,201902,5.4
28,201903,5.4
28,201904,5.4
28,201905,5.4
28,201906,5.5
28,201907,5.6
28,201908,5.6
28,201909,5.6
28,201910,5.6
28,201911,5.5
28,201912,5.5
28,202001,5.6
28,202002,5.7
28,202003,5.9
28,202004,15.6
28,202005,11.2
28,202006,9.4
28,202007,8.3
28,202008,7.4
28,202009,7.1
28,202010,6.7
28,202011,6.6
28,202012,6.5
29,199601,4.5
29,199602,4.6
29,199603,4.7
29,199604,4.7
29,199605,4.8
29,199606,4.8
29,199607,4.8
29,199608,4.7
29,199609,4.8
29,199610,4.8
29,199611,4.8
29,199612,4.8
29,199701,4.8
29,199702,4.6
29,199703,4.5
29,199704,4.3
29,199705,4.2
29,199706,4.2
29,199707,4.2
29,199708,4.3
29,199709,4.3
29,199710,4.3
29,199711,4.4
29,199712,4.4
29,199801,4.4
29,199802,4.4
29,199803,4.4
29,199804,4.3
29,199805,4.3
29,199806,4.2
29,199807,4.1
29,199808,4.0
29,199809,3.9
29,199810,3.7
29,199811,3.6
29,199812,3.4
29,199901,3.3
29,199902,3.2
29,199903,3.3
29,199904,3.3
29,199905,3.4
29,199906,3.4
29,199907,3.4
29,199908,3.3
29,199909,3.2
29,199910,3.1
29,199911,3.0
29,199912,3.0
29,200001,3.0
29,200002,3.0
29,200003,3.1
29,200004,3.1
29,200005,3.1
29,200006,3.2
29,200007,3.3
29,200008,3.5
29,200009,3.6
29,200010,3.8
29,200011,3.9
29,200012,4.1
29,200101,4.2
29,200102,4.2
29,200103,4.3
29,200104,4.3
29,200105,4.3
29,200106,4.3
29,200107,4.4
29,200108,4.5
29,200109,4.7
29,200110,4.9
29,200111,5.0
29,200112,5.2
29,200201,5.3
29,200202,5.3
29,200203,5.4
29,200204,5.4
29,200205,5.4
29,200206,5.3
29,200207,5.3
29,200208,5.3
29,200209,5.3
29,200210,5.3
29,200211,5.3
29,200212,5.3
29,200301,5.4
29,200302,5.5
29,200303,5.6
29,200304,5.7
29,200305,5.8
29,200306,5.9
29,200307,5.9
29,200308,5.9
29,200309,5.8
29,200310,5.7
29,200311,5.6
29,200312,5.5
29,200401,5.5
29,200402,5.6
29,200403,5.6
29,200404,5.7
29,200405,5.8
29,200406,5.9
29,200407,6.0
29,200408,6.0
29,200409,6.0
29,200410,6.0
29,200411,6.0
29,200412,6.0
29,200501,6.0
29,200502,5.9
29,200503,5.8
29,200504,5.7
29,200505,5.5
29,200506,5.4
29,200507,5.2
29,200508,5.2
29,200509,5.1
29,200510,5.1
29,200511,5.1
29,200512,5.0
29,200601,5.0
29,200602,4.9
29,200603,4.8
29,200604,4.8
29,200605,4.8
29,200606,4.8
29,200607,4.9
29,200608,4.9
29,200609,5.0
29,200610,5.0
29,200611,4.9
29,200612,4.9
29,200701,4.8
29,200702,4.8
29,200703,4.8
29,200704,4.9
29,200705,4.9
29,200706,5.0
29,200707,5.1
29,200708,5.2
29,200709,5.3
29,200710,5.4
29,200711,5.4
29,200712,5.4
29,200801,5.4
29,200802,5.4
29,200803,5.4
29,200804,5.6
29,200805,5.7
29,200806,5.9
29,200807,6.1
29,200808,6.3
29,200809,6.5
29,200810,6.8
29,200811,7.2
29,200812,7.6
29,200901,8.0
29,200902,8.4
29,200903,8.7
29,200904,9.0
29,200905,9.1
29,200906,9.3
29,200907,9.3
29,200908,9.4
29,200909,9.4
29,200910,9.4
29,200911,9.5
29,200912,9.6
29,201001,9.6
29,201002,9.6
29,201003,9.6
29,201004,9.5
29,201005,9.4
29,201006,9.3
29,201007,9.3
29,201008,9.3
29,201009,9.3
29,201010,9.4
29,201011,9.4
29,201012,9.3
29,201101,9.2
29,201102,9.1
29,201103,8.9
29,201104,8.8
29,201105,8.8
29,201106,8.7
29,201107,8.6
29,201108,8.5
29,201109,8.4
29,201110,8.2
29,201111,8.0
29,201112,7.7
29,201201,7.5
29,201202,7.4
29,201203,7.3
29,201204,7.2
29,201205,7.2
29,201206,7.1
29,201207,7.1
29,201208,7.0
29,201209,7.0
29,201210,7.0
29,201211,7.0
29,201212,6.9
29,201301,6.9
29,201302,6.9
29,201303,6.9
29,201304,6.8
29,201305,6.8
29,201306,6.8
29,201307,6.8
29,201308,6.7
29,201309,6.7
29,201310,6.6
29,201311,6.6
29,201312,6.6
29,201401,6.6
29,201402,6.6
29,201403,6.6
29,201404,6.5
29,201405,6.3
29,201406,6.2
29,201407,6.1
29,201408,6.0
29,201409,5.9
29,201410,5.8
29,201411,5.7
29,201412,5.7
29,201501,5.6
29,201502,5.6
29,201503,5.5
29,201504,5.5
29,201505,5.3
29,201506,5.2
29,201507,5.0
29,201508,4.9
29,201509,4.8
29,201510,4.7
29,201511,4.6
29,201512,4.5
29,201601,4.5
29,201602,4.5
29,201603,4.5
29,201604,4.5
29,201605,4.6
29,201606,4.7
29,201607,4.7
29,201608,4.7
29,201609,4.7
29,201610,4.6
29,201611,4.5
29,201612,4.4
29,201701,4.2
29,201702,4.1
29,201703,4.0
29,201704,3.9
29,201705,3.8
29,201706,3.7
29,201707,3.7
29,201708,3.7
29,201709,3.6
29,201710,3.6
29,201711,3.6
29,201712,3.6
29,201801,3.5
29,201802,3.5
29,201803,3.4
29,201804,3.3
29,201805,3.2
29,201806,3.1
29,201807,3.1
29,201808,3.1
29,201809,3.1
29,201810,3.1
29,201811,3.2
29,201812,3.2
29,201901,3.3
29,201902,3.3
29,201903,3.2
29,201904,3.1
29,201905,3.1
29,201906,3.1
29,201907,3.1
29,201908,3.2
29,201909,3.3
29,201910,3.3
29,201911,3.4
29,201912,3.4
29,202001,3.4
29,202002,3.4
29,202003,3.6
29,202004,11.6
29,202005,9.6
29,202006,8.0
29,202007,7.2
29,202008,6.4
29,202009,5.9
29,202010,5.4
29,202011,5.1
29,202012,5.0
30,199601,5.8
30,199602,5.7
30,199603,5.7
30,199604,5.6
30,199605,5.6
30,199606,5.5
30,199607,5.5
30,199608,5.4
30,199609,5.4
30,199610,5.4
30,199611,5.4
30,199612,5.4
30,199701,5.5
30,199702,5.5
30,199703,5.5
30,199704,5.5
30,199705,5.5
30,199706,5.5
30,199707,5.5
30,199708,5.4
30,199709,5.4
30,199710,5.4
30,199711,5.5
30,199712,5.5
30,199801,5.6
30,199802,5.6
30,199803,5.6
30,199804,5.6
30,199805,5.6
30,199806,5.6
30,199807,5.6
30,199808,5.6
30,199809,5.6
30,199810,5.6
30,199811,5.6
30,199812,5.5
30,199901,5.5
30,199902,5.4
30,199903,5.4
30,199904,5.4
30,199905,5.4
30,199906,5.4
30,199907,5.3
30,199908,5.3
30,199909,5.2
30,199910,5.2
30,199911,5.1
30,199912,5.0
30,200001,5.0
30,200002,4.9
30,200003,4.9
30,200004,4.9
30,200005,4.9
30,200006,4.9
30,200007,4.9
30,200008,4.8
30,200009,4.8
30,200010,4.7
30,200011,4.7
30,200012,4.6
30,200101,4.6
30,200102,4.6
30,200103,4.6
30,200104,4.6
30,200105,4.6
30,200106,4.5
30,200107,4.6
30,200108,4.6
30,200109,4.6
30,200110,4.7
30,200111,4.7
30,200112,4.7
30,200201,4.8
30,200202,4.8
30,200203,4.7
30,200204,4.7
30,200205,4.6
30,200206,4.5
30,200207,4.5
30,200208,4.4
30,200209,4.4
30,200210,4.4
30,200211,4.5
30,200212,4.5
30,200301,4.6
30,200302,4.6
30,200303,4.6
30,200304,4.7
30,200305,4.7
30,200306,4.8
30,200307,4.8
30,200308,4.8
30,200309,4.8
30,200310,4.8
30,200311,4.8
30,200312,4.8
30,200401,4.7
30,200402,4.7
30,200403,4.7
30,200404,4.6
30,200405,4.6
30,200406,4.6
30,200407,4.5
30,200408,4.5
30,200409,4.4
30,200410,4.4
30,200411,4.4
30,200412,4.4
30,200501,4.3
30,200502,4.3
30,200503,4.3
30,200504,4.2
30,200505,4.2
30,200506,4.1
30,200507,4.1
30,200508,4.1
30,200509,4.0
30,200510,3.9
30,200511,3.8
30,200512,3.7
30,200601,3.6
30,200602,3.5
30,200603,3.5
30,200604,3.5
30,200605,3.5
30,200606,3.4
30,200607,3.4
30,200608,3.4
30,200609,3.3
30,200610,3.2
30,200611,3.1
30,200612,3.0
30,200701,2.9
30,200702,2.9
30,200703,2.9
30,200704,3.0
30,200705,3.2
30,200706,3.4
30,200707,3.5
30,200708,3.7
30,200709,3.8
30,200710,3.8
30,200711,3.8
30,200712,3.8
30,200801,3.8
30,200802,3.9
30,200803,4.0
30,200804,4.1
30,200805,4.3
30,200806,4.5
30,200807,4.7
30,200808,4.9
30,200809,5.1
30,200810,5.4
30,200811,5.8
30,200812,6.2
30,200901,6.5
30,200902,6.9
30,200903,7.1
30,200904,7.2
30,200905,7.2
30,200906,7.2
30,200907,7.1
30,200908,7.1
30,200909,7.1
30,200910,7.2
30,200911,7.3
30,200912,7.3
30,201001,7.4
30,201002,7.4
30,201003,7.4
30,201004,7.3
30,201005,7.2
30,201006,7.1
30,201007,7.0
30,201008,7.0
30,201009,7.0
30,201010,7.0
30,201011,7.0
30,201012,7.0
30,201101,7.0
30,201102,6.9
30,201103,6.8
30,201104,6.7
30,201105,6.7
30,201106,6.7
30,201107,6.7
30,201108,6.6
30,201109,6.6
30,201110,6.4
30,201111,6.3
30,201112,6.1
30,201201,6.0
30,201202,5.9
30,201203,5.9
30,201204,5.9
30,201205,5.9
30,201206,5.9
30,201207,5.8
30,201208,5.8
30,201209,5.7
30,201210,5.6
30,201211,5.5
30,201212,5.5
30,201301,5.5
30,201302,5.4
30,201303,5.4
30,201304,5.4
30,201305,5.4
30,201306,5.4
30,201307,5.3
30,201308,5.3
30,201309,5.2
30,201310,5.2
30,201311,5.1
30,201312,5.0
30,201401,4.9
30,201402,4.9
30,201403,4.8
30,201404,4.7
30,201405,4.7
30,201406,4.6
30,201407,4.6
30,201408,4.6
30,201409,4.6
30,201410,4.5
30,201411,4.4
30,201412,4.4
30,201501,4.3
30,201502,4.3
30,201503,4.2
30,201504,4.2
30,201505,4.2
30,201506,4.2
30,201507,4.2
30,201508,4.2
30,201509,4.2
30,201510,4.3
30,201511,4.3
30,201512,4.3
30,201601,4.3
30,201602,4.3
30,201603,4.3
30,201604,4.3
30,201605,4.3
30,201606,4.3
30,201607,4.3
30,201608,4.3
30,201609,4.2
30,201610,4.2
30,201611,4.2
30,201612,4.2
30,201701,4.2
30,201702,4.1
30,201703,4.1
30,201704,4.1
30,201705,4.1
30,201706,4.1
30,201707,4.1
30,201708,4.1
30,201709,4.1
30,201710,4.1
30,201711,4.1
30,201712,4.0
30,201801,3.9
30,201802,3.9
30,201803,3.8
30,201804,3.8
30,201805,3.7
30,201806,3.7
30,201807,3.7
30,201808,3.6
30,201809,3.6
30,201810,3.7
30,201811,3.7
30,201812,3.6
30,201901,3.6
30,201902,3.6
30,201903,3.5
30,201904,3.5
30,201905,3.4
30,201906,3.4
30,201907,3.5
30,201908,3.5
30,201909,3.5
30,201910,3.5
30,201911,3.5
30,201912,3.5
30,202001,3.5
30,202002,3.5
30,202003,3.5
30,202004,11.9
30,202005,9.2
30,202006,7.7
30,202007,6.7
30,202008,5.6
30,202009,5.2
30,202010,4.6
30,202011,4.3
30,202012,4.2
31,199601,2.7
31,199602,2.8
31,199603,2.8
31,199604,2.8
31,199605,2.8
31,199606,2.7
31,199607,2.7
31,199608,2.7
31,199609,2.6
31,199610,2.6
31,199611,2.6
31,199612,2.6
31,199701,2.6
31,199702,2.5
31,199703,2.5
31,199704,2.4
31,199705,2.4
31,199706,2.4
31,199707,2.4
31,199708,2.4
31,199709,2.4
31,199710,2.3
31,199711,2.3
31,199712,2.3
31,199801,2.3
31,199802,2.3
31,199803,2.4
31,199804,2.4
31,199805,2.4
31,199806,2.5
31,199807,2.5
31,199808,2.6
31,199809,2.7
31,199810,2.7
31,199811,2.7
31,199812,2.7
31,199901,2.7
31,199902,2.7
31,199903,2.7
31,199904,2.7
31,199905,2.8
31,199906,2.8
31,199907,2.8
31,199908,2.8
31,199909,2.8
31,199910,2.8
31,199911,2.8
31,199912,2.8
31,200001,2.8
31,200002,2.8
31,200003,2.8
31,200004,2.8
31,200005,2.8
31,200006,2.8
31,200007,2.8
31,200008,2.8
31,200009,2.9
31,200010,2.9
31,200011,2.9
31,200012,2.9
31,200101,2.9
31,200102,2.9
31,200103,3.0
31,200104,3.0
31,200105,3.0
31,200106,3.0
31,200107,3.1
31,200108,3.2
31,200109,3.3
31,200110,3.4
31,200111,3.5
31,200112,3.6
31,200201,3.7
31,200202,3.7
31,200203,3.7
31,200204,3.7
31,200205,3.7
31,200206,3.7
31,200207,3.6
31,200208,3.6
31,200209,3.6
31,200210,3.6
31,200211,3.6
31,200212,3.7
31,200301,3.7
31,200302,3.8
31,200303,3.9
31,200304,3.9
31,200305,4.0
31,200306,4.0
31,200307,4.1
31,200308,4.0
31,200309,4.0
31,200310,3.9
31,200311,3.9
31,200312,3.8
31,200401,3.8
31,200402,3.8
31,200403,3.8
31,200404,3.8
31,200405,3.8
31,200406,3.8
31,200407,3.8
31,200408,3.9
31,200409,3.9
31,200410,3.9
31,200411,3.9
31,200412,4.0
31,200501,4.0
31,200502,4.0
31,200503,4.0
31,200504,3.9
31,200505,3.9
31,200506,3.8
31,200507,3.7
31,200508,3.7
31,200509,3.7
31,200510,3.6
31,200511,3.5
31,200512,3.5
31,200601,3.3
31,200602,3.2
31,200603,3.1
31,200604,3.0
31,200605,3.0
31,200606,3.0
31,200607,3.0
31,200608,3.0
31,200609,3.0
31,200610,3.0
31,200611,3.0
31,200612,2.9
31,200701,2.9
31,200702,2.9
31,200703,2.9
31,200704,2.9
31,200705,2.9
31,200706,3.0
31,200707,3.0
31,200708,3.0
31,200709,3.0
31,200710,3.0
31,200711,3.0
31,200712,3.0
31,200801,2.9
31,200802,2.9
31,200803,3.0
31,200804,3.0
31,200805,3.1
31,200806,3.2
31,200807,3.2
31,200808,3.3
31,200809,3.4
31,200810,3.5
31,200811,3.7
31,200812,3.9
31,200901,4.1
31,200902,4.3
31,200903,4.5
31,200904,4.6
31,200905,4.7
31,200906,4.7
31,200907,4.7
31,200908,4.8
31,200909,4.8
31,200910,4.8
31,200911,4.8
31,200912,4.8
31,201001,4.9
31,201002,4.9
31,201003,4.8
31,201004,4.8
31,201005,4.7
31,201006,4.6
31,201007,4.5
31,201008,4.5
31,201009,4.5
31,201010,4.5
31,201011,4.5
31,201012,4.5
31,201101,4.5
31,201102,4.5
31,201103,4.5
31,201104,4.4
31,201105,4.4
31,201106,4.4
31,201107,4.4
31,201108,4.4
31,201109,4.3
31,201110,4.3
31,201111,4.2
31,201112,4.1
31,201201,4.1
31,201202,4.0
31,201203,3.9
31,201204,3.9
31,201205,3.9
31,201206,3.9
31,201207,3.9
31,201208,3.8
31,201209,3.9
31,201210,3.9
31,201211,3.9
31,201212,3.9
31,201301,3.9
31,201302,3.9
31,201303,3.8
31,201304,3.8
31,201305,3.8
31,201306,3.8
31,201307,3.7
31,201308,3.7
31,201309,3.6
31,201310,3.6
31,201311,3.5
31,201312,3.5
31,201401,3.5
31,201402,3.5
31,201403,3.5
31,201404,3.4
31,201405,3.3
31,201406,3.3
31,201407,3.2
31,201408,3.1
31,201409,3.1
31,201410,3.0
31,201411,3.0
31,201412,2.9
31,201501,2.9
31,201502,2.9
31,201503,2.9
31,201504,3.0
31,201505,3.0
31,201506,3.0
31,201507,3.0
31,201508,3.0
31,201509,3.0
31,201510,3.0
31,201511,3.0
31,201512,3.0
31,201601,3.0
31,201602,3.0
31,201603,3.0
31,201604,3.0
31,201605,3.1
31,201606,3.1
31,201607,3.2
31,201608,3.2
31,201609,3.2
31,201610,3.2
31,201611,3.2
31,201612,3.1
31,201701,3.1
31,201702,3.0
31,201703,2.9
31,201704,2.9
31,201705,2.9
31,201706,2.9
31,201707,2.9
31,201708,2.9
31,201709,3.0
31,201710,3.0
31,201711,3.0
31,201712,3.0
31,201801,2.9
31,201802,2.9
31,201803,2.9
31,201804,2.8
31,201805,2.8
31,201806,2.8
31,201807,2.9
31,201808,2.9
31,201809,2.9
31,201810,3.0
31,201811,3.0
31,201812,3.1
31,201901,3.1
31,201902,3.1
31,201903,3.1
31,201904,3.1
31,201905,3.1
31,201906,3.1
31,201907,3.1
31,201908,3.2
31,201909,3.2
31,201910,3.1
31,201911,3.1
31,201912,3.1
31,202001,3.0
31,202002,3.0
31,202003,4.4
31,202004,8.2
31,202005,6.4
31,202006,5.3
31,202007,4.6
31,202008,3.8
31,202009,3.4
31,202010,3.1
31,202011,3.0
31,202012,3.0
32,199601,5.3
32,199602,5.3
32,199603,5.2
32,199604,5.2
32,199605,5.1
32,199606,5.1
32,199607,5.1
32,199608,5.0
32,199609,5.0
32,199610,5.0
32,199611,4.9
32,199612,4.8
32,199701,4.8
32,199702,4.7
32,199703,4.6
32,199704,4.5
32,199705,4.4
32,199706,4.4
32,199707,4.3
32,199708,4.3
32,199709,4.3
32,199710,4.3
32,199711,4.3
32,199712,4.3
32,199801,4.3
32,199802,4.3
32,199803,4.3
32,199804,4.3
32,199805,4.3
32,199806,4.2
32,199807,4.2
32,199808,4.1
32,199809,4.1
32,199810,4.0
32,199811,4.0
32,199812,3.9
32,199901,3.9
32,199902,4.0
32,199903,4.0
32,199904,4.1
32,199905,4.1
32,199906,4.1
32,199907,4.1
32,199908,4.1
32,199909,4.1
32,199910,4.1
32,199911,4.0
32,199912,4.0
32,200001,3.9
32,200002,3.9
32,200003,3.9
32,200004,4.0
32,200005,4.0
32,200006,4.1
32,200007,4.2
32,200008,4.2
32,200009,4.3
32,200010,4.3
32,200011,4.4
32,200012,4.5
32,200101,4.6
32,200102,4.7
32,200103,4.8
32,200104,4.8
32,200105,4.9
32,200106,5.0
32,200107,5.1
32,200108,5.2
32,200109,5.4
32,200110,5.5
32,200111,5.6
32,200112,5.7
32,200201,5.7
32,200202,5.8
32,200203,5.8
32,200204,5.7
32,200205,5.7
32,200206,5.7
32,200207,5.6
32,200208,5.5
32,200209,5.5
32,200210,5.5
32,200211,5.5
32,200212,5.5
32,200301,5.4
32,200302,5.4
32,200303,5.4
32,200304,5.3
32,200305,5.3
32,200306,5.3
32,200307,5.3
32,200308,5.2
32,200309,5.1
32,200310,5.0
32,200311,4.9
32,200312,4.8
32,200401,4.7
32,200402,4.7
32,200403,4.6
32,200404,4.6
32,200405,4.5
32,200406,4.4
32,200407,4.4
32,200408,4.3
32,200409,4.3
32,200410,4.3
32,200411,4.3
32,200412,4.3
32,200501,4.3
32,200502,4.3
32,200503,4.3
32,200504,4.3
32,200505,4.2
32,200506,4.2
32,200507,4.2
32,200508,4.2
32,200509,4.2
32,200510,4.1
32,200511,4.1
32,200512,4.1
32,200601,4.1
32,200602,4.1
32,200603,4.1
32,200604,4.1
32,200605,4.2
32,200606,4.2
32,200607,4.2
32,200608,4.2
32,200609,4.2
32,200610,4.2
32,200611,4.2
32,200612,4.2
32,200701,4.3
32,200702,4.3
32,200703,4.4
32,200704,4.5
32,200705,4.6
32,200706,4.7
32,200707,4.8
32,200708,4.9
32,200709,5.0
32,200710,5.1
32,200711,5.2
32,200712,5.4
32,200801,5.5
32,200802,5.6
32,200803,5.8
32,200804,6.1
32,200805,6.3
32,200806,6.6
32,200807,6.9
32,200808,7.2
32,200809,7.6
32,200810,8.0
32,200811,8.4
32,200812,8.8
32,200901,9.2
32,200902,9.6
32,200903,10.0
32,200904,10.3
32,200905,10.7
32,200906,11.0
32,200907,11.3
32,200908,11.6
32,200909,11.9
32,200910,12.2
32,200911,12.4
32,200912,12.7
32,201001,12.9
32,201002,13.0
32,201003,13.2
32,201004,13.2
32,201005,13.3
32,201006,13.2
32,201007,13.3
32,201008,13.3
32,201009,13.4
32,201010,13.4
32,201011,13.4
32,201012,13.4
32,201101,13.3
32,201102,13.2
32,201103,13.2
32,201104,13.1
32,201105,13.1
32,201106,13.1
32,201107,13.1
32,201108,13.0
32,201109,12.9
32,201110,12.8
32,201111,12.6
32,201112,12.4
32,201201,12.2
32,201202,12.1
32,201203,12.0
32,201204,11.9
32,201205,11.8
32,201206,11.7
32,201207,11.5
32,201208,11.3
32,201209,11.2
32,201210,11.0
32,201211,10.9
32,201212,10.8
32,201301,10.7
32,201302,10.6
32,201303,10.5
32,201304,10.3
32,201305,10.2
32,201306,10.0
32,201307,9.9
32,201308,9.8
32,201309,9.6
32,201310,9.5
32,201311,9.3
32,201312,9.2
32,201401,9.0
32,201402,8.8
32,201403,8.6
32,201404,8.5
32,201405,8.4
32,201406,8.2
32,201407,8.1
32,201408,8.0
32,201409,7.9
32,201410,7.8
32,201411,7.6
32,201412,7.5
32,201501,7.4
32,201502,7.3
32,201503,7.3
32,201504,7.1
32,201505,7.0
32,201506,6.9
32,201507,6.8
32,201508,6.7
32,201509,6.6
32,201510,6.5
32,201511,6.4
32,201512,6.4
32,201601,6.3
32,201602,6.2
32,201603,6.1
32,201604,6.0
32,201605,5.9
32,201606,5.9
32,201607,5.8
32,201608,5.7
32,201609,5.6
32,201610,5.6
32,201611,5.5
32,201612,5.4
32,201701,5.3
32,201702,5.3
32,201703,5.2
32,201704,5.1
32,201705,5.0
32,201706,5.0
32,201707,4.9
32,201708,4.9
32,201709,4.9
32,201710,4.9
32,201711,4.8
32,201712,4.8
32,201801,4.7
32,201802,4.7
32,201803,4.6
32,201804,4.5
32,201805,4.4
32,201806,4.3
32,201807,4.3
32,201808,4.2
32,201809,4.3
32,201810,4.3
32,201811,4.3
32,201812,4.3
32,201901,4.3
32,201902,4.3
32,201903,4.2
32,201904,4.1
32,201905,4.1
32,201906,4.0
32,201907,4.0
32,201908,4.0
32,201909,4.0
32,201910,4.1
32,201911,4.1
32,201912,4.1
32,202001,4.2
32,202002,4.4
32,202003,7.2
32,202004,30.5
32,202005,24.7
32,202006,18.9
32,202007,16.7
32,202008,13.9
32,202009,12.7
32,202010,11.1
32,202011,10.2
32,202012,9.6
33,199601,3.6
33,199602,3.7
33,199603,3.7
33,199604,3.8
33,199605,3.8
33,199606,3.8
33,199607,3.8
33,199608,3.8
33,199609,3.8
33,199610,3.7
33,199611,3.7
33,199612,3.7
33,199701,3.6
33,199702,3.6
33,199703,3.5
33,199704,3.5
33,199705,3.5
33,199706,3.4
33,199707,3.4
33,199708,3.3
33,199709,3.2
33,199710,3.2
33,199711,3.1
33,199712,3.0
33,199801,3.0
33,199802,2.9
33,199803,2.9
33,199804,2.8
33,199805,2.8
33,199806,2.7
33,199807,2.7
33,199808,2.8
33,199809,2.8
33,199810,2.8
33,199811,2.9
33,199812,2.9
33,199901,2.8
33,199902,2.8
33,199903,2.8
33,199904,2.7
33,199905,2.7
33,199906,2.6
33,199907,2.6
33,199908,2.7
33,199909,2.7
33,199910,2.7
33,199911,2.8
33,199912,2.8
33,200001,2.8
33,200002,2.8
33,200003,2.8
33,200004,2.8
33,200005,2.7
33,200006,2.7
33,200007,2.7
33,200008,2.6
33,200009,2.5
33,200010,2.5
33,200011,2.5
33,200012,2.6
33,200101,2.8
33,200102,2.9
33,200103,3.0
33,200104,3.2
33,200105,3.2
33,200106,3.3
33,200107,3.5
33,200108,3.6
33,200109,3.7
33,200110,3.8
33,200111,3.9
33,200112,4.0
33,200201,4.1
33,200202,4.2
33,200203,4.3
33,200204,4.4
33,200205,4.5
33,200206,4.5
33,200207,4.6
33,200208,4.6
33,200209,4.6
33,200210,4.6
33,200211,4.6
33,200212,4.6
33,200301,4.5
33,200302,4.4
33,200303,4.4
33,200304,4.4
33,200305,4.4
33,200306,4.5
33,200307,4.5
33,200308,4.5
33,200309,4.5
33,200310,4.4
33,200311,4.4
33,200312,4.3
33,200401,4.2
33,200402,4.1
33,200403,4.1
33,200404,4.0
33,200405,3.9
33,200406,3.9
33,200407,3.8
33,200408,3.7
33,200409,3.6
33,200410,3.5
33,200411,3.5
33,200412,3.6
33,200501,3.6
33,200502,3.6
33,200503,3.7
33,200504,3.6
33,200505,3.6
33,200506,3.6
33,200507,3.6
33,200508,3.7
33,200509,3.7
33,200510,3.7
33,200511,3.6
33,200512,3.6
33,200601,3.5
33,200602,3.4
33,200603,3.4
33,200604,3.4
33,200605,3.4
33,200606,3.5
33,200607,3.5
33,200608,3.5
33,200609,3.6
33,200610,3.6
33,200611,3.7
33,200612,3.7
33,200701,3.7
33,200702,3.7
33,200703,3.7
33,200704,3.7
33,200705,3.6
33,200706,3.5
33,200707,3.5
33,200708,3.4
33,200709,3.4
33,200710,3.4
33,200711,3.4
33,200712,3.4
33,200801,3.4
33,200802,3.4
33,200803,3.4
33,200804,3.5
33,200805,3.5
33,200806,3.6
33,200807,3.7
33,200808,3.8
33,200809,3.9
33,200810,4.1
33,200811,4.3
33,200812,4.6
33,200901,4.9
33,200902,5.2
33,200903,5.5
33,200904,5.8
33,200905,6.0
33,200906,6.2
33,200907,6.3
33,200908,6.4
33,200909,6.5
33,200910,6.6
33,200911,6.6
33,200912,6.6
33,201001,6.6
33,201002,6.5
33,201003,6.4
33,201004,6.3
33,201005,6.1
33,201006,6.0
33,201007,5.9
33,201008,5.8
33,201009,5.8
33,201010,5.8
33,201011,5.8
33,201012,5.7
33,201101,5.6
33,201102,5.5
33,201103,5.5
33,201104,5.5
33,201105,5.5
33,201106,5.6
33,201107,5.6
33,201108,5.6
33,201109,5.5
33,201110,5.4
33,201111,5.3
33,201112,5.3
33,201201,5.2
33,201202,5.2
33,201203,5.3
33,201204,5.4
33,201205,5.5
33,201206,5.5
33,201207,5.6
33,201208,5.6
33,201209,5.6
33,201210,5.6
33,201211,5.6
33,201212,5.6
33,201301,5.6
33,201302,5.5
33,201303,5.5
33,201304,5.4
33,201305,5.3
33,201306,5.2
33,201307,5.2
33,201308,5.2
33,201309,5.1
33,201310,5.1
33,201311,5.0
33,201312,4.9
33,201401,4.8
33,201402,4.6
33,201403,4.6
33,201404,4.5
33,201405,4.4
33,201406,4.3
33,201407,4.3
33,201408,4.2
33,201409,4.1
33,201410,4.1
33,201411,4.0
33,201412,3.9
33,201501,3.8
33,201502,3.8
33,201503,3.7
33,201504,3.6
33,201505,3.5
33,201506,3.4
33,201507,3.3
33,201508,3.3
33,201509,3.2
33,201510,3.1
33,201511,3.0
33,201512,3.0
33,201601,2.9
33,201602,2.9
33,201603,2.8
33,201604,2.9
33,201605,2.9
33,201606,2.9
33,201607,2.9
33,201608,2.9
33,201609,2.9
33,201610,2.9
33,201611,2.9
33,201612,2.9
33,201701,2.9
33,201702,2.9
33,201703,2.9
33,201704,2.8
33,201705,2.8
33,201706,2.7
33,201707,2.7
33,201708,2.8
33,201709,2.8
33,201710,2.8
33,201711,2.8
33,201712,2.8
33,201801,2.8
33,201802,2.7
33,201803,2.7
33,201804,2.7
33,201805,2.7
33,201806,2.6
33,201807,2.6
33,201808,2.6
33,201809,2.5
33,201810,2.5
33,201811,2.6
33,201812,2.6
33,201901,2.6
33,201902,2.6
33,201903,2.6
33,201904,2.6
33,201905,2.5
33,201906,2.5
33,201907,2.5
33,201908,2.5
33,201909,2.6
33,201910,2.6
33,201911,2.5
33,201912,2.5
33,202001,2.5
33,202002,2.6
33,202003,2.6
33,202004,16.0
33,202005,11.8
33,202006,9.6
33,202007,8.3
33,202008,6.7
33,202009,6.1
33,202010,5.3
33,202011,4.9
33,202012,4.6
34,199601,6.4
34,199602,6.4
34,199603,6.4
34,199604,6.3
34,199605,6.2
34,199606,6.1
34,199607,6.0
34,199608,5.9
34,199609,5.9
34,199610,5.9
34,199611,5.9
34,199612,5.9
34,199701,5.8
34,199702,5.7
34,199703,5.6
34,199704,5.4
34,199705,5.4
34,199706,5.3
34,199707,5.3
34,199708,5.2
34,199709,5.1
34,199710,5.1
34,199711,5.0
34,199712,5.0
34,199801,5.0
34,199802,4.9
34,199803,4.9
34,199804,4.8
34,199805,4.6
34,199806,4.5
34,199807,4.4
34,199808,4.4
34,199809,4.4
34,199810,4.3
34,199811,4.3
34,199812,4.3
34,199901,4.3
34,199902,4.4
34,199903,4.5
34,199904,4.6
34,199905,4.7
34,199906,4.7
34,199907,4.7
34,199908,4.6
34,199909,4.4
34,199910,4.3
34,199911,4.1
34,199912,4.0
34,200001,3.8
34,200002,3.7
34,200003,3.6
34,200004,3.6
34,200005,3.5
34,200006,3.5
34,200007,3.6
34,200008,3.6
34,200009,3.7
34,200010,3.7
34,200011,3.8
34,200012,3.7
34,200101,3.7
34,200102,3.7
34,200103,3.7
34,200104,3.8
34,200105,3.9
34,200106,4.0
34,200107,4.1
34,200108,4.3
34,200109,4.5
34,200110,4.8
34,200111,5.0
34,200112,5.2
34,200201,5.4
34,200202,5.6
34,200203,5.7
34,200204,5.8
34,200205,5.8
34,200206,5.8
34,200207,5.8
34,200208,5.8
34,200209,5.8
34,200210,5.9
34,200211,5.9
34,200212,6.0
34,200301,6.0
34,200302,5.9
34,200303,5.9
34,200304,5.9
34,200305,6.0
34,200306,6.0
34,200307,6.0
34,200308,5.9
34,200309,5.8
34,200310,5.7
34,200311,5.6
34,200312,5.5
34,200401,5.4
34,200402,5.3
34,200403,5.2
34,200404,5.1
34,200405,5.1
34,200406,5.0
34,200407,4.9
34,200408,4.8
34,200409,4.7
34,200410,4.6
34,200411,4.5
34,200412,4.4
34,200501,4.4
34,200502,4.4
34,200503,4.3
34,200504,4.3
34,200505,4.3
34,200506,4.3
34,200507,4.3
34,200508,4.4
34,200509,4.5
34,200510,4.6
34,200511,4.7
34,200512,4.8
34,200601,4.8
34,200602,4.9
34,200603,4.9
34,200604,4.9
34,200605,4.9
34,200606,4.9
34,200607,4.8
34,200608,4.7
34,200609,4.6
34,200610,4.4
34,200611,4.3
34,200612,4.2
34,200701,4.1
34,200702,4.1
34,200703,4.1
34,200704,4.1
34,200705,4.1
34,200706,4.1
34,200707,4.2
34,200708,4.2
34,200709,4.3
34,200710,4.3
34,200711,4.4
34,200712,4.5
34,200801,4.6
34,200802,4.6
34,200803,4.7
34,200804,4.9
34,200805,5.0
34,200806,5.2
34,200807,5.4
34,200808,5.6
34,200809,5.8
34,200810,6.1
34,200811,6.4
34,200812,6.8
34,200901,7.2
34,200902,7.6
34,200903,7.9
34,200904,8.2
34,200905,8.5
34,200906,8.8
34,200907,9.1
34,200908,9.4
34,200909,9.6
34,200910,9.8
34,200911,9.9
34,200912,10.0
34,201001,10.0
34,201002,10.0
34,201003,9.9
34,201004,9.8
34,201005,9.7
34,201006,9.6
34,201007,9.5
34,201008,9.5
34,201009,9.5
34,201010,9.5
34,201011,9.5
34,201012,9.5
34,201101,9.5
34,201102,9.5
34,201103,9.5
34,201104,9.4
34,201105,9.4
34,201106,9.4
34,201107,9.4
34,201108,9.4
34,201109,9.4
34,201110,9.3
34,201111,9.3
34,201112,9.3
34,201201,9.3
34,201202,9.3
34,201203,9.4
34,201204,9.5
34,201205,9.6
34,201206,9.6
34,201207,9.6
34,201208,9.5
34,201209,9.5
34,201210,9.4
34,201211,9.4
34,201212,9.3
34,201301,9.2
34,201302,9.1
34,201303,9.0
34,201304,8.9
34,201305,8.7
34,201306,8.6
34,201307,8.4
34,201308,8.3
34,201309,8.0
34,201310,7.8
34,201311,7.6
34,201312,7.4
34,201401,7.2
34,201402,7.0
34,201403,6.9
34,201404,6.8
34,201405,6.7
34,201406,6.6
34,201407,6.6
34,201408,6.5
34,201409,6.5
34,201410,6.5
34,201411,6.5
34,201412,6.4
34,201501,6.3
34,201502,6.3
34,201503,6.2
34,201504,6.1
34,201505,6.0
34,201506,5.8
34,201507,5.7
34,201508,5.5
34,201509,5.3
34,201510,5.1
34,201511,5.0
34,201512,5.0
34,201601,4.9
34,201602,5.0
34,201603,5.0
34,201604,5.0
34,201605,5.0
34,201606,5.0
34,201607,5.0
34,201608,5.0
34,201609,4.9
34,201610,4.9
34,201611,4.8
34,201612,4.7
34,201701,4.6
34,201702,4.5
34,201703,4.4
34,201704,4.4
34,201705,4.4
34,201706,4.5
34,201707,4.5
34,201708,4.6
34,201709,4.6
34,201710,4.6
34,201711,4.6
34,201712,4.5
34,201801,4.4
34,201802,4.4
34,201803,4.3
34,201804,4.2
34,201805,4.1
34,201806,4.1
34,201807,4.0
34,201808,3.9
34,201809,3.8
34,201810,3.7
34,201811,3.7
34,201812,3.6
34,201901,3.5
34,201902,3.4
34,201903,3.3
34,201904,3.2
34,201905,3.2
34,201906,3.2
34,201907,3.3
34,201908,3.4
34,201909,3.6
34,201910,3.7
34,201911,3.8
34,201912,3.9
34,202001,4.0
34,202002,4.1
34,202003,4.1
34,202004,15.0
34,202005,15.4
34,202006,14.5
34,202007,14.4
34,202008,13.3
34,202009,7.4
34,202010,7.1
34,202011,7.2
34,202012,7.3
35,199601,7.4
35,199602,7.6
35,199603,7.6
35,199604,7.7
35,199605,7.7
35,199606,7.7
35,199607,7.6
35,199608,7.6
35,199609,7.5
35,199610,7.4
35,199611,7.3
35,199612,7.2
35,199701,7.1
35,199702,7.0
35,199703,6.9
35,199704,6.7
35,199705,6.6
35,199706,6.4
35,199707,6.2
35,199708,6.1
35,199709,6.0
35,199710,6.0
35,199711,6.0
35,199712,6.1
35,199801,6.2
35,199802,6.3
35,199803,6.3
35,199804,6.3
35,199805,6.3
35,199806,6.3
35,199807,6.3
35,199808,6.3
35,199809,6.3
35,199810,6.2
35,199811,6.1
35,199812,5.9
35,199901,5.8
35,199902,5.8
35,199903,5.7
35,199904,5.7
35,199905,5.6
35,199906,5.6
35,199907,5.6
35,199908,5.6
35,199909,5.6
35,199910,5.5
35,199911,5.3
35,199912,5.2
35,200001,5.1
35,200002,5.1
35,200003,5.0
35,200004,5.0
35,200005,5.0
35,200006,5.0
35,200007,5.0
35,200008,5.0
35,200009,5.0
35,200010,5.0
35,200011,5.0
35,200012,5.0
35,200101,5.0
35,200102,5.0
35,200103,4.9
35,200104,4.9
35,200105,4.8
35,200106,4.8
35,200107,4.8
35,200108,4.8
35,200109,5.0
35,200110,5.1
35,200111,5.2
35,200112,5.3
35,200201,5.3
35,200202,5.4
35,200203,5.4
35,200204,5.5
35,200205,5.5
35,200206,5.5
35,200207,5.5
35,200208,5.5
35,200209,5.5
35,200210,5.5
35,200211,5.5
35,200212,5.6
35,200301,5.6
35,200302,5.7
35,200303,5.8
35,200304,5.8
35,200305,5.9
35,200306,6.0
35,200307,6.1
35,200308,6.1
35,200309,6.1
35,200310,6.1
35,200311,6.0
35,200312,5.9
35,200401,5.8
35,200402,5.8
35,200403,5.7
35,200404,5.7
35,200405,5.6
35,200406,5.5
35,200407,5.5
35,200408,5.4
35,200409,5.4
35,200410,5.5
35,200411,5.5
35,200412,5.6
35,200501,5.6
35,200502,5.6
35,200503,5.6
35,200504,5.5
35,200505,5.4
35,200506,5.3
35,200507,5.2
35,200508,5.1
35,200509,5.0
35,200510,4.9
35,200511,4.8
35,200512,4.7
35,200601,4.6
35,200602,4.5
35,200603,4.4
35,200604,4.4
35,200605,4.3
35,200606,4.3
35,200607,4.3
35,200608,4.2
35,200609,4.1
35,200610,4.0
35,200611,3.9
35,200612,3.8
35,200701,3.7
35,200702,3.6
35,200703,3.6
35,200704,3.6
35,200705,3.5
35,200706,3.5
35,200707,3.5
35,200708,3.5
35,200709,3.5
35,200710,3.5
35,200711,3.5
35,200712,3.5
35,200801,3.6
35,200802,3.7
35,200803,3.8
35,200804,3.9
35,200805,4.1
35,200806,4.2
35,200807,4.4
35,200808,4.5
35,200809,4.7
35,200810,4.9
35,200811,5.2
35,200812,5.5
35,200901,5.8
35,200902,6.1
35,200903,6.4
35,200904,6.6
35,200905,6.9
35,200906,7.1
35,200907,7.3
35,200908,7.4
35,200909,7.6
35,200910,7.7
35,200911,7.8
35,200912,7.9
35,201001,8.0
35,201002,8.0
35,201003,8.0
35,201004,8.0
35,201005,7.9
35,201006,7.8
35,201007,7.8
35,201008,7.8
35,201009,7.7
35,201010,7.7
35,201011,7.6
35,201012,7.5
35,201101,7.4
35,201102,7.3
35,201103,7.2
35,201104,7.2
35,201105,7.2
35,201106,7.2
35,201107,7.2
35,201108,7.2
35,201109,7.2
35,201110,7.2
35,201111,7.2
35,201112,7.1
35,201201,7.0
35,201202,7.0
35,201203,7.0
35,201204,7.0
35,201205,7.0
35,201206,7.0
35,201207,6.9
35,201208,6.9
35,201209,6.9
35,201210,6.9
35,201211,6.9
35,201212,6.9
35,201301,7.0
35,201302,7.0
35,201303,7.0
35,201304,7.0
35,201305,6.9
35,201306,6.9
35,201307,6.9
35,201308,6.9
35,201309,6.8
35,201310,6.8
35,201311,6.8
35,201312,6.8
35,201401,6.8
35,201402,6.7
35,201403,6.7
35,201404,6.6
35,201405,6.6
35,201406,6.6
35,201407,6.5
35,201408,6.5
35,201409,6.5
35,201410,6.4
35,201411,6.4
35,201412,6.4
35,201501,6.5
35,201502,6.5
35,201503,6.6
35,201504,6.7
35,201505,6.7
35,201506,6.7
35,201507,6.7
35,201508,6.7
35,201509,6.6
35,201510,6.6
35,201511,6.5
35,201512,6.5
35,201601,6.5
35,201602,6.5
35,201603,6.5
35,201604,6.6
35,201605,6.7
35,201606,6.8
35,201607,6.9
35,201608,7.0
35,201609,7.0
35,201610,7.0
35,201611,7.0
35,201612,6.9
35,201701,6.8
35,201702,6.7
35,201703,6.6
35,201704,6.5
35,201705,6.3
35,201706,6.2
35,201707,6.0
35,201708,5.9
35,201709,5.8
35,201710,5.7
35,201711,5.5
35,201712,5.4
35,201801,5.2
35,201802,5.1
35,201803,4.9
35,201804,4.8
35,201805,4.8
35,201806,4.7
35,201807,4.7
35,201808,4.8
35,201809,4.9
35,201810,5.0
35,201811,5.1
35,201812,5.2
35,201901,5.1
35,201902,5.1
35,201903,5.0
35,201904,5.0
35,201905,5.0
35,201906,4.9
35,201907,4.9
35,201908,4.9
35,201909,4.9
35,201910,4.9
35,201911,4.9
35,201912,5.0
35,202001,5.1
35,202002,5.3
35,202003,5.9
35,202004,9.0
35,202005,9.3
35,202006,9.0
35,202007,9.0
35,202008,8.6
35,202009,8.7
35,202010,8.4
35,202011,8.4
35,202012,8.4
36,199601,6.3
36,199602,6.3
36,199603,6.3
36,199604,6.3
36,199605,6.3
36,199606,6.2
36,199607,6.2
36,199608,6.1
36,199609,6.1
36,199610,6.1
36,199611,6.3
36,199612,6.4
36,199701,6.5
36,199702,6.5
36,199703,6.6
36,199704,6.6
36,199705,6.6
36,199706,6.5
36,199707,6.5
36,199708,6.4
36,199709,6.3
36,199710,6.2
36,199711,6.2
36,199712,6.1
36,199801,6.0
36,199802,5.9
36,199803,5.8
36,199804,5.7
36,199805,5.6
36,199806,5.5
36,199807,5.5
36,199808,5.5
36,199809,5.4
36,199810,5.4
36,199811,5.4
36,199812,5.3
36,199901,5.3
36,199902,5.3
36,199903,5.3
36,199904,5.3
36,199905,5.3
36,199906,5.3
36,199907,5.3
36,199908,5.2
36,199909,5.2
36,199910,5.0
36,199911,4.9
36,199912,4.8
36,200001,4.7
36,200002,4.6
36,200003,4.6
36,200004,4.6
36,200005,4.5
36,200006,4.5
36,200007,4.5
36,200008,4.5
36,200009,4.5
36,200010,4.4
36,200011,4.3
36,200012,4.3
36,200101,4.2
36,200102,4.2
36,200103,4.2
36,200104,4.3
36,200105,4.4
36,200106,4.6
36,200107,4.8
36,200108,5.0
36,200109,5.3
36,200110,5.6
36,200111,5.8
36,200112,6.0
36,200201,6.2
36,200202,6.3
36,200203,6.3
36,200204,6.3
36,200205,6.3
36,200206,6.2
36,200207,6.1
36,200208,6.1
36,200209,6.1
36,200210,6.1
36,200211,6.2
36,200212,6.2
36,200301,6.3
36,200302,6.3
36,200303,6.4
36,200304,6.4
36,200305,6.4
36,200306,6.5
36,200307,6.5
36,200308,6.5
36,200309,6.5
36,200310,6.4
36,200311,6.4
36,200312,6.4
36,200401,6.3
36,200402,6.3
36,200403,6.2
36,200404,6.2
36,200405,6.0
36,200406,5.9
36,200407,5.8
36,200408,5.6
36,200409,5.5
36,200410,5.4
36,200411,5.3
36,200412,5.2
36,200501,5.1
36,200502,5.1
36,200503,5.0
36,200504,4.9
36,200505,4.9
36,200506,4.9
36,200507,4.9
36,200508,5.0
36,200509,5.0
36,200510,4.9
36,200511,4.9
36,200512,4.8
36,200601,4.8
36,200602,4.7
36,200603,4.7
36,200604,4.6
36,200605,4.6
36,200606,4.6
36,200607,4.5
36,200608,4.4
36,200609,4.4
36,200610,4.3
36,200611,4.2
36,200612,4.2
36,200701,4.2
36,200702,4.2
36,200703,4.2
36,200704,4.2
36,200705,4.3
36,200706,4.4
36,200707,4.5
36,200708,4.5
36,200709,4.6
36,200710,4.6
36,200711,4.7
36,200712,4.7
36,200801,4.7
36,200802,4.7
36,200803,4.8
36,200804,4.9
36,200805,5.0
36,200806,5.1
36,200807,5.3
36,200808,5.5
36,200809,5.7
36,200810,6.0
36,200811,6.3
36,200812,6.7
36,200901,7.1
36,200902,7.5
36,200903,7.9
36,200904,8.2
36,200905,8.4
36,200906,8.5
36,200907,8.6
36,200908,8.7
36,200909,8.8
36,200910,8.9
36,200911,9.0
36,200912,9.0
36,201001,9.0
36,201002,9.0
36,201003,8.9
36,201004,8.9
36,201005,8.8
36,201006,8.7
36,201007,8.7
36,201008,8.6
36,201009,8.6
36,201010,8.6
36,201011,8.5
36,201012,8.5
36,201101,8.4
36,201102,8.3
36,201103,8.2
36,201104,8.2
36,201105,8.2
36,201106,8.3
36,201107,8.3
36,201108,8.4
36,201109,8.4
36,201110,8.5
36,201111,8.5
36,201112,8.6
36,201201,8.6
36,201202,8.7
36,201203,8.7
36,201204,8.8
36,201205,8.8
36,201206,8.8
36,201207,8.8
36,201208,8.7
36,201209,8.6
36,201210,8.5
36,201211,8.4
36,201212,8.4
36,201301,8.3
36,201302,8.2
36,201303,8.1
36,201304,8.0
36,201305,8.0
36,201306,7.9
36,201307,7.9
36,201308,7.8
36,201309,7.7
36,201310,7.5
36,201311,7.3
36,201312,7.1
36,201401,7.0
36,201402,6.8
36,201403,6.7
36,201404,6.6
36,201405,6.4
36,201406,6.3
36,201407,6.2
36,201408,6.1
36,201409,6.0
36,201410,5.9
36,201411,5.8
36,201412,5.7
36,201501,5.7
36,201502,5.6
36,201503,5.6
36,201504,5.5
36,201505,5.4
36,201506,5.3
36,201507,5.1
36,201508,5.0
36,201509,4.9
36,201510,4.9
36,201511,4.8
36,201512,4.8
36,201601,4.8
36,201602,4.8
36,201603,4.8
36,201604,4.8
36,201605,4.8
36,201606,4.9
36,201607,4.9
36,201608,5.0
36,201609,5.0
36,201610,5.0
36,201611,4.9
36,201612,4.8
36,201701,4.7
36,201702,4.6
36,201703,4.6
36,201704,4.6
36,201705,4.6
36,201706,4.6
36,201707,4.7
36,201708,4.7
36,201709,4.7
36,201710,4.7
36,201711,4.6
36,201712,4.6
36,201801,4.5
36,201802,4.4
36,201803,4.3
36,201804,4.2
36,201805,4.1
36,201806,4.0
36,201807,3.9
36,201808,3.9
36,201809,3.9
36,201810,4.0
36,201811,4.0
36,201812,4.0
36,201901,4.0
36,201902,3.9
36,201903,3.9
36,201904,3.8
36,201905,3.8
36,201906,3.8
36,201907,3.8
36,201908,3.9
36,201909,3.9
36,201910,3.9
36,201911,4.0
36,201912,4.0
36,202001,4.1
36,202002,4.2
36,202003,4.2
36,202004,15.7
36,202005,16.7
36,202006,13.6
36,202007,12.6
36,202008,10.8
36,202009,10.2
36,202010,9.2
36,202011,8.9
36,202012,8.7
37,199601,4.6
37,199602,4.6
37,199603,4.6
37,199604,4.5
37,199605,4.4
37,199606,4.4
37,199607,4.3
37,199608,4.2
37,199609,4.2
37,199610,4.1
37,199611,4.1
37,199612,4.1
37,199701,4.0
37,199702,4.0
37,199703,3.9
37,199704,3.9
37,199705,3.9
37,199706,3.8
37,199707,3.8
37,199708,3.8
37,199709,3.7
37,199710,3.7
37,199711,3.7
37,199712,3.7
37,199801,3.8
37,199802,3.7
37,199803,3.7
37,199804,3.7
37,199805,3.6
37,199806,3.5
37,199807,3.5
37,199808,3.5
37,199809,3.4
37,199810,3.4
37,199811,3.3
37,199812,3.2
37,199901,3.2
37,199902,3.2
37,199903,3.2
37,199904,3.2
37,199905,3.2
37,199906,3.3
37,199907,3.3
37,199908,3.4
37,199909,3.4
37,199910,3.4
37,199911,3.4
37,199912,3.4
37,200001,3.4
37,200002,3.4
37,200003,3.4
37,200004,3.5
37,200005,3.6
37,200006,3.7
37,200007,3.8
37,200008,3.9
37,200009,4.0
37,200010,4.0
37,200011,4.1
37,200012,4.2
37,200101,4.4
37,200102,4.6
37,200103,4.8
37,200104,4.9
37,200105,5.1
37,200106,5.3
37,200107,5.5
37,200108,5.7
37,200109,6.0
37,200110,6.2
37,200111,6.5
37,200112,6.7
37,200201,6.8
37,200202,6.8
37,200203,6.8
37,200204,6.7
37,200205,6.6
37,200206,6.5
37,200207,6.4
37,200208,6.3
37,200209,6.3
37,200210,6.3
37,200211,6.4
37,200212,6.4
37,200301,6.3
37,200302,6.3
37,200303,6.3
37,200304,6.4
37,200305,6.4
37,200306,6.5
37,200307,6.4
37,200308,6.4
37,200309,6.2
37,200310,6.1
37,200311,6.0
37,200312,5.8
37,200401,5.8
37,200402,5.7
37,200403,5.7
37,200404,5.6
37,200405,5.5
37,200406,5.4
37,200407,5.4
37,200408,5.3
37,200409,5.3
37,200410,5.3
37,200411,5.3
37,200412,5.3
37,200501,5.4
37,200502,5.4
37,200503,5.3
37,200504,5.3
37,200505,5.3
37,200506,5.3
37,200507,5.2
37,200508,5.2
37,200509,5.2
37,200510,5.1
37,200511,5.0
37,200512,4.9
37,200601,4.8
37,200602,4.7
37,200603,4.6
37,200604,4.6
37,200605,4.7
37,200606,4.7
37,200607,4.8
37,200608,4.8
37,200609,4.8
37,200610,4.8
37,200611,4.8
37,200612,4.7
37,200701,4.6
37,200702,4.6
37,200703,4.5
37,200704,4.5
37,200705,4.6
37,200706,4.6
37,200707,4.7
37,200708,4.8
37,200709,4.9
37,200710,4.9
37,200711,5.0
37,200712,4.9
37,200801,4.9
37,200802,4.9
37,200803,4.9
37,200804,5.1
37,200805,5.2
37,200806,5.4
37,200807,5.6
37,200808,5.7
37,200809,5.8
37,200810,6.0
37,200811,8.3
37,200812,9.4
37,200901,10.0
37,200902,10.5
37,200903,10.8
37,200904,10.9
37,200905,11.0
37,200906,11.0
37,200907,10.9
37,200908,10.8
37,200909,10.8
37,200910,10.8
37,200911,10.9
37,200912,11.1
37,201001,11.2
37,201002,11.2
37,201003,11.2
37,201004,11.0
37,201005,10.9
37,201006,10.6
37,201007,10.6
37,201008,10.6
37,201009,10.5
37,201010,10.5
37,201011,10.7
37,201012,10.6
37,201101,10.5
37,201102,10.4
37,201103,10.3
37,201104,10.3
37,201105,10.3
37,201106,10.4
37,201107,10.5
37,201108,10.5
37,201109,10.5
37,201110,10.4
37,201111,10.1
37,201112,10.0
37,201201,9.8
37,201202,9.7
37,201203,9.6
37,201204,9.5
37,201205,9.6
37,201206,9.6
37,201207,9.7
37,201208,9.6
37,201209,9.5
37,201210,9.5
37,201211,9.5
37,201212,9.6
37,201301,9.7
37,201302,9.2
37,201303,8.9
37,201304,8.5
37,201305,8.2
37,201306,7.9
37,201307,7.5
37,201308,7.3
37,201309,6.6
37,201310,6.6
37,201311,6.5
37,201312,6.4
37,201401,6.4
37,201402,6.3
37,201403,6.3
37,201404,6.3
37,201405,6.2
37,201406,6.2
37,201407,6.1
37,201408,6.1
37,201409,6.0
37,201410,5.9
37,201411,5.8
37,201412,5.8
37,201501,5.7
37,201502,5.7
37,201503,5.8
37,201504,5.8
37,201505,5.8
37,201506,5.8
37,201507,5.7
37,201508,5.7
37,201509,5.6
37,201510,5.5
37,201511,5.4
37,201512,5.4
37,201601,5.3
37,201602,5.2
37,201603,5.2
37,201604,5.1
37,201605,5.0
37,201606,5.0
37,201607,5.0
37,201608,5.1
37,201609,5.1
37,201610,5.1
37,201611,5.1
37,201612,5.0
37,201701,4.9
37,201702,4.8
37,201703,4.7
37,201704,4.6
37,201705,4.5
37,201706,4.5
37,201707,4.5
37,201708,4.5
37,201709,4.5
37,201710,4.4
37,201711,4.4
37,201712,4.3
37,201801,4.2
37,201802,4.2
37,201803,4.1
37,201804,4.0
37,201805,3.9
37,201806,3.9
37,201807,3.9
37,201808,3.9
37,201809,4.0
37,201810,4.0
37,201811,4.0
37,201812,4.0
37,201901,4.0
37,201902,4.0
37,201903,3.9
37,201904,3.9
37,201905,3.8
37,201906,3.9
37,201907,3.9
37,201908,3.9
37,201909,3.9
37,201910,3.8
37,201911,3.8
37,201912,3.7
37,202001,3.8
37,202002,3.8
37,202003,4.0
37,202004,14.2
37,202005,11.6
37,202006,9.8
37,202007,8.7
37,202008,7.4
37,202009,6.8
37,202010,6.1
37,202011,5.9
37,202012,5.8
38,199601,3.2
38,199602,3.2
38,199603,3.2
38,199604,3.2
38,199605,3.2
38,199606,3.1
38,199607,3.1
38,199608,3.1
38,199609,3.1
38,199610,3.1
38,199611,3.1
38,199612,3.1
38,199701,3.1
38,199702,3.1
38,199703,3.1
38,199704,3.1
38,199705,3.1
38,199706,3.0
38,199707,3.0
38,199708,2.9
38,199709,2.8
38,199710,2.7
38,199711,2.7
38,199712,2.7
38,199801,2.7
38,199802,2.7
38,199803,2.8
38,199804,2.8
38,199805,2.9
38,199806,2.9
38,199807,3.0
38,199808,3.1
38,199809,3.1
38,199810,3.2
38,199811,3.2
38,199812,3.2
38,199901,3.2
38,199902,3.2
38,199903,3.2
38,199904,3.2
38,199905,3.2
38,199906,3.2
38,199907,3.2
38,199908,3.2
38,199909,3.1
38,199910,3.1
38,199911,3.0
38,199912,3.0
38,200001,3.0
38,200002,3.0
38,200003,2.9
38,200004,2.9
38,200005,2.9
38,200006,2.9
38,200007,2.9
38,200008,2.9
38,200009,2.9
38,200010,2.9
38,200011,2.9
38,200012,2.8
38,200101,2.8
38,200102,2.8
38,200103,2.7
38,200104,2.7
38,200105,2.7
38,200106,2.7
38,200107,2.7
38,200108,2.8
38,200109,2.9
38,200110,2.9
38,200111,3.0
38,200112,3.1
38,200201,3.2
38,200202,3.3
38,200203,3.4
38,200204,3.4
38,200205,3.4
38,200206,3.4
38,200207,3.4
38,200208,3.4
38,200209,3.4
38,200210,3.4
38,200211,3.4
38,200212,3.4
38,200301,3.4
38,200302,3.4
38,200303,3.4
38,200304,3.5
38,200305,3.5
38,200306,3.5
38,200307,3.5
38,200308,3.5
38,200309,3.5
38,200310,3.4
38,200311,3.4
38,200312,3.4
38,200401,3.3
38,200402,3.3
38,200403,3.3
38,200404,3.3
38,200405,3.3
38,200406,3.4
38,200407,3.4
38,200408,3.4
38,200409,3.4
38,200410,3.4
38,200411,3.4
38,200412,3.4
38,200501,3.4
38,200502,3.4
38,200503,3.4
38,200504,3.4
38,200505,3.4
38,200506,3.3
38,200507,3.3
38,200508,3.3
38,200509,3.3
38,200510,3.3
38,200511,3.2
38,200512,3.2
38,200601,3.2
38,200602,3.1
38,200603,3.1
38,200604,3.1
38,200605,3.1
38,200606,3.1
38,200607,3.1
38,200608,3.1
38,200609,3.2
38,200610,3.1
38,200611,3.1
38,200612,3.1
38,200701,3.1
38,200702,3.0
38,200703,3.0
38,200704,3.0
38,200705,3.0
38,200706,3.0
38,200707,3.1
38,200708,3.1
38,200709,3.1
38,200710,3.1
38,200711,3.0
38,200712,3.0
38,200801,2.9
38,200802,2.8
38,200803,2.8
38,200804,2.9
38,200805,3.0
38,200806,3.0
38,200807,3.1
38,200808,3.1
38,200809,3.2
38,200810,3.2
38,200811,3.4
38,200812,3.5
38,200901,3.7
38,200902,3.9
38,200903,4.0
38,200904,4.0
38,200905,4.0
38,200906,3.9
38,200907,3.9
38,200908,3.8
38,200909,3.8
38,200910,3.8
38,200911,3.8
38,200912,3.9
38,201001,3.9
38,201002,3.8
38,201003,3.8
38,201004,3.7
38,201005,3.7
38,201006,3.6
38,201007,3.6
38,201008,3.6
38,201009,3.6
38,201010,3.6
38,201011,3.5
38,201012,3.5
38,201101,3.4
38,201102,3.4
38,201103,3.4
38,201104,3.4
38,201105,3.4
38,201106,3.4
38,201107,3.4
38,201108,3.4
38,201109,3.3
38,201110,3.3
38,201111,3.2
38,201112,3.1
38,201201,3.0
38,201202,2.9
38,201203,2.9
38,201204,2.9
38,201205,2.9
38,201206,2.9
38,201207,2.9
38,201208,2.9
38,201209,3.0
38,201210,3.0
38,201211,3.0
38,201212,3.0
38,201301,3.0
38,201302,3.0
38,201303,3.0
38,201304,2.9
38,201305,2.9
38,201306,2.9
38,201307,2.9
38,201308,2.9
38,201309,2.8
38,201310,2.8
38,201311,2.8
38,201312,2.8
38,201401,2.7
38,201402,2.7
38,201403,2.7
38,201404,2.7
38,201405,2.6
38,201406,2.6
38,201407,2.7
38,201408,2.7
38,201409,2.7
38,201410,2.7
38,201411,2.6
38,201412,2.6
38,201501,2.6
38,201502,2.7
38,201503,2.7
38,201504,2.8
38,201505,2.8
38,201506,2.8
38,201507,2.8
38,201508,2.8
38,201509,2.8
38,201510,2.8
38,201511,2.8
38,201512,2.9
38,201601,3.0
38,201602,3.1
38,201603,3.1
38,201604,3.1
38,201605,3.1
38,201606,3.1
38,201607,3.0
38,201608,3.0
38,201609,3.0
38,201610,2.9
38,201611,2.9
38,201612,2.9
38,201701,2.8
38,201702,2.8
38,201703,2.7
38,201704,2.6
38,201705,2.5
38,201706,2.5
38,201707,2.5
38,201708,2.5
38,201709,2.5
38,201710,2.6
38,201711,2.6
38,201712,2.6
38,201801,2.6
38,201802,2.6
38,201803,2.6
38,201804,2.5
38,201805,2.4
38,201806,2.3
38,201807,2.3
38,201808,2.2
38,201809,2.3
38,201810,2.3
38,201811,2.3
38,201812,2.3
38,201901,2.4
38,201902,2.3
38,201903,2.3
38,201904,2.2
38,201905,2.1
38,201906,2.1
38,201907,2.1
38,201908,2.1
38,201909,2.1
38,201910,2.1
38,201911,2.0
38,201912,2.0
38,202001,2.1
38,202002,2.2
38,202003,2.5
38,202004,8.7
38,202005,7.3
38,202006,6.5
38,202007,6.2
38,202008,5.6
38,202009,5.3
38,202010,4.8
38,202011,4.5
38,202012,4.4
39,199601,5.1
39,199602,5.1
39,199603,5.1
39,199604,5.1
39,199605,5.0
39,199606,5.0
39,199607,4.9
39,199608,4.9
39,199609,4.9
39,199610,4.9
39,199611,5.0
39,199612,5.0
39,199701,5.1
39,199702,5.0
39,199703,4.9
39,199704,4.7
39,199705,4.6
39,199706,4.5
39,199707,4.4
39,199708,4.4
39,199709,4.4
39,199710,4.5
39,199711,4.5
39,199712,4.4
39,199801,4.4
39,199802,4.3
39,199803,4.2
39,199804,4.2
39,199805,4.3
39,199806,4.3
39,199807,4.4
39,199808,4.4
39,199809,4.5
39,199810,4.4
39,199811,4.3
39,199812,4.3
39,199901,4.3
39,199902,4.3
39,199903,4.3
39,199904,4.3
39,199905,4.3
39,199906,4.4
39,199907,4.4
39,199908,4.4
39,199909,4.4
39,199910,4.3
39,199911,4.3
39,199912,4.2
39,200001,4.2
39,200002,4.1
39,200003,4.1
39,200004,4.1
39,200005,4.1
39,200006,4.1
39,200007,4.1
39,200008,4.1
39,200009,4.1
39,200010,4.0
39,200011,3.9
39,200012,3.9
39,200101,3.9
39,200102,3.9
39,200103,3.9
39,200104,4.0
39,200105,4.0
39,200106,4.2
39,200107,4.3
39,200108,4.5
39,200109,4.8
39,200110,5.0
39,200111,5.2
39,200112,5.5
39,200201,5.7
39,200202,5.8
39,200203,5.9
39,200204,5.9
39,200205,5.9
39,200206,5.9
39,200207,5.8
39,200208,5.7
39,200209,5.7
39,200210,5.8
39,200211,5.8
39,200212,5.9
39,200301,6.1
39,200302,6.2
39,200303,6.3
39,200304,6.4
39,200305,6.4
39,200306,6.4
39,200307,6.4
39,200308,6.3
39,200309,6.2
39,200310,6.1
39,200311,6.1
39,200312,6.1
39,200401,6.1
39,200402,6.1
39,200403,6.2
39,200404,6.2
39,200405,6.2
39,200406,6.2
39,200407,6.2
39,200408,6.3
39,200409,6.3
39,200410,6.3
39,200411,6.3
39,200412,6.3
39,200501,6.3
39,200502,6.2
39,200503,6.1
39,200504,6.0
39,200505,5.9
39,200506,5.8
39,200507,5.8
39,200508,5.8
39,200509,5.8
39,200510,5.8
39,200511,5.7
39,200512,5.6
39,200601,5.5
39,200602,5.4
39,200603,5.3
39,200604,5.3
39,200605,5.3
39,200606,5.4
39,200607,5.5
39,200608,5.5
39,200609,5.5
39,200610,5.5
39,200611,5.5
39,200612,5.5
39,200701,5.5
39,200702,5.5
39,200703,5.5
39,200704,5.5
39,200705,5.5
39,200706,5.6
39,200707,5.6
39,200708,5.7
39,200709,5.7
39,200710,5.7
39,200711,5.7
39,200712,5.7
39,200801,5.7
39,200802,5.7
39,200803,5.8
39,200804,5.9
39,200805,6.1
39,200806,6.4
39,200807,6.6
39,200808,6.8
39,200809,7.0
39,200810,7.3
39,200811,7.7
39,200812,8.2
39,200901,8.8
39,200902,9.4
39,200903,9.9
39,200904,10.2
39,200905,10.4
39,200906,10.5
39,200907,10.5
39,200908,10.5
39,200909,10.5
39,200910,10.6
39,200911,10.6
39,200912,10.7
39,201001,10.8
39,201002,10.7
39,201003,10.5
39,201004,10.3
39,201005,10.1
39,201006,9.9
39,201007,9.8
39,201008,9.7
39,201009,9.7
39,201010,9.6
39,201011,9.5
39,201012,9.3
39,201101,9.2
39,201102,9.0
39,201103,8.9
39,201104,8.9
39,201105,8.9
39,201106,8.9
39,201107,8.9
39,201108,8.9
39,201109,8.7
39,201110,8.5
39,201111,8.3
39,201112,8.0
39,201201,7.8
39,201202,7.6
39,201203,7.5
39,201204,7.4
39,201205,7.4
39,201206,7.3
39,201207,7.3
39,201208,7.2
39,201209,7.2
39,201210,7.3
39,201211,7.3
39,201212,7.4
39,201301,7.5
39,201302,7.5
39,201303,7.5
39,201304,7.5
39,201305,7.5
39,201306,7.5
39,201307,7.5
39,201308,7.5
39,201309,7.4
39,201310,7.2
39,201311,7.1
39,201312,6.9
39,201401,6.6
39,201402,6.4
39,201403,6.2
39,201404,6.1
39,201405,6.0
39,201406,5.8
39,201407,5.7
39,201408,5.6
39,201409,5.5
39,201410,5.4
39,201411,5.3
39,201412,5.2
39,201501,5.2
39,201502,5.2
39,201503,5.1
39,201504,5.1
39,201505,5.0
39,201506,4.9
39,201507,4.8
39,201508,4.8
39,201509,4.8
39,201510,4.8
39,201511,4.9
39,201512,4.9
39,201601,5.0
39,201602,5.0
39,201603,5.0
39,201604,5.0
39,201605,5.0
39,201606,5.0
39,201607,5.0
39,201608,5.0
39,201609,5.1
39,201610,5.2
39,201611,5.2
39,201612,5.2
39,201701,5.2
39,201702,5.1
39,201703,5.1
39,201704,5.0
39,201705,5.0
39,201706,5.0
39,201707,4.9
39,201708,4.9
39,201709,4.9
39,201710,4.8
39,201711,4.7
39,201712,4.6
39,201801,4.6
39,201802,4.5
39,201803,4.5
39,201804,4.5
39,201805,4.5
39,201806,4.4
39,201807,4.4
39,201808,4.4
39,201809,4.4
39,201810,4.5
39,201811,4.5
39,201812,4.5
39,201901,4.4
39,201902,4.2
39,201903,4.0
39,201904,3.9
39,201905,3.9
39,201906,3.9
39,201907,4.0
39,201908,4.1
39,201909,4.2
39,201910,4.3
39,201911,4.3
39,201912,4.3
39,202001,4.4
39,202002,4.5
39,202003,4.8
39,202004,16.5
39,202005,12.8
39,202006,11.0
39,202007,9.8
39,202008,8.3
39,202009,7.6
39,202010,6.7
39,202011,6.4
39,202012,6.3
40,199601,4.3
40,199602,4.2
40,199603,4.2
40,199604,4.1
40,199605,4.0
40,199606,3.9
40,199607,3.8
40,199608,3.8
40,199609,3.9
40,199610,3.9
40,199611,4.0
40,199612,4.0
40,199701,4.1
40,199702,4.0
40,199703,4.0
40,199704,4.0
40,199705,4.0
40,199706,4.0
40,199707,4.0
40,199708,4.0
40,199709,3.9
40,199710,3.9
40,199711,3.8
40,199712,3.8
40,199801,3.8
40,199802,3.8
40,199803,3.9
40,199804,4.0
40,199805,4.1
40,199806,4.2
40,199807,4.3
40,199808,4.3
40,199809,4.2
40,199810,4.2
40,199811,4.1
40,199812,4.0
40,199901,3.9
40,199902,3.8
40,199903,3.7
40,199904,3.6
40,199905,3.5
40,199906,3.5
40,199907,3.4
40,199908,3.3
40,199909,3.3
40,199910,3.3
40,199911,3.2
40,199912,3.2
40,200001,3.1
40,200002,3.1
40,200003,3.0
40,200004,3.0
40,200005,3.0
40,200006,3.0
40,200007,3.0
40,200008,3.0
40,200009,3.0
40,200010,2.9
40,200011,2.9
40,200012,2.9
40,200101,3.0
40,200102,3.0
40,200103,3.1
40,200104,3.2
40,200105,3.3
40,200106,3.4
40,200107,3.6
40,200108,3.8
40,200109,4.0
40,200110,4.2
40,200111,4.4
40,200112,4.5
40,200201,4.6
40,200202,4.6
40,200203,4.6
40,200204,4.6
40,200205,4.6
40,200206,4.5
40,200207,4.5
40,200208,4.5
40,200209,4.5
40,200210,4.7
40,200211,4.8
40,200212,4.9
40,200301,5.1
40,200302,5.2
40,200303,5.3
40,200304,5.5
40,200305,5.6
40,200306,5.6
40,200307,5.6
40,200308,5.6
40,200309,5.5
40,200310,5.3
40,200311,5.2
40,200312,5.1
40,200401,5.1
40,200402,5.0
40,200403,4.9
40,200404,4.9
40,200405,4.8
40,200406,4.7
40,200407,4.6
40,200408,4.5
40,200409,4.5
40,200410,4.5
40,200411,4.5
40,200412,4.5
40,200501,4.5
40,200502,4.5
40,200503,4.4
40,200504,4.4
40,200505,4.3
40,200506,4.3
40,200507,4.3
40,200508,4.3
40,200509,4.3
40,200510,4.3
40,200511,4.2
40,200512,4.1
40,200601,4.0
40,200602,3.9
40,200603,3.8
40,200604,3.8
40,200605,3.8
40,200606,3.8
40,200607,3.9
40,200608,3.9
40,200609,3.9
40,200610,4.0
40,200611,4.0
40,200612,4.1
40,200701,4.1
40,200702,4.1
40,200703,4.1
40,200704,4.1
40,200705,4.1
40,200706,4.0
40,200707,4.0
40,200708,4.0
40,200709,3.9
40,200710,3.8
40,200711,3.7
40,200712,3.6
40,200801,3.4
40,200802,3.3
40,200803,3.2
40,200804,3.2
40,200805,3.3
40,200806,3.4
40,200807,3.5
40,200808,3.6
40,200809,3.7
40,200810,3.9
40,200811,4.2
40,200812,4.6
40,200901,5.1
40,200902,5.6
40,200903,6.1
40,200904,6.5
40,200905,6.7
40,200906,6.8
40,200907,6.9
40,200908,6.9
40,200909,6.9
40,200910,6.9
40,200911,6.9
40,200912,6.9
40,201001,6.9
40,201002,6.9
40,201003,6.8
40,201004,6.7
40,201005,6.5
40,201006,6.4
40,201007,6.3
40,201008,6.3
40,201009,6.2
40,201010,6.2
40,201011,6.1
40,201012,6.0
40,201101,5.9
40,201102,5.7
40,201103,5.6
40,201104,5.5
40,201105,5.5
40,201106,5.5
40,201107,5.5
40,201108,5.6
40,201109,5.6
40,201110,5.5
40,201111,5.5
40,201112,5.4
40,201201,5.2
40,201202,5.1
40,201203,5.1
40,201204,5.0
40,201205,5.0
40,201206,5.1
40,201207,5.1
40,201208,5.0
40,201209,5.0
40,201210,5.1
40,201211,5.1
40,201212,5.1
40,201301,5.2
40,201302,5.2
40,201303,5.2
40,201304,5.2
40,201305,5.1
40,201306,5.1
40,201307,5.1
40,201308,5.1
40,201309,5.1
40,201310,5.1
40,201311,5.0
40,201312,5.0
40,201401,4.9
40,201402,4.7
40,201403,4.6
40,201404,4.5
40,201405,4.4
40,201406,4.3
40,201407,4.3
40,201408,4.2
40,201409,4.1
40,201410,4.1
40,201411,4.0
40,201412,4.0
40,201501,4.0
40,201502,4.1
40,201503,4.2
40,201504,4.3
40,201505,4.3
40,201506,4.4
40,201507,4.4
40,201508,4.3
40,201509,4.3
40,201510,4.3
40,201511,4.4
40,201512,4.4
40,201601,4.5
40,201602,4.5
40,201603,4.6
40,201604,4.6
40,201605,4.7
40,201606,4.8
40,201607,4.8
40,201608,4.8
40,201609,4.7
40,201610,4.7
40,201611,4.6
40,201612,4.5
40,201701,4.4
40,201702,4.3
40,201703,4.2
40,201704,4.1
40,201705,4.0
40,201706,4.0
40,201707,4.0
40,201708,4.0
40,201709,3.9
40,201710,3.9
40,201711,3.8
40,201712,3.8
40,201801,3.7
40,201802,3.6
40,201803,3.5
40,201804,3.4
40,201805,3.3
40,201806,3.2
40,201807,3.1
40,201808,3.1
40,201809,3.1
40,201810,3.1
40,201811,3.2
40,201812,3.2
40,201901,3.2
40,201902,3.2
40,201903,3.1
40,201904,3.1
40,201905,3.0
40,201906,3.0
40,201907,3.1
40,201908,3.1
40,201909,3.2
40,201910,3.2
40,201911,3.1
40,201912,3.1
40,202001,3.1
40,202002,3.2
40,202003,3.2
40,202004,12.5
40,202005,9.8
40,202006,8.2
40,202007,7.4
40,202008,6.3
40,202009,5.9
40,202010,5.5
40,202011,5.3
40,202012,5.2
41,199601,5.2
41,199602,5.4
41,199603,5.5
41,199604,5.5
41,199605,5.5
41,199606,5.5
41,199607,5.5
41,199608,5.6
41,199609,5.6
41,199610,5.7
41,199611,5.8
41,199612,5.9
41,199701,5.9
41,199702,5.9
41,199703,5.8
41,199704,5.7
41,199705,5.6
41,199706,5.5
41,199707,5.4
41,199708,5.4
41,199709,5.4
41,199710,5.4
41,199711,5.3
41,199712,5.3
41,199801,5.3
41,199802,5.3
41,199803,5.4
41,199804,5.5
41,199805,5.6
41,199806,5.7
41,199807,5.8
41,199808,5.8
41,199809,5.8
41,199810,5.9
41,199811,5.8
41,199812,5.8
41,199901,5.7
41,199902,5.6
41,199903,5.6
41,199904,5.6
41,199905,5.6
41,199906,5.6
41,199907,5.6
41,199908,5.5
41,199909,5.4
41,199910,5.3
41,199911,5.2
41,199912,5.1
41,200001,5.0
41,200002,5.0
41,200003,5.1
41,200004,5.1
41,200005,5.2
41,200006,5.3
41,200007,5.3
41,200008,5.3
41,200009,5.3
41,200010,5.2
41,200011,5.2
41,200012,5.2
41,200101,5.3
41,200102,5.4
41,200103,5.6
41,200104,5.8
41,200105,5.9
41,200106,6.1
41,200107,6.3
41,200108,6.5
41,200109,6.9
41,200110,7.2
41,200111,7.5
41,200112,7.8
41,200201,7.8
41,200202,7.8
41,200203,7.7
41,200204,7.5
41,200205,7.4
41,200206,7.3
41,200207,7.2
41,200208,7.2
41,200209,7.3
41,200210,7.3
41,200211,7.4
41,200212,7.5
41,200301,7.7
41,200302,7.8
41,200303,8.0
41,200304,8.2
41,200305,8.3
41,200306,8.3
41,200307,8.3
41,200308,8.2
41,200309,8.0
41,200310,7.9
41,200311,7.8
41,200312,7.7
41,200401,7.7
41,200402,7.7
41,200403,7.6
41,200404,7.6
41,200405,7.5
41,200406,7.4
41,200407,7.3
41,200408,7.2
41,200409,7.2
41,200410,7.0
41,200411,6.9
41,200412,6.7
41,200501,6.6
41,200502,6.5
41,200503,6.4
41,200504,6.3
41,200505,6.3
41,200506,6.2
41,200507,6.2
41,200508,6.1
41,200509,6.0
41,200510,5.9
41,200511,5.8
41,200512,5.7
41,200601,5.6
41,200602,5.5
41,200603,5.5
41,200604,5.4
41,200605,5.4
41,200606,5.4
41,200607,5.4
41,200608,5.4
41,200609,5.3
41,200610,5.3
41,200611,5.3
41,200612,5.2
41,200701,5.1
41,200702,5.1
41,200703,5.0
41,200704,5.0
41,200705,5.0
41,200706,5.1
41,200707,5.2
41,200708,5.3
41,200709,5.3
41,200710,5.3
41,200711,5.3
41,200712,5.2
41,200801,5.1
41,200802,5.0
41,200803,5.1
41,200804,5.2
41,200805,5.4
41,200806,5.7
41,200807,6.1
41,200808,6.5
41,200809,7.0
41,200810,7.5
41,200811,8.2
41,200812,8.9
41,200901,9.6
41,200902,10.2
41,200903,10.7
41,200904,11.0
41,200905,11.1
41,200906,11.0
41,200907,10.9
41,200908,10.7
41,200909,10.6
41,200910,10.6
41,200911,10.6
41,200912,10.6
41,201001,10.7
41,201002,10.7
41,201003,10.7
41,201004,10.7
41,201005,10.6
41,201006,10.6
41,201007,10.6
41,201008,10.5
41,201009,10.5
41,201010,10.5
41,201011,10.4
41,201012,10.2
41,201101,9.9
41,201102,9.7
41,201103,9.6
41,201104,9.5
41,201105,9.5
41,201106,9.5
41,201107,9.5
41,201108,9.5
41,201109,9.4
41,201110,9.3
41,201111,9.1
41,201112,9.0
41,201201,8.9
41,201202,8.8
41,201203,8.8
41,201204,8.8
41,201205,8.8
41,201206,8.8
41,201207,8.7
41,201208,8.7
41,201209,8.6
41,201210,8.6
41,201211,8.5
41,201212,8.5
41,201301,8.4
41,201302,8.3
41,201303,8.2
41,201304,8.1
41,201305,7.9
41,201306,7.8
41,201307,7.7
41,201308,7.5
41,201309,7.4
41,201310,7.3
41,201311,7.2
41,201312,7.2
41,201401,7.2
41,201402,7.1
41,201403,7.0
41,201404,6.9
41,201405,6.8
41,201406,6.7
41,201407,6.6
41,201408,6.5
41,201409,6.4
41,201410,6.3
41,201411,6.2
41,201412,6.0
41,201501,5.8
41,201502,5.8
41,201503,5.7
41,201504,5.6
41,201505,5.6
41,201506,5.5
41,201507,5.5
41,201508,5.4
41,201509,5.3
41,201510,5.2
41,201511,5.1
41,201512,5.0
41,201601,5.0
41,201602,4.9
41,201603,4.9
41,201604,4.9
41,201605,4.9
41,201606,4.9
41,201607,4.9
41,201608,4.8
41,201609,4.7
41,201610,4.5
41,201611,4.4
41,201612,4.2
41,201701,4.1
41,201702,4.0
41,201703,4.0
41,201704,3.9
41,201705,4.0
41,201706,4.0
41,201707,4.1
41,201708,4.1
41,201709,4.1
41,201710,4.2
41,201711,4.2
41,201712,4.1
41,201801,4.1
41,201802,4.1
41,201803,4.0
41,201804,3.9
41,201805,3.9
41,201806,3.8
41,201807,3.9
41,201808,3.9
41,201809,4.1
41,201810,4.2
41,201811,4.2
41,201812,4.3
41,201901,4.2
41,201902,4.1
41,201903,4.0
41,201904,3.9
41,201905,3.8
41,201906,3.7
41,201907,3.7
41,201908,3.6
41,201909,3.5
41,201910,3.4
41,201911,3.4
41,201912,3.4
41,202001,3.4
41,202002,3.6
41,202003,3.7
41,202004,13.7
41,202005,11.8
41,202006,10.2
41,202007,9.2
41,202008,7.9
41,202009,7.5
41,202010,6.8
41,202011,6.6
41,202012,6.5
42,199601,5.9
42,199602,5.9
42,199603,5.8
42,199604,5.7
42,199605,5.6
42,199606,5.5
42,199607,5.3
42,199608,5.3
42,199609,5.2
42,199610,5.2
42,199611,5.3
42,199612,5.3
42,199701,5.3
42,199702,5.3
42,199703,5.3
42,199704,5.2
42,199705,5.2
42,199706,5.2
42,199707,5.2
42,199708,5.1
42,199709,5.0
42,199710,5.0
42,199711,4.9
42,199712,4.8
42,199801,4.8
42,199802,4.8
42,199803,4.7
42,199804,4.7
42,199805,4.7
42,199806,4.7
42,199807,4.7
42,199808,4.7
42,199809,4.7
42,199810,4.7
42,199811,4.6
42,199812,4.6
42,199901,4.5
42,199902,4.5
42,199903,4.5
42,199904,4.5
42,199905,4.5
42,199906,4.5
42,199907,4.6
42,199908,4.6
42,199909,4.5
42,199910,4.5
42,199911,4.4
42,199912,4.3
42,200001,4.2
42,200002,4.1
42,200003,4.1
42,200004,4.1
42,200005,4.2
42,200006,4.2
42,200007,4.3
42,200008,4.3
42,200009,4.3
42,200010,4.3
42,200011,4.3
42,200012,4.3
42,200101,4.3
42,200102,4.4
42,200103,4.5
42,200104,4.5
42,200105,4.6
42,200106,4.7
42,200107,4.8
42,200108,4.9
42,200109,5.1
42,200110,5.2
42,200111,5.4
42,200112,5.5
42,200201,5.6
42,200202,5.6
42,200203,5.6
42,200204,5.6
42,200205,5.5
42,200206,5.5
42,200207,5.4
42,200208,5.4
42,200209,5.5
42,200210,5.5
42,200211,5.6
42,200212,5.7
42,200301,5.8
42,200302,5.8
42,200303,5.8
42,200304,5.8
42,200305,5.8
42,200306,5.8
42,200307,5.7
42,200308,5.7
42,200309,5.6
42,200310,5.6
42,200311,5.5
42,200312,5.5
42,200401,5.4
42,200402,5.4
42,200403,5.4
42,200404,5.4
42,200405,5.4
42,200406,5.4
42,200407,5.4
42,200408,5.3
42,200409,5.3
42,200410,5.3
42,200411,5.2
42,200412,5.2
42,200501,5.2
42,200502,5.2
42,200503,5.1
42,200504,5.1
42,200505,5.0
42,200506,5.0
42,200507,4.9
42,200508,4.9
42,200509,4.9
42,200510,4.9
42,200511,4.9
42,200512,4.8
42,200601,4.8
42,200602,4.7
42,200603,4.7
42,200604,4.7
42,200605,4.8
42,200606,4.8
42,200607,4.8
42,200608,4.8
42,200609,4.7
42,200610,4.7
42,200611,4.6
42,200612,4.6
42,200701,4.5
42,200702,4.5
42,200703,4.4
42,200704,4.4
42,200705,4.4
42,200706,4.5
42,200707,4.6
42,200708,4.7
42,200709,4.7
42,200710,4.8
42,200711,4.8
42,200712,4.8
42,200801,4.8
42,200802,4.8
42,200803,4.9
42,200804,4.9
42,200805,5.0
42,200806,5.1
42,200807,5.3
42,200808,5.4
42,200809,5.6
42,200810,5.9
42,200811,6.2
42,200812,6.7
42,200901,7.1
42,200902,7.5
42,200903,7.8
42,200904,8.0
42,200905,8.2
42,200906,8.2
42,200907,8.3
42,200908,8.2
42,200909,8.2
42,200910,8.2
42,200911,8.2
42,200912,8.3
42,201001,8.4
42,201002,8.4
42,201003,8.4
42,201004,8.3
42,201005,8.2
42,201006,8.1
42,201007,8.0
42,201008,8.0
42,201009,8.0
42,201010,7.9
42,201011,7.9
42,201012,7.8
42,201101,7.7
42,201102,7.6
42,201103,7.6
42,201104,7.6
42,201105,7.7
42,201106,7.7
42,201107,7.8
42,201108,7.8
42,201109,7.8
42,201110,7.8
42,201111,7.7
42,201112,7.6
42,201201,7.5
42,201202,7.4
42,201203,7.5
42,201204,7.5
42,201205,7.6
42,201206,7.7
42,201207,7.7
42,201208,7.7
42,201209,7.6
42,201210,7.6
42,201211,7.6
42,201212,7.6
42,201301,7.5
42,201302,7.4
42,201303,7.3
42,201304,7.2
42,201305,7.1
42,201306,7.1
42,201307,7.0
42,201308,7.0
42,201309,6.9
42,201310,6.8
42,201311,6.7
42,201312,6.6
42,201401,6.5
42,201402,6.4
42,201403,6.3
42,201404,6.2
42,201405,6.1
42,201406,6.0
42,201407,5.9
42,201408,5.8
42,201409,5.7
42,201410,5.6
42,201411,5.6
42,201412,5.5
42,201501,5.5
42,201502,5.6
42,201503,5.6
42,201504,5.5
42,201505,5.5
42,201506,5.4
42,201507,5.4
42,201508,5.3
42,201509,5.3
42,201510,5.3
42,201511,5.3
42,201512,5.3
42,201601,5.3
42,201602,5.3
42,201603,5.3
42,201604,5.4
42,201605,5.4
42,201606,5.4
42,201607,5.4
42,201608,5.4
42,201609,5.3
42,201610,5.3
42,201611,5.3
42,201612,5.2
42,201701,5.2
42,201702,5.1
42,201703,5.1
42,201704,5.0
42,201705,5.0
42,201706,4.9
42,201707,4.9
42,201708,4.9
42,201709,4.9
42,201710,4.9
42,201711,4.9
42,201712,4.9
42,201801,4.8
42,201802,4.7
42,201803,4.6
42,201804,4.5
42,201805,4.4
42,201806,4.3
42,201807,4.3
42,201808,4.2
42,201809,4.2
42,201810,4.3
42,201811,4.3
42,201812,4.3
42,201901,4.3
42,201902,4.3
42,201903,4.3
42,201904,4.2
42,201905,4.2
42,201906,4.2
42,201907,4.2
42,201908,4.2
42,201909,4.3
42,201910,4.3
42,201911,4.3
42,201912,4.4
42,202001,4.4
42,202002,4.6
42,202003,4.8
42,202004,16.1
42,202005,12.9
42,202006,11.3
42,202007,10.4
42,202008,9.3
42,202009,8.7
42,202010,8.1
42,202011,7.8
42,202012,7.6
44,199601,5.6
44,199602,5.4
44,199603,5.3
44,199604,5.2
44,199605,5.0
44,199606,5.0
44,199607,4.9
44,199608,5.0
44,199609,5.0
44,199610,5.1
44,199611,5.3
44,199612,5.4
44,199701,5.5
44,199702,5.5
44,199703,5.6
44,199704,5.6
44,199705,5.5
44,199706,5.5
44,199707,5.4
44,199708,5.3
44,199709,5.2
44,199710,5.1
44,199711,5.0
44,199712,5.0
44,199801,5.0
44,199802,4.9
44,199803,4.9
44,199804,4.7
44,199805,4.6
44,199806,4.5
44,199807,4.5
44,199808,4.5
44,199809,4.5
44,199810,4.4
44,199811,4.3
44,199812,4.2
44,199901,4.1
44,199902,4.0
44,199903,3.9
44,199904,4.0
44,199905,4.0
44,199906,4.1
44,199907,4.3
44,199908,4.3
44,199909,4.4
44,199910,4.4
44,199911,4.4
44,199912,4.3
44,200001,4.3
44,200002,4.2
44,200003,4.1
44,200004,4.1
44,200005,4.1
44,200006,4.1
44,200007,4.0
44,200008,4.0
44,200009,3.9
44,200010,3.9
44,200011,3.9
44,200012,4.0
44,200101,4.1
44,200102,4.3
44,200103,4.4
44,200104,4.5
44,200105,4.6
44,200106,4.6
44,200107,4.5
44,200108,4.5
44,200109,4.5
44,200110,4.6
44,200111,4.6
44,200112,4.7
44,200201,4.7
44,200202,4.7
44,200203,4.7
44,200204,4.7
44,200205,4.7
44,200206,4.8
44,200207,5.0
44,200208,5.2
44,200209,5.4
44,200210,5.5
44,200211,5.6
44,200212,5.6
44,200301,5.6
44,200302,5.6
44,200303,5.6
44,200304,5.6
44,200305,5.6
44,200306,5.6
44,200307,5.5
44,200308,5.5
44,200309,5.4
44,200310,5.4
44,200311,5.4
44,200312,5.5
44,200401,5.6
44,200402,5.6
44,200403,5.7
44,200404,5.7
44,200405,5.6
44,200406,5.5
44,200407,5.3
44,200408,5.1
44,200409,4.9
44,200410,4.8
44,200411,4.8
44,200412,4.8
44,200501,4.8
44,200502,4.9
44,200503,4.9
44,200504,4.9
44,200505,5.0
44,200506,5.1
44,200507,5.2
44,200508,5.3
44,200509,5.4
44,200510,5.4
44,200511,5.4
44,200512,5.4
44,200601,5.4
44,200602,5.3
44,200603,5.4
44,200604,5.4
44,200605,5.4
44,200606,5.4
44,200607,5.3
44,200608,5.3
44,200609,5.2
44,200610,5.1
44,200611,5.0
44,200612,4.9
44,200701,4.8
44,200702,4.7
44,200703,4.7
44,200704,4.7
44,200705,4.8
44,200706,4.9
44,200707,5.1
44,200708,5.2
44,200709,5.4
44,200710,5.5
44,200711,5.7
44,200712,5.9
44,200801,6.1
44,200802,6.2
44,200803,6.5
44,200804,6.7
44,200805,7.0
44,200806,7.4
44,200807,7.8
44,200808,8.1
44,200809,8.4
44,200810,8.7
44,200811,9.1
44,200812,9.5
44,200901,10.0
44,200902,10.4
44,200903,10.8
44,200904,11.1
44,200905,11.2
44,200906,11.3
44,200907,11.4
44,200908,11.4
44,200909,11.5
44,200910,11.6
44,200911,11.6
44,200912,11.7
44,201001,11.8
44,201002,11.8
44,201003,11.8
44,201004,11.8
44,201005,11.7
44,201006,11.6
44,201007,11.5
44,201008,11.5
44,201009,11.5
44,201010,11.5
44,201011,11.5
44,201012,11.4
44,201101,11.3
44,201102,11.2
44,201103,11.1
44,201104,11.0
44,201105,11.0
44,201106,11.1
44,201107,11.1
44,201108,11.1
44,201109,11.1
44,201110,11.1
44,201111,11.1
44,201112,11.0
44,201201,10.9
44,201202,10.8
44,201203,10.7
44,201204,10.6
44,201205,10.5
44,201206,10.4
44,201207,10.3
44,201208,10.2
44,201209,10.0
44,201210,9.9
44,201211,9.7
44,201212,9.6
44,201301,9.6
44,201302,9.5
44,201303,9.5
44,201304,9.5
44,201305,9.6
44,201306,9.6
44,201307,9.6
44,201308,9.6
44,201309,9.5
44,201310,9.4
44,201311,9.3
44,201312,9.1
44,201401,8.9
44,201402,8.7
44,201403,8.5
44,201404,8.2
44,201405,8.0
44,201406,7.8
44,201407,7.6
44,201408,7.5
44,201409,7.3
44,201410,7.1
44,201411,6.9
44,201412,6.7
44,201501,6.5
44,201502,6.4
44,201503,6.4
44,201504,6.3
44,201505,6.2
44,201506,6.0
44,201507,5.9
44,201508,5.8
44,201509,5.7
44,201510,5.7
44,201511,5.7
44,201512,5.6
44,201601,5.6
44,201602,5.5
44,201603,5.5
44,201604,5.4
44,201605,5.4
44,201606,5.3
44,201607,5.3
44,201608,5.2
44,201609,5.1
44,201610,5.0
44,201611,4.9
44,201612,4.7
44,201701,4.6
44,201702,4.5
44,201703,4.5
44,201704,4.4
44,201705,4.4
44,201706,4.4
44,201707,4.4
44,201708,4.5
44,201709,4.5
44,201710,4.5
44,201711,4.5
44,201712,4.5
44,201801,4.5
44,201802,4.4
44,201803,4.3
44,201804,4.1
44,201805,4.0
44,201806,4.0
44,201807,3.9
44,201808,3.9
44,201809,3.9
44,201810,3.9
44,201811,3.9
44,201812,3.8
44,201901,3.8
44,201902,3.7
44,201903,3.6
44,201904,3.5
44,201905,3.5
44,201906,3.5
44,201907,3.5
44,201908,3.5
44,201909,3.5
44,201910,3.4
44,201911,3.4
44,201912,3.4
44,202001,3.5
44,202002,3.6
44,202003,3.7
44,202004,17.9
44,202005,15.4
44,202006,13.4
44,202007,12.2
44,202008,10.4
44,202009,10.0
44,202010,7.0
44,202011,7.0
44,202012,7.0
45,199601,5.4
45,199602,5.5
45,199603,5.6
45,199604,5.7
45,199605,5.7
45,199606,5.8
45,199607,5.8
45,199608,5.8
45,199609,5.8
45,199610,5.7
45,199611,5.7
45,199612,5.7
45,199701,5.6
45,199702,5.4
45,199703,5.2
45,199704,5.0
45,199705,4.8
45,199706,4.6
45,199707,4.4
45,199708,4.1
45,199709,3.9
45,199710,3.8
45,199711,3.6
45,199712,3.5
45,199801,3.4
45,199802,3.3
45,199803,3.3
45,199804,3.4
45,199805,3.4
45,199806,3.6
45,199807,3.7
45,199808,3.8
45,199809,3.9
45,199810,3.9
45,199811,3.9
45,199812,4.0
45,199901,4.0
45,199902,4.0
45,199903,4.0
45,199904,4.1
45,199905,4.1
45,199906,4.1
45,199907,4.2
45,199908,4.3
45,199909,4.3
45,199910,4.3
45,199911,4.3
45,199912,4.2
45,200001,4.0
45,200002,3.9
45,200003,3.8
45,200004,3.7
45,200005,3.7
45,200006,3.7
45,200007,3.6
45,200008,3.6
45,200009,3.5
45,200010,3.5
45,200011,3.6
45,200012,3.8
45,200101,4.1
45,200102,4.4
45,200103,4.6
45,200104,4.8
45,200105,5.0
45,200106,5.1
45,200107,5.3
45,200108,5.4
45,200109,5.6
45,200110,5.8
45,200111,5.9
45,200112,6.0
45,200201,6.0
45,200202,6.0
45,200203,6.0
45,200204,6.0
45,200205,6.0
45,200206,6.0
45,200207,5.9
45,200208,6.0
45,200209,6.1
45,200210,6.2
45,200211,6.3
45,200212,6.4
45,200301,6.5
45,200302,6.5
45,200303,6.6
45,200304,6.7
45,200305,6.8
45,200306,6.9
45,200307,6.9
45,200308,6.9
45,200309,6.9
45,200310,6.8
45,200311,6.8
45,200312,6.7
45,200401,6.8
45,200402,6.8
45,200403,6.9
45,200404,7.0
45,200405,7.0
45,200406,7.0
45,200407,7.0
45,200408,6.9
45,200409,6.9
45,200410,6.9
45,200411,6.9
45,200412,7.0
45,200501,7.0
45,200502,6.9
45,200503,6.9
45,200504,6.8
45,200505,6.7
45,200506,6.7
45,200507,6.7
45,200508,6.7
45,200509,6.8
45,200510,6.8
45,200511,6.7
45,200512,6.7
45,200601,6.6
45,200602,6.5
45,200603,6.5
45,200604,6.5
45,200605,6.5
45,200606,6.5
45,200607,6.4
45,200608,6.3
45,200609,6.2
45,200610,6.1
45,200611,6.1
45,200612,6.0
45,200701,5.9
45,200702,5.8
45,200703,5.7
45,200704,5.6
45,200705,5.5
45,200706,5.5
45,200707,5.5
45,200708,5.5
45,200709,5.6
45,200710,5.6
45,200711,5.6
45,200712,5.6
45,200801,5.6
45,200802,5.6
45,200803,5.8
45,200804,6.0
45,200805,6.2
45,200806,6.6
45,200807,6.9
45,200808,7.2
45,200809,7.6
45,200810,8.0
45,200811,8.5
45,200812,9.0
45,200901,9.5
45,200902,10.0
45,200903,10.4
45,200904,10.7
45,200905,10.9
45,200906,11.1
45,200907,11.2
45,200908,11.3
45,200909,11.5
45,200910,11.6
45,200911,11.7
45,200912,11.7
45,201001,11.7
45,201002,11.6
45,201003,11.4
45,201004,11.3
45,201005,11.1
45,201006,11.0
45,201007,10.9
45,201008,10.9
45,201009,10.8
45,201010,10.8
45,201011,10.8
45,201012,10.7
45,201101,10.6
45,201102,10.6
45,201103,10.6
45,201104,10.6
45,201105,10.6
45,201106,10.6
45,201107,10.5
45,201108,10.4
45,201109,10.2
45,201110,10.0
45,201111,9.9
45,201112,9.7
45,201201,9.6
45,201202,9.5
45,201203,9.4
45,201204,9.4
45,201205,9.3
45,201206,9.2
45,201207,9.0
45,201208,8.8
45,201209,8.7
45,201210,8.6
45,201211,8.5
45,201212,8.4
45,201301,8.4
45,201302,8.2
45,201303,8.1
45,201304,7.9
45,201305,7.7
45,201306,7.6
45,201307,7.4
45,201308,7.2
45,201309,7.0
45,201310,6.8
45,201311,6.5
45,201312,6.3
45,201401,6.2
45,201402,6.0
45,201403,6.0
45,201404,6.0
45,201405,6.1
45,201406,6.2
45,201407,6.4
45,201408,6.5
45,201409,6.6
45,201410,6.6
45,201411,6.5
45,201412,6.5
45,201501,6.4
45,201502,6.4
45,201503,6.3
45,201504,6.2
45,201505,6.1
45,201506,6.0
45,201507,5.8
45,201508,5.7
45,201509,5.6
45,201510,5.5
45,201511,5.4
45,201512,5.4
45,201601,5.3
45,201602,5.3
45,201603,5.2
45,201604,5.1
45,201605,5.1
45,201606,5.0
45,201607,4.9
45,201608,4.7
45,201609,4.7
45,201610,4.6
45,201611,4.5
45,201612,4.4
45,201701,4.4
45,201702,4.3
45,201703,4.2
45,201704,4.2
45,201705,4.1
45,201706,4.1
45,201707,4.2
45,201708,4.2
45,201709,4.2
45,201710,4.2
45,201711,4.2
45,201712,4.0
45,201801,3.9
45,201802,3.7
45,201803,3.5
45,201804,3.3
45,201805,3.2
45,201806,3.2
45,201807,3.3
45,201808,3.3
45,201809,3.3
45,201810,3.3
45,201811,3.2
45,201812,3.2
45,201901,3.2
45,201902,3.2
45,201903,3.1
45,201904,3.1
45,201905,2.9
45,201906,2.7
45,201907,2.6
45,201908,2.5
45,201909,2.4
45,201910,2.4
45,201911,2.5
45,201912,2.6
45,202001,2.8
45,202002,2.9
45,202003,3.1
45,202004,11.7
45,202005,9.3
45,202006,7.8
45,202007,7.1
45,202008,6.2
45,202009,5.8
45,202010,5.3
45,202011,5.1
45,202012,4.9
46,199601,3.3
46,199602,3.3
46,199603,3.4
46,199604,3.4
46,199605,3.3
46,199606,3.3
46,199607,3.2
46,199608,3.2
46,199609,3.2
46,199610,3.2
46,199611,3.2
46,199612,3.2
46,199701,3.1
46,199702,3.1
46,199703,3.0
46,199704,2.9
46,199705,2.9
46,199706,2.9
46,199707,2.9
46,199708,2.9
46,199709,2.9
46,199710,2.9
46,199711,2.9
46,199712,2.9
46,199801,2.9
46,199802,2.9
46,199803,2.9
46,199804,2.9
46,199805,2.9
46,199806,2.9
46,199807,2.9
46,199808,2.9
46,199809,2.9
46,199810,2.9
46,199811,2.8
46,199812,2.8
46,199901,2.8
46,199902,2.7
46,199903,2.7
46,199904,2.8
46,199905,2.8
46,199906,2.8
46,199907,2.8
46,199908,2.8
46,199909,2.7
46,199910,2.6
46,199911,2.6
46,199912,2.5
46,200001,2.4
46,200002,2.4
46,200003,2.4
46,200004,2.4
46,200005,2.4
46,200006,2.5
46,200007,2.5
46,200008,2.6
46,200009,2.6
46,200010,2.6
46,200011,2.7
46,200012,2.7
46,200101,2.7
46,200102,2.8
46,200103,2.8
46,200104,2.9
46,200105,2.9
46,200106,2.9
46,200107,3.0
46,200108,3.0
46,200109,3.1
46,200110,3.2
46,200111,3.3
46,200112,3.4
46,200201,3.5
46,200202,3.5
46,200203,3.4
46,200204,3.4
46,200205,3.3
46,200206,3.2
46,200207,3.1
46,200208,3.1
46,200209,3.1
46,200210,3.1
46,200211,3.2
46,200212,3.2
46,200301,3.3
46,200302,3.3
46,200303,3.4
46,200304,3.4
46,200305,3.5
46,200306,3.5
46,200307,3.6
46,200308,3.6
46,200309,3.6
46,200310,3.5
46,200311,3.5
46,200312,3.5
46,200401,3.4
46,200402,3.4
46,200403,3.5
46,200404,3.5
46,200405,3.5
46,200406,3.6
46,200407,3.6
46,200408,3.6
46,200409,3.6
46,200410,3.7
46,200411,3.7
46,200412,3.7
46,200501,3.7
46,200502,3.7
46,200503,3.7
46,200504,3.7
46,200505,3.6
46,200506,3.5
46,200507,3.5
46,200508,3.4
46,200509,3.4
46,200510,3.4
46,200511,3.3
46,200512,3.3
46,200601,3.2
46,200602,3.0
46,200603,3.0
46,200604,2.9
46,200605,2.9
46,200606,3.0
46,200607,3.0
46,200608,3.0
46,200609,3.1
46,200610,3.0
46,200611,3.0
46,200612,3.0
46,200701,2.9
46,200702,2.9
46,200703,2.9
46,200704,2.8
46,200705,2.8
46,200706,2.8
46,200707,2.9
46,200708,2.9
46,200709,2.9
46,200710,2.9
46,200711,2.8
46,200712,2.7
46,200801,2.6
46,200802,2.6
46,200803,2.6
46,200804,2.7
46,200805,2.8
46,200806,2.9
46,200807,3.1
46,200808,3.2
46,200809,3.3
46,200810,3.5
46,200811,3.7
46,200812,3.9
46,200901,4.2
46,200902,4.4
46,200903,4.6
46,200904,4.7
46,200905,4.8
46,200906,4.7
46,200907,4.7
46,200908,4.6
46,200909,4.6
46,200910,4.6
46,200911,4.6
46,200912,4.7
46,201001,4.8
46,201002,4.8
46,201003,4.9
46,201004,4.9
46,201005,4.9
46,201006,4.9
46,201007,4.8
46,201008,4.8
46,201009,4.8
46,201010,4.9
46,201011,4.9
46,201012,4.9
46,201101,4.9
46,201102,4.9
46,201103,4.8
46,201104,4.7
46,201105,4.6
46,201106,4.5
46,201107,4.5
46,201108,4.5
46,201109,4.4
46,201110,4.4
46,201111,4.3
46,201112,4.2
46,201201,4.1
46,201202,4.1
46,201203,4.0
46,201204,4.0
46,201205,4.0
46,201206,4.1
46,201207,4.1
46,201208,4.0
46,201209,4.0
46,201210,4.0
46,201211,3.9
46,201212,3.9
46,201301,3.9
46,201302,3.8
46,201303,3.8
46,201304,3.8
46,201305,3.8
46,201306,3.7
46,201307,3.7
46,201308,3.7
46,201309,3.6
46,201310,3.6
46,201311,3.5
46,201312,3.5
46,201401,3.5
46,201402,3.5
46,201403,3.4
46,201404,3.4
46,201405,3.4
46,201406,3.3
46,201407,3.3
46,201408,3.3
46,201409,3.3
46,201410,3.3
46,201411,3.2
46,201412,3.2
46,201501,3.2
46,201502,3.2
46,201503,3.1
46,201504,3.1
46,201505,3.1
46,201506,3.1
46,201507,3.0
46,201508,3.0
46,201509,2.9
46,201510,2.9
46,201511,2.9
46,201512,2.8
46,201601,2.8
46,201602,2.8
46,201603,2.8
46,201604,2.9
46,201605,2.9
46,201606,3.0
46,201607,3.1
46,201608,3.1
46,201609,3.1
46,201610,3.2
46,201611,3.2
46,201612,3.1
46,201701,3.1
46,201702,3.1
46,201703,3.0
46,201704,3.0
46,201705,3.0
46,201706,3.0
46,201707,3.0
46,201708,3.0
46,201709,3.0
46,201710,3.0
46,201711,3.0
46,201712,3.0
46,201801,2.9
46,201802,2.9
46,201803,2.9
46,201804,2.8
46,201805,2.8
46,201806,2.7
46,201807,2.7
46,201808,2.7
46,201809,2.7
46,201810,2.7
46,201811,2.7
46,201812,2.7
46,201901,2.8
46,201902,2.8
46,201903,2.8
46,201904,2.8
46,201905,2.8
46,201906,2.8
46,201907,2.8
46,201908,2.7
46,201909,2.7
46,201910,2.7
46,201911,2.6
46,201912,2.6
46,202001,2.5
46,202002,2.5
46,202003,2.4
46,202004,8.8
46,202005,6.6
46,202006,5.3
46,202007,4.7
46,202008,3.9
46,202009,3.6
46,202010,3.3
46,202011,3.1
46,202012,3.0
47,199601,5.2
47,199602,5.2
47,199603,5.2
47,199604,5.1
47,199605,5.1
47,199606,5.1
47,199607,5.1
47,199608,5.1
47,199609,5.2
47,199610,5.3
47,199611,5.4
47,199612,5.4
47,199701,5.5
47,199702,5.5
47,199703,5.4
47,199704,5.4
47,199705,5.4
47,199706,5.4
47,199707,5.3
47,199708,5.2
47,199709,5.1
47,199710,5.0
47,199711,4.8
47,199712,4.7
47,199801,4.6
47,199802,4.5
47,199803,4.4
47,199804,4.4
47,199805,4.3
47,199806,4.3
47,199807,4.3
47,199808,4.3
47,199809,4.3
47,199810,4.3
47,199811,4.3
47,199812,4.2
47,199901,4.2
47,199902,4.1
47,199903,4.1
47,199904,4.0
47,199905,4.0
47,199906,3.9
47,199907,3.9
47,199908,3.9
47,199909,3.9
47,199910,3.9
47,199911,3.8
47,199912,3.8
47,200001,3.7
47,200002,3.7
47,200003,3.7
47,200004,3.8
47,200005,3.8
47,200006,3.9
47,200007,3.9
47,200008,3.9
47,200009,3.9
47,200010,3.9
47,200011,3.9
47,200012,3.9
47,200101,4.0
47,200102,4.0
47,200103,4.1
47,200104,4.2
47,200105,4.3
47,200106,4.4
47,200107,4.6
47,200108,4.7
47,200109,4.9
47,200110,5.1
47,200111,5.3
47,200112,5.5
47,200201,5.6
47,200202,5.6
47,200203,5.5
47,200204,5.4
47,200205,5.3
47,200206,5.1
47,200207,5.0
47,200208,4.9
47,200209,4.9
47,200210,4.9
47,200211,4.9
47,200212,5.0
47,200301,5.1
47,200302,5.3
47,200303,5.4
47,200304,5.5
47,200305,5.6
47,200306,5.7
47,200307,5.8
47,200308,5.8
47,200309,5.7
47,200310,5.6
47,200311,5.5
47,200312,5.4
47,200401,5.3
47,200402,5.2
47,200403,5.2
47,200404,5.1
47,200405,5.2
47,200406,5.2
47,200407,5.3
47,200408,5.4
47,200409,5.5
47,200410,5.5
47,200411,5.6
47,200412,5.7
47,200501,5.7
47,200502,5.7
47,200503,5.7
47,200504,5.6
47,200505,5.5
47,200506,5.4
47,200507,5.4
47,200508,5.4
47,200509,5.4
47,200510,5.4
47,200511,5.4
47,200512,5.4
47,200601,5.4
47,200602,5.4
47,200603,5.4
47,200604,5.4
47,200605,5.4
47,200606,5.4
47,200607,5.4
47,200608,5.2
47,200609,5.1
47,200610,5.0
47,200611,4.8
47,200612,4.7
47,200701,4.6
47,200702,4.5
47,200703,4.4
47,200704,4.3
47,200705,4.3
47,200706,4.4
47,200707,4.5
47,200708,4.7
47,200709,4.8
47,200710,5.0
47,200711,5.1
47,200712,5.2
47,200801,5.2
47,200802,5.3
47,200803,5.5
47,200804,5.7
47,200805,6.0
47,200806,6.3
47,200807,6.5
47,200808,6.8
47,200809,7.1
47,200810,7.4
47,200811,7.9
47,200812,8.4
47,200901,9.0
47,200902,9.6
47,200903,10.1
47,200904,10.4
47,200905,10.7
47,200906,10.8
47,200907,10.8
47,200908,10.8
47,200909,10.7
47,200910,10.6
47,200911,10.6
47,200912,10.5
47,201001,10.5
47,201002,10.3
47,201003,10.2
47,201004,10.0
47,201005,9.7
47,201006,9.6
47,201007,9.5
47,201008,9.5
47,201009,9.5
47,201010,9.6
47,201011,9.6
47,201012,9.6
47,201101,9.5
47,201102,9.4
47,201103,9.3
47,201104,9.2
47,201105,9.2
47,201106,9.1
47,201107,9.1
47,201108,9.0
47,201109,8.9
47,201110,8.8
47,201111,8.6
47,201112,8.4
47,201201,8.2
47,201202,8.1
47,201203,8.0
47,201204,8.0
47,201205,8.0
47,201206,8.0
47,201207,7.9
47,201208,7.8
47,201209,7.8
47,201210,7.7
47,201211,7.8
47,201212,7.8
47,201301,7.9
47,201302,7.9
47,201303,7.9
47,201304,7.9
47,201305,7.8
47,201306,7.8
47,201307,7.7
47,201308,7.6
47,201309,7.5
47,201310,7.3
47,201311,7.2
47,201312,7.0
47,201401,6.9
47,201402,6.8
47,201403,6.7
47,201404,6.7
47,201405,6.7
47,201406,6.6
47,201407,6.6
47,201408,6.5
47,201409,6.5
47,201410,6.4
47,201411,6.3
47,201412,6.2
47,201501,6.1
47,201502,6.0
47,201503,5.9
47,201504,5.8
47,201505,5.7
47,201506,5.6
47,201507,5.5
47,201508,5.4
47,201509,5.3
47,201510,5.1
47,201511,5.0
47,201512,4.9
47,201601,4.8
47,201602,4.7
47,201603,4.7
47,201604,4.7
47,201605,4.7
47,201606,4.7
47,201607,4.7
47,201608,4.8
47,201609,4.8
47,201610,4.8
47,201611,4.8
47,201612,4.7
47,201701,4.5
47,201702,4.3
47,201703,4.1
47,201704,3.9
47,201705,3.7
47,201706,3.6
47,201707,3.5
47,201708,3.4
47,201709,3.4
47,201710,3.4
47,201711,3.5
47,201712,3.5
47,201801,3.5
47,201802,3.5
47,201803,3.5
47,201804,3.5
47,201805,3.5
47,201806,3.5
47,201807,3.5
47,201808,3.5
47,201809,3.5
47,201810,3.5
47,201811,3.5
47,201812,3.5
47,201901,3.5
47,201902,3.4
47,201903,3.4
47,201904,3.4
47,201905,3.3
47,201906,3.2
47,201907,3.2
47,201908,3.2
47,201909,3.3
47,201910,3.3
47,201911,3.4
47,201912,3.4
47,202001,3.4
47,202002,3.5
47,202003,3.5
47,202004,15.7
47,202005,12.1
47,202006,10.2
47,202007,9.0
47,202008,7.6
47,202009,7.1
47,202010,6.3
47,202011,5.9
47,202012,5.6
48,199601,6.1
48,199602,6.1
48,199603,6.0
48,199604,5.9
48,199605,5.8
48,199606,5.7
48,199607,5.6
48,199608,5.5
48,199609,5.5
48,199610,5.5
48,199611,5.6
48,199612,5.7
48,199701,5.7
48,199702,5.7
48,199703,5.7
48,199704,5.6
48,199705,5.5
48,199706,5.5
48,199707,5.4
48,199708,5.3
48,199709,5.2
48,199710,5.1
48,199711,5.0
48,199712,5.0
48,199801,4.9
48,199802,4.9
48,199803,4.9
48,199804,4.9
48,199805,5.0
48,199806,5.0
48,199807,5.1
48,199808,5.1
48,199809,5.1
48,199810,5.0
48,199811,4.9
48,199812,4.8
48,199901,4.7
48,199902,4.7
48,199903,4.7
48,199904,4.7
48,199905,4.7
48,199906,4.7
48,199907,4.7
48,199908,4.7
48,199909,4.7
48,199910,4.8
48,199911,4.8
48,199912,4.8
48,200001,4.7
48,200002,4.7
48,200003,4.6
48,200004,4.5
48,200005,4.4
48,200006,4.4
48,200007,4.3
48,200008,4.3
48,200009,4.2
48,200010,4.1
48,200011,4.1
48,200012,4.1
48,200101,4.1
48,200102,4.2
48,200103,4.3
48,200104,4.5
48,200105,4.6
48,200106,4.8
48,200107,5.0
48,200108,5.2
48,200109,5.4
48,200110,5.6
48,200111,5.8
48,200112,6.0
48,200201,6.1
48,200202,6.2
48,200203,6.3
48,200204,6.3
48,200205,6.4
48,200206,6.4
48,200207,6.4
48,200208,6.4
48,200209,6.4
48,200210,6.4
48,200211,6.5
48,200212,6.6
48,200301,6.7
48,200302,6.8
48,200303,6.8
48,200304,6.9
48,200305,6.9
48,200306,7.0
48,200307,6.9
48,200308,6.9
48,200309,6.7
48,200310,6.6
48,200311,6.5
48,200312,6.4
48,200401,6.3
48,200402,6.2
48,200403,6.2
48,200404,6.2
48,200405,6.1
48,200406,6.0
48,200407,5.9
48,200408,5.9
48,200409,5.9
48,200410,5.9
48,200411,5.9
48,200412,5.8
48,200501,5.8
48,200502,5.7
48,200503,5.6
48,200504,5.5
48,200505,5.4
48,200506,5.3
48,200507,5.3
48,200508,5.4
48,200509,5.4
48,200510,5.5
48,200511,5.4
48,200512,5.4
48,200601,5.3
48,200602,5.2
48,200603,5.2
48,200604,5.2
48,200605,5.2
48,200606,5.1
48,200607,5.0
48,200608,4.9
48,200609,4.8
48,200610,4.7
48,200611,4.6
48,200612,4.5
48,200701,4.4
48,200702,4.4
48,200703,4.4
48,200704,4.3
48,200705,4.3
48,200706,4.3
48,200707,4.3
48,200708,4.3
48,200709,4.3
48,200710,4.4
48,200711,4.4
48,200712,4.3
48,200801,4.3
48,200802,4.3
48,200803,4.3
48,200804,4.4
48,200805,4.5
48,200806,4.7
48,200807,4.8
48,200808,5.0
48,200809,5.2
48,200810,5.4
48,200811,5.6
48,200812,5.9
48,200901,6.1
48,200902,6.3
48,200903,6.4
48,200904,6.5
48,200905,7.6
48,200906,8.1
48,200907,8.3
48,200908,8.3
48,200909,8.4
48,200910,8.4
48,200911,8.3
48,200912,8.4
48,201001,8.4
48,201002,8.4
48,201003,8.4
48,201004,8.3
48,201005,8.2
48,201006,8.1
48,201007,8.1
48,201008,8.1
48,201009,8.2
48,201010,8.2
48,201011,8.3
48,201012,8.3
48,201101,8.2
48,201102,8.2
48,201103,8.1
48,201104,8.1
48,201105,8.2
48,201106,8.3
48,201107,8.4
48,201108,8.2
48,201109,8.1
48,201110,7.8
48,201111,7.5
48,201112,7.3
48,201201,7.1
48,201202,7.0
48,201203,6.7
48,201204,6.8
48,201205,6.8
48,201206,6.8
48,201207,6.7
48,201208,6.6
48,201209,6.5
48,201210,6.5
48,201211,6.5
48,201212,6.5
48,201301,6.5
48,201302,6.6
48,201303,6.6
48,201304,6.5
48,201305,6.5
48,201306,6.4
48,201307,6.3
48,201308,6.3
48,201309,6.2
48,201310,6.1
48,201311,6.0
48,201312,5.8
48,201401,5.7
48,201402,5.6
48,201403,5.5
48,201404,5.4
48,201405,5.3
48,201406,5.2
48,201407,5.2
48,201408,5.1
48,201409,5.0
48,201410,4.9
48,201411,4.7
48,201412,4.6
48,201501,4.5
48,201502,4.5
48,201503,4.5
48,201504,4.4
48,201505,4.4
48,201506,4.4
48,201507,4.4
48,201508,4.5
48,201509,4.5
48,201510,4.5
48,201511,4.5
48,201512,4.5
48,201601,4.5
48,201602,4.5
48,201603,4.5
48,201604,4.5
48,201605,4.6
48,201606,4.7
48,201607,4.7
48,201608,4.8
48,201609,4.8
48,201610,4.8
48,201611,4.8
48,201612,4.8
48,201701,4.8
48,201702,4.7
48,201703,4.7
48,201704,4.6
48,201705,4.4
48,201706,4.3
48,201707,4.2
48,201708,4.2
48,201709,4.1
48,201710,4.1
48,201711,4.1
48,201712,4.1
48,201801,4.1
48,201802,4.1
48,201803,4.0
48,201804,4.0
48,201805,4.0
48,201806,3.9
48,201807,3.9
48,201808,3.8
48,201809,3.8
48,201810,3.8
48,201811,3.8
48,201812,3.8
48,201901,3.7
48,201902,3.7
48,201903,3.6
48,201904,3.5
48,201905,3.4
48,201906,3.4
48,201907,3.5
48,201908,3.5
48,201909,3.5
48,201910,3.5
48,201911,3.5
48,201912,3.5
48,202001,3.5
48,202002,3.6
48,202003,5.0
48,202004,12.8
48,202005,11.7
48,202006,10.1
48,202007,9.3
48,202008,8.0
48,202009,7.7
48,202010,7.1
48,202011,7.0
48,202012,6.9
49,199601,3.4
49,199602,3.4
49,199603,3.4
49,199604,3.4
49,199605,3.4
49,199606,3.3
49,199607,3.3
49,199608,3.3
49,199609,3.4
49,199610,3.4
49,199611,3.4
49,199612,3.4
49,199701,3.3
49,199702,3.3
49,199703,3.2
49,199704,3.1
49,199705,3.1
49,199706,3.1
49,199707,3.1
49,199708,3.1
49,199709,3.1
49,199710,3.1
49,199711,3.2
49,199712,3.3
49,199801,3.4
49,199802,3.4
49,199803,3.5
49,199804,3.6
49,199805,3.6
49,199806,3.6
49,199807,3.6
49,199808,3.6
49,199809,3.6
49,199810,3.6
49,199811,3.6
49,199812,3.6
49,199901,3.6
49,199902,3.6
49,199903,3.6
49,199904,3.6
49,199905,3.6
49,199906,3.6
49,199907,3.6
49,199908,3.5
49,199909,3.5
49,199910,3.4
49,199911,3.3
49,199912,3.2
49,200001,3.1
49,200002,3.1
49,200003,3.1
49,200004,3.2
49,200005,3.2
49,200006,3.3
49,200007,3.3
49,200008,3.4
49,200009,3.5
49,200010,3.5
49,200011,3.6
49,200012,3.7
49,200101,3.8
49,200102,3.9
49,200103,3.9
49,200104,4.0
49,200105,4.1
49,200106,4.2
49,200107,4.4
49,200108,4.5
49,200109,4.7
49,200110,4.9
49,200111,5.0
49,200112,5.2
49,200201,5.3
49,200202,5.4
49,200203,5.5
49,200204,5.6
49,200205,5.7
49,200206,5.7
49,200207,5.7
49,200208,5.8
49,200209,5.8
49,200210,5.8
49,200211,5.9
49,200212,5.8
49,200301,5.8
49,200302,5.8
49,200303,5.7
49,200304,5.7
49,200305,5.6
49,200306,5.6
49,200307,5.6
49,200308,5.5
49,200309,5.5
49,200310,5.4
49,200311,5.4
49,200312,5.3
49,200401,5.3
49,200402,5.3
49,200403,5.3
49,200404,5.2
49,200405,5.2
49,200406,5.1
49,200407,5.0
49,200408,4.9
49,200409,4.8
49,200410,4.7
49,200411,4.6
49,200412,4.6
49,200501,4.5
49,200502,4.5
49,200503,4.4
49,200504,4.3
49,200505,4.2
49,200506,4.1
49,200507,4.0
49,200508,3.9
49,200509,3.8
49,200510,3.7
49,200511,3.6
49,200512,3.5
49,200601,3.4
49,200602,3.3
49,200603,3.2
49,200604,3.1
49,200605,3.0
49,200606,2.9
49,200607,2.8
49,200608,2.7
49,200609,2.6
49,200610,2.5
49,200611,2.5
49,200612,2.4
49,200701,2.4
49,200702,2.4
49,200703,2.4
49,200704,2.4
49,200705,2.5
49,200706,2.5
49,200707,2.5
49,200708,2.6
49,200709,2.7
49,200710,2.7
49,200711,2.8
49,200712,2.8
49,200801,2.8
49,200802,2.9
49,200803,2.9
49,200804,3.0
49,200805,3.0
49,200806,3.1
49,200807,3.2
49,200808,3.3
49,200809,3.4
49,200810,3.5
49,200811,3.6
49,200812,5.4
49,200901,6.3
49,200902,6.9
49,200903,7.2
49,200904,7.3
49,200905,7.5
49,200906,7.7
49,200907,7.8
49,200908,8.0
49,200909,8.1
49,200910,8.2
49,200911,8.2
49,200912,8.3
49,201001,8.4
49,201002,8.4
49,201003,8.4
49,201004,8.4
49,201005,8.3
49,201006,8.2
49,201007,8.2
49,201008,8.2
49,201009,8.2
49,201010,8.1
49,201011,8.2
49,201012,8.1
49,201101,8.0
49,201102,7.9
49,201103,7.9
49,201104,7.9
49,201105,7.9
49,201106,7.9
49,201107,7.6
49,201108,7.2
49,201109,6.7
49,201110,6.3
49,201111,5.8
49,201112,5.5
49,201201,5.3
49,201202,4.7
49,201203,4.8
49,201204,4.8
49,201205,4.8
49,201206,4.8
49,201207,4.8
49,201208,4.7
49,201209,4.7
49,201210,4.6
49,201211,4.6
49,201212,4.5
49,201301,4.5
49,201302,4.4
49,201303,4.4
49,201304,4.3
49,201305,4.3
49,201306,4.2
49,201307,4.2
49,201308,4.1
49,201309,4.1
49,201310,4.0
49,201311,3.9
49,201312,3.9
49,201401,3.8
49,201402,3.7
49,201403,3.7
49,201404,3.6
49,201405,3.6
49,201406,3.6
49,201407,3.6
49,201408,3.6
49,201409,3.6
49,201410,3.6
49,201411,3.6
49,201412,3.5
49,201501,3.5
49,201502,3.5
49,201503,3.5
49,201504,3.5
49,201505,3.5
49,201506,3.5
49,201507,3.5
49,201508,3.5
49,201509,3.5
49,201510,3.5
49,201511,3.5
49,201512,3.5
49,201601,3.5
49,201602,3.5
49,201603,3.5
49,201604,3.4
49,201605,3.4
49,201606,3.3
49,201607,3.3
49,201608,3.3
49,201609,3.2
49,201610,3.2
49,201611,3.2
49,201612,3.2
49,201701,3.2
49,201702,3.2
49,201703,3.2
49,201704,3.2
49,201705,3.2
49,201706,3.2
49,201707,3.2
49,201708,3.1
49,201709,3.1
49,201710,3.1
49,201711,3.1
49,201712,3.1
49,201801,3.0
49,201802,3.0
49,201803,3.0
49,201804,2.9
49,201805,2.9
49,201806,2.9
49,201807,2.9
49,201808,2.9
49,201809,2.9
49,201810,2.9
49,201811,2.9
49,201812,2.8
49,201901,2.8
49,201902,2.7
49,201903,2.7
49,201904,2.6
49,201905,2.6
49,201906,2.5
49,201907,2.5
49,201908,2.5
49,201909,2.4
49,201910,2.4
49,201911,2.4
49,201912,2.4
49,202001,2.5
49,202002,2.5
49,202003,2.5
49,202004,10.0
49,202005,7.7
49,202006,6.4
49,202007,5.7
49,202008,4.8
49,202009,4.5
49,202010,4.0
49,202011,3.8
49,202012,3.6
50,199601,4.2
50,199602,4.2
50,199603,4.2
50,199604,4.2
50,199605,4.2
50,199606,4.2
50,199607,4.2
50,199608,4.2
50,199609,4.2
50,199610,4.2
50,199611,4.2
50,199612,4.2
50,199701,4.2
50,199702,4.2
50,199703,4.1
50,199704,4.1
50,199705,4.0
50,199706,3.9
50,199707,3.9
50,199708,3.8
50,199709,3.7
50,199710,3.7
50,199711,3.7
50,199712,3.6
50,199801,3.6
50,199802,3.6
50,199803,3.5
50,199804,3.5
50,199805,3.4
50,199806,3.4
50,199807,3.4
50,199808,3.4
50,199809,3.3
50,199810,3.3
50,199811,3.2
50,199812,3.2
50,199901,3.2
50,199902,3.1
50,199903,3.1
50,199904,3.1
50,199905,3.1
50,199906,3.1
50,199907,3.1
50,199908,3.1
50,199909,3.0
50,199910,3.0
50,199911,3.0
50,199912,2.9
50,200001,2.8
50,200002,2.7
50,200003,2.7
50,200004,2.7
50,200005,2.7
50,200006,2.8
50,200007,2.8
50,200008,2.8
50,200009,2.8
50,200010,2.8
50,200011,2.8
50,200012,2.9
50,200101,2.9
50,200102,3.0
50,200103,3.1
50,200104,3.1
50,200105,3.2
50,200106,3.2
50,200107,3.2
50,200108,3.2
50,200109,3.3
50,200110,3.4
50,200111,3.5
50,200112,3.5
50,200201,3.6
50,200202,3.7
50,200203,3.7
50,200204,3.8
50,200205,3.9
50,200206,3.9
50,200207,3.9
50,200208,4.0
50,200209,4.1
50,200210,4.2
50,200211,4.2
50,200212,4.3
50,200301,4.4
50,200302,4.4
50,200303,4.4
50,200304,4.4
50,200305,4.4
50,200306,4.4
50,200307,4.4
50,200308,4.4
50,200309,4.3
50,200310,4.3
50,200311,4.2
50,200312,4.1
50,200401,4.0
50,200402,3.9
50,200403,3.8
50,200404,3.8
50,200405,3.7
50,200406,3.6
50,200407,3.6
50,200408,3.5
50,200409,3.5
50,200410,3.5
50,200411,3.4
50,200412,3.4
50,200501,3.4
50,200502,3.4
50,200503,3.4
50,200504,3.4
50,200505,3.4
50,200506,3.4
50,200507,3.5
50,200508,3.5
50,200509,3.5
50,200510,3.6
50,200511,3.6
50,200512,3.6
50,200601,3.5
50,200602,3.5
50,200603,3.5
50,200604,3.5
50,200605,3.6
50,200606,3.7
50,200607,3.7
50,200608,3.8
50,200609,3.8
50,200610,3.9
50,200611,3.9
50,200612,3.8
50,200701,3.8
50,200702,3.8
50,200703,3.8
50,200704,3.8
50,200705,3.8
50,200706,3.8
50,200707,3.9
50,200708,3.9
50,200709,4.0
50,200710,4.0
50,200711,4.0
50,200712,4.0
50,200801,4.0
50,200802,4.0
50,200803,4.0
50,200804,4.1
50,200805,4.2
50,200806,4.3
50,200807,4.4
50,200808,4.5
50,200809,4.7
50,200810,4.9
50,200811,5.2
50,200812,5.5
50,200901,5.9
50,200902,6.2
50,200903,6.5
50,200904,6.7
50,200905,6.7
50,200906,6.7
50,200907,6.7
50,200908,6.6
50,200909,6.6
50,200910,6.5
50,200911,6.5
50,200912,6.6
50,201001,6.6
50,201002,6.5
50,201003,6.5
50,201004,6.4
50,201005,6.3
50,201006,6.2
50,201007,6.1
50,201008,6.0
50,201009,6.0
50,201010,6.0
50,201011,6.0
50,201012,5.9
50,201101,5.8
50,201102,5.7
50,201103,5.6
50,201104,5.5
50,201105,5.5
50,201106,5.4
50,201107,5.4
50,201108,5.3
50,201109,5.3
50,201110,5.2
50,201111,5.1
50,201112,5.0
50,201201,4.9
50,201202,4.8
50,201203,4.8
50,201204,4.8
50,201205,4.8
50,201206,4.9
50,201207,4.9
50,201208,4.8
50,201209,4.8
50,201210,4.7
50,201211,4.6
50,201212,4.6
50,201301,4.6
50,201302,4.5
50,201303,4.5
50,201304,4.5
50,201305,4.5
50,201306,4.5
50,201307,4.5
50,201308,4.4
50,201309,4.4
50,201310,4.3
50,201311,4.2
50,201312,4.1
50,201401,4.1
50,201402,4.0
50,201403,4.0
50,201404,3.9
50,201405,3.9
50,201406,3.9
50,201407,3.9
50,201408,3.9
50,201409,3.9
50,201410,3.9
50,201411,3.8
50,201412,3.7
50,201501,3.7
50,201502,3.6
50,201503,3.6
50,201504,3.5
50,201505,3.5
50,201506,3.5
50,201507,3.5
50,201508,3.4
50,201509,3.4
50,201510,3.4
50,201511,3.3
50,201512,3.3
50,201601,3.2
50,201602,3.2
50,201603,3.2
50,201604,3.1
50,201605,3.1
50,201606,3.1
50,201607,3.1
50,201608,3.1
50,201609,3.1
50,201610,3.1
50,201611,3.1
50,201612,3.1
50,201701,3.1
50,201702,3.1
50,201703,3.1
50,201704,3.0
50,201705,2.9
50,201706,2.9
50,201707,2.9
50,201708,2.9
50,201709,2.9
50,201710,2.9
50,201711,2.9
50,201712,2.8
50,201801,2.8
50,201802,2.8
50,201803,2.7
50,201804,2.6
50,201805,2.5
50,201806,2.5
50,201807,2.4
50,201808,2.4
50,201809,2.4
50,201810,2.3
50,201811,2.3
50,201812,2.3
50,201901,2.3
50,201902,2.2
50,201903,2.1
50,201904,2.0
50,201905,2.0
50,201906,2.0
50,201907,2.0
50,201908,2.1
50,201909,2.1
50,201910,2.2
50,201911,2.1
50,201912,2.1
50,202001,2.1
50,202002,2.2
50,202003,2.4
50,202004,14.1
50,202005,9.6
50,202006,7.7
50,202007,6.6
50,202008,5.4
50,202009,4.9
50,202010,4.3
50,202011,4.2
50,202012,4.3
51,199601,4.4
51,199602,4.4
51,199603,4.3
51,199604,4.3
51,199605,4.3
51,199606,4.2
51,199607,4.2
51,199608,4.2
51,199609,4.1
51,199610,4.1
51,199611,4.1
51,199612,4.1
51,199701,4.1
51,199702,4.1
51,199703,4.0
51,199704,3.9
51,199705,3.8
51,199706,3.7
51,199707,3.6
51,199708,3.4
51,199709,3.3
51,199710,3.2
51,199711,3.1
51,199712,3.0
51,199801,3.0
51,199802,2.9
51,199803,2.9
51,199804,2.8
51,199805,2.8
51,199806,2.8
51,199807,2.8
51,199808,2.8
51,199809,2.8
51,199810,2.8
51,199811,2.8
51,199812,2.7
51,199901,2.7
51,199902,2.7
51,199903,2.6
51,199904,2.7
51,199905,2.7
51,199906,2.7
51,199907,2.7
51,199908,2.7
51,199909,2.7
51,199910,2.7
51,199911,2.6
51,199912,2.6
51,200001,2.5
51,200002,2.4
51,200003,2.4
51,200004,2.3
51,200005,2.3
51,200006,2.3
51,200007,2.3
51,200008,2.2
51,200009,2.2
51,200010,2.2
51,200011,2.2
51,200012,2.2
51,200101,2.3
51,200102,2.4
51,200103,2.6
51,200104,2.7
51,200105,2.9
51,200106,3.0
51,200107,3.2
51,200108,3.4
51,200109,3.6
51,200110,3.8
51,200111,4.0
51,200112,4.1
51,200201,4.2
51,200202,4.3
51,200203,4.3
51,200204,4.3
51,200205,4.3
51,200206,4.2
51,200207,4.2
51,200208,4.1
51,200209,4.1
51,200210,4.1
51,200211,4.1
51,200212,4.1
51,200301,4.1
51,200302,4.2
51,200303,4.2
51,200304,4.2
51,200305,4.2
51,200306,4.2
51,200307,4.2
51,200308,4.1
51,200309,4.1
51,200310,4.0
51,200311,3.9
51,200312,3.9
51,200401,3.9
51,200402,3.8
51,200403,3.8
51,200404,3.8
51,200405,3.8
51,200406,3.7
51,200407,3.7
51,200408,3.7
51,200409,3.6
51,200410,3.6
51,200411,3.6
51,200412,3.6
51,200501,3.6
51,200502,3.6
51,200503,3.6
51,200504,3.6
51,200505,3.5
51,200506,3.5
51,200507,3.5
51,200508,3.5
51,200509,3.5
51,200510,3.4
51,200511,3.3
51,200512,3.3
51,200601,3.2
51,200602,3.1
51,200603,3.0
51,200604,3.0
51,200605,3.0
51,200606,3.1
51,200607,3.1
51,200608,3.1
51,200609,3.1
51,200610,3.1
51,200611,3.1
51,200612,3.0
51,200701,3.0
51,200702,2.9
51,200703,2.9
51,200704,2.9
51,200705,2.9
51,200706,3.0
51,200707,3.0
51,200708,3.1
51,200709,3.2
51,200710,3.3
51,200711,3.3
51,200712,3.4
51,200801,3.4
51,200802,3.4
51,200803,3.5
51,200804,3.6
51,200805,3.7
51,200806,3.9
51,200807,4.0
51,200808,4.2
51,200809,4.4
51,200810,4.6
51,200811,4.9
51,200812,5.3
51,200901,5.8
51,200902,6.2
51,200903,6.5
51,200904,6.7
51,200905,6.9
51,200906,6.9
51,200907,7.0
51,200908,7.0
51,200909,7.0
51,200910,7.0
51,200911,7.1
51,200912,7.1
51,201001,7.1
51,201002,7.1
51,201003,7.0
51,201004,7.0
51,201005,6.9
51,201006,6.8
51,201007,6.7
51,201008,6.7
51,201009,6.7
51,201010,6.6
51,201011,6.6
51,201012,6.5
51,201101,6.4
51,201102,6.3
51,201103,6.3
51,201104,6.2
51,201105,6.3
51,201106,6.3
51,201107,6.3
51,201108,6.4
51,201109,6.3
51,201110,6.3
51,201111,6.2
51,201112,6.1
51,201201,6.0
51,201202,6.0
51,201203,5.9
51,201204,5.9
51,201205,5.9
51,201206,5.9
51,201207,5.8
51,201208,5.8
51,201209,5.7
51,201210,5.7
51,201211,5.6
51,201212,5.6
51,201301,5.6
51,201302,5.6
51,201303,5.6
51,201304,5.6
51,201305,5.6
51,201306,5.6
51,201307,5.6
51,201308,5.5
51,201309,5.5
51,201310,5.4
51,201311,5.4
51,201312,5.3
51,201401,5.3
51,201402,5.3
51,201403,5.2
51,201404,5.2
51,201405,5.2
51,201406,5.1
51,201407,5.1
51,201408,5.0
51,201409,4.9
51,201410,4.9
51,201411,4.8
51,201412,4.8
51,201501,4.7
51,201502,4.7
51,201503,4.6
51,201504,4.6
51,201505,4.5
51,201506,4.4
51,201507,4.3
51,201508,4.2
51,201509,4.2
51,201510,4.1
51,201511,4.1
51,201512,4.1
51,201601,4.0
51,201602,4.0
51,201603,4.0
51,201604,4.0
51,201605,4.0
51,201606,4.0
51,201607,4.0
51,201608,4.0
51,201609,4.0
51,201610,4.0
51,201611,4.0
51,201612,4.0
51,201701,4.0
51,201702,3.9
51,201703,3.8
51,201704,3.7
51,201705,3.7
51,201706,3.6
51,201707,3.5
51,201708,3.5
51,201709,3.5
51,201710,3.5
51,201711,3.4
51,201712,3.4
51,201801,3.4
51,201802,3.3
51,201803,3.2
51,201804,3.1
51,201805,2.9
51,201806,2.8
51,201807,2.8
51,201808,2.8
51,201809,2.8
51,201810,2.9
51,201811,3.0
51,201812,3.0
51,201901,3.1
51,201902,3.0
51,201903,2.9
51,201904,2.8
51,201905,2.7
51,201906,2.5
51,201907,2.5
51,201908,2.5
51,201909,2.6
51,201910,2.7
51,201911,2.7
51,201912,2.7
51,202001,2.8
51,202002,2.9
51,202003,3.2
51,202004,11.9
51,202005,10.0
51,202006,8.9
51,202007,8.3
51,202008,7.3
51,202009,6.7
51,202010,5.9
51,202011,5.3
51,202012,5.0
53,199601,6.2
53,199602,6.2
53,199603,6.2
53,199604,6.1
53,199605,6.1
53,199606,6.0
53,199607,5.9
53,199608,5.8
53,199609,5.7
53,199610,5.6
53,199611,5.5
53,199612,5.4
53,199701,5.3
53,199702,5.2
53,199703,5.1
53,199704,5.0
53,199705,4.9
53,199706,4.9
53,199707,4.8
53,199708,4.8
53,199709,4.7
53,199710,4.7
53,199711,4.7
53,199712,4.7
53,199801,4.7
53,199802,4.7
53,199803,4.6
53,199804,4.6
53,199805,4.6
53,199806,4.7
53,199807,4.8
53,199808,4.9
53,199809,4.9
53,199810,5.0
53,199811,4.9
53,199812,4.9
53,199901,4.8
53,199902,4.8
53,199903,4.8
53,199904,4.9
53,199905,4.9
53,199906,4.9
53,199907,4.9
53,199908,4.9
53,199909,4.9
53,199910,4.8
53,199911,4.8
53,199912,4.8
53,200001,4.8
53,200002,4.8
53,200003,4.9
53,200004,4.9
53,200005,5.0
53,200006,5.1
53,200007,5.1
53,200008,5.2
53,200009,5.2
53,200010,5.2
53,200011,5.2
53,200012,5.3
53,200101,5.4
53,200102,5.5
53,200103,5.6
53,200104,5.7
53,200105,5.8
53,200106,5.8
53,200107,5.9
53,200108,6.1
53,200109,6.3
53,200110,6.6
53,200111,6.8
53,200112,7.1
53,200201,7.2
53,200202,7.3
53,200203,7.3
53,200204,7.3
53,200205,7.2
53,200206,7.2
53,200207,7.1
53,200208,7.0
53,200209,7.0
53,200210,7.0
53,200211,7.1
53,200212,7.1
53,200301,7.2
53,200302,7.2
53,200303,7.3
53,200304,7.4
53,200305,7.4
53,200306,7.5
53,200307,7.4
53,200308,7.4
53,200309,7.3
53,200310,7.2
53,200311,7.0
53,200312,6.9
53,200401,6.8
53,200402,6.7
53,200403,6.6
53,200404,6.4
53,200405,6.3
53,200406,6.2
53,200407,6.1
53,200408,6.1
53,200409,6.0
53,200410,6.0
53,200411,5.9
53,200412,5.9
53,200501,5.8
53,200502,5.8
53,200503,5.7
53,200504,5.7
53,200505,5.6
53,200506,5.6
53,200507,5.6
53,200508,5.6
53,200509,5.5
53,200510,5.5
53,200511,5.3
53,200512,5.2
53,200601,5.1
53,200602,5.0
53,200603,4.9
53,200604,5.0
53,200605,5.0
53,200606,5.0
53,200607,5.1
53,200608,5.1
53,200609,5.0
53,200610,5.0
53,200611,4.9
53,200612,4.8
53,200701,4.7
53,200702,4.6
53,200703,4.5
53,200704,4.5
53,200705,4.5
53,200706,4.5
53,200707,4.6
53,200708,4.7
53,200709,4.7
53,200710,4.7
53,200711,4.7
53,200712,4.6
53,200801,4.6
53,200802,4.6
53,200803,4.6
53,200804,4.7
53,200805,4.8
53,200806,5.0
53,200807,5.2
53,200808,5.3
53,200809,5.4
53,200810,5.7
53,200811,6.0
53,200812,6.5
53,200901,7.0
53,200902,7.4
53,200903,7.7
53,200904,8.3
53,200905,8.8
53,200906,9.1
53,200907,9.5
53,200908,9.8
53,200909,10.2
53,200910,10.2
53,200911,10.2
53,200912,10.3
53,201001,10.4
53,201002,10.3
53,201003,10.2
53,201004,10.1
53,201005,9.9
53,201006,9.8
53,201007,9.8
53,201008,9.9
53,201009,9.9
53,201010,9.9
53,201011,9.9
53,201012,9.8
53,201101,9.7
53,201102,9.6
53,201103,9.5
53,201104,9.5
53,201105,9.5
53,201106,9.5
53,201107,9.5
53,201108,9.5
53,201109,9.4
53,201110,9.3
53,201111,9.1
53,201112,9.1
53,201201,9.0
53,201202,8.9
53,201203,8.9
53,201204,8.9
53,201205,9.0
53,201206,9.1
53,201207,8.8
53,201208,8.4
53,201209,8.0
53,201210,7.7
53,201211,7.4
53,201212,7.2
53,201301,7.0
53,201302,6.6
53,201303,6.6
53,201304,6.7
53,201305,6.7
53,201306,6.7
53,201307,6.7
53,201308,6.7
53,201309,6.6
53,201310,6.5
53,201311,6.4
53,201312,6.3
53,201401,6.3
53,201402,6.2
53,201403,6.1
53,201404,6.0
53,201405,6.0
53,201406,5.9
53,201407,5.9
53,201408,5.9
53,201409,5.8
53,201410,5.8
53,201411,5.7
53,201412,5.6
53,201501,5.6
53,201502,5.5
53,201503,5.5
53,201504,5.5
53,201505,5.4
53,201506,5.4
53,201507,5.4
53,201508,5.4
53,201509,5.4
53,201510,5.4
53,201511,5.4
53,201512,5.4
53,201601,5.4
53,201602,5.4
53,201603,5.3
53,201604,5.3
53,201605,5.3
53,201606,5.3
53,201607,5.2
53,201608,5.2
53,201609,5.1
53,201610,5.0
53,201611,4.9
53,201612,4.9
53,201701,4.8
53,201702,4.7
53,201703,4.7
53,201704,4.6
53,201705,4.6
53,201706,4.6
53,201707,4.6
53,201708,4.6
53,201709,4.7
53,201710,4.7
53,201711,4.6
53,201712,4.6
53,201801,4.6
53,201802,4.5
53,201803,4.5
53,201804,4.4
53,201805,4.3
53,201806,4.3
53,201807,4.2
53,201808,4.2
53,201809,4.3
53,201810,4.4
53,201811,4.5
53,201812,4.6
53,201901,4.7
53,201902,4.6
53,201903,4.6
53,201904,4.4
53,201905,4.3
53,201906,4.2
53,201907,4.1
53,201908,4.0
53,201909,3.9
53,201910,3.9
53,201911,3.8
53,201912,3.7
53,202001,3.6
53,202002,3.8
53,202003,6.0
53,202004,17.1
53,202005,13.6
53,202006,11.7
53,202007,10.5
53,202008,9.0
53,202009,8.2
53,202010,7.3
53,202011,6.9
53,202012,6.7
54,199601,8.1
54,199602,8.1
54,199603,8.0
54,199604,7.8
54,199605,7.7
54,199606,7.5
54,199607,7.4
54,199608,7.4
54,199609,7.4
54,199610,7.4
54,199611,7.5
54,199612,7.5
54,199701,7.5
54,199702,7.4
54,199703,7.2
54,199704,7.1
54,199705,7.0
54,199706,6.9
54,199707,6.9
54,199708,6.8
54,199709,6.8
54,199710,6.8
54,199711,6.8
54,199712,6.7
54,199801,6.7
54,199802,6.7
54,199803,6.7
54,199804,6.7
54,199805,6.7
54,199806,6.7
54,199807,6.7
54,199808,6.7
54,199809,6.6
54,199810,6.6
54,199811,6.5
54,199812,6.5
54,199901,6.5
54,199902,6.5
54,199903,6.6
54,199904,6.6
54,199905,6.6
54,199906,6.6
54,199907,6.5
54,199908,6.5
54,199909,6.4
54,199910,6.3
54,199911,6.2
54,199912,6.0
54,200001,5.9
54,200002,5.7
54,200003,5.7
54,200004,5.6
54,200005,5.6
54,200006,5.6
54,200007,5.5
54,200008,5.5
54,200009,5.5
54,200010,5.4
54,200011,5.4
54,200012,5.3
54,200101,5.3
54,200102,5.2
54,200103,5.2
54,200104,5.2
54,200105,5.1
54,200106,5.1
54,200107,5.1
54,200108,5.2
54,200109,5.3
54,200110,5.4
54,200111,5.6
54,200112,5.7
54,200201,5.8
54,200202,5.9
54,200203,6.0
54,200204,6.1
54,200205,6.2
54,200206,6.1
54,200207,6.1
54,200208,6.1
54,200209,6.1
54,200210,6.1
54,200211,6.2
54,200212,6.2
54,200301,6.3
54,200302,6.3
54,200303,6.3
54,200304,6.3
54,200305,6.3
54,200306,6.3
54,200307,6.2
54,200308,6.1
54,200309,6.0
54,200310,5.9
54,200311,5.8
54,200312,5.7
54,200401,5.7
54,200402,5.6
54,200403,5.6
54,200404,5.5
54,200405,5.4
54,200406,5.4
54,200407,5.3
54,200408,5.2
54,200409,5.2
54,200410,5.2
54,200411,5.2
54,200412,5.2
54,200501,5.2
54,200502,5.2
54,200503,5.1
54,200504,5.1
54,200505,5.0
54,200506,5.0
54,200507,5.0
54,200508,5.1
54,200509,5.1
54,200510,5.0
54,200511,4.9
54,200512,4.8
54,200601,4.7
54,200602,4.6
54,200603,4.6
54,200604,4.7
54,200605,4.8
54,200606,4.9
54,200607,4.9
54,200608,4.9
54,200609,4.9
54,200610,4.8
54,200611,4.8
54,200612,4.7
54,200701,4.6
54,200702,4.5
54,200703,4.4
54,200704,4.4
54,200705,4.4
54,200706,4.4
54,200707,4.4
54,200708,4.5
54,200709,4.5
54,200710,4.6
54,200711,4.5
54,200712,4.5
54,200801,4.4
54,200802,4.3
54,200803,4.3
54,200804,4.2
54,200805,4.2
54,200806,4.2
54,200807,4.3
54,200808,4.4
54,200809,4.5
54,200810,4.8
54,200811,5.1
54,200812,5.6
54,200901,6.2
54,200902,6.8
54,200903,7.3
54,200904,7.8
54,200905,8.1
54,200906,8.3
54,200907,8.4
54,200908,8.5
54,200909,8.5
54,200910,8.5
54,200911,8.6
54,200912,8.7
54,201001,8.7
54,201002,8.7
54,201003,8.6
54,201004,8.5
54,201005,8.3
54,201006,8.2
54,201007,8.2
54,201008,8.2
54,201009,8.3
54,201010,8.4
54,201011,8.4
54,201012,8.3
54,201101,8.2
54,201102,8.1
54,201103,8.0
54,201104,7.8
54,201105,7.7
54,201106,7.7
54,201107,7.7
54,201108,7.7
54,201109,7.6
54,201110,7.5
54,201111,7.3
54,201112,7.2
54,201201,7.1
54,201202,7.0
54,201203,7.0
54,201204,7.1
54,201205,7.2
54,201206,7.3
54,201207,7.4
54,201208,7.4
54,201209,7.3
54,201210,7.3
54,201211,7.2
54,201212,7.1
54,201301,7.0
54,201302,6.9
54,201303,6.8
54,201304,6.7
54,201305,6.6
54,201306,6.6
54,201307,6.6
54,201308,6.6
54,201309,6.6
54,201310,6.7
54,201311,6.7
54,201312,6.7
54,201401,6.7
54,201402,6.7
54,201403,6.7
54,201404,6.6
54,201405,6.5
54,201406,6.5
54,201407,6.4
54,201408,6.4
54,201409,6.4
54,201410,6.4
54,201411,6.3
54,201412,6.3
54,201501,6.4
54,201502,6.5
54,201503,6.6
54,201504,6.7
54,201505,6.8
54,201506,6.7
54,201507,6.7
54,201508,6.6
54,201509,6.5
54,201510,6.4
54,201511,6.3
54,201512,6.3
54,201601,6.3
54,201602,6.3
54,201603,6.3
54,201604,6.2
54,201605,6.2
54,201606,6.1
54,201607,6.1
54,201608,6.1
54,201609,6.0
54,201610,5.9
54,201611,5.8
54,201612,5.6
54,201701,5.4
54,201702,5.2
54,201703,5.1
54,201704,5.1
54,201705,5.0
54,201706,5.1
54,201707,5.1
54,201708,5.2
54,201709,5.2
54,201710,5.3
54,201711,5.3
54,201712,5.4
54,201801,5.4
54,201802,5.4
54,201803,5.3
54,201804,5.3
54,201805,5.2
54,201806,5.1
54,201807,5.0
54,201808,5.0
54,201809,5.0
54,201810,5.0
54,201811,5.0
54,201812,5.0
54,201901,5.0
54,201902,4.9
54,201903,4.9
54,201904,4.8
54,201905,4.8
54,201906,4.8
54,201907,4.8
54,201908,4.9
54,201909,5.0
54,201910,5.0
54,201911,5.1
54,201912,5.1
54,202001,5.2
54,202002,5.3
54,202003,5.3
54,202004,15.8
54,202005,12.5
54,202006,10.6
54,202007,9.5
54,202008,8.2
54,202009,7.6
54,202010,7.0
54,202011,6.6
54,202012,6.4
55,199601,3.8
55,199602,3.7
55,199603,3.7
55,199604,3.7
55,199605,3.7
55,199606,3.6
55,199607,3.5
55,199608,3.5
55,199609,3.5
55,199610,3.5
55,199611,3.5
55,199612,3.6
55,199701,3.6
55,199702,3.6
55,199703,3.6
55,199704,3.6
55,199705,3.6
55,199706,3.5
55,199707,3.5
55,199708,3.5
55,199709,3.4
55,199710,3.4
55,199711,3.3
55,199712,3.3
55,199801,3.2
55,199802,3.1
55,199803,3.1
55,199804,3.1
55,199805,3.2
55,199806,3.2
55,199807,3.3
55,199808,3.4
55,199809,3.5
55,199810,3.5
55,199811,3.4
55,199812,3.3
55,199901,3.3
55,199902,3.2
55,199903,3.1
55,199904,3.0
55,199905,3.0
55,199906,3.0
55,199907,3.0
55,199908,3.0
55,199909,3.0
55,199910,3.0
55,199911,3.1
55,199912,3.1
55,200001,3.1
55,200002,3.1
55,200003,3.2
55,200004,3.3
55,200005,3.4
55,200006,3.4
55,200007,3.5
55,200008,3.5
55,200009,3.5
55,200010,3.5
55,200011,3.6
55,200012,3.6
55,200101,3.8
55,200102,3.9
55,200103,4.0
55,200104,4.1
55,200105,4.2
55,200106,4.3
55,200107,4.4
55,200108,4.5
55,200109,4.7
55,200110,4.9
55,200111,5.1
55,200112,5.2
55,200201,5.4
55,200202,5.4
55,200203,5.4
55,200204,5.4
55,200205,5.3
55,200206,5.3
55,200207,5.2
55,200208,5.2
55,200209,5.2
55,200210,5.3
55,200211,5.3
55,200212,5.4
55,200301,5.5
55,200302,5.6
55,200303,5.6
55,200304,5.7
55,200305,5.8
55,200306,5.8
55,200307,5.8
55,200308,5.7
55,200309,5.6
55,200310,5.5
55,200311,5.4
55,200312,5.3
55,200401,5.2
55,200402,5.2
55,200403,5.1
55,200404,5.1
55,200405,5.0
55,200406,5.0
55,200407,4.9
55,200408,4.9
55,200409,4.8
55,200410,4.8
55,200411,4.8
55,200412,4.8
55,200501,4.8
55,200502,4.7
55,200503,4.7
55,200504,4.7
55,200505,4.7
55,200506,4.7
55,200507,4.7
55,200508,4.7
55,200509,4.7
55,200510,4.7
55,200511,4.7
55,200512,4.7
55,200601,4.7
55,200602,4.6
55,200603,4.6
55,200604,4.6
55,200605,4.6
55,200606,4.7
55,200607,4.7
55,200608,4.7
55,200609,4.7
55,200610,4.8
55,200611,4.8
55,200612,4.8
55,200701,4.8
55,200702,4.8
55,200703,4.8
55,200704,4.8
55,200705,4.8
55,200706,4.9
55,200707,4.9
55,200708,4.9
55,200709,4.9
55,200710,4.9
55,200711,4.8
55,200712,4.6
55,200801,4.4
55,200802,4.3
55,200803,4.2
55,200804,4.2
55,200805,4.3
55,200806,4.5
55,200807,4.7
55,200808,5.0
55,200809,5.3
55,200810,5.6
55,200811,6.1
55,200812,6.7
55,200901,7.3
55,200902,7.9
55,200903,8.4
55,200904,8.8
55,200905,9.0
55,200906,9.1
55,200907,9.2
55,200908,9.2
55,200909,9.2
55,200910,9.3
55,200911,9.3
55,200912,9.3
55,201001,9.2
55,201002,9.1
55,201003,8.9
55,201004,8.7
55,201005,8.5
55,201006,8.3
55,201007,8.2
55,201008,8.1
55,201009,8.1
55,201010,8.0
55,201011,8.0
55,201012,7.9
55,201101,7.8
55,201102,7.7
55,201103,7.6
55,201104,7.6
55,201105,7.6
55,201106,7.7
55,201107,7.7
55,201108,7.6
55,201109,7.5
55,201110,7.4
55,201111,7.3
55,201112,7.1
55,201201,7.0
55,201202,6.9
55,201203,6.9
55,201204,7.0
55,201205,7.0
55,201206,7.0
55,201207,7.0
55,201208,6.9
55,201209,6.8
55,201210,6.8
55,201211,6.8
55,201212,6.9
55,201301,6.9
55,201302,7.0
55,201303,7.0
55,201304,6.9
55,201305,6.8
55,201306,6.7
55,201307,6.7
55,201308,6.6
55,201309,6.5
55,201310,6.4
55,201311,6.3
55,201312,6.2
55,201401,6.0
55,201402,5.9
55,201403,5.7
55,201404,5.6
55,201405,5.5
55,201406,5.4
55,201407,5.3
55,201408,5.2
55,201409,5.1
55,201410,5.0
55,201411,4.9
55,201412,4.8
55,201501,4.7
55,201502,4.7
55,201503,4.6
55,201504,4.6
55,201505,4.5
55,201506,4.4
55,201507,4.3
55,201508,4.3
55,201509,4.3
55,201510,4.2
55,201511,4.2
55,201512,4.2
55,201601,4.2
55,201602,4.1
55,201603,4.1
55,201604,4.0
55,201605,4.0
55,201606,3.9
55,201607,3.9
55,201608,3.9
55,201609,3.8
55,201610,3.8
55,201611,3.8
55,201612,3.7
55,201701,3.6
55,201702,3.5
55,201703,3.4
55,201704,3.3
55,201705,3.3
55,201706,3.2
55,201707,3.3
55,201708,3.3
55,201709,3.2
55,201710,3.2
55,201711,3.1
55,201712,3.0
55,201801,3.0
55,201802,3.0
55,201803,3.0
55,201804,3.0
55,201805,3.0
55,201806,3.0
55,201807,3.0
55,201808,3.0
55,201809,3.0
55,201810,3.0
55,201811,3.0
55,201812,3.0
55,201901,3.1
55,201902,3.1
55,201903,3.1
55,201904,3.2
55,201905,3.2
55,201906,3.2
55,201907,3.3
55,201908,3.3
55,201909,3.3
55,201910,3.3
55,201911,3.2
55,201912,3.2
55,202001,3.1
55,202002,3.1
55,202003,3.0
55,202004,14.1
55,202005,10.5
55,202006,8.7
55,202007,7.6
55,202008,6.3
55,202009,5.8
55,202010,5.2
55,202011,5.0
55,202012,4.8
56,199601,4.9
56,199602,4.9
56,199603,4.9
56,199604,4.9
56,199605,4.9
56,199606,4.9
56,199607,4.9
56,199608,5.0
56,199609,5.1
56,199610,5.1
56,199611,5.2
56,199612,5.2
56,199701,5.2
56,199702,5.1
56,199703,5.1
56,199704,5.0
56,199705,4.9
56,199706,4.8
56,199707,4.7
56,199708,4.5
56,199709,4.5
56,199710,4.5
56,199711,4.5
56,199712,4.6
56,199801,4.6
56,199802,4.7
56,199803,4.7
56,199804,4.8
56,199805,4.8
56,199806,4.8
56,199807,4.9
56,199808,4.9
56,199809,4.9
56,199810,4.9
56,199811,4.8
56,199812,4.8
56,199901,4.8
56,199902,4.9
56,199903,4.9
56,199904,4.9
56,199905,4.9
56,199906,4.9
56,199907,4.8
56,199908,4.7
56,199909,4.6
56,199910,4.5
56,199911,4.4
56,199912,4.3
56,200001,4.1
56,200002,4.0
56,200003,3.8
56,200004,3.8
56,200005,3.7
56,200006,3.7
56,200007,3.7
56,200008,3.8
56,200009,3.8
56,200010,3.7
56,200011,3.7
56,200012,3.7
56,200101,3.7
56,200102,3.8
56,200103,3.8
56,200104,3.8
56,200105,3.8
56,200106,3.8
56,200107,3.9
56,200108,3.9
56,200109,4.0
56,200110,4.0
56,200111,4.0
56,200112,4.0
56,200201,4.0
56,200202,4.0
56,200203,4.1
56,200204,4.1
56,200205,4.1
56,200206,4.0
56,200207,3.9
56,200208,3.9
56,200209,4.0
56,200210,4.1
56,200211,4.2
56,200212,4.3
56,200301,4.4
56,200302,4.4
56,200303,4.5
56,200304,4.5
56,200305,4.5
56,200306,4.5
56,200307,4.4
56,200308,4.4
56,200309,4.3
56,200310,4.2
56,200311,4.1
56,200312,4.1
56,200401,4.0
56,200402,4.0
56,200403,3.9
56,200404,3.9
56,200405,3.8
56,200406,3.8
56,200407,3.8
56,200408,3.8
56,200409,3.8
56,200410,3.8
56,200411,3.7
56,200412,3.7
56,200501,3.6
56,200502,3.6
56,200503,3.6
56,200504,3.6
56,200505,3.6
56,200506,3.6
56,200507,3.6
56,200508,3.6
56,200509,3.6
56,200510,3.5
56,200511,3.5
56,200512,3.4
56,200601,3.3
56,200602,3.3
56,200603,3.2
56,200604,3.2
56,200605,3.1
56,200606,3.1
56,200607,3.0
56,200608,3.0
56,200609,3.0
56,200610,3.0
56,200611,2.9
56,200612,2.8
56,200701,2.8
56,200702,2.7
56,200703,2.7
56,200704,2.7
56,200705,2.8
56,200706,2.8
56,200707,2.8
56,200708,2.7
56,200709,2.7
56,200710,2.7
56,200711,2.7
56,200712,2.7
56,200801,2.7
56,200802,2.7
56,200803,2.6
56,200804,2.7
56,200805,2.7
56,200806,2.8
56,200807,2.9
56,200808,3.0
56,200809,3.1
56,200810,3.3
56,200811,3.6
56,200812,3.9
56,200901,4.3
56,200902,4.8
56,200903,5.3
56,200904,5.7
56,200905,6.1
56,200906,6.4
56,200907,6.7
56,200908,6.9
56,200909,7.1
56,200910,7.2
56,200911,7.4
56,200912,7.5
56,201001,7.5
56,201002,7.4
56,201003,7.3
56,201004,7.1
56,201005,6.9
56,201006,6.8
56,201007,6.7
56,201008,6.6
56,201009,6.6
56,201010,6.6
56,201011,6.5
56,201012,6.5
56,201101,6.4
56,201102,6.3
56,201103,6.2
56,201104,6.1
56,201105,6.1
56,201106,6.0
56,201107,6.0
56,201108,6.0
56,201109,6.0
56,201110,6.0
56,201111,5.9
56,201112,5.8
56,201201,5.7
56,201202,5.6
56,201203,5.6
56,201204,5.6
56,201205,5.6
56,201206,5.6
56,201207,5.5
56,201208,5.4
56,201209,5.3
56,201210,5.2
56,201211,5.1
56,201212,5.1
56,201301,5.0
56,201302,5.0
56,201303,4.9
56,201304,4.8
56,201305,4.7
56,201306,4.7
56,201307,4.6
56,201308,4.6
56,201309,4.6
56,201310,4.6
56,201311,4.6
56,201312,4.5
56,201401,4.5
56,201402,4.4
56,201403,4.4
56,201404,4.4
56,201405,4.4
56,201406,4.4
56,201407,4.4
56,201408,4.4
56,201409,4.4
56,201410,4.3
56,201411,4.2
56,201412,4.1
56,201501,4.0
56,201502,4.0
56,201503,4.0
56,201504,4.0
56,201505,4.1
56,201506,4.1
56,201507,4.2
56,201508,4.3
56,201509,4.4
56,201510,4.5
56,201511,4.6
56,201512,4.8
56,201601,5.0
56,201602,5.2
56,201603,5.4
56,201604,5.5
56,201605,5.5
56,201606,5.5
56,201607,5.4
56,201608,5.3
56,201609,5.2
56,201610,5.2
56,201611,5.1
56,201612,5.0
56,201701,4.8
56,201702,4.7
56,201703,4.5
56,201704,4.3
56,201705,4.2
56,201706,4.2
56,201707,4.2
56,201708,4.2
56,201709,4.2
56,201710,4.3
56,201711,4.3
56,201712,4.2
56,201801,4.2
56,201802,4.2
56,201803,4.1
56,201804,4.1
56,201805,4.1
56,201806,4.1
56,201807,4.1
56,201808,4.0
56,201809,4.0
56,201810,4.0
56,201811,4.0
56,201812,3.9
56,201901,3.7
56,201902,3.6
56,201903,3.5
56,201904,3.5
56,201905,3.5
56,201906,3.6
56,201907,3.7
56,201908,3.8
56,201909,3.8
56,201910,3.9
56,201911,4.0
56,201912,4.2
56,202001,4.4
56,202002,4.6
56,202003,4.8
56,202004,5.1
56,202005,8.7
56,202006,7.3
56,202007,6.8
56,202008,6.2
56,202009,5.9
56,202010,5.6
56,202011,5.5
56,202012,5.4
