Record_ID,Store_Name,Store_Street_Address,Additonal_Address,City,State,Zip_Code,Zip4,County,Store_Type,Latitude,Longitude,Incentive_Program,Grantee_Name,ObjectId
1694069,Los Amigos Supermarket,122 Lafayette St,,Salem,MA,01970,3625,ESSEX,Convenience Store,42.517876,-70.893356,,,22
1693286,South Main Convenience Store,238 S Main St,,Fall River,MA,02721,5308,BRISTOL,Convenience Store,41.699108,-71.157379,,,23
1694699,Assembly Row Farmers Market,375 Assembly Row,,Somerville,MA,02145,4336,MIDDLESEX,Farmers and Markets,42.392914,-71.078827,,,117
1684439,Morline Super Caribbean Market 1,657 Route 28,Unit 4,Yarmouth,MA,02673,    ,BARNSTABLE,Grocery Store,41.648106,-70.224937,,,237
1687910,Fab Farms,12 S Main St,,Natick,MA,01760,4944,MIDDLESEX,Farmers and Markets,42.283337,-71.346771,,,310
1694427,Puma Express,841 Morton St,,Mattapan,MA,02126,2453,SUFFOLK,Convenience Store,42.28104,-71.086533,,,311
1691407,Convenience Plus,225 Western Ave,,Lynn,MA,01904,2745,ESSEX,Convenience Store,42.478004,-70.948708,,,376
1694490,Dracut Convenience,26 Pleasant St,,Dracut,MA,01826,4792,MIDDLESEX,Convenience Store,42.663013,-71.325752,,,377
759599,East Side Market,364 Centre St,,Brockton,MA,02302,2722,PLYMOUTH,Convenience Store,42.084129,-71.005234,,,378
1435332,Luau Brazilian Market,564 Washington St,,Abington,MA,02351,2424,PLYMOUTH,Grocery Store,42.107597,-70.94471,,,421
1697627,Big Y Pembroke 145,24 Mattakeesett St,,Pembroke,MA,02359,2527,PLYMOUTH,Super Store,42.067177,-70.812233,,,422
1450768,Richdale Food Shops 101,22 S Main St,,Randolph,MA,02368,4821,NORFOLK,Convenience Store,42.16124,-71.041107,,,423
1501336,Nubia Farms NAFMNP,402 Rindge,Avenue,Cambridge,MA,02140,    ,MIDDLESEX,Farmers and Markets,42.393116,-71.139908,,,424
1688698,Tiptop Co-op Community Market,8 Central St,,Brookfield,MA,01506,1612,WORCESTER,Convenience Store,42.215172,-72.100868,,,605
1690957,World Farmers,769 Main St,,Lancaster,MA,01523,2248,WORCESTER,Farmers and Markets,42.456455,-71.673355,,,661
1233786,Brothers Meat Market Inc.,113 Irving St,Ste 1,Framingham,MA,01702,7385,MIDDLESEX,Supermarket,42.275253,-71.415321,,,662
1694090,Nalee Yang,326 7 Bridge Rd,,Lancaster,MA,01523,2601,WORCESTER,Farmers and Markets,42.462364,-71.65921,,,663
1697548,M & M Market,169 Lincoln St,,Worcester,MA,01605,3743,WORCESTER,Convenience Store,42.279854,-71.793236,,,664
1694359,Joes Gas,33 Bedford St,,Lakeville,MA,02347,1307,PLYMOUTH,Convenience Store,41.88929,-70.957191,,,704
1694786,Niki's Liquor,24 Haydenville Rd,,Leeds,MA,01053,9713,HAMPSHIRE,Convenience Store,42.350327,-72.690666,,,855
1696296,Key Food Market Place,235 South St,,Holyoke,MA,01040,3611,HAMPDEN,Supermarket,42.196278,-72.621498,,,856
1388076,Jds Variety,259 Franklin Rd,,Fitchburg,MA,01420,5105,WORCESTER,Convenience Store,42.568623,-71.820923,,,857
1662260,The Farm Stand,244 School St,,Winchendon,MA,01475,1155,WORCESTER,Other,42.688892,-72.058144,,,1077
1670727,TRADER JOE'S NEWTON 583,165 Needham St,,Newton Upper Falls,MA,02464,1554,MIDDLESEX,Supermarket,42.312092,-71.21376,,,1103
1403085,7-Eleven 34400B,543 Ferry St,,Everett,MA,02149,5605,MIDDLESEX,Convenience Store,42.42004,-71.053955,,,1124
1626539,San Juan Market,65 W Dedham St,,Boston,MA,02118,1671,SUFFOLK,Grocery Store,42.341843,-71.072388,,,1235
1392066,The Daily Market 001,110 Savin Hill Ave,,Dorchester,MA,02125,1431,SUFFOLK,Supermarket,42.311798,-71.053719,,,1292
979327,Joe's Kwik Marts 515,41 Lee Burbank Hwy,,Revere,MA,02151,4001,SUFFOLK,Convenience Store,42.396107,-71.008995,,,1529
1626515,The Farmland,415 Main St,,Wakefield,MA,01880,3063,MIDDLESEX,Super Store,42.50243,-71.070351,,,1659
1325440,E Market,265 Merrimack St,,Lawrence,MA,01843,1700,ESSEX,Convenience Store,42.702663,-71.150185,,,1660
1635975,Costco Wholesale 1704,160 Old Post Rd,,Sharon,MA,02067,2843,NORFOLK,Super Store,42.104584,-71.227028,,,1719
1409593,Mutual Gas,675 Washington St,,South Easton,MA,02375,1197,BRISTOL,Convenience Store,42.042488,-71.078201,,,1867
1631083,Atlantic Hill Market ,248 Atlantic Ave,,Hull,MA,02045,3242,PLYMOUTH,Convenience Store,42.265778,-70.845375,,,1868
1686730,Omar And Sons,73 Liberty St,,Springfield,MA,01103,1011,HAMPDEN,Convenience Store,42.106373,-72.595375,,,1919
1635667,Leicester Gas & Market LLC 467,1603 Main St,,Leicester,MA,01524,1916,WORCESTER,Convenience Store,42.246792,-71.93792,,,1930
1621036,American Grocery,426 Main St,,Haverhill,MA,01830,3315,ESSEX,Convenience Store,42.7854,-71.07991,,,1933
972856,7-Eleven 34422A,687 S Main St,,Haverhill,MA,01835,7009,ESSEX,Convenience Store,42.759045,-71.097122,,,1934
1628479,Angelina's Convenience,1350 Middlesex St,,Lowell,MA,01851,1220,MIDDLESEX,Other,42.638168,-71.340073,,,1993
1635668,Stoughton Gas & Market LLC 500,1578 Turnpike St,,Stoughton,MA,02072,1065,NORFOLK,Convenience Store,42.152195,-71.074539,,,1994
1399609,Gateway Food Shops,872 W Boylston St,,Worcester,MA,01606,3030,WORCESTER,Convenience Store,42.323624,-71.793663,,,2110
1408426,Gateway Food Shops,98 Millbury St,,Worcester,MA,01610,2819,WORCESTER,Convenience Store,42.252644,-71.7995,,,2112
1637886,Deershorn Farm / Taxidermy Llc NAFMNP/TPG,241 Chace Hill Rd,,Lancaster,MA,01523,1740,WORCESTER,Farmers and Markets,42.426777,-71.716827,,,2115
1660182,S&i Market Inc,306 4th St,,Fall River,MA,02721,2822,BRISTOL,Convenience Store,41.696381,-71.156319,,,2140
1657251,Bridge Street Food Mart,407 Bridge St,,North Weymouth,MA,02191,1427,NORFOLK,Convenience Store,42.24295,-70.949524,,,2141
895201,Oak Grove Variety,9A Grove St,,Malden,MA,02148,1315,MIDDLESEX,Convenience Store,42.435577,-71.072495,,,2204
1590056,Sand Hills General Store,160 Turner Road,,Scituate,MA,02066,    ,PLYMOUTH,Convenience Store,42.208298,-70.724304,,,2205
866772,Cibao Market,3936 Washington St,,Roslindale,MA,02131,1233,SUFFOLK,Grocery Store,42.294147,-71.119675,,,2227
250327,CUMBERLAND FARMS  167,794 Springfield St,,Feeding Hills,MA,01030,2109,HAMPDEN,Convenience Store,42.075672,-72.655571,,,2340
250536,Pisces Fish Market N/A,690 American Legion Hwy,,Roslindale,MA,02131,3900,SUFFOLK,Other,42.283352,-71.112038,,,2359
1629022,The Local Shoppe # 014 014,93 County St,,Taunton,MA,02780,3500,BRISTOL,Convenience Store,41.895649,-71.079376,,,2441
1630398,Crown Smoke Shop & More,216 Adams St,,Dorchester,MA,02122,1300,SUFFOLK,Convenience Store,42.30154,-71.059578,,,2537
1638330,Dollar General 31401,170 Oak St,,Brockton,MA,02301,1354,PLYMOUTH,Other,42.101173,-71.031609,,,2630
1630485,Tj Convenience,182 Thorndike St,,Brookline,MA,02446,5844,NORFOLK,Convenience Store,42.350075,-71.126114,,,2640
1631598,Gsweetss,139 Lynnfield St,Ste 104,Peabody,MA,01960,5187,ESSEX,Other,42.517452,-70.958023,,,2851
1640108,7-Eleven 40292H,1781 N Shore Rd,,Revere,MA,02151,3589,SUFFOLK,Convenience Store,42.401478,-70.99765,,,2855
1633204,Quick Mart,58 S Main St,,Milford,MA,01757,3271,WORCESTER,Grocery Store,42.133801,-71.520584,,,2857
1597963,Amherst Mobile Market Inc,990 N Pleasant St,Apt A110,Amherst,MA,01002,3903,HAMPSHIRE,Other,42.403309,-72.533028,,,2907
1601945,Tending Tomorrow Farm,763 Old Stage Rd,,Barre,MA,01005,9406,WORCESTER,Farmers and Markets,42.449097,-72.134193,,,2910
252154,Market Basket 12,350 Winthrop Ave,,North Andover,MA,01845,4289,ESSEX,Super Store,42.6796,-71.133621,,,2925
252631,Shaw's 495,180A Cambridge St,,Burlington,MA,01803,2919,MIDDLESEX,Supermarket,42.511421,-71.198418,,,2975
248125,CVS PHARMACY 2339,1176 Granby Rd,,Chicopee,MA,01020,1549,HAMPDEN,Other,42.17466,-72.587578,,,3118
268575,Crosby's Marketplace,211 Sudbury Rd,,Concord,MA,01742,3498,MIDDLESEX,Super Store,42.454018,-71.355705,,,3185
1638527,Kibbys Corner,824 Worthington St,,Springfield,MA,01105,1100,HAMPDEN,Convenience Store,42.111805,-72.583443,,,3328
1647527,Susies Convenience,520 Main St,,Springfield,MA,01151,    ,HAMPDEN,Convenience Store,42.155876,-72.487175,,,3335
244755,ATKINS FRUIT BOWL INC,1150 West St,,Amherst,MA,01002,3327,HAMPSHIRE,Super Store,42.319176,-72.529114,,,3361
245015,MARKET BASKET  44,199 BOSTON RD,,BILLERICA,MA,01821,    ,MIDDLESEX,Super Store,42.542423,-71.251694,,,3377
245115,POCASSET COUNTRY MARKET,303 Barlows Landing Rd,,Pocasset,MA,02559,1970,BARNSTABLE,Grocery Store,41.693275,-70.613609,,,3383
267243,Walgreens 17226,501 North St,,Pittsfield,MA,01201,4101,BERKSHIRE,Other,42.455696,-73.251976,,,3452
246285,Whole Foods Market 10026,200 Alewife Brook Pkwy,,Cambridge,MA,02138,1102,MIDDLESEX,Super Store,42.389084,-71.141693,,,3518
267362,ARAX MARKET,585 Mount Auburn St,,Watertown,MA,02472,4154,MIDDLESEX,Grocery Store,42.370365,-71.158981,,,3521
1645954,Delaney's Market- Springfield,334 Park St,,West Springfield,MA,01089,3699,HAMPDEN,Convenience Store,42.102489,-72.625847,,,3585
255001,Walmart  2155,677 Timpany Blvd,,Gardner,MA,01440,3452,WORCESTER,Super Store,42.551529,-71.994644,,,3682
242449,Shaw's 4471,368 Southbridge St,,Auburn,MA,01501,2439,WORCESTER,Supermarket,42.205925,-71.837654,,,3686
243854,CVS PHARMACY 1110,4171 N Main St,,Fall River,MA,02720,1647,BRISTOL,Other,41.751122,-71.120804,,,3687
242781,CVS PHARMACY  1259,231 Massachusetts Ave,,Boston,MA,02115,3500,SUFFOLK,Other,42.344337,-71.086739,,,3794
255199,MARKET BASKET  5,700 Essex St,,Lawrence,MA,01841,4396,ESSEX,Super Store,42.701946,-71.172127,,,3798
254162,CUMBERLAND FARMS  0145,134 King St,,Northampton,MA,01060,2349,HAMPSHIRE,Convenience Store,42.324127,-72.632835,,,3833
255236,Kam Man Food,219 Quincy Ave,,Quincy,MA,02169,    ,NORFOLK,Super Store,42.240326,-70.992058,,,3836
1591198,Aries Market NA,5 Lewis Mall,,East Boston,MA,02128,2769,SUFFOLK,Convenience Store,42.368996,-71.040359,,,3875
248773,Roche Bros Supermarkets Inc 105,150 W Central St,,Natick,MA,01760,4106,MIDDLESEX,Supermarket,42.281265,-71.376961,,,3960
266698,VICTORY,573 Union St,,West Springfield,MA,01089,4114,HAMPDEN,Grocery Store,42.100113,-72.611801,,,3991
270826,CVS PHARMACY 1198,9 Nelson St,,Leominster,MA,01453,2131,WORCESTER,Other,42.542915,-71.760887,,,4046
243668,RICHDALE CONVENIENCE STORE,573 Chestnut St,,Lynn,MA,01904,2718,ESSEX,Convenience Store,42.478176,-70.951256,,,4054
235505,CVS PHARMACY 492,2100 Acushnet Ave,,New Bedford,MA,02745,6310,BRISTOL,Other,41.679394,-70.923004,,,4119
236177,CVS PHARMACY 685,1145 Kempton St,,New Bedford,MA,02740,1531,BRISTOL,Other,41.636471,-70.956711,,,4166
236327,Trucchis Supermarket 4,858 Bedford St,,Abington,MA,02351,1650,PLYMOUTH,Super Store,42.127254,-70.949905,,,4182
284079,Big Y Supermarkets 50,44 Willimansett St,,South Hadley,MA,01075,    ,HAMPSHIRE,Super Store,42.222763,-72.572044,,,4228
236938,CUMBERLAND FARMS  2287,2012 Acushnet Ave,,New Bedford,MA,02745,6124,BRISTOL,Convenience Store,41.676388,-70.923279,,,4452
237865,Hannaford Supermarket & Pharmacy 8017,55 Russell St,,Waltham,MA,02451,    ,MIDDLESEX,Super Store,42.375977,-71.244568,,,4529
234401,CUMBERLAND FARMS 2315,460 Route 134,,South Dennis,MA,02660,3423,BARNSTABLE,Convenience Store,41.691795,-70.152641,,,4541
284706,Shaw's 1598,1070 Iyannough Rd,,Hyannis,MA,02601,    ,BARNSTABLE,Supermarket,41.672966,-70.304787,,,4633
269681,Corporation Market LLC,136 Newbury St,,Lawrence,MA,01841,3910,ESSEX,Grocery Store,42.712543,-71.155792,,,4692
234988,COMPARE SUPERMARKET,153 Hawthorne St,,Chelsea,MA,02150,3242,SUFFOLK,Super Store,42.392021,-71.034454,,,4738
284932,CVS PHARMACY  1012,2743 Main St,,Watertown,MA,02472,4326,MIDDLESEX,Other,42.370907,-71.195168,,,4742
285074,Price Chopper Marlborough 162,240 E Main St,,Marlborough,MA,01752,2669,MIDDLESEX,Supermarket,42.353477,-71.534569,,,4801
240078,Walgreens 18091,530 Somerville Ave,,Somerville,MA,02143,3216,MIDDLESEX,Other,42.382702,-71.106964,,,4890
238664,MCKINNON'S BUTCHER SHOP,73 Holten St,,Danvers,MA,01923,1938,ESSEX,Super Store,42.560947,-70.947983,,,4970
238898,Hartes Package & Variety Store,47 Dalton Ave,,Pittsfield,MA,01201,3503,BERKSHIRE,Convenience Store,42.457161,-73.231682,,,4991
228961,CVS PHARMACY 615,233 Broadway,,Methuen,MA,01844,3037,ESSEX,Other,42.724812,-71.184464,,,5021
229004,Walgreens 2311,1919 Wilbraham Rd,,Springfield,MA,01129,1822,HAMPDEN,Other,42.114983,-72.497826,,,5027
229501,FOODIE'S URBAN MARKET,1421 Washington St,,Boston,MA,02118,2009,SUFFOLK,Super Store,42.341137,-71.070633,,,5068
1652858,Rei Do Gado Market Westborough,122 Turnpike Rd,,Westborough,MA,01581,2854,WORCESTER,Grocery Store,42.284363,-71.605186,,,5099
1670400,Big Y Uxbridge 131,250 South Main Street,,Uxbridge,MA,01569,    ,WORCESTER,Super Store,42.065094,-71.622498,,,5102
285441,CUMBERLAND FARMS 6617,19 Montague Rd,,Amherst,MA,01002,1027,HAMPSHIRE,Convenience Store,42.41066,-72.530846,,,5133
285692,Star Market 4595,625 W Main St,,Hyannis,MA,02601,3420,BARNSTABLE,Supermarket,41.651833,-70.317291,,,5161
287382,BERKSHIRE CO-OP MARKET,34 Bridge St,,Great Barrington,MA,01230,3103,BERKSHIRE,Other,42.193268,-73.361755,,,5318
287463,Appleton Market,435 Appleton St,,Holyoke,MA,01040,4064,HAMPDEN,Grocery Store,42.208267,-72.615639,,,5328
258461,CVS PHARMACY  2254,137 S Main St,,Milford,MA,01757,3258,WORCESTER,Other,42.12672,-71.518547,,,5336
226183,Stop & Shop 0015,450 Paradise Rd,Ste 1,Swampscott,MA,01907,1378,ESSEX,Supermarket,42.483128,-70.90451,,,5454
226381,CVS PHARMACY 0604,199 Sudbury Rd,,Concord,MA,01742,3466,MIDDLESEX,Other,42.455059,-71.357048,,,5468
227824,BIRDS STORE,94 Maple St,,Florence,MA,01062,1294,HAMPSHIRE,Grocery Store,42.335209,-72.672234,,,5496
227999,Walmart 2222,333 Main St,,Tewksbury,MA,01876,1727,MIDDLESEX,Super Store,42.622887,-71.269691,,,5560
230083,HANNAFORD SUPERMARKET 8009,18 Main St,,Townsend,MA,01469,1300,MIDDLESEX,Super Store,42.650124,-71.660522,,,5590
230149,Stop & Shop 458,660 Merrill Rd,,Pittsfield,MA,01201,3714,BERKSHIRE,Supermarket,42.465435,-73.203186,,,5630
228193,7-Eleven 37405H,774 Plain St,,Marshfield,MA,02050,2107,PLYMOUTH,Convenience Store,42.106758,-70.748032,,,5672
231843,Shaw's 2470,50 Boston Tpke,Ste 1,Shrewsbury,MA,01545,3540,WORCESTER,Supermarket,42.273621,-71.753258,,,5675
259028,Stop & Shop 17,495 Southern Artery,,Quincy,MA,02169,4610,NORFOLK,Supermarket,42.252769,-70.994972,,,5685
228296,Big Y Supermarkets 24,505 E Main St,,Southbridge,MA,01550,2929,WORCESTER,Super Store,42.068424,-72.009308,,,5712
288074,Big Y Supermarkets 08,195 College Hwy,,Southwick,MA,01077,9438,HAMPDEN,Super Store,42.025074,-72.788353,,,5727
288180,CVS PHARMACY  1230,151 N Main St,,Belchertown,MA,01007,9839,HAMPSHIRE,Other,42.288296,-72.406792,,,5770
259287,Walmart  1984,1415 Curran Memorial Hwy,,North Adams,MA,01247,3964,BERKSHIRE,Super Store,42.664307,-73.108025,,,5784
288298,CVS PHARMACY  1225,22 Main St,,Blackstone,MA,01504,2257,WORCESTER,Other,42.017204,-71.529106,,,5822
259475,CVS PHARMACY  43,474 Washington St,,Weymouth,MA,02188,2911,NORFOLK,Other,42.207611,-70.957031,,,5883
230746,VENTURA'S MEAT OUTLET,388 Lawton St,,Fall River,MA,02721,    ,BRISTOL,Specialty Store,41.674248,-71.154892,,,5943
278777,Shaw's 1632,100 N Main St,,Carver,MA,02330,1046,PLYMOUTH,Supermarket,41.922241,-70.804276,,,6032
278865,CUMBERLAND FARMS  6694,317 Federal St,,Greenfield,MA,01301,1949,FRANKLIN,Convenience Store,42.601318,-72.593491,,,6038
264258,Trader Joe's 503,659 Worcester Rd,,Framingham,MA,01701,5223,MIDDLESEX,Supermarket,42.298466,-71.424278,,,6112
279720,CVS PHARMACY  2161,302 Main St,,Oxford,MA,01540,2361,WORCESTER,Other,42.116413,-71.864761,,,6145
280645,Trader Joe's 510,899 Boylston St,,Boston,MA,02115,3104,SUFFOLK,Supermarket,42.348518,-71.084122,,,6220
280884,Walgreens 6739,54 Plain St,,Lowell,MA,01851,4419,MIDDLESEX,Other,42.626064,-71.322723,,,6245
260785,Stop & Shop 22,55 Long Pond Dr,,South Yarmouth,MA,02664,4161,BARNSTABLE,Supermarket,41.658085,-70.206108,,,6259
274994,Hannaford Food & Drug 8003,118 Lancaster St,,Leominster,MA,01453,3833,WORCESTER,Super Store,42.521397,-71.7537,,,6274
275046,MARKET BASKET 15,2 Water St,,Haverhill,MA,01830,6223,ESSEX,Super Store,42.775993,-71.075165,,,6314
281089,Stop & Shop 49,700 Pleasant St,,Watertown,MA,02472,2421,MIDDLESEX,Supermarket,42.367332,-71.213531,,,6324
276406,Star Market 3566,1717 Beacon St,,Brookline,MA,02445,5301,NORFOLK,Supermarket,42.338203,-71.139359,,,6346
277445,Walgreens 17542,1 Saint James Ave #5,,Chicopee,MA,01020,2441,HAMPDEN,Other,42.147724,-72.57869,,,6435
262105,Stop & Shop 487,700 Middle St,,E WEYMOUTH,MA,02189,    ,NORFOLK,Supermarket,42.201115,-70.945633,,,6443
262332,Stop & Shop 80,1277 Liberty St,,Springfield,MA,01104,1165,HAMPDEN,Supermarket,42.138245,-72.578255,,,6598
262357,Andrews Fruit & Produce,1697 S Main St,,Fall River,MA,02724,2101,BRISTOL,Grocery Store,41.684593,-71.175293,,,6605
277738,CVS PHARMACY  818,76 N Pleasant St,,Amherst,MA,01002,1703,HAMPSHIRE,Other,42.37685,-72.519928,,,6673
277814,Walgreens 03736,501 Sumner Ave,,Springfield,MA,01108,2306,HAMPDEN,Other,42.086163,-72.557846,,,6703
262781,CVS Pharmacy 1234,208 Elm St,,Westfield,MA,01085,3062,HAMPDEN,Other,42.124863,-72.747978,,,6934
310306,Walgreens 4729,951 Boston Providence Tpke,,Norwood,MA,02062,4719,NORFOLK,Other,42.179596,-71.19017,,,7081
310569,PriceRite of Chicopee 361,1600 Memorial Dr,,Chicopee,MA,01020,3933,HAMPDEN,Super Store,42.200642,-72.574326,,,7126
310617,Crosby's Marketplace,62 Central St,,Georgetown,MA,01833,2407,ESSEX,Super Store,42.721577,-70.992455,,,7138
1653553,Honeyland Farms,636 Main St,,Holyoke,MA,01040,7600,HAMPDEN,Convenience Store,42.194649,-72.61203,,,7147
1058122,Lipton Market #608 Greenfield 608,100 Mohawk Trl,,Greenfield,MA,01301,3112,FRANKLIN,Convenience Store,42.584053,-72.615456,,,7206
234029,90 Meats Outlet Inc,90 Avocado St,,Springfield,MA,01104,3304,HAMPDEN,Super Store,42.1087,-72.60862,,,7212
311123,CRONIN'S SPA,36 Adams St,,Taunton,MA,02780,2436,BRISTOL,Convenience Store,41.90855,-71.095657,,,7241
249630,Stop & Shop 98,438 Dartmouth St,,New Bedford,MA,02740,1115,BRISTOL,Supermarket,41.616398,-70.936928,,,7402
311638,Stop & Shop 53,713 E Broadway,,South Boston,MA,02127,1528,SUFFOLK,Supermarket,42.335583,-71.036583,,,7408
309057,Arnold's Meats,307 Grattan St,,Chicopee,MA,01020,1336,HAMPDEN,Super Store,42.165596,-72.591187,,,7479
309215,Market Basket 58,227 Highland Ave,,Salem,MA,01970,1830,ESSEX,Super Store,42.504784,-70.921066,,,7493
294038,CUMBERLAND FARMS 6677,3 Main St,PO Box 158,Brimfield,MA,01010,    ,HAMPDEN,Convenience Store,42.121933,-72.201462,,,7599
292833,Roche Bros Supermarkets Inc 120,184 Linden St,,Wellesley,MA,02482,7933,NORFOLK,Supermarket,42.301331,-71.292839,,,7806
293233,Stop & Shop 93,301 Newbury St,Ste 1,Danvers,MA,01923,1010,ESSEX,Supermarket,42.584652,-70.963814,,,7841
232205,Walmart 2901,180 N King St,,Northampton,MA,01060,1120,HAMPSHIRE,Super Store,42.342628,-72.64167,,,7902
307896,CVS PHARMACY #321 0321,95 Washington St,,Canton,MA,02021,4006,NORFOLK,Other,42.139915,-71.147705,,,7973
273863,CVS PHARMACY  166,115 Stafford St,,Worcester,MA,01603,1440,WORCESTER,Other,42.238853,-71.844612,,,8033
381321,Whole Foods Market 10015,15 Washington St,,Brighton,MA,02135,7401,SUFFOLK,Super Store,42.342525,-71.140648,,,8054
333661,Shaw's 1411,4171 N Main St,Ste 1,Fall River,MA,02720,1647,BRISTOL,Supermarket,41.751122,-71.120804,,,8158
334040,Shaw's 4407,715 Crescent St,Ste 1,Brockton,MA,02302,3363,PLYMOUTH,Supermarket,42.081192,-70.990356,,,8200
334427,Big Y Supermarkets 22,740 S Main St,,Great Barrington,MA,01230,2014,BERKSHIRE,Super Store,42.180141,-73.365204,,,8228
315407,Cumberland Farms 2301,122 State Rd,,North Dartmouth,MA,02747,2921,BRISTOL,Convenience Store,41.638508,-70.9701,,,8337
315539,CVS PHARAMCY  2201,270 Bussey St,,Dedham,MA,02026,2544,NORFOLK,Other,42.247864,-71.154419,,,8351
379615,BAZAAR,1432 Beacon St,,Brookline,MA,02446,2003,NORFOLK,Grocery Store,42.340946,-71.126472,,,8372
379755,CVS PHARMACY 117,1921 Centre St,,West Roxbury,MA,02132,2516,SUFFOLK,Other,42.283981,-71.157623,,,8383
379940,Stop & Shop 455,695 Main St,,Winchester,MA,01890,1902,MIDDLESEX,Supermarket,42.455994,-71.136978,,,8401
331394,Trader Joe's 504,958 Highland Ave,,Needham Heights,MA,02494,    ,NORFOLK,Supermarket,42.292278,-71.235092,,,8495
380437,Stop & Shop 4,950 American Legion Hwy,,Roslindale,MA,02131,4701,SUFFOLK,Supermarket,42.275009,-71.114784,,,8565
380456,NEIGHBORHOOD CONVENIENCE STORE,165 D St,,South Boston,MA,02127,2516,SUFFOLK,Convenience Store,42.336708,-71.053268,,,8568
380576,A C PRODUCE CO,487 Main St,,Springfield,MA,01105,2438,HAMPDEN,Grocery Store,42.092976,-72.580086,,,8579
380672,Shaw's 3507,34 Essex St,,Melrose,MA,02176,3102,MIDDLESEX,Supermarket,42.456223,-71.066139,,,8593
380950,Tedeschi Food Shops 37495H,320 Neponset Ave,,Dorchester,MA,02122,3124,SUFFOLK,Convenience Store,42.288395,-71.04705,,,8612
1073415,Methuen Market,49 Jackson St,,Methuen,MA,01844,5068,ESSEX,Convenience Store,42.724419,-71.15947,,,8675
312928,Walgreens 4072,1890 Columbus Ave,,Roxbury,MA,02119,1047,SUFFOLK,Other,42.317333,-71.098206,,,8713
1649926,Bonanza Food Market,179-183 Jackson St.,,Lawrence,MA,01841,    ,ESSEX,Grocery Store,42.713959,-71.157692,,,8725
331951,Walgreens 19452,348 Greenwood St,,Worcester,MA,01607,1728,WORCESTER,Other,42.212685,-71.796143,,,8750
1659162,Tropical Food Mart,4545 Washington St,,Roslindale,MA,02131,4022,SUFFOLK,Convenience Store,42.27832,-71.13723,,,8786
332940,Price Chopper Spencer 150,133 Main St,,Spencer,MA,01562,2161,WORCESTER,Supermarket,42.24538,-71.993637,,,8798
314769,M & M Seafood,1122 Main St,,Brockton,MA,02301,6831,PLYMOUTH,Grocery Store,42.063168,-71.015244,,,8921
333300,Cumberland Farms 2326,395 W Main St,,Hyannis,MA,02601,3644,BARNSTABLE,Convenience Store,41.648571,-70.31134,,,8946
289619,CUMBERLAND FARMS  6762,550 Kimball St,,Fitchburg,MA,01420,7647,WORCESTER,Convenience Store,42.582912,-71.8181,,,9040
356421,Walgreens 01864,324 Massachusetts Ave,,Arlington,MA,02474,8306,MIDDLESEX,Other,42.410275,-71.147652,,,9238
356514,Walgreens 17938,350 Cambridge Rd,,Woburn,MA,01801,6037,MIDDLESEX,Other,42.460865,-71.165764,,,9244
1398213,Racing Mart,1487 Bay St,,Springfield,MA,01109,1201,HAMPDEN,Convenience Store,42.130577,-72.53434,,,9253
356699,VICENTE'S LIQUORS & TROPICAL GROCERY,689 Main St,,Brockton,MA,02301,6041,PLYMOUTH,Super Store,42.07143,-71.019211,,,9262
357342,Walmart  2157,506 State Rd,,N Dartmouth,MA,02747,1802,BRISTOL,Super Store,41.64098,-71.006691,,,9320
297412,CVS PHARMACY  2171,63 Canal St,,Millbury,MA,01527,3252,WORCESTER,Other,42.193489,-71.754951,,,9354
349126,SUNNYS CONVENIENCE LLC,100 Lawton Ave,,Taunton,MA,02780,5057,BRISTOL,Convenience Store,41.873337,-71.105957,,,9356
296470,Walmart  2683,337 Russell St,,Hadley,MA,01035,3536,HAMPSHIRE,Super Store,42.353226,-72.554268,,,9462
296623,CVS PHARMACY 1111,104 West St,,Ware,MA,01082,1448,HAMPSHIRE,Other,42.256908,-72.248245,,,9471
296697,CVS PHARMACY  1121,174 Littleton Rd,,Westford,MA,01886,3191,MIDDLESEX,Other,42.567196,-71.422913,,,9481
296703,Shaw's 3581,255 E Central St,,Franklin,MA,02038,1317,NORFOLK,Supermarket,42.081398,-71.38665,,,9482
334885,SILVA'S MINI MARKET,40 Perry St,,Lowell,MA,01852,2307,MIDDLESEX,Grocery Store,42.640831,-71.301788,,,9549
297709,Trader Joe's 501,1317 Beacon St,,Brookline,MA,02446,5242,NORFOLK,Supermarket,42.341923,-71.120506,,,9565
297905,7-Eleven 37381H,2360 State Hwy,,Eastham,MA,02642,    ,BARNSTABLE,Convenience Store,41.828236,-69.97316,,,9578
298619,Walgreens 4393,54 Elliott St,,Beverly,MA,01915,3359,ESSEX,Other,42.553913,-70.881416,,,9628
349327,Amaral's Central Market,872 Globe St,,Fall River,MA,02724,3247,BRISTOL,Supermarket,41.685238,-71.166084,,,9632
355512,Walgreens 17787,381 Cooley St,,Springfield,MA,01128,1113,HAMPDEN,Other,42.093098,-72.499237,,,9706
355785,MARKET BASKET 18,70 Pleasant Valley St,Ste 5,Methuen,MA,01844,7286,ESSEX,Super Store,42.742077,-71.164894,,,9864
347685,MARKET BASKET 32,170 Everett Ave,,Chelsea,MA,02150,1813,SUFFOLK,Super Store,42.396156,-71.042458,,,9967
352326,Market Basket 14,90 Water St,,Fitchburg,MA,01420,5431,WORCESTER,Super Store,42.580273,-71.795021,,,10096
384771,Stop & Shop 407,164 Main St,,Saugus,MA,01906,3271,ESSEX,Supermarket,42.464489,-71.027855,,,10232
387536,CVS PHARMACY 705,264 W Boylston St,,West Boylston,MA,01583,1729,WORCESTER,Other,42.34544,-71.786919,,,10235
451434,Star Market 2594,1 Snow Rd,Ste 1,Marshfield,MA,02050,3458,PLYMOUTH,Supermarket,42.091354,-70.708183,,,10306
352554,Shaw's 2571,509 Boston Post Rd,,Sudbury,MA,01776,3313,MIDDLESEX,Supermarket,42.358955,-71.429504,,,10329
354949,Walgreens 03151,320 Park Ave,,Worcester,MA,01610,1021,WORCESTER,Other,42.261017,-71.820984,,,10358
355189,Stop & Shop 474,2991 Cranberry Hwy,,East Wareham,MA,02538,1354,PLYMOUTH,Supermarket,41.759552,-70.664459,,,10377
435149,Walmart 2660,72 Main St,,North Reading,MA,01864,2289,MIDDLESEX,Super Store,42.571587,-71.109787,,,10414
435191,CVS PHARMACY  915,19 Dodge St,,Beverly,MA,01915,1793,ESSEX,Other,42.577728,-70.889656,,,10416
451496,Big Y Supermarkets 01,1090 Saint James Ave,,Springfield,MA,01104,1311,HAMPDEN,Super Store,42.137737,-72.570282,,,10452
353787,CVS PHARMACY 1886,425 Lowell Ave,,Haverhill,MA,01832,3683,ESSEX,Other,42.773579,-71.115967,,,10560
351099,CUMBERLAND FARMS  2275,757 Ashley Blvd,,New Bedford,MA,02745,5547,BRISTOL,Convenience Store,41.680634,-70.933784,,,10619
384059,7-Eleven 37426H,964 Main St,,West Dennis,MA,02670,2854,BARNSTABLE,Convenience Store,41.667934,-70.147507,,,10702
385349,Shaw's 2584,155 Great Rd,,Stow,MA,01775,2150,MIDDLESEX,Supermarket,42.433727,-71.487473,,,10755
387050,LORD JEFF,129 Newmarket Sq,,Boston,MA,02118,    ,SUFFOLK,Grocery Store,42.330467,-71.066948,,,10856
384430,Hannaford Supermarket & Pharmacy 8011,5 Gilbert St,,N Brookfield,MA,01535,1409,WORCESTER,Super Store,42.266632,-72.084602,,,10898
1660912,Greenfield Farmers' Market Llc,0 Court Square,,Greenfield,MA,01301,    ,FRANKLIN,Farmers and Markets,42.587524,-72.600891,,,11016
257725,Trader Joe's 515,51 Middlesex Tpke,,Burlington,MA,01803,4911,MIDDLESEX,Supermarket,42.473427,-71.212524,,,11039
1646410,Crossing's Corner Market,43 Beckford St,,Beverly,MA,01915,3144,ESSEX,Convenience Store,42.558277,-70.88163,,,11152
315839,F & C Springfield Supermarket Cor,790 State St,,Springfield,MA,01109,4113,HAMPDEN,Super Store,42.112057,-72.56562,,,11262
342158,N&M MARKET,2359 Washington St,,Roxbury,MA,02119,1714,SUFFOLK,Convenience Store,42.329441,-71.084747,,,11354
240756,Old San Juan Bakery,408 High St,,Holyoke,MA,01040,4961,HAMPDEN,Other,42.204155,-72.610138,,,11375
342662,CVS PHARMACY  1264,704 Centre St,,Jamaica Plain,MA,02130,2516,SUFFOLK,Other,42.311577,-71.114182,,,11389
342828,Bazaar On Cambridge Street,424 Cambridge St,,Allston,MA,02134,2014,SUFFOLK,Other,42.354713,-71.134613,,,11405
343043,Cook's Valley Farm NAFMNP,2200 West St,,Wrentham,MA,02093,1864,NORFOLK,Farmers and Markets,42.031445,-71.434654,,,11425
339677,WALGREENS 3251,15 Main St,,Waltham,MA,02453,6905,MIDDLESEX,Other,42.374073,-71.209236,,,11442
339719,Walmart  2341,301 Falls Blvd,,Quincy,MA,02169,8160,NORFOLK,Super Store,42.238014,-70.98716,,,11469
344120,Walgreens 3337,135 Broadway,,Lawrence,MA,01840,1013,ESSEX,Other,42.706287,-71.169273,,,11532
257041,CVS,109 Main St,,North Andover,MA,01845,2419,ESSEX,Other,42.702927,-71.131058,,,11662
436180,CVS PHARMACY  1859,148 Route 137,,East Harwich,MA,02645,1316,BARNSTABLE,Other,41.708473,-70.023216,,,11706
339918,MCKINNON BROS INC,620 Broadway,,Everett,MA,02149,3808,MIDDLESEX,Super Store,42.412361,-71.050873,,,11709
437037,Walgreens 03062,595 Washington St,,Canton,MA,02021,3007,NORFOLK,Other,42.153316,-71.145157,,,11735
341755,HONG  KONG MARKET INC,289 Westford St,,Lowell,MA,01851,2518,MIDDLESEX,Grocery Store,42.635117,-71.326591,,,11907
340459,CUMBERLAND FARMS  2302,160 Main St,,Buzzards Bay,MA,02532,3225,BARNSTABLE,Convenience Store,41.746738,-70.609695,,,11939
318379,Walmart  1906,42 Fairhaven Commons Way,,Fairhaven,MA,02719,4627,BRISTOL,Super Store,41.64513,-70.888306,,,12009
319365,Star Market 2583,535 Trapelo Rd,,Belmont,MA,02478,1403,MIDDLESEX,Supermarket,42.388615,-71.192299,,,12083
319610,Big Y Supermarkets 11,10 College Highway,Unit 10,Southampton,MA,01073,9330,HAMPSHIRE,Super Store,42.252548,-72.698555,,,12108
317064,PriceRite of Bedford 356,139 Hathaway Rd,,New Bedford,MA,02746,1370,BRISTOL,Super Store,41.660336,-70.944954,,,12126
1634275,Castle Hill Mini Mart,280 Jefferson Ave,,Salem,MA,01970,2841,ESSEX,Grocery Store,42.504784,-70.901215,,,12131
317673,Hannaford Supermarket & Pharmacy 8388,333 Mass Ave,,Lunenburg,MA,01462,1220,WORCESTER,Super Store,42.59528,-71.759232,,,12188
318103,CVS PHARMACY 1867,517 State Rd,,Manomet,MA,02345,    ,PLYMOUTH,Other,41.923367,-70.569519,,,12221
299155,Big Y Supermarkets 19,433 Center St,,Ludlow,MA,01056,2769,HAMPDEN,Super Store,42.168961,-72.480728,,,12246
336095,CUMBERLAND FARMS  202,798 Carew St,,Springfield,MA,01104,2521,HAMPDEN,Convenience Store,42.126099,-72.583977,,,12344
241421,CVS PHARMACY  1877,35 W Main St,,Norton,MA,02766,2711,BRISTOL,Other,41.964733,-71.190582,,,12401
1658568,Eladia Mini Market 1,402 Saratoga St,,East Boston,MA,02128,4767,SUFFOLK,Convenience Store,42.379227,-71.02977,,,12410
240471,Stop & Shop 32,37 Enon St,,Beverly,MA,01915,1146,ESSEX,Supermarket,42.586533,-70.883888,,,12421
337562,CVS PHARMACY  2878,550 Pleasant St,,Fall River,MA,02721,3017,BRISTOL,Other,41.699154,-71.146027,,,12434
336398,CUMBERLAND FARMS  2312,33 Main St,,Bridgewater,MA,02324,1406,PLYMOUTH,Convenience Store,41.990643,-70.975868,,,12459
300633,Whole Foods Market 10013,916 Walnut St,,Newton Highlands,MA,02461,1135,MIDDLESEX,Super Store,42.32996,-71.206696,,,12481
336549,Stop & Shop 422,225 Upper Main St,,Edgartown,MA,02539,    ,DUKES,Supermarket,41.392715,-70.524445,,,12521
240913,ROXIE'S OF QUINCY INC,479 Southern Artery,,Quincy,MA,02169,4621,NORFOLK,Super Store,42.253845,-70.996384,,,12582
241102,Market Basket 04,288 Chelmsford St,,Chelmsford,MA,01824,2400,MIDDLESEX,Super Store,42.612335,-71.331909,,,12601
338213,Whole Foods Market 10113,340 River St,,Cambridge,MA,02139,4618,MIDDLESEX,Super Store,42.361973,-71.114326,,,12680
336721,Whole Foods Market 10092,647 Washington St,,Newton,MA,02458,1261,MIDDLESEX,Super Store,42.354153,-71.200089,,,12733
300929,Shaw's 2579,1377 Hyde Park Ave,,Hyde Park,MA,02136,2752,SUFFOLK,Supermarket,42.251747,-71.125687,,,12776
301156,Trucchis Supermarket 3,534 County St,,Taunton,MA,02780,3604,BRISTOL,Super Store,41.887287,-71.068443,,,12864
1635447,Mac's Provincetown 4,85 Shank Painter Rd,,Provincetown,MA,02657,1344,BARNSTABLE,Specialty Store,42.052681,-70.195244,,,13002
454346,7-Eleven 15451E,92 BROAD ST,,MARLBOROUGH,MA,01752,    ,MIDDLESEX,Convenience Store,42.343632,-71.563614,,,13013
454365,Trader Joe's 505,1427 Massachusetts Ave,,Arlington,MA,02476,4103,MIDDLESEX,Supermarket,42.425346,-71.187912,,,13015
324505,XAVIER'S MARKET INC,290 N Front St,,New Bedford,MA,02746,2036,BRISTOL,Grocery Store,41.658325,-70.925774,,,13101
324952,Stop & Shop 88,337 Great Rd,,Bedford,MA,01730,2802,MIDDLESEX,Supermarket,42.484211,-71.262459,,,13140
323415,Neighborhood Market,57 Franklin St,,Allston,MA,02134,1409,SUFFOLK,Convenience Store,42.357563,-71.132973,,,13220
265858,CVS PHARMACY  969,1001 Thorndike St,,Palmer,MA,01069,1501,HAMPDEN,Other,42.157955,-72.329559,,,13359
264756,Trucchis Supermarket 5,2941 Acushnet Ave,,New Bedford,MA,02745,1625,BRISTOL,Super Store,41.699436,-70.937019,,,13379
1591691,ALDI 73155,360 Timpany Blvd,,Gardner,MA,01440,5200,WORCESTER,Supermarket,42.558956,-71.98912,,,13413
323687,Stop & Shop 473,333 Mariano S Bishop Blvd,,Fall River,MA,02721,2349,BRISTOL,Supermarket,41.674149,-71.165146,,,13465
396695,CUMBERLAND FARMS  2313,1 Depot St,,E Wareham,MA,02538,1315,PLYMOUTH,Convenience Store,41.761242,-70.673355,,,13610
397235,CUMBERLAND FARMS  2227,864 Stafford Rd,,Fall River,MA,02721,3361,BRISTOL,Convenience Store,41.67728,-71.154671,,,13655
326529,Star Market 4596,18 Sisson Rd,,Harwich Port,MA,02646,1521,BARNSTABLE,Supermarket,41.671997,-70.092163,,,13740
265264,SAFY MARKET,691 Broadway,,Revere,MA,02151,2308,SUFFOLK,Grocery Store,42.415592,-71.008499,,,13754
326651,QUALITY MEAT MARKET,13 Corinth St,,Roslindale,MA,02131,3022,SUFFOLK,Specialty Store,42.286366,-71.130333,,,13776
326726,BROTHERS CONVENIENCE INC,669 Eastern Ave,,Malden,MA,02148,5909,MIDDLESEX,Convenience Store,42.42918,-71.050888,,,13783
324221,Gawron's Quality Meats & Smokehouse,576 Fuller Rd,,Chicopee,MA,01020,3752,HAMPDEN,Specialty Store,42.161633,-72.557014,,,13853
323219,CUMBERLAND FARMS  2286,4548 N Main St,,Fall River,MA,02720,1706,BRISTOL,Convenience Store,41.756298,-71.118706,,,13910
323346,CUMBERLAND FARMS  212,69 Main St,,Westfield,MA,01085,3144,HAMPDEN,Convenience Store,42.120422,-72.74572,,,13975
371190,CUMBERLAND FARMS 6660,29 Hardwick Rd,PO Box 305,Gilbertville,MA,01031,9808,WORCESTER,Convenience Store,42.313721,-72.204483,,,14027
371420,Crosby's Marketplace,15 Walnut Rd,,South Hamilton,MA,01982,1940,ESSEX,Super Store,42.610569,-70.873589,,,14053
371578,SAIGON MARKET,525 Belmont Ave,,Springfield,MA,01108,1712,HAMPDEN,Other,42.086403,-72.558258,,,14068
357917,CUMBERLAND FARMS  3336,377 Nantasket Ave,,Hull,MA,02045,    ,PLYMOUTH,Convenience Store,42.278625,-70.867676,,,14125
455471,MARKET BASKET  46,49 Pond St,,Ashland,MA,01721,2054,MIDDLESEX,Super Store,42.256222,-71.426895,,,14246
321731,CVS PHARMACY  114,12 Harvard St,,Waltham,MA,02453,8513,MIDDLESEX,Other,42.3755,-71.243752,,,14267
458313,Vermette's Inc,6 Pond St,,Amesbury,MA,01913,2309,ESSEX,Other,42.856991,-70.933556,,,14314
457136,CVS PHARMACY  1035,638 Chandler St,,Worcester,MA,01602,1770,WORCESTER,Other,42.277363,-71.853432,,,14463
320788,CVS PHARMACY  746,171 N Main St,,Randolph,MA,02368,4630,NORFOLK,Other,42.165466,-71.042175,,,14498
320406,Stop & Shop 784,876 State Rd,,North Adams,MA,01247,3027,BERKSHIRE,Supermarket,42.700272,-73.16555,,,14583
457221,Waltham India Market,315 Moody St,,Waltham,MA,02453,5206,MIDDLESEX,Super Store,42.370712,-71.237038,,,14588
457479,Walgreens 18361,132 Granite St,,Quincy,MA,02169,5060,NORFOLK,Other,42.244751,-71.00531,,,14699
372758,CVS PHARMACY  1893,90 Main St,,Northampton,MA,01060,3103,HAMPSHIRE,Other,42.319073,-72.629883,,,14847
372898,Big Y Supermarkets 23,200 West St,,Pittsfield,MA,01201,5862,BERKSHIRE,Super Store,42.447777,-73.259216,,,14966
1599420,Energy North 3107,215 Dutton St,,Lowell,MA,01852,1804,MIDDLESEX,Convenience Store,42.644772,-71.314156,,,14985
439836,Stop & Shop 446,171 Watertown St,,Watertown,MA,02472,2571,MIDDLESEX,Supermarket,42.362385,-71.192848,,,15143
442395,CVS PHARMACY  2206,366 Washington St,,South Attleboro,MA,02703,5917,BRISTOL,Other,41.918354,-71.359177,,,15176
442416,CVS PHARMACY  1006,316 N Pearl St,,Brockton,MA,02301,1101,PLYMOUTH,Other,42.099754,-71.066574,,,15179
413146,Market 32 by Price Chopper 148,221 Park Ave,,Worcester,MA,01609,2243,WORCESTER,Supermarket,42.270496,-71.816208,,,15290
413379,CUMBERLAND FARMS 6704,35 Belchertown Rd,,Amherst,MA,01002,2601,HAMPSHIRE,Convenience Store,42.372196,-72.499596,,,15321
413988,CUMBERLAND FARMS  6687,35 Elm St,,Baldwinville,MA,01436,1008,WORCESTER,Convenience Store,42.608955,-72.074913,,,15363
412484,T-STOP SUPERETTE,546 Walnut St,,Lynn,MA,01905,1013,ESSEX,Convenience Store,42.473675,-70.988014,,,15628
438121,Walgreens 4966,215 Beach St,,Malden,MA,02148,6223,MIDDLESEX,Other,42.430992,-71.024559,,,15711
438233,CVS Pharmacy 1852,67D Main St,,Medway,MA,02053,1817,NORFOLK,Other,42.15189,-71.407143,,,15747
438268,Shaw's 4496,71 Dodge St,,Beverly,MA,01915,1705,ESSEX,Supermarket,42.57711,-70.888428,,,15759
361359,Big E's Foodland Inc,11 Union St,,Easthampton,MA,01027,1417,HAMPSHIRE,Other,42.27002,-72.672089,,,15883
440677,Stop & Shop 2424,252 Main St,,Acton,MA,01720,3638,MIDDLESEX,Supermarket,42.474037,-71.456177,,,15908
361505,Home Plate,224 Middleboro Ave,,East Taunton,MA,02718,5110,BRISTOL,Convenience Store,41.879833,-71.039413,,,15947
442017,CVS PHARMACY  979,423 W Broadway,,South Boston,MA,02127,2262,SUFFOLK,Other,42.336662,-71.047554,,,15980
416597,Roche Bros Supermarkets Inc 104,338 Washington St,,Westwood,MA,02090,1829,NORFOLK,Supermarket,42.217327,-71.188667,,,16053
327271,CVS PHARMACY 657,400 Park Ave,,Worcester,MA,01610,1025,WORCESTER,Other,42.257462,-71.822884,,,16147
418196,MARKET BASKET 20,310 Mishawum Rd,,Woburn,MA,01801,2019,MIDDLESEX,Super Store,42.505955,-71.132393,,,16209
373937,Stop & Shop 45,89 French King Hwy,,Greenfield,MA,01301,1312,FRANKLIN,Supermarket,42.606983,-72.575081,,,16305
376085,Roche Bros Supermarkets Inc 106,6 Milliston Rd,,Millis,MA,02054,1600,NORFOLK,Supermarket,42.16695,-71.354103,,,16411
376674,Market Basket 08,10 Main St,,Tewksbury,MA,01876,1678,MIDDLESEX,Super Store,42.631714,-71.272133,,,16455
378284,Walgreens 4358,60 Springfield St,,Agawam,MA,01001,1522,HAMPDEN,Other,42.089539,-72.629646,,,16508
374824,HANNAFORD SUPERMARKET 8019,21 Timpany Blvd,,Gardner,MA,01440,2905,WORCESTER,Super Store,42.56879,-71.992615,,,16538
374985,Roche Bros Supermarkets Inc 116,25 Washington St,,North Easton,MA,02356,1010,BRISTOL,Supermarket,42.088032,-71.092964,,,16577
378411,RAMADAN FOOD STORE LLC,96 Highland Ave,,Somerville,MA,02143,1663,MIDDLESEX,Convenience Store,42.386765,-71.098984,,,16633
414658,CVS PHARMACY  1265,210 Border St,,East Boston,MA,02128,1618,SUFFOLK,Other,42.375324,-71.039841,,,16662
415195,CVS PHARMACY  1248,240 Oak St,,Brockton,MA,02301,1300,PLYMOUTH,Other,42.100388,-71.034729,,,16834
415301,Whole Foods Market 10090,170 Great Rd,,Bedford,MA,01730,2731,MIDDLESEX,Super Store,42.491417,-71.273781,,,16910
500778,CUMBERLAND FARMS  2277,810 Rockdale Ave,,New Bedford,MA,02740,2761,BRISTOL,Convenience Store,41.63591,-70.948807,,,17044
502427,ANGKOR THOM MARKET,157 Shirley Ave,,Revere,MA,02151,3256,SUFFOLK,Grocery Store,42.407509,-70.994949,,,17075
502666,Stop & Shop 491,36 Bedford St,,Lexington,MA,02420,4308,MIDDLESEX,Supermarket,42.451969,-71.233322,,,17100
505442,Stop & Shop 75,301 Centre St,,Jamaica Plain,MA,02130,1649,SUFFOLK,Supermarket,42.324093,-71.103149,,,17142
328900,TROPICAL FOODS INTERNATIONAL INC,450 Melnea Cass Blvd,,Roxbury,MA,02119,2091,SUFFOLK,Super Store,42.333248,-71.081856,,,17148
504663,CVS PHARMACY  859,287 Springfield St,,Agawam,MA,01001,1555,HAMPDEN,Other,42.088722,-72.639,,,17209
504768,Mi Tierra Grocery Panaderia,1561 Acushnet Ave,,New Bedford,MA,02746,2220,BRISTOL,Convenience Store,41.663315,-70.928734,,,17217
1682721,Fernandez Market Inc,393A Lowell St,,Lawrence,MA,01841,4630,ESSEX,Grocery Store,42.704147,-71.175613,,,17289
331207,Walmart SuperCenter 3560,638 Quequechan St,,Fall River,MA,02721,4005,BRISTOL,Super Store,41.686466,-71.142426,,,17296
328985,Walgreens 3469,369 Plymouth Ave,,Fall River,MA,02721,4215,BRISTOL,Other,41.696079,-71.152023,,,17314
505688,CVS 316,370 Pulaski Blvd,,Bellingham,MA,02019,2043,NORFOLK,Other,42.024982,-71.490318,,,17390
505882,Shaw's 1412,125 Robert Toner Blvd,,North Attleboro,MA,02760,    ,BRISTOL,Supermarket,41.969112,-71.300682,,,17458
1692600,Dollar Tree 10968,1160 Broadway,,Saugus,MA,01906,4705,ESSEX,Other,42.459698,-71.022926,,,17530
330713,7-ELEVEN 11496A,75 Copeland St,,Quincy,MA,02169,6420,NORFOLK,Convenience Store,42.242977,-71.018585,,,17578
330762,MELLO'S FINEST CHOURICO & LINGUICA,63 N Court St,,Fall River,MA,02720,2755,BRISTOL,Other,41.7183,-71.15168,,,17581
330915,MARKET BASKET 16,71 Sack Blvd,,Leominster,MA,01453,3325,WORCESTER,Super Store,42.530033,-71.74527,,,17597
331085,Geisslers Supermarket,830 Suffield St,,Agawam,MA,01001,2928,HAMPDEN,Super Store,42.059742,-72.634521,,,17613
405090,CVS PHARMACY 2054,136 Nahatan St,,Norwood,MA,02062,4252,NORFOLK,Other,42.191479,-71.196281,,,17679
329625,Cumberland Farms 6672,32 Central St,,Winchendon,MA,01475,1608,WORCESTER,Convenience Store,42.681526,-72.048378,,,17760
501971,CVS PHARMACY 1247,2992 Cranberry Hwy,,East Wareham,MA,02538,1336,PLYMOUTH,Other,41.759769,-70.664894,,,17932
504254,7-ELEVEN 32441A,50 Western Ave,,Lynn,MA,01904,2142,ESSEX,Convenience Store,42.485336,-70.94101,,,17992
478804,RELIABLE SELF-SERVICE MARKET INC,36 Circuit Ave,,Oak Bluffs,MA,02557,    ,DUKES,Super Store,41.455631,-70.558067,,,18048
519055,CVS Pharmacy 1041,675 County St,,Taunton,MA,02780,3701,BRISTOL,Other,41.884392,-71.066711,,,18135
517695,Tropic Food Market,1007 Blue Hill Ave,,Dorchester Center,MA,02124,2807,SUFFOLK,Grocery Store,42.289948,-71.089714,,,18224
518661,Walgreens 19460,491 High St #497,,Medford,MA,02155,6735,MIDDLESEX,Other,42.421577,-71.133583,,,18304
520964,Price Chopper  Great Barrington 155,300 Stockbridge Rd,,Great Barrington,MA,01230,1235,BERKSHIRE,Supermarket,42.209682,-73.344612,,,18332
519925,Big Y World Class Market 63,237 Mohawk Trl,,Greenfield,MA,01301,9621,FRANKLIN,Super Store,42.587376,-72.625282,,,18334
519950,CVS PHARMACY 735,976 Route 28,,South Yarmouth,MA,02664,5644,BARNSTABLE,Other,41.656219,-70.205933,,,18359
515698,Walmart 2228,555 Hubbard Ave,Ste 12,Pittsfield,MA,01201,3841,BERKSHIRE,Super Store,42.467236,-73.194267,,,18476
480217,CUMBERLAND FARMS 6665,1468 N Main St,,Palmer,MA,01069,1202,HAMPDEN,Convenience Store,42.158665,-72.331673,,,18579
521157,Stop & Shop 2415,31 Sparks Ave,Unit 1,Nantucket,MA,02554,3957,NANTUCKET,Supermarket,41.271675,-70.093384,,,18618
477401,Walmart 2953,54 Cousineau Dr,,Swansea,MA,02777,4136,BRISTOL,Super Store,41.757473,-71.222916,,,18693
517076,CUMBERLAND FARMS  6686,506 Main St,# 276,Fiskdale,MA,01518,    ,WORCESTER,Convenience Store,42.115215,-72.109192,,,18713
517119,CVS 365,259 Main St,,Haverhill,MA,01830,5046,ESSEX,Other,42.780434,-71.077362,,,18738
1583652,Blanco Arriba Meat Market LLC,352 Hampshire St,,Lawrence,MA,01841,3108,ESSEX,Grocery Store,42.713943,-71.17131,,,18768
344998,CVS PHARMACY  2025,118 Northampton St,,Easthampton,MA,01027,1045,HAMPSHIRE,Other,42.280087,-72.671471,,,19073
345143,Big Y Supermarkets 27,62 W Main St,,Spencer,MA,01562,2644,WORCESTER,Super Store,42.233711,-72.014175,,,19083
481965,CUMBERLAND FARMS  0211,514 Belmont Ave,,Springfield,MA,01108,1892,HAMPDEN,Convenience Store,42.086334,-72.55896,,,19224
543523,LA SEGUNDA FOOD CORP,13 Cabot St,,Holyoke,MA,01040,6055,HAMPDEN,Super Store,42.197662,-72.603981,,,19326
541589,PriceRite of Seekonk 358,140 Taunton Ave,,Seekonk,MA,02771,5330,BRISTOL,Super Store,41.826183,-71.341125,,,19435
345881,Stop & Shop 12,65 Route 6A,Ste 1,Sandwich,MA,02563,1898,BARNSTABLE,Supermarket,41.765755,-70.508789,,,19473
346099,Jayzi Mart Leominster Inc,9-11 Pleasant St,,Leominster,MA,01453,5618,WORCESTER,Convenience Store,42.525562,-71.760406,,,19488
1668400,Dollar Tree 10737,178 Main St,,Sturbridge,MA,01566,1492,WORCESTER,Other,42.097733,-72.071045,,,19525
1210193,Keystone Market,44 Bridge St,,Shelburne Falls,MA,01370,1103,FRANKLIN,Grocery Store,42.603878,-72.7388,,,19541
540643,CVS PHARMACY #736 0736,199 Great Rd,,Bedford,MA,01730,2713,MIDDLESEX,Other,42.489101,-71.271706,,,19560
481224,Shaw's 3590,127 Eastern Ave,Ste 1,Gloucester,MA,01930,6511,ESSEX,Supermarket,42.622643,-70.640106,,,19653
387802,Big Y Supermarkets 20,1180 Thorndike St # 32,,Palmer,MA,01069,1511,HAMPDEN,Super Store,42.173405,-72.324242,,,19708
482690,CVS PHARMACY  1866,261 Chauncy St,,Mansfield,MA,02048,1247,BRISTOL,Other,42.030716,-71.230637,,,19761
481485,Reds Dairy Store ,1500 Brayton Ave,,Fall River,MA,02721,5243,BRISTOL,Convenience Store,41.681717,-71.131828,,,19788
481502,7-ELEVEN 30260-G,324 Court St,,Plymouth,MA,02360,4339,PLYMOUTH,Convenience Store,41.974419,-70.685013,,,19819
387959,Stop & Shop 85,940 W Boylston St,,Worcester,MA,01606,1141,WORCESTER,Supermarket,42.326885,-71.792084,,,19822
542332,Shaw's 428,95A Washington St,Cobbs Corner,Canton,MA,02021,4001,NORFOLK,Supermarket,42.140862,-71.148575,,,19903
541252,Roche Bros Supermarkets Inc 112,387 Massachusetts Ave,,Acton,MA,01720,3733,MIDDLESEX,Supermarket,42.475403,-71.449486,,,19913
388244,Village Market,71 Front St,,Scituate,MA,02066,1344,PLYMOUTH,Super Store,42.193893,-70.725426,,,19968
627206,Bernardino's Bakery,105 Exchange St,,Chicopee,MA,01013,1211,HAMPDEN,Grocery Store,42.146534,-72.612411,,,20121
545580,Stop & Shop 071,501 Rodman St,,Fall River,MA,02721,4217,BRISTOL,Supermarket,41.694401,-71.151306,,,20147
546072,Walgreens 02517,201 Main St,,Gloucester,MA,01930,6010,ESSEX,Other,42.613194,-70.660721,,,20188
429710,Whole Foods Market 10031,15 Westland Ave,,Boston,MA,02115,4558,SUFFOLK,Super Store,42.343925,-71.087372,,,20415
1642982,Quetzal Mini Market,512 Lincoln St,,Marlborough,MA,01752,2087,MIDDLESEX,Convenience Store,42.344357,-71.562325,,,20446
1646475,Cilicia Mediterranean Market,7 Main St,,Natick,MA,01760,4505,MIDDLESEX,Convenience Store,42.284203,-71.347725,,,20486
1602539,Apple Country Market N/A,118 Forest Ave,Ste 3,Hudson,MA,01749,2858,MIDDLESEX,Convenience Store,42.388092,-71.54882,,,20490
428087,GOOD SEED CORP,138 Central Ave,,Seekonk,MA,02771,4144,BRISTOL,Convenience Store,41.889423,-71.333794,,,20621
428278,Shaw's 2408,690 Depot St,Ste 1,North Easton,MA,02356,2700,BRISTOL,Supermarket,42.024868,-71.118492,,,20643
1646213,Pine Point Variety Smoke Shop,139 Boston Rd,,Springfield,MA,01109,1703,HAMPDEN,Convenience Store,42.125114,-72.535271,,,20655
1654444,Great Barrington Farmers Market FFAB,18 Church St,,Great Barrington,MA,01230,1315,BERKSHIRE,Farmers and Markets,42.1945,-73.36116,,,20688
428999,CVS PHARMACY  1094,137 Federal St,,Greenfield,MA,01301,2544,FRANKLIN,Other,42.592422,-72.598183,,,20718
627906,Whole Foods Market 10156,575 Worcester Rd,,Framingham,MA,01701,5312,MIDDLESEX,Super Store,42.298145,-71.421715,,,20722
390012,CVS PHARMACY #706 0706,400 Massachusetts Ave,,Acton,MA,01720,3744,MIDDLESEX,Other,42.474079,-71.450455,,,20766
433904,Cumberland Farms 6670,154 1st St,,Pittsfield,MA,01201,4724,BERKSHIRE,Convenience Store,42.452919,-73.249802,,,20790
432837,GORETTI SUPERMARKETS #4,1 Providence St,,Millbury,MA,01527,3905,WORCESTER,Super Store,42.19223,-71.752441,,,20825
543994,Walgreens 3759,1010 Broadway,,Chelsea,MA,02150,2247,SUFFOLK,Other,42.402946,-71.019424,,,20940
398391,Stop & Shop 72,57 Main St,,Westfield,MA,01085,3170,HAMPDEN,Supermarket,42.120564,-72.746445,,,21052
398967,Stop & Shop 0472,40 Franklin Village Dr,,Franklin,MA,02038,4000,NORFOLK,Supermarket,42.089401,-71.4216,,,21112
398996,CVS PHARMACY #654 0654,344 Great Rd,,Acton,MA,01720,4004,MIDDLESEX,Other,42.502457,-71.420479,,,21114
406434,D & S Mini Market 2,478 Kempton St,,New Bedford,MA,02740,3841,BRISTOL,Grocery Store,41.636581,-70.937691,,,21263
629656,Trader Joe's 511,145 Great Rd,,Acton,MA,01720,5683,MIDDLESEX,Supermarket,42.48243,-71.41452,,,21267
1576225,El Coqui Market 2 Parker,4-12 Parker St,Ste 2,Gardner,MA,01440,    ,WORCESTER,Convenience Store,42.575809,-71.995384,,,21280
400381,Shaw's 619,15 State Rd,,Dartmouth,MA,02747,3317,BRISTOL,Supermarket,41.63615,-70.961472,,,21305
1207801,Metro Convenience,230 Bridge St,,Weymouth,MA,02191,1022,NORFOLK,Convenience Store,42.242714,-70.956215,,,21351
402683,Elvis' Variety,9 Newton St,,Lawrence,MA,01843,1313,ESSEX,Convenience Store,42.697136,-71.166077,,,21409
402710,CVS PHARMACY 860,6 Post Office Sq,MAIN,Harwich Port,MA,02646,1883,BARNSTABLE,Other,41.668106,-70.080467,,,21432
399529,CVS PHARAMCY  140,3 Woodside Ave,,Winthrop,MA,02152,2921,SUFFOLK,Other,42.375633,-70.987801,,,21496
406829,Market Basket 09,400 Lowell Ave,Ste 6,Haverhill,MA,01832,3661,ESSEX,Super Store,42.773392,-71.113815,,,21552
628821,7-ELEVEN #32491A,100 Lynn St,,Peabody,MA,01960,5739,ESSEX,Convenience Store,42.511364,-70.947021,,,21553
400903,MARKET BASKET  40,25 Storey Ave,,Newburyport,MA,01950,1869,ESSEX,Super Store,42.821964,-70.903732,,,21599
401027,Walgreens 4967,1588 Northampton St,,Holyoke,MA,01040,1949,HAMPDEN,Other,42.210705,-72.629791,,,21611
401112,CVS PHARAMCY  335,266 Route 44,,Raynham,MA,02767,5446,BRISTOL,Other,41.90551,-71.055725,,,21622
630265,PIANTEDOSI BUTCHER SHOP,282 Court St,,Plymouth,MA,02360,4337,PLYMOUTH,Grocery Store,41.971748,-70.682312,,,21757
400062,YE OLDE BUTCHER SHOPPE,68 North Blvd,,W Springfield,MA,01089,2862,HAMPDEN,Grocery Store,42.105862,-72.632858,,,21825
629301,South End Food Emporium,469 Columbus Ave,,Boston,MA,02116,5922,SUFFOLK,Grocery Store,42.343441,-71.078537,,,21907
458986,MILLBURY STREET FISH MRKT,60 Bemis Rd,,Fitchburg,MA,01420,6352,WORCESTER,Specialty Store,42.565624,-71.779488,,,21935
630553,Shaw's 1409,476 Liberty St,,Hanson,MA,02341,1163,PLYMOUTH,Supermarket,42.066372,-70.872513,,,21939
629445,Broadway Marketplace,468 Broadway,,Cambridge,MA,02138,3908,MIDDLESEX,Other,42.373817,-71.113121,,,21975
506585,CVS PHARMACY  137,626 Southern Artery,,Quincy,MA,02169,5648,NORFOLK,Other,42.2523,-70.987854,,,22008
304191,CUMBERLAND FARMS  2233,176 S Main St,,Acushnet,MA,02743,2740,BRISTOL,Convenience Store,41.680531,-70.909279,,,22037
566587,CUMBERLAND FARMS 173,16 Westfield Rd,,Russell,MA,01071,    ,HAMPDEN,Convenience Store,42.188969,-72.858589,,,22040
411307,Stop & Shop 497,32 Lyman St,,Westborough,MA,01581,1419,WORCESTER,Supermarket,42.283028,-71.610886,,,22097
566766,Shaw's 431,390 West St,Ste 1,Mansfield,MA,02048,1170,BRISTOL,Supermarket,42.026424,-71.233383,,,22153
564189,Cumberland Farms 2323,1813 Main St,,Brockton,MA,02301,7160,PLYMOUTH,Convenience Store,42.049294,-71.011093,,,22194
408880,Food City,250 Avenue A,,Turners Falls,MA,01376,1817,FRANKLIN,Supermarket,42.605064,-72.561508,,,22245
410001,Walgreens 03496,317 Ferry St,,Everett,MA,02149,5608,MIDDLESEX,Other,42.415188,-71.046806,,,22346
410096,CVS PHARMACY  2322,176 North St,,Hyannis,MA,02601,3824,BARNSTABLE,Other,41.652168,-70.289093,,,22400
411590,Walgreens 3508,572 Main St,Ste B,Wakefield,MA,01880,3350,MIDDLESEX,Other,42.498753,-71.069183,,,22407
564018,Whole Foods Market 10012,327 Russell St,,Hadley,MA,01035,3535,HAMPSHIRE,Super Store,42.353226,-72.554268,,,22510
566886,CVS PHARMACY  1221,50 Medway Rd,,Milford,MA,01757,2918,WORCESTER,Other,42.150261,-71.499802,,,22561
467189,KIMS CONVENIENCE,570 Broadway,,Everett,MA,02149,3717,MIDDLESEX,Convenience Store,42.410809,-71.052307,,,22609
506343,PETERS PACKAGE STORE MINI MART,971 Rodman St,,Fall River,MA,02721,3946,BRISTOL,Convenience Store,41.689167,-71.147957,,,22658
564991,Town Food Mart,17 N Main St,,Avon,MA,02322,1230,NORFOLK,Convenience Store,42.136803,-71.040421,,,22691
305174,Stop & Shop 469,127 Samoset St,,Plymouth,MA,02360,4801,PLYMOUTH,Supermarket,41.955013,-70.686279,,,22958
364297,Trader Joe's 509,1121 Washington St,,West Newton,MA,02465,2149,MIDDLESEX,Supermarket,42.349575,-71.219322,,,23047
362825,Bahnan's Bakery And International Market Place no,344 Pleasant St,,Worcester,MA,01609,1839,WORCESTER,Grocery Store,42.263557,-71.814049,,,23079
363634,City Mini Mart,150 Belmont Ave,,Springfield,MA,01108,1642,HAMPDEN,Convenience Store,42.088673,-72.572273,,,23193
364155,MARKET BASKET  23,139 Endicott St,,Danvers,MA,01923,4803,ESSEX,Super Store,42.549496,-70.932991,,,23238
392869,CVS PHARMACY  2112,19 Eastern Ave,,Dedham,MA,02026,1820,NORFOLK,Other,42.247391,-71.17244,,,23422
393186,Shaw's 3413,610 Middle St,,East Weymouth,MA,02189,1130,NORFOLK,Supermarket,42.203835,-70.94384,,,23446
305356,Walgreens 03020,196 Pleasant St,,Attleboro,MA,02703,2416,BRISTOL,Other,41.950867,-71.273834,,,23464
391187,Cumberland Farms 6705,163 Patriots Rd,,East Templeton,MA,01438,9800,WORCESTER,Convenience Store,42.561474,-72.040527,,,23611
522314,Walmart  2118,301 Massachusetts Ave,,Lunenburg,MA,01462,1218,WORCESTER,Super Store,42.591705,-71.759789,,,23696
522342,Quality Fruitland,1487 Fall River Ave,,Seekonk,MA,02771,3738,BRISTOL,Grocery Store,41.786301,-71.316452,,,23698
522818,Big Y World Class Market 68,475 E Main St,,Westfield,MA,01085,3312,HAMPDEN,Super Store,42.111755,-72.723114,,,23738
522984,Trucchis Supermarket 1,53 Tremont St,,Taunton,MA,02780,3015,BRISTOL,Super Store,41.904858,-71.104828,,,23751
523085,Walmart  2366,1470 S Washington St,,N Attleboro,MA,02760,4417,BRISTOL,Super Store,41.932293,-71.352364,,,23761
521286,The Butcherie,428 Harvard St,,Brookline,MA,02446,2430,NORFOLK,Super Store,42.34557,-71.127716,,,23788
305842,Walgreens 18183,121 Marion Rd,,Wareham,MA,02571,1423,PLYMOUTH,Other,41.75935,-70.727737,,,23800
393919,LOWES VARIETY/MEAT SHOP,255 W Main St,,Northborough,MA,01532,1847,WORCESTER,Supermarket,42.308346,-71.655602,,,23817
306066,CVS PHARMACY 1024,1266 Commonwealth Ave,,Allston,MA,02134,4121,SUFFOLK,Other,42.349186,-71.132462,,,23837
364773,Flint Food Variety,1174 Pleasant St,,Fall River,MA,02723,1711,BRISTOL,Convenience Store,41.693214,-71.136917,,,24019
364967,Walgreens 17545,520 W Main St,,Hyannis,MA,02601,3576,BARNSTABLE,Other,41.651455,-70.314774,,,24036
365140,MINUTE MARKET,141 Broadway,,Somerville,MA,02145,2132,MIDDLESEX,Convenience Store,42.388184,-71.084663,,,24051
366056,CVS PHARMACY  1873,435 W Central St,,Franklin,MA,02038,2901,NORFOLK,Other,42.088207,-71.415459,,,24117
598153,Market Basket 10,186 Haverhill St,,Methuen,MA,01844,3462,ESSEX,Super Store,42.704815,-71.200615,,,24212
366228,CVS PHARMACY  1885,10 Meetinghouse Rd,,Littleton,MA,01460,1912,MIDDLESEX,Other,42.546589,-71.47094,,,24294
369578,Stop & Shop 006,829 Worcester St,Ste 1,Natick,MA,01760,2076,MIDDLESEX,Supermarket,42.301224,-71.358101,,,24315
368450,Shaw's 1497,130 River St,,Waltham,MA,02453,8306,MIDDLESEX,Supermarket,42.369061,-71.221214,,,24317
596931,Big Y Supermarkets 52,650 Memorial Dr,,Chicopee,MA,01020,5053,HAMPDEN,Super Store,42.176514,-72.580063,,,24318
596934,Walmart 3561,137 Teaticket Hwy,Ste 1,Teaticket,MA,02536,5666,BARNSTABLE,Super Store,41.563854,-70.596298,,,24325
597244,Stop & Shop 435,40 George Hannum Rd,RT 9,Belchertown,MA,01007,    ,HAMPSHIRE,Supermarket,42.290462,-72.40995,,,24667
597648,LAMBERT'S RAINBOW FRUIT,220 Providence Hwy,,Westwood,MA,02090,1908,NORFOLK,Super Store,42.217762,-71.180702,,,24740
368201,Big Y Supermarkets 07,136 N King St,,Northampton,MA,01060,1120,HAMPSHIRE,Super Store,42.341007,-72.642265,,,24782
369174,Walgreens 03135,825 Morton St,,Mattapan,MA,02126,1850,SUFFOLK,Other,42.281425,-71.086884,,,24870
445647,PIMENTAL MARKET,340 Centre St,,Jamaica Plain,MA,02130,1204,SUFFOLK,Convenience Store,42.322426,-71.10656,,,24903
445834,CVS PHARMACY  1896,486 Pleasant St,,Attleboro,MA,02703,2425,BRISTOL,Other,41.951897,-71.271423,,,24950
631570,RICHDALE ARTIES CORNER,4 Main St,,North Andover,MA,01845,2410,ESSEX,Convenience Store,42.706387,-71.133179,,,25014
1644840,Wellfleet Marketpalce Inc.,295 Main St,,Wellfleet,MA,02667,7432,BARNSTABLE,Supermarket,41.937916,-70.031281,,,25021
1648310,Stop And Save,129 Ashley Blvd,,New Bedford,MA,02746,1738,BRISTOL,Convenience Store,41.657711,-70.929695,,,25058
449388,Market Basket 2,1201 Bridge St,,Lowell,MA,01850,1254,MIDDLESEX,Super Store,42.664307,-71.303352,,,25221
717154,HATFIELD BEEF CO,42 N Hatfield Rd,,Hatfield,MA,01038,    ,HAMPSHIRE,Specialty Store,42.394836,-72.611221,,,25270
446122,Price Chopper  Worcester Fair 160,564 SW Cutoff,,Worcester,MA,01607,1731,WORCESTER,Supermarket,42.212357,-71.797836,,,25271
635202,Walgreens 10824,430 Broadway,,Revere,MA,02151,3058,SUFFOLK,Other,42.41116,-71.012772,,,25387
635285,MARKET BASKET  27,399 John Fitch Hwy,,Fitchburg,MA,01420,4501,WORCESTER,Super Store,42.582268,-71.774673,,,25417
451073,Shaw's 2585,2260 State Rd,,Plymouth,MA,02360,5177,PLYMOUTH,Supermarket,41.819653,-70.552025,,,25455
447390,CVS PHARMACY  2070,467 Centre St,,Jamaica Plain,MA,02130,2020,SUFFOLK,Other,42.319439,-71.111755,,,25457
634449,CVS PHARMACY 769,217 N Main St,,East Longmeadow,MA,01028,1833,HAMPDEN,Other,42.072552,-72.518654,,,25471
634707,CVS PHARMACY  41,284 Winthrop St,,Taunton,MA,02780,4340,BRISTOL,Other,41.888626,-71.120087,,,25498
447450,CVS PHARMACY  1876,900 Commonwealth Ave,,Boston,MA,02215,1204,SUFFOLK,Other,42.351036,-71.116104,,,25574
446474,BROCKTON FISH MARKET,689 Main St,,Brockton,MA,02301,6041,PLYMOUTH,Other,42.07143,-71.019211,,,25591
717476,Walgreens 19437,1100 Dorchester Ave,,Dorchester,MA,02125,3305,SUFFOLK,Other,42.312973,-71.057159,,,25603
599008,Whole Foods Market 10010,115 Prospect St,,Cambridge,MA,02139,2505,MIDDLESEX,Super Store,42.368008,-71.101982,,,25630
599168,Holyoke Farmers Market,291 Pine St,,Holyoke,MA,01040,3932,HAMPDEN,Farmers and Markets,42.20335,-72.618835,,,25644
599353,Walgreens 04571,220 S Broadway,,Lawrence,MA,01843,2121,ESSEX,Other,42.693073,-71.160965,,,25662
716181,CVS PHARMACY  517,746 Bliss Rd,,Longmeadow,MA,01106,1557,HAMPDEN,Other,42.05637,-72.553688,,,25695
716511,Trader Joe's 512,375 Russell St,,Hadley,MA,01035,9527,HAMPSHIRE,Supermarket,42.357784,-72.549324,,,25837
631150,WINDFALL MARKET,77 Scranton Ave,,Falmouth,MA,02540,3562,BARNSTABLE,Super Store,41.551559,-70.603745,,,25840
631219,Big Y World Class Market 66,300 Cooley St,,Springfield,MA,01128,1801,HAMPDEN,Super Store,42.094208,-72.501122,,,25883
633755,Walmart Supercenter 2128,295 Plymouth St,,Halifax,MA,02338,1340,PLYMOUTH,Super Store,41.995575,-70.844681,,,25897
447079,Crosby's Marketplace,118 Washington St,,Marblehead,MA,01945,3586,ESSEX,Super Store,42.504532,-70.849266,,,25913
716763,AUCLAIR'S MARKET,145 County St,,Somerset,MA,02726,4206,BRISTOL,Super Store,41.736607,-71.151825,,,25917
631410,CUMBERLAND FARMS 2324,142 Rockdale Ave,,South Dartmouth,MA,02748,1918,BRISTOL,Convenience Store,41.614918,-70.93718,,,25942
422497,Stop & Shop 28,468 Washington St,,Norwell,MA,02061,2006,PLYMOUTH,Supermarket,42.159313,-70.853493,,,26026
422767,CUMBERLAND FARMS 0156,37 Montcalm St,,Chicopee,MA,01020,2329,HAMPDEN,Convenience Store,42.201664,-72.581139,,,26049
683602,Walmart 2640,450 Highland Ave,,Salem,MA,01970,1765,ESSEX,Super Store,42.494484,-70.93544,,,26240
1504107,Convenience Mart,7 Chester St,,West Springfield,MA,01089,1720,HAMPDEN,Convenience Store,42.115047,-72.63636,,,26250
420296,Town Food Mart,426 Bay St,,Taunton,MA,02780,1717,BRISTOL,Convenience Store,41.922539,-71.098038,,,26290
1672953,Big Y Express 116,471 Cooley St,,Springfield,MA,01128,1117,HAMPDEN,Convenience Store,42.090668,-72.500023,,,26296
602114,Shaw's 674,1175 Main St,Ste 1,Clinton,MA,01510,1130,WORCESTER,Supermarket,42.434193,-71.683907,,,26307
1665863,Planet Gas Station,109 Mohawk Trl,,Greenfield,MA,01301,3111,FRANKLIN,Convenience Store,42.584873,-72.616692,,,26373
1446423,Downtown Convenience,160 Worthington St,,Springfield,MA,01103,1220,HAMPDEN,Convenience Store,42.104034,-72.592896,,,26375
599661,Big Y Supermarkets 46,175 University Dr,,Amherst,MA,01002,2231,HAMPSHIRE,Super Store,42.368134,-72.533546,,,26377
419415,Market Basket 7,700 Boston Rd,,Billerica,MA,01821,5316,MIDDLESEX,Super Store,42.540375,-71.246674,,,26454
420427,Star Market 602,53 Huntington Ave,Prudential New,Boston,MA,02199,7602,SUFFOLK,Supermarket,42.347786,-71.079659,,,26464
421479,CVS PHARAMCY  1068,1653 Main St,,Athol,MA,01331,2640,WORCESTER,Other,42.58799,-72.215355,,,26500
420538,PERTO MART INC,171 Coggeshall St,,New Bedford,MA,02746,2445,BRISTOL,Convenience Store,41.656059,-70.922424,,,26547
423765,Roche Bros Supermarkets Inc 117,11 Commercial St,,Mashpee,MA,02649,3481,BARNSTABLE,Supermarket,41.612671,-70.488441,,,26562
419555,CVS PHARMACY  693,1616 Memorial Dr,,Chicopee,MA,01020,3933,HAMPDEN,Other,42.20237,-72.572548,,,26563
685068,Stop & Shop 423,50 South Water Street,,Vineyard Haven,MA,02568,    ,DUKES,Supermarket,41.454941,-70.601387,,,26652
684135,Cumberland Farm 178,479 Electric Ave,,Fitchburg,MA,01420,5316,WORCESTER,Convenience Store,42.567604,-71.813721,,,26686
419784,BIG TOWN PANTRY,420 Franklin St,,Framingham,MA,01702,6216,MIDDLESEX,Convenience Store,42.288429,-71.427643,,,26773
685237,LEE'S SUPERMARKET,1591 Commonwealth Ave,,Brighton,MA,02135,4443,SUFFOLK,Convenience Store,42.344242,-71.142952,,,26796
424187,Stop & Shop 410,6A Thatcher Rd,,Gloucester,MA,01930,3163,ESSEX,Supermarket,42.618912,-70.642639,,,26797
685431,CVS PHARMACY  1238,555 Main St,,Medfield,MA,02052,2520,NORFOLK,Other,42.185646,-71.308739,,,26852
420959,CUMBERLAND FARMS 2296,154 Samoset St,,Plymouth,MA,02360,4802,PLYMOUTH,Convenience Store,41.951767,-70.687553,,,26894
424327,Mom's House Chinese Food Market,318 College St,,Amherst,MA,01002,2331,HAMPSHIRE,Grocery Store,42.373306,-72.503098,,,26918
421010,Main Street Market,315 Main St,,Milford,MA,01757,2510,WORCESTER,Grocery Store,42.135155,-71.524971,,,26923
1646837,Speedway 2521,1140 Main St,,Worcester,MA,01603,2064,WORCESTER,Convenience Store,42.244808,-71.835892,,,26977
421146,Cumberland Farms 6744,90 E Grove St,,Middleboro,MA,02346,2717,PLYMOUTH,Convenience Store,41.879349,-70.898041,,,26981
511194,Stop & Shop 67,35 Washington St,,Lynn,MA,01904,3305,ESSEX,Supermarket,42.470394,-70.957916,,,27041
511501,CVS PHARMACY  1900,218 Hanover St,,Boston,MA,02113,2302,SUFFOLK,Other,42.363075,-71.055489,,,27068
1649485,Bani Grocery & Resturant Inc 1,205 S Union St,,Lawrence,MA,01843,1610,ESSEX,Convenience Store,42.696507,-71.153648,,,27119
1658128,Route 28 Richdale Convenience Store Llc,53 S Broadway,,Lawrence,MA,01843,1497,ESSEX,Convenience Store,42.698086,-71.164284,,,27173
508513,International Food Gourmet Inc,57 Oak St Ext,,Brockton,MA,02301,1110,PLYMOUTH,Grocery Store,42.0993,-71.063866,,,27220
485206,Walgreens 2577,1228 Broadway,,Saugus,MA,01906,4108,ESSEX,Other,42.457417,-71.023148,,,27284
486468,GREEN FIELDS MARKET,144 Main St,,Greenfield,MA,01301,3210,FRANKLIN,Other,42.587788,-72.603859,,,27345
509938,Shaw's 1419,301 Pond St,,Ashland,MA,01721,2327,MIDDLESEX,Supermarket,42.240944,-71.432938,,,27760
483849,Walgreens 19487,330 River St,,Cambridge,MA,02139,4618,MIDDLESEX,Other,42.362144,-71.113792,,,27797
510236,CVS PHARMACY  5826,2 Roche Brothers Way,,North Easton,MA,02356,1018,BRISTOL,Other,42.088024,-71.092964,,,27839
487541,Shaw's 440,35 Columbia Rd,,Hanover,MA,02339,2317,PLYMOUTH,Supermarket,42.11647,-70.821671,,,27970
721637,Walmart 1967,1105 BOSTON POST RD,Ste 1,SPRINGFIELD,MA,01119,    ,HAMPDEN,Super Store,42.139202,-72.506683,,,28102
721642,Stop & Shop 490,206 E Washington St,Unit 1,North Attleboro,MA,02760,2390,BRISTOL,Supermarket,41.971233,-71.331963,,,28103
718044,A P FISH & PRODUCE,1059B Grafton St,,Worcester,MA,01604,2029,WORCESTER,Specialty Store,42.243439,-71.755547,,,28153
721940,DAVID'S FISH MARKET,257 Davis St,,Fall River,MA,02720,5129,BRISTOL,Other,41.703018,-71.141548,,,28182
722681,CVS PHARMACY  1297,270 Grove St,,Braintree,MA,02184,7209,NORFOLK,Other,42.190845,-70.986534,,,28246
687973,CVS PHARMACY 73,5 Macy St,,Amesbury,MA,01913,3706,ESSEX,Other,42.847412,-70.929314,,,28291
719880,Pricerite of Springfield 352,633 Boston Rd,,Springfield,MA,01119,1303,HAMPDEN,Super Store,42.133522,-72.521698,,,28574
513275,CENTRAL STREET MEAT & DELI,739 Central St,,Leominster,MA,01453,4886,WORCESTER,Specialty Store,42.50222,-71.746559,,,28692
689823,Stop & Shop 407,71 Quaker Meeting House Rd,,Sandwich,MA,02563,    ,BARNSTABLE,Supermarket,41.699516,-70.486542,,,28805
690068,Market Basket 3,260 Main St,,Wilmington,MA,01887,2342,MIDDLESEX,Super Store,42.555511,-71.178444,,,28877
688922,CVS PHARMACY  1212,294 Harvard St,,Brookline,MA,02446,2917,NORFOLK,Other,42.343136,-71.122887,,,28920
426944,Eastern Lamejun Bakers,145 Belmont St,,Belmont,MA,02478,3697,MIDDLESEX,Grocery Store,42.375637,-71.15609,,,29024
461213,Dom's Variety Store,269 Hollis St,,Framingham,MA,01702,8609,MIDDLESEX,Convenience Store,42.271511,-71.418938,,,29120
1602013,7-eleven 32448D,125 Center St,,Pembroke,MA,02359,2646,PLYMOUTH,Convenience Store,42.069679,-70.810364,,,29144
462210,Walgreens 2669,20 Weston St,,Waltham,MA,02453,7758,MIDDLESEX,Other,42.375805,-71.250359,,,29173
494137,Stop & Shop 481,100 Charlton Rd,,Sturbridge,MA,01566,1505,WORCESTER,Supermarket,42.128147,-72.060051,,,29184
691645,Stop & Shop 499,100A MacY St,,Amesbury,MA,01913,4305,ESSEX,Supermarket,42.846508,-70.911087,,,29197
460193,Stop & Shop 427,221 Huttleston Ave,,Fairhaven,MA,02719,1956,BRISTOL,Supermarket,41.639851,-70.879776,,,29231
491762,Whole Foods Market 10380,2151 Mystic Valley Pkwy,,Medford,MA,02155,3757,MIDDLESEX,Super Store,42.417007,-71.126495,,,29263
460360,Shaw's 1420,300 Route 44,New State Highway,Raynham,MA,02767,1418,BRISTOL,Supermarket,41.905754,-71.053787,,,29309
690693,ALLSTON MARKET,169 Harvard Ave,,Allston,MA,02134,2702,SUFFOLK,Grocery Store,42.351326,-71.13179,,,29368
494448,FRUIT CENTER INC,79 Water St,,Hingham,MA,02043,2260,PLYMOUTH,Super Store,42.245029,-70.883026,,,29387
461594,CVS PHARMACY  1010,85 High St,,Medford,MA,02155,3825,MIDDLESEX,Other,42.419109,-71.112198,,,29516
462584,Central Square Farmers Market,CENTRAL SQ,,CAMBRIDGE,MA,02139,    ,MIDDLESEX,Farmers and Markets,42.365131,-71.10453,,,29525
690943,Stop & Shop 1,155 Harvard St,,Brookline,MA,02446,6433,NORFOLK,Supermarket,42.33847,-71.121315,,,29592
462692,Price Rite,650 American Legion Hwy,,Roslindale,MA,02131,3901,SUFFOLK,Super Store,42.284054,-71.110863,,,29613
493465,PURITAN BEEF CO INC,90 Blackstone St,,Boston,MA,02109,1506,SUFFOLK,Specialty Store,42.361439,-71.056313,,,29713
460755,Big Y Supermarkets 13,802 Williams St,,Longmeadow,MA,01106,2049,HAMPDEN,Super Store,42.055191,-72.554611,,,29725
461022,Spring Mart,2221 Main St,,Springfield,MA,01104,3311,HAMPDEN,Convenience Store,42.110149,-72.600693,,,29869
1687747,Stop Quick Mart,12 Haverhill St,,Methuen,MA,01844,4220,ESSEX,Convenience Store,42.704147,-71.191032,,,30249
1585940,Cimino Meat Market,224 Winthrop St,,Winthrop,MA,02152,2605,SUFFOLK,Grocery Store,42.376553,-70.98423,,,30348
464480,WALGREENS  2208,35 Main St,,Peabody,MA,01960,5548,ESSEX,Other,42.525032,-70.926132,,,30381
463644,Star Market 426,795 Providence Hwy,,Dedham,MA,02026,6802,NORFOLK,Supermarket,42.238346,-71.179161,,,30472
463658,MARKET BASKET  28,400 Somerville Ave,,Somerville,MA,02143,3215,MIDDLESEX,Super Store,42.380745,-71.101585,,,30475
463726,MARKET BASKET  52,240 Broadway,,Raynham,MA,02767,1414,BRISTOL,Super Store,41.936893,-71.083961,,,30481
464279,CVS PHARMACY 1258,191 Cambridge St,,Boston,MA,02114,2793,SUFFOLK,Other,42.362118,-71.066154,,,30525
569138,CVS PHARMACY 0299,44 W Boylston St,,Worcester,MA,01605,1261,WORCESTER,Other,42.290081,-71.806496,,,30562
569238,Village Market,30 Corinth St,,Roslindale,MA,02131,3029,SUFFOLK,Supermarket,42.286144,-71.129646,,,30603
465218,CVS PHARMACY  1882,57 Rollstone Rd,,Fitchburg,MA,01420,5350,WORCESTER,Other,42.567165,-71.813492,,,30684
837157,Llanera Supermarket,258 E 8th St,# 260,Boston,MA,02127,3906,SUFFOLK,Grocery Store,42.332256,-71.049942,,,30716
837887,Walgreens 10802,328 Rhode Island Ave,,Fall River,MA,02721,2330,BRISTOL,Other,41.678032,-71.161812,,,30736
568255,CVS PHARMACY  2592,468 Blue Hill Ave,,Dorchester,MA,02121,4308,SUFFOLK,Other,42.308872,-71.082901,,,30807
568313,REDS QUICK ZONE,200 Broadway,,Fall River,MA,02721,1108,BRISTOL,Convenience Store,41.698257,-71.166756,,,30832
569883,Walgreens 3021,1737 Acushnet Ave,,New Bedford,MA,02746,2128,BRISTOL,Other,41.667782,-70.928673,,,30896
568541,TRUONG THINH II MARKET,1305 Dorchester Ave,,Dorchester,MA,02122,2909,SUFFOLK,Super Store,42.306072,-71.058838,,,30945
838542,Arlington Convenience,245 Massachusetts Ave,,Arlington,MA,02474,8439,MIDDLESEX,Convenience Store,42.407532,-71.144051,,,30973
559617,Thomas Variety & Convenience,58 E Main St,,Southbridge,MA,01550,2814,WORCESTER,Convenience Store,42.072342,-72.025154,,,31063
467301,SUMMER STREET FRUIT,72 Summer St,,Malden,MA,02148,3912,MIDDLESEX,Convenience Store,42.428963,-71.074272,,,31083
467429,CVS PHARMACY 9,339 Squire Rd,,Revere,MA,02151,4309,SUFFOLK,Other,42.427502,-71.010605,,,31098
557902,HANNAFORD SUPERMARKET 8385,150 New Athol Rd,,Athol,MA,01331,2161,WORCESTER,Super Store,42.583347,-72.262787,,,31107
555375,Stop & Shop 5,19 Howley St,,Peabody,MA,01960,5617,ESSEX,Supermarket,42.523441,-70.917732,,,31138
555794,Koffee Kup Bakery,520 East St,,Chicopee,MA,01020,4146,HAMPDEN,Other,42.149109,-72.565475,,,31170
555864,Taft Farms Inc,119 Park St N,,Great Barrington,MA,01230,1135,BERKSHIRE,Farmers and Markets,42.23246,-73.346893,,,31178
555893,DAVEY'S SUPERMARKET,438 Dudley St,,Roxbury,MA,02119,2764,SUFFOLK,Grocery Store,42.324177,-71.07399,,,31182
558686,CVS PHARMACY  929,272 E Central St,,Franklin,MA,02038,1319,NORFOLK,Other,42.080372,-71.385437,,,31325
558764,Roche Bros Supermarkets Inc 110,233 Broad St,Campus Plaza Rt 18,Bridgewater,MA,02324,1748,PLYMOUTH,Supermarket,41.995041,-70.972183,,,31332
558837,CVS PHARMACY  315,451 Center St,,Ludlow,MA,01056,2769,HAMPDEN,Other,42.169498,-72.48037,,,31346
606221,Lamberts Rainbow Fruit,1000 W Main St,Ste A,Centerville,MA,02632,3098,BARNSTABLE,Grocery Store,41.657742,-70.329712,,,31387
604947,Orient Heights Food Market,1016 Bennington St,,East Boston,MA,02128,1139,SUFFOLK,Convenience Store,42.387096,-71.006279,,,31410
514202,Walmart  3200,740 Middle St,,Weymouth,MA,02188,4006,NORFOLK,Super Store,42.199429,-70.946114,,,31448
467937,Happy Supermarket,868 Blue Hill Ave,,Dorchester Center,MA,02124,1607,SUFFOLK,Supermarket,42.294964,-71.087746,,,31523
469192,BASICS PLUS MINI MART,190 East St,,Chicopee,MA,01020,3448,HAMPDEN,Convenience Store,42.154037,-72.575012,,,31600
605050,CVS PHARMACY  153,481 Lincoln St,,Worcester,MA,01605,1915,WORCESTER,Other,42.293343,-71.77755,,,31615
469301,CVS PHARMACY  1018,189 Watertown St,,Watertown,MA,02472,2571,MIDDLESEX,Other,42.362053,-71.193962,,,31672
514861,CVS PHARMACY 2098,314 Main St,,Gardner,MA,01440,2902,WORCESTER,Other,42.570236,-71.992592,,,31685
469376,CVS PHARMACY 55,1927 Beacon St,,Brighton,MA,02135,7783,SUFFOLK,Other,42.336224,-71.148575,,,31734
604252,CVS PHARMACY 636,65 Tupper Rd,,Sandwich,MA,02563,1868,BARNSTABLE,Other,41.767643,-70.505951,,,31800
605729,Walgreens 2716,21 Joyce St,,Lynn,MA,01902,3636,ESSEX,Other,42.467461,-70.942413,,,31887
469778,MICKNUCK'S FRESH MARKETPLACE,570 Main St,,Fiskdale,MA,01518,    ,WORCESTER,Grocery Store,42.116276,-72.113609,,,31893
555071,Cumberland Farms 6746,217 Worcester St,,North Grafton,MA,01536,1255,WORCESTER,Convenience Store,42.228729,-71.720993,,,31936
555205,MARKET BASKET  19,11 Wood St,,Lowell,MA,01851,1518,MIDDLESEX,Super Store,42.634106,-71.355629,,,31995
488456,ONE STOP MARKET,311 Cabot St,,Beverly,MA,01915,3369,ESSEX,Convenience Store,42.552971,-70.878265,,,32123
489144,CUMBERLAND FARMS  2288,68 Main St,,Fairhaven,MA,02719,3041,BRISTOL,Convenience Store,41.63726,-70.905319,,,32181
472415,Shaw's 3567,134 Nahatan St,,Norwood,MA,02062,4252,NORFOLK,Supermarket,42.192543,-71.196716,,,32306
472450,CVS PHARMACY 1972,152 Elm St,,W Springfield,MA,01089,2708,HAMPDEN,Other,42.1068,-72.622368,,,32343
490056,CVS PHARMACY  8,197 Boston Tpke,,Shrewsbury,MA,01545,2545,WORCESTER,Other,42.275185,-71.745361,,,32380
490763,Whole Foods Market 10091,255 Hartford Ave,,Bellingham,MA,02019,3007,NORFOLK,Super Store,42.111355,-71.461685,,,32429
571952,CUMBERLAND FARMS  6682,2222 Providence Rd,,Northbridge,MA,01534,    ,WORCESTER,Convenience Store,42.152134,-71.649643,,,32466
472593,WALGREENS  07189,1630 Tremont St,,Roxbury Crossing,MA,02120,1613,SUFFOLK,Other,42.333721,-71.103729,,,32490
570863,Roche Bros Supermarkets Inc 102,377 Chestnut St,,Needham,MA,02492,2485,NORFOLK,Supermarket,42.273685,-71.237991,,,32523
472755,Cote's Variety,169 High St,,Fitchburg,MA,01420,2407,WORCESTER,Convenience Store,42.590942,-71.802582,,,32583
572303,Needham Sudbury Farms 209,1177 Highland Ave,,Needham Heights,MA,02494,3270,NORFOLK,Supermarket,42.286629,-71.235199,,,32598
495540,7-Eleven 37414H,2302 State Rd,,Plymouth,MA,02360,5178,PLYMOUTH,Convenience Store,41.818226,-70.551598,,,32726
488337,Stop & Shop 412,1620 Tremont St,,Boston,MA,02120,1613,SUFFOLK,Supermarket,42.333763,-71.103699,,,32783
572719,Big Y Supermarkets 26,45 Veterans Memorial Dr,,North Adams,MA,01247,2359,BERKSHIRE,Super Store,42.700336,-73.110641,,,32901
573998,CVS PHARMACY  913,19 Summer St,,Bridgewater,MA,02324,2630,PLYMOUTH,Other,41.989372,-70.973976,,,33000
499290,Walgreens 17488,240 Avenue A,,Turners Falls,MA,01376,1817,FRANKLIN,Other,42.605312,-72.561104,,,33017
546853,Stop & Shop 44,565 Main St,,Walpole,MA,02081,3726,NORFOLK,Supermarket,42.156807,-71.241615,,,33061
546911,Stop & Shop 787,228 King St,,Northampton,MA,01060,2332,HAMPSHIRE,Supermarket,42.328987,-72.635651,,,33064
547226,Country Corner Citgo Inc.,5 Springfield St,,Three Rivers,MA,01080,1221,HAMPDEN,Convenience Store,42.179623,-72.365662,,,33097
547538,CVS PHARMACY  708,676 Southbridge St,,Auburn,MA,01501,1801,WORCESTER,Other,42.185291,-71.857712,,,33203
547991,SPEEDY MART INC.,2238 Cranberry Hwy,,West Wareham,MA,02576,1209,PLYMOUTH,Convenience Store,41.800007,-70.765259,,,33368
723918,CVS PHARMACY  950,410 Longmeadow St,,Longmeadow,MA,01106,1315,HAMPDEN,Other,42.059853,-72.580498,,,33376
497484,HANNAFORD SUPERMARKET 8013,333 Brook St,,Clinton,MA,01510,1717,WORCESTER,Super Store,42.424587,-71.688118,,,33450
465900,Stop & Shop 493,25 Faunce Corner Mall Rd,,Dartmouth,MA,02747,4216,BRISTOL,Supermarket,41.642754,-70.986092,,,33506
798975,Walgreens 10128,171 West St,,Ware,MA,01082,1458,HAMPSHIRE,Other,42.25481,-72.254799,,,33553
498585,S & R BARGAIN STORE,190 Millbury St,,Worcester,MA,01610,2833,WORCESTER,Convenience Store,42.250683,-71.800499,,,33589
799768,ORIENTAL FOOD MARKET,418 Quequechan St,,Fall River,MA,02723,1632,BRISTOL,Grocery Store,41.689457,-71.138077,,,33605
498618,Trader Joe's 513,1775 Washington St,Building #12/Space 1220,Hanover,MA,02339,1701,PLYMOUTH,Supermarket,42.143208,-70.841034,,,33639
466154,MARKET BASKET  45,230 S Main St,,Middleton,MA,01949,3304,ESSEX,Super Store,42.580688,-70.99823,,,33655
497624,BIG BUNNY MARKET INC,942 Main St,,Southbridge,MA,01550,1143,WORCESTER,Super Store,42.082893,-72.04792,,,33656
797794,Dollar Tree 2471,58 Swansea Mall Dr,Strip Mall,Swansea,MA,02777,4115,BRISTOL,Other,41.750916,-71.214111,,,33716
799888,Essex Market,175 Essex St,,Lawrence,MA,01840,1605,ESSEX,Grocery Store,42.707756,-71.157722,,,33723
800036,PACE ENERGY,710 Lakeview Ave,,Lowell,MA,01850,1859,MIDDLESEX,Convenience Store,42.656437,-71.312752,,,33736
797801,Dollar Tree 2909,301B E Main St,,Westfield,MA,01085,3307,HAMPDEN,Other,42.114811,-72.730453,,,33805
797804,Dollar Tree 3018,1190 S Washington St,,N Attleboro,MA,02760,3628,BRISTOL,Other,41.942524,-71.348488,,,33811
499155,CVS PHARMACY  281,80 Market St,,Rockland,MA,02370,2602,PLYMOUTH,Other,42.120842,-70.916656,,,33966
842905,Walgreens 07734,165 Samoset St,,Plymouth,MA,02360,4822,PLYMOUTH,Other,41.950806,-70.689583,,,34122
842907,Walgreens 02471,166 Walnut St,,Saugus,MA,01906,1994,ESSEX,Other,42.490494,-71.017731,,,34125
533760,Roche Bros Supermarkets Inc 115,1800 Centre St,,West Roxbury,MA,02132,1901,SUFFOLK,Supermarket,42.287281,-71.152893,,,34314
534073,ORIENTAL FOOD MARKET,30 Market Sq,,Lynn,MA,01905,2422,ESSEX,Grocery Store,42.462521,-70.963661,,,34339
534181,CHAVES MARKET INC,49 Columbia St,,Fall River,MA,02721,1301,BRISTOL,Grocery Store,41.69949,-71.166344,,,34353
534304,Stop & Shop 73,125 Highland Ave,,Seekonk,MA,02771,5818,BRISTOL,Supermarket,41.80069,-71.335434,,,34362
534697,CVS PHARMACY 1001,1080 Eastern Ave,,Malden,MA,02148,6129,MIDDLESEX,Other,42.430412,-71.039467,,,34401
842534,DOLLAR TREE 1432,591 Memorial Dr,Ste B,Chicopee,MA,01020,5034,HAMPDEN,Other,42.172413,-72.573853,,,34445
532743,Walgreens 19536,467 Salem St,,Medford,MA,02155,3336,MIDDLESEX,Other,42.422604,-71.089073,,,34572
466855,CVS PHARMACY 1899,65 Boston St,,Lynn,MA,01904,2524,ESSEX,Other,42.477207,-70.957115,,,34612
841829,Jims Variety,256 W 5th St,,Boston,MA,02127,2617,SUFFOLK,Convenience Store,42.335506,-71.04921,,,34613
532843,CVS PHARMACY  1022,215 Alewife Brook Pkwy,,Cambridge,MA,02138,1101,MIDDLESEX,Other,42.390045,-71.143616,,,34614
841226,Lowell Food Mart,624 School St,,Lowell,MA,01851,2612,MIDDLESEX,Convenience Store,42.633587,-71.324867,,,34641
533079,Crystal Gas,175 Church St,,Whitinsville,MA,01588,1417,WORCESTER,Convenience Store,42.112995,-71.658302,,,34753
533213,WILD OATS CO-OP,320 Main St,,Williamstown,MA,01267,2613,BERKSHIRE,Supermarket,42.703766,-73.186745,,,34796
531082,CVS PHARMACY  2476,163 Silver St,,Agawam,MA,01001,2445,HAMPDEN,Other,42.062115,-72.631363,,,34806
607884,Walgreens 1863,60 Bedford St,,Lexington,MA,02420,4334,MIDDLESEX,Other,42.45351,-71.232979,,,35022
608033,Walmart 2903,66 Parkhurst Rd,,Chelmsford,MA,01824,1508,MIDDLESEX,Super Store,42.623756,-71.360069,,,35046
608607,Crocetti's,378 Pleasant St,,E Bridgewater,MA,02333,1349,PLYMOUTH,Supermarket,42.040493,-70.98278,,,35095
608726,ECONO MART,1280 Lawrence St,,Lowell,MA,01852,5534,MIDDLESEX,Convenience Store,42.624104,-71.288261,,,35103
561223,CVS PHARMACY  1034,492 Concord St,,Framingham,MA,01702,2322,MIDDLESEX,Other,42.289246,-71.409393,,,35143
611127,CM Petti Market,216 Belmont St,,Brockton,MA,02301,5153,PLYMOUTH,Convenience Store,42.078625,-71.028107,,,35185
606652,Plaza Fish 2 Inc,777 William T Morrissey Blvd,located inside supermarket,Dorchester,MA,02122,3331,SUFFOLK,Specialty Store,42.294567,-71.048119,,,35192
610478,Crosby's Marketplace,3 Summer St,,Manchester,MA,01944,1516,ESSEX,Super Store,42.574089,-70.769798,,,35235
610718,BINH AN MARKET,64 Green St,,Worcester,MA,01604,4122,WORCESTER,Grocery Store,42.258362,-71.797874,,,35258
562921,CVS PHARMACY  2566,1990 Boston Rd,,Wilbraham,MA,01095,1102,HAMPDEN,Other,42.149097,-72.476875,,,35343
560007,Walgreens 2945,16 Beacon St,,Somerville,MA,02143,4311,MIDDLESEX,Other,42.374985,-71.102394,,,35402
607757,CUMBERLAND FARMS 6706,109 Brookside Rd,,Athol,MA,01331,2101,WORCESTER,Convenience Store,42.580681,-72.256714,,,35492
561376,Big Y Supermarkets 21,148 West St,,Ware,MA,01082,1448,HAMPSHIRE,Super Store,42.254189,-72.252007,,,35497
611839,Trader Joe's 514,655 Iyannough Rd Unit 4-A,Christmas Tree Promenade,Hyannis,MA,02601,1900,BARNSTABLE,Supermarket,41.667065,-70.291664,,,35499
560168,Trader Joe's 502,748 Memorial Dr,,Cambridge,MA,02139,4614,MIDDLESEX,Supermarket,42.357712,-71.115257,,,35562
700197,Whole Foods Market 10159,94 Derby St,,Hingham,MA,02043,4220,PLYMOUTH,Super Store,42.177677,-70.908737,,,35625
612029,MASSIS BAKERY INC.,569 Mount Auburn St,,Watertown,MA,02472,4102,MIDDLESEX,Grocery Store,42.370155,-71.159988,,,35646
700238,Walgreens 3130,185 Centre St,,Malden,MA,02148,5522,MIDDLESEX,Other,42.424709,-71.068405,,,35648
560294,Shaw's 690,9 West Rd,Ste 6A,Orleans,MA,02653,3200,BARNSTABLE,Supermarket,41.780869,-70.00042,,,35666
609616,SUNNYHURST FARMS,19 Lebanon St,,Malden,MA,02148,3114,MIDDLESEX,Convenience Store,42.433857,-71.045776,,,35770
561945,Walgreens 19323,131-133 Main St,,Middleboro,MA,02346,1620,PLYMOUTH,Other,41.900326,-70.893227,,,35798
562258,Orleans Whole Food Store,46 Main St,,Orleans,MA,02653,2441,BARNSTABLE,Grocery Store,41.787338,-69.990616,,,35919
562263,CVS PHARMACY 1085,76 Swan St,,Methuen,MA,01844,5021,ESSEX,Other,42.723045,-71.157417,,,35924
613818,Walgreens 4403,418 Quincy Ave,,Quincy,MA,02169,8130,NORFOLK,Other,42.238605,-70.983269,,,35925
613851,CVS PHARMACY  524,350 Longwood Ave,,Boston,MA,02115,5726,SUFFOLK,Other,42.338196,-71.106483,,,35930
577061,Hannaford Supermarket & Pharmacy 8012,927 Merriam Ave,,Leominster,MA,01453,1200,WORCESTER,Super Store,42.552872,-71.778008,,,36004
525025,Colony Farms,710 Southbridge St,,Auburn,MA,01501,1835,WORCESTER,Other,42.183254,-71.860161,,,36092
525228,Walgreens 19915,13 Taunton St,Unit 1,Plainville,MA,02762,2134,NORFOLK,Other,42.011925,-71.305222,,,36112
528784,LUCKY FARM,1 W Union St,,Ashland,MA,01721,1463,MIDDLESEX,Convenience Store,42.255344,-71.467293,,,36194
574585,Walmart  2012,742 Main St,,North Oxford,MA,01537,1148,WORCESTER,Super Store,42.169109,-71.882744,,,36227
576090,Stop & Shop 402,160 Summer St,Ste 1,Kingston,MA,02364,1226,PLYMOUTH,Supermarket,42.009369,-70.731407,,,36314
576466,Market 32 Pittsfield 140,555 Hubbard Ave,,Pittsfield,MA,01201,3876,BERKSHIRE,Supermarket,42.467236,-73.194267,,,36343
577443,Trader Joe's 508,77 Boston Tpke,,Shrewsbury,MA,01545,3600,WORCESTER,Supermarket,42.274696,-71.751053,,,36419
527419,WINTHROP MARKETPLACE INC.,35 Revere St,,Winthrop,MA,02152,1624,SUFFOLK,Supermarket,42.381924,-70.981033,,,36477
574976,Walmart SUPERCENTER 2386,352 Palmer Rd,,Ware,MA,01082,9740,HAMPSHIRE,Super Store,42.237644,-72.278984,,,36553
473634,FRIENDLY VARIETY STORE,1373 Dwight St,,Holyoke,MA,01040,2306,HAMPDEN,Convenience Store,42.211086,-72.624924,,,36684
619713,Walgreens 17177,232 Main St,,Gardner,MA,01440,2927,WORCESTER,Other,42.571537,-71.993263,,,36753
1597487,Nouria 413 Lakeside Avenue 1294,413 Lakeside Ave,,Marlborough,MA,01752,4558,MIDDLESEX,Convenience Store,42.34156,-71.578979,,,36780
575572,LUZO MAXI MARKET,115 Church St,,New Bedford,MA,02746,1842,BRISTOL,Grocery Store,41.664883,-70.935471,,,36818
523573,Walgreens 02977,1101 Main St,,Brockton,MA,02301,6828,PLYMOUTH,Other,42.063698,-71.015556,,,36935
523757,Price Chopper  Sunderland Rd 151,29 Sunderland Rd,,Worcester,MA,01604,3365,WORCESTER,Supermarket,42.247093,-71.773613,,,36959
621058,CVS PHARMACY  1071,400 Washington St,,Brookline,MA,02446,6144,NORFOLK,Other,42.334843,-71.123817,,,37071
621128,Stop & Shop 782,1282 Springfield St,,Feeding Hills,MA,01030,2184,HAMPDEN,Supermarket,42.068241,-72.674622,,,37081
551374,Big Y Supermarkets 14,441 N Main St,,E Longmeadow,MA,01028,1804,HAMPDEN,Super Store,42.078449,-72.526558,,,37216
551377,PriceRite of West Springfeld 347,1106 Union St,,W Springfield,MA,01089,4023,HAMPDEN,Super Store,42.095913,-72.60585,,,37217
548605,Star Market 3588,1065 Commonwealth Ave,,Boston,MA,02215,    ,SUFFOLK,Supermarket,42.352177,-71.123421,,,37316
1635165,World Market,623 Lincoln St,,Worcester,MA,01605,2010,WORCESTER,Grocery Store,42.297859,-71.766098,,,37343
1647820,AFH FOOD MARKET 2,347 Orange St,,Springfield,MA,01108,1326,HAMPDEN,Convenience Store,42.093136,-72.556412,,,37351
1647793,Windsor Shopee,583 Westford St,,Lowell,MA,01851,2942,MIDDLESEX,Convenience Store,42.633942,-71.336945,,,37356
549183,CVS PHARMACY 2283,715 William T Morrissey Blvd,,Dorchester,MA,02122,3522,SUFFOLK,Other,42.297424,-71.049377,,,37366
549592,CONVENIENCE PLUS,892 N Main St,,Randolph,MA,02368,3001,NORFOLK,Convenience Store,42.186123,-71.05658,,,37624
552385,CUMBERLAND FARMS  6664,25 E Main St,,Orange,MA,01364,1214,FRANKLIN,Convenience Store,42.590927,-72.308472,,,37684
552668,Trucchis Supermarket 2,53 E Center St,,West Bridgewater,MA,02379,1835,PLYMOUTH,Other,42.019524,-71.005898,,,37708
553411,CUMBERLAND FARMS 3415,805 Nantasket Ave,,Hull,MA,02045,1647,PLYMOUTH,Convenience Store,42.301624,-70.883377,,,37772
801270,Fresh Acres Market 16,1941 Wilbraham Rd,,Springfield,MA,01129,1822,HAMPDEN,Super Store,42.11372,-72.497093,,,37778
800625,TARGET 2167,479 State Rd,,North Dartmouth,MA,02747,4309,BRISTOL,Super Store,41.640762,-71.004456,,,37825
554054,Walgreens 18421,455 Main St,,Southbridge,MA,01550,3760,WORCESTER,Other,42.077324,-72.03701,,,37957
554068,Big Y Supermarkets 29,160 Reservoir St # 31,,Holden,MA,01520,1270,WORCESTER,Super Store,42.344189,-71.862114,,,37969
800865,DAILY MART,2 MILL ST,,NATICK,MA,01760,    ,MIDDLESEX,Convenience Store,42.277855,-71.376854,,,37984
1460698,Shah Mart,464 Main St,,West Springfield,MA,01089,3917,HAMPDEN,Convenience Store,42.102379,-72.610359,,,38148
1501555,Calderon Supermarket Restaurant & Deli,296 Broadway,,Lawrence,MA,01841,3540,ESSEX,Grocery Store,42.709599,-71.172813,,,38156
535865,Big Y Supermarkets 10,1 E Silver St,,Westfield,MA,01085,4407,HAMPDEN,Super Store,42.112392,-72.746933,,,38307
1635420,Late Bloom Farm,52 Corliss Hill Rd,,Haverhill,MA,01830,1614,ESSEX,Farmers and Markets,42.815117,-71.047455,,,38476
1631161,State Line Farms,59 Schofield Ave,,Dudley,MA,01571,3503,WORCESTER,Convenience Store,42.042664,-71.890648,,,38481
804785,ONE STOP MARKET,138 Central Ave,,Chelsea,MA,02150,3204,SUFFOLK,Convenience Store,42.389133,-71.03022,,,38511
536500,Walmart SUPERCENTER 2021,36 Paramount Dr,,Raynham,MA,02767,1001,BRISTOL,Super Store,41.904858,-71.03553,,,38639
1635907,Topps Liquor & More,190 Water St,,Leominster,MA,01453,3626,WORCESTER,Convenience Store,42.527493,-71.750351,,,38906
536798,CUMBERLAND FARMS  2295,375 Barnstable Rd,,Hyannis,MA,02601,2933,BARNSTABLE,Convenience Store,41.663158,-70.286415,,,38935
536872,Tedeschi Food Shops 426,591 Moody St,,Waltham,MA,02453,0507,MIDDLESEX,Convenience Store,42.365971,-71.238106,,,38956
536959,Walmart 3491,70 Pleasant Valley St,Ste 2,Methuen,MA,01844,7286,ESSEX,Super Store,42.742077,-71.164894,,,38965
588041,CVS PHARMACY  1130,615 Belmont Ave,,Springfield,MA,01108,2439,HAMPDEN,Other,42.086132,-72.555099,,,39149
586911,Hannaford Supermarket & Pharmacy 8014,158 N Main St,,Uxbridge,MA,01569,1748,WORCESTER,Super Store,42.081898,-71.639099,,,39174
991971,CVS Pharmacy 278,833 Massachusetts Ave,,Arlington,MA,02476,4701,MIDDLESEX,Other,42.416847,-71.160469,,,39180
992224,CVS Pharmacy 1157,1242 Parker St,,Springfield,MA,01129,1006,HAMPDEN,Other,42.114651,-72.498589,,,39205
992245,CVS Pharmacy 1189,405 Lincoln St,,Hingham,MA,02043,1503,PLYMOUTH,Other,42.248436,-70.92469,,,39210
992467,Dollar Tree 4510,430 Liberty St,Ste 1,Hanson,MA,02341,1199,PLYMOUTH,Other,42.067574,-70.872688,,,39231
992473,Dollar Tree 4508,30 American Legion Dr,,North Adams,MA,01247,3913,BERKSHIRE,Other,42.698124,-73.113182,,,39232
588125,CVS PHARMACY  765,399 Main St,,Southbridge,MA,01550,3728,WORCESTER,Other,42.076637,-72.035858,,,39361
701546,Walgreens 17482,68 S Main St,,Haverhill,MA,01835,7422,ESSEX,Other,42.77108,-71.075523,,,39440
539102,HA TIEN MARKET,892E Main St,,Worcester,MA,01610,1473,WORCESTER,Supermarket,42.252712,-71.818062,,,39441
845781,Stop N Save,360 Medford St,,Somerville,MA,02145,3822,MIDDLESEX,Convenience Store,42.388897,-71.096985,,,39592
537980,Walgreens 4535,170 N Main St,,Randolph,MA,02368,4629,NORFOLK,Other,42.165554,-71.04335,,,39628
587707,CUMBERLAND FARMS  6702,10 Montague City Rd,,Turners Falls,MA,01376,1810,FRANKLIN,Convenience Store,42.60054,-72.564453,,,39845
538589,CVS PHARMACY  1955,548 Dartmouth St,,South Dartmouth,MA,02748,1908,BRISTOL,Other,41.613846,-70.938042,,,39908
538590,CUMBERLAND FARMS  6688,297 Main St,,Athol,MA,01331,2233,WORCESTER,Convenience Store,42.593773,-72.233498,,,39947
538696,CUMBERLAND FARMS 144,80 County St,,Attleboro,MA,02703,2141,BRISTOL,Convenience Store,41.942585,-71.286774,,,39971
702322,Walmart SUPERCENTER 5278,591 Memorial Dr,Ste 1,Chicopee,MA,01020,5033,HAMPDEN,Super Store,42.172413,-72.573853,,,39984
705565,Stop & Shop 54,375 Centre Ave,,Abington,MA,02351,2209,PLYMOUTH,Supermarket,42.111324,-70.929886,,,40077
705880,MARKET BASKET  48,285 Lincoln Ave,,Haverhill,MA,01830,6738,ESSEX,Super Store,42.764591,-71.037361,,,40101
705926,Walmart SUPERCENTER 2629,100 Valley Pkwy,,Whitinsville,MA,01588,1743,WORCESTER,Super Store,42.107647,-71.700096,,,40103
708393,Crosby's Marketplace,125 Canal St,,Salem,MA,01970,4671,ESSEX,Super Store,42.510117,-70.896034,,,40140
528884,SAIGON MARKET,298 S Union St,,Lawrence,MA,01843,2325,ESSEX,Other,42.69487,-71.153351,,,40166
529130,CVS PHARMACY  2600,1515 Commercial St,,Weymouth,MA,02189,3060,NORFOLK,Other,42.215946,-70.921761,,,40185
707538,Stop & Shop 461,500 Route 134,Bldg 1,South Dennis,MA,02660,3452,BARNSTABLE,Supermarket,41.693199,-70.152855,,,40248
617138,7-ELEVEN #32470A,3 Lynnfield St,,Lynn,MA,01904,2219,ESSEX,Convenience Store,42.485386,-70.960991,,,40250
703746,CVS PHARMACY  1249,471 Liberty St,,Hanson,MA,02341,1167,PLYMOUTH,Other,42.066246,-70.869507,,,40255
707563,DOWN TO EARTH NATURAL FOODS,751 Kempton St,,New Bedford,MA,02740,2541,BRISTOL,Grocery Store,41.635868,-70.945442,,,40271
615061,DIANA MARKET,170 Cottage St,,East Boston,MA,02128,3163,SUFFOLK,Convenience Store,42.370186,-71.032845,,,40281
617183,Star Market 4572,370 Western Ave,Ste 1,Brighton,MA,02135,1008,SUFFOLK,Supermarket,42.360931,-71.137642,,,40288
703973,Market Basket 01,331 Fletcher St,,Lowell,MA,01854,4152,MIDDLESEX,Super Store,42.644077,-71.320831,,,40307
704231,Market 32 by Price Chopper 233,495 Pittsfield Rd,,Lenox,MA,01240,2132,BERKSHIRE,Supermarket,42.404789,-73.265167,,,40331
704454,Stop & Shop 35,400 Lincoln St,Ste 1,Hingham,MA,02043,1505,PLYMOUTH,Supermarket,42.248432,-70.924461,,,40355
703021,Star Market 4568,2040 Commonwealth Ave,,Auburndale,MA,02466,2002,MIDDLESEX,Supermarket,42.346928,-71.244781,,,40432
703158,Walgreens 03758,610 Pleasant St,,Brockton,MA,02301,2513,PLYMOUTH,Other,42.088821,-71.0448,,,40440
703196,Market Basket 24,43 Middlesex Tpke,,Burlington,MA,01803,4913,MIDDLESEX,Super Store,42.470795,-71.208344,,,40444
703235,CVS PHARMACY  488,970 Saint James Ave,,Springfield,MA,01104,2822,HAMPDEN,Other,42.135159,-72.568329,,,40451
703372,REIS BAKERY & MARKET,208 Snell St,,Fall River,MA,02721,2735,BRISTOL,Convenience Store,41.691116,-71.154045,,,40463
703461,Walmart 2184,1180 Fall River Ave,,Seekonk,MA,02771,5906,BRISTOL,Super Store,41.793636,-71.327309,,,40469
1575359,Convenience Mart N Smoke Shop 1,776 Springfield St,,Feeding Hills,MA,01030,2109,HAMPDEN,Convenience Store,42.076141,-72.65538,,,40514
614513,INTER PRODUCE,679 White St,,Springfield,MA,01108,3239,HAMPDEN,Grocery Store,42.08358,-72.543121,,,40537
1576707,Wohrle's Food Warehouse,1619 East St,,Pittsfield,MA,01201,3887,BERKSHIRE,Convenience Store,42.455433,-73.207306,,,40598
618794,CVS PHARMACY  2680,106 Boston Rd,,Groton,MA,01450,1860,MIDDLESEX,Other,42.597122,-71.560623,,,40665
619122,MARKET BASKET  22,1900 Main St,,Tewksbury,MA,01876,2112,MIDDLESEX,Super Store,42.590988,-71.202255,,,40693
706534,Page's Grocery & Liquors Inc,458 Pearl St,,Stoughton,MA,02072,1655,NORFOLK,Grocery Store,42.136745,-71.112465,,,40730
1580826,State Street Fruit Store,51 State St,,Northampton,MA,01060,3010,HAMPSHIRE,Grocery Store,42.319347,-72.634048,,,40734
706650,Star Market 2565,699 Mount Auburn St,,Cambridge,MA,02138,4520,MIDDLESEX,Supermarket,42.375362,-71.149185,,,40756
617702,Hannaford Supermarket & Pharmacy 8005,8 Merchants Way,,Middleboro,MA,02346,1818,PLYMOUTH,Super Store,41.883495,-70.912613,,,40860
624267,Stop & Shop 43,540 Squire Rd,,Revere,MA,02151,1863,SUFFOLK,Supermarket,42.429424,-71.020508,,,41025
624494,Big Y Supermarkets 03,503 Memorial Ave,,W Springfield,MA,01089,4009,HAMPDEN,Super Store,42.095886,-72.604317,,,41046
622905,Walgreens 02699,54 East St,,Ludlow,MA,01056,3407,HAMPDEN,Other,42.156815,-72.482651,,,41126
659817,Walgreens 02823,841 Western Ave,,Lynn,MA,01905,2322,ESSEX,Other,42.459862,-70.968773,,,41385
622064,Cumberland Farms 6703,22 Park St,,West Springfield,MA,01089,3320,HAMPDEN,Convenience Store,42.10751,-72.616943,,,41439
529938,Hannaford Supermarket & Pharmacy 8191,66 Drum Hill Rd,#2,Chelmsford,MA,01824,1504,MIDDLESEX,Super Store,42.623123,-71.360695,,,41488
529966,Stop & Shop 444,475 Bedford St,,Whitman,MA,02382,1821,PLYMOUTH,Supermarket,42.074745,-70.947227,,,41513
621467,FOSTERS SUPER MARKET INC,70 Allen St,,Greenfield,MA,01301,2323,FRANKLIN,Super Store,42.595787,-72.60952,,,41737
623730,S&h Fuel,931 Bennington St,,East Boston,MA,02128,1134,SUFFOLK,Convenience Store,42.385715,-71.00882,,,41753
530545,NUNEZ MARKET,305 Dudley St,,Roxbury,MA,02119,2603,SUFFOLK,Convenience Store,42.327824,-71.077591,,,41782
621599,Walgreens 18342,176 Haverhill St,,Methuen,MA,01844,3462,ESSEX,Other,42.704815,-71.200615,,,41801
579473,CVS PHARMACY 686,178 Washington St,,Braintree,MA,02184,1708,NORFOLK,Other,42.226154,-71.004593,,,41898
579901,CVS PHARMACY 751,434 Rantoul St,,Beverly,MA,01915,3209,ESSEX,Other,42.554985,-70.881432,,,41995
583523,WALGREENS 05810,14 Jackson St,,Methuen,MA,01844,5014,ESSEX,Other,42.722919,-71.158997,,,42097
713455,Walgreens 19038,21 Columbia St,,Adams,MA,01220,1315,BERKSHIRE,Other,42.626469,-73.117828,,,42116
714144,CVS Pharmacy 20,245 William S Canning Blvd,,Fall River,MA,02721,2339,BRISTOL,Other,41.67424,-71.162231,,,42174
710907,La Fruiteria Supermarket,75 Manchester St,,Lawrence,MA,01841,3018,ESSEX,Super Store,42.712746,-71.179474,,,42202
1601975,Grab N Go Market,387 S Main St,,Haverhill,MA,01835,7238,ESSEX,Convenience Store,42.765293,-71.082977,,,42236
1596677,American Food Market,1187 Blue Hill Ave,,Mattapan,MA,02126,1837,SUFFOLK,Grocery Store,42.283829,-71.091919,,,42238
585068,NEWBURY BUTCHERY,2 Morgan Ave,,Newbury,MA,01951,1213,ESSEX,Grocery Store,42.797581,-70.86058,,,42240
585429,CVS PHARMACY  2454,321 Quincy Shore Dr,,Quincy,MA,02171,1846,NORFOLK,Other,42.287384,-71.022903,,,42278
1667464,Colbea Enterprises LLC. 89,601 Old Connecticut Path,,Framingham,MA,01701,4549,MIDDLESEX,Convenience Store,42.314697,-71.39006,,,42289
585546,CUMBERLAND FARMS 2325,141 Broadway,,Taunton,MA,02780,2507,BRISTOL,Convenience Store,41.909977,-71.092003,,,42296
709764,CUMBERLAND FARMS  6789,95 Commercial St,,Adams,MA,01220,2021,BERKSHIRE,Convenience Store,42.614525,-73.124207,,,42307
710798,Big Y Supermarkets 43,100 Mayfield St,,Worcester,MA,01602,3453,WORCESTER,Super Store,42.258995,-71.824425,,,42471
711968,Stop & Shop 61,470 N Main St,,East Longmeadow,MA,01028,1805,HAMPDEN,Supermarket,42.078728,-72.528969,,,42506
1352484,Centerville Food Shop,1638 Falmouth Rd,,Centerville,MA,02632,2948,BARNSTABLE,Convenience Store,41.657887,-70.347496,,,42588
1653060,Centerville Food Mart,1149 Falmouth Rd/Rte 28,,Centerville,MA,02632,3021,BARNSTABLE,Convenience Store,41.658199,-70.329475,,,42592
644416,CAPE MART INC.,130 Center St,,Hyannis,MA,02601,5540,BARNSTABLE,Grocery Store,41.656948,-70.283455,,,42610
644554,Walgreens 3090,838 Pleasant St,,New Bedford,MA,02740,6642,BRISTOL,Other,41.638607,-70.927101,,,42625
644666,Whole Foods Market 10371,40 Railroad St,,Andover,MA,01810,3554,ESSEX,Super Store,42.660992,-71.144066,,,42632
659897,Walgreens 02889,99 Granger Blvd,,Marlborough,MA,01752,2855,MIDDLESEX,Other,42.345482,-71.548637,,,42706
708719,Shaw's 1414,230 Main St,,Medfield,MA,02052,1400,NORFOLK,Supermarket,42.194267,-71.28997,,,42711
708788,La Peraviana Market Inc.,3095 Washington St,,Roxbury,MA,02119,3164,SUFFOLK,Convenience Store,42.315369,-71.098969,,,42716
708861,Shaw's 2445,739 Chief Justice Cushing Hwy,,Cohasset,MA,02025,2115,NORFOLK,Supermarket,42.222023,-70.805168,,,42721
709162,ZENNER'S PACKAGE & VARIETY INC,307 Tyler St,,Pittsfield,MA,01201,4225,BERKSHIRE,Convenience Store,42.457767,-73.243446,,,42753
709480,MARKET BASKET 54,274 Hartford Ave,,Bellingham,MA,02019,3000,NORFOLK,Super Store,42.116566,-71.462311,,,42780
585860,Adams IGA Supermarket 498,115 Main St,,Monson,MA,01057,1320,HAMPDEN,Supermarket,42.098877,-72.315063,,,42917
585964,Stop & Shop 79,949 Grafton St,,Worcester,MA,01604,2003,WORCESTER,Supermarket,42.247189,-71.758125,,,42928
586143,CVS PHARMACY  635,351 Bedford St,,Whitman,MA,02382,1819,PLYMOUTH,Other,42.069702,-70.948105,,,42945
644243,Walmart  2122,30 Memorial Dr,,Avon,MA,02322,1919,NORFOLK,Super Store,42.120525,-71.029884,,,42995
664842,PEARL STREET MARKET,211 Pearl St,,Somerville,MA,02145,3931,MIDDLESEX,Convenience Store,42.387337,-71.093002,,,43009
765964,CASTLEWAY MARKET,432 Mechanic St,,Fitchburg,MA,01420,2011,WORCESTER,Convenience Store,42.598167,-71.802345,,,43172
764660,COMMON CROW NATURAL HEALTH INC.,200 Eastern Ave,,Gloucester,MA,01930,1810,ESSEX,Other,42.630238,-70.637787,,,43240
715440,CUMBERLAND FARMS 6766,660 County St,,Taunton,MA,02780,6947,BRISTOL,Convenience Store,41.884655,-71.066772,,,43318
715545,CVS Pharmacy 0049,333 Washington St,,Boston,MA,02108,5121,SUFFOLK,Other,42.356815,-71.05899,,,43339
764207,Shaw's 2653,127 Marion Rd,,Wareham,MA,02571,1423,PLYMOUTH,Supermarket,41.758747,-70.72789,,,43398
764210,Shaw's 627,760A Boston Rd,,Groton,MA,01450,2058,MIDDLESEX,Supermarket,42.57996,-71.524063,,,43399
660727,CVS PHARMACY  26,590 Fellsway,,Medford,MA,02155,4925,MIDDLESEX,Other,42.405659,-71.083115,,,43441
661129,CVS PHARMACY  1015,42 Beale St,,Wollaston,MA,02170,2617,NORFOLK,Other,42.266674,-71.01767,,,43483
765054,Whole Foods Market 10158,181 Cambridge St,,Boston,MA,02114,2786,SUFFOLK,Super Store,42.362125,-71.065979,,,43524
765069,Cram Seafood Co Inc,145 Shirley St,,Roxbury,MA,02119,3007,SUFFOLK,Other,42.325832,-71.067886,,,43529
765162,Walgreens 17673,577 Meadow St,,Chicopee,MA,01013,1876,HAMPDEN,Other,42.170986,-72.61396,,,43550
664105,Walmart  1918,250 Hartford Ave,,Bellingham,MA,02019,3000,NORFOLK,Super Store,42.114723,-71.462143,,,43649
663092,Shaw's 1208,246 Border St,,East Boston,MA,02128,1618,SUFFOLK,Supermarket,42.376163,-71.039841,,,43740
663216,MARKET BASKET 49,231 Newburyport Tpke,,Rowley,MA,01969,2005,ESSEX,Super Store,42.709007,-70.908058,,,43755
645858,Stop & Shop 421,815 Grand Army Hwy,,Somerset,MA,02726,1204,BRISTOL,Supermarket,41.730789,-71.169853,,,43844
660018,Stop & Shop 430,70 Pulaski Blvd,,Bellingham,MA,02019,2717,NORFOLK,Supermarket,42.018372,-71.496681,,,43886
661967,CVS PHARMACY  2200,1030 Putnam Ave,,Marstons Mills,MA,02648,1896,BARNSTABLE,Other,41.647804,-70.423965,,,43935
648446,Shaw's 2493,11 Traders Way,,Salem,MA,01970,1867,ESSEX,Supermarket,42.502125,-70.920845,,,44002
1662617,Dollar General 30194,771 College Hwy,,Southwick,MA,01077,9690,HAMPDEN,Other,42.083881,-72.766327,,,44168
638262,CVS PHARMACY  2138,8 Pilgrim Hill Rd,,Plymouth,MA,02360,6123,PLYMOUTH,Other,41.951061,-70.687584,,,44193
647557,CVS PHARMACY  707,500 Grafton St,,Worcester,MA,01604,4713,WORCESTER,Other,42.250813,-71.7799,,,44260
646733,Cumberland Farms 2244,95 Huttleston Ave,,Fairhaven,MA,02719,3156,BRISTOL,Convenience Store,41.644798,-70.897408,,,44311
640689,CVS PHARMACY  220,264 E Main St,,Marlborough,MA,01752,2669,MIDDLESEX,Other,42.351933,-71.534645,,,44368
647779,BROOKFIELD FARM DF,24 Hulst Rd,,Amherst,MA,01002,3523,HAMPSHIRE,Farmers and Markets,42.315887,-72.476799,,,44415
647000,COURT HOUSE SEAFOOD,484 Cambridge St,,Cambridge,MA,02141,1113,MIDDLESEX,Specialty Store,42.371571,-71.084389,,,44467
647083,Cumberland Farms 6691,594 Union St,,North Adams,MA,01247,2968,BERKSHIRE,Convenience Store,42.697254,-73.090843,,,44500
641596,Hanscom AFB Commissary 2020,1709 Griffis St,Bldg. A,Hanscom AFB,MA,01731,    ,MIDDLESEX,Supermarket,42.461784,-71.287971,,,44651
635660,Gastranome,153 Broad St,,Lynn,MA,01901,1607,ESSEX,Grocery Store,42.463432,-70.940842,,,44712
638617,Stop & Shop 21,1 Dan Fox Dr,Ste 1,Pittsfield,MA,01201,8227,BERKSHIRE,Supermarket,42.411053,-73.265358,,,44917
639101,Shaw's 677,93 Prospect St,,Milford,MA,01757,3008,WORCESTER,Supermarket,42.138821,-71.53347,,,44955
639227,Walgreens 17728,405 Broadway,,Everett,MA,02149,3435,MIDDLESEX,Other,42.405846,-71.055634,,,44965
806630,TUFTS VARIETY STORE INC,285 Boston Ave,,Medford,MA,02155,5200,MIDDLESEX,Convenience Store,42.412861,-71.124069,,,45078
726114,Star Market 604,4 River St,,Dorcheste,MA,02124,2929,SUFFOLK,Supermarket,42.271946,-71.069702,,,45104
805094,CUMBERLAND FARMS 6719,550 E Main St,,E Brookfield,MA,01515,1701,WORCESTER,Convenience Store,42.231529,-72.029755,,,45285
726670,Cumberland Farms 6695,17 Post Rd,,Brookfield,MA,01506,1612,WORCESTER,Convenience Store,42.215729,-72.098389,,,45309
726983,CVS PHARMACY  1174,68 Main St,,Andover,MA,01810,3846,ESSEX,Other,42.65498,-71.139435,,,45373
667621,CUMBERLAND FARMS  6772,245 Ashland St,,North Adams,MA,01247,4512,BERKSHIRE,Convenience Store,42.692661,-73.107811,,,45437
666556,Walmart  2797,100 Charlton Rd,,Sturbridge,MA,01566,1505,WORCESTER,Super Store,42.128147,-72.060051,,,45537
649750,7-ELEVEN #33200B,1442 Grafton St,,Worcester,MA,01604,2720,WORCESTER,Convenience Store,42.233395,-71.746193,,,45605
650331,GENEVA GROCERY,385 Geneva Ave,,Dorchester,MA,02122,1003,SUFFOLK,Convenience Store,42.301373,-71.068085,,,45647
650596,ARNOLD'S MEATS AT THE BARN LLC,359 Shaker Rd,,East Longmeadow,MA,01028,3125,HAMPDEN,Supermarket,42.046959,-72.519203,,,45667
724908,Walgreens 02063,29 New Derby St,,Salem,MA,01970,3637,ESSEX,Other,42.519413,-70.894569,,,45806
725294,Stop & Shop 482,400 Chief Justice Cushing Hwy,,Cohasset,MA,02025,1608,NORFOLK,Supermarket,42.233475,-70.820381,,,45835
1077082,7-Eleven 37502,187 East Cottage,Dorchester Ave Ma 02125,Dorchester,MA,02125,2125,SUFFOLK,Convenience Store,42.319927,-71.061211,,,46014
1587460,Compadres Meat Market,3105 Washington St,,Roxbury,MA,02119,3116,SUFFOLK,Grocery Store,42.315128,-71.099243,,,46119
768609,PriceRite of Fall River 332,866 Pleasant St,,Fall River,MA,02723,1018,BRISTOL,Super Store,41.696827,-71.140518,,,46137
732806,Walmart 2329,555 E Main St,,Orange,MA,01364,9515,FRANKLIN,Super Store,42.58865,-72.284271,,,46371
732808,Walmart 2267,137 W Boylston St,,West Boylston,MA,01583,1713,WORCESTER,Super Store,42.355289,-71.784569,,,46372
732821,Walmart 2174,141 Springfield Rd,,Westfield,MA,01085,1819,HAMPDEN,Super Store,42.108604,-72.706352,,,46378
732825,Walmart 2103,550 Providence Hwy,,Walpole,MA,02081,4231,NORFOLK,Super Store,42.14444,-71.216835,,,46381
732829,Walmart Supercenter 2095,15 Tobey Rd,,Wareham,MA,02571,1083,PLYMOUTH,Super Store,41.779114,-70.745422,,,46382
732859,Walmart 1970,280 Washington St,,Hudson,MA,01749,2735,MIDDLESEX,Super Store,42.373035,-71.562386,,,46388
733298,A ARENA & SONS INC,159 Ash St,,Hopkinton,MA,01748,1903,MIDDLESEX,Specialty Store,42.214516,-71.497734,,,46440
767840,Fuller Market,851 Washington St,,Dorchester Center,MA,02124,4635,SUFFOLK,Grocery Store,42.281818,-71.07122,,,46480
768013,Hum Inc /Chapin East Variety,830 East St,,Ludlow,MA,01056,3040,HAMPDEN,Convenience Store,42.166645,-72.455513,,,46556
768390,TARGET 1190,1205 S Washington St,,North Attleboro,MA,02760,6251,BRISTOL,Super Store,41.942287,-71.348671,,,46596
768396,Target 1930,91 Taunton St,,Plainville,MA,02762,1207,NORFOLK,Super Store,42.034115,-71.31002,,,46597
768397,Target 1189,81 Taunton Depot Dr,,Taunton,MA,02780,6915,BRISTOL,Super Store,41.877987,-71.067902,,,46598
768399,TARGET 1266,101 Commerce Way,,Woburn,MA,01801,1007,MIDDLESEX,Super Store,42.5187,-71.134735,,,46599
728907,ASHLAND CONVENIENCE STORE,70 Union St,,Ashland,MA,01721,    ,MIDDLESEX,Convenience Store,42.258591,-71.454437,,,46799
1648437,Market On Brussels FFAB,3 Brussels St,,Worcester,MA,01610,3696,WORCESTER,Farmers and Markets,42.241352,-71.815475,,,46996
772418,Village Dairy,167 Main St,,South Grafton,MA,01560,1020,WORCESTER,Convenience Store,42.177235,-71.708138,,,47107
808182,OKLA Corporation DBA/ 7 Eleven #32457D 32457D,55 Berkeley St,,Boston,MA,02116,6202,SUFFOLK,Convenience Store,42.346558,-71.07048,,,47128
808600,Harvard Street Community Market,55 Harvard St,,Dorchester Center,MA,02124,1930,SUFFOLK,Convenience Store,42.297966,-71.07618,,,47169
873915,Stop & Shop 2403,56 Shank Painter Rd,,Provincetown,MA,02657,1342,BARNSTABLE,Supermarket,42.05061,-70.195313,,,47427
873922,Stop & Shop 2404,1475 Newman Ave,,Seekonk,MA,02771,2618,BRISTOL,Supermarket,41.888401,-71.332764,,,47447
1653419,Seabra Foods,333 Pleasant St,,Worcester,MA,01609,1814,WORCESTER,Super Store,42.264175,-71.814125,,,47540
588706,CVS PHARMACY #730 0730,501 Boston Post Rd,,Sudbury,MA,01776,3335,MIDDLESEX,Other,42.359901,-71.428406,,,47588
873403,Walgreens 10427,35 Central St,,Leominster,MA,01453,5716,WORCESTER,Other,42.524208,-71.759537,,,47595
588865,Walmart  2227,777 Brockton Ave,,Abington,MA,02351,2111,PLYMOUTH,Super Store,42.094723,-70.967407,,,47637
809741,Posada Market,69 Hancock St,,Everett,MA,02149,2801,MIDDLESEX,Convenience Store,42.41275,-71.054382,,,47686
589539,CVS PHARMACY  1002,624 Mass Ave,,Cambridge,MA,02139,3307,MIDDLESEX,Other,42.365005,-71.103973,,,47741
590252,Walgreens 19240,5 Schofield Ave,,Dudley,MA,01571,3328,WORCESTER,Other,42.047081,-71.890083,,,47791
770013,Southend Convenience and Gas ,679 Main St,,Springfield,MA,01105,2413,HAMPDEN,Convenience Store,42.095402,-72.58107,,,47886
772119,Stop & Shop 443,251 Washington St,,South Attleboro,MA,02703,5517,BRISTOL,Supermarket,41.92271,-71.357346,,,47971
593086,BROTHERS SUPER MARKET,46 Washington St,,Dorchester,MA,02121,3105,SUFFOLK,Super Store,42.306992,-71.082207,,,48040
593127,Brooks Variety,32 Brooks St,,Brighton,MA,02135,1717,SUFFOLK,Convenience Store,42.356129,-71.162346,,,48045
782592,CUMBERLAND FARMS 6718,507 Newton St,,South Hadley,MA,01075,2017,HAMPSHIRE,Convenience Store,42.237667,-72.58226,,,48149
591418,Walgreens 17169,710 E Broadway,,South Boston,MA,02127,1504,SUFFOLK,Other,42.335632,-71.036659,,,48151
782630,CVS Pharmacy 843,235 Center St,,Chicopee,MA,01013,1520,HAMPDEN,Other,42.142185,-72.611458,,,48163
782635,CVS PHARMACY INC 1291,770 Boston Rd,,Springfield,MA,01119,1311,HAMPDEN,Other,42.136856,-72.519203,,,48171
781540,T&P Convenience & Asian Food Market,5 Summer St,Ste 2,Lunenburg,MA,01462,2353,WORCESTER,Other,42.571259,-71.771973,,,48172
781093,BROWN & BUDNICK MEATS,1794 Bridge St,Ste 16,Dracut,MA,01826,2664,MIDDLESEX,Other,42.683254,-71.309822,,,48207
708214,Stop & Shop 64,24 Route 6A,,ORLEANS,MA,02653,    ,BARNSTABLE,Supermarket,41.796139,-69.984657,,,48235
781666,TARGET 2127,655 Cheshire Rd,,Lanesboro,MA,01237,9706,BERKSHIRE,Super Store,42.493382,-73.202042,,,48244
708250,Market 32 Mountain St 194,72 Pullman St,,Worcester,MA,01606,    ,WORCESTER,Supermarket,42.324581,-71.797508,,,48357
992960,Foppema's Farm,1605 Hill St,,Northbridge,MA,01534,1155,WORCESTER,Farmers and Markets,42.151154,-71.680496,,,48403
1692818,Store 38,368 Fairmount St,,Lowell,MA,01852,3751,MIDDLESEX,Convenience Store,42.632603,-71.286346,,,48437
594024,CVS PHARMACY  1889,427 Washington St,,Brighton,MA,02135,2639,SUFFOLK,Other,42.349117,-71.156464,,,48454
1407797,Simra Llc,259 Triangle St,,Amherst,MA,01002,2144,HAMPSHIRE,Convenience Store,42.381275,-72.518524,,,48510
591161,Stop & Shop 475,111 Brewster-Chatham Road,,Harwich,MA,02645,    ,BARNSTABLE,Supermarket,41.684597,-70.05777,,,48524
591279,Walmart  2139,780 Lynnway,,Lynn,MA,01905,3026,ESSEX,Super Store,42.448753,-70.960907,,,48540
708377,Sully's Variety Store,890 Broadway,,Chelsea,MA,02150,3056,SUFFOLK,Convenience Store,42.399563,-71.02253,,,48568
780668,STOP & SAVE,272 S Main St,,Orange,MA,01364,1744,FRANKLIN,Convenience Store,42.580902,-72.308479,,,48678
781011,QUINCY INTERNATIONAL FOODS,529 Washington St,,Quincy,MA,02169,5833,NORFOLK,Grocery Store,42.247299,-70.980194,,,48988
643626,Stop & Shop 87,39 Nathan Ellis Highway,Ste 1,Mashpee,MA,02649,    ,BARNSTABLE,Supermarket,41.619572,-70.488838,,,49022
692559,Stop & Shop 14,125A Church St,,Pembroke,MA,02359,1917,PLYMOUTH,Supermarket,42.104218,-70.772652,,,49133
996918,Dollar Tree 4577,950 American Legion Hwy,Ste 1,Roslindale,MA,02131,4798,SUFFOLK,Other,42.275009,-71.114784,,,49134
692563,Stop & Shop 66,3900 Falmouth Rd,,Marstons Mills,MA,02648,1855,BARNSTABLE,Supermarket,41.647923,-70.425102,,,49140
993485,CVS Pharmacy 4313,438 Route 28,,West Yarmouth,MA,02673,4840,BARNSTABLE,Other,41.650585,-70.241653,,,49149
692658,Walmart 2904,700 Oak St,,Brockton,MA,02301,1105,PLYMOUTH,Super Store,42.101334,-71.05574,,,49286
693416,Shaw's 1429,641 Belmont St,,Brockton,MA,02301,4928,PLYMOUTH,Supermarket,42.072201,-71.045845,,,49515
695164,CVS PHARMACY  1204,509 Eastern Ave,,Lynn,MA,01902,1570,ESSEX,Other,42.481415,-70.936462,,,49657
695426,Lincoln Street Gulf 100,446 Lincoln St,,Worcester,MA,01605,1919,WORCESTER,Convenience Store,42.292511,-71.780128,,,49792
1653676,Atlasmart 417 Llc,417 Saint James Ave,,Springfield,MA,01109,3829,HAMPDEN,Convenience Store,42.120888,-72.570122,,,49796
1664012,Honeyland Farms,206 Newbury St,,Chicopee,MA,01013,2845,HAMPDEN,Convenience Store,42.136143,-72.594231,,,49800
995653,ALDI 73073,500 Lincoln St,,Worcester,MA,01605,1916,WORCESTER,Supermarket,42.295677,-71.773933,,,49825
694401,CVS PHARMACY  610,10 Sarahs Way,,Fairhaven,MA,02719,3161,BRISTOL,Other,41.645748,-70.897087,,,49840
694620,Market Del Sol,60 Addison St,,Chelsea,MA,02150,    ,SUFFOLK,Convenience Store,42.398113,-71.034309,,,49935
677506,Stop & Shop 033,278 Washington St # RT138,,Stoughton,MA,02072,1763,NORFOLK,Supermarket,42.138275,-71.102295,,,50008
681142,CUMBERLAND FARMS  2259,169 Main St,,Wareham,MA,02571,2124,PLYMOUTH,Convenience Store,41.757343,-70.714249,,,50015
677877,CVS PHARMACY  717,36 White St,,Cambridge,MA,02140,1449,MIDDLESEX,Other,42.38913,-71.118073,,,50183
677950,NEIGHBORHOOD CONVENIENCE STORE,994 Hyde Park Ave,,Hyde Park,MA,02136,3135,SUFFOLK,Convenience Store,42.265568,-71.12075,,,50187
678035,Shaw's 4592,146A High St,,Ipswich,MA,01938,1247,ESSEX,Supermarket,42.689793,-70.853127,,,50191
678243,Stop & Shop 425,20 Teaticket Hwy,Ste 1,Falmouth,MA,02536,5662,BARNSTABLE,Supermarket,41.561493,-70.598763,,,50213
681230,Shaw's 2472,178 Main St,,Sturbridge,MA,01566,1290,WORCESTER,Supermarket,42.097931,-72.072807,,,50264
681481,Walmart  2158,200 Otis St,,Northborough,MA,01532,2442,WORCESTER,Super Store,42.285099,-71.656548,,,50282
681630,Shaw's 603,137 Teaticket Hwy,Ste 1,East Falmouth,MA,02536,5666,BARNSTABLE,Supermarket,41.561714,-70.593826,,,50295
681841,Stop & Shop 70,1001 Kings Hwy,,New Bedford,MA,02745,4902,BRISTOL,Supermarket,41.679153,-70.9431,,,50312
1660768,Texas Meat Market Inc,6 Chestnut St,,Ashland,MA,01721,1844,MIDDLESEX,Grocery Store,42.258156,-71.45591,,,50388
825714,Target 2267,41 Robert Dr,,South Easton,MA,02375,1352,BRISTOL,Super Store,42.027363,-71.14283,,,50503
825929,J & J Discount Mini Mart,131 W Broadway,,Boston,MA,02127,1017,SUFFOLK,Convenience Store,42.340935,-71.054176,,,50629
682481,Store,88A Providence St,,Worcester,MA,01604,    ,WORCESTER,Convenience Store,42.243176,-71.757133,,,50813
682637,CVS PHARMACY 207,1620 President Ave,,Fall River,MA,02720,7148,BRISTOL,Other,41.712109,-71.128136,,,50826
733755,NEW CORNER VARIETY,1175 Grattan St,,Chicopee,MA,01013,2761,HAMPDEN,Convenience Store,42.182739,-72.611366,,,50864
773637,CVS Pharmacy 1026,991 Main St,,Springfield,MA,01103,2111,HAMPDEN,Other,42.098961,-72.584084,,,51052
772472,Walgreens 17925,676 Dartmouth St,,S Dartmouth,MA,02748,3092,BRISTOL,Other,41.603401,-70.941109,,,51107
874506,CVS Pharmacy 5493,336 Bridge St,,Lowell,MA,01850,2409,MIDDLESEX,Other,42.649723,-71.304451,,,51223
775365,Hannaford Supermarket & Pharmacy 8383,255 Joseph E Warner Blvd,,Taunton,MA,02780,8300,BRISTOL,Super Store,41.886345,-71.121605,,,51457
775375,CVS PHARMACY INC 314,45 Atlantic Ave,,Marblehead,MA,01945,3103,ESSEX,Other,42.498806,-70.8563,,,51458
775875,Jimmy's Variety Store,1 Upsala St,,Worcester,MA,01610,2027,WORCESTER,Convenience Store,42.242535,-71.797981,,,51500
1690757,Shailip1004 Inc,659 Grattan St,,Chicopee,MA,01020,1262,HAMPDEN,Convenience Store,42.172974,-72.599144,,,51597
776840,CHESTER VILLAGE MARKET,191 Route 20,,Chester,MA,01011,9601,HAMPDEN,Convenience Store,42.279106,-72.983734,,,51672
774771,Neighborhood Market,1165 Broadway,,Somerville,MA,02144,1742,MIDDLESEX,Grocery Store,42.403675,-71.127579,,,51708
777094,TARGET STORE 1965,86 Orchard Hill Park Dr,,Leominster,MA,01453,7020,WORCESTER,Super Store,42.527634,-71.713943,,,51782
874732,Target 1496,330 Turnpike Rd,,Westborough,MA,01581,2813,WORCESTER,Super Store,42.282471,-71.655144,,,51790
874733,Target 1839,367 Russell St,,Hadley,MA,01035,    ,HAMPSHIRE,Super Store,42.356552,-72.54776,,,51793
873979,Family Dollar 7517,390 Union St,,Ashland,MA,01721,2154,MIDDLESEX,Other,42.254715,-71.466003,,,51871
873982,Family Dollar 2232,90 West St,,Gardner,MA,01440,2118,WORCESTER,Other,42.576233,-72.000641,,,51873
873987,Family Dollar 2412,1133 Grand Army Hwy,,Somerset,MA,02726,1202,BRISTOL,Other,41.733604,-71.174927,,,51875
874020,Family Dollar 2214,220 Main St,,Townsend,MA,01469,1036,MIDDLESEX,Other,42.664154,-71.701248,,,51878
874021,Family Dollar 3716,4171 N Main St,,Fall River,MA,02720,    ,BRISTOL,Other,41.751122,-71.120804,,,51879
874025,Family Dollar 6146,771 Purchase St,,New Bedford,MA,02740,6343,BRISTOL,Other,41.634796,-70.925995,,,51880
874027,Family Dollar 4863,551 Electric Ave,Ste 3,Fitchburg,MA,01420,5300,WORCESTER,Other,42.568737,-71.816292,,,51882
874029,Family Dollar 2421,217 S Main St,,Attleboro,MA,02703,    ,BRISTOL,Other,41.935368,-71.28717,,,51883
874033,Family Dollar 3479,13 Taunton St,Unit 2,Plainville,MA,02762,2134,NORFOLK,Other,42.011925,-71.305222,,,51884
874036,Family Dollar 2226,1175 Main St,,Clinton,MA,01510,    ,WORCESTER,Other,42.434193,-71.683907,,,51885
874044,Family Dollar 6589,700 Southbridge St,,Worcester,MA,01610,    ,WORCESTER,Other,42.243454,-71.811119,,,51888
874049,Family Dollar 2127,440 Stafford Rd,,Fall River,MA,02721,    ,BRISTOL,Other,41.682594,-71.157089,,,51890
874053,Family Dollar 2217,870 N Main St,Ste 2,Fall River,MA,02720,2656,BRISTOL,Other,41.713821,-71.152847,,,51894
874055,Family Dollar 2066,160 Rodney French Blvd,,New Bedford,MA,02744,    ,BRISTOL,Other,41.611504,-70.917648,,,51895
874060,Family Dollar 4709,205 Chandler St,,Worcester,MA,01609,    ,WORCESTER,Other,42.260708,-71.817627,,,51899
826687,Target 1495,101 Independence Mall Way,Ste 1,Kingston,MA,02364,2282,PLYMOUTH,Super Store,41.966793,-70.713997,,,51904
826688,Target 1516,423 Donald Lynch Blvd,,Marlborough,MA,01752,4709,MIDDLESEX,Super Store,42.359127,-71.606033,,,51905
653632,CVS PHARMACY  938,8 E Washington St,,North Attleboro,MA,02760,2314,BRISTOL,Other,41.967152,-71.337852,,,52145
654342,Silva's Package Store,640 Bedford St,,Fall River,MA,02720,4806,BRISTOL,Convenience Store,41.69986,-71.143784,,,52199
655359,CVS PHARMACY  1049,942A Hyde Park Ave,,Hyde Park,MA,02136,    ,SUFFOLK,Other,42.267555,-71.119949,,,52274
655463,Cumberland Farms 2268,626 Main St,,West Yarmouth,MA,02673,5061,BARNSTABLE,Convenience Store,41.649277,-70.227684,,,52285
784150,TARGET 1898,7 Allstate Rd,,Dorchester,MA,02125,1663,SUFFOLK,Super Store,42.325363,-71.063828,,,52337
784360,Food Zone International Supermarket,355 Belmont Ave,,Springfield,MA,01108,2000,HAMPDEN,Supermarket,42.087498,-72.564987,,,52366
784447,Whole Foods Market 10233,400 Cambridge Rd,,Woburn,MA,01801,6043,MIDDLESEX,Super Store,42.460449,-71.163437,,,52376
656500,Shaw's 2478,114-128 Essex Center Dr,,Peabody,MA,01960,2901,ESSEX,Supermarket,42.5369,-70.945084,,,52467
656574,EDGEMERE MINI MART,288 Mill St,,Worcester,MA,01602,3113,WORCESTER,Convenience Store,42.255699,-71.84668,,,52472
783299,SANDWICH MART & SPIRITS,152 Route 6A,,Sandwich,MA,02563,2046,BARNSTABLE,Convenience Store,41.75658,-70.491066,,,52887
652253,CVS PHARMACY  2282,703 Gallivan Blvd,,Dorchester Center,MA,02124,5423,SUFFOLK,Other,42.283592,-71.047653,,,52916
652321,Shaw's 2491,45 Storey Ave,Ste 1,Newburyport,MA,01950,1856,ESSEX,Supermarket,42.82011,-70.904274,,,52924
652355,Stop & Shop 81,224 Elliott St,,Beverly,MA,01915,3047,ESSEX,Supermarket,42.55484,-70.886444,,,52928
652602,Pine River Fish Market,400 American Legion Hwy,,Revere,MA,02151,4467,SUFFOLK,Specialty Store,42.41988,-71.002449,,,52949
696748,7-Eleven 33057A,188 Huttleston Ave,,Fairhaven,MA,02719,4647,BRISTOL,Convenience Store,41.641815,-70.885864,,,53036
697470,VALUE MART,50 Hamilton St,,Worcester,MA,01604,2204,WORCESTER,Convenience Store,42.255798,-71.782074,,,53101
810796,WALGREENS 03112,1425 Massachusetts Ave,,Arlington,MA,02476,4103,MIDDLESEX,Other,42.424946,-71.187416,,,53164
810805,WALGREENS 07220,86 Chelmsford St,,Chelmsford,MA,01824,3019,MIDDLESEX,Other,42.60144,-71.347244,,,53165
697550,Walmart 2180,55 Brooksby Village Way,,Danvers,MA,01923,1444,ESSEX,Super Store,42.553555,-70.96627,,,53227
1000001,Dollar Tree 4592,1207 Washington St,,Hanover,MA,02339,1620,PLYMOUTH,Other,42.137722,-70.841965,,,53342
1000021,Dollar Tree 4124,950 Kings Hwy,Ste 6B,New Bedford,MA,02745,4948,BRISTOL,Other,41.67334,-70.940689,,,53344
1588463,Nilo's Market Ii Llc,424 N Franklin St,Ste 6,Holbrook,MA,02343,1597,NORFOLK,Grocery Store,42.166607,-71.007416,,,53431
785400,Quick Pic,549 Sawyer St,,New Bedford,MA,02746,1449,BRISTOL,Convenience Store,41.656303,-70.938957,,,53543
786152,P & D Market,114 Tallman St,,New Bedford,MA,02746,2038,BRISTOL,Convenience Store,41.658813,-70.929237,,,53644
696046,CVS PHARMACY  400,16 Boston Rd,,Chelmsford,MA,01824,3013,MIDDLESEX,Other,42.595192,-71.351166,,,53811
811986,Neptune Convenience,3 Neptune Rd,,Boston,MA,02128,1456,SUFFOLK,Grocery Store,42.380123,-71.026054,,,53813
699494,Cibao Market,118 S Common St,,Lynn,MA,01902,4554,ESSEX,Grocery Store,42.462921,-70.958107,,,53875
696185,Stop & Shop 776,905 Massachusetts Ave,,Arlington,MA,02476,4706,MIDDLESEX,Supermarket,42.417725,-71.164413,,,53895
812221,PriceRite of Lynn 337,395 Lynnway,,Lynn,MA,01901,1707,ESSEX,Super Store,42.456924,-70.951492,,,53909
696321,BRANT ROCK MARKET,33 Dyke Rd,,Brant Rock,MA,02020,9800,PLYMOUTH,Supermarket,42.091267,-70.646721,,,53971
1000445,Angels Market,503B Washington St,,Dorchester Center,MA,02124,2014,SUFFOLK,Grocery Store,42.294022,-71.071983,,,54093
828332,Javier Market,311 E Haverhill St,,Lawrence,MA,01841,1426,ESSEX,Grocery Store,42.720451,-71.142296,,,54227
682891,Mayfair Foods,506 Cambridge St,,Allston,MA,02134,2006,SUFFOLK,Grocery Store,42.353127,-71.137917,,,54447
683275,C  - Mart #2,668 N Main St,,East Longmeadow,MA,01028,1817,HAMPDEN,Convenience Store,42.080845,-72.53894,,,54512
734336,COMPARE SUPERMARKET,2A Adams Street Ext,,Lynn,MA,01902,2633,ESSEX,Super Store,42.474812,-70.939415,,,54554
1001661,El Valle De La Sultana Market,290 Broadway,Ste 1,Somerville,MA,02145,2973,MIDDLESEX,Grocery Store,42.391876,-71.092247,,,54618
736620,Camilo Market,280 Centre St,,Jamaica Plain,MA,02130,1669,SUFFOLK,Convenience Store,42.322842,-71.10157,,,54702
827676,WALGREENS 06850,1103 Kempton St,,New Bedford,MA,02740,1530,BRISTOL,Other,41.636917,-70.955162,,,54805
735709,Lincoln Avenue Market,84 Lincoln Ave,,Saugus,MA,01906,2833,ESSEX,Convenience Store,42.454918,-70.990166,,,54895
827350,Pams Market,374 Bridge St,,Dedham,MA,02026,1753,NORFOLK,Convenience Store,42.258919,-71.178444,,,54984
828746,Stop & Shop 488,25 Walkers Brook Dr,,Reading,MA,01867,3226,MIDDLESEX,Supermarket,42.520248,-71.09565,,,55126
778345,Union Fruit Market Inc,1437 Acushnet Ave,,New Bedford,MA,02746,2230,BRISTOL,Grocery Store,41.660938,-70.927826,,,55129
847031,CVS PHARMACY 75,200 S Common St,,Lynn,MA,01905,2453,ESSEX,Other,42.462013,-70.9627,,,55256
847040,CVS Pharmacy 844,929 Main St,,Walpole,MA,02081,2964,NORFOLK,Other,42.148117,-71.252602,,,55258
847044,CVS Pharmacy 861,355 Centre St,,Brockton,MA,02302,2741,PLYMOUTH,Other,42.083839,-71.005775,,,55259
828817,WALGREENS 10375,2968 Acushnet Ave,,New Bedford,MA,02745,3620,BRISTOL,Other,41.700645,-70.935242,,,55420
779001,Walgreens 07704,5 Pierce St,,Greenfield,MA,01301,1928,FRANKLIN,Other,42.598083,-72.596733,,,55501
779005,Walgreens 09233,225 Boston Tpke,,Shrewsbury,MA,01545,5223,WORCESTER,Other,42.275257,-71.744453,,,55502
876398,Pricerite of Southbridge St 310,520 Southbridge St,,Worcester,MA,01610,1716,WORCESTER,Super Store,42.247494,-71.810204,,,55732
1595989,Brox Farm,1276 Broadway Rd,,Dracut,MA,01826,2816,MIDDLESEX,Farmers and Markets,42.7006,-71.258492,,,55733
780088,CUMBERLAND FARMS 6717,66 Parker St,,Indian Orchard,MA,01151,2223,HAMPDEN,Convenience Store,42.154446,-72.489693,,,55954
829141,Paxton Market,707 Pleasant St,,Paxton,MA,01612,1026,WORCESTER,Other,42.311928,-71.929245,,,55988
667878,Brockton Food Mart,1293 Main St,,Brockton,MA,02301,7109,PLYMOUTH,Convenience Store,42.059738,-71.014168,,,56081
787605,COMPARE FOODS,664 Main St,,Worcester,MA,01610,3124,WORCESTER,Super Store,42.259304,-71.80619,,,56286
878256,Maria Store,777 Dorchester Ave,,Dorchester,MA,02125,1136,SUFFOLK,Convenience Store,42.324066,-71.057045,,,56630
669847,Shaw's 1432,1177 Providence Rd,,Whitinsville,MA,01588,2119,WORCESTER,Supermarket,42.125317,-71.648064,,,56720
672317,CVS PHARMACY  2172,100 Worcester St,,North Grafton,MA,01536,1024,WORCESTER,Other,42.218861,-71.697418,,,56749
877395,CVS Pharmacy 2959,139 Endicott Street,,Danvers,MA,01923,    ,ESSEX,Other,42.549496,-70.932945,,,56795
672952,TRANS WORLD FOOD MARKET,50 Russell St,,Hadley,MA,01035,9556,HAMPSHIRE,Other,42.340622,-72.604843,,,56891
669017,Hannaford Supermarket & Pharmacy 8192,301 Pleasant St,,Dracut,MA,01826,4909,MIDDLESEX,Super Store,42.665092,-71.312859,,,56916
669186,CARNICERIA MARKET,88 Jackson St,,Lawrence,MA,01841,3821,ESSEX,Grocery Store,42.711418,-71.157906,,,56938
671501,CUMBERLAND FARMS 0129,53 Main St,,Florence,MA,01062,1468,HAMPSHIRE,Convenience Store,42.334988,-72.669106,,,56947
1660865,Richdale Food Shops 120 120,120 Byron St,,East Boston,MA,02128,1544,SUFFOLK,Convenience Store,42.383862,-71.016205,,,56965
815111,CVS Pharmacy Inc. 810,188 Central St,,Leominster,MA,01453,6114,WORCESTER,Other,42.518852,-71.757729,,,57006
815116,CVS Pharmacy 4471,600 State St,,Springfield,MA,01109,4104,HAMPDEN,Other,42.109695,-72.572487,,,57007
813694,WALGREENS 10127,625 Carew St,,Springfield,MA,01104,1961,HAMPDEN,Other,42.12207,-72.587685,,,57325
789924,Shaw's 3692,1108 Route 28,,South Yarmouth,MA,02664,4463,BARNSTABLE,Supermarket,41.66238,-70.200806,,,57610
789962,Shaw's 3648,134 Water St,,Wakefield,MA,01880,3015,MIDDLESEX,Supermarket,42.502586,-71.065231,,,57620
790168,Walgreens 17464,60 Groton St # 62,,Pepperell,MA,01463,1516,MIDDLESEX,Other,42.665722,-71.572571,,,57700
787943,AM/PM CONVENIENCE,489 BEARSES WAY,,HYANNIS,MA,02601,    ,BARNSTABLE,Convenience Store,41.662529,-70.299416,,,57938
787997,MCKINSTRY'S MARKET GARDEN,753 Montgomery St,,Chicopee,MA,01013,3856,HAMPDEN,Grocery Store,42.179581,-72.591591,,,57943
788443,D & M MART,126 Broad St,,Lynn,MA,01901,1627,ESSEX,Convenience Store,42.463074,-70.940262,,,57988
737177,Corner Store of BHA,867 Blue Hill Ave,,Dorchester Center,MA,02124,1605,SUFFOLK,Convenience Store,42.295647,-71.087975,,,58021
739332,Walgreens 02325,290 Broadway,,Lynn,MA,01904,1806,ESSEX,Other,42.486164,-70.960098,,,58443
738398,Walgreens 03548,225 Main St,,Stoneham,MA,02180,1252,MIDDLESEX,Other,42.486416,-71.100601,,,58463
737896,D.E.P. Ram Corporation,10 Federal St,,Belchertown,MA,01007,9841,HAMPSHIRE,Convenience Store,42.290169,-72.407272,,,58496
738502,Walgreens 05756,1 Central Sq,,East Boston,MA,02128,    ,SUFFOLK,Other,42.374199,-71.038864,,,58523
1006129,Dollar Tree 8071,1089 Dorchester Ave,,Dorchester,MA,02125,1499,SUFFOLK,Other,42.313255,-71.057182,,,58621
738749,GINAS GROCERY,251 Dudley St,,Roxbury,MA,02119,2504,SUFFOLK,Grocery Store,42.328514,-71.079491,,,58702
1003546,CVS Pharmacy 8906,575 Broadway,,Malden,MA,02148,2039,MIDDLESEX,Other,42.44043,-71.031319,,,58795
1006373,Beverly Farmers Market,148 Rantoul St,,Beverly,MA,01915,4241,ESSEX,Farmers and Markets,42.546959,-70.884346,,,58803
1003596,CVS Pharmacy 1131,55 Veterans Memorial Dr,,North Adams,MA,01247,2359,BERKSHIRE,Other,42.70034,-73.110863,,,58825
1003642,Walgreens 9966,145 Littleton Rd,,Westford,MA,01886,3121,MIDDLESEX,Other,42.569935,-71.419128,,,58854
1003798,Belmont Farmers Market,Channing Rd & Cross St,Municipal Parking Lot,Belmont,MA,02478,    ,MIDDLESEX,Farmers and Markets,42.396801,-71.174355,,,58890
1008459,Greek International Food Market,5204 Washington St,,West Roxbury,MA,02132,6319,SUFFOLK,Grocery Store,42.260952,-71.157249,,,59117
1009764,Nouria 64 River Road West 1010,64 River Rd W,,Berlin,MA,01503,1600,WORCESTER,Convenience Store,42.356926,-71.623917,,,59417
1682016,Sol Karibe Mini Market 0,51 Prospect St,,Springfield,MA,01107,1758,HAMPDEN,Convenience Store,42.116199,-72.598175,,,59532
1010702,Meat and Fish Market,88B Blackstone St,,Boston,MA,02109,1506,SUFFOLK,Grocery Store,42.361439,-71.056313,,,59572
792873,ARCOS Market,34 Main St,,Milford,MA,01757,2604,WORCESTER,Grocery Store,42.143169,-71.51506,,,59637
1008159,ALDI 73079,630 Fellsway,,Medford,MA,02155,4902,MIDDLESEX,Supermarket,42.406914,-71.083893,,,59667
1602042,Donelan's Of Wayland 018,177 Commonwealth Rd,,Wayland,MA,01778,5099,MIDDLESEX,Other,42.317032,-71.362358,,,59757
793237,Garden Halal Meat Market,96A Blackstone St,,Boston,MA,02109,1506,SUFFOLK,Grocery Store,42.361511,-71.056412,,,59787
791935,Stop & Shop 462,109 Taunton St,,Plainville,MA,02762,1238,NORFOLK,Supermarket,42.035656,-71.311478,,,59925
1642623,Eva's Flavor Haitian Market 1,48 Millbury St,,Worcester,MA,01610,2814,WORCESTER,Grocery Store,42.25383,-71.798683,,,60082
818224,Cappys Convenience Store,949 Dorchester Ave,,Dorchester,MA,02125,1251,SUFFOLK,Convenience Store,42.31863,-71.05677,,,60111
817771,Parus,766 Main St,,West Springfield,MA,01089,3936,HAMPDEN,Grocery Store,42.100056,-72.60569,,,60569
740918,Butchery,182 North St,,Danvers,MA,01923,1242,ESSEX,Super Store,42.59642,-70.95929,,,60746
818574,PriceRite of Westfield 338,303 E Main St,,Westfield,MA,01085,3307,HAMPDEN,Super Store,42.11396,-72.726326,,,60827
741130,QUALITY MART,1352 Allen St,,Springfield,MA,01118,2526,HAMPDEN,Convenience Store,42.094303,-72.515205,,,60833
741801,Elma Food Market,42 Ferry St,,Everett,MA,02149,4933,MIDDLESEX,Other,42.405537,-71.047729,,,60846
831823,Target 2287,67 Pleasant St,,Methuen,MA,01844,    ,ESSEX,Super Store,42.732227,-71.180901,,,61009
831826,Target 2292,2421 Cranberry Hwy,Ste 110,Wareham,MA,02571,5099,PLYMOUTH,Super Store,41.776386,-70.745361,,,61013
831829,Target 2325,35 Computer Dr,,Haverhill,MA,01832,1236,ESSEX,Super Store,42.787899,-71.11512,,,61125
915576,Market Basket 61,101 Gloucester Crossing Rd,,Gloucester,MA,01930,2281,ESSEX,Super Store,42.622505,-70.65596,,,61179
915694,Target 2480,199 Plain St,Ste 1,Lowell,MA,01852,5132,MIDDLESEX,Super Store,42.623898,-71.317505,,,61200
915698,Target 2532,1167 Washington St,,Hanover,MA,02339,1643,PLYMOUTH,Super Store,42.136971,-70.841721,,,61202
795234,7-Eleven 37429H,650 Adams St,,Quincy,MA,02169,1340,NORFOLK,Convenience Store,42.255802,-71.032143,,,61532
794627,J&R ENTERPRISES,200 Salem St,,Malden,MA,02148,4105,MIDDLESEX,Grocery Store,42.429935,-71.060577,,,61793
795781,PriceRite of Worcester 334,117 Gold Star Blvd,,Worcester,MA,01606,2816,WORCESTER,Super Store,42.291653,-71.802963,,,61973
795868,Country Farms,56 Aiken Ave,,Lowell,MA,01850,1402,MIDDLESEX,Convenience Store,42.658207,-71.312386,,,61981
1012746,CVS Pharmacy 5407,11 Main St,,Lakeville,MA,02347,1617,PLYMOUTH,Other,41.878189,-70.924599,,,62023
1012750,CVS Pharmacy 8970,362B Main St,,Great Barrington,MA,01230,1804,BERKSHIRE,Other,42.192665,-73.364517,,,62025
849350,Farmers Market at Harvard,1 Oxford St,,Cambridge,MA,02138,2901,MIDDLESEX,Farmers and Markets,42.376053,-71.115562,,,62162
1013829,Union Square Farmers Market,66-70 Union Square,"Plaza Parking Lot, S",Somerville,MA,02143,    ,MIDDLESEX,Farmers and Markets,42.379948,-71.095039,,,62191
916644,Nouria 340 Grove Street 1075,340 Grove St,,Worcester,MA,01605,3949,WORCESTER,Convenience Store,42.284752,-71.807129,,,62337
916646,Nouria 466 Lincoln Street 1076,466 Lincoln St,,Worcester,MA,01605,1918,WORCESTER,Convenience Store,42.293018,-71.779129,,,62338
917006,Family Dollar 5665,200 Union St,,Lynn,MA,01901,1315,ESSEX,Other,42.466286,-70.942207,,,62371
917011,Family Dollar 2704,1665 Middlesex St,,Lowell,MA,01851,1103,MIDDLESEX,Other,42.63583,-71.351326,,,62372
917068,Family Dollar 2806,40 Jackson St,Ste 1,Methuen,MA,01844,5000,ESSEX,Other,42.7244,-71.160049,,,62374
917070,Family Dollar 3536,142 Boston St,,Lynn,MA,01904,2523,ESSEX,Other,42.473469,-70.957024,,,62375
917073,Family Dollar 3578,431 Main St,,Woburn,MA,01801,4239,MIDDLESEX,Other,42.48082,-71.150795,,,62376
849079,DOLLAR TREE 1478,15 Plaza Way,,Fairhaven,MA,02719,4601,BRISTOL,Other,41.63998,-70.886749,,,62445
849081,DOLLAR TREE 1554,440 Middlesex Rd,,Tyngsboro,MA,01879,1070,MIDDLESEX,Other,42.697693,-71.441345,,,62452
849086,DOLLAR TREE 2522,344 Greenwood St,,Worcester,MA,01607,1728,WORCESTER,Other,42.213203,-71.795906,,,62466
849088,DOLLAR TREE 2718,178 Haverhill St,Ste 1,Methuen,MA,01844,3467,ESSEX,Other,42.704815,-71.200615,,,62472
848133,Discount Tobacco-dba Stop N Save Stoneham 2,427 Main St,,Stoneham,MA,02180,3514,MIDDLESEX,Convenience Store,42.478493,-71.100998,,,62477
849096,DOLLAR TREE 3062,490 Lincoln St,Ste 1,Worcester,MA,01605,1920,WORCESTER,Other,42.294094,-71.776215,,,62493
1012220,CVS Pharmacy 632,4 Broadway Rd,,Dracut,MA,01826,4002,MIDDLESEX,Other,42.671131,-71.295868,,,62501
848141,Market Basket 60,30 General Way,,Reading,MA,01867,3240,MIDDLESEX,Super Store,42.519341,-71.099876,,,62522
1012229,CVS Pharmacy 995,2 Milliston Rd,Ste 1,Millis,MA,02054,1606,NORFOLK,Other,42.167961,-71.35408,,,62527
849143,DOLLAR TREE 3234,91 Carver Rd,Ste A,Plymouth,MA,02360,4685,PLYMOUTH,Other,41.944874,-70.711517,,,62643
1011636,Target 2607,579 Gar Hwy,Ste 5,Swansea,MA,02777,4587,BRISTOL,Super Store,41.747829,-71.207153,,,62645
849146,DOLLAR TREE 3492,420 Walpole St,,Norwood,MA,02062,3093,NORFOLK,Other,42.180042,-71.220688,,,62652
849149,DOLLAR TREE 3573,147 Squire Rd,,Revere,MA,02151,1201,SUFFOLK,Other,42.424084,-71.00869,,,62664
1012303,CVS Pharmacy 1250,555 Belmont St,,Brockton,MA,02301,4927,PLYMOUTH,Other,42.074245,-71.042046,,,62810
1011943,Melrose Farmers Market,W Emmerson St,Bowden Park,Melrose,MA,02176,    ,MIDDLESEX,Farmers and Markets,42.459362,-71.07209,,,62827
1012087,Walgreens 11885,495 State Rd,,North Dartmouth,MA,02747,1801,BRISTOL,Other,41.640907,-71.006271,,,62975
849317,River Valley Market,330 N King St,,Northampton,MA,01060,1121,HAMPSHIRE,Super Store,42.347466,-72.642883,,,62979
1012089,Walgreens 12869,296 Buffinton St,,Somerset,MA,02726,4528,BRISTOL,Other,41.747795,-71.145599,,,62980
835086,Walgreens 10209,800 Waverley Rd,,North Andover,MA,01845,5047,ESSEX,Other,42.678146,-71.133957,,,63118
853727,Roslindale Farmers Market,4236 Washington St,,Roslindale,MA,02131,2649,SUFFOLK,Farmers and Markets,42.285957,-71.128044,,,63142
852376,Walmart SUPERCENTER 2964,11 Jungle Rd,,Leominster,MA,01453,    ,WORCESTER,Super Store,42.491829,-71.72995,,,63149
851025,Stop & Shop 2422,474 Station Ave,,South Yarmouth,MA,02664,1219,BARNSTABLE,Supermarket,41.68615,-70.208748,,,63172
1286152,Juan Deli Mini Market,95 High St,,Holyoke,MA,01040,6502,HAMPDEN,Convenience Store,42.209232,-72.605545,,,63179
853872,Peace African Market,1104 Main St,,Worcester,MA,01603,2064,WORCESTER,Grocery Store,42.244995,-71.834435,,,63180
852467,DOLLAR TREE 1582,122 Medway Rd,,Milford,MA,01757,2915,WORCESTER,Other,42.14817,-71.48996,,,63290
852477,DOLLAR TREE 2725,187 Summer St,Ste 2,Kingston,MA,02364,1245,PLYMOUTH,Other,42.011967,-70.730186,,,63309
852486,DOLLAR TREE 3536,655 Broadway,,Saugus,MA,01906,3206,ESSEX,Other,42.478546,-71.022514,,,63329
852492,Dollar Tree 3541,510 Parker St,,Springfield,MA,01129,1069,HAMPDEN,Other,42.139778,-72.497253,,,63330
852927,Santiago Market,63 Franklin St,,Lynn,MA,01902,4175,ESSEX,Convenience Store,42.465992,-70.955254,,,63361
850544,CVS Pharmacy 5874,631 Washington St,,Boston,MA,02111,1716,SUFFOLK,Other,42.352631,-71.062752,,,63398
851698,Big Y World Class Market 86,2035 Boston Rd,,Wilbraham,MA,01095,    ,HAMPDEN,Super Store,42.148487,-72.471153,,,63399
850547,CVS Pharmacy 6505,978 Boylston St,,Newton Hlds,MA,02461,1504,MIDDLESEX,Other,42.318893,-71.211876,,,63411
1606905,Oliver's Farmstand,36 Main St,,Goshen,MA,01032,9610,HAMPSHIRE,Grocery Store,42.44072,-72.799194,,,63684
833420,Richdale Convenience Store,149 Walnut St,,Lynn,MA,01905,1168,ESSEX,Convenience Store,42.470371,-70.971397,,,63855
821641,D & D Convenience Store,1002 Dorchester Ave,,Dorchester,MA,02125,1314,SUFFOLK,Convenience Store,42.316429,-71.056511,,,64157
822488,Target 1281,250 Fortune Blvd,,Milford,MA,01757,1743,WORCESTER,Super Store,42.160561,-71.4981,,,64225
822490,Target 1348,529 Lincoln St,,Worcester,MA,01605,1905,WORCESTER,Super Store,42.292194,-71.773582,,,64234
823302,Gulf Express Mart 102,399 Southbridge St,,Worcester,MA,01610,1709,WORCESTER,Convenience Store,42.251289,-71.808998,,,64345
823677,WALGREENS 09152,937 W Boylston St,,Worcester,MA,01606,1139,WORCESTER,Other,42.327206,-71.792015,,,64365
835194,Roche Bros Supermarkets Inc 119,1100 Union St,,Westborough,MA,01581,5409,WORCESTER,Supermarket,42.269592,-71.608604,,,64386
821862,Asian Food Market,284 Southampton Rd,,Westfield,MA,01085,1321,HAMPDEN,Other,42.148235,-72.729248,,,64421
1583953,Helens Variety,292 Main St,,Northborough,MA,01532,1667,WORCESTER,Convenience Store,42.32753,-71.620293,,,64653
917090,Family Dollar 7248,995 Blue Hill Ave,Ste 1,Dorchester Center,MA,02124,2828,SUFFOLK,Other,42.290367,-71.089554,,,65017
919663,Walgreens 09477,2177 Ocean St,,Marshfield,MA,02050,3192,PLYMOUTH,Other,42.09343,-70.718071,,,65166
919673,Walgreens 11120,1145 Main St,,Holden,MA,01520,1221,WORCESTER,Other,42.349529,-71.860153,,,65168
919813,Wareham Country Market,195 Marion Rd,,Wareham,MA,02571,1423,PLYMOUTH,Convenience Store,41.755367,-70.732277,,,65174
919879,Cultures United,281 W 6th St,,Lowell,MA,01850,1834,MIDDLESEX,Grocery Store,42.656693,-71.31115,,,65178
749296,Walgreens 07703,54 Center Sq,,E Longmeadow,MA,01028,2446,HAMPDEN,Other,42.064888,-72.513145,,,65213
878655,Hathaway Service Station Inc 1,36 Hathaway Rd,,New Bedford,MA,02746,1306,BRISTOL,Convenience Store,41.661701,-70.943268,,,65247
878720,Walgreens 10318,78 Turnpike Rd,,Southborough,MA,01772,2103,WORCESTER,Other,42.294022,-71.506035,,,65271
878727,Walgreens 10940,235 S Main St,,Middleton,MA,01949,2445,ESSEX,Other,42.578266,-71.000221,,,65275
918339,Walgreens 02861,653 Worcester Rd,Ste 3,Framingham,MA,01701,5222,MIDDLESEX,Other,42.298397,-71.423866,,,65380
918372,Dollar Tree 2050,162 West St,,Ware,MA,01082,1448,HAMPSHIRE,Other,42.254429,-72.253052,,,65387
918384,Dollar Tree 3281,111 Pleasant St,,Attleboro,MA,02703,2360,BRISTOL,Other,41.947578,-71.278885,,,65392
918680,North Quabbin Community Co-Op,12 N Main St,,Orange,MA,01364,1016,FRANKLIN,Farmers and Markets,42.591225,-72.309441,,,65574
1636052,One Stop Convenience,345 Revere St,,Revere,MA,02151,4525,SUFFOLK,Convenience Store,42.418331,-70.997406,,,65630
1632173,Well Done Intl Groceries & Gifts,1583 Main St,,Chatham,MA,02633,2711,BARNSTABLE,Convenience Store,41.682449,-69.992241,,,65642
917845,Aggies Place,69 Pearl St,,Somerville,MA,02145,3428,MIDDLESEX,Convenience Store,42.384537,-71.083992,,,65656
918850,Trader Joe's 517,211 Alewife Brook Pkwy,,Cambridge,MA,02138,1101,MIDDLESEX,Supermarket,42.389183,-71.142929,,,65800
1286271,Marini Farm LLC,259 Linebrook Rd,,Ipswich,MA,01938,1149,ESSEX,Farmers and Markets,42.685356,-70.894279,,,66135
1287538,Pilot Travel Center 222,400 Haynes St,Building A,Sturbridge,MA,01566,    ,WORCESTER,Convenience Store,42.068352,-72.10463,,,66548
880667,Corner Food Mart,1060 Hancock St,,Quincy,MA,02169,2104,NORFOLK,Convenience Store,42.256382,-71.007034,,,66596
1286635,Dollar General Store 17051,236 North St,,Cheshire,MA,01225,9659,BERKSHIRE,Other,42.5672,-73.160835,,,66954
901949,Walgreens 11499,158 Main St,,North Reading,MA,01864,3116,MIDDLESEX,Other,42.581963,-71.112679,,,67122
1587692,El Barrio Convenience,3119 Washington St,,Roxbury,MA,02119,3116,SUFFOLK,Convenience Store,42.314907,-71.099464,,,67162
1585221,Dee's Delux Caribbean Market,238 E Ashland St,,Brockton,MA,02302,2000,PLYMOUTH,Other,42.096188,-71.009262,,,67163
857008,Rotary Variety,309 Old Colony Ave,,South Boston,MA,02127,3521,SUFFOLK,Convenience Store,42.329681,-71.052696,,,67317
1578463,Pure Food Market Inc.,31 College Hwy,,Southampton,MA,01073,9642,HAMPSHIRE,Grocery Store,42.249599,-72.70182,,,67338
855197,East Boston Farmers Market,200 Border St,,East Boston,MA,02128,1618,SUFFOLK,Farmers and Markets,42.374672,-71.040733,,,67418
855584,Neighbor Food Dairy Mart,324 College St,,Amherst,MA,01002,2331,HAMPSHIRE,Grocery Store,42.373306,-72.503098,,,67557
857585,DOLLAR TREE 1179,350 Timpany Blvd,,Gardner,MA,01440,5200,WORCESTER,Other,42.558956,-71.98912,,,67575
1588482,Quality Fuel & Mart,1112 Bay St,,Springfield,MA,01109,2427,HAMPDEN,Convenience Store,42.132252,-72.547562,,,67719
857655,CVS Pharmacy Inc 109,1010 Revere Beach Pkwy,,Chelsea,MA,02150,1454,SUFFOLK,Other,42.403851,-71.023514,,,67791
857659,CVS Pharmacy Inc 496,324 Broadway,,Chelsea,MA,02150,2808,SUFFOLK,Other,42.391594,-71.036255,,,67804
901300,Cumberland Farms 6,68 Main St,,Westminster,MA,01473,1426,WORCESTER,Convenience Store,42.548065,-71.915794,,,67977
901304,Cumberland Farms 0119,616 Chandler St,,Worcester,MA,01602,1733,WORCESTER,Convenience Store,42.275593,-71.852234,,,67983
901309,Cumberland Farms 0131,139 South St,,Plainville,MA,02762,1916,NORFOLK,Convenience Store,42.006332,-71.336418,,,67987
901311,Cumberland Farms 0139,105 West St,,Ludlow,MA,01056,2148,HAMPDEN,Convenience Store,42.167728,-72.510841,,,67988
901312,Cumberland Farms 0150,246 Mansfield Ave,,Norton,MA,02766,1306,BRISTOL,Convenience Store,41.990669,-71.210541,,,67989
901315,Cumberland Farms 0176,20 Mechanic St,,Foxboro,MA,02035,2041,NORFOLK,Convenience Store,42.066826,-71.248047,,,67991
901325,Cumberland Farms 0177,460 High Street Ext,,Lancaster,MA,01523,2037,WORCESTER,Convenience Store,42.443325,-71.66748,,,67994
901327,Cumberland Farms 0186,109 Russell St,,Hadley,MA,01035,9519,HAMPSHIRE,Convenience Store,42.341465,-72.594604,,,67996
920839,Dollar Tree 4119,31 Furlong Dr,Unit G,Revere,MA,02151,    ,SUFFOLK,Other,42.397243,-71.000946,,,68026
921188,Circle K 4707501,24 Rocky Hill Rd,,Amesbury,MA,01913,4109,ESSEX,Convenience Store,42.846264,-70.915443,,,68096
921201,Circle K 4707512,181 Pelham St,,Methuen,MA,01844,1520,ESSEX,Convenience Store,42.729267,-71.210419,,,68099
920543,Dollar Tree 4163,999 N Montello St,,Brockton,MA,02301,1640,PLYMOUTH,Other,42.111038,-71.025635,,,68353
920552,Dollar Tree 4205,713 State Rd,,Plymouth,MA,02360,5103,PLYMOUTH,Other,41.915482,-70.556801,,,68356
920555,Dollar Tree 4213,20 Roche Brothers Way,Ste 10 & 11,North Easton,MA,02356,    ,BRISTOL,Other,42.088917,-71.095306,,,68357
920556,Dollar Tree 4227,35 Long Pond Dr,,South Yarmouth,MA,02664,4161,BARNSTABLE,Other,41.657066,-70.206818,,,68358
920558,Dollar Tree 4237,72 Main St,,North Reading,MA,01864,2289,MIDDLESEX,Other,42.571587,-71.109787,,,68359
920561,Dollar Tree 4244,480 Boston Rd,,Billerica,MA,01821,2709,MIDDLESEX,Other,42.556362,-71.263474,,,68360
921233,Circle K 4707500,448 Salem St,,Wakefield,MA,01880,1244,MIDDLESEX,Convenience Store,42.511982,-71.0429,,,68412
744075,Whole Foods Market 10222,331 Paradise Rd,,Swampscott,MA,01907,2928,ESSEX,Super Store,42.479195,-70.904846,,,68449
921510,Easy Convenience Store,935 Massachusetts Ave,,Arlington,MA,02476,4508,MIDDLESEX,Convenience Store,42.418476,-71.16597,,,68548
921521,Family Dollar 7604,13 Hilldale Ave,,Haverhill,MA,01832,3825,ESSEX,Other,42.778908,-71.089859,,,68549
921523,Family Dollar 8072,246 Broadway,,Methuen,MA,01844,3044,ESSEX,Other,42.725807,-71.185516,,,68550
921527,Family Dollar 2209,631 North St,,Pittsfield,MA,01201,4102,BERKSHIRE,Other,42.457108,-73.250694,,,68551
921531,Family Dollar 3730,800 N Main St,,West Bridgewater,MA,02379,1235,PLYMOUTH,Other,42.042,-71.00988,,,68552
921534,Family Dollar 3837,366 Market St,,Rockland,MA,02370,1935,PLYMOUTH,Other,42.124233,-70.907745,,,68553
921537,Family Dollar 6646,611 Washington St,Ste 1,Whitman,MA,02382,1399,PLYMOUTH,Other,42.08157,-70.937599,,,68554
921541,Family Dollar 7261,440 N Franklin St,,Holbrook,MA,02343,1152,NORFOLK,Other,42.16729,-71.006813,,,68555
921548,Family Dollar 2026,210 Avenue A,,Turners Falls,MA,01376,1817,FRANKLIN,Other,42.605183,-72.560043,,,68556
921640,Family Dollar 7881,142 Mechanic St,,Leominster,MA,01453,5752,WORCESTER,Other,42.524883,-71.75386,,,68564
921643,Family Dollar 1972,209 Exchange St,,Chicopee,MA,01013,1246,HAMPDEN,Other,42.148525,-72.609558,,,68565
921653,Family Dollar 2666,292 Belmont Ave,,Springfield,MA,01108,2061,HAMPDEN,Other,42.087605,-72.567116,,,68566
921655,Family Dollar 4907,575 Main St,,Springfield,MA,01105,2437,HAMPDEN,Other,42.093983,-72.580696,,,68567
921659,Family Dollar 5705,1201 Parker St,,Springfield,MA,01129,1031,HAMPDEN,Other,42.116257,-72.497551,,,68569
921660,Family Dollar 2485,51 Franklin St,,Westfield,MA,01085,2224,HAMPDEN,Other,42.125027,-72.751083,,,68570
921663,Family Dollar 2579,555 High St,,Holyoke,MA,01040,5253,HAMPDEN,Other,42.20187,-72.612762,,,68571
921669,Family Dollar 4637,644 State St,,Springfield,MA,01109,4106,HAMPDEN,Other,42.110008,-72.570679,,,68572
921673,Family Dollar 3060,525 Washington St,,Stoughton,MA,02072,4209,NORFOLK,Other,42.13166,-71.101761,,,68573
921674,Dollar Tree 6561,622 Somerville Ave,Ste 1,Somerville,MA,02143,3211,MIDDLESEX,Other,42.38401,-71.110107,,,68574
921711,Family Dollar 2684,22 Bennington St,,Boston,MA,02128,1704,SUFFOLK,Other,42.375328,-71.038216,,,68577
921725,Family Dollar 4288,309 Moody St,,Waltham,MA,02453,5206,MIDDLESEX,Other,42.371029,-71.237373,,,68578
921790,Family Dollar 5274,450 Broadway,,Everett,MA,02149,3601,MIDDLESEX,Other,42.407585,-71.055519,,,68585
921794,Family Dollar 6068,615 Broadway,,Chelsea,MA,02150,2555,SUFFOLK,Other,42.394634,-71.030746,,,68587
921797,Family Dollar 7061,216 Bussey St,,Dedham,MA,02026,2512,NORFOLK,Other,42.249287,-71.155319,,,68589
921971,Farmers Outlet 1,255 Cape Hwy,,East Taunton,MA,02718,1512,BRISTOL,Super Store,41.902611,-70.99073,,,68611
1658275,Aazz Market & Cafe n/a,19 Highland Ave,,Randolph,MA,02368,4553,NORFOLK,Convenience Store,42.164417,-71.047264,,,68673
745109,Stop & Shop 11,40 Furlong Dr,,Revere,MA,02151,4006,SUFFOLK,Supermarket,42.399487,-70.999382,,,68753
745172,Speedway 2407,500 S Union St,,Lawrence,MA,01843,2812,ESSEX,Convenience Store,42.689182,-71.153046,,,68756
745399,EASY CONVENIENCE & DELI,26 Elm St,,Waltham,MA,02453,5360,MIDDLESEX,Convenience Store,42.375595,-71.234367,,,68771
1673275,Shaw's 1430,65 Main St,,Medway,MA,02053,1817,NORFOLK,Supermarket,42.152096,-71.403267,,,68789
746451,EZ CONVENIENCE & GAS,1800 Purchase St,,New Bedford,MA,02740,6809,BRISTOL,Convenience Store,41.649845,-70.928505,,,68884
920294,Walgreens 05755,413 Washington St,,Stoughton,MA,02072,4210,NORFOLK,Other,42.134602,-71.101707,,,68989
920309,Walgreens 11119,720 Main St,,Clinton,MA,01510,2430,WORCESTER,Other,42.422989,-71.687981,,,68998
931604,Melchris of Boston Inc,74 Central Ave,,Lynn,MA,01901,1104,ESSEX,Grocery Store,42.464241,-70.948349,,,69304
931625,Cumberland Farms 6661,132 Elm St,,Amesbury,MA,01913,3002,ESSEX,Convenience Store,42.858166,-70.923477,,,69308
931713,Dollar Tree 4276,221 Gloucester Crossing,,Gloucester,MA,01930,    ,ESSEX,Other,42.624035,-70.657883,,,69316
931783,Family Dollar 8082,665 Liberty St,Ste 1,Springfield,MA,01104,2462,HAMPDEN,Other,42.120979,-72.584167,,,69327
932040,Western Ave Market,317 Western Ave,,Cambridge,MA,02139,3747,MIDDLESEX,Convenience Store,42.3647,-71.113266,,,69347
930631,Walgreens 05075,2341 Main St,,Tewksbury,MA,01876,3162,MIDDLESEX,Other,42.578445,-71.194016,,,69449
932716,Cumberland Farms 6720,1530 Main St,,Leicester,MA,01524,1915,WORCESTER,Convenience Store,42.245995,-71.93203,,,69500
930271,Cumberland Farms 0195,1061 Memorial Dr,,Chicopee,MA,01020,3935,HAMPDEN,Convenience Store,42.187084,-72.576904,,,69588
930333,Market Basket 62,95 Sutton Ave,,Oxford,MA,01540,1812,WORCESTER,Super Store,42.113739,-71.849991,,,69592
932428,CVS Pharmacy 1031,4600 Washington St,,Roslindale,MA,02131,4832,SUFFOLK,Other,42.275997,-71.139618,,,69626
932432,CVS Pharmacy 3890,207 Market St,,Brighton,MA,02135,1920,SUFFOLK,Other,42.355782,-71.150002,,,69636
1619190,Lucky Corner Market,1300 Gorham St,,Lowell,MA,01852,    ,MIDDLESEX,Convenience Store,42.62035,-71.30481,,,69661
1618111,Mamas Halal Meat & Fish,335 Washington St,,Woburn,MA,01801,2115,MIDDLESEX,Specialty Store,42.497028,-71.124039,,,69687
1619471,El Tesoro Supermarket Lawrence Inc,473 Haverhill St,,Lawrence,MA,01841,4202,ESSEX,Grocery Store,42.706623,-71.176231,,,69885
1584247,Corner Variety,84 Hale St,,Beverly,MA,01915,4632,ESSEX,Convenience Store,42.550209,-70.86837,,,69890
1589118,Budget Mart n/a,225 Florence St,,Roslindale,MA,02131,3745,SUFFOLK,Convenience Store,42.285698,-71.120293,,,69895
1587775,Boulevard Variety,33 Western Ave,,Gloucester,MA,01930,3622,ESSEX,Convenience Store,42.610561,-70.668312,,,69914
1589462,Richdale Convenience Store,84 Highland Ave,Ste 103,Salem,MA,01970,2732,ESSEX,Convenience Store,42.512066,-70.909233,,,69919
1580786,Monumental Super Market,213 Washington St,,Dorchester,MA,02121,3909,SUFFOLK,Grocery Store,42.302166,-71.077904,,,69929
1588413,Backyard Growcery,9 Sargent St,,Gloucester,MA,01930,2718,ESSEX,Farmers and Markets,42.618553,-70.663101,,,69939
858719,Haverhill Beef Company,117 Merrimack St,,Haverhill,MA,01830,6208,ESSEX,Grocery Store,42.774601,-71.079651,,,70023
858773,Trader Joe's 506,358 Broadway,Unit B,Saugus,MA,01906,    ,ESSEX,Supermarket,42.483116,-71.01828,,,70041
858934,Walgreens 10342,897 Main St,,Melrose,MA,02176,2322,MIDDLESEX,Other,42.46537,-71.061035,,,70089
881447,BJ's Wholesale Club 18,622 Washington St,,Weymouth,MA,02188,3442,NORFOLK,Super Store,42.204304,-70.95163,,,70110
881451,BJ's Wholesale Club 20,650 Memorial Dr,,Chicopee,MA,01020,    ,HAMPDEN,Super Store,42.176514,-72.580063,,,70112
881471,BJ's Wholesale Club 23,460 State Rd,,North Dartmouth,MA,02747,4308,BRISTOL,Super Store,41.640591,-71.001602,,,70127
881484,BJ's Wholesale Club 30,6 Hutchinson Dr,,Danvers,MA,01923,3757,ESSEX,Super Store,42.551872,-70.931488,,,70146
881489,BJ's Wholesale Club 34,901 Technology Center Dr,,Stoughton,MA,02072,4707,NORFOLK,Super Store,42.14925,-71.064476,,,70159
881496,BJ's Wholesale Club 38,777 Washington St,,Auburn,MA,01501,1817,WORCESTER,Super Store,42.181164,-71.853172,,,70178
882704,BJ's Wholesale Club 105,100 Corporate Dr,,Franklin,MA,02038,3184,NORFOLK,Super Store,42.094296,-71.434685,,,70192
881509,BJ's Wholesale Club 47,26 Whittier St,,Framingham,MA,01701,4621,MIDDLESEX,Super Store,42.307735,-71.397324,,,70205
753103,J&G MARKET,274 Hyde Park Ave,,Jamaica Plain,MA,02130,4224,SUFFOLK,Convenience Store,42.292171,-71.117584,,,70206
882708,BJ's Wholesale Club 113,105 Shops at 5 Way,,Plymouth,MA,02360,2676,PLYMOUTH,Super Store,41.926224,-70.652718,,,70207
881513,BJ's Wholesale Club 50,85 Cedar St,,Stoneham,MA,02180,2163,MIDDLESEX,Super Store,42.498478,-71.120041,,,70217
881518,BJ's Wholesale Club 55,287 Washington St,,Attleboro,MA,02703,    ,BRISTOL,Super Store,41.921097,-71.358063,,,70222
881522,BJ's Wholesale Club 58,115 Erdman Way,,Leominster,MA,01453,1805,WORCESTER,Super Store,42.547352,-71.756126,,,70228
881606,Smart Stop Convenience,270 North Ave,,Abington,MA,02351,1815,PLYMOUTH,Convenience Store,42.128139,-70.939751,,,70471
881640,BJ's Wholesale Club 101,688 Providence Hwy,,Dedham,MA,02026,6800,NORFOLK,Super Store,42.239864,-71.177193,,,70487
881967,Walgreens 10272,392 Bedford St,,Whitman,MA,02382,1822,PLYMOUTH,Other,42.071201,-70.947914,,,70594
882778,BJ's Wholesale Club 159,2085 Bay St,,Taunton,MA,02780,1082,BRISTOL,Super Store,41.959846,-71.116203,,,70739
882792,BJ's Wholesale Club 189,25 Shelley Rd,,Haverhill,MA,01835,8033,ESSEX,Super Store,42.757034,-71.11676,,,70778
882823,BJ's Wholesale Club 307,42 Colrain Rd,,Greenfield,MA,01301,9625,FRANKLIN,Super Store,42.588295,-72.622299,,,70822
882837,BJ's Wholesale Club 321,420 Attucks Ln,,Hyannis,MA,02601,8141,BARNSTABLE,Super Store,41.676979,-70.303162,,,70856
858440,CVS Pharmacy Inc. 46,999 Watertown St,,West Newton,MA,02465,2130,MIDDLESEX,Other,42.349701,-71.225731,,,70891
858444,CVS Pharmacy Inc. 130,23 Massachusetts Ave,,Arlington,MA,02474,8602,MIDDLESEX,Other,42.402519,-71.1362,,,70896
858449,CVS Pharmacy Inc. 291,800 Lexington St,,Waltham,MA,02452,4848,MIDDLESEX,Other,42.402866,-71.235168,,,70901
858450,CVS Pharmacy Inc. 307,1735 Massachusetts Ave,,Lexington,MA,02420,5306,MIDDLESEX,Other,42.447552,-71.226952,,,70906
858454,CVS Pharmacy Inc. 1239,110 Turnpike St,,North Andover,MA,01845,5041,ESSEX,Other,42.675613,-71.129173,,,70910
1290401,Dollar Tree 7311,15 Joyce St,,Lynn,MA,01902,3636,ESSEX,Other,42.467644,-70.942116,,,71114
1290402,Dollar Tree 7312,405 Nagog Park,,Acton,MA,01720,3434,MIDDLESEX,Other,42.524376,-71.427475,,,71115
1587613,Step By Step Convenience,437 Stafford Rd,,Fall River,MA,02721,2425,BRISTOL,Convenience Store,41.682781,-71.157509,,,71116
1599403,Energy North 2131,309 Lowell St,,Andover,MA,01810,4501,ESSEX,Convenience Store,42.649193,-71.182869,,,71118
1599405,Energy North 2132,139 River Rd,,Andover,MA,01810,1005,ESSEX,Convenience Store,42.690388,-71.210083,,,71124
1637729,Canaan Fuels,32 Commercial St,,Foxboro,MA,02035,2509,NORFOLK,Convenience Store,42.053055,-71.24205,,,71154
1649984,Stop & Shop 494,141 Main St,,Foxboro,MA,02035,1359,NORFOLK,Supermarket,42.075382,-71.260414,,,71155
1290881,Target 3253,113 Main St,,Stoneham,MA,02180,3305,MIDDLESEX,Super Store,42.493813,-71.100655,,,71198
1289979,Garys Too Farmstand ,155 Main St,,Townsend,MA,01469,1039,MIDDLESEX,Farmers and Markets,42.660416,-71.690918,,,71264
1290062,Babushka Deli,62 Washington St,,Brighton,MA,02135,7429,SUFFOLK,Grocery Store,42.343372,-71.14238,,,71303
1289522,Whole Foods Market 10691,536 Boston Post Rd,,Sudbury,MA,01776,3377,MIDDLESEX,Super Store,42.360294,-71.431129,,,71320
1649957,Stop & Shop 489,10 Technology Dr,Ste 1,Hudson,MA,01749,2791,MIDDLESEX,Supermarket,42.377777,-71.563354,,,71463
946758,Dracut Center Convenience,1388 Bridge St,,Dracut,MA,01826,3904,MIDDLESEX,Convenience Store,42.670391,-71.304527,,,71569
1630587,Amarilis Market,14 Orange St,,Springfield,MA,01108,1217,HAMPDEN,Grocery Store,42.093292,-72.568512,,,71648
946083,A & P Spinners Market & Liquor LLC,2 W Prescott St,,Westford,MA,01886,2353,MIDDLESEX,Convenience Store,42.580872,-71.48716,,,71653
1649880,Stop & Shop 471,209 N Main St,,Andover,MA,01810,3116,ESSEX,Supermarket,42.664928,-71.143547,,,71655
1595440,Nettlenook Farm,13 Prince St,,Danvers,MA,01923,1432,ESSEX,Farmers and Markets,42.561325,-70.961388,,,71684
1292313,Harpers Farm & Garden,1539 Main St,,Lancaster,MA,01523,2400,WORCESTER,Farmers and Markets,42.47411,-71.682983,,,71770
946956,Jennys Convenience Store,78 Henry Ave,,Lynn,MA,01902,3768,ESSEX,Convenience Store,42.469666,-70.953697,,,71923
923640,Costco Wholesale 0301,11 Newbury St,,Danvers,MA,01923,1014,ESSEX,Super Store,42.557045,-70.978973,,,72351
923647,Costco Wholesale 0308,71 2nd Ave,,Waltham,MA,02451,1107,MIDDLESEX,Super Store,42.396858,-71.264046,,,72358
923653,Costco Wholesale 0319,200 Legacy Blvd,,Dedham,MA,02026,2653,NORFOLK,Super Store,42.230583,-71.173866,,,72363
923665,Costco Wholesale 0333,2 Mystic View Rd,,Everett,MA,02149,2428,MIDDLESEX,Super Store,42.396805,-71.071442,,,72374
903088,H Mart,3 Old Concord Rd,,Burlington,MA,01803,5116,MIDDLESEX,Super Store,42.473213,-71.208565,,,72515
923190,Berkshire International Market,340 North St,,Pittsfield,MA,01201,4605,BERKSHIRE,Grocery Store,42.453465,-73.252213,,,72699
887171,Plantation Country Store,1 E Main St,,West Brookfield,MA,01585,2904,WORCESTER,Convenience Store,42.234581,-72.142174,,,72899
1575918,Warren Avenue Convenience,761 Warren Ave,,Brockton,MA,02301,6460,PLYMOUTH,Convenience Store,42.070198,-71.021141,,,73125
933816,Nouria 29 Maple Avenue 1049,29 Maple Ave,,Shrewsbury,MA,01545,2921,WORCESTER,Convenience Store,42.294334,-71.717384,,,73220
933900,Nouria 436 Lancaster Street 1033,436 Lancaster St,,Leominster,MA,01453,4336,WORCESTER,Convenience Store,42.513351,-71.743599,,,73237
933921,Nouria 257 West Boylston Street 1061,257 W Boylston St,,West Boylston,MA,01583,1725,WORCESTER,Convenience Store,42.345497,-71.78627,,,73239
933930,Nouria 227 South Lathrop Street 1003,227 South Lathrop Street,,Attleboro,MA,02703,    ,BRISTOL,Convenience Store,41.9342,-71.315697,,,73242
933947,Nouria 6 Pearson Boulevard 1029,6 Pearson Blvd,,Gardner,MA,01440,3910,WORCESTER,Convenience Store,42.566669,-71.981102,,,73245
754613,Walgreens 06226,220 Huttleston Ave,,Fairhaven,MA,02719,1958,BRISTOL,Other,41.641697,-70.879601,,,73296
754979,Polish Deli Inc,7 White St,,Westfield,MA,01085,3114,HAMPDEN,Grocery Store,42.120377,-72.743736,,,73369
887717,Cumberland Farms 2318,1001 Pleasant St,,Bridgewater,MA,02324,4317,PLYMOUTH,Convenience Store,41.97176,-71.008369,,,73618
887721,Cumberland Farms 2320,520 Wilbur Ave,,Swansea,MA,02777,2123,BRISTOL,Convenience Store,41.732201,-71.211891,,,73620
934492,Nouria 93 Gardner Road 1073,93 Gardner Rd,,Winchendon,MA,01475,2106,WORCESTER,Convenience Store,42.640488,-72.004814,,,73690
933419,Walgreens 19421,117 Main St,,Monson,MA,01057,1320,HAMPDEN,Other,42.097958,-72.31591,,,73815
933420,Walgreens 17302,1047 Thorndike St,,Palmer,MA,01069,1504,HAMPDEN,Other,42.158764,-72.328125,,,73819
933421,Walgreens 17885,14 College Hwy,,Southampton,MA,01073,9406,HAMPSHIRE,Other,42.253349,-72.698914,,,73823
933422,Walgreens 18949,7 E Silver St,,Westfield,MA,01085,4407,HAMPDEN,Other,42.11404,-72.746803,,,73827
933423,Walgreens 18122,37 Cheshire Rd,,Pittsfield,MA,01201,1858,BERKSHIRE,Other,42.469437,-73.205711,,,73831
933424,Walgreens 17637,180 Elm St Ste J,,Pittsfield,MA,01201,6500,BERKSHIRE,Other,42.443832,-73.237778,,,73835
933426,Walgreens 19088,25 Park St,,Lee,MA,01238,1701,BERKSHIRE,Other,42.30331,-73.247063,,,73838
933427,Walgreens 18016,212 Main St,,Williamstown,MA,01267,2641,BERKSHIRE,Other,42.701866,-73.184036,,,73840
933431,Walgreens 17212,18 MAIN ST.  RTE. 119,,TOWNSEND,MA,01469,    ,MIDDLESEX,Other,42.650124,-71.660522,,,73848
933432,Walgreens 18968,5 Shrewsbury St,,Holden,MA,01520,1842,WORCESTER,Other,42.336121,-71.835052,,,73852
933433,Walgreens 18335,25 Main St,,Millbury,MA,01527,2003,WORCESTER,Other,42.192326,-71.761322,,,73856
933435,Walgreens 19806,100 Powdermill Rd,,Acton,MA,01720,5932,MIDDLESEX,Other,42.442478,-71.428764,,,73860
933436,Walgreens 18065,339 Pond St,,Ashland,MA,01721,2327,MIDDLESEX,Other,42.240944,-71.432938,,,73864
933437,Walgreens 19455,71 Lowell Rd Unit B-1,,Concord,MA,01742,1709,MIDDLESEX,Other,42.462391,-71.352127,,,73868
933438,Walgreens 17166,157 Washington St,,Hudson,MA,01749,2765,MIDDLESEX,Other,42.383556,-71.569298,,,73871
933441,Walgreens 18952,467 Boston Rd,,Billerica,MA,01821,2810,MIDDLESEX,Other,42.552555,-71.263985,,,73876
933444,Walgreens 18415,15 Bolton St,,Reading,MA,01867,3253,MIDDLESEX,Other,42.520103,-71.101341,,,73880
933450,Walgreens 19631,15 Haverhill Rd,,Amesbury,MA,01913,3521,ESSEX,Other,42.845493,-70.935867,,,73888
933453,Walgreens 19543,184 Lincoln St,,Hingham,MA,02043,1718,PLYMOUTH,Other,42.249222,-70.904091,,,73892
933454,Walgreens 19441,243 Chauncy St,,Mansfield,MA,02048,1247,BRISTOL,Other,42.030697,-71.230545,,,73896
933458,Walgreens 18231,469 Walpole St,,Norwood,MA,02062,1710,NORFOLK,Other,42.178844,-71.222511,,,73900
933462,Walgreens 17165,1740 Massachusetts Ave,,Cambridge,MA,02138,1804,MIDDLESEX,Other,42.384529,-71.119446,,,73904
933464,Walgreens 17228,11 Pearl St,,Braintree,MA,02184,6519,NORFOLK,Other,42.201775,-71.004456,,,73907
933467,Walgreens 18316,28 Depot St,,Duxbury,MA,02332,4453,PLYMOUTH,Other,42.024551,-70.683411,,,73911
933470,Walgreens 19592,520 Main St,,Falmouth,MA,02540,3129,BARNSTABLE,Other,41.552418,-70.608253,,,73915
933471,Walgreens 19659,130 RT 6A,,Orleans,MA,02653,3257,BARNSTABLE,Other,41.7864,-69.993179,,,73919
758479,Trader Joe's 516,300 Andover St,Ste 15,Peabody,MA,01960,1505,ESSEX,Supermarket,42.549145,-70.957054,,,74052
758570,Roche Bros Supermarkets Inc 118,605 Plain St,,Marshfield,MA,02050,2715,PLYMOUTH,Supermarket,42.105743,-70.740936,,,74057
884993,Simple Gifts Farm,1089 N Pleasant St,,Amherst,MA,01002,1323,HAMPSHIRE,Farmers and Markets,42.407272,-72.527878,,,74162
885040,BEREZKA INTERNATIONAL FOOD STORE,1215 Commonwealth Ave,,Allston,MA,02134,2812,SUFFOLK,Grocery Store,42.3508,-71.130768,,,74327
757203,Walmart SUPERCENTER 2336,300 Colony Place Rd,,Plymouth,MA,02360,7235,PLYMOUTH,Super Store,41.95414,-70.717079,,,74394
756140,CITY FEED AND SUPPLY,66A Boylston St,,Jamaica Plain,MA,02130,2203,SUFFOLK,Convenience Store,42.317062,-71.106064,,,74617
756498,Walgreens 07329,75 Market St,,Rockland,MA,02370,2603,PLYMOUTH,Other,42.120865,-70.916573,,,74823
884388,CVS Pharmacy 457,426 Essex St,,Salem,MA,01970,3152,ESSEX,Other,42.516747,-70.905579,,,74843
884399,BJ's Wholesale Club 175,5 Ward St,,Revere,MA,02151,    ,SUFFOLK,Super Store,42.424454,-71.005341,,,74848
1646629,Mobil South Hadley 1,483 Granby Rd,,South Hadley,MA,01075,2121,HAMPSHIRE,Convenience Store,42.23518,-72.562897,,,74849
1642706,Great Falls Farmers Market,196 Avenue A,Peskeompskut Park,Turners Falls,MA,01376,    ,FRANKLIN,Farmers and Markets,42.605736,-72.559464,,,74854
885443,Morans Market,2 Fairbanks St,,Framingham,MA,01701,4942,MIDDLESEX,Convenience Store,42.299419,-71.408386,,,74870
948564,Plantation St Shell,747 Plantation St,,Worcester,MA,01605,2039,WORCESTER,Convenience Store,42.302006,-71.762939,,,74901
948589,Merengue Market,197 Essex St,,Lynn,MA,01902,1742,ESSEX,Grocery Store,42.471954,-70.934196,,,74911
949853,Speedway 2428,1 Progress St,,Seekonk,MA,02771,5809,BRISTOL,Convenience Store,41.799461,-71.33329,,,75015
949854,Speedway 2482,516 County St,,Somerset,MA,02726,4204,BRISTOL,Convenience Store,41.740906,-71.147476,,,75016
949967,Northampton Farmers Market,Gothic St,between Urban Outfitters and the Court H,Northampton,MA,01060,    ,HAMPSHIRE,Farmers and Markets,42.320274,-72.632111,,,75024
937289,Speedway 2414,1614 Main St,,Brockton,MA,02301,7158,PLYMOUTH,Convenience Store,42.053364,-71.011742,,,75103
937290,Joe's Kwik Mart 516,453 Cooley St,,Springfield,MA,01128,1113,HAMPDEN,Convenience Store,42.091347,-72.499992,,,75110
937292,Speedway 2520,312 Belmont St,,Worcester,MA,01604,1005,WORCESTER,Convenience Store,42.273743,-71.765633,,,75116
1653455,Southbridge Liquor & Market,1 S Bridge Dr,,Agawam,MA,01001,    ,HAMPDEN,Convenience Store,42.082195,-72.587929,,,75211
948975,Star Variety,4 Central Sq,,Cambridge,MA,02139,3311,MIDDLESEX,Convenience Store,42.365147,-71.104477,,,75254
936636,Mini Food Mart,252 Main St,Unit 2,Hyannis,MA,02601,4002,BARNSTABLE,Convenience Store,41.655025,-70.280014,,,75340
936782,Nouria 30 Lackey Dam Road 1022,30 Lackey Dam Rd,,Douglas,MA,01516,2068,WORCESTER,Convenience Store,42.08617,-71.69593,,,75353
937238,Speedway 2409,630 Squire Rd,,Revere,MA,02151,1864,SUFFOLK,Convenience Store,42.43095,-71.023232,,,75396
937241,Speedway 2450,295 Cabot St,,Beverly,MA,01915,4525,ESSEX,Convenience Store,42.551601,-70.878334,,,75398
937243,Joe's Kwik Mart 512,558 Pawtucket St,,Lowell,MA,01854,3025,MIDDLESEX,Convenience Store,42.645096,-71.334618,,,75399
937248,Speedway 2509,151 Old Colony Ave,,Boston,MA,02127,2418,SUFFOLK,Convenience Store,42.33469,-71.055031,,,75400
937255,Speedway 2474,154 N Washington St,,North Attleboro,MA,02760,1732,BRISTOL,Convenience Store,41.98624,-71.331932,,,75401
937273,Speedway 2461,19 Pearson Blvd,,Gardner,MA,01440,3909,WORCESTER,Convenience Store,42.565639,-71.979378,,,75403
937274,Speedway 2452,192 Boston Rd,,North Billerica,MA,01862,2309,MIDDLESEX,Convenience Store,42.582237,-71.289459,,,75404
937279,Rebel 889,700 Central St,,Leominster,MA,01453,6104,WORCESTER,Convenience Store,42.503967,-71.747314,,,75406
937283,Speedway 2425,1643 Lakeview Ave,,Dracut,MA,01826,    ,MIDDLESEX,Convenience Store,42.678093,-71.338623,,,75407
937286,Speedway 2420,1502 Newman Ave,,Seekonk,MA,02771,2613,BRISTOL,Convenience Store,41.8885,-71.332779,,,75408
937287,Speedway 2415,1144 Providence Rd,,Whitinsville,MA,01588,    ,WORCESTER,Convenience Store,42.124809,-71.645027,,,75409
935621,ALDI 73020,1284 Boston Rd,,Springfield,MA,01119,1323,HAMPDEN,Supermarket,42.140537,-72.500992,,,75466
950982,Walgreens 13005,160 E Central St,Ste 1,Franklin,MA,02038,1400,NORFOLK,Other,42.080692,-71.389771,,,75562
937681,Spiceland,120 Cambridge St,Ste 4,Burlington,MA,01803,4180,MIDDLESEX,Other,42.499744,-71.194252,,,75578
951097,BJ's Wholesale Club 205,66 Seyon St,,Waltham,MA,02453,8336,MIDDLESEX,Super Store,42.369061,-71.215012,,,75690
951200,Dollar Tree 4349,346 Stockbridge Rd,,Great Barrington,MA,01230,1235,BERKSHIRE,Other,42.209682,-73.344612,,,75703
951251,Dedham Farmers Market,670 High St,,Dedham,MA,02026,4112,NORFOLK,Farmers and Markets,42.248844,-71.177528,,,75707
937781,Nouria 138 Southbridge Street 1042,138 Southbridge Rd,,North Oxford,MA,01537,1205,WORCESTER,Convenience Store,42.166718,-71.893936,,,75785
936149,Pricerite of Hyde Park 339,870 River St,,Hyde Park,MA,02136,3715,SUFFOLK,Super Store,42.261925,-71.107712,,,75824
936172,CVS Pharmacy 1603,104 Washington St,,Norwell,MA,02061,1712,PLYMOUTH,Other,42.171947,-70.8787,,,75849
938051,Nouria 264 Timpany Boulevard 1028,264 Timpany Blvd,,Gardner,MA,01440,3133,WORCESTER,Convenience Store,42.561882,-71.989861,,,75888
940003,Mama Supermarket,1178 Blue Hill Ave,,Mattapan,MA,02126,1819,SUFFOLK,Convenience Store,42.284039,-71.091209,,,76029
904693,Ft Pleasant Convenience Store,102 Fort Pleasant Ave,,Springfield,MA,01108,1577,HAMPDEN,Convenience Store,42.087933,-72.575836,,,76048
940323,Speedway 2513,709 McGrath Hwy,,Somerville,MA,02145,2108,MIDDLESEX,Convenience Store,42.390408,-71.087379,,,76065
940326,Speedway 2498,614 Pleasant St,,Fall River,MA,02721,4316,BRISTOL,Convenience Store,41.698185,-71.144852,,,76066
940332,Speedway 2477,105 Samoset St,,Plymouth,MA,02360,4801,PLYMOUTH,Convenience Store,41.955898,-70.679848,,,76069
940334,Speedway 2473,929 Kempton St,,New Bedford,MA,02740,1519,BRISTOL,Convenience Store,41.635742,-70.949821,,,76071
940337,Speedway 2470,2139 Ocean St,,Marshfield,MA,02050,3149,PLYMOUTH,Convenience Store,42.093273,-70.716103,,,76072
940346,Speedway 2439,317 Falmouth Rd,,Hyannis,MA,02601,2756,BARNSTABLE,Convenience Store,41.663322,-70.299194,,,76075
940355,Speedway 2421,15 Eastern Ave,,Fall River,MA,02723,2508,BRISTOL,Convenience Store,41.696987,-71.131088,,,76078
1650936,Mr. Edwards,40 Main St,,Sturbridge,MA,01566,1246,WORCESTER,Convenience Store,42.087097,-72.059303,,,76090
1645105,Jl African-Carribean Market,325 Main St,,Fitchburg,MA,01420,8006,WORCESTER,Grocery Store,42.582397,-71.796677,,,76097
906189,Cumberland Farms 2232,100 Shank Painter Rd,,Provincetown,MA,02657,1341,BARNSTABLE,Convenience Store,42.053295,-70.195656,,,76120
906193,Cumberland Farms 2319,2 Main St,,Hanson,MA,02341,1963,PLYMOUTH,Convenience Store,42.043488,-70.842415,,,76121
906194,Cumberland Farms 2327,90 N Main St,,Carver,MA,02330,1128,PLYMOUTH,Convenience Store,41.919308,-70.802521,,,76122
906197,Cumberland Farms 2332,280 Temple St,,Whitman,MA,02382,1162,PLYMOUTH,Convenience Store,42.080833,-70.947624,,,76123
906271,Circle K 4707510,223 Mohawk Trl,,Greenfield,MA,01301,9621,FRANKLIN,Convenience Store,42.585938,-72.624779,,,76140
906287,Circle K 4707508,Route 116,,Whately,MA,01093,    ,FRANKLIN,Convenience Store,42.468967,-72.613625,,,76144
906294,Circle K 4707502,323 Highland Ave,,Salem,MA,01970,1738,ESSEX,Convenience Store,42.500374,-70.927063,,,76145
941418,CVS 1182,790 Chief Justice Cushing Hwy,Ste 1,Cohasset,MA,02025,2143,NORFOLK,Other,42.221237,-70.800674,,,76337
941421,CVS 1945,207 Rockland St,,Hanover,MA,02339,2222,PLYMOUTH,Other,42.11388,-70.820107,,,76339
941430,CVS 1953,86 South St,,Hingham,MA,02043,2422,PLYMOUTH,Other,42.241493,-70.890686,,,76343
941527,Dollar Tree 3866,126 Main St,,Weymouth,MA,02188,2811,NORFOLK,Other,42.202957,-70.953552,,,76362
941535,Dollar Tree 4318,714 Main St,,Dennis Port,MA,02639,1423,BARNSTABLE,Other,41.668839,-70.122215,,,76364
906086,G & V Symphony Market,1130 Boylston St,,Boston,MA,02115,    ,SUFFOLK,Convenience Store,42.347225,-71.087654,,,76499
904839,Cumberland Farms 0187,30 Chauncy St,,Mansfield,MA,02048,1958,BRISTOL,Convenience Store,42.032776,-71.216599,,,76561
904850,Cumberland Farms 0192,1289 Main St,,Leominster,MA,01453,1757,WORCESTER,Convenience Store,42.565468,-71.747055,,,76567
904852,Cumberland Farms 6753,94 Main St,,Lancaster,MA,01523,2800,WORCESTER,Convenience Store,42.43869,-71.687271,,,76572
904853,Cumberland Farms 0201,837 Suffield St,,Agawam,MA,01001,2927,HAMPDEN,Convenience Store,42.060795,-72.631546,,,76582
904859,Cumberland Farms 213,320 East St,,Ludlow,MA,01056,3041,HAMPDEN,Convenience Store,42.159382,-72.473854,,,76588
904863,Cumberland Farms 0221,1 Chestnut St,,Clinton,MA,01510,3629,WORCESTER,Convenience Store,42.40963,-71.681831,,,76594
942137,Northhampton Tuesday Farmers Market,Next to City Parking Garage,,Northampton,MA,01060,    ,HAMPSHIRE,Farmers and Markets,42.325333,-72.636177,,,76603
943650,Speedway 2504,214 Broadway,,Malden,MA,02148,4524,MIDDLESEX,Convenience Store,42.430756,-71.040504,,,76710
943656,Speedway 2438,441 Main St,,West Yarmouth,MA,02673,    ,BARNSTABLE,Convenience Store,41.650524,-70.241524,,,76722
907088,Dollar Tree 3003,14 McGrath Hwy,Ste 1,Somerville,MA,02143,4509,MIDDLESEX,Other,42.37458,-71.084991,,,76735
907090,Dollar Tree 3273,1090 Revere Beach Pkwy,,Chelsea,MA,02150,1454,SUFFOLK,Other,42.404053,-71.021919,,,76740
907161,CVS Pharmacy 944,465 Station Ave,,South Yarmouth,MA,02664,1849,BARNSTABLE,Other,41.685703,-70.208878,,,76776
907181,Dollar Tree 3891,406 N Main St,,East Longmeadow,MA,01028,1805,HAMPDEN,Other,42.078392,-72.526756,,,76786
907203,Dollar Tree 3911,213 Washington St,,Hudson,MA,01749,2782,MIDDLESEX,Other,42.380119,-71.56723,,,76865
907208,Dollar Tree 1052,458 Russell St,Ste 8,Hadley,MA,01035,9528,HAMPSHIRE,Other,42.365528,-72.536415,,,76885
942802,Walgreens 19695,918 Main St,6A,Yarmouth Port,MA,02675,    ,BARNSTABLE,Other,41.714199,-70.202858,,,76922
907225,Dollar Tree 4149,765 Bridge St,Ste 3,North Weymouth,MA,02191,2100,NORFOLK,Other,42.245869,-70.935219,,,76932
907258,Walgreens 01851,148 W Central St,,Natick,MA,01760,4106,MIDDLESEX,Other,42.281265,-71.376961,,,76968
907263,Walgreens 02759,550 Adams St,6.0,Quincy,MA,02169,    ,NORFOLK,Other,42.253601,-71.027908,,,76979
907267,Walgreens 04118,735 Chief Justice Cushing Hwy,,Cohasset,MA,02025,1931,NORFOLK,Other,42.2234,-70.804543,,,77132
907269,Walgreens 05586,1 Plymouth St,,Holbrook,MA,02343,1510,NORFOLK,Other,42.154202,-71.00795,,,77140
761707,USA Fruit Market,101 Park St,,Attleboro,MA,02703,2336,BRISTOL,Grocery Store,41.943779,-71.280167,,,77174
907273,Walgreens 06470,750 Washington St,,Weymouth,MA,02188,3325,NORFOLK,Other,42.201805,-70.94635,,,77242
907274,Walgreens 10460,1041 Route 28,,South Yarmouth,MA,02664,4115,BARNSTABLE,Other,41.65918,-70.203377,,,77254
907275,Walgreens 10562,4 Central Sq,,Bridgewater,MA,02324,2509,PLYMOUTH,Other,41.990669,-70.974228,,,77259
907278,Walgreens 10638,121 Main St,Unit 6,Foxboro,MA,02035,1869,NORFOLK,Other,42.07399,-71.258873,,,77266
1622331,Wakefield Sunoco.,493 Salem St,,Wakefield,MA,01880,1226,MIDDLESEX,Convenience Store,42.512375,-71.041809,,,77330
762356,Alnour Market,161 Essex St,,Lynn,MA,01902,1739,ESSEX,Grocery Store,42.472683,-70.932953,,,77461
762404,PriceRite of South New Bedford 306,39 South St,,New Bedford,MA,02740,7222,BRISTOL,Super Store,41.625759,-70.920898,,,77491
952036,Hagers Farm Market,1232 Mohawk Trl,,Shelburne Falls,MA,01370,9301,FRANKLIN,Farmers and Markets,42.612007,-72.669197,,,77545
762667,Cloverdale Farms Inc,1892 S Main St,,Fall River,MA,02724,2184,BRISTOL,Convenience Store,41.682178,-71.176636,,,77612
953517,S & S Food Mart LLC,1520 N Main St,,Palmer,MA,01069,1215,HAMPDEN,Convenience Store,42.1604,-72.336525,,,77794
954635,EMMANUEL MARKET,99 Park St,,Lawrence,MA,01841,1742,ESSEX,Grocery Store,42.716637,-71.163055,,,77902
953602,Broadway Convenient Mart,632 Broadway,,Revere,MA,02151,3006,SUFFOLK,Convenience Store,42.414688,-71.00985,,,77950
1292492,Trader Joe's 560,145 Middlesex Ave,,Somerville,MA,02145,1105,MIDDLESEX,Supermarket,42.394833,-71.083595,,,78172
1292505,The Corner Store,63 Bucknam St,,Everett,MA,02149,2138,MIDDLESEX,Convenience Store,42.410492,-71.0597,,,78174
1293360,CVS Pharmacy 1184,255 Newburyport Tpke,,Rowley,MA,01969,2008,ESSEX,Other,42.709908,-70.907829,,,78332
886047,Shop N Go,354 Washington Ave,,Chelsea,MA,02150,3602,SUFFOLK,Convenience Store,42.404552,-71.035767,,,78408
1293667,Market Basket 82,40 Federal St,,Lynn,MA,01905,2212,ESSEX,Super Store,42.464664,-70.96727,,,78470
1293908,Medway Community Farm,50 Winthrop St,,Medway,MA,02053,2327,NORFOLK,Farmers and Markets,42.158077,-71.427475,,,78665
1293921,Mr. Frank's Food Mart,917 Washington St,,Norwood,MA,02062,3411,NORFOLK,Convenience Store,42.184723,-71.203743,,,78676
1294152,Shaw's 3087,201 Washington St,,Hudson,MA,01749,2782,MIDDLESEX,Supermarket,42.381493,-71.568207,,,78942
907435,Cumberland Farms 2339,292 Plymouth St,,Halifax,MA,02338,1434,PLYMOUTH,Convenience Store,41.996315,-70.843338,,,79035
907437,Cumberland Farms 2349,1205 Belmont St,,Brockton,MA,02301,5516,PLYMOUTH,Convenience Store,42.060455,-71.064812,,,79037
907439,Cumberland Farms 2353,8 N Main St,,West Bridgewater,MA,02379,1735,PLYMOUTH,Convenience Store,42.019173,-71.008232,,,79039
907441,Cumberland Farms 3441,1185 Washington St,,Walpole,MA,02081,3311,NORFOLK,Convenience Store,42.131226,-71.242294,,,79041
907443,Cumberland Farms 6748,590 Washington St,,Stoughton,MA,02072,4206,NORFOLK,Convenience Store,42.12994,-71.101768,,,79042
907445,Cumberland Farms 3455,1324 Main St,,Walpole,MA,02081,1790,NORFOLK,Convenience Store,42.134651,-71.260887,,,79043
907449,Cumberland Farms 3462,5 Liberty Sq,,South Weymouth,MA,02190,1825,NORFOLK,Convenience Store,42.189003,-70.955841,,,79045
907460,Cumberland Farms 3499,831 Washington St,,Braintree,MA,02184,6413,NORFOLK,Convenience Store,42.204712,-71.004944,,,79049
907463,Cumberland Farms 3516,71 Drum Hill Rd,,Chelmsford,MA,01824,1503,MIDDLESEX,Convenience Store,42.624458,-71.362511,,,79051
907465,Cumberland Farms 3524,148 Chestnut Hill Ave,,Brighton,MA,02135,4641,SUFFOLK,Convenience Store,42.342121,-71.154114,,,79053
907468,Cumberland Farms 3531,701 Somerville Ave,,Somerville,MA,02143,3530,MIDDLESEX,Convenience Store,42.385887,-71.113914,,,79055
907471,Cumberland Farms 3532,323 Main St,,Haverhill,MA,01830,4054,ESSEX,Convenience Store,42.781792,-71.076996,,,79057
907562,Cumberland Farms 6662,121 Main St,,Pepperell,MA,01463,1564,MIDDLESEX,Convenience Store,42.66489,-71.578148,,,79084
907564,Cumberland Farms 6671,54 Acton St,,Maynard,MA,01754,2314,MIDDLESEX,Convenience Store,42.436092,-71.452263,,,79085
907568,Cumberland Farms 6667,200 Washington St,Ste 1,Hudson,MA,01749,3739,MIDDLESEX,Convenience Store,42.380409,-71.567299,,,79087
907571,Cumberland Farms 6749,195 West St,,Ware,MA,01082,1458,HAMPSHIRE,Convenience Store,42.251633,-72.258003,,,79088
907572,Cumberland Farms 6680,87 Central St,,Hudson,MA,01749,1319,MIDDLESEX,Convenience Store,42.394188,-71.578636,,,79089
907575,Cumberland Farms 6697,885 Dalton Ave,,Pittsfield,MA,01201,2901,BERKSHIRE,Convenience Store,42.468548,-73.20182,,,79090
907576,Cumberland Farms 6698,74 W State St,,Granby,MA,01033,9450,HAMPSHIRE,Convenience Store,42.246632,-72.543213,,,79091
907577,Cumberland Farms 6714,37 Main St,,Williamsburg,MA,01096,9404,HAMPSHIRE,Convenience Store,42.393303,-72.729729,,,79092
907578,Cumberland Farms 3377,295 Salem St,,Reading,MA,01867,1960,MIDDLESEX,Convenience Store,42.525322,-71.084625,,,79093
907583,Cumberland Farms 6723,730 Cochituate Rd,,Framingham,MA,01701,4672,MIDDLESEX,Convenience Store,42.308666,-71.382935,,,79094
908583,CVS Pharmacy 1848,264 Trapelo Rd,,Belmont,MA,02478,1849,MIDDLESEX,Other,42.383171,-71.181366,,,79107
943986,Nouria 611 Southbridge Street 1007,611 Southbridge St,,Auburn,MA,01501,1947,WORCESTER,Convenience Store,42.188374,-71.849327,,,79141
944260,Speedway 2453,1234 Belmont St,,Brockton,MA,02301,4402,PLYMOUTH,Convenience Store,42.059338,-71.066696,,,79207
944814,Nouria 271 Boston Turnpike 1048,271 Boston Tpke,,Shrewsbury,MA,01545,2634,WORCESTER,Convenience Store,42.275757,-71.740379,,,79233
908708,CVS Pharmacy 1858,1199 Centre St,,Newton Center,MA,02459,1534,MIDDLESEX,Other,42.331417,-71.194992,,,79244
945435,Bowdoin Food Corp,217 Bowdoin St,,Dorchester,MA,02122,1809,SUFFOLK,Super Store,42.305576,-71.067711,,,79249
908710,CVS Pharmacy 1871,1280 Worcester Rd,,Framingham,MA,01702,5234,MIDDLESEX,Other,42.297604,-71.450493,,,79251
908207,CVS Pharmacy 38,142 Worcester Rd,,Charlton,MA,01507,1244,WORCESTER,Other,42.145,-71.968605,,,79394
908213,CVS Pharmacy 62,6 Thatcher Rd,,Gloucester,MA,01930,    ,ESSEX,Other,42.61837,-70.639397,,,79395
908216,CVS Pharmacy 119,451 Main St,,Wakefield,MA,01880,3394,MIDDLESEX,Other,42.501717,-71.069489,,,79396
908217,CVS Pharmacy 131,210 Boston Rd,,North Billerica,MA,01862,2309,MIDDLESEX,Other,42.581284,-71.288467,,,79397
908220,CVS Pharmacy 155,539 Main St,,Winchester,MA,01890,2914,MIDDLESEX,Other,42.452274,-71.136414,,,79398
908223,CVS Pharmacy 159,516 Main St,,Melrose,MA,02176,3880,MIDDLESEX,Other,42.455685,-71.065338,,,79399
908229,CVS Pharmacy 217,1900 Main St,Ste 1,Tewksbury,MA,01876,2111,MIDDLESEX,Other,42.590988,-71.202255,,,79400
908232,CVS Pharmacy 224,650 Main St,,Reading,MA,01867,3081,MIDDLESEX,Other,42.524334,-71.103142,,,79402
908233,CVS Pharmacy 261,200 Essex St,,Salem,MA,01970,3705,ESSEX,Other,42.521847,-70.894699,,,79403
908235,CVS Pharmacy 318,637 Lowell St,Ste 1,Peabody,MA,01960,2333,ESSEX,Other,42.550663,-71.001892,,,79404
908345,Walgreens 09011,107 High St,,Danvers,MA,01923,3113,ESSEX,Other,42.558746,-70.930321,,,79427
908432,CVS 498,118 E Main St,,Webster,MA,01570,1712,WORCESTER,Other,42.059155,-71.865814,,,79457
908435,CVS Pharmacy 665,415 Main St,,Woburn,MA,01801,4239,MIDDLESEX,Other,42.480713,-71.151169,,,79458
908436,CVS Pharmacy 669,413 Paradise Rd,,Swampscott,MA,01907,1332,ESSEX,Other,42.481602,-70.902626,,,79459
908442,CVS Pharmacy 672,32 Ferry St,,Malden,MA,02148,5004,MIDDLESEX,Other,42.42593,-71.065704,,,79460
908443,CVS Pharmacy 674,980 Great Plain Ave,,Needham,MA,02492,2508,NORFOLK,Other,42.280193,-71.236267,,,79461
908447,CVS Pharmacy 946,323 N Main St,,Uxbridge,MA,01569,1757,WORCESTER,Other,42.090721,-71.642181,,,79464
908449,CVS Pharmacy 973,105 Main St,,Maynard,MA,01754,2514,MIDDLESEX,Other,42.431976,-71.45443,,,79465
908450,CVS Pharmacy 983,2019 Lakeview Ave,,Dracut,MA,01826,3224,MIDDLESEX,Other,42.682907,-71.3535,,,79466
908453,CVS Pharmacy 1011,311 Newbury St,,Danvers,MA,01923,1027,ESSEX,Other,42.586876,-70.965881,,,79467
908454,CVS Pharmacy 1056,25 Wood St,,Lowell,MA,01851,1598,MIDDLESEX,Other,42.633858,-71.356575,,,79468
908459,CVS Pharmacy 1171,15 Walnut Rd,Ste 1,South Hamilton,MA,01982,1900,ESSEX,Other,42.610569,-70.873589,,,79470
908466,CVS Pharmacy 1199,647 Vfw Pkwy,,Chestnut Hill,MA,02467,3656,SUFFOLK,Other,42.296425,-71.157204,,,79471
908479,CVS Pharmacy 1845,222 Main St,,Wilmington,MA,01887,2341,MIDDLESEX,Other,42.556381,-71.181091,,,79474
908778,CVS Pharmacy 1875,414 Union St,,Ashland,MA,01721,2154,MIDDLESEX,Other,42.255512,-71.466545,,,79479
908788,CVS Pharmacy 2128,936 Highland Ave,,Needham Heights,MA,02494,1256,NORFOLK,Other,42.292664,-71.235115,,,79481
908793,CVS Pharmacy 2533,79 LYNNFIELD STREET,Unit: CVS,Peabody,MA,01960,    ,ESSEX,Other,42.51675,-70.950943,,,79486
908803,CVS Pharmacy 4200,2 Lafayette Rd,,Salisbury,MA,01952,2002,ESSEX,Other,42.842262,-70.860039,,,79505
945642,Quality Mart Inc,21 Massachusetts Ave,,Boston,MA,02115,1303,SUFFOLK,Convenience Store,42.350658,-71.089592,,,79619
945656,E Cecchi Farms,1131 Springfield St,,Feeding Hills,MA,01030,2114,HAMPDEN,Farmers and Markets,42.068611,-72.667816,,,79625
1040710,Cumberland Farms 6732,992 Grand Army Hwy,,Somerset,MA,02726,1209,BRISTOL,Convenience Store,41.732517,-71.17276,,,79690
945798,Carolina Convenience Store,462 Prospect St,,Methuen,MA,01844,5320,ESSEX,Grocery Store,42.723167,-71.156502,,,79700
945852,Speedway 2492,321 Park Ave,,Worcester,MA,01610,1022,WORCESTER,Convenience Store,42.261253,-71.820786,,,79734
945117,BJ's Wholesale Club 353,200 Crown Colony Dr,,Quincy,MA,02169,0959,NORFOLK,Super Store,42.232372,-71.013748,,,79810
944340,7-Eleven 40098H,119 Merrimack St,,Methuen,MA,01844,6113,ESSEX,Convenience Store,42.730213,-71.137161,,,79906
944503,Speedway 2475,199 Hartford Ave,,Bellingham,MA,02019,3001,NORFOLK,Convenience Store,42.114033,-71.470734,,,79921
944512,Speedway 2469,770 Boston Post Rd E,,Marlborough,MA,01752,3703,MIDDLESEX,Convenience Store,42.350819,-71.499237,,,79922
944514,Speedway 2466,770 Main St,,Holden,MA,01520,1858,WORCESTER,Convenience Store,42.342117,-71.843613,,,79923
944517,Joe's Kwik Mart 511,251 E Central St,,Franklin,MA,02038,1317,NORFOLK,Convenience Store,42.080448,-71.385696,,,79924
944518,Speedway 2449,196 Pond St,,Ashland,MA,01721,2048,MIDDLESEX,Convenience Store,42.247414,-71.430283,,,79925
944522,Speedway 2500,482 Main St,,Leominster,MA,01453,2939,WORCESTER,Convenience Store,42.53941,-71.743248,,,79926
1595317,Mini Mart,56 Morris St,,Everett,MA,02149,2923,MIDDLESEX,Convenience Store,42.413845,-71.052383,,,80105
955168,Braintree Market & Deli,978 Liberty St,,Braintree,MA,02184,7338,NORFOLK,Convenience Store,42.1894,-70.985992,,,80165
955513,Union Street Market,132 Union St,,Everett,MA,02149,4801,MIDDLESEX,Convenience Store,42.404755,-71.041283,,,80218
956455,CVS Pharmacy 1217,587 Boylston St,,Boston,MA,02116,3601,SUFFOLK,Other,42.350533,-71.076904,,,80258
956460,CVS Pharmacy 1253,8 Greene St,,Mashpee,MA,02649,2449,BARNSTABLE,Other,41.617088,-70.488922,,,80260
956482,CVS Pharmacy 7140,599 State Rd,,Westport,MA,02790,2819,BRISTOL,Other,41.66,-71.083839,,,80269
909715,CVS Pharmacy 237,1587 Brayton Point Rd,,Somerset,MA,02725,2337,BRISTOL,Other,41.731812,-71.172981,,,80391
909718,CVS Pharmacy 257,107 West St,,Pittsfield,MA,01201,5732,BERKSHIRE,Other,42.447437,-73.25853,,,80392
909724,CVS Pharmacy 382,1504 Main St,,South Weymouth,MA,02190,1310,NORFOLK,Other,42.152611,-70.955086,,,80396
909730,CVS 394,1479 Newman Ave,,Seekonk,MA,02771,2618,BRISTOL,Other,41.887924,-71.333122,,,80398
909736,CVS Pharmacy 513,252 Broadway,,Raynham,MA,02767,1414,BRISTOL,Other,41.936478,-71.081223,,,80401
909738,CVS Pharmacy 518,419 Main St,,Wareham,MA,02571,    ,PLYMOUTH,Other,41.762817,-70.720634,,,80402
909740,CVS Pharmacy 594,105 Davis Straights,Route 28,Falmouth,MA,02540,    ,BARNSTABLE,Other,41.560276,-70.599403,,,80403
909790,CVS Pharmacy 619,1150 Saratoga St,,Boston,MA,02128,1228,SUFFOLK,Other,42.384167,-70.999741,,,80406
909793,CVS Pharmacy 634,189 Summer St,,Kingston,MA,02364,1247,PLYMOUTH,Other,42.011883,-70.732368,,,80407
909795,CVS Pharmacy 799,786 Ashley Blvd,,New Bedford,MA,02745,5548,BRISTOL,Other,41.681343,-70.933311,,,80408
909801,CVS Pharmacy 838,427 E Main St,,Westfield,MA,01085,3312,HAMPDEN,Other,42.113216,-72.724777,,,80410
909808,CVS Pharmacy 920,792 Main St,,Clinton,MA,01510,1608,WORCESTER,Other,42.425919,-71.688217,,,80414
909810,CVS Pharmacy 937,100D N Main St,,Carver,MA,02330,1046,PLYMOUTH,Other,41.922855,-70.80542,,,80415
909813,Market,6 Purchase St,,Plymouth,MA,02360,6622,PLYMOUTH,Super Store,41.877865,-70.599518,,,80417
909820,CVS Pharmacy 972,555 Washington St,,South Easton,MA,02375,1106,BRISTOL,Other,42.049488,-71.083725,,,80422
909824,CVS Pharmacy 1021,Route 134,Patriot Square Mall,South Dennis,MA,02660,    ,BARNSTABLE,Other,41.721111,-70.156967,,,80424
909825,CVS Pharmacy 1257,119 Bedford St,,East Bridgewater,MA,02333,1973,PLYMOUTH,Other,42.03046,-70.958527,,,80425
909830,CVS Pharmacy 1576,6 Head of the Bay Rd,,Buzzards Bay,MA,02532,3009,BARNSTABLE,Other,41.75285,-70.598511,,,80427
909832,CVS Pharmacy 1853,737 Bridge St,,North Weymouth,MA,02191,2139,NORFOLK,Other,42.245689,-70.935951,,,80429
909834,CVS Pharmacy 1854,100 Front St,,Scituate,MA,02066,1316,PLYMOUTH,Other,42.194553,-70.724876,,,80431
909837,CVS Pharmacy 1855,66 S Main St,,Sharon,MA,02067,1920,NORFOLK,Other,42.121353,-71.180046,,,80433
909841,CVS Pharmacy 1864,191 N Main St,,Attleboro,MA,02703,1749,BRISTOL,Other,41.94915,-71.289474,,,80434
909844,CVS Pharmacy 1865,155 Center St,,Pembroke,MA,02359,2221,PLYMOUTH,Other,42.067909,-70.811111,,,80437
909846,CVS Pharmacy 1868,67 Central St,,Foxboro,MA,02035,2424,NORFOLK,Other,42.062519,-71.248741,,,80439
909901,CVS Pharmacy 1869,1080 Falmouth Rd,,Hyannis,MA,02601,2346,BARNSTABLE,Other,41.659088,-70.327446,,,80482
909904,CVS Pharmacy 1872,438 W Grove St,Ste B,Middleboro,MA,02346,1459,PLYMOUTH,Other,41.897125,-70.949135,,,80483
909906,CVS Pharmacy 1888,299 Washington St,,Westwood,MA,02090,1801,NORFOLK,Other,42.219067,-71.188187,,,80484
909908,CVS Pharmacy 2325,1025 Central St,,Stoughton,MA,02072,4401,NORFOLK,Other,42.135918,-71.102745,,,80485
909909,CVS Pharmacy 2377,2253 State Rd,,Plymouth,MA,02360,5150,PLYMOUTH,Other,41.821209,-70.551224,,,80486
909927,CVS Pharmacy 2401,1880 Ocean St,,Marshfield,MA,02050,4906,PLYMOUTH,Other,42.092018,-70.704636,,,80488
860818,DOLLAR TREE 3462,700 Crescent St,,Brockton,MA,02302,3343,PLYMOUTH,Other,42.082088,-70.990753,,,80722
860827,DOLLAR TREE 3645,160 N Main St,Ste 7,Carver,MA,02330,1027,PLYMOUTH,Other,41.930828,-70.809868,,,80736
1586723,Hatfield Center Store,60 Main St,,Hatfield,MA,01038,9789,HAMPSHIRE,Convenience Store,42.373192,-72.595871,,,80870
862428,First Oriental Grocery,149 Broadway St,,Chicopee,MA,01020,2618,HAMPDEN,Other,42.154018,-72.580109,,,81093
958072,Bernats Polish Meat Products & Deli,895 Meadow St,,Chicopee,MA,01013,1874,HAMPDEN,Grocery Store,42.16243,-72.613525,,,81230
1590826,Lynn New Market,403 Essex St,,Lynn,MA,01902,3622,ESSEX,Grocery Store,42.468655,-70.942566,,,81364
1043506,Walgreens 10317,1035 Truman Hwy,,Hyde Park,MA,02136,3326,SUFFOLK,Other,42.242054,-71.126465,,,81625
958327,Walgreens 10685,3 Liberty Ln,,Norfolk,MA,02056,1499,NORFOLK,Other,42.118305,-71.327255,,,81639
958614,CVS Pharmacy 505,161 Main St,,Fitchburg,MA,01420,4329,WORCESTER,Other,42.581837,-71.793983,,,81683
958616,CVS Pharmacy 507,246 Mill St,,Leominster,MA,01453,3310,WORCESTER,Other,42.533607,-71.744125,,,81684
958627,CVS Pharmacy 1050,160 Reservoir St,Ste 1,Holden,MA,01520,1271,WORCESTER,Other,42.344189,-71.862114,,,81686
958630,CVS Pharmacy 1844,454 Electric Ave,,Lunenburg,MA,01462,2538,WORCESTER,Other,42.575672,-71.74826,,,81688
1043514,Dollar Tree 4755,830 Suffield St,,Agawam,MA,01001,2928,HAMPDEN,Other,42.059742,-72.634521,,,81710
1045437,Charlton Gas & Market 103,28 Worcester Rd,,Charlton,MA,01507,1390,WORCESTER,Convenience Store,42.145039,-71.988869,,,81725
1044980,Braintree Farmers Market,1 JFK Memorial Dr,,Braintree,MA,02184,6498,NORFOLK,Farmers and Markets,42.206161,-71.005264,,,81923
1045275,Nouria 328 Shrewsbury Street 1012,328 Shrewsbury St,,Boylston,MA,01505,1402,WORCESTER,Convenience Store,42.325611,-71.721848,,,81969
1296874,Dollar General 19129,1150 Union Street Ext,,West Springfield,MA,01089,4023,HAMPDEN,Other,42.095139,-72.605537,,,82067
1297020,7-eleven 37369A,141 Massachusetts Ave,,Boston,MA,02115,2607,SUFFOLK,Convenience Store,42.346931,-71.087593,,,82089
1662477,Aster & Pine Market,189 N Pleasant St,,Amherst,MA,01002,1726,HAMPSHIRE,Convenience Store,42.378357,-72.519646,,,82118
1296457,Convenience Plus 2750,241 Main St,,Lee,MA,01238,1615,BERKSHIRE,Convenience Store,42.309467,-73.251648,,,82171
1296500,Alltown Market Oxford Crossing 664,123 Sutton Ave,,Oxford,MA,01540,1812,WORCESTER,Convenience Store,42.113937,-71.843361,,,82182
1296506,Alltown Billerica 2743,1 Republic Rd,,North Billerica,MA,01862,2503,MIDDLESEX,Convenience Store,42.557667,-71.299072,,,82184
1296516,Alltown Market Stoughton 2744,372 Washington St,,Stoughton,MA,02072,1760,NORFOLK,Convenience Store,42.13586,-71.101677,,,82185
1296607,Alltown Saugus 2717,1123 Broadway,,Saugus,MA,01906,3210,ESSEX,Convenience Store,42.467598,-71.025665,,,82214
1296667,Alltown Wrentham 2706,1001 South St,,Wrentham,MA,02093,2100,NORFOLK,Convenience Store,42.036335,-71.346893,,,82222
1296676,Alltown Fresh Marlborough 2722,656 Boston Post Rd,,Marlborough,MA,01752,    ,MIDDLESEX,Convenience Store,42.350342,-71.503929,,,82223
1296677,Alltown Gardner 327,17 Pearson Blvd,,Gardner,MA,01440,3909,WORCESTER,Convenience Store,42.566021,-71.979813,,,82224
864198,Dollar Tree 1586,1379 Liberty St,,Springfield,MA,01104,1170,HAMPDEN,Other,42.138245,-72.578255,,,82245
1297781,Bonao Market,328 Union St,,Lynn,MA,01901,1328,ESSEX,Grocery Store,42.464371,-70.943275,,,82456
1094117,Dollar Tree 5194,935 Riverdale St,Ste G106,West Springfield,MA,01089,4901,HAMPDEN,Other,42.129402,-72.626389,,,82488
1295727,Dollar General 17777,2 Breckenridge St,,Palmer,MA,01069,1618,HAMPDEN,Other,42.152122,-72.315773,,,82586
864266,Dollar Tree 3199,1275 Fall River Ave,Office Max Plz,Seekonk,MA,02771,    ,BRISTOL,Other,41.790554,-71.323273,,,82619
864304,Dollar Tree 3807,1777 Main St,Route 38,Tewksbury,MA,01876,    ,MIDDLESEX,Other,42.591164,-71.209656,,,82628
1295438,Dollar General 19116,121 Webster Ave,,Chelsea,MA,02150,3723,SUFFOLK,Other,42.401226,-71.024826,,,82680
1295439,Dollar General 19118,208 Waverly St,,Framingham,MA,01702,    ,MIDDLESEX,Other,42.278511,-71.408524,,,82681
1295440,Dollar General 19126,340 N Main St,,Randolph,MA,02368,4173,NORFOLK,Other,42.168938,-71.04541,,,82682
863870,Dollar Tree 1330,41 Worcester Rd,,Webster,MA,01570,1624,WORCESTER,Other,42.063618,-71.863907,,,82732
863874,Dollar Tree 1390,68 Stafford St,Webster Sq Plz,Worcester,MA,01603,    ,WORCESTER,Other,42.241444,-71.842926,,,82738
863884,Dollar Tree 1876,321 Pond St,,Ashland,MA,01721,2327,MIDDLESEX,Other,42.240944,-71.432938,,,82756
863888,Dollar Tree 3736,231 Main St,,Wilmington,MA,01887,2302,MIDDLESEX,Other,42.555595,-71.182617,,,82768
1295808,OCEAN STATE JOB LOT 253,11 Berdon Way,,Fairhaven,MA,02719,4643,BRISTOL,Other,41.640427,-70.884087,,,82772
863890,Dollar Tree 1159,465 Memorial Ave,,West Springfield,MA,01089,4009,HAMPDEN,Other,42.095901,-72.603447,,,82779
863892,Dollar Tree 1314,694 Merrill Rd,,Pittsfield,MA,01201,    ,BERKSHIRE,Other,42.467716,-73.203484,,,82785
864079,Dollar Tree 3919,160 Reservoir St,Big Y Plz,Holden,MA,01520,    ,WORCESTER,Other,42.344189,-71.862114,,,82915
891719,Ashmont Farmers Market,1900 Dorchester Ave,,Dorchester Center,MA,02124,3775,SUFFOLK,Farmers and Markets,42.284275,-71.064682,,,83127
1096458,Price Chopper Webster 240,2 Worcester Rd,,Webster,MA,01570,1652,WORCESTER,Supermarket,42.061615,-71.862778,,,83177
1096979,Hopkinton Farmers Market,0 Town Common,,Hopkinton,MA,01748,    ,MIDDLESEX,Farmers and Markets,42.228577,-71.518845,,,83238
1641896,Big River Chestnuts FFAB,195 River Rd,,Sunderland,MA,01375,9552,FRANKLIN,Farmers and Markets,42.447006,-72.585373,,,83321
890493,CVS Pharmacy 447,366 King St,,Northampton,MA,01060,2333,HAMPSHIRE,Other,42.336697,-72.636932,,,83455
890495,CVS Pharmacy 704,24 Main St,,Northampton,MA,01060,3142,HAMPSHIRE,Other,42.319801,-72.62883,,,83461
890500,CVS Pharmacy 720,2235 Dorchester Ave,,Dorchester Center,MA,02124,5623,SUFFOLK,Other,42.273918,-71.06768,,,83472
889780,BJ's Wholesale Club 1,278 Middlesex Ave,,Medford,MA,02155,5089,MIDDLESEX,Super Store,42.413391,-71.082809,,,83718
890616,Dollar Tree 2036,230 Independence Way,Ste 1,Danvers,MA,01923,3692,ESSEX,Other,42.552967,-70.938538,,,83731
890621,Dollar Tree 3765,215 Quincy Ave,,Quincy,MA,02169,6754,NORFOLK,Other,42.240326,-70.992058,,,83744
1602012,Donelan's Of Littleton 011,236 Great Rd,,Littleton,MA,01460,5906,MIDDLESEX,Other,42.543121,-71.467155,,,83968
1235566,Andy's Variety Inc.,11 Milk St,,Westborough,MA,01581,1223,WORCESTER,Convenience Store,42.269802,-71.613815,,,83992
926801,Plumtree Market,454 Plumtree Rd,,Springfield,MA,01118,1626,HAMPDEN,Convenience Store,42.098454,-72.531441,,,84119
924197,Shaw Farm,195 New Boston Rd,,Dracut,MA,01826,2516,MIDDLESEX,Grocery Store,42.681408,-71.331001,,,84195
926311,CVS Pharmacy 8437,188 Linden St,,Wellesley,MA,02482,7933,NORFOLK,Other,42.301331,-71.292839,,,84246
913507,Family Dollar 8063,24 Corinth St,,Roslindale,MA,02131,3021,SUFFOLK,Other,42.28627,-71.129852,,,84336
913517,Walgreens 01852,1478 Highland Ave,,Needham,MA,02492,2607,NORFOLK,Other,42.280781,-71.236023,,,84338
913518,Walgreens 09405,969 Main St,,South Weymouth,MA,02190,1609,NORFOLK,Other,42.171658,-70.955421,,,84339
913523,Walgreens 01855,15 School St,,Framingham,MA,01701,7707,MIDDLESEX,Other,42.321148,-71.39518,,,84341
913541,Walgreens 11998,225R King St,,Northampton,MA,01060,2361,HAMPSHIRE,Other,42.329868,-72.632866,,,84345
913687,Daves Liquors & Convenience,239 Tremont St,,South Carver,MA,02366,9800,PLYMOUTH,Convenience Store,41.84264,-70.745766,,,84352
926324,CVS Pharmacy 107,304 Walnut St,,Newtonville,MA,02460,1907,MIDDLESEX,Other,42.350433,-71.206596,,,84378
912005,M & R Store,718 Shawmut Ave,,Roxbury,MA,02119,2029,SUFFOLK,Convenience Store,42.333027,-71.083008,,,84388
926332,CVS Pharmacy 183,700 Boston Rd,Route 3A Towne Plz,Billerica,MA,01821,    ,MIDDLESEX,Other,42.540375,-71.246674,,,84398
926344,CVS Pharmacy 301,107 Main St,,Stoneham,MA,02180,3305,MIDDLESEX,Other,42.493912,-71.101288,,,84405
926346,CVS 302,1163 Providence Rd,,Whitinsville,MA,01588,2119,WORCESTER,Other,42.125301,-71.648026,,,84412
924663,Edgemere Mini Mart,734 Grafton St,Unit 3,Worcester,MA,01604,2342,WORCESTER,Convenience Store,42.250465,-71.767212,,,84456
925543,Dollar Tree 4289,11 Highland Ave,,Malden,MA,02148,6603,MIDDLESEX,Other,42.415421,-71.078453,,,84500
925013,Walgreens 12399,226 Broadway,,Taunton,MA,02780,1816,BRISTOL,Other,41.920486,-71.090889,,,84667
911642,Sapowsky Farms DF 1,434 E State St,,Granby,MA,01033,9574,HAMPSHIRE,Farmers and Markets,42.264095,-72.484543,,,84684
911738,Whole Foods Market 10319,300 Legacy Pl,,Dedham,MA,02026,    ,NORFOLK,Super Store,42.232628,-71.178276,,,84690
912391,Family Dollar 8079,138 Canal St,,Salem,MA,01970,4650,ESSEX,Other,42.509045,-70.896614,,,84753
926157,CVS Pharmacy 260,155 Charles St,,Boston,MA,02114,3294,SUFFOLK,Other,42.360573,-71.070786,,,84922
926217,CVS Pharmacy 2071,400 Beech St,,Holyoke,MA,01040,3811,HAMPDEN,Other,42.202362,-72.619614,,,84962
962474,Cumberland Farms Inc 0036,311 Main St,,Oxford,MA,01540,1727,WORCESTER,Convenience Store,42.11721,-71.864784,,,85001
962476,Cumberland Farms Inc 0110,459 Hartford Ave,,Bellingham,MA,02019,1216,NORFOLK,Convenience Store,42.132355,-71.448074,,,85002
962477,Cumberland Farms Inc 6771,633 Washington St,,Attleboro,MA,02703,8407,BRISTOL,Convenience Store,41.910717,-71.363022,,,85003
962478,Cumberland Farms Inc 0133,16 Upton St,,Grafton,MA,01519,1235,WORCESTER,Convenience Store,42.206131,-71.6828,,,85004
962479,Cumberland Farms Inc 0135,1128 Oakhill Ave,,Attleboro,MA,02703,6612,BRISTOL,Convenience Store,41.911953,-71.258682,,,85005
962480,Cumberland Farms Inc 0163,10 S Main St,,Leicester,MA,01524,1402,WORCESTER,Convenience Store,42.244827,-71.906982,,,85006
962481,Cumberland Farms Inc 0164,2 Main St,,South Grafton,MA,01560,1175,WORCESTER,Convenience Store,42.176632,-71.680756,,,85007
962482,Cumberland Farms Inc 0166,502 Washington St,,Auburn,MA,01501,2704,WORCESTER,Convenience Store,42.187393,-71.834625,,,85008
962483,Cumberland Farms Inc 0170,573 Kelley Blvd,,North Attleboro,MA,02760,4122,BRISTOL,Convenience Store,42.007671,-71.302483,,,85009
962484,Cumberland Farms Inc 0188,150 Commonwealth Ave,,Attleboro Falls,MA,02763,1149,BRISTOL,Convenience Store,41.969887,-71.311447,,,85010
962485,Cumberland Farms Inc 0190,1 Main St,,Blackstone,MA,01504,2203,WORCESTER,Convenience Store,42.015259,-71.528313,,,85011
962486,Cumberland Farms Inc 0191,180 W Main St,,Dudley,MA,01571,3818,WORCESTER,Convenience Store,42.041061,-71.91143,,,85012
962487,Cumberland Farms Inc 0197,115 Mendon St,,Hopedale,MA,01747,1912,WORCESTER,Convenience Store,42.126499,-71.537697,,,85013
962488,Cumberland Farms Inc 0198,130 College Hwy,,Southampton,MA,01073,9434,HAMPSHIRE,Convenience Store,42.238373,-72.719643,,,85014
962489,Cumberland Farms Inc 0199,1455 Fall River Ave,,Seekonk,MA,02771,3738,BRISTOL,Convenience Store,41.787025,-71.317291,,,85015
962490,Cumberland Farms Inc 0200,463 Center St,,Ludlow,MA,01056,2769,HAMPDEN,Convenience Store,42.170212,-72.479904,,,85016
962491,Cumberland Farms Inc 0203,200 Southbridge Rd,,North Oxford,MA,01537,1117,WORCESTER,Convenience Store,42.172462,-71.881195,,,85017
962492,Cumberland Farms Inc 0208,91 W Main St # 93,,Hopkinton,MA,01748,1617,MIDDLESEX,Convenience Store,42.216587,-71.541924,,,85018
962493,Cumberland Farms Inc 0214,560 Main St,,Medfield,MA,02052,2324,NORFOLK,Convenience Store,42.185413,-71.309471,,,85019
962494,Cumberland Farms Inc 0223,220 Pleasant St,,Attleboro,MA,02703,2416,BRISTOL,Convenience Store,41.951176,-71.273026,,,85020
962495,Cumberland Farms 226,433 S Main St,,Sharon,MA,02067,1703,NORFOLK,Convenience Store,42.106087,-71.204124,,,85021
962496,Cumberland Farms Inc 2229,2 Pembroke St,,Kingston,MA,02364,1109,PLYMOUTH,Convenience Store,41.995434,-70.742523,,,85022
962497,Cumberland Farms Inc 2234,596 State Rd,,Westport,MA,02790,2820,BRISTOL,Convenience Store,41.660908,-71.083542,,,85023
962498,Cumberland Farms 2251,1131 Gar Hwy,,Swansea,MA,02777,4262,BRISTOL,Convenience Store,41.750973,-71.22599,,,85024
962500,Cumberland Farms Inc 2272,2360 Cranberry Hwy,,West Wareham,MA,02576,1208,PLYMOUTH,Convenience Store,41.788937,-70.751015,,,85025
962501,Cumberland Farms Inc 2273,809 Main Rd,,Westport,MA,02790,4315,BRISTOL,Convenience Store,41.579922,-71.089844,,,85026
962502,Cumberland Farms 2280,115 Orange St,,Nantucket,MA,02554,3947,NANTUCKET,Convenience Store,41.276005,-70.094269,,,85027
962504,Cumberland Farms Inc 2294,244 Russells Mills Rd,,South Dartmouth,MA,02748,2023,BRISTOL,Convenience Store,41.602402,-70.959808,,,85028
962505,Cumberland Farms Inc 2298,435 Shore Rd,,Monument Beach,MA,02553,    ,BARNSTABLE,Convenience Store,41.71933,-70.613739,,,85029
962506,Cumberland Farms Inc 2299,1055 Washington St,,East Bridgewater,MA,02333,1238,PLYMOUTH,Convenience Store,42.038593,-70.921692,,,85030
962507,Cumberland Farms Inc 2304,9 Lagoon Pond Rd,,Vineyard Haven,MA,02568,5514,DUKES,Convenience Store,41.453327,-70.601151,,,85031
962508,Cumberland Farms Inc 2305,578 Main St,,Harwich Port,MA,02646,1838,BARNSTABLE,Convenience Store,41.667965,-70.072075,,,85032
962509,Cumberland Farms 2307,2586 State Hwy Rte 6,,Wellfleet,MA,02667,8913,BARNSTABLE,Convenience Store,41.934586,-70.020393,,,85033
962510,Cumberland Farms 2314,232 Winthrop St,,Rehoboth,MA,02769,2602,BRISTOL,Convenience Store,41.854786,-71.238617,,,85034
962511,Cumberland Farms Inc 2322,2639 Main St,,Brewster,MA,02631,1953,BARNSTABLE,Convenience Store,41.767632,-70.059143,,,85035
962512,Cumberland Farms Inc 2333,485 Waquoit Hwy,,East Falmouth,MA,02536,7816,BARNSTABLE,Convenience Store,41.587559,-70.516899,,,85036
962513,Cumberland Farms Inc 2337,406 Wareham Rd,,Marion,MA,02738,1574,PLYMOUTH,Convenience Store,41.715107,-70.770287,,,85037
962516,Cumberland Farms Inc 2346,400 E Falmouth Hwy,,East Falmouth,MA,02536,6006,BARNSTABLE,Convenience Store,41.578587,-70.559341,,,85038
962517,Cumberland Farms Inc 2348,1171 Iyannough Rd,,Hyannis,MA,02601,1832,BARNSTABLE,Convenience Store,41.674267,-70.307907,,,85039
962518,Cumberland Farms Inc 2352,119 Cranberry Hwy,,Orleans,MA,02653,3206,BARNSTABLE,Convenience Store,41.786976,-69.992607,,,85040
962519,Cumberland Farms 6756,678 Main St,,Chatham,MA,02633,1825,BARNSTABLE,Convenience Store,41.682846,-69.962044,,,85041
962520,Cumberland Farms Inc 2365,143 Bedford St,,East Bridgewater,MA,02333,1973,PLYMOUTH,Convenience Store,42.029816,-70.958527,,,85042
962521,Cumberland Farms Inc 2367,137 Center St,,Pembroke,MA,02359,2646,PLYMOUTH,Convenience Store,42.069279,-70.810066,,,85043
962523,Cumberland Farms Inc 3435,48 Revere St,,Winthrop,MA,02152,1608,SUFFOLK,Convenience Store,42.382515,-70.980949,,,85044
962524,Cumberland Farms Inc 3471,235 Main St,,Oxford,MA,01540,2336,WORCESTER,Convenience Store,42.110119,-71.865707,,,85045
962525,Cumberland Farms Inc 3496,120 Thoreau St,,Concord,MA,01742,2408,MIDDLESEX,Convenience Store,42.456093,-71.356255,,,85046
962526,Cumberland Farms Inc 3501,426 Lowell Ave,,Haverhill,MA,01832,3652,ESSEX,Convenience Store,42.773224,-71.115936,,,85047
962527,Cumberland Farms Inc 3508,188 Littleton Rd,,Westford,MA,01886,3508,MIDDLESEX,Convenience Store,42.566257,-71.423691,,,85048
962528,Cumberland Farms 3533,1634 Turnpike St,,Stoughton,MA,02072,1065,NORFOLK,Convenience Store,42.153282,-71.073761,,,85049
962530,Cumberland Farms Inc 6658,707 Main St,,Dalton,MA,01226,1613,BERKSHIRE,Convenience Store,42.473816,-73.160698,,,85050
962531,Cumberland Farms Inc 6765,128 N Main St,,Uxbridge,MA,01569,1737,WORCESTER,Convenience Store,42.081207,-71.63649,,,85051
962532,Cumberland Farms Inc 6663,9 Railroad Ave,,Rockport,MA,01966,1424,ESSEX,Convenience Store,42.655186,-70.62471,,,85052
962533,Cumberland Farms Inc 6668,140 Main St,,Great Barrington,MA,01230,1328,BERKSHIRE,Convenience Store,42.199116,-73.36097,,,85053
962534,Cumberland Farms Inc 6669,241 Main St,,Amesbury,MA,01913,3747,ESSEX,Convenience Store,42.847466,-70.929993,,,85054
962535,Cumberland Farms Inc 6763,31 Elm St,,South Deerfield,MA,01373,1005,FRANKLIN,Convenience Store,42.477425,-72.612747,,,85055
962536,Cumberland Farms Inc 6678,446 Main St,,Williamstown,MA,01267,2613,BERKSHIRE,Convenience Store,42.705971,-73.190117,,,85056
962537,Cumberland Farms Inc 6681,66 Turnpike Rd,,Ipswich,MA,01938,1047,ESSEX,Convenience Store,42.684647,-70.918846,,,85057
962538,Cumberland Farms Inc 6684,70 Central St,,Ipswich,MA,01938,1951,ESSEX,Convenience Store,42.681614,-70.840187,,,85058
962539,Cumberland Farms Inc 6708,4 S Main St,,Middleton,MA,01949,2205,ESSEX,Convenience Store,42.594685,-71.014771,,,85059
962540,Cumberland Farms Inc 6715,205 Main St,,Wilmington,MA,01887,2302,MIDDLESEX,Convenience Store,42.557171,-71.182083,,,85060
962541,Cumberland Farms Inc 6725,365 Turnpike Rd,,Southborough,MA,01772,1710,WORCESTER,Convenience Store,42.289494,-71.560242,,,85061
962542,Cumberland Farms Inc 6727,668 Chestnut St,,Lynn,MA,01904,2636,ESSEX,Convenience Store,42.479816,-70.954559,,,85062
962572,CVS Pharmacy  25,60 Leonard St,,Belmont,MA,02478,2519,MIDDLESEX,Other,42.397614,-71.175674,,,85084
962573,CVS Pharmacy  240,6 JFK St,,Cambridge,MA,02138,4909,MIDDLESEX,Other,42.373333,-71.119431,,,85085
962576,CVS 373,250 Whiting Farms Rd,,Holyoke,MA,01040,2837,HAMPDEN,Other,42.175041,-72.640274,,,85087
962578,CVS Pharmacy  444,74 E Main St,,Westborough,MA,01581,1416,WORCESTER,Other,42.275604,-71.609459,,,85088
962585,CVS 582,131 Main St,,Spencer,MA,01562,2116,WORCESTER,Other,42.24538,-71.993637,,,85093
962587,CVS Pharmacy  719,110 Main St,,Orleans,MA,02653,3432,BARNSTABLE,Other,41.783455,-69.98217,,,85095
866027,Patel Brothers,425 Moody St,,Waltham,MA,02453,0401,MIDDLESEX,Super Store,42.368835,-71.237358,,,85163
866289,Nathans Sandwich and Variety,135 Washington St,,Haverhill,MA,01832,5418,ESSEX,Convenience Store,42.772572,-71.0867,,,85191
733544,Ortega's Market,260 Pleasant St,,Worcester,MA,01609,2022,WORCESTER,Convenience Store,42.263927,-71.811295,,,85377
962603,CVS Pharmacy 1023,34 Cambridge St,Ste 1,Burlington,MA,01803,4676,MIDDLESEX,Other,42.483349,-71.188736,,,85463
864972,Saugus Town Food Mart,480 Lincoln Ave,,Saugus,MA,01906,3776,ESSEX,Convenience Store,42.448498,-71.008751,,,85492
959461,Bolton Orchards,125 Still River Rd,Junction Routes 110 & 117,Bolton,MA,01740,1260,WORCESTER,Grocery Store,42.45425,-71.643204,,,85594
961112,Huntington Market,1795 Commonwealth Ave,,Brighton,MA,02135,4003,SUFFOLK,Convenience Store,42.340485,-71.15136,,,85610
959603,Beverly Shop N Go,199 Essex St,,Beverly,MA,01915,1941,ESSEX,Convenience Store,42.563145,-70.866867,,,85782
864645,Pleasant Street General Store,354 Pleasant St,,Marlborough,MA,01752,7204,MIDDLESEX,Convenience Store,42.354294,-71.566818,,,85844
959819,Grace Corner Mini Mart,997 Rockdale Ave,,New Bedford,MA,02740,2714,BRISTOL,Convenience Store,41.641891,-70.951561,,,85875
959935,River Park Food Mart,1503 River St,,Hyde Park,MA,02136,1615,SUFFOLK,Convenience Store,42.250469,-71.131058,,,85927
1649988,Stop & Shop 459,460 Blue Hill Ave,,Dorchester,MA,02121,4308,SUFFOLK,Supermarket,42.309196,-71.081177,,,86085
1650000,Stop & Shop 20,65 Newport Ave,Ste 1,Quincy,MA,02171,2643,NORFOLK,Supermarket,42.271111,-71.026657,,,86086
1098492,Family Dollar 2728,505 E Main St,,Southbridge,MA,01550,2929,WORCESTER,Other,42.068424,-72.009308,,,86298
1099194,Walgreens 15390,24 School St,,Boston,MA,02108,    ,SUFFOLK,Other,42.357536,-71.059113,,,86448
1101380,Jays Corner Convenience,460 Turnpike St,,South Easton,MA,02375,1733,BRISTOL,Convenience Store,42.012333,-71.066742,,,86582
1047755,Dollar Tree 4820,330 N Main St,,Randolph,MA,02368,4102,NORFOLK,Other,42.168564,-71.045212,,,86612
1046796,Many Hands Organic Farm CSA,411 Sheldon Rd,,Barre,MA,01005,9219,WORCESTER,Farmers and Markets,42.421711,-72.157471,,,86668
1099411,West Stockbridge Farmers Market,2 Harris St,,West Stockbridge,MA,01266,7709,BERKSHIRE,Farmers and Markets,42.333664,-73.368225,,,86672
1049133,Crimson & Clover Farm,215 Spring St,,Florence,MA,01062,9753,HAMPSHIRE,Farmers and Markets,42.335045,-72.686707,,,86685
1046815,CVS Pharmacy 242,480 N Franklin St,,Holbrook,MA,02343,1152,NORFOLK,Other,42.168064,-71.00782,,,86688
1046821,CVS Pharmacy 1251,842 S Franklin St,,Holbrook,MA,02343,1789,NORFOLK,Other,42.127964,-71.010178,,,86696
1046828,CVS Pharmacy 8441,307 Central St,,Winchendon,MA,01475,1402,WORCESTER,Other,42.686951,-72.04393,,,86725
1099765,NEXT BARN OVER CSA,17 Lawrence Plain Rd,,Hadley,MA,01035,9721,HAMPSHIRE,Farmers and Markets,42.329346,-72.57782,,,86876
1441096,Center Fresh Farmers' Market,17 Springfield Street,,Chicopee,MA,01013,    ,HAMPDEN,Farmers and Markets,42.148415,-72.606316,,,87008
1441100,Southland Food Shop,70 Market Sq,,Lynn,MA,01905,2458,ESSEX,Convenience Store,42.462193,-70.965385,,,87013
1441361,Zion Tropical Market,3 E Mountain St,,Worcester,MA,01606,3038,WORCESTER,Grocery Store,42.324074,-71.792801,,,87106
892997,Randalls Farm,631 Center St,,Ludlow,MA,01056,1498,HAMPDEN,Super Store,42.180077,-72.471405,,,87179
1299481,Sweet Morning Farm,910 Greenfield Rd,,Bernardston,MA,01337,9746,FRANKLIN,Farmers and Markets,42.705067,-72.629646,,,87250
1298203,Family Dollar 11908,251 Meadow St,,Chicopee,MA,01013,2214,HAMPDEN,Other,42.179928,-72.612099,,,87303
1298307,New Capital Farms Convenience Store,554 Boston Post Rd E,,Marlborough,MA,01752,3730,MIDDLESEX,Convenience Store,42.34837,-71.507912,,,87310
1298384,Dollar General 19114,21 Torrey St,,Brockton,MA,02301,4849,PLYMOUTH,Other,42.074734,-71.041779,,,87328
1298388,Dollar General 19117,500 Geneva Ave,,Dorchester,MA,02122,1321,SUFFOLK,Other,42.298748,-71.063377,,,87330
1298391,Dollar General 19119,143 Washington St,,Gloucester,MA,01852,    ,MIDDLESEX,Other,42.617046,-70.669464,,,87332
1298395,Dollar General 19122,125 Church St,,Lowell,MA,01852,2623,MIDDLESEX,Other,42.641537,-71.304832,,,87333
1298452,Dollar General 19120,10 Colrain Rd,,Greenfield,MA,01301,9625,FRANKLIN,Other,42.58633,-72.624107,,,87345
1298456,Dollar General 19121,2261 Northampton St,,Holyoke,MA,01040,3447,HAMPDEN,Other,42.184731,-72.63102,,,87346
1298519,Market Basket 83,600 William S Canning Blvd,,Fall River,MA,02721,2396,BRISTOL,Super Store,41.672359,-71.1577,,,87358
1441453,Djs Market,120 Boston St,,Dorchester,MA,02125,1139,SUFFOLK,Convenience Store,42.325466,-71.05883,,,87378
1563102,Oliveira's Market,13 Jefferson St,,Milford,MA,01757,3415,WORCESTER,Grocery Store,42.141262,-71.518707,,,87417
1298540,CVS Pharmacy 10852,411 Barnstable Rd,,Hyannis,MA,02601,2934,BARNSTABLE,Other,41.664108,-70.286957,,,87427
1576214,Kd Food Mart,208 Stafford Rd,,Fall River,MA,02721,2549,BRISTOL,Convenience Store,41.685875,-71.158249,,,87441
1654548,Hudson Gas & Market LLC 531,350 Main St,,Hudson,MA,01749,1731,MIDDLESEX,Convenience Store,42.392765,-71.557404,,,87442
1299544,Carranzas Market Corporation 1,415 Ferry St,,Everett,MA,02149,5664,MIDDLESEX,Other,42.417297,-71.049408,,,87453
1441502,Saigon Market,1112 N Main St,,Randolph,MA,02368,2132,NORFOLK,Grocery Store,42.193268,-71.060417,,,87491
1298667,Dollar General 19125,1000 Kings Hwy,,New Bedford,MA,02745,4971,BRISTOL,Other,41.676903,-70.942856,,,87606
1298668,Dollar General 19130,1049 Main St,,Worcester,MA,01603,2485,WORCESTER,Other,42.245876,-71.830269,,,87607
1102034,Market Basket 73,8 Highland Cmn E,,Hudson,MA,01749,2047,MIDDLESEX,Super Store,42.394966,-71.594398,,,87676
1654108,Oakland Mini Market & Deli Inc,278 Oakland St,,Springfield,MA,01108,1320,HAMPDEN,Convenience Store,42.092602,-72.562973,,,87677
1661845,Charles Street Convenience,429 Charles St,,Malden,MA,02148,6342,MIDDLESEX,Convenience Store,42.422989,-71.085732,,,87684
893565,ALDI 73027,600 South St W,,Raynham,MA,02767,5171,BRISTOL,Supermarket,41.905346,-71.045334,,,87720
1299827,Johnnie's Superstore,360 Pecks Rd,,Pittsfield,MA,01201,2468,BERKSHIRE,Convenience Store,42.476101,-73.265289,,,87872
892639,7-Eleven Store 32433,909 Main St,,Walpole,MA,02081,2964,NORFOLK,Convenience Store,42.14743,-71.251961,,,87894
1656856,Corner Mart,4 Elm St,,North Attleboro,MA,02760,2315,BRISTOL,Convenience Store,41.982307,-71.332191,,,87939
1061549,CVS Pharmacy 1299,27A Washington St,,Wellesley Hills,MA,02481,1701,NORFOLK,Other,42.325947,-71.261681,,,88095
1063367,Family Dollar 9253,1525 State St,,Springfield,MA,01109,2538,HAMPDEN,Other,42.122574,-72.543121,,,88108
1061564,Family Dollar 9191,117A Gold Star Blvd,,Worcester,MA,01606,2816,WORCESTER,Other,42.291828,-71.802933,,,88122
927735,Stop N Save,247 College Hwy,,Southampton,MA,01073,9327,HAMPSHIRE,Convenience Store,42.223152,-72.731384,,,88202
1626469,Pleasant Things,35 Pleasant St,,Worcester,MA,01610,    ,WORCESTER,Convenience Store,42.263649,-71.803497,,,88282
1626981,Grafton Corner Market,462 Grafton St,,Worcester,MA,01604,3852,WORCESTER,Grocery Store,42.250946,-71.781898,,,88289
1634434,Nouria 26 Commercial Road 1275,26 Commercial Rd,,Leominster,MA,01453,3306,WORCESTER,Convenience Store,42.534481,-71.741798,,,88296
1062700,7 Eleven 35487H,127 Main St,,Milford,MA,01757,2603,WORCESTER,Convenience Store,42.14204,-71.51899,,,88348
1063225,CVS Pharmacy 1874,325 Boston Post Rd,,Wayland,MA,01778,1837,MIDDLESEX,Other,42.362846,-71.366463,,,88390
894336,Sandwich Food Mart,298 Rte 130,,Sandwich,MA,02563,2367,BARNSTABLE,Convenience Store,41.740734,-70.493492,,,88425
894638,Raquel Supermarket,296 Lawrence St,,Lawrence,MA,01841,1161,ESSEX,Grocery Store,42.719486,-71.168915,,,88807
1062033,Dollar Tree 4997,180 Milk St,,Westborough,MA,01581,3342,WORCESTER,Other,42.281368,-71.633156,,,88873
1062034,Dollar Tree 5016,55 Mill St,,Worcester,MA,01603,2027,WORCESTER,Other,42.246872,-71.83242,,,88878
1060557,Market Basket 69,1 Factory Outlet Way,(Sagamore Village),Bourne,MA,02561,    ,BARNSTABLE,Super Store,41.771008,-70.544518,,,88899
1060561,Price Chopper  Colchester 231,167 W Main St,,Hopkinton,MA,01748,2116,MIDDLESEX,Supermarket,42.209675,-71.552856,,,88904
1113220,Marblehead Farmers' Market,217 Pleasant St,,Marblehead,MA,01945,2251,ESSEX,Farmers and Markets,42.497421,-70.861313,,,89057
1113340,Ocean State Job Lot 246,830 Curran Memorial Hwy,,North Adams,MA,01247,3960,BERKSHIRE,Other,42.678417,-73.106804,,,89067
1113515,Michelle's Corner Store,325 W Main St,,Norton,MA,02766,2149,BRISTOL,Convenience Store,41.950787,-71.227829,,,89077
1113716,Speedway 2465,491 Groveland St,,Haverhill,MA,01830,6723,ESSEX,Convenience Store,42.765083,-71.03727,,,89121
1578553,New Corner Variety,1875 Memorial Dr,,Chicopee,MA,01020,3160,HAMPDEN,Convenience Store,42.208687,-72.570801,,,89122
1668387,Dollar Tree 10676,78 Main St,,Westfield,MA,01085,3128,HAMPDEN,Other,42.120777,-72.744377,,,89136
867024,Target 2258,1 Hawes Way,,Stoughton,MA,02072,1162,NORFOLK,Super Store,42.152161,-71.072762,,,89288
962688,CVS Pharmacy  5939,242 Cambridge St,,Burlington,MA,01803,2541,MIDDLESEX,Other,42.513203,-71.201981,,,89378
962696,CVS Pharmacy  8319,1 Davis Sq,,Somerville,MA,02144,2904,MIDDLESEX,Other,42.396412,-71.122505,,,89437
962699,CVS Pharmacy 8972,285 Columbus Ave,Ste 1,Boston,MA,02116,5333,SUFFOLK,Other,42.347042,-71.073792,,,89451
1078275,Stop & Shop 2700,101 Andrew Ave,,Wayland,MA,01778,3027,MIDDLESEX,Supermarket,42.36441,-71.366211,,,89497
1112673,Whole Foods Market 10452,100 Market St Dr,,Lynnfield,MA,01901,1125,ESSEX,Super Store,42.514931,-71.032082,,,89552
1620954,Nubian Mini Market LLC,42B John Eliot Sq,,Roxbury,MA,02119,3510,SUFFOLK,Convenience Store,42.329556,-71.090698,,,89764
962611,CVS Pharmacy 1179,234 Washington St,Ste 1,Hudson,MA,01749,3735,MIDDLESEX,Other,42.380196,-71.56546,,,89808
962613,CVS Pharmacy  1181,1 Maple St,,Danvers,MA,01923,2811,ESSEX,Other,42.565899,-70.935966,,,89817
962617,CVS Pharmacy 1206,240 Newbury St,Ste 2,Boston,MA,02116,2580,SUFFOLK,Other,42.349712,-71.081932,,,89838
962620,CVS Pharmacy 1273,50 SW Cutoff,Ste 1,Worcester,MA,01604,1534,WORCESTER,Other,42.239086,-71.745972,,,89852
962622,CVS Pharmacy  1306,220 Maple St,,Middleton,MA,01949,2265,ESSEX,Other,42.59634,-70.993774,,,89859
1617818,Cheema Supermarket,562 Cambridge St,,Allston,MA,02134,2432,SUFFOLK,Grocery Store,42.352268,-71.140564,,,89862
962623,CVS Pharmacy  1531,947 Providence Hwy,,Dedham,MA,02026,6838,NORFOLK,Other,42.23328,-71.180084,,,89864
962627,CVS Pharmacy  1850,77 Quaker Meeting House Rd,,Sandwich,MA,02563,5103,BARNSTABLE,Other,41.699867,-70.485641,,,89883
962628,CVS Pharmacy 1857,9 West Rd,Ste 1,Orleans,MA,02653,3200,BARNSTABLE,Other,41.780869,-70.00042,,,89888
962629,CVS Pharmacy  1860,101 Central St,,Holliston,MA,01746,2151,MIDDLESEX,Other,42.20005,-71.425468,,,89893
962630,CVS Pharmacy  1862,1195 Boylston St,,Chestnut Hill,MA,02467,1701,NORFOLK,Other,42.323406,-71.164246,,,89898
962643,CVS Pharmacy  2125,137 W Central St,,Natick,MA,01760,4310,MIDDLESEX,Other,42.283134,-71.375069,,,89959
962648,CVS Pharmacy 2177,65 Central St,Ste 1,Georgetown,MA,01833,2411,ESSEX,Other,42.721321,-70.992531,,,89973
962656,CVS Pharmacy  2500,1075 Broadway,,Saugus,MA,01906,3210,ESSEX,Other,42.468758,-71.02623,,,89982
1051862,Dollar General 13774,1956 Memorial Dr,,Chicopee,MA,01020,4306,HAMPDEN,Other,42.210648,-72.573387,,,90058
869106,CVS Pharmacy 789,136 Ashley Blvd,,New Bedford,MA,02746,1741,BRISTOL,Other,41.658001,-70.928856,,,90242
869998,Dollar Tree 4031,935 Grafton St,,Worcester,MA,01604,2003,WORCESTER,Other,42.246422,-71.76001,,,90265
1053209,Nouria 1975 Main Street 1057,1975 Main St,,Tewksbury,MA,01876,2176,MIDDLESEX,Convenience Store,42.5896,-71.203247,,,90426
1049935,CVS Pharmacy 1143,18 Main St,,North Reading,MA,01864,2228,MIDDLESEX,Other,42.566528,-71.108368,,,90609
1049937,CVS Pharmacy 1878,12 Queen Anne Rd,,Chatham,MA,02633,1859,BARNSTABLE,Other,41.68465,-69.966995,,,90615
1053423,7-Eleven 37398H,2068 Bay St,,Taunton,MA,02780,1009,BRISTOL,Convenience Store,41.958748,-71.119987,,,90621
1053427,7-Eleven 37387H,397 W Center St,,West Bridgewater,MA,02379,1623,PLYMOUTH,Convenience Store,42.016216,-71.032104,,,90627
868741,Dollar Tree 2495,2269 Northampton St,,Holyoke,MA,01040,3447,HAMPDEN,Other,42.183022,-72.633194,,,90708
868750,Dollar Tree 3808,436 Broadway,,Methuen,MA,01844,    ,ESSEX,Other,42.73687,-71.194397,,,90727
1052674,Pemberton Fruit Orchard Inc DBA/ Pemberton Farms,2225 Massachusetts Ave,,Cambridge,MA,02140,1211,MIDDLESEX,Super Store,42.393837,-71.125664,,,90753
1103044,Family Dollar 10688,725 Grafton St,,Worcester,MA,01604,2365,WORCESTER,Other,42.250736,-71.767838,,,90813
1106132,CVS 4981,6 Taunton St,,Plainville,MA,02762,2135,NORFOLK,Other,42.00959,-71.305557,,,91007
1106618,Truro Farmers' Market,20 Truro Center Road,Veterans' Memorial Park,Truro,MA,02666,    ,BARNSTABLE,Farmers and Markets,41.994431,-70.050804,,,91059
1104518,Farmer Daves,437 Parker Rd,,Dracut,MA,01826,4249,MIDDLESEX,Farmers and Markets,42.679344,-71.261818,,,91153
1104545,Stop & Shop 2413,9 Salem St,,Nantucket,MA,02554,3835,NANTUCKET,Supermarket,41.283424,-70.096703,,,91156
1665467,D Southside Market LLC 4132750214,522 S Bridge St,,Holyoke,MA,01040,6049,HAMPDEN,Convenience Store,42.197948,-72.604942,,,91343
1441966,New World Gas N/A,527 Allen St,,Springfield,MA,01118,2014,HAMPDEN,Convenience Store,42.0924,-72.54496,,,91350
1442002,Union Mart,123 Cottage St,,Easthampton,MA,01027,1671,HAMPSHIRE,Convenience Store,42.264278,-72.664124,,,91357
1680725,Colony Farm NO,1127 Main St,,Worcester,MA,01603,2063,WORCESTER,Convenience Store,42.24453,-71.835335,,,91359
1442987,Vitoria Meat Market Malden,42A Broadway,,Malden,MA,02148,6002,MIDDLESEX,Grocery Store,42.425526,-71.044937,,,91366
1442456,Huntington Market,818 Huntington Ave,,Boston,MA,02115,6202,SUFFOLK,Convenience Store,42.332973,-71.108513,,,91373
1443007,Convenience Station ,105 White St,,Haverhill,MA,01830,5728,ESSEX,Convenience Store,42.779549,-71.079475,,,91394
1104954,Nouria 860 Main Street 1039,860 Main St,,Melrose,MA,02176,2346,MIDDLESEX,Convenience Store,42.464115,-71.062111,,,91416
1104957,Nouria 154 South Main Street 1013,154 S Main St,,Haverhill,MA,01835,7492,ESSEX,Convenience Store,42.769737,-71.075447,,,91421
1594018,Codman Square Farmers Market NAFMNP,360 Talbot Ave,,Dorchester Center,MA,02124,3601,SUFFOLK,Farmers and Markets,42.290306,-71.0709,,,91543
1682702,18 West Ware LLC,18 West St,,Ware,MA,01082,1436,HAMPSHIRE,Convenience Store,42.259769,-72.24379,,,91559
1688048,10-eleven Food Shop,603 Washington St,,Dorchester Center,MA,02124,2033,SUFFOLK,Convenience Store,42.290459,-71.071884,,,91615
1442194,Nouria 198 Western Avenue 1172,198 Western Ave,,Allston,MA,02134,1032,SUFFOLK,Convenience Store,42.363018,-71.13044,,,91636
1600173,E-Z Convenience And Food Market,69 Pond St,,Ashland,MA,01721,2054,MIDDLESEX,Convenience Store,42.255791,-71.428131,,,91716
1105529,Whole Foods Market 10506,35 Pleasant St,,South Weymouth,MA,02190,    ,NORFOLK,Super Store,42.172569,-70.954124,,,91754
1443229,Super Vanak,271 Belmont St,,Belmont,MA,02478,3750,MIDDLESEX,Grocery Store,42.37706,-71.16291,,,91819
1055621,Market Basket 68,200 Westgate Dr,Ste 1,Brockton,MA,02301,1810,PLYMOUTH,Super Store,42.095299,-71.052162,,,92109
1055651,Dollar Tree 4973,255 Mohawk Trl,,Greenfield,MA,01301,9621,FRANKLIN,Other,42.587376,-72.625282,,,92131
1055675,CVS Pharmacy 1786,266 Broadway,,Lawrence,MA,01841,3508,ESSEX,Other,42.708828,-71.171478,,,92135
1055681,CVS Pharmacy 7111,70 West St,,Granby,MA,01033,9462,HAMPSHIRE,Other,42.258598,-72.528984,,,92136
1637949,Wild Shoat Farm,1555 S East St,,Amherst,MA,01002,3032,HAMPSHIRE,Farmers and Markets,42.323879,-72.497581,,,92195
1312172,Apurv Food Mart Inc N. A.,447 Springfield St,,Chicopee,MA,01013,2898,HAMPDEN,Convenience Store,42.137581,-72.60112,,,92197
1637898,Plum Brook Farm Llc NAFMNPFFAB,416 Bay Rd,,Amherst,MA,01002,3540,HAMPSHIRE,Farmers and Markets,42.320206,-72.507408,,,92347
1054379,Easy Pick Convenience,224 Lyman St,Apt 1,Holyoke,MA,01040,4522,HAMPDEN,Convenience Store,42.211006,-72.608833,,,92597
1056714,Dollar Tree 4901,16A Commercial St,,Foxboro,MA,02035,2509,NORFOLK,Other,42.053955,-71.241905,,,92622
1059077,Cumberland Farms 3493,301 Boston Rd,Ste A,North Billerica,MA,01862,2629,MIDDLESEX,Convenience Store,42.572475,-71.278,,,92684
1056983,Sustainable Nantucket Farmers & Artisans Market,Cambridge St & N Union,,Nantucket,MA,02554,1244,NANTUCKET,Farmers and Markets,41.284027,-70.098366,,,92714
1054772,Ashland Farmers Market Inc,125 Front St,,Ashland,MA,01721,1637,MIDDLESEX,Farmers and Markets,42.260231,-71.462502,,,92732
1134535,Rec Community Mobile Farmers Market,42 Lagrange St,,Worcester,MA,01610,1536,WORCESTER,Other,42.254074,-71.808586,,,93106
1443410,Minas Market Inc.,35 Blackstone River Rd,,Worcester,MA,01607,1380,WORCESTER,Grocery Store,42.23307,-71.794746,,,93181
1443446,Richdale Swampscott,444 Humphrey St,,Swampscott,MA,01907,2570,ESSEX,Convenience Store,42.468102,-70.908737,,,93190
1108651,Whole Foods Market 10510,880 Main St,,Melrose,MA,02176,2346,MIDDLESEX,Super Store,42.464966,-71.062607,,,93349
1109788,Whole Foods Market 10509,50 Austin St,,Charlestown,MA,02129,3507,SUFFOLK,Super Store,42.374722,-71.066093,,,93388
1134821,Dollar Tree 5446,146 S Main St,,Milford,MA,01757,3289,WORCESTER,Other,42.126041,-71.517342,,,93558
1646972,Speedway 2502,122 Liberty St,,Lynn,MA,01901,1030,ESSEX,Convenience Store,42.464569,-70.948029,,,93588
1059710,Nouria 140 Cambridge Street 1014,140 Cambridge St,,Burlington,MA,01803,3718,MIDDLESEX,Convenience Store,42.50462,-71.195396,,,93727
1060129,Rosenbloom Groceries,1088 Gorham St,,Lowell,MA,01852,5017,MIDDLESEX,Convenience Store,42.626209,-71.306412,,,93758
1110113,Debra's Natural Gourmet,98 Commonwealth Ave,,Concord,MA,01742,2904,MIDDLESEX,Other,42.45734,-71.39534,,,93909
899442,Target 1803,227 Highland Ave,,Salem,MA,01970,1830,ESSEX,Super Store,42.504784,-70.921066,,,94004
899450,Target 1835,70 Worcester Providence Tpke,,Millbury,MA,01527,    ,WORCESTER,Super Store,42.199844,-71.78038,,,94009
899451,Target 1942,36 Furlong Dr,,Revere,MA,02151,4006,SUFFOLK,Super Store,42.400467,-71.000534,,,94010
899648,Family Dollar 2067,700 Crescent St,,Brockton,MA,02302,3343,PLYMOUTH,Other,42.082081,-70.990753,,,94100
1443964,Godwin African Market 2,78 Lakeview Ave,,Lowell,MA,01850,2361,MIDDLESEX,Other,42.649632,-71.305702,,,94106
898309,Patel Brothers,504 Boston Tpke,,Shrewsbury,MA,01545,5970,WORCESTER,Super Store,42.276562,-71.718231,,,94131
898505,Walgreens 06939,68 Main St,,Medway,MA,02053,1816,NORFOLK,Other,42.153412,-71.40583,,,94195
898509,Walgreens 07063,583 James St,,Chicopee,MA,01020,3911,HAMPDEN,Other,42.201302,-72.570694,,,94196
898510,Walgreens 10268,20 Mechanic St,,Bellingham,MA,02019,1688,NORFOLK,Other,42.086422,-71.472969,,,94197
1444705,Brothers Supermarket,430 Geneva Ave,,Dorchester,MA,02122,1407,SUFFOLK,Grocery Store,42.300606,-71.066368,,,94208
1603281,The 204 Market,204 Sisson Rd,,Harwich,MA,02645,2617,BARNSTABLE,Farmers and Markets,41.68322,-70.081902,,,94231
1444813,Nana Convenience,685 N Main St,,Brockton,MA,02301,2407,PLYMOUTH,Convenience Store,42.100994,-71.021042,,,94246
899392,Target 1187,240 Independence Way,,Danvers,MA,01923,3653,ESSEX,Super Store,42.55431,-70.936455,,,94380
899395,Target 1229,1 Mystic View Rd,,Everett,MA,02149,2428,MIDDLESEX,Super Store,42.398727,-71.072395,,,94382
899400,Target 1232,50 Holyoke St,,Holyoke,MA,01041,    ,HAMPDEN,Super Store,42.17115,-72.64019,,,94385
899407,Target 1290,400 Lynn Fells Pkwy,Ste 1,Saugus,MA,01906,3100,ESSEX,Super Store,42.48188,-71.024292,,,94388
899409,Target 1308,400 Cochituate Rd,Ste 1,Framingham,MA,01701,4655,MIDDLESEX,Super Store,42.304207,-71.398689,,,94389
899428,Target 1441,180 Somerville Ave,,Somerville,MA,02143,3405,MIDDLESEX,Super Store,42.376431,-71.090446,,,94399
899434,Target 1442,550 Arsenal St,Ste 1,Watertown,MA,02472,2844,MIDDLESEX,Super Store,42.362946,-71.157845,,,94400
899655,Family Dollar 3991,190 Oak St,,Brockton,MA,02301,1354,PLYMOUTH,Other,42.101173,-71.031609,,,94702
899659,Family Dollar 5062,222 E Ashland St,,Brockton,MA,02302,2000,PLYMOUTH,Other,42.097672,-71.010345,,,94704
1379513,Spices Hut,1399 Westfield St,,West Springfield,MA,01089,3817,HAMPDEN,Grocery Store,42.107079,-72.646843,,,94766
1675962,Easy Stop Market Inc,650 Main St,,Worcester,MA,01610,3124,WORCESTER,Convenience Store,42.259663,-71.805565,,,94767
1136562,Lexington Community Farm Coalition Inc.,52 Lowell St,,Lexington,MA,02420,2810,MIDDLESEX,Farmers and Markets,42.433311,-71.188187,,,94775
1656790,Richdale Food Shops 125,268 Union St,,Rockland,MA,02370,1803,PLYMOUTH,Convenience Store,42.129608,-70.915886,,,94855
1640117,Nouria 425 Center Street 1035,425 Center St,,Ludlow,MA,01056,2902,HAMPDEN,Convenience Store,42.168114,-72.482018,,,95025
1625935,Usave Food Store 7749469807,546 Center St,,Ludlow,MA,01056,2731,HAMPDEN,Convenience Store,42.174393,-72.4748,,,95026
1065892,Stop & Shop 406,425 Attucks Ln,,Hyannis,MA,02601,8142,BARNSTABLE,Supermarket,41.675972,-70.307312,,,95131
1140429,Dollar Tree 5550,60 Shops at 5 Way,,Plymouth,MA,02360,2677,PLYMOUTH,Other,41.926819,-70.651489,,,95225
1137782,Cumberland Farms 6735,324 Marrett Rd,,Lexington,MA,02421,7906,MIDDLESEX,Convenience Store,42.435822,-71.235291,,,95304
1635838,Wagon Wheel,927 Waltham St,,Lexington,MA,02421,8099,MIDDLESEX,Supermarket,42.417744,-71.231956,,,95323
1596126,Fat Daddy's,136 Chace Hill Rd,,Sterling,MA,01564,1546,WORCESTER,Farmers and Markets,42.420067,-71.729462,,,95433
1064541,Ocean State Job Lot 248,90 River St,,Waltham,MA,02453,8306,MIDDLESEX,Other,42.369061,-71.221214,,,95457
1689397,Dollar Tree 10366,131 Main St,,Spencer,MA,01562,2116,WORCESTER,Other,42.24538,-71.993637,,,95567
1140983,Family Dollar 11061,354 Main St,,Indian Orchard,MA,01151,1203,HAMPDEN,Other,42.15836,-72.493584,,,95704
1066392,Trader Joe's 528,350 Patriot Pl,,Foxboro,MA,02035,5102,NORFOLK,Supermarket,42.091099,-71.269173,,,95816
1137604,DOLLAR GENERAL 15284,53 Springfield St,,Agawam,MA,01001,1505,HAMPDEN,Other,42.089451,-72.629333,,,95987
1232409,Southbridge Gas Market Llc. 260,795 Main St,,Southbridge,MA,01550,1165,WORCESTER,Convenience Store,42.080631,-72.044624,,,96606
900643,Walgreens 03564,99 Harvard St,,Brookline,MA,02446,6403,NORFOLK,Other,42.336372,-71.120941,,,96676
1232463,Ocean State Job Lot 251,3005 Cranberry Hwy,,East Wareham,MA,02538,1354,PLYMOUTH,Other,41.759346,-70.663048,,,96689
1235177,Granny's Place,844 Main St,,Agawam,MA,01001,2576,HAMPDEN,Other,42.064796,-72.61647,,,96736
900760,Dollar Tree 1335,600 South St W,Ste 1,Raynham,MA,02767,5171,BRISTOL,Other,41.905392,-71.047356,,,96852
900785,Village Food Shop,37 High St,,Danvers,MA,01923,3000,ESSEX,Convenience Store,42.563961,-70.934937,,,96902
1016013,Whole Foods Market 10413,442 Washington St,,Wellesley,MA,02482,6211,NORFOLK,Super Store,42.303188,-71.2854,,,96938
1016021,Dollar Tree 4716,125 Church St,Ste. 120,Pembroke,MA,02359,    ,PLYMOUTH,Other,42.104218,-70.772652,,,96939
1446920,Smoke and Vape Citgo gas,41 Franklin St,,Westfield,MA,01085,2224,HAMPDEN,Convenience Store,42.125095,-72.750069,,,97311
1141689,Wegmans 124,200 Boylston St,,Chestnut Hill,MA,02467,2012,NORFOLK,Supermarket,42.318905,-71.175186,,,97316
1141761,Shattuck Farm,134 Maple Ave,,Groton,MA,01450,1226,MIDDLESEX,Farmers and Markets,42.615772,-71.610611,,,97474
1141833,Nuestras Raices,24 Jones Ferry Rd,,Holyoke,MA,01040,5308,HAMPDEN,Farmers and Markets,42.171684,-72.630905,,,97545
1447032,Mass Convenience,93 Mass Ave,,Lexington,MA,02420,4001,MIDDLESEX,Convenience Store,42.425766,-71.194237,,,97589
1446760,Holistic Farmers Market,90 Point Grove Rd,,Southwick,MA,01077,9598,HAMPDEN,Farmers and Markets,42.043037,-72.757248,,,97614
1446783,Save A Lot,1060 Wilbraham Rd,,Springfield,MA,01109,2079,HAMPDEN,Supermarket,42.117424,-72.525764,,,97671
1446785,Save A Lot,655 Liberty St,,Springfield,MA,01104,2419,HAMPDEN,Super Store,42.121338,-72.583229,,,97677
1597194,Korner Store,1930 Pleasant St,,Fall River,MA,02723,3027,BRISTOL,Convenience Store,41.68565,-71.127739,,,97730
1682104,University Market,1105 Massachusetts Ave,Ste 7,Cambridge,MA,02138,5255,MIDDLESEX,Convenience Store,42.370728,-71.113403,,,97739
1681661,Jackson Food Market,728 Dudley St,,Dorchester,MA,02125,2273,SUFFOLK,Convenience Store,42.318169,-71.067261,,,97797
687345,Blessing Of God African Market NA,1076 Hyde Park Ave,,Hyde Park,MA,02136,3025,SUFFOLK,Other,42.262447,-71.121468,,,97825
1148449,Dollar General 15103,164 State Rd E,,Westminster,MA,01473,1208,WORCESTER,Other,42.557682,-71.873436,,,97865
1446496,New Market,109 Bridge St,,Salem,MA,01970,3952,ESSEX,Convenience Store,42.528606,-70.889877,,,97871
1447211,Canton Farmers Market,960 Washington St,,Canton,MA,02021,2574,NORFOLK,Farmers and Markets,42.164558,-71.147339,,,97875
1446856,Cozy Mini Market,1 North Ave,,Attleboro,MA,02703,1307,BRISTOL,Convenience Store,41.952724,-71.295883,,,97887
1148510,Dollar General 14721,54 W Main St,,Brookfield,MA,01506,1514,WORCESTER,Other,42.218803,-72.115402,,,97974
1151287,Family Dollar 3462,. One Fourteen,,Lawrence,MA,01843,    ,ESSEX,Other,42.688446,-71.159424,,,98128
1079190,Family Dollar 9262,125 N Main St,,Belchertown,MA,01007,9889,HAMPSHIRE,Other,42.287971,-72.406776,,,98181
1153155,CVS Pharmacy 1254,984 Worcester St,,Wellesley,MA,02482,3709,NORFOLK,Other,42.304382,-71.324806,,,98242
1082473,Family Dollar 9063,223 South St,,Holyoke,MA,01040,3611,HAMPDEN,Other,42.195721,-72.621147,,,98336
1645668,Lynchs Market,626 Adams St,,Dorchester,MA,02122,1902,SUFFOLK,Convenience Store,42.288433,-71.055283,,,98337
1081688,Corner Stop,1203 Church St,,New Bedford,MA,02745,1706,BRISTOL,Convenience Store,41.699715,-70.94281,,,98520
1151863,Dollar General 15341,250 Westfield Rd,,Holyoke,MA,01040,    ,HAMPDEN,Other,42.190861,-72.640495,,,98648
1218122,Jack's Variety NO,675 Main St,,Woburn,MA,01801,8405,MIDDLESEX,Convenience Store,42.491989,-71.154015,,,98705
1080645,Market Basket 72,6A Cornerstone Sq,,Westford,MA,01886,    ,MIDDLESEX,Super Store,42.565491,-71.425652,,,98707
1605985,Mcguire's Mushroons NAFMNP,18 Turkey Hill Ln,,Hingham,MA,02043,2004,PLYMOUTH,Farmers and Markets,42.23428,-70.864098,,,98761
1149328,Family Dollar 10253,50 Central Ave,,Lynn,MA,01901,1123,ESSEX,Other,42.464211,-70.946854,,,98807
1149514,Beaver Brook Park Farmers Market,304 Chandler St,,Worcester,MA,01602,3446,WORCESTER,Farmers and Markets,42.26223,-71.824455,,,98835
1149757,Cumberland Farms 6737,15 Main St,,Northborough,MA,01532,1923,WORCESTER,Convenience Store,42.319698,-71.641388,,,98855
1150973,Brothers Marketplace 402,41 Center St,,Weston,MA,02493,1544,MIDDLESEX,Supermarket,42.367016,-71.300652,,,98875
1068703,Big Y Supermarkets 38,348 E Central St,,Franklin,MA,02038,1357,NORFOLK,Super Store,42.079994,-71.38092,,,99174
1068711,BJ's Wholesale Club 216,175A Highland Ave,,Seekonk,MA,02771,5818,BRISTOL,Super Store,41.800377,-71.335266,,,99254
1068714,Dollar General 13540,155 Columbia St,,Adams,MA,01220,1303,BERKSHIRE,Other,42.63451,-73.113182,,,99262
1068720,CVS Pharmacy 5464,1575 Blue Hill Ave,,Mattapan,MA,02126,2122,SUFFOLK,Other,42.26997,-71.093796,,,99308
1237284,Dollar Tree 6340,102 Boston St,,Lynn,MA,01904,2526,ESSEX,Other,42.475006,-70.957901,,,99393
1237691,Dollar Tree 6287,237 Lincoln Ave,,Haverhill,MA,01830,6738,ESSEX,Other,42.763912,-71.039108,,,99441
1068161,Family Dollar 9219,90 Union St,,Easthampton,MA,01027,1450,HAMPSHIRE,Other,42.266403,-72.670547,,,99488
1238108,Dollar Tree 1923,152 Orswell St,,Fall River,MA,02724,3510,BRISTOL,Other,41.681087,-71.164429,,,99581
1153833,Mill City Grows Mobile Market,650 Suffolk St,Ste G10,Lowell,MA,01854,3639,MIDDLESEX,Farmers and Markets,42.649975,-71.31601,,,99784
872155,CVS Pharmacy 5402,7 Washington St,,Taunton,MA,02780,3918,BRISTOL,Other,41.906609,-71.093025,,,100149
872159,CVS Pharmacy 23,241 Lincoln Ave,,Haverhill,MA,01830,6738,ESSEX,Other,42.763958,-71.038994,,,100150
1692929,Tropicana Market,24 Palmer St,,Salem,MA,01970,4925,ESSEX,Grocery Store,42.515564,-70.891029,,,100479
1019874,Nouria 198 Cambridge Street 1015,198 Cambridge St,,Burlington,MA,01803,2919,MIDDLESEX,Convenience Store,42.511353,-71.200966,,,100600
1640039,787 Mini Mart,399 Hillside Ave,,Holyoke,MA,01040,2104,HAMPDEN,Convenience Store,42.198723,-72.634369,,,100722
1660834,Speedway 2503,180 Madison St,,Worcester,MA,01610,2731,WORCESTER,Convenience Store,42.255413,-71.798653,,,100723
1019995,BJ's Wholesale Club 211,6102 Shops Way,,Northborough,MA,01532,    ,WORCESTER,Super Store,42.288582,-71.672714,,,100835
1021138,Nouria 586 Main Street 1072,586 Main St,,Wilmington,MA,01887,3277,MIDDLESEX,Convenience Store,42.541939,-71.166718,,,101097
1116953,DOLLAR GENERAL 14678,384 Main St,,Williamstown,MA,01267,    ,BERKSHIRE,Other,42.704441,-73.188652,,,101384
1649944,Stop & Shop 18,545 Freeport St,,Dorchester,MA,02122,3309,SUFFOLK,Supermarket,42.292538,-71.048729,,,101510
1114570,CVS 1870,419 E Falmouth Hwy,,East Falmouth,MA,02536,6166,BARNSTABLE,Other,41.577946,-70.558441,,,101791
1115481,Whole Foods Market 10507,808 Massachusets St,,Arlington,MA,02476,    ,MIDDLESEX,Super Store,42.41663,-71.159439,,,101973
1239843,Dollar Tree 6380,100 Granite St,,Quincy,MA,02169,5043,NORFOLK,Other,42.246307,-71.005783,,,102111
1239867,Dollar Tree 6381,452 Mount Pleasant St,,New Bedford,MA,02746,1528,BRISTOL,Other,41.662308,-70.942497,,,102118
1597387,Two Brothers Supermarket 1,884 Washington St,,Norwood,MA,02062,3470,NORFOLK,Grocery Store,42.186611,-71.202454,,,102126
1085471,Elm Street Market,178 Elm St,,Everett,MA,02149,5222,MIDDLESEX,Convenience Store,42.413712,-71.039528,,,102153
1085490,El Pilon Supermarket,262 Hampshire St,,Lawrence,MA,01841,3643,ESSEX,Grocery Store,42.711399,-71.168884,,,102155
1085596,Dollar General 14404,1504 Allen St,,Springfield,MA,01118,1817,HAMPDEN,Other,42.094631,-72.509415,,,102161
1085604,Cumberland Farms 6730,143 Park Ave,,West Springfield,MA,01089,3337,HAMPDEN,Convenience Store,42.105171,-72.619812,,,102163
1085665,CVS Pharmacy 5382,181 Brighton Ave,Ste 1,Allston,MA,02134,2040,SUFFOLK,Other,42.353226,-71.133842,,,102166
1085669,CVS Pharmacy 7109,300 Canal St,,Salem,MA,01970,4558,ESSEX,Other,42.500858,-70.896019,,,102167
1582290,Gaucho Market 1,285 Central St,Ste 110,Leominster,MA,01453,6144,WORCESTER,Grocery Store,42.515953,-71.757835,,,102189
1577058,A&c Market Inc.,6A Boylston St,,Worcester,MA,01605,3502,WORCESTER,Grocery Store,42.298679,-71.766609,,,102201
1085949,North End Variety,33 Hartford Ave E,,Uxbridge,MA,01569,1290,WORCESTER,Convenience Store,42.091423,-71.640526,,,102203
1239342,Walgreens 17650,592 College Hwy,,Southwick,MA,01077,9774,HAMPDEN,Other,42.061466,-72.765648,,,102301
1448151,CUMBERLAND FARMS 6786,1987 1987 WASHINGTON ST,,HANOVER,MA,02339,    ,PLYMOUTH,Convenience Store,42.153805,-70.846375,,,102525
1240183,CVS Pharmacy 10681,61 Main St,,Hopkinton,MA,01748,1123,MIDDLESEX,Other,42.228313,-71.522438,,,102575
1617343,El Primo Meat Market Corp,172 Spruce St,,Leominster,MA,01453,6052,WORCESTER,Convenience Store,42.525555,-71.748154,,,102669
1616909,Harbor Point Market,17 Harbor Point Blvd,,Dorchester,MA,02125,3257,SUFFOLK,Convenience Store,42.318855,-71.042526,,,102715
1242336,Aj Mart,459 Main St,,Hyannis,MA,02601,3925,BARNSTABLE,Grocery Store,41.651585,-70.286377,,,102752
1597287,Towne Market Slymzone l,120 Cambridge St,,Burlington,MA,01803,4135,MIDDLESEX,Grocery Store,42.500019,-71.194008,,,102763
1447923,Cape Ann Farmers Market,0 Harbor Loop,,Gloucester,MA,01930,5272,ESSEX,Farmers and Markets,42.611317,-70.659485,,,102831
1588037,Sow And Savor Farm NAFMNP,733 Cabot St,Plot 1,Beverly,MA,01915,1027,ESSEX,Farmers and Markets,42.583809,-70.899086,,,102985
1448667,Seaport Farmers Market 1,21 Stillings St,,Boston,MA,02210,1804,SUFFOLK,Farmers and Markets,42.350487,-71.047012,,,103135
1448224,Angkor Thom Market,450 Chelmsford St,,Lowell,MA,01851,4445,MIDDLESEX,Grocery Store,42.627739,-71.320236,,,103234
1448282,Rei Da Carnes 2,209 Broadway,,Revere,MA,02151,5028,SUFFOLK,Grocery Store,42.406532,-71.01429,,,103413
1602952,7-eleven 30238D,237 Main St,,North Reading,MA,01864,1301,MIDDLESEX,Convenience Store,42.589512,-71.115723,,,103486
1380433,Mineirao Market 1,138 Eastern Ave,,Malden,MA,02148,5670,MIDDLESEX,Grocery Store,42.424904,-71.06395,,,103493
1662216,Global Market 1,25 Boston St,Unit C,Lynn,MA,01904,2541,ESSEX,Grocery Store,42.479366,-70.956169,,,103569
1603578,Convenience Market And Deli ,270 Broadway,,Revere,MA,02151,    ,SUFFOLK,Convenience Store,42.407906,-71.013985,,,103717
1448586,Newhall Fields Community Farm NAFMNP,189 Lynn St,,Peabody,MA,01960,6435,ESSEX,Farmers and Markets,42.50407,-70.952644,,,103984
1242809,Dollar Tree 6401,860 N Main St,,West Bridgewater,MA,02379,1237,PLYMOUTH,Other,42.04327,-71.009537,,,104032
1243921,CVS Pharmacy 7232,689 Depot St,,North Easton,MA,02356,2703,BRISTOL,Other,42.024635,-71.118874,,,104393
1156986,Brothers Marketplace 401,446 Main St,,Medfield,MA,02052,2008,NORFOLK,Supermarket,42.187012,-71.304436,,,104571
1157055,Ngf Inc/ Baza,30 Tower Rd,,Newton Upper Falls,MA,02464,1511,MIDDLESEX,Super Store,42.31102,-71.215263,,,104574
1157215,7-Eleven 37439H,1371 Hanover St,,Hanover,MA,02339,2026,PLYMOUTH,Convenience Store,42.118507,-70.880623,,,104604
1660419,Robinson News,1556 Eastern Ave,,Malden,MA,02148,6208,MIDDLESEX,Convenience Store,42.431927,-71.026489,,,104609
1156134,SuperMart,7 Westminster St,,Fitchburg,MA,01420,2801,WORCESTER,Convenience Store,42.576572,-71.833885,,,104664
1243413,Whole Foods Market 10620,160 Littleton Rd,,Westford,MA,01886,3190,MIDDLESEX,Super Store,42.568787,-71.421036,,,104687
1244837,Ocean State Job Lot 252,97 Main St,,North Reading,MA,01864,2205,MIDDLESEX,Other,42.575481,-71.110771,,,104712
1244079,Shree Umiyama Inc Dba Hartwell Quick Stop,350 Rodman St,,Fall River,MA,02721,2902,BRISTOL,Convenience Store,41.695957,-71.153297,,,104767
1243473,Plymouth Farmers Market,137 Warren Ave,,Plymouth,MA,02360,2436,PLYMOUTH,Farmers and Markets,41.937401,-70.625648,,,104801
1243513,Barretts Mill Farm,449 Barretts Mill Rd,,Concord,MA,01742,1507,MIDDLESEX,Farmers and Markets,42.472763,-71.380692,,,104835
1243519,Moonlight Rose Farm,91 Chace St,,Swansea,MA,02777,4832,BRISTOL,Farmers and Markets,41.762367,-71.157661,,,104840
1156442,Dollar Tree 6859,1413 Grafton St,,Worcester,MA,01604,2718,WORCESTER,Other,42.233902,-71.746712,,,104843
1243534,Breezy Gardens,1872 Main St,,Leicester,MA,01524,1931,WORCESTER,Farmers and Markets,42.255817,-71.950523,,,104854
1024926,Nouria 358 Great Road 1009,358 Great Rd,,Bedford,MA,01730,2879,MIDDLESEX,Convenience Store,42.484726,-71.259819,,,105154
1025155,Orleans Farmers Market,19 Old Colony Way,,Orleans,MA,02653,3213,BARNSTABLE,Farmers and Markets,41.787354,-69.994003,,,105186
1119298,CVS 1132,13 1/2 Pond St,,Newburyport,MA,01950,    ,ESSEX,Other,42.807301,-70.873627,,,105222
1021997,CVS Pharmacy 957,928 Riverdale St,,West Springfield,MA,01089,4620,HAMPDEN,Other,42.129066,-72.62661,,,105351
1119420,Dollar General 14714,13 W Main St,,Dudley,MA,01571,3334,WORCESTER,Other,42.048012,-71.888878,,,105414
1026277,BJ's Wholesale Club 355,495 Hubbard Ave,,Pittsfield,MA,01201,3810,BERKSHIRE,Super Store,42.465042,-73.195213,,,105621
1023271,ALDI 73075,241 New Lancaster Rd,,Leominster,MA,01453,4958,WORCESTER,Supermarket,42.493259,-71.728477,,,105632
1024465,Whole Foods Market 10438,415 Centre St,,Jamaica Plain,MA,02130,1849,SUFFOLK,Super Store,42.321445,-71.110909,,,105646
1119894,Trader Joe's 530,5 Essington Dr,Bldg T,Hingham,MA,02043,1671,PLYMOUTH,Supermarket,42.249249,-70.925278,,,105651
1119903,CVS Pharmacy 1803,2 W Center St,,West Bridgewater,MA,02379,1741,PLYMOUTH,Other,42.01886,-71.008499,,,105676
1026315,Ocean State Job Lot 215,46 Pearson Blvd,,Gardner,MA,01440,3910,WORCESTER,Other,42.565674,-71.976646,,,105684
1026336,Ocean State Job Lot 239,139 Endicott St,Ste 1,Danvers,MA,01923,4802,ESSEX,Other,42.549496,-70.932945,,,105723
1023530,CVS Pharmacy 84,215 College Hwy,,Southwick,MA,01077,9319,HAMPDEN,Other,42.026413,-72.786774,,,105804
1023537,Cumberland Farms 0217,263 Grafton St,,Worcester,MA,01604,4904,WORCESTER,Convenience Store,42.256866,-71.789024,,,105819
1023561,Dollar Tree 4753,8 Newbury St,Ste 1B,Danvers,MA,01923,1049,ESSEX,Other,42.557594,-70.97908,,,105853
1023563,Dollar Tree 4754,7 Davis Straits,,Falmouth,MA,02540,3905,BARNSTABLE,Other,41.555508,-70.599823,,,105858
1071636,The Fresh Market 113,11 Essington Dr,,Hingham,MA,02043,1671,PLYMOUTH,Supermarket,42.249287,-70.925148,,,105918
1071707,Mr. Mike's Mini Mart  Athol 310,2143 Main St,,Athol,MA,01331,3535,WORCESTER,Convenience Store,42.585205,-72.20649,,,105991
1520850,Himilayas Corp,3 Collins St,,Danvers,MA,01923,2622,ESSEX,Other,42.560188,-70.958649,,,106007
1449209,Nouria 1023 Broadway Street 1184,1023 Broadway,,Raynham,MA,02767,1942,BRISTOL,Convenience Store,41.955681,-71.069176,,,106122
1347902,Millstone Farm Market,24 S Main St,,Sunderland,MA,01375,9505,FRANKLIN,Grocery Store,42.461544,-72.581169,,,106129
1449214,Nouria 137 East Main Street 1186,137 E Main St,,Webster,MA,01570,1713,WORCESTER,Convenience Store,42.060287,-71.864372,,,106136
1072207,Price Chopper Gardner 239,560 Main St,Ste 1,Gardner,MA,01440,3056,WORCESTER,Supermarket,42.56958,-71.985268,,,106190
1073499,Marshfield Farmers' Market,140 Main St,,Marshfield,MA,02050,2812,PLYMOUTH,Farmers and Markets,42.098888,-70.717941,,,106312
1521449,Hydepark Convenience,59 Fairmount Ave,,Hyde Park,MA,02136,2723,SUFFOLK,Convenience Store,42.254936,-71.120392,,,106440
1521469,Big Y Express 92,73 Russell St,,Hadley,MA,01035,9423,HAMPSHIRE,Convenience Store,42.340569,-72.601852,,,106445
1521471,Big Y Express 93,711 Bliss Rd,,Longmeadow,MA,01106,1558,HAMPDEN,Convenience Store,42.05611,-72.554382,,,106447
1521472,Big Y Express 98,320 Housatonic St,,Lee,MA,01238,1330,BERKSHIRE,Convenience Store,42.29702,-73.2397,,,106448
1521473,Big Y Express 112,467 Newton St,,South Hadley,MA,01075,2017,HAMPSHIRE,Convenience Store,42.235794,-72.582832,,,106449
1521477,Big Y Express 119,1177 Granby Rd,,Chicopee,MA,01020,1566,HAMPDEN,Convenience Store,42.173943,-72.587265,,,106452
1521478,Westport Lobster Company,915 Main Road,,Westport,MA,02790,    ,BRISTOL,Specialty Store,41.574032,-71.091454,,,106454
1449291,A & P Convenience Store Inc,1622 Blue Hill Ave,,Mattapan,MA,02126,2121,SUFFOLK,Grocery Store,42.268719,-71.093338,,,106570
1568919,Ez Mart Hingham,340 Rockland St,,Hingham,MA,02043,1471,PLYMOUTH,Convenience Store,42.259998,-70.845268,,,106765
1520723,Colbea Enterprises LLC 91,1833 Wilbur Ave,,Somerset,MA,02725,    ,BRISTOL,Convenience Store,41.727081,-71.189842,,,106820
1449126,Castigliego's Seafood,1891 Grand Army Hwy,,Somerset,MA,02726,1206,BRISTOL,Specialty Store,41.739429,-71.185173,,,106823
1520730,Spice & Grain,84 Main St,,Ashburnham,MA,01430,1331,WORCESTER,Grocery Store,42.63665,-71.912918,,,106850
1521310,European Bakery & Pastry,29 Millbury St,,Worcester,MA,01610,2813,WORCESTER,Specialty Store,42.254017,-71.798027,,,106857
1072951,Speedway 2435,306 Montvale Ave,,Woburn,MA,01801,4648,MIDDLESEX,Convenience Store,42.479656,-71.120773,,,106892
1449186,Nouria 18 North Main Street 1173,18 N Main St,,Bellingham,MA,02019,1550,NORFOLK,Convenience Store,42.088715,-71.475876,,,106952
1449192,Nouria 139 Coolidge Road 1175,139 Coolidge Rd,,Berlin,MA,01503,1325,WORCESTER,Convenience Store,42.397072,-71.60318,,,106969
1520792,Don Quijote Market,1639 Washington St,,Boston,MA,02118,3305,SUFFOLK,Convenience Store,42.338188,-71.075081,,,106973
1074257,ALDI 73022,505 Memorial Dr,,Chicopee,MA,01020,5036,HAMPDEN,Supermarket,42.171021,-72.575531,,,106979
1449195,Nouria 435 Newbury Street 1176,435 Newbury St,,Danvers,MA,01923,1041,ESSEX,Convenience Store,42.600056,-70.959068,,,106987
1449196,Nouria 719 Gallivan Boulevard 1177,719 Gallivan Blvd,,Dorchester,MA,02122,3109,SUFFOLK,Convenience Store,42.283848,-71.046135,,,106990
1520814,Bob's Famous Foodmart & Discount Liquors,289 Park St,,Stoughton,MA,02072,3517,NORFOLK,Convenience Store,42.120277,-71.092346,,,106992
1449198,Nouria 10 Washington Street 1178,10 Washington St,,Duxbury,MA,02332,4525,PLYMOUTH,Convenience Store,42.023819,-70.682808,,,106993
1449200,Nouria 183 Summer Street 1180,183 Summer St,,Kingston,MA,02364,1220,PLYMOUTH,Convenience Store,42.010769,-70.731194,,,106996
1449202,Nouria 8 Broadway Street 1181,8 Broadway,,Lynnfield,MA,01940,2310,ESSEX,Convenience Store,42.50285,-71.015198,,,106999
1449204,Nouria 410 Lakeside Avenue 1182,410 Lakeside Ave,,Marlborough,MA,01752,4561,MIDDLESEX,Convenience Store,42.340961,-71.579193,,,107000
1089620,Rapid Refill 120,Rt 128 N,North Rest Area,Beverly,MA,01915,    ,ESSEX,Convenience Store,42.574028,-70.865219,,,107256
1120730,Family Dollar 10710,755 W Boylston St,,Worcester,MA,01606,3060,WORCESTER,Other,42.318119,-71.796005,,,107284
1089023,Rapid Refill 105,231 Broadway,,Taunton,MA,02780,1557,BRISTOL,Convenience Store,41.920216,-71.090843,,,107356
968305,Dollar Tree 4453,438 State Rd,,North Dartmouth,MA,02747,4302,BRISTOL,Other,41.643169,-70.996391,,,107357
969373,Market Basket 65,122 Sawyer St,,New Bedford,MA,02746,2449,BRISTOL,Super Store,41.657581,-70.922234,,,107416
968313,Dollar Tree 1434,294 Winthrop St,,Taunton,MA,02780,4306,BRISTOL,Other,41.887707,-71.120934,,,107461
1091032,Cumberland Farms 6736,30 Sparks Ave,,Nantucket,MA,02554,3953,NANTUCKET,Convenience Store,41.271412,-70.092789,,,107466
1091041,Groundwork Lawrence Inc/WEDNESDAY MKT 2,158 Haverhill St,,Lawrence,MA,01840,    ,ESSEX,Farmers and Markets,42.710629,-71.159065,,,107478
1089650,Rapid Refill 123,207 Mechanic St,,Bellingham,MA,02019,1619,NORFOLK,Convenience Store,42.083183,-71.453377,,,107497
1089754,Rapid Refill 122,498 Groton Rd,,Westford,MA,01886,1152,MIDDLESEX,Convenience Store,42.625706,-71.420822,,,107514
967779,ALDI 73078,225 E Main St,,Milford,MA,01757,2807,WORCESTER,Supermarket,42.150471,-71.498161,,,107686
1090023,Rapid Refill 125,4 Andrews Pkwy,,Devens,MA,01434,4017,MIDDLESEX,Convenience Store,42.540554,-71.61483,,,107687
968005,Chelmsford Gas & Market LLC 104,81 Tyngsboro Rd,,North Chelmsford,MA,01863,1322,MIDDLESEX,Convenience Store,42.643211,-71.389236,,,107760
968057,Walgreens 13135,21 South St,,Mashpee,MA,02649,6501,BARNSTABLE,Other,41.613174,-70.48925,,,107804
1089362,Rapid Refill 108,302 Palmer Ave,,Falmouth,MA,02540,2862,BARNSTABLE,Convenience Store,41.560802,-70.619087,,,107854
967296,JP Convenience Store Inc,36 Gay Head St,,Jamaica Plain,MA,02130,1248,SUFFOLK,Convenience Store,42.325031,-71.105072,,,107931
1089548,Rapid Refill 118,105 Mazzeo Dr,,Randolph,MA,02368,3401,NORFOLK,Convenience Store,42.161423,-71.063599,,,107974
1074644,Newton Farmers Market//Cold Spring Park,1200 Beacon St,Cold Spring Park,Newton,MA,02461,    ,MIDDLESEX,Farmers and Markets,42.331123,-71.212746,,,108137
1074647,Newton Farmers Market/Elm St,Elm St,,Newton,MA,02465,    ,MIDDLESEX,Farmers and Markets,42.350594,-71.230209,,,108138
1121100,Lucky Mart,501 Washington St,,Norwood,MA,02062,2201,NORFOLK,Convenience Store,42.19635,-71.199799,,,108179
1121347,J K Mart,209 Chandler St,,Worcester,MA,01609,2933,WORCESTER,Convenience Store,42.261238,-71.817924,,,108221
408954,Warren Supermarket,256 Warren St,,Roxbury,MA,02119,2262,SUFFOLK,Grocery Store,42.322037,-71.081749,,,108387
1123741,CVS Pharmacy 10083,891 Main St,,Woburn,MA,01801,1803,MIDDLESEX,Other,42.507656,-71.160408,,,108501
1074888,Market Basket 70,352 W Center St,,West Bridgewater,MA,02379,1624,PLYMOUTH,Super Store,42.016129,-71.032677,,,108542
1075411,Colbea Enterprises LLC 55,461 E Washington St,,North Attleboro,MA,02760,2310,BRISTOL,Convenience Store,41.979919,-71.329834,,,108591
1075424,Colbea Enterprises LLC 56,890 S Washington St,,North Attleboro,MA,02760,3623,BRISTOL,Convenience Store,41.953354,-71.344124,,,108595
1075428,Colbea Enterprises LLC 57,2760 Washington St,,Canton,MA,02021,1016,NORFOLK,Convenience Store,42.207531,-71.120163,,,108597
1075434,Colbea Enterprises LLC 62,237 Washington St,,Attleboro,MA,02703,5557,BRISTOL,Convenience Store,41.920128,-71.359207,,,108598
1075438,Colbea Enterprises LLC 68,86 Mazzeo Dr,,Randolph,MA,02368,3402,NORFOLK,Convenience Store,42.161919,-71.061104,,,108599
1075441,Colbea Enterprises LLC 72,65 Main St,,Waltham,MA,02453,6953,MIDDLESEX,Convenience Store,42.374973,-71.211121,,,108600
1075448,Colbea Enterprises LLC 73,225 Waverley Oaks Rd,,Waltham,MA,02452,8403,MIDDLESEX,Convenience Store,42.384113,-71.209137,,,108602
1075453,Colbea Enterprises LLC 74,123 Union St,,Ashland,MA,01721,1715,MIDDLESEX,Convenience Store,42.258453,-71.45723,,,108604
1075459,Colbea Enterprises LLC 75,846 Concord St,,Framingham,MA,01701,4611,MIDDLESEX,Convenience Store,42.300869,-71.406685,,,108605
1684988,Naidelys Market,367 Blue Hill Ave,,Dorchester,MA,02121,4307,SUFFOLK,Grocery Store,42.311893,-71.080986,,,108618
1076152,Copley Square Farmers Mkt/Fed of MA FM,Saint James  Dartmouth & Boylston Sts,Copley Square,Boston,MA,02116,5017,SUFFOLK,Farmers and Markets,42.350075,-71.077354,,,108665
1076494,Colbea Enterprises LLC 52,2345 Gar Hwy,,Swansea,MA,02777,3323,BRISTOL,Convenience Store,41.769688,-71.265419,,,108749
1188535,WESTFIELD FARMERS MARKET,36 Court St,,Westfield,MA,01085,3594,HAMPDEN,Farmers and Markets,42.119678,-72.751648,,,108797
1188538,Little Bit Farm,26 Charles St,,Leicester,MA,01524,2114,WORCESTER,Farmers and Markets,42.234119,-71.932098,,,108799
1188682,Dollar Tree 5505,50 Pulaski Blvd,,Bellingham,MA,02019,2717,NORFOLK,Other,42.018219,-71.496895,,,108811
1188684,Dollar Tree 5929,771 Boston Post Rd E,Ste 12,Marlborough,MA,01752,3759,MIDDLESEX,Other,42.349007,-71.499687,,,108812
1076514,Dollar Tree 5096,50 Broadway,,Malden,MA,02148,6002,MIDDLESEX,Other,42.425526,-71.044937,,,108830
1123085,Colbea Enterprises LLC 64,815 New Boston Rd,,Fall River,MA,02720,7000,BRISTOL,Convenience Store,41.709721,-71.131203,,,108886
1123095,Colbea Enterprises LLC 76,945 Belmont St,,Brockton,MA,02301,5514,PLYMOUTH,Convenience Store,42.065006,-71.055321,,,108894
1076749,Colbea Enterprises LLC 66,7 Home Depot Dr,,Plymouth,MA,02360,2669,PLYMOUTH,Convenience Store,41.932827,-70.658386,,,108961
1123305,Walgreens 12558,571 John Fitch Hwy,,Fitchburg,MA,01420,8403,WORCESTER,Other,42.585239,-71.778,,,108965
1076754,Colbea Enterprises LLC 67,243A Church St,,Pembroke,MA,02359,1916,PLYMOUTH,Convenience Store,42.106812,-70.761314,,,108967
1214346,Cumberland Farms 6751,357 Main St,,Southbridge,MA,01550,3749,WORCESTER,Convenience Store,42.076107,-72.035217,,,109183
1209497,Fitchburg Farmers Market,170 Boulder Dr,,Fitchburg,MA,01420,3149,WORCESTER,Farmers and Markets,42.582878,-71.802856,,,109315
1092426,Family Dollar 10090,50 Pleasant St,,Dracut,MA,01826,4723,MIDDLESEX,Other,42.66349,-71.324936,,,109438
1210398,Market 32 Sutton 244,21 Galaxy Pass,,Sutton,MA,01590,2812,WORCESTER,Supermarket,42.160233,-71.734528,,,109463
1208800,Speedway 2490,5315 Washington St,,West Roxbury,MA,02132,6331,SUFFOLK,Convenience Store,42.258442,-71.16069,,,109481
1211226,Nouria 189 Chelmsford Street 1017,189 Chelmsford St,,Chelmsford,MA,01824,2307,MIDDLESEX,Convenience Store,42.607769,-71.341141,,,109595
1208892,Ocean State Job Lot 250,297 Great Rd,,Bedford,MA,01730,2802,MIDDLESEX,Other,42.486565,-71.262756,,,109620
1209803,7 Days Food Mart,164 Durfee St,,Fall River,MA,02720,2361,BRISTOL,Convenience Store,41.704956,-71.156265,,,109649
1588981,Fryes Cigar,283 Main St,,Brockton,MA,02301,5431,PLYMOUTH,Grocery Store,42.079781,-71.020454,,,109693
1093283,Whole Foods Market 10511,45 Beacon St,,Somerville,MA,02143,4323,MIDDLESEX,Super Store,42.376041,-71.102943,,,109878
1217978,Colbea Enterprises LLC 79,140 Sharon St,,Stoughton,MA,02072,2012,NORFOLK,Convenience Store,42.137981,-71.148827,,,110060
1190827,El Paisa Market And Butchery,1010 Bennington St,,Boston,MA,02128,1138,SUFFOLK,Grocery Store,42.386791,-71.006454,,,110145
1663865,Star Market 4587,45 William T Morrissey Blvd,,Dorchester,MA,02125,3346,SUFFOLK,Supermarket,42.318497,-71.050468,,,110172
1663854,Star Market 2573,130 Granite St,,Quincy,MA,02169,5069,NORFOLK,Supermarket,42.244751,-71.00531,,,110194
1663863,Star Market 3577,75 Spring St,,West Roxbury,MA,02132,4335,SUFFOLK,Supermarket,42.278728,-71.1633,,,110208
1216135,Cumberland Farms Inc 6752,212 Teaticket Hwy,,E Falmouth,MA,02536,5637,BARNSTABLE,Convenience Store,41.565983,-70.595642,,,110371
1216357,Ocean State Job Lot 249,70 Taunton Depot Dr,,Taunton,MA,02780,6916,BRISTOL,Other,41.878284,-71.066734,,,110387
1215260,Circle K 4707516,68 S Main St,,Assonet,MA,02702,1710,BRISTOL,Convenience Store,41.786697,-71.076767,,,110409
1215261,Circle K 4707517,1385 Pleasant St,,Bridgewater,MA,02324,1028,PLYMOUTH,Convenience Store,41.968578,-71.020775,,,110416
1215262,Circle K 4707518,4 Chace Rd,,East Freetown,MA,02717,1202,BRISTOL,Convenience Store,41.770206,-70.95726,,,110422
1215264,Circle K 4707519,47 Harding St,,Middleboro,MA,02346,1013,PLYMOUTH,Convenience Store,41.902409,-70.96917,,,110438
1215748,Dollar General 15726,450 Nashua Rd,,Dracut,MA,01826,2928,MIDDLESEX,Other,42.679314,-71.362274,,,110755
1215802,Wegmans 57,169 University Ave,,Westwood,MA,02090,2325,NORFOLK,Supermarket,42.206135,-71.152328,,,110765
1215862,Dollar Tree 6095,154 S Broadway,,Lawrence,MA,01843,1428,ESSEX,Other,42.696011,-71.162231,,,110780
1188898,Uncle Bob's General Store,967 East St,,Ludlow,MA,01056,3117,HAMPDEN,Convenience Store,42.171227,-72.444206,,,110808
1189291,Roche Bros 121,8 Summer St,,Boston,MA,02110,1002,SUFFOLK,Supermarket,42.355274,-71.060165,,,110842
742902,Marlboro Citgo,146 Maple St,,Marlborough,MA,01752,3234,MIDDLESEX,Convenience Store,42.342186,-71.542198,,,110891
1625428,EZ Mart Convenience Store,311 Main St,,Douglas,MA,01516,2510,WORCESTER,Convenience Store,42.072777,-71.712402,,,110900
1191772,Cumberland Farms 6747,121 Bay Rd,,South Hamilton,MA,01982,2233,ESSEX,Convenience Store,42.611156,-70.873756,,,110947
1521836,Cote's Variety Inc.,175 Salem St,,Lowell,MA,01854,3517,MIDDLESEX,Grocery Store,42.649124,-71.322205,,,111037
1521879,CD La Prima Market,216 Broadway,,Chelsea,MA,02150,2738,SUFFOLK,Convenience Store,42.390266,-71.038872,,,111055
1521970,M&S Food Mart Inc,2019 Main St,,Three Rivers,MA,01080,1114,HAMPDEN,Convenience Store,42.18042,-72.36351,,,111093
1522312,Cumberland Farms 6788,60 W Main St,,Norton,MA,02766,2713,BRISTOL,Convenience Store,41.964062,-71.191299,,,111128
1220056,Speedway 2463,245 Federal St,,Greenfield,MA,01301,1912,FRANKLIN,Convenience Store,42.598099,-72.596313,,,111138
1522054,Village Food Mart,43 Somers Rd,,Hampden,MA,01036,9701,HAMPDEN,Grocery Store,42.055828,-72.439156,,,111171
1522091,North Brookfield Farms Llc.,206 N Main St,,North Brookfield,MA,01535,1515,WORCESTER,Convenience Store,42.269184,-72.084846,,,111185
1522158,Asian Food Mart Inc.,779 South St,,Holbrook,MA,02343,1328,NORFOLK,Convenience Store,42.149323,-71.028931,,,111214
1522362,Foodland,11 Highland Ave,,Malden,MA,02148,6603,MIDDLESEX,Grocery Store,42.415421,-71.078453,,,111277
1522486,Racewayy,1499 Broadway Rd,,Dracut,MA,01826,2815,MIDDLESEX,Convenience Store,42.700989,-71.250168,,,111324
1522509,Royal African Caribbean Supermarket,63b Fairmount Ave,,Hyde Park,MA,02136,2723,SUFFOLK,Grocery Store,42.254894,-71.120262,,,111331
1221390,Speedway 2446,792 Main St,,Osterville,MA,02655,2051,BARNSTABLE,Convenience Store,41.628117,-70.384178,,,111458
1522731,New England Central Bakery,1140 Washington St,,Norwood,MA,02062,4423,NORFOLK,Specialty Store,42.178097,-71.205688,,,111598
1192361,St Peter Market,419 Adams St,,Dorchester,MA,02122,1150,SUFFOLK,Convenience Store,42.294918,-71.05632,,,111724
1110449,Bread And Butter 1,374a S Main St,,Sharon,MA,02067,1818,NORFOLK,Convenience Store,42.107666,-71.19838,,,111849
1027013,CVS Pharmacy 1009,509 Main St,,Charlestown,MA,02129,    ,SUFFOLK,Other,42.38327,-71.071732,,,112054
1027024,CVS Pharmacy 4666,101A Canal St,,Boston,MA,02114,1803,SUFFOLK,Other,42.364765,-71.060127,,,112060
1126327,Target 1374,79 Commerce Way,,Seekonk,MA,02771,5816,BRISTOL,Super Store,41.79517,-71.322922,,,112098
1029168,Dollar Tree 4794,425 Washington St,Ste 1,Woburn,MA,01801,2186,MIDDLESEX,Other,42.50388,-71.126457,,,112137
1027026,CVS Pharmacy 6466,2340 Gar Hwy,,Swansea,MA,02777,3907,BRISTOL,Other,41.769035,-71.264725,,,112150
1128404,ALDI 73021,903 Riverdale St,,West Springfield,MA,01089,4613,HAMPDEN,Supermarket,42.128662,-72.626617,,,112161
1028941,Ocean State Job Lots 237,1451 Memorial Dr,,Chicopee,MA,01020,3900,HAMPDEN,Other,42.197544,-72.572136,,,112358
1028945,Ocean State Job Lot 216,1317 Liberty St,,Springfield,MA,01104,1170,HAMPDEN,Other,42.138245,-72.578255,,,112359
1028954,Ocean State Job Lot 208,2291 Northampton St,,Holyoke,MA,01040,3447,HAMPDEN,Other,42.183022,-72.633194,,,112360
1223440,Kalamos Greek & Mediterranean Market,118A June St,,Worcester,MA,01602,2951,WORCESTER,Grocery Store,42.264194,-71.833511,,,112408
1125489,Dollar General 14956,369 Federal St,,Greenfield,MA,01301,1897,FRANKLIN,Other,42.603329,-72.590775,,,112480
1030048,Nouria 535 Lynnway 1037,535 Lynnway,,Lynn,MA,01905,    ,ESSEX,Convenience Store,42.45599,-70.958572,,,112605
1130382,Walgreens 2330,1101 Beacon St,,Newton Highlands,MA,02461,1101,MIDDLESEX,Other,42.330917,-71.207809,,,112675
1027386,Stop & Shop 480,299 Chelmsford St,,Chelmsford,MA,01824,2417,MIDDLESEX,Supermarket,42.612423,-71.331207,,,112715
1027398,Dollar Tree 4657,1011 Water St,,Fitchburg,MA,01420,6366,WORCESTER,Other,42.564453,-71.780869,,,112725
1027403,Dollar Tree 4688,657 Quarry St,Ste 1,Fall River,MA,02723,1021,BRISTOL,Other,41.689857,-71.139259,,,112749
1129970,H Mart Cambridge LLC,581 Massachusetts Ave,,Cambridge,MA,02139,4030,MIDDLESEX,Super Store,42.364857,-71.102745,,,112813
1027425,Dollar Tree 4793,683 Belmont St,,Brockton,MA,02301,5632,PLYMOUTH,Other,42.070759,-71.045601,,,112848
1130553,Dollar General 14703,525 S Main St,,Lanesborough,MA,01237,9780,BERKSHIRE,Other,42.501465,-73.237625,,,112896
1026445,Big Y Supermarket 37,10 Pleasant St,,Lee,MA,01238,1317,BERKSHIRE,Super Store,42.295788,-73.240669,,,112960
1693117,Butts N Betts,1213 N Main St,,Randolph,MA,02368,2135,NORFOLK,Convenience Store,42.196804,-71.060608,,,112972
1159128,Dollar General 15167,2 Callahan Dr,,Pittsfield,MA,01201,    ,BERKSHIRE,Other,42.43042,-73.31813,,,113161
1248205,Indo American Convenience Store,485 Great Rd,,Acton,MA,01720,4162,MIDDLESEX,Other,42.514965,-71.427696,,,113232
1248275,Seasons Corner Market 84,442 New State Hwy,,Raynham,MA,02767,5451,BRISTOL,Convenience Store,41.906223,-71.049248,,,113233
1246293,Market Basket 80,1 Commerce Way,,Plymouth,MA,02360,7252,PLYMOUTH,Super Store,41.947205,-70.715897,,,113396
1246667,Morning Glory Farm Inc.,120 Meshacket Rd,,Edgartown,MA,02539,7139,DUKES,Farmers and Markets,41.384678,-70.541931,,,113438
1247059,CVS 10601,655 Mt Auburn St,,Watertown,MA,02472,    ,MIDDLESEX,Other,42.371883,-71.156998,,,113479
1159142,Dollar Tree 5578,91 W Boylston St,,West Boylston,MA,01583,1711,WORCESTER,Other,42.356819,-71.784401,,,113492
1159156,Dollar Tree 5573,1060 Wilbraham Rd,Ste A,Springfield,MA,01109,    ,HAMPDEN,Other,42.115685,-72.526016,,,113535
1158908,Patel & Patel Indian Grocery,856 N Main St,,Fall River,MA,02720,2626,BRISTOL,Grocery Store,41.713684,-71.152954,,,113544
1649930,Stop & Shop 36,672 Memorial Dr,Ste 1,Chicopee,MA,01020,5099,HAMPDEN,Supermarket,42.176464,-72.57827,,,113620
1247331,University Park Farm Stand FM,965 Main St,,Worcester,MA,01603,2412,WORCESTER,Farmers and Markets,42.249683,-71.823181,,,113721
1247389,Lyonsville Farm,206 Route 8A,,Charlemont,MA,01339,9676,FRANKLIN,Farmers and Markets,42.642902,-72.867088,,,113746
1158970,CVS Pharmacy 10174,650 Atlantic Ave,,Boston,MA,02111,    ,SUFFOLK,Other,42.351761,-71.055862,,,113748
1648490,Jnadel Super Market,429 Bay St,,Taunton,MA,02780,1698,BRISTOL,Convenience Store,41.923058,-71.097977,,,113754
1159005,CVS Pharmacy 10319,72 Washington St,,Foxboro,MA,02035,1354,NORFOLK,Other,42.094921,-71.267738,,,113867
972139,Dollar Tree 4402,2101 Bay St,Ste B,Taunton,MA,02780,1069,BRISTOL,Other,41.958874,-71.119293,,,114175
1193776,Dollar Tree 5827,376 Main St,,Wakefield,MA,01880,5015,MIDDLESEX,Other,42.50388,-71.070702,,,114230
1665452,Hermanos Lejanos Market Inc,721 Main St,,Worcester,MA,01610,3162,WORCESTER,Grocery Store,42.257595,-71.807991,,,114246
1193163,Ward's Berry Farm,614 S Main St,,Sharon,MA,02067,2823,NORFOLK,Farmers and Markets,42.098682,-71.217628,,,114398
972444,PriceRite of Revere 341,255 Squire Rd,,Revere,MA,02151,4322,SUFFOLK,Super Store,42.42638,-71.012703,,,114407
974102,Price Chopper 229,731 Boston Tpke,,Shrewsbury,MA,01545,3201,WORCESTER,Supermarket,42.278423,-71.696236,,,114465
1673202,Eddie Plaza Inc,300 Pleasant St,,Worcester,MA,01609,2025,WORCESTER,Grocery Store,42.263817,-71.812782,,,114574
1673289,Nouria 719 Southbridge Street 1078,719 Southbridge St,,Worcester,MA,01610,2914,WORCESTER,Convenience Store,42.242516,-71.81208,,,114581
1249352,Family Food Mart,660 East St,,Mansfield,MA,02048,2951,BRISTOL,Convenience Store,42.031567,-71.188873,,,114767
1192967,Seasons Corner Market 81,604 Hartford Tpke,,Shrewsbury,MA,01545,4175,WORCESTER,Convenience Store,42.261887,-71.696358,,,114879
1249019,7-eleven 34430B,2 South St,,Westborough,MA,01581,1619,WORCESTER,Convenience Store,42.269268,-71.612686,,,114884
973009,Circle K 4707503,32 Knipe Rd,,Haverhill,MA,01835,8317,ESSEX,Convenience Store,42.744797,-71.109146,,,114906
973627,Stop & Shop 2406,265 Main St,Ste 1,North Reading,MA,01864,1347,MIDDLESEX,Supermarket,42.591286,-71.117424,,,114926
970918,Target 2693,250 Granite St,Ste 21,Braintree,MA,02184,2810,NORFOLK,Super Store,42.218987,-71.023476,,,114962
1523111,Veronica Market,43 Broad St,,Lynn,MA,01902,5022,ESSEX,Grocery Store,42.464096,-70.936783,,,115052
1523120,Queiroz Meat Market Inc.,11 Suffolk St,,Worcester,MA,01604,3718,WORCESTER,Grocery Store,42.260029,-71.786903,,,115056
1225799,Roslindale Market And Take Out,4140 Washington St,,Roslindale,MA,02131,1734,SUFFOLK,Grocery Store,42.288448,-71.12574,,,115157
1523851,Bread 'N Butter International Market,1562 Tremont St,,Roxbury Crossing,MA,02120,1667,SUFFOLK,Convenience Store,42.332947,-71.1017,,,115293
1523908,Arias Market,66 Parker St,,Lawrence,MA,01843,1535,ESSEX,Grocery Store,42.698738,-71.158958,,,115307
1524068,Tewksbury Community Market,288 Livingston St,,Tewksbury,MA,01876,4509,MIDDLESEX,Farmers and Markets,42.598923,-71.209068,,,115397
1224087,Al Prime Energy 139,1313 Water St,,Fitchburg,MA,01420,7251,WORCESTER,Convenience Store,42.559586,-71.77594,,,115409
1224369,Family Dollar 11443,19 Fitchburg Rd,,Ayer,MA,01432,1003,MIDDLESEX,Other,42.570305,-71.594604,,,115476
1523333,Appleton Farms Store,219 County Rd,,Ipswich,MA,01938,2725,ESSEX,Farmers and Markets,42.648724,-70.858322,,,115593
1524172,Chestnut Hill Farm Store,5 Chestnut Hill Rd,,Southborough,MA,01772,1003,WORCESTER,Farmers and Markets,42.308254,-71.552917,,,115620
1524178,Weir River Farm Store,140 Turkey Hill Ln,,Hingham,MA,02043,2000,PLYMOUTH,Farmers and Markets,42.240459,-70.853569,,,115623
1524222,Akar Auto Center,233 Winthrop Ave,,Lawrence,MA,01843,3822,ESSEX,Convenience Store,42.684883,-71.140976,,,115645
1523336,Powisset Farm Store,39 Powisset St,,Dover,MA,02030,1602,NORFOLK,Farmers and Markets,42.223965,-71.258408,,,115673
1523437,New Wall Corp,395 High Plain St,,Walpole,MA,02081,4258,NORFOLK,Convenience Store,42.140587,-71.221031,,,115822
1194879,Dollar General 15503,3137 Cranberry Hwy,,East Wareham,MA,02538,4803,PLYMOUTH,Other,41.753113,-70.63559,,,115830
1303777,Canela Market Llc,111 White St,,Haverhill,MA,01830,5728,ESSEX,Grocery Store,42.779751,-71.07933,,,115866
1587108,La Familia Market 2,169 Newbury St,,Lawrence,MA,01841,3920,ESSEX,Convenience Store,42.71302,-71.155357,,,115896
1492012,Vista Market,391 Essex St,,Lynn,MA,01902,3619,ESSEX,Convenience Store,42.468964,-70.942078,,,115906
1523497,Blackstone Market no,202 Main St,,Blackstone,MA,01504,2235,WORCESTER,Convenience Store,42.017548,-71.542938,,,115953
1575425,Sun City Liquors,17 Parham Rd,,Tyngsboro,MA,01879,1748,MIDDLESEX,Convenience Store,42.683926,-71.380486,,,115956
1523507,Foodland,2234 Massachusetts Ave,,Cambridge,MA,02140,1837,MIDDLESEX,Grocery Store,42.393745,-71.126434,,,115978
1229453,Cumberland Farms 6755,297 Pulaski Blvd,,Bellingham,MA,02019,2425,NORFOLK,Convenience Store,42.022999,-71.492126,,,116040
1033046,Ocean State Job Lot 254,465 William S Canning Blvd,,Fall River,MA,02721,2341,BRISTOL,Other,41.67226,-71.161232,,,116114
1033052,Ocean State Job Lot 213,285 Main St,,Bourne,MA,02532,3232,BARNSTABLE,Other,41.751068,-70.599281,,,116118
1132295,Walmart Supercenter 5448,160 Broadway,,Raynham,MA,02767,1414,BRISTOL,Super Store,41.934628,-71.082497,,,116121
1033054,Ocean State Job Lot 214,30 Commercial St,,Foxboro,MA,02035,2509,NORFOLK,Other,42.052441,-71.240707,,,116132
1033058,Ocean State Job Lot 217,230A E Main St,,Marlborough,MA,01752,2669,MIDDLESEX,Other,42.3535,-71.536102,,,116135
1271088,Dollar Tree 6162,208 Elm St,,Salisbury,MA,01952,1800,ESSEX,Other,42.844326,-70.898048,,,116150
1131515,Seasons Corner Market 80,1370 N Main St,,Randolph,MA,02368,1731,NORFOLK,Convenience Store,42.201332,-71.062798,,,116161
1132221,Cumberland Farms 6738,1134 Southhampton Rd,,Westfield,MA,01085,    ,HAMPDEN,Convenience Store,42.181931,-72.726593,,,116246
1595993,Merengue Express,1415 Tremont St,,Roxbury Crossing,MA,02120,3401,SUFFOLK,Restaurant Meals Program,42.331898,-71.095772,,,116252
1589987,JP Convenience,546 Centre St,,Jamaica Plain,MA,02130,2004,SUFFOLK,Convenience Store,42.316818,-71.113312,,,116253
1033168,Ocean State Job Lot 219,225 Bedford St,,East Bridgewater,MA,02333,1986,PLYMOUTH,Other,42.027615,-70.958527,,,116259
1033171,Ocean State Job Lot 220,1001 Providence Hwy,Ste 1,Norwood,MA,02062,8003,NORFOLK,Other,42.179073,-71.190575,,,116360
1033198,Ocean State Job Lot 221,0 Snow Rd,,Marshfield,MA,02050,3463,PLYMOUTH,Other,42.091133,-70.707588,,,116372
1033253,Ocean State Job Lot 222,10 Merchants Way,Ste L,Middleboro,MA,02346,1843,PLYMOUTH,Other,41.883942,-70.912415,,,116414
1033256,Ocean State Job Lot 224,35 Highland Ave,,Seekonk,MA,02771,5805,BRISTOL,Other,41.802162,-71.337601,,,116423
1230245,Dollar Tree 5935,169 Newhall St,,Lowell,MA,01852,4632,MIDDLESEX,Other,42.630688,-71.306664,,,116512
1033580,Ocean State Job Lot 232,1674 Main St,,Chatham,MA,02633,1805,BARNSTABLE,Other,41.683037,-69.995583,,,116630
1033583,Ocean State Job Lot 236,100 Providence Hwy,,Dedham,MA,02026,1803,NORFOLK,Other,42.260967,-71.16832,,,116637
1033584,Ocean State Job Lot 238,62 Freedom St,,Athol,MA,01331,2250,WORCESTER,Other,42.591934,-72.234772,,,116643
1132873,Family Dollar 10345,835 Main St,,Worcester,MA,01610,1445,WORCESTER,Other,42.254692,-71.814049,,,116652
1033586,Ocean State Job lot 240,1161 Providence Rd,,Whitinsville,MA,01588,2119,WORCESTER,Other,42.124081,-71.647713,,,116656
1133038,Park St Mini Mart,104 Park St,,Chelsea,MA,02150,2709,SUFFOLK,Convenience Store,42.389984,-71.037605,,,116819
1271494,Ameera Inc. 37490,145 N Quincy St,,Abington,MA,02351,1073,PLYMOUTH,Convenience Store,42.114601,-70.999352,,,116948
1032987,Ocean State Job Lot 204,390 Barnstable Rd,,Hyannis,MA,02601,2920,BARNSTABLE,Other,41.662537,-70.284149,,,116969
1032994,Ocean State Job Lot 205,50B Teaticket Hwy,,E Falmouth,MA,02536,5615,BARNSTABLE,Other,41.562149,-70.598152,,,116980
1033033,Ocean State Job Lot 206,1080 Route 28,,South Yarmouth,MA,02664,4138,BARNSTABLE,Other,41.661411,-70.201912,,,116996
1033038,Ocean State Job Lot 207,114 Main St,,Medway,MA,02053,1801,NORFOLK,Other,42.150105,-71.416367,,,116998
1033043,Ocean State Job Lot 210,182 Summer St,Ste 1,Kingston,MA,02364,1277,PLYMOUTH,Other,42.011826,-70.732422,,,117000
1034527,Ocean State Job Lot 233,201 College Hwy,,Southwick,MA,01077,9319,HAMPDEN,Other,42.02581,-72.787971,,,117092
1034528,Ocean State Job Lot 234,1178 Thorndike St,,Palmer,MA,01069,1511,HAMPDEN,Other,42.173355,-72.324333,,,117115
1034533,Ocean State Job Lot 235,869 Grand Army Hwy,,Somerset,MA,02726,1204,BRISTOL,Other,41.731449,-71.17112,,,117125
1034534,Ocean State Job Lot 242,30 Commercial St,,Medford,MA,02155,4924,MIDDLESEX,Other,42.409657,-71.087723,,,117133
1034536,Ocean State Job Lot 243,20 Water Tower Pl,,Leominster,MA,01453,2247,WORCESTER,Other,42.543056,-71.75692,,,117141
1034538,Ocean State Job Lot 244,178 Main St,,Sturbridge,MA,01566,1290,WORCESTER,Other,42.097931,-72.072807,,,117148
1034541,Ocean State Job Lot 255,1020 Broadway,,Saugus,MA,01906,3205,ESSEX,Other,42.465977,-71.025085,,,117155
1272332,Lucky Wine & Liquors,66 Newbury Ave,,Quincy,MA,02171,1939,NORFOLK,Convenience Store,42.281353,-71.029129,,,117415
1034329,Ocean State Job Lot 258,1686 Boston Rd,,Springfield,MA,01129,1153,HAMPDEN,Other,42.14502,-72.48848,,,117512
1034330,Ocean State Job Lot 212,1068 Kings Hwy,,New Bedford,MA,02745,4949,BRISTOL,Other,41.677277,-70.940651,,,117513
1034333,Ocean State Job Lot 218,360 Market St,,Rockland,MA,02370,1935,PLYMOUTH,Other,42.124233,-70.907745,,,117514
1034335,Ocean State Job Lot 223,180 Milk St,,Westborough,MA,01581,3342,WORCESTER,Other,42.281368,-71.633156,,,117515
1034346,Ocean State Job Lot 229,141 Newport Avenue Ext,,Quincy,MA,02171,2120,NORFOLK,Other,42.27718,-71.033714,,,117518
1034367,Ocean State Job Lot 230,231 E Main St,,Westfield,MA,01085,3307,HAMPDEN,Other,42.114895,-72.730469,,,117523
1034378,Ocean State Job Lot 231,260 Upper County Rd,,Dennis Port,MA,02639,1402,BARNSTABLE,Other,41.66877,-70.122955,,,117524
1271565,Milagros Market Grocery Store 1,279 Main St,,Everett,MA,02149,5719,MIDDLESEX,Convenience Store,42.410538,-71.062347,,,117639
1272761,Convenience Plus 3705,173 North St,,Cheshire,MA,01225,9646,BERKSHIRE,Convenience Store,42.565983,-73.163055,,,117709
1272818,Lloyds Market 1,4 Hartley Rd,,Rochester,MA,02770,1608,PLYMOUTH,Grocery Store,41.74255,-70.868492,,,117715
1272955,Alltown Holyoke 3709,225 Whiting Farms Rd,,Holyoke,MA,01040,2839,HAMPDEN,Convenience Store,42.176437,-72.640388,,,117833
1273124,Cumberland Farms 6731,4460 STATE HWY ROUTE 6,,EASTHAM,MA,02642,    ,BARNSTABLE,Convenience Store,41.855812,-69.987244,,,117928
1273578,Family Dollar 2624,133 Water St,,Fitchburg,MA,01420,5479,WORCESTER,Other,42.579811,-71.794716,,,117931
1036202,K Market,268 Westford St,,Lowell,MA,01851,2525,MIDDLESEX,Grocery Store,42.635323,-71.325386,,,117953
1037369,Ocean State Job Lot 247,553 Main St,,Tewksbury,MA,01876,5240,MIDDLESEX,Other,42.618393,-71.253342,,,117971
1169085,Best Price Farm,204 Cambridge St,,Worcester,MA,01603,2332,WORCESTER,Grocery Store,42.243572,-71.822243,,,118001
1169119,Target Store 2729,210 Baladarvale St,,Wilmingotn,MA,01887,    ,MIDDLESEX,Super Store,42.550098,-71.166603,,,118013
1663860,Star Market 3561,33 Austin St,,Newtonville,MA,02460,1842,MIDDLESEX,Supermarket,42.350613,-71.209084,,,118067
1663855,Star Market 2575,275 Beacon St,,Somerville,MA,02143,3533,MIDDLESEX,Supermarket,42.383652,-71.111816,,,118122
1164328,Dollar Tree 5634,1163 Providence Rd,Ste B,Whitinsville,MA,01588,2119,WORCESTER,Other,42.124985,-71.64608,,,118503
1275286,Target 3222,564 Massachusetts Ave,,Cambridge,MA,02139,    ,MIDDLESEX,Super Store,42.364544,-71.102348,,,118511
1274728,Cumberland Farms Inc. 6761,454 Mechanic St,,Leominster,MA,01453,4432,WORCESTER,Convenience Store,42.520271,-71.739304,,,118512
1164629,Family Dollar 10275,548 Main St,,Brockton,MA,02301,6036,PLYMOUTH,Other,42.074417,-71.019119,,,118564
1168002,Cumberland Farms 6740,41 Milford St,,Medway,MA,02053,1673,NORFOLK,Convenience Store,42.144481999999996,-71.441956,,,118614
1169570,Upinngil,411 Main Rd,,Gill,MA,01354,9610,FRANKLIN,Farmers and Markets,42.647064,-72.489319,,,118649
1168028,Cumberland Farms 6743,1366 Curran Hwy,,North Adams,MA,01247,3936,BERKSHIRE,Convenience Store,42.664318,-73.107773,,,118667
1165925,Cumberland Farms 6728,767 Main St,,South Weymouth,MA,02190,1600,NORFOLK,Convenience Store,42.179165,-70.95536,,,118683
1653045,Nayou Beauty Store,1641 S Main St,,Fall River,MA,02724,2107,BRISTOL,Convenience Store,41.685143,-71.174599,,,118938
1165048,CVS Pharmacy 2055,10 Main St,,Tewksbury,MA,01876,    ,MIDDLESEX,Other,42.628593,-71.273911,,,118965
1312371,Perkins Market,185 Perkins Ave,,Brockton,MA,02302,4207,PLYMOUTH,Convenience Store,42.063236,-71.006966,,,119009
1312418,Satya Swami Inc,95 Westland Ave,,Boston,MA,02115,3809,SUFFOLK,Convenience Store,42.343929,-71.089531,,,119012
1312841,We Grow Microgreens Llc,21 Norton St,,Hyde Park,MA,02136,1414,SUFFOLK,Farmers and Markets,42.242928,-71.136383,,,119076
1312846,C & C Lobsters & Fish,137 Edgewater Rd,,Hull,MA,02045,2662,PLYMOUTH,Farmers and Markets,42.276512,-70.878433,,,119078
1276841,D & R Farm,146 Thresher Rd,,Hampden,MA,01036,9648,HAMPDEN,Farmers and Markets,42.056175,-72.377274,,,119150
1311930,CVS Pharmacy 10932,330 Court St,,Plymouth,MA,02360,4325,PLYMOUTH,Other,41.974773,-70.685524,,,119195
1313149,Brock Avenue Market,629 Brock Ave,,New Bedford,MA,02744,2203,BRISTOL,Convenience Store,41.608913,-70.912743,,,119268
1277077,Caretaker Farm Llc,1210 Hancock Rd,,Williamstown,MA,01267,3026,BERKSHIRE,Farmers and Markets,42.641701,-73.273216,,,119291
1313242,La Esperanza Market,238 Meridian St,,East Boston,MA,02128,1654,SUFFOLK,Convenience Store,42.375809,-71.039169,,,119333
1276123,Cumberland Farms 6759,270 Main St,,Tewksbury,MA,01876,1729,MIDDLESEX,Convenience Store,42.623585,-71.265175,,,119370
1170311,Cumberland Farms 6741,306 Crescent St,,Brockton,MA,02302,3108,PLYMOUTH,Convenience Store,42.08009,-71.008316,,,119499
1170335,Cumberland Farms 6745,923 Shawmut Ave,,New Bedford,MA,02746,1319,BRISTOL,Convenience Store,41.658783,-70.946831,,,119506
1277288,Go Gas,155 Broad St,,Bridgewater,MA,02324,1746,PLYMOUTH,Convenience Store,41.994209,-70.97393,,,119574
1277686,Dollar Tree 7095,555 State St,,Springfield,MA,01109,    ,HAMPDEN,Other,42.1091,-72.574524,,,119696
1313286,7-eleven 37404A,643 Washington St,,Whitman,MA,02382,1325,PLYMOUTH,Convenience Store,42.082516,-70.937561,,,119703
1170927,Walmart Supercenter 3114,770 Broadway,,Saugus,MA,01906,3202,ESSEX,Super Store,42.470592,-71.02491,,,119845
1249599,BD Mart,2701 Boston Rd,,Wilbraham,MA,01095,1875,HAMPDEN,Convenience Store,42.151142,-72.430244,,,119894
1171011,Brookline Farmers' Market Inc.,Centre St,West Parking Lot,Brookline,MA,02446,    ,NORFOLK,Farmers and Markets,42.343246,-71.125381,,,119904
1249742,Webster Square Mobil,10 Mill St,,Worcester,MA,01603,2074,WORCESTER,Convenience Store,42.245438,-71.83271,,,119933
1171111,Wegmans 59,53 3rd Ave,,Burlington,MA,01803,4418,MIDDLESEX,Supermarket,42.487869,-71.225182,,,119950
1171115,Market Basket 74,275 Squire Rd,,Revere,MA,02151,4322,SUFFOLK,Super Store,42.426373,-71.012749,,,119952
1662336,Yaya Middle Eastern And International Food Market,330 Water St,,Fitchburg,MA,01420,5602,WORCESTER,Convenience Store,42.576305,-71.791199,,,119969
1343046,Town Convenience,3 Pine St,,Gardner,MA,01440,2222,WORCESTER,Convenience Store,42.57708,-71.993629,,,120361
1172808,Family Dollar 5536,139 Hathaway Rd,,New Beford,MA,02746,    ,BRISTOL,Other,41.660332,-70.944954,,,120520
1172950,Market Basket 77,301 Constitution Ave,,Littleton,MA,01460,    ,MIDDLESEX,Super Store,42.553028,-71.477592,,,120525
1343455,International Mini Mart,238 Swan River Rd,,West Dennis,MA,02670,2836,BARNSTABLE,Grocery Store,41.666649,-70.148315,,,120709
1466204,Smoke And Munch,348 Grafton St,,Worcester,MA,01604,3737,WORCESTER,Convenience Store,42.255428,-71.785316,,,120745
1343848,Red Hen Market N/A,56 River St,,Haverhill,MA,01832,5402,ESSEX,Convenience Store,42.7719,-71.087303,,,120932
1342456,Mutual Market 7860 Inc food store,60 Walnut St,,Peabody,MA,01960,5628,ESSEX,Grocery Store,42.526371,-70.921944,,,120956
1278282,Lexington Farmers Market,1557 Massachusetts Ave,,Lexington,MA,02420,3801,MIDDLESEX,Farmers and Markets,42.446369,-71.222809,,,121070
976438,CVS Pharmacy 4073,174 Main St,,Peabody,MA,01960,5644,ESSEX,Other,42.523373,-70.920113,,,121086
1278306,Patti's Patch,225 Wood St,,Middleboro,MA,02346,2915,PLYMOUTH,Farmers and Markets,41.88694,-70.881371,,,121115
1278319,Clarkdale Fruit Farms Inc,303 Upper Rd,,Deerfield,MA,01342,9735,FRANKLIN,Farmers and Markets,42.562977,-72.624367,,,121130
1278899,Heritage Xtra Mart 10022,215 Charlton Rd,,Sturbridge,MA,01566,1216,WORCESTER,Convenience Store,42.11676,-72.066849,,,121132
1278122,Woodbery Food Market,157 Essex St,,Beverly,MA,01915,3639,ESSEX,Grocery Store,42.560246,-70.870247,,,121334
1278247,Alltown 3706,480 West Housatonic Street,,Pittsfield,MA,01201,    ,BERKSHIRE,Convenience Store,42.442577,-73.276901,,,121360
1278250,Convenience Plus 3714,3086 South Main Street,,Bondsville,MA,01069,    ,HAMPDEN,Convenience Store,42.207752,-72.347565,,,121363
1278913,Millbury Xtra Mart 10093,100 Worcester Providence Tpke,,Millbury,MA,01527,2648,WORCESTER,Convenience Store,42.188129,-71.767365,,,121400
976597,4707515.0 7515,1400 Russell Rd,,Westfield,MA,01085,2123,HAMPDEN,Convenience Store,42.149754,-72.814407,,,121416
1278963,Alltown North Oxford 10096,93 Southbridge Rd,,North Oxford,MA,01537,1224,WORCESTER,Convenience Store,42.162472,-71.899368,,,121430
1278438,Alltown 3707,1144 Thorndike St,,Palmer,MA,01069,1509,HAMPDEN,Convenience Store,42.168415,-72.326271,,,121431
1278439,Alltown Lowell 2718,980 Chelmsford St,,Lowell,MA,01851,5114,MIDDLESEX,Convenience Store,42.614281,-71.327225,,,121437
1278446,Convenience Plus 3711,506 Pleasant St,,Northampton,MA,01060,3919,HAMPSHIRE,Convenience Store,42.311348,-72.624199,,,121443
1278454,Convenience Plus 3713,42 Somers Rd,,Hampden,MA,01036,9765,HAMPDEN,Convenience Store,42.056068,-72.439766,,,121454
1279056,South Main Xtra Mart 10025,696 Main St,,Great Barrington,MA,01230,2012,BERKSHIRE,Convenience Store,42.179623,-73.363632,,,121549
1279057,Pittsfield Xtra Mart 10091,420 Merrill Rd,,Pittsfield,MA,01201,3750,BERKSHIRE,Convenience Store,42.459187,-73.209755,,,121555
1280353,Mycoterra Farm,75 Stillwater Rd,,South Deerfield,MA,01373,9773,FRANKLIN,Farmers and Markets,42.511898,-72.63858,,,121557
1280375,Indian Line Farm,57 Jug End Rd,,South Egremont,MA,01258,1004,BERKSHIRE,Farmers and Markets,42.134769,-73.420914,,,121575
1280379,Windy Ridge Farm,42 E Hawley Rd,,Hawley,MA,01339,9611,FRANKLIN,Farmers and Markets,42.61224,-72.892227,,,121583
1280387,Jaeschkes Fruit & Flowers,736 Crane Ave,,Pittsfield,MA,01201,1708,BERKSHIRE,Farmers and Markets,42.47057,-73.211815,,,121589
1279074,Alltown Market Warren 10024,1300 Main St,,Warren,MA,01083,    ,WORCESTER,Convenience Store,42.215546,-72.2061,,,121602
1673240,Star Dollar And More LLC 1,363 Chandler St,,Worcester,MA,01602,3325,WORCESTER,Convenience Store,42.263107,-71.829247,,,121610
1673049,Plaza Supermarket,1000 Main St,,Worcester,MA,01603,2417,WORCESTER,Supermarket,42.248497,-71.825813,,,121730
1278778,Mansfield Xtra Mart 10027,905 S Main St,,Mansfield,MA,02048,3149,BRISTOL,Convenience Store,41.994518,-71.210693,,,121812
1278790,Cotyledon Farm,253 Henshaw St,,Leicester,MA,01524,1235,WORCESTER,Farmers and Markets,42.223526,-71.887871,,,121836
1278845,Providence St Xtra Mart 10087,280 Providence St,,Worcester,MA,01607,1130,WORCESTER,Convenience Store,42.237591,-71.792206,,,121859
1278851,Lowell Xtra Mart 10086,376 Gorham St,,Lowell,MA,01852,3313,MIDDLESEX,Convenience Store,42.637119,-71.308868,,,121870
1279772,Nouria 487 E Columbus Ave 1052,487 E Columbus Ave,,Springfield,MA,01105,2556,HAMPDEN,Convenience Store,42.088181,-72.580009,,,121943
1279995,Sudbury Farms 208,439 Boston Post Rd,,Sudbury,MA,01776,3056,MIDDLESEX,Supermarket,42.360504,-71.423271,,,121962
1314419,226 Quincy Avenue Inc.,226 Quincy Ave,,Braintree,MA,02184,2301,NORFOLK,Grocery Store,42.22916,-70.971008,,,122175
1314506,Target T3223,4165 Washington St,,Roslindale,MA,02131,1718,SUFFOLK,Super Store,42.288029,-71.126495,,,122209
1315206,Family Dollar 12030,2594 Main St,,Springfield,MA,01107,1943,HAMPDEN,Other,42.113792,-72.605606,,,122349
1315265,Mccusker's Market,3 State St,,Shelburne Falls,MA,01370,1011,FRANKLIN,Grocery Store,42.603519,-72.741646,,,122387
1313543,Gove Farm,930 Mechanic St,,Leominster,MA,01453,4532,WORCESTER,Farmers and Markets,42.520916,-71.719177,,,122483
1315061,Chickadee Hill Farm,366 Central St,,Rowley,MA,01969,1315,ESSEX,Farmers and Markets,42.736141,-70.892235,,,122557
1315074,Whitemarz Farm,389 Page St,,Lunenburg,MA,01462,2125,WORCESTER,Farmers and Markets,42.581993,-71.691101,,,122561
1315145,La Central Market,107 Washington St,,Lynn,MA,01902,4703,ESSEX,Grocery Store,42.468506,-70.954857,,,122576
1313651,Bdesh Llc,274 Broadway,,Somerville,MA,02145,2950,MIDDLESEX,Grocery Store,42.391228,-71.091431,,,122686
1230968,Cumberland Farms 6754,130 Main St,,Gardner,MA,01440,2607,WORCESTER,Convenience Store,42.573402,-71.994484,,,122708
1199426,Dollar Tree 6073,568 Main St,,Leominster,MA,01453,2438,WORCESTER,Other,42.541039,-71.740379,,,122716
1314080,Alnassir International Market,205 Elm St,,West Springfield,MA,01089,2726,HAMPDEN,Grocery Store,42.107647,-72.623512,,,122743
1281085,El Bodegon Market,341 Union St,,Lynn,MA,01901,1314,ESSEX,Convenience Store,42.464046,-70.944038,,,122767
1198765,Bp Gas Station,942 South St,,Fitchburg,MA,01420,7037,WORCESTER,Convenience Store,42.557716,-71.787735,,,122821
1590484,Franky's 1,1220 North St,,Pittsfield,MA,01201,1541,BERKSHIRE,Grocery Store,42.476719,-73.244438,,,122882
1344896,CVS Pharmacy 11082,341 HARRISON AVE,,BOSTON,MA,02118,    ,SUFFOLK,Other,42.345249,-71.063965,,,123041
1344898,CVS Pharmacy 11036,451 Washington St,,Dorchester Center,MA,02124,1138,SUFFOLK,Other,42.295677,-71.072182,,,123043
1576112,Dollar Tree 9513,1329 Hyde Park Ave,,Hyde Park,MA,02136,2713,SUFFOLK,Other,42.253525,-71.125572,,,123095
1318016,Oceans Fleet Fisheries,255 Popes Is,,New Bedford,MA,02740,7232,BRISTOL,Specialty Store,41.640091,-70.916496,,,123113
1318481,7-eleven 37393A,1099 William S Canning Blvd,,Fall River,MA,02721,3128,BRISTOL,Convenience Store,41.664902,-71.155663,,,123143
1318055,Mountain View Farm,393 East St,,Easthampton,MA,01027,1218,HAMPSHIRE,Farmers and Markets,42.262497,-72.649498,,,123152
1284325,Wally's Vegetables,799 Amesbury Rd,,Haverhill,MA,01830,1708,ESSEX,Specialty Store,42.811947,-71.031517,,,123364
1344535,Pramukh Sunset Variety Inc,508 Bowen St,,Fall River,MA,02724,3705,BRISTOL,Convenience Store,41.682922,-71.182472,,,123549
1344577,Welcome Buddy Convenience,4196 Washington St,,Roslindale,MA,02131,1731,SUFFOLK,Convenience Store,42.287106,-71.127159,,,123630
1571754,Family Corner Market,624 Boston St,,Lynn,MA,01905,2033,ESSEX,Grocery Store,42.463581,-70.975754,,,123631
1344627,Pick & Pay,54 S Washington St,,North Attleboro,MA,02760,1631,BRISTOL,Convenience Store,41.980278,-71.332695,,,123696
1345263,La Mexicana Supermarket Llc,19B Saint James Ave,,Springfield,MA,01109,3858,HAMPDEN,Grocery Store,42.110012,-72.574181,,,123750
1318789,Oake Knoll Farms,70 North St,,Foxboro,MA,02035,1307,NORFOLK,Farmers and Markets,42.084736,-71.259949,,,123775
1174071,MARKET BASKET 79,110 Market Place Dr,,Waltham,MA,02451,1099,MIDDLESEX,Super Store,42.380348,-71.26339,,,123793
1318399,Diamond Food Store,1066 Federal St,,Belchertown,MA,01007,9022,HAMPSHIRE,Convenience Store,42.337128,-72.457024,,,123875
1645933,Chatham Village Market,20 Queen Anne Rd,,Chatham,MA,02633,1859,BARNSTABLE,Other,41.684444,-69.968208,,,123891
1652235,Richdale Food Shops 140,5 Waltham St,,Maynard,MA,01754,2417,MIDDLESEX,Convenience Store,42.432106,-71.449249,,,123897
1344335,Nouria 1044,85 Lynnfield St,,Peabody,MA,01960,5229,ESSEX,Convenience Store,42.516933,-70.951569,,,123923
1232107,Family Dollar 11413,2 Broadway,,Methuen,MA,01844,3811,ESSEX,Other,42.718227,-71.179146,,,123929
1232110,Family Dollar 11535,320 S Broadway,,Lawrence,MA,01843,2692,ESSEX,Other,42.689548,-71.158844,,,123935
1344741,Dollar Tree 7635,525 Washington St,,Stoughton,MA,02072,4205,NORFOLK,Other,42.131664,-71.101791,,,123944
1344345,Dollar Tree 7711,1914 Ocean St,,Marshfield,MA,02050,3304,PLYMOUTH,Other,42.092014,-70.706017,,,123971
1344758,Dollar Tree 7698,1 Carlisle Rd,,Westford,MA,01886,3601,MIDDLESEX,Other,42.565838,-71.423553,,,123993
1179533,Gilbert Market,93 N Main St,,Webster,MA,01570,2236,WORCESTER,Convenience Store,42.058102,-71.878197,,,124006
1280584,The Pumpkin Farm,72 Milford St,,Medway,MA,02053,2219,NORFOLK,Farmers and Markets,42.145576,-71.454628,,,124019
1282373,Dollar General 17767,447 Route 28,,West Yarmouth,MA,02673,4844,BARNSTABLE,Other,41.650482,-70.240685,,,124222
1280785,Stop N Save,221 Main St,,Woburn,MA,01801,5003,MIDDLESEX,Convenience Store,42.475243,-71.149437,,,124257
1281568,Four Corners Farm,27 Old North Rd,,Worthington,MA,01098,9753,HAMPSHIRE,Farmers and Markets,42.411758,-72.93644,,,124290
1281741,Hart Farm,585 S Shirkshire Rd,,Conway,MA,01341,9740,FRANKLIN,Farmers and Markets,42.552734,-72.726051,,,124310
1281765,Sam's Food Store,200 Vfw Dr,,Rockland,MA,02370,1130,PLYMOUTH,Convenience Store,42.147594,-70.917122,,,124311
1280839,Intervale Farm,106 South Rd,,Westhampton,MA,01027,9660,HAMPSHIRE,Farmers and Markets,42.292114,-72.775047,,,124377
1596157,Groundwork Farm,131 Pine Hill Rd,,Westport,MA,02790,1212,BRISTOL,Farmers and Markets,41.614254,-71.051666,,,124460
1524375,Tremont Market,748 Tremont St,,Boston,MA,02118,    ,SUFFOLK,Convenience Store,42.339886,-71.078751,,,124474
1524447,Bayes Norton Farm NAFMNP,223 Edgartown Rd,,Vineyard Haven,MA,02568,5602,DUKES,Farmers and Markets,41.445221,-70.608856,,,124497
1175535,Dollar General 14438,670 N Main St,,Sheffield,MA,01257,9502,BERKSHIRE,Other,42.124722,-73.358635,,,124614
1282431,Polanco Market,51 Center St,,Methuen,MA,01844,4352,ESSEX,Grocery Store,42.720097,-71.177284,,,124637
1174521,Jamie's Variety,113 H St,,Boston,MA,02127,3095,SUFFOLK,Convenience Store,42.334,-71.041542,,,124691
1179406,Dollar Tree 5636,24 Blandin Ave,,Framingham,MA,01702,7020,MIDDLESEX,Other,42.277306,-71.410004,,,124847
1281384,Mass Audubon Drumlin Farm Wildlife Sanctuary,208 S Great Rd,,Lincoln,MA,01773,4800,MIDDLESEX,Farmers and Markets,42.409775,-71.331367,,,124976
1524684,Chelmsford Market On The Common NAFMNP,4 North Rd,,Chelmsford,MA,01824,2711,MIDDLESEX,Farmers and Markets,42.598251,-71.35276,,,125108
1610743,7-Eleven 15405B,426 Newton St,,South Hadley,MA,01075,2343,HAMPSHIRE,Convenience Store,42.234158,-72.584518,,,125123
1203086,Dollar Tree 5766,121 Sutton Ave,,Oxford,MA,01540,1812,WORCESTER,Other,42.114094,-71.84359,,,125312
1525131,United National Market,134 Bunker Hill St,,Charlestown,MA,02129,3119,SUFFOLK,Convenience Store,42.377907,-71.059784,,,125338
1203995,Rabash International Llc,438 Pleasant Street,,Worcester,MA,01609,    ,WORCESTER,Grocery Store,42.263351,-71.816933,,,125474
1525244,Pleasant Street Gulf,528 Pleasant St,,Worcester,MA,01602,2721,WORCESTER,Convenience Store,42.263618,-71.820015,,,125584
1525245,Kelly Square Gulf,185 Madison St,,Worcester,MA,01610,2730,WORCESTER,Convenience Store,42.25502,-71.79866,,,125588
1204299,Walgreens 17472,33 Whistlestop Mall,,Rockport,MA,01966,1437,ESSEX,Other,42.655693,-70.626457,,,125597
1525253,Shrewsbury Gas & Market,22 Maple Ave,,Shrewsbury,MA,01545,2922,WORCESTER,Convenience Store,42.295124,-71.717293,,,125603
1525258,590 Southbridge Gas And Market LLC,590 Southbridge St,,Worcester,MA,01610,2634,WORCESTER,Convenience Store,42.245884,-71.810013,,,125613
1525265,Park Ave Gas & Market,185 Park Ave,,Worcester,MA,01609,1698,WORCESTER,Convenience Store,42.272854,-71.813538,,,125626
1525271,Riverside Gulf,1530 Concord St,,Framingham,MA,01701,3588,MIDDLESEX,Convenience Store,42.321884,-71.398102,,,125636
1525466,Ludlow Central Bakery,270 East St,,Ludlow,MA,01056,3001,HAMPDEN,Grocery Store,42.15871,-72.47522,,,125649
1525514,Sunoco Gas Station,430 N Main St,,Leeds,MA,01053,9714,HAMPSHIRE,Convenience Store,42.349327,-72.69017,,,125707
1525546,Herrick Farm NAFMNP,77 Dodge Rd,,Rowley,MA,01969,2229,ESSEX,Farmers and Markets,42.706928,-70.937904,,,125720
1200902,Cumberland Farms 6739,150 S Main St,,Middleboro,MA,02346,1822,PLYMOUTH,Convenience Store,41.88456,-70.918633,,,125782
1201265,Stillman's Farm,1205 Barre Rd,,New Braintree,MA,01531,1870,WORCESTER,Farmers and Markets,42.332176,-72.112877,,,125811
1202645,Dollar General 15352,44 N Main St,,Carver,MA,02330,1110,PLYMOUTH,Other,41.911205,-70.801071,,,125858
1205331,Dollar Tree 6103,1230 VFW Pkwy,,West Roxbury,MA,02132,4926,SUFFOLK,Other,42.278126,-71.171577,,,125940
979310,Speedway 2412,545 Lowell St,,Peabody,MA,01960,7460,ESSEX,Convenience Store,42.547981,-70.982193,,,126028
979313,Speedway 2419,468 West St,,Amherst,MA,01002,2965,HAMPSHIRE,Convenience Store,42.340321,-72.52005,,,126029
979315,Speedway 2432,943 County St,,Taunton,MA,02780,6949,BRISTOL,Convenience Store,41.877735,-71.062279,,,126030
979318,Speedway 2451,38 Enon St,,Beverly,MA,01915,1139,ESSEX,Convenience Store,42.586143,-70.885422,,,126032
979323,Speedway 2462,354 Main St,,Gloucester,MA,01930,3041,ESSEX,Convenience Store,42.616798,-70.653267,,,126033
980733,Speedway 2433,946 Washington St,,Attleboro,MA,02703,    ,BRISTOL,Convenience Store,41.900238,-71.36776,,,126106
980734,Speedway 2422,1315 Broadway,,Raynham,MA,02767,    ,BRISTOL,Convenience Store,41.963833,-71.067749,,,126115
1316557,Westfield Victory Store,47 Elm St,,Westfield,MA,01085,2915,HAMPDEN,Grocery Store,42.121716,-72.748489,,,126120
980737,Speedway 2411,125 W Main St,,Norton,MA,02766,    ,BRISTOL,Convenience Store,41.961243,-71.201073,,,126123
1315626,193 Pine Street Attleboro Llc,193 Pine St,,Attleboro,MA,02703,4063,BRISTOL,Convenience Store,41.936829,-71.282494,,,126130
1315845,Castillo Food Enterprises Inc,271 Lawrence St,,Lawrence,MA,01841,1154,ESSEX,Grocery Store,42.718983,-71.167931,,,126182
1317540,Rosario Grocery,760 Washington St,,Dorchester Center,MA,02124,4439,SUFFOLK,Convenience Store,42.285446,-71.070961,,,126319
1317623,Hillside Market,82 Hillside St,,Roxbury Crossing,MA,02120,3348,SUFFOLK,Convenience Store,42.330402,-71.102951,,,126338
1317685,Lowell Variety Store Inc,271 School St,,Lowell,MA,01854,3231,MIDDLESEX,Convenience Store,42.642918,-71.325851,,,126355
1317693,T & Y Enterprises Inc.,1530 Northampton St,,Holyoke,MA,01040,1939,HAMPDEN,Convenience Store,42.211617,-72.629692,,,126357
1317737,Granite Mart,308 Willard St,,Quincy,MA,02169,1501,NORFOLK,Convenience Store,42.245564,-71.031769,,,126364
1317778,Bsoto Llc,984 Amesbury Rd,,Haverhill,MA,01830,1753,ESSEX,Convenience Store,42.817822,-71.024864,,,126369
980790,BJ's Wholesale Club 209,1 Highland Cmn W,,Hudson,MA,01749,2048,MIDDLESEX,Super Store,42.395958,-71.600372,,,126394
1317039,Mobile Mart 2762,1033 Trapelo Rd,,Waltham,MA,02451,3232,MIDDLESEX,Convenience Store,42.411125,-71.234222,,,126412
1317309,Payless Convenience Store,274 Cedar St,,New Bedford,MA,02740,4560,BRISTOL,Convenience Store,41.643791,-70.936279,,,126479
980421,Speedway 2512,220 Broadway,Route 1,Saugus,MA,01906,1901,ESSEX,Convenience Store,42.461834,-71.028854,,,126624
980423,Speedway 2511,90 North St,,Salem,MA,01970,    ,ESSEX,Convenience Store,42.525921,-70.899544,,,126628
980551,ALDI 73023,354 Russell St,,Hadley,MA,01035,9538,HAMPSHIRE,Supermarket,42.359699,-72.553612,,,126661
982097,Dollar Tree 4474,1089 Central St,,Leominster,MA,01453,4807,WORCESTER,Other,42.49736,-71.745865,,,126678
982107,Dollar Tree 4449,2991 Cranberry Hwy,Ste. A,East Wareham,MA,02538,    ,PLYMOUTH,Other,41.758503,-70.666397,,,126690
1667298,Trenton St Market,104 Trenton St,,East Boston,MA,02128,2535,SUFFOLK,Convenience Store,42.379402,-71.035576,,,126704
1316837,Nathalys Market,346 Bay St,,Springfield,MA,01109,3523,HAMPDEN,Convenience Store,42.117634,-72.565804,,,126715
1664409,Country Convenience 1,210 Pond St,,East Bridgewater,MA,02333,2233,PLYMOUTH,Convenience Store,42.011627,-70.917465,,,126722
1662673,Ultra Variety,585 Essex St,,Lynn,MA,01901,1022,ESSEX,Grocery Store,42.465771,-70.950363,,,126734
980632,Joe's Kwik Mart 507,219 Cambridge St,,Allston,MA,02134,1827,SUFFOLK,Convenience Store,42.358055,-71.126343,,,126797
981464,Speedway 2406,273 Main St,,Wilmington,MA,01887,2321,MIDDLESEX,Convenience Store,42.554234,-71.18042,,,126806
981475,Speedway 2427,273 Cotuit Rd,,Sandwich,MA,02563,5117,BARNSTABLE,Convenience Store,41.702919,-70.485336,,,126809
981487,Speedway 2441,401 S Orleans Rd,,Orleans,MA,02653,4001,BARNSTABLE,Convenience Store,41.752979,-69.991013,,,126815
980646,Speedway 2481,1252 Broadway,,Saugus,MA,01906,4108,ESSEX,Convenience Store,42.45586,-71.023216,,,126817
981489,Speedway 2442,156 Iyannough Rd,,Hyannis,MA,02601,2029,BARNSTABLE,Convenience Store,41.659576,-70.275215,,,126818
980651,Speedway 2480,295 Derby St,,Salem,MA,01970,3632,ESSEX,Convenience Store,42.519894,-70.892105,,,126823
981494,Speedway 2443,1196 Sandwich Rd,,East Falmouth,MA,02536,4122,BARNSTABLE,Convenience Store,41.624493,-70.549965,,,126830
981495,Speedway 2444,336 Route 130,,Sandwich,MA,02563,2302,BARNSTABLE,Convenience Store,41.719902,-70.488403,,,126833
981497,Speedway 2445,1353 Route 28,,South Yarmouth,MA,02664,4509,BARNSTABLE,Convenience Store,41.666637,-70.184784,,,126839
981502,Speedway 2447,343 Scenic Hwy,,Buzzards Bay,MA,02532,5648,BARNSTABLE,Convenience Store,41.751648,-70.59343,,,126842
981505,Joe's Kwik Mart 509,110 Cambridge St,,Burlington,MA,01803,4103,MIDDLESEX,Convenience Store,42.498104,-71.194092,,,126845
981506,Speedway 2485,1920 Andover St,,Tewksbury,MA,01876,1259,MIDDLESEX,Convenience Store,42.642754,-71.228447,,,126848
981508,Speedway 2491,279 Cambridge St,,Winchester,MA,01890,2338,MIDDLESEX,Convenience Store,42.455532,-71.159111,,,126851
1573180,Richdale Convenience Store,357 Middlesex Ave,,Wilmington,MA,01887,2133,MIDDLESEX,Convenience Store,42.56813,-71.159355,,,126961
1316432,7-eleven 32476C,91 Causeway St,91-99,Boston,MA,02114,1308,SUFFOLK,Convenience Store,42.364929,-71.062202,,,126978
1494567,El Tipico Salvadoreno Market Corp 0,227 Revere St,,Revere,MA,02151,4638,SUFFOLK,Convenience Store,42.417084,-71.000702,,,126979
1571196,La Baguette Divine Bakery Llc,170 Oak St,,Brockton,MA,02301,1354,PLYMOUTH,Specialty Store,42.101173,-71.031609,,,126981
1347006,Jacks Variety,140 Vernon St,,Worcester,MA,01610,2157,WORCESTER,Convenience Store,42.244858,-71.796364,,,127075
1346785,L&r Grocery Inc,1133 State St,,Springfield,MA,01109,2735,HAMPDEN,Grocery Store,42.11496,-72.553131,,,127207
1346799,Jayshiv Corp,1575 Purchase St,,New Bedford,MA,02740,6817,BRISTOL,Convenience Store,41.646515,-70.928131,,,127215
1319364,Gulf Service Center Dba Rudy's Express,31 Eastern Ave,,Dedham,MA,02026,1856,NORFOLK,Convenience Store,42.246971,-71.17231,,,127237
1320666,Vitoria Meat Market,152 Shirley Ave,,Revere,MA,02151,3211,SUFFOLK,Grocery Store,42.40781,-70.995148,,,127248
1320232,Grove Chicopee OP LLC,197 Grove St,,Chicopee,MA,01020,1817,HAMPDEN,Convenience Store,42.153507,-72.58429,,,127276
1320387,Palmer Food And Fuel Llc,177 Washington Ave,,Chelsea,MA,02150,3904,SUFFOLK,Convenience Store,42.398426,-71.031029,,,127318
1320607,Aksharderi Corporation,340 Milliken Blvd,,Fall River,MA,02721,1602,BRISTOL,Convenience Store,41.702412,-71.157051,,,127354
1179593,Market Basket 76,1200 Newport Ave,,Attleboro,MA,02703,8032,BRISTOL,Super Store,41.899578,-71.355194,,,127451
1345805,County Street. Convenience Store,133 County St,,New Bedford,MA,02744,1826,BRISTOL,Convenience Store,41.61982,-70.923752,,,127461
1345903,The Munchies Conveniences Store,15 Healey St,,Indian Orchard,MA,01151,1607,HAMPDEN,Other,42.157738,-72.497643,,,127521
1345997,E Market,370 Broadway,,Lawrence,MA,01841,3529,ESSEX,Convenience Store,42.711567,-71.173759,,,127537
1346087,Corner Store,635 Chandler St,,Worcester,MA,01602,1754,WORCESTER,Convenience Store,42.277023,-71.852745,,,127566
1346309,Trijal & Aashi Llc,1828 Boston Rd,,Springfield,MA,01129,1105,HAMPDEN,Convenience Store,42.146179,-72.482788,,,127629
1320801,Howes Farm And Garden Llc,134 Pleasant St,,Paxton,MA,01612,1410,WORCESTER,Farmers and Markets,42.289318,-71.890274,,,127636
1315119,Zeigler's Market Garden,241 Main St,,Norfolk,MA,02056,1306,NORFOLK,Farmers and Markets,42.118,-71.335732,,,127707
1320914,Trale Manomet Inc,709 State Rd,,Plymouth,MA,02360,5103,PLYMOUTH,Super Store,41.916023,-70.556099,,,127725
1319322,Yara Market,470 Main St,,West Springfield,MA,01089,3917,HAMPDEN,Grocery Store,42.102436,-72.610214,,,127886
1320097,Hartfield Market/NAXOG INC,72 School St,,Hatfield,MA,01038,9747,HAMPSHIRE,Convenience Store,42.37402,-72.607903,,,127979
1320168,Dollar Tree 7507,45 Vine St,,Charlestown,MA,02129,2801,SUFFOLK,Other,42.37706,-71.056664,,,127998
1183110,Henry's Market,588 Cabot St,,Beverly,MA,01915,2593,ESSEX,Super Store,42.571609,-70.89389,,,128069
1183543,Claudia Market,160 Humboldt Ave,,Dorchester,MA,02121,1215,SUFFOLK,Convenience Store,42.314758,-71.088158,,,128105
1284422,Oakdale Farms,1758 Somerset Ave,,Dighton,MA,02715,1225,BRISTOL,Farmers and Markets,41.823627,-71.120918,,,128237
1284424,Under The Sun,1050 Williams St,,North Dighton,MA,02764,1602,BRISTOL,Farmers and Markets,41.845928,-71.158005,,,128248
1284427,Under The Sun,2000 King Philip St,,Raynham,MA,02767,1449,BRISTOL,Farmers and Markets,41.92112,-71.064125,,,128256
1284438,Steven's Farm Stand NAFMNP,215 Cushman Rd,,Rochester,MA,02770,1524,PLYMOUTH,Farmers and Markets,41.73172,-70.866951,,,128368
1377503,Ciabo Convenience,100 Franklin St,Ste 2,Lawrence,MA,01840,1191,ESSEX,Grocery Store,42.707672,-71.168457,,,128496
1180239,Cumberland Farms 6734,200 Lowell St,,Wakefield,MA,01880,1018,MIDDLESEX,Convenience Store,42.522694,-71.077614,,,128602
1180553,Cumberland Farms 6742,320 S Broadway,,Lawrence,MA,01843,2692,ESSEX,Convenience Store,42.689598,-71.158882,,,128635
1371570,Almeida's Vegetable Patch NAFMNP,110 Gar Hwy,,Swansea,MA,02777,3216,BRISTOL,Farmers and Markets,41.742653,-71.19178,,,128636
1180958,Whole Foods Market 10513,348 Harrison Ave,,Boston,MA,02118,2237,SUFFOLK,Super Store,42.344982,-71.063698,,,128691
1283518,Checkerberry Farm,46 Tar Kiln Rd,,Orleans,MA,02653,4803,BARNSTABLE,Farmers and Markets,41.734116,-69.998688,,,128768
1284028,Berberian's Farm,68 Otis St,,Northborough,MA,01532,2411,WORCESTER,Farmers and Markets,42.292412,-71.65831,,,128813
1284040,JKs Good Thyme Farm,103 Fitchburg Rd,,Ashburnham,MA,01430,1422,WORCESTER,Farmers and Markets,42.630394,-71.891273,,,128817
1283569,Marshall's Farm Stand,144 Concord St,,Gloucester,MA,01930,1509,ESSEX,Farmers and Markets,42.637325,-70.711784,,,128827
1283582,Macarthur Farm,137 Concord St,,Holliston,MA,01746,1313,MIDDLESEX,Farmers and Markets,42.215397,-71.425674,,,128834
1284267,Pignatare's Farm,380 East Mountain Rd,,Westfield,MA,01085,    ,HAMPDEN,Farmers and Markets,42.120007,-72.699516,,,128897
1284314,Good Bunch Farm,221 N River Rd,,Shelburne Falls,MA,01370,9433,FRANKLIN,Farmers and Markets,42.628208,-72.738136,,,128925
1284332,Phoenix Fruit Farm,249 Sabin St,,Belchertown,MA,01007,9385,HAMPSHIRE,Farmers and Markets,42.260921,-72.362099,,,128940
1283716,Dollar Tree 7266,544 Southbridge St,,Worcester,MA,01610,1757,WORCESTER,Other,42.246826,-71.809845,,,128943
1284342,Crabapple Farm,100 Bryant St,,Chesterfield,MA,01012,9726,HAMPSHIRE,Farmers and Markets,42.369701,-72.847046,,,128948
1284360,Park Hill Orchard Llc,82 Park Hill Rd,,Easthampton,MA,01027,9758,HAMPSHIRE,Farmers and Markets,42.285606,-72.694611,,,128956
1284366,Natural Roots,888 Shelburne Falls Rd,,Conway,MA,01341,9661,FRANKLIN,Farmers and Markets,42.531387,-72.700867,,,128960
1526308,A1 Go Mart,670 Spring St,,Winchendon,MA,01475,2121,WORCESTER,Convenience Store,42.667065,-72.01133,,,129121
1525818,The Grown Up Farm NAFMNP,296 South St,,Belchertown,MA,01007,9239,HAMPSHIRE,Farmers and Markets,42.197262,-72.371635,,,129206
1207940,Dollar General 15668,893 Church St,,New Bedford,MA,02745,1430,BRISTOL,Other,41.691261,-70.941055,,,129212
1206753,CVS 433,481 Pittsfield Rd,,Lenox,MA,01240,2132,BERKSHIRE,Other,42.405193,-73.264992,,,129470
1206754,CVS 1095,165 University Dr,,Amherst,MA,01002,8900,HAMPSHIRE,Other,42.368935,-72.533455,,,129471
1613168,Citigo Gas & Mart,707 Dickinson St,,Springfield,MA,01108,3137,HAMPDEN,Convenience Store,42.078964,-72.553925,,,129584
1207377,Al Prime Energy 106,175 Lafayette St,,Salem,MA,01970,4831,ESSEX,Convenience Store,42.515316,-70.892578,,,129642
1526759,Johnnys Market Iii,54 Washington Ave,,Chelsea,MA,02150,3907,SUFFOLK,Convenience Store,42.394707,-71.033546,,,129691
1207703,Norfolk Gas And Market Llc 243,242 Dedham St,,Norfolk,MA,02056,1558,NORFOLK,Convenience Store,42.088856,-71.301506,,,129696
1208073,Aldi 24,898 Crane Ave,,Pittsfield,MA,01201,    ,BERKSHIRE,Supermarket,42.468208,-73.205292,,,129727
1206244,Target Store 2822,1341 Boylston St,,Boston,MA,02215,3909,SUFFOLK,Super Store,42.344128,-71.099556,,,129750
1525695,Blue River Food Shop,1239 River St,,Hyde Park,MA,02136,2820,SUFFOLK,Grocery Store,42.256138,-71.123093,,,129853
1525697,Rk Mart,7 Acton Rd,,Chelmsford,MA,01824,3403,MIDDLESEX,Convenience Store,42.595501,-71.352669,,,129857
1673023,TARGET 2173,385 Centre Ave,,Abington,MA,02351,2293,PLYMOUTH,Super Store,42.110325,-70.927025,,,129978
1375765,Falmouth Convenience  Store,886 Main St,,Falmouth,MA,02540,3656,BARNSTABLE,Convenience Store,41.555084,-70.600319,,,130032
983423,Speedway 2423,710 Gallivan Blvd,,Dorchester Center,MA,02124,5424,SUFFOLK,Convenience Store,42.284004,-71.048058,,,130089
983465,Speedway 2424,2055 Massachusetts Ave,,Cambridge,MA,02140,1307,MIDDLESEX,Convenience Store,42.390938,-71.122231,,,130105
983474,Speedway 2426,2370 Commonwealth Ave,,Auburndale,MA,02466,1719,MIDDLESEX,Convenience Store,42.344597,-71.258072,,,130108
983477,Speedway 2430,874 Dorchester Ave,,Dorchester,MA,02125,1117,SUFFOLK,Convenience Store,42.321274,-71.056526,,,130109
983480,Speedway 2448,100 Brighton Ave,,Allston,MA,02134,2102,SUFFOLK,Convenience Store,42.352703,-71.129738,,,130110
983484,Speedway 2458,373 Bridge St,,Dedham,MA,02026,1747,NORFOLK,Convenience Store,42.259033,-71.17878,,,130112
983488,Speedway 2459,1701 Worcester Rd,,Framingham,MA,01701,5456,MIDDLESEX,Convenience Store,42.297157,-71.484192,,,130116
983497,Speedway 2472,207 Highland Ave,,Needham Heights,MA,02494,3007,NORFOLK,Convenience Store,42.304749,-71.220627,,,130117
983500,Speedway 2486,66 Prospect St,,Waltham,MA,02453,8527,MIDDLESEX,Convenience Store,42.373619,-71.24646,,,130118
983502,Speedway 2507,207 Worcester St,,Natick,MA,01760,2249,MIDDLESEX,Convenience Store,42.303013,-71.33535,,,130119
983503,Speedway 2517,1779 Centre St,,West Roxbury,MA,02132,1545,SUFFOLK,Convenience Store,42.28754,-71.151894,,,130120
983506,Speedway 2476,91 Faunce Corner Rd,,North Dartmouth,MA,02747,1210,BRISTOL,Convenience Store,41.648838,-70.988327,,,130121
983508,Speedway 2467,165 Summer St,,Kingston,MA,02364,1220,PLYMOUTH,Convenience Store,42.007664,-70.730446,,,130122
983513,Speedway 2488,163 Main St,,Wareham,MA,02571,2124,PLYMOUTH,Convenience Store,41.756985,-70.713814,,,130123
1375770,North Elm Butcher Block,37 N Elm St,,Westfield,MA,01085,1619,HAMPDEN,Grocery Store,42.130394,-72.744926,,,130132
1375445,Dollar Tree 7407,130 Market Dr,,Athol,MA,01331,    ,WORCESTER,Other,42.580116,-72.183754,,,130290
984810,Campus Mini Mart,356 Boston Ave,,Medford,MA,02155,5320,MIDDLESEX,Convenience Store,42.411285,-71.121086,,,130449
1602087,Cape Cod Farms,601 Route 28,,West Yarmouth,MA,02673,5060,BARNSTABLE,Convenience Store,41.649296,-70.229507,,,130519
1375268,CVS Pharmacy 11200,55 Huntington Ave,,Boston,MA,02199,7602,SUFFOLK,Other,42.347004,-71.079834,,,130619
985098,Cumberland Farms 6729,41 Main St,,Kingston,MA,02364,3032,PLYMOUTH,Convenience Store,41.983757,-70.700653,,,130627
1589776,Lakeville Liquors And Market,330 Bedford St,Ste 6,Lakeville,MA,02347,2100,PLYMOUTH,Convenience Store,41.844059,-70.948036,,,130710
1375622,Alianca Market,300 Rodman St,,Fall River,MA,02721,2928,BRISTOL,Specialty Store,41.696476,-71.153641,,,130719
1602356,SCCHC Pharmacy,256 Harrison Ave,,Boston,MA,02111,1835,SUFFOLK,Convenience Store,42.347622,-71.062424,,,130725
982932,Walgreens 13642,1161 Bridge St,,Lowell,MA,01850,1252,MIDDLESEX,Other,42.663597,-71.303055,,,130750
982954,Walgreens 13081,399 Washington St,,Newton,MA,02458,1599,MIDDLESEX,Other,42.356388,-71.189537,,,130793
1375668,Mashpee Shell,135 Main St,,Mashpee,MA,02649,2274,BARNSTABLE,Convenience Store,41.644348,-70.460983,,,130814
1375127,New Corner Variety Westfield,2 Crown St,,Westfield,MA,01085,1112,HAMPDEN,Convenience Store,42.13446,-72.746185,,,130981
1375761,Harold Convenience,206 Harold St,,Dorchester,MA,02121,1415,SUFFOLK,Convenience Store,42.313778,-71.091789,,,130993
1347851,Jhade Supermarket Inc.,481 Geneva Ave,,Dorchester,MA,02122,1322,SUFFOLK,Grocery Store,42.299335,-71.064789,,,131012
1348067,Market Steet Market,95 Market St,,Lowell,MA,01852,1807,MIDDLESEX,Convenience Store,42.644474,-71.310379,,,131064
1575266,Obriens Market,1660 Dorchester Ave,,Dorchester,MA,02122,1317,SUFFOLK,Grocery Store,42.293945,-71.061821,,,131089
1348184,Framingham Convenience,189 Concord St,,Framingham,MA,01702,6701,MIDDLESEX,Convenience Store,42.280174,-71.416023,,,131098
1322588,7-Eleven Store 26561G,169 Salem St,,Malden,MA,02148,4114,MIDDLESEX,Convenience Store,42.42939,-71.061165,,,131123
1321541,Century Convenience,766 Blue Hill Ave,,Dorchester Center,MA,02124,1604,SUFFOLK,Convenience Store,42.298443,-71.0867,,,131170
1321670,Rfs Store 112 Inc 102,49 Main St,,Milford,MA,01757,2615,WORCESTER,Convenience Store,42.143063,-71.516472,,,131207
1321794,Warren Package Store,942 Main St,,Warren,MA,01083,2127,WORCESTER,Convenience Store,42.213467,-72.193298,,,131251
1322910,Attleboro Variety Inc,110 N Main St,Unit 2,Attleboro,MA,02703,2293,BRISTOL,Convenience Store,41.947144,-71.287849,,,131336
1348984,Dollar Tree 7697,75 S Bolton St,,Marlborough,MA,01752,    ,MIDDLESEX,Other,42.344959,-71.545128,,,131447
1348989,Dollar Tree 7708,237 Broadway,,Taunton,MA,02780,1508,BRISTOL,Other,41.921837,-71.090645,,,131449
1321834,Adom Market,1073A Main St,,Worcester,MA,01603,2406,WORCESTER,Grocery Store,42.24501,-71.832733,,,131468
1348261,Yessenias Market,3348 Washington St,,Jamaica Plain,MA,02130,2612,SUFFOLK,Grocery Store,42.309311,-71.104668,,,131489
1349080,Portillo Brothers Market,490 Ferry St,,Malden,MA,02148,7852,MIDDLESEX,Convenience Store,42.420265,-71.054909,,,131527
1349109,V And D Variety,295 Adams St,,Dorchester,MA,02122,1213,SUFFOLK,Convenience Store,42.299183,-71.058044,,,131558
1321941,Ledeta Gebeya,381 Dudley St,,Roxbury,MA,02119,3366,SUFFOLK,Other,42.326256,-71.075615,,,131644
1321965,Richdale Convenience,86 Newhall St,,Lynn,MA,01902,3499,ESSEX,Convenience Store,42.459667,-70.938843,,,131664
1348352,Abc Mini Market,41 Granite St,,Worcester,MA,01604,5438,WORCESTER,Convenience Store,42.247097,-71.788979,,,131721
1349174,5 Corner Food Mart,163 Newbury Ave,,Quincy,MA,02171,2215,NORFOLK,Convenience Store,42.278446,-71.027649,,,131755
1348398,Mashpee Mart,44 Falmouth Rd,,Mashpee,MA,02649,2720,BARNSTABLE,Convenience Store,41.6339,-70.459389,,,131759
1322431,Unified Cup Stop Inc. 2,249 Kimball St,,Fitchburg,MA,01420,4241,WORCESTER,Convenience Store,42.583534,-71.807976,,,131775
1349199,Min Yoyo Store,180 Oak St,,Brockton,MA,02301,1354,PLYMOUTH,Grocery Store,42.1008,-71.033218,,,131788
1348482,EZ Mart,1166 Washington St,,East Weymouth,MA,02189,2302,NORFOLK,Convenience Store,42.197144,-70.928665,,,131848
1322084,Krish Convenience Inc,296 Shawsheen Ave,,Wilmington,MA,01887,2345,MIDDLESEX,Grocery Store,42.561211,-71.202171,,,131856
1347759,La Baguette Prime Bakery 426,637 River St,,Mattapan,MA,02126,3037,SUFFOLK,Other,42.265182,-71.09938,,,131863
1322522,DOLLAR GENERAL 18273,2 Oakham Rd,,North Brookfield,MA,01535,2025,WORCESTER,Other,42.278866,-72.081779,,,131887
1347789,Ezee Mart,50 Morgan Rd,,West Springfield,MA,01089,1410,HAMPDEN,Convenience Store,42.129967,-72.628433,,,131905
1348526,Ac Farm Market,1429 Dorchester Ave,,Boston,MA,02122,2915,SUFFOLK,Specialty Store,42.302338,-71.059792,,,131919
1366742,Farm And Community Collaborative Inc,2 Mark Twain Dr,,Lakeville,MA,02347,2057,PLYMOUTH,Farmers and Markets,41.822041,-70.951744,,,132004
1643419,Dans Veggies And Poplar Mountain Maple FFAB,151 Northfield Rd,,Erving,MA,01344,4421,FRANKLIN,Farmers and Markets,42.603767,-72.474129,,,132150
1640650,7-Eleven 34425B 34425,38 Maple Ave,,Shrewsbury,MA,01545,2922,WORCESTER,Convenience Store,42.2943,-71.7183,,,132159
1635974,Falcon Ecuatoriano Store Inc,707 Merrimack St,,Lowell,MA,01854,3910,MIDDLESEX,Convenience Store,42.648659,-71.319443,,,132268
1367221,KT Cornerstone Supermarket,63 Fletcher St,C5,Lowell,MA,01854,    ,MIDDLESEX,Grocery Store,42.641468,-71.318031,,,132284
1588680,Taste Health 01,54 Exchange St,,Lynn,MA,01901,1416,ESSEX,Farmers and Markets,42.463669,-70.942596,,,132309
1366655,La Union Market And Butchery,105 Chelsea St,,East Boston,MA,02128,1937,SUFFOLK,Grocery Store,42.372467,-71.035492,,,132373
1250714,Tienda Centro Americana Y Antojitos ,1527 Acushnet Ave,,New Bedford,MA,02746,2223,BRISTOL,Grocery Store,41.662468,-70.928429,,,132410
1566252,Friends Food Mart,407 S Main St,Unit 2,Fall River,MA,02721,5345,BRISTOL,Convenience Store,41.697891,-71.159874,,,132445
1366134,Family Dollar 12376,25 Oak St,,Brockton,MA,02301,1301,PLYMOUTH,Other,42.104527,-71.026237,,,132483
1184411,MARKET BASKET 78,147 Thrower Rd,,Athol,MA,01331,9549,WORCESTER,Super Store,42.568443,-72.253036,,,132560
1186701,Halal Foods 1,1717 Middlesex St,Ste 4,Lowell,MA,01851,1161,MIDDLESEX,Grocery Store,42.635296,-71.353119,,,132653
1366228,Loeb's Foodtown,42 Main St,,Lenox,MA,01240,2339,BERKSHIRE,Supermarket,42.358173,-73.284149,,,132678
1183774,Payless Foodmart,81 Read St,,Lowell,MA,01850,2533,MIDDLESEX,Convenience Store,42.651051,-71.301689,,,132684
1183808,Revere Beach Food Mart,161 Shirley Ave,,Revere,MA,02151,3256,SUFFOLK,Grocery Store,42.40765,-70.994682,,,132697
1680933,Pride 638,395 Main St,,Agawam,MA,01001,1849,HAMPDEN,Convenience Store,42.079502,-72.61409,,,132719
1183837,Family Foods,350 E Falmouth Hwy,,East Falmouth,MA,02536,6099,BARNSTABLE,Grocery Store,41.579021,-70.560829,,,132758
1186879,Target Store 2649,221 University Ave,,Westwood,MA,02090,2333,NORFOLK,Super Store,42.203369,-71.153694,,,132821
1183966,Speedway 2454,296 N Pearl St,,Brockton,MA,02301,    ,PLYMOUTH,Convenience Store,42.099358,-71.066795,,,132824
1186955,Speedway 2434,230 Worcester St,,Natick,MA,01760,1825,MIDDLESEX,Convenience Store,42.302601,-71.335587,,,132883
1366007,Drew Food Mart,82 Thomas St,,Worcester,MA,01608,1223,WORCESTER,Convenience Store,42.267815,-71.79715,,,132983
1366041,Dollar Tree 7724,525 Main St,,West Yarmouth,MA,02673,4948,BARNSTABLE,Other,41.650208,-70.235321,,,132989
1527039,Pride 622,1211 E Columbus Ave,,Springfield,MA,01105,2554,HAMPDEN,Convenience Store,42.097183,-72.586243,,,133031
1392994,CUMBERLAND FARMS 6773,710 Oak St,,Brockton,MA,02301,1100,PLYMOUTH,Convenience Store,42.101162,-71.056915,,,133057
1392995,Giammalvo's Market,1914 Purchase St,,New Bedford,MA,02740,6854,BRISTOL,Grocery Store,41.65099,-70.929222,,,133058
1393091,Energy North 2102,197 Main St,,Townsend,MA,01469,1037,MIDDLESEX,Convenience Store,42.662815,-71.697639,,,133072
1393093,Energy North 2110,1700 Shawsheen St,,Tewksbury,MA,01876,1550,MIDDLESEX,Convenience Store,42.621624,-71.184464,,,133073
1393106,Energy North 2120,156 Main St,,Essex,MA,01929,1304,ESSEX,Convenience Store,42.629417,-70.771828,,,133077
1393109,Energy North 2121,265 Central St,,Berlin,MA,01503,1217,WORCESTER,Convenience Store,42.39262,-71.610535,,,133078
1393111,Energy North 2123,144 Thompson Rd,,Webster,MA,01570,2036,WORCESTER,Convenience Store,42.045456,-71.862946,,,133079
1393118,Bourne Bridge Mobil,2 Head of the Bay Rd,,Buzzards Bay,MA,02532,3009,BARNSTABLE,Convenience Store,41.752449,-70.598022,,,133084
1393136,Energy North 3120,318 Main St,,Groton,MA,01450,4245,MIDDLESEX,Convenience Store,42.614162,-71.577812,,,133092
1393150,7-eleven 37473A,425 Washington St,,Weymouth,MA,02188,2929,NORFOLK,Convenience Store,42.209229,-70.958397,,,133098
1393171,One Stop Mini Market,1406 Main St,,Worcester,MA,01603,1289,WORCESTER,Convenience Store,42.240887,-71.854576,,,133110
1527041,Pride 623,1225 Parker St,,Springfield,MA,01129,1000,HAMPDEN,Convenience Store,42.115677,-72.498131,,,133122
1527042,Pride 624,1247 Riverdale St,,West Springfield,MA,01089,4616,HAMPDEN,Convenience Store,42.137928,-72.625259,,,133131
1527372,Jacqueline Supermarket Corp,199 Salem St,,Lawrence,MA,01843,1405,ESSEX,Grocery Store,42.697292,-71.16304,,,133168
1527527,CVS Pharmacy CVS11242,242 Main St,,Cambridge,MA,02142,1012,MIDDLESEX,Other,42.362083,-71.084702,,,133217
1527577,Dt Market Corp,17 High Rock St,,Lynn,MA,01902,3814,ESSEX,Convenience Store,42.469498,-70.946671,,,133233
1527045,Pride 626,1553 Dwight St,,Holyoke,MA,01040,2310,HAMPDEN,Convenience Store,42.211056,-72.628174,,,133267
1527046,Pride 627,1730 Longmeadow St,,Longmeadow,MA,01106,2210,HAMPDEN,Convenience Store,42.025024,-72.584183,,,133282
1393546,Mariam Market,151 Pleasant St,,Worcester,MA,01609,3207,WORCESTER,Grocery Store,42.263981,-71.807228,,,133293
1393210,7-eleven 37449,259 Bridge St,,North Weymouth,MA,02191,1126,NORFOLK,Convenience Store,42.242355,-70.955086,,,133396
1527052,Pride 629,77 West St,,Springfield,MA,01104,3326,HAMPDEN,Convenience Store,42.110165,-72.610512,,,133406
1527957,Higson Seafood Inc 1,917 S Main St,,Fall River,MA,02724,2923,BRISTOL,Specialty Store,41.692104,-71.165329,,,133430
1527057,Pride 631,363 Burnett Rd,,Chicopee,MA,01020,4675,HAMPDEN,Convenience Store,42.166149,-72.545204,,,133500
1526872,Artisan Market,450 Washington St,,Dedham,MA,02026,    ,NORFOLK,Farmers and Markets,42.245659,-71.174232,,,133512
1526960,Petroil Market,625 Western Ave,,Lynn,MA,01905,2209,ESSEX,Convenience Store,42.465904,-70.962151,,,133552
1526994,Richdale,44 Market St,,Ipswich,MA,01938,2233,ESSEX,Convenience Store,42.678947,-70.839081,,,133563
1526995,Pride 601,6 N Westfield St,,Feeding Hills,MA,01030,1678,HAMPDEN,Convenience Store,42.067249,-72.678101,,,133564
1526998,Pride 602,13 N Main St,,East Longmeadow,MA,01028,2320,HAMPDEN,Convenience Store,42.065613,-72.513039,,,133566
1526999,Pride 603,25 Russell St,,Hadley,MA,01035,9420,HAMPSHIRE,Convenience Store,42.339291,-72.609558,,,133567
1527001,Pride 604,27 Montgomery St,,Chicopee,MA,01020,1965,HAMPDEN,Convenience Store,42.161251,-72.582466,,,133568
1527004,Pride 605,60 Union St,,Easthampton,MA,01027,1449,HAMPSHIRE,Convenience Store,42.268219,-72.671326,,,133570
1527007,Pride 607,165 State St,,Belchertown,MA,01007,9028,HAMPSHIRE,Convenience Store,42.267826,-72.417953,,,133571
1527008,Pride 609,198 College Hwy,,Southwick,MA,01077,9438,HAMPDEN,Convenience Store,42.024918,-72.786148,,,133572
1527010,Pride 608,167 Chicopee St,,Chicopee,MA,01013,1301,HAMPDEN,Convenience Store,42.161068,-72.614174,,,133574
1527012,Pride 610,234 E Main St,,Westfield,MA,01085,3325,HAMPDEN,Convenience Store,42.114975,-72.7285,,,133575
1527014,Pride 611,375 King St,,Northampton,MA,01060,1243,HAMPSHIRE,Convenience Store,42.337498,-72.636635,,,133576
1527015,Pride 612,445 Russell St,,Hadley,MA,01035,9578,HAMPSHIRE,Convenience Store,42.363384,-72.53878,,,133577
1527016,Pride 613,478 Center St,,Ludlow,MA,01056,2734,HAMPDEN,Convenience Store,42.170654,-72.47863,,,133578
1527019,Pride 615,549 Page Blvd,,Springfield,MA,01104,3022,HAMPDEN,Convenience Store,42.139549,-72.56012,,,133580
1527021,Pride 616,618 N Main St,,East Longmeadow,MA,01028,1819,HAMPDEN,Convenience Store,42.079765,-72.537048,,,133582
1527023,Pride 617,700 State St,,Springfield,MA,01109,4108,HAMPDEN,Convenience Store,42.110878,-72.569138,,,133584
1527029,Pride 618,757 Riverdale St,,West Springfield,MA,01089,4611,HAMPDEN,Convenience Store,42.12471,-72.625374,,,133588
1527032,Pride 619,1053 Thorndike St,,Palmer,MA,01069,1504,HAMPDEN,Convenience Store,42.158825,-72.328224,,,133589
1527036,Pride 621,1143 Berkshire Ave,,Springfield,MA,01151,    ,HAMPDEN,Convenience Store,42.14946,-72.516808,,,133592
1527037,Pride 620,1110 Wilbraham Rd,,Springfield,MA,01109,2082,HAMPDEN,Convenience Store,42.116425,-72.52475,,,133593
1393266,7-eleven 37518b 37518,511 Broadway,,Everett,MA,02149,3719,MIDDLESEX,Convenience Store,42.408909,-71.053329,,,133642
1393345,7 Eleven 37465a,751 E Squantum St,,Quincy,MA,02171,1257,NORFOLK,Convenience Store,42.29739,-71.015617,,,133754
1393352,Weatherlow Farms,845 Sodom Rd,,Westport,MA,02790,4967,BRISTOL,Farmers and Markets,41.582703,-71.112465,,,133774
1393413,Wheelers Convenience,597 Dickinson St,,Springfield,MA,01108,3165,HAMPDEN,Convenience Store,42.081852,-72.554626,,,133794
1392687,7-11 37482 37482A,671 North St,,Randolph,MA,02368,4317,NORFOLK,Convenience Store,42.182957,-71.027008,,,133829
1392747,L & M Convenience Store,230 Ferry St,,Malden,MA,02148,7125,MIDDLESEX,Convenience Store,42.423351,-71.062561,,,133931
1393830,7-eleven 37456,98 Winchester St,,Newton Highlands,MA,02461,1720,MIDDLESEX,Convenience Store,42.316643,-71.208466,,,133952
1394547,Franklin Mini Market,52 E Central St,,Franklin,MA,02038,1420,NORFOLK,Convenience Store,42.082134,-71.395096,,,134007
1394633,7 Eleven 37466,590 Randolph Ave,,Milton,MA,02186,4524,NORFOLK,Convenience Store,42.248302,-71.068962,,,134038
1394650,Easthampton Farmers,50 Payson Ave,,Easthampton,MA,01027,2255,HAMPSHIRE,Farmers and Markets,42.265423,-72.669548,,,134047
1395107,Yellow Stonehouse Farm Store n/a,354 Root Rd,,Westfield,MA,01085,9839,HAMPDEN,Farmers and Markets,42.187008,-72.748978,,,134190
1394455,7 Eleven 37355A,1187 Hyde Park Ave,,Hyde Park,MA,02136,2808,SUFFOLK,Other,42.258305,-71.123543,,,134325
1395258,Dollar Tree 8342,303 E Central St,,Franklin,MA,02038,1317,NORFOLK,Other,42.081299,-71.383484,,,134387
1395261,Dollar Tree 8400,501 Foundry St,,North Easton,MA,02356,2716,BRISTOL,Other,42.024078,-71.12149,,,134390
1395434,In & Out Convenience Store,462 Lebanon St,,Malden,MA,02148,1731,MIDDLESEX,Convenience Store,42.441677,-71.049294,,,134438
1395494,Dollar Tree 8416,500 Route 134,,South Dennis,MA,02660,    ,BARNSTABLE,Other,41.694614,-70.150017,,,134455
1324239,Maynard Corner Store Llc,49 Walnut St,,Maynard,MA,01754,1757,MIDDLESEX,Convenience Store,42.429241,-71.45002,,,134500
1324240,Foodland Supermarket Inc.,120 Cambridge St,Ste 9A,Burlington,MA,01803,4180,MIDDLESEX,Grocery Store,42.499916,-71.19429,,,134506
1324272,Adam Halal Market N/A,1 Atlantic Ave,,Revere,MA,02151,5401,SUFFOLK,Grocery Store,42.397861,-70.991692,,,134564
1324726,Net Variety Inc Dba Soucy's Market,5 Front St,,Shirley,MA,01464,2851,MIDDLESEX,Convenience Store,42.544167,-71.652397,,,134591
1323791,Sandy's Variety Store,378 Washington St,,Dorchester Center,MA,02124,1125,SUFFOLK,Grocery Store,42.298599,-71.073051,,,134611
1324807,Betty Mini Mart & Restaurant Inc.,345 High St,,Holyoke,MA,01040,6568,HAMPDEN,Convenience Store,42.205292,-72.609406,,,134720
1325007,Maspak,3 Brown Ave,,Holyoke,MA,01040,3501,HAMPDEN,Convenience Store,42.194557,-72.623116,,,134946
1324120,E. L. Blood & Son Inc.,94 W Main St,,Groton,MA,01450,1614,MIDDLESEX,Specialty Store,42.60117,-71.620941,,,134978
1081700,Harrys Country Store,645 American Legion Hwy,,Westport,MA,02790,4130,BRISTOL,Convenience Store,41.630619,-71.088768,,,135008
1528233,Richdale,1 Merrimac Sq,,Merrimac,MA,01860,1920,ESSEX,Convenience Store,42.833569,-71.002586,,,135028
1132714,Liptonmart Elm St. 603,188 Elm St,,Pittsfield,MA,01201,6551,BERKSHIRE,Convenience Store,42.443352,-73.236809,,,135081
1528270,Tejeda Family Market,1435 Blue Hill Ave,,Mattapan,MA,02126,2253,SUFFOLK,Grocery Store,42.275589,-71.093834,,,135140
1528277,7-eleven 20430F,750 Massachusetts Ave,,Cambridge,MA,02139,3308,MIDDLESEX,Convenience Store,42.366074,-71.105316,,,135144
1528285,Marlborough Gulf Express,114 E Main St,,Marlborough,MA,01752,2646,MIDDLESEX,Convenience Store,42.350746,-71.541466,,,135149
1528371,Joe's Market,338 Squire Rd,,Revere,MA,02151,4315,SUFFOLK,Convenience Store,42.426941,-71.014275,,,135182
1036022,Marc's Market,51 Harbor St,,Salem,MA,01970,5037,ESSEX,Convenience Store,42.517841,-70.890808,,,135214
1084380,Mason Road Food Mart,1 Mason Rd,,East Freetown,MA,02717,1709,BRISTOL,Convenience Store,41.771835,-70.954697,,,135224
1580753,Seaport Seafood Market Inc.,714 Crescent St,,Brockton,MA,02302,3343,PLYMOUTH,Other,42.082088,-70.990753,,,135231
1231509,Friends Marketplace at Plumb Corner,565 Rounseville Rd,,Rochester,MA,02770,2020,PLYMOUTH,Grocery Store,41.732105,-70.821404,,,135278
1059708,7 Eleven (35659A) 35659A,3 Center Plaza,Ste 101A,Boston,MA,02108,    ,SUFFOLK,Convenience Store,42.359463,-71.059776,,,135328
985851,Speedy Mart,1507 Lakeview Ave,,Dracut,MA,01826,3310,MIDDLESEX,Convenience Store,42.674541,-71.334213,,,135340
1279613,Shell Food Mart,282 Main Street,,Buzzards Bay,MA,02532,    ,BARNSTABLE,Convenience Store,41.751225,-70.598503,,,135370
1368085,Bartlett's Ocean View Farm Inc.,33 Bartlett Farm Rd,,Nantucket,MA,02554,4341,NANTUCKET,Super Store,41.257465,-70.131554,,,135448
1675819,Ez Corner Store,526 Chestnut St,,Springfield,MA,01107,2042,HAMPDEN,Convenience Store,42.115204,-72.599937,,,135455
1368386,Sobrinos Market,416 Geneva Ave,,Dorchester,MA,02122,1421,SUFFOLK,Grocery Store,42.300987,-71.067032,,,135509
1325663,Kgdas Corp,256 Webster St,,Worcester,MA,01603,2225,WORCESTER,Convenience Store,42.230293,-71.835449,,,135510
1368397,Natick Community Organic Farm,117 Eliot St,,Natick,MA,01760,5506,MIDDLESEX,Farmers and Markets,42.268719,-71.324753,,,135515
1368401,Fernandez Liquors 6,1151 Blue Hill Ave,,Dorchester Center,MA,02124,3913,SUFFOLK,Convenience Store,42.285225,-71.091248,,,135521
1368403,Kailey Convenience Store,75 Park St,,Lawrence,MA,01841,1742,ESSEX,Grocery Store,42.716793,-71.16201,,,135523
1325410,Brockton Farmers Market Inc,45 School St,,Brockton,MA,02301,4049,PLYMOUTH,Farmers and Markets,42.082565,-71.018456,,,135726
1034407,La Borinquena Grocery,534 Dudley St,,Roxbury,MA,02119,2769,SUFFOLK,Grocery Store,42.32196,-71.072372,,,135835
1016112,Hi Lo Gas Rt 18,475 N Bedford St,,East Bridgewater,MA,02333,1147,PLYMOUTH,Convenience Store,42.046642,-70.955055,,,135836
1188510,Quintal Brothers Product Market,11 Scobee Cir,,Plymouth,MA,02360,4889,PLYMOUTH,Grocery Store,41.948429,-70.706734,,,135841
871791,Melo Deli Grocery,512 South St,,Holyoke,MA,01040,3629,HAMPDEN,Convenience Store,42.194771,-72.626396,,,135843
1132422,Balaji Indian Groceries,517 Main St,,Malden,MA,02148,3918,MIDDLESEX,Other,42.428307,-71.067085,,,135849
1368614,Hj Super Market Inc,164 S Union St,,Lawrence,MA,01843,1645,ESSEX,Grocery Store,42.697636,-71.153175,,,135898
1367878,Ocean State Job Lot 256,105 Campanelli Industrial Dr,,Brockton,MA,02301,1808,PLYMOUTH,Other,42.101341,-71.052811,,,135901
1528120,First City Meats,698 Washington St,,Lynn,MA,01901,1608,ESSEX,Grocery Store,42.46133,-70.94162,,,135948
1528210,Almonte Market# 11,129 Sargeant St,,Holyoke,MA,01040,3801,HAMPDEN,Grocery Store,42.20113,-72.614998,,,135975
1327073,Pina's Grocery Store Inc,1985A Columbus Ave,,Roxbury,MA,02119,1151,SUFFOLK,Grocery Store,42.314953,-71.097557,,,136027
1327079,Alltown Pittsfield 3715,90 Tyler St,,Pittsfield,MA,01201,4222,BERKSHIRE,Convenience Store,42.458374,-73.247589,,,136028
1326406,Convenience Station,570 Western Ave,,Lynn,MA,01904,3236,ESSEX,Convenience Store,42.466805,-70.960411,,,136109
1326415,Mekelle Inc Dba 7-eleven Inc 32465D,1436 Centre St,,Roslindale,MA,02131,1414,SUFFOLK,Convenience Store,42.293365,-71.136734,,,136112
1326439,Spiceshut,700 Worcester Rd,,Framingham,MA,01702,5230,MIDDLESEX,Grocery Store,42.298206,-71.426071,,,136119
1395769,Easties Corner,399 Saratoga St,,East Boston,MA,02128,1416,SUFFOLK,Convenience Store,42.379028,-71.029739,,,136302
1300186,CVS Pharmacy CVS10649,362 Main St,,Sturbridge,MA,01566,1057,WORCESTER,Other,42.112171,-72.088409,,,136305
1300830,Rusty Lantern 0005,5 Ayers Village Rd,,Methuen,MA,01844,1203,ESSEX,Convenience Store,42.791985,-71.184059,,,136314
1395827,Montello News,829 N Main St,,Brockton,MA,02301,1648,PLYMOUTH,Convenience Store,42.105083,-71.025368,,,136359
1300244,Honey Farms 2759,24 Sutton Ave,,Oxford,MA,01540,1737,WORCESTER,Convenience Store,42.116779,-71.860703,,,136365
1300308,Honey Farms 2760,540 Massasoit Rd,,Worcester,MA,01604,2724,WORCESTER,Convenience Store,42.225899,-71.761971,,,136478
1300310,Honey Farms 2761,38 Worcester Rd,,Charlton,MA,01507,1377,WORCESTER,Convenience Store,42.145584,-71.987358,,,136481
1300335,Honey Farms 3812,237 Cambridge St,,Worcester,MA,01603,2320,WORCESTER,Convenience Store,42.243675,-71.820412,,,136483
1302429,Wegmans 134,3850 Mystic Valley Parkway,,Medford,MA,02155,    ,MIDDLESEX,Supermarket,42.405663,-71.09362,,,136505
1302533,168 Seafood Market,48 Branch St,,Lowell,MA,01851,1805,MIDDLESEX,Specialty Store,42.637459,-71.322563,,,136534
1395580,Dudley Town Common Farmers Market 53,383 Dudley St,,Roxbury,MA,02119,3366,SUFFOLK,Farmers and Markets,42.326096,-71.075714,,,136546
1300478,Dairy Carousel Inc,220 S Main St,,Attleboro,MA,02703,4129,BRISTOL,Convenience Store,41.93573,-71.284805,,,136629
1300522,Trader Joe's 561,199 N Harvard St,Ste B,Allston,MA,02134,1171,SUFFOLK,Supermarket,42.363026,-71.130005,,,136633
1301383,Jamay Inc,309 Park St,,Lawrence,MA,01841,2435,ESSEX,Grocery Store,42.715973,-71.173775,,,136724
1395955,Dollar General 20007,180 W State St,,Granby,MA,01033,9463,HAMPSHIRE,Other,42.254765,-72.525742,,,136749
1301588,Dollar Tree 7365,673 Main St,,Walpole,MA,02081,3717,NORFOLK,Other,42.154137,-71.246361,,,136788
1301650,Honey Farms 3825,101 Highland St,,Worcester,MA,01609,2725,WORCESTER,Convenience Store,42.271076,-71.806343,,,136814
1301653,Honey Farms 3826,167 Daniel Shays Hwy,,Orange,MA,01364,2019,FRANKLIN,Convenience Store,42.558037,-72.28643,,,136816
1301658,Honey Farms 3827,188 Gore Rd,,Webster,MA,01570,6814,WORCESTER,Convenience Store,42.053947,-71.839859,,,136818
1301661,Honey Farms 3829,134 Leominster Shirley Rd,,Lunenburg,MA,01462,1660,WORCESTER,Convenience Store,42.537273,-71.705215,,,136822
1564523,Mystic Market,199 Mystic Ave,,Medford,MA,02155,4629,MIDDLESEX,Convenience Store,42.408169,-71.104431,,,136849
1301883,Dollar General 30635,1248 River St,,Hyde Park,MA,02136,2833,SUFFOLK,Other,42.255775,-71.123398,,,136851
1301884,DOLLAR GENERAL 19115,1030 Cambridge St,,Cambridge,MA,02141,1018,MIDDLESEX,Other,42.37286,-71.094315,,,136852
1301885,DOLLAR GENERAL 19128,786 Boston Rd,,Springfield,MA,01119,1350,HAMPDEN,Other,42.136974,-72.51889,,,136853
1396881,New Bedford Farmers Market - Downtown,1 Oneida St,,New Bedford,MA,02740,1539,BRISTOL,Farmers and Markets,41.632778,-70.952538,,,137027
1396890,New Bedford Farmers Market - Brooklawn Park,1997 Acushnet Ave,,New Bedford,MA,02745,6145,BRISTOL,Farmers and Markets,41.675751,-70.923233,,,137032
1396893,New Bedford Farmers Market - Clasky Common Park,1359 Purchase St,,New Bedford,MA,02740,6734,BRISTOL,Farmers and Markets,41.643555,-70.927513,,,137035
1396454,Express Mart,127 Route 6A,,Sandwich,MA,02563,2017,BARNSTABLE,Convenience Store,41.759892,-70.494049,,,137137
1368900,Small Farm,184 Gleasondale Rd,,Stow,MA,01775,1338,MIDDLESEX,Farmers and Markets,42.425381,-71.512383,,,137165
1080422,S & K Convenience,696 Eastern Ave,,Fall River,MA,02723,2007,BRISTOL,Convenience Store,41.687881,-71.13002,,,137211
1031052,Archers Mobil,70 Main St,,Ayer,MA,01432,1337,MIDDLESEX,Convenience Store,42.559696,-71.589897,,,137255
1042936,Nabs One Stop Shop Inc,60 Brookside Rd,,Westford,MA,01886,1873,MIDDLESEX,Convenience Store,42.614441,-71.410812,,,137262
1290586,Buckland Neighbors,195 State Street,,Shelburne Falls,MA,01370,    ,FRANKLIN,Convenience Store,42.613968,-72.739037,,,137274
1171092,Snap Mart Inc,245 Main St,,Malden,MA,02148,6959,MIDDLESEX,Convenience Store,42.423153,-71.06723,,,137315
1368827,Hilltown Mobile Market,19 Sawyer Rd,,Worthington,MA,01098,9707,HAMPSHIRE,Grocery Store,42.426575,-72.939911,,,137342
1284636,BUSA Farm,955 Lexington Rd,,Concord,MA,01742,2736,MIDDLESEX,Farmers and Markets,42.456635,-71.316322,,,137417
1169958,Los Latinos Meat Market,230 Newton St,,Waltham,MA,02453,    ,MIDDLESEX,Grocery Store,42.369385,-71.230286,,,137457
1396707,A&a Liquors And Market,115 Hampson St,,Dracut,MA,01826,4648,MIDDLESEX,Convenience Store,42.663715,-71.330505,,,137580
1396731,Sandy Groceries,51A Berkeley St,,Lawrence,MA,01841,1908,ESSEX,Grocery Store,42.718174,-71.157707,,,137591
1215441,Orion Market 1,233 Broadway,,Chelsea,MA,02150,2716,SUFFOLK,Convenience Store,42.390495,-71.038124,,,137620
1026078,North Billerica Gulf,80 Chelmsford Rd,,North Billerica,MA,01862,1340,MIDDLESEX,Convenience Store,42.587757,-71.307098,,,137713
1235201,Clark Farm Market,201 Bedford Rd,,Carlisle,MA,01741,1870,MIDDLESEX,Farmers and Markets,42.527012,-71.342865,,,137722
995862,Four Provinces,2253 Dorchester Ave,,Dorchester Center,MA,02124,5624,SUFFOLK,Convenience Store,42.273525,-71.067932,,,137750
1042832,Duran Market LLC,524 Western Ave,,Lynn,MA,01904,3314,ESSEX,Grocery Store,42.468632,-70.958031,,,137772
1100902,Moltenbreys Market,44 Worthington Rd,,Huntington,MA,01050,9759,HAMPSHIRE,Grocery Store,42.242344,-72.872093,,,137775
985142,7 Eleven 32442B,722 Huntington Ave,,Boston,MA,02115,5924,SUFFOLK,Convenience Store,42.334152,-71.104553,,,137815
1370119,Congress Market,67 Congress Ave,,Chelsea,MA,02150,2856,SUFFOLK,Convenience Store,42.389614,-71.036301,,,137879
1370218,Dollar General 20134,115 Northfield Rd,,Bernardston,MA,01337,9795,FRANKLIN,Other,42.66991,-72.535545,,,137901
1370260,E Market,390 S Union St,,Lawrence,MA,01843,2810,ESSEX,Convenience Store,42.693138,-71.15313,,,137916
1370305,Forthill Farm,325 Fort Hill Ave,,Pittsfield,MA,01201,5800,BERKSHIRE,Farmers and Markets,42.444843,-73.300301,,,137924
1370380,Borinquen Convenience Store,239 Dwight Street Ext,,Springfield,MA,01105,2201,HAMPDEN,Convenience Store,42.09655,-72.580254,,,137958
1327708,DOLLAR GENERAL 18908,617 Southampton Rd,,Westfield,MA,01085,1329,HAMPDEN,Other,42.160858,-72.72628,,,138008
1327709,DOLLAR GENERAL 19923,501 Newton St,,South Hadley,MA,01075,    ,HAMPSHIRE,Other,42.236649,-72.582779,,,138009
1673714,Grafton Hill Market,353 Grafton St,,Worcester,MA,01604,3709,WORCESTER,Convenience Store,42.256393,-71.785553,,,138074
1676619,363 Racing Mart Inc,363 Main St,,Indian Orchard,MA,01151,1225,HAMPDEN,Convenience Store,42.157845,-72.493279,,,138078
1327973,One Stop Convenience,1056 North Rd,,Westfield,MA,01085,9727,HAMPDEN,Convenience Store,42.178436,-72.691269,,,138080
1371159,ALDI 73086,485 William S Canning Blvd,,Fall River,MA,02721,2341,BRISTOL,Supermarket,41.66608,-71.157219,,,138134
987649,4707509.0 7509,1 Greenfield Rd,,South Deerfield,MA,01373,9618,FRANKLIN,Convenience Store,42.471161,-72.614708,,,138222
1370723,Dollar Tree 7917,219 N Main St,Ste. A 100,Natick,MA,01760,    ,MIDDLESEX,Other,42.302155,-71.359474,,,138469
1370727,Dollar Tree 7936,201 Market St,,Rockland,MA,02370,1932,PLYMOUTH,Other,42.12233,-70.913567,,,138473
991341,Red Fire Farm,7 Carver St,,Granby,MA,01033,9529,HAMPSHIRE,Farmers and Markets,42.226967,-72.495224,,,138552
991793,Walgreens 2933,841 Boylston St,,Boston,MA,02116,2601,SUFFOLK,Other,42.348907,-71.082809,,,138661
1327137,7-eleven 37371A,122 Cambridge St,,Boston,MA,02114,2524,SUFFOLK,Convenience Store,42.361149,-71.063454,,,138703
1327158,Mill City Convenience,494 Westford St,,Lowell,MA,01851,2530,MIDDLESEX,Convenience Store,42.633915,-71.333466,,,138706
990352,Target 2570,605 Boston Post Rd E,,Marlborough,MA,01752,3702,MIDDLESEX,Super Store,42.348236,-71.505569,,,138806
1370797,Duxbury Brothers Marketplace 405,46 Depot St,,Duxbury,MA,02332,4453,PLYMOUTH,Supermarket,42.025696,-70.683899,,,138817
1327418,Ez Mart Foods Of Ma Inc,232 Ashland St,,North Adams,MA,01247,4517,BERKSHIRE,Convenience Store,42.692924,-73.107666,,,138938
1328862,Stride Corporation,150 Bennington St,,East Boston,MA,02128,1750,SUFFOLK,Grocery Store,42.377003,-71.033577,,,139030
1302674,Boylston Gas and Market LLC 219,270 Shrewsbury St,,Boylston,MA,01505,1403,WORCESTER,Convenience Store,42.327042,-71.722115,,,139094
1302804,CVS Pharmacy 10039,150 Main St,,Wayland,MA,01778,4512,MIDDLESEX,Other,42.321823,-71.364502,,,139192
1302806,CVS Pharmacy 10017,114 Central St,,Ipswich,MA,01938,1952,ESSEX,Other,42.683861,-70.843697,,,139202
1674632,Mim Enterprises Inc.,1 Savin Hill Ave,,Dorchester,MA,02125,1831,SUFFOLK,Grocery Store,42.312634,-71.058693,,,139228
1304321,Aldi 73088,2419 Cranberry Hwy,Suite E,Wareham,MA,02571,    ,PLYMOUTH,Supermarket,41.780453,-70.744041,,,139356
1305618,Crow River Farm Llc,171 Porter Rd,,East Longmeadow,MA,01028,1317,HAMPDEN,Farmers and Markets,42.076637,-72.490677,,,139520
1303737,Paramkumar Corp,49 W Wyoming Ave,,Melrose,MA,02176,3723,MIDDLESEX,Convenience Store,42.452244,-71.069756,,,139725
1303841,Aldi 73080,544 Westgate Dr,,Brockton,MA,02301,1816,PLYMOUTH,Supermarket,42.091663,-71.050018,,,139752
1304074,Stop & Shop 2418,126 Medway Rd,Ste 2,Milford,MA,01757,2915,WORCESTER,Supermarket,42.150318,-71.487808,,,139790
1304092,Applegreen Barre 2028,2 Summer St,,Barre,MA,01005,9549,WORCESTER,Convenience Store,42.422108,-72.104103,,,139791
1328201,Freitas Farm,32 Wood St,,Middleboro,MA,02346,2702,PLYMOUTH,Farmers and Markets,41.860352,-70.90654,,,139846
1328207,Allandale Farm,259 Allandale Rd,,Chestnut Hill,MA,02467,3201,SUFFOLK,Grocery Store,42.302349,-71.140503,,,139848
1328256,East Boston Market,290 Meridian St,,East Boston,MA,02128,1654,SUFFOLK,Grocery Store,42.376766,-71.039391,,,139861
1251428,APlus 40125,591 Kelley Blvd,,North Attleboro,MA,02760,4122,BRISTOL,Convenience Store,42.008312,-71.303238,,,139910
1251456,Geko,118 Main St,,Carver,MA,02330,1325,PLYMOUTH,Convenience Store,41.887051,-70.767662,,,139914
1397688,Seasons Corner Market 58,342 Boston Post Rd E,,Marlborough,MA,01752,3602,MIDDLESEX,Convenience Store,42.348892,-71.516785,,,140108
1359585,Goodies Mine Mart,1250 Hancock St,,Quincy,MA,02169,4339,NORFOLK,Convenience Store,42.252125,-71.003227,,,140116
1397733,Neighborhood Variety,52 N Main St,,Fall River,MA,02720,2120,BRISTOL,Grocery Store,41.702705,-71.155304,,,140178
1397554,Racing Mart,1037 Saint James Ave,,Springfield,MA,01104,1309,HAMPDEN,Convenience Store,42.137199,-72.569359,,,140195
1397901,A To Z Convenience,376 Boston Rd,,Springfield,MA,01109,1212,HAMPDEN,Convenience Store,42.129566,-72.528999,,,140232
1254472,Foodland 3,199 Adams St,,Dorchester,MA,02122,1618,SUFFOLK,Grocery Store,42.302013,-71.060104,,,140250
1397307,Mercy Footstep Market,534 Tyler St,,Pittsfield,MA,01201,4228,BERKSHIRE,Other,42.457115,-73.239342,,,140359
1359687,Sunnyside Farms,32 Lake St,,Webster,MA,01570,2642,WORCESTER,Convenience Store,42.049713,-71.877556,,,140398
1359714,Herrera Meat Market Inc,775 Essex St,,Lawrence,MA,01841,4606,ESSEX,Grocery Store,42.702366,-71.174164,,,140406
1253947,Mattapan Square Farmers' Market,882 Cummins Hwy,Parking Lot #14,Mattapan,MA,02126,2044,SUFFOLK,Farmers and Markets,42.268688,-71.095505,,,140587
1398371,Mobil Salton Ave,115 Dalton Ave,,Pittsfield,MA,01201,3534,BERKSHIRE,Convenience Store,42.457722,-73.228416,,,140645
1398429,Bravo Supermarket,1650 Main St,,Brockton,MA,02301,7114,PLYMOUTH,Supermarket,42.052868,-71.010368,,,140663
1329217,Cumberland Farms 6764,231 Northampton St,,Easthampton,MA,01027,1021,HAMPSHIRE,Convenience Store,42.287594,-72.662491,,,140684
1329306,Webster Square Gas & Market 366,640 Park Ave,,Worcester,MA,01603,2035,WORCESTER,Convenience Store,42.246357,-71.834717,,,140707
1253465,Dollar Tree 6119,383 Allen St,,Springfield,MA,01118,2011,HAMPDEN,Other,42.093094,-72.549835,,,140746
1359273,Indralok Inc,127 Main St,,Groton,MA,01450,1272,MIDDLESEX,Convenience Store,42.606277,-71.569275,,,140845
1359374,Growing Places DMF,325 Lindell Ave,,Leominster,MA,01453,5414,WORCESTER,Farmers and Markets,42.547829,-71.774384,,,140867
1252458,Target 3226,860 Commonwealth Ave,,Boston,MA,02215,1205,SUFFOLK,Super Store,42.350803,-71.114166,,,140945
1371945,Liriano Grocery,1813 Washington St,,Boston,MA,02118,1705,SUFFOLK,Convenience Store,42.335812,-71.077942,,,141127
1360138,Quick Corner,67 Central St,,Southbridge,MA,01550,3745,WORCESTER,Convenience Store,42.076523,-72.032738,,,141279
1372048,Super Convenience Store,136 Shirley Ave,,Revere,MA,02151,3211,SUFFOLK,Convenience Store,42.408005,-70.995522,,,141344
1349743,San Francisco Market,2 Lafayette Park,,Lynn,MA,01902,2412,ESSEX,Convenience Store,42.465534,-70.933144,,,141437
1350014,Richdale Food Shops 126 26,951 Brock Ave,,New Bedford,MA,02744,1631,BRISTOL,Convenience Store,41.6138,-70.917984,,,141515
1360521,Cold River Package & Market,31 Main St,,Charlemont,MA,01339,9711,FRANKLIN,Grocery Store,42.626534,-72.881783,,,141643
1360549,Lucky Mart,515 Main St,,Dennis Port,MA,02639,1307,BARNSTABLE,Convenience Store,41.665974,-70.129059,,,141652
1323501,7-eleven 37406a 37406A,945 Bedford St,,Abington,MA,02351,1202,PLYMOUTH,Convenience Store,42.130112,-70.949539,,,141723
1349619,Family Dollar 12212,1250 Saint James Ave,,Springfield,MA,01104,1315,HAMPDEN,Other,42.141777,-72.573524,,,141787
1349667,MPG 143,111 Cedar St,,Milford,MA,01757,1101,WORCESTER,Convenience Store,42.168888,-71.508865,,,141800
1371705,Energy North 2125,25 King St,,Littleton,MA,01460,1560,MIDDLESEX,Convenience Store,42.539047,-71.509705,,,141823
1371719,Artery Grocery,1000 Southern Artery,,Quincy,MA,02169,8515,NORFOLK,Grocery Store,42.242603,-70.983749,,,141829
1371918,Plymouth Food Mart,202 S Meadow Rd,Unit 2,Plymouth,MA,02360,4795,PLYMOUTH,Convenience Store,41.915928,-70.728233,,,141900
1371378,Edgemere Mini Mart,72 Houghton St,,Worcester,MA,01604,3822,WORCESTER,Convenience Store,42.252277,-71.785393,,,141924
1371440,West Seventh Mini Market,51 W 7th St,,South Boston,MA,02127,2510,SUFFOLK,Convenience Store,42.337097,-71.055405,,,141942
1371442,Country Mart,397 Little River Rd,,Westfield,MA,01085,4509,HAMPDEN,Convenience Store,42.100384,-72.716049,,,141943
1371495,CUMBERLAND FARMS 6770,650 South St,,Wrentham,MA,02093,1501,NORFOLK,Convenience Store,42.05088,-71.345695,,,141955
1563339,La Parada Dominican Kitchen,3094 Washington St,,Roxbury,MA,02119,3115,SUFFOLK,Restaurant Meals Program,42.315128,-71.09864,,,142016
1378142,Shopnsave,1625 Robeson St,,Fall River,MA,02720,4047,BRISTOL,Convenience Store,41.72131,-71.136398,,,142133
1377561,Brighton Farmers Market,30 Chestnut Hill Ave,,Brighton,MA,02135,3214,SUFFOLK,Farmers and Markets,42.347584,-71.153748,,,142215
1373649,U S Mart 1,664 Washington St,,Quincy,MA,02169,7334,NORFOLK,Convenience Store,42.246181,-70.973862,,,142562
1224153,B & D Variety,22 E Main St,,Huntington,MA,01050,9707,HAMPSHIRE,Convenience Store,42.235794,-72.873337,,,142592
1373828,Blue Hill Convience Store,1112 Blue Hill Ave,,Dorchester Center,MA,02124,3110,SUFFOLK,Convenience Store,42.286236,-71.090691,,,142653
1265008,V&d Variety Store,94 N Main St,,Brockton,MA,02301,3909,PLYMOUTH,Convenience Store,42.087421,-71.019524,,,142669
1250732,Shri Sai Llc Dba T J Farms,31 South St,,Westborough,MA,01581,1618,WORCESTER,Convenience Store,42.268379,-71.613052,,,142717
1378336,Pittsfield Farmers Market,100 1st St,,Pittsfield,MA,01201,4717,BERKSHIRE,Farmers and Markets,42.451092,-73.249199,,,142742
1562254,Meadowsweet Farm NAFMNP,59 Forget Rd,,Charlemont,MA,01339,9735,FRANKLIN,Farmers and Markets,42.584702,-72.874382,,,142767
1561252,Sabrosa Venezuela- Worchester Public Market,220 Harding St,,Worcester,MA,01604,5026,WORCESTER,Restaurant Meals Program,42.256275,-71.797211,,,142768
1527856,Family Dollar 13417,50 Mill St,,Worcester,MA,01603,2025,WORCESTER,Other,42.246857,-71.832397,,,142769
1378403,Fruit Fair,398 Front St,,Chicopee,MA,01013,3105,HAMPDEN,Grocery Store,42.147968,-72.601776,,,142803
1259700,Asian Market 426,19 Pomona St,,Springfield,MA,01108,2122,HAMPDEN,Other,42.088909,-72.555046,,,142907
1285499,New Edibles,8 Richardson Rd,,Montague,MA,01351,1000,FRANKLIN,Farmers and Markets,42.517597,-72.473801,,,142911
1073183,Fairmont Food Mart,674 Truman Hwy,,Hyde Park,MA,02136,3518,SUFFOLK,Convenience Store,42.252258,-71.118187,,,142923
1255731,Cumberland Farms 6757,76 Newbury St,,Danvers,MA,01923,1034,ESSEX,Convenience Store,42.562931,-70.976646,,,143064
1307557,7-eleven 25003,1830 Wilbraham Rd,,Springfield,MA,01119,2610,HAMPDEN,Convenience Store,42.115601,-72.499237,,,143170
1309248,7-eleven 33615c 33615C,532 Commonwealth Ave,,Boston,MA,02215,2606,SUFFOLK,Convenience Store,42.348747,-71.096214,,,143309
1308175,Lincoln Market,200 Essex St,,Lynn,MA,01902,2349,ESSEX,Convenience Store,42.471699,-70.934547,,,143488
1308337,Honey Farms 3830,487 Princeton Rd,,Fitchburg,MA,01420,6061,WORCESTER,Convenience Store,42.552029,-71.845085,,,143498
1378800,Star Market 3696,90 Causeway St,,Boston,MA,02114,1302,SUFFOLK,Supermarket,42.365337,-71.061699,,,143585
1256164,Larrys Variety ,1503 Main St,,Athol,MA,01331,2639,WORCESTER,Convenience Store,42.590122,-72.215942,,,143696
1256882,Cumberland Farms 6758,184 W Boylston St,,West Boylston,MA,01583,    ,WORCESTER,Convenience Store,42.3512,-71.78817,,,143834
1256884,Big Y Supermarkets 101,182 Summer St,,Kingston,MA,02364,    ,PLYMOUTH,Super Store,42.011837,-70.732422,,,143836
1256886,Big Y Supermarkets 103,10 Washington St,,Norwell,MA,02061,    ,PLYMOUTH,Super Store,42.174412,-70.884483,,,143837
1256887,Big Y Supermarkets 104,7 Medway Rd,,Milford,MA,01757,2902,WORCESTER,Super Store,42.15023,-71.502556,,,143838
1256889,Big Y Supermarkets 106,637 Lowell St W,,Peabody,MA,01960,    ,ESSEX,Super Store,42.549278,-71.00174,,,143839
1256891,Big Y Supermarkets 108,25 Robert Dr,,Easton,MA,02375,    ,BRISTOL,Super Store,42.024307,-71.142563,,,143840
1308756,Dollar Tree 7397,4 Airport Rd,,Dudley,MA,01571,5947,WORCESTER,Other,42.041393,-71.911232,,,143859
1306974,Union Fruit Market,111 Ruth St,,New Bedford,MA,02744,2528,BRISTOL,Grocery Store,41.614159,-70.916374,,,143974
1398647,Connors Farm,30 Valley Rd,,Danvers,MA,01923,1208,ESSEX,Grocery Store,42.60791,-70.934761,,,144030
1398785,Feroz And Sons Llc Dba Stop And Run 1,1057 Montgomery St,,Chicopee,MA,01013,3825,HAMPDEN,Convenience Store,42.186096,-72.597351,,,144069
1399687,Coonamessett Farm,277 Hatchville Rd,,East Falmouth,MA,02536,4009,BARNSTABLE,Farmers and Markets,41.617107,-70.576294,,,144174
1361925,Nilo's Market L.l.c 8575266116,342 Washington St,,Quincy,MA,02169,5620,NORFOLK,Grocery Store,42.249474,-70.988609,,,144372
1360899,Dollar General 20509,696 Dartmouth St,,South Dartmouth,MA,02748,3227,BRISTOL,Other,41.60181,-70.941353,,,144431
1361186,La Oaxaquena LLC,701 Broadway,,Revere,MA,02151,2308,SUFFOLK,Grocery Store,42.415779,-71.008423,,,144451
1586731,Star Food Market,93 Plain St,,Taunton,MA,02780,4969,BRISTOL,Convenience Store,41.881596,-71.081917,,,144538
1362304,Energy North 2107,2 Shirley St,,Winthrop,MA,02152,1196,SUFFOLK,Convenience Store,42.382721,-70.979332,,,144559
1361236,7-eleven 34427c 34427,1326 Main St,,Worcester,MA,01603,1552,WORCESTER,Convenience Store,42.241726,-71.84832,,,144594
1399564,Williamsburg Market Inc,3 Main St,,Williamsburg,MA,01096,9404,HAMPSHIRE,Grocery Store,42.392925,-72.730064,,,144667
1576562,Lola's Asian Mart Llc,1470 New State Hwy,Unit 2,Raynham,MA,02767,5421,BRISTOL,Convenience Store,41.904949,-71.011215,,,144688
1399199,Shivalic Food And Spice,310 Broadway,,Somerville,MA,02145,2833,MIDDLESEX,Grocery Store,42.392303,-71.093414,,,144702
1362010,Dollar General 20701,110 E Washington St,,North Attleboro,MA,02760,2314,BRISTOL,Other,41.969391,-71.334602,,,144766
1361341,Bob's Convenience Store,808 Main St,,Springfield,MA,01105,2316,HAMPDEN,Convenience Store,42.096848,-72.582581,,,144838
1361373,Riya Inc,73 Winthrop St,,Taunton,MA,02780,4227,BRISTOL,Convenience Store,41.897545,-71.097374,,,144848
1361408,Rusty Lantern Market 0466,466 Washington St,,Attleboro,MA,02703,5952,BRISTOL,Convenience Store,41.916214,-71.360138,,,144856
1361466,Ed Stearns Dress Meats,27 Worcester Rd,Unit 2,Charlton,MA,01507,1597,WORCESTER,Grocery Store,42.145351,-71.988861,,,144864
1361015,CVS Pharmacy 11173,650 South St,,Wrentham,MA,02093,1501,NORFOLK,Other,42.05088,-71.345695,,,144969
1374109,Bostrom Farm,701 Colrain Rd,,Greenfield,MA,01301,9762,FRANKLIN,Farmers and Markets,42.616287,-72.632774,,,145192
1426640,Tropical Grocery Store,67 Hancock St,,Dorchester,MA,02125,2110,SUFFOLK,Grocery Store,42.313332,-71.065277,,,145260
1426728,Dollar General 22009,255 S Westfield St,,Feeding Hills,MA,01030,2713,HAMPDEN,Other,42.058609,-72.675179,,,145291
1351374,Nour Al Sham Market 1,503 Washington St,,Quincy,MA,02169,5834,NORFOLK,Grocery Store,42.24741,-70.981384,,,145378
1351583,Dandea's Superette,790 Main St,,Malden,MA,02148,2610,MIDDLESEX,Convenience Store,42.433716,-71.068344,,,145443
1374830,Dollar Tree 7814,26 Talbot Ave,,Dorchester Center,MA,02124,2903,SUFFOLK,Other,42.294392,-71.086121,,,145520
1426919,ALDI 73113,321 Speen St,,Natick,MA,01760,1506,MIDDLESEX,Supermarket,42.303932,-71.379501,,,145556
1565991,Elsafi Market,532 Main St,,West Springfield,MA,01089,3918,HAMPDEN,Grocery Store,42.101875,-72.609306,,,145570
1378883,Trader Joe's 566,44 Thomson Pl,,Boston,MA,02210,1212,SUFFOLK,Supermarket,42.351677,-71.047134,,,145573
1352064,Lambert Bros Inc.,777 Morrissey Blvd,,Dorchester,MA,02122,3331,SUFFOLK,Super Store,42.294567,-71.048134,,,145662
1373964,Primo Super Market,1349 Blue Hill Ave,,Mattapan,MA,02126,1814,SUFFOLK,Convenience Store,42.277752,-71.093758,,,145720
1351791,7-eleven 27471c 27471,1120 N Shore Rd,,Revere,MA,02151,2514,SUFFOLK,Convenience Store,42.418385,-70.990982,,,145775
1351813,Shell Mart,940 Belmont Ave,,Springfield,MA,01108,2421,HAMPDEN,Convenience Store,42.083611,-72.544304,,,145785
1351088,Dollar General 20417,65 Copeland Dr,,Mansfield,MA,02048,1220,BRISTOL,Other,42.028168,-71.227791,,,145844
1351260,Dollar Tree 7716,1041 Commonwealth Ave,,Boston,MA,02215,1093,SUFFOLK,Other,42.352043,-71.122292,,,145896
1374439,Jareks Market,362 5th St,,Fall River,MA,02721,2814,BRISTOL,Convenience Store,41.694199,-71.156235,,,145941
1374456,New Asian Market,35 Willie St,Unit 9,Lowell,MA,01854,4165,MIDDLESEX,Grocery Store,42.644207,-71.321587,,,145946
1379440,One Stop Market,321 Cypress St,,Brookline,MA,02445,7053,NORFOLK,Convenience Store,42.32481,-71.121506,,,146008
1379459,Dollar Tree 7662,56 Main St,,Lakeville,MA,02347,1608,PLYMOUTH,Other,41.872269,-70.929352,,,146013
1379521,Portside Fish Market,319 Tremont St,Unit 8,Rehoboth,MA,02769,2000,BRISTOL,Specialty Store,41.902824,-71.248703,,,146036
1379645,Wheelers Convenience,954 State St,,Springfield,MA,01109,3145,HAMPDEN,Convenience Store,42.113384,-72.559555,,,146064
1309742,Yankee Gas & Market Llc,67 W Boylston St,,Worcester,MA,01606,2822,WORCESTER,Convenience Store,42.291016,-71.805946,,,146128
1310038,Lambert's Marketplace,140 Tremont St,,Boston,MA,02111,1318,SUFFOLK,Convenience Store,42.355663,-71.062561,,,146170
1310065,Jake's Variety,93 W Housatonic St,,Pittsfield,MA,01201,6016,BERKSHIRE,Convenience Store,42.444454,-73.259209,,,146173
1380128,Target Store 3324,793 Lyannough Rd,,Hyannis,MA,02601,    ,BARNSTABLE,Super Store,41.668941,-70.295944,,,146305
1380137,Whole Foods Market 10618,150 Brimbal Ave,,Beverly,MA,01915,2042,ESSEX,Super Store,42.573727,-70.877907,,,146312
1380215,Alprime Energy 101,423 Boston St,,Lynn,MA,01905,1647,ESSEX,Convenience Store,42.466278,-70.967262,,,146327
1309312,Family Dollar 11497,537 Orchard St,,New Bedford,MA,02744,1017,BRISTOL,Other,41.617493,-70.929497,,,146353
1309314,Family Dollar 11662,273 Columbia Rd,,Dorchester,MA,02121,3404,SUFFOLK,Other,42.308563,-71.074562,,,146355
1309316,Family Dollar 11747,247 Hancock St,,Springfield,MA,01109,4352,HAMPDEN,Other,42.1022,-72.567337,,,146357
1311003,Daou's Convenience,716 Worcester St,,Southbridge,MA,01550,1385,WORCESTER,Convenience Store,42.097439,-72.01976,,,146478
1379139,Butcher Boy Meat Market,1077 Osgood St,,North Andover,MA,01845,1095,ESSEX,Super Store,42.716198,-71.113884,,,146630
1310311,Lluvias Dollar Store Plus,3122 Washington St,,Roxbury,MA,02119,3115,SUFFOLK,Convenience Store,42.314636,-71.099388,,,146643
1310366,Seasons Corner Market 87,75 Providence Hwy,,Westwood,MA,02090,1531,NORFOLK,Convenience Store,42.224026,-71.182266,,,146841
1310368,Seasons Corner Market 77,731 Washington St,,Canton,MA,02021,3037,NORFOLK,Convenience Store,42.15699,-71.145485,,,146842
1310396,Whole Food Market 10619,193 Boston Tpke,Ste 1100,Shrewsbury,MA,01545,2550,WORCESTER,Super Store,42.2752,-71.745277,,,146869
1379329,Quick Trip Inc.,326 State Rd,,North Adams,MA,01247,3012,BERKSHIRE,Convenience Store,42.698017,-73.146126,,,146977
1458596,River Valley Co-op,228 Northampton St,,Easthampton,MA,01027,1022,HAMPSHIRE,Super Store,42.287426,-72.66394,,,147028
1458636,Riverside Farms NO,157 Brightman St,,Fall River,MA,02720,2803,BRISTOL,Convenience Store,41.721775,-71.151291,,,147036
1459652,Hampden Mini Mart,3 Allen St,,Hampden,MA,01036,9789,HAMPDEN,Convenience Store,42.05912,-72.442261,,,147039
1362622,Rfs Store 117 Inc 117,103 Rogers St,,Lowell,MA,01852,3670,MIDDLESEX,Convenience Store,42.636189,-71.299538,,,147096
1362652,Rfs Store 123 Inc 123,474 Market St,,Rockland,MA,02370,1336,PLYMOUTH,Convenience Store,42.12421,-70.903847,,,147102
1362658,Rfs Store 122 Inc 129,2160 Washington St,,Canton,MA,02021,1636,NORFOLK,Grocery Store,42.191113,-71.118103,,,147106
1457915,Eastern Market,121 Eastern Ave,,Lynn,MA,01902,1307,ESSEX,Convenience Store,42.47163,-70.924942,,,147119
1258047,Vicentinos Meat Market Corporation,84 Washington Ave,,Chelsea,MA,02150,3925,SUFFOLK,Grocery Store,42.395687,-71.032822,,,147149
1258814,7-eleven 34404c 34404,9 Austin Sq,,Lynn,MA,01905,1916,ESSEX,Convenience Store,42.462025,-70.982727,,,147235
1362722,Chansky's Super Market,1700 Commonwealth Ave,,Brighton,MA,02135,5602,SUFFOLK,Convenience Store,42.341309,-71.146759,,,147247
1362756,249 Blue Hill Corp,249 Blue Hill Ave,,Roxbury,MA,02119,2152,SUFFOLK,Grocery Store,42.316109,-71.078392,,,147258
1458004,Dollar Tree 4528,1070 Route 132,,Hyannis,MA,02601,    ,BARNSTABLE,Other,41.672913,-70.304588,,,147336
1259269,Speedway 2499,615 Broadway,,Lawrence,MA,01841,2404,ESSEX,Convenience Store,42.716885,-71.177948,,,147474
1259945,Convenient 38,880 Main St,,Woburn,MA,01801,1862,MIDDLESEX,Convenience Store,42.506592,-71.160309,,,147549
1260227,Family Dollar 11441,21 Nottingham St,,Lowell,MA,01851,3819,MIDDLESEX,Other,42.629898,-71.322357,,,147588
1458337,Mattapan Gas Station Inc.,682 Cummins Hwy,,Mattapan,MA,02126,3244,SUFFOLK,Convenience Store,42.271435,-71.104279,,,147703
1258464,Bridge Mart,169 Spring St,,Bridgewater,MA,02324,1774,PLYMOUTH,Convenience Store,41.991493,-70.968224,,,147871
1400186,Family Dollar 12472,800 S Franklin St,Suite 2,Holbrook,MA,02343,1789,NORFOLK,Other,42.129009,-71.010506,,,148000
1363527,Jenny's Market,992 Middle St,,Weymouth,MA,02188,3957,NORFOLK,Convenience Store,42.192196,-70.950302,,,148029
1363837,Wendell Country Store,57 Lockes Village Rd,,Wendell,MA,01379,7910,FRANKLIN,Convenience Store,42.541557,-72.401115,,,148092
1363927,Ghafour Fuel,145 Broadway,,Norwood,MA,02062,3436,NORFOLK,Convenience Store,42.189171,-71.199974,,,148113
1364172,Cloverdale Market,1040 N Main St,,Fall River,MA,02720,2628,BRISTOL,Convenience Store,41.715637,-71.151749,,,148130
1364194,7- Eleven 37443,190 New Boston Rd,,Fall River,MA,02720,5522,BRISTOL,Convenience Store,41.710629,-71.142265,,,148220
1311571,Round The Bend Farm Farmers Market,92 Allen Neck Rd,,South Dartmouth,MA,02748,1002,BRISTOL,Farmers and Markets,41.530861,-71.010086,,,148222
1384421,Family Mart,253 Pasco Rd,,Indian Orchard,MA,01151,1934,HAMPDEN,Convenience Store,42.148289,-72.503128,,,148369
1384460,Friendly Market,127 Munroe St,,Lynn,MA,01901,1521,ESSEX,Convenience Store,42.463406,-70.946014,,,148384
1260906,Valentina's Portuguese Market,888 Central St,,Lowell,MA,01852,3406,MIDDLESEX,Grocery Store,42.634579,-71.306892,,,148489
1261170,1 Bridle Market,1 Bridle Rd,,Billerica,MA,01821,1705,MIDDLESEX,Convenience Store,42.557735,-71.285103,,,148514
1261195,Dollar Tree 7037,280 Merrimack St,,Methuen,MA,01844,6435,ESSEX,Other,42.740578,-71.131927,,,148530
1363150,Milagros Market 2 STORE 2,202 Ferry St,,Everett,MA,02149,5609,MIDDLESEX,Grocery Store,42.411068,-71.045845,,,148600
1363162,Tejada Market 3,537 Union St,,Springfield,MA,01109,4224,HAMPDEN,Convenience Store,42.107479,-72.572388,,,148607
1363166,Ethiopian Market,43 Roxbury St,,Roxbury,MA,02119,1720,SUFFOLK,Specialty Store,42.329735,-71.085487,,,148610
1383720,Alpha Convenience Store,1 Freeman Sq,,Lynn,MA,01901,1309,ESSEX,Convenience Store,42.465691,-70.943077,,,148726
1383750,Essex Market,90 Essex St,,Chelsea,MA,02150,3447,SUFFOLK,Grocery Store,42.38802,-71.033981,,,148737
1383797,Village Knoll Deli & Spirit,107 W Main St,,Millbury,MA,01527,1936,WORCESTER,Convenience Store,42.179695,-71.771301,,,148747
1383885,Nouria 2501 Cranberry Highway 1161,2501 Cranberry Hwy,,Wareham,MA,02571,1141,PLYMOUTH,Convenience Store,41.772034,-70.735123,,,148777
1383886,Nouria 447 Wareham Street 1159,447 Wareham St,,Middleboro,MA,02346,3419,PLYMOUTH,Convenience Store,41.845222,-70.847931,,,148778
1383887,Nouria 145 Myricks Street 1156,145 Myricks St,,Berkley,MA,02779,1707,BRISTOL,Convenience Store,41.839943,-71.011322,,,148779
1383889,Nouria 303 Tremont Street 1158,303 Tremont St,,Carver,MA,02330,1757,PLYMOUTH,Convenience Store,41.830521,-70.752052,,,148780
1383891,Nouria 133 North Main Street 1157,133 N Main St,,Carver,MA,02330,1045,PLYMOUTH,Convenience Store,41.92812,-70.808609,,,148781
1261346,Agawam F.l. Roberts 04047,6 Lealand Ave,,Agawam,MA,01001,2412,HAMPDEN,Convenience Store,42.071747,-72.615059,,,148833
1261352,Memorial Drive F.l. Roberts 04050,2012 Memorial Dr,,Chicopee,MA,01020,4306,HAMPDEN,Convenience Store,42.211292,-72.571869,,,148834
1261355,Nouria 500-502 Montgomery St 1019,500-502 Montgomery St,,Chicopee,MA,01020,    ,HAMPDEN,Convenience Store,42.17366,-72.586777,,,148835
1261361,Main Street F.l. Roberts 04054,63 Main St,,Greenfield,MA,01301,3208,FRANKLIN,Convenience Store,42.587372,-72.606827,,,148836
1261368,Nouria 93 West Broad Street 1056,93 W Broad St,,Springfield,MA,01105,2525,HAMPDEN,Convenience Store,42.091953,-72.584526,,,148838
1261389,Nouria 730-744 Sumner Ave 1054,730-744 Sumner Ave,,Springfield,MA,01108,2462,HAMPDEN,Convenience Store,42.087982,-72.550369,,,148842
1261393,Nouria 1200 Wilbraham Rd 1050,1200 Wilbraham Rd,,Springfield,MA,01119,2613,HAMPDEN,Convenience Store,42.116516,-72.523018,,,148843
1261400,Turners Falls F.l. Roberts 04064,132 3rd St,,Turners Falls,MA,01376,1320,FRANKLIN,Convenience Store,42.606472,-72.553886,,,148845
1261404,West Springfield F.l. Roberts 04066,518 Memorial Ave,,West Springfield,MA,01089,4010,HAMPDEN,Convenience Store,42.096088,-72.60556,,,148848
1261405,Nouria 735 Westfield St 1065,735 Westfield St,,West Springfield,MA,01089,3802,HAMPDEN,Convenience Store,42.103294,-72.635597,,,148849
1261411,Riverdale Street F.l. Roberts 04068,1130 Riverdale St,,West Springfield,MA,01089,4607,HAMPDEN,Convenience Store,42.134724,-72.625801,,,148850
1261415,Nouria 88-90 S Maple St 1068,88-90 S Maple St,,Westfield,MA,01085,4352,HAMPDEN,Convenience Store,42.111244,-72.762802,,,148851
1261420,Wilbraham F.l. Roberts 04071,2788 Boston Rd,,Wilbraham,MA,01095,1835,HAMPDEN,Convenience Store,42.153275,-72.423668,,,148852
1261431,Nouria 242 Mohawk Trail 1030,242 Mohawk Trl,,Greenfield,MA,01301,9623,FRANKLIN,Convenience Store,42.585514,-72.626053,,,148853
1384858,West Main Gas,577 W Main St,,Hyannis,MA,02601,3420,BARNSTABLE,Convenience Store,41.651299,-70.316872,,,148967
1263680,Walgreens 15969,505 Paradise Rd,,Swampscott,MA,01907,1351,ESSEX,Other,42.484013,-70.90033,,,149082
1262162,Pj Mart,1063 West St,,Wrentham,MA,02093,9991,NORFOLK,Convenience Store,42.034233,-71.388298,,,149149
1262327,ALDI 73089,246 Colony Place Rd,,Plymouth,MA,02360,7234,PLYMOUTH,Supermarket,41.953915,-70.715828,,,149173
1385632,Wonderland Convenience Store,1247 N Shore Rd,,Revere,MA,02151,2610,SUFFOLK,Convenience Store,42.415157,-70.991959,,,149207
1385689,Quickstop,651 Somerset Ave,,Taunton,MA,02780,4842,BRISTOL,Convenience Store,41.880924,-71.099434,,,149241
1385799,Somerville Winter Farmers Market,191 Highland Ave,,Somerville,MA,02143,1543,MIDDLESEX,Farmers and Markets,42.389706,-71.106018,,,149267
1262852,Colbea Enterprises LLC 85,130 Wm S Canning Blvd,,Fall River,MA,02721,2338,BRISTOL,Convenience Store,41.67561,-71.161797,,,149362
1386071,CVS Pharmacy 1263,10 Bassett Street,,Milton,MA,02186,    ,NORFOLK,Other,42.259895,-71.040825,,,149442
1386206,Twin City Market,59 Whalon St,,Fitchburg,MA,01420,7137,WORCESTER,Convenience Store,42.554501,-71.785568,,,149484
1385073,West End Market,74 Staniford St,,Boston,MA,02114,2525,SUFFOLK,Convenience Store,42.362667,-71.063866,,,149568
1264892,Family Dollar 11833,1 Tremont St,,Taunton,MA,02780,3054,BRISTOL,Other,41.902527,-71.099937,,,149710
1265016,Colbea Enterprises LLC 86,7 Main St,,Lakeville,MA,02347,1617,PLYMOUTH,Convenience Store,41.879311,-70.923637,,,149722
1265029,Colbea Enterprises LLC 83,8 Cranberry Hwy,,Rochester,MA,02770,    ,PLYMOUTH,Convenience Store,41.801147,-70.774452,,,149723
1385396,Orchard Variety,152 Main St,,Indian Orchard,MA,01151,1131,HAMPDEN,Convenience Store,42.15974,-72.503044,,,149846
1264449,Quincy Market,236 Quincy St,,Dorchester,MA,02121,2032,SUFFOLK,Convenience Store,42.312218,-71.073051,,,149945
1264752,Richdale Convenience Store,139 Lynnfield St,Ste 100,Peabody,MA,01960,5146,ESSEX,Convenience Store,42.517452,-70.958023,,,149993
1386815,Foods Of Europe,28 State St,,Lynn,MA,01901,1505,ESSEX,Grocery Store,42.461754,-70.94899,,,150194
1386938,Boston Bazaar,100 Hammond St,,Roxbury Crossing,MA,02120,2243,SUFFOLK,Convenience Store,42.336746,-71.083809,,,150215
1386963,Walgreens 17570,35 Main St,,Wayland,MA,01778,5037,MIDDLESEX,Other,42.316612,-71.363365,,,150221
1386501,7-eleven 37492b 37492B,566 Dorchester Ave,,South Boston,MA,02127,2722,SUFFOLK,Convenience Store,42.330307,-71.056885,,,150307
1386651,Smoke Heaven,239 Main St,,Greenfield,MA,01301,3269,FRANKLIN,Convenience Store,42.58794,-72.60202,,,150339
1387332,Rosedale Convenience,542 Washington St,,Dorchester Center,MA,02124,2028,SUFFOLK,Convenience Store,42.292744,-71.071785,,,150400
1631124,Knox Supermarket,17 Knox St,,Springfield,MA,01105,1944,HAMPDEN,Convenience Store,42.096298,-72.570747,,,150408
1649960,Stop & Shop 95,440 Russell St,,Hadley,MA,01035,9566,HAMPSHIRE,Supermarket,42.364269,-72.538925,,,150412
1459963,Dollar Tree 8897,1504 Northampton St,,Holyoke,MA,01040,1938,HAMPDEN,Other,42.212189,-72.629013,,,150575
1673746,Ferro's Market,336 Rindge Ave,,Cambridge,MA,02140,3101,MIDDLESEX,Grocery Store,42.393608,-71.137459,,,150588
1460126,Country Butcher & Deli,68 Boston Rd,,Groton,MA,01450,1862,MIDDLESEX,Specialty Store,42.597427,-71.56279,,,150610
1682310,The Outlet At Crocettis Inc.,378 Pleasant St,,East Bridgewater,MA,02333,1349,PLYMOUTH,Supermarket,42.040192,-70.983734,,,150619
1460453,7-eleven 11517F,63 Mammoth Rd,,Lowell,MA,01854,2608,MIDDLESEX,Convenience Store,42.651276,-71.332939,,,150696
1460481,Shortstop General Store,439 Main St,,Hudson,MA,01749,1855,MIDDLESEX,Convenience Store,42.393921,-71.544769,,,150703
1387993,Dollar Tree 7854,20 Tobey Rd,,Wareham,MA,02571,1011,PLYMOUTH,Other,41.778179,-70.745842,,,150742
1459788,Maa Varahi Corp,505 Columbian St,,South Weymouth,MA,02190,1129,NORFOLK,Convenience Store,42.182148,-70.971466,,,150806
1460729,Zee Mart,15 Locust St,,Northampton,MA,01060,2055,HAMPSHIRE,Convenience Store,42.331673,-72.652596,,,150863
1428017,Agric Organics,5 Dwight St,,Springfield,MA,01103,1701,HAMPDEN,Grocery Store,42.101959,-72.582176,,,151069
1428155,Express Food Mart,335 Union St,,Randolph,MA,02368,4974,NORFOLK,Convenience Store,42.155159,-71.028786,,,151095
1152309,El Regreso Market,322 Blue Hill Ave,,Dorchester,MA,02121,4306,SUFFOLK,Convenience Store,42.313293,-71.079391,,,151103
1428229,Al Prime Energy 112,969 Western Ave,,Lynn,MA,01905,2641,ESSEX,Convenience Store,42.456081,-70.973755,,,151245
1428271,CUMBERLAND FARMS 6785,2886 ACUSHNET AVE,,NEW BEDFORD,MA,02745,    ,BRISTOL,Convenience Store,41.698105,-70.935173,,,151255
1428368,Value Gas,1866 County St,,Dighton,MA,02715,1211,BRISTOL,Convenience Store,41.820427,-71.120667,,,151280
1364780,Dollar Tree 7618,119 North St,,Southbridge,MA,01550,2550,WORCESTER,Other,42.076412,-72.027512,,,151362
1461042,Brockton Mass Meat Corp/America's Food Basket,21 Torrey St,,Brockton,MA,02301,4849,PLYMOUTH,Super Store,42.075405,-71.044266,,,151376
1461087,Lopez Market,138 Harvard St,,Fitchburg,MA,01420,5863,WORCESTER,Grocery Store,42.575748,-71.786705,,,151388
1364786,Dollar Tree 7895,12 Mystic View Rd,Ste.A,Everett,MA,02149,    ,MIDDLESEX,Other,42.398643,-71.068901,,,151452
1417151,Apollo's Market,918 Morton St,,Mattapan,MA,02126,2411,SUFFOLK,Convenience Store,42.280586,-71.08297,,,151482
1261297,Jims Variety,15 W Farms Rd,,Florence,MA,01062,9802,HAMPSHIRE,Convenience Store,42.308758,-72.715843,,,151490
1680989,Pilot Travel Center 1327,357 Burnett Rd,,Chicopee,MA,01020,4650,HAMPDEN,Convenience Store,42.165169,-72.544853,,,151491
1364995,Ocean State Job Lot 257,492 State Rd,,North Dartmouth,MA,02747,4308,BRISTOL,Other,41.640942,-71.004341,,,151629
1365031,Everett Sunoco 9072,1707 Revere Beach Pkwy,,Everett,MA,02149,5909,MIDDLESEX,Convenience Store,42.402046,-71.043137,,,151638
1364506,Black Bag Mini Mart Inc,137 Blue Hill Ave,Ste B,Roxbury,MA,02119,2342,SUFFOLK,Convenience Store,42.320313,-71.07782,,,151663
1427497,Presidential Food Mart,25 Scammell St,,Quincy,MA,02169,6706,NORFOLK,Convenience Store,42.243038,-70.994759,,,151732
1427545,Brazilian And Hispanic Convenience Store,205 Main St,,Gloucester,MA,01930,6010,ESSEX,Convenience Store,42.613171,-70.660637,,,151742
1427657,Imperial Park  'n Shop Inc. D/b/a Park  'n Shop 002,14 Airport Rd,,Dudley,MA,01571,5947,WORCESTER,Super Store,42.042622,-71.912308,,,151771
1427660,Imperial Park 'n Shop Inc. D/b/a Park 'n Shop 003,711 Southbridge St,,Auburn,MA,01501,1833,WORCESTER,Super Store,42.18224,-71.859299,,,151772
1427106,Olu's African Market,157 Main St,,Avon,MA,02322,1407,NORFOLK,Grocery Store,42.132431,-71.040443,,,151830
1427149,Bridge Street Mobile,277 Bridge St,,Fairhaven,MA,02719,4905,BRISTOL,Convenience Store,41.647697,-70.882629,,,151843
1427162,Tendercrop Farm At Canaan,93 Main St,,Wenham,MA,01984,1526,ESSEX,Grocery Store,42.600449,-70.889656,,,151848
1427204,La Riqueza Market Inc,132 Meridian St,,East Boston,MA,02128,1944,SUFFOLK,Grocery Store,42.373688,-71.039261,,,151856
1365133,CVS Pharmacy 11131,134 Bradford St,,Provincetown,MA,02657,1466,BARNSTABLE,Other,42.053467,-70.185997,,,151921
1365188,7 Eleven 37375a 37375A,14 Maverick Sq,,East Boston,MA,02128,3337,SUFFOLK,Convenience Store,42.369328,-71.039635,,,151935
1365192,Plus One Mini Mart,907A Carew St,,Springfield,MA,01104,1208,HAMPDEN,Convenience Store,42.127979,-72.581131,,,151936
1604876,Nouria 61 63 Middlesex Tpke 1016,6163 Middlesex Tpke,,Burlington,MA,01803,    ,MIDDLESEX,Convenience Store,42.488449,-71.222473,,,151970
1605234,Nouria 345 Bennet Hwy 1295,345 Bennett Hwy,,Revere,MA,02151,1155,SUFFOLK,Convenience Store,42.444927,-71.025253,,,151972
1352801,Dollar Tree 7696,17 Springfield St,,Agawam,MA,01001,1521,HAMPDEN,Other,42.089355,-72.628143,,,152051
1352949,Adonai Inc,198 Broadway St,,Lowell,MA,01854,4225,MIDDLESEX,Grocery Store,42.644215,-71.318237,,,152093
1270205,CVS Pharmacy 1007,1245 Main St,,Brockton,MA,02301,7107,PLYMOUTH,Other,42.060631,-71.014442,,,152153
1270206,CVS Pharmacy 1215,100 Cambridge Pl,Spc E122,Cambridge,MA,02141,1819,MIDDLESEX,Other,42.370644,-71.077484,,,152154
1329623,7-One,414 Center St,,Randolph,MA,02368,5325,NORFOLK,Convenience Store,42.15527,-71.02832,,,152211
1352340,Bill's Variety,141 Hancock St,,Everett,MA,02149,1342,MIDDLESEX,Grocery Store,42.41433,-71.056931,,,152213
1352424,Richdale Food Shops 129,439 E Falmouth Hwy,,East Falmouth,MA,02536,6166,BARNSTABLE,Convenience Store,41.578362,-70.557777,,,152255
1267873,CVS Pharmacy 10517,85 Seaport Blvd,Unit-H,Boston,MA,02210,    ,SUFFOLK,Other,42.35125,-71.044472,,,152603
1267880,CVS Pharmacy 10502,75 Storey Ave,,Newburyport,MA,01950,3569,ESSEX,Other,42.819714,-70.909729,,,152606
1270733,Lee Farmers Market,3 Park Pl,,Lee,MA,01238,1617,BERKSHIRE,Farmers and Markets,42.304306,-73.248161,,,152729
1583773,Dollar General 25399,469 Winthrop St,,Rehoboth,MA,02769,1302,BRISTOL,Other,41.837898,-71.275002,,,152757
1329466,Three S Enterprise Inc,991 River St,,Hyde Park,MA,02136,3143,SUFFOLK,Convenience Store,42.260933,-71.114594,,,152761
1329557,Dollar Tree 7611,1238 Bedford St,,Abington,MA,02351,1228,PLYMOUTH,Other,42.137726,-70.950478,,,152788
1268209,Arrowhead,9 Ipswich Rd,,Boxford,MA,01921,1805,ESSEX,Farmers and Markets,42.674194,-70.967438,,,152821
1269374,Dollar Tree 7029,515 College Hwy,,Southwick,MA,01077,    ,HAMPDEN,Other,42.057247,-72.76815,,,152936
1461749,Autumn Hills Orchard,495 Chicopee Row,,Groton,MA,01450,1461,MIDDLESEX,Farmers and Markets,42.639095,-71.544846,,,153059
1461789,Falmouth Farmers' Market Inc. ,180 Scranton Ave,,Falmouth,MA,02540,3581,BARNSTABLE,Farmers and Markets,41.549263,-70.603386,,,153069
1461795,Caribbean Choice & Varieties,1615 Blue Hill Ave,,Mattapan,MA,02126,2122,SUFFOLK,Grocery Store,42.269009,-71.094139,,,153071
1389472,Apna Bazar,989 Boston Providence Tpke,,Norwood,MA,02062,5001,NORFOLK,Supermarket,42.1791,-71.190559,,,153133
1389626,Lofa Business Center,1 Rice Sq,,Worcester,MA,01604,3896,WORCESTER,Other,42.250889,-71.781593,,,153282
1329937,Reis Meat Market,375 Alden St,,Fall River,MA,02723,1809,BRISTOL,Grocery Store,41.687191,-71.13327,,,153441
1329955,Target T3287,467 Salem St,,Medford,MA,02155,3387,MIDDLESEX,Super Store,42.423656,-71.090286,,,153464
1577077,Athel Food Mart,83 1/2 Broadway,,Taunton,MA,02780,3123,BRISTOL,Grocery Store,41.902767,-71.092911,,,153537
1330095,Luigi's Variety,520 Cambridge St,,Cambridge,MA,02141,1114,MIDDLESEX,Convenience Store,42.371571,-71.084969,,,153560
1390357,Dollar Tree 8389,377 Cabot St,,Beverly,MA,01915,3390,ESSEX,Other,42.557487,-70.879211,,,153603
1330223,Ruby's Convenience Store,1737 Bay St,,Fall River,MA,02724,1138,BRISTOL,Convenience Store,41.679745,-71.189156,,,153675
1390021,Lunenburg Gas & Market 404,400 Electric Ave,,Lunenburg,MA,01462,2245,WORCESTER,Convenience Store,42.5779,-71.748924,,,153691
1462284,Maple Market N/A,155 Maple Street,,Springfield,MA,01105,    ,HAMPDEN,Convenience Store,42.100445,-72.578972,,,153829
1461300,La Oaxaquena Two,362 Ferry St,,Everett,MA,02149,5620,MIDDLESEX,Grocery Store,42.415379,-71.048782,,,153877
1461315,Scituate Farmers Market,600 Chief Justice Cushing Hwy,,Scituate,MA,02066,    ,PLYMOUTH,Farmers and Markets,42.197514,-70.768387,,,153883
1461323,Pit Stop Convenience,35 Everett Ave,,Everett,MA,02149,5938,MIDDLESEX,Convenience Store,42.401417,-71.041801,,,153886
1461377,A1 Plus Convenience,777 Main St,,Holden,MA,01520,1825,WORCESTER,Convenience Store,42.341801,-71.844337,,,153897
1461454,New Quick Pic ,117 Durfee St,,New Bedford,MA,02740,4455,BRISTOL,Convenience Store,41.649345,-70.941956,,,153917
1462624,K & B Market,4 Adams St,,Holyoke,MA,01040,5502,HAMPDEN,Grocery Store,42.194611,-72.607864,,,153934
1428549,Vista Hermosa Market Inc,68 Mechanic St,,Marlborough,MA,01752,4408,MIDDLESEX,Other,42.3475,-71.555374,,,154020
1428801,Phoenicia 1,1025 Main Street,Unit 6,Weymouth,MA,02190,    ,NORFOLK,Grocery Store,42.169384,-70.956024,,,154083
1429272,Park N Go,613 Park St,,Dorchester Center,MA,02124,1839,SUFFOLK,Convenience Store,42.294598,-71.078003,,,154132
1355936,Hai Lua Supermarket,937 N Main St,,Randolph,MA,02368,3056,NORFOLK,Grocery Store,42.187344,-71.055733,,,154235
1330709,Chase Hill Farm,74 Chase Hill Rd,,Warwick,MA,01378,7802,FRANKLIN,Farmers and Markets,42.682072,-72.299515,,,154250
1353975,Los Paisanos Market,11 Meridian St,,East Boston,MA,02128,1928,SUFFOLK,Grocery Store,42.370533,-71.038925,,,154334
1355946,Our Town Variety,259 Fuller St,,Ludlow,MA,01056,1361,HAMPDEN,Convenience Store,42.181202,-72.486862,,,154357
1355431,Central Woburn Meat Market,433 Main St,,Woburn,MA,01801,4239,MIDDLESEX,Convenience Store,42.48103,-71.151009,,,154367
1331219,AMG Retail I 561,439 N Elm St,,Westfield,MA,01085,1667,HAMPDEN,Convenience Store,42.140408,-72.734077,,,154570
1331223,AMG Retail I 562,95 West St,,Chicopee,MA,01013,1626,HAMPDEN,Convenience Store,42.143387,-72.611168,,,154573
1331234,AMG Retail I 567,225 Shaker Rd,,East Longmeadow,MA,01028,7003,HAMPDEN,Convenience Store,42.054691,-72.518578,,,154583
1356124,Quick Mart,299 Chelmsford St,,Lowell,MA,01851,3329,MIDDLESEX,Convenience Store,42.6315,-71.320297,,,154852
1356301,Gulf Food Mart,705 S Main St,,Lanesborough,MA,01237,9650,BERKSHIRE,Convenience Store,42.49543,-73.237366,,,154882
1603534,Pricerite Marketplace,666 Washington St,,Stoughton,MA,02072,4212,NORFOLK,Super Store,42.127728,-71.100815,,,154889
1678709,Sam's Food Store,198 Pine St,,Florence,MA,01062,1208,HAMPSHIRE,Convenience Store,42.330711,-72.677818,,,154896
1668669,Cowboy Supermarket Ll,24 John Fitch Hwy,,Fitchburg,MA,01420,5902,WORCESTER,Grocery Store,42.570827,-71.777176,,,154898
1600177,Stoughton Mobil,145 Sharon St,,Stoughton,MA,02072,2034,NORFOLK,Convenience Store,42.138378,-71.148865,,,154899
1677312,Two Brohers Meat Market ,8 Lancaster St,,Leominster,MA,01453,3829,WORCESTER,Grocery Store,42.523785,-71.758286,,,154902
1356428,CVS Pharmacy 10891,225 Cambridge St,,Cambridge,MA,02141,1206,MIDDLESEX,Other,42.371025,-71.079697,,,154908
1103316,One Stop Mart,60 Aborn St,,Peabody,MA,01960,8639,ESSEX,Convenience Store,42.520901,-70.921844,,,154911
1687281,Brown's Food Market,559 Dudley St,,Dorchester,MA,02125,2608,SUFFOLK,Convenience Store,42.321159,-71.072388,,,154919
1330924,Wholesome Farmers Market Inc.,596 Summer St,,Barre,MA,01005,9548,WORCESTER,Super Store,42.409573,-72.097908,,,154948
1331044,Free Living Farm NAFMNP,87 Maple Ln,,Petersham,MA,01366,9752,WORCESTER,Farmers and Markets,42.501465,-72.155937,,,154965
1331074,7-eleven 25009,350 Greenwood St,,Worcester,MA,01607,1728,WORCESTER,Convenience Store,42.212284,-71.7957,,,154974
1331110,Cape Food Mart,696 Yarmouth Rd,,Hyannis,MA,02601,2090,BARNSTABLE,Convenience Store,41.671246,-70.267685,,,154981
1331155,AMG Retail I 560,11 Tapley St,,Springfield,MA,01104,2801,HAMPDEN,Convenience Store,42.125153,-72.567268,,,154992
1331176,Seasons Corner Market 88,497 Route 134,,South Dennis,MA,02660,3401,BARNSTABLE,Convenience Store,41.693947,-70.153076,,,154998
1417702,Round The Bend Farm ,92 Allen Neck Rd,,South Dartmouth,MA,02748,1002,BRISTOL,Farmers and Markets,41.530766,-71.010391,,,155080
1417786,Liam's Market,126 Prospect St,,Waltham,MA,02453,8503,MIDDLESEX,Other,42.371788,-71.246437,,,155124
1356527,Newbury St Sunoco 9702,144 Newbury St,,Peabody,MA,01960,3807,ESSEX,Convenience Store,42.537663,-70.988754,,,155208
1381509,Cambridge Brothers Marketplace 404,1 Broadway,,Cambridge,MA,02142,1100,MIDDLESEX,Supermarket,42.362759,-71.083328,,,155250
1381515,Nouria Logan 1011,45 Transportation Way,,East Boston,MA,02128,2063,SUFFOLK,Convenience Store,42.373642,-71.029945,,,155258
1390655,7-Eleven 33486,600 Technology Sq,,Cambridge,MA,02139,3589,MIDDLESEX,Convenience Store,42.363403,-71.093094,,,155394
1418262,Fitchburg Variety ,938 Water St,,Fitchburg,MA,01420,6363,WORCESTER,Convenience Store,42.56596,-71.781395,,,155504
1418287,Richdale Food Shops 133,191 Shirley Ave,,Revere,MA,02151,3258,SUFFOLK,Convenience Store,42.407391,-70.993484,,,155511
1418371,Wellspring Community Harvest No,121 Pinevale St,,Indian Orchard,MA,01151,1509,HAMPDEN,Farmers and Markets,42.156452,-72.50116,,,155536
1417847,Dollar Tree 7978,6 Aubuchon Ln,,Sandwich,MA,02563,0499,BARNSTABLE,Other,41.707027,-70.487305,,,155656
1381322,Natural Food Exchange ,39 Pleasant St,Ste 1a,Stoneham,MA,02180,3851,MIDDLESEX,Convenience Store,42.481369,-71.095245,,,155726
1646843,Speedway 2455,110 Cambridge St,,Burlington,MA,01803,4103,MIDDLESEX,Convenience Store,42.498268,-71.193665,,,155737
1634327,Caribbean Foods,200 Main St,,Haverhill,MA,01830,5060,ESSEX,Grocery Store,42.77903,-71.077888,,,155738
1646841,Speedway 2471,194 W Central St,,Natick,MA,01760,3715,MIDDLESEX,Convenience Store,42.281845,-71.383186,,,155739
1381353,Mocks Convenience,100 Damon Rd,,Northampton,MA,01060,1818,HAMPSHIRE,Convenience Store,42.339027,-72.632896,,,155740
1380415,Thomas Energy Center N/A,1128 Pleasant St,,Worcester,MA,01602,1618,WORCESTER,Convenience Store,42.278168,-71.854286,,,155750
1380616,Country Farms individual,365 Barlows Landing Rd,,Pocasset,MA,02559,1970,BARNSTABLE,Convenience Store,41.693253,-70.61895,,,155827
1380622,Guadalupe Meat Market,114 Union St,,Lynn,MA,01902,3604,ESSEX,Grocery Store,42.467388,-70.940712,,,155832
1417882,Gas Express Mini Mart Inc,52 Hill Rd,Tarkiln,New Bedford,MA,02745,4235,BRISTOL,Convenience Store,41.724846,-70.942039,,,155851
1417927,Riverside Gas & Diesel,1101 N Main St,,Fall River,MA,02720,2725,BRISTOL,Convenience Store,41.716095,-71.150414,,,155866
1380740,Gcn Distribution & Services,50 Franklin St,,Framingham,MA,01702,6671,MIDDLESEX,Other,42.278526,-71.417877,,,155920
1463101,Stop And Chill,400 E Main St,,Chicopee,MA,01020,3648,HAMPDEN,Convenience Store,42.157429,-72.571861,,,156150
1463171,The Farmhouse Meats,323 Oldham St,,Pembroke,MA,02359,2106,PLYMOUTH,Farmers and Markets,42.07629,-70.834282,,,156178
1463280,Dickinson Deli,248 Dickinson St,,Springfield,MA,01108,1850,HAMPDEN,Convenience Store,42.089184,-72.562325,,,156208
1332259,A-1 Variety,355 Dale St,,Chicopee,MA,01013,3709,HAMPDEN,Convenience Store,42.181431,-72.596848,,,156260
1332564,Cumberland Farms Inc. 6768,105 POST OFFICE PARK,,WILBRAHAM,MA,01095,    ,HAMPDEN,Convenience Store,42.149376,-72.44368,,,156325
1331729,7-eleven 11510e 11510,826 Boston Rd,,Billerica,MA,01821,5923,MIDDLESEX,Convenience Store,42.53154,-71.228973,,,156338
1573360,7-eleven 32463F,252 W Newton St,,Boston,MA,02116,6482,SUFFOLK,Convenience Store,42.344746,-71.081223,,,156345
1574161,T Stop Market 1,1064 Main St,,Hanson,MA,02341,1521,PLYMOUTH,Convenience Store,42.043293,-70.879799,,,156351
1576627,La Esquinita Market Inc,580 Moody St,C-1,Waltham,MA,02453,    ,MIDDLESEX,Convenience Store,42.366173,-71.237778,,,156353
1331843,Whitinsville Gas & Market 367,4 N Main St,,Whitinsville,MA,01588,1833,WORCESTER,Convenience Store,42.11235,-71.67923,,,156364
1331968,Safi Salma & Afsa Corp,494 Belleville Ave,,New Bedford,MA,02746,2461,BRISTOL,Convenience Store,41.664959,-70.922775,,,156382
1331996,Super Mart,8 Washington Ave,,Chelsea,MA,02150,3902,SUFFOLK,Convenience Store,42.405239,-71.035477,,,156390
1332121,Archana Corporation,77 Stoughton St,,Dorchester,MA,02125,1934,SUFFOLK,Convenience Store,42.315826,-71.062653,,,156407
1332196,Om Mobil Mart 2 Inc,401 Amesbury Rd,,Haverhill,MA,01830,1605,ESSEX,Convenience Store,42.804592,-71.050041,,,156417
1433827,Richdale Food Shops 135,34 Whiting St,,Hingham,MA,02043,3821,PLYMOUTH,Convenience Store,42.175098,-70.888107,,,156462
1463946,Parker St Variety,322 Parker St,,Lowell,MA,01851,3603,MIDDLESEX,Convenience Store,42.62743,-71.333176,,,156539
1584095,Walts Farm,439 Briggs Rd,,Westport,MA,02790,4611,BRISTOL,Farmers and Markets,41.648235,-71.113182,,,156569
1464185,Romans Market,116 Broad St,,Lynn,MA,01902,5004,ESSEX,Convenience Store,42.463123,-70.939796,,,156605
1463489,Charles River Farm,107 Elm St,,Franklin,MA,02038,1540,NORFOLK,Farmers and Markets,42.136337,-71.417488,,,156643
1392635,7-eleven 37457B,210 Lewis St,,Lynn,MA,01902,4802,ESSEX,Convenience Store,42.464783,-70.933739,,,156739
1433705,7-Eleven 32478J,89 Pleasant St,,Marblehead,MA,01945,3389,ESSEX,Convenience Store,42.50272,-70.85614,,,156800
1392428,99 Ranch Market 605,475 Hancock St,,Quincy,MA,02171,2414,NORFOLK,Super Store,42.270435,-71.023529,,,156846
1392485,Concord Provision,73 Thoreau St,,Concord,MA,01742,2444,MIDDLESEX,Convenience Store,42.457077,-71.357452,,,156862
1392549,Renacer Food Market Inc,71 E Haverhill St,,Lawrence,MA,01841,2715,ESSEX,Grocery Store,42.715343,-71.156151,,,156882
1391952,Golemo's Market,43 Millbury St,,Worcester,MA,01610,2813,WORCESTER,Grocery Store,42.253643,-71.798416,,,156916
1392100,Rusty Lantern Market 310,310 Pulaski Blvd,,Bellingham,MA,02019,2422,NORFOLK,Convenience Store,42.023979,-71.491669,,,156950
1332608,CVS Pharmacy CVS10596,720 Boston Tpke,,Shrewsbury,MA,01545,5422,WORCESTER,Other,42.276947,-71.699089,,,157014
1430855,A Good Mart,27 Harrison Ave,,Boston,MA,02111,2015,SUFFOLK,Grocery Store,42.351814,-71.061447,,,157065
1430527,Rt 38 Citgo 1,626 Rogers St,,Lowell,MA,01852,3833,MIDDLESEX,Convenience Store,42.631454,-71.282364,,,157072
1568313,Ambaji Corporation,1290 N Shore Rd,,Revere,MA,02151,2627,SUFFOLK,Convenience Store,42.414253,-70.992043,,,157090
1571185,Annie Asian Mart ,72 Washington St,,Salem,MA,01970,3506,ESSEX,Convenience Store,42.521908,-70.896088,,,157110
1357786,Asaram Inc.,534 Lynnfield St,,Lynn,MA,01904,1295,ESSEX,Convenience Store,42.503178,-70.980164,,,157186
979732,200 Food Mart,200 Sea St,,Quincy,MA,02169,2528,NORFOLK,Convenience Store,42.261707,-70.993095,,,157197
1357795,Papa Carlos Variety,220 High St,,Clinton,MA,01510,2515,WORCESTER,Convenience Store,42.419506,-71.684441,,,157201
1357059,Adams Hometown Market 250,1 Myrtle St,,Adams,MA,01220,1726,BERKSHIRE,Supermarket,42.62006,-73.119965,,,157308
1357334,White Rose Pantry,277 Turnpike St,,South Easton,MA,02375,1820,BRISTOL,Convenience Store,42.024483,-71.06662,,,157376
1357841,Dollar General 20530,96 Taunton Ave,,Seekonk,MA,02771,6136,BRISTOL,Other,41.823944,-71.343292,,,157378
1332816,Bob's Market,163 W Wyoming Ave,,Melrose,MA,02176,3629,MIDDLESEX,Convenience Store,42.453911,-71.075104,,,157430
1333879,Alltown Ashburnham 323,6 Gardner Rd,,Ashburnham,MA,01430,1622,WORCESTER,Convenience Store,42.609711,-71.940849,,,157458
1431268,Ring Bros Marketplace ,485 Route 134,,South Dennis,MA,02660,3431,BARNSTABLE,Super Store,41.692753,-70.154671,,,157483
1357859,Leslis Market,205 Union St,,Lynn,MA,01901,1312,ESSEX,Grocery Store,42.466358,-70.942528,,,157492
1357897,Jai Umiya Ma Inc,227 Center St,,Ludlow,MA,01056,2702,HAMPDEN,Convenience Store,42.163719,-72.483742,,,157518
1357905,Dollar General 20343,17 Central Ave,,Seekonk,MA,02771,4170,BRISTOL,Other,41.889137,-71.33902,,,157522
1357919,Ludlow Mobil 4444,341 West St,,Ludlow,MA,01056,1015,HAMPDEN,Convenience Store,42.182285,-72.505714,,,157528
1357377,A To Z Convenience,264 Essex St,,Lynn,MA,01902,2351,ESSEX,Convenience Store,42.470219,-70.937134,,,157554
1431384,New World Gas,570 Sumner Ave,Ste 1,Springfield,MA,01108,2480,HAMPDEN,Convenience Store,42.086861,-72.556007,,,157566
1357402,R & P Variety Inc,710 State Rd,,North Dartmouth,MA,02747,1810,BRISTOL,Convenience Store,41.640045,-71.02581,,,157569
1356879,Cumberland Farms 6769,55 E Main St,,Westborough,MA,01581,1412,WORCESTER,Convenience Store,42.274284,-71.610176,,,157625
1430153,Cabot Convenience,389 Cabot St,,Beverly,MA,01915,3103,ESSEX,Convenience Store,42.558292,-70.880692,,,157651
1430184,Masud Food Shop,1643 Blue Hill Ave,,Mattapan,MA,02126,2107,SUFFOLK,Convenience Store,42.268147,-71.094131,,,157722
1430300,West Medford Spa,439 High St,,Medford,MA,02155,3632,MIDDLESEX,Convenience Store,42.421215,-71.131187,,,157748
1337438,Black Duck Market Inc,50 Water St,Ste 30,Newburyport,MA,01950,2899,ESSEX,Convenience Store,42.810841,-70.865822,,,157815
1333998,7-eleven 37486B,474 Columbian St,,South Weymouth,MA,02190,1130,NORFOLK,Convenience Store,42.181675,-70.971642,,,157909
1334058,Cstk Corp 37514A,28 Cox St,,Hudson,MA,01749,1403,MIDDLESEX,Convenience Store,42.398754,-71.568001,,,157929
1334149,Andy's Convenience,420 Woburn St,,Tewksbury,MA,01876,3437,MIDDLESEX,Convenience Store,42.613628,-71.286964,,,157948
1334170,Emporio Andujar Corporation,4441 Washington St,,Roslindale,MA,02131,3407,SUFFOLK,Convenience Store,42.280865,-71.134384,,,157952
1336394,Cranberry Plaza Enterprise Llc 2655974,2900 Cranberry Hwy,,East Wareham,MA,02538,1300,PLYMOUTH,Convenience Store,41.759834,-70.665863,,,157997
1357961,7-eleven 37461B,304 Belmont St,,Brockton,MA,02301,4942,PLYMOUTH,Convenience Store,42.077999,-71.032326,,,158014
1358016,Many Forks Farm,1360 River Rd,,Clarksburg,MA,01247,4611,BERKSHIRE,Farmers and Markets,42.739532,-73.070961,,,158027
1358027,AMG Retail I LLC 522,947 Burnett Rd,,Chicopee,MA,01020,4640,HAMPDEN,Convenience Store,42.175587,-72.529358,,,158031
1400545,Three Sisters,10 Jeffreys Neck Rd,,Ipswich,MA,01938,1308,ESSEX,Farmers and Markets,42.687019,-70.826431,,,158096
1400611,Dollar Tree 8317,778 S Franklin St,Ste 3,Holbrook,MA,02343,    ,NORFOLK,Other,42.129383,-71.009277,,,158142
1381861,V And D Llc 9,1 N Main St,,Uxbridge,MA,01569,1822,WORCESTER,Other,42.076874,-71.629326,,,158170
1449852,Dollar Tree 8597,500 Franklin Village Dr,,Franklin,MA,02038,4017,NORFOLK,Other,42.089653,-71.424904,,,158231
1449886,Yatim Central Convenience Luneburg LLC,451 Mass Ave,,Lunenburg,MA,01462,1303,WORCESTER,Convenience Store,42.595387,-71.751205,,,158243
1449910,Dollar General 23043,135 Providence Road,,Northbridge,MA,01534,    ,WORCESTER,Other,42.100956,-71.643524,,,158260
1421420,Nourishing The North Shore,901 Main St,,West Newbury,MA,01985,1301,ESSEX,Farmers and Markets,42.812134,-70.942528,,,158377
1382070,Sea Street Food Mart ,231 Sea St,,Hyannis,MA,02601,4598,BARNSTABLE,Convenience Store,41.642677,-70.290558,,,158429
1421916,Cowboy Supermarket,769 Main St,,Waltham,MA,02451,0612,MIDDLESEX,Grocery Store,42.376324,-71.241203,,,158523
1422052,North Plain Farm Store,342 N Plain Rd,,Housatonic,MA,01236,9740,BERKSHIRE,Farmers and Markets,42.246525,-73.373444,,,158554
1449616,Jesula Variety Store,1549 Blue Hill Ave,,Mattapan,MA,02126,2122,SUFFOLK,Grocery Store,42.270927,-71.093971,,,158661
1449756,Ciesluk's Farm Stand,564 Greenfield Rd,,Deerfield,MA,01342,9705,FRANKLIN,Farmers and Markets,42.546177,-72.600464,,,158695
1420810,New Pailin Market Llc ,6 Branch St,,Lowell,MA,01851,1893,MIDDLESEX,Grocery Store,42.637642,-71.32119,,,158723
1421009,Monica's Point ,1635 Hancock St,,Quincy,MA,02169,5204,NORFOLK,Convenience Store,42.246029,-71.000839,,,158769
1421018,Al-nassir International Market,217 Elm St,,West Springfield,MA,01089,2726,HAMPDEN,Grocery Store,42.10738,-72.623787,,,158773
1421058,Brightwood All Farmers,380 Plainfield St,,Springfield,MA,01107,1524,HAMPDEN,Farmers and Markets,42.117237,-72.614418,,,158787
1382497,Volante Farms,292 Forest St,,Needham,MA,02492,1329,NORFOLK,Other,42.292435,-71.250694,,,158840
1396163,El Rubio Supermarket,241 S Union St,,Lawrence,MA,01843,1610,ESSEX,Grocery Store,42.695992,-71.153488,,,158946
1435059,Price Rite,240 E Ashland St,,Brockton,MA,02302,2000,PLYMOUTH,Super Store,42.097538,-71.009338,,,159059
1435061,Price Rite 377,333 Martin Luther King Blvd,,Roxbury,MA,02119,1809,SUFFOLK,Super Store,42.317799,-71.083008,,,159060
1435217,Sunny's Convenience,2260 Westfield St,Ste 1,West Springfield,MA,01089,2031,HAMPDEN,Convenience Store,42.10458,-72.677071,,,159128
1338234,Cumberland Farms 6767,103 E Washington St,,North Attleboro,MA,02760,2312,BRISTOL,Convenience Store,41.968681,-71.335526,,,159153
1590715,Town Pantry,85 Wilmington Rd,,Burlington,MA,01803,1499,MIDDLESEX,Convenience Store,42.530304,-71.206345,,,159197
1631197,Tikal Market,35 Lexington St,,Waltham,MA,02452,4415,MIDDLESEX,Grocery Store,42.377762,-71.235519,,,159248
1464774,Quick Mart 1,746 Brock Ave,,New Bedford,MA,02744,2356,BRISTOL,Convenience Store,41.611145,-70.913567,,,159324
1434061,10 - Eleven n/a,218 Bowdoin St,,Dorchester,MA,02122,1842,SUFFOLK,Convenience Store,42.305477,-71.068253,,,159340
1337779,Diana Market,1070 Hyde Park Ave,,Hyde Park,MA,02136,3025,SUFFOLK,Grocery Store,42.262573,-71.121422,,,159357
1337807,Gigante Meat Market Inc,139 Park St,,Lawrence,MA,01841,1734,ESSEX,Grocery Store,42.71653,-71.165352,,,159399
1434588,Franklin Market no,412 Franklin St,,Springfield,MA,01104,3607,HAMPDEN,Convenience Store,42.115662,-72.587418,,,159584
1435319,Dollar General 21918,45 Blandford Stage Rd,,Russell,MA,01071,9602,HAMPDEN,Other,42.187782,-72.857185,,,159594
1464925,Tropical African Market,810 Main St,,Springfield,MA,01105,2316,HAMPDEN,Grocery Store,42.096848,-72.582581,,,159744
1434693,Seven Eleven 37512,3 Beacon St,,Lawrence,MA,01843,2008,ESSEX,Convenience Store,42.690044,-71.173729,,,159747
1434254,Tesoro Market And Deli Partnership,188 Chelsea St,,East Boston,MA,02128,1763,SUFFOLK,Grocery Store,42.374508,-71.033745,,,159757
1434729,Western Market Inc,669 Western Ave,,Lynn,MA,01905,2210,ESSEX,Convenience Store,42.464764,-70.963226,,,159793
1586671,Mama G's,170 Rodman St,,Fall River,MA,02721,2832,BRISTOL,Convenience Store,41.697357,-71.155899,,,159856
1464332,Richdale Food Shops 138,321 Broadway,,Cambridge,MA,02139,1801,MIDDLESEX,Convenience Store,42.369678,-71.101067,,,159903
1100489,Sanchez Market,160 Bunker Hill St,,Charlestown,MA,02129,2537,SUFFOLK,Convenience Store,42.378284,-71.06089,,,160009
1413329,Sobless Fabrics And African Market Store,782 N Main St,,Leominster,MA,01453,1491,WORCESTER,Grocery Store,42.556583,-71.771408,,,160015
1432849,Warren One Stop Market,958 Main St,,Warren,MA,01083,2127,WORCESTER,Convenience Store,42.213436,-72.193794,,,160026
1578630,R & R Food Market,4355 Washington St,,Roslindale,MA,02131,3424,SUFFOLK,Convenience Store,42.283012,-71.132103,,,160027
1338543,First Choice Mkt,185 Howard Ave,,Dorchester,MA,02125,2801,SUFFOLK,Grocery Store,42.313999,-71.07547,,,160148
1401941,Dollar Tree 8465,760 Boston Rd,,Groton,MA,01450,2058,MIDDLESEX,Other,42.580761,-71.523354,,,160225
1432727,Acougue Do Cowboy 2,816 Concord St,,Framingham,MA,01701,4646,MIDDLESEX,Grocery Store,42.300087,-71.407951,,,160372
1432824,6-Twelve Enterprise Inc.,628 E Broadway,,South Boston,MA,02127,1502,SUFFOLK,Convenience Store,42.335747,-71.039253,,,160394
1432837,Bardwell Farm,49 Main St,,Hatfield,MA,01038,9702,HAMPSHIRE,Farmers and Markets,42.371288,-72.597206,,,160399
1402682,Andover Farmers Market,34 Bartlet St,,Andover,MA,01810,3813,ESSEX,Farmers and Markets,42.655483,-71.136612,,,160524
1402245,Saratoga Market,16 Trident St,,East Boston,MA,02128,1143,SUFFOLK,Convenience Store,42.385975,-71.010773,,,160666
1340084,San Marcos Market,355 Summer St,,Lynn,MA,01905,2988,ESSEX,Convenience Store,42.460373,-70.960297,,,160711
1594258,Lightning Ridge Farm,38A Bullard St,,Sherborn,MA,01770,1435,MIDDLESEX,Farmers and Markets,42.205265,-71.359909,,,160736
1402309,Sayar Market,568 Providence Highway,,Norwood,MA,02062,    ,NORFOLK,Grocery Store,42.192917,-71.183449,,,160746
1588179,A1 Foodmart,1 E Meadow Rd,,Lowell,MA,01854,1553,MIDDLESEX,Convenience Store,42.656174,-71.340546,,,160748
1432096,Lee's 2 Market,1383 Commonwealth Ave,,Allston,MA,02134,3301,SUFFOLK,Convenience Store,42.348816,-71.13736,,,160756
1341175,Nenusha Corporation,622 N Main St,,Raynham,MA,02767,5606,BRISTOL,Convenience Store,41.939243,-71.053207,,,160773
1338773,Mill Store & Auctions Inc,502 Bedford St,,Fall River,MA,02720,4855,BRISTOL,Grocery Store,41.701008,-71.145981,,,160784
1338780,Brockton Meat Market Inc,732 Crescent St,,Brockton,MA,02302,3343,PLYMOUTH,Grocery Store,42.082088,-70.990753,,,160796
1432383,Gulf Gas And Mart,1078 Park St,,Palmer,MA,01069,1742,HAMPDEN,Convenience Store,42.156433,-72.324722,,,160803
1432400,Quality Fuel And Mart,180 South Ave,,Whitman,MA,02382,2026,PLYMOUTH,Convenience Store,42.081203,-70.930878,,,160815
1402351,Rt 12 Variety,126 Main St,,Oxford,MA,01540,2344,WORCESTER,Convenience Store,42.097672,-71.868294,,,160823
1341361,Target T3304,822 Somerville Ave,,Cambridge,MA,02140,    ,MIDDLESEX,Super Store,42.38805,-71.118378,,,160860
1432443,Camilos Market,1588 Columbus Ave,,Roxbury,MA,02119,1092,SUFFOLK,Grocery Store,42.321983,-71.098129,,,160868
1341363,Target T3305,34 Cambridge St,Ste 145,Burlington,MA,01803,    ,MIDDLESEX,Super Store,42.483891,-71.189079,,,160872
1338836,Dollar Tree 7679,1580 Vfw Pkwy,,West Roxbury,MA,02132,5562,SUFFOLK,Other,42.266697,-71.168716,,,160897
1342021,Ishree1 Llc 1,107 N Main St,,Lanesborough,MA,01237,9723,BERKSHIRE,Other,42.521095,-73.22818,,,161168
1342084,Podhale Deli,2 Canton St,Ste 113,Stoughton,MA,02072,2877,NORFOLK,Convenience Store,42.124588,-71.104256,,,161189
1342179,Ishree2 Llc,11 South Street,,Stockbridge,MA,01262,    ,BERKSHIRE,Other,42.279789,-73.312752,,,161202
1342182,Ishree3 Llc,229 Stockbridge Rd,,Great Barrington,MA,01230,1229,BERKSHIRE,Other,42.20649,-73.346466,,,161203
1626658,Lynnfield Street Market,263 Lynnfield St,,Lynn,MA,01904,1634,ESSEX,Convenience Store,42.494503,-70.970711,,,161226
1342233,Father & Son,1437 Commonwealth Ave,,Brighton,MA,02135,6105,SUFFOLK,Convenience Store,42.348969,-71.140221,,,161228
1633733,Global Montello Group Corp. #2777 2777,470 Meridian St,,East Boston,MA,02128,1327,SUFFOLK,Convenience Store,42.382877,-71.039803,,,161233
1450647,Sathi Convenience Store,153 Highland Ave,,Somerville,MA,02143,1613,MIDDLESEX,Convenience Store,42.388588,-71.103081,,,161241
1596996,Greensmith Farm,965 Washington St,,Hanover,MA,02339,1614,PLYMOUTH,Farmers and Markets,42.131264,-70.83609,,,161447
1452081,Rj Smokes & Convenience,844 Blue Hill Ave,,Dorchester Center,MA,02124,1607,SUFFOLK,Convenience Store,42.295963,-71.08728,,,161639
1589707,Jazlyn Market Inc,51 Myrtle St,,Lawrence,MA,01841,3132,ESSEX,Grocery Store,42.715038,-71.167358,,,161686
1452392,Downtown Market,660 Pleasant St,,New Bedford,MA,02740,6210,BRISTOL,Convenience Store,41.635937,-70.926918,,,161696
1408677,Million Market,99 Chelsea St,,East Boston,MA,02128,2043,SUFFOLK,Convenience Store,42.372307,-71.035683,,,161734
1408696,Circle K 1,625 Homestead Ave,,Holyoke,MA,01040,1516,HAMPDEN,Convenience Store,42.186211,-72.651115,,,161765
1450394,Crown Meat Market 1 1,133 Gold Star Blvd,,Worcester,MA,01606,2795,WORCESTER,Grocery Store,42.292728,-71.803658,,,161786
1450407,Boutique Da Carne,32 Market St,,Lynn,MA,01901,1005,ESSEX,Grocery Store,42.463902,-70.950073,,,161816
1408862,S S Market 1,1283 River St,,Hyde Park,MA,02136,2807,SUFFOLK,Convenience Store,42.25592,-71.124512,,,161939
1576532,Grove Hall Convenience Market 2 ,292 Talbot Ave,,Dorchester Center,MA,02124,3402,SUFFOLK,Grocery Store,42.291058,-71.074364,,,161952
1516789,Route 85 Mobil,134 Cedar St,,Milford,MA,01757,1102,WORCESTER,Convenience Store,42.163452,-71.508942,,,161960
1409517,Flying Carrot Farm,607 Elm St,,South Dartmouth,MA,02748,2100,BRISTOL,Farmers and Markets,41.598553,-70.952614,,,162023
1409666,Full Well Farm,312 East Rd,,Adams,MA,01220,9729,BERKSHIRE,Farmers and Markets,42.651978,-73.10054,,,162061
1409707,Shiva Bazaar,111 Lenox St,Ste 113a,Norwood,MA,02062,4278,NORFOLK,Grocery Store,42.192204,-71.197365,,,162076
1409799,Moonrose Farm Stand,88 Mason St,,Rehoboth,MA,02769,1017,BRISTOL,Farmers and Markets,41.789219,-71.275208,,,162098
1677839,Charlies Convenience Store,165 Hemlock St,,New Bedford,MA,02740,1135,BRISTOL,Convenience Store,41.617706,-70.933823,,,162113
1476121,Destiny African Market And Variety Market,502 S Main St,,Randolph,MA,02368,5223,NORFOLK,Grocery Store,42.145943,-71.041489,,,162131
1476154,Boston Convenience,1235 Washington St,Ste 7,East Weymouth,MA,02189,2325,NORFOLK,Convenience Store,42.195393,-70.926605,,,162148
1476258,Costal Fuel,1082 N Main St,,Fall River,MA,02720,2726,BRISTOL,Convenience Store,41.716251,-71.151169,,,162178
1632614,Cooper's Dairyland Of Northampton Inc.,31 Main St,,Florence,MA,01062,1419,HAMPSHIRE,Grocery Store,42.335075,-72.668015,,,162214
1410343,Heart Beet Gardens,230 South St,,Ashfield,MA,01330,9636,FRANKLIN,Farmers and Markets,42.515842,-72.785767,,,162282
1410543,Stadium Mart 1,20 Washington St,,Foxboro,MA,02035,1021,NORFOLK,Convenience Store,42.101925,-71.258492,,,162327
1475802,El Colmadon Market Inc. ,123 Winter St,,Haverhill,MA,01830,5625,ESSEX,Convenience Store,42.77792,-71.081963,,,162368
1597152,Bright Oasis Farm Stand,63 South St,,Westborough,MA,01581,1628,WORCESTER,Farmers and Markets,42.26582,-71.611275,,,162423
1685572,Made In Brazil Market 1,26 Rhode Island Ave,,Fall River,MA,02724,3624,BRISTOL,Convenience Store,41.683167,-71.163628,,,162434
1435929,San Miguel Market & Resturant ,1344 Dwight St,,Springfield,MA,01107,2022,HAMPDEN,Convenience Store,42.115387,-72.603119,,,162474
1641806,Berkshire Botanical Garden Farmers Market FFAB,5 W Stockbridge Rd,,Stockbridge,MA,01262,9608,BERKSHIRE,Farmers and Markets,42.299416,-73.336548,,,162499
1410142,Chamas Mart & Convenience Store Inc.,198 Humboldt Ave,,Dorchester,MA,02121,1728,SUFFOLK,Grocery Store,42.312672,-71.089638,,,162531
1315064,Papis Market,3145 Washington St,,Jamaica Plain,MA,02130,4542,SUFFOLK,Convenience Store,42.314075,-71.100288,,,162539
1435954,A. J.'s Inc,179 Lincoln St,,Hingham,MA,02043,1740,PLYMOUTH,Convenience Store,42.249733,-70.903618,,,162572
1571928,San Miguel Arcangel Market,317 Sumner St,,East Boston,MA,02128,4713,SUFFOLK,Grocery Store,42.367275,-71.03643,,,162650
1436021,Dollar Tree 8661,180 Cambridge St,,Burlington,MA,01803,2919,MIDDLESEX,Other,42.511349,-71.198517,,,162739
1475537,4 Corners Citgo,197 Milton St,,Dedham,MA,02026,2901,NORFOLK,Convenience Store,42.242374,-71.148666,,,162880
1475570,Village Green General Store,50 Brackett Rd,,North Eastham,MA,02651,9800,BARNSTABLE,Convenience Store,41.855049,-69.986549,,,162901
1475603,Brighton Winter Farmer's Market NAFMNP,640 Washington St,,Brighton,MA,02135,1646,SUFFOLK,Farmers and Markets,42.3507,-71.169197,,,162949
1435812,Common Convenience,5 Stevens St,,Littleton,MA,01460,1934,MIDDLESEX,Convenience Store,42.545677,-71.473228,,,162957
1453438,Racing Mart #20 ,475 Saint James Ave,,Springfield,MA,01109,3829,HAMPDEN,Convenience Store,42.122242,-72.569626,,,163026
1605596,Dollar Tree 10187,1 Oak St,,Westborough,MA,01581,2655,WORCESTER,Other,42.285881,-71.608543,,,163050
1598412,One Stop Mart ,475 Boston Rd,,Springfield,MA,01109,1231,HAMPDEN,Convenience Store,42.131294,-72.525757,,,163073
1452629,Falcon Gas,560 State St,,Springfield,MA,01109,4104,HAMPDEN,Convenience Store,42.109741,-72.573936,,,163102
1422841,Nichols Street Market,82 Nichols St,,Everett,MA,02149,4912,MIDDLESEX,Convenience Store,42.408176,-71.042236,,,163114
1453483,Community Convenience,44 Norfolk St,,Dorchester Center,MA,02124,3530,SUFFOLK,Convenience Store,42.289059,-71.073174,,,163190
1423261,Chartleys Country Store,319 Tremont St,,Rehoboth,MA,02769,2000,BRISTOL,Other,41.902836,-71.248703,,,163212
1436351,Athena International,753 Pleasant St,,Brockton,MA,02301,3052,PLYMOUTH,Convenience Store,42.088326,-71.051361,,,163344
1453539,Pleasant Street Market,54 Pleasant St,,Westfield,MA,01085,3789,HAMPDEN,Convenience Store,42.115112,-72.752449,,,163394
1453839,Joe's Gas,245 Cape Hwy,,East Taunton,MA,02718,1512,BRISTOL,Convenience Store,41.90284,-70.992485,,,163397
1422199,Plaza Liquors,200 Mechanic St,,Southbridge,MA,01550,1926,WORCESTER,Convenience Store,42.079277,-72.027321,,,163419
1422234,MPG 144,1617 Falmouth Rd,,Centerville,MA,02632,2944,BARNSTABLE,Convenience Store,41.656815,-70.346214,,,163459
1422374,Lucky Convenience  Mart,1 Pauline St,,Winthrop,MA,02152,3011,SUFFOLK,Convenience Store,42.377064,-70.984703,,,163494
1453897,CVS Pharmacy 11400,495 Grand Union Blvd,,Somerville,MA,02145,1446,MIDDLESEX,Other,42.395882,-71.081398,,,163543
1452828,Willow Tree Market,15 Charles St,,Hyannis,MA,02601,5596,BARNSTABLE,Convenience Store,41.656639,-70.284241,,,163560
1252705,Northfield Food Mart,74 Main St,A,Northfield,MA,01360,    ,FRANKLIN,Grocery Store,42.694424,-72.45623,,,163584
1587997,Hubbards Farm Llc,154 Houghton Rd,,Princeton,MA,01541,1225,WORCESTER,Farmers and Markets,42.453175,-71.83033,,,163593
1453564,Dollar Tree 8800,48 Dodge St,,Beverly,MA,01915,1760,ESSEX,Other,42.576607,-70.891884,,,163619
1453903,Ocean State Job Lot 259,140 Main Street,,Weymouth,MA,02188,    ,NORFOLK,Other,42.202984,-70.953033,,,163624
1453173,Dj's Farm Fresh Produce,230 Leverett Rd,,Shutesbury,MA,01072,9786,FRANKLIN,Farmers and Markets,42.449532,-72.431404,,,163685
1436554,Kumasi Supermarket,852 Main St,,Worcester,MA,01610,1443,WORCESTER,Grocery Store,42.254513,-71.814857,,,163761
1423120,Market Basket 88,90 Old Ferry Rd,,Lowell,MA,01854,1908,MIDDLESEX,Super Store,42.640884,-71.360794,,,163797
928937,Weymouth Market,784 Broad St,,East Weymouth,MA,02189,2006,NORFOLK,Convenience Store,42.216312,-70.926491,,,163811
1453354,Honey Bee Orchards,107 E Main St,,West Brookfield,MA,01585,2909,WORCESTER,Farmers and Markets,42.23225,-72.134293,,,163934
1453712,Holmestead Harvest,1194 Plymouth St,,East Bridgewater,MA,02333,2411,PLYMOUTH,Farmers and Markets,42.007721,-70.921776,,,163959
1436703,Ralphies Gas & Convenience,733 S Main St,,Randolph,MA,02368,5538,NORFOLK,Convenience Store,42.137917,-71.040359,,,163995
1641760,Jay's Variety,32 Broadway,,Gardner,MA,01440,    ,WORCESTER,Convenience Store,42.557205,-71.979668,,,164059
1476789,Nouria 139 Medway Road 1041,139 Medway Rd,,Milford,MA,01757,2913,WORCESTER,Convenience Store,42.14653,-71.489853,,,164201
1477811,Albinos Market,92 Belmont St,,Worcester,MA,01605,2937,WORCESTER,Grocery Store,42.271931,-71.793289,,,164219
1674615,Jerusalem Halal Market,88 Broadway,,Malden,MA,02148,6003,MIDDLESEX,Convenience Store,42.426216,-71.042068,,,164346
1476486,Best Meat House,510 Boston Tpke,Ste D,Shrewsbury,MA,01545,5973,WORCESTER,Grocery Store,42.276016,-71.718208,,,164480
1403782,Aisha Groceries,876 State St,,Springfield,MA,01109,3199,HAMPDEN,Grocery Store,42.112511,-72.562035,,,164496
1404189,Vitoria Meat Market,192 Brighton Ave,,Allston,MA,02134,2012,SUFFOLK,Grocery Store,42.353054,-71.134171,,,164537
1476526,A To Z Supermarket,123 Chestnut St,,Springfield,MA,01103,1509,HAMPDEN,Convenience Store,42.105099,-72.588615,,,164603
1477530,Master Cut Meat Market,175 Boston Post Rd E,,Marlborough,MA,01752,3504,MIDDLESEX,Grocery Store,42.348457,-71.524513,,,164622
1403879,New England Convenience 1,3088 Cranberry Hwy,,East Wareham,MA,02538,4800,PLYMOUTH,Convenience Store,41.755844,-70.646172,,,164703
1476938,Blue Hill Halal Market,20 Blue Hill Ave,,Roxbury,MA,02119,3313,SUFFOLK,Grocery Store,42.324467,-71.075233,,,164710
1403236,Racing Mart Fuels,612 Carew St,,Springfield,MA,01104,1952,HAMPDEN,Convenience Store,42.122478,-72.588799,,,164765
1477636,Holyoke Community College,303 Homestead Ave,,Holyoke,MA,01040,1091,HAMPDEN,Convenience Store,42.195496,-72.651207,,,164879
1411186,Zbest Foods Inc 1,44 Vine St,,Everett,MA,02149,4515,MIDDLESEX,Grocery Store,42.401077,-71.047806,,,165001
1411468,Reydi Market,494 Central St,Ste 3,Springfield,MA,01105,1657,HAMPDEN,Convenience Store,42.09726,-72.565201,,,165098
1647043,Reading Shell Food Mart,110 Main St,,Reading,MA,01867,3921,MIDDLESEX,Convenience Store,42.507088,-71.104439,,,165168
1411937,Costanzo's Package & Variety,180 Onota St,,Pittsfield,MA,01201,3179,BERKSHIRE,Convenience Store,42.456844,-73.262894,,,165183
1596749,Tropical Mart Llc,343 Wilbraham Rd,,Springfield,MA,01109,2727,HAMPDEN,Grocery Store,42.112709,-72.551506,,,165186
1605855,Nouria 356 Lowell St 1059,356 Lowell St,,Wakefield,MA,01880,1726,MIDDLESEX,Convenience Store,42.518044,-71.064415,,,165197
1586576,Crown & Roots Farm,126 Federal Hill Rd,,Oxford,MA,01540,1304,WORCESTER,Farmers and Markets,42.142796,-71.84127,,,165389
959882,7-Eleven 34429A,121 June St,,Worcester,MA,01602,2948,WORCESTER,Convenience Store,42.264214,-71.833588,,,165400
1409076,A‡ougue Do Joao Butcher Shop & Groceries,1687 Middlesex St,,Lowell,MA,01851,1103,MIDDLESEX,Grocery Store,42.63567,-71.352272,,,165412
1407007,La Familia Super Market,602 Summer St,,Lynn,MA,01905,3313,ESSEX,Grocery Store,42.457764,-70.972237,,,165425
1411663,Newton Community Farm,303 Nahanton St,,Newton Center,MA,02459,2900,MIDDLESEX,Farmers and Markets,42.297817,-71.200653,,,165448
1683711,Sofia's Market,76 Lewis St,,Lynn,MA,01902,4842,ESSEX,Grocery Store,42.466187,-70.928444,,,165479
1404494,Corsello Butcheria,130 Cottage St,,Easthampton,MA,01027,1621,HAMPSHIRE,Other,42.263748,-72.663834,,,165602
1424015,Verrill Farm,11 Wheeler Rd,,Concord,MA,01742,5814,MIDDLESEX,Farmers and Markets,42.42458,-71.374207,,,165668
1405265,New Entry Sustainable Farming Project - Farmer,733 Cabot St,,Beverly,MA,01915,1027,ESSEX,Farmers and Markets,42.583797,-70.899086,,,165678
1424051,MPG 133,435 Palmer Ave,,Falmouth,MA,02540,2954,BARNSTABLE,Convenience Store,41.564625,-70.618507,,,165734
1423789,Roslindale Variety Store,4254 Washington St,,Roslindale,MA,02131,3026,SUFFOLK,Convenience Store,42.285408,-71.128998,,,165772
1424140,Convenience Mart,779 S Franklin St,Ste 2,Holbrook,MA,02343,1795,NORFOLK,Convenience Store,42.129345,-71.008301,,,165790
1424157,Target Store T3363,500 Geneva Ave,,Dorchester,MA,02122,1321,SUFFOLK,Super Store,42.29879,-71.062958,,,165839
1424159,Target Store T3368,100 Cambridge St,Ste 2,Boston,MA,02114,    ,SUFFOLK,Super Store,42.360592,-71.062111,,,165849
1405052,New Entry Sustainable Farming Project - Food Hub,733 Cabot St,,Beverly,MA,01915,1027,ESSEX,Farmers and Markets,42.583809,-70.899086,,,165910
1423877,Chelsea Food Mart,483 Broadway,,Chelsea,MA,02150,2902,SUFFOLK,Convenience Store,42.393154,-71.033348,,,165926
1404772,Dollar Tree 7967,561 Orchard St,,New Bedford,MA,02744,1017,BRISTOL,Other,41.616966,-70.929634,,,165993
1454119,Dollar Tree 8730,800 S Main St,,Sharon,MA,02067,2869,NORFOLK,Other,42.094051,-71.219826,,,166048
1454145,Jr Butcher Shoppe,274 East St,,Ludlow,MA,01056,3001,HAMPDEN,Specialty Store,42.158772,-72.475075,,,166057
1466289,High Street Gas And Convenience,274 High St,,Lowell,MA,01852,2325,MIDDLESEX,Convenience Store,42.641792,-71.299873,,,166109
1424232,7-eleven 32450c 32450,51 Commercial St,,Braintree,MA,02184,4391,NORFOLK,Convenience Store,42.221169,-70.969627,,,166122
1594033,Aaz Cash & Carry,932 Worthington St,,Springfield,MA,01105,1013,HAMPDEN,Grocery Store,42.112942,-72.57962,,,166135
1589021,Westborough Farmers Market NAFMNP,1100 Union St,,Westborough,MA,01581,5409,WORCESTER,Farmers and Markets,42.269592,-71.608604,,,166144
1454954,Walden Local Butcher Shop 1,316A Shawmut Ave,,Boston,MA,02118,2004,SUFFOLK,Specialty Store,42.341988,-71.07058,,,166155
1455098,From The Source Fungi,64 Magnolia Ter,,Springfield,MA,01108,2533,HAMPDEN,Farmers and Markets,42.081478,-72.57225,,,166194
1512440,Dream Market,369 Burncoat St,,Worcester,MA,01606,1544,WORCESTER,Grocery Store,42.311687,-71.788956,,,166309
1512785,Highland Farm,130 Bradford St,,Provincetown,MA,02657,1434,BARNSTABLE,Convenience Store,42.052963,-70.186829,,,166442
1512006,Big Y World Class Market 126,434 Walpole St,,Norwood,MA,02062,3093,NORFOLK,Super Store,42.178078,-71.219543,,,166532
1512026,Jd's Market Llc,63 Main St,,Blackstone,MA,01504,2330,WORCESTER,Convenience Store,42.019012,-71.533852,,,166576
1424460,7-Eleven 34408C,2946 Falmouth Rd,,Osterville,MA,02655,1233,BARNSTABLE,Convenience Store,41.65345,-70.39196,,,166788
1424846,Wayland Farmers' Market,397 Boston Post Rd,,Wayland,MA,01778,1802,MIDDLESEX,Farmers and Markets,42.362843,-71.369125,,,166804
1424484,Dairy Market,4443 Acushnet Ave,,New Bedford,MA,02745,4705,BRISTOL,Convenience Store,41.738163,-70.944893,,,166847
1466209,Stop And Compare,43 State St,,Lynn,MA,01901,1504,ESSEX,Supermarket,42.462067,-70.950684,,,166877
1466231,Hancock Street Market,95 Hancock St,,Dorchester,MA,02125,2111,SUFFOLK,Grocery Store,42.31245,-71.064499,,,166902
1589326,Merengue Restaurant,156 Blue Hill Ave,,Roxbury,MA,02119,2119,SUFFOLK,Restaurant Meals Program,42.319206,-71.077553,,,166979
1412848,Hampton Ponds Market,1029 North Rd,,Westfield,MA,01085,9711,HAMPDEN,Grocery Store,42.177402,-72.690208,,,167037
1412965,Lowell Street Superette,466 Lowell St,,Methuen,MA,01844,2285,ESSEX,Convenience Store,42.703186,-71.215225,,,167058
1412968,Lynn Food Market,170 Union St,,Lynn,MA,01901,1335,ESSEX,Grocery Store,42.466705,-70.941498,,,167059
1413143,El Pikante Foods 2,530 Waverly St,,Framingham,MA,01702,    ,MIDDLESEX,Convenience Store,42.275517,-71.420769,,,167148
1413226,Pearl Of Africa Store NA,465A Main St,,Waltham,MA,02452,6138,MIDDLESEX,Grocery Store,42.377411,-71.229469,,,167177
1413286,Village Variety NO,84 Border St,,Whitinsville,MA,01588,1858,WORCESTER,Convenience Store,42.114246,-71.683182,,,167197
1413296,West Springfield Farmers Market,615 Main St,,West Springfield,MA,01089,3954,HAMPDEN,Farmers and Markets,42.101673,-72.60733,,,167201
1413435,7-Eleven Inc. 37511B,7 Spring St,Ste 1,West Roxbury,MA,02132,3921,SUFFOLK,Convenience Store,42.278439,-71.160698,,,167272
1478152,Alltown Leominster 306,280 New Lancaster Rd,,Leominster,MA,01453,5050,WORCESTER,Convenience Store,42.493744,-71.726791,,,167330
1478156,Alltown Fitchburg 2770,129 Whalon St,,Fitchburg,MA,01420,7139,WORCESTER,Convenience Store,42.553104,-71.784271,,,167332
1478158,Global Montello Group Corp. 2769,44 Great Rd,,Acton,MA,01720,5604,MIDDLESEX,Convenience Store,42.474701,-71.408745,,,167334
1478159,Global Montello Group Corp. 774,821 Main St,,Waltham,MA,02451,8506,MIDDLESEX,Convenience Store,42.376541,-71.243286,,,167335
1478162,Alltown Fresh Ayer 769,28 Harvard Rd,,Ayer,MA,01432,1739,MIDDLESEX,Convenience Store,42.549301,-71.571091,,,167338
1478164,Alltown Fresh Easton 2726,491 Foundry St,,North Easton,MA,02356,2716,BRISTOL,Convenience Store,42.024117,-71.120514,,,167340
1478389,Nishat Abet Inc,109 Western Ave,,Lynn,MA,01904,2733,ESSEX,Grocery Store,42.481461,-70.945267,,,167406
1623489,Patel Food Mart Inc,158 Island Pond Rd,,Springfield,MA,01118,1029,HAMPDEN,Convenience Store,42.097626,-72.551025,,,167411
1412449,Richdale Convenience Store,178 Main St,,Medford,MA,02155,4542,MIDDLESEX,Convenience Store,42.4132,-71.110527,,,167412
1478452,True Love Caribbean Store,402 Mystic Ave,,Somerville,MA,02145,1902,MIDDLESEX,Other,42.394665,-71.088326,,,167420
1478463,Jk Market 1,140 Princeton St,,East Boston,MA,02128,1613,SUFFOLK,Convenience Store,42.378216,-71.034485,,,167444
1412199,Trinity Farms,369 7 Bridge Rd,,Lancaster,MA,01523,2600,WORCESTER,Farmers and Markets,42.463146,-71.661552,,,167455
1412200,Juahkumbah Farm,306 Chandler St,,Worcester,MA,01602,3440,WORCESTER,Farmers and Markets,42.26226,-71.824608,,,167460
1478948,Route One Gas,765 Washington St,,Attleboro,MA,02703,6949,BRISTOL,Convenience Store,41.906887,-71.365334,,,167593
1455262,Shrewsbury Farmers Market,98 Maple Ave,,Shrewsbury,MA,01545,5349,WORCESTER,Farmers and Markets,42.292625,-71.721992,,,167656
1412326,Ezee Mart N/A,83 River St,Ste 101,West Springfield,MA,01089,3670,HAMPDEN,Convenience Store,42.092541,-72.628456,,,167786
1478067,Sutton Xtra Mart 10107,157 Worcester Providence Tpke,,Sutton,MA,01590,2904,WORCESTER,Convenience Store,42.161201,-71.737267,,,167852
1478068,Sutton North Xtra Mart 10016,27 Worcester Providence Tpke,,Sutton,MA,01590,2501,WORCESTER,Convenience Store,42.174522,-71.753387,,,167858
1478719,Hingham Farmers Market Inc.,95 Station St,,Hingham,MA,02043,2214,PLYMOUTH,Farmers and Markets,42.243698,-70.885208,,,167866
1479245,Save Mart no361,361 Washington Ave,,Chelsea,MA,02150,3601,SUFFOLK,Grocery Store,42.404884,-71.035507,,,167894
1455505,Cravings On The Go 1,69 Providence Highway,,Norwood,MA,02062,    ,NORFOLK,Convenience Store,42.209995,-71.18438,,,167977
1438176,Gateway Food Shops,110 Lincoln St,,Worcester,MA,01605,2407,WORCESTER,Convenience Store,42.276302,-71.795876,,,168082
1438206,Tenares Grocery,64 Berkeley St,,Lawrence,MA,01841,1807,ESSEX,Grocery Store,42.718525,-71.158615,,,168088
1434917,Grove Hall Convenience Market 1,479 Blue Hill Ave,,Dorchester,MA,02121,4301,SUFFOLK,Grocery Store,42.308819,-71.083336,,,168091
1438358,India Bazaar,430 Main St,,Malden,MA,02148,5105,MIDDLESEX,Other,42.426956,-71.067284,,,168236
1438439,Evidence Of Trust,63 Poplar St,,Roslindale,MA,02131,2504,SUFFOLK,Grocery Store,42.285309,-71.128929,,,168248
1406329,Cream Of The Crop Farm Llc,601 Blandford Rd,,Russell,MA,01071,9778,HAMPDEN,Grocery Store,42.165649,-72.853432,,,168322
1437558,Casanova Butcher Shop And Cafe,494A Main St,,Woburn,MA,01801,4236,MIDDLESEX,Grocery Store,42.482216,-71.150955,,,168352
1437623,Robert's Auto Clinic & Tire Center Inc. 1,2 Mashapaug Rd,,Holland,MA,01521,2515,HAMPDEN,Convenience Store,42.065395,-72.163971,,,168370
1437669,Walgreens 21288,506 Main St,,Woburn,MA,01801,4237,MIDDLESEX,Other,42.482609,-71.151215,,,168380
1406626,Dollar Tree 8518,516 N Main St,,Leominster,MA,01453,    ,WORCESTER,Other,42.548679,-71.763115,,,168482
1406776,CVS Pharmacy CVS00272,401 Gloucester Crossing Rd,,Gloucester,MA,01930,2284,ESSEX,Other,42.622879,-70.659035,,,168524
1406777,CVS Pharmacy CVS11399,844 Main St,,Melrose,MA,02176,2711,MIDDLESEX,Other,42.463505,-71.06218,,,168525
1406940,Humble Hands Farm NAFMNP,629 Caswell St,,East Taunton,MA,02718,1100,BRISTOL,Farmers and Markets,41.871349,-71.017097,,,168575
1406961,Pump In Market,48 Old South St,,Northampton,MA,01060,3835,HAMPSHIRE,Convenience Store,42.315529,-72.631149,,,168596
1437126,Buscemi's Convenince,275 Cox St,,Hudson,MA,01749,1859,MIDDLESEX,Convenience Store,42.403233,-71.551201,,,168640
1406473,Richdale Food Shops 118 18,181 South St,,Hingham,MA,02043,2674,PLYMOUTH,Convenience Store,42.241253,-70.896606,,,168748
1437441,Pepperell Quality Market,75 Main St,,Pepperell,MA,01463,1527,MIDDLESEX,Supermarket,42.665215,-71.584038,,,168795
1425136,7-eleven 37372a 37372,133 Main St,,Medford,MA,02155,4522,MIDDLESEX,Convenience Store,42.415161,-71.110985,,,168884
1405838,Codman Community Farms,58 Codman Rd,,Lincoln,MA,01773,3714,MIDDLESEX,Farmers and Markets,42.414295,-71.329735,,,168988
1425508,Soriano Market,260 Hancock St,,Springfield,MA,01109,4349,HAMPDEN,Convenience Store,42.102371,-72.567657,,,169021
1425510,Randolph Marketplace,571 S Main St,,Randolph,MA,02368,5550,NORFOLK,Convenience Store,42.143978,-71.04171,,,169023
1573599,The Meat Bar Marketplace,33 N Washington St,,North Attleboro,MA,02760,1605,BRISTOL,Grocery Store,41.983105,-71.332191,,,169053
1513391,Nouria 300 Hartford Avenue 1174,300 Hartford Ave,,Bellingham,MA,02019,3000,NORFOLK,Convenience Store,42.119144,-71.458382,,,169117
1426176,Family Dollar 12482,9 Cross St,,Fairhaven,MA,02719,4105,BRISTOL,Other,41.643665,-70.893196,,,169154
1513002,Horizon Vert Pure Llc,51 Teed Dr,,Randolph,MA,02368,4201,NORFOLK,Other,42.17625,-71.024742,,,169229
1513025,Planit Eats Fairhaven,6 Sarahs Way,,Fairhaven,MA,02719,3161,BRISTOL,Grocery Store,41.645748,-70.897087,,,169235
1456115,Sammy's Greens N/A,205 El Paso St,,Springfield,MA,01104,2901,HAMPDEN,Farmers and Markets,42.136906,-72.563919,,,169306
1456217,Middleborough Mart Llc,414 W Grove St,,Middleboro,MA,02346,1420,PLYMOUTH,Convenience Store,41.896355,-70.948303,,,169332
1456224,Cummins Market,290 Cummins Hwy,,Roslindale,MA,02131,3879,SUFFOLK,Grocery Store,42.279716,-71.117989,,,169334
1589065,Fessenden Family Market,1300 Blue Hill Ave,,Mattapan,MA,02126,1806,SUFFOLK,Grocery Store,42.279278,-71.092804,,,169351
1513967,Latinos Cuisine Supermarket,590 Main St,,Springfield,MA,01105,2435,HAMPDEN,Grocery Store,42.094109,-72.581512,,,169358
1513596,Veras Perez Market,101 Central St,,Southbridge,MA,01550,3701,WORCESTER,Grocery Store,42.077312,-72.032478,,,169467
1496893,Ole Market Inc,50 Inman St,,Lawrence,MA,01843,2737,ESSEX,Grocery Store,42.688065,-71.160019,,,169486
1455681,Merkato Mart and Bakery,1127 Harrison Ave,,Roxbury,MA,02119,3665,SUFFOLK,Other,42.330463,-71.082031,,,169549
1425929,SKB Food Mart,156 Washington St,,Dorchester,MA,02121,3616,SUFFOLK,Convenience Store,42.304131,-71.07888,,,169589
1514032,Centre Mobil,1063 Worcester Rd,,Framingham,MA,01701,5237,MIDDLESEX,Convenience Store,42.300007,-71.440796,,,169591
1513826,La Baguette North Bakery,485 Washington St,,Norwood,MA,02062,2311,NORFOLK,Specialty Store,42.196934,-71.199364,,,169723
1513832,Needham Farmers Market,20 Pickering Street,Greene's Field,Needham,MA,02492,    ,NORFOLK,Farmers and Markets,42.280735,-71.234818,,,169734
1455837,Ocean Garden Market,504 Merrimack St,,Lowell,MA,01854,3909,MIDDLESEX,Supermarket,42.646774,-71.31646,,,169761
1426092,Rochelles Market And Deli,2050 County St,,Dighton,MA,02715,1255,BRISTOL,Convenience Store,41.815273,-71.121918,,,169770
1514175,Waltham Fuel,1335 Main St,,Waltham,MA,02451,1624,MIDDLESEX,Convenience Store,42.376961,-71.267342,,,169825
1425390,Scuttlebutts,407 Main St,,Fairhaven,MA,02719,3451,BRISTOL,Convenience Store,41.661087,-70.908012,,,169976
1415081,Country Store,1022 Amostown Rd,,West Springfield,MA,01089,4310,HAMPDEN,Convenience Store,42.126278,-72.659012,,,170043
1592907,Ezmart,339 Centre Ave,,Rockland,MA,02370,2613,PLYMOUTH,Convenience Store,42.113598,-70.926033,,,170189
1415883,Dom's Sausage,10 Riverside Park,,Malden,MA,02148,6781,MIDDLESEX,Grocery Store,42.420685,-71.075226,,,170209
1456772,Bolt Grocery Llc,70 Center St,,Hyannis,MA,02601,5599,BARNSTABLE,Grocery Store,41.656204,-70.281326,,,170312
1456814,Mai Asia Vegetables 31,45 School Street,,Brockton,MA,02301,    ,PLYMOUTH,Farmers and Markets,42.082565,-71.018456,,,170329
1456835,Rosa Family Market,696 Blue Hill Ave,,Dorchester,MA,02121,3209,SUFFOLK,Convenience Store,42.300594,-71.085793,,,170340
1479287,Mobil 1957,615 W Boylston St,,Worcester,MA,01606,2043,WORCESTER,Convenience Store,42.313061,-71.79763,,,170439
1479670,Rosas Tropical Market Inc,120 Washington St,,Dorchester,MA,02121,3615,SUFFOLK,Convenience Store,42.305183,-71.079941,,,170464
1479324,Quick Stop Convenience Store,3821 Falmouth Rd,,Marstons Mills,MA,02648,5701,BARNSTABLE,Convenience Store,41.647842,-70.423126,,,170509
1510106,San Miguel Market,230 Cherry St,,Chelsea,MA,02150,2932,SUFFOLK,Grocery Store,42.393505,-71.034073,,,170520
1413831,Correla & Sons Market,500 Read St,,Somerset,MA,02726,2401,BRISTOL,Convenience Store,41.736366,-71.161522,,,170577
1413938,H And B Grocery Store Inc,165B High St,,Lowell,MA,01852,2322,MIDDLESEX,Grocery Store,42.642906,-71.301208,,,170606
1413942,Family Dollar 12461,455 Breckwood Blvd,,Springfield,MA,01109,1348,HAMPDEN,Other,42.117023,-72.523453,,,170610
1413959,Little River Mart,300 Essex Ave,,Gloucester,MA,01930,2350,ESSEX,Convenience Store,42.610588,-70.707535,,,170615
1480129,7-eleven 32480C,8 Park Plz,,Boston,MA,02116,3952,SUFFOLK,Convenience Store,42.351528,-71.066689,,,170635
1456398,Central Convenience,218 Blue Hill Ave,,Roxbury,MA,02119,2153,SUFFOLK,Convenience Store,42.317001,-71.077843,,,170636
1617496,Portillo's Market,43 Everett Ave,,Chelsea,MA,02150,2364,SUFFOLK,Convenience Store,42.392315,-71.03849,,,170642
1693522,Cristian Market,411 Blue Hill Ave,,Dorchester,MA,02121,4309,SUFFOLK,Convenience Store,42.310982,-71.081657,,,170715
1480148,ALDI 73115,70 Providence Hwy,,East Walpole,MA,02032,1511,NORFOLK,Supermarket,42.156704,-71.202263,,,170799
1415603,RUSTY LANTERN MARKET #0683 0683,683 Pleasant St,,Brockton,MA,02301,3049,PLYMOUTH,Convenience Store,42.088764,-71.047928,,,170835
1479448,Mobil 1215,110 Russell St,,Hadley,MA,01035,9546,HAMPSHIRE,Convenience Store,42.342445,-72.595192,,,170846
1479828,Express Fuel . Food 102,652 Water St,,Fitchburg,MA,01420,7360,WORCESTER,Convenience Store,42.570892,-71.785828,,,170929
1439165,Roche Bros 122,96 Arsenal Yards Blvd,,Watertown,MA,02472,5037,MIDDLESEX,Supermarket,42.361534,-71.157562,,,171053
1358100,Puja Convenience Inc,660 Pleasant St,,Brockton,MA,02301,3064,PLYMOUTH,Convenience Store,42.088352,-71.046974,,,171061
1214739,Hayward Market,29 Hayward St,,Braintree,MA,02184,1031,NORFOLK,Convenience Store,42.228458,-70.985809,,,171078
1570978,Ams Stores Llc,51 Branch St,,Lowell,MA,01851,1802,MIDDLESEX,Convenience Store,42.637592,-71.323067,,,171110
1576476,7-Eleven 32451E,721 Hancock St,,Quincy,MA,02170,2837,NORFOLK,Convenience Store,42.266476,-71.014709,,,171141
1576441,Quick Pick Food Shop,261 Nantasket Ave,,Hull,MA,02045,3067,PLYMOUTH,Convenience Store,42.27298,-70.8601,,,171153
1438802,Yarmouth Mini Mart,845 Route 28,Unit 5,South Yarmouth,MA,02664,5277,BARNSTABLE,Convenience Store,41.651989,-70.21376,,,171156
1438928,West Tisbury Farmer's Market,35 Panhandle Rd,,Vineyard Haven,MA,02568,7723,DUKES,Farmers and Markets,41.392097,-70.680588,,,171200
1407274,Ajay's Market -,166 Walpole St,,Norwood,MA,02062,3222,NORFOLK,Convenience Store,42.187321,-71.209503,,,171273
1145998,7 Days Food Mart,1220 Wilbur Ave,,Somerset,MA,02725,1823,BRISTOL,Convenience Store,41.723934,-71.179115,,,171319
1480279,Aplus,366 Main St,,Oxford,MA,01540,1730,WORCESTER,Convenience Store,42.12389,-71.863579,,,171325
1480480,Richdale Food Shops 110,130 Dartmouth St,,Boston,MA,02116,5118,SUFFOLK,Convenience Store,42.346798,-71.076103,,,171390
1408048,Provincetown Farmers' Market,51 Ryder Street Ext,,Provincetown,MA,02657,1415,BARNSTABLE,Farmers and Markets,42.051041,-70.185806,,,171428
1408053,The Barn,22 Falmouth Rd,,Mashpee,MA,02649,2743,BARNSTABLE,Convenience Store,41.634445,-70.45784,,,171430
1408100,Cournoyer Vegetable Farm,400 Grove St,,Paxton,MA,01612,1140,WORCESTER,Farmers and Markets,42.328671,-71.91539,,,171437
1408268,Stop N Save,200 Canal St,,Salem,MA,01970,4509,ESSEX,Convenience Store,42.506554,-70.896416,,,171486
1584200,Big Mania Meat Market 1,1037 Central St,,Leominster,MA,01453,4805,WORCESTER,Grocery Store,42.499115,-71.744965,,,171499
1439334,Dream Market,358 Mammoth Rd,,Lowell,MA,01854,1566,MIDDLESEX,Convenience Store,42.656292,-71.341278,,,171517
1609419,Spiczka Farm NAFMNP,106 Kemp St,,Groton,MA,01450,1124,MIDDLESEX,Farmers and Markets,42.615623,-71.627846,,,171524
1605508,Discount Beer & Wine,220 Appleton St,,Lowell,MA,01852,2526,MIDDLESEX,Convenience Store,42.639664,-71.312531,,,171620
1439730,7-eleven 37373a 37373,230 Washington Street,,Quincy,MA,02169,    ,NORFOLK,Convenience Store,42.250134,-70.993538,,,171643
1480624,The Country Store,212 North St,,Foxboro,MA,02035,1017,NORFOLK,Convenience Store,42.102318,-71.259682,,,171673
1407090,Burke's Market,236 Park St,,Gardner,MA,01440,1641,WORCESTER,Convenience Store,42.583733,-71.997292,,,171723
1407743,Khoury Fuel Inc,386 Main St,,Melrose,MA,02176,4623,MIDDLESEX,Convenience Store,42.452785,-71.066711,,,171753
1567179,Newburyport Circle K,76 Storey Ave,,Newburyport,MA,01950,3526,ESSEX,Convenience Store,42.819344,-70.911499,,,171775
1407842,Racing Mart,685 Sumner Ave,,Springfield,MA,01108,2456,HAMPDEN,Convenience Store,42.087357,-72.551773,,,171786
1439827,Energy North 2129,164 South St,,Plymouth,MA,02360,2979,PLYMOUTH,Convenience Store,41.938599,-70.65609,,,171845
1439907,Astarte Farm,123 West St,,Hadley,MA,01035,9501,HAMPSHIRE,Farmers and Markets,42.33812,-72.598129,,,171869
1439971,Dollar General 20918,326 W Main St,,Hyannis,MA,02601,3651,BARNSTABLE,Other,41.648895,-70.308594,,,171889
1431441,South Gardner Minimart,94 S Main St,,Gardner,MA,01440,3324,WORCESTER,Convenience Store,42.55965,-71.981842,,,172101
1491680,Country Farms,57 N Main St,,Charlton,MA,01507,1315,WORCESTER,Convenience Store,42.138107,-71.96978,,,172221
1491954,La Huerta Farm,733 Cabot St,,Beverly,MA,01915,1027,ESSEX,Farmers and Markets,42.583809,-70.899086,,,172259
1491858,Grocery Garrison,367 California St,,Newton,MA,02458,1052,MIDDLESEX,Convenience Store,42.36536,-71.203934,,,172281
1491881,El Abuelo Grocery Store,12 Essex St,,Chelsea,MA,02150,2705,SUFFOLK,Grocery Store,42.389572,-71.03698,,,172285
1580973,Tropical Market,371 Centre St,,Jamaica Plain,MA,02130,1241,SUFFOLK,Convenience Store,42.322491,-71.108688,,,172347
721854,Las Villas Market,78 Mozart St,,Jamaica Plain,MA,02130,2480,SUFFOLK,Grocery Store,42.320236,-71.103943,,,172382
1457240,V & D Variety Store,1897 River St,,Hyde Park,MA,02136,1418,SUFFOLK,Convenience Store,42.243404,-71.142853,,,172411
1490894,Supreme Mart,1012 Bedford St,,Fall River,MA,02723,1237,BRISTOL,Convenience Store,41.698975,-71.136841,,,172423
1490914,Cheng's Mini-mart Inc 8400,527 SW Cutoff,,Worcester,MA,01607,1443,WORCESTER,Convenience Store,42.211239,-71.794762,,,172546
1514579,Richdale Convenience,65 Friend St,,Amesbury,MA,01913,2814,ESSEX,Convenience Store,42.856537,-70.933983,,,172551
1588133,Dollar Tree 10185,5 Harnden St.,,Reading,MA,01867,    ,MIDDLESEX,Other,42.524509,-71.102188,,,172554
1514610,Yellow Convenience Store,116 Worcester St,,Southbridge,MA,01550,3410,WORCESTER,Convenience Store,42.081333,-72.028084,,,172583
1426583,Malden Mini Market ,539 Main St,,Malden,MA,02148,3918,MIDDLESEX,Convenience Store,42.428619,-71.06694,,,172618
1514704,Alltown Fresh Hopkinton 2766,88-92 West Main Street,,Hopkinton,MA,01748,    ,MIDDLESEX,Convenience Store,42.217007,-71.542465,,,172646
1491037,Carroll's Market,33 E Main St,,Millers Falls,MA,01349,1398,FRANKLIN,Convenience Store,42.578293,-72.49398,,,172693
1490752,Monica Meat Market 1,504 Broadway,,Everett,MA,02149,3617,MIDDLESEX,Convenience Store,42.408897,-71.054085,,,172733
1490774,Nouria 1185,28 Dykeman Way,,Stoughton,MA,02072,1152,NORFOLK,Convenience Store,42.126156,-71.068909,,,172753
1515057,India Mart,85 Quincy Ave,Ste 3,Quincy,MA,02169,6764,NORFOLK,Grocery Store,42.24305,-70.997147,,,172897
1440128,Beverly Sunoco The Local Shoppe 011,131 Brimbal Ave,,Beverly,MA,01915,1869,ESSEX,Convenience Store,42.573544,-70.876999,,,172938
1440148,Shrewsbury Sunoco The Local Shoppe 012,524 Boston Tpke,Rte 9,Shrewsbury,MA,01545,3519,WORCESTER,Convenience Store,42.276413,-71.71656,,,172944
1426414,Market Basket 87,6 Digital Way,,Maynard,MA,01754,2268,MIDDLESEX,Super Store,42.417439,-71.450417,,,172984
1480785,One Stop Market #2 1,174 Rantoul St,,Beverly,MA,01915,4207,ESSEX,Convenience Store,42.547737,-70.884445,,,173011
1457616,Cumberland Farm 6787,64 Stevens St,,Fall River,MA,02721,5123,BRISTOL,Convenience Store,41.681683,-71.142578,,,173033
1497887,Guimond Farms,105 Rhode Island Ave,,Fall River,MA,02724,3625,BRISTOL,Convenience Store,41.682354,-71.164085,,,173072
1498033,Flis Market,5 W Main St,,Erving,MA,01344,9721,FRANKLIN,Grocery Store,42.600006,-72.401176,,,173125
1457619,Braintree Highland Market,1719 Washington St,,Braintree,MA,02184,7934,NORFOLK,Convenience Store,42.18108,-71.014259,,,173137
1498144,Cider Hill Farm,45 Fern Ave,,Amesbury,MA,01913,5606,ESSEX,Farmers and Markets,42.875275,-70.926529,,,173253
1416249,Dollar General 22130,139 West St,,Ware,MA,01082,1415,HAMPSHIRE,Other,42.256489,-72.251678,,,173353
1597716,Dollar Tree 10099,435 Boston Post Rd,Ste 13,Sudbury,MA,01776,3028,MIDDLESEX,Other,42.359684,-71.420914,,,173388
1482986,Demellos Seafood Market,1275 Cove Rd,,New Bedford,MA,02744,1040,BRISTOL,Grocery Store,41.615383,-70.926437,,,173469
1483040,Atlas Farm Store,218 Greenfield Rd,,South Deerfield,MA,01373,9790,FRANKLIN,Grocery Store,42.50103,-72.607422,,,173482
1497552,Corner Store Convenience,594 S Main St,,Fall River,MA,02721,5320,BRISTOL,Convenience Store,41.695988,-71.162384,,,173584
1594865,TRADER JOE'S BOSTON 500,500 Boylston St,,Boston,MA,02116,3740,SUFFOLK,Supermarket,42.350548,-71.073898,,,173604
1588169,Gas Depot,1123 Main St,,Brockton,MA,02301,6830,PLYMOUTH,Convenience Store,42.063099,-71.015587,,,173611
1497727,7-eleven 32482E,507 State Rd,,Plymouth,MA,02360,5185,PLYMOUTH,Convenience Store,41.923958,-70.570419,,,173626
1497739,Dusty Goat Farm NAFMNP,229 Hampden Rd,,East Longmeadow,MA,01028,3045,HAMPDEN,Farmers and Markets,42.05621,-72.469421,,,173630
1416722,Sunny Corner Variety,218 Salem St,,Medford,MA,02155,3316,MIDDLESEX,Convenience Store,42.420074,-71.10099,,,173742
1663852,Star Market 2569,1070 Lexington St,,Waltham,MA,02452,7206,MIDDLESEX,Supermarket,42.41246,-71.234375,,,173807
1663835,Cumberland Farms 6793,34 Innovation Way,,Assonet,MA,02702,1673,BRISTOL,Convenience Store,41.762974,-71.095726,,,173814
1517024,Imperio Meat Market Corp,386 Summer St,,Fitchburg,MA,01420,5956,WORCESTER,Grocery Store,42.57143,-71.774155,,,174075
1517025,Big Boi Meat Market,428 Waverly St,,Framingham,MA,01702,    ,MIDDLESEX,Grocery Store,42.276451,-71.417297,,,174076
1517071,Franks Petroleum 1461,2776 Washington St,,Canton,MA,02021,1016,NORFOLK,Convenience Store,42.208031,-71.120247,,,174098
1517181,Old Gold Convenience Store,326 Union St,Ste 1,Franklin,MA,02038,2489,NORFOLK,Convenience Store,42.077492,-71.403275,,,174131
1517183,Veronica's,1074 Main St,,Waltham,MA,02451,7429,MIDDLESEX,Convenience Store,42.376125,-71.255074,,,174132
1517208,West Falmouth Market,623 W Falmouth Hwy,,Falmouth,MA,02540,2114,BARNSTABLE,Other,41.603741,-70.634872,,,174143
1649950,Stop & Shop 418,1415 Boston Providence Tpke,Ste 1,Norwood,MA,02062,8002,NORFOLK,Supermarket,42.163845,-71.201653,,,174201
1517610,Seona Family Farms ,100 Smith Farm Way,,Dracut,MA,01826,    ,MIDDLESEX,Farmers and Markets,42.694618,-71.277481,,,174206
1517680,Quincy Market,33 Washington St,,Quincy,MA,02169,5301,NORFOLK,Convenience Store,42.25116,-71.002243,,,174229
1654471,Evan To Go,411 Adams St,,Dorchester,MA,02122,3486,SUFFOLK,Other,42.295258,-71.056404,,,174311
1517880,Rd Grocery Store,49 Walnut St,,Lawrence,MA,01841,3121,ESSEX,Grocery Store,42.714966,-71.170242,,,174375
1516811,Brothers Market,116 Broad St,,Marlborough,MA,01752,4012,MIDDLESEX,Grocery Store,42.344326,-71.564034,,,174564
1687003,Richdale Convenience Store,304 Lincoln Ave,,Saugus,MA,01906,3992,ESSEX,Convenience Store,42.449432,-70.997345,,,174662
1663834,Cumberland Farms 6792,965 Fall River Ave,,Seekonk,MA,02771,5803,BRISTOL,Convenience Store,41.799618,-71.33149,,,174693
1677378,Belmont Convenience Store,104 Belmont St,,Worcester,MA,01605,2937,WORCESTER,Convenience Store,42.271889,-71.792618,,,174922
1484006,Hamilton Convenience,178 Bay Rd,,South Hamilton,MA,01982,2232,ESSEX,Convenience Store,42.611881,-70.873383,,,175154
1498694,Exceptional Vegetables NAFMNP,0 Between Bridge Street And Cresent Street,Growing Location,East Bridgewater,MA,02333,    ,PLYMOUTH,Farmers and Markets,42.02734,-70.931801,,,175232
1484775,J & D Convenient Store,179 W Central St,,Natick,MA,01760,4166,MIDDLESEX,Convenience Store,42.283062,-71.380196,,,175429
1484206,Al Prime - Dracut 159,2083 Bridge St,,Dracut,MA,01826,1431,MIDDLESEX,Convenience Store,42.692589,-71.311691,,,175464
1498727,Fastop Inc,914 Huntington Ave,,Boston,MA,02115,2311,SUFFOLK,Convenience Store,42.331913,-71.112167,,,175492
1483691,Eastham Superette,2475 State Hwy,,Eastham,MA,02642,2578,BARNSTABLE,Grocery Store,41.829815,-69.974129,,,175726
1492602,Hannan Healthy Foods N/A,270 S Great Rd,,Lincoln,MA,01773,4323,MIDDLESEX,Farmers and Markets,42.405613,-71.32103,,,175893
1483868,Fresh Catch Seafood And Butcher Shop,463 E Washington St,,North Attleboro,MA,02760,2310,BRISTOL,Specialty Store,41.979771,-71.328911,,,175953
1518145,Yogis General Market,218 Waverley Ave,,Watertown,MA,02472,3207,MIDDLESEX,Convenience Store,42.377144,-71.188347,,,176006
1482768,Emmanuel Convenience Store,178 Bennington St,,East Boston,MA,02128,1795,SUFFOLK,Grocery Store,42.377388,-71.032654,,,176119
1492797,Latinos Mini Market,115 Corporation St,,Hyannis,MA,02601,2204,BARNSTABLE,Grocery Store,41.666428,-70.300171,,,176297
1493420,Oxford Farms NAFMNP,103 Federal Hill Rd,,Oxford,MA,01540,1303,WORCESTER,Farmers and Markets,42.148914,-71.842537,,,176318
1493424,Market Basket 91,1775 Washington St,Ste 300,Hanover,MA,02339,1701,PLYMOUTH,Super Store,42.147751,-70.842667,,,176320
1663858,Star Market 2576,33 Kilmarnock St,,Boston,MA,02215,4308,SUFFOLK,Supermarket,42.343636,-71.100143,,,176367
1493188,Wellfleet Farmers Market Inc.,200 Main St,,Wellfleet,MA,02667,7435,BARNSTABLE,Farmers and Markets,41.939072,-70.028282,,,176449
1493202,Golden Bakery And Mart,490 Lincoln St,Ste 6,Worcester,MA,01605,1920,WORCESTER,Grocery Store,42.296059,-71.776634,,,176455
1493302,One Stop Mart,373 Rowley St,,Agawam,MA,01001,1625,HAMPDEN,Convenience Store,42.079082,-72.630112,,,176482
1493349,Franklin Farmer Market NAFMNP,200 Main St,,Franklin,MA,02038,1942,NORFOLK,Farmers and Markets,42.088367,-71.401535,,,176498
1482081,Makola Market,1145 Main St,,Worcester,MA,01603,2065,WORCESTER,Other,42.244198,-71.836166,,,176560
1570942,Metro Mini Mart,405 Main St,,Watertown,MA,02472,2240,MIDDLESEX,Convenience Store,42.370602,-71.193939,,,176646
1573507,Tandav Corporation,334 E 8th St,,South Boston,MA,02127,3922,SUFFOLK,Convenience Store,42.331375,-71.047615,,,176691
1492883,Woven Roots Farm,12 Mccarthy Rd,,Tyringham,MA,01264,7709,BERKSHIRE,Farmers and Markets,42.23233,-73.209862,,,176706
1574449,Ecuador Family Market,950 S Main St,,Fall River,MA,02724,2820,BRISTOL,Grocery Store,41.691547,-71.165161,,,176774
1518533,Wheelers Wine And Liquor,1654 North St,,Pittsfield,MA,01201,1567,BERKSHIRE,Convenience Store,42.49358,-73.239105,,,176796
1518767,Apna Bazar Lowell,1815 Middlesex St,,Lowell,MA,01851,1190,MIDDLESEX,Supermarket,42.63541,-71.356316,,,176815
1519107,Fernandez Liquors Iii,2665 Washington St,,Roxbury,MA,02119,1403,SUFFOLK,Convenience Store,42.324169,-71.089058,,,176927
1518376,Village General Store,700 State Rd,,Plymouth,MA,02360,5108,PLYMOUTH,Convenience Store,41.917339,-70.557304,,,176929
1595072,Mashpee Farmers Market 1,4 Jobs Fishing Rd,,Mashpee,MA,02649,3354,BARNSTABLE,Farmers and Markets,41.616646,-70.494087,,,176940
1519122,Heladeria Y Fruteria Olivos,727 Summer St,,Lynn,MA,01905,1929,ESSEX,Convenience Store,42.459167,-70.977127,,,176956
1440821,Warner Farm Llc,23 S Main St,,Sunderland,MA,01375,9505,FRANKLIN,Farmers and Markets,42.46162,-72.581917,,,177035
1466986,Nouria 2416 Cranberry Highway 1160,2416 Cranberry Hwy,,Wareham,MA,02571,1043,PLYMOUTH,Convenience Store,41.781609,-70.743744,,,177127
1468365,Berkley Farms Liquor 1,539 Berkley St,,Berkley,MA,02779,1015,BRISTOL,Convenience Store,41.869507,-71.095802,,,177147
1440185,Qwik Mart Variety,155 County St,,New Bedford,MA,02744,1824,BRISTOL,Convenience Store,41.620426,-70.924347,,,177184
1440303,Sutter Meats,65 King St,,Northampton,MA,01060,3223,HAMPSHIRE,Specialty Store,42.321018,-72.630905,,,177205
1440399,Price Rite 375,500 Geneva Ave,,Dorchester,MA,02122,1321,SUFFOLK,Super Store,42.298798,-71.062958,,,177223
1642779,Prime Meat Market 1,4 White St,,Ludlow,MA,01056,2412,HAMPDEN,Convenience Store,42.166771,-72.481461,,,177227
1535859,Andrea's West Yarmouth Fish And Lobster,679 Route 28,,West Yarmouth,MA,02673,5102,BARNSTABLE,Specialty Store,41.648289,-70.223907,,,177266
1466805,Elly Convenience Store 1,185 Pleasant St,,Attleboro,MA,02703,2419,BRISTOL,Convenience Store,41.950325,-71.273911,,,177294
1466437,Grant Family Farm,136 Southern Ave,,Essex,MA,01929,1438,ESSEX,Farmers and Markets,42.617886,-70.772293,,,177382
1466459,7-Eleven 40078H,325 Boylston St,,Newton Center,MA,02459,2842,MIDDLESEX,Convenience Store,42.319515,-71.181778,,,177409
1466460,7-Eleven 40081H,1894 Revere Beach Pkwy,,Everett,MA,02149,5934,MIDDLESEX,Convenience Store,42.402496,-71.050362,,,177410
1466643,Billerica Community Farmers Market,25 Concord Rd,,Billerica,MA,01821,2517,MIDDLESEX,Farmers and Markets,42.557629,-71.26992,,,177467
1504952,Euro Food Hub Llc,74 Maple St,Ste R3,Stoneham,MA,02180,3130,MIDDLESEX,Grocery Store,42.478714,-71.109009,,,177487
1535984,Wentworth Farm NAFMNP,173 Stanley St,,Amherst,MA,01002,2610,HAMPSHIRE,Farmers and Markets,42.363724,-72.49601,,,177653
1536082,Family Farms 5,61 S Main St,,Natick,MA,01760,4948,MIDDLESEX,Convenience Store,42.281986,-71.347633,,,177690
1536084,Family Farms 6,113 Main St,,Upton,MA,01568,1621,WORCESTER,Convenience Store,42.170189,-71.619507,,,177691
1536087,Family Farms 8,98 Boston Tpke,,Shrewsbury,MA,01545,3601,WORCESTER,Convenience Store,42.273739,-71.749588,,,177693
1536089,Family Farms 9,443 Park Ave,,Worcester,MA,01610,1334,WORCESTER,Convenience Store,42.255299,-71.82444,,,177695
1536090,Family Farms 10,1073 Pleasant St,,Worcester,MA,01602,1330,WORCESTER,Convenience Store,42.278484,-71.849854,,,177696
1408290,Whitney's Farm Market LLC,1775 S State Rd,,Cheshire,MA,01225,9402,BERKSHIRE,Farmers and Markets,42.520912,-73.192307,,,177698
1596150,Lolans Farm,121 Thompson St,,Middleboro,MA,02346,1607,PLYMOUTH,Farmers and Markets,41.943417,-70.888954,,,177824
1535707,Wild Robbins Farm NAFMNP,42 Everett St,,Sherborn,MA,01770,1526,MIDDLESEX,Farmers and Markets,42.259243,-71.359657,,,177846
1408588,Dave's Natural Garden,35 Amherst St,,Granby,MA,01033,9421,HAMPSHIRE,Farmers and Markets,42.252102,-72.542885,,,177920
1663896,Dollar Tree 10648,4B Washington St,,Canton,MA,02021,4004,NORFOLK,Other,42.139286,-71.149979,,,177938
1440634,Energy North 2130,131 Commerce Way,,Plymouth,MA,02360,7250,PLYMOUTH,Convenience Store,41.963867,-70.708092,,,177943
1440635,Energy North 2133,1271 Templeton Rd,,Athol,MA,01331,9410,WORCESTER,Convenience Store,42.579025,-72.18045,,,177946
1663836,Cumberland Farms 6794,453 Washington St,,Quincy,MA,02169,5741,NORFOLK,Convenience Store,42.248035,-70.983177,,,177947
1440637,Energy North 2135,145 Church St,,Pembroke,MA,02359,1917,PLYMOUTH,Convenience Store,42.107391,-70.770744,,,177949
1466351,Brazilian Family Market,981 S Main St,,Fall River,MA,02724,2819,BRISTOL,Grocery Store,41.691288,-71.165749,,,177967
1505416,Vb Variety,417 Pulaski Blvd,,Bellingham,MA,02019,2002,NORFOLK,Convenience Store,42.0261,-71.488861,,,178181
1505502,Sunny Hill Minimart,2632 S Main St,,Fall River,MA,02724,2029,BRISTOL,Convenience Store,41.673485,-71.183632,,,178209
1601347,MOM's Organic Market 25,1314 Worcester St,,Natick,MA,01760,1501,MIDDLESEX,Super Store,42.298965,-71.386147,,,178233
1500154,Navarrete Grocery,451 Columbia Rd,,Dorchester,MA,02125,2313,SUFFOLK,Grocery Store,42.312939,-71.067978,,,178298
1500196,Tnz Inc. N/A,310 Washington St,,Auburn,MA,01501,3238,WORCESTER,Convenience Store,42.198654,-71.81916,,,178356
1500433,Winchester Farmers Market ,0 Laraway Road,,Winchester,MA,01890,    ,MIDDLESEX,Farmers and Markets,42.452084,-71.137642,,,178427
1500438,Casablanca Pastry Inc,301 Main St,,Everett,MA,02149,5707,MIDDLESEX,Grocery Store,42.411186,-71.062546,,,178428
1500815,7-eleven 24450g 24450,743 Main St,,Falmouth,MA,02540,3215,BARNSTABLE,Convenience Store,41.553123,-70.602791,,,178433
1500823,Petersons Market,918 Main St,,Yarmouth Port,MA,02675,5102,BARNSTABLE,Super Store,41.715851,-70.201096,,,178450
1598296,Medway Irving,71 Main St,,Medway,MA,02053,1817,NORFOLK,Convenience Store,42.152004,-71.407791,,,178521
1598591,Avenue A Market,106 Avenue A,,Turners Falls,MA,01376,1116,FRANKLIN,Grocery Store,42.608219,-72.557213,,,178572
1594137,Nordica Street Community Farm NAFMNP,7 Nordica St,,Springfield,MA,01104,1116,HAMPDEN,Farmers and Markets,42.135651,-72.590683,,,178589
1500736,Prattville Mart,383c Washington Ave,,Chelsea,MA,02150,3601,SUFFOLK,Convenience Store,42.40538,-71.035187,,,178799
1585721,La Familia Market & Restaurant,119 Jackson St,,Lawrence,MA,01841,3833,ESSEX,Convenience Store,42.712547,-71.157661,,,178805
1500745,Deerfield Convenience Store,513 Greenfield Rd,,Deerfield,MA,01342,9705,FRANKLIN,Convenience Store,42.539215,-72.603004,,,178819
1351917,Upali Convenience,3 Neponset Ave,,Dorchester,MA,02122,2603,SUFFOLK,Convenience Store,42.297016,-71.056343,,,178825
1500060,New Song Farms,224 Blossom St,,Fitchburg,MA,01420,3305,WORCESTER,Farmers and Markets,42.588066,-71.794891,,,178827
1501578,Rockport Farmers Market NAFMNP,0 Broadway & Mt Pleasant St,Harvey Park,Rockport,MA,01966,    ,ESSEX,Farmers and Markets,42.65799,-70.616112,,,179059
1501582,Rattle Root Farm,33B Hubbardston Rd,,Princeton,MA,01541,1808,WORCESTER,Farmers and Markets,42.450756,-71.882332,,,179060
1494063,Fruit Center Inc,10 Bassett St,,Milton,MA,02186,5507,NORFOLK,Supermarket,42.259903,-71.040825,,,179104
1494100,Country Farms,20 Main St,,Topsfield,MA,01983,1831,ESSEX,Convenience Store,42.639072,-70.951111,,,179236
1494101,Country Farms,79 Maple St,,Danvers,MA,01923,2841,ESSEX,Grocery Store,42.56768,-70.936958,,,179241
1501184,Gomez Supermarket Llc,191 Parker St,,Lawrence,MA,01843,1569,ESSEX,Grocery Store,42.695057,-71.157997,,,179268
1501253,Iron Ox Farm NAFMNP,656 Asbury St,,South Hamilton,MA,01982,1321,ESSEX,Farmers and Markets,42.637142,-70.904289,,,179281
1596795,296 Irving Convenience Store,296 Irving St,,Framingham,MA,01702,7359,MIDDLESEX,Convenience Store,42.271591,-71.408325,,,179295
1501314,Mill Valley Milk Store,102 Mill Valley Rd,,Hadley,MA,01035,9577,HAMPSHIRE,Grocery Store,42.349598,-72.551521,,,179298
1501341,Pennys Variety,181 Arnold St,,New Bedford,MA,02740,3641,BRISTOL,Convenience Store,41.631496,-70.936417,,,179307
1596567,Abdali's Mart,190 Orange St,,Springfield,MA,01108,1324,HAMPDEN,Convenience Store,42.092587,-72.562302,,,179318
1599755,Lucky Mini Mart & Halal Deli,603 Page Blvd,,Springfield,MA,01104,3030,HAMPDEN,Convenience Store,42.140408,-72.558601,,,179321
1501423,Mineirao Market,530 Boston Post Rd,,Marlborough,MA,01740,    ,WORCESTER,Grocery Store,42.348133,-71.508896,,,179336
1501432,Santa Fe Super Market,760 Broadway,,Revere,MA,02151,4412,SUFFOLK,Grocery Store,42.416985,-71.008087,,,179338
1493986,Johnnys Market,33 Lynnway,,Lynn,MA,01902,4660,ESSEX,Convenience Store,42.45784,-70.937408,,,179402
1682636,G & P Mini Market,154 Geneva Ave,,Dorchester,MA,02121,3606,SUFFOLK,Convenience Store,42.305504,-71.077171,,,179521
1494230,Lion's Tooth Farm,1288 Old Route 9,,Windsor,MA,01270,9216,BERKSHIRE,Farmers and Markets,42.489292,-73.003036,,,179527
1502096,Cervelli Farmstand,247 Rounseville Rd,,Rochester,MA,02770,1537,PLYMOUTH,Farmers and Markets,41.741249,-70.846359,,,179528
1687922,Union Food Mart,518 Union St,,New Bedford,MA,02740,3544,BRISTOL,Convenience Store,41.63258,-70.940643,,,179550
1494604,Cross Stone Farm Inc,267 Brockelman Rd,,Lancaster,MA,01523,2305,WORCESTER,Farmers and Markets,42.480686,-71.713097,,,179656
1674985,Gol Supermarket 4,441 Tucker St,,Fall River,MA,02721,2335,BRISTOL,Supermarket,41.677063,-71.160629,,,179741
1493615,Christophers Market,2 Washington St,,North Reading,MA,01864,2538,MIDDLESEX,Convenience Store,42.574554,-71.072678,,,179774
1494389,Nicole's Market ,406 Essex St,,Salem,MA,01970,3153,ESSEX,Convenience Store,42.518364,-70.905579,,,179798
1500957,Wakefield Farmers Market,468 North Ave,,Wakefield,MA,01880,1607,MIDDLESEX,Farmers and Markets,42.50774,-71.079872,,,179828
1494403,Neighborhood Produce,691 Broadway,,Somerville,MA,02144,2224,MIDDLESEX,Grocery Store,42.400047,-71.11203,,,179895
1654272,Malden Farmers Market,215 Pleasant Street,,Malden,MA,02148,    ,MIDDLESEX,Farmers and Markets,42.427402,-71.072655,,,179913
1469214,Mt Mini Mart Inc.,273 Salem St,,Malden,MA,02148,4111,MIDDLESEX,Grocery Store,42.430775,-71.057861,,,180082
1565736,Washington Market 1,485 Washington St,,Dorchester Center,MA,02124,2039,SUFFOLK,Convenience Store,42.294735,-71.072227,,,180165
1578360,Sazon Peru Fusion Bar and Grill Inc,89 Broadway,SO,Lawrence,MA,01840,1011,ESSEX,Restaurant Meals Program,42.705761,-71.168808,,,180187
1537350,Sams Food Store,120 S Washington St,,North Attleboro,MA,02760,2234,BRISTOL,Other,41.978245,-71.333794,,,180320
1468775,ALDI 73117,200 N Dartmouth Mall,,North Dartmouth,MA,02747,4233,BRISTOL,Supermarket,41.640766,-70.991295,,,180342
1536582,No Name Grocery,49 Vernon,Unit A,Worchester,MA,01610,    ,WORCESTER,Grocery Store,42.251457,-71.795151,,,180619
1537177,Saint Michael Dos Azores,70 Tremont St,,Peabody,MA,01960,4495,ESSEX,Grocery Store,42.530182,-70.920227,,,180698
1537191,Nurcha Foods Llc NAFMNP,385 Columbia St,,Fall River,MA,02721,1547,BRISTOL,Farmers and Markets,41.698605,-71.160156,,,180708
1592926,Colbea Enterprises LLC 92,473 Station Ave,,South Yarmouth,MA,02664,1848,BARNSTABLE,Convenience Store,41.685856,-70.209671,,,180869
1505837,Winters Farm NAFMNP,4 Tremont St,,Rehoboth,MA,02769,3026,BRISTOL,Farmers and Markets,41.90559,-71.193466,,,180876
1505847,7 Day Store,668 Winthrop Ave,,Revere,MA,02151,5546,SUFFOLK,Convenience Store,42.39724,-70.99128,,,180896
1536752,Fish River Corp,1678 President Ave,,Fall River,MA,02720,7148,BRISTOL,Grocery Store,41.712902,-71.127312,,,180918
1469704,Bay End Farm NAFMNP,200 Bournedale Rd,,Buzzards Bay,MA,02532,2238,BARNSTABLE,Farmers and Markets,41.768787,-70.5961,,,180924
1505860,Williamstown Farmers Market,89 Spring St,,Williamstown,MA,01267,2867,BERKSHIRE,Farmers and Markets,42.70974,-73.204964,,,180932
1469714,Sunoco Leominster,701 Central St,,Leominster,MA,01453,6100,WORCESTER,Convenience Store,42.503384,-71.747681,,,180934
1469720,Shell,1001 Cambridge St,,Cambridge,MA,02141,1002,MIDDLESEX,Convenience Store,42.373077,-71.093552,,,180937
1469908,Sunrise Market,327 Main St,,Wilmington,MA,01887,2716,MIDDLESEX,Convenience Store,42.550323,-71.177094,,,180992
1506568,7-eleven 35827B,2245 Massachusetts Ave,,Cambridge,MA,02140,1212,MIDDLESEX,Convenience Store,42.394306,-71.126183,,,181039
1506571,Round Table Urban Garden NAFMNP,7 Sterling Sq,,South Boston,MA,02127,3606,SUFFOLK,Farmers and Markets,42.326321,-71.054916,,,181042
1519258,Bitznpeace Farm Llc,85 High St,,Chelmsford,MA,01824,3416,MIDDLESEX,Farmers and Markets,42.590027,-71.36293,,,181186
1486454,Sparky's,429 Boston Rd,,Springfield,MA,01109,1233,HAMPDEN,Convenience Store,42.130459,-72.526917,,,181272
1486107,Wildberry Acres Farm,135 Town Farm Rd,,Brookfield,MA,01506,1745,WORCESTER,Farmers and Markets,42.176373,-72.13205,,,181736
1486575,Speedymart ,783 Grafton St,,Worcester,MA,01604,2337,WORCESTER,Convenience Store,42.250622,-71.764503,,,181805
1505999,Nouria 833 East Columbus Avenue 1055,833 E Columbus Ave,,Springfield,MA,01105,2505,HAMPDEN,Convenience Store,42.092918,-72.581947,,,181956
1506028,La Arecibena Torres Family Farm NAFMNP,24 Jones Ferry Rd,,Holyoke,MA,01040,5308,HAMPDEN,Farmers and Markets,42.171715,-72.630898,,,181970
1470679,Latino Express II,252 Main St,,Everett,MA,02149,5702,MIDDLESEX,Convenience Store,42.409466,-71.062599,,,182002
1470733,Pine Crest Convenience,450 Pearl St,,Stoughton,MA,02072,1610,NORFOLK,Convenience Store,42.136219,-71.11235,,,182011
1685743,Fine Mart,180 Ferry St,,Everett,MA,02149,5640,MIDDLESEX,Convenience Store,42.410042,-71.045853,,,182233
1502554,Giovanni's Market,624 Columbus Ave,,Boston,MA,02118,1059,SUFFOLK,Convenience Store,42.339268,-71.083038,,,182388
1519567,Sams Food Mart N/A,12 Washington St,,Taunton,MA,02780,3919,BRISTOL,Convenience Store,41.902981,-71.099503,,,182450
1519574,La Nena Supermarket,64 Milton St,,Lawrence,MA,01841,4561,ESSEX,Grocery Store,42.703865,-71.180115,,,182477
1470495,Dollar Tree 8877,32 Highland Cmn E,,Hudson,MA,01749,2047,MIDDLESEX,Other,42.395424,-71.594109,,,182523
1470576,Abyssinia Market NO,1127 Harrison Ave,Ste 3,Roxbury,MA,02119,3666,SUFFOLK,Grocery Store,42.330463,-71.082031,,,182546
1131601,Murti Inc,59 Loring Ave,,Salem,MA,01970,4534,ESSEX,Convenience Store,42.502235,-70.893738,,,182619
1520137,Stearns Farm,862 Edmands Rd,,Framingham,MA,01701,3086,MIDDLESEX,Farmers and Markets,42.33382,-71.471619,,,182620
1520222,Old Earth Orchards Llc NAFMNP,692F Caswell St,,East Taunton,MA,02718,1150,BRISTOL,Farmers and Markets,41.870789,-71.014099,,,182654
1520257,Brazil For You Market Inc,239 Broadway,Ste 8,Taunton,MA,02780,1551,BRISTOL,Grocery Store,41.922356,-71.089546,,,182663
1519926,Burke's Seafood,61 Billings Rd,,Quincy,MA,02171,2301,NORFOLK,Specialty Store,42.273853,-71.024406,,,182724
1502387,Acton Boxborough Farmers Market,19 Elm St,,Acton,MA,01720,2401,MIDDLESEX,Farmers and Markets,42.482525,-71.474648,,,182757
1519983,Spices Of Asia ,3 Central St,,West Springfield,MA,01089,2701,HAMPDEN,Grocery Store,42.105659,-72.622345,,,182801
1469991,Top Asian Grocery,5 Knapp St,,Boston,MA,02111,1601,SUFFOLK,Grocery Store,42.351238,-71.061981,,,182818
1470019,I & J Beauty And Food Market,47 Main St,,Leominster,MA,01453,5501,WORCESTER,Grocery Store,42.527275,-71.75885,,,182852
1502446,Mike's Market,220 Middlesex St,,North Andover,MA,01845,3416,ESSEX,Convenience Store,42.698948,-71.135704,,,182874
1502461,Tougas Family Farm Llc,234 Ball St,,Northborough,MA,01532,1006,WORCESTER,Farmers and Markets,42.345261,-71.679558,,,182889
1502741,Best Choice Convenience Store,61 Locust St,,Springfield,MA,01108,1038,HAMPDEN,Convenience Store,42.090733,-72.577423,,,182923
1520043,Big Y Express 094,1993 Boston Rd,,Wilbraham,MA,01095,1103,HAMPDEN,Convenience Store,42.148857,-72.476402,,,182961
1681788,Golden Liquors Corp,142 S Main St,,Acushnet,MA,02743,2774,BRISTOL,Convenience Store,41.67868,-70.908508,,,182964
1537521,Carter And Stevens Farm Llc,500 West St,,Barre,MA,01005,9103,WORCESTER,Farmers and Markets,42.425888,-72.122864,,,183003
1537523,Dennis Public Market,653 Main St,,Dennis,MA,02638,1948,BARNSTABLE,Supermarket,41.735523,-70.194649,,,183004
1537585,Ferretti's Market,501 Underpass Rd,,Brewster,MA,02631,1804,BARNSTABLE,Grocery Store,41.752308,-70.070076,,,183035
1537648,Sun & Shine Convenience,1447 N Main St,,Fall River,MA,02720,2827,BRISTOL,Convenience Store,41.719902,-71.1465,,,183060
1622115,Dorchester Market,951 Dorchester Ave,,Boston,MA,02125,1222,SUFFOLK,Grocery Store,42.318268,-71.057007,,,183080
1496186,Freeman Farm NAFMNP,25 W Branch Rd,,Heath,MA,01346,    ,FRANKLIN,Farmers and Markets,42.713966,-72.809868,,,183247
586400,Lakeview General Store LLC,240 Lakeview Ave,,Tyngsboro,MA,01879,    ,MIDDLESEX,Convenience Store,42.683968,-71.382858,,,183270
1496279,Convenience Plus NO,99 School St,,Watertown,MA,02472,4252,MIDDLESEX,Convenience Store,42.365944,-71.165672,,,183320
1496368,Clodhopper Farm Llc,140 Causeway St,,Millis,MA,02054,1006,NORFOLK,Farmers and Markets,42.175175,-71.38176,,,183341
1537391,La Metapaneca Meat Market,11 2nd St,,Chelsea,MA,02150,2780,SUFFOLK,Grocery Store,42.389885,-71.039108,,,183360
1687786,Groundwork Lawrence Saturday Farmers Market,65 S Union St,,Lawrence,MA,01843,1621,ESSEX,Farmers and Markets,42.700165,-71.153717,,,183437
1685184,Revere Beach Farmers Market,1 Beaver,,Revere,MA,02151,    ,SUFFOLK,Farmers and Markets,42.41293,-70.989616,,,183583
1495390,Hansen Market & Liquor,12 Monponsett St,,Hanson,MA,02341,2009,PLYMOUTH,Convenience Store,42.042408,-70.854248,,,183627
1573359,7-eleven 34401B,20 W Central St,,Franklin,MA,02038,2174,NORFOLK,Convenience Store,42.082191,-71.398193,,,183645
1537766,Wilmington Farmers Market,140 Middlesex Ave,,Wilmington,MA,01887,2733,MIDDLESEX,Farmers and Markets,42.556202,-71.16732,,,183653
1537774,Bayon Market,37 Branch St,,Lowell,MA,01851,1802,MIDDLESEX,Supermarket,42.637959,-71.322662,,,183684
1502915,Canaan Fuels,947 Newport Ave,,Attleboro,MA,02703,7038,BRISTOL,Convenience Store,41.908875,-71.358139,,,183704
1503220,Big Y Express 83,202 West St,,Pittsfield,MA,01201,5771,BERKSHIRE,Convenience Store,42.448059,-73.260193,,,183811
1502976,H Mart Quincy,101 Falls Blvd,,Quincy,MA,02169,8126,NORFOLK,Super Store,42.238064,-70.984001,,,183812
1503225,Big Y Express 122,330 E Main St,,Westfield,MA,01085,3311,HAMPDEN,Convenience Store,42.113811,-72.723785,,,183830
1537876,Harvest Moon Farm ,2211 Main St,,West Barnstable,MA,02668,1117,BARNSTABLE,Farmers and Markets,41.698059,-70.334229,,,183854
1537950,7-eleven 37427B,131 Lexington St,,Waltham,MA,02452,4607,MIDDLESEX,Convenience Store,42.381023,-71.235664,,,183971
1506911,Indo-pak Pita Food Mart,600 Cottage St,,New Bedford,MA,02740,5508,BRISTOL,Grocery Store,41.646896,-70.935356,,,184026
1506971,Aeonian Farm,3 Stone Fruit Ln,,Westport,MA,02790,4053,BRISTOL,Farmers and Markets,41.646511,-71.108963,,,184052
1507017,Stargazer Hollow Farm,29 S Main St,,Berkley,MA,02779,1400,BRISTOL,Farmers and Markets,41.839314,-71.085342,,,184071
1507049,Ashmont Food Mart,1921 Dorchester Ave,,Dorchester Center,MA,02124,3730,SUFFOLK,Convenience Store,42.285156,-71.064651,,,184084
1538029,Z Mart Of Haverhill,2 Hilldale Ave,,Haverhill,MA,01832,3826,ESSEX,Convenience Store,42.77882,-71.090927,,,184112
1538306,Top Shelf,161 Charles St,,Boston,MA,02114,3254,SUFFOLK,Convenience Store,42.360786,-71.070282,,,184142
1487178,Juma Grocery & Check Services Llc,55 Mechanic St,,Marlborough,MA,01752,4403,MIDDLESEX,Convenience Store,42.347469,-71.554817,,,184162
1538315,Cambridge Street Market,873 Cambridge St,,Cambridge,MA,02141,1430,MIDDLESEX,Grocery Store,42.372669,-71.091362,,,184175
1538464,Colby Farm,50 Scotland Rd,,Newbury,MA,01951,1001,ESSEX,Grocery Store,42.792515,-70.898354,,,184254
1538492,Gomez Market,369 Boston St,,Lynn,MA,01905,1641,ESSEX,Convenience Store,42.466629,-70.964699,,,184267
1538526,Plumley Village Store Inc,16 Laurel St,,Worcester,MA,01608,    ,WORCESTER,Convenience Store,42.26968,-71.79525,,,184279
1507460,Papi Supermarket,107 S Union St,,Lawrence,MA,01843,1643,ESSEX,Grocery Store,42.698719,-71.153763,,,184299
1508032,Osterville General,16 W Bay Rd,,Osterville,MA,02655,2401,BARNSTABLE,Convenience Store,41.627609,-70.383858,,,184342
1507737,Uniao Meat & Market,376 Main St,,Medford,MA,02155,6156,MIDDLESEX,Grocery Store,42.405361,-71.107796,,,184459
1487577,Patriot Seafoods,48 Broadway,,Salem,MA,01970,2922,ESSEX,Specialty Store,42.505451,-70.897011,,,184480
1538087,Walgreens 17531,343 Broadway,,Somerville,MA,02145,2407,MIDDLESEX,Other,42.393673,-71.094345,,,184498
1538169,Jacobo Supermarket Inc,461 Hampshire St,,Lawrence,MA,01841,2428,ESSEX,Grocery Store,42.717392,-71.17128,,,184739
1538182,Lexavah Farms,123 Still River Rd,,Bolton,MA,01740,1260,WORCESTER,Farmers and Markets,42.454536,-71.643425,,,184757
1507291,Big Boi Meat Market,264 Boston Tpke,,Shrewsbury,MA,01545,2639,WORCESTER,Grocery Store,42.275249,-71.740402,,,184770
1507827,Labatour Goods NAFMNP,512 Park St,,Dorchester Center,MA,02124,2022,SUFFOLK,Farmers and Markets,42.2952,-71.073563,,,184778
1507833,Garrett's Family Market 121,414 Nathan Ellis Hwy,,Mashpee,MA,02649,3144,BARNSTABLE,Convenience Store,41.615524,-70.517952,,,184795
1487074,Fresh Village 011,121 Bolton St,,Marlborough,MA,01752,3930,MIDDLESEX,Convenience Store,42.351685,-71.546364,,,184800
1538212,Roxy's Convenience Store,509 Medford St,,Somerville,MA,02145,2656,MIDDLESEX,Convenience Store,42.396461,-71.103432,,,184821
1507856,Rachels Everlastings NAFMNP,185 Prentiss St,,Orange,MA,01364,1848,FRANKLIN,Farmers and Markets,42.58009,-72.300804,,,184843
1507863,Teo Mini Market 1,133 Prospect St,,Waltham,MA,02453,3442,MIDDLESEX,Grocery Store,42.371151,-71.24659,,,184855
1507900,Mana Supermarket,351 Meridian St,,East Boston,MA,02128,3578,SUFFOLK,Grocery Store,42.378597,-71.038994,,,184907
1472426,7-Eleven 37411B,11 Sea St,,North Weymouth,MA,02191,1414,NORFOLK,Convenience Store,42.24226,-70.944519,,,185079
1280950,Columbia Market n/a,151 Columbia St,,Cambridge,MA,02139,2731,MIDDLESEX,Grocery Store,42.366783,-71.098129,,,185134
987042,BD Mart,20 East St,,Springfield,MA,01104,1531,HAMPDEN,Convenience Store,42.148125,-72.562935,,,185153
1240961,Convenience Plus,40 Worcester Sq,,Boston,MA,02118,2909,SUFFOLK,Convenience Store,42.336113,-71.074005,,,185176
1487993,Fresh Catch Seafood,30 Chauncy St,,Mansfield,MA,02048,1958,BRISTOL,Specialty Store,42.032173,-71.216568,,,185223
947235,Millennium Store Inc,496A Blue Hill Ave,,Dorchester,MA,02121,3202,SUFFOLK,Grocery Store,42.307159,-71.083954,,,185241
883954,Tamaz Inc /dba Kwik Pik,32 Boston Rd,,Springfield,MA,01109,1702,HAMPDEN,Convenience Store,42.124702,-72.538551,,,185245
1273908,A&t Inc Dba Top Dollar Plus 1,25 Tacoma St,,Worcester,MA,01605,3516,WORCESTER,Convenience Store,42.302906,-71.766663,,,185276
1292030,L F Meat Food Market Corp,89 Wilbraham Rd,,Springfield,MA,01109,3128,HAMPDEN,Grocery Store,42.111572,-72.560905,,,185289
1471955,Milton Farmers Market,1 Wharf St,,Milton,MA,02186,3418,NORFOLK,Farmers and Markets,42.269646,-71.067543,,,185359
1576790,Produce Barn,72 Mansfield Ave,,Norton,MA,02766,2252,BRISTOL,Other,41.973717,-71.195221,,,185364
1472006,Cape Abilities Farm,458 Main St,,Dennis,MA,02638,1947,BARNSTABLE,Farmers and Markets,41.730415,-70.194901,,,185370
1472073,Levanah Farm,112 Hampden Rd,,East Longmeadow,MA,01028,3019,HAMPDEN,Farmers and Markets,42.054432,-72.479919,,,185387
1472108,E Market ,598 Lowell St,Ste 1,Peabody,MA,01960,2390,ESSEX,Convenience Store,42.548325,-70.991875,,,185397
1487748,Gibbs Oil Malden 1334,728 Main St,,Malden,MA,02148,2608,MIDDLESEX,Convenience Store,42.432457,-71.068268,,,185443
1471524,The King Farm ,449 Bakerville Rd,,South Dartmouth,MA,02748,1157,BRISTOL,Farmers and Markets,41.590279,-70.976959,,,185462
1252119,Tewksbury Petroil,365 Main St,,Tewksbury,MA,01876,2535,MIDDLESEX,Convenience Store,42.620964,-71.261055,,,185472
1601744,Dollar General 30988,25 Main St,,Amesbury,MA,01913,2808,ESSEX,Other,42.857689,-70.930893,,,185575
1488097,7-Eleven 33097H,55 Chelmsford St,,Lowell,MA,01851,2619,MIDDLESEX,Convenience Store,42.637562,-71.316925,,,185582
1471647,Farmers Market At Forest Park NAFMNP,300 Trafton Rd,,Springfield,MA,01108,2640,HAMPDEN,Farmers and Markets,42.077084,-72.559097,,,185720
1487866,Musante Farm,240 Cleveland Rd,,Dalton,MA,01226,1375,BERKSHIRE,Farmers and Markets,42.487743,-73.126297,,,185731
1112329,New World Market,273 Littleton Rd,,Chelmsford,MA,01824,3307,MIDDLESEX,Convenience Store,42.58506,-71.38382,,,185736
1139998,S & A Mini Mart,97 Ward St,,Worcester,MA,01610,2152,WORCESTER,Convenience Store,42.247437,-71.799957,,,185748
1234988,Aisha & Locust LLC/ Highland Mini Mart,623 Locust St,,Fall River,MA,02720,5057,BRISTOL,Convenience Store,41.705162,-71.14769,,,185836
829223,ABS Gas & Go,115 Lunenburg St,,Fitchburg,MA,01420,4459,WORCESTER,Convenience Store,42.583481,-71.785217,,,185877
1487947,Out Post Farm Llc,300 Prentice St,,Holliston,MA,01746,1019,MIDDLESEX,Farmers and Markets,42.202606,-71.459045,,,185895
1211928,Peabody Market,36 Foster St,,Peabody,MA,01960,5506,ESSEX,Convenience Store,42.524639,-70.928223,,,185905
925106,7-Eleven 33686A,409 Park Ave,,Worcester,MA,01610,1026,WORCESTER,Convenience Store,42.257282,-71.822899,,,185937
1487967,Fallriver Mini Mart,1860 Pleasant St,,Fall River,MA,02723,3024,BRISTOL,Convenience Store,41.686275,-71.128647,,,185960
1487972,Apna Bazar,335 Washington St,,Woburn,MA,01801,2115,MIDDLESEX,Super Store,42.497028,-71.124039,,,185966
1504109,Belchertown Farmers And Artisans Market 46-5562936,25 Park St,,Belchertown,MA,01007,9591,HAMPSHIRE,Farmers and Markets,42.277893,-72.401077,,,186014
1504205,Delicias Market 2 Corporation N/A,44 Brooks St,,East Boston,MA,02128,3473,SUFFOLK,Convenience Store,42.376076,-71.032684,,,186055
1504324,Us Mart,767 Main St,,Haverhill,MA,01830,2135,ESSEX,Convenience Store,42.797535,-71.088753,,,186077
1472470,Grab N Go,443 Crescent St,,Brockton,MA,02302,3203,PLYMOUTH,Convenience Store,42.079948,-71.002434,,,186106
1496453,Geto Corp.,309 Dartmouth St,,New Bedford,MA,02740,2012,BRISTOL,Convenience Store,41.619396,-70.935776,,,186170
1496471,Penguin Convenience Store,829 S Main St,,Bellingham,MA,02019,1852,NORFOLK,Convenience Store,42.054012,-71.484055,,,186177
1496582,Clinton Market,702 American Legion Hwy,,Roslindale,MA,02131,3902,SUFFOLK,Grocery Store,42.283207,-71.112259,,,186208
1503759,Better Life Whole Foods,1500 Allen,,Springfield,MA,01109,    ,HAMPDEN,Grocery Store,42.094193,-72.510178,,,186218
1503811,Wild Harbor General Store,200 Old Main Rd,,North Falmouth,MA,02556,2702,BARNSTABLE,Convenience Store,41.644989,-70.618355,,,186281
1503909,Lincoln Mini Market,536 Lincoln St,,Marlborough,MA,01752,4573,MIDDLESEX,Convenience Store,42.344002,-71.562981,,,186314
1504040,Fitchburg Quick Mart,15 Main St,,Fitchburg,MA,01420,7804,WORCESTER,Convenience Store,42.5821,-71.79113,,,186353
1472822,BP Shop,1660 Worcester Rd,,Framingham,MA,01702,5407,MIDDLESEX,Convenience Store,42.296642,-71.481056,,,186377
1504441,The Corner Mini Market L.l.c.,515 Bennington St,,East Boston,MA,02128,1520,SUFFOLK,Convenience Store,42.381699,-71.020325,,,186393
1687055,Walmart 2902,121 Worcester Rd,,Framingham,MA,01701,5348,MIDDLESEX,Super Store,42.300854,-71.399529,,,186475
1460758,E Market,28 Norman St,,Salem,MA,01970,3372,ESSEX,Convenience Store,42.520344,-70.897202,,,186489
1503564,Downtown Quik Mart,46 Mechanic St,,Leominster,MA,01453,5707,WORCESTER,Convenience Store,42.52634,-71.757919,,,186547
1496722,Broadway Corner Mart,501 S Broadway,,Lawrence,MA,01843,3532,ESSEX,Convenience Store,42.683365,-71.1548,,,186579
1503607,Palmer Street Market,231 Palmer St,,Quincy,MA,02169,3931,NORFOLK,Convenience Store,42.256702,-70.970345,,,186612
1504627,Marlborough Farmers Market,19 Weed St,,Marlborough,MA,01752,2840,MIDDLESEX,Farmers and Markets,42.346458,-71.547264,,,186834
1497293,Kurkman Market 1,227 Cypress St,,Brookline,MA,02445,7799,NORFOLK,Grocery Store,42.327225,-71.124626,,,186867
1497297,Stop N Save Southbridge,179 Elm St,,Southbridge,MA,01550,2641,WORCESTER,Convenience Store,42.070343,-72.035698,,,186868
1497332,Kosinski Farms NAFMNP,336 Russellville Rd,,Westfield,MA,01085,1103,HAMPDEN,Farmers and Markets,42.184982,-72.76506,,,186943
1543250,Blue Market 1,64 Brookside Rd,,Westford,MA,01886,1873,MIDDLESEX,Convenience Store,42.615578,-71.411026,,,186966
1539038,Diaz Market ,264 Eastern Ave,,Springfield,MA,01109,3303,HAMPDEN,Grocery Store,42.103359,-72.562714,,,187046
1508704,Westport Market,291 American Legion Hwy,,Westport,MA,02790,4102,BRISTOL,Convenience Store,41.62664,-71.113632,,,187104
1508727,Shri Harekrishna Inc,97 Common St,,Watertown,MA,02472,3407,MIDDLESEX,Convenience Store,42.37151,-71.178635,,,187109
1621847,Food Basket International 1,123 Church St,,Lowell,MA,01852,2623,MIDDLESEX,Super Store,42.641468,-71.305687,,,187110
1621637,Express Food Mart,183 North End Blvd,,Salisbury,MA,01952,2139,ESSEX,Convenience Store,42.851185,-70.818291,,,187120
1539751,Framingham Farmers Market,2 Oak Street,,Framingham,MA,01701,    ,MIDDLESEX,Farmers and Markets,42.301491,-71.434959,,,187144
1539661,Engo Impex,6 Crescent St,,Waltham,MA,02453,4313,MIDDLESEX,Other,42.37159,-71.237206,,,187208
1539666,Cape Cod Caribbean Cafe,18A Center St,,Hyannis,MA,02601,5536,BARNSTABLE,Grocery Store,41.655411,-70.281029,,,187211
1543587,Daily Mart ,267 Spring St,,Medford,MA,02155,2833,MIDDLESEX,Convenience Store,42.422825,-71.09111,,,187339
1539310,ALLTOWN FRESH HUDSON 784,242 Washington St,,Hudson,MA,01749,2749,MIDDLESEX,Convenience Store,42.37854,-71.564575,,,187440
1538853,Gomez Market Grocery Llc,108 E Haverhill St,,Lawrence,MA,01841,1909,ESSEX,Grocery Store,42.717365,-71.154785,,,187508
1538889,Wah Gwaan Smoke Shop 904 state,904 State St,,Springfield,MA,01109,3135,HAMPDEN,Convenience Store,42.112747,-72.561127,,,187519
1538974,Song Sparrow Farm ,140 Meadow St,,Florence,MA,01062,1239,HAMPSHIRE,Farmers and Markets,42.333855,-72.680794,,,187555
1538982,Dattatreya Corp,1552 S Main St,,Fall River,MA,02724,2649,BRISTOL,Convenience Store,41.685822,-71.172997,,,187562
1539324,Turner's Seafood Fish Market & Fish N Chips Shoppe,4 Smith St,,Gloucester,MA,01930,2710,ESSEX,Specialty Store,42.616352,-70.6642,,,187573
1508872,My New Corporation,367 Court St,,Plymouth,MA,02360,    ,PLYMOUTH,Convenience Store,41.977486,-70.687866,,,187637
1508934,Multicultural Value Llc 201,201 Winter St,,Haverhill,MA,01830,5636,ESSEX,Other,42.778008,-71.084816,,,187659
1543463,Beacon Convenience,1912 Beacon St,,Brighton,MA,02135,7701,SUFFOLK,Convenience Store,42.336643,-71.148849,,,187727
1543466,Richdale Convenience Store,172 Lafayette St,,Salem,MA,01970,4998,ESSEX,Convenience Store,42.515308,-70.893021,,,187738
1508480,El Refaey Mediterranean Market,35 Scammell St,,Quincy,MA,02169,6706,NORFOLK,Grocery Store,42.243187,-70.995163,,,187889
1539448,Somerset Country Store,1804 County St,,Somerset,MA,02726,5401,BRISTOL,Convenience Store,41.75721,-71.139038,,,187981
1544462,H MART Cambridge,1026 Beacon St,,Brookline,MA,02446,4001,NORFOLK,Super Store,42.34618,-71.108276,,,188026
1543926,Country Food Store,380 N Main St,,Brockton,MA,02301,3506,PLYMOUTH,Convenience Store,42.093399,-71.019875,,,188119
1544910,Houlden Farm NAFMNP,95 Wesson St,,North Grafton,MA,01536,2007,WORCESTER,Farmers and Markets,42.238216,-71.666862,,,188142
1545756,7-Eleven 40076,1030 Broadway,,Revere,MA,02151,1303,SUFFOLK,Convenience Store,42.421913,-71.004807,,,188145
1543953,Lilac Hedge Farm,216 Wachusett St,,Rutland,MA,01543,2012,WORCESTER,Supermarket,42.402031,-71.905846,,,188150
1543966,Nubian Markets,2565 Washington St,,Roxbury,MA,02119,3777,SUFFOLK,Grocery Store,42.326511,-71.08786,,,188156
1544103,Nouria 4 Oak Street 1252,4 Oak St,,Gardner,MA,01440,3826,WORCESTER,Convenience Store,42.576019,-71.999321,,,188201
1544209,Gulf Express Mart,18 Springfield St,,Agawam,MA,01001,1522,HAMPDEN,Convenience Store,42.089729,-72.628014,,,188235
1599952,Dream Convenience,109 Franklin St,,Allston,MA,02134,1411,SUFFOLK,Grocery Store,42.359821,-71.132919,,,188244
1545513,7-eleven 37362A,140 Main St,,Charlestown,MA,02129,3509,SUFFOLK,Convenience Store,42.374897,-71.064278,,,188270
1650098,Beef And Turkey Convenience,290 Washington St,,Brighton,MA,02135,3319,SUFFOLK,Convenience Store,42.348835,-71.151001,,,188362
1681710,3d Supermarket Llc,125 Harvard St,,Dorchester Center,MA,02124,1844,SUFFOLK,Grocery Store,42.29668,-71.079597,,,188404
1545792,El Primo Market Inc,230 Columbia Rd,,Dorchester,MA,02121,3408,SUFFOLK,Convenience Store,42.307613,-71.076286,,,188462
1509325,7-eleven 34390C,172 N Main St,,Natick,MA,01760,2021,MIDDLESEX,Convenience Store,42.297806,-71.35952,,,188470
796793,Roux Market ,23 Front St,,Shirley,MA,01464,2851,MIDDLESEX,Convenience Store,42.544441,-71.651054,,,188488
1509341,Oasis On Ballou,100 Ballou Ave,,Dorchester Center,MA,02124,4124,SUFFOLK,Farmers and Markets,42.285004,-71.082916,,,188505
1545184,D Market,658 Washington St,,Dorchester Center,MA,02124,3553,SUFFOLK,Convenience Store,42.288933,-71.070946,,,188573
1509366,Southboro Turnpike Llc,344 Turnpike Rd,,Southborough,MA,01772,1709,WORCESTER,Convenience Store,42.289799,-71.555008,,,188612
1509414,Poor Boy Fisheries,55 Whitetail Ln,,Wellfleet,MA,02667,7082,BARNSTABLE,Farmers and Markets,41.950886,-70.049149,,,188649
1687796,Groundwork Lawrence Friday Market,305 Broadway,,Methuen,MA,01844,6898,ESSEX,Farmers and Markets,42.730431,-71.18895,,,188736
1544342,Brother's Food Mart,444 Route 28,,West Yarmouth,MA,02673,4840,BARNSTABLE,Convenience Store,41.650997,-70.240814,,,188737
1545858,On Avon Corporation,85 E Main St,,Avon,MA,02322,1415,NORFOLK,Convenience Store,42.12883,-71.038925,,,188748
1545351,Dacia Market,16 Dacia St,,Dorchester,MA,02125,3982,SUFFOLK,Convenience Store,42.314556,-71.077675,,,188773
1545655,University of Massachusetts Lowell ,1 Solomont Way,,Lowell,MA,01854,5120,MIDDLESEX,Convenience Store,42.64225,-71.334618,,,188809
1578651,Dollar General 30624,197 Main St,,Great Barrington,MA,01230,1602,BERKSHIRE,Other,42.197205,-73.360718,,,188828
1545905,Carrot Corner Farm NAFMNP,822 E Pleasant St,,Amherst,MA,01002,1530,HAMPSHIRE,Farmers and Markets,42.406727,-72.515808,,,188847
1679807,Sofias Meat Supermarket,172 Revere St,,Revere,MA,02151,4602,SUFFOLK,Grocery Store,42.416672,-71.002457,,,188875
1545711,The Wildduck Market Place,717 Boylston St,,Boston,MA,02116,2603,SUFFOLK,Convenience Store,42.349648,-71.08007,,,188920
1230007,Boston Convenience,1 Leighton St,,Cambridge,MA,02141,1875,MIDDLESEX,Convenience Store,42.370068,-71.073166,,,188927
1545722,College Convenience,281 Huntington Ave,,Boston,MA,02115,4547,SUFFOLK,Convenience Store,42.342007,-71.086464,,,188954
1543899,Emergence Gardens,87 Rockland St,,South Dartmouth,MA,02748,3516,BRISTOL,Farmers and Markets,41.594444,-70.939392,,,188960
1648642,Camilo Market,204 Washington St,,Dorchester,MA,02121,3905,SUFFOLK,Convenience Store,42.302788,-71.07785,,,189027
1547076,7 To 11 Convenience,149 Stoughton St,,Dorchester,MA,02125,1906,SUFFOLK,Convenience Store,42.314663,-71.060326,,,189030
1547084,Richdale Food Shops 136,1420 Dorchester Ave,,Dorchester,MA,02122,2922,SUFFOLK,Convenience Store,42.302498,-71.059349,,,189032
1547125,Istanbul Super Market,312 Memorial Ave,,West Springfield,MA,01089,4008,HAMPDEN,Grocery Store,42.096542,-72.602509,,,189049
1547151,Montvale Mart,289 Montvale Ave,,Woburn,MA,01801,4652,MIDDLESEX,Convenience Store,42.479351,-71.122498,,,189058
1547282,Arsenio Market,477 Howard St,,Lawrence,MA,01841,2125,ESSEX,Grocery Store,42.714504,-71.148819,,,189103
1546990,Murcias Market,163 Lincoln Ave,Ste B,Saugus,MA,01906,2884,ESSEX,Convenience Store,42.452499,-70.992325,,,189238
1599407,Energy North 2134,277 Bedford St,,Lexington,MA,02420,3332,MIDDLESEX,Convenience Store,42.464188,-71.240623,,,189264
1546637,Stillman Quality Meat NAFMNP,3674 Greenwich Rd,,Hardwick,MA,01082,9377,HAMPSHIRE,Farmers and Markets,42.311581,-72.246361,,,189308
1546661,Big Y Express Fresh Market 134,1500 Main Street,Suite 164,Springfield,MA,01115,    ,HAMPDEN,Super Store,42.102425,-72.591919,,,189321
1586944,Jimmy's Convenience Store,286 Pleasant St,,Dracut,MA,01826,4827,MIDDLESEX,Convenience Store,42.66534,-71.313683,,,189368
1599401,Energy North 2119,8 Circumferential Highway,,Newton,MA,02462,    ,MIDDLESEX,Convenience Store,42.327057,-71.255928,,,189379
1024750,Norwood Fuel Inc,971 Providence Hwy,,Norwood,MA,02062,    ,NORFOLK,Convenience Store,42.17905,-71.190613,,,189390
1170894,Steve's Corner,888 Salem St,,Malden,MA,02148,4438,MIDDLESEX,Convenience Store,42.434299,-71.039391,,,189396
1269161,Quisqueya Food Mart,34 Union St,,Lynn,MA,01902,3607,ESSEX,Grocery Store,42.468349,-70.937546,,,189419
1599400,Energy North 2118,690 Marrett Rd,,Lexington,MA,02421,7308,MIDDLESEX,Convenience Store,42.440231,-71.257393,,,189420
1277405,Saugus Center Convenience,307 Central St,,Saugus,MA,01906,2380,ESSEX,Grocery Store,42.464336,-71.010406,,,189430
1298339,Twin Oaks Farm,43 Twin Oaks Rd,,Feeding Hills,MA,01030,2529,HAMPDEN,Farmers and Markets,42.067913,-72.657784,,,189431
1296741,Mountain Girl Farmer,1360 Church St,,North Adams,MA,01247,4129,BERKSHIRE,Farmers and Markets,42.664875,-73.097488,,,189437
1258977,Holyoke Deli Supermarket Inc. D/b/a Manny's Market,157 Sargeant St,,Holyoke,MA,01040,3819,HAMPDEN,Grocery Store,42.202503,-72.61795,,,189439
1232298,Ashby Market,840 Main St,,Ashby,MA,01431,2310,MIDDLESEX,Convenience Store,42.677544,-71.820343,,,189599
1546418,Citywide Convienience,1886 Dorchester Ave,,Dorchester Center,MA,02124,2456,SUFFOLK,Convenience Store,42.286407,-71.06385,,,189748
1188665,Brookfield Orchard's,12 Lincoln Rd,,North Brookfield,MA,01535,1741,WORCESTER,Farmers and Markets,42.25861,-72.062668,,,189813
1246832,Adinath Associates Inc,801 Lakeview Ave,,Lowell,MA,01850,1021,MIDDLESEX,Convenience Store,42.658432,-71.313637,,,189887
1510085,Corner Market,801 Broadway,,Chelsea,MA,02150,3015,SUFFOLK,Convenience Store,42.397591,-71.025368,,,189910
1250564,Washington Convenience Corporation,1125 Washington St,,Norwood,MA,02062,4421,NORFOLK,Convenience Store,42.178356,-71.205849,,,189947
1488885,Digger Foods N/A,63 Pleasant St,,Sharon,MA,02067,1243,NORFOLK,Farmers and Markets,42.128006,-71.177734,,,190010
1488979,Kimball Fruit Farm Stand,184 Hollis St,,Pepperell,MA,01463,1436,MIDDLESEX,Farmers and Markets,42.702827,-71.586647,,,190044
1489153,Honeyland Farms Food Shop,4 Russell Rd,,Westfield,MA,01085,2163,HAMPDEN,Convenience Store,42.128349,-72.763771,,,190086
1509568,Mckinnon's Supermarket,211 Lowell St,,Wilmington,MA,01887,3014,MIDDLESEX,Super Store,42.538467,-71.147797,,,190127
1488467,Farmers Collaborative Urban Garden NAFMNP,632 Norton St,,Boston,MA,02124,    ,SUFFOLK,Farmers and Markets,42.305447,-71.067795,,,190166
1489564,Sauchuk Farm,53 Palmer Rd,,Plympton,MA,02367,1110,PLYMOUTH,Farmers and Markets,41.959587,-70.824753,,,190187
1510381,Faith Market Place Llc,196 Lincoln St,,Worcester,MA,01605,2540,WORCESTER,Grocery Store,42.281853,-71.793022,,,190278
1547337,Mineiros The Butcher Shop,365 Union St,,Rockland,MA,02370,1728,PLYMOUTH,Grocery Store,42.132381,-70.9161,,,190323
1489222,Minit Mart,111 Main St,,Woburn,MA,01801,5644,MIDDLESEX,Convenience Store,42.470158,-71.149086,,,190341
1510505,International Market & Multiservice,167 Washington St,,Somerville,MA,02143,3106,MIDDLESEX,Grocery Store,42.3801,-71.090332,,,190358
1510535,Kippo Market,44 Bradford St,,Everett,MA,02149,1247,MIDDLESEX,Convenience Store,42.413834,-71.061478,,,190371
1489235,Chockalog Farm NAFMNP,710 Chocolog Rd,,Uxbridge,MA,01569,2043,WORCESTER,Farmers and Markets,42.029812,-71.674194,,,190462
1488570,Norfolk Convenience,118 Norfolk St,,Dorchester Center,MA,02124,3344,SUFFOLK,Grocery Store,42.288078,-71.076904,,,190613
1509682,Falmouth Fopod Mart 1,336 E Falmouth Hwy,,East Falmouth,MA,02536,6004,BARNSTABLE,Convenience Store,41.579151,-70.56134,,,190738
1509683,Sunset Farm NAFMNP,20 Brigham Ln,,Amherst,MA,01002,2002,HAMPSHIRE,Farmers and Markets,42.378624,-72.527504,,,190744
1488279,Shivam Variety,521 Main St,,Brockton,MA,02301,6033,PLYMOUTH,Convenience Store,42.074974,-71.019669,,,190746
1488283,Quabbin Hill Farms,339 Amherst Rd,,Pelham,MA,01002,9753,HAMPSHIRE,Farmers and Markets,42.390526,-72.412476,,,190752
1510011,Castillo Family Market Inc.,446 Hyde Park Ave,,Roslindale,MA,02131,3131,SUFFOLK,Convenience Store,42.285149,-71.118652,,,190762
1488330,7-eleven 33058D,50 Summer St,,Boston,MA,02110,1003,SUFFOLK,Convenience Store,42.354687,-71.059029,,,190827
1488757,Citgo Gas,289 Carew St,,Springfield,MA,01104,2379,HAMPDEN,Grocery Store,42.116257,-72.595039,,,190857
1489525,Dancing Harvest Farm,733 Cabot St,Plot #3,Beverly,MA,01915,1027,ESSEX,Farmers and Markets,42.583809,-70.899086,,,190924
1488421,Los Toritos Meat Market 1,139 Broadway,,Somerville,MA,02145,2131,MIDDLESEX,Convenience Store,42.388187,-71.084335,,,190944
1490112,Yatco Food Mart,24 E River St,,Orange,MA,01364,2207,FRANKLIN,Convenience Store,42.588501,-72.308952,,,190948
1490125,CIRCLE K 4707521,14 W Broadway,,South Boston,MA,02127,3389,SUFFOLK,Convenience Store,42.343029,-71.05677,,,190977
1539866,Gardner Park Variety,44 Margin St,,Peabody,MA,01960,1931,ESSEX,Convenience Store,42.53558,-70.917137,,,191144
1539926,La Guanaquita Market,76 Main St,,Watertown,MA,02472,4413,MIDDLESEX,Convenience Store,42.366444,-71.186508,,,191167
1540067,Zo Lit Lifestyle Llc. 1,414 Chestnut St,,Springfield,MA,01104,3407,HAMPDEN,Grocery Store,42.112324,-72.597664,,,191217
1595563,Bowdoin Meat Corp,130 Bowdoin St,,Dorchester,MA,02122,1837,SUFFOLK,Supermarket,42.303791,-71.071373,,,191234
1540586,Meadowfed Lamb,197 River Rd,,Sunderland,MA,01375,9552,FRANKLIN,Farmers and Markets,42.446503,-72.585197,,,191266
1540592,Anything Grows Farm Store,30 Elmwood St,,Salisbury,MA,01952,1012,ESSEX,Farmers and Markets,42.879215,-70.909637,,,191295
1294764,Atlas Farm Llc,635 River Rd,,Deerfield,MA,01342,9757,FRANKLIN,Farmers and Markets,42.548027,-72.563164,,,191336
1661485,P & J Market,267 Park St,,Attleboro,MA,02703,3117,BRISTOL,Convenience Store,41.941719,-71.269867,,,191430
1540799,Tanz Mart,285 Belmont Ave,,Springfield,MA,01108,2044,HAMPDEN,Convenience Store,42.088051,-72.567291,,,191481
1540964,The Farm School Inc.,488 Moore Hill Rd,,Athol,MA,01331,1032,WORCESTER,Farmers and Markets,42.6068,-72.250557,,,191529
1540160,La Placita Mini Mart Inc. 0,81 N Bridge St,,Holyoke,MA,01040,6405,HAMPDEN,Grocery Store,42.204193,-72.597351,,,191549
1278505,Cuba Supermarket Inc.,439 High St,,Holyoke,MA,01040,4905,HAMPDEN,Grocery Store,42.20388,-72.610771,,,191595
1689248,Adam Mart,223 Columbia St,,Adams,MA,01220,1339,BERKSHIRE,Convenience Store,42.636627,-73.112656,,,191696
1186768,Alpine Butcher,963 Chelmsford St,,Lowell,MA,01851,5131,MIDDLESEX,Supermarket,42.614655,-71.327042,,,191774
1163063,Tendercrop Farm Inc.,108 High Rd,,Newbury,MA,01951,1726,ESSEX,Farmers and Markets,42.786789,-70.851044,,,191784
1540479,Supreme Mart no,1295 Worcester St,,Indian Orchard,MA,01151,1621,HAMPDEN,Convenience Store,42.158295,-72.500923,,,191833
1270841,Delray Doc's Fruit And Deli,31 Thompson Rd,,Webster,MA,01570,1419,WORCESTER,Grocery Store,42.05764,-71.863174,,,191998
1490151,Pomeroys Vegetable Farm NAFMNP,244 Hampden Rd,,East Longmeadow,MA,01028,3013,HAMPDEN,Farmers and Markets,42.057152,-72.468292,,,192020
1490231,Fair Price Market,1470 N Shore Rd,,Revere,MA,02151,2670,SUFFOLK,Supermarket,42.409138,-70.993034,,,192036
1575390,Stop And Save,340 Oak Grove Ave,,Fall River,MA,02723,2730,BRISTOL,Convenience Store,41.70274,-71.13311,,,192192
1590552,Ferreira's Meat Market,176 Middle St,,East Weymouth,MA,02189,1307,NORFOLK,Grocery Store,42.217701,-70.936577,,,192198
1551076,Union Mart,455 Granby Rd,,Chicopee,MA,01013,3603,HAMPDEN,Convenience Store,42.158077,-72.598557,,,192217
1547752,Ezee Mart,662 Kings Hwy,,West Springfield,MA,01089,2352,HAMPDEN,Convenience Store,42.107449,-72.647202,,,192352
1548246,Parlee Farms,95 Farwell Rd,,Tyngsboro,MA,01879,1041,MIDDLESEX,Farmers and Markets,42.691494,-71.425285,,,192417
1548321,Harwich Farmer's Market,14 Lockwood Ln,,Orleans,MA,02653,4615,BARNSTABLE,Farmers and Markets,41.755234,-69.972649,,,192507
1550756,Living Soil Gardens NAFMNP,9 Fellows Rd,,Ipswich,MA,01938,2701,ESSEX,Farmers and Markets,42.656719,-70.837631,,,192583
1412826,Norwood Golden Bull Corp,1066 Washington St,,Norwood,MA,02062,4424,NORFOLK,Grocery Store,42.179596,-71.204918,,,192685
1590412,Nouria 876 Edgell Road 1179,876 Edgell Road,,Framingham,MA,01701,    ,MIDDLESEX,Convenience Store,42.328339,-71.436249,,,192736
1547975,Frank & Ernest,810 Central St,,Lowell,MA,01852,3406,MIDDLESEX,Convenience Store,42.635437,-71.305893,,,192798
1390700,Salgueros Market,344 Newton St,,Waltham,MA,02453,5846,MIDDLESEX,Grocery Store,42.365276,-71.231796,,,192803
1511185,P&A Petruzzi Farm,130 W Main St,,East Brookfield,MA,01515,1500,WORCESTER,Farmers and Markets,42.22414,-72.059959,,,192853
1548018,Armas Convenience Store,247 Jefferson Ave,,Salem,MA,01970,2836,ESSEX,Convenience Store,42.506557,-70.901321,,,192901
1582321,Main Street Market,105 Main St,,Carver,MA,02330,1373,PLYMOUTH,Convenience Store,41.889164,-70.769974,,,192905
1550887,Rutland Marketplace,26 Pommogussett Rd,,Rutland,MA,01543,1406,WORCESTER,Grocery Store,42.379925,-71.955933,,,192935
1548172,Low Price Convinience Store,870 N Main St,Ste 4,Fall River,MA,02720,2656,BRISTOL,Convenience Store,41.714012,-71.153519,,,192998
1541898,Readville Mobil,264 Neponset Valley Pkwy,,Hyde Park,MA,02136,2453,SUFFOLK,Convenience Store,42.236465,-71.127678,,,193075
1542004,Somerset Fuel Inc 1,525 County St,,Somerset,MA,02726,4207,BRISTOL,Convenience Store,41.740955,-71.148331,,,193245
1579722,Emmanuel Mini Market Inc,1543 Acushnet Ave,,New Bedford,MA,02746,2220,BRISTOL,Convenience Store,41.663025,-70.928726,,,193249
1541287,ALDI 73026,303 King St,Building 2,Northampton,MA,01060,2370,HAMPSHIRE,Supermarket,42.333935,-72.635254,,,193316
1541393,Nobscot Convenience,908 Edgell Rd,,Framingham,MA,01701,3101,MIDDLESEX,Convenience Store,42.329987,-71.436539,,,193354
1541442,Davis Square Farmers Market,58 Day Street,,Somerville,MA,02144,    ,MIDDLESEX,Farmers and Markets,42.395844,-71.122765,,,193375
1541450,Canal District/ Kendall Square Farmers Market,450 Kendall St,,Cambridge,MA,02142,1227,MIDDLESEX,Farmers and Markets,42.363373,-71.08152,,,193380
1646196,Water Street Market,3 Water St,,Milford,MA,01757,4157,WORCESTER,Grocery Store,42.138527,-71.522636,,,193406
1407413,Sunoco Mart,157 S Main St,,Middleboro,MA,02346,1821,PLYMOUTH,Convenience Store,41.884403,-70.918884,,,193419
1350336,Los Primos Market,549 Boston St,,Lynn,MA,01905,2156,ESSEX,Grocery Store,42.464542,-70.972687,,,193436
1603964,Racing Mart,500 Thurston St,,Wrentham,MA,02093,1627,NORFOLK,Convenience Store,42.053532,-71.298225,,,193463
1603253,JV Market,560 Washington Ave,,Chelsea,MA,02150,4262,SUFFOLK,Convenience Store,42.409439,-71.030327,,,193472
1602645,Safa Fuel Services Inc.,500 Pleasant St,,Brockton,MA,02301,2517,PLYMOUTH,Convenience Store,42.089077,-71.039627,,,193489
1579242,Richdale Food Shops 127,450 Ashley Blvd,,New Bedford,MA,02745,5215,BRISTOL,Convenience Store,41.669769,-70.931206,,,193524
1558162,Dollar Tree 9516,2170 Acushnet Ave,,New Bedford,MA,02745,6317,BRISTOL,Other,41.681366,-70.921539,,,193815
1548925,J K Market 2,232 Sumner St,,East Boston,MA,02128,2338,SUFFOLK,Grocery Store,42.368755,-71.039009,,,193881
1557885,Brothers American Legion Inc,606 American Legion Hwy,,Roslindale,MA,02131,3211,SUFFOLK,Supermarket,42.285759,-71.109558,,,193961
1549672,Winter Moon Roots,17 Lawrence Plain Rd,,Hadley,MA,01035,9721,HAMPSHIRE,Farmers and Markets,42.329346,-72.577736,,,194072
1549683,Momma's Grocery + Wine,2304 Massachusetts Ave,,Cambridge,MA,02140,1812,MIDDLESEX,Convenience Store,42.395084,-71.127975,,,194076
1549710,The Pepper Pot,18 N Brookfield Rd,,Spencer,MA,01562,1302,WORCESTER,Farmers and Markets,42.261402,-72.015686,,,194091
1233500,Ashmont Convenience Store ,1996 Dorchester Ave,,Dorchester Center,MA,02124,4703,SUFFOLK,Convenience Store,42.282917,-71.064888,,,194201
1575752,Quinyc Wine And Spirits no,67 Billings Rd,,Quincy,MA,02171,2301,NORFOLK,Convenience Store,42.273888,-71.024246,,,194207
1212974,Magnolia Variety Store,2 Raymond St,,Gloucester,MA,01930,3926,ESSEX,Convenience Store,42.577133,-70.715179,,,194242
1549005,Winner Spot Convenience,945 Washington St,,Stoughton,MA,02072,2990,NORFOLK,Convenience Store,42.119785,-71.101677,,,194249
1291494,Friendly Farm Convenience,121 Sconticut Neck Rd,,Fairhaven,MA,02719,1730,BRISTOL,Convenience Store,41.633717,-70.876862,,,194283
1252689,Borahs Convenience,175 Rantoul St,,Beverly,MA,01915,4206,ESSEX,Convenience Store,42.547615,-70.883919,,,194297
1291656,Red Fire Farm Pick Your Own - Packing Barn,172 Meadow Rd,,Montague,MA,01351,9512,FRANKLIN,Farmers and Markets,42.531166,-72.55986,,,194303
1296742,Bay Sweets Market,120 Spring St,,West Roxbury,MA,02132,4809,SUFFOLK,Grocery Store,42.27668,-71.165596,,,194330
870951,Tonys Grocery,801 High St,,Holyoke,MA,01040,3707,HAMPDEN,Convenience Store,42.19833,-72.616226,,,194361
750230,Costa's Sunoco Mini Mart,397 Sawyer St,,New Bedford,MA,02746,1662,BRISTOL,Convenience Store,41.657017,-70.932663,,,194475
1183880,Tienda Y Taqueria San Antonio,257 Princeton St,,East Boston,MA,02128,1436,SUFFOLK,Convenience Store,42.379593,-71.029907,,,194502
1101611,J. Calareso & Sons Inc,100 Main St,,Reading,MA,01867,3921,MIDDLESEX,Super Store,42.506466,-71.103691,,,194655
895334,Richdale Food Shops 102,27 Warren St,,Randolph,MA,02368,4015,NORFOLK,Convenience Store,42.165848,-71.044495,,,194680
1055357,Los Caballeros Market Inc,796 Washington St,,Dorchester Center,MA,02124,4424,SUFFOLK,Grocery Store,42.283672,-71.071472,,,194733
1549121,Super Smoke Convenience Store,614 W Boylston St,,Worcester,MA,01606,2030,WORCESTER,Convenience Store,42.312614,-71.797134,,,194750
1223637,Akm Stores Inc/VN  Market,207 Washington St,,Lynn,MA,01902,4760,ESSEX,Convenience Store,42.466465,-70.951157,,,194777
1028827,Sisters Convenience Store And Deli,22 West St,,West Hatfield,MA,01088,9515,HAMPSHIRE,Convenience Store,42.370804,-72.635841,,,194786
1549164,Whale Rock Farms Llc,24 Northwest Rd,,Westfield,MA,01085,3926,HAMPDEN,Farmers and Markets,42.146675,-72.815063,,,194826
1549171,Yuen Sum Tai Groceries,50 Billings Rd,,Quincy,MA,02171,2302,NORFOLK,Grocery Store,42.273968,-71.024902,,,194838
1549304,Alprime Gas,813 Broadway,,Fall River,MA,02724,2723,BRISTOL,Convenience Store,41.690128,-71.17038,,,194851
1206624,Brimfield Market,13 Main St,,Brimfield,MA,01010,9744,HAMPDEN,Convenience Store,42.122131,-72.202507,,,194882
1289525,A One Market,50 Central St,,Peabody,MA,01960,4343,ESSEX,Convenience Store,42.529713,-70.927292,,,194886
1549215,Joppa Market,626 Bedford St,,East Bridgewater,MA,02333,1911,PLYMOUTH,Convenience Store,42.016411,-70.960602,,,194913
1549444,1460 Middlesex Gas Inc,1460 Middlesex St,,Lowell,MA,01851,1153,MIDDLESEX,Convenience Store,42.63755,-71.344086,,,194973
1474861,Target Store T3325,289 Hancock St,,Quincy,MA,02171,2229,NORFOLK,Super Store,42.275787,-71.029594,,,195079
1474318,Pit Stop Food N Fuel,740 Boston Road,,Springfield,MA,01119,    ,HAMPDEN,Convenience Store,42.136841,-72.520569,,,195118
1472986,Star 50 Convenience,303 Geneva Ave,,Dorchester,MA,02121,3804,SUFFOLK,Convenience Store,42.303619,-71.072037,,,195156
1308621,Eam Market Inc Dba The Village Market,505 Nantasket Ave,,Hull,MA,02045,2535,PLYMOUTH,Super Store,42.282196,-70.873299,,,195175
1474960,CVS Pharmacy CVS11201,191 Stuart St,,Boston,MA,02116,5411,SUFFOLK,Other,42.351292,-71.067398,,,195246
864899,Brockton Convenience Store,158 Montello St,,Brockton,MA,02301,4007,PLYMOUTH,Convenience Store,42.082512,-71.016891,,,195330
1574236,Farmer Matt Llc NAFMNP,860 W Brookfield Rd,,New Braintree,MA,01531,1540,WORCESTER,Farmers and Markets,42.293919,-72.135902,,,195333
1373930,New Wei Feng Llc,333 Commercial St,,Malden,MA,02148,7396,MIDDLESEX,Grocery Store,42.415871,-71.076447,,,195431
1474564,Yatim Central Convenience Ayer,30 Park St,,Ayer,MA,01432,1121,MIDDLESEX,Convenience Store,42.56229,-71.590775,,,195458
1475015,Lucky Corner Convenience Store,210 Washington St,,Somerville,MA,02143,3114,MIDDLESEX,Convenience Store,42.379345,-71.091866,,,195484
1475098,5 Corners Convenience Store,400 Franklin St,,Braintree,MA,02184,5534,NORFOLK,Convenience Store,42.21096,-71.01899,,,195561
1475136,Dollar Tree 8979,985 County St,,Somerset,MA,02726,5005,BRISTOL,Other,41.746838,-71.1455,,,195579
1574753,EZ Mart Westfield,82 Franklin St,,Westfield,MA,01085,2236,HAMPDEN,Convenience Store,42.125366,-72.753799,,,195600
1179056,King St Convenience & Smoke,60 King St,,Northampton,MA,01060,3222,HAMPSHIRE,Convenience Store,42.320786,-72.631073,,,195627
1449259,Eastie Farms,6 Chelsea Ter,,East Boston,MA,02128,1739,SUFFOLK,Farmers and Markets,42.373566,-71.035316,,,195647
1179422,Riverside Mart,54 Canal St,,Millbury,MA,01527,3261,WORCESTER,Convenience Store,42.192944,-71.755127,,,195661
1558446,Winsky Farm NAFMNP,45 Lovett Rd,,Oxford,MA,01540,1805,WORCESTER,Farmers and Markets,42.118713,-71.837036,,,195726
1102750,Supreme Gas II,19 Laurel St,,Fall River,MA,02724,3615,BRISTOL,Convenience Store,41.682896,-71.164963,,,195728
987509,America's Food Market,576 Washington St,,Dorchester Center,MA,02124,2041,SUFFOLK,Super Store,42.291527,-71.071655,,,195740
1472889,Village Variety,1301 Pawtucket Blvd,,Lowell,MA,01854,1801,MIDDLESEX,Convenience Store,42.646198,-71.376854,,,195807
1686581,Bells Market,246 Dorchester St,,South Boston,MA,02127,2877,SUFFOLK,Supermarket,42.332581,-71.051254,,,195834
1277047,White Barn Farm,431 South St,,Wrentham,MA,02093,1506,NORFOLK,Farmers and Markets,42.055042,-71.339035,,,195841
1680039,La Union Market,51 Heath St,,Jamaica Plain,MA,02130,1648,SUFFOLK,Convenience Store,42.325748,-71.099838,,,195895
1005254,Medford Square Market II Inc - Farmers Market,2501 Mystic Valley Parkway,,Medford,MA,02155,    ,MIDDLESEX,Farmers and Markets,42.41898,-71.116608,,,195945
894722,7-Eleven Store 32952 32952,23 Newbury St,,Peabody,MA,01960,3820,ESSEX,Convenience Store,42.522072,-70.996574,,,195955
1551499,Morton Convenience,1139 Blue Hill Ave,,Dorchester Center,MA,02124,3131,SUFFOLK,Convenience Store,42.285786,-71.091248,,,196027
1551501,Muck And Mystery Farm NAFMNP,80 Walnut St,,Seekonk,MA,02771,1506,BRISTOL,Farmers and Markets,41.847687,-71.307594,,,196028
1551637,185 Exchange Street Food CorpKey Food,185 Exchange St,,Chicopee,MA,01013,1246,HAMPDEN,Super Store,42.148525,-72.609558,,,196069
1551694,Acores Market,303 William St,,Fall River,MA,02721,1210,BRISTOL,Grocery Store,41.697834,-71.166626,,,196086
1551717,Black Bull Meat Market Inc,128 Main St,,Webster,MA,01570,2210,WORCESTER,Grocery Store,42.048615,-71.88443,,,196098
1551991,In And Out Convenience Store Inc,7 Belmont St,,Northborough,MA,01532,    ,WORCESTER,Convenience Store,42.283619,-71.663193,,,196124
1551204,Devsatya One Inc,24 Lake St,,Peabody,MA,01960,3607,ESSEX,Convenience Store,42.547211,-71.005882,,,196160
1551395,Farm 46 NAFMNP,46 E Baylies Rd,,Charlton,MA,01507,5118,WORCESTER,Farmers and Markets,42.102875,-71.976639,,,196230
1551421,One Stop Beer & Wine ,1142 Main St,,Holden,MA,01520,1223,WORCESTER,Convenience Store,42.350117,-71.859756,,,196236
1552031,Rivershed Farm,132 Pelham Rd,,Amherst,MA,01002,1651,HAMPSHIRE,Farmers and Markets,42.376545,-72.488777,,,196266
1675851,Blossom Market Inc 1,274 Spruce St,,Chelsea,MA,02150,    ,SUFFOLK,Convenience Store,42.398029,-71.034866,,,196644
1681334,La Despensa De Chelsea Inc,230 Broadway,,Chelsea,MA,02150,2738,SUFFOLK,Convenience Store,42.390469,-71.038734,,,196649
1559050,Lions Mini Mart,960 Fall River Ave,,Seekonk,MA,02771,5821,BRISTOL,Convenience Store,41.798996,-71.330254,,,196671
1559064,Dona Ana Meat And Seafood Market,218 Dedham St,,Norfolk,MA,02056,1558,NORFOLK,Specialty Store,42.090675,-71.299973,,,196676
1559125,Dollar Tree 9148,172 N King St,,Northampton,MA,01060,1120,HAMPSHIRE,Other,42.341953,-72.641197,,,196693
1559182,Hui Pin Grocery Llc,399 Hancock St,,Quincy,MA,02171,2406,NORFOLK,Grocery Store,42.273525,-71.025787,,,196712
1552251,Charlton Farmers Market NAFMNP,37 Main St,,Charlton,MA,01507,1386,WORCESTER,Farmers and Markets,42.134109,-71.969131,,,196922
1560044,Al Prime - Fitchburg # 129 129,237 Lunenburg St,,Fitchburg,MA,01420,4565,WORCESTER,Convenience Store,42.58522,-71.779465,,,196932
1560361,7-eleven 37380B,664 Union St,,Franklin,MA,02038,5002,NORFOLK,Convenience Store,42.067211,-71.398979,,,196998
1284328,Walter Lesiczka,49 Corliss Hill Rd,,Haverhill,MA,01830,1613,ESSEX,Farmers and Markets,42.815136,-71.04615,,,197024
1276463,Jay's Food Mart,166 Gorham St,,Lowell,MA,01852,3302,MIDDLESEX,Convenience Store,42.639469,-71.308334,,,197160
887177,Pleasant Deli Market,330 Pleasant St,,Milton,MA,02186,4732,NORFOLK,Convenience Store,42.251144,-71.057617,,,197196
1243443,RIverdale Farm,11 Fitch Bridge Rd,,Groton,MA,01450,1254,MIDDLESEX,Farmers and Markets,42.624443,-71.592766,,,197223
1288818,Norwood Mobil,499 Washington St,,Norwood,MA,02062,2311,NORFOLK,Convenience Store,42.196629,-71.199341,,,197224
1291424,Despensa Familiar,34 Elm St,,Waltham,MA,02453,5360,MIDDLESEX,Grocery Store,42.375221,-71.23452,,,197242
1231947,Hampshire Market,117 Hampshire St,,Cambridge,MA,02139,1583,MIDDLESEX,Convenience Store,42.36998,-71.09594,,,197270
1233506,International Convenience,102 Columbia St,,Cambridge,MA,02139,2728,MIDDLESEX,Grocery Store,42.365871,-71.098465,,,197350
1206602,Orawa Bakery & Delicatessen,60 E Main St,,Webster,MA,01570,2348,WORCESTER,Grocery Store,42.056252,-71.872261,,,197499
1043297,Super JC Market,67 Chelsea St,,Everett,MA,02149,3523,MIDDLESEX,Grocery Store,42.405621,-71.053108,,,197527
1550116,Reading Quick Stop,519 Main St,,Reading,MA,01867,3134,MIDDLESEX,Convenience Store,42.522255,-71.102867,,,197532
960426,Lynn's Variety Inc.,915 Washington St,,East Weymouth,MA,02189,1928,NORFOLK,Convenience Store,42.199928,-70.939949,,,197564
1542790,Attleboro Farmers Market,947 Park St,Overflow,Attleboro,MA,02703,5195,BRISTOL,Farmers and Markets,41.930859,-71.263359,,,197585
1542837,Carnes Lc,124 Ferry St,,Everett,MA,02149,4942,MIDDLESEX,Grocery Store,42.408203,-71.046379,,,197658
1550200,Damas Food Products,339 Dudley St,,Roxbury,MA,02119,3366,SUFFOLK,Specialty Store,42.32682,-71.076706,,,197693
1550518,Country Convenience,216 S Main St,,Athol,MA,01331,2103,WORCESTER,Convenience Store,42.590694,-72.242004,,,197737
814541,B & E Variety Store,4 Harrison St,,Taunton,MA,02780,    ,BRISTOL,Convenience Store,41.896812,-71.091698,,,197740
1305585,North Falmouth Superette,279 Old Main Rd,,North Falmouth,MA,02556,2017,BARNSTABLE,Convenience Store,41.64922,-70.616707,,,197753
1578587,Handy Spa,243 Belmont St,,Belmont,MA,02478,3748,MIDDLESEX,Convenience Store,42.376968,-71.161636,,,197758
1584736,El Condor Market,337 Paris St,,East Boston,MA,02128,3063,SUFFOLK,Grocery Store,42.377522,-71.031471,,,197764
1543026,Wanczyk Produce,180 Russell St,,Hadley,MA,01035,9580,HAMPSHIRE,Specialty Store,42.343323,-72.582764,,,197797
1543049,Family Grocery,2243 Purchase St,,New Bedford,MA,02746,1615,BRISTOL,Grocery Store,41.657627,-70.932938,,,197846
882048,Onset Village Market,231 Onset Ave,,Onset,MA,02558,9800,PLYMOUTH,Convenience Store,41.743176,-70.660858,,,197848
1600186,Rosemarys Market,565 Main St,,Medford,MA,02155,6552,MIDDLESEX,Convenience Store,42.398712,-71.101944,,,197852
1273802,Caballo Food Corp/America's Food Basket,69 Winthrop Ave,,Lawrence,MA,01843,2818,ESSEX,Supermarket,42.691254,-71.151474,,,198007
1123676,Jerry's Food Store 2,207 University Ave,,Lowell,MA,01854,2424,MIDDLESEX,Convenience Store,42.655884,-71.330048,,,198018
1137952,Seabra Foods V Inc.,41 Rockdale Ave,,New Bedford,MA,02740,1072,BRISTOL,Super Store,41.613735,-70.932579,,,198028
1268922,M & M Convenience,30 Rockdale Ave,,New Bedford,MA,02740,1071,BRISTOL,Convenience Store,41.613503,-70.931953,,,198039
1142659,Sunrise Convenience Store,353 Chatham St,,Lynn,MA,01902,2115,ESSEX,Convenience Store,42.47752,-70.939003,,,198057
1280576,Oriental Farm,1353 Dorchester Ave,,Dorchester,MA,02122,2987,SUFFOLK,Farmers and Markets,42.304546,-71.059158,,,198086
1039283,Indian Basket,12 Wood St,,Lowell,MA,01851,1532,MIDDLESEX,Other,42.634178,-71.355309,,,198093
1264607,Marcella Market,80 Marcella St,,Roxbury,MA,02119,1280,SUFFOLK,Convenience Store,42.3237,-71.095718,,,198133
1315042,Seaview Farm,38 South St,,Rockport,MA,01966,1841,ESSEX,Farmers and Markets,42.654316,-70.60614,,,198254
1528856,Bh Market,105 Nichols Ave,,Watertown,MA,02472,4128,MIDDLESEX,Grocery Store,42.368626,-71.160614,,,198345
1528431,7-eleven 37368B,241 Market St,,Brighton,MA,02135,2155,SUFFOLK,Convenience Store,42.354649,-71.15049,,,198392
938193,Chestnut Convenience Store 479,87 Chestnut St,,Marlborough,MA,01752,2162,MIDDLESEX,Convenience Store,42.347057,-71.560402,,,198606
980380,L C Variety,326 Trapelo Rd,,Belmont,MA,02478,1864,MIDDLESEX,Convenience Store,42.384758,-71.182854,,,198638
1302060,7-eleven 37379a 37379,28 Washington St,,Gloucester,MA,01930,3535,ESSEX,Convenience Store,42.612923,-70.667671,,,198663
1302365,Europa Deli,55 Cabot St,,Chicopee,MA,01013,1601,HAMPDEN,Grocery Store,42.147495,-72.608574,,,198688
1193307,Richdale Convenience Store,58 Montvale Ave,Ste D,Stoneham,MA,02180,3606,MIDDLESEX,Convenience Store,42.481514,-71.107483,,,198718
1203715,Quick Pick Convenience,452 Chicopee St,,Chicopee,MA,01013,1959,HAMPDEN,Convenience Store,42.176449,-72.621567,,,198733
1175928,V & DA Variety,120 Stafford St,Ste G,Worcester,MA,01603,1435,WORCESTER,Convenience Store,42.238785,-71.844849,,,198738
1081772,Bazaar West,345 Cochituate Rd,,Framingham,MA,01701,4607,MIDDLESEX,Grocery Store,42.302177,-71.400276,,,198807
1199385,Nike Africa Food Market,19 Sutton St,,Lynn,MA,01901,1008,ESSEX,Other,42.464603,-70.95002,,,198853
1305462,Everett Variety Store,82 Main St,,Everett,MA,02149,5703,MIDDLESEX,Convenience Store,42.403553,-71.061417,,,198925
1528655,Little Mans Farm,636 S Westfield St,,Feeding Hills,MA,01030,2719,HAMPDEN,Farmers and Markets,42.046276,-72.673866,,,198982
1173247,Nas Convenience Store,111 Erie St,,Dorchester,MA,02121,3740,SUFFOLK,Convenience Store,42.301426,-71.082802,,,199007
1673276,Star Market 645,1 Boylston St,,Chestnut Hill,MA,02467,1719,NORFOLK,Supermarket,42.323799,-71.166206,,,199052
1664491,Unienvios Ma LLC,151 Main St,,Milford,MA,01757,2621,WORCESTER,Convenience Store,42.141327,-71.520088,,,199128
1552761,Village Cooperative Corporation,180 Rattlesnake Gutter Rd,,Leverett,MA,01054,9736,FRANKLIN,Convenience Store,42.494308,-72.46965,,,199147
1667494,Canaan Fuels,204 E Main St,,Milford,MA,01757,2808,WORCESTER,Convenience Store,42.151463,-71.496788,,,199161
1673157,Star Market 3580,14 McGrath Hwy,Ste 3,Somerville,MA,02143,    ,MIDDLESEX,Supermarket,42.374573,-71.084991,,,199163
1529413,Misigaro Farms,6 Pelham St,,Worcester,MA,01609,3181,WORCESTER,Farmers and Markets,42.265404,-71.814156,,,199237
1562708,Alltown Westborough 2720,130 Turnpike Rd,,Westborough,MA,01581,2806,WORCESTER,Convenience Store,42.284496,-71.608513,,,199238
1577503,Meadow Market,45 Meadow St,,Westfield,MA,01085,3241,HAMPDEN,Convenience Store,42.125801,-72.744148,,,199244
1563256,Family Dollar 13902,380 Rhode Island Ave,,Fall River,MA,02721,2330,BRISTOL,Other,41.678123,-71.160255,,,199312
1563557,Dollar Tree 9445,400 Highland Ave,,Salem,MA,01970,7003,ESSEX,Other,42.495975,-70.934151,,,199336
1529481,Wolf Tree Farm NAFMNP,166 E Main St,,Plainfield,MA,01070,9775,HAMPSHIRE,Farmers and Markets,42.51704,-72.895813,,,199581
1529281,New England Wild Edibles,52 Avery Brook Rd,,Shelburne Falls,MA,01370,9452,FRANKLIN,Farmers and Markets,42.621346,-72.806374,,,199652
1529355,Snowplace Farm NAFMNP,721 Goodrich St,,Lunenburg,MA,01462,1623,WORCESTER,Farmers and Markets,42.549282,-71.694405,,,199922
883012,George's Bakery,26 Spruce St,,Methuen,MA,01844,4336,ESSEX,Grocery Store,42.721497,-71.174202,,,199941
1576985,Jarabacoa Market Inc,857 Essex St,,Lawrence,MA,01841,4618,ESSEX,Grocery Store,42.70187,-71.176552,,,199995
1212682,Town Convenience,41 Main St,,Stoneham,MA,02180,3301,MIDDLESEX,Convenience Store,42.49855,-71.100883,,,200144
1344330,Nouria 1046,1 Canal Rd,,Sagamore Beach,MA,02562,2401,BARNSTABLE,Convenience Store,41.780746,-70.541878,,,200203
1243454,Nicewicz Family Farm,116 Sawyer Rd,,Bolton,MA,01740,1313,WORCESTER,Farmers and Markets,42.419621,-71.642296,,,200237
1586680,Becket Country Store,609 Main St,,Becket,MA,01223,3784,HAMPDEN,Convenience Store,42.27845,-73.059715,,,200305
1576622,Acton Gulf Gas,289 Main St,,Acton,MA,01720,3703,MIDDLESEX,Convenience Store,42.475739,-71.452194,,,200367
1553335,Vineyard Farm,175 E Center St,,West Bridgewater,MA,02379,1835,PLYMOUTH,Specialty Store,42.020435,-70.997223,,,200389
1306322,Still Life Farm Stand B,482 Main St,,Gilbertville,MA,01031,9746,WORCESTER,Farmers and Markets,42.301674,-72.211365,,,200443
1230963,Tjs Family Inc/Family Food Shop,609 Walk Hill St,,Mattapan,MA,02126,3121,SUFFOLK,Convenience Store,42.281067,-71.097816,,,200444
981992,Simon Convenience,590 Rogers St,,Lowell,MA,01852,3831,MIDDLESEX,Convenience Store,42.631565,-71.283867,,,200525
1088862,Kosinskis Farm Stand,420 Russellville Rd,,Westfield,MA,01085,1180,HAMPDEN,Farmers and Markets,42.189125,-72.762352,,,200565
1080744,Riley's Corner,352 Washington St,,Haverhill,MA,01832,5336,ESSEX,Convenience Store,42.770905,-71.092834,,,200571
1553512,Luna Llena Market LLC 1,149 Chestnut St,,Chelsea,MA,02150,3803,SUFFOLK,Convenience Store,42.391193,-71.038597,,,200607
1553763,7-eleven 32467C,2002 Beacon St,,Brighton,MA,02135,7795,SUFFOLK,Convenience Store,42.336407,-71.150925,,,200640
1048793,Dairy Fine,201 Fulton St,,Norwood,MA,02062,2707,NORFOLK,Convenience Store,42.198601,-71.204842,,,200674
1309387,Marlboro Market,58 Marlborough St,,Chelsea,MA,02150,2911,SUFFOLK,Grocery Store,42.393131,-71.030785,,,200685
1275639,Honeyland Farms 1,389 Belmont Ave,,Springfield,MA,01108,2064,HAMPDEN,Convenience Store,42.087246,-72.563622,,,200722
1166684,Atlanta Market Liquor,243 Atlantic St,,Quincy,MA,02171,1648,NORFOLK,Convenience Store,42.283764,-71.024719,,,200723
1553601,Quonquont Farm,9 North St,,Whately,MA,01093,4001,FRANKLIN,Farmers and Markets,42.445358,-72.637344,,,200804
1282420,Old Friends Farm Llc,593 S Pleasant St,,Amherst,MA,01002,2550,HAMPSHIRE,Farmers and Markets,42.357475,-72.526649,,,200815
1305752,Kr South Street Inc,730 East St,,Pittsfield,MA,01201,5325,BERKSHIRE,Convenience Store,42.449081,-73.239479,,,200817
1626305,Quinsigamond Gas & Market LLC 516,75 Quinsigamond Ave,,Worcester,MA,01610,1816,WORCESTER,Convenience Store,42.247219,-71.802795,,,200853
1553631,Walgreens 21267,80 Prospect St,,Milford,MA,01757,3037,WORCESTER,Other,42.137516,-71.534798,,,200855
1584386,94 Spencer Express LLC,94 Main St,,Spencer,MA,01562,2140,WORCESTER,Convenience Store,42.243324,-71.996468,,,200876
1628476,1099 Grafton Llc,1099 Grafton St,,Worcester,MA,01604,2029,WORCESTER,Convenience Store,42.24231,-71.754669,,,200901
962785,7 Eleven 34391A,32 Hamilton St,,Saugus,MA,01906,2239,ESSEX,Convenience Store,42.465687,-71.006569,,,200904
1046989,Trucchi's Supermarket 6,438 W Grove St,Ste A,Middleboro,MA,02346,1461,PLYMOUTH,Super Store,41.897125,-70.949135,,,200918
1631360,The Natural Grocer,334 High St,,Newburyport,MA,01950,3739,ESSEX,Grocery Store,42.820572,-70.892426,,,200924
1254892,7-Eleven Store 34405B,703 Haverhill St,,Lawrence,MA,01841,4011,ESSEX,Convenience Store,42.704838,-71.18959,,,201100
1078610,Tedeschi Food Shop (330) 330,52 Bedford St,,East Bridgewater,MA,02333,1542,PLYMOUTH,Convenience Store,42.032284,-70.958138,,,201105
1248882,Johnny's Market,1758 River St,,Hyde Park,MA,02136,1431,SUFFOLK,Convenience Store,42.244022,-71.13813,,,201128
1286735,Afz Dba Star Food Mart,4 Hovendon Ave,,Brockton,MA,02302,1067,PLYMOUTH,Convenience Store,42.109806,-71.019089,,,201147
1680461,Palace Spa,419 Washington St,,Brighton,MA,02135,2731,SUFFOLK,Convenience Store,42.349327,-71.155571,,,201155
1062765,Stop N Save,158 Center St,,Middleborough,MA,02346,    ,PLYMOUTH,Convenience Store,41.89286,-70.911987,,,201162
1017811,Hettie Belle Farm CSA,28 Winchester Rd,,Warwick,MA,01378,9347,FRANKLIN,Farmers and Markets,42.684597,-72.339516,,,201180
1286087,5 Star Supermarket,800 Boston Rd,,Springfield,MA,01119,1311,HAMPDEN,Supermarket,42.137619,-72.519035,,,201242
1152474,Olivas Market,122 Foster St,,Peabody,MA,01960,8915,ESSEX,Grocery Store,42.520988,-70.932297,,,201251
993872,Johnsons Roadside Farm Market,445 Market St,,Swansea,MA,02777,3931,BRISTOL,Farmers and Markets,41.75766,-71.270607,,,201329
1203634,A To Z Convenience,1011 ma-28,,South Yarmouth,MA,02664,    ,BARNSTABLE,Convenience Store,41.656555,-70.20163,,,201379
1677579,Your Neighborhood Market,103 School St,,Salem,MA,01970,2309,ESSEX,Convenience Store,42.526901,-70.909409,,,201429
1127317,Citgo Express Mart,318 Broadway,,Everett,MA,02149,3407,MIDDLESEX,Convenience Store,42.403526,-71.058838,,,201446
1012325,Terra Nossa Center Market Inc,1501 Bedford St,Ste 1,Abington,MA,02351,1093,PLYMOUTH,Grocery Store,42.145485,-70.954399,,,201498
1154136,Waltham Fields Community Farm,240 Beaver St,,Waltham,MA,02452,8096,MIDDLESEX,Farmers and Markets,42.38464,-71.213852,,,201533
1172824,Richdale Convenience Store,59 N Franklin St,,Lynn,MA,01904,3134,ESSEX,Convenience Store,42.471561,-70.9618,,,201652
1596156,Winchendon Farmers Market,55 Murdock Ave,,Winchendon,MA,01475,1579,WORCESTER,Farmers and Markets,42.685406,-72.052567,,,201672
1034980,Marblehead Village Market,165 Pleasant St,Ste 1,Marblehead,MA,01945,2308,ESSEX,Grocery Store,42.500645,-70.85836,,,201683
1584002,D Union Seafood And Meat Market,208 S Broadway,,Lawrence,MA,01843,1420,ESSEX,Grocery Store,42.693874,-71.161522,,,201704
1280415,Ray's  Family Farm Inc.,723 College Hwy,,Southwick,MA,01077,9733,HAMPDEN,Farmers and Markets,42.077446,-72.769745,,,201716
1207227,Siena Farms,4 Puffer Ln,,Sudbury,MA,01776,1336,MIDDLESEX,Farmers and Markets,42.414375,-71.411148,,,201785
1575824,Neighbors,242 Conway Rd,,South Deerfield,MA,01373,9661,FRANKLIN,Convenience Store,42.497444,-72.636742,,,201793
1030852,Coletti's Market,470 N Main St,,Raynham,MA,02767,1629,BRISTOL,Convenience Store,41.935432,-71.05162,,,201857
1051186,Venice Convenience Inc,38 Cooper St,,Boston,MA,02113,1618,SUFFOLK,Convenience Store,42.364368,-71.057144,,,201860
1309906,7-eleven 37345A,4 College Ave,,Somerville,MA,02144,1913,MIDDLESEX,Convenience Store,42.396961,-71.122307,,,201914
497189,Desa Fish Market,20 Harrison Ave,,Taunton,MA,02780,4253,BRISTOL,Grocery Store,41.895626,-71.095055,,,201922
986739,7 Eleven 34428A,73 Storey Ave,,Newburyport,MA,01950,1850,ESSEX,Convenience Store,42.819695,-70.90889,,,201943
1254899,Forest Hills Convenience,2 Hyde Park Ave,,Jamaica Plain,MA,02130,4103,SUFFOLK,Grocery Store,42.299786,-71.113373,,,201947
1682512,Ti Kay Jajo Market,161 Central St,,Lowell,MA,01852,1923,MIDDLESEX,Convenience Store,42.64325,-71.308777,,,201988
1584487,Butcher And Bay,31 Wall St,,Foxborough,MA,02035,2915,NORFOLK,Other,42.063683,-71.246902,,,201996
1278097,Sams Food Store,93 Lafayette Sq,,Haverhill,MA,01832,4740,ESSEX,Convenience Store,42.777328,-71.089371,,,202021
1299270,Fresh Farm One,560 Lincoln Street,,Worcester,MA,01605,    ,WORCESTER,Grocery Store,42.295582,-71.771675,,,202026
1274907,Ez Mart,69 Broad St,,Weymouth,MA,02188,1712,NORFOLK,Convenience Store,42.215923,-70.963959,,,202045
1237270,Hutchins Farm Llc,754 Monument St,,Concord,MA,01742,1836,MIDDLESEX,Farmers and Markets,42.478931,-71.345062,,,202080
1248077,Makari's Market,1 Hamilton St,,Framingham,MA,01701,7703,MIDDLESEX,Convenience Store,42.321625,-71.394882,,,202185
1019269,Quick Pick Convenience,973 Tremont St,,Roxbury Crossing,MA,02120,2265,SUFFOLK,Convenience Store,42.33749,-71.084099,,,202194
787306,Country Farms,689 N Main St,,Leominster,MA,01453,1817,WORCESTER,Convenience Store,42.554783,-71.768082,,,202326
1119314,Lil Audrey's,1159 Read St,,Somerset,MA,02726,2439,BRISTOL,Convenience Store,41.737698,-71.173294,,,202377
1272208,Flat's Market,36 Ely St,,Holyoke,MA,01040,6263,HAMPDEN,Grocery Store,42.205624,-72.597244,,,202427
1281209,Ming's Supermarket Inc.,1102 Washington St,,Boston,MA,02118,2219,SUFFOLK,Super Store,42.344288,-71.065308,,,202448
1284349,River Bend Farm,21 North Ln,,Hadley,MA,01035,9503,HAMPSHIRE,Farmers and Markets,42.349243,-72.591942,,,202552
1238482,Freedom Food Farm,471 Leonard St,,Raynham,MA,02767,1129,BRISTOL,Farmers and Markets,41.916882,-71.003807,,,202571
1290873,Commuters Variety,55 Frank B Murray St,,Springfield,MA,01103,1004,HAMPDEN,Convenience Store,42.106407,-72.594414,,,202583
1262752,Not Just Produced,290 Central St,,Winchendon,MA,01475,1403,WORCESTER,Grocery Store,42.686798,-72.044525,,,202602
1273823,Adam's Village Gas Llc D/b/a Saab Energy Main,1260 Main St,,Brockton,MA,02301,8108,PLYMOUTH,Convenience Store,42.060539,-71.014343,,,202620
1001657,El Valle De La Sultana Market,716 Broadway,,Everett,MA,02149,2917,MIDDLESEX,Super Store,42.415054,-71.048538,,,202632
1119646,Mobil On The Run 4418,158 Market Street,,Rockland,MA,02370,    ,PLYMOUTH,Convenience Store,42.122387,-70.914284,,,202684
1572992,Abdi Market,113 Vermont St,,Springfield,MA,01108,8149,HAMPDEN,Grocery Store,42.08839,-72.551277,,,202794
1016495,Acougue Brasil,217 Middlesex Ave,,Medford,MA,02155,5033,MIDDLESEX,Grocery Store,42.409985,-71.079475,,,202828
1122630,7-eleven Store 22402 E,450 Cooley St,,Springfield,MA,01128,1180,HAMPDEN,Convenience Store,42.091682,-72.499924,,,202831
906967,EB Mobil Mart,134 W Main St,,East Brookfield,MA,01515,1501,WORCESTER,Convenience Store,42.22403,-72.060722,,,202889
1248961,Sams Convenience,147 Broadway St,,Chicopee,MA,01020,2618,HAMPDEN,Convenience Store,42.154072,-72.580513,,,202953
1262699,7-Eleven 37413A,3 Barker Rd,,East Wareham,MA,02538,1299,PLYMOUTH,Convenience Store,41.786968,-70.639824,,,202971
1286916,Dick's Market Garden,649 Northfield Rd,,Lunenburg,MA,01462,1753,WORCESTER,Farmers and Markets,42.609013,-71.74292,,,202992
1554993,Top Asian Grocery Ii Llc,421 Hancock St,,Quincy,MA,02171,2435,NORFOLK,Other,42.272953,-71.025185,,,203012
1555120,Fruit Fair Farm,398B Front St,,Chicopee,MA,01013,3105,HAMPDEN,Grocery Store,42.148052,-72.601509,,,203091
1553792,Liptonmart North St. 604,580 North St,,Pittsfield,MA,01201,4126,BERKSHIRE,Convenience Store,42.456543,-73.25071,,,203147
1691094,Mattapan Square Mobil,1556 Blue Hill Ave,,Mattapan,MA,02126,2102,SUFFOLK,Convenience Store,42.270489,-71.093208,,,203162
1677283,ROXBURY KWIK MART LLC 1,85 Southampton St,,Boston,MA,02118,2713,SUFFOLK,Other,42.332039,-71.070747,,,203177
1291269,Sampson Farm,220 Old Bedford Rd,,Westport,MA,02790,3318,BRISTOL,Farmers and Markets,41.680664,-71.100952,,,203187
964803,Cow Farm Mini Market,2 Coes Sq,,Worcester,MA,01603,2501,WORCESTER,Convenience Store,42.250137,-71.831825,,,203208
1175322,Bizarro Foodmart,554 Kempton St,,New Bedford,MA,02740,3854,BRISTOL,Convenience Store,41.636433,-70.939857,,,203222
1689028,Otis Racing Mart Inc,2000 E Otis Rd,,East Otis,MA,01029,4528,BERKSHIRE,Convenience Store,42.171673,-73.032532,,,203231
1323678,2 Cents Home Grown,83 Jamaica St,,Springfield,MA,01119,1804,HAMPDEN,Farmers and Markets,42.137955,-72.502304,,,203303
1286453,Morton Market,761 Morton St,,Mattapan,MA,02126,1863,SUFFOLK,Grocery Store,42.283436,-71.089371,,,203431
1249261,B & 4th Street Variety,178 W 4th St,,Boston,MA,02127,1877,SUFFOLK,Convenience Store,42.340183,-71.054825,,,203444
1240714,Mini Mart,39 Main St,,Southbridge,MA,01550,2520,WORCESTER,Convenience Store,42.073334,-72.027184,,,203459
1554387,Country Farm,285 Winthrop St,,Taunton,MA,02780,4354,BRISTOL,Convenience Store,41.88961,-71.119194,,,203482
1553856,Putterham Market,189 Grove St,,Chestnut Hill,MA,02467,3242,NORFOLK,Convenience Store,42.303364,-71.152184,,,203577
1553874,Dennis Variety,560 Broad St,,East Weymouth,MA,02189,1303,NORFOLK,Convenience Store,42.217743,-70.937027,,,203621
1284276,Roundhill Orchard,1 Douglas Rd,,Southampton,MA,01073,9530,HAMPSHIRE,Farmers and Markets,42.191475,-72.726273,,,203627
1554503,Aunty's Market,539 Pleasant St,,Holyoke,MA,01040,2425,HAMPDEN,Convenience Store,42.211575,-72.620697,,,203727
1554214,Steves Quality Market No,36 Margin St,,Salem,MA,01970,3398,ESSEX,Supermarket,42.519051,-70.896431,,,203822
1242569,True Convenience,314 River St,,Waltham,MA,02453,6038,MIDDLESEX,Convenience Store,42.373302,-71.22802,,,203856
1290715,4 Family Gas Station,151 Main St,,Charlemont,MA,01339,9703,FRANKLIN,Convenience Store,42.62809,-72.87114,,,203944
1292002,Calabrese Farms Llc,257 Feeding Hills Rd,,Southwick,MA,01077,9528,HAMPDEN,Specialty Store,42.063034,-72.718941,,,203956
1246231,7-Eleven 37496A 408,1217 Mammoth Rd,,Dracut,MA,01826,3033,MIDDLESEX,Convenience Store,42.683716,-71.354736,,,203974
1094556,La Bamba Market,1 Lorne St,,Dorchester Center,MA,02124,1410,SUFFOLK,Convenience Store,42.293213,-71.08976,,,203977
1057968,River Street Premier Petrol,82 River St,,Mattapan,MA,02126,2914,SUFFOLK,Convenience Store,42.270988,-71.073853,,,203990
1101688,Barre General Store,540 S Barre Rd,Vernon AVE,Barre,MA,01005,9278,WORCESTER,Convenience Store,42.39497,-72.099655,,,204035
1249178,Andy Market,66 Jewett St,,Lowell,MA,01850,2362,MIDDLESEX,Grocery Store,42.652882,-71.305298,,,204186
1156527,Piccadilly Market,63B Union St,,Newton Center,MA,02459,2224,MIDDLESEX,Convenience Store,42.329849,-71.19249,,,204220
883243,Brothers Supermarket Ii Inc,776 Dudley St,,Dorchester,MA,02125,2276,SUFFOLK,Super Store,42.317516,-71.065689,,,204223
1284416,Oakdale Farms Country Barn,1758 Somerset Ave,,Dighton,MA,02715,1225,BRISTOL,Farmers and Markets,41.821476,-71.120407,,,204253
1016080,7 Star Grocery Inc,6 Medford St,,Arlington,MA,02474,3106,MIDDLESEX,Convenience Store,42.415062,-71.151108,,,204314
1584418,Crossroads Market Place ,1060 Main St,,Leicester,MA,01524,1355,WORCESTER,Convenience Store,42.246597,-71.90844,,,204323
1179595,Sam Food Store,515 High St,,Holyoke,MA,01040,5242,HAMPDEN,Convenience Store,42.202843,-72.611794,,,204325
1284728,EZ Mart,323 Belmont St,,Brockton,MA,02301,4939,PLYMOUTH,Convenience Store,42.077862,-71.033371,,,204336
1288461,Ameristore,1363 S Main St,,Fall River,MA,02724,2705,BRISTOL,Convenience Store,41.687595,-71.170593,,,204349
1215032,HSD Co/Bay St. Mini Mart,314 Bay St,,Springfield,MA,01109,3521,HAMPDEN,Convenience Store,42.11718,-72.566261,,,204351
1281490,Eddys Market ,375A Broadway,,Revere,MA,02151,3029,SUFFOLK,Grocery Store,42.409824,-71.012413,,,204394
1583430,Daily Convenience 0,714 Southbridge St,,Auburn,MA,01501,1835,WORCESTER,Convenience Store,42.183582,-71.860413,,,204408
886374,White Eagle Pantry Inc,319 Merrimack St,,Methuen,MA,01844,6567,ESSEX,Convenience Store,42.743069,-71.130478,,,204458
1043217,Terminal Bakery,547 S Main St,,Fall River,MA,02721,5321,BRISTOL,Specialty Store,41.696583,-71.16201,,,204489
1288888,Al Anwar Market Llc,106 Water St,,Worcester,MA,01604,5032,WORCESTER,Grocery Store,42.256256,-71.796486,,,204612
1599285,Richdale Convince,5 W Main St,,Northborough,MA,01532,1909,WORCESTER,Convenience Store,42.319508,-71.642685,,,204688
1034948,Baba Supermarket Inc,183 Pleasant St,,Malden,MA,02148,4801,MIDDLESEX,Grocery Store,42.427376,-71.071907,,,204737
1024782,Walpole Fuel Inc,975 Providence Hwy,,Walpole,MA,02081,4260,NORFOLK,Convenience Store,42.140347,-71.218826,,,204772
975895,European Cafe & Deli,23 Millbury St,,Worcester,MA,01610,2811,WORCESTER,Grocery Store,42.254089,-71.798164,,,204778
1277040,Skinny Dip Farm,1603 Main Rd,,Westport,MA,02790,4413,BRISTOL,Farmers and Markets,41.541042,-71.085808,,,204827
1056984,Puerto Rico Market and Bakery,2917 Main St,,Springfield,MA,01107,1514,HAMPDEN,Grocery Store,42.117973,-72.607422,,,204867
1221751,Food Mart,185 Linden St,,Pittsfield,MA,01201,3241,BERKSHIRE,Convenience Store,42.456535,-73.260437,,,204880
1305344,A-mart,524 North St,,Pittsfield,MA,01201,4104,BERKSHIRE,Convenience Store,42.456043,-73.250732,,,204909
1292670,Boan Farm,382 Hixbridge Rd,,Westport,MA,02790,1396,BRISTOL,Farmers and Markets,41.570362,-71.064949,,,204921
1214805,Big Brothers Food Mart,578 Chestnut St,,Lynn,MA,01904,2638,ESSEX,Grocery Store,42.478165,-70.951408,,,204939
769788,7-Eleven 33454B,99 Hampshire St,,Lawrence,MA,01840,1205,ESSEX,Convenience Store,42.707836,-71.165924,,,204945
1168297,Centennial Express Corp,2 1st Ave,,Peabody,MA,01960,4909,ESSEX,Convenience Store,42.516415,-70.972397,,,204986
947336,7 Eleven 37459A ,15 Main Street Ext,Ste 1,Plymouth,MA,02360,3383,PLYMOUTH,Convenience Store,41.955357,-70.663872,,,204997
1649613,PJI Caribbean Store,845 Route 28,Unit 3,South Yarmouth,MA,02664,5277,BARNSTABLE,Other,41.651989,-70.21376,,,205013
1191055,7-Eleven 32444A,585 North St,,East Weymouth,MA,02189,1073,NORFOLK,Convenience Store,42.229092,-70.943497,,,205024
1155370,Dorchester Mart,783 Blue Hill Ave,,Dorchester Center,MA,02124,1603,SUFFOLK,Convenience Store,42.297874,-71.087151,,,205032
1024640,Fields Corner Store,1489 Dorchester Ave,,Dorchester,MA,02122,1330,SUFFOLK,Convenience Store,42.299896,-71.06044,,,205057
1266928,Canton Wash & Gas,683 Turnpike Street,,Canton,MA,02021,    ,NORFOLK,Convenience Store,42.164021,-71.109871,,,205129
1303963,Apex Orchards,225 Peckville Rd,,Shelburne Falls,MA,01370,9645,FRANKLIN,Farmers and Markets,42.62421,-72.659874,,,205142
1267015,7-Eleven 32564B 32564,3106 Cranberry Hwy,,East Wareham,MA,02538,4843,PLYMOUTH,Convenience Store,41.755745,-70.641647,,,205164
1306224,Kingsbury Farms,143 Sandgully Rd,,South Deerfield,MA,01373,9734,FRANKLIN,Farmers and Markets,42.513378,-72.631088,,,205174
1021716,Deals & Steals,1 Pearl St,,Northampton,MA,01060,3983,HAMPSHIRE,Grocery Store,42.318321,-72.627449,,,205207
1271188,Supreme Food Mart,1018 Eastern Ave,,Malden,MA,02148,6033,MIDDLESEX,Convenience Store,42.430225,-71.041634,,,205223
1660825,Speedway 2494,261 N Main St,,Brockton,MA,02301,3536,PLYMOUTH,Convenience Store,42.090881,-71.019035,,,205242
1348809,Oak Street Convenience,350 Oak St,,Brockton,MA,02301,1341,PLYMOUTH,Convenience Store,42.100628,-71.039497,,,205250
1275772,H & T Variety Inc.,430 Union St,,Rockland,MA,02370,1704,PLYMOUTH,Convenience Store,42.133984,-70.917107,,,205257
1666477,St. Mary & St. George Coptic Orthodox Church Inc.,27 Hood Rd,,Scituate,MA,02066,2108,PLYMOUTH,Other,42.219059,-70.753624,,,205277
1280315,Holiday Brook Farm,100 Holiday Cottage Rd,,Dalton,MA,01226,1249,BERKSHIRE,Farmers and Markets,42.48872,-73.137329,,,205300
1106503,Lio Meat Corp/America's Food Basket,926 Cummins Hwy,,Mattapan,MA,02126,2095,SUFFOLK,Super Store,42.268345,-71.095192,,,205317
1666203,Mumin Halal Food Inc,1275 Providence Hwy,,Norwood,MA,02062,5031,NORFOLK,Grocery Store,42.169724,-71.197098,,,205321
1168177,Sam's Food Store 1122,367 Ashley Blvd,,New Bedford,MA,02745,5205,BRISTOL,Convenience Store,41.666691,-70.931007,,,205324
1287142,Broadway Mini Mart,944 Broadway,,Chelsea,MA,02150,2223,SUFFOLK,Convenience Store,42.401024,-71.021095,,,205395
1106037,America Eagle Market,427 Broadway,,Everett,MA,02149,3435,MIDDLESEX,Grocery Store,42.406536,-71.055664,,,205465
1663934,Carmella's Market,86 Cottage St,,East Boston,MA,02128,2228,SUFFOLK,Other,42.367874,-71.035255,,,205471
1231503,Friends' Marketplace,57 Main St,,Orleans,MA,02653,2413,BARNSTABLE,Other,41.786144,-69.989227,,,205491
1207295,CHRIS FARMSTAND,436 Salem St,,Haverhill,MA,01835,7639,ESSEX,Farmers and Markets,42.756004,-71.060364,,,205552
1103543,Daily Mart,371 Hollis St,,Framingham,MA,01702,8618,MIDDLESEX,Convenience Store,42.268215,-71.419746,,,205578
1114874,St's General Store,110 Mendon St,,Uxbridge,MA,01569,1541,WORCESTER,Convenience Store,42.079094,-71.622849,,,205685
943445,Olympia Market,5 Atlantic Ave,,Revere,MA,02151,5401,SUFFOLK,Convenience Store,42.39793,-70.991608,,,205702
1305295,Nicole's Mini Foods Store Ii,286 School St,,Groveland,MA,01834,2022,ESSEX,Convenience Store,42.739838,-71.020844,,,205706
1130119,Trale Inc / Lees Market,796 Main Rd,,Westport,MA,02790,4341,BRISTOL,Super Store,41.579803,-71.089806,,,205739
1240191,One Dollar Zone 21,50 Boston St,,Lynn,MA,01904,2538,ESSEX,Convenience Store,42.47739,-70.956932,,,205796
1107306,Kristinas Variety,42 Warren St,,Waltham,MA,02453,6915,MIDDLESEX,Convenience Store,42.375835,-71.209412,,,205803
1243480,Diemand Farm Store,126 Mormon Hollow Rd,,Wendell,MA,01379,7938,FRANKLIN,Farmers and Markets,42.582726,-72.448128,,,205817
944974,Hong Kong Supermarket of Allston LLC 1,1 Brighton Ave.,,Allston,MA,02134,    ,SUFFOLK,Super Store,42.352219,-71.125381,,,205828
1672977,Shaw's 1404,125 Pearl St,,Braintree,MA,02184,6525,NORFOLK,Supermarket,42.200996,-71.001183,,,205873
1248281,Kwik Shop Market & Deli,10 Jefferson Ave,,Salem,MA,01970,2900,ESSEX,Convenience Store,42.515472,-70.899055,,,205916
1223454,South Main Market of Fall River LLP,543 S Main St,,Fall River,MA,02721,5321,BRISTOL,Convenience Store,41.696487,-71.161919,,,205983
1286568,Gallagher's Convenience Store,560 East St,,Chicopee,MA,01020,4148,HAMPDEN,Convenience Store,42.148376,-72.563866,,,206000
1571415,Habesha Market,223 Highland Ave,,Malden,MA,02148,6430,MIDDLESEX,Grocery Store,42.421402,-71.079918,,,206001
1169032,Common Market,301 E Foster St,,Melrose,MA,02176,4124,MIDDLESEX,Convenience Store,42.456337,-71.052155,,,206014
1286300,Ashmont Market & Liquor,630 Adams St,,Dorchester,MA,02122,1958,SUFFOLK,Grocery Store,42.288212,-71.055145,,,206058
1307153,Asamass Trading 5087965117,1084 Main St,,Worcester,MA,01603,2064,WORCESTER,Other,42.24509,-71.833206,,,206079
1199636,Towne Market 1,14 Merrimac Sq,,Merrimac,MA,01860,1957,ESSEX,Convenience Store,42.833557,-71.002518,,,206105
1066165,Marino's Market,1906 Centre St,,West Roxbury,MA,02132,2535,SUFFOLK,Convenience Store,42.28495,-71.156555,,,206109
947333,Sandwich Food Store 389,111 Route 6A,,Sandwich,MA,02563,2017,BARNSTABLE,Convenience Store,41.762501,-70.496689,,,206114
1286732,Melos Bakery,179 Elm St,,Everett,MA,02149,5232,MIDDLESEX,Grocery Store,42.413471,-71.039551,,,206122
1105261,Weymouth Food Mart,1690 Main Street,,Weymouth,MA,02190,    ,NORFOLK,Convenience Store,42.146503,-70.954872,,,206154
1576553,Restaurant Superstore 1,172 Stafford St,,Worcester,MA,01603,1442,WORCESTER,Grocery Store,42.236595,-71.849121,,,206155
977247,Elks Fuel Inc,2 Main St,,Tewksbury,MA,01876,1637,MIDDLESEX,Convenience Store,42.629017,-71.274445,,,206158
1078226,Americas Market,1502 Acushnet Ave,,New Bedford,MA,02746,2222,BRISTOL,Grocery Store,41.662273,-70.92807,,,206236
973668,Marinos Market,1245 Vfw Pkwy,,West Roxbury,MA,02132,4908,SUFFOLK,Convenience Store,42.277351,-71.172218,,,206240
1309754,Girlies Veriety,96 Oak St,,Taunton,MA,02780,4053,BRISTOL,Convenience Store,41.897373,-71.107231,,,206260
1683044,Shaw's 624,14 W Boylston St,,Worcester,MA,01605,1228,WORCESTER,Supermarket,42.288589,-71.806488,,,206264
1692715,Costco Wholesale 0303,120 Stockwell Dr,,Avon,MA,02322,1149,NORFOLK,Super Store,42.137177,-71.066002,,,206273
1154177,Brasileirinho Market Inc,581 Boston Post Rd E,,Marlborough,MA,01752,3768,MIDDLESEX,Grocery Store,42.348408,-71.50666,,,206300
1305407,7-Eleven Store 37445A,386 Lincoln Ave,,Saugus,MA,01906,3974,ESSEX,Convenience Store,42.449707,-71.00518,,,206339
1643055,Stop N Save,340 Oak Grove Ave,,Fall River,MA,02723,2730,BRISTOL,Convenience Store,41.70274,-71.13311,,,206540
1019134,7-Eleven 32481A,314 Boston Rd,,North Billerica,MA,01862,2624,MIDDLESEX,Convenience Store,42.571323,-71.277046,,,206548
1307273,Nourse Farm,80 Nourse St,,Westborough,MA,01581,3713,WORCESTER,Farmers and Markets,42.250561,-71.6511,,,206560
1009493,Galloway's Convenience Store,176 Pelham St,,Methuen,MA,01844,1521,ESSEX,Convenience Store,42.729153,-71.209648,,,206570
1576477,Gma Corporation,181 Washington St,,Dorchester,MA,02121,3604,SUFFOLK,Convenience Store,42.303394,-71.078773,,,206628
1217583,Maria's Market,1760 Dorchester Ave,,Dorchester,MA,02124,2532,SUFFOLK,Convenience Store,42.289886,-71.063103,,,206654
1269665,Tuti Shop,146 Felton St,,Waltham,MA,02453,4121,MIDDLESEX,Grocery Store,42.372753,-71.243401,,,206689
1096578,Court Market,505 Washington St,,Dorchester Center,MA,02124,2014,SUFFOLK,Convenience Store,42.294041,-71.072113,,,206700
1280322,Farmers Market Of Sheffield,125 Main St,,Sheffield,MA,01257,9564,BERKSHIRE,Farmers and Markets,42.110649,-73.353859,,,206720
1089260,Georges Bakery,308 Grafton St,,Worcester,MA,01604,3752,WORCESTER,Specialty Store,42.25605,-71.787025,,,206721
1399959,Brewster Farms Country Market,2771 Main St,,Brewster,MA,02631,1948,BARNSTABLE,Convenience Store,41.769447,-70.055138,,,206743
892856,7-Eleven Store 32475 32475,451 Centre St,,Jamaica Plain,MA,02130,1831,SUFFOLK,Convenience Store,42.320358,-71.111473,,,206802
972841,7-Eleven 34410A,79 Lowell St,,Peabody,MA,01960,5411,ESSEX,Convenience Store,42.527367,-70.930786,,,206899
1284647,Watertown Farmers Market,Main St,Saltonstall Park,Watertown,MA,02472,    ,MIDDLESEX,Farmers and Markets,42.370899,-71.195152,,,206925
1138308,Emanuel Super Market,195 Hollis St,,Framingham,MA,01702,8607,MIDDLESEX,Convenience Store,42.273632,-71.418495,,,206942
1660571,Trader Joe's Boston (West Roxbury) 588,1999 Centre St,,West Roxbury,MA,02132,3310,SUFFOLK,Supermarket,42.281853,-71.158562,,,207043
1647470,Braintree Mart,390 Washington St,,Braintree,MA,02184,4732,NORFOLK,Convenience Store,42.21933,-71.003098,,,207049
1660839,Speedway 2506,788 E Washington St,,North Attleboro,MA,02760,1836,BRISTOL,Convenience Store,41.990582,-71.328346,,,207052
1553878,Agawam Food Inc,325 Main St,,Agawam,MA,01001,1805,HAMPDEN,Convenience Store,42.082275,-72.615799,,,207117
1556450,Kalon Farm,339 7 Bridge Rd,,Lancaster,MA,01523,2600,WORCESTER,Farmers and Markets,42.463215,-71.663147,,,207159
1672954,Big Y World Class Market 65,1111 Providence Hwy,,Walpole,MA,02081,4232,NORFOLK,Super Store,42.13937,-71.220848,,,207324
1665422,Kim's Fish Market,551 Washington St,,Dorchester Center,MA,02124,2031,SUFFOLK,Specialty Store,42.292519,-71.071983,,,207332
1556511,Dollar Tree 9352,1581 N Main St,,Palmer,MA,01069,1232,HAMPDEN,Other,42.163071,-72.340919,,,207379
1555699,Dorchester Gas And Convenience,285 Washington St,,Dorchester,MA,02121,3912,SUFFOLK,Convenience Store,42.300396,-71.075569,,,207423
1555750,Buckys Convenience Store,1047 Route 28,,South Yarmouth,MA,02664,4105,BARNSTABLE,Convenience Store,41.659481,-70.202209,,,207436
1555818,Sids Smoke Shop,1120 Washington St,,Boston,MA,02118,2219,SUFFOLK,Convenience Store,42.344151,-71.065598,,,207455
1665371,Friendly Corner Convenience,2408 Massachusetts Ave,,Cambridge,MA,02140,1833,MIDDLESEX,Convenience Store,42.397354,-71.130661,,,207469
1204711,V & V Market ,273 S Union St,,Lawrence,MA,01843,2324,ESSEX,Grocery Store,42.695389,-71.153732,,,207481
1556516,Dollar Tree 9510,1195 Granby Rd,,Chicopee,MA,01020,2016,HAMPDEN,Other,42.174942,-72.586143,,,207488
1657244,West Elm Variety,139 W Elm Ave,,Quincy,MA,02170,2411,NORFOLK,Convenience Store,42.275597,-71.011452,,,207495
1556768,Friendly Mini Mart,235 Lafayette St,Ste 1,Salem,MA,01970,4780,ESSEX,Convenience Store,42.511387,-70.891609,,,207557
1556699,CVS/Pharmacy 148,51 Linden St,,Waltham,MA,02452,6117,MIDDLESEX,Other,42.378643,-71.222992,,,207689
1556705,CVS/Pharmacy 714,532 Medford St,,Somerville,MA,02145,2657,MIDDLESEX,Other,42.396881,-71.104317,,,207693
1556713,CVS/Pharmacy 1851,774 Water St,,Framingham,MA,01701,3136,MIDDLESEX,Other,42.32835,-71.435425,,,207700
1555425,5 Star Food Mart,884 Westfield St,,West Springfield,MA,01089,3805,HAMPDEN,Convenience Store,42.104111,-72.638687,,,207733
1555461,Dream Convenience,308 Salem St,,Medford,MA,02155,3312,MIDDLESEX,Convenience Store,42.421326,-71.097992,,,207746
1555492,Campus Market,63 E Main St,Ste 2,Norton,MA,02766,2323,BRISTOL,Convenience Store,41.969967,-71.180077,,,207754
1555496,Nubian Square Farmers Market,149 Dudley St,,Roxbury,MA,02119,3203,SUFFOLK,Farmers and Markets,42.328243,-71.083755,,,207757
1556325,Energy North 3121,423 Merrimack St,,Lawrence,MA,01843,1736,ESSEX,Convenience Store,42.702984,-71.143799,,,207875
1061956,Hari Mart,330 Hathaway Blvd,,New Bedford,MA,02740,2932,BRISTOL,Convenience Store,41.648369,-70.949226,,,207880
1557485,Holbrook Farmers Market NAFMNP,231 Union St,,Holbrook,MA,02343,1495,NORFOLK,Farmers and Markets,42.154819,-71.018242,,,207884
1557496,Global Montello Group Corp. #785 785,822 Fall River Ave,,Seekonk,MA,02771,5802,BRISTOL,Convenience Store,41.80476,-71.330101,,,207900
1183857,Qwik Mart,764 Main St,,Haverhill,MA,01830,2155,ESSEX,Convenience Store,42.797016,-71.088478,,,207901
1573084,The Variety Sore,2 Mazzeo Dr,,Randolph,MA,02368,3402,NORFOLK,Convenience Store,42.164917,-71.056885,,,207928
1557798,Coastal Provisions,142 Arnold St,,New Bedford,MA,02740,3684,BRISTOL,Grocery Store,41.631477,-70.934769,,,207933
1175998,Moody Spa,811 Moody St,,Waltham,MA,02453,5043,MIDDLESEX,Convenience Store,42.362423,-71.238991,,,207961
1599410,Energy North 2138,179 Littleton Rd,,Westford,MA,01886,3103,MIDDLESEX,Convenience Store,42.567093,-71.423897,,,207969
1556403,O'brien Farm NAFMNP,505 Holtshire Rd,,Orange,MA,01364,9732,FRANKLIN,Farmers and Markets,42.551025,-72.321098,,,207980
793436,AMERICA'S FOOD BASKET,942 Hyde Park Ave,,Hyde Park,MA,02136,3269,SUFFOLK,Super Store,42.267616,-71.120888,,,207998
836862,New G & M Grocery,504 Cambridge St,,Worcester,MA,01610,2657,WORCESTER,Convenience Store,42.243484,-71.810089,,,208029
1596118,Mac's Auto Repair & Convenience Store N/A,77 E Main St,,Webster,MA,01570,1709,WORCESTER,Convenience Store,42.057819,-71.870155,,,208079
1590504,Stockbridge Farmers Market NAFMNP,50 Main St,,Stockbridge,MA,01262,9701,BERKSHIRE,Farmers and Markets,42.281174,-73.308456,,,208080
1590757,Tahmir Llc,191 Berkshire Ave,,Springfield,MA,01109,1711,HAMPDEN,Convenience Store,42.127876,-72.535904,,,208085
1268206,Holiday Farm,100 Central St,,Berlin,MA,01503,1214,WORCESTER,Farmers and Markets,42.383202,-71.627579,,,208161
1594395,Alpaca Millis,1105 Main St,,Millis,MA,02054,1404,NORFOLK,Convenience Store,42.163811,-71.368095,,,208164
1599765,J Convenience Store & Laundromat 0,229 N Main St,,Natick,MA,01760,1132,MIDDLESEX,Convenience Store,42.303497,-71.361015,,,208167
995946,Cape Side Convenience,105 Trowbridge Rd,,Buzzards Bay,MA,02532,3615,BARNSTABLE,Convenience Store,41.742439,-70.589851,,,208170
1604335,Sandy Bay Provisions,27 Whistlestop Mall,,Rockport,MA,01966,1437,ESSEX,Convenience Store,42.655109,-70.626854,,,208179
1004920,Golden Goose Market,179 Commercial St,,Boston,MA,02109,1392,SUFFOLK,Other,42.362865,-71.051613,,,208183
1602353,Stoke BBQ Truck,159 Fuller St,,Dorchester Center,MA,02124,4605,SUFFOLK,Restaurant Meals Program,42.281769,-71.073311,,,208185
978827,Joes Market,1132 Robeson St,,Fall River,MA,02720,5508,BRISTOL,Convenience Store,41.715347,-71.140533,,,208212
1681146,Chelmsford Mart,175 Dalton Rd,,Chelmsford,MA,01824,2320,MIDDLESEX,Convenience Store,42.611061,-71.341904,,,208237
1670284,K&K Groceries,104 Chandler Street,R1,Worcester,MA,01609,    ,WORCESTER,Convenience Store,42.260429,-71.810143,,,208266
1670492,The Food Project - Boston Urban Farm,11 Brook Ave,,Roxbury,MA,02119,3308,SUFFOLK,Farmers and Markets,42.32275,-71.073921,,,208268
879822,SUPERMERCADO LATINO,458 Broadway,,Everett,MA,02149,3601,MIDDLESEX,Grocery Store,42.407658,-71.055016,,,208285
1599411,Energy North 2142,3055 Washington St,,Boston,MA,02119,3163,SUFFOLK,Convenience Store,42.316486,-71.098045,,,208289
1244558,Blue Hill Market,1366 Blue Hill Ave,,Mattapan,MA,02126,2250,SUFFOLK,Convenience Store,42.277199,-71.093353,,,208337
961100,J Pace & Sons Inc,190 Main St,,Saugus,MA,01906,4508,ESSEX,Super Store,42.466801,-71.027901,,,208380
1281413,Lucky Mart,122 Main St,,Sturbridge,MA,01566,1276,WORCESTER,Convenience Store,42.0919,-72.066986,,,208485
1244966,Patel Brothers,1190 S Washington St,,North Attleboro,MA,02760,3628,BRISTOL,Other,41.942528,-71.348488,,,208518
1188541,Souza Family Farm,33 Agricultural Ave,,Rehoboth,MA,02769,1513,BRISTOL,Farmers and Markets,41.903797,-71.265953,,,208570
1252423,La Favorita Mini Market,156 High St,,Holyoke,MA,01040,6506,HAMPDEN,Grocery Store,42.208076,-72.606598,,,208611
1000178,7 Eleven  (32460D) 32460D,121 Jersey St,,Boston,MA,02215,5116,SUFFOLK,Convenience Store,42.34251,-71.097031,,,208634
1602031,Donelan's Of Acton 012,248 Great Rd,,Acton,MA,01720,4798,MIDDLESEX,Other,42.494011,-71.417679,,,208639
1306756,Red Apple Food Shop,238 Forest Ave,,Brockton,MA,02301,5950,PLYMOUTH,Convenience Store,42.071083,-71.029663,,,208657
979279,Corner Store,233 Sandwich St,,Plymouth,MA,02360,2434,PLYMOUTH,Convenience Store,41.948181,-70.647346,,,208710
1307978,D & T Market,291 Shirley St,,Winthrop,MA,02152,1238,SUFFOLK,Convenience Store,42.377037,-70.974594,,,208718
1015037,Dodgeville Country Store,408 S Main St,,Attleboro,MA,02703,6400,BRISTOL,Convenience Store,41.922394,-71.292839,,,208779
987350,High Street Market,91 High St,,Haverhill,MA,01832,5434,ESSEX,Grocery Store,42.773422,-71.091614,,,208797
1586104,Farmers World-ware,175 West St,,Ware,MA,01082,1458,HAMPSHIRE,Specialty Store,42.254276,-72.255371,,,208822
1599408,Energy North 2137,1425 Massachusetts Ave,,Boxborough,MA,01719,2204,MIDDLESEX,Convenience Store,42.486286,-71.53997,,,208823
781936,WESTOVER SUPERMART,1782 Westover Rd,,Chicopee,MA,01020,2857,HAMPDEN,Convenience Store,42.18251,-72.568405,,,208848
1241650,Foster Convenience Store Inc. Dba Foster Market,101 Foster St,,Peabody,MA,01960,5933,ESSEX,Grocery Store,42.522411,-70.930626,,,208929
1304793,Hb Gas And Convenience Inc,178 Robeson St,,Fall River,MA,02720,4925,BRISTOL,Convenience Store,41.702515,-71.144714,,,208983
1284354,Stony Hill Farm,899 Stony Hill Rd,,Wilbraham,MA,01095,2249,HAMPDEN,Farmers and Markets,42.111591,-72.457619,,,208986
1132710,Liptonmart Rt. 20 602,320 W Housatonic St,,Pittsfield,MA,01201,6629,BERKSHIRE,Convenience Store,42.443832,-73.269852,,,209100
825889,Cedar Street Market,100 E Main St,,Milford,MA,01757,2704,WORCESTER,Convenience Store,42.148342,-71.509766,,,209129
1194239,Woodrow Food Mart,67 Woodrow Ave,,Dorchester Center,MA,02124,3239,SUFFOLK,Convenience Store,42.287895,-71.08094,,,209271
1282940,Mekong Market,863 Western Ave,,Lynn,MA,01905,2324,ESSEX,Grocery Store,42.459072,-70.969673,,,209286
1304450,7-Eleven 37367A,509 Cambridge St,,Allston,MA,02134,2575,SUFFOLK,Convenience Store,42.353271,-71.138359,,,209297
1693372,Stop And Chill,400 E Main St,,Chicopee,MA,01020,3648,HAMPDEN,Convenience Store,42.157421,-72.571861,,,209303
1289721,Church Green Farmers Market,76 Church Grn,,Taunton,MA,02780,3445,BRISTOL,Farmers and Markets,41.901398,-71.088165,,,209305
1673274,Shaw's 1416,121 Memorial Pkwy,,Randolph,MA,02368,9991,NORFOLK,Supermarket,42.163773,-71.046005,,,209322
965765,S & S Farms & Deli Inc,301 W Boylston St,,West Boylston,MA,01583,2391,WORCESTER,Other,42.342682,-71.78772,,,209346
1039618,Page Convenience,500 Page Blvd,,Springfield,MA,01104,3026,HAMPDEN,Convenience Store,42.138916,-72.561966,,,209400
1285202,Route 6 Fuel Company,204 Marion Rd,,Wareham,MA,02571,1424,PLYMOUTH,Convenience Store,41.754871,-70.732208,,,209430
1276797,7-eleven 32438d 32438D,65 Oak St Ext,,Brockton,MA,02301,1110,PLYMOUTH,Convenience Store,42.100025,-71.064125,,,209605
1283572,Long Hill Orchard,520 Main St,,West Newbury,MA,01985,1114,ESSEX,Farmers and Markets,42.805786,-70.979301,,,209660
1087279,One Stop Food Mart,650 Plymouth St,,East Bridgewater,MA,02333,2054,PLYMOUTH,Convenience Store,42.01619,-70.940498,,,209663
1292147,Breezy Garden II,3 Wire Village Rd,,Spencer,MA,01562,1433,WORCESTER,Farmers and Markets,42.256603,-72.000046,,,209675
1047510,Super Mart,1151 N Main St,,Randolph,MA,02368,2135,NORFOLK,Convenience Store,42.195152,-71.060425,,,209708
1109863,Merills Superatte,62 High St,,Springfield,MA,01105,1802,HAMPDEN,Convenience Store,42.103432,-72.581253,,,209716
996383,Lee's Store,982 Dorchester Ave,,Dorchester,MA,02125,1313,SUFFOLK,Convenience Store,42.317146,-71.05648,,,209727
1063443,Edgemere Mini Mart,1-9 Pineland Ave,,Shrewsbury,MA,01545,    ,WORCESTER,Convenience Store,42.243374,-71.740112,,,209764
1121928,Jia Ho Supermarket,692 Washington St,,Boston,MA,02111,1614,SUFFOLK,Super Store,42.351307,-71.062836,,,209787
1294884,Beef Market,604 Hollis St,,Framingham,MA,01702,8627,MIDDLESEX,Grocery Store,42.260437,-71.422943,,,209806
1137956,Seabra Foods VI Inc.,217 South Main Street,,Attleboro,MA,02703,    ,BRISTOL,Super Store,41.935238,-71.284904,,,209848
849253,Countryfarms,144 E Main St,,Fall River,MA,02724,3358,BRISTOL,Convenience Store,41.688568,-71.166229,,,209849
1287349,Apple Country Market,159 Mechanic St,,Clinton,MA,01510,2904,WORCESTER,Convenience Store,42.415291,-71.683449,,,210010
1079656,Old Creamery Co-Op,445 Berkshire Trl,,Cummington,MA,01026,9610,HAMPSHIRE,Grocery Store,42.464058,-72.905327,,,210017
1306215,7-Eleven 37358A,463 Chelmsford St,,Lowell,MA,01851,4423,MIDDLESEX,Convenience Store,42.627338,-71.32299,,,210030
1215876,Alex Market IV,462 Talbot Ave,,Dorchester,MA,02124,3718,SUFFOLK,Convenience Store,42.288895,-71.066666,,,210069
1213006,Ayer Shop & Save 8811,22 Fitchburg Rd,,Ayer,MA,01432,1004,MIDDLESEX,Supermarket,42.570164,-71.596176,,,210076
1094154,Fresh Truck (Route),176 Norfolk Ave,,Roxbury,MA,02119,3024,SUFFOLK,Other,42.324772,-71.068649,,,210101
1637940,Preservation Orchard And Farm,12 Mount Warner Rd,,Hadley,MA,01035,9645,HAMPSHIRE,Farmers and Markets,42.390667,-72.569374,,,210114
1218357,Berkshire Grown Holiday Farmers' Mkt-Williamstown,508 State St,,North Adams,MA,01247,3767,BERKSHIRE,Farmers and Markets,42.686382,-73.110687,,,210123
898863,Hurricane Energy Inc,22 Waverly St,,Framingham,MA,01702,7130,MIDDLESEX,Convenience Store,42.280262,-71.400787,,,210141
979734,Winter Hill Market,269 Broadway,,Somerville,MA,02145,2005,MIDDLESEX,Convenience Store,42.391594,-71.090942,,,210189
1117039,El Colmadon Market,64 Franklin St,,Lynn,MA,01902,4108,ESSEX,Convenience Store,42.465931,-70.955467,,,210225
1578461,Kelly Homestead Apiary NAFMNP,167 Carpenter Hill Rd,,Charlton,MA,01507,5227,WORCESTER,Farmers and Markets,42.123852,-71.998962,,,210246
1001877,Dee's Corner,37 Essex St,,Lynn,MA,01902,1752,ESSEX,Convenience Store,42.475143,-70.927818,,,210250
1123269,Veronica's Market,160 Trenton St,,Boston,MA,02128,2537,SUFFOLK,Grocery Store,42.380108,-71.033478,,,210265
1596144,Flor Farm Foodies,24 Jones Ferry Rd,,Holyoke,MA,01040,5308,HAMPDEN,Farmers and Markets,42.171715,-72.630898,,,210346
884600,Honeyland Farms,251 Main St,,Townsend,MA,01469,1000,MIDDLESEX,Convenience Store,42.666344,-71.704659,,,210416
1587244,Shami's Corner Mart Llc,154 Catharine St,,Springfield,MA,01109,3508,HAMPDEN,Grocery Store,42.115448,-72.567558,,,210436
1139707,Quick Stop,293 Watertown St,,Newton,MA,02458,1316,MIDDLESEX,Convenience Store,42.36116,-71.198677,,,210446
891374,GOOD HEALTH INC.,219 Columbia Rd,,Hanover,MA,02339,2321,PLYMOUTH,Supermarket,42.113216,-70.817764,,,210466
1292257,Tejada Market,720 Chicopee St,,Chicopee,MA,01013,2748,HAMPDEN,Convenience Store,42.18642,-72.608604,,,210483
1070206,Foodies South Boston LLC,230 W Broadway,,Boston,MA,02127,1996,SUFFOLK,Super Store,42.339653,-71.052116,,,210562
1086658,Lukoil,397 Middlesex Rd,,Tyngsboro,MA,01879,1033,MIDDLESEX,Convenience Store,42.694061,-71.435226,,,210695
1249603,Shin Shin Oriental Grocery,603 S Union St,,Lawrence,MA,01843,3724,ESSEX,Grocery Store,42.685867,-71.15274,,,210751
1191115,Summit Shell,853 W Boylston St,,Worcester,MA,01606,3032,WORCESTER,Convenience Store,42.32291,-71.794418,,,210764
1153604,Rt 114 Citgo,105 North St,,Salem,MA,01970,2544,ESSEX,Convenience Store,42.526466,-70.900917,,,210781
1263918,Littleton Convenience,12 Jennifer St,,Littleton,MA,01460,1709,MIDDLESEX,Convenience Store,42.544922,-71.474648,,,210821
1288052,Oxford Market,676 Main St,,North Oxford,MA,01537,1304,WORCESTER,Convenience Store,42.159763,-71.883896,,,210868
1179333,7 Eleven 34499A,29 Bridge St,,Dedham,MA,02026,1742,NORFOLK,Convenience Store,42.270191,-71.174026,,,210874
1315066,Wright Locke Farm Stand,78 Ridge St,,Winchester,MA,01890,3626,MIDDLESEX,Farmers and Markets,42.441502,-71.174957,,,210897
1042695,City Feed And Supply 2,672 Centre St,,Jamaica Plain,MA,02130,2507,SUFFOLK,Other,42.312382,-71.113968,,,210903
1106104,Highland Convenience Mart,37A Crest Ave,,Winthrop,MA,02152,1010,SUFFOLK,Convenience Store,42.385742,-70.975067,,,210907
1673231,Paradise Market Inc,517 Warren St,,Dorchester,MA,02121,1826,SUFFOLK,Grocery Store,42.313389,-71.083809,,,210909
1141940,Newburyport Richdale,62 State St,,Newburyport,MA,01950,6613,ESSEX,Convenience Store,42.809746,-70.870399,,,210931
1529549,Victory Programs Revision Urban Farm,38 Fabyan St,,Dorchester Center,MA,02124,2708,SUFFOLK,Farmers and Markets,42.289776,-71.091179,,,211023
1529557,Market Basket 93,200 Hartford Turnpike,,Shrewsbury,MA,01545,    ,WORCESTER,Super Store,42.247196,-71.724701,,,211026
1529624,Bombeta Farms,58 Ellen St,,Leominster,MA,01453,2306,WORCESTER,Farmers and Markets,42.545765,-71.757034,,,211049
1255319,Citgo Food Mart,650 Suffield St,,Agawam,MA,01001,2372,HAMPDEN,Convenience Store,42.067406,-72.631516,,,211130
772068,7-ELEVEN 32473D,582 Broadway,,Somerville,MA,02145,2563,MIDDLESEX,Convenience Store,42.398319,-71.108421,,,211131
958191,Townhouse News,182D Old Townhouse Rd,,South Yarmouth,MA,02664,    ,BARNSTABLE,Convenience Store,41.687065,-70.19136,,,211168
1120969,Cruz Market,237 Bowdoin St,,Dorchester,MA,02122,1809,SUFFOLK,Convenience Store,42.305969,-71.06723,,,211355
1171273,Kwik Stop,55 Schofield Ave,,Dudley,MA,01571,3443,WORCESTER,Convenience Store,42.043201,-71.890617,,,211357
1229997,A&J Grocery 2,242 High St,,Clinton,MA,01510,2532,WORCESTER,Grocery Store,42.419754,-71.68438,,,211389
1249320,Mashpee Minimart,401 Nathan Ellis Hwy,,Mashpee,MA,02649,6005,BARNSTABLE,Convenience Store,41.616058,-70.516975,,,211400
1013531,Racing Mart Fuels,582 South St,,Holyoke,MA,01040,3604,HAMPDEN,Convenience Store,42.194813,-72.628479,,,211408
1064012,Petro Mart 2 Inc,258 Orchard St,,New Bedford,MA,02740,3273,BRISTOL,Convenience Store,41.626225,-70.929733,,,211412
860896,Canton Market,569 Washington St,,Canton,MA,02021,3013,NORFOLK,Convenience Store,42.152939,-71.146553,,,211507
1352363,Nouria 1066,128 Turnpike Rd,,Westborough,MA,01581,2804,WORCESTER,Convenience Store,42.284649,-71.607307,,,211509
1529917,Palmers Inc,221 Elm St,,Pittsfield,MA,01201,6515,BERKSHIRE,Convenience Store,42.443657,-73.235359,,,211644
1650738,La Bodeguita De Yolanda,34 Boston St,,Salem,MA,01970,2146,ESSEX,Grocery Store,42.518608,-70.907448,,,211687
1262917,Waniewski Farms Inc.,409 S Westfield St,,Feeding Hills,MA,01030,2721,HAMPDEN,Grocery Store,42.051823,-72.675797,,,211736
1171334,Convenient Food Mart,1237 Washington St,,Norwood,MA,02062,4003,NORFOLK,Convenience Store,42.175266,-71.207443,,,211776
1284885,Lucky Mini Mart,26 High St,,Middleboro,MA,02346,2127,PLYMOUTH,Convenience Store,41.892902,-70.915962,,,211848
1188566,Russell Orchards,143 Argilla Rd,,Ipswich,MA,01938,2644,ESSEX,Specialty Store,42.665218,-70.801193,,,211890
1176588,City Food Mart,571 Broadway,,Chelsea,MA,02150,2999,SUFFOLK,Convenience Store,42.393986,-71.031898,,,211951
1079610,One Stop Mart,33 Pleasant St,,Malden,MA,02148,5106,MIDDLESEX,Convenience Store,42.426922,-71.068016,,,211996
1187368,Ludlow Smokeshop & Convenience,246 East St,,Ludlow,MA,01056,3038,HAMPDEN,Convenience Store,42.158566,-72.475945,,,212047
1190460,Weymouth Farmers Market,1 Wildcat Way,,South Weymouth,MA,02190,2664,NORFOLK,Farmers and Markets,42.181183,-70.946075,,,212059
1269627,Golden Marketing Inc Dba /safy 2,18 Pleasant St,,Malden,MA,02148,5110,MIDDLESEX,Other,42.42646,-71.067764,,,212072
1179221,Boskis Market,291 Burncoat St,,Worcester,MA,01606,2144,WORCESTER,Convenience Store,42.306244,-71.789169,,,212130
1031259,Ganesh Market LLC  DBA/ Pam's Market,210 Pleasant St,,Norwood,MA,02062,4811,NORFOLK,Convenience Store,42.190216,-71.191711,,,212147
1248585,7-eleven 34389,43 Revere St,,Winthrop,MA,02152,1624,SUFFOLK,Convenience Store,42.381996,-70.980751,,,212177
1270675,Country Mart I I,54 Union St,,Westfield,MA,01085,2439,HAMPDEN,Convenience Store,42.131336,-72.739952,,,212227
1028117,Route 6A Convenience Store,422 Route 6A,,East Sandwich,MA,02537,1440,BARNSTABLE,Convenience Store,41.739376,-70.443909,,,212228
776099,7-ELEVEN 33550A,275 Prospect St,,Cambridge,MA,02139,1217,MIDDLESEX,Convenience Store,42.371979,-71.09919,,,212293
1060532,Two Brothers Market II,245 Revere St,,Revere,MA,02151,    ,SUFFOLK,Grocery Store,42.417431,-71.000343,,,212303
1530589,Dugout Supermarket,600 Blue Hill Ave,,Dorchester,MA,02121,3211,SUFFOLK,Grocery Store,42.303829,-71.084709,,,212327
1530616,Supreme Gas,175 State Rd,,Westport,MA,02790,3510,BRISTOL,Convenience Store,41.67495,-71.108452,,,212337
1530641,Charles Caribbean Super Market,145 Main St,,Everett,MA,02149,5713,MIDDLESEX,Grocery Store,42.40575,-71.061615,,,212344
1530658,Lucky Mart,1499 Acushnet Ave,,New Bedford,MA,02746,2225,BRISTOL,Convenience Store,41.661694,-70.92852,,,212350
1530671,Family Farms 2,304 Belmont St,,Worcester,MA,01604,1667,WORCESTER,Convenience Store,42.273453,-71.768425,,,212353
1530678,Cape Cod Farms,14 E Main St,,West Yarmouth,MA,02673,8107,BARNSTABLE,Convenience Store,41.657551,-70.270111,,,212358
1530688,Family Farms 3,341 Grove St,,Worcester,MA,01605,3905,WORCESTER,Convenience Store,42.284157,-71.807709,,,212364
1001665,El Valle De La Sultana Market Inc,123 Bennington St,,Boston,MA,02128,1708,SUFFOLK,Grocery Store,42.376614,-71.03437,,,212416
1287917,Salem Shell,111 North St,,Salem,MA,01970,2544,ESSEX,Convenience Store,42.526775,-70.901924,,,212421
755985,7-Eleven 37485A 385,495 Washington St,,Quincy,MA,02169,5834,NORFOLK,Convenience Store,42.24741,-70.981384,,,212448
1677254,Mi Guate Store 1,411 Essex St,,Lynn,MA,01902,3904,ESSEX,Grocery Store,42.468319,-70.943039,,,212454
1578125,New Deal Fish Market Inc.,622 Cambridge St,,Cambridge,MA,02141,1123,MIDDLESEX,Grocery Store,42.371746,-71.086792,,,212505
1192095,Carew Mini Market,158 Carew St,,Springfield,MA,01104,3405,HAMPDEN,Convenience Store,42.113419,-72.59745,,,212528
832496,Emely Market,168 Eastern Ave,,Springfield,MA,01109,    ,HAMPDEN,Grocery Store,42.105953,-72.563171,,,212565
1268417,Star Country Store & Deli,526 Sanford Rd,,Westport,MA,02790,3726,BRISTOL,Convenience Store,41.651237,-71.107033,,,212603
1283600,Macarthur Farm 2,74 Highland St,,Holliston,MA,01746,1166,MIDDLESEX,Farmers and Markets,42.229885,-71.456703,,,212633
1090848,The Station Grocery,9 Maverick Sq,,Boston,MA,02128,2312,SUFFOLK,Convenience Store,42.368999,-71.039352,,,212635
1089145,Shell Mart,48 Madison St,,Worcester,MA,01608,2026,WORCESTER,Convenience Store,42.258717,-71.803352,,,212679
1006318,East Boston Variety,3 Gladstone St,,Boston,MA,02128,2612,SUFFOLK,Convenience Store,42.389214,-70.999458,,,212680
1053030,Kanes Shell Inc,380 Southbridge St,,Auburn,MA,01501,2456,WORCESTER,Convenience Store,42.204216,-71.837265,,,212688
1264462,Lindy's General Store,971 Webster St,,Hanover,MA,02339,1106,PLYMOUTH,Convenience Store,42.142532,-70.884804,,,212774
1252464,Sams Market,500 River St,,Mattapan,MA,02126,2211,SUFFOLK,Convenience Store,42.267864,-71.093193,,,212791
962795,Short Stop Market,464 E Ashland St,,Brockton,MA,02302,2107,PLYMOUTH,Convenience Store,42.098537,-70.998802,,,212803
1646969,Speedway 2518,24 North Beacon St,,Watertown,MA,02472,2613,MIDDLESEX,Convenience Store,42.364849,-71.181343,,,212816
1216552,7-Eleven 34418a 34418a,342 Hanover Street,,Boston,MA,02113,    ,SUFFOLK,Convenience Store,42.364872,-71.053436,,,212849
1351525,Alltown Fresh 647,22 Long Pond Rd,,Plymouth,MA,02360,2606,PLYMOUTH,Convenience Store,41.933716,-70.657509,,,212888
1051542,Yogi's Variety,698 Broadway,,Chelsea,MA,02150,2511,SUFFOLK,Convenience Store,42.395973,-71.028778,,,213027
1286181,Corner Food Mart,640 Main St,,Hyannis,MA,02601,5422,BARNSTABLE,Convenience Store,41.648876,-70.291466,,,213044
1308047,Benson Place NAFMNP,182 Flagg Hill Rd,,Heath,MA,01346,1000,FRANKLIN,Farmers and Markets,42.652496,-72.802757,,,213066
1304681,Silverbrook Farm,592 Chase Rd,,North Dartmouth,MA,02747,1014,BRISTOL,Farmers and Markets,41.59565,-71.003136,,,213092
1268339,New Bangkok Market,179 Chelmsford St,,Lowell,MA,01851,3308,MIDDLESEX,Supermarket,42.634544,-71.317902,,,213122
1242610,Amaros Market Inc.,508 Middleboro Ave,,East Taunton,MA,02718,1103,BRISTOL,Convenience Store,41.88242,-71.027313,,,213170
1214167,Codman Square Market N/A,331 Centre St,,Jamaica Plain,MA,02130,1253,SUFFOLK,Grocery Store,42.322887,-71.105003,,,213205
1022146,7 Eleven 32461,650 Mount Auburn St,,Watertown,MA,02472,2019,MIDDLESEX,Convenience Store,42.371445,-71.157753,,,213235
1284333,East Mountain Farm,582 Henderson Rd,,Williamstown,MA,01267,2214,BERKSHIRE,Farmers and Markets,42.738537,-73.181778,,,213326
1241728,Bins Mart,309 Whittenton St,,Taunton,MA,02780,1336,BRISTOL,Convenience Store,41.923286,-71.101288,,,213355
1168175,Sam's Food Store 1124,261 Main St,,Buzzards Bay,MA,02532,3232,BARNSTABLE,Convenience Store,41.750336,-70.601372,,,213374
1306203,Sunbow 5 Foundation,35 Huntington Rd,,Hadley,MA,01035,9601,HAMPSHIRE,Farmers and Markets,42.36536,-72.575706,,,213391
1589627,Clinton Family Meat Market,270 High St,,Clinton,MA,01510,2532,WORCESTER,Grocery Store,42.420147,-71.684807,,,213434
877179,International & Natural Bakery,30 Wallingford Rd,Ofc,Brighton,MA,02135,4735,SUFFOLK,Grocery Store,42.34219,-71.152107,,,213497
1667209,Kwahu Market,687 Millbury St,Apt 5,Worcester,MA,01607,1062,WORCESTER,Other,42.238403,-71.797981,,,213508
1168571,Vitoria Meat Market,475 Ferry St,,Everett,MA,02149,5661,MIDDLESEX,Supermarket,42.41856,-71.051567,,,213527
1273940,A&t Inc Dba Top Dollar Plus 2,112 Tacoma St,,Worcester,MA,01605,3521,WORCESTER,Grocery Store,42.30653,-71.76963,,,213535
1674760,East Main Street Gas & Market LLC 517,138 E Main St,,Webster,MA,01570,1712,WORCESTER,Convenience Store,42.059746,-71.864113,,,213543
1304306,Winter Moon Roots,113 Bay Rd,,Hadley,MA,01035,9720,HAMPSHIRE,Farmers and Markets,42.333851,-72.584198,,,213580
1105876,Just Roots,34 Glenbrook Dr,Apt 1B,Greenfield,MA,01301,9722,FRANKLIN,Farmers and Markets,42.642929,-72.611427,,,213610
1555301,Bavaro Market Corporation,486 Howard St,,Lawrence,MA,01841,2124,ESSEX,Convenience Store,42.714561,-71.149208,,,213614
1235078,Central Convenience,395 Bowdoin St,,Dorchester,MA,02122,1801,SUFFOLK,Convenience Store,42.309982,-71.063248,,,213620
1009108,Long Life Farm,205 Winter St,,Hopkinton,MA,01748,2005,MIDDLESEX,Farmers and Markets,42.214413,-71.567032,,,213637
1128069,Good Fortune Supermarket Of Quincy Inc,226 Quincy Ave,,Quincy,MA,02169,6741,NORFOLK,Super Store,42.241276,-70.990829,,,213686
926718,Boston Maintenance Supply Inc/BMS Paper,3390 Washington St,,Jamaica Plain,MA,02130,2612,SUFFOLK,Other,42.308247,-71.105232,,,213775
944982,Hong Kong Supermarket of Malden LLC 3,188 Commercial St,,Malden,MA,02148,6709,MIDDLESEX,Super Store,42.421673,-71.073944,,,213783
1297039,Quick Mart,246 Elliott St,,Beverly,MA,01915,2419,ESSEX,Convenience Store,42.556114,-70.8909,,,213840
1022143,Forestdale Mobil Inc,80 Route 130,,Forestdale,MA,02644,1405,BARNSTABLE,Convenience Store,41.686455,-70.505463,,,213944
1251905,Fuentes Market & Liquors,678 Parker St,,Roxbury Crossing,MA,02120,3018,SUFFOLK,Grocery Store,42.332493,-71.096588,,,213946
1570010,Yanelis Mini Mart,229 Lewis St,,Lynn,MA,01902,4801,ESSEX,Convenience Store,42.464554,-70.934387,,,214021
1531909,Sunoco Foxboro,105 Main St,,Foxboro,MA,02035,1838,NORFOLK,Convenience Store,42.072395,-71.257736,,,214093
1580974,Big Apple Market And Deli 1,294 Littelton Road,,Westford,MA,01886,    ,MIDDLESEX,Convenience Store,42.555038,-71.440376,,,214132
1694507,Quick Trip Mini Mart,753 Dwight St,,Holyoke,MA,01040,4448,HAMPDEN,Convenience Store,42.209435,-72.611549,,,214141
1137011,Pearl Street Mart,303 N Pearl St,,Brockton,MA,02301,1718,PLYMOUTH,Convenience Store,42.09943,-71.066017,,,214144
1672077,Smoke N Munch,889 Carew St,,Springfield,MA,01104,2522,HAMPDEN,Convenience Store,42.127583,-72.581444,,,214161
1262009,J & I Variety,742 Washington St,,Stoughton,MA,02072,4200,NORFOLK,Convenience Store,42.125763,-71.101967,,,214202
1034690,Korbanis Bakery Inc,77 Swan St,,Methuen,MA,01844,5047,ESSEX,Grocery Store,42.722843,-71.157814,,,214212
1296376,Foppema's Farm And Orchard,10 McClellan Rd,,Sutton,MA,01590,2986,WORCESTER,Farmers and Markets,42.159809,-71.71302,,,214224
1531120,ALDI 73085,235 E Main St,,Westfield,MA,01085,3307,HAMPDEN,Supermarket,42.113808,-72.730843,,,214279
1531121,ALDI 73146,100 Independence Way,,Danvers,MA,01923,3626,ESSEX,Supermarket,42.552971,-70.940193,,,214280
1531139,Dollar Tree 9269,525 Turnpike St,,North Andover,MA,01845,5815,ESSEX,Other,42.665821,-71.117035,,,214293
1196188,Sumner Market,345 Sumner St,,Boston,MA,02128,2217,SUFFOLK,Convenience Store,42.366913,-71.035439,,,214333
1281780,River Street Gardens,273 River St,,Halifax,MA,02338,1710,PLYMOUTH,Farmers and Markets,41.972225,-70.880508,,,214394
1531302,Farmers' Market South Hadley,123 Willimansett St,,South Hadley,MA,01075,3038,HAMPSHIRE,Farmers and Markets,42.218163,-72.572762,,,214427
1284833,Shawmut Grocery,614 Shawmut Ave,,Boston,MA,02118,3218,SUFFOLK,Grocery Store,42.335545,-71.080574,,,214490
1294729,Friends Of Holly Hill Farm,236 Jerusalem Rd,,Cohasset,MA,02025,1109,NORFOLK,Farmers and Markets,42.25631,-70.814034,,,214544
1247484,Tewksbury Mobil,1785 Andover St,,Tewksbury,MA,01876,1129,MIDDLESEX,Convenience Store,42.642757,-71.23645,,,214572
1574044,JGB Supermarket & Restaurant,420 Washington St,,Haverhill,MA,01832,5780,ESSEX,Grocery Store,42.769615,-71.09481,,,214579
1302323,Liban D'or LLC,45 Hampshire St,,Methuen,MA,01844,6882,ESSEX,Grocery Store,42.728413,-71.189819,,,214599
1152589,7 Eleven 25059C,78 Franklin St,,Quincy,MA,02169,7824,NORFOLK,Convenience Store,42.24147,-71.00309,,,214630
1299352,Carribean Supermarket,4 Broadway,,Methuen,MA,01844,3811,ESSEX,Supermarket,42.718227,-71.179192,,,214651
1284877,J & J Variety Store,69 Franklin St,,Westfield,MA,01085,2229,HAMPDEN,Convenience Store,42.125496,-72.752823,,,214658
1531508,Ultramart Convenience,193 Central St,,Leominster,MA,01453,6113,WORCESTER,Convenience Store,42.519077,-71.758766,,,214690
1531552,Quick Food Mart,1253 Cambridge St,,Cambridge,MA,02139,1338,MIDDLESEX,Convenience Store,42.373596,-71.098412,,,214727
1582346,Chatham Market,301 Chatham St,,Lynn,MA,01902,2133,ESSEX,Convenience Store,42.475834,-70.938599,,,214731
1090767,Weatherheads Convenience Store,63 French King Hwy,,Erving,MA,01344,4461,FRANKLIN,Convenience Store,42.586975,-72.489281,,,214752
1575244,Rei Do Gado Market,157 Main St,,Hudson,MA,01749,2215,MIDDLESEX,Grocery Store,42.391129,-71.565102,,,214754
1578888,7eleven 11506,173 Cambridge Rd,,Woburn,MA,01801,4703,MIDDLESEX,Convenience Store,42.468113,-71.179199,,,214788
1280384,Jaeschke's Orchard,23 Gould Rd,,Adams,MA,01220,1050,BERKSHIRE,Farmers and Markets,42.626598,-73.13681,,,214814
1261829,Jackie's Market LLC,651 Broadway,,Lawrence,MA,01841,2402,ESSEX,Convenience Store,42.717651,-71.178589,,,214834
1297328,Sibling Organic Crops 841,187 Battles St,,Brockton,MA,02301,2208,PLYMOUTH,Farmers and Markets,42.098141,-71.028076,,,214938
867855,Holbrook Food Mart,855 S Franklin St,,Holbrook,MA,02343,2035,NORFOLK,Convenience Store,42.127064,-71.009529,,,214964
983041,Village Market,387 Main St S,,Barre,MA,01005,9005,WORCESTER,Convenience Store,42.379513,-72.107956,,,215002
1687769,Danaly's Market Inc,227 Union St,,Lynn,MA,01901,1312,ESSEX,Grocery Store,42.46603,-70.942856,,,215007
1291719,P. K.  Industries DMF,32 High St,,Turners Falls,MA,01376,1708,FRANKLIN,Farmers and Markets,42.602386,-72.558365,,,215073
1094018,Get-n-go,152 Highland Ave,,Somerville,MA,02143,1619,MIDDLESEX,Convenience Store,42.388199,-71.103249,,,215081
1294480,Copicut Farms,11 Copicut Rd,,North Dartmouth,MA,02747,1126,BRISTOL,Farmers and Markets,41.695518,-71.04026,,,215122
1051896,Quick Food Mart,490 Shirley St,,Winthrop,MA,02152,1374,SUFFOLK,Convenience Store,42.372478,-70.970711,,,215177
1342045,US Mini Mart,461 Coggeshall St,,New Bedford,MA,02746,1698,BRISTOL,Convenience Store,41.655636,-70.932617,,,215182
1264525,7-eleven 37501a 37501A,2280 Main St,,Tewksbury,MA,01876,3128,MIDDLESEX,Convenience Store,42.580681,-71.19442,,,215210
1683932,Richland Convenience Store,332 Nahant Road,,Nahant,MA,01908,    ,ESSEX,Convenience Store,42.424259,-70.914223,,,215223
1191529,International Halal Market,1433 Tremont St,,Roxbury Crossing,MA,02120,3403,SUFFOLK,Grocery Store,42.331882,-71.096428,,,215309
1112687,Richdale Convenience Store,272 Lynn St,,Peabody,MA,01960,6517,ESSEX,Convenience Store,42.498524,-70.954079,,,215391
1233186,Sams,392 Main St,,Sturbridge,MA,01566,1083,WORCESTER,Convenience Store,42.11129,-72.094566,,,215450
1217444,Ahnab Enterprise / Market Square Convenience,2 Market Sq,,Lynn,MA,01905,2422,ESSEX,Grocery Store,42.462692,-70.963234,,,215579
982110,A V's Market,890 Waverly St,,Framingham,MA,01702,6844,MIDDLESEX,Convenience Store,42.273815,-71.435356,,,215647
940341,Speedway 2464,318 Main St,,Hanson,MA,02341,1949,PLYMOUTH,Convenience Store,42.042747,-70.853577,,,215665
1278767,Rainbow Harvest Farm,178 Conway St,,Greenfield,MA,01301,2312,FRANKLIN,Farmers and Markets,42.594616,-72.608612,,,215692
1686357,Shop & Go,326 Salem Rd,,Billerica,MA,01821,2121,MIDDLESEX,Convenience Store,42.570461,-71.220596,,,215787
1378285,Quick Pic,1 Chace Rd,Unit 6,East Freetown,MA,02717,1237,BRISTOL,Convenience Store,41.770283,-70.956825,,,215974
1664129,Romerito Liquors Inc ,168 Belgrade Ave,,Roslindale,MA,02131,2433,SUFFOLK,Convenience Store,42.286129,-71.137032,,,216011
1666317,7-eleven 37386A,533 W Central St,,Franklin,MA,02038,2949,NORFOLK,Convenience Store,42.090179,-71.419136,,,216012
1106165,Ez Mart,1672 Main St,,Agawam,MA,01001,2577,HAMPDEN,Convenience Store,42.036686,-72.617378,,,216083
1286721,Raja Mart,286 Southampton Rd,,Westfield,MA,01085,1321,HAMPDEN,Convenience Store,42.148453,-72.728638,,,216101
845365,Joe's Gas,277 Nash Rd,,New Bedford,MA,02746,1838,BRISTOL,Convenience Store,41.666561,-70.932747,,,216133
1153297,Delight Corner,32-34 Oxford Street,,Boston,MA,02111,    ,SUFFOLK,Grocery Store,42.351555,-71.060287,,,216156
1532159,M & A Convenience,229 Eastern Ave,,Fall River,MA,02723,2437,BRISTOL,Convenience Store,41.694103,-71.131042,,,216194
1282246,Terra Nossa Inc,1040 N Montello St,,Brockton,MA,02301,1693,PLYMOUTH,Grocery Store,42.11216,-71.027153,,,216342
978129,Four Corners Convenience Store,4 S Main St,,Mansfield,MA,02048,2516,BRISTOL,Convenience Store,42.024319,-71.216202,,,216343
1149006,Health Products Shop,440 Main St,1fl,West Springfield,MA,01089,3905,HAMPDEN,Convenience Store,42.102661,-72.610542,,,216358
745216,Richdale Dairy,54 W Wyoming Ave,,Melrose,MA,02176,3745,MIDDLESEX,Convenience Store,42.451984,-71.069862,,,216515
849996,Cidade's Service Station,57 Rodney French Blvd,,New Bedford,MA,02744,1601,BRISTOL,Convenience Store,41.614159,-70.919411,,,216523
1673083,Stop & Shop 3,235 Old Connecticut Path,Ste 003,Framingham,MA,01701,    ,MIDDLESEX,Supermarket,42.306015,-71.401016,,,216533
1665931,Stop N Save,345 Robeson St,,Fall River,MA,02720,8188,BRISTOL,Convenience Store,41.704746,-71.143562,,,216542
931165,Skips Country Store No,801 Haverhill St,,Rowley,MA,01969,2451,ESSEX,Convenience Store,42.703262,-70.941994,,,216548
1627105,Sunoco Gas,2942 Acushnet Ave,,New Bedford,MA,02745,1618,BRISTOL,Convenience Store,41.699692,-70.935402,,,216551
1004242,Charlies Mini Mart,36 School St,,Milford,MA,01757,2060,WORCESTER,Convenience Store,42.14262,-71.519508,,,216564
1276084,The Farm Market At Mill No. 5,250 Jackson St,Apt 401,Lowell,MA,01852,2168,MIDDLESEX,Farmers and Markets,42.641392,-71.312508,,,216615
1673098,Wegmans 58,9102 Shops Way,,Northborough,MA,01532,4107,WORCESTER,Supermarket,42.29129,-71.670502,,,216638
1102684,Sayar Food Market,3 Everett St,Unit 3E,Revere,MA,02151,5934,SUFFOLK,Super Store,42.409977,-71.001007,,,216696
1281875,Y&k Mini Market,248 Market St,,Brighton,MA,02135,2249,SUFFOLK,Grocery Store,42.354256,-71.150246,,,216752
1085343,Muldoons Mini Mart,1411A Phillips Rd,,New Bedford,MA,02745,1941,BRISTOL,Convenience Store,41.707169,-70.946953,,,216758
1109814,Aguasvivas Market Inc,926 Morton St,,Mattapan,MA,02126,2411,SUFFOLK,Grocery Store,42.280518,-71.082886,,,216780
1002380,Spot Pond Mobil,2 South St,,Stoneham,MA,02180,2827,MIDDLESEX,Convenience Store,42.466049,-71.100449,,,216826
1058179,Country Corner Citgo Inc,118 W Main St,,West Brookfield,MA,01585,2820,WORCESTER,Convenience Store,42.233295,-72.153229,,,216839
976263,Station Liquors,21 E Water St,,Rockland,MA,02370,1826,PLYMOUTH,Convenience Store,42.127632,-70.914169,,,216841
1283619,East Street Farm,460 East St,,Tewksbury,MA,01876,1945,MIDDLESEX,Farmers and Markets,42.612686,-71.213463,,,216848
1263079,T&T Convenience Mart,4 Putnam St,,Winthrop,MA,02152,2904,SUFFOLK,Convenience Store,42.376106,-70.986496,,,216940
1293326,Hassey's Grocery,235 East St,,Methuen,MA,01844,5463,ESSEX,Grocery Store,42.72636,-71.140823,,,216981
1116093,Vincent's Country Store,109 Main St,,Westminster,MA,01473,1446,WORCESTER,Grocery Store,42.546173,-71.913162,,,217074
1294505,One Stop Mart,636 Kings Hwy,,West Springfield,MA,01089,2342,HAMPDEN,Convenience Store,42.10746,-72.64624,,,217132
1132705,Liptonmart South St. 601,460 South St,,Pittsfield,MA,01201,8215,BERKSHIRE,Convenience Store,42.434124,-73.258163,,,217197
1532474,Up Island Cronig's,469 State Rd,,West Tisbury,MA,02575,5498,DUKES,Super Store,41.417633,-70.667549,,,217207
1533029,Ams Food Mart 1,2307 S Main St,,Fall River,MA,02724,2011,BRISTOL,Convenience Store,41.677204,-71.180672,,,217211
1344333,Nouria 1021,79-81 High St,,Danvers,MA,01923,    ,ESSEX,Convenience Store,42.560989,-70.932381,,,217264
1280589,Cape Cod Organic Farm Inc.,3675 Main St,,Barnstable,MA,02630,1702,BARNSTABLE,Farmers and Markets,41.700443,-70.288063,,,217282
1089206,Phu Cuong Market,1188 Dorchester Ave,,Dorchester,MA,02125,1503,SUFFOLK,Super Store,42.310196,-71.057808,,,217375
1289272,Citgo Mart,75 Main St,,Fitchburg,MA,01420,7806,WORCESTER,Convenience Store,42.581802,-71.792671,,,217404
1533115,Erfan's Market,219 Dudley St,,Roxbury,MA,02119,2503,SUFFOLK,Convenience Store,42.328388,-71.080681,,,217496
1532594,1995 Winthrop Llc,1995 Winthrop St,,North Dighton,MA,02764,1109,BRISTOL,Convenience Store,41.873787,-71.181992,,,217522
1532607,V & D Variety,365 Adams St,,Dorchester,MA,02122,1233,SUFFOLK,Convenience Store,42.297054,-71.056793,,,217545
1044320,White Dove Pantry,910 Andover St,Ste 1,Tewksbury,MA,01876,1090,MIDDLESEX,Convenience Store,42.646839,-71.271111,,,217583
1069350,Patriot Gas,251 W Main St,,Dudley,MA,01571,5940,WORCESTER,Convenience Store,42.035976,-71.919823,,,217586
1532698,Quick Stop Shop ,250 E Main St,,Norton,MA,02766,2436,BRISTOL,Convenience Store,41.986393,-71.156769,,,217634
846523,Taunton Service & Convenience Express,48 Broadway,,Taunton,MA,02780,3121,BRISTOL,Convenience Store,41.904152,-71.093971,,,217782
1532262,Great Convenience 0617196,501 Main St,,Saugus,MA,01906,3157,ESSEX,Convenience Store,42.480381,-71.041176,,,217921
1532324,7-eleven 32429B,115 Broadway,,Chelsea,MA,02150,2608,SUFFOLK,Convenience Store,42.388695,-71.041031,,,217944
1532338,Cronig's Market ,357 State Rd,,Vineyard Haven,MA,02568,5620,DUKES,Super Store,41.448009,-70.615601,,,217949
1293703,7-eleven 37526A,1227 Commonwealth Ave,,Allston,MA,02134,3501,SUFFOLK,Convenience Store,42.350613,-71.130936,,,218174
1061809,Cedars Food Mart & Grill,405 Armory St,Ste 1,Springfield,MA,01104,2356,HAMPDEN,Grocery Store,42.120316,-72.585968,,,218185
1694430,Quick Trip Mini Mart,753 Dwight St,,Holyoke,MA,01040,4448,HAMPDEN,Convenience Store,42.209435,-72.611549,,,218247
968202,Unified Cup Stop Inc,592 N Main St,,Leominster,MA,01453,1806,WORCESTER,Convenience Store,42.551517,-71.765244,,,218283
1210074,Kristina market,502 Riverside Ave,,Medford,MA,02155,4947,MIDDLESEX,Convenience Store,42.409973,-71.085304,,,218348
1014470,Kwik Pik Convenience,557 SW Cutoff,Ste 1,Worcester,MA,01607,1752,WORCESTER,Convenience Store,42.212105,-71.797096,,,218354
1300104,Ez Convenience,644 Washington Ave,,Chelsea,MA,02150,3636,SUFFOLK,Convenience Store,42.411877,-71.031448,,,218565
1050496,Dan's Convenient Mart,103 Hancock St,,Everett,MA,02149,2802,MIDDLESEX,Grocery Store,42.413471,-71.055473,,,218575
1105668,Amigos Grocery Store,86 Broadway,,Somerville,MA,02145,3321,MIDDLESEX,Grocery Store,42.386955,-71.082306,,,218623
1091194,Central Convenience,472 Mystic Ave,,Somerville,MA,02145,1703,MIDDLESEX,Convenience Store,42.395817,-71.089798,,,218676
968772,Mr Gas & Mini Market 30726,1600 Tremont St,,Roxbury Crossing,MA,02120,1613,SUFFOLK,Convenience Store,42.33366,-71.103394,,,218719
1687902,Ici C'est Chez Nous N/A,1 Greenwood St,,Worcester,MA,01607,1515,WORCESTER,Other,42.231804,-71.793907,,,218825
1653762,Enanas Market Iii Inc 3,709 Broadway,,Everett,MA,02149,2911,MIDDLESEX,Convenience Store,42.414646,-71.048317,,,218866
1648584,Katherines Market,134 Ferry St,,Everett,MA,02149,5638,MIDDLESEX,Grocery Store,42.408596,-71.046432,,,218872
1281775,Capt Frank's Seafood Market,360 Hathaway Rd,,New Bedford,MA,02740,1912,BRISTOL,Other,41.656963,-70.954117,,,218878
1278467,Flouish Farm,59 Tower Hill Rd,,Brimfield,MA,01010,9756,HAMPDEN,Farmers and Markets,42.144386,-72.204384,,,218886
1152694,Roots Natural Foods,100 Crawford St,Ste 7,Leominster,MA,01453,2300,WORCESTER,Grocery Store,42.546253,-71.745674,,,218894
1202512,Vicente's Supermarket Corp,160 Pleasant St,,Brockton,MA,02301,3842,PLYMOUTH,Super Store,42.086044,-71.0243,,,218916
1648162,Grabngo Variety Mart NO,208 Chestnut St,,Randolph,MA,02368,2410,NORFOLK,Convenience Store,42.179771,-71.061134,,,218967
1402689,Dala's Caribbean Variety Store,324 N Main St,,Randolph,MA,02368,4170,NORFOLK,Convenience Store,42.167419,-71.04496,,,218974
1097841,Neighborhood Convenience Market,7 Cross St,,Methuen,MA,01844,1612,ESSEX,Convenience Store,42.729527,-71.207779,,,218989
1221586,La Economica Meat Market,164 Park St,,Chelsea,MA,02150,2824,SUFFOLK,Grocery Store,42.390282,-71.036011,,,219011
1675582,Metrocare Market,414 Chestnut St,,Springfield,MA,01103,    ,HAMPDEN,Convenience Store,42.112206,-72.597427,,,219040
1649533,Holyoke Farmers' Market At Holyoke Medical Center 389,575 Beech St,,Holyoke,MA,01040,2296,HAMPDEN,Farmers and Markets,42.200401,-72.627625,,,219088
1380786,La Isabela Mini Market Deli,26 Longhill St,,Springfield,MA,01108,1403,HAMPDEN,Grocery Store,42.086987,-72.579453,,,219089
1646669,MDM African Market,280 Oakland St,,Springfield,MA,01108,1320,HAMPDEN,Grocery Store,42.092602,-72.562973,,,219094
776108,Shaboo Bee DBA Cloverdale Farms ,1747 Washington St,,Boston,MA,02118,1805,SUFFOLK,Convenience Store,42.336655,-71.076889,,,219111
1020613,Magri's Market & Deli,2009 Memorial Dr,,Chicopee,MA,01020,4322,HAMPDEN,Grocery Store,42.21209,-72.57135,,,219117
1048391,Commercial Market Inc,105 Commercial St,,Lynn,MA,01905,2907,ESSEX,Grocery Store,42.458843,-70.960052,,,219205
1268769,New Elm Convenience,155 Elm St,,Pittsfield,MA,01201,6530,BERKSHIRE,Convenience Store,42.444126,-73.238998,,,219331
1673131,Rock & Smoke Shop,830 Main St,,Worcester,MA,01610,2424,WORCESTER,Convenience Store,42.255386,-71.813141,,,219379
1298977,Brazil For You,529 Washington St,,Stoughton,MA,02072,4207,NORFOLK,Grocery Store,42.131664,-71.101807,,,219407
805291,Tedeschi Food Shops 419,52 Cabot St,,Beverly,MA,01915,4960,ESSEX,Convenience Store,42.543175,-70.883621,,,219415
983788,One Stop Mart,31A Winn St,,Burlington,MA,01803,4730,MIDDLESEX,Convenience Store,42.490726,-71.173943,,,219550
1533626,Racing Mart,181 W Franklin St,,Holyoke,MA,01040,3812,HAMPDEN,Convenience Store,42.202713,-72.620796,,,219563
1205189,La Economia Market,470 Haverhill St,,Lawrence,MA,01841,4327,ESSEX,Grocery Store,42.706612,-71.175591,,,219667
1134715,Langwater Farm,215 Washington St,,North Easton,MA,02356,1152,BRISTOL,Farmers and Markets,42.073296,-71.0877,,,219676
1576109,Dollar Tree 9497,753 Donald Lynch Blvd,,Marlborough,MA,01752,4727,MIDDLESEX,Other,42.35276,-71.617798,,,219680
1263635,Jaxx Country Variety,1353 Massachusetts Ave,,Lunenburg,MA,01462,1834,WORCESTER,Convenience Store,42.598549,-71.704727,,,219731
1220842,7-eleven 32874C,730 Morrissey Blvd,,Dorchester,MA,02122,3403,SUFFOLK,Convenience Store,42.296673,-71.048332,,,219744
1669431,South Boston Market,636 Dorchester Ave,,South Boston,MA,02127,3550,SUFFOLK,Convenience Store,42.328117,-71.056694,,,219759
983081,Elm St Mobil,301 Elm St,,Braintree,MA,02184,1407,NORFOLK,Convenience Store,42.2248,-70.996201,,,219783
1078143,R & K Food Mart,77 Legion Pkwy,,Brockton,MA,02301,7204,PLYMOUTH,Grocery Store,42.08427,-71.021866,,,219785
1583877,Oak Variety Smoke & More,106 Oak Grove Ave,,Springfield,MA,01109,3022,HAMPDEN,Grocery Store,42.115978,-72.560242,,,219787
1580881,Los Vecinos Market Inc,805 Main St,,Worcester,MA,01610,2421,WORCESTER,Grocery Store,42.255688,-71.811646,,,219822
1245928,Marketplace On The Common,6 Moulton St,,Barre,MA,01005,8709,WORCESTER,Convenience Store,42.42181,-72.104721,,,219873
1198499,Mais Brazil Inc,701 Plantation St,,Worcester,MA,01605,2039,WORCESTER,Convenience Store,42.297729,-71.762611,,,219974
1156504,Smart Stop,976 N Main St,,Brockton,MA,02301,1537,PLYMOUTH,Convenience Store,42.108585,-71.03022,,,219979
1628727,Stop And Go Mart,486 Bridge St,,Springfield,MA,01103,1532,HAMPDEN,Convenience Store,42.105896,-72.588547,,,219980
1011528,Mobil Mart,334 Grafton St,,Worcester,MA,01604,3752,WORCESTER,Convenience Store,42.25573,-71.786255,,,219982
1278102,May Food Corporation/America's Food Basket,4 May St,,Worcester,MA,01610,1423,WORCESTER,Grocery Store,42.255203,-71.814583,,,220000
1101366,Jay's Market,359 Bedford St,,Whitman,MA,02382,1821,PLYMOUTH,Convenience Store,42.070793,-70.947929,,,220013
870023,Tom's International Deli,52 Millbury St,,Worcester,MA,01610,2814,WORCESTER,Grocery Store,42.253616,-71.798553,,,220024
1564627,CASTILLO HERMANOS GROCERY AND RESTAURANT INC,127 S Union St,,Lawrence,MA,01843,1644,ESSEX,Grocery Store,42.698128,-71.153618,,,220083
1299051,Urban Artisan Farm Inc,250 Albany St,,Springfield,MA,01105,1018,HAMPDEN,Farmers and Markets,42.120117,-72.574776,,,220177
1133181,Western Avenue Market,108 Western Ave,,Lynn,MA,01904,2737,ESSEX,Convenience Store,42.481277,-70.945007,,,220203
1237684,Strums Deli And Meats,502 Westfield Rd,,Holyoke,MA,01040,1633,HAMPDEN,Convenience Store,42.187424,-72.649673,,,220292
1021964,Kennedys Butter & Eggs Store,13 Merrimack St,,Lowell,MA,01852,1721,MIDDLESEX,Convenience Store,42.645718,-71.307602,,,220313
1290911,Sholan Farms,1125 Pleasant St,,Leominster,MA,01453,5012,WORCESTER,Farmers and Markets,42.486622,-71.77594,,,220326
1203774,Richdale Food Shops 103,1395 N Main St,,Randolph,MA,02368,1768,NORFOLK,Convenience Store,42.201759,-71.062035,,,220356
1534682,Quaker Deli And Convenience,544 Quaker Hwy,,Uxbridge,MA,01569,2223,WORCESTER,Convenience Store,42.036022,-71.618652,,,220419
1673216,Walmart Supercenter 3409,20 Soojian Dr,,Leicester,MA,01524,1946,WORCESTER,Super Store,42.251179,-71.935143,,,220486
1534039,Yneliz Mini Market,269 Park St,,Lawrence,MA,01841,2415,ESSEX,Convenience Store,42.716129,-71.172585,,,220492
1032149,7 Eleven 2464-32493,95 Washington St,,Norwell,MA,02061,1713,PLYMOUTH,Convenience Store,42.171986,-70.878044,,,220539
1534405,Heavens Harvest Farm,965 Oakham Rd,,New Braintree,MA,01531,1800,WORCESTER,Farmers and Markets,42.326603,-72.098259,,,220559
1534788,Rock Harvest Farm,325 Moore Rd,,New Braintree,MA,01531,1836,WORCESTER,Farmers and Markets,42.314232,-72.083801,,,220642
1076166,Harvard Market,229 Highland Ave,,Malden,MA,02148,6430,MIDDLESEX,Convenience Store,42.421391,-71.079887,,,220706
1288882,Summit Farm NAFMNP,70 Summit St,,Belchertown,MA,01007,9641,HAMPSHIRE,Farmers and Markets,42.260536,-72.439621,,,220743
1534508,E Market,4 Park Plz,,Boston,MA,02116,3902,SUFFOLK,Convenience Store,42.352291,-71.067101,,,220777
1230201,V&D Variety Store,143 Oxford St N,,Auburn,MA,01501,1256,WORCESTER,Convenience Store,42.21804,-71.845314,,,220818
987690,New Oriental Supermarket,476 King St,,Littleton,MA,01460,1251,MIDDLESEX,Other,42.546402,-71.473946,,,220822
1244154,Carvalho's Variety Store,1700 Acushnet Ave,,New Bedford,MA,02746,2145,BRISTOL,Grocery Store,41.666531,-70.928741,,,220824
1534535,Classic Market,7 Union St,,South Weymouth,MA,02190,2303,NORFOLK,Convenience Store,42.173973,-70.950989,,,220857
1294347,Soriya Market,551 Summer St,,Lynn,MA,01905,2027,ESSEX,Grocery Store,42.45871,-70.970024,,,220901
1534145,MOM's Organic Market 24,34 Cambridge St,,Burlington,MA,01803,4611,MIDDLESEX,Super Store,42.484688,-71.187202,,,220917
1534154,C.n. Smith Farm Inc.,325 South St,,East Bridgewater,MA,02333,2307,PLYMOUTH,Farmers and Markets,42.010262,-70.943947,,,220929
1089880,Kevs Country Store Inc,470 Main St,,Woburn,MA,01801,4236,MIDDLESEX,Convenience Store,42.481693,-71.150764,,,221067
1212064,Center Market,588 Main St,,Lynnfield,MA,01940,1712,ESSEX,Convenience Store,42.539104,-71.050385,,,221069
1204967,Moes Mini Mart,1320 Pleasant St,,Fall River,MA,02723,1717,BRISTOL,Convenience Store,41.691753,-71.135216,,,221070
1284439,Upswing Farm,65 Brookline St,,Pepperell,MA,01463,1128,MIDDLESEX,Farmers and Markets,42.683117,-71.591087,,,221131
1231104,Hilldale Convenience,66 Hilldale Ave,,Haverhill,MA,01832,3828,ESSEX,Convenience Store,42.780342,-71.091072,,,221166
1137520,Westport Meats 2,251 State Rd,,Westport,MA,02790,3500,BRISTOL,Other,41.672066,-71.10453,,,221313
1248556,Broadway Convenience,14 Broadway Rd,,Dracut,MA,01826,4059,MIDDLESEX,Convenience Store,42.671944,-71.295929,,,221531
998104,Al Barah Market,304 Prospect St,,Cambridge,MA,02139,1315,MIDDLESEX,Grocery Store,42.372738,-71.098389,,,221588
1190537,Fernandez Liquor Ii,1216 Blue Hill Ave,,Mattapan,MA,02126,1820,SUFFOLK,Convenience Store,42.282871,-71.091393,,,221619
1216485,Monson Woodbine Country Store LLC,170 Main St,Ste A,Monson,MA,01057,1353,HAMPDEN,Convenience Store,42.097771,-72.313843,,,221764
981360,7-ELeven 34385A,95 Main St,,Webster,MA,01570,2208,WORCESTER,Convenience Store,42.049324,-71.885338,,,221777
1059463,Latino Express Inc,7 Everett Ave,,Chelsea,MA,02150,2718,SUFFOLK,Convenience Store,42.390862,-71.038185,,,221800
1137946,Seabra Foods IV Inc.,440 Stafford Road,,Fall River,MA,02721,    ,BRISTOL,Super Store,41.682594,-71.157089,,,221834
1220508,Graceland Fashion And Acccessories 1,674 Western Ave,,Lynn,MA,01905,2229,ESSEX,Grocery Store,42.464085,-70.963722,,,221869
1244940,Weir Fruit,515 Weir St,,Taunton,MA,02780,4257,BRISTOL,Convenience Store,41.88802,-71.089386,,,221908
1195367,Patriot Gas And Convenience,240 Lunenburg St,,Fitchburg,MA,01420,4563,WORCESTER,Convenience Store,42.585812,-71.779366,,,221973
1656448,ALDI 73087,220 Mohawk Trl,,Greenfield,MA,01301,9620,FRANKLIN,Supermarket,42.584774,-72.625641,,,222019
1183050,Samy's Convenience Store,399 Ferry St,,Everett,MA,02149,5617,MIDDLESEX,Convenience Store,42.416897,-71.049164,,,222051
1301842,Giraffe Meat Corp./America's Food Basket,300 N Main St,,Randolph,MA,02368,4102,NORFOLK,Super Store,42.167488,-71.044533,,,222082
1535030,Cambio Latino,984 Saratoga St,,East Boston,MA,02128,1183,SUFFOLK,Convenience Store,42.386959,-71.007072,,,222113
1535146,Lily's Market,1286A Blue Hill Ave,,Mattapan,MA,02126,1806,SUFFOLK,Convenience Store,42.279762,-71.092766,,,222158
1131460,TJs Variety,124 Lynnfield St,,Peabody,MA,01960,5137,ESSEX,Convenience Store,42.516407,-70.956299,,,222243
1633591,Concord Market On Campus,84 Massachusetts Ave,,Cambridge,MA,02139,9992,MIDDLESEX,Other,42.359051,-71.094757,,,222268
1098205,Portugalia Marketplace,489 Bedford St,,Fall River,MA,02720,4803,BRISTOL,Super Store,41.700127,-71.146683,,,222332
1286784,Pramukhswami Inc Dba Choice Mini Mart&smoke Shop,927 S Main St,,Fall River,MA,02724,2923,BRISTOL,Convenience Store,41.692005,-71.165375,,,222339
1291903,Coyote Hill Farm,250 Martindale Rd,,Bernardston,MA,01337,9641,FRANKLIN,Farmers and Markets,42.688408,-72.510101,,,222398
1076811,George's Variety,32 Central St,,Millville,MA,01529,1705,WORCESTER,Convenience Store,42.025848,-71.582176,,,222475
972877,7 Eleven 34388A 34388A,1224 Main St,,Concord,MA,01742,3008,MIDDLESEX,Convenience Store,42.457031,-71.391838,,,222478
1247693,United Gas 1,199 Falmouth Rd,,Hyannis,MA,02601,2755,BARNSTABLE,Convenience Store,41.663723,-70.295174,,,222529
1156256,Supermekong Enterprises Llc/V Mart Supermarket ,747 Main St,,Worcester,MA,01610,3162,WORCESTER,Supermarket,42.25705,-71.808495,,,222536
1230981,Hiron Inc/DBA La Familia Market,64A Blue Hill Ave,,Roxbury,MA,02119,3321,SUFFOLK,Convenience Store,42.322769,-71.076698,,,222549
1079319,Vicentino's Produce Market,292 Spruce St,,Chelsea,MA,02150,2446,SUFFOLK,Grocery Store,42.398365,-71.03434,,,222562
1140362,Family Market,369 Broadway,,Chelsea,MA,02150,2809,SUFFOLK,Convenience Store,42.391865,-71.035675,,,222563
1130579,One Stop Liquor & Convenience NO,161 Suffolk St,,Holyoke,MA,01040,4459,HAMPDEN,Convenience Store,42.208427,-72.612755,,,222592
1690883,Family Farms 11,87 Main St,,Rutland,MA,01543,1327,WORCESTER,Convenience Store,42.376389,-71.935577,,,222639
1535320,Family Dollar 13294,689 Kempton St,,New Bedford,MA,02740,3743,BRISTOL,Other,41.636333,-70.943649,,,222669
1136965,Sam's Food Store,390 Pleasant St,,Brockton,MA,02301,3238,PLYMOUTH,Convenience Store,42.088066,-71.035187,,,222688
1596825,Cavu Farm No,128 Fales Rd,,Cheshire,MA,01225,9201,BERKSHIRE,Farmers and Markets,42.568981,-73.095711,,,222690
1252825,Punto Market LLC,2760 Main St,,Springfield,MA,01107,1511,HAMPDEN,Grocery Store,42.11594,-72.606956,,,222701
1596062,Mahant Baker's Variety Inc,423 Electric Ave,,Lunenburg,MA,01462,2246,WORCESTER,Convenience Store,42.576962,-71.748184,,,222733
1201096,One Stop Mart,337 Boston St,,Lynn,MA,01905,1604,ESSEX,Convenience Store,42.466854,-70.963539,,,222737
1107452,Anthonys Market,407A Meridian St,,East Boston,MA,02128,1315,SUFFOLK,Grocery Store,42.380447,-71.039063,,,222752
1582060,Kelly's Family Farm,146 Milford St,,Upton,MA,01568,1313,WORCESTER,Farmers and Markets,42.162338,-71.584373,,,222763
978144,Eye Adom African Market,49 Pleasant St,,Leominster,MA,01453,5633,WORCESTER,Grocery Store,42.524288,-71.761986,,,222799
1405997,Pj Mart 2,150 Emmons St,Ste 2,Franklin,MA,02038,2036,NORFOLK,Other,42.083542,-71.400291,,,222811
1282755,Urban Farming Institute Of Boston Inc 191,487 Norfolk St,,Mattapan,MA,02126,2344,SUFFOLK,Farmers and Markets,42.280048,-71.089088,,,222826
1200766,Smart Stop,306 Winthrop St,,Taunton,MA,02780,4124,BRISTOL,Convenience Store,41.888504,-71.123016,,,222832
1692701,Family Mini Market,241 Lincoln St,,Worcester,MA,01605,    ,WORCESTER,Convenience Store,42.283379,-71.791779,,,222860
1278673,Orange Farmer's Market,135 E Main St,,Orange,MA,01364,6421,FRANKLIN,Farmers and Markets,42.590145,-72.303902,,,222885
1224096,Al Prime Energy Co/Al Prime Energy - Revere 103,655 Revere Beach Pkwy,,Revere,MA,02151,3900,SUFFOLK,Convenience Store,42.403336,-71.008812,,,223002
1625355,Latin Food Market Llc,877 Main St,,Worcester,MA,01610,1456,WORCESTER,Grocery Store,42.252747,-71.817184,,,223038
1218484,A.L Prime Energy 130,81 Summer St,,Worcester,MA,01608,1007,WORCESTER,Convenience Store,42.26844,-71.796165,,,223109
990017,Ludlow Public Market,46 Birch St,,Ludlow,MA,01056,2417,HAMPDEN,Other,42.161785,-72.476028,,,223173
1277759,Tejada Market 2 Corp,112 Walnut St,,Springfield,MA,01105,1543,HAMPDEN,Convenience Store,42.105579,-72.573647,,,223309
1207160,Sunrise Mini Mart,48 Granite St,,Worcester,MA,01604,5317,WORCESTER,Convenience Store,42.246532,-71.788338,,,223378
1028753,Walt's Auto Center Inc,286 Broadway,,Taunton,MA,02780,1533,BRISTOL,Convenience Store,41.925785,-71.090446,,,223468
1190552,Seven Hens,880 Washington St,,Norwood,MA,02062,3432,NORFOLK,Convenience Store,42.186859,-71.202904,,,223510
756841,The Food Project - North Shore,120 Munroe St,,Lynn,MA,01901,1537,ESSEX,Farmers and Markets,42.463619,-70.946037,,,223520
1653491,Yum Yum Tiger,767 Purchase St,,New Bedford,MA,02740,6343,BRISTOL,Convenience Store,41.634594,-70.926025,,,223609
1657310,Everett Market 1,493 Broadway,,Everett,MA,02149,3603,MIDDLESEX,Convenience Store,42.408501,-71.053925,,,223643
1278407,Pine Hill Orchards Market,248 Greenfield Rd,,Colrain,MA,01340,9637,FRANKLIN,Grocery Store,42.650681,-72.676125,,,223685
1102068,Sara's Bakery Y Mini Mart Inc,1300 Acushnet Ave,,New Bedford,MA,02746,2021,BRISTOL,Grocery Store,41.659042,-70.927147,,,223750
1571436,Neighbors,244 Main St,,Ashfield,MA,01330,9797,FRANKLIN,Convenience Store,42.527241,-72.797852,,,223758
1304173,Intermart,607 Main St,,Falmouth,MA,02540,3214,BARNSTABLE,Convenience Store,41.552208,-70.605995,,,223819
1380809,Village Market,2240 Main St,,West Warren,MA,01092,5030,WORCESTER,Convenience Store,42.21217,-72.237999,,,223866
1273465,One Stop Plaza Convenience ll Inc,16 Main St,,Winchendon,MA,01475,1045,WORCESTER,Convenience Store,42.674576,-72.068398,,,223913
1157758,Lowell Quick Mart,627 Chelmsford St,,Lowell,MA,01851,4721,MIDDLESEX,Convenience Store,42.622944,-71.323875,,,223955
1133367,Supreme Food,680 Western Ave,,Lynn,MA,01905,2229,ESSEX,Grocery Store,42.463524,-70.963272,,,223985
1594984,Donelans Supermarket 013,145 Lincoln Rd,,Lincoln,MA,01773,7328,MIDDLESEX,Other,42.414898,-71.32518,,,224057
955245,7-Eleven 34426A,2 Blackstone River Rd,,Worcester,MA,01607,1376,WORCESTER,Convenience Store,42.235176,-71.796371,,,224070
1289804,Stillmans Farm Stand,1410 Lancaster Ave,,Lunenburg,MA,01462,1651,WORCESTER,Farmers and Markets,42.542919,-71.710197,,,224081
1109963,Talho Portugues (the Butcher Shop),123 Dartmouth St,,New Bedford,MA,02740,3103,BRISTOL,Grocery Store,41.624165,-70.932716,,,224125
1086157,Pleasant Street General Store,451 Pleasant St,,South Weymouth,MA,02190,2624,NORFOLK,Convenience Store,42.182755,-70.93737,,,224149
1564578,Family Dollar 13784,4-14 Airport Rd,,Dudley,MA,01571,5947,WORCESTER,Other,42.042629,-71.912315,,,224179
1097160,One Stop Convenience,664 Tremont St,,Boston,MA,02118,    ,SUFFOLK,Convenience Store,42.341595,-71.075989,,,224230
1289031,Roxbury Market,2981 Washington St,,Roxbury,MA,02119,1201,SUFFOLK,Grocery Store,42.317921,-71.096458,,,224253
1189281,7-Eleven 32454F,584 Washington St,,Brighton,MA,02135,2546,SUFFOLK,Convenience Store,42.350311,-71.16571,,,224254
1286245,Md Azadur Rahman,751 Massachusetts Ave,,Cambridge,MA,02139,3303,MIDDLESEX,Convenience Store,42.366505,-71.105011,,,224259
1245087,Shivas Super Bazaar,511 Nagog Park,,Acton,MA,01720,3433,MIDDLESEX,Grocery Store,42.523647,-71.426483,,,224308
1283053,Happy Supermarket And Spirits,128 South St,,Jamaica Plain,MA,02130,3815,SUFFOLK,Grocery Store,42.305527,-71.114655,,,224325
1256101,T Square Food Shop,31 N Franklin St,,Holbrook,MA,02343,1501,NORFOLK,Convenience Store,42.155285,-71.008606,,,224332
1296078,Hancock Market,1520 Hancock St,,Quincy,MA,02169,5205,NORFOLK,Convenience Store,42.248138,-71.001221,,,224364
1304241,Rd Supermarkert Inc,354 Broadway,,Lawrence,MA,01841,3529,ESSEX,Grocery Store,42.711327,-71.173569,,,224393
1293282,Elliot Farm,202 Main St,,Lakeville,MA,02347,1615,PLYMOUTH,Farmers and Markets,41.852448,-70.942314,,,224405
1180767,Bokhary Traders Shrewsbury Llc/India Market 2,1000 Boston Turnpike Rd,,Shrewsbury,MA,01545,    ,WORCESTER,Super Store,42.281292,-71.674133,,,224437
1252307,Express Stop Market 1,124 Harvard St,,Dorchester Center,MA,02124,1845,SUFFOLK,Convenience Store,42.296471,-71.079803,,,224501
1175926,Perry's Market,196 Stafford St,,Worcester,MA,01603,1149,WORCESTER,Convenience Store,42.235508,-71.850838,,,224511
1060894,Bellas Market,73 Maverick Sq,,Boston,MA,02128,2312,SUFFOLK,Convenience Store,42.369892,-71.038544,,,224522
1121040,Finleys,309 Main St,,West Dennis,MA,02670,2202,BARNSTABLE,Convenience Store,41.664181,-70.169914,,,224534
1171614,Marques Market,1744 N Main St,,Fall River,MA,02720,2922,BRISTOL,Convenience Store,41.72356,-71.144272,,,224578
983079,7 Eleven 34393A,127 Broadway,,Revere,MA,02151,5350,SUFFOLK,Convenience Store,42.405251,-71.015602,,,224655
1283613,Hill Orchard,4 Hunt Rd,,Westford,MA,01886,2028,MIDDLESEX,Farmers and Markets,42.600216,-71.408379,,,224702
1258528,Food Port International Market,338 Main St,,Hyannis,MA,02601,4003,BARNSTABLE,Grocery Store,41.653576,-70.282234,,,224762
1179251,Village Market,588 South St,,Waltham,MA,02453,8913,MIDDLESEX,Convenience Store,42.360455,-71.261848,,,224776
1692759,Andys Walnut Mart,36 Walnut St,,Peabody,MA,01960,7600,ESSEX,Grocery Store,42.526955,-70.924789,,,224788
1305049,Union Supermarket 111,304 Jackson St,,Lawrence,MA,01841,1941,ESSEX,Grocery Store,42.719444,-71.157936,,,224841
1214121,Shah Food N Fuel LLC,1239 Park St,,Palmer,MA,01069,1606,HAMPDEN,Convenience Store,42.151047,-72.314552,,,224847
1299178,Asian Supermarket Llc,50 Mill St,,Worcester,MA,01603,2025,WORCESTER,Super Store,42.247578,-71.833488,,,224904
1305155,Phu Thinh,1826 Dorchester Ave,,Dorchester Center,MA,02124,2534,SUFFOLK,Grocery Store,42.288559,-71.063316,,,224917
1304095,Manomet General Store,772 State Rd,,Plymouth,MA,02360,7126,PLYMOUTH,Convenience Store,41.913395,-70.552559,,,224924
1309549,Main St Mobil,3111 Main St,,Springfield,MA,01107,1501,HAMPDEN,Convenience Store,42.120567,-72.608521,,,224933
1204277,Well Come Asian Market,4 Wethersfield Road,,Natick,MA,01760,    ,MIDDLESEX,Convenience Store,42.302128,-71.352402,,,225038
1296417,Siena Farm South End,106 Waltham St,,Boston,MA,02118,3618,SUFFOLK,Farmers and Markets,42.343296,-71.070831,,,225081
1223876,Hampton Fish Co Inc/SS Lobster Ltd,691 River St,,Fitchburg,MA,01420,2910,WORCESTER,Specialty Store,42.579056,-71.830803,,,225112
789875,Hannaford Supermarket & Pharmacy 8327,777 Rogers St,,Lowell,MA,01852,4336,MIDDLESEX,Super Store,42.630032,-71.278198,,,225138
960441,Racing Mart,330 Main St,,Holyoke,MA,01040,5703,HAMPDEN,Convenience Store,42.200119,-72.606873,,,225179
985427,Summit Package Store,195 Pine St,,Springfield,MA,01105,1561,HAMPDEN,Convenience Store,42.098873,-72.572845,,,225185
1282854,Old Village Convenience,2756A County St,,Somerset,MA,02726,3954,BRISTOL,Convenience Store,41.769436,-71.138336,,,225217
1277048,Homestead Farms,115 Homestead Ave,,Rehoboth,MA,02769,1910,BRISTOL,Farmers and Markets,41.880672,-71.270035,,,225222
1262681,A-1 Mart,157 West St,,Gardner,MA,01440,2119,WORCESTER,Convenience Store,42.577988,-72.00206,,,225243
1224129,Athol Mini Mart Corp/Corner Store,229 Pinedale Ave,,Athol,MA,01331,1312,WORCESTER,Convenience Store,42.603443,-72.235405,,,225244
980517,Essex Farm,655 Salem St,,Malden,MA,02148,4301,MIDDLESEX,Convenience Store,42.43306,-71.046837,,,225443
758917,7-Eleven 15767C,92 Market St,,Rockland,MA,02370,2604,PLYMOUTH,Convenience Store,42.121391,-70.916336,,,225444
1284883,Moonlight Farm,35 Byfield Rd,,Ashburnham,MA,01430,1310,WORCESTER,Farmers and Markets,42.672729,-71.866203,,,225484
990595,Neighborhood Variety Store,257 School St,,Stoughton,MA,02072,2703,NORFOLK,Convenience Store,42.124027,-71.10997,,,225514
1300598,Still Life Farm,1643 Petersham Rd,,Hardwick,MA,01037,9719,WORCESTER,Farmers and Markets,42.392418,-72.204582,,,225521
1190400,Route 18 Superstore,336 Washington St,,Abington,MA,02351,2418,PLYMOUTH,Convenience Store,42.102219,-70.949417,,,225531
1262688,Quick Stop Ii,155 Lowell St,,Methuen,MA,01844,7012,ESSEX,Convenience Store,42.71917,-71.195778,,,225622
1284081,Neighborhood Farm Llc,310 Drift Rd,,Westport,MA,02790,1296,BRISTOL,Farmers and Markets,41.60685,-71.071007,,,225633
1124916,Kam's Food Mart,376 2nd St,,Fall River,MA,02721,1924,BRISTOL,Convenience Store,41.697289,-71.157623,,,225646
1264433,Night Star Delli,59 Harvard Ave,,Allston,MA,02134,1728,SUFFOLK,Convenience Store,42.354275,-71.132439,,,225667
1292327,Adams Variety,22 Independence Ave,,Quincy,MA,02169,7703,NORFOLK,Convenience Store,42.2379,-71.003387,,,225680
1171341,Berkshire Grown Holiday FM-Great Barrington,1064 Main St,,Housatonic,MA,01236,9730,BERKSHIRE,Farmers and Markets,42.255634,-73.367989,,,225690
992068,Lynn Mobil Mart,512 Chestnut St,,Lynn,MA,01902,2747,ESSEX,Other,42.476974,-70.948616,,,225720
1223645,Mashpee Country Store 1,387 Main St,,Mashpee,MA,02649,2053,BARNSTABLE,Convenience Store,41.649017,-70.481056,,,225732
1089830,Gols Supermarket,55 Iyannough Rd,,Hyannis,MA,02601,2060,BARNSTABLE,Super Store,41.658733,-70.27269,,,225741
1192290,Village Pantry,372 N Falmouth Hwy,,North Falmouth,MA,02556,2801,BARNSTABLE,Convenience Store,41.637306,-70.617065,,,225748
993517,Country Farm,429 Washington St,,Holliston,MA,01746,1815,MIDDLESEX,Convenience Store,42.211254,-71.42643,,,225773
1290565,Glenway Market,90 Glenway St,,Dorchester,MA,02121,4016,SUFFOLK,Grocery Store,42.300159,-71.082352,,,225859
1502191,Los Hermanos Market,206 Middlesex St,,Lowell,MA,01852,2127,MIDDLESEX,Convenience Store,42.640652,-71.312157,,,225886
1252928,El Bombazo Meat Market Inc,677 Bridge St,,Lowell,MA,01850,2044,MIDDLESEX,Grocery Store,42.653923,-71.302254,,,225900
1141384,Portillo Brothers Market,60 Maverick St,,Boston,MA,02128,2324,SUFFOLK,Convenience Store,42.371056,-71.041039,,,225922
924021,Richdale Food Shop,229 Broadway,,Lynn,MA,01904,1844,ESSEX,Convenience Store,42.488419,-70.959366,,,225959
1280368,Lakeview Orchard,94 Old Cheshire Rd,,Lanesborough,MA,01237,9530,BERKSHIRE,Farmers and Markets,42.503117,-73.195518,,,225970
1189746,Silverwood Farm Llc,195 Western Ave,,Sherborn,MA,01770,1017,MIDDLESEX,Farmers and Markets,42.2328,-71.403305,,,226008
1217618,Pinoy Republic Inc,545 SW Cutoff,,Worcester,MA,01607,1766,WORCESTER,Grocery Store,42.211872,-71.79631,,,226054
1263891,Rochelles Convenience Mart,2 Olney St,,Seekonk,MA,02771,3237,BRISTOL,Convenience Store,41.814297,-71.318527,,,226079
1130519,A-1 Gulf,483 Concord St,,Framingham,MA,01702,6472,MIDDLESEX,Convenience Store,42.289001,-71.40934,,,226121
856963,A.J. Seabra Supermarkets XV Inc.,208 Waverly St,,Framingham,MA,01702,7133,MIDDLESEX,Super Store,42.278503,-71.408569,,,226156
345203,Alexander's Convenient Foods Inc.,277 Main St,,Medford,MA,02155,5697,MIDDLESEX,Convenience Store,42.40934,-71.109932,,,226164
1625926,Delaney's Market,459 Granby Rd,,South Hadley,MA,01075,2121,HAMPSHIRE,Other,42.234695,-72.563828,,,226174
1146005,Ruggiero's Market,3345 Washington St,,Jamaica Plain,MA,02130,2639,SUFFOLK,Convenience Store,42.309631,-71.104408,,,226182
1254950,7-eleven 32485C,845 Highland Ave,,Needham Heights,MA,02494,1312,NORFOLK,Convenience Store,42.294308,-71.235298,,,226194
1631491,7-Eleven 34412B,2 Tarbell St,,Pepperell,MA,01463,1761,MIDDLESEX,Convenience Store,42.666424,-71.5728,,,226217
1626043,Delaney's Market 4,2030 Boston Rd,,Wilbrahan,MA,01095,    ,HAMPDEN,Other,42.150101,-72.473366,,,226220
1250349,Snax Express,60 South St,,Boston,MA,02111,    ,SUFFOLK,Convenience Store,42.351974,-71.057137,,,226310
1296894,Max Food Shop,17 Pearl St,,Brockton,MA,02301,2803,PLYMOUTH,Convenience Store,42.088661,-71.064476,,,226312
973761,Sonnys On the Run,316 Lowell St,,Wilmington,MA,01887,3024,MIDDLESEX,Convenience Store,42.539177,-71.139091,,,226335
1240062,Linden Convenience Plus,455 Lynn St,,Malden,MA,02148,6235,MIDDLESEX,Convenience Store,42.432213,-71.025154,,,226378
1244685,Honeyland Farms,766 Liberty St,,Springfield,MA,01104,2422,HAMPDEN,Convenience Store,42.123539,-72.584572,,,226479
1093578,Sams Food Store,1031 Chicopee St,,Chicopee,MA,01013,2736,HAMPDEN,Convenience Store,42.191647,-72.600189,,,226481
1105002,Lanni Orchards Inc,294 Chase Rd,,Lunenburg,MA,01462,1237,WORCESTER,Farmers and Markets,42.606304,-71.746727,,,226502
1031601,7-Eleven 34396B,1710 Centre St,,West Roxbury,MA,02132,1536,SUFFOLK,Convenience Store,42.287113,-71.148849,,,226617
1156167,Saratoga Convenience,655 Saratoga St,,East Boston,MA,02128,1509,SUFFOLK,Grocery Store,42.382267,-71.020798,,,226632
1654549,Taunton Gas & Market LLC 466,2318 Bay Street,,Taunton,MA,02780,    ,BRISTOL,Convenience Store,41.964844,-71.126328,,,226682
1035394,Sams Food Mart,474 Lowell St,Ste 1,Peabody,MA,01960,1387,ESSEX,Convenience Store,42.540913,-70.972778,,,226684
1124261,Smoke Shop & Variety,666 Centre St,,Jamaica Plain,MA,02130,2507,SUFFOLK,Convenience Store,42.312607,-71.114075,,,226696
1289170,Railroad Variety,2 Railroad Ave,,Gloucester,MA,01930,3541,ESSEX,Convenience Store,42.615589,-70.664597,,,226763
974574,7-Eleven 32437E,2 Brockton Ave,,Abington,MA,02351,1926,PLYMOUTH,Convenience Store,42.105518,-70.947243,,,226764
1047578,Buds Variety,180 Main St,,Maynard,MA,01754,2512,MIDDLESEX,Convenience Store,42.429878,-71.462112,,,226776
1235980,Shree Manki Inc.dba Checkers General Store And De,2 Stadler St,,Belchertown,MA,01007,9848,HAMPSHIRE,Grocery Store,42.272804,-72.410461,,,226846
1101735,Petro Save Group Inc.,514 N Main St,,Brockton,MA,02301,3512,PLYMOUTH,Convenience Store,42.096142,-71.019394,,,226866
1308292,7-eleven 37377a 37377,280 Main St,,Everett,MA,02149,5706,MIDDLESEX,Convenience Store,42.410435,-71.062874,,,226897
1270369,Convenience Food Mart,492 Walpole St,,Norwood,MA,02062,1719,NORFOLK,Convenience Store,42.177837,-71.222389,,,226997
1149237,Salinas Convenience Store,187 Main St,,Everett,MA,02149,5701,MIDDLESEX,Grocery Store,42.407352,-71.06208,,,227028
535970,Mazzilli's,3134 Cranberry Hwy,,East Wareham,MA,02538,4806,PLYMOUTH,Supermarket,41.754093,-70.636589,,,227032
1664474,Victoria Meat Market 1,318 Court St,,Plymouth,MA,02360,4339,PLYMOUTH,Grocery Store,41.973801,-70.68483,,,227033
1039668,7 Eleven 32487E,1453 Commercial St,,East Weymouth,MA,02189,2903,NORFOLK,Convenience Store,42.215206,-70.922569,,,227068
1207078,Gomez Meat Market,272 S Broadway,,Lawrence,MA,01843,2633,ESSEX,Supermarket,42.691654,-71.160141,,,227127
1625958,Delaney's Market 2,696 Bliss Rd,,Longmeadow,MA,01106,1534,HAMPDEN,Other,42.057049,-72.554939,,,227172
1190934,7 Eleven 33568B,473 W Broadway,,Boston,MA,02127,2218,SUFFOLK,Convenience Store,42.335644,-71.045975,,,227182
1043214,Kannagi Inc - Charlton Country Store,231 Stafford St,,Charlton,MA,01507,1205,WORCESTER,Convenience Store,42.165062,-71.958618,,,227205
1242204,Mary Gregoire,86 Tracy Rd,,Dudley,MA,01571,6428,WORCESTER,Farmers and Markets,42.070141,-71.967613,,,227242
1626035,Delaney's Market 3,587 E Main St,Unit 60,Westfield,MA,01085,3324,HAMPDEN,Other,42.111706,-72.719994,,,227270
1241414,Petromax,904 Main St,,Southbridge,MA,01550,1143,WORCESTER,Convenience Store,42.082108,-72.046883,,,227287
1198643,Billy's Variety,636 Merrimack Ave,,Dracut,MA,01826,5930,MIDDLESEX,Grocery Store,42.658852,-71.262138,,,227306
965777,Db Mart,804 Pond St,,Franklin,MA,02038,2763,NORFOLK,Convenience Store,42.118092,-71.430122,,,227394
1002443,Main Street Mobil,250 Main St,,Stoneham,MA,02180,3502,MIDDLESEX,Convenience Store,42.48473,-71.099861,,,227468
1561676,Cmart Quincy Inc.,28 Hayward St,,Quincy,MA,02171,2416,NORFOLK,Super Store,42.271641,-71.024353,,,227469
1224091,Alprime Energy - Montello 115,570 N Montello St,,Brockton,MA,02301,2438,PLYMOUTH,Convenience Store,42.097614,-71.017639,,,227471
1530661,Bridgewater State Bears Den,131 Summer St,C/o Sodexo,Bridgewater,MA,02324,    ,PLYMOUTH,Convenience Store,41.987396,-70.972984,,,227477
1225522,M & M Convenience,4 Main St,,Somerville,MA,02145,1449,MIDDLESEX,Convenience Store,42.394993,-71.097549,,,227487
1153937,Sunny Farms,1 Cape Rd,,Mendon,MA,01756,1164,WORCESTER,Convenience Store,42.102333,-71.504128,,,227524
1105113,Roslindale Food Mart,4443 Washington St,,Roslindale,MA,02131,3408,SUFFOLK,Convenience Store,42.280502,-71.134529,,,227530
1265556,Mckinnon's Meat Market,239 Elm St,,Somerville,MA,02144,2934,MIDDLESEX,Grocery Store,42.395058,-71.12162,,,227558
1262157,All Day Convenience,548 Summer St,,Lynn,MA,01905,2397,ESSEX,Convenience Store,42.458588,-70.969902,,,227574
1293938,Berberian Farm & Market,3 Tomblin Hill Rd,,Northborough,MA,01532,2409,WORCESTER,Farmers and Markets,42.293606,-71.660568,,,227580
873126,La Favorita Market,66 Harvard Ave,,Allston,MA,02134,1771,SUFFOLK,Grocery Store,42.353958,-71.132065,,,227599
1576687,Sun Market,9 Union St,,Attleboro,MA,02703,2910,BRISTOL,Convenience Store,41.944019,-71.281754,,,227708
1258894,Perrys Market Inc.,200 Standish Ave,,Plymouth,MA,02360,4419,PLYMOUTH,Grocery Store,41.970531,-70.685043,,,227727
990171,Wilson Farms Inc.,10 Pleasant St,,Lexington,MA,02421,6042,MIDDLESEX,Super Store,42.427261,-71.20623,,,227734
1208660,Norwood Shell,491 Walpole St,,Norwood,MA,02062,1710,NORFOLK,Convenience Store,42.17802,-71.222404,,,227771
1569434,Richdale Convenience Store,31 Bridge St,,Salem,MA,01970,4107,ESSEX,Convenience Store,42.533886,-70.887245,,,227794
1024082,Burlington Mobil,173 Bedford St,,Burlington,MA,01803,2737,MIDDLESEX,Convenience Store,42.501553,-71.233055,,,227803
1077115,Lindys General Store,314 Mattakeesett St,,Pembroke,MA,02359,2924,PLYMOUTH,Convenience Store,42.058903,-70.833694,,,227826
776937,7-ELEVEN 16019A,193 Albion St,,Wakefield,MA,01880,3173,MIDDLESEX,Convenience Store,42.500553,-71.07663,,,227905
1102681,Holland Market,130 Mashapaug Rd,,Holland,MA,01521,2516,HAMPDEN,Convenience Store,42.056694,-72.160683,,,227941
1627589,Choice Food And Package Store,2 Main St,,Wales,MA,01081,9718,HAMPDEN,Convenience Store,42.064255,-72.222755,,,227957
1003862,NB Shop Smart Convenience Store Inc,807 Ashley Blvd,,New Bedford,MA,02745,2401,BRISTOL,Convenience Store,41.682476,-70.934128,,,227988
1561117,Waban Market,10 Windsor Rd,,Waban,MA,02468,1515,MIDDLESEX,Grocery Store,42.326645,-71.230949,,,228058
862667,Racing Mart,56 Potomska St,,New Bedford,MA,02740,5721,BRISTOL,Convenience Store,41.622963,-70.920143,,,228063
1291497,Dartmouth Market,610 Dartmouth St,,South Dartmouth,MA,02748,2512,BRISTOL,Grocery Store,41.607742,-70.940422,,,228137
1129390,Two Brothers Market,75 Marion St,,Boston,MA,02128,1606,SUFFOLK,Convenience Store,42.378403,-71.037476,,,228195
1589413,Springfield Cash And Carry,110 Avocado St,,Springfield,MA,01104,3391,HAMPDEN,Grocery Store,42.108322,-72.608086,,,228221
1561467,Medway Farmers Market NAFMNP,123 Holliston St,,Medway,MA,02053,1954,NORFOLK,Farmers and Markets,42.160015,-71.410591,,,228235
1116662,Mineirao One Stop Mart Inc 1,57 Union Sq,,Somerville,MA,02143,3032,MIDDLESEX,Grocery Store,42.37991,-71.095596,,,228255
991403,Honey Land Farm Mini Mart,51 Chestnut St,,Gardner,MA,01440,2203,WORCESTER,Convenience Store,42.578197,-71.986809,,,228264
1013379,Happy Super Mart,122B Seaver St,,Dorchester,MA,02121,1520,SUFFOLK,Convenience Store,42.309723,-71.09169,,,228276
1297684,Chris Farm Stand Peabody,11 Lake St,,Peabody,MA,01960,3604,ESSEX,Farmers and Markets,42.548515,-71.006798,,,228279
1657031,A1 Plus Convenience,578 W Boylston St,,Worcester,MA,01606,2028,WORCESTER,Convenience Store,42.311188,-71.797554,,,228306
1306145,Suncrest Bounty,4 Tracy Rd,,Dudley,MA,01571,6428,WORCESTER,Farmers and Markets,42.075497,-71.967056,,,228328
1214138,Star Convenience Beer & Wine,178 Chelsea St,,Everett,MA,02149,4630,MIDDLESEX,Convenience Store,42.404423,-71.048256,,,228350
1086862,Harwich Public Market,173 Pleasant Lake Ave,,Harwich,MA,02645,2549,BARNSTABLE,Convenience Store,41.697742,-70.073044,,,228430
1663032,Shaw's 622,68 Stafford St,Ste 1,Worcester,MA,01603,1450,WORCESTER,Supermarket,42.241444,-71.842926,,,228484
1173391,99 Asian Supermarket Inc,60 Broadway,,Malden,MA,02148,6002,MIDDLESEX,Super Store,42.42556,-71.042015,,,228491
1106290,Everest Market,121 Standish Ave,,Quincy,MA,02170,2611,NORFOLK,Convenience Store,42.262943,-71.012466,,,228538
1290309,Red Fire Farm 2,184 Meadow Rd,,Montague,MA,01351,9512,FRANKLIN,Farmers and Markets,42.52977,-72.560196,,,228569
1591441,Restoration Orchard,129 Lunenburg Rd,,West Townsend,MA,01474,1132,MIDDLESEX,Farmers and Markets,42.652714,-71.747612,,,228590
1304060,Downtown Super Market,121 Spring St,,Springfield,MA,01105,1211,HAMPDEN,Grocery Store,42.107399,-72.586403,,,228623
1228211,Wessam Variety Store,1851 Acushnet Ave,,New Bedford,MA,02746,2117,BRISTOL,Convenience Store,41.671436,-70.925842,,,228807
903432,Sevan Bakery,599 Mount Auburn St,,Watertown,MA,02472,4103,MIDDLESEX,Convenience Store,42.370552,-71.158615,,,228840
1263248,Sunoco Food Mart,80 Chelmsford St,,Chelmsford,MA,01824,3019,MIDDLESEX,Convenience Store,42.601013,-71.348106,,,228872
848663,Hi Lo Gas,2790 Acushnet Ave,,New Bedford,MA,02745,3200,BRISTOL,Convenience Store,41.695892,-70.933342,,,228935
1562490,Hyannis Convenience,631 Main St,,Hyannis,MA,02601,5400,BARNSTABLE,Convenience Store,41.648468,-70.291298,,,229228
1560625,Brookside Mart Inc,131 West St,,Ware,MA,01082,1415,HAMPSHIRE,Convenience Store,42.256512,-72.250961,,,229250
1556110,Bombazo Supermarket Inc,1320 Middlesex St,,Lowell,MA,01851,1220,MIDDLESEX,Supermarket,42.638149,-71.338661,,,229264
1567048,New Wine Pizza,974 Main St,A,Worcester,MA,01603,    ,WORCESTER,Restaurant Meals Program,42.249191,-71.824615,,,229319
1681187,Pasco Road Convenience no,265 Pasco Rd,,Indian Orchard,MA,01151,1934,HAMPDEN,Convenience Store,42.147896,-72.50351,,,229325
874691,Jacqueline Convenience Store Inc.,143 Locust St,,Haverhill,MA,01830,5642,ESSEX,Convenience Store,42.777596,-71.083786,,,229337
1564120,E-market Convenience & Deli,285 Washington St,Ste 6,North Easton,MA,02356,1117,BRISTOL,Convenience Store,42.067165,-71.08847,,,229433
1562938,Convenience Corner,1688 Dorchester Ave,,Dorchester,MA,02122,1335,SUFFOLK,Convenience Store,42.292549,-71.062241,,,229435
1567635,Dorchester Food Co-op,195 Bowdoin St,,Dorchester,MA,02122,1818,SUFFOLK,Grocery Store,42.304913,-71.06852,,,229437
1554817,Swansea Mart,367 Wilbur Ave,,Swansea,MA,02777,2426,BRISTOL,Convenience Store,41.732021,-71.206337,,,229451
1564835,Faneeks Coney Island,269 Rhode Island Ave,,Somerset,MA,02726,3820,BRISTOL,Restaurant Meals Program,41.768764,-71.149811,,,229524
1562981,Geko,229 Weir St,,Taunton,MA,02780,4231,BRISTOL,Convenience Store,41.895535,-71.091515,,,229532
1560003,Moonlight Market,749 Broadway,,Chelsea,MA,02150,2510,SUFFOLK,Convenience Store,42.396679,-71.026863,,,229538
1394164,7-Eleven 37423,177 State St,,Boston,MA,02109,2603,SUFFOLK,Convenience Store,42.359184,-71.05307,,,229572
1660861,Golden Goose Market,1 First Ave,,Charlestown,MA,02129,    ,SUFFOLK,Supermarket,42.375286,-71.054474,,,229817
1557666,Golden Lake Market Llc,369 Summer St,,Lynn,MA,01905,2949,ESSEX,Grocery Store,42.460316,-70.96106,,,230001
1563739,El Manantial Latin Market,366 Mystic Ave,,Somerville,MA,02145,2003,MIDDLESEX,Grocery Store,42.394176,-71.087585,,,230002
1561845,County General Convenience,518 County St,,New Bedford,MA,02740,5118,BRISTOL,Convenience Store,41.637638,-70.930458,,,230003
1390325,Express Fuel Food 101,267 Mechanic St,,Fitchburg,MA,01420,2315,WORCESTER,Convenience Store,42.594006,-71.803078,,,230363
1568301,7-ELEVEN INC. 44228,238 Hancock St,,Quincy,MA,02171,2230,NORFOLK,Convenience Store,42.277752,-71.030159,,,230390
1568103,7-Eleven Inc. 33065H,1024 Cove Rd,,New Bedford,MA,02744,1608,BRISTOL,Convenience Store,41.614681,-70.919563,,,230433
1556431,Mattapan Fish Market,1600 Blue Hill Ave,,Mattapan,MA,02126,2121,SUFFOLK,Specialty Store,42.269428,-71.093338,,,230445
1565724,Billerica Cirkle K,441 Boston Rd,,Billerica,MA,01821,2704,MIDDLESEX,Convenience Store,42.555233,-71.266319,,,230451
1558296,Indian Food & Spices 1,855 Worcester Rd,Ste 4,Framingham,MA,01701,5248,MIDDLESEX,Grocery Store,42.300411,-71.431908,,,230457
1563183,Crescent Variety,163 Crescent St,,Brockton,MA,02302,3152,PLYMOUTH,Convenience Store,42.080654,-71.015007,,,230605
1659145,4 Your Convenience,150 Main St,,Peabody,MA,01960,5653,ESSEX,Convenience Store,42.523865,-70.921371,,,230785
1566150,Free Boi Meat Market 2,1668 Acushnet Ave,,New Bedford,MA,02746,2141,BRISTOL,Grocery Store,41.665783,-70.928528,,,230823
1687801,Groundwork Lawrence Winter Market,50 Island St,Apt 101,Lawrence,MA,01840,1869,ESSEX,Farmers and Markets,42.706196,-71.151985,,,230829
1648309,1 Daily Stop,251 Orchard St,,New Bedford,MA,02740,3272,BRISTOL,Convenience Store,41.626442,-70.930305,,,230830
1568529,Nouria 97 Cedar Street 1190,97 Cedar Street,,Milford,MA,01757,    ,WORCESTER,Convenience Store,42.161579,-71.507919,,,230873
1568339,Colbea Enterprises LLC 71,915 Waltham St,,Lexington,MA,02421,8001,MIDDLESEX,Convenience Store,42.418106,-71.231934,,,230891
1568340,Colbea Enterprises LLC 93,394 Providence Hwy,,Westwood,MA,02090,1910,NORFOLK,Convenience Store,42.214279,-71.181541,,,230894
1563869,7-Eleven 20448F,425 Springfield St,,Springfield,MA,01107,1257,HAMPDEN,Convenience Store,42.131878,-72.599892,,,230995
1562223,Berkshire Mobile Farmers Market,321 Main St,Ste 209,Great Barrington,MA,01230,1786,BERKSHIRE,Other,42.193886,-73.362343,,,231001
1566705,Imperio Brazil Meat Market,675 Main St,,Worcester,MA,01610,3126,WORCESTER,Grocery Store,42.25869,-71.806313,,,231002
1561731,Vista Hermosa Market Ii,226 Hollis St,,Framingham,MA,01702,8606,MIDDLESEX,Grocery Store,42.273132,-71.418274,,,231042
1564142,Harissa Valley Mart ,200 Main St,,Cherry Valley,MA,01611,3141,WORCESTER,Convenience Store,42.243034,-71.872063,,,231081
1560166,11-11 Grocery Inc,76 Bennington St,,Lawrence,MA,01841,2514,ESSEX,Grocery Store,42.717857,-71.167648,,,231082
1542114,Rose Fresh Vegetable 1,1350 Gorham St,,Lowell,MA,01852,5214,MIDDLESEX,Grocery Store,42.61903,-71.304451,,,231083
1088387,Amigos Convenience Store 1,791 Central St,,Lowell,MA,01852,3429,MIDDLESEX,Grocery Store,42.635921,-71.306114,,,231084
1562665,Monarca Grocery Store,13 Central Sq,,Lynn,MA,01901,1308,ESSEX,Convenience Store,42.464046,-70.944038,,,231085
1568410,Westfield Gulf,288 Elm St,,Westfield,MA,01085,2921,HAMPDEN,Convenience Store,42.126522,-72.747612,,,231177
1573738,Energy North 2114,71 Essex Ave,,Gloucester,MA,01930,4927,ESSEX,Convenience Store,42.611923,-70.680748,,,231187
1570062,Cocina Lupita,10 Court Sq,,Greenfield,MA,01301,3512,FRANKLIN,Restaurant Meals Program,42.587849,-72.60096,,,231204
1570915,D & E Fresh Market Llc,459 Main St,Ste 1,Indian Orchard,MA,01151,1232,HAMPDEN,Grocery Store,42.15662,-72.48938,,,231213
1564256,International Supermarket,280 Main St,,Greenfield,MA,01301,3201,FRANKLIN,Convenience Store,42.588291,-72.601196,,,231224
1039407,Mini Market,407 Middle St,,East Weymouth,MA,02189,1282,NORFOLK,Convenience Store,42.210247,-70.943649,,,231239
705832,Tony's Seafood,1365 Fall River Ave,,Seekonk,MA,02771,5923,BRISTOL,Grocery Store,41.789402,-71.321243,,,231266
1566493,Liquor Palace,270 Main St,,Acushnet,MA,02743,1537,BRISTOL,Convenience Store,41.691032,-70.903725,,,231361
870128,Jalpa Corporation,573 Dorchester Ave,Ste 1,South Boston,MA,02127,2792,SUFFOLK,Convenience Store,42.329899,-71.057182,,,231420
1566976,Buena Vista Convenience Store,161 Washington St,,Somerville,MA,02143,3106,MIDDLESEX,Convenience Store,42.380207,-71.090424,,,231428
1568702,Bella Isla,181 Washington Ave,,Chelsea,MA,02150,4236,SUFFOLK,Restaurant Meals Program,42.398636,-71.031006,,,231435
1567174,Golden Mini Market,783 Main St,,Brockton,MA,02301,6024,PLYMOUTH,Convenience Store,42.06979,-71.017982,,,231450
1263867,Shirley Ave Variety,65 Shirley Ave,,Revere,MA,02151,5101,SUFFOLK,Convenience Store,42.408363,-70.998238,,,231458
1562177,Assabet Co-op Market,86 Powder Mill Rd,Ste 1,Maynard,MA,01754,1499,MIDDLESEX,Grocery Store,42.437794,-71.441856,,,231467
1562244,Boston Convenience ,6 Broadway,,Somerville,MA,02145,3301,MIDDLESEX,Convenience Store,42.385784,-71.077888,,,231468
1569005,Metro Herbs,11 Woodrow Ave,,Dorchester Center,MA,02124,3324,SUFFOLK,Farmers and Markets,42.288231,-71.078476,,,231475
1164064,Casali Market,775 Adams St,,Dorchester Center,MA,02124,5103,SUFFOLK,Convenience Store,42.283516,-71.055855,,,231476
1566199,Pueblito Market,13 Lewis St,,Lynn,MA,01902,4806,ESSEX,Convenience Store,42.467014,-70.925934,,,231532
1568738,P&C Market And Caribbean Cuisine 1,35 Lebanon St,,Malden,MA,02148,3114,MIDDLESEX,Convenience Store,42.434296,-71.045609,,,231533
1565020,Norm's Variety,423 Eastern Ave,,Lynn,MA,01902,1631,ESSEX,Convenience Store,42.479404,-70.933533,,,231534
1569524,Alltown Raynham #2728,1266 Broadway,,Raynham,MA,02767,1944,BRISTOL,Convenience Store,41.962463,-71.068871,,,231652
1566911,7-Eleven 37378A,188 Chelsea St,,Everett,MA,02149,4622,MIDDLESEX,Convenience Store,42.404083,-71.047768,,,231653
1564566,Fiorentino's Liquor,123 Ferry St,,Everett,MA,02149,4943,MIDDLESEX,Convenience Store,42.408268,-71.046097,,,231657
1566650,Square Bite,38 Maverick Sq,,East Boston,MA,02128,2336,SUFFOLK,Convenience Store,42.370037,-71.039261,,,231932
1571206,Fresh Food Generation,185 Talbot Ave,,Dorchester Center,MA,02124,2906,SUFFOLK,Restaurant Meals Program,42.292145,-71.079094,,,231938
1566619,Hingham Gas,19 Whiting St,,Hingham,MA,02043,3820,PLYMOUTH,Convenience Store,42.175472,-70.886971,,,231964
1567716,One Quick Stop,206 N Main St,,Whitinsville,MA,01588,1847,WORCESTER,Convenience Store,42.116856,-71.683487,,,231968
1569048,New Family Supermarket,205 Humboldt Ave,,Dorchester,MA,02121,1727,SUFFOLK,Grocery Store,42.312931,-71.089928,,,232018
1086644,Joy Variety Inc NO,12 Louise Rd,,Dedham,MA,02026,5202,NORFOLK,Convenience Store,42.230202,-71.142403,,,232173
1569123,7-eleven 37342C,494 Bridge St,,Lowell,MA,01850,2419,MIDDLESEX,Convenience Store,42.651608,-71.303444,,,232176
1566699,Au Beurre Chaud Bakery,721 River St,,Hyde Park,MA,02136,6725,SUFFOLK,Specialty Store,42.263767,-71.102501,,,232251
1566222,Primos Deli Grocery Inc.,5A Union St,,Lynn,MA,01902,3605,ESSEX,Convenience Store,42.469074,-70.937218,,,232254
1359160,Petro Plus,1708 S Main St,,Fall River,MA,02724,2102,BRISTOL,Convenience Store,41.684269,-71.174797,,,232618
1563976,Discount Market Food Grocery And Variety Inc,205 Broadway,Ste 1,Lawrence,MA,01840,1046,ESSEX,Convenience Store,42.707684,-71.169998,,,232743
1664045,Savon Mendon,147 Hartford Ave E,,Mendon,MA,01756,1119,WORCESTER,Convenience Store,42.10268,-71.502655,,,232785
1315032,Farmer Tim's Vegetables,110 Ramshorn Rd,,Dudley,MA,01571,6262,WORCESTER,Farmers and Markets,42.062443,-71.939667,,,232810
1573099,Pizza Maria,180 Oak St,,Brockton,MA,02301,1354,PLYMOUTH,Restaurant Meals Program,42.1008,-71.033218,,,232836
1573379,CVS Pharmacy 10868,5 Washington St,,Brighton,MA,02135,7463,SUFFOLK,Other,42.342522,-71.139923,,,232876
1493885,Global Food Bazaar,734 Grafton St,Unit 4 & 5,Worcester,MA,01604,2370,WORCESTER,Other,42.250458,-71.767212,,,232948
1584228,Eat Africana,20 Main St,,Taunton,MA,02780,2733,BRISTOL,Convenience Store,41.902012,-71.091362,,,233047
1583559,Ishan Inc,233 Sanford Rd,,Westport,MA,02790,3730,BRISTOL,Convenience Store,41.666828,-71.10849,,,233049
1591203,Kings Grocery LLC,235 South St,,Holyoke,MA,01040,3611,HAMPDEN,Supermarket,42.196289,-72.621506,,,233205
1571322,Ancient Ponies Farm Llc NAFMNP,712 Pratt Corner Rd,,Amherst,MA,01002,9511,HAMPSHIRE,Farmers and Markets,42.414524,-72.476433,,,233213
1587828,Boomsma Family Farm,10 Nye Brook Rd,,Blandford,MA,01008,9604,HAMPDEN,Farmers and Markets,42.186382,-72.894424,,,233232
1440662,Abington Stop N Gas,164 North Ave,,Abington,MA,02351,1702,PLYMOUTH,Convenience Store,42.128368,-70.943642,,,233319
1415633,Star Market Coffee Shop,317 Bank St,,Fall River,MA,02720,4901,BRISTOL,Convenience Store,41.702061,-71.151917,,,233365
1348002,Lucky 7 Mini Mart,701 Cottage St,,New Bedford,MA,02740,5546,BRISTOL,Convenience Store,41.649311,-70.935608,,,233382
1364091,Accra Supermarket Llc,32 Cambridge St,,Worcester,MA,01603,2343,WORCESTER,Grocery Store,42.244324,-71.830017,,,233660
1577282,7-eleven 37447B,973 Main St,,Worcester,MA,01603,2412,WORCESTER,Convenience Store,42.248924,-71.824028,,,233668
1579256,Richdale Food Shops 134,1025 Main St,,South Weymouth,MA,02190,1564,NORFOLK,Convenience Store,42.169384,-70.956024,,,233676
1578348,Gas 44,1375 Route 44,,Raynham,MA,02767,5438,BRISTOL,Convenience Store,41.904293,-71.014496,,,233853
1586597,Nazar Market,325 Rivers Edge Dr,,Medford,MA,02155,5456,MIDDLESEX,Grocery Store,42.410751,-71.075272,,,233871
1589875,7-eleven 37510C,612 Washington St,,Newton,MA,02458,1453,MIDDLESEX,Convenience Store,42.35387,-71.198448,,,233877
1657201,Country Farms Groceries,268 Branch St,,Lowell,MA,01851,1846,MIDDLESEX,Convenience Store,42.638168,-71.330597,,,234031
1658658,Averys General Store,127 Main St,,Charlemont,MA,01339,9703,FRANKLIN,Convenience Store,42.628227,-72.873436,,,234038
1586623,Shami's Mart Llc,95 School St,,Chicopee,MA,01013,1233,HAMPDEN,Convenience Store,42.146694,-72.610184,,,234056
1353318,Corners Grocery And Cafe,2 Packard Park,,Worthington,MA,01098,9527,HAMPSHIRE,Convenience Store,42.409935,-72.935417,,,234057
1585196,Cedar Convenience,377 Cedar St,,New Bedford,MA,02740,4535,BRISTOL,Convenience Store,41.64817,-70.937263,,,234147
1621974,Honey Farms,369 W Main St,,Northborough,MA,01532,2153,WORCESTER,Convenience Store,42.305157,-71.665695,,,234381
1590382,West Squantum Market & Liquor,205 W Squantum St,,Quincy,MA,02171,2550,NORFOLK,Convenience Store,42.270321,-71.033684,,,234480
1590819,Common Acre Farm,1273 East St,,Mansfield,MA,02048,3459,BRISTOL,Farmers and Markets,42.016346,-71.166962,,,234622
1589746,Ramzo International Market 1,268 Bowdoin St,Unit B,Dorchester,MA,02122,1814,SUFFOLK,Other,42.306919,-71.066368,,,234757
1351832,Boot Bhavani Inc,339 Broadway,,Fall River,MA,02721,1025,BRISTOL,Convenience Store,41.696465,-71.168053,,,234886
1322622,Uphams Corner Market,521 Columbia Rd,,Dorchester,MA,02125,2345,SUFFOLK,Convenience Store,42.315178,-71.066544,,,234889
1589322,Vejigantes Restaurant,57 W Dedham St,,Boston,MA,02118,1636,SUFFOLK,Restaurant Meals Program,42.342236,-71.072868,,,234891
1576603,Dudley Food Mart,693B Dudley St,,Dorchester,MA,02125,2204,SUFFOLK,Convenience Store,42.318348,-71.068535,,,234894
1590459,Cape And Island Produce,583 Iyannough Rd,,Hyannis,MA,02601,1946,BARNSTABLE,Specialty Store,41.665817,-70.289558,,,234901
1597530,1194 Royal Farm,1194 Kempton St,,New Bedford,MA,02740,1503,BRISTOL,Convenience Store,41.636204,-70.957603,,,235109
236313,Walyos Variety Inc,20 Essex St,,Salem,MA,01970,5210,ESSEX,Convenience Store,42.524677,-70.88504,,,235356
1594230,Tony Andrews Farm,394 Old Meeting House Rd,,East Falmouth,MA,02536,5248,BARNSTABLE,Farmers and Markets,41.597843,-70.564178,,,235388
1595426,Discount Food Mart,1501 Pleasant St,,Fall River,MA,02723,1914,BRISTOL,Convenience Store,41.689564,-71.133247,,,235389
1594985,Gyumri Armenian Bakery,220 Waverley Ave,,Watertown,MA,02472,3207,MIDDLESEX,Other,42.377144,-71.188347,,,235391
1594311,Shree Ferry Market 1,48 Ferry St,,Everett,MA,02149,4933,MIDDLESEX,Other,42.405781,-71.047714,,,235393
1598065,Attleboro Food Mart,290 County St,,Attleboro,MA,02703,3571,BRISTOL,Convenience Store,41.934071,-71.2994,,,235539
1595148,Fish & Farm Market NAFMNP,234 Northern Ave,,Boston,MA,02210,2022,SUFFOLK,Farmers and Markets,42.350143,-71.038414,,,235540
1590933,Continental Meat Market Corporation 0,243 Sawyer St,,New Bedford,MA,02746,2028,BRISTOL,Grocery Store,41.658005,-70.926704,,,235541
1590228,Enana's Market Corporation,14 Central Ave,,Chelsea,MA,02150,3247,SUFFOLK,Convenience Store,42.390438,-71.034798,,,235653
1597602,Mundial De Carnes Butchery 1,9 Meridian St,,East Boston,MA,02128,1928,SUFFOLK,Specialty Store,42.370506,-71.03878,,,235658
1589694,Corner Food Shop,171 West St,,Quincy,MA,02169,6210,NORFOLK,Convenience Store,42.238682,-71.025681,,,235663
1594792,Neighborhood Variety,132 E Howard St,,Quincy,MA,02169,    ,NORFOLK,Convenience Store,42.241112,-70.978455,,,235736
1597899,El Gustaso Market,550 Summer St,,Lynn,MA,01905,2356,ESSEX,Grocery Store,42.458519,-70.969971,,,235741
1598843,Boston Market,361 Boston St,,Lynn,MA,01905,1641,ESSEX,Grocery Store,42.466667,-70.964432,,,235745
1579555,Kimberley Meat Market Inc,101 Union St,,Lawrence,MA,01841,3922,ESSEX,Grocery Store,42.711514,-71.153412,,,235749
1159682,Tower Hill Mini Mart Inc.,99 Ames St,,Lawrence,MA,01841,4404,ESSEX,Grocery Store,42.70084,-71.181778,,,235753
1645936,Lakay Fresh Mini Market,1 Market St,Ste 1d,Lynn,MA,01901,1044,ESSEX,Specialty Store,42.463985,-70.951233,,,235814
1681716,7-eleven 33286B,503 River St,,Haverhill,MA,01832,5144,ESSEX,Convenience Store,42.765724,-71.100365,,,236021
1684463,Tony's News,300 Main St,,Worcester,MA,01608,1505,WORCESTER,Convenience Store,42.266079,-71.801559,,,236028
1603853,The Corner Store,5 Sycamore St,,Everett,MA,02149,4018,MIDDLESEX,Other,42.414345,-71.046829,,,236037
1600584,Save More Gas And Convenience,1348 New State Hwy,,Raynham,MA,02767,5439,BRISTOL,Convenience Store,41.904709,-71.015732,,,236116
1602611,No Name Grocery One N/A,270 Grafton St,,Worcester,MA,01604,3758,WORCESTER,Grocery Store,42.2561,-71.788353,,,236396
1604629,Spencer Sunoco,73 W Main St,,Spencer,MA,01562,2622,WORCESTER,Convenience Store,42.232349,-72.014381,,,236397
1600883,Stop And Go,4 Bardwell St,,South Hadley,MA,01075,2502,HAMPSHIRE,Convenience Store,42.215744,-72.597824,,,236398
1600574,Afghan Market 1,232 W Boylston St,,West Boylston,MA,01583,1729,WORCESTER,Grocery Store,42.347469,-71.78656,,,236399
1601036,Turn Out Variety,636 Main St,,Leominster,MA,01453,2441,WORCESTER,Convenience Store,42.543491,-71.739281,,,236523
1604193,Galloway's Convenience ,1079 Main St,,Tewksbury,MA,01876,2072,MIDDLESEX,Convenience Store,42.610336,-71.231743,,,236668
1604885,Kwik Stop Convenience,27 Washington St,,Haverhill,MA,01832,5523,ESSEX,Convenience Store,42.773624,-71.083504,,,236673
1676988,Akwaaba African Market,5 Newell St,,Pittsfield,MA,01201,5405,BERKSHIRE,Grocery Store,42.444519,-73.239479,,,237063
1683797,Mobil Mart,162 Southampton Rd,,Westfield,MA,01085,1370,HAMPDEN,Convenience Store,42.146145,-72.731003,,,237068
608892,Community Latin Grosery,136A Highland St,,Chelsea,MA,02150,3260,SUFFOLK,Grocery Store,42.39082,-71.02948,,,237129
1605555,Merengue Market II,891 Broadway,,Chelsea,MA,02150,3058,SUFFOLK,Grocery Store,42.399471,-71.022308,,,237130
1588263,New Entry Mobile Farmer's Market,733 Cabot St,,Beverly,MA,01915,1027,ESSEX,Other,42.583809,-70.899086,,,237131
1601850,Nasiff Marketplace,65 Copeland Dr,Ste 120,Mansfield,MA,02048,1297,BRISTOL,Grocery Store,42.028526,-71.227104,,,237132
1605319,Grabngo Market,414 Cambridge St,,Cambridge,MA,02141,1204,MIDDLESEX,Convenience Store,42.371288,-71.082954,,,237379
1317909,Seabreeze Mini Mart N/A,235 Main St,,Fairhaven,MA,02719,3349,BRISTOL,Convenience Store,41.650021,-70.909096,,,237537
1119928,New Reliable Market,45 Union Sq,,Somerville,MA,02143,3008,MIDDLESEX,Grocery Store,42.380138,-71.096298,,,237665
1294637,New Bedford Food Mart Inc.,111 County St,,New Bedford,MA,02744,1845,BRISTOL,Grocery Store,41.61903,-70.923431,,,237781
437971,Tonys Convenience,349 Westford St,,Lowell,MA,01851,2519,MIDDLESEX,Convenience Store,42.635025,-71.328262,,,237785
313695,Mignosa's Fruit Basket,148 Granite St,,Quincy,MA,02169,5019,NORFOLK,Grocery Store,42.245163,-71.006279,,,237789
1604583,Brockton Mini Mart,441 Pleasant St,,Brockton,MA,02301,2520,PLYMOUTH,Convenience Store,42.089153,-71.037086,,,237793
1613502,Guido's Fresh Marketplace,1020 South St,,Pittsfield,MA,01201,8225,BERKSHIRE,Supermarket,42.408512,-73.26442,,,238283
1604199,Mei Ya Asian Market,279 Great Rd,,Acton,MA,01720,4739,MIDDLESEX,Grocery Store,42.496498,-71.416183,,,238292
1607309,Super Ahorros Market Llc,300 Bennington St,,East Boston,MA,02128,1447,SUFFOLK,Grocery Store,42.379196,-71.028282,,,238363
1608001,Mineirao Market II 7813013900,841 Eastern Ave,,Malden,MA,02148,5925,MIDDLESEX,Supermarket,42.42968,-71.046059,,,238421
1601498,Richdale Of Marblehead,29 Smith St,,Marblehead,MA,01945,2051,ESSEX,Convenience Store,42.493412,-70.866631,,,238428
1606755,Southie Gas,79 W Broadway,,South Boston,MA,02127,1017,SUFFOLK,Convenience Store,42.341526,-71.055458,,,238651
1602659,Family Food Mart,324 Revere Beach Pkwy,,Chelsea,MA,02150,1413,SUFFOLK,Convenience Store,42.405151,-71.028885,,,238659
1606987,Leajoe Inc,420 Newbury St,,Danvers,MA,01923,1005,ESSEX,Convenience Store,42.599281,-70.960785,,,238717
974436,Montvale Fuel Inc,96 Montvale Ave,,Stoneham,MA,02180,3602,MIDDLESEX,Convenience Store,42.480034,-71.112465,,,238729
1607352,Le Marche African Market,170 Gorham St,,Lowell,MA,01852,3302,MIDDLESEX,Grocery Store,42.639469,-71.308334,,,238788
1648179,C & E Variety,282 Allen St,,New Bedford,MA,02740,3327,BRISTOL,Convenience Store,41.625874,-70.935219,,,238804
1612345,Arista Farms,405 Clemence Hill Rd,,Southbridge,MA,01550,3419,WORCESTER,Farmers and Markets,42.095661,-72.036858,,,238858
1236472,Discount Valley Inc.,121 Church St,,Lowell,MA,01852,2623,MIDDLESEX,Convenience Store,42.641594,-71.304817,,,238862
1607762,7-eleven 32466C,261 Dartmouth St,,Boston,MA,02116,3517,SUFFOLK,Convenience Store,42.350468,-71.077248,,,238867
1320253,Central Convenience,194 Dudley St,,Roxbury,MA,02119,2573,SUFFOLK,Convenience Store,42.328548,-71.081657,,,238870
1614704,Guido's Fresh Marketplace,760 South Main St,,Great Barrington,MA,01230,2014,BERKSHIRE,Supermarket,42.179543,-73.364861,,,238878
1510760,Planiteats Dartmouth,154 Faunce Corner Mall Rd,Ste D,North Dartmouth,MA,02747,1256,BRISTOL,Other,41.652267,-70.988235,,,239102
1611265,Hebron Market,1522 Tremont St,,Mission Hill,MA,02120,    ,SUFFOLK,Grocery Store,42.332245,-71.099861,,,239123
1616937,Whole Foods Market 10801,790 Iyannough Rd,Ste 12,Hyannis,MA,02601,4916,BARNSTABLE,Super Store,41.668613,-70.294113,,,239184
1610324,Brother's Beer & Wine 1,1036 Turnpike St,,Canton,MA,02021,2800,NORFOLK,Convenience Store,42.14798,-71.103775,,,239185
1605128,Stoneham Farmers Market 285,35 Central,,Stoneham,MA,02180,    ,MIDDLESEX,Farmers and Markets,42.480217,-71.098221,,,239404
1616940,Ocean State Job Lot 261,295 Old Oak St,Ste 1,Pembroke,MA,02359,1955,PLYMOUTH,Other,42.106434,-70.762428,,,239572
1600769,Ocean Market Liqour Inc ,915 Ocean St,,Marshfield,MA,02050,3744,PLYMOUTH,Convenience Store,42.105621,-70.665726,,,239577
1610711,Mineirao Market,125 Howard St,,Framingham,MA,01702,8310,MIDDLESEX,Grocery Store,42.277691,-71.414413,,,239716
1665949,La Cocinita/mini Market,324B Prospect St,322-324B,Lawrence,MA,01841,2041,ESSEX,Grocery Store,42.718109,-71.155067,,,239973
1687289,Marlboro Country Convenience ,286 W Main St,,Marlborough,MA,01752,3459,MIDDLESEX,Convenience Store,42.339226,-71.561386,,,239979
1209887,A & U Llc,283 Amherst Rd,,Sunderland,MA,01375,9464,FRANKLIN,Convenience Store,42.45142,-72.563477,,,240122
1610846,Fresh Mart,753 Union St,,West Springfield,MA,01089,4116,HAMPDEN,Grocery Store,42.098888,-72.608627,,,240162
1465879,Ash Pharmacy,1067 Main St,,Worcester,MA,01603,2406,WORCESTER,Convenience Store,42.244942,-71.832237,,,240163
1605517,Maple Convenience,323 Maple St,,Marlborough,MA,01752,3294,MIDDLESEX,Convenience Store,42.336163,-71.542168,,,240164
1612697,Stopngo,643 Prospect St,,Chicopee,MA,01020,3047,HAMPDEN,Convenience Store,42.201038,-72.580948,,,240223
1603577,Umass Boston C-Store 94329021,100 Morrissey Blvd,,Boston,MA,02125,    ,SUFFOLK,Convenience Store,42.316227,-71.048157,,,240293
1690125,Alltown Fresh Framingham 2704,696 Cochituate Road,111 Speen Street,Framingham,MA,01701,    ,MIDDLESEX,Convenience Store,42.308697,-71.384483,,,240344
1612328,D & M Variety,99 Commercial St,,Lynn,MA,01905,2905,ESSEX,Convenience Store,42.459118,-70.960274,,,240476
1604617,Jc Ynoa Market Inc,8 Salem St,,Medford,MA,02155,    ,MIDDLESEX,Grocery Store,42.418549,-71.109146,,,240503
1611316,Randolph Fish Market,344 N Main St,,Randolph,MA,02368,4173,NORFOLK,Specialty Store,42.168533,-71.04657,,,240509
1613293,Yammy E. African Market,18 Palmer St,Ste RI,Roxbury,MA,02119,    ,SUFFOLK,Other,42.330559,-71.082352,,,240609
1613508,7-eleven 37474C,337 Gannett Rd,,Scituate,MA,02066,1210,PLYMOUTH,Convenience Store,42.219257,-70.783806,,,240724
366388,MAIN SUPERETTE,781 Main St,,Worcester,MA,01610,3127,WORCESTER,Grocery Store,42.256081,-71.810745,,,240784
1682694,Colonial Convenience,222 Barre Paxton Rd,,Rutland,MA,01543,1241,WORCESTER,Convenience Store,42.349689,-71.984184,,,240824
1661725,El Primo Minimarket Corporation 1,253 Ferry St,,Lawrence,MA,01841,1344,ESSEX,Grocery Store,42.721893,-71.155731,,,240827
1666614,Dollar Tree 9791,175 Mansfield Ave,Unit 18,Norton,MA,02766,1337,BRISTOL,Other,41.982296,-71.209892,,,240885
1609267,Fine Mart Convenience,201 Elm St,,Everett,MA,02149,5233,MIDDLESEX,Convenience Store,42.413559,-71.038361,,,241090
1619687,TRADER JOE'S MILFORD 582,220 Fortune Blvd,,Milford,MA,01757,1743,WORCESTER,Supermarket,42.16074,-71.501869,,,241155
1610898,Top Brazilian Meat Market,186 Central St,,Milford,MA,01757,3426,WORCESTER,Grocery Store,42.139542,-71.513458,,,241156
1615887,Xtra Mart,465 E Main St,,Southbridge,MA,01550,2940,WORCESTER,Convenience Store,42.070145,-72.011177,,,241157
1616424,Eurogrocery 4,51 Mazzeo Dr,,Randolph,MA,02368,3401,NORFOLK,Grocery Store,42.164146,-71.06041,,,241199
1616288,7-11 Mart,711 Main St,,Worcester,MA,01610,3164,WORCESTER,Convenience Store,42.258015,-71.80732,,,241300
1615209,Cushman Market And Cafe Llc,491 Pine St,,Amherst,MA,01002,1136,HAMPSHIRE,Convenience Store,42.412693,-72.507973,,,241397
1607070,Urban Food Brood Evening Market,250 Albany St,,Springfield,MA,01105,1018,HAMPDEN,Farmers and Markets,42.120159,-72.575111,,,241398
1612876,Royal,880 Water St,,Fitchburg,MA,01420,6340,WORCESTER,Convenience Store,42.566502,-71.781609,,,241400
1636399,Gas Plus,80 Pleasant St,,Attleboro,MA,02703,2305,BRISTOL,Convenience Store,41.947311,-71.279816,,,241412
1603565,Cordelias Farm ,228 Pleasant St,,Berlin,MA,01503,1631,WORCESTER,Farmers and Markets,42.362877,-71.628639,,,241437
1616276,Big W Variety,59 Providence St,,Worcester,MA,01604,4201,WORCESTER,Convenience Store,42.254562,-71.792542,,,241476
1634503,Stop N Save,201 Rock St,,Fall River,MA,02720,3211,BRISTOL,Convenience Store,41.704361,-71.152435,,,241496
1673976,E & D Mini Market,344 Orange St,,Springfield,MA,01108,1901,HAMPDEN,Convenience Store,42.093418,-72.556938,,,241722
1613814,Border Bets & Butts,661 Washington St,,Attleboro,MA,02703,6986,BRISTOL,Convenience Store,41.909668,-71.363953,,,241753
1685308,Stop & Shop 30,2265 Northampton St,,Holyoke,MA,01040,3447,HAMPDEN,Supermarket,42.183014,-72.633194,,,241857
1619552,Notch Travel Centre,326 College Hwy,,Southwick,MA,01077,9226,HAMPDEN,Convenience Store,42.041317,-72.784042,,,241887
1617990,Adham Smoke Shop Llc,1296 Montgomery St,,Chicopee,MA,01013,3999,HAMPDEN,Convenience Store,42.191078,-72.599312,,,241891
1653541,Star Market 163,49 White St,,Cambridge,MA,02140,1435,MIDDLESEX,Supermarket,42.38987,-71.118584,,,241936
1616230,Desi Food Mart,714 Ashley Blvd,,New Bedford,MA,02745,5543,BRISTOL,Grocery Store,41.679337,-70.933388,,,241991
1676956,Om Tj Food Mart Inc,349 Allen St,,Springfield,MA,01108,1902,HAMPDEN,Convenience Store,42.093536,-72.551476,,,242040
1621522,7-Eleven 37424B,755 Bedford Street,,Bridgewater,MA,02324,    ,PLYMOUTH,Convenience Store,41.967346,-70.974113,,,242095
1666931,Dollar Tree 10603,272 Highland Ave.,,Salem,MA,01970,    ,ESSEX,Other,42.503841,-70.924019,,,242226
1616745,Quarrystone Convenience,10 Overlook Ridge Drive,,Malden,MA,02148,    ,MIDDLESEX,Convenience Store,42.438461,-71.021187,,,242282
1619980,Bon Sole Market,48 Blue Hill Ave,,Roxbury,MA,02119,3475,SUFFOLK,Convenience Store,42.323437,-71.07608,,,242283
1615500,Bruso Liquor Mart,144 Main St,,Ware,MA,01082,1320,HAMPSHIRE,Convenience Store,42.260475,-72.243172,,,242302
1620404,Dollar Tree 10300,49 Central St,,Winchendon,MA,01475,1665,WORCESTER,Other,42.681213,-72.047554,,,242309
1617777,Country Mart,49 S Main St,,Athol,MA,01331,2129,WORCESTER,Convenience Store,42.592823,-72.240105,,,242316
1622790,Vicente's Supermarket,452 Mount Pleasant St,,New Bedford,MA,02746,1556,BRISTOL,Super Store,41.662571,-70.941002,,,242358
1623492,Ocean State Job Lot 262,15 Stockwell Dr,,Avon,MA,02322,1172,NORFOLK,Other,42.128113,-71.068008,,,242521
1622345,D & F Food Service Inc./C-town,2705 Main St,,Springfield,MA,01107,1508,HAMPDEN,Supermarket,42.115368,-72.605919,,,242568
1617693,J'S Corner,4 Mill St,,Greenfield,MA,01301,3217,FRANKLIN,Convenience Store,42.585026,-72.60154,,,242571
1615336,Grand Street Convenience Market,90B Grand St,,Worcester,MA,01610,1629,WORCESTER,Grocery Store,42.248405,-71.818314,,,242579
1619480,Jc's Market,259 Conway St,,Greenfield,MA,01301,1503,FRANKLIN,Convenience Store,42.599022,-72.609421,,,242587
1616801,Mama Khadija Halal Market,1066 State St,,Springfield,MA,01109,3130,HAMPDEN,Grocery Store,42.114254,-72.555779,,,242594
1661778,Expo's Iii,1643 Acushnet Ave,,New Bedford,MA,02746,2138,BRISTOL,Convenience Store,41.665054,-70.929016,,,242636
1686891,Nightjar Farm,22 Simonich St,,Chicopee,MA,01013,3645,HAMPDEN,Farmers and Markets,42.161625,-72.598587,,,242701
1622440,Maverick Street Market,207 Maverick St,,East Boston,MA,02128,3107,SUFFOLK,Convenience Store,42.368706,-71.036194,,,242711
1623679,The Fresh Market 253,280 School St,,Mansfield,MA,02048,1840,BRISTOL,Supermarket,42.013252,-71.228058,,,242743
1618249,Mineirao Market,19 Central St,,Peabody,MA,01960,0058,ESSEX,Grocery Store,42.527782,-70.926849,,,242769
1619608,Bob's Market,42 Arnold Rd,,North Attleboro,MA,02760,1009,BRISTOL,Grocery Store,41.98299,-71.340561,,,242803
1621604,Yarmouth Food Mart ,1301 Route 28,,South Yarmouth,MA,02664,4453,BARNSTABLE,Convenience Store,41.666748,-70.188515,,,242848
1686945,Cure For Boredom Farm,43 Trow Road,,Cummington,MA,01026,    ,HAMPSHIRE,Farmers and Markets,42.464249,-72.942368,,,242910
1617505,Quick Mart,225 Broadway,,Revere,MA,02151,5028,SUFFOLK,Grocery Store,42.40694,-71.014076,,,243323
1622088,Shaw's 418,780 S Main St,,Sharon,MA,02067,2841,NORFOLK,Supermarket,42.094051,-71.219826,,,243713
1618889,Premier Convenience,1939 Bay St,,Taunton,MA,02780,1078,BRISTOL,Convenience Store,41.957256,-71.116776,,,243717
1615850,Royal Farm,531 Mount Pleasant St,,New Bedford,MA,02746,1547,BRISTOL,Convenience Store,41.664757,-70.94326,,,243895
1619220,Sisa Convenience Store Inc,406 Chandler St,,Worcester,MA,01602,3328,WORCESTER,Grocery Store,42.263653,-71.833405,,,243941
1621832,Westfield Shell,259 N Elm St,,Westfield,MA,01085,1613,HAMPDEN,Convenience Store,42.135918,-72.738968,,,244058
1615879,Costas Mini Mart,138 Belleville Rd,,New Bedford,MA,02745,5900,BRISTOL,Convenience Store,41.668468,-70.927864,,,244108
1621680,ALDI 73166,39 Davis Straits,,Falmouth,MA,02540,3905,BARNSTABLE,Supermarket,41.556965,-70.598167,,,244316
1615856,Costa's Cash Express,46 County St,,New Bedford,MA,02744,1102,BRISTOL,Convenience Store,41.616478,-70.92202,,,244318
1663171,Big Y Westborough #141 141,290 Turnpike Rd,,Westborough,MA,01581,2843,WORCESTER,Super Store,42.280968,-71.648354,,,244370
1616222,Lopez Restaurant & Market 1,153 Arlington St,,Lawrence,MA,01841,1621,ESSEX,Grocery Store,42.717705,-71.175018,,,244566
1612819,Jgb Supermarket,576 Haverhill St,,Lawrence,MA,01841,4279,ESSEX,Grocery Store,42.70422,-71.180878,,,244571
1620036,Katie's Country Store,1922 E Otis Rd,,East Otis,MA,01029,4528,BERKSHIRE,Grocery Store,42.173141,-73.034981,,,244724
1618973,Adams Shore Supermarket,494 Sea St,,Quincy,MA,02169,2705,NORFOLK,Grocery Store,42.261604,-70.980057,,,244766
1617694,Quincy Mini Mart,263 Water St,,Quincy,MA,02169,6533,NORFOLK,Convenience Store,42.240993,-71.008568,,,244772
1645864,De Mi Tierra Distributor Inc 1,195 Chelsea St,,Everett,MA,02149,4665,MIDDLESEX,Grocery Store,42.403522,-71.047997,,,244949
1640310,Sahab Boutique and Market,532 Washington St,,Quincy,MA,02169,5832,NORFOLK,Other,42.247589,-70.979774,,,244952
1652886,Hubbardston Market NA,32 Main St,,Hubbatdston,MA,01452,    ,WORCESTER,Convenience Store,42.478069,-72.009499,,,244997
1343675,Richdale Food Shops 116,114 Main St,,Blackstone,MA,01504,2290,WORCESTER,Convenience Store,42.018997,-71.537415,,,244999
1625012,Taste From Brazil For You Inc,1001 Boston Providence Hwy,,Norwood,MA,02062,    ,NORFOLK,Convenience Store,42.178265,-71.192322,,,245091
1630635,H Mart Somerville LLC,240 Elm St,Unit 110,Somerville,MA,02144,2935,MIDDLESEX,Super Store,42.39497,-71.122078,,,245110
1622850,La Reina Del Sur Inc,319 S Broadway,,Lawrence,MA,01843,2632,ESSEX,Grocery Store,42.690098,-71.159492,,,245221
1660469,Arevalo's Market,597 Essex St,,Lynn,MA,01902,    ,ESSEX,Grocery Store,42.465382,-70.95063,,,245352
1654526,Om Nepali Store Llc 1,1 Pineland Ave,Ste 3,Shrewsbury,MA,01545,4567,WORCESTER,Convenience Store,42.243374,-71.740112,,,245354
1287793,Qt Food And Fuel Llc,646 Grattan St,,Chicopee,MA,01020,1264,HAMPDEN,Convenience Store,42.172806,-72.598602,,,245373
1619115,Elaines Place,420 Revere Beach,,Revere,MA,02125,    ,SUFFOLK,Convenience Store,42.424786,-70.982834,,,245444
1620958,Hyde Park Market,853 River St,,Hyde Park,MA,02136,6410,SUFFOLK,Convenience Store,42.262856,-71.108421,,,245445
1644876,K-Mart,100 S Main St,,Fall River,MA,02721,5325,BRISTOL,Convenience Store,41.700596,-71.155792,,,245447
1642750,Sweenys Package Store,90 Essex St,,Lawrence,MA,01840,1606,ESSEX,Convenience Store,42.707523,-71.155838,,,245456
1079242,Vineyard Grocer,294 State Rd,,Vineyard Haven,MA,02568,5623,DUKES,Super Store,41.448578,-70.612617,,,245602
1405398,Springfield Food Policy Council - 40 Acres Market NAFMNP,11 Dartmouth Street,,Springfield,MA,01105,    ,HAMPDEN,Farmers and Markets,42.116554,-72.567482,,,245643
1623549,King Mart,494 Westfield Rd,,Holyoke,MA,01040,1633,HAMPDEN,Convenience Store,42.186726,-72.650024,,,245647
1280325,Red Shirt Farm Market,60 Williamstown Rd,,Lanesborough,MA,01237,9624,BERKSHIRE,Farmers and Markets,42.54155,-73.230347,,,245652
1184445,Amigao Market,192 Main St,,Marlborough,MA,01752,3807,MIDDLESEX,Grocery Store,42.346622,-71.549538,,,245676
1628306,Farmington River General Store,83 S Main St,,Sandisfield,MA,01255,9608,BERKSHIRE,Convenience Store,42.090645,-73.076187,,,245681
1627082,Quick Pic,1343 Carew St,,Springfield,MA,01104,2029,HAMPDEN,Convenience Store,42.135857,-72.569221,,,245711
1365709,Danco African Market,785 Main St,,Worcester,MA,01610,3127,WORCESTER,Grocery Store,42.255939,-71.811234,,,245812
1624690,Crow Point Convenience,185 Lincoln St,,Hingham,MA,02043,    ,PLYMOUTH,Convenience Store,42.249706,-70.904518,,,245841
1619058,Ratanakiri Market,4 Pine St,,Lowell,MA,01851,3109,MIDDLESEX,Grocery Store,42.634735,-71.327393,,,245853
1619225,Hyderabad Palace,504 Boston Rd,,Billerica,MA,01821,2811,MIDDLESEX,Grocery Store,42.554295,-71.26413,,,245992
1642034,Diaz Pena Market,328 Saint James Ave,,Springfield,MA,01109,3841,HAMPDEN,Grocery Store,42.118382,-72.571251,,,246019
1620335,Wonderful Mart,2368 Massacusetts Ave,,Cambridge,MA,02140,    ,MIDDLESEX,Convenience Store,42.396641,-71.129829,,,246082
1643447,R & R Variety,207 1/2 Sargeant St,,Holyoke,MA,01040,3106,HAMPDEN,Convenience Store,42.205296,-72.622658,,,246113
1633247,Bp N/P,30 Chandler St,,Worcester,MA,01609,2404,WORCESTER,Convenience Store,42.259914,-71.806625,,,246115
1636005,Falcon Ecuatoriano Store Inc,60 Hollis St,,Framingham,MA,01702,8616,MIDDLESEX,Grocery Store,42.275425,-71.416924,,,246116
1351290,Rafy Market,333 Lawrence St,,Lawrence,MA,01841,1122,ESSEX,Grocery Store,42.720245,-71.169479,,,246144
1649951,Stop & Shop 92,757 Turnpike St,,North Andover,MA,01845,6120,ESSEX,Supermarket,42.660084,-71.109772,,,246151
1649810,Latinas Flavor Stop,75 Main St,,Webster,MA,01570,2206,WORCESTER,Convenience Store,42.049412,-71.885925,,,246211
1641791,Halal Brothers,436 Broadway,B-1b,Methuen,MA,01844,    ,ESSEX,Grocery Store,42.736137,-71.196182,,,246251
1621500,E Market,1699 Shawsheen St,,Tewksbury,MA,01876,    ,MIDDLESEX,Convenience Store,42.621696,-71.183159,,,246253
1646639,Out To Lunch Festival And Farmers' Market NAFMNP,455 Main Street,"Worcester Common, Behind City Hall",Worcester,MA,01608,    ,WORCESTER,Farmers and Markets,42.262562,-71.801956,,,246256
1188659,Brookwood Community Farm,11 Blue Hill River Rd,,Canton,MA,02021,1001,NORFOLK,Farmers and Markets,42.207897,-71.111313,,,246263
1648782,Ocean State Job Lot 264,116 E Main St,,Webster,MA,01570,1712,WORCESTER,Other,42.057858,-71.864944,,,246265
1622059,Holland Convenience,99 Holland St,,Somerville,MA,02144,2738,MIDDLESEX,Convenience Store,42.398972,-71.124199,,,246271
1649989,Stop & Shop 96,2 Elm St,,Woburn,MA,01801,1979,MIDDLESEX,Supermarket,42.500427,-71.160294,,,246273
1650012,Costco Wholesale 0302,119 Daggett Dr,,West Springfield,MA,01089,4672,HAMPDEN,Super Store,42.131855,-72.620636,,,246275
1646668,Drew Farm FFAB,35 Tadmuck Rd,,Westford,MA,01886,2738,MIDDLESEX,Farmers and Markets,42.579624,-71.415565,,,246277
1619807,Symphony Market,291 Huntington Ave,,Boston,MA,02115,4401,SUFFOLK,Grocery Store,42.341541,-71.086815,,,246279
1649934,Stop & Shop 7,377 Chauncy St,,Mansfield,MA,02048,1169,BRISTOL,Supermarket,42.032829,-71.236504,,,246281
1649979,Stop & Shop 9,28 Lincoln St,,Holyoke,MA,01040,3472,HAMPDEN,Supermarket,42.214565,-72.618202,,,246283
1649953,Stop & Shop 62,99 Charles St,,Malden,MA,02148,6700,MIDDLESEX,Supermarket,42.42432,-71.071472,,,246285
1641667,Richdale Convenience Store,453 Chatham St,,Lynn,MA,01902,2117,ESSEX,Convenience Store,42.479855,-70.94252,,,246369
1640261,Esmeralda Family Market,11 Maplewood St,,Malden,MA,02148,4307,MIDDLESEX,Grocery Store,42.433262,-71.046387,,,246375
1649946,Stop & Shop 2489,305 Guest St,,Allston,MA,02134,2172,SUFFOLK,Supermarket,42.356663,-71.142929,,,246380
1649997,Stop & Shop 8,19 Temple St,,Framingham,MA,01702,2402,MIDDLESEX,Supermarket,42.297638,-71.447906,,,246382
1641335,PANADERIA & ANTOJITOS CENTRO AMERICANOS,515 Chestnut St,,Lynn,MA,01904,2716,ESSEX,Convenience Store,42.477448,-70.948997,,,246383
1649889,Stop & Shop 2411,105 Alewife Brook Pkwy,,Somerville,MA,02144,1451,MIDDLESEX,Supermarket,42.406746,-71.132271,,,246388
1649916,Stop & Shop 94,935A Riverdale St,,West Springfield,MA,01089,4613,HAMPDEN,Supermarket,42.129494,-72.626274,,,246390
1643682,Main St Shell,86 Main St,,Medway,MA,02053,1801,NORFOLK,Convenience Store,42.151188,-71.413506,,,246391
1630824,Halal Meat Boston,139 Water St,,Quincy,MA,02169,6535,NORFOLK,Specialty Store,42.241966,-71.003891,,,246395
1645583,Md-market Llc,7 Main St,,Blackstone,MA,01504,    ,WORCESTER,Convenience Store,42.01582,-71.528664,,,246396
1637641,Tony's Market,4381 Washington St,,Roslindale,MA,02131,3455,SUFFOLK,Specialty Store,42.282158,-71.132988,,,246397
1638012,Lucky Shamrock,263 Beale St,,Quincy,MA,02170,3229,NORFOLK,Convenience Store,42.261879,-71.025314,,,246402
1642346,Almonte Market & Deli One LLC,551 S Bridge St,,Holyoke,MA,01040,5777,HAMPDEN,Convenience Store,42.197517,-72.606728,,,246403
1649850,Stop & Shop 416,160 Providence Hwy,Rte 1,Dedham,MA,02026,    ,NORFOLK,Supermarket,42.258095,-71.167717,,,246409
1635621,Socheata'a Convenience,35 Willie St,Unit 4,Lowell,MA,01854,4165,MIDDLESEX,Grocery Store,42.644081,-71.322197,,,246410
1649954,Stop & Shop 57,100 Worcester St,,North Grafton,MA,01536,1024,WORCESTER,Supermarket,42.22047,-71.696625,,,246416
1648754,Sam's Food Stores,389 Broadway,,Lawrence,MA,01841,3528,ESSEX,Convenience Store,42.712723,-71.174187,,,246433
1646019,Acropolis Supermarket,533 Columbia Rd,,Dorchester,MA,02125,2390,SUFFOLK,Grocery Store,42.315899,-71.066025,,,246440
1643269,Luke's Convenience,411 Pond St,,Braintree,MA,02184,6866,NORFOLK,Convenience Store,42.198868,-71.025795,,,246541
1647849,J Rose Market Express,2 Tracey St,Unit A,Peabody,MA,01906,    ,ESSEX,Convenience Store,42.526024,-70.920227,,,246555
1658861,Creation Meat Market LLC,398 Broadway,,Revere,MA,02151,5036,SUFFOLK,Convenience Store,42.410225,-71.012474,,,246590
1628182,Sweet Brazil Market,1032 Main St,,South Weymouth,MA,02190,1509,NORFOLK,Grocery Store,42.169319,-70.954926,,,246674
1622998,Corner Market,227 Matfield St,,West Bridgewater,MA,02379,1313,PLYMOUTH,Convenience Store,42.031975,-70.996613,,,246685
1649995,Stop & Shop 404,1600 Boston Rd,,Springfield,MA,01129,    ,HAMPDEN,Supermarket,42.14473,-72.489799,,,246979
1645626,Public Petroleum,2394 Main St,,Three Rivers,MA,01080,1150,HAMPDEN,Convenience Store,42.186321,-72.348419,,,246982
1640794,Cultural Market,101 Dalton Ave,,Pittsfield,MA,01201,3534,BERKSHIRE,Grocery Store,42.45779,-73.228935,,,246986
1586729,Boston South Liquor & Spirits 426,106 South St,,Boston,MA,02111,2801,SUFFOLK,Convenience Store,42.351086,-71.057152,,,247025
987795,Highland Market,96 Adams St,,Lynn,MA,01902,3545,ESSEX,Convenience Store,42.470924,-70.943893,,,247088
1631396,MB Mini Mart LLC,137 Pulaski Blvd,,Bellingham,MA,02019,2406,NORFOLK,Convenience Store,42.019867,-71.494781,,,247089
1649853,Stop & Shop 433,760 Fellsway,,Medford,MA,02155,4926,MIDDLESEX,Supermarket,42.408318,-71.086212,,,247231
1649966,Stop & Shop 39,259 Main St,,Stoneham,MA,02180,2054,MIDDLESEX,Supermarket,42.484772,-71.10157,,,247239
1641701,Star Food Mart,1266 Hyde Park Ave,,Hyde Park,MA,02136,2702,SUFFOLK,Convenience Store,42.255699,-71.123795,,,247247
1649845,Stop & Shop 429,1100 Massachusetts Ave,,Dorchester,MA,02125,1606,SUFFOLK,Supermarket,42.326466,-71.065498,,,247256
1657262,Ocean State Job Lot 265,416 Southbridge St,,Auburn,MA,01501,2442,WORCESTER,Other,42.202255,-71.839806,,,247265
1649887,Stop & Shop 413,1025 Truman Hwy,,Hyde Park,MA,02136,3326,SUFFOLK,Supermarket,42.242477,-71.127335,,,247275
1637573,Saul Mache Mixe Store,1549 Blue Hill Ave,,Mattapan,MA,02126,2122,SUFFOLK,Other,42.270927,-71.093971,,,247289
1641433,Arossa Fish Market ,53 N Main St,,Randolph,MA,02368,4603,NORFOLK,Specialty Store,42.163765,-71.041847,,,247301
1649975,Stop & Shop 432,469 Pleasant St,,Attleboro,MA,02703,2421,BRISTOL,Supermarket,41.950645,-71.270874,,,247311
1649898,Stop & Shop 478,316 Grove St,,Braintree,MA,02184,7224,NORFOLK,Supermarket,42.190845,-70.986534,,,247320
1634900,Top Notch Wellness Center 1,742 Crescent St,,Brockton,MA,02302,3343,PLYMOUTH,Other,42.081501,-70.988586,,,247416
1646069,NEW BEDFORD FOOD MARKET,239 Ashley Blvd,,New Bedford,MA,02746,1767,BRISTOL,Grocery Store,41.661594,-70.930161,,,247424
491580,FREDDY'S MARKET INC.,302A Centre St,,Jamaica Plain,MA,02130,1404,SUFFOLK,Grocery Store,42.322868,-71.103249,,,247428
1632541,Mattapoisett Food And Fuel,62 Fairhaven Rd,,Mattapoisett,MA,02739,1482,PLYMOUTH,Convenience Store,41.657543,-70.830711,,,247489
1631601,Village Market,151 State Rd,Ste 1,Westport,MA,02790,3516,BRISTOL,Grocery Store,41.675789,-71.110123,,,247490
1642694,Ocean State Job Lot 263,1505 S Washington St,,North Attleboro,MA,02760,4497,BRISTOL,Other,41.93391,-71.352936,,,247510
1406890,Oliveira's Deli Market,243 Faneuil St,,Brighton,MA,02135,1844,SUFFOLK,Grocery Store,42.352741,-71.16011,,,247518
1640723,Big Apple Food Shop,72 Loring Avenue,,Salem,MA,01970,    ,ESSEX,Convenience Store,42.500591,-70.896439,,,247644
1635563,Santa Maria Market ,451 Ferry St,,Everett,MA,02149,5663,MIDDLESEX,Grocery Store,42.418228,-71.050621,,,247724
1650002,Stop & Shop 498,779 McGrath Hwy,,Somerville,MA,02145,2122,MIDDLESEX,Supermarket,42.391567,-71.085663,,,247727
1626447,Casa Brasil,247 Lincoln St,,Worcester,MA,01605,2139,WORCESTER,Grocery Store,42.283924,-71.791733,,,248051
1396015,Tangerini's Spring Street Farm Inc,139 Spring St,,Millis,MA,02054,1527,NORFOLK,Farmers and Markets,42.159966,-71.357391,,,248052
1626646,Shop N Go,374 Salem St,,Medford,MA,02155,3307,MIDDLESEX,Convenience Store,42.422146,-71.09494,,,248106
1631719,Massachusetts College of Liberal Arts PO,375 Church St,Amsler Campus Center,North Adams,MA,01247,4100,BERKSHIRE,Convenience Store,42.691364,-73.10289,,,248419
1379733,76 Food Mart,76 Main St,,Leominster,MA,01453,5539,WORCESTER,Convenience Store,42.528343,-71.758339,,,248420
1630265,Village Market,208 Wareham St,,Middleboro,MA,02346,2828,PLYMOUTH,Convenience Store,41.879658,-70.885468,,,248534
1624191,Amanava Trading Center 54,54 Hamilton St,,Worcester,MA,01604,2204,WORCESTER,Grocery Store,42.255886,-71.782051,,,248544
1622997,One Stop Gas & Mini Mart,94 Winthrop St,,Taunton,MA,02780,4124,BRISTOL,Convenience Store,41.89661,-71.099182,,,248805
1195290,Red Apple Farm BPM,455 Highland Ave,,Phillipston,MA,01331,9594,WORCESTER,Farmers and Markets,42.581738,-72.146065,,,248916
1664122,Americas Grocery Llc,970 Blue Hill Ave,,Dorchester Center,MA,02124,2804,SUFFOLK,Convenience Store,42.290848,-71.088913,,,249001
1671879,Randolph Market,259 Allen St,,Randolph,MA,02368,4110,NORFOLK,Convenience Store,42.175182,-71.035484,,,249039
1670559,Catamount Country Store,113 Main Rd,,Colrain,MA,01340,9517,FRANKLIN,Convenience Store,42.672531,-72.715385,,,249238
1675761,BJ's Wholesale Club 250,1655 Boston Rd,,Springfield,MA,01129,1148,HAMPDEN,Super Store,42.141281,-72.48629,,,249239
1412759,Kelley Farm,159 S Shelburne Rd,,Shelburne Falls,MA,01370,9535,FRANKLIN,Farmers and Markets,42.583378,-72.674736,,,249240
1668447,Honey Land Mini Mart,220 Summer St,,Fitchburg,MA,01420,5873,WORCESTER,Convenience Store,42.574162,-71.782349,,,249243
1670725,Pharaoh Investment LLC,1249 Newport Ave,,Attleboro,MA,02703,8040,BRISTOL,Convenience Store,41.899361,-71.355736,,,249250
1670544,Sam's Food Shop,810 Meadow St,,Chicopee,MA,01013,1801,HAMPDEN,Convenience Store,42.164982,-72.61438,,,249315
1154729,Kwikpik,590 Boston Rd,,Springfield,MA,01119,1302,HAMPDEN,Convenience Store,42.134491,-72.524956,,,249316
1667853,Mickelito Multi Services Center,1589 Blue Hill Ave,,Mattapan,MA,02126,2122,SUFFOLK,Other,42.269512,-71.094055,,,249761
1487313,Town Line Dairy Farm,64 Williams St,,Upton,MA,01568,1710,WORCESTER,Specialty Store,42.169205,-71.641151,,,249829
1667988,Mini Central,140 Harvard St,,Dorchester,MA,02124,    ,SUFFOLK,Convenience Store,42.296223,-71.080582,,,249991
1678838,Colbea Enterprises LLC 95,431 Lincoln St,,Marlborough,MA,01752,2153,MIDDLESEX,Convenience Store,42.346306,-71.55941,,,250096
1678053,Two Brother's Meat Market Inc,595 Washington St,,Stoughton,MA,02072,4209,NORFOLK,Grocery Store,42.129818,-71.102272,,,250315
1678524,Frangrill Restaurant & Supermarket,511 Broadway,,Lawrence,MA,01841,3005,ESSEX,Grocery Store,42.715115,-71.176331,,,250317
1440029,Methuen Sunoco 013,150 Pelham St,,Methuen,MA,01844,1565,ESSEX,Convenience Store,42.727119,-71.201668,,,250383
1670607,Quik Mart no,273 Hancock St,,Springfield,MA,01109,4352,HAMPDEN,Convenience Store,42.101784,-72.566994,,,250388
1173140,D&r Market,54 Foster St,Ste 2,Peabody,MA,01960,5985,ESSEX,Convenience Store,42.524067,-70.928391,,,250421
1668976,The Market Place,936 Broadway,,Chelsea,MA,02150,2213,SUFFOLK,Convenience Store,42.400784,-71.0215,,,250474
1679752,Warren Grocery Store,653 Warren St,,Dorchester,MA,02121,1829,SUFFOLK,Convenience Store,42.309719,-71.083,,,250475
1675232,Domin Meat Market,299 W 6th St,,Lowell,MA,01850,1835,MIDDLESEX,Grocery Store,42.65686,-71.311554,,,250477
1673833,City Mart,497 Worcester Rd,,Framingham,MA,01701,5302,MIDDLESEX,Grocery Store,42.298199,-71.416405,,,250483
1675719,Marty Gas And Go,2963 Acushnet Ave,,New Bedford,MA,02745,3636,BRISTOL,Convenience Store,41.700359,-70.936035,,,250512
1676289,Supreme Gas,1389 Phillips Rd,,New Bedford,MA,02745,1941,BRISTOL,Convenience Store,41.706524,-70.946915,,,250573
1675133,Little Joe's Convenience,206 Summer St,,Arlington,MA,02474,2960,MIDDLESEX,Convenience Store,42.422173,-71.163834,,,250580
1678570,400 Food Mart,400 Main St,,Everett,MA,02149,5730,MIDDLESEX,Convenience Store,42.414402,-71.06427,,,250613
1679222,Ecuadorian Market Food Inc 1,95 Morgan St,,Fall River,MA,02721,1917,BRISTOL,Grocery Store,41.69643,-71.158257,,,250753
1618238,Star Fish Market,3089 Washington St,,Roxbury,MA,02119,3164,SUFFOLK,Restaurant Meals Program,42.315559,-71.099075,,,250839
1678778,Boston Public Market,100 Hanover St,,Boston,MA,02108,2407,SUFFOLK,Farmers and Markets,42.362225,-71.057533,,,250843
1678980,Walmart Supercenter 4387,25 Tobias Boland Way,,Worcester,MA,01607,2103,WORCESTER,Super Store,42.23336,-71.791557,,,251006
1671300,Dt Empire Aa Family Farm,1630 Meridian St,,Fall River,MA,02720,8615,BRISTOL,Other,41.730423,-71.114471,,,251155
1671986,Brazilian Meat Market,127 Winter St,,Haverhill,MA,01830,5660,ESSEX,Grocery Store,42.777912,-71.081963,,,251165
1641759,LJ Market,135 Lowell St,,Methuen,MA,01844,3696,ESSEX,Grocery Store,42.7202,-71.195946,,,251191
1678834,Colbea Enterprises LLC 96,87 Walkers Brook Dr,,Reading,MA,01867,3238,MIDDLESEX,Convenience Store,42.517567,-71.092148,,,251249
1669230,Dubom Supermarket 001,855 Worcester Rd,Trolley Square,Framingham,MA,01701,    ,MIDDLESEX,Grocery Store,42.300404,-71.431908,,,251424
1451904,La Hispana Market 001469846,814 County St,,New Bedford,MA,02740,6924,BRISTOL,Convenience Store,41.648991,-70.931396,,,251441
1676821,Colbea Enterprises LLC. 94,181 Main St,,Hudson,MA,01749,2316,MIDDLESEX,Convenience Store,42.391277,-71.56382,,,251664
1669701,Lazo's Market,173 Broadway,,Everett,MA,02149,2421,MIDDLESEX,Grocery Store,42.399387,-71.062317,,,251715
1663936,Royal Market,1003 Saint James Ave,,Springfield,MA,01104,2148,HAMPDEN,Convenience Store,42.136082,-72.568527,,,251727
1668309,Anais Mini Market Llc ,47 Meeting House Rd,,Chicopee,MA,01013,1825,HAMPDEN,Convenience Store,42.167095,-72.621536,,,251738
1670663,Mass Food Mart,1732 Dorchester Ave,,Dorchester Center,MA,02124,2527,SUFFOLK,Convenience Store,42.290867,-71.062691,,,251742
1673330,7-eleven 37499B,766 Central St,,Leominster,MA,01453,4802,WORCESTER,Convenience Store,42.501862,-71.745361,,,251749
1671690,Santo Domingo Grocery,158 Chestnut St,,Lynn,MA,01902,2915,ESSEX,Grocery Store,42.469288,-70.937325,,,251769
1671843,Fk Island Market,867 Central St,,Leominster,MA,01453,4813,WORCESTER,Convenience Store,42.500847,-71.74585,,,251789
1642630,Well Food Mart,342 Blue Hill Ave,,Dorchester,MA,02121,4306,SUFFOLK,Convenience Store,42.312691,-71.079849,,,251828
1671146,Dj's Variety,42 Washington St,,Ipswich,MA,01938,1836,ESSEX,Convenience Store,42.681171,-70.844826,,,251835
1672190,Nasons Quick Mart 1,1092 Lakeview Ave,,Dracut,MA,01826,4737,MIDDLESEX,Convenience Store,42.663937,-71.321579,,,251872
1671086,Farm Market,223 Durfee St,,Fall River,MA,02720,2362,BRISTOL,Convenience Store,41.705585,-71.156075,,,251907
1670064,Minas Goods Llc 1,5 S Central,Ste A,Haverhill,MA,01835,    ,ESSEX,Convenience Store,42.770054,-71.074715,,,251983
1684007,Family Dollar 12485,950 Kings Hwy,,New Bedford,MA,02745,4957,BRISTOL,Other,41.67334,-70.940689,,,252037
1676458,Casba Food And Pastry,25 Copeland St,,Quincy,MA,02169,6420,NORFOLK,Specialty Store,42.242657,-71.016441,,,252134
1043797,Salem Sunoco,145 Canal St,,Salem,MA,01970,4647,ESSEX,Convenience Store,42.508156,-70.89579,,,252175
1674962,Grampy's,165 High St,,Taunton,MA,02780,3535,BRISTOL,Convenience Store,41.897873,-71.091377,,,252216
1670326,Carver Gas Corp,249 Tremont St,,Carver,MA,02330,1717,PLYMOUTH,Convenience Store,41.840523,-70.746933,,,252374
1679542,Express Mart,4 Alphonse St,,Teaticket,MA,02536,6544,BARNSTABLE,Convenience Store,41.567974,-70.59417,,,252446
1667166,A&e Supermarket Llc,513 Hampshire St,,Lawrence,MA,01841,1040,ESSEX,Grocery Store,42.71946,-71.171486,,,252447
1673328,10-eleven,4337 Washington St,,Roslindale,MA,02131,3424,SUFFOLK,Convenience Store,42.283447,-71.131599,,,252448
1366093,Salinas Convenience Store,194 Salem St,,Malden,MA,02148,4105,MIDDLESEX,Grocery Store,42.429924,-71.060577,,,252449
1407901,Mutual Mart,19 Pleasant St,,Attleboro,MA,02703,2304,BRISTOL,Convenience Store,41.945072,-71.281059,,,252450
1673343,7-eleven 37464B,970 Gorham St,,Lowell,MA,01852,5051,MIDDLESEX,Convenience Store,42.628506,-71.30761,,,252614
1676091,Richdale Food Store,161 Boston Rd,,North Billerica,MA,01862,2115,MIDDLESEX,Convenience Store,42.584702,-71.292755,,,252618
1673535,Cibao Kitchen Inc,200 Broadway,,Lawrence,MA,01840,1038,ESSEX,Grocery Store,42.707191,-71.170494,,,252621
1398030,Neighborhood Produce,415 Medford St,,Somerville,MA,02145,2702,MIDDLESEX,Supermarket,42.391499,-71.099533,,,252830
1667185,K-2 Market & Exotic Snacks Drinks,516 Medford St,Ste C,Somerville,MA,02145,2657,MIDDLESEX,Convenience Store,42.396511,-71.103981,,,252834
1681733,7-eleven 37450A,98 Houston Ave,,Milton,MA,02186,1518,NORFOLK,Convenience Store,42.259037,-71.089165,,,252837
1680991,Waltham Farmers' Market,65 Lexington St,,Waltham,MA,02452,4511,MIDDLESEX,Farmers and Markets,42.378624,-71.235329,,,252863
1368510,Super Family Mart,2825 Washington St,,Roxbury,MA,02119,1449,SUFFOLK,Convenience Store,42.321289,-71.092735,,,253130
1680421,Quick Stop Convenience,2344 Acushnet Ave,,New Bedford,MA,02745,2720,BRISTOL,Convenience Store,41.686207,-70.924011,,,253199
1683935,Dairy Mart,160 Squire Rd,,Revere,MA,02151,1226,SUFFOLK,Convenience Store,42.42347,-71.009911,,,253200
1559741,Mache Kfou Llc,1423 Pleasant St,,Fall River,MA,02723,1912,BRISTOL,Grocery Store,41.690353,-71.134422,,,253350
928854,Mario's Lebanese Syrian Bakery,260 Harrison St,,Fall River,MA,02723,1710,BRISTOL,Other,41.691135,-71.136818,,,253352
1676931,Sau Hoai Market,1169 N Main St,,Randolph,MA,02368,2135,NORFOLK,Grocery Store,42.195438,-71.060112,,,253734
1192792,Somerville Mobile Farmers' Market,50 Evergreen Ave,,Somerville,MA,02145,2819,MIDDLESEX,Other,42.391991,-71.097397,,,253739
1385406,Halifax Market,337 Plymouth St,,Halifax,MA,02338,1441,PLYMOUTH,Convenience Store,41.993855,-70.847618,,,253852
1676949,Alina H Corp,2537 Cranberry Hwy,,Wareham,MA,02571,1028,PLYMOUTH,Convenience Store,41.768284,-70.731155,,,253983
1670594,New World,504 Washington St,,Canton,MA,02021,3650,NORFOLK,Convenience Store,42.151966,-71.14901,,,253984
1675561,Creation Meat Market,166 Broadway,,Somerville,MA,02145,3288,MIDDLESEX,Convenience Store,42.38839,-71.085854,,,253985
1676749,Richdale Food Shops 139,1580 Dorchester Ave,,Dorchester,MA,02122,1320,SUFFOLK,Convenience Store,42.296925,-71.060387,,,253986
1680868,Dollar Tree 10812,475 E Washington St,,North Attleboro,MA,02760,2310,BRISTOL,Other,41.980263,-71.329407,,,253987
537117,Jimenez Supermarket Inc,117 Newbury St,,Lawrence,MA,01841,3918,ESSEX,Grocery Store,42.711987,-71.155365,,,254013
1684746,Mobil,1330 Main St,,Reading,MA,01867,1157,MIDDLESEX,Convenience Store,42.553818,-71.105331,,,254015
1690635,Alfa Market Inc,29 Maverick St,,Chelsea,MA,02150,3462,SUFFOLK,Convenience Store,42.389133,-71.033577,,,254017
1694598,El Gustaso Market,550 Summer St,,Lynn,MA,01905,2356,ESSEX,Grocery Store,42.458477,-70.969971,,,254019
1691343,SouthEnd Bodega NO,756 Main St,,Springfield,MA,01105,2429,HAMPDEN,Convenience Store,42.096287,-72.581886,,,254101
1690037,Sunset View Farm FFAB,156 Gardner Rd,,Winchendon,MA,01475,2107,WORCESTER,Farmers and Markets,42.62384,-72.007828,,,254102
1693819,D Supermarket Mass Llc,666 Belmont Ave,,Springfield,MA,01108,2403,HAMPDEN,Convenience Store,42.085064,-72.55349,,,254103
1684123,Africana Villa Market,316 Locust St,,Springfield,MA,01108,1147,HAMPDEN,Other,42.092751,-72.570076,,,254104
982204,Shell (Sparky's),173 Elm St,,West Springfield,MA,01089,2726,HAMPDEN,Convenience Store,42.107204,-72.623192,,,254116
1695655,Tesoro Super Market,80 Hollis St,,Framingham,MA,01702,8616,MIDDLESEX,Grocery Store,42.275162,-71.417038,,,254135
1691155,Moon Star Convenience,834 Morton St,,Dorchester,MA,02124,    ,SUFFOLK,Convenience Store,42.281639,-71.086708,,,254137
1657088,Guerrero Market Inc,135 S Broadway,,Lawrence,MA,01843,1425,ESSEX,Grocery Store,42.695946,-71.163132,,,254141
1678321,Richdale NO,120 East Main Street,,Gloucester,MA,01960,    ,ESSEX,Convenience Store,42.633099,-70.67662,,,254149
1695344,Shaw's 4804,193 Boston Post Rd W,,Marlborough,MA,01752,1840,MIDDLESEX,Supermarket,42.340584,-71.590294,,,254157
1688077,Lowell Quick Stop Corp,189 E Merrimack St,Unit A,Lowell,MA,01852,2592,MIDDLESEX,Convenience Store,42.644382,-71.301987,,,254242
1073598,Sturbridge Gas 1,173 Main St,,Sturbridge,MA,01566,1259,WORCESTER,Convenience Store,42.095642,-72.072273,,,254243
1689442,Harss Express 0,1274 Main St,,Ashby,MA,01431,2311,MIDDLESEX,Convenience Store,42.682545,-71.835304,,,254244
1688840,Merrimack Mart,442 Merrimack St,,Lowell,MA,01854,3907,MIDDLESEX,Convenience Store,42.646427,-71.315521,,,254245
1687857,Farmers World Worcester,157 Sw Cutoff,,Worcester,MA,01604,2709,WORCESTER,Specialty Store,42.232143,-71.752945,,,254246
1690357,Welcome Market Beer & Wine,279 Willard St,Ste 2,Quincy,MA,02169,    ,NORFOLK,Convenience Store,42.246243,-71.032631,,,254565
1454575,Quick Pic Mini Mart,452 Cottage St,,New Bedford,MA,02740,5338,BRISTOL,Convenience Store,41.642662,-70.934608,,,254566
1691119,7-eleven 32486B,48 Maplewood Ave,,Gloucester,MA,01930,2755,ESSEX,Convenience Store,42.617622,-70.666405,,,254791
1690884,The Bread Basket Llc,815 Blandford Rd,,Russell,MA,01071,9774,HAMPDEN,Convenience Store,42.166626,-72.860504,,,254793
1688211,Masse Bistro Marketplaces L,1329 Memorial Dr,,Chicopee,MA,01020,3967,HAMPDEN,Specialty Store,42.193825,-72.574921,,,254797
1460674,Goodies Deli & Variety,300 Springfield St,,Agawam,MA,01001,1512,HAMPDEN,Convenience Store,42.088089,-72.640015,,,254801
1309242,Al Basrah Halal Market Llc N/A,75 Russell St,,Worcester,MA,01609,3417,WORCESTER,Grocery Store,42.265282,-71.815147,,,254805
1687428,A&r Market,360 Trapelo Rd,,Belmont,MA,02478,1865,MIDDLESEX,Convenience Store,42.385368,-71.183937,,,254859
807509,Central Asian Market Inc.,179 Chelmsford St,,Lowell,MA,01851,3308,MIDDLESEX,Supermarket,42.634304,-71.31823,,,254864
1690895,Two Brothers Meat Market 4 Corp 4,649 Main St,,Falmouth,MA,02540,    ,BARNSTABLE,Grocery Store,41.55249,-70.605148,,,254869
1687270,Almajad Market Inc,9 E Main St,First Floor,Webster,MA,01570,2205,WORCESTER,Convenience Store,42.054768,-71.877472,,,254898
1587785,El Cruce Market,1909 Columbus Ave,,Roxbury,MA,02119,1003,SUFFOLK,Convenience Store,42.317085,-71.098495,,,255011
1697186,Fernandez Cousins Grocery,1150 Blue Hill Ave,,Dorchester Center,MA,02124,3916,SUFFOLK,Grocery Store,42.285023,-71.090927,,,255012
1688386,Lakeville Farm,27 Bridge St,,Lakeville,MA,02347,1653,PLYMOUTH,Farmers and Markets,41.871635,-70.921478,,,255014
1695417,Rosario Grocery,760 Washington St,,Dorchester Center,MA,02124,4439,SUFFOLK,Convenience Store,42.285431,-71.070961,,,255016
1690872,Al's Market Inc,281 Paris St,,East Boston,MA,02128,3063,SUFFOLK,Convenience Store,42.376251,-71.032951,,,255324
1684481,Family Market 6178584784,71 Day St,,Jamaica Plain,MA,02130,1122,SUFFOLK,Grocery Store,42.324589,-71.108307,,,255327
1501178,Green Basket Market,186 Green St,,Jamaica Plain,MA,02130,2768,SUFFOLK,Convenience Store,42.310036,-71.105652,,,255328
1684005,Fruits And More Market,278 Centre St,,Jamaica Plain,MA,02130,1638,SUFFOLK,Supermarket,42.322708,-71.101242,,,255331
1427165,Westport Gas,634 American Legion Hwy,,Westport,MA,02790,4107,BRISTOL,Convenience Store,41.63031,-71.090126,,,255391
1682380,La Bendicion Super Market,32 Bennington St,,East Boston,MA,02128,1704,SUFFOLK,Convenience Store,42.37545,-71.03788,,,255437
