USPS	GEOID	ANSICODE	NAME	ALAND	AWATER	ALAND_SQMI	AWATER_SQMI	INTPTLAT	INTPTLONG                                                                                                               
AZ	04001	00025441	Apache County	29003497251	54139714	11198.313	20.903	35.385084	-109.490172                                                                                                             
AZ	04003	00025442	Cochise County	16083471945	17648749	6209.863	6.814	31.840129	-109.775163                                                                                                              
AZ	04005	00025443	Coconino County	48216132682	116637123	18616.354	45.034	35.829692	-111.773728                                                                                                          
AZ	04007	00040471	Gila County	12322068647	96466819	4757.578	37.246	33.789618	-110.81187                                                                                                                 
AZ	04009	00025444	Graham County	11970605959	47476264	4621.877	18.331	32.931828	-109.87831                                                                                                               
AZ	04011	00042807	Greenlee County	4772927116	11947401	1842.838	4.613	33.238872	-109.242323                                                                                                              
AZ	04012	00043540	La Paz County	11646086556	36514346	4496.579	14.098	33.72761	-114.038806                                                                                                               
AZ	04013	00037026	Maricopa County	23833110838	62124435	9202.016	23.986	33.345176	-112.49893                                                                                                             
AZ	04015	00025445	Mohave County	34530024142	333399390	13332.117	128.726	35.717705	-113.749689                                                                                                           
AZ	04017	00042808	Navajo County	25769065747	24121095	9949.492	9.313	35.390785	-110.321025                                                                                                               
AZ	04019	00025446	Pima County	23798578895	5112015	9188.683	1.974	32.128038	-111.783657                                                                                                                  
AZ	04021	00025447	Pinal County	13899613086	20747212	5366.671	8.011	32.918521	-111.366339                                                                                                                
AZ	04023	00040472	Santa Cruz County	3201899628	3068237	1236.26	1.185	31.525733	-110.845228                                                                                                              
AZ	04025	00042809	Yavapai County	21038297493	11358280	8122.932	4.385	34.631071	-112.577225                                                                                                              
AZ	04027	00023901	Yuma County	14280726749	13242852	5513.82	5.113	32.773942	-113.910905                                                                                                                  
AR	05001	00063755	Arkansas County	2569631425	120698186	992.14	46.602	34.28957	-91.376547                                                                                                                
AR	05003	00063756	Ashley County	2397012344	38656004	925.492	14.925	33.190835	-91.772267                                                                                                                 
AR	05005	00069895	Baxter County	1434675033	84916246	553.931	32.786	36.280268	-92.329949                                                                                                                 
AR	05007	00069896	Benton County	2195617603	94872357	847.733	36.63	36.337819	-94.256298                                                                                                                  
AR	05009	00069897	Boone County	1527375316	31797985	589.723	12.277	36.304299	-93.079236                                                                                                                  
AR	05011	00063757	Bradley County	1681335016	9505606	649.167	3.67	33.466549	-92.169156                                                                                                                   
AR	05013	00063758	Calhoun County	1628067843	9887802	628.601	3.818	33.56046	-92.513879                                                                                                                   
AR	05015	00066975	Carroll County	1631504871	22715757	629.928	8.771	36.33737	-93.540972                                                                                                                  
AR	05017	00069160	Chicot County	1649764401	140413175	636.978	54.214	33.267139	-91.297158                                                                                                                
AR	05019	00066845	Clark County	2242855171	43965580	865.971	16.975	34.053316	-93.176208                                                                                                                  
AR	05021	00063759	Clay County	1655581941	5497697	639.224	2.123	36.367302	-90.418704                                                                                                                     
AR	05023	00066983	Cleburne County	1434747668	98885396	553.959	38.18	35.593628	-92.008898                                                                                                                
AR	05025	00063760	Cleveland County	1548580962	2561701	597.91	0.989	33.893201	-92.188714                                                                                                                 
AR	05027	00063761	Columbia County	1984098878	1985830	766.065	0.767	33.223038	-93.232843                                                                                                                 
AR	05029	00066846	Conway County	1429458630	37757457	551.917	14.578	35.26569	-92.689249                                                                                                                  
AR	05031	00066847	Craighead County	1831541697	14320048	707.162	5.529	35.827729	-90.631421                                                                                                               
AR	05033	00069161	Crawford County	1541738662	26917846	595.269	10.393	35.582959	-94.236193                                                                                                               
AR	05035	00069162	Crittenden County	1587312632	81689126	612.865	31.54	35.197559	-90.30512                                                                                                               
AR	05037	00066848	Cross County	1596255187	15389371	616.318	5.942	35.285692	-90.763984                                                                                                                   
AR	05039	00066849	Dallas County	1728358302	1731378	667.323	0.668	33.967823	-92.653999                                                                                                                   
AR	05041	00066850	Desha County	1919768424	185180909	741.227	71.499	33.828752	-91.244103                                                                                                                 
AR	05043	00066851	Drew County	2146237578	18789748	828.667	7.255	33.587242	-91.722778                                                                                                                    
AR	05045	00066852	Faulkner County	1676351918	43617755	647.243	16.841	35.146548	-92.336928                                                                                                               
AR	05047	00066853	Franklin County	1577218110	28853849	608.967	11.141	35.508558	-93.887665                                                                                                               
AR	05049	00066854	Fulton County	1600597359	6357861	617.994	2.455	36.381322	-91.819285                                                                                                                   
AR	05051	00066855	Garland County	1755013635	147452177	677.615	56.932	34.578852	-93.146932                                                                                                               
AR	05053	00066856	Grant County	1636581698	2896901	631.888	1.118	34.285568	-92.422979                                                                                                                    
AR	05055	00066857	Greene County	1495304329	5273183	577.34	2.036	36.120607	-90.566346                                                                                                                    
AR	05057	00066858	Hempstead County	1883439299	35737908	727.2	13.798	33.735953	-93.664355                                                                                                                
AR	05059	00066859	Hot Spring County	1592697300	18725599	614.944	7.23	34.315177	-92.944147                                                                                                               
AR	05061	00066872	Howard County	1521182021	21361761	587.332	8.248	34.083064	-93.990931                                                                                                                  
AR	05063	00069163	Independence County	1978003734	20251226	763.712	7.819	35.737499	-91.559942                                                                                                            
AR	05065	00066860	Izard County	1502713749	9576574	580.201	3.698	36.094879	-91.913625                                                                                                                    
AR	05067	00066861	Jackson County	1641044498	20284491	633.611	7.832	35.596467	-91.223205                                                                                                                 
AR	05069	00066862	Jefferson County	2259364695	113071690	872.346	43.657	34.277239	-91.929673                                                                                                             
AR	05071	00066863	Johnson County	1711955744	59529090	660.99	22.984	35.573359	-93.466322                                                                                                                 
AR	05073	00066864	Lafayette County	1371327392	43028603	529.472	16.613	33.240629	-93.611514                                                                                                              
AR	05075	00066865	Lawrence County	1521690358	12395693	587.528	4.786	36.041098	-91.101153                                                                                                                
AR	05077	00066866	Lee County	1553493435	57858191	599.807	22.339	34.779505	-90.779717                                                                                                                    
AR	05079	00066873	Lincoln County	1449008946	26693606	559.466	10.306	33.956385	-91.742355                                                                                                                
AR	05081	00066874	Little River County	1375943077	83115227	531.255	32.091	33.701941	-94.236287                                                                                                           
AR	05083	00082850	Logan County	1836599802	53969487	709.115	20.838	35.218654	-93.72091                                                                                                                   
AR	05085	00069164	Lonoke County	1998045643	82719024	771.45	31.938	34.755114	-91.894132                                                                                                                  
AR	05087	00069165	Madison County	2160665381	7455733	834.238	2.879	36.012545	-93.724053                                                                                                                  
AR	05089	00069898	Marion County	1545182805	112951239	596.598	43.611	36.266664	-92.678577                                                                                                                
AR	05091	00069166	Miller County	1616257232	36848741	624.04	14.227	33.305505	-93.901502                                                                                                                  
AR	05093	00069899	Mississippi County	2336409866	72224609	902.093	27.886	35.766944	-90.052207                                                                                                            
AR	05095	00069167	Monroe County	1573316559	35707672	607.461	13.787	34.679512	-91.20331                                                                                                                  
AR	05097	00069168	Montgomery County	2021363886	52979164	780.453	20.455	34.545656	-93.664153                                                                                                             
AR	05099	00069169	Nevada County	1600067809	7489490	617.79	2.892	33.666699	-93.305072                                                                                                                    
AR	05101	00069900	Newton County	2126576327	5935911	821.076	2.292	35.910742	-93.215898                                                                                                                   
AR	05103	00069170	Ouachita County	1897739680	18183262	732.721	7.021	33.591168	-92.878413                                                                                                                
AR	05105	00069171	Perry County	1427953397	24428560	551.336	9.432	34.946363	-92.926877                                                                                                                   
AR	05107	00069172	Phillips County	1788024156	95966884	690.36	37.053	34.423687	-90.855593                                                                                                                
AR	05109	00069173	Pike County	1554861227	35284868	600.335	13.624	34.158191	-93.658659                                                                                                                   
AR	05111	00069174	Poinsett County	1963975402	13892744	758.295	5.364	35.56887	-90.681104                                                                                                                 
AR	05113	00069175	Polk County	2219200783	12520930	856.838	4.834	34.49096	-94.230894                                                                                                                     
AR	05115	00069901	Pope County	2100355867	50772506	810.952	19.603	35.456557	-93.026818                                                                                                                   
AR	05117	00069176	Prairie County	1677059909	72638195	647.516	28.046	34.831116	-91.55362                                                                                                                 
AR	05119	00069177	Pulaski County	1964159826	126989205	758.366	49.031	34.770311	-92.312996                                                                                                               
AR	05121	00069178	Randolph County	1688445994	10370824	651.913	4.004	36.341298	-91.028441                                                                                                                
AR	05123	00083331	St. Francis County	1644082976	20017606	634.784	7.729	35.022838	-90.751506                                                                                                             
AR	05125	00067102	Saline County	1873898608	17955554	723.516	6.933	34.648525	-92.674463                                                                                                                  
AR	05127	00069179	Scott County	2312470680	14373451	892.85	5.55	34.858869	-94.063641                                                                                                                     
AR	05129	00069180	Searcy County	1724618501	6461828	665.879	2.495	35.896387	-92.695888                                                                                                                   
AR	05131	00069181	Sebastian County	1375756983	34511833	531.183	13.325	35.196981	-94.274989                                                                                                              
AR	05133	00069182	Sevier County	1459636819	45919661	563.569	17.73	33.994877	-94.243279                                                                                                                  
AR	05135	00069183	Sharp County	1566013574	5209695	604.641	2.011	36.173399	-91.471069                                                                                                                    
AR	05137	00069902	Stone County	1570673289	8145444	606.44	3.145	35.857001	-92.140482                                                                                                                     
AR	05139	00069903	Union County	2691170081	42102269	1039.067	16.256	33.168219	-92.598145                                                                                                                 
AR	05141	00069904	Van Buren County	1837778050	37208224	709.57	14.366	35.582953	-92.515976                                                                                                               
AR	05143	00069905	Washington County	2438344183	27900311	941.45	10.772	35.978001	-94.217269                                                                                                              
AR	05145	00069906	White County	2677959079	20840622	1033.966	8.047	35.255118	-91.753034                                                                                                                  
AR	05147	00069907	Woodruff County	1517662708	21064563	585.973	8.133	35.192777	-91.244535                                                                                                                
AR	05149	00069908	Yell County	2409688595	46994485	930.386	18.145	34.997713	-93.408303                                                                                                                   
FL	12001	00308548	Alachua County	2267910953	241291892	875.645	93.163	29.67574	-82.357221                                                                                                                
FL	12003	00306920	Baker County	1515738969	9686120	585.23	3.74	30.324442	-82.302284                                                                                                                      
FL	12005	00295738	Bay County	1964760713	1834028527	758.598	708.122	30.15914	-85.534395                                                                                                                  
FL	12007	00303634	Bradford County	761368539	16898784	293.966	6.525	29.952386	-82.166698                                                                                                                 
FL	12009	00295749	Brevard County	2628759927	1403943647	1014.97	542.066	28.298311	-80.700333                                                                                                             
FL	12011	00295753	Broward County	3115520735	273292460	1202.909	105.519	26.193535	-80.476683                                                                                                             
FL	12013	00306919	Calhoun County	1469394597	18070425	567.336	6.977	30.388801	-85.197915                                                                                                                 
FL	12015	00295742	Charlotte County	1764086777	689242503	681.118	266.118	26.906396	-82.003657                                                                                                            
FL	12017	00295752	Citrus County	1507146172	981162732	581.912	378.829	28.850292	-82.595552                                                                                                               
FL	12019	00295726	Clay County	1565900896	100869769	604.598	38.946	29.986584	-81.865036                                                                                                                  
FL	12021	00295754	Collier County	5171811319	1575210652	1996.848	608.192	26.118786	-81.400955                                                                                                            
FL	12023	00306909	Columbia County	2065197086	10207202	797.377	3.941	30.221651	-82.623371                                                                                                                
FL	12027	00294452	DeSoto County	1649031786	6243548	636.695	2.411	27.190581	-81.806253                                                                                                                   
FL	12029	00295725	Dixie County	1826030991	876346098	705.035	338.359	29.552675	-83.236232                                                                                                                
FL	12031	00293656	Duval County	1975169546	403639667	762.617	155.846	30.335245	-81.648113                                                                                                                
FL	12033	00295737	Escambia County	1701606700	1213969803	656.994	468.716	30.529998	-87.320322                                                                                                            
FL	12035	00308547	Flagler County	1259229649	219207667	486.191	84.637	29.474891	-81.286253                                                                                                               
FL	12037	00306911	Franklin County	1411539848	2270399638	544.999	876.606	29.677794	-84.815213                                                                                                            
FL	12039	00306918	Gadsden County	1337405282	31475262	516.375	12.153	30.578687	-84.612607                                                                                                                
FL	12041	00303633	Gilchrist County	905705571	14362143	349.695	5.545	29.723456	-82.795801                                                                                                                
FL	12043	00295743	Glades County	2089659352	467293938	806.822	180.423	26.95481	-81.19082                                                                                                                 
FL	12045	00306917	Gulf County	1433456928	624416742	553.461	241.089	29.859238	-85.272013                                                                                                                 
FL	12047	00295736	Hamilton County	1332018549	12330813	514.295	4.761	30.498438	-82.951116                                                                                                                
FL	12049	00295746	Hardee County	1651297014	1472455	637.569	0.569	27.492846	-81.82158                                                                                                                    
FL	12051	00307626	Hendry County	2993896404	86578552	1155.95	33.428	26.539967	-81.152114                                                                                                                 
FL	12053	00295751	Hernando County	1224975155	627920761	472.966	242.442	28.555995	-82.525969                                                                                                             
FL	12055	00295756	Highlands County	2635726557	230667873	1017.66	89.061	27.34108	-81.342353                                                                                                              
FL	12057	00295757	Hillsborough County	2648267124	790775123	1022.502	305.32	27.893154	-82.379991                                                                                                         
FL	12059	00295735	Holmes County	1240232909	26393540	478.857	10.191	30.862007	-85.815939                                                                                                                 
FL	12061	00307624	Indian River County	1301540085	295514461	502.527	114.099	27.700528	-80.574789                                                                                                         
FL	12063	00295734	Jackson County	2378205370	94103479	918.23	36.334	30.789249	-85.208814                                                                                                                 
FL	12065	00295733	Jefferson County	1549018611	193063920	598.079	74.542	30.396898	-83.921761                                                                                                             
FL	12067	00295732	Lafayette County	1407256302	11817999	543.345	4.563	29.990066	-83.17851                                                                                                                
FL	12069	00308551	Lake County	2466005448	529992538	952.13	204.631	28.764113	-81.712282                                                                                                                  
FL	12071	00295758	Lee County	2022848994	1900537643	781.026	733.802	26.563273	-81.984182                                                                                                                 
FL	12073	00306916	Leon County	1731219899	86414547	668.428	33.365	30.45931	-84.2778                                                                                                                      
FL	12075	00295724	Levy County	2896264178	1224291300	1118.254	472.702	29.271854	-82.831233                                                                                                               
FL	12077	00308549	Liberty County	2164099095	19582444	835.563	7.561	30.259849	-84.86858                                                                                                                  
FL	12079	00295731	Madison County	1804001484	49634046	696.529	19.164	30.447233	-83.470416                                                                                                                
FL	12081	00295744	Manatee County	1923744064	573084393	742.762	221.269	27.475556	-82.393144                                                                                                              
FL	12083	00306922	Marion County	4113994500	192281277	1588.422	74.24	29.202805	-82.0431                                                                                                                  
FL	12085	00308550	Martin County	1408493389	542089457	543.822	209.302	27.083604	-80.398201                                                                                                               
FL	12086	00295755	Miami-Dade County	4920781679	1267531174	1899.925	489.397	25.616009	-80.50375                                                                                                          
FL	12087	00295759	Monroe County	2546045482	11153864045	983.034	4306.531	25.58612	-81.022603                                                                                                             
FL	12089	00295730	Nassau County	1680075565	200050173	648.681	77.24	30.605963	-81.765087                                                                                                                 
FL	12091	00306915	Okaloosa County	2408331330	820578555	929.862	316.827	30.614325	-86.59108                                                                                                              
FL	12093	00295760	Okeechobee County	1992442653	317924583	769.286	122.751	27.385592	-80.887388                                                                                                           
FL	12095	00295750	Orange County	2338738374	260147532	902.992	100.444	28.514391	-81.323284                                                                                                               
FL	12097	00295748	Osceola County	3438317678	462146368	1327.542	178.436	28.059027	-81.139312                                                                                                             
FL	12099	00295761	Palm Beach County	5087491664	1084969367	1964.292	418.909	26.649126	-80.448354                                                                                                         
FL	12101	00295739	Pasco County	1933694371	694082239	746.604	267.987	28.309823	-82.511006                                                                                                                
FL	12103	00295745	Pinellas County	709091780	1535981840	273.782	593.046	27.905342	-82.798066                                                                                                             
FL	12105	00295747	Polk County	4657106267	549837376	1798.119	212.293	27.953685	-81.693493                                                                                                                
FL	12107	00306910	Putnam County	1886428661	255286691	728.354	98.567	29.593896	-81.732039                                                                                                                
FL	12109	00308371	St. Johns County	1555652804	572113480	600.641	220.894	29.890487	-81.40004                                                                                                             
FL	12111	00308372	St. Lucie County	1481145187	300766786	571.873	116.127	27.379814	-80.443536                                                                                                            
FL	12113	00306914	Santa Rosa County	2622106400	543294939	1012.401	209.767	30.675348	-87.018919                                                                                                          
FL	12115	00295741	Sarasota County	1440049637	1086618344	556.006	419.546	27.225327	-82.423714                                                                                                            
FL	12117	00303665	Seminole County	801287619	93136452	309.379	35.96	28.690065	-81.131975                                                                                                                 
FL	12119	00295740	Sumter County	1442996400	58752793	557.144	22.685	28.713976	-82.069684                                                                                                                 
FL	12121	00295729	Suwannee County	1783430092	9505389	688.586	3.67	30.189244	-82.992754                                                                                                                  
FL	12123	00295728	Taylor County	2702230205	1213570858	1043.337	468.562	29.967146	-83.639573                                                                                                             
FL	12125	00306913	Union County	630804542	16049423	243.555	6.197	30.05428	-82.366918                                                                                                                     
FL	12127	00306921	Volusia County	2851876987	858119062	1101.116	331.322	29.057769	-81.161792                                                                                                             
FL	12129	00306912	Wakulla County	1570615734	804111188	606.418	310.469	30.091335	-84.359111                                                                                                              
FL	12131	00295727	Walton County	2689179222	961275980	1038.298	371.151	30.571247	-86.162798                                                                                                              
FL	12133	00295762	Washington County	1514305979	81008171	584.677	31.277	30.602102	-85.655805                                                                                                             
KY	21001	00516847	Adair County	1049702545	18391917	405.292	7.101	37.105559	-85.28138                                                                                                                    
KY	21003	00516848	Allen County	890240991	21079866	343.724	8.139	36.75077	-86.192458                                                                                                                     
KY	21005	00516849	Anderson County	523849802	5244774	202.26	2.025	38.005396	-84.986417                                                                                                                   
KY	21007	00516850	Ballard County	639972655	69636340	247.095	26.887	37.051323	-89.010367                                                                                                                 
KY	21009	00516851	Barren County	1262269990	32723250	487.365	12.635	36.962805	-85.932108                                                                                                                 
KY	21011	00516852	Bath County	719997080	15570646	277.992	6.012	38.152249	-83.737641                                                                                                                     
KY	21013	00516853	Bell County	929803432	5484276	358.999	2.117	36.728928	-83.680718                                                                                                                      
KY	21015	00516854	Boone County	637830301	26513521	246.268	10.237	38.9589	-84.736371                                                                                                                     
KY	21017	00516855	Bourbon County	750448654	4820688	289.75	1.861	38.202562	-84.20986                                                                                                                     
KY	21019	00516856	Boyd County	414051809	5571590	159.866	2.151	38.360003	-82.681406                                                                                                                      
KY	21021	00516857	Boyle County	467067884	6486677	180.336	2.505	37.618104	-84.868352                                                                                                                     
KY	21023	00516858	Bracken County	524900457	16279752	202.665	6.286	38.680365	-84.115235                                                                                                                  
KY	21025	00516859	Breathitt County	1275366506	7370804	492.422	2.846	37.517807	-83.317158                                                                                                                
KY	21027	00516860	Breckinridge County	1475580265	41098834	569.725	15.868	37.777988	-86.432919                                                                                                           
KY	21029	00516861	Bullitt County	769444308	8237256	297.084	3.18	37.969945	-85.702635                                                                                                                    
KY	21031	00516862	Butler County	1103624033	13891042	426.112	5.363	37.207013	-86.682471                                                                                                                  
KY	21033	00516863	Caldwell County	893117876	8584485	344.835	3.314	37.148642	-87.870509                                                                                                                  
KY	21035	00516864	Calloway County	996755842	66943042	384.85	25.847	36.620978	-88.274086                                                                                                                 
KY	21037	00516865	Campbell County	391916807	20943964	151.32	8.087	38.946981	-84.379583                                                                                                                  
KY	21039	00516866	Carlisle County	490706561	24648733	189.463	9.517	36.85718	-88.976614                                                                                                                  
KY	21041	00516867	Carroll County	333331142	22186244	128.7	8.566	38.668394	-85.124024                                                                                                                    
KY	21043	00516868	Carter County	1060593553	6782466	409.497	2.619	38.314094	-83.038988                                                                                                                   
KY	21045	00516869	Casey County	1150621984	3842017	444.258	1.483	37.321962	-84.92822                                                                                                                     
KY	21047	00516870	Christian County	1858731000	16530508	717.66	6.382	36.892059	-87.492986                                                                                                                
KY	21049	00516871	Clark County	653924827	6943411	252.482	2.681	37.970314	-84.145115                                                                                                                     
KY	21051	00516872	Clay County	1215470276	4754889	469.296	1.836	37.164273	-83.715454                                                                                                                     
KY	21053	00516873	Clinton County	510391738	21636754	197.063	8.354	36.727258	-85.136098                                                                                                                  
KY	21055	00516874	Crittenden County	931272391	30377986	359.566	11.729	37.358149	-88.10501                                                                                                               
KY	21057	00516875	Cumberland County	790326358	14920717	305.147	5.761	36.782372	-85.388484                                                                                                               
KY	21059	00516876	Daviess County	1187242067	46811527	458.397	18.074	37.731671	-87.087139                                                                                                                
KY	21061	00516877	Edmonson County	784263747	13462746	302.806	5.198	37.227514	-86.218015                                                                                                                 
KY	21063	00516878	Elliott County	606888298	2595857	234.321	1.002	38.116883	-83.096116                                                                                                                   
KY	21065	00516879	Estill County	655477008	6549172	253.081	2.529	37.692449	-83.963983                                                                                                                    
KY	21067	00516880	Fayette County	735181665	4434380	283.855	1.712	38.040678	-84.458272                                                                                                                   
KY	21069	00516881	Fleming County	903057248	6844691	348.672	2.643	38.367848	-83.699205                                                                                                                   
KY	21071	00516882	Floyd County	1018643076	6228697	393.3	2.405	37.552456	-82.739724                                                                                                                      
KY	21073	00516883	Franklin County	538480614	10617911	207.909	4.1	38.234919	-84.868786                                                                                                                   
KY	21075	00516884	Fulton County	533360972	64082320	205.932	24.742	36.552511	-89.187659                                                                                                                  
KY	21077	00516885	Gallatin County	254547580	16452438	98.281	6.352	38.755663	-84.865143                                                                                                                  
KY	21079	00516886	Garrard County	595501702	10415371	229.925	4.021	37.630162	-84.545856                                                                                                                  
KY	21081	00516887	Grant County	668154249	7246883	257.976	2.798	38.649167	-84.625924                                                                                                                     
KY	21083	00516888	Graves County	1429042910	13030079	551.757	5.031	36.723344	-88.649897                                                                                                                  
KY	21085	00516889	Grayson County	1293792164	29767586	499.536	11.493	37.458577	-86.344011                                                                                                                
KY	21087	00516890	Green County	740640299	7328706	285.963	2.83	37.278065	-85.537925                                                                                                                      
KY	21089	00516891	Greenup County	892130687	25867696	344.454	9.988	38.563562	-82.93382                                                                                                                   
KY	21091	00516892	Hancock County	486076270	29131626	187.675	11.248	37.843325	-86.792761                                                                                                                 
KY	21093	00516893	Hardin County	1615891718	16123680	623.899	6.225	37.695836	-85.963183                                                                                                                  
KY	21095	00516894	Harlan County	1206493477	6014134	465.83	2.322	36.859223	-83.221497                                                                                                                    
KY	21097	00516895	Harrison County	793722604	8855951	306.458	3.419	38.444578	-84.334131                                                                                                                  
KY	21099	00516896	Hart County	1068809200	13410820	412.67	5.178	37.305827	-85.878443                                                                                                                     
KY	21101	00516897	Henderson County	1130168819	75607018	436.361	29.192	37.792542	-87.572577                                                                                                              
KY	21103	00516898	Henry County	741386195	12616890	286.251	4.871	38.451383	-85.119647                                                                                                                    
KY	21105	00516899	Hickman County	627634138	27735813	242.331	10.709	36.675896	-88.972084                                                                                                                 
KY	21107	00516900	Hopkins County	1404258118	31671290	542.187	12.228	37.31107	-87.542196                                                                                                                 
KY	21109	00516901	Jackson County	894134829	3328475	345.227	1.285	37.403458	-84.020576                                                                                                                   
KY	21111	00516902	Jefferson County	986344428	43437020	380.83	16.771	38.189532	-85.657624                                                                                                                
KY	21113	00516903	Jessamine County	445767041	6121602	172.112	2.364	37.873291	-84.58396                                                                                                                  
KY	21115	00516904	Johnson County	678488580	5619567	261.966	2.17	37.847756	-82.830121                                                                                                                    
KY	21117	00516905	Kenton County	415359131	10196816	160.371	3.937	38.930503	-84.533438                                                                                                                   
KY	21119	00516906	Knott County	910442831	3438036	351.524	1.327	37.354368	-82.952546                                                                                                                     
KY	21121	00516907	Knox County	1000590554	3676706	386.33	1.42	36.8885	-83.855551                                                                                                                         
KY	21123	00516908	Larue County	676090529	6721655	261.04	2.595	37.544462	-85.696841                                                                                                                      
KY	21125	00516909	Laurel County	1123286188	25873416	433.703	9.99	37.113268	-84.119395                                                                                                                   
KY	21127	00516910	Lawrence County	1076391952	11578388	415.597	4.47	38.074453	-82.73829                                                                                                                  
KY	21129	00516911	Lee County	540843067	6309608	208.821	2.436	37.608116	-83.719248                                                                                                                       
KY	21131	00516912	Leslie County	1038269511	9125982	400.878	3.524	37.087846	-83.388617                                                                                                                   
KY	21133	00516913	Letcher County	875244021	2847896	337.934	1.1	37.118536	-82.861251                                                                                                                     
KY	21135	00516914	Lewis County	1250595455	31872268	482.858	12.306	38.535047	-83.370143                                                                                                                  
KY	21137	00516915	Lincoln County	862215191	9037597	332.903	3.489	37.457174	-84.658335                                                                                                                   
KY	21139	00516916	Livingston County	810561761	75614775	312.96	29.195	37.209517	-88.363426                                                                                                               
KY	21141	00516917	Logan County	1430232787	12470413	552.216	4.815	36.859607	-86.881288                                                                                                                   
KY	21143	00516918	Lyon County	553700579	110705475	213.785	42.744	37.023976	-88.083391                                                                                                                   
KY	21145	00516925	McCracken County	644351557	49602861	248.786	19.152	37.054111	-88.712454                                                                                                               
KY	21147	00516926	McCreary County	1105159773	10987658	426.705	4.242	36.731136	-84.491052                                                                                                                
KY	21149	00516927	McLean County	654037067	9610577	252.525	3.711	37.526707	-87.265597                                                                                                                    
KY	21151	00516919	Madison County	1134231010	13798845	437.929	5.328	37.725511	-84.278362                                                                                                                 
KY	21153	00516920	Magoffin County	798864848	1848998	308.443	0.714	37.698983	-83.069721                                                                                                                  
KY	21155	00516921	Marion County	889793040	8563275	343.551	3.306	37.552604	-85.268959                                                                                                                    
KY	21157	00516922	Marshall County	782500003	98537659	302.125	38.046	36.882017	-88.332752                                                                                                                
KY	21159	00516923	Martin County	594717447	2549460	229.622	0.984	37.796774	-82.506623                                                                                                                    
KY	21161	00516924	Mason County	621926398	16274514	240.127	6.284	38.594137	-83.828125                                                                                                                    
KY	21163	00516928	Meade County	791146216	49058513	305.463	18.942	37.967476	-86.200863                                                                                                                   
KY	21165	00516929	Menifee County	527162212	6205679	203.538	2.396	37.935485	-83.589355                                                                                                                   
KY	21167	00516930	Mercer County	645898189	10166125	249.383	3.925	37.812085	-84.879695                                                                                                                   
KY	21169	00516931	Metcalfe County	750193213	3985177	289.651	1.539	36.99243	-85.633456                                                                                                                   
KY	21171	00516932	Monroe County	853335721	6686907	329.475	2.582	36.714077	-85.713508                                                                                                                    
KY	21173	00516933	Montgomery County	511202049	3786799	197.376	1.462	38.038109	-83.912416                                                                                                                
KY	21175	00516934	Morgan County	987053731	6950463	381.104	2.684	37.92294	-83.258944                                                                                                                     
KY	21177	00516935	Muhlenberg County	1210249680	31390324	467.28	12.12	37.213816	-87.134092                                                                                                               
KY	21179	00516936	Nelson County	1084389928	13962497	418.685	5.391	37.80312	-85.465931                                                                                                                   
KY	21181	00516937	Nicholas County	505839859	3936676	195.306	1.52	38.338031	-84.026223                                                                                                                   
KY	21183	00516938	Ohio County	1520569116	23652967	587.095	9.132	37.477859	-86.844871                                                                                                                    
KY	21185	00516939	Oldham County	485089203	23440362	187.294	9.05	38.400127	-85.45615                                                                                                                     
KY	21187	00516940	Owen County	907751575	9741916	350.485	3.761	38.499395	-84.84159                                                                                                                       
KY	21189	00516941	Owsley County	511268801	2299985	197.402	0.888	37.423622	-83.691637                                                                                                                    
KY	21191	00516942	Pendleton County	717810239	12332855	277.148	4.762	38.696284	-84.351943                                                                                                                
KY	21193	00516943	Perry County	879880331	7473919	339.724	2.886	37.241282	-83.217772                                                                                                                     
KY	21195	00516944	Pike County	2036305634	6073018	786.222	2.345	37.486031	-82.410912                                                                                                                     
KY	21197	00516945	Powell County	463508964	3003167	178.962	1.16	37.809567	-83.831235                                                                                                                     
KY	21199	00516946	Pulaski County	1704469885	49351326	658.1	19.055	37.107428	-84.576969                                                                                                                  
KY	21201	00516947	Robertson County	257938637	1333016	99.591	0.515	38.513473	-84.06423                                                                                                                   
KY	21203	00516948	Rockcastle County	819904083	3961380	316.567	1.529	37.36105	-84.314368                                                                                                                 
KY	21205	00516949	Rowan County	724888281	16537777	279.881	6.385	38.204266	-83.428079                                                                                                                    
KY	21207	00516950	Russell County	655971056	76673438	253.272	29.604	36.990587	-85.05495                                                                                                                  
KY	21209	00516951	Scott County	730879457	8342139	282.194	3.221	38.28571	-84.57834                                                                                                                       
KY	21211	00516952	Shelby County	983652093	15210928	379.79	5.873	38.239011	-85.228247                                                                                                                    
KY	21213	00516953	Simpson County	606511223	5930956	234.175	2.29	36.740937	-86.581793                                                                                                                    
KY	21215	00516954	Spencer County	483473768	12916810	186.67	4.987	38.025313	-85.317312                                                                                                                   
KY	21217	00516955	Taylor County	690009657	26953361	266.414	10.407	37.36621	-85.328059                                                                                                                   
KY	21219	00516956	Todd County	969984465	6586292	374.513	2.543	36.840338	-87.183642                                                                                                                      
KY	21221	00516957	Trigg County	1143304981	103337186	441.433	39.899	36.807681	-87.858652                                                                                                                 
KY	21223	00516958	Trimble County	382723828	21257574	147.771	8.208	38.62004	-85.351208                                                                                                                   
KY	21225	00516959	Union County	888050070	52667331	342.878	20.335	37.658029	-87.95165                                                                                                                    
KY	21227	00516960	Warren County	1403057985	15127045	541.724	5.841	36.995634	-86.423579                                                                                                                  
KY	21229	00516961	Washington County	769962860	10138826	297.284	3.915	37.754209	-85.175416                                                                                                               
KY	21231	00516962	Wayne County	1186326542	67647953	458.043	26.119	36.800772	-84.82659                                                                                                                   
KY	21233	00516963	Webster County	859944623	9398697	332.026	3.629	37.520375	-87.685206                                                                                                                   
KY	21235	00516964	Whitley County	1134211587	18639649	437.922	7.197	36.758024	-84.144648                                                                                                                 
KY	21237	00516965	Wolfe County	575390049	1534248	222.159	0.592	37.743893	-83.49511                                                                                                                      
KY	21239	00516966	Woodford County	490993051	6380990	189.573	2.464	38.043103	-84.748855                                                                                                                  
MS	28001	00695726	Adams County	1197464268	65273639	462.344	25.202	31.486224	-91.351797                                                                                                                  
MS	28003	00711755	Alcorn County	1036110409	3408033	400.044	1.316	34.886569	-88.581109                                                                                                                   
MS	28005	00695727	Amite County	1890950868	3877823	730.1	1.497	31.203933	-90.795542                                                                                                                      
MS	28007	00695728	Attala County	1903529295	4425860	734.957	1.709	33.090468	-89.588622                                                                                                                   
MS	28009	00695729	Benton County	1053131424	5279184	406.616	2.038	34.809593	-89.200213                                                                                                                   
MS	28011	00695730	Bolivar County	2270141682	81446732	876.507	31.447	33.799139	-90.88412                                                                                                                 
MS	28013	00695731	Calhoun County	1519218292	3590388	586.573	1.386	33.936634	-89.337114                                                                                                                  
MS	28015	00695732	Carroll County	1627517131	16050556	628.388	6.197	33.440795	-89.918887                                                                                                                 
MS	28017	00695733	Chickasaw County	1299608408	6380767	501.782	2.464	33.933277	-88.947558                                                                                                                
MS	28019	00695734	Choctaw County	1083125335	4295085	418.197	1.658	33.345964	-89.251332                                                                                                                  
MS	28021	00695735	Claiborne County	1262400025	35711134	487.415	13.788	31.97281	-90.915424                                                                                                               
MS	28023	00695736	Clarke County	1791173034	5073931	691.576	1.959	32.045374	-88.687976                                                                                                                   
MS	28025	00695737	Clay County	1062082196	15376919	410.072	5.937	33.65967	-88.782468                                                                                                                     
MS	28027	00695738	Coahoma County	1432526490	77525442	553.102	29.933	34.230316	-90.60401                                                                                                                 
MS	28029	00695739	Copiah County	2013158772	5644780	777.285	2.179	31.866915	-90.448758                                                                                                                   
MS	28031	00695740	Covington County	1071784951	2880713	413.819	1.112	31.633331	-89.548897                                                                                                                
MS	28033	00695741	DeSoto County	1233730201	50234812	476.346	19.396	34.874922	-89.991211                                                                                                                 
MS	28035	00695742	Forrest County	1207042886	10872917	466.042	4.198	31.18858	-89.259447                                                                                                                  
MS	28037	00695743	Franklin County	1460658822	7250805	563.964	2.8	31.477773	-90.895457                                                                                                                   
MS	28039	00695744	George County	1239816911	12838126	478.696	4.957	30.855431	-88.642268                                                                                                                  
MS	28041	00695745	Greene County	1845983901	15430619	712.738	5.958	31.212845	-88.634811                                                                                                                  
MS	28043	00695746	Grenada County	1093291104	70659566	422.122	27.282	33.770031	-89.80274                                                                                                                 
MS	28045	00711756	Hancock County	1227561217	204095552	473.964	78.802	30.391641	-89.482791                                                                                                               
MS	28047	00695747	Harrison County	1485708639	1064623409	573.635	411.053	30.416536	-89.083376                                                                                                            
MS	28049	00695748	Hinds County	2252888810	19259026	869.845	7.436	32.267788	-90.466017                                                                                                                   
MS	28051	00695749	Holmes County	1959776830	20568825	756.674	7.942	33.125942	-90.091197                                                                                                                  
MS	28053	00695750	Humphreys County	1084375633	32514314	418.68	12.554	33.130996	-90.523421                                                                                                               
MS	28055	00695751	Issaquena County	1069614257	73664788	412.98	28.442	32.755539	-91.003535                                                                                                               
MS	28057	00695752	Itawamba County	1379932999	19825536	532.795	7.655	34.281075	-88.363127                                                                                                                
MS	28059	00695753	Jackson County	1872109196	830292614	722.825	320.578	30.456005	-88.625101                                                                                                              
MS	28061	00695754	Jasper County	1751636189	3130850	676.311	1.209	32.016748	-89.119176                                                                                                                   
MS	28063	00695755	Jefferson County	1346620554	18988092	519.933	7.331	31.733633	-91.043878                                                                                                               
MS	28065	00695756	Jefferson Davis County	1057871277	1791496	408.446	0.692	31.564808	-89.827086                                                                                                          
MS	28067	00695757	Jones County	1799639019	12681687	694.845	4.896	31.616601	-89.168532                                                                                                                   
MS	28069	00695758	Kemper County	1984403151	2182350	766.182	0.843	32.750136	-88.625631                                                                                                                   
MS	28071	00695759	Lafayette County	1636088510	123105438	631.697	47.531	34.353078	-89.485385                                                                                                             
MS	28073	00695760	Lamar County	1286109795	8871408	496.57	3.425	31.197586	-89.506369                                                                                                                     
MS	28075	00695761	Lauderdale County	1822508246	29730521	703.674	11.479	32.403998	-88.660449                                                                                                             
MS	28077	00695762	Lawrence County	1115254005	13188412	430.602	5.092	31.550009	-90.10753                                                                                                                 
MS	28079	00695763	Leake County	1509697192	6376466	582.897	2.462	32.76063	-89.52225                                                                                                                      
MS	28081	00695764	Lee County	1165404269	8314457	449.965	3.21	34.29237	-88.682439                                                                                                                        
MS	28083	00695765	Leflore County	1538645699	31868197	594.074	12.304	33.54979	-90.294934                                                                                                                 
MS	28085	00695766	Lincoln County	1518269754	5291052	586.207	2.043	31.535216	-90.453566                                                                                                                  
MS	28087	00695767	Lowndes County	1309105224	28532500	505.448	11.016	33.471424	-88.439723                                                                                                                
MS	28089	00695768	Madison County	1849790735	72085470	714.208	27.832	32.63437	-90.03416                                                                                                                  
MS	28091	00695769	Marion County	1404804180	16115365	542.398	6.222	31.230167	-89.821712                                                                                                                  
MS	28093	00695770	Marshall County	1829011195	9173803	706.185	3.542	34.76619	-89.504231                                                                                                                  
MS	28095	00695771	Monroe County	1981578016	18140832	765.092	7.004	33.89003	-88.485038                                                                                                                   
MS	28097	00711757	Montgomery County	1054074831	2352156	406.981	0.908	33.500714	-89.639625                                                                                                               
MS	28099	00695772	Neshoba County	1476641121	3830971	570.134	1.479	32.752518	-89.119274                                                                                                                  
MS	28101	00695773	Newton County	1496417773	4525334	577.77	1.747	32.40197	-89.118412                                                                                                                     
MS	28103	00695774	Noxubee County	1800451920	12487951	695.158	4.822	33.106606	-88.566152                                                                                                                 
MS	28105	00695775	Oktibbeha County	1186834308	9566078	458.239	3.693	33.422313	-88.876151                                                                                                                
MS	28107	00695776	Panola County	1774595233	51686997	685.175	19.956	34.365205	-89.963065                                                                                                                 
MS	28109	00695777	Pearl River County	2101307249	20783013	811.319	8.024	30.774793	-89.586904                                                                                                             
MS	28111	00695778	Perry County	1676452290	7561701	647.282	2.92	31.169307	-88.988755                                                                                                                     
MS	28113	00711758	Pike County	1059783761	3907959	409.185	1.509	31.177516	-90.397725                                                                                                                     
MS	28115	00695803	Pontotoc County	1289330915	8308394	497.813	3.208	34.227081	-89.037239                                                                                                                 
MS	28117	00695779	Prentiss County	1074806610	8324262	414.985	3.214	34.620566	-88.522184                                                                                                                 
MS	28119	00695780	Quitman County	1048975539	3676001	405.012	1.419	34.252833	-90.290171                                                                                                                  
MS	28121	00695781	Rankin County	2008526161	79225994	775.496	30.589	32.267123	-89.946063                                                                                                                 
MS	28123	00695782	Scott County	1577902084	3001523	609.231	1.159	32.411959	-89.533486                                                                                                                    
MS	28125	00695783	Sharkey County	1118149684	8806463	431.72	3.4	32.892395	-90.827613                                                                                                                     
MS	28127	00695784	Simpson County	1525930873	3378528	589.165	1.304	31.902505	-89.917709                                                                                                                  
MS	28129	00695785	Smith County	1647926077	2599432	636.268	1.004	32.019029	-89.494876                                                                                                                    
MS	28131	00695786	Stone County	1153800120	6712351	445.485	2.592	30.790184	-89.112297                                                                                                                    
MS	28133	00695787	Sunflower County	1807187010	23747316	697.759	9.169	33.605529	-90.59509                                                                                                                
MS	28135	00695788	Tallahatchie County	1672069540	16969517	645.59	6.552	33.954529	-90.172243                                                                                                             
MS	28137	00695789	Tate County	1048332525	16090911	404.763	6.213	34.649553	-89.943105                                                                                                                    
MS	28139	00695790	Tippah County	1185754676	5522228	457.822	2.132	34.763618	-88.918819                                                                                                                   
MS	28141	00695791	Tishomingo County	1098925142	52373918	424.297	20.222	34.738835	-88.234827                                                                                                             
MS	28143	00695792	Tunica County	1176191638	57012297	454.13	22.013	34.652201	-90.37177                                                                                                                   
MS	28145	00695793	Union County	1076417817	3369003	415.607	1.301	34.489533	-89.002339                                                                                                                    
MS	28147	00695794	Walthall County	1046169275	1236552	403.928	0.477	31.164492	-90.103431                                                                                                                 
MS	28149	00695795	Warren County	1524296048	77750343	588.534	30.02	32.356095	-90.852384                                                                                                                  
MS	28151	00695796	Washington County	1875077588	94257003	723.972	36.393	33.273174	-90.944446                                                                                                             
MS	28153	00695797	Wayne County	2099745602	7255476	810.716	2.801	31.642503	-88.678214                                                                                                                    
MS	28155	00695798	Webster County	1090793736	5364867	421.158	2.071	33.612061	-89.283961                                                                                                                  
MS	28157	00695799	Wilkinson County	1756287539	25018736	678.106	9.66	31.161091	-91.324617                                                                                                                
MS	28159	00695800	Winston County	1572773194	7341897	607.251	2.835	33.078724	-89.037391                                                                                                                  
MS	28161	00695801	Yalobusha County	1209914676	72140595	467.151	27.854	34.030666	-89.703807                                                                                                              
MS	28163	00695802	Yazoo County	2388847326	30612555	922.339	11.82	32.765675	-90.387928                                                                                                                   
NY	36001	00974099	Albany County	1354273423	26971925	522.888	10.414	42.58824	-73.97401                                                                                                                   
NY	36003	00974100	Allegany County	2666409356	12990521	1029.506	5.016	42.247853	-78.026153                                                                                                               
NY	36005	00974101	Bronx County	109235672	39353304	42.176	15.194	40.848711	-73.852939                                                                                                                    
NY	36007	00974102	Broome County	1827626589	25078245	705.651	9.683	42.161977	-75.830283                                                                                                                  
NY	36009	00974103	Cattaraugus County	3388177068	36783591	1308.183	14.202	42.239099	-78.662332                                                                                                           
NY	36011	00974104	Cayuga County	1791207571	445691126	691.589	172.082	43.008546	-76.574587                                                                                                               
NY	36013	00974105	Chautauqua County	2746450219	1139029655	1060.41	439.782	42.304216	-79.407595                                                                                                          
NY	36015	00974106	Chemung County	1054988439	8875327	407.333	3.427	42.148697	-76.752471                                                                                                                  
NY	36017	00974107	Chenango County	2314006879	13433905	893.443	5.187	42.478024	-75.602241                                                                                                                
NY	36019	00974108	Clinton County	2687763025	206581998	1037.751	79.762	44.752712	-73.705643                                                                                                              
NY	36021	00974109	Columbia County	1643770715	35071400	634.663	13.541	42.247696	-73.626718                                                                                                               
NY	36023	00974110	Cortland County	1291817953	7110638	498.774	2.745	42.594039	-76.07624                                                                                                                  
NY	36025	00974111	Delaware County	3736306657	64163829	1442.596	24.774	42.193986	-74.966728                                                                                                              
NY	36027	00974112	Dutchess County	2060598611	76906718	795.602	29.694	41.754825	-73.740014                                                                                                               
NY	36029	00974113	Erie County	2700743427	476876396	1042.763	184.123	42.752759	-78.778192                                                                                                                
NY	36031	00974114	Essex County	4646753187	316350563	1794.122	122.144	44.109601	-73.778431                                                                                                               
NY	36033	00974115	Franklin County	4219857155	176622254	1629.296	68.194	44.594376	-74.31067                                                                                                              
NY	36035	00974116	Fulton County	1283234687	96916403	495.46	37.42	43.115609	-74.423678                                                                                                                   
NY	36037	00974117	Genesee County	1276803034	6136678	492.976	2.369	43.00091	-78.192778                                                                                                                   
NY	36039	00974118	Greene County	1676140498	28201061	647.161	10.888	42.28697	-74.149542                                                                                                                  
NY	36041	00974119	Hamilton County	4447989312	234204425	1717.378	90.427	43.657879	-74.502456                                                                                                             
NY	36043	00974120	Herkimer County	3653400320	120358452	1410.586	46.471	43.571009	-74.841097                                                                                                             
NY	36045	00974121	Jefferson County	3283923657	1524539436	1267.93	588.628	43.996389	-76.052968                                                                                                           
NY	36047	00974122	Kings County	179684484	71158757	69.377	27.475	40.635045	-73.95064                                                                                                                     
NY	36049	00974123	Lewis County	3305625876	39648337	1276.309	15.308	43.782706	-75.444132                                                                                                                 
NY	36051	00974124	Livingston County	1635976564	22076449	631.654	8.524	42.729042	-77.778463                                                                                                              
NY	36053	00974125	Madison County	1696054036	16691322	654.85	6.445	42.910026	-75.663575                                                                                                                  
NY	36055	00974126	Monroe County	1701477039	1838269506	656.944	709.76	43.250347	-77.700518                                                                                                               
NY	36057	00974127	Montgomery County	1044052635	18613523	403.111	7.187	42.900891	-74.435357                                                                                                              
NY	36059	00974128	Nassau County	736960644	437290665	284.542	168.839	40.729612	-73.589414                                                                                                                
NY	36061	00974129	New York County	58683879	29010416	22.658	11.201	40.776642	-73.970187                                                                                                                  
NY	36063	00974130	Niagara County	1352876140	1598772310	522.348	617.289	43.272672	-78.812943                                                                                                             
NY	36065	00974131	Oneida County	3140211187	117357244	1212.442	45.312	43.242727	-75.434282                                                                                                               
NY	36067	00974132	Onondaga County	2016027800	70512842	778.393	27.225	43.006516	-76.196134                                                                                                               
NY	36069	00974133	Ontario County	1668148120	47853414	644.076	18.476	42.856357	-77.303497                                                                                                                
NY	36071	00974134	Orange County	2103272841	67953621	812.078	26.237	41.40241	-74.306252                                                                                                                  
NY	36073	00974135	Orleans County	1013364725	1103744014	391.262	426.158	43.339906	-78.207028                                                                                                             
NY	36075	00974136	Oswego County	2464650884	933469962	951.607	360.415	43.461443	-76.209262                                                                                                               
NY	36077	00974137	Otsego County	2594488425	36312826	1001.738	14.02	42.629776	-75.028841                                                                                                                 
NY	36079	00974138	Putnam County	596350119	41229629	230.252	15.919	41.427907	-73.743861                                                                                                                  
NY	36081	00974139	Queens County	281594053	188444349	108.724	72.759	40.654658	-73.841209                                                                                                                 
NY	36083	00974140	Rensselaer County	1689859764	33525770	652.459	12.944	42.710421	-73.513845                                                                                                             
NY	36085	00974141	Richmond County	148982680	117441532	57.523	45.344	40.561263	-74.1399                                                                                                                  
NY	36087	00974142	Rockland County	449840998	66919666	173.685	25.838	41.154628	-74.024662                                                                                                                
NY	36089	00977309	St. Lawrence County	6939939683	366960962	2679.526	141.684	44.488112	-75.074311                                                                                                        
NY	36091	00974143	Saratoga County	2097812305	87488004	809.97	33.779	43.106135	-73.855387                                                                                                                
NY	36093	00974144	Schenectady County	530089712	12366944	204.669	4.775	42.817552	-74.043559                                                                                                              
NY	36095	00974145	Schoharie County	1610503551	11676951	621.819	4.508	42.591294	-74.438172                                                                                                               
NY	36097	00974146	Schuyler County	850405403	36246373	328.343	13.995	42.419776	-76.938603                                                                                                                
NY	36099	00974147	Seneca County	838372770	172818533	323.698	66.726	42.782294	-76.827088                                                                                                                 
NY	36101	00974148	Steuben County	3601398422	35039875	1390.508	13.529	42.266725	-77.385525                                                                                                               
NY	36103	00974149	Suffolk County	2359277313	3787417976	910.922	1462.33	40.943554	-72.692218                                                                                                             
NY	36105	00974150	Sullivan County	2507484146	73737482	968.145	28.47	41.719993	-74.771577                                                                                                                
NY	36107	00974151	Tioga County	1343600016	11044570	518.767	4.264	42.178057	-76.297456                                                                                                                   
NY	36109	00974152	Tompkins County	1229321338	43781287	474.644	16.904	42.453006	-76.473483                                                                                                               
NY	36111	00974153	Ulster County	2911757764	94596810	1124.236	36.524	41.947212	-74.265458                                                                                                                
NY	36113	00974154	Warren County	2246093482	166839689	867.222	64.417	43.555105	-73.838139                                                                                                                
NY	36115	00974155	Washington County	2152773115	38123568	831.19	14.72	43.312377	-73.439428                                                                                                               
NY	36117	00974156	Wayne County	1563913376	2018184725	603.83	779.226	43.218114	-77.049402                                                                                                                
NY	36119	00974157	Westchester County	1115811940	179391718	430.817	69.264	41.152686	-73.745753                                                                                                           
NY	36121	00974158	Wyoming County	1535086366	9085228	592.7	3.508	42.701365	-78.228576                                                                                                                    
NY	36123	00974159	Yates County	875777224	97488350	338.139	37.64	42.638237	-77.104324                                                                                                                    
SC	45001	01245666	Abbeville County	1272188737	53216416	491.195	20.547	34.229041	-82.454058                                                                                                              
SC	45003	01247979	Aiken County	2773070081	24554644	1070.688	9.481	33.550013	-81.632983                                                                                                                  
SC	45005	01247980	Allendale County	1056960693	11194313	408.095	4.322	32.979757	-81.363265                                                                                                               
SC	45007	01247981	Anderson County	1848876935	108544449	713.855	41.909	34.521235	-82.638603                                                                                                              
SC	45009	01247982	Bamberg County	1018815104	5686290	393.367	2.195	33.203021	-81.053161                                                                                                                  
SC	45011	01247983	Barnwell County	1420294945	23008122	548.379	8.883	33.260552	-81.434228                                                                                                                
SC	45013	01247984	Beaufort County	1491889108	900045411	576.022	347.509	32.358112	-80.689422                                                                                                             
SC	45015	01247985	Berkeley County	2858661511	337919154	1103.735	130.471	33.2077	-79.953655                                                                                                              
SC	45017	01247986	Calhoun County	987179024	29351080	381.152	11.333	33.67478	-80.780347                                                                                                                  
SC	45019	01252740	Charleston County	2377703219	1162130898	918.036	448.701	32.800458	-79.94248                                                                                                           
SC	45021	01247987	Cherokee County	1017770810	11691708	392.964	4.514	35.049796	-81.607647                                                                                                                
SC	45023	01247988	Chester County	1503905790	14249301	580.661	5.502	34.689342	-81.161249                                                                                                                 
SC	45025	01247989	Chesterfield County	2069364015	17265236	798.986	6.666	34.637018	-80.159227                                                                                                            
SC	45027	01247990	Clarendon County	1572659561	229094635	607.207	88.454	33.664682	-80.217889                                                                                                             
SC	45029	01247991	Colleton County	2736286772	197740350	1056.486	76.348	32.849386	-80.656402                                                                                                             
SC	45031	01247992	Darlington County	1451987311	14598203	560.615	5.636	34.332185	-79.962115                                                                                                              
SC	45033	01247993	Dillon County	1049143220	4515866	405.076	1.744	34.390209	-79.375294                                                                                                                   
SC	45035	01247998	Dorchester County	1472172215	6781942	568.409	2.619	33.082186	-80.404697                                                                                                               
SC	45037	01247999	Edgefield County	1296776326	16307326	500.688	6.296	33.779453	-81.959637                                                                                                               
SC	45039	01248000	Fairfield County	1777521259	61063162	686.305	23.577	34.395669	-81.127001                                                                                                              
SC	45041	01248001	Florence County	2073299579	9766888	800.505	3.771	34.028535	-79.710233                                                                                                                 
SC	45043	01248002	Georgetown County	2107215789	551060938	813.601	212.766	33.417531	-79.296333                                                                                                           
SC	45045	01245489	Greenville County	2035563102	24968466	785.935	9.64	34.892645	-82.372077                                                                                                               
SC	45047	01248003	Greenwood County	1180009086	21260069	455.604	8.209	34.155796	-82.127876                                                                                                               
SC	45049	01248004	Hampton County	1450327687	7072565	559.975	2.731	32.778334	-81.143822                                                                                                                  
SC	45051	01248005	Horry County	2934867846	314856610	1133.159	121.567	33.909269	-78.976675                                                                                                               
SC	45053	01248006	Jasper County	1696789992	120164567	655.134	46.396	32.43059	-81.021627                                                                                                                 
SC	45055	01248007	Kershaw County	1881916518	35348695	726.612	13.648	34.338356	-80.590885                                                                                                                
SC	45057	01248008	Lancaster County	1422274877	15293348	549.143	5.905	34.686818	-80.703688                                                                                                               
SC	45059	01248009	Laurens County	1846327161	26061233	712.871	10.062	34.483676	-82.005498                                                                                                                
SC	45061	01245652	Lee County	1062372307	2715077	410.184	1.048	34.15864	-80.251209                                                                                                                       
SC	45063	01244251	Lexington County	1810412790	151817364	699.004	58.617	33.892373	-81.272903                                                                                                             
SC	45065	01248012	McCormick County	929521275	89977042	358.89	34.74	33.897599	-82.316196                                                                                                                 
SC	45067	01248010	Marion County	1267466476	12418901	489.372	4.795	34.08362	-79.354001                                                                                                                   
SC	45069	01248011	Marlboro County	1242867263	14489019	479.874	5.594	34.60167	-79.679435                                                                                                                 
SC	45071	01248013	Newberry County	1632484450	43979027	630.306	16.98	34.289881	-81.599676                                                                                                                
SC	45073	01244832	Oconee County	1622796885	121710335	626.565	46.993	34.748766	-83.06154                                                                                                                 
SC	45075	01248014	Orangeburg County	2865509345	55697625	1106.379	21.505	33.436135	-80.802913                                                                                                            
SC	45077	01248015	Pickens County	1287059828	40968091	496.937	15.818	34.885368	-82.723377                                                                                                                
SC	45079	01249299	Richland County	1961418141	37932713	757.308	14.646	34.029095	-80.898037                                                                                                               
SC	45081	01248016	Saluda County	1172510653	23102147	452.709	8.92	34.005278	-81.727903                                                                                                                   
SC	45083	01248592	Spartanburg County	2093689770	29514144	808.378	11.395	34.932014	-81.991624                                                                                                            
SC	45085	01244717	Sumter County	1722544860	44046815	665.078	17.007	33.91614	-80.382376                                                                                                                  
SC	45087	01248017	Union County	1330177794	4792745	513.585	1.85	34.690397	-81.615896                                                                                                                     
SC	45089	01248018	Williamsburg County	2419477550	7461492	934.166	2.881	33.626462	-79.716474                                                                                                             
SC	45091	01248019	York County	1763872776	39009230	681.035	15.062	34.970188	-81.183187                                                                                                                   
TN	47001	01639722	Anderson County	873359909	19657734	337.206	7.59	36.116731	-84.195418                                                                                                                  
TN	47003	01639723	Bedford County	1226719752	2980759	473.639	1.151	35.51366	-86.458294                                                                                                                   
TN	47005	01639724	Benton County	1021248371	108583505	394.306	41.924	36.070948	-88.071232                                                                                                                
TN	47007	01639725	Bledsoe County	1052973468	858669	406.555	0.332	35.593561	-85.20591                                                                                                                    
TN	47009	01639726	Blount County	1447336789	20158689	558.82	7.783	35.688185	-83.922973                                                                                                                   
TN	47011	01639727	Bradley County	851489209	6959141	328.762	2.687	35.153914	-84.859414                                                                                                                   
TN	47013	01639728	Campbell County	1243685306	46425147	480.19	17.925	36.401592	-84.159249                                                                                                                
TN	47015	01648572	Cannon County	687992379	156144	265.635	0.06	35.808394	-86.062404                                                                                                                      
TN	47017	01639729	Carroll County	1547925981	6308712	597.658	2.436	35.965748	-88.452379                                                                                                                  
TN	47019	01639730	Carter County	883855126	16669994	341.258	6.436	36.284744	-82.126593                                                                                                                   
TN	47021	01639731	Cheatham County	783466439	11821692	302.498	4.564	36.255169	-87.100808                                                                                                                 
TN	47023	01639732	Chester County	740053474	575590	285.736	0.222	35.420253	-88.611353                                                                                                                    
TN	47025	01639733	Claiborne County	1125619421	18052387	434.604	6.97	36.501572	-83.660698                                                                                                                
TN	47027	01648573	Clay County	612608184	59089285	236.529	22.815	36.545749	-85.545717                                                                                                                    
TN	47029	01639734	Cocke County	1129584562	17932684	436.135	6.924	35.916198	-83.119224                                                                                                                   
TN	47031	01639735	Coffee County	1111010401	14479480	428.964	5.591	35.488765	-86.078202                                                                                                                  
TN	47033	01648574	Crockett County	687714872	545783	265.528	0.211	35.818795	-89.132494                                                                                                                   
TN	47035	01639736	Cumberland County	1764575269	9098322	681.306	3.513	35.952398	-84.994761                                                                                                               
TN	47037	01639737	Davidson County	1303999199	56424538	503.477	21.786	36.169129	-86.78479                                                                                                                
TN	47039	01639739	Decatur County	864741776	28501002	333.879	11.004	35.603136	-88.110292                                                                                                                 
TN	47041	01639738	DeKalb County	788430955	63639368	304.415	24.571	35.982219	-85.833596                                                                                                                  
TN	47043	01639740	Dickson County	1268833489	3679792	489.899	1.421	36.145533	-87.364155                                                                                                                  
TN	47045	01639741	Dyer County	1326982067	35839863	512.351	13.838	36.054196	-89.398306                                                                                                                   
TN	47047	01639742	Fayette County	1823539295	3696802	704.072	1.427	35.196993	-89.413803                                                                                                                  
TN	47049	01639743	Fentress County	1291385622	841022	498.607	0.325	36.369892	-84.937764                                                                                                                  
TN	47051	01639744	Franklin County	1436141691	55046635	554.497	21.254	35.155926	-86.099203                                                                                                               
TN	47053	01639745	Gibson County	1561102697	2345193	602.745	0.905	35.991632	-88.933812                                                                                                                   
TN	47055	01639746	Giles County	1582304898	642572	610.931	0.248	35.202723	-87.035319                                                                                                                     
TN	47057	01648575	Grainger County	726715759	56600343	280.587	21.854	36.277509	-83.509546                                                                                                                
TN	47059	01639747	Greene County	1611409726	5099752	622.169	1.969	36.179487	-82.847523                                                                                                                   
TN	47061	01639748	Grundy County	933545795	1755421	360.444	0.678	35.393352	-85.710374                                                                                                                    
TN	47063	01648576	Hamblen County	417476191	37852326	161.188	14.615	36.218397	-83.266071                                                                                                                 
TN	47065	01639749	Hamilton County	1404197535	86784458	542.164	33.508	35.163472	-85.201843                                                                                                               
TN	47067	01648577	Hancock County	575816010	2988718	222.324	1.154	36.521353	-83.227493                                                                                                                   
TN	47069	01639750	Hardeman County	1729509838	6768751	667.768	2.613	35.218785	-88.988697                                                                                                                 
TN	47071	01639751	Hardin County	1495684381	48706058	577.487	18.806	35.201893	-88.185696                                                                                                                 
TN	47073	01639752	Hawkins County	1261468092	32541837	487.056	12.564	36.452089	-82.931485                                                                                                                
TN	47075	01639753	Haywood County	1380741528	2472509	533.107	0.955	35.586678	-89.282691                                                                                                                  
TN	47077	01639754	Henderson County	1346816756	15219341	520.009	5.876	35.653994	-88.387674                                                                                                               
TN	47079	01639755	Henry County	1455320362	81582236	561.902	31.499	36.325295	-88.300288                                                                                                                  
TN	47081	01639756	Hickman County	1586324712	373710	612.483	0.144	35.802327	-87.467116                                                                                                                   
TN	47083	01648578	Houston County	518758193	17303404	200.294	6.681	36.285782	-87.705598                                                                                                                  
TN	47085	01639757	Humphreys County	1374668726	67184110	530.763	25.94	36.040822	-87.790453                                                                                                               
TN	47087	01639758	Jackson County	799813547	27751888	308.81	10.715	36.35425	-85.674128                                                                                                                   
TN	47089	01639759	Jefferson County	712639796	101435633	275.152	39.165	36.048452	-83.441216                                                                                                              
TN	47091	01639760	Johnson County	772956196	11007739	298.44	4.25	36.453203	-81.861247                                                                                                                    
TN	47093	01639761	Knox County	1316555497	45575160	508.325	17.597	35.992726	-83.937721                                                                                                                   
TN	47095	01639762	Lake County	429381241	72799687	165.785	28.108	36.333905	-89.485536                                                                                                                    
TN	47097	01639763	Lauderdale County	1222203226	80251266	471.895	30.985	35.762951	-89.627732                                                                                                             
TN	47099	01639764	Lawrence County	1598359119	2218403	617.13	0.857	35.220476	-87.396546                                                                                                                  
TN	47101	01639765	Lewis County	730614739	1024940	282.092	0.396	35.523244	-87.496983                                                                                                                     
TN	47103	01639766	Lincoln County	1477179214	971039	570.342	0.375	35.142784	-86.593403                                                                                                                   
TN	47105	01639767	Loudon County	593811373	46869994	229.272	18.097	35.735085	-84.314085                                                                                                                  
TN	47107	01639773	McMinn County	1113997325	5340568	430.117	2.062	35.424472	-84.619949                                                                                                                   
TN	47109	01639774	McNairy County	1457753351	1994997	562.842	0.77	35.175375	-88.56374                                                                                                                    
TN	47111	01639768	Macon County	795498343	246690	307.144	0.095	36.537757	-86.00096                                                                                                                       
TN	47113	01639769	Madison County	1443073935	3757608	557.174	1.451	35.606056	-88.833424                                                                                                                  
TN	47115	01639770	Marion County	1290472798	36484703	498.254	14.087	35.133422	-85.618399                                                                                                                 
TN	47117	01639771	Marshall County	972442312	1801922	375.462	0.696	35.468329	-86.765868                                                                                                                  
TN	47119	01639772	Maury County	1587995804	6344537	613.129	2.45	35.615696	-87.077763                                                                                                                     
TN	47121	01639775	Meigs County	505397668	55738399	195.135	21.521	35.512203	-84.816102                                                                                                                   
TN	47123	01639776	Monroe County	1646646988	43545177	635.774	16.813	35.447818	-84.249705                                                                                                                 
TN	47125	01639777	Montgomery County	1396441788	12068782	539.169	4.66	36.500354	-87.380887                                                                                                               
TN	47127	01648579	Moore County	334684850	3093435	129.223	1.194	35.288888	-86.358684                                                                                                                     
TN	47129	01639778	Morgan County	1352439680	823018	522.18	0.318	36.138697	-84.639262                                                                                                                     
TN	47131	01639779	Obion County	1411149165	27448111	544.848	10.598	36.361892	-89.148078                                                                                                                  
TN	47133	01639780	Overton County	1122727661	3486591	433.488	1.346	36.34485	-85.283076                                                                                                                   
TN	47135	01639781	Perry County	1074235994	20984700	414.765	8.102	35.663752	-87.869326                                                                                                                   
TN	47137	01648580	Pickett County	422090560	29845401	162.97	11.523	36.559364	-85.075741                                                                                                                  
TN	47139	01639782	Polk County	1125622665	19906879	434.605	7.686	35.109437	-84.541112                                                                                                                    
TN	47141	01639783	Putnam County	1038860592	3777708	401.106	1.459	36.14094	-85.49618                                                                                                                     
TN	47143	01639784	Rhea County	817071271	54409427	315.473	21.008	35.60059	-84.949548                                                                                                                     
TN	47145	01639785	Roane County	934385981	88599487	360.768	34.208	35.84725	-84.523929                                                                                                                    
TN	47147	01639786	Robertson County	1233703853	457701	476.336	0.177	36.524385	-86.872594                                                                                                                 
TN	47149	01639787	Rutherford County	1603892840	12406556	619.267	4.79	35.843369	-86.417213                                                                                                               
TN	47151	01639788	Scott County	1378652171	2418741	532.301	0.934	36.430592	-84.504091                                                                                                                    
TN	47153	01652643	Sequatchie County	688550847	498315	265.851	0.192	35.372336	-85.410082                                                                                                                 
TN	47155	01639789	Sevier County	1534599867	13427921	592.512	5.185	35.787822	-83.5249                                                                                                                    
TN	47157	01639790	Shelby County	1971662004	51371287	761.263	19.835	35.184553	-89.894612                                                                                                                 
TN	47159	01639791	Smith County	814020543	28690306	314.295	11.077	36.256645	-85.941915                                                                                                                   
TN	47161	01639792	Stewart County	1190814528	86082696	459.776	33.237	36.458464	-87.811889                                                                                                                
TN	47163	01639793	Sullivan County	1071072985	41861227	413.544	16.163	36.509681	-82.301336                                                                                                               
TN	47165	01639794	Sumner County	1371278935	38053791	529.454	14.693	36.472423	-86.458405                                                                                                                 
TN	47167	01639795	Tipton County	1180026943	32703276	455.611	12.627	35.498763	-89.747145                                                                                                                 
TN	47169	01648581	Trousdale County	296143586	5960709	114.342	2.301	36.39303	-86.156691                                                                                                                  
TN	47171	01648582	Unicoi County	481902934	825726	186.064	0.319	36.100129	-82.418218                                                                                                                     
TN	47173	01648583	Union County	579077904	61005196	223.583	23.554	36.28414	-83.836088                                                                                                                    
TN	47175	01648584	Van Buren County	708142395	2893456	273.415	1.117	35.699234	-85.458409                                                                                                                 
TN	47177	01639796	Warren County	1120619163	3524883	432.673	1.361	35.67825	-85.777343                                                                                                                    
TN	47179	01639797	Washington County	845756030	8485270	326.548	3.276	36.295665	-82.495037                                                                                                                
TN	47181	01639798	Wayne County	1901333937	4023436	734.109	1.553	35.242847	-87.819843                                                                                                                    
TN	47183	01639799	Weakley County	1503107797	3707114	580.353	1.431	36.303596	-88.721194                                                                                                                  
TN	47185	01639800	White County	975592109	7113368	376.678	2.746	35.927049	-85.455785                                                                                                                     
TN	47187	01639801	Williamson County	1509613349	3011572	582.865	1.163	35.894845	-86.897888                                                                                                               
TN	47189	01639802	Wilson County	1479109874	29878235	571.088	11.536	36.149431	-86.291181                                                                                                                 
TX	48001	01383786	Anderson County	2752164827	39845046	1062.617	15.384	31.841261	-95.661727                                                                                                              
TX	48003	01383787	Andrews County	3886758047	1049250	1500.686	0.405	32.312258	-102.640206                                                                                                                
TX	48005	01383788	Angelina County	2066460810	173300091	797.865	66.912	31.251896	-94.611134                                                                                                              
TX	48007	01383789	Aransas County	652854900	714540086	252.069	275.885	28.122621	-96.967501                                                                                                               
TX	48009	01383790	Archer County	2339508191	57767717	903.289	22.304	33.616305	-98.687267                                                                                                                 
TX	48011	01383791	Armstrong County	2354617585	12183672	909.123	4.704	34.964179	-101.356636                                                                                                              
TX	48013	01383792	Atascosa County	3158599705	4992623	1219.542	1.928	28.891478	-98.535381                                                                                                                
TX	48015	01383793	Austin County	1674415879	25596214	646.496	9.883	29.891901	-96.27017                                                                                                                   
TX	48017	01383794	Bailey County	2141847187	1775275	826.972	0.685	34.067521	-102.830345                                                                                                                  
TX	48019	01383795	Bandera County	2048663920	17291422	790.994	6.676	29.756389	-99.248285                                                                                                                 
TX	48021	01383796	Bastrop County	2300500051	19009784	888.228	7.34	30.100772	-97.310639                                                                                                                  
TX	48023	01383797	Baylor County	2246764590	86991035	867.481	33.587	33.618802	-99.208189                                                                                                                 
TX	48025	01383798	Bee County	2279809489	246409	880.239	0.095	28.416077	-97.742586                                                                                                                       
TX	48027	01383799	Bell County	2729408686	94385099	1053.831	36.442	31.04275	-97.481268                                                                                                                   
TX	48029	01383800	Bexar County	3212426728	40788666	1240.325	15.749	29.448671	-98.520147                                                                                                                 
TX	48031	01383801	Blanco County	1836953707	10813186	709.252	4.175	30.266203	-98.399332                                                                                                                  
TX	48033	01383802	Borden County	2324366072	22297606	897.443	8.609	32.73859	-101.439199                                                                                                                  
TX	48035	01383803	Bosque County	2545883877	50838528	982.971	19.629	31.900819	-97.637641                                                                                                                 
TX	48037	01383804	Bowie County	2291982021	98385599	884.939	37.987	33.446065	-94.422393                                                                                                                  
TX	48039	01383805	Brazoria County	3530854198	635541938	1363.27	245.384	29.167817	-95.434647                                                                                                             
TX	48041	01383806	Brazos County	1518090939	13210254	586.138	5.101	30.656713	-96.302394                                                                                                                  
TX	48043	01383807	Brewster County	16015872748	22061017	6183.763	8.518	29.808997	-103.252458                                                                                                             
TX	48045	01383808	Briscoe County	2330991073	4068657	900.001	1.571	34.525172	-101.205893                                                                                                                 
TX	48047	01383809	Brooks County	2443277014	741627	943.355	0.286	27.034994	-98.215276                                                                                                                    
TX	48049	01383810	Brown County	2446120254	32375524	944.452	12.5	31.764137	-98.998456                                                                                                                    
TX	48051	01383811	Burleson County	1707015413	46043534	659.082	17.778	30.493487	-96.622091                                                                                                               
TX	48053	01383812	Burnet County	2576520284	69861743	994.8	26.974	30.78963	-98.201187                                                                                                                    
TX	48055	01383813	Caldwell County	1410355147	4949867	544.541	1.911	29.832399	-97.628141                                                                                                                 
TX	48057	01383814	Calhoun County	1312945541	1361646236	506.931	525.735	28.441719	-96.579574                                                                                                             
TX	48059	01383815	Callahan County	2329363241	4898783	899.372	1.891	32.29315	-99.372249                                                                                                                  
TX	48061	01383816	Cameron County	2309542672	1004829810	891.719	387.967	26.102923	-97.478958                                                                                                             
TX	48063	01383817	Camp County	507242364	19129375	195.847	7.386	32.974581	-94.979085                                                                                                                     
TX	48065	01383818	Carson County	2383397227	10026604	920.235	3.871	35.405496	-101.355356                                                                                                                 
TX	48067	01383819	Cass County	2426683491	60494144	936.948	23.357	33.083698	-94.357579                                                                                                                   
TX	48069	01383820	Castro County	2316600393	12557414	894.444	4.848	34.533621	-102.258786                                                                                                                 
TX	48071	01383821	Chambers County	1546471871	709790251	597.096	274.052	29.696374	-94.669445                                                                                                             
TX	48073	01383822	Cherokee County	2727140662	23874005	1052.955	9.218	31.843881	-95.156343                                                                                                               
TX	48075	01383823	Childress County	1803954626	44560655	696.511	17.205	34.524624	-100.208166                                                                                                             
TX	48077	01383824	Clay County	2819871856	72506820	1088.759	27.995	33.785904	-98.212917                                                                                                                  
TX	48079	01383825	Cochran County	2007453830	229068	775.082	0.088	33.60844	-102.830449                                                                                                                   
TX	48081	01383826	Coke County	2361153198	42331832	911.646	16.344	31.87711	-100.635231                                                                                                                   
TX	48083	01383827	Coleman County	3270933224	47963343	1262.914	18.519	31.914205	-99.346622                                                                                                               
TX	48085	01383828	Collin County	2178871854	115507424	841.267	44.598	33.194494	-96.579428                                                                                                                
TX	48087	01383829	Collingsworth County	2378750408	2278703	918.441	0.88	34.963358	-100.272135                                                                                                            
TX	48089	01383830	Colorado County	2487142712	34691168	960.291	13.394	29.596296	-96.508935                                                                                                               
TX	48091	01383831	Comal County	1449171191	39766830	559.528	15.354	29.812377	-98.258129                                                                                                                  
TX	48093	01383832	Comanche County	2428768926	25719485	937.753	9.93	31.951645	-98.549617                                                                                                                 
TX	48095	01383833	Concho County	2547914005	25740025	983.755	9.938	31.318883	-99.863649                                                                                                                  
TX	48097	01383834	Cooke County	2265789888	61319327	874.826	23.676	33.639196	-97.210343                                                                                                                  
TX	48099	01383835	Coryell County	2725307438	11833644	1052.247	4.569	31.391177	-97.798022                                                                                                                
TX	48101	01383836	Cottle County	2332448732	2723997	900.564	1.052	34.091906	-100.276442                                                                                                                  
TX	48103	01383837	Crane County	2033319687	1695980	785.069	0.655	31.422796	-102.487774                                                                                                                   
TX	48105	01383838	Crockett County	7270935061	53329	2807.324	0.021	30.717532	-101.404211                                                                                                                 
TX	48107	01383839	Crosby County	2331503444	3873557	900.199	1.496	33.609144	-101.29871                                                                                                                   
TX	48109	01383840	Culberson County	9873439555	556134	3812.156	0.215	31.445908	-104.526945                                                                                                               
TX	48111	01383841	Dallam County	3893095084	5180577	1503.132	2.	36.28637	-102.59402                                                                                                                      
TX	48113	01383842	Dallas County	2261577252	91947122	873.2	35.501	32.766987	-96.778424                                                                                                                   
TX	48115	01383843	Dawson County	2331781562	4720730	900.306	1.823	32.742528	-101.948771                                                                                                                  
TX	48117	01383845	Deaf Smith County	3876750570	3926557	1496.822	1.516	34.940766	-102.607564                                                                                                             
TX	48119	01383846	Delta County	665192724	54647564	256.832	21.1	33.385933	-95.67335                                                                                                                      
TX	48121	01383847	Denton County	2275817772	188973111	878.698	72.963	33.205132	-97.12114                                                                                                                 
TX	48123	01383844	DeWitt County	2354237965	3919919	908.976	1.513	29.082346	-97.361654                                                                                                                   
TX	48125	01383848	Dickens County	2335454676	9057848	901.724	3.497	33.615363	-100.787617                                                                                                                 
TX	48127	01383849	Dimmit County	3441795903	14575999	1328.885	5.628	28.423587	-99.765871                                                                                                                 
TX	48129	01383850	Donley County	2401014207	15563758	927.037	6.009	34.955036	-100.815846                                                                                                                 
TX	48131	01383851	Duval County	4645084668	5478267	1793.477	2.115	27.681123	-98.497393                                                                                                                   
TX	48133	01383852	Eastland County	2399644791	14002299	926.508	5.406	32.324645	-98.83656                                                                                                                 
TX	48135	01383853	Ector County	2325508519	10188915	897.884	3.934	31.865301	-102.542507                                                                                                                  
TX	48137	01383854	Edwards County	5485263220	5196312	2117.872	2.006	29.985933	-100.3074                                                                                                                  
TX	48139	01383856	Ellis County	2423462949	41944384	935.704	16.195	32.346878	-96.79694                                                                                                                   
TX	48141	01383855	El Paso County	2624928792	4638585	1013.491	1.791	31.766456	-106.24152                                                                                                                 
TX	48143	01383857	Erath County	2805419712	17166727	1083.179	6.628	32.236669	-98.220545                                                                                                                  
TX	48145	01383858	Falls County	1982623104	21693054	765.495	8.376	31.25193	-96.934127                                                                                                                    
TX	48147	01383859	Fannin County	2307251053	20847065	890.835	8.049	33.591161	-96.104988                                                                                                                  
TX	48149	01383860	Fayette County	2460316901	25574662	949.934	9.874	29.877886	-96.921231                                                                                                                 
TX	48151	01383861	Fisher County	2328272103	7258480	898.951	2.803	32.740473	-100.40312                                                                                                                   
TX	48153	01383862	Floyd County	2569637283	983737	992.143	0.38	34.07373	-101.303274                                                                                                                      
TX	48155	01383863	Foard County	1824378631	8514741	704.397	3.288	33.963306	-99.816828                                                                                                                    
TX	48157	01383864	Fort Bend County	2231981778	60805734	861.773	23.477	29.526602	-95.771015                                                                                                              
TX	48159	01383865	Franklin County	736569934	26875120	284.391	10.377	33.175846	-95.219066                                                                                                                
TX	48161	01383866	Freestone County	2273311866	36936963	877.731	14.261	31.701749	-96.144957                                                                                                              
TX	48163	01383867	Frio County	2935753503	2193621	1133.501	0.847	28.869383	-99.109005                                                                                                                    
TX	48165	01383868	Gaines County	3891102467	1262946	1502.363	0.488	32.743942	-102.631561                                                                                                                 
TX	48167	01383869	Galveston County	982670091	1280836456	379.411	494.534	29.233927	-94.888197                                                                                                            
TX	48169	01383870	Garza County	2313937114	7209242	893.416	2.784	33.183792	-101.301134                                                                                                                   
TX	48171	01383871	Gillespie County	2740731344	9000570	1058.202	3.475	30.325093	-98.94185                                                                                                                
TX	48173	01383872	Glasscock County	2331552974	2245302	900.218	0.867	31.868006	-101.521494                                                                                                               
TX	48175	01383873	Goliad County	2206698612	19050015	852.011	7.355	28.6607	-97.430415                                                                                                                    
TX	48177	01383874	Gonzales County	2762704899	8204086	1066.686	3.168	29.461912	-97.49192                                                                                                                 
TX	48179	01383875	Gray County	2398261679	8700790	925.974	3.359	35.402542	-100.812374                                                                                                                    
TX	48181	01383876	Grayson County	2416024350	120093895	932.832	46.369	33.624548	-96.675777                                                                                                               
TX	48183	01383877	Gregg County	708052151	6206460	273.38	2.396	32.486401	-94.816277                                                                                                                      
TX	48185	01383878	Grimes County	2039528004	36609847	787.466	14.135	30.543231	-95.988082                                                                                                                 
TX	48187	01383879	Guadalupe County	1842133804	9159633	711.252	3.537	29.582671	-97.948995                                                                                                                
TX	48189	01383880	Hale County	2602109423	246678	1004.68	0.095	34.068436	-101.822888                                                                                                                     
TX	48191	01383881	Hall County	2288233615	53366403	883.492	20.605	34.453189	-100.576343                                                                                                                  
TX	48193	01383882	Hamilton County	2165008743	1238628	835.915	0.478	31.707342	-98.111756                                                                                                                 
TX	48195	01383883	Hansford County	2382296646	1548341	919.81	0.598	36.272847	-101.35693                                                                                                                  
TX	48197	01383884	Hardeman County	1800337387	4548860	695.114	1.756	34.289904	-99.745697                                                                                                                 
TX	48199	01383885	Hardin County	2306581582	18001144	890.576	6.95	30.329648	-94.393178                                                                                                                   
TX	48201	01383886	Harris County	4421152651	182185468	1707.017	70.342	29.857273	-95.393037                                                                                                               
TX	48203	01383887	Harrison County	2331141019	40649337	900.059	15.695	32.547991	-94.374434                                                                                                               
TX	48205	01383888	Hartley County	3786435508	3023183	1461.951	1.167	35.840244	-102.610047                                                                                                                
TX	48207	01383889	Haskell County	2339103809	18465208	903.133	7.129	33.175964	-99.730774                                                                                                                 
TX	48209	01383890	Hays County	1753038621	5043724	676.852	1.947	30.061225	-98.029267                                                                                                                     
TX	48211	01383891	Hemphill County	2347270018	15205586	906.286	5.871	35.815956	-100.27921                                                                                                                
TX	48213	01383892	Henderson County	2263061906	193353703	873.773	74.654	32.211633	-95.853418                                                                                                             
TX	48215	01383893	Hidalgo County	4069375491	30138614	1571.195	11.637	26.396384	-98.18099                                                                                                                
TX	48217	01383894	Hill County	2483430145	69544766	958.858	26.851	31.982681	-97.130668                                                                                                                   
TX	48219	01383895	Hockley County	2352723967	446119	908.392	0.172	33.605932	-102.343398                                                                                                                  
TX	48221	01383896	Hood County	1089707278	41753389	420.738	16.121	32.430149	-97.831677                                                                                                                   
TX	48223	01383897	Hopkins County	1987637219	65631763	767.431	25.341	33.148967	-95.565434                                                                                                                
TX	48225	01383898	Houston County	3188268195	14446047	1230.997	5.578	31.323036	-95.4216                                                                                                                  
TX	48227	01383899	Howard County	2333039148	8841781	900.791	3.414	32.30343	-101.438721                                                                                                                   
TX	48229	01383900	Hudspeth County	11837584063	2114586	4570.517	0.816	31.450868	-105.377549                                                                                                              
TX	48231	01383901	Hunt County	2176679797	107761746	840.421	41.607	33.123308	-96.08423                                                                                                                   
TX	48233	01383902	Hutchinson County	2298418617	19497034	887.424	7.528	35.837047	-101.362746                                                                                                             
TX	48235	01383903	Irion County	2723485995	176317	1051.544	0.068	31.303424	-100.981304                                                                                                                   
TX	48237	01383904	Jack County	2359405672	23704614	910.972	9.152	33.23216	-98.171177                                                                                                                     
TX	48239	01383905	Jackson County	2148246693	71039573	829.443	27.429	28.959802	-96.58908                                                                                                                 
TX	48241	01383906	Jasper County	2431105359	80399907	938.655	31.043	30.752932	-94.022294                                                                                                                 
TX	48243	01383907	Jeff Davis County	5865172239	206206	2264.556	0.08	30.625357	-104.191873                                                                                                               
TX	48245	01383908	Jefferson County	2270732118	611205490	876.735	235.988	29.854	-94.149331                                                                                                               
TX	48247	01383909	Jim Hogg County	2942674729	92565	1136.173	0.036	27.053231	-98.747572                                                                                                                  
TX	48249	01383910	Jim Wells County	2240795374	8723372	865.176	3.368	27.733516	-98.090814                                                                                                                
TX	48251	01383911	Johnson County	1877871517	23810470	725.05	9.193	32.379654	-97.364906                                                                                                                  
TX	48253	01383912	Jones County	2405076785	22097342	928.605	8.532	32.743709	-99.87443                                                                                                                    
TX	48255	01383913	Karnes County	1936669679	15010315	747.752	5.796	28.908996	-97.852205                                                                                                                  
TX	48257	01383914	Kaufman County	2021981825	69470378	780.692	26.823	32.598944	-96.288377                                                                                                                
TX	48259	01383915	Kendall County	1715747613	1496797	662.454	0.578	29.943525	-98.709269                                                                                                                  
TX	48261	01383916	Kenedy County	3777657843	1261927310	1458.562	487.233	26.890213	-97.591143                                                                                                             
TX	48263	01383917	Kent County	2337482031	1065195	902.507	0.411	33.18478	-100.76972                                                                                                                      
TX	48265	01383918	Kerr County	2857617599	10231764	1103.332	3.951	30.059953	-99.353339                                                                                                                   
TX	48267	01383919	Kimble County	3240024038	505509	1250.98	0.195	30.479472	-99.746396                                                                                                                    
TX	48269	01383920	King County	2359150569	6396290	910.873	2.47	33.614268	-100.245345                                                                                                                     
TX	48271	01383921	Kinney County	3523765249	11885327	1360.533	4.589	29.347086	-100.4177                                                                                                                  
TX	48273	01383922	Kleberg County	2282572444	541041659	881.306	208.897	27.438735	-97.66062                                                                                                               
TX	48275	01383923	Knox County	2203098613	12587673	850.621	4.86	33.61189	-99.730356                                                                                                                      
TX	48277	01383925	Lamar County	2349976646	66748711	907.331	25.772	33.667263	-95.570348                                                                                                                  
TX	48279	01383926	Lamb County	2631897589	3973764	1016.181	1.534	34.068861	-102.348018                                                                                                                   
TX	48281	01383927	Lampasas County	1845440046	2749903	712.528	1.062	31.196731	-98.240889                                                                                                                 
TX	48283	01383924	La Salle County	3850545747	19503739	1486.704	7.53	28.351098	-99.096774                                                                                                                
TX	48285	01383928	Lavaca County	2511535215	1882216	969.709	0.727	29.382578	-96.923633                                                                                                                   
TX	48287	01383929	Lee County	1629204758	13122562	629.04	5.067	30.321498	-96.976823                                                                                                                      
TX	48289	01383930	Leon County	2779462026	19328383	1073.156	7.463	31.300493	-95.995622                                                                                                                   
TX	48291	01383931	Liberty County	3000121460	46620493	1158.353	18.	30.158508	-94.844061                                                                                                                  
TX	48293	01383932	Limestone County	2345053180	71830221	905.43	27.734	31.547543	-96.593623                                                                                                               
TX	48295	01383933	Lipscomb County	2414422645	298741	932.214	0.115	36.2802	-100.272683                                                                                                                   
TX	48297	01383934	Live Oak County	2692796909	101483818	1039.695	39.183	28.351535	-98.126961                                                                                                             
TX	48299	01383935	Llano County	2419217897	82338677	934.065	31.791	30.707584	-98.68469                                                                                                                   
TX	48301	01383936	Loving County	1732230053	19981167	668.818	7.715	31.844936	-103.561229                                                                                                                 
TX	48303	01383937	Lubbock County	2319597736	13210797	895.602	5.101	33.611469	-101.819944                                                                                                                
TX	48305	01383938	Lynn County	2309924847	4169718	891.867	1.61	33.178412	-101.818493                                                                                                                     
TX	48307	01383945	McCulloch County	2759893532	20286193	1065.601	7.833	31.205477	-99.359856                                                                                                              
TX	48309	01383946	McLennan County	2685015343	61002370	1036.69	23.553	31.549596	-97.201511                                                                                                               
TX	48311	01383947	McMullen County	2952066567	43985124	1139.799	16.983	28.384922	-98.578853                                                                                                              
TX	48313	01383939	Madison County	1207103458	16493254	466.065	6.368	30.966878	-95.930372                                                                                                                 
TX	48315	01383940	Marion County	986530318	102099491	380.902	39.421	32.798182	-94.356853                                                                                                                 
TX	48317	01383941	Martin County	2369724590	1931832	914.956	0.746	32.30983	-101.961836                                                                                                                   
TX	48319	01383942	Mason County	2405674102	8755301	928.836	3.38	30.703916	-99.237302                                                                                                                     
TX	48321	01383943	Matagorda County	2831173987	1345214023	1093.122	519.39	28.77476	-96.001532                                                                                                            
TX	48323	01383944	Maverick County	3313828190	31862966	1279.476	12.302	28.729787	-100.316678                                                                                                             
TX	48325	01383948	Medina County	3432668368	23757602	1325.361	9.173	29.353661	-99.111085                                                                                                                 
TX	48327	01383949	Menard County	2336237980	613559	902.027	0.237	30.885268	-99.858861                                                                                                                    
TX	48329	01383950	Midland County	2331915358	4252951	900.358	1.642	31.814269	-102.002454                                                                                                                 
TX	48331	01383951	Milam County	2632349434	11831398	1016.356	4.568	30.791242	-96.984395                                                                                                                  
TX	48333	01383952	Mills County	1937892798	4023558	748.225	1.554	31.494888	-98.594623                                                                                                                    
TX	48335	01383953	Mitchell County	2359720442	12480258	911.093	4.819	32.304117	-100.924392                                                                                                               
TX	48337	01383954	Montague County	2411034611	19087359	930.906	7.37	33.678356	-97.725014                                                                                                                 
TX	48339	01383955	Montgomery County	2699052575	90064391	1042.11	34.774	30.298801	-95.50295                                                                                                              
TX	48341	01383956	Moore County	2330207191	25699789	899.698	9.923	35.835676	-101.890502                                                                                                                  
TX	48343	01383957	Morris County	652649023	17382447	251.989	6.711	33.116466	-94.731265                                                                                                                   
TX	48345	01383958	Motley County	2562963900	644140	989.566	0.249	34.057899	-100.793152                                                                                                                   
TX	48347	01383959	Nacogdoches County	2450966942	89731149	946.324	34.645	31.62056	-94.62025                                                                                                              
TX	48349	01383960	Navarro County	2615116305	197615409	1009.702	76.3	32.048448	-96.476909                                                                                                                
TX	48351	01383961	Newton County	2418212546	15672146	933.677	6.051	30.786718	-93.73925                                                                                                                   
TX	48353	01383962	Nolan County	2362061742	5052159	911.997	1.951	32.312338	-100.418108                                                                                                                   
TX	48355	01383963	Nueces County	2173636003	845192062	839.246	326.33	27.740032	-97.516214                                                                                                                
TX	48357	01383964	Ochiltree County	2376792063	1331778	917.685	0.514	36.278744	-100.815864                                                                                                               
TX	48359	01383965	Oldham County	3886337114	2339716	1500.523	0.903	35.401921	-102.59762                                                                                                                  
TX	48361	01383966	Orange County	864501045	118360262	333.786	45.699	30.122323	-93.8941                                                                                                                   
TX	48363	01383967	Palo Pinto County	2467090694	85364147	952.549	32.959	32.752204	-98.317967                                                                                                             
TX	48365	01383968	Panola County	2101400900	25810623	811.355	9.966	32.163978	-94.305156                                                                                                                  
TX	48367	01383969	Parker County	2340620308	16513787	903.719	6.376	32.777096	-97.805905                                                                                                                  
TX	48369	01383970	Parmer County	2281317978	11355762	880.822	4.384	34.532163	-102.784853                                                                                                                 
TX	48371	01383971	Pecos County	12338274936	2532275	4763.835	0.978	30.773298	-102.718153                                                                                                                 
TX	48373	01383972	Polk County	2737733252	136271620	1057.045	52.615	30.784553	-94.837338                                                                                                                 
TX	48375	01383973	Potter County	2352718727	35190085	908.39	13.587	35.398675	-101.893804                                                                                                                 
TX	48377	01383974	Presidio County	9985057446	1773188	3855.252	0.685	30.005891	-104.261619                                                                                                               
TX	48379	01383975	Rains County	594376473	75984089	229.49	29.338	32.870457	-95.795613                                                                                                                    
TX	48381	01383976	Randall County	2363909286	25203162	912.711	9.731	34.962529	-101.895547                                                                                                                
TX	48383	01383977	Reagan County	3044049119	1792716	1175.314	0.692	31.375191	-101.514395                                                                                                                 
TX	48385	01383978	Real County	1810812879	2346259	699.159	0.906	29.830097	-99.812549                                                                                                                     
TX	48387	01383979	Red River County	2703677244	33255080	1043.896	12.84	33.619625	-95.048429                                                                                                              
TX	48389	01383980	Reeves County	6825534318	17396672	2635.354	6.717	31.308366	-103.712706                                                                                                                
TX	48391	01383981	Refugio County	1995545557	123688759	770.484	47.756	28.322116	-97.162472                                                                                                               
TX	48393	01383982	Roberts County	2393298442	346846	924.058	0.134	35.838596	-100.836682                                                                                                                  
TX	48395	01383983	Robertson County	2214840334	27332985	855.155	10.553	31.025481	-96.514941                                                                                                              
TX	48397	01383984	Rockwall County	329469169	56264592	127.209	21.724	32.899886	-96.41205                                                                                                                 
TX	48399	01383985	Runnels County	2722259323	15604788	1051.07	6.025	31.845119	-99.982715                                                                                                                 
TX	48401	01383986	Rusk County	2393663216	37217198	924.199	14.37	32.109423	-94.756382                                                                                                                    
TX	48403	01383987	Sabine County	1273523416	219936062	491.71	84.918	31.3433	-93.851913                                                                                                                   
TX	48405	01383988	San Augustine County	1374400363	159644688	530.659	61.639	31.382449	-94.16318                                                                                                          
TX	48407	01383989	San Jacinto County	1474332269	151949232	569.243	58.668	30.574388	-95.163136                                                                                                           
TX	48409	01383990	San Patricio County	1795693481	37532483	693.321	14.491	28.011794	-97.517157                                                                                                           
TX	48411	01383991	San Saba County	2940447162	8300211	1135.313	3.205	31.155138	-98.819292                                                                                                                
TX	48413	01383992	Schleicher County	3394546068	87401	1310.642	0.034	30.896233	-100.527216                                                                                                               
TX	48415	01383993	Scurry County	2345090474	5436957	905.445	2.099	32.744353	-100.913346                                                                                                                  
TX	48417	01383994	Shackelford County	2367989254	3268209	914.286	1.262	32.74382	-99.347005                                                                                                               
TX	48419	01383995	Shelby County	2060566466	101081677	795.589	39.028	31.790139	-94.142579                                                                                                                
TX	48421	01383996	Sherman County	2390195607	425429	922.86	0.164	36.278593	-101.899265                                                                                                                   
TX	48423	01383997	Smith County	2386604748	73163264	921.473	28.248	32.375105	-95.268939                                                                                                                  
TX	48425	01383998	Somervell County	482274684	14205924	186.207	5.485	32.218071	-97.769217                                                                                                                
TX	48427	01383999	Starr County	3168019232	15386852	1223.179	5.941	26.530903	-98.740235                                                                                                                  
TX	48429	01384000	Stephens County	2322497231	64147705	896.721	24.768	32.738052	-98.839344                                                                                                               
TX	48431	01384001	Sterling County	2391722770	167451	923.449	0.065	31.835773	-101.054911                                                                                                                 
TX	48433	01384002	Stonewall County	2373238700	10177387	916.313	3.93	33.17958	-100.253807                                                                                                                
TX	48435	01384003	Sutton County	3765674775	1277066	1453.935	0.493	30.522185	-100.513359                                                                                                                 
TX	48437	01384004	Swisher County	2305502705	27277988	890.16	10.532	34.526319	-101.743865                                                                                                                
TX	48439	01384005	Tarrant County	2240985247	99783487	865.249	38.527	32.772119	-97.291224                                                                                                                
TX	48441	01384006	Taylor County	2371228265	9760311	915.536	3.768	32.297126	-99.89043                                                                                                                    
TX	48443	01384007	Terrell County	6107081791	259482	2357.958	0.1	30.232343	-102.072513                                                                                                                   
TX	48445	01384008	Terry County	2302113089	5414060	888.851	2.09	33.171229	-102.339284                                                                                                                    
TX	48447	01384009	Throckmorton County	2363499444	7586186	912.552	2.929	33.170695	-99.205796                                                                                                             
TX	48449	01384010	Titus County	1052317453	50093989	406.302	19.341	33.214599	-94.966783                                                                                                                  
TX	48451	01384011	Tom Green County	3942790948	47251782	1522.32	18.244	31.398295	-100.46385                                                                                                              
TX	48453	01384012	Travis County	2575210710	79595808	994.294	30.732	30.239513	-97.69127                                                                                                                  
TX	48455	01384013	Trinity County	1796920725	52260791	693.795	20.178	31.096675	-95.151687                                                                                                                
TX	48457	01384014	Tyler County	2394158673	29093514	924.39	11.233	30.769295	-94.375656                                                                                                                   
TX	48459	01384015	Upshur County	1509910836	24878112	582.98	9.605	32.735349	-94.941184                                                                                                                   
TX	48461	01384016	Upton County	3215010597	464309	1241.323	0.179	31.353816	-102.041546                                                                                                                   
TX	48463	01384017	Uvalde County	4019458733	17382915	1551.922	6.712	29.350308	-99.768427                                                                                                                 
TX	48465	01384018	Val Verde County	8144863966	227711025	3144.75	87.92	29.875285	-101.143324                                                                                                             
TX	48467	01384019	Van Zandt County	2182250324	44149754	842.572	17.046	32.558787	-95.836906                                                                                                              
TX	48469	01384020	Victoria County	2284593984	17476842	882.087	6.748	28.79637	-96.971198                                                                                                                 
TX	48471	01384021	Walker County	2031126329	44745757	784.222	17.276	30.743163	-95.569825                                                                                                                 
TX	48473	01384022	Waller County	1329431896	11827973	513.297	4.567	30.01359	-95.982149                                                                                                                   
TX	48475	01384023	Ward County	2164201058	624206	835.603	0.241	31.513069	-103.105113                                                                                                                     
TX	48477	01384024	Washington County	1564855487	45471320	604.194	17.557	30.215075	-96.410272                                                                                                             
TX	48479	01384025	Webb County	8706187276	36554554	3361.478	14.114	27.760799	-99.340752                                                                                                                  
TX	48481	01384026	Wharton County	2813095079	21310003	1086.142	8.228	29.27848	-96.229674                                                                                                                 
TX	48483	01384027	Wheeler County	2368629232	2455912	914.533	0.948	35.392593	-100.253107                                                                                                                 
TX	48485	01384028	Wichita County	1625458309	13645835	627.593	5.269	33.988212	-98.70801                                                                                                                  
TX	48487	01384029	Wilbarger County	2514738100	18202665	970.946	7.028	34.08492	-99.24244                                                                                                                 
TX	48489	01384030	Willacy County	1529680708	502856285	590.613	194.154	26.481861	-97.594731                                                                                                              
TX	48491	01384031	Williamson County	2890005224	41559490	1115.837	16.046	30.649082	-97.605065                                                                                                            
TX	48493	01384032	Wilson County	2081662650	12111507	803.734	4.676	29.173883	-98.086734                                                                                                                  
TX	48495	01384033	Winkler County	2178876165	19838	841.269	0.008	31.832862	-103.054925                                                                                                                   
TX	48497	01384034	Wise County	2342372276	47035843	904.395	18.161	33.219095	-97.653997                                                                                                                   
TX	48499	01384035	Wood County	1671172293	130731064	645.243	50.476	32.783588	-95.382166                                                                                                                  
TX	48501	01384036	Yoakum County	2071252477	34329	799.715	0.013	33.162339	-102.832241                                                                                                                    
TX	48503	01384037	Young County	2368539759	42371869	914.498	16.36	33.158778	-98.67839                                                                                                                    
TX	48505	01384038	Zapata County	2585876042	154371160	998.412	59.603	26.996981	-99.182603                                                                                                                
TX	48507	01384039	Zavala County	3360268878	11208707	1297.407	4.328	28.864652	-99.75983                                                                                                                  
